path,status,error,format,width,height,mode,channels,frames,label,class_name,original_split,base_id,augmentations,sha256,pixel_sha256,phash,mean,std,group_id,flags,class_id,source_id,supplied_splits,supplied_row_count,supplied_split_row_counts,assigned_split,split_group_id,is_original,origin,is_anomaly,image_path,role,family,severity,case_id
map-proj-v3_2/ESP_011623_2100_RED-0046.jpg,ok,,JPEG,227.0,227.0,L,1.0,1.0,normal,other,train,esp_011623_2100_red-0046,[],9d64c47531f202efe0b38e8f6c05f7e3c3ea7e7bd7e8d8f6eb937489574a1a63,7b7cd2ff7c2e1a33f0cbe7af9d98a10bcff84488167880f4ef9e0e622f1df2f1,a8bff39ea5b50110,103.05996623260688,17.75609924558901,5d46420004b2349a,[],0.0,esp_011623_2100,['train'],1.0,Counter({'train': 1}),val,eb8c04e9d753e391,True,hirise_clean,0,C:\Users\deves\OneDrive\Desktop\Projects\TCMD-SS\data\raw\hirise_v3_2\map-proj-v3_2\ESP_011623_2100_RED-0046.jpg,calibration_a,clean,0.0,esp_011623_2100_red-0046_clean
map-proj-v3_2/PSP_008462_1440_RED-0009.jpg,ok,,JPEG,227.0,227.0,L,1.0,1.0,normal,crater,val,psp_008462_1440_red-0009,[],6b4902367a5d20238b1d7e1f92bbc803fcf5445ee32306f35c8413ef29b243e1,60fced457b6924c59719823d4aa8c3bd4867f718250273ccbe57dcfc4e40c91f,b8f963c6cc1a72c2,70.78967183527722,18.170293603235937,fcefe70ffd4c2806,[],1.0,psp_008462_1440,['val'],1.0,Counter({'val': 1}),val,59d2c6861deea26d,True,hirise_clean,0,C:\Users\deves\OneDrive\Desktop\Projects\TCMD-SS\data\raw\hirise_v3_2\map-proj-v3_2\PSP_008462_1440_RED-0009.jpg,calibration_a,clean,0.0,psp_008462_1440_red-0009_clean
map-proj-v3_2/ESP_033955_2065_RED-0054.jpg,ok,,JPEG,227.0,227.0,L,1.0,1.0,normal,dark dune,train,esp_033955_2065_red-0054,[],9db4905ddef778b9c5e326672acea4afb0f5048684ad8a08daf80e54bbe309eb,e095e5ec227b04de3cab0bcd6367c196adcc341a582d41fd0fa2a0fc4045d441,eddcb26ac45892a6,49.91313629218498,14.378030768893224,3f0fe2b69b633511,[],2.0,esp_033955_2065,['train'],1.0,Counter({'train': 1}),val,ff393e6c547ee767,True,hirise_clean,0,C:\Users\deves\OneDrive\Desktop\Projects\TCMD-SS\data\raw\hirise_v3_2\map-proj-v3_2\ESP_033955_2065_RED-0054.jpg,calibration_a,clean,0.0,esp_033955_2065_red-0054_clean
map-proj-v3_2/ESP_012700_2025_RED-0016.jpg,ok,,JPEG,227.0,227.0,L,1.0,1.0,normal,slope streak,train,esp_012700_2025_red-0016,[],c2763f3a7559298d0ae0148dc9186f654c63d9a92f77110bca817784b7d6e366,32d7e73fa0c9bc4ed3865b54cc3f5b0766cce74cab73cb4c8d0c54d62d7a2877,a7c09e1ea45887fc,77.43779231112578,22.638132953483147,b3956b4657d285af,[],3.0,esp_012700_2025,['train'],1.0,Counter({'train': 1}),val,43c5a364fd2e03af,True,hirise_clean,0,C:\Users\deves\OneDrive\Desktop\Projects\TCMD-SS\data\raw\hirise_v3_2\map-proj-v3_2\ESP_012700_2025_RED-0016.jpg,calibration_a,clean,0.0,esp_012700_2025_red-0016_clean
map-proj-v3_2/ESP_016631_2535_RED-0038.jpg,ok,,JPEG,227.0,227.0,L,1.0,1.0,normal,bright dune,train,esp_016631_2535_red-0038,[],d9d28284ac5ee7e0967f961b0397f1972c989f1e6be75a61195f499c31e889d0,a8f845085668bf1240de697dc16fcbd712b74d37a4566d5a06a60092a099d421,e4ef9b48cc4233b1,137.49100506510896,18.187458260237857,b2a1058fa211f36d,[],4.0,esp_016631_2535,['train'],1.0,Counter({'train': 1}),val,501845ae468bdee7,True,hirise_clean,0,C:\Users\deves\OneDrive\Desktop\Projects\TCMD-SS\data\raw\hirise_v3_2\map-proj-v3_2\ESP_016631_2535_RED-0038.jpg,calibration_a,clean,0.0,esp_016631_2535_red-0038_clean
map-proj-v3_2/ESP_046549_1790_RED-0109.jpg,ok,,JPEG,227.0,227.0,L,1.0,1.0,normal,impact ejecta,train,esp_046549_1790_red-0109,[],5462d265b28fec66fe2a57f534be1aa61dae96abe244ba07009409b74264a7cc,2e8ab9a8b5712fb0d0311baa4c3ba965b450ef8c988d984440ee359cfc1fca90,fa7e9b3870c19924,108.04193754972928,15.683053488424385,64db8efd5de275cf,[],5.0,esp_046549_1790,['train'],2.0,Counter({'train': 2}),val,1a05a783ca59cf66,True,hirise_clean,0,C:\Users\deves\OneDrive\Desktop\Projects\TCMD-SS\data\raw\hirise_v3_2\map-proj-v3_2\ESP_046549_1790_RED-0109.jpg,calibration_a,clean,0.0,esp_046549_1790_red-0109_clean
map-proj-v3_2/ESP_040664_1050_RED-0040.jpg,ok,,JPEG,227.0,227.0,L,1.0,1.0,normal,spider,val,esp_040664_1050_red-0040,[],e56a48d4b9f00dcef119aee11d020648cbbd4eff1f1fdce929868b7507b0f5cb,2466854ce384dbdcf465b4360c5d1c7ba1cb568ca1c13947768754ead3e88d58,89c3f0dc72d46aaa,59.47476178462613,40.31135287288067,b3cee37f2e461039,[],7.0,esp_040664_1050,['val'],1.0,Counter({'val': 1}),val,146721ebbbcd68c2,True,hirise_clean,0,C:\Users\deves\OneDrive\Desktop\Projects\TCMD-SS\data\raw\hirise_v3_2\map-proj-v3_2\ESP_040664_1050_RED-0040.jpg,calibration_a,clean,0.0,esp_040664_1050_red-0040_clean
map-proj-v3_2/ESP_016648_1665_RED-0320.jpg,ok,,JPEG,227.0,227.0,L,1.0,1.0,normal,other,test,esp_016648_1665_red-0320,[],61b06e3977688b9d0f8cffc1a382402e179ce18bb6e949c33fbd55bc1fda415b,d8567b4e4e8eef21a818091efedbee5cb8e5ff21a22b651727014b2123c9a35b,944db96be9d201f2,107.03508703836674,24.143825421335933,5d5894bc6913fbe7,[],0.0,esp_016648_1665,['test'],1.0,Counter({'test': 1}),val,59d2c6861deea26d,True,hirise_clean,0,C:\Users\deves\OneDrive\Desktop\Projects\TCMD-SS\data\raw\hirise_v3_2\map-proj-v3_2\ESP_016648_1665_RED-0320.jpg,calibration_a,clean,0.0,esp_016648_1665_red-0320_clean
map-proj-v3_2/ESP_025163_1890_RED-0107.jpg,ok,,JPEG,227.0,227.0,L,1.0,1.0,normal,crater,train,esp_025163_1890_red-0107,[],04278ae702496944f61ccb45249b1543e8dbd7f6816cd7441c1e8aa32e4c443f,fc7c2189c35f3169939a874b154831451c95fa7107837e512e2eb0afcd35f161,bffa01875225c993,166.56249878709076,15.99833275280692,90fa20beb4ab3b7c,[],1.0,esp_025163_1890,['train'],1.0,Counter({'train': 1}),val,59d2c6861deea26d,True,hirise_clean,0,C:\Users\deves\OneDrive\Desktop\Projects\TCMD-SS\data\raw\hirise_v3_2\map-proj-v3_2\ESP_025163_1890_RED-0107.jpg,calibration_a,clean,0.0,esp_025163_1890_red-0107_clean
map-proj-v3_2/ESP_033955_2065_RED-0030.jpg,ok,,JPEG,227.0,227.0,L,1.0,1.0,normal,dark dune,train,esp_033955_2065_red-0030,[],5880e2b6d734de5aa27c61821e1a64add96a2f023ef04fcf1b3bbd9e8f47b93f,f6df2f829dc6e12b4e180d45ec5980d8d64752f12688891e7681017142a856f0,f4c281c7cfd99286,37.33348211686623,32.9154680875207,dd7275e6550a4bac,[],2.0,esp_033955_2065,['train'],1.0,Counter({'train': 1}),val,ff393e6c547ee767,True,hirise_clean,0,C:\Users\deves\OneDrive\Desktop\Projects\TCMD-SS\data\raw\hirise_v3_2\map-proj-v3_2\ESP_033955_2065_RED-0030.jpg,calibration_a,clean,0.0,esp_033955_2065_red-0030_clean
map-proj-v3_2/ESP_012700_2025_RED-0017.jpg,ok,,JPEG,227.0,227.0,L,1.0,1.0,normal,slope streak,train,esp_012700_2025_red-0017,[],52aa476d6160defa7b60ed220defb8c4c18a094f46d2e79b87f4c68200d7f9d7,197cf2a71f6842504cc42df86d08a8a13e689b45cb35d9806a0fb5c5aadfb6e8,a8a4cabb72ccdc91,90.1909604300491,17.9549489749974,29a2864a2b748900,[],3.0,esp_012700_2025,['train'],1.0,Counter({'train': 1}),val,43c5a364fd2e03af,True,hirise_clean,0,C:\Users\deves\OneDrive\Desktop\Projects\TCMD-SS\data\raw\hirise_v3_2\map-proj-v3_2\ESP_012700_2025_RED-0017.jpg,calibration_a,clean,0.0,esp_012700_2025_red-0017_clean
map-proj-v3_2/ESP_016631_2535_RED-0103.jpg,ok,,JPEG,227.0,227.0,L,1.0,1.0,normal,bright dune,train,esp_016631_2535_red-0103,[],130225e207c13a7886b60f5f89be5ac7532a08273c29913a57c1be98d8f96f1b,b87355cabfc76216e2d26c515e5e8f9c77830d978c1f0b3e854fd8919120e9b4,eca293b9ccc63351,140.2702749907819,19.90020751742584,79a9d51e9250338e,[],4.0,esp_016631_2535,['train'],1.0,Counter({'train': 1}),val,501845ae468bdee7,True,hirise_clean,0,C:\Users\deves\OneDrive\Desktop\Projects\TCMD-SS\data\raw\hirise_v3_2\map-proj-v3_2\ESP_016631_2535_RED-0103.jpg,calibration_a,clean,0.0,esp_016631_2535_red-0103_clean
map-proj-v3_2/ESP_046549_1790_RED-0052.jpg,ok,,JPEG,227.0,227.0,L,1.0,1.0,normal,impact ejecta,train,esp_046549_1790_red-0052,[],c25f60dfb7e389b1eb00cd58a0bebecbebc61a33e92edb8d2385593a95bbb74d,06eada0931c59f02b5e549aa490bc56ed79a1360d874d5886737858eee43637a,a36c9a336136966d,133.4811465388422,21.563427989312903,92a28e8c24a6fd8d,[],5.0,esp_046549_1790,['train'],2.0,Counter({'train': 2}),val,1a05a783ca59cf66,True,hirise_clean,0,C:\Users\deves\OneDrive\Desktop\Projects\TCMD-SS\data\raw\hirise_v3_2\map-proj-v3_2\ESP_046549_1790_RED-0052.jpg,calibration_a,clean,0.0,esp_046549_1790_red-0052_clean
map-proj-v3_2/ESP_011623_2100_RED-0356.jpg,ok,,JPEG,227.0,227.0,L,1.0,1.0,normal,other,train,esp_011623_2100_red-0356,[],56acf5dd88d7a467c1494456226886d02512ecf460ffa88141060ebb76467791,c8c04d02181e9c062145ec8c6c07450fc00d6d163be65d6443d820947010a395,aa96d612399caa1f,99.57272603776514,18.41870908935005,ccd4da24eae3ecbe,[],0.0,esp_011623_2100,['train'],1.0,Counter({'train': 1}),val,eb8c04e9d753e391,True,hirise_clean,0,C:\Users\deves\OneDrive\Desktop\Projects\TCMD-SS\data\raw\hirise_v3_2\map-proj-v3_2\ESP_011623_2100_RED-0356.jpg,calibration_a,clean,0.0,esp_011623_2100_red-0356_clean
map-proj-v3_2/ESP_026472_1410_RED-0306.jpg,ok,,JPEG,227.0,227.0,L,1.0,1.0,normal,crater,train,esp_026472_1410_red-0306,[],eb8a69184faa21afc034727ad5873418a117dfdb38b32001cef009f538277407,91e6286e202c7c7d6ce92c29c21fcf990903754ad803f6cabe45825874ca64c5,db29263c310ff067,77.28502396708649,55.58436984502594,550e00dc2ba78c57,[],1.0,esp_026472_1410,['train'],1.0,Counter({'train': 1}),val,59d2c6861deea26d,True,hirise_clean,0,C:\Users\deves\OneDrive\Desktop\Projects\TCMD-SS\data\raw\hirise_v3_2\map-proj-v3_2\ESP_026472_1410_RED-0306.jpg,calibration_a,clean,0.0,esp_026472_1410_red-0306_clean
map-proj-v3_2/ESP_033955_2065_RED-0046.jpg,ok,,JPEG,227.0,227.0,L,1.0,1.0,normal,dark dune,train,esp_033955_2065_red-0046,[],97bd6044dfe4a6ba4daa8091ade713eef98d7168ff2d1187f9b9a097196e1b45,fdec44d67a272c19172dd2dde8760ead13e90089d29b17a9e209cf119d2d46db,b2664cd982e6cfc1,50.85495546197287,13.680006530927932,a75aca2bccb77624,[],2.0,esp_033955_2065,['train'],1.0,Counter({'train': 1}),val,ff393e6c547ee767,True,hirise_clean,0,C:\Users\deves\OneDrive\Desktop\Projects\TCMD-SS\data\raw\hirise_v3_2\map-proj-v3_2\ESP_033955_2065_RED-0046.jpg,calibration_a,clean,0.0,esp_033955_2065_red-0046_clean
map-proj-v3_2/ESP_012700_2025_RED-0079.jpg,ok,,JPEG,227.0,227.0,L,1.0,1.0,normal,slope streak,train,esp_012700_2025_red-0079,[],2fd11e357f4a22ea4284ade5eb2d32e77ec1f1ef3ca515052adfe9e343c69174,335a6bb0d16927045f4b552fa77b19729d260bc76f6048be50d756a728b5092e,e9263396dbc1296c,105.3024898600788,28.80661375032923,678ca517d0d276de,[],3.0,esp_012700_2025,['train'],1.0,Counter({'train': 1}),val,43c5a364fd2e03af,True,hirise_clean,0,C:\Users\deves\OneDrive\Desktop\Projects\TCMD-SS\data\raw\hirise_v3_2\map-proj-v3_2\ESP_012700_2025_RED-0079.jpg,calibration_a,clean,0.0,esp_012700_2025_red-0079_clean
map-proj-v3_2/ESP_016631_2535_RED-0167.jpg,ok,,JPEG,227.0,227.0,L,1.0,1.0,normal,bright dune,train,esp_016631_2535_red-0167,[],133c3ed602ca0bc98fc0245f832bc8069b18a6a65312cbbff40f9e74c2af9fe9,b3b8a1acd3d233e2769f5fb4b23f13abf859258197ed69b09e7911ed127cb4fa,821ffca8ae227533,121.06887383803296,62.07989169791895,2d549e099a6c3e94,[],4.0,esp_016631_2535,['train'],1.0,Counter({'train': 1}),val,501845ae468bdee7,True,hirise_clean,0,C:\Users\deves\OneDrive\Desktop\Projects\TCMD-SS\data\raw\hirise_v3_2\map-proj-v3_2\ESP_016631_2535_RED-0167.jpg,calibration_a,clean,0.0,esp_016631_2535_red-0167_clean
map-proj-v3_2/ESP_046549_1790_RED-0002.jpg,ok,,JPEG,227.0,227.0,L,1.0,1.0,normal,impact ejecta,train,esp_046549_1790_red-0002,[],33d7c26a7ffaef886f3e00bf3824d59ae3e91ef78661a9e465192932234fda78,960e8907e257053be0927e79d0ecee6efd6e3ddaa19de3a9d433e406a1849ca1,b782599867a36e94,111.62201866909896,35.34909725601698,7c569eddccc100ce,[],5.0,esp_046549_1790,['train'],2.0,Counter({'train': 2}),val,1a05a783ca59cf66,True,hirise_clean,0,C:\Users\deves\OneDrive\Desktop\Projects\TCMD-SS\data\raw\hirise_v3_2\map-proj-v3_2\ESP_046549_1790_RED-0002.jpg,calibration_a,clean,0.0,esp_046549_1790_red-0002_clean
map-proj-v3_2/PSP_008462_1440_RED-0039.jpg,ok,,JPEG,227.0,227.0,L,1.0,1.0,normal,other,val,psp_008462_1440_red-0039,[],761143ed4e5a6b755d6ceb054cced6a00da0d0ac60c40398fcf3e7cbd2f0ea58,ccbbe0be0d49bb7d02dc52e779f34bc7b8ded0f5db88945ede5c92ccf5fa48f9,f3932c99d3664499,74.99402278328708,17.8186215260686,a1cad7a90201ffb9,[],0.0,psp_008462_1440,['val'],1.0,Counter({'val': 1}),val,59d2c6861deea26d,True,hirise_clean,0,C:\Users\deves\OneDrive\Desktop\Projects\TCMD-SS\data\raw\hirise_v3_2\map-proj-v3_2\PSP_008462_1440_RED-0039.jpg,calibration_a,clean,0.0,psp_008462_1440_red-0039_clean
map-proj-v3_2/ESP_026472_1410_RED-0243.jpg,ok,,JPEG,227.0,227.0,L,1.0,1.0,normal,crater,train,esp_026472_1410_red-0243,[],47259d9221c7a8095878a180dc797a026f8e32be9cce06ba895addb07984c4a6,a701bb13e584bde0aef14e19d63dd19200a02123d055e5379b414c90dc9223e0,d6aa152a462f5f98,89.32884395194938,20.405035615101824,d4586bcb98cfb46a,[],1.0,esp_026472_1410,['train'],1.0,Counter({'train': 1}),val,59d2c6861deea26d,True,hirise_clean,0,C:\Users\deves\OneDrive\Desktop\Projects\TCMD-SS\data\raw\hirise_v3_2\map-proj-v3_2\ESP_026472_1410_RED-0243.jpg,calibration_a,clean,0.0,esp_026472_1410_red-0243_clean
map-proj-v3_2/ESP_033955_2065_RED-0024.jpg,ok,,JPEG,227.0,227.0,L,1.0,1.0,normal,dark dune,train,esp_033955_2065_red-0024,[],3f8fb911df15e2f638d5d1e38a21125047875767b723679f6bbb899cf4416c16,53c69a532052ceb7a5d7d3953a66ca49ed91fb139c600f5f9bff043ef3790021,c17c3e64e1ca9a96,51.20378815812455,32.59124771639787,6b0f19f17a1951e2,[],2.0,esp_033955_2065,['train'],1.0,Counter({'train': 1}),val,ff393e6c547ee767,True,hirise_clean,0,C:\Users\deves\OneDrive\Desktop\Projects\TCMD-SS\data\raw\hirise_v3_2\map-proj-v3_2\ESP_033955_2065_RED-0024.jpg,calibration_a,clean,0.0,esp_033955_2065_red-0024_clean
map-proj-v3_2/ESP_012700_2025_RED-0040.jpg,ok,,JPEG,227.0,227.0,L,1.0,1.0,normal,slope streak,train,esp_012700_2025_red-0040,[],c0893e0892f9134201b5deb35ebc1b30cc076e557e964f1b550041a43e1f46d5,3ee6288770973563657188a131135aa090cdf4740a460f5e7dd14dc551a56dae,80d4dfbd3f84d00e,104.563236235906,42.43061128186977,b3f54ee11dc22a5f,[],3.0,esp_012700_2025,['train'],1.0,Counter({'train': 1}),val,43c5a364fd2e03af,True,hirise_clean,0,C:\Users\deves\OneDrive\Desktop\Projects\TCMD-SS\data\raw\hirise_v3_2\map-proj-v3_2\ESP_012700_2025_RED-0040.jpg,calibration_a,clean,0.0,esp_012700_2025_red-0040_clean
map-proj-v3_2/ESP_016631_2535_RED-0055.jpg,ok,,JPEG,227.0,227.0,L,1.0,1.0,normal,bright dune,train,esp_016631_2535_red-0055,[],f41025353eeb131afcf5665555aad02e152703df940f538c1919ada3daea80d1,c0a6314eb4349532844aeab0de20d9a9174f12c0d6e15cb3b443c2f9bb9bfa9e,ace3931c45fc13d8,141.48252440373383,17.03528758142139,79335fce86a3960c,[],4.0,esp_016631_2535,['train'],1.0,Counter({'train': 1}),val,501845ae468bdee7,True,hirise_clean,0,C:\Users\deves\OneDrive\Desktop\Projects\TCMD-SS\data\raw\hirise_v3_2\map-proj-v3_2\ESP_016631_2535_RED-0055.jpg,calibration_a,clean,0.0,esp_016631_2535_red-0055_clean
map-proj-v3_2/ESP_046549_1790_RED-0153.jpg,ok,,JPEG,227.0,227.0,L,1.0,1.0,normal,impact ejecta,train,esp_046549_1790_red-0153,[],b3c0a69e4cfe48e717cd3434da6567f7b627019c133672d1d510bba1ad94b0e7,bb0151ed290d800942ccb286dd06d79375f1e92c551c1b4a84d19023815156d8,80f08fd97139b366,85.50070833899358,34.63399035819929,a7e6f24afd3fff41,[],5.0,esp_046549_1790,['train'],2.0,Counter({'train': 2}),val,1a05a783ca59cf66,True,hirise_clean,0,C:\Users\deves\OneDrive\Desktop\Projects\TCMD-SS\data\raw\hirise_v3_2\map-proj-v3_2\ESP_046549_1790_RED-0153.jpg,calibration_a,clean,0.0,esp_046549_1790_red-0153_clean
map-proj-v3_2/ESP_028329_1350_RED-0320.jpg,ok,,JPEG,227.0,227.0,L,1.0,1.0,normal,other,train,esp_028329_1350_red-0320,[],43019c177b4de2a48a66862a50f39df141750f25e1061a0e27b84c8870123bac,2dbd7d8445c165310fd7d513f7703ee65d4efa201870e769cd35d2b8eaa61f10,d61c4b7821f52bc5,149.6948708494246,14.435852101332516,1ae7837f8cd1973b,[],0.0,esp_028329_1350,['train'],1.0,Counter({'train': 1}),val,0a78d2ee17f9e0b7,True,hirise_clean,0,C:\Users\deves\OneDrive\Desktop\Projects\TCMD-SS\data\raw\hirise_v3_2\map-proj-v3_2\ESP_028329_1350_RED-0320.jpg,calibration_a,clean,0.0,esp_028329_1350_red-0320_clean
map-proj-v3_2/ESP_011623_2100_RED-0015.jpg,ok,,JPEG,227.0,227.0,L,1.0,1.0,normal,crater,train,esp_011623_2100_red-0015,[],80702887c31cdd22843b67918c018681436e25218fb5b84bdb5475f54111a74f,d0a861896b5a88a8aa35f6fe703eced52d61107b2739d2cde65b1264b0f0f3b8,a80ea3d9ce6719cc,99.70146907566613,18.45125285065055,3de698e5fc16a0ee,[],1.0,esp_011623_2100,['train'],1.0,Counter({'train': 1}),val,eb8c04e9d753e391,True,hirise_clean,0,C:\Users\deves\OneDrive\Desktop\Projects\TCMD-SS\data\raw\hirise_v3_2\map-proj-v3_2\ESP_011623_2100_RED-0015.jpg,calibration_a,clean,0.0,esp_011623_2100_red-0015_clean
map-proj-v3_2/ESP_033955_2065_RED-0048.jpg,ok,,JPEG,227.0,227.0,L,1.0,1.0,normal,dark dune,train,esp_033955_2065_red-0048,[],c902f16ed83d1c39b80ac9f7204bbb0d3080a236b63e0dbb8730296c95d4d808,8f65a576e449e149c3e9b6b722a6619882460015fd904d89f9bbb31586637eb6,dbb146d4d992d189,49.11781715150692,21.115461465038987,7c5bd67cd658b091,[],2.0,esp_033955_2065,['train'],1.0,Counter({'train': 1}),val,ff393e6c547ee767,True,hirise_clean,0,C:\Users\deves\OneDrive\Desktop\Projects\TCMD-SS\data\raw\hirise_v3_2\map-proj-v3_2\ESP_033955_2065_RED-0048.jpg,calibration_a,clean,0.0,esp_033955_2065_red-0048_clean
map-proj-v3_2/ESP_012700_2025_RED-0012.jpg,ok,,JPEG,227.0,227.0,L,1.0,1.0,normal,slope streak,train,esp_012700_2025_red-0012,[],64286241d5586e39cd869a680ddba815cbfc53ec5dd53733ad33ff824bcc0f3f,8001769d26b798f402a326768648e8caa8616e391ffdd051c0e0786047933475,97e02ecbaba5cc84,59.42671117234955,23.64800525601865,13f0549cc3cbcafc,[],3.0,esp_012700_2025,['train'],1.0,Counter({'train': 1}),val,43c5a364fd2e03af,True,hirise_clean,0,C:\Users\deves\OneDrive\Desktop\Projects\TCMD-SS\data\raw\hirise_v3_2\map-proj-v3_2\ESP_012700_2025_RED-0012.jpg,calibration_a,clean,0.0,esp_012700_2025_red-0012_clean
map-proj-v3_2/ESP_016683_2535_RED-0067.jpg,ok,,JPEG,227.0,227.0,L,1.0,1.0,normal,bright dune,train,esp_016683_2535_red-0067,[],1edfed2d7fb5c94a51c350c982fb43cdba7ce635938bed1fc9674475ab19bf03,6ad3300e0bcaee015ec358eb31fd39b3c901a831460bf0c4ecee384efb33e5bb,87e0b6c9993665cc,143.50495837295503,73.99244640030204,045e289fcdeafd69,[],4.0,esp_016683_2535,['train'],1.0,Counter({'train': 1}),val,501845ae468bdee7,True,hirise_clean,0,C:\Users\deves\OneDrive\Desktop\Projects\TCMD-SS\data\raw\hirise_v3_2\map-proj-v3_2\ESP_016683_2535_RED-0067.jpg,calibration_a,clean,0.0,esp_016683_2535_red-0067_clean
map-proj-v3_2/ESP_046549_1790_RED-0141.jpg,ok,,JPEG,227.0,227.0,L,1.0,1.0,normal,impact ejecta,train,esp_046549_1790_red-0141,[],86566ae816c58e9e21e1072b70519c728371cee207db8c1c8c6965afd631866c,af8c5ff780bc87d4aa2922b5a1aaa95aaf58ec1e3b06a6eefd770a76d1f2d853,e40492db616ebc73,111.72396126453066,27.730228021074268,b2a58d8f13416b22,[],5.0,esp_046549_1790,['train'],2.0,Counter({'train': 2}),val,1a05a783ca59cf66,True,hirise_clean,0,C:\Users\deves\OneDrive\Desktop\Projects\TCMD-SS\data\raw\hirise_v3_2\map-proj-v3_2\ESP_046549_1790_RED-0141.jpg,calibration_a,clean,0.0,esp_046549_1790_red-0141_clean
map-proj-v3_2/PSP_006879_2335_RED-0973.jpg,ok,,JPEG,227.0,227.0,L,1.0,1.0,normal,other,train,psp_006879_2335_red-0973,[],ad8c03c73d3625a501fe93d85afd9b33e5e98774ec0eec9e9f98250c3c64ed54,81aa57cb66d873b08a7010cfd9250c1b6a6969f35fafe792633aab726316d871,f227ad071333f905,98.74773428554796,12.269506059315704,47b32c9f46bc6d70,[],0.0,psp_006879_2335,['train'],1.0,Counter({'train': 1}),val,59d2c6861deea26d,True,hirise_clean,0,C:\Users\deves\OneDrive\Desktop\Projects\TCMD-SS\data\raw\hirise_v3_2\map-proj-v3_2\PSP_006879_2335_RED-0973.jpg,calibration_a,clean,0.0,psp_006879_2335_red-0973_clean
map-proj-v3_2/ESP_011623_2100_RED-0309.jpg,ok,,JPEG,227.0,227.0,L,1.0,1.0,normal,crater,train,esp_011623_2100_red-0309,[],fca1b1f8ce73691d8e74bcbc6521d18cb60a45e9a031e82a3d834bed57eb815d,4967cc795dd25dfa7f00527cd5242f9e83b8f939bae9f8e18c642130a57f4e88,a5f2138a74929b5d,92.1433561683712,17.469327285165743,ffffcb7914c7f8a3,[],1.0,esp_011623_2100,['train'],1.0,Counter({'train': 1}),val,eb8c04e9d753e391,True,hirise_clean,0,C:\Users\deves\OneDrive\Desktop\Projects\TCMD-SS\data\raw\hirise_v3_2\map-proj-v3_2\ESP_011623_2100_RED-0309.jpg,calibration_a,clean,0.0,esp_011623_2100_red-0309_clean
map-proj-v3_2/ESP_033955_2065_RED-0022.jpg,ok,,JPEG,227.0,227.0,L,1.0,1.0,normal,dark dune,train,esp_033955_2065_red-0022,[],967e2c46628cef2cb5ad8bb5ea06f0d633823a2c3908777988089d9f9b8426d8,f7299e15e72de984b7e2ea7740905f97a4e0fced7de8e8524e67f290a59b9f21,d57a6b841f60479c,35.86805488171709,13.897251967223642,ce2f47fb67d37ca6,[],2.0,esp_033955_2065,['train'],1.0,Counter({'train': 1}),val,ff393e6c547ee767,True,hirise_clean,0,C:\Users\deves\OneDrive\Desktop\Projects\TCMD-SS\data\raw\hirise_v3_2\map-proj-v3_2\ESP_033955_2065_RED-0022.jpg,calibration_a,clean,0.0,esp_033955_2065_red-0022_clean
map-proj-v3_2/ESP_012700_2025_RED-0027.jpg,ok,,JPEG,227.0,227.0,L,1.0,1.0,normal,slope streak,train,esp_012700_2025_red-0027,[],1e162a26be7088d359fe5fc38fc788aee74f542573944ec9cacabac2230c99a3,2eb00a4f6071efafddab53a073b9a24efc3416fa309eecc0f61a0ea6b57abaeb,e63399cc66338c36,132.3176657804343,23.39578569965837,e3847ac0a5f39519,[],3.0,esp_012700_2025,['train'],1.0,Counter({'train': 1}),val,43c5a364fd2e03af,True,hirise_clean,0,C:\Users\deves\OneDrive\Desktop\Projects\TCMD-SS\data\raw\hirise_v3_2\map-proj-v3_2\ESP_012700_2025_RED-0027.jpg,calibration_a,clean,0.0,esp_012700_2025_red-0027_clean
map-proj-v3_2/ESP_016631_2535_RED-0148.jpg,ok,,JPEG,227.0,227.0,L,1.0,1.0,normal,bright dune,train,esp_016631_2535_red-0148,[],070315fafa8f34f758c9cc12ea2e8a53a4d10f585878f533332001bc91616dd8,e979ca89448f2f26e71b1a348a1ff1d986c2d8eaf73d6bae38b517097cdd4950,af609b90ed02f29d,161.652622794931,14.94803820390681,e8b512dcbda065f0,[],4.0,esp_016631_2535,['train'],1.0,Counter({'train': 1}),val,501845ae468bdee7,True,hirise_clean,0,C:\Users\deves\OneDrive\Desktop\Projects\TCMD-SS\data\raw\hirise_v3_2\map-proj-v3_2\ESP_016631_2535_RED-0148.jpg,calibration_a,clean,0.0,esp_016631_2535_red-0148_clean
map-proj-v3_2/ESP_046549_1790_RED-0046.jpg,ok,,JPEG,227.0,227.0,L,1.0,1.0,normal,impact ejecta,train,esp_046549_1790_red-0046,[],663d935cd984bc2f197d92dc6dfb9d03788635288fa95973038aeb582bf3da79,adc6a55cfb4e2434ca59a9fb91510f711462ad6346360b6ccd3b3b0acaf16ee4,a3371b6d86b72223,115.18705971394748,15.758743068690276,d40fee25a12c3404,[],5.0,esp_046549_1790,['train'],2.0,Counter({'train': 2}),val,1a05a783ca59cf66,True,hirise_clean,0,C:\Users\deves\OneDrive\Desktop\Projects\TCMD-SS\data\raw\hirise_v3_2\map-proj-v3_2\ESP_046549_1790_RED-0046.jpg,calibration_a,clean,0.0,esp_046549_1790_red-0046_clean
map-proj-v3_2/PSP_008462_1440_RED-0318.jpg,ok,,JPEG,227.0,227.0,L,1.0,1.0,normal,other,val,psp_008462_1440_red-0318,[],e5d3a187d17c3ceca4a3044fb3dd5664c6366c2400ad1e6c0231b961b80d2341,dbb6e2983b5f974513513651479edefb7b561ab13d425c6ce882be46d4061903,e389c4cd93276c8d,85.64107589900833,16.342648545357463,00368ef43d16b3fb,[],0.0,psp_008462_1440,['val'],1.0,Counter({'val': 1}),val,59d2c6861deea26d,True,hirise_clean,0,C:\Users\deves\OneDrive\Desktop\Projects\TCMD-SS\data\raw\hirise_v3_2\map-proj-v3_2\PSP_008462_1440_RED-0318.jpg,calibration_a,clean,0.0,psp_008462_1440_red-0318_clean
map-proj-v3_2/ESP_026472_1410_RED-0091.jpg,ok,,JPEG,227.0,227.0,L,1.0,1.0,normal,crater,train,esp_026472_1410_red-0091,[],7a3e155dbc0febfccfe09ad759ae3a842b2ef1e9415b077945d2b96d7d3e945b,53e8b06e476c582e013e515cb0bd6e5c80eab4b52a423326b6d7dad44ae298ec,e3032cc37f3899b2,81.29385394632149,21.144906595202706,8d87a67b68f8dd6a,[],1.0,esp_026472_1410,['train'],1.0,Counter({'train': 1}),val,59d2c6861deea26d,True,hirise_clean,0,C:\Users\deves\OneDrive\Desktop\Projects\TCMD-SS\data\raw\hirise_v3_2\map-proj-v3_2\ESP_026472_1410_RED-0091.jpg,calibration_a,clean,0.0,esp_026472_1410_red-0091_clean
map-proj-v3_2/ESP_033955_2065_RED-0051.jpg,ok,,JPEG,227.0,227.0,L,1.0,1.0,normal,dark dune,train,esp_033955_2065_red-0051,[],26a5eeee70095fba900cd5135c0954ab237ede19777030fb526e953d20b58c88,a9bfcd0f0d3078773d707bbdc77f17dc98acdc5964546d43212b617156fb5ffd,e7ccd9b3045a92b4,69.06398338799511,25.735837421232745,b47f933c884916ea,[],2.0,esp_033955_2065,['train'],1.0,Counter({'train': 1}),val,ff393e6c547ee767,True,hirise_clean,0,C:\Users\deves\OneDrive\Desktop\Projects\TCMD-SS\data\raw\hirise_v3_2\map-proj-v3_2\ESP_033955_2065_RED-0051.jpg,calibration_a,clean,0.0,esp_033955_2065_red-0051_clean
map-proj-v3_2/ESP_012700_2025_RED-0078.jpg,ok,,JPEG,227.0,227.0,L,1.0,1.0,normal,slope streak,train,esp_012700_2025_red-0078,[],79589e72ddc3bd102fa8a2c03ee2f7b3a733db31a422cc3bb7da3bb6da404fd4,8510b63b27d5528853530ddb159a60e519bcd53a504e2a26ad06d2efacb3ecf4,be8c8b93f2c43c38,118.99396456364376,20.55529508633874,4af17890e8dc01eb,[],3.0,esp_012700_2025,['train'],1.0,Counter({'train': 1}),val,43c5a364fd2e03af,True,hirise_clean,0,C:\Users\deves\OneDrive\Desktop\Projects\TCMD-SS\data\raw\hirise_v3_2\map-proj-v3_2\ESP_012700_2025_RED-0078.jpg,calibration_a,clean,0.0,esp_012700_2025_red-0078_clean
map-proj-v3_2/ESP_016631_2535_RED-0107.jpg,ok,,JPEG,227.0,227.0,L,1.0,1.0,normal,bright dune,train,esp_016631_2535_red-0107,[],0e2732e58c99f09238c3410cd7cfd4bdd11c033a3dae832452c7d25e7f13bfa0,71c7fa201bc5f1aa2587cc4f2268575c88022b8a511d41a3ae096e2830747c45,aec21b08cc3731fd,138.96524287294534,23.56891133005602,aa1fd27ab5c3cec1,[],4.0,esp_016631_2535,['train'],1.0,Counter({'train': 1}),val,501845ae468bdee7,True,hirise_clean,0,C:\Users\deves\OneDrive\Desktop\Projects\TCMD-SS\data\raw\hirise_v3_2\map-proj-v3_2\ESP_016631_2535_RED-0107.jpg,calibration_a,clean,0.0,esp_016631_2535_red-0107_clean
map-proj-v3_2/ESP_046549_1790_RED-0169.jpg,ok,,JPEG,227.0,227.0,L,1.0,1.0,normal,impact ejecta,train,esp_046549_1790_red-0169,[],70e007bda2596b605ef06d0904d8680e8598c70c5cf30c0fb7e1b634d0d73f7a,63fcd9e67f2da64e28ea5ee53f39147076da0372964faf52ebf0b663d2bd28cf,c6b1310976eb9ccc,104.99813697141416,17.650760257757376,d8440814f1e2884a,[],5.0,esp_046549_1790,['train'],2.0,Counter({'train': 2}),val,1a05a783ca59cf66,True,hirise_clean,0,C:\Users\deves\OneDrive\Desktop\Projects\TCMD-SS\data\raw\hirise_v3_2\map-proj-v3_2\ESP_046549_1790_RED-0169.jpg,calibration_a,clean,0.0,esp_046549_1790_red-0169_clean
map-proj-v3_2/PSP_006879_2335_RED-0301.jpg,ok,,JPEG,227.0,227.0,L,1.0,1.0,normal,other,train,psp_006879_2335_red-0301,[],a9db3b4633a9e96dc26ba6b0748059e316077ac949a142f111f636ebfdc01a93,f103b46f1e2342c2cf9157ca0890193d7d03ba0ba3fea0526436559c6fb49616,83e0bcf1c2d2ee61,131.60171942013235,60.58346513446193,6749872f9b1218a7,[],0.0,psp_006879_2335,['train'],1.0,Counter({'train': 1}),val,59d2c6861deea26d,True,hirise_clean,0,C:\Users\deves\OneDrive\Desktop\Projects\TCMD-SS\data\raw\hirise_v3_2\map-proj-v3_2\PSP_006879_2335_RED-0301.jpg,calibration_a,clean,0.0,psp_006879_2335_red-0301_clean
map-proj-v3_2/ESP_011623_2100_RED-0078.jpg,ok,,JPEG,227.0,227.0,L,1.0,1.0,normal,crater,train,esp_011623_2100_red-0078,[],642c0a2482cfd113c60d1cec0553b7526adba3c337b1a9e5f413f97df4c8a7ea,c6bc2c6f6154d3ce464bade47d5826115ac044f65efd0279e1e6321132f1b999,87e178cb59f33282,79.57932426400667,45.1824211730994,ae2521df45f124dd,[],1.0,esp_011623_2100,['train'],1.0,Counter({'train': 1}),val,eb8c04e9d753e391,True,hirise_clean,0,C:\Users\deves\OneDrive\Desktop\Projects\TCMD-SS\data\raw\hirise_v3_2\map-proj-v3_2\ESP_011623_2100_RED-0078.jpg,calibration_a,clean,0.0,esp_011623_2100_red-0078_clean
map-proj-v3_2/ESP_033955_2065_RED-0037.jpg,ok,,JPEG,227.0,227.0,L,1.0,1.0,normal,dark dune,train,esp_033955_2065_red-0037,[],fee83884fb5a3a401990c86eac71c4602ba2eb868828f27b64bb4cdf4bfe8ed3,31f6b5bf324f92de22ef353ac70172dbf2303724b98278ab6448c5efd18fde92,d64a0d4bbd39191d,36.98579440703293,26.3504394971976,bb3c4b975be29e23,[],2.0,esp_033955_2065,['train'],1.0,Counter({'train': 1}),val,ff393e6c547ee767,True,hirise_clean,0,C:\Users\deves\OneDrive\Desktop\Projects\TCMD-SS\data\raw\hirise_v3_2\map-proj-v3_2\ESP_033955_2065_RED-0037.jpg,calibration_a,clean,0.0,esp_033955_2065_red-0037_clean
map-proj-v3_2/ESP_012700_2025_RED-0011.jpg,ok,,JPEG,227.0,227.0,L,1.0,1.0,normal,slope streak,train,esp_012700_2025_red-0011,[],890cdfd34027b48f0832f8b86f0e98c4f043bb7216b1ddb95c516a5de0c48857,920a1a1eb94b0ea8bc995427fc84d02dd174dd59f818476521186508cd967ba9,80bfd3bd29e0ca32,33.908129402860524,17.588358861903128,af86349ab5c82d4f,[],3.0,esp_012700_2025,['train'],1.0,Counter({'train': 1}),val,43c5a364fd2e03af,True,hirise_clean,0,C:\Users\deves\OneDrive\Desktop\Projects\TCMD-SS\data\raw\hirise_v3_2\map-proj-v3_2\ESP_012700_2025_RED-0011.jpg,calibration_a,clean,0.0,esp_012700_2025_red-0011_clean
map-proj-v3_2/ESP_016683_2535_RED-0076.jpg,ok,,JPEG,227.0,227.0,L,1.0,1.0,normal,bright dune,train,esp_016683_2535_red-0076,[],9c40c41c71adf42cf68aa4054e524aaeeffafe4cf0b931559670468b1354f1ed,4dfa2cb1f805e4a450b818f5fc42963dcf3e84e1936e56f6b54c72d788d621e8,a6329bcdccdc3131,183.26208542762328,20.13942240501408,66c0bc7fc9661f74,[],4.0,esp_016683_2535,['train'],1.0,Counter({'train': 1}),val,501845ae468bdee7,True,hirise_clean,0,C:\Users\deves\OneDrive\Desktop\Projects\TCMD-SS\data\raw\hirise_v3_2\map-proj-v3_2\ESP_016683_2535_RED-0076.jpg,calibration_a,clean,0.0,esp_016683_2535_red-0076_clean
map-proj-v3_2/ESP_046549_1790_RED-0142.jpg,ok,,JPEG,227.0,227.0,L,1.0,1.0,normal,impact ejecta,train,esp_046549_1790_red-0142,[],584e10b0d4773a5c93b6e52af166ba5092a2ac7c2ceb3a382f4b74b2068bb0e5,b67d23a764d8ad76b88bf97a8cc1860744903d40dda8e698fa9ec25ceffc9e0f,b418997266b4c9eb,122.65850297890508,20.048761453492578,7d61698476fefdfc,[],5.0,esp_046549_1790,['train'],2.0,Counter({'train': 2}),val,1a05a783ca59cf66,True,hirise_clean,0,C:\Users\deves\OneDrive\Desktop\Projects\TCMD-SS\data\raw\hirise_v3_2\map-proj-v3_2\ESP_046549_1790_RED-0142.jpg,calibration_a,clean,0.0,esp_046549_1790_red-0142_clean
map-proj-v3_2/PSP_005072_1375_RED-0189.jpg,ok,,JPEG,227.0,227.0,L,1.0,1.0,normal,other,train,psp_005072_1375_red-0189,[],3db17f1ee11b5e9d9779a6b2c47e7ddc359374d6268a2c9e8f28b73fd9a8df2d,257ef6ac874be671ecb8a410373ccc4523d297e0bbdabde65c0c779b08b29b48,92686935970e7e5c,99.63632129480489,18.901901833819,bddd0c5905003dcb,[],0.0,psp_005072_1375,['train'],1.0,Counter({'train': 1}),val,85807df842ffbed7,True,hirise_clean,0,C:\Users\deves\OneDrive\Desktop\Projects\TCMD-SS\data\raw\hirise_v3_2\map-proj-v3_2\PSP_005072_1375_RED-0189.jpg,calibration_a,clean,0.0,psp_005072_1375_red-0189_clean
map-proj-v3_2/ESP_013281_1930_RED-0077.jpg,ok,,JPEG,227.0,227.0,L,1.0,1.0,normal,crater,train,esp_013281_1930_red-0077,[],e5ae4acbbd9ab2b60a0c40a04d46f75ca788c8b715fa31465c8f4fb4d0f206af,2738d2e2ad46f8575bacc4277cb5d51455c34c68626faa8eb9b6ccc84911a655,df9020ded3e06c27,98.21531564749948,14.333231309891712,f5076de01cf35bcc,[],1.0,esp_013281_1930,['train'],1.0,Counter({'train': 1}),val,59d2c6861deea26d,True,hirise_clean,0,C:\Users\deves\OneDrive\Desktop\Projects\TCMD-SS\data\raw\hirise_v3_2\map-proj-v3_2\ESP_013281_1930_RED-0077.jpg,calibration_a,clean,0.0,esp_013281_1930_red-0077_clean
map-proj-v3_2/ESP_033955_2065_RED-0028.jpg,ok,,JPEG,227.0,227.0,L,1.0,1.0,normal,dark dune,train,esp_033955_2065_red-0028,[],7cd8f3f677372d3008bad8f0d24b7e3467af084533425454ceb19894e1c691a0,14d55fa951fef8196e545763bec1c7d5150716dfb2a6f304e951c57cfa9b880a,d2d5933fcb1a3428,41.85146228337441,18.937164991171965,a19ab7638decb7b9,[],2.0,esp_033955_2065,['train'],1.0,Counter({'train': 1}),val,ff393e6c547ee767,True,hirise_clean,0,C:\Users\deves\OneDrive\Desktop\Projects\TCMD-SS\data\raw\hirise_v3_2\map-proj-v3_2\ESP_033955_2065_RED-0028.jpg,calibration_a,clean,0.0,esp_033955_2065_red-0028_clean
map-proj-v3_2/ESP_012053_0980_RED-0161.jpg,ok,,JPEG,227.0,227.0,L,1.0,1.0,normal,slope streak,train,esp_012053_0980_red-0161,[],5bd3ddb95d41801f1d07b408365f18ec1d3d2d79288fe48b89cd0bf6c5cb0044,de165c06e99b6e8be941e073746c4ba4bb57881280bd43b8f0b2c14b662c5b6d,fc0780188f7a9f69,94.66011372236991,43.36079671590753,2facf4f880c40afe,[],3.0,esp_012053_0980,['train'],2.0,Counter({'train': 2}),val,2790354963a6fca7,True,hirise_clean,0,C:\Users\deves\OneDrive\Desktop\Projects\TCMD-SS\data\raw\hirise_v3_2\map-proj-v3_2\ESP_012053_0980_RED-0161.jpg,calibration_a,clean,0.0,esp_012053_0980_red-0161_clean
map-proj-v3_2/ESP_016631_2535_RED-0146.jpg,ok,,JPEG,227.0,227.0,L,1.0,1.0,normal,bright dune,train,esp_016631_2535_red-0146,[],35bc13f7207980b2cdd2936b117f17d37a4ef13f71f3247058368a98462e3cfc,9be1a495378772d22e299015127c0e88d15b87ffca4da28d6f60cdcea366b8ab,a474f8707cf0715c,163.77123561489643,17.256350263986775,54c580f25b331ecd,[],4.0,esp_016631_2535,['train'],1.0,Counter({'train': 1}),val,501845ae468bdee7,True,hirise_clean,0,C:\Users\deves\OneDrive\Desktop\Projects\TCMD-SS\data\raw\hirise_v3_2\map-proj-v3_2\ESP_016631_2535_RED-0146.jpg,calibration_a,clean,0.0,esp_016631_2535_red-0146_clean
map-proj-v3_2/PSP_005150_1490_RED-0205.jpg,ok,,JPEG,227.0,227.0,L,1.0,1.0,normal,other,train,psp_005150_1490_red-0205,[],234666f4251ecdc75ea3fe520e40ece0ddea0391f18bb2ed43e97eac377bdf9f,e670cdda86a93834ee3d1b430a2b617ca1342aaaf0197ae844c2b88e7cc2d607,c67f7993c6e0103c,61.72970560267034,26.048491802045834,6a1c9108bced4dfc,[],0.0,psp_005150_1490,['train'],1.0,Counter({'train': 1}),val,6361ea5a02addb2a,True,hirise_clean,0,C:\Users\deves\OneDrive\Desktop\Projects\TCMD-SS\data\raw\hirise_v3_2\map-proj-v3_2\PSP_005150_1490_RED-0205.jpg,calibration_a,clean,0.0,psp_005150_1490_red-0205_clean
map-proj-v3_2/ESP_026472_1410_RED-0287.jpg,ok,,JPEG,227.0,227.0,L,1.0,1.0,normal,crater,train,esp_026472_1410_red-0287,[],65ded8949712fb9e14a9e1016e56ef63d331d73592aa70ecd7f27cb846c08291,fdc1de872b8160cfbbe61df3005233669eb4acdbf7b3ab74ced08f7ac45b8d9d,93237cbf47262c98,106.36559995342428,17.422820865848056,10b3134802dce054,[],1.0,esp_026472_1410,['train'],1.0,Counter({'train': 1}),val,59d2c6861deea26d,True,hirise_clean,0,C:\Users\deves\OneDrive\Desktop\Projects\TCMD-SS\data\raw\hirise_v3_2\map-proj-v3_2\ESP_026472_1410_RED-0287.jpg,calibration_a,clean,0.0,esp_026472_1410_red-0287_clean
map-proj-v3_2/ESP_033955_2065_RED-0025.jpg,ok,,JPEG,227.0,227.0,L,1.0,1.0,normal,dark dune,train,esp_033955_2065_red-0025,[],40333ceee0c7a1c1004cc292d56277d081bbdc1595e038271f111baa2ff8312f,935e61cbfa86a05cb75b84e37c568c96dea7386cf058ba5f6adfb3f290e72ed9,8ad5a53ee49a352c,42.60463040229774,22.33989382090701,82aaa54b6dd5a973,[],2.0,esp_033955_2065,['train'],1.0,Counter({'train': 1}),val,ff393e6c547ee767,True,hirise_clean,0,C:\Users\deves\OneDrive\Desktop\Projects\TCMD-SS\data\raw\hirise_v3_2\map-proj-v3_2\ESP_033955_2065_RED-0025.jpg,calibration_a,clean,0.0,esp_033955_2065_red-0025_clean
map-proj-v3_2/ESP_012700_2025_RED-0022.jpg,ok,,JPEG,227.0,227.0,L,1.0,1.0,normal,slope streak,train,esp_012700_2025_red-0022,[],413e10646df219b071738a38e25dc1c416196a0456da7f25e1208013f7c67a6b,ceab9638888566446f896ecdc06b2a6e20d5bde1ee0cc72019da24306c7dd6fa,a8ae95811fea9715,47.88006753478624,21.60481362499005,0cb4c4e29204d8e4,[],3.0,esp_012700_2025,['train'],1.0,Counter({'train': 1}),val,43c5a364fd2e03af,True,hirise_clean,0,C:\Users\deves\OneDrive\Desktop\Projects\TCMD-SS\data\raw\hirise_v3_2\map-proj-v3_2\ESP_012700_2025_RED-0022.jpg,calibration_a,clean,0.0,esp_012700_2025_red-0022_clean
map-proj-v3_2/ESP_016683_2535_RED-0048.jpg,ok,,JPEG,227.0,227.0,L,1.0,1.0,normal,bright dune,train,esp_016683_2535_red-0048,[],1b82671f2f94f7de054eef7900a3f20d0180c39e3e4e05b47e76eb9ab06e8c69,f3ca9792f93ff787142efb6f7bd4d4f34e1b4c0a0034389523bb2871686f7931,e0edda82394abd83,166.53647460653224,22.82278379233717,6b5e490d5f8eae49,[],4.0,esp_016683_2535,['train'],1.0,Counter({'train': 1}),val,501845ae468bdee7,True,hirise_clean,0,C:\Users\deves\OneDrive\Desktop\Projects\TCMD-SS\data\raw\hirise_v3_2\map-proj-v3_2\ESP_016683_2535_RED-0048.jpg,calibration_a,clean,0.0,esp_016683_2535_red-0048_clean
map-proj-v3_2/ESP_028281_1855_RED-0024.jpg,ok,,JPEG,227.0,227.0,L,1.0,1.0,normal,other,test,esp_028281_1855_red-0024,[],72bbd7cde99c18fb7127d6d56e8b94cf82e76d87c27af6fe220dc854699d0902,8462084c8ca8cca6a739bbffe17df0ce09124314a02294f15cfd6f0ca9688700,8d595155d79652d4,152.15170098391198,20.646807376518872,d46048bfc2828ca3,[],0.0,esp_028281_1855,['test'],1.0,Counter({'test': 1}),val,a5c8d75ae3d170b3,True,hirise_clean,0,C:\Users\deves\OneDrive\Desktop\Projects\TCMD-SS\data\raw\hirise_v3_2\map-proj-v3_2\ESP_028281_1855_RED-0024.jpg,calibration_a,clean,0.0,esp_028281_1855_red-0024_clean
map-proj-v3_2/ESP_025163_1890_RED-0102.jpg,ok,,JPEG,227.0,227.0,L,1.0,1.0,normal,crater,train,esp_025163_1890_red-0102,[],276eefa9d320ff2b2273d13414c2ec33b619e56907c8682eba578a174d370485,584871ccf34e7bb79759ac9d4c447a9aa3510616d9e209f7a9a235468e9ee1e5,d6e6cc163d18d1e1,170.43072832773777,15.55366744390198,b16dac573c5bccf1,[],1.0,esp_025163_1890,['train'],1.0,Counter({'train': 1}),val,59d2c6861deea26d,True,hirise_clean,0,C:\Users\deves\OneDrive\Desktop\Projects\TCMD-SS\data\raw\hirise_v3_2\map-proj-v3_2\ESP_025163_1890_RED-0102.jpg,calibration_a,clean,0.0,esp_025163_1890_red-0102_clean
map-proj-v3_2/ESP_033955_2065_RED-0038.jpg,ok,,JPEG,227.0,227.0,L,1.0,1.0,normal,dark dune,train,esp_033955_2065_red-0038,[],ede308e954e5ee1b2945d4e104ccf88917fceeadf26b85072d6c45c9e73492c0,cce6b545831e25fb856e545b4e0671a74f4c49f3a90436f87d62315ca1b88f82,b146cc98f3c6cca9,54.47161792388752,17.016525057735322,2460022b35783ed9,[],2.0,esp_033955_2065,['train'],1.0,Counter({'train': 1}),val,ff393e6c547ee767,True,hirise_clean,0,C:\Users\deves\OneDrive\Desktop\Projects\TCMD-SS\data\raw\hirise_v3_2\map-proj-v3_2\ESP_033955_2065_RED-0038.jpg,calibration_a,clean,0.0,esp_033955_2065_red-0038_clean
map-proj-v3_2/ESP_012700_2025_RED-0031.jpg,ok,,JPEG,227.0,227.0,L,1.0,1.0,normal,slope streak,train,esp_012700_2025_red-0031,[],de3df3725ceb6d8922bd0e8c4df483c4fbdda84ecf7735e82cc4a85e6673d5e4,c0d07c2eec1389727d73dde89431a1475b7ab4f01583a20a9ca9bd76fbb56f7b,e4bc9ec3492534ce,117.97958431174678,20.63614928595185,62bf024ac0b100b8,[],3.0,esp_012700_2025,['train'],1.0,Counter({'train': 1}),val,43c5a364fd2e03af,True,hirise_clean,0,C:\Users\deves\OneDrive\Desktop\Projects\TCMD-SS\data\raw\hirise_v3_2\map-proj-v3_2\ESP_012700_2025_RED-0031.jpg,calibration_a,clean,0.0,esp_012700_2025_red-0031_clean
map-proj-v3_2/ESP_016631_2535_RED-0051.jpg,ok,,JPEG,227.0,227.0,L,1.0,1.0,normal,bright dune,train,esp_016631_2535_red-0051,[],758bcf0a1a6c4f8b269cc1fb97bfb7904c6c7d50cc641ee57245c8f5a5edc01d,48e34811eb45a6a5f8fe74ffac48afa08057de2ba8dc5a9ff067496fb67bec0e,c4d65b9a68aa23b5,140.1640435482932,16.79826682495627,73b8f48e07ef60a8,[],4.0,esp_016631_2535,['train'],1.0,Counter({'train': 1}),val,501845ae468bdee7,True,hirise_clean,0,C:\Users\deves\OneDrive\Desktop\Projects\TCMD-SS\data\raw\hirise_v3_2\map-proj-v3_2\ESP_016631_2535_RED-0051.jpg,calibration_a,clean,0.0,esp_016631_2535_red-0051_clean
map-proj-v3_2/ESP_013257_2110_RED-0053.jpg,ok,,JPEG,227.0,227.0,L,1.0,1.0,normal,other,test,esp_013257_2110_red-0053,[],64ad4abc8964f5bfeb3c73cbf0ba557b1bd3e1df99c2efbec199d1fdcd351dd6,8667072a83c6c48d387adc6476612eb54ca7185ea91d43b10f57d466d8ce5ade,ef203390e961db4d,53.38009664460789,16.929568393689145,310a98d1cea86c18,[],0.0,esp_013257_2110,['test'],1.0,Counter({'test': 1}),val,7e22477ff4767566,True,hirise_clean,0,C:\Users\deves\OneDrive\Desktop\Projects\TCMD-SS\data\raw\hirise_v3_2\map-proj-v3_2\ESP_013257_2110_RED-0053.jpg,calibration_b,clean,0.0,esp_013257_2110_red-0053_clean
map-proj-v3_2/ESP_034268_1795_RED-0291.jpg,ok,,JPEG,227.0,227.0,L,1.0,1.0,normal,crater,val,esp_034268_1795_red-0291,[],9f7fa28ae4fd19bf034d7df07981ea6a65508734472ffa72fc25b553ad475803,6f135bd5bc7d43f6811b02de71c51a53b8db182a2946f08df1766ddea39f4349,b998c6c97966069b,177.62405635661472,14.283526165270082,fe6167d99515a113,[],1.0,esp_034268_1795,['val'],1.0,Counter({'val': 1}),val,3d3af0ffc91f037f,True,hirise_clean,0,C:\Users\deves\OneDrive\Desktop\Projects\TCMD-SS\data\raw\hirise_v3_2\map-proj-v3_2\ESP_034268_1795_RED-0291.jpg,calibration_b,clean,0.0,esp_034268_1795_red-0291_clean
map-proj-v3_2/ESP_015897_2655_RED-0010.jpg,ok,,JPEG,227.0,227.0,L,1.0,1.0,normal,dark dune,val,esp_015897_2655_red-0010,[],604be2a8b6ca32fd7a24611431a6eb4ce791e9abe50b61992fb35a4c9d42d46a,fecc8d2f622eb298309ed2f83360f048d6925ef66301b91d28d0cbbef9dad6fb,92c9767b2f83a1b0,45.18137359545111,31.61542341051664,aa9dbbcdc6bc1fe8,[],2.0,esp_015897_2655,['val'],2.0,Counter({'val': 2}),val,edbfc807a0aec8f6,True,hirise_clean,0,C:\Users\deves\OneDrive\Desktop\Projects\TCMD-SS\data\raw\hirise_v3_2\map-proj-v3_2\ESP_015897_2655_RED-0010.jpg,calibration_b,clean,0.0,esp_015897_2655_red-0010_clean
map-proj-v3_2/ESP_020421_1810_RED-0013.jpg,ok,,JPEG,227.0,227.0,L,1.0,1.0,normal,slope streak,test,esp_020421_1810_red-0013,[],be332c3188b18ff883a15257dcef87584a22375c28aab69f7a973b6060c3d61f,cbf0f2a584fe9642a67bcf9ac7c97fdd9d98a21bcd326f6d0102f9a3bec03bba,94e0ea3df10ff881,191.2749907818898,17.898651514301424,817f0e0106bf77f3,[],3.0,esp_020421_1810,['test'],1.0,Counter({'test': 1}),val,4976a8ffc9a34a67,True,hirise_clean,0,C:\Users\deves\OneDrive\Desktop\Projects\TCMD-SS\data\raw\hirise_v3_2\map-proj-v3_2\ESP_020421_1810_RED-0013.jpg,calibration_b,clean,0.0,esp_020421_1810_red-0013_clean
map-proj-v3_2/ESP_015897_2655_RED-0060.jpg,ok,,JPEG,227.0,227.0,L,1.0,1.0,normal,impact ejecta,val,esp_015897_2655_red-0060,[],7cbf88326fe05cf2cb908009abb884ece8b08a5660ecde3d8b6a6d0e89ea6c85,89e55c03b5bb4cd5718c584c4ae5e73e2d091ebe5bd293e6eaf83f0511a754bd,c546aeb576329951,117.05268877719342,64.08392740458098,1c3bc8c64f3522c8,[],5.0,esp_015897_2655,['val'],2.0,Counter({'val': 2}),val,edbfc807a0aec8f6,True,hirise_clean,0,C:\Users\deves\OneDrive\Desktop\Projects\TCMD-SS\data\raw\hirise_v3_2\map-proj-v3_2\ESP_015897_2655_RED-0060.jpg,calibration_b,clean,0.0,esp_015897_2655_red-0060_clean
map-proj-v3_2/PSP_004673_0935_RED-0091.jpg,ok,,JPEG,227.0,227.0,L,1.0,1.0,normal,swiss cheese,test,psp_004673_0935_red-0091,[],4763c131893daf5fe2708cdf927216c42321d2a4ce7b583750a93818475302fe,e537f93fd9e0e727eb41e7df771cdd3c60a35b12e83278c3c6c87aba40b4cea2,dca9a204fafb710c,128.52486949096624,13.3639909511809,a57438a7bf2c294a,[],6.0,psp_004673_0935,['test'],1.0,Counter({'test': 1}),val,edbfc807a0aec8f6,True,hirise_clean,0,C:\Users\deves\OneDrive\Desktop\Projects\TCMD-SS\data\raw\hirise_v3_2\map-proj-v3_2\PSP_004673_0935_RED-0091.jpg,calibration_b,clean,0.0,psp_004673_0935_red-0091_clean
map-proj-v3_2/ESP_015897_2655_RED-0049.jpg,ok,,JPEG,227.0,227.0,L,1.0,1.0,normal,spider,val,esp_015897_2655_red-0049,[],a83b9e857ad430007448a18ed936f108da349caec99474be1c4882783fcc443e,b10f8048d0581fa68f29dc1ea746d39b4d0c02b0c69caf92a13e5623ee024696,84f31fc378cf016c,170.5228123969027,60.4731297869272,732e8f6b138b22d8,['group_label_conflict'],7.0,esp_015897_2655,['val'],2.0,Counter({'val': 2}),val,edbfc807a0aec8f6,True,hirise_clean,0,C:\Users\deves\OneDrive\Desktop\Projects\TCMD-SS\data\raw\hirise_v3_2\map-proj-v3_2\ESP_015897_2655_RED-0049.jpg,calibration_b,clean,0.0,esp_015897_2655_red-0049_clean
map-proj-v3_2/ESP_019011_2245_RED-0684.jpg,ok,,JPEG,227.0,227.0,L,1.0,1.0,normal,other,train,esp_019011_2245_red-0684,[],3a36b1f059c972898562e4b2c17c75d0f018faeaf583c838780be283350528cd,0e9dc0af38edb5fa7d2b69d045dea7371b9545c9d81312aaaf776ff62f005a48,882e7779d8c691ac,103.8388674338722,66.89659251595955,ab04df53325caee0,[],0.0,esp_019011_2245,['train'],1.0,Counter({'train': 1}),val,68f7375f9d5f9c50,True,hirise_clean,0,C:\Users\deves\OneDrive\Desktop\Projects\TCMD-SS\data\raw\hirise_v3_2\map-proj-v3_2\ESP_019011_2245_RED-0684.jpg,calibration_b,clean,0.0,esp_019011_2245_red-0684_clean
map-proj-v3_2/ESP_034268_1795_RED-0311.jpg,ok,,JPEG,227.0,227.0,L,1.0,1.0,normal,crater,val,esp_034268_1795_red-0311,[],f41428d16590f248fb5ec44e9cd87aaef00431c497cbf148516af2dd716f84a5,329a3d79370c322bee31ba80db7913a3beb026e935095659ce293cc46de96d5e,fbc08e68b961f246,180.90046381649168,12.267945371125611,be46df47bf0d37d6,[],1.0,esp_034268_1795,['val'],1.0,Counter({'val': 1}),val,3d3af0ffc91f037f,True,hirise_clean,0,C:\Users\deves\OneDrive\Desktop\Projects\TCMD-SS\data\raw\hirise_v3_2\map-proj-v3_2\ESP_034268_1795_RED-0311.jpg,calibration_b,clean,0.0,esp_034268_1795_red-0311_clean
map-proj-v3_2/ESP_015897_2655_RED-0028.jpg,ok,,JPEG,227.0,227.0,L,1.0,1.0,normal,dark dune,val,esp_015897_2655_red-0028,[],c00639c3a6f1fe65cd460f5d7d51efcdf3bbcabadca3b2314ed5536508984124,bbd83bcc2bc65e3ac9a1ad6c7599215aaa94ed88e9b687e40e0cce844abf4e98,85f90cd268e6613f,96.57707310446544,17.834850675668935,2177533f7d145a96,[],2.0,esp_015897_2655,['val'],2.0,Counter({'val': 2}),val,edbfc807a0aec8f6,True,hirise_clean,0,C:\Users\deves\OneDrive\Desktop\Projects\TCMD-SS\data\raw\hirise_v3_2\map-proj-v3_2\ESP_015897_2655_RED-0028.jpg,calibration_b,clean,0.0,esp_015897_2655_red-0028_clean
map-proj-v3_2/ESP_019340_1875_RED-0044.jpg,ok,,JPEG,227.0,227.0,L,1.0,1.0,normal,slope streak,test,esp_019340_1875_red-0044,[],d96d30bf18a46b92b4e9d41ecb76a501ff636e893314dbc8ba083e05e7aa83c7,fda9c10695edb64547c648618ff688c7b8d69194aacec1c585dee8013badc3ca,8a2c9dd6fc13f8c0,56.06186807428826,18.172345347536464,459ec03fe08d9c17,[],3.0,esp_019340_1875,['test'],1.0,Counter({'test': 1}),val,3a4fca79aee70bd9,True,hirise_clean,0,C:\Users\deves\OneDrive\Desktop\Projects\TCMD-SS\data\raw\hirise_v3_2\map-proj-v3_2\ESP_019340_1875_RED-0044.jpg,calibration_b,clean,0.0,esp_019340_1875_red-0044_clean
map-proj-v3_2/ESP_015897_2655_RED-0023.jpg,ok,,JPEG,227.0,227.0,L,1.0,1.0,normal,impact ejecta,val,esp_015897_2655_red-0023,[],88d99a48e8dd644d973f759238248713746d326e684e972a112d3de5b573d61a,012c2ed66e1359f8598736bb3bb0d9d3a29ae2de7b7020e02ace51e87d85ae7d,b742c87c6296d92d,112.90558714510276,10.314582338212054,5bf7c8250c546bb1,[],5.0,esp_015897_2655,['val'],2.0,Counter({'val': 2}),val,edbfc807a0aec8f6,True,hirise_clean,0,C:\Users\deves\OneDrive\Desktop\Projects\TCMD-SS\data\raw\hirise_v3_2\map-proj-v3_2\ESP_015897_2655_RED-0023.jpg,calibration_b,clean,0.0,esp_015897_2655_red-0023_clean
map-proj-v3_2/ESP_011951_0930_RED-0176.jpg,ok,,JPEG,227.0,227.0,L,1.0,1.0,normal,swiss cheese,val,esp_011951_0930_red-0176,[],a749a464b16f7270cb05cc96d330fd6031e3dcdd19b0f16daf0d4d5613914625,8e2dac38ec579fc7a7bd0ee24767be76d2027b5d281e1479c6d7154479e1a324,8b32366665454d7d,78.64035785674086,43.9048949120315,a8de3a3eb52f5d31,[],6.0,esp_011951_0930,['val'],2.0,Counter({'val': 2}),val,f03c3587611264d1,True,hirise_clean,0,C:\Users\deves\OneDrive\Desktop\Projects\TCMD-SS\data\raw\hirise_v3_2\map-proj-v3_2\ESP_011951_0930_RED-0176.jpg,calibration_b,clean,0.0,esp_011951_0930_red-0176_clean
map-proj-v3_2/ESP_015897_2655_RED-0025.jpg,ok,,JPEG,227.0,227.0,L,1.0,1.0,normal,spider,val,esp_015897_2655_red-0025,[],785342c0ca17afac3f961aa13a4fbe8daf973751335c1ecb5c70ddb56827e47c,3e508ecd1cf894cbf4ea2d75302eeb2b5bbd1c7d1a0615b4958d635455b63e51,e0359bce66309b47,120.29783228861416,12.444055302395803,efb485524dd58d66,[],7.0,esp_015897_2655,['val'],2.0,Counter({'val': 2}),val,edbfc807a0aec8f6,True,hirise_clean,0,C:\Users\deves\OneDrive\Desktop\Projects\TCMD-SS\data\raw\hirise_v3_2\map-proj-v3_2\ESP_015897_2655_RED-0025.jpg,calibration_b,clean,0.0,esp_015897_2655_red-0025_clean
map-proj-v3_2/PSP_010087_1555_RED-0237.jpg,ok,,JPEG,227.0,227.0,L,1.0,1.0,normal,other,train,psp_010087_1555_red-0237,[],5ce89ac4bf20b0079e7907ca42291b9866b629b66cbeaacfcf7504d12ef8b184,39f9a82e128c7f579d64cd7855673462f944cc1eb364555f24887e164290ea6b,bde10b35e2de0b12,89.84884239942556,14.232579343306485,b8499f48a136ca69,[],0.0,psp_010087_1555,['train'],1.0,Counter({'train': 1}),val,929ffd64c6803520,True,hirise_clean,0,C:\Users\deves\OneDrive\Desktop\Projects\TCMD-SS\data\raw\hirise_v3_2\map-proj-v3_2\PSP_010087_1555_RED-0237.jpg,calibration_b,clean,0.0,psp_010087_1555_red-0237_clean
map-proj-v3_2/ESP_012494_2050_RED-0066.jpg,ok,,JPEG,227.0,227.0,L,1.0,1.0,normal,crater,train,esp_012494_2050_red-0066,[],a08de13d540848d649b6eeb9b94ce6502a73a4d88602bd8543b6ce031fd0b8a3,5a5d5e0d8cb8692dcb836e16d9f491b6034df4e2dff2c019b5dbcfe159bfa8c8,a9b1cc70bbcc6433,128.65217644433233,14.877609425235589,019458089711aef6,[],1.0,esp_012494_2050,['train'],3.0,Counter({'train': 3}),val,fce0ac23e3f35811,True,hirise_clean,0,C:\Users\deves\OneDrive\Desktop\Projects\TCMD-SS\data\raw\hirise_v3_2\map-proj-v3_2\ESP_012494_2050_RED-0066.jpg,calibration_b,clean,0.0,esp_012494_2050_red-0066_clean
map-proj-v3_2/ESP_020421_1810_RED-0079.jpg,ok,,JPEG,227.0,227.0,L,1.0,1.0,normal,slope streak,test,esp_020421_1810_red-0079,[],a3b245e40b9114f0e2ebaf67fc42d0ba457130a7b05b547547d69736083265fc,93d79fef75038f626697892f7d21ae6499a5ea2eac0ce574d28e39794c93525b,d5523acd6d86e223,132.64652913893147,53.58121074159163,bee19b4a2384aaf8,[],3.0,esp_020421_1810,['test'],1.0,Counter({'test': 1}),val,4976a8ffc9a34a67,True,hirise_clean,0,C:\Users\deves\OneDrive\Desktop\Projects\TCMD-SS\data\raw\hirise_v3_2\map-proj-v3_2\ESP_020421_1810_RED-0079.jpg,calibration_b,clean,0.0,esp_020421_1810_red-0079_clean
map-proj-v3_2/ESP_018299_2245_RED-0193.jpg,ok,,JPEG,227.0,227.0,L,1.0,1.0,normal,impact ejecta,train,esp_018299_2245_red-0193,[],cd55db372d60c0de25942f32db399bf5b9acb364141c232d22780b1b3d05ba7b,ac5057ff79fba98103601e0a20566bc8e92152bc0fdb57edceeea5d83af371ca,e6e4c3b754403ed2,126.60173882668012,16.787934685317595,2f9c29c1e53d4015,[],5.0,esp_018299_2245,['train'],1.0,Counter({'train': 1}),val,68f7375f9d5f9c50,True,hirise_clean,0,C:\Users\deves\OneDrive\Desktop\Projects\TCMD-SS\data\raw\hirise_v3_2\map-proj-v3_2\ESP_018299_2245_RED-0193.jpg,calibration_b,clean,0.0,esp_018299_2245_red-0193_clean
map-proj-v3_2/ESP_011951_0930_RED-0010.jpg,ok,,JPEG,227.0,227.0,L,1.0,1.0,normal,swiss cheese,val,esp_011951_0930_red-0010,[],e72cd105b12be19098dfc370949bdb8748f042e47c9cb6cd32a944037468d5d7,5e753dc5a5128420e1b149f4a3f89d881f284dca414808f76bc538a544c135b2,86f91fe0fcc70446,90.45962467736614,31.682608749949505,d9d76e5571ae841f,[],6.0,esp_011951_0930,['val'],2.0,Counter({'val': 2}),val,f03c3587611264d1,True,hirise_clean,0,C:\Users\deves\OneDrive\Desktop\Projects\TCMD-SS\data\raw\hirise_v3_2\map-proj-v3_2\ESP_011951_0930_RED-0010.jpg,calibration_b,clean,0.0,esp_011951_0930_red-0010_clean
map-proj-v3_2/ESP_015897_2655_RED-0021.jpg,ok,,JPEG,227.0,227.0,L,1.0,1.0,normal,spider,val,esp_015897_2655_red-0021,[],276b6d1bb59bf52b795c4d62b9979b040920f6687acf94eec276019be49883db,7972791830ca22ba6f97d0b25b0e200c3c62f4b577735ed8df3704e4314f5d4b,a2f7dc40761f08e6,116.90323895282268,12.312342319715988,2df47665615fdd6e,[],7.0,esp_015897_2655,['val'],2.0,Counter({'val': 2}),val,edbfc807a0aec8f6,True,hirise_clean,0,C:\Users\deves\OneDrive\Desktop\Projects\TCMD-SS\data\raw\hirise_v3_2\map-proj-v3_2\ESP_015897_2655_RED-0021.jpg,calibration_b,clean,0.0,esp_015897_2655_red-0021_clean
map-proj-v3_2/ESP_012971_2015_RED-0420.jpg,ok,,JPEG,227.0,227.0,L,1.0,1.0,normal,other,val,esp_012971_2015_red-0420,[],e09110b42ab20519d07d3d8c2aeb0f10201abed1340fb79d71df4ed38c9b87fc,babfc1ae7a67c88eb9fbe814790ad3eeffb368bfa6fbb0f7a7ce450e65471a80,a51cc37aa99c46f2,102.09819713171224,13.409605609744483,987671f65cb16738,[],0.0,esp_012971_2015,['val'],1.0,Counter({'val': 1}),val,44f19f6daa37be2b,True,hirise_clean,0,C:\Users\deves\OneDrive\Desktop\Projects\TCMD-SS\data\raw\hirise_v3_2\map-proj-v3_2\ESP_012971_2015_RED-0420.jpg,calibration_b,clean,0.0,esp_012971_2015_red-0420_clean
map-proj-v3_2/ESP_034268_1795_RED-0432.jpg,ok,,JPEG,227.0,227.0,L,1.0,1.0,normal,crater,val,esp_034268_1795_red-0432,[],0f2d364ced9ba966809e63bf0b2411355a88b59d85903b2cd23778486b06b8fe,5241b9b80800a56705837c7445ca03c5575f83756910513eb98ec1f2cbfb5d75,894170e28f1b3efc,175.83397698383433,15.435594473957766,87b648d08fed0d69,[],1.0,esp_034268_1795,['val'],1.0,Counter({'val': 1}),val,3d3af0ffc91f037f,True,hirise_clean,0,C:\Users\deves\OneDrive\Desktop\Projects\TCMD-SS\data\raw\hirise_v3_2\map-proj-v3_2\ESP_034268_1795_RED-0432.jpg,calibration_b,clean,0.0,esp_034268_1795_red-0432_clean
map-proj-v3_2/ESP_012971_2015_RED-0238.jpg,ok,,JPEG,227.0,227.0,L,1.0,1.0,normal,slope streak,val,esp_012971_2015_red-0238,[],f7559d314f467652047f3bfee4f0192ce1073c07e6f71868fd8fa38542fbb117,d3665805665ff92b72da3711c39a2e38553ab03dbeeb6f63d34d137be639d3bd,984d64b5b25a2dd5,162.07807254167557,26.58112359878072,a44f1a200a7736b1,[],3.0,esp_012971_2015,['val'],1.0,Counter({'val': 1}),val,44f19f6daa37be2b,True,hirise_clean,0,C:\Users\deves\OneDrive\Desktop\Projects\TCMD-SS\data\raw\hirise_v3_2\map-proj-v3_2\ESP_012971_2015_RED-0238.jpg,calibration_b,clean,0.0,esp_012971_2015_red-0238_clean
map-proj-v3_2/ESP_039350_1915_RED-0109.jpg,ok,,JPEG,227.0,227.0,L,1.0,1.0,normal,impact ejecta,train,esp_039350_1915_red-0109,[],83b8c5b21a00279cb8596cf9f116fc1d7e6d6eb36f5f4bdd5b0a35cac05683a1,f418ac86534c2f38af64008cb6239ef12ac6ae5de2385327f3ef5fa2d922288c,b3d98c3171ce8e31,135.90710085582876,25.91950552745117,019b529b2eb76bdd,[],5.0,esp_039350_1915,['train'],2.0,Counter({'train': 2}),val,57c12beb5e3347f5,True,hirise_clean,0,C:\Users\deves\OneDrive\Desktop\Projects\TCMD-SS\data\raw\hirise_v3_2\map-proj-v3_2\ESP_039350_1915_RED-0109.jpg,calibration_b,clean,0.0,esp_039350_1915_red-0109_clean
map-proj-v3_2/PSP_004673_0935_RED-0129.jpg,ok,,JPEG,227.0,227.0,L,1.0,1.0,normal,swiss cheese,test,psp_004673_0935_red-0129,[],4a1e9eb9a6bf22bb1ce47ddc2779648beda3f62d62e4179f600801d3d11987a5,3d95c9bd215673b19f8492be474fb52b2bbf5fc7dd9aee005710a7ffc6a9f04f,de22121d4dd55f2c,146.99687554580916,18.319238259877142,37bc4dea4d73bce3,[],6.0,psp_004673_0935,['test'],1.0,Counter({'test': 1}),val,edbfc807a0aec8f6,True,hirise_clean,0,C:\Users\deves\OneDrive\Desktop\Projects\TCMD-SS\data\raw\hirise_v3_2\map-proj-v3_2\PSP_004673_0935_RED-0129.jpg,calibration_b,clean,0.0,psp_004673_0935_red-0129_clean
map-proj-v3_2/ESP_015897_2655_RED-0038.jpg,ok,,JPEG,227.0,227.0,L,1.0,1.0,normal,spider,val,esp_015897_2655_red-0038,[],bb6aa7c6bfe721f639dc3f8ebe11a8f8d7ede47207864b0e176598b06db3787a,2737b960fbe0b7df742e7880d863aa1a7493ae1b667f5a856a22f454d648579d,e762a3a55323b171,48.97876923674048,32.06531726462602,4986919e18312914,[],7.0,esp_015897_2655,['val'],2.0,Counter({'val': 2}),val,edbfc807a0aec8f6,True,hirise_clean,0,C:\Users\deves\OneDrive\Desktop\Projects\TCMD-SS\data\raw\hirise_v3_2\map-proj-v3_2\ESP_015897_2655_RED-0038.jpg,calibration_b,clean,0.0,esp_015897_2655_red-0038_clean
map-proj-v3_2/ESP_034268_1795_RED-0365.jpg,ok,,JPEG,227.0,227.0,L,1.0,1.0,normal,other,val,esp_034268_1795_red-0365,[],d6a40fad3034c73842edb9565846bb720d82073c0df754f347e2ba4a982e7bb9,690869f2cd5b6b196b1dedd200bb904dfb2e4dea29f982f0d2a7bb5e98a06319,f71497a723ab890a,174.90574239748491,19.735925300795877,cb99defe20b255c0,[],0.0,esp_034268_1795,['val'],1.0,Counter({'val': 1}),val,3d3af0ffc91f037f,True,hirise_clean,0,C:\Users\deves\OneDrive\Desktop\Projects\TCMD-SS\data\raw\hirise_v3_2\map-proj-v3_2\ESP_034268_1795_RED-0365.jpg,calibration_b,clean,0.0,esp_034268_1795_red-0365_clean
map-proj-v3_2/ESP_012494_2050_RED-0094.jpg,ok,,JPEG,227.0,227.0,L,1.0,1.0,normal,crater,train,esp_012494_2050_red-0094,[],28b142a37991a68a3ad9bdd1702aeee3402a915ca0f3bdc2529defa5a5657e1d,fd901002a7a4d8fdc819daccba3ff567b8b92fb5c4e74fcaab0818d971ea6530,eb0bb4d44bcc4663,126.93036930660404,15.52258523418384,17a624f6c10351d9,[],1.0,esp_012494_2050,['train'],1.0,Counter({'train': 1}),val,fce0ac23e3f35811,True,hirise_clean,0,C:\Users\deves\OneDrive\Desktop\Projects\TCMD-SS\data\raw\hirise_v3_2\map-proj-v3_2\ESP_012494_2050_RED-0094.jpg,calibration_b,clean,0.0,esp_012494_2050_red-0094_clean
map-proj-v3_2/ESP_019340_1875_RED-0119.jpg,ok,,JPEG,227.0,227.0,L,1.0,1.0,normal,slope streak,test,esp_019340_1875_red-0119,[],9f1df52abafe01f86dafa88472a01f6862666a9c81120a3a00d4a6d0f490f2dc,2a870c4e4507793e0bee9f2a8df2a1abf54ea9b628b03e22a160a3b46a4c9c5f,e6ca18371a72ce99,112.35281103844436,14.298879455495891,ec1c848f605c2d4c,[],3.0,esp_019340_1875,['test'],1.0,Counter({'test': 1}),val,3a4fca79aee70bd9,True,hirise_clean,0,C:\Users\deves\OneDrive\Desktop\Projects\TCMD-SS\data\raw\hirise_v3_2\map-proj-v3_2\ESP_019340_1875_RED-0119.jpg,calibration_b,clean,0.0,esp_019340_1875_red-0119_clean
map-proj-v3_2/ESP_015897_2655_RED-0018.jpg,ok,,JPEG,227.0,227.0,L,1.0,1.0,normal,impact ejecta,val,esp_015897_2655_red-0018,[],74044871d1f46d5b385adfb55fc7670fa4b4869df45680c908d39ba4cb7dfb77,fb73997aaac47eafd5d88b2bedb8fed0b3e0e0d36dce2664437e9383edb7e1c2,b353d94c6213d9e4,121.76651982378854,13.7253764036559,1b198f89bda946cb,[],5.0,esp_015897_2655,['val'],2.0,Counter({'val': 2}),val,edbfc807a0aec8f6,True,hirise_clean,0,C:\Users\deves\OneDrive\Desktop\Projects\TCMD-SS\data\raw\hirise_v3_2\map-proj-v3_2\ESP_015897_2655_RED-0018.jpg,calibration_b,clean,0.0,esp_015897_2655_red-0018_clean
map-proj-v3_2/ESP_012373_0930_RED-0045.jpg,ok,,JPEG,227.0,227.0,L,1.0,1.0,normal,swiss cheese,train,esp_012373_0930_red-0045,[],8e5cc470bfee1833f59491e560f1c7621d4975771daff800edec988963f77c6e,a61de311a7fc1a9944175b4fc8eb34190edb195d869ada88c3a67466d22be597,d63e24f29355ae30,99.99349880649731,18.548024245238924,7ebdc25b1965fc9c,[],6.0,esp_012373_0930,['train'],2.0,Counter({'train': 2}),val,edbfc807a0aec8f6,True,hirise_clean,0,C:\Users\deves\OneDrive\Desktop\Projects\TCMD-SS\data\raw\hirise_v3_2\map-proj-v3_2\ESP_012373_0930_RED-0045.jpg,calibration_b,clean,0.0,esp_012373_0930_red-0045_clean
map-proj-v3_2/ESP_015897_2655_RED-0019.jpg,ok,,JPEG,227.0,227.0,L,1.0,1.0,normal,spider,val,esp_015897_2655_red-0019,[],781a3d72ea01030f76e5593c9ed52beb151e48e7b21a3b0d38e080f5b6dbb781,cc8984d948a40421c2122a34fdd9fa5225cd0e6882935c6b3eb8e53cd0e62679,b9968ec4333938ce,122.1579887053892,10.499837874553345,6c506ce4bd284cd3,[],7.0,esp_015897_2655,['val'],2.0,Counter({'val': 2}),val,edbfc807a0aec8f6,True,hirise_clean,0,C:\Users\deves\OneDrive\Desktop\Projects\TCMD-SS\data\raw\hirise_v3_2\map-proj-v3_2\ESP_015897_2655_RED-0019.jpg,calibration_b,clean,0.0,esp_015897_2655_red-0019_clean
map-proj-v3_2/ESP_018299_2245_RED-0074.jpg,ok,,JPEG,227.0,227.0,L,1.0,1.0,normal,other,train,esp_018299_2245_red-0074,[],197d84cad941bde9b3d5becfbe7dd02c07d7403e492dd5d34cb88c2bd47015de,b38ec4228be8ed3eb33ffc76885ea8e50f654daeeabd83f877c715734d6e0ba8,b0c54fb874ce0778,123.6265209881814,14.745422853460507,dd4441dd8f20b178,[],0.0,esp_018299_2245,['train'],1.0,Counter({'train': 1}),val,68f7375f9d5f9c50,True,hirise_clean,0,C:\Users\deves\OneDrive\Desktop\Projects\TCMD-SS\data\raw\hirise_v3_2\map-proj-v3_2\ESP_018299_2245_RED-0074.jpg,calibration_b,clean,0.0,esp_018299_2245_red-0074_clean
map-proj-v3_2/ESP_012971_2015_RED-0362.jpg,ok,,JPEG,227.0,227.0,L,1.0,1.0,normal,crater,val,esp_012971_2015_red-0362,[],a62b31ea3c4a15828b09cc8b68a984e0fc5c7e65a81e4f883ea4518aed66740e,b4a6c480ba871d49dcd83b525161fed73e6129476b0b164882cc5abf2de8e9d1,bb3d0d0f03d3c964,89.56498282520522,12.073635923403955,4fbc82267def36b3,[],1.0,esp_012971_2015,['val'],1.0,Counter({'val': 1}),val,44f19f6daa37be2b,True,hirise_clean,0,C:\Users\deves\OneDrive\Desktop\Projects\TCMD-SS\data\raw\hirise_v3_2\map-proj-v3_2\ESP_012971_2015_RED-0362.jpg,calibration_b,clean,0.0,esp_012971_2015_red-0362_clean
map-proj-v3_2/ESP_012971_2015_RED-0032.jpg,ok,,JPEG,227.0,227.0,L,1.0,1.0,normal,slope streak,val,esp_012971_2015_red-0032,[],4554fd793d20237ca1d3ceff282fb65abcb61299344675f30659905d53b5c60a,f5c695fd555987177a4d951f5f6b1696bd3dc1110de958874cccca95ec1c3a67,9cb2798d74957298,134.8471734363174,44.39702292938518,eb36e42f17f1e242,[],3.0,esp_012971_2015,['val'],1.0,Counter({'val': 1}),val,44f19f6daa37be2b,True,hirise_clean,0,C:\Users\deves\OneDrive\Desktop\Projects\TCMD-SS\data\raw\hirise_v3_2\map-proj-v3_2\ESP_012971_2015_RED-0032.jpg,calibration_b,clean,0.0,esp_012971_2015_red-0032_clean
map-proj-v3_2/ESP_015897_2655_RED-0036.jpg,ok,,JPEG,227.0,227.0,L,1.0,1.0,normal,impact ejecta,val,esp_015897_2655_red-0036,[],33ed188f4dcc8f951577d29e06009cddc9d7467ac1f4e3422e792011edfa39b3,3c7b3eac803434b10a46b0d9fb02822ff2c98cf88bcae40062249d5f0d8ed1c0,b362ccce7313cc26,96.54807972209824,9.65152809938782,4c95a75407e85a70,[],5.0,esp_015897_2655,['val'],2.0,Counter({'val': 2}),val,edbfc807a0aec8f6,True,hirise_clean,0,C:\Users\deves\OneDrive\Desktop\Projects\TCMD-SS\data\raw\hirise_v3_2\map-proj-v3_2\ESP_015897_2655_RED-0036.jpg,calibration_b,clean,0.0,esp_015897_2655_red-0036_clean
map-proj-v3_2/PSP_004673_0935_RED-0049.jpg,ok,,JPEG,227.0,227.0,L,1.0,1.0,normal,swiss cheese,test,psp_004673_0935_red-0049,[],f0fd11b28fb9b75a2979bda173a2eb0b3116043b6a4a571d6279a87695e20c34,b6dafa791b9389195c3aeabd118fa985b947f42d34b6e30b14d2049b2e08af0f,b7cfde064d0ccca0,125.65832831997515,15.485398320615468,781b80417b3f4086,[],6.0,psp_004673_0935,['test'],1.0,Counter({'test': 1}),val,edbfc807a0aec8f6,True,hirise_clean,0,C:\Users\deves\OneDrive\Desktop\Projects\TCMD-SS\data\raw\hirise_v3_2\map-proj-v3_2\PSP_004673_0935_RED-0049.jpg,calibration_b,clean,0.0,psp_004673_0935_red-0049_clean
map-proj-v3_2/ESP_015897_2655_RED-0035.jpg,ok,,JPEG,227.0,227.0,L,1.0,1.0,normal,spider,val,esp_015897_2655_red-0035,[],43afa7a705fa0fc57ae922d5ca4029031735749186d15d8f7802eae957ef8f20,e82c1742c17d26208f1012de4e8dd1ab2c52dafed55754fcf1998476e6cc3738,b369cc8a21b3cee4,101.70960041918144,8.801308412008462,cc577d46d5d502bf,[],7.0,esp_015897_2655,['val'],2.0,Counter({'val': 2}),val,edbfc807a0aec8f6,True,hirise_clean,0,C:\Users\deves\OneDrive\Desktop\Projects\TCMD-SS\data\raw\hirise_v3_2\map-proj-v3_2\ESP_015897_2655_RED-0035.jpg,calibration_b,clean,0.0,esp_015897_2655_red-0035_clean
map-proj-v3_2/ESP_018299_2245_RED-0410.jpg,ok,,JPEG,227.0,227.0,L,1.0,1.0,normal,other,train,esp_018299_2245_red-0410,[],91622e8dfd9c3fbaa21849e36b7c31e65316d86018ef354badac546dd69202ea,9a389b7f40accbd7d09cd239b342f91f68aac033bfbb5ab48ac487405957c262,ccb0673a198ce4e7,135.03764870267227,15.126972648555842,0c06aeabeda5857d,[],0.0,esp_018299_2245,['train'],1.0,Counter({'train': 1}),val,68f7375f9d5f9c50,True,hirise_clean,0,C:\Users\deves\OneDrive\Desktop\Projects\TCMD-SS\data\raw\hirise_v3_2\map-proj-v3_2\ESP_018299_2245_RED-0410.jpg,calibration_b,clean,0.0,esp_018299_2245_red-0410_clean
map-proj-v3_2/ESP_034268_1795_RED-0018.jpg,ok,,JPEG,227.0,227.0,L,1.0,1.0,normal,crater,val,esp_034268_1795_red-0018,[],a2bcc59a4575acf0ea957270dceeeeaeb71f08fe67122b7ca604572be68539e8,77b2a9b507a51d74cc287249deb942f38149bce00a8f28492f11262433c62803,d3986ccc337624cd,184.2094548700732,14.634361467925345,d910ffc658609888,[],1.0,esp_034268_1795,['val'],1.0,Counter({'val': 1}),val,3d3af0ffc91f037f,True,hirise_clean,0,C:\Users\deves\OneDrive\Desktop\Projects\TCMD-SS\data\raw\hirise_v3_2\map-proj-v3_2\ESP_034268_1795_RED-0018.jpg,calibration_b,clean,0.0,esp_034268_1795_red-0018_clean
map-proj-v3_2/ESP_012971_2015_RED-0154.jpg,ok,,JPEG,227.0,227.0,L,1.0,1.0,normal,slope streak,val,esp_012971_2015_red-0154,[],2ee0304b906108fec473d2cfcc8b4fe4dbd458739b9b019529e26f69fb4311bb,8a8f7212ecd74253125931405197c90a9676ccc8c76274d8d4b56043ac13b813,a19340976a927bbb,195.84102156067456,23.817582885948056,cbadebe1470b1c9d,[],3.0,esp_012971_2015,['val'],1.0,Counter({'val': 1}),val,44f19f6daa37be2b,True,hirise_clean,0,C:\Users\deves\OneDrive\Desktop\Projects\TCMD-SS\data\raw\hirise_v3_2\map-proj-v3_2\ESP_012971_2015_RED-0154.jpg,calibration_b,clean,0.0,esp_012971_2015_red-0154_clean
map-proj-v3_2/ESP_012494_2050_RED-0164.jpg,ok,,JPEG,227.0,227.0,L,1.0,1.0,normal,impact ejecta,train,esp_012494_2050_red-0164,[],20c1a567899cf6f37e4db49d1a22022454fba945c99bc973542cebea6ad40427,3d4a18b0a652734fe8eb1adc77141acd6d22a2402783a6299438b8cd90cddee6,e66e999991c66466,115.73209260804596,22.474510495405102,e6ee8d0cc830fafe,[],5.0,esp_012494_2050,['train'],3.0,Counter({'train': 3}),val,fce0ac23e3f35811,True,hirise_clean,0,C:\Users\deves\OneDrive\Desktop\Projects\TCMD-SS\data\raw\hirise_v3_2\map-proj-v3_2\ESP_012494_2050_RED-0164.jpg,calibration_b,clean,0.0,esp_012494_2050_red-0164_clean
map-proj-v3_2/PSP_004673_0935_RED-0024.jpg,ok,,JPEG,227.0,227.0,L,1.0,1.0,normal,swiss cheese,test,psp_004673_0935_red-0024,[],f38d10f2438b8f49d59b1a9700a72b6fa22b9fc68f38978080b8bec4a8eb8ac3,c55cf79e3b736798977792105f82c72478424b7a04a863eeaf9567991eadbd3a,dc4e6e2736722a13,79.58462225154767,40.83908468691974,67de88581403be64,[],6.0,psp_004673_0935,['test'],1.0,Counter({'test': 1}),val,edbfc807a0aec8f6,True,hirise_clean,0,C:\Users\deves\OneDrive\Desktop\Projects\TCMD-SS\data\raw\hirise_v3_2\map-proj-v3_2\PSP_004673_0935_RED-0024.jpg,calibration_b,clean,0.0,psp_004673_0935_red-0024_clean
map-proj-v3_2/ESP_015897_2655_RED-0020.jpg,ok,,JPEG,227.0,227.0,L,1.0,1.0,normal,spider,val,esp_015897_2655_red-0020,[],79c928033c6f17106daf0e7a061a60ca9c63d5c9b0d06bf0f7958579e3983552,30e75e871125861e703a6f86f7d7fd6624b2d1682fb47618a671c8f8b23fe695,e571c9e6929b096c,119.68590502435522,11.673404832534244,c80fbd03bce0613f,[],7.0,esp_015897_2655,['val'],2.0,Counter({'val': 2}),val,edbfc807a0aec8f6,True,hirise_clean,0,C:\Users\deves\OneDrive\Desktop\Projects\TCMD-SS\data\raw\hirise_v3_2\map-proj-v3_2\ESP_015897_2655_RED-0020.jpg,calibration_b,clean,0.0,esp_015897_2655_red-0020_clean
map-proj-v3_2/ESP_016570_2050_RED-0047.jpg,ok,,JPEG,227.0,227.0,L,1.0,1.0,normal,other,val,esp_016570_2050_red-0047,[],a3e9f84dd3765c3ff748a399955e0fb848d9ab23c1847fd6971bee2c6b4c8023,8e13e238ed7d798e6e9acc8664839a7b5d18ac7a594edad956563dad6924027c,81e099e1d8f2e4f9,108.17168972811426,50.834518079698405,861513431463deab,[],0.0,esp_016570_2050,['val'],1.0,Counter({'val': 1}),val,f68d9819a0753d5f,True,hirise_clean,0,C:\Users\deves\OneDrive\Desktop\Projects\TCMD-SS\data\raw\hirise_v3_2\map-proj-v3_2\ESP_016570_2050_RED-0047.jpg,calibration_b,clean,0.0,esp_016570_2050_red-0047_clean
map-proj-v3_2/ESP_013257_2110_RED-0220.jpg,ok,,JPEG,227.0,227.0,L,1.0,1.0,normal,crater,test,esp_013257_2110_red-0220,[],0dc53a4612d7c7bcecd6431e6b480823e9566b1ea29f3ca41cc6c149a21f1928,efb606dcfa9f93993faee5fd1f75867d71dc3763662f157f8d27ef3911da544b,926ecd3134ca33ce,46.945797512080574,20.219080715721606,f2e391e8383a7b0b,[],1.0,esp_013257_2110,['test'],1.0,Counter({'test': 1}),val,7e22477ff4767566,True,hirise_clean,0,C:\Users\deves\OneDrive\Desktop\Projects\TCMD-SS\data\raw\hirise_v3_2\map-proj-v3_2\ESP_013257_2110_RED-0220.jpg,calibration_b,clean,0.0,esp_013257_2110_red-0220_clean
map-proj-v3_2/ESP_012971_2015_RED-0148.jpg,ok,,JPEG,227.0,227.0,L,1.0,1.0,normal,slope streak,val,esp_012971_2015_red-0148,[],d6f65f440f1fb89a949d06921bf51e21bf619ed63b0f2479eec2e15df4e77332,fb27d7d60cd00b528be6b9da71674b57773ab05c53fa9d563044e69860867fae,81bf9c9e27588c96,198.91358264278367,21.198232476585197,f415939265c9b25b,[],3.0,esp_012971_2015,['val'],1.0,Counter({'val': 1}),val,44f19f6daa37be2b,True,hirise_clean,0,C:\Users\deves\OneDrive\Desktop\Projects\TCMD-SS\data\raw\hirise_v3_2\map-proj-v3_2\ESP_012971_2015_RED-0148.jpg,calibration_b,clean,0.0,esp_012971_2015_red-0148_clean
map-proj-v3_2/ESP_015897_2655_RED-0039.jpg,ok,,JPEG,227.0,227.0,L,1.0,1.0,normal,impact ejecta,val,esp_015897_2655_red-0039,[],7bbf3da02bbfca5bd2a39b2cccae3f26fb91082e554e628f97ab232563749d8b,53f62cb9c2d0b055296dfd1ec6829dd2797248aef04e0d9ebd9273fa7222c453,f3a3dc6c3712cc24,131.15750354169498,8.632295110677532,98e2a64f4fd55678,[],5.0,esp_015897_2655,['val'],2.0,Counter({'val': 2}),val,edbfc807a0aec8f6,True,hirise_clean,0,C:\Users\deves\OneDrive\Desktop\Projects\TCMD-SS\data\raw\hirise_v3_2\map-proj-v3_2\ESP_015897_2655_RED-0039.jpg,calibration_b,clean,0.0,esp_015897_2655_red-0039_clean
map-proj-v3_2/ESP_012373_0930_RED-0112.jpg,ok,,JPEG,227.0,227.0,L,1.0,1.0,normal,swiss cheese,train,esp_012373_0930_red-0112,[],42a9eb9bc09a260e69d952d155f794fbf938742df3f13dea9ea0dba4bded77f7,55e000e684a0bec19910031d0958ab2f763400746ab640d22197f5fdaee74265,b3b04d2e4c06cebe,102.20182809679986,10.834594649697758,90c8c7b79b98ba25,[],6.0,esp_012373_0930,['train'],2.0,Counter({'train': 2}),val,edbfc807a0aec8f6,True,hirise_clean,0,C:\Users\deves\OneDrive\Desktop\Projects\TCMD-SS\data\raw\hirise_v3_2\map-proj-v3_2\ESP_012373_0930_RED-0112.jpg,calibration_b,clean,0.0,esp_012373_0930_red-0112_clean
map-proj-v3_2/ESP_015897_2655_RED-0042.jpg,ok,,JPEG,227.0,227.0,L,1.0,1.0,normal,spider,val,esp_015897_2655_red-0042,[],e826940b6b9fe377968b75144c323006c6b45d2d1ef97ba9984c511c35b4a888,2eff445c2f4dbcfab71789920940490198dce021b002d87f4d588b76a3fb181d,f2dac82633bd8ca4,145.84253527140058,14.495862523401362,4dfc3ec4a5265a83,[],7.0,esp_015897_2655,['val'],2.0,Counter({'val': 2}),val,edbfc807a0aec8f6,True,hirise_clean,0,C:\Users\deves\OneDrive\Desktop\Projects\TCMD-SS\data\raw\hirise_v3_2\map-proj-v3_2\ESP_015897_2655_RED-0042.jpg,calibration_b,clean,0.0,esp_015897_2655_red-0042_clean
map-proj-v3_2/ESP_019340_1875_RED-0065.jpg,ok,,JPEG,227.0,227.0,L,1.0,1.0,normal,other,test,esp_019340_1875_red-0065,[],79f579cfa67e33ed4c64db01f9b79b5a33365c41d2bede0a4e0375df9770466c,43b2617c3a40dc2c58a57196cf16859407645060848b16ebb3dba157e2ce64fd,a0672d684a4bcd7e,100.17042830250926,23.33530669654653,a23c55c019e9819b,[],0.0,esp_019340_1875,['test'],1.0,Counter({'test': 1}),val,3a4fca79aee70bd9,True,hirise_clean,0,C:\Users\deves\OneDrive\Desktop\Projects\TCMD-SS\data\raw\hirise_v3_2\map-proj-v3_2\ESP_019340_1875_RED-0065.jpg,calibration_b,clean,0.0,esp_019340_1875_red-0065_clean
map-proj-v3_2/ESP_034268_1795_RED-0417.jpg,ok,,JPEG,227.0,227.0,L,1.0,1.0,normal,crater,val,esp_034268_1795_red-0417,[],28ca3f780a5c2fd94037b29dccebf66e6ddc0132b65917c944fddc683c9bfe2c,5de271fbe3110e7c4eed9f2af6b3004821e62bfbd45cdfb14215735b98d3f788,835b9c2cb93366cc,176.52871198742454,17.034093238153037,d8004e350d45310f,[],1.0,esp_034268_1795,['val'],1.0,Counter({'val': 1}),val,3d3af0ffc91f037f,True,hirise_clean,0,C:\Users\deves\OneDrive\Desktop\Projects\TCMD-SS\data\raw\hirise_v3_2\map-proj-v3_2\ESP_034268_1795_RED-0417.jpg,calibration_b,clean,0.0,esp_034268_1795_red-0417_clean
map-proj-v3_2/ESP_020421_1810_RED-0055.jpg,ok,,JPEG,227.0,227.0,L,1.0,1.0,normal,slope streak,test,esp_020421_1810_red-0055,[],547d2353ea6d4defb26b55c0d2cfb9608127caace9eb537ee0a836eb39259198,449a21e52952a8c4e29ffe9ef1037882a7522c892cef1a283d2e7355457e7baf,db6d35198d642f18,108.20749480874848,71.08079084244176,c2b6989d90a3dcc7,[],3.0,esp_020421_1810,['test'],1.0,Counter({'test': 1}),val,4976a8ffc9a34a67,True,hirise_clean,0,C:\Users\deves\OneDrive\Desktop\Projects\TCMD-SS\data\raw\hirise_v3_2\map-proj-v3_2\ESP_020421_1810_RED-0055.jpg,calibration_b,clean,0.0,esp_020421_1810_red-0055_clean
map-proj-v3_2/ESP_015897_2655_RED-0013.jpg,ok,,JPEG,227.0,227.0,L,1.0,1.0,normal,impact ejecta,val,esp_015897_2655_red-0013,[],0c78e9817a481ff96deb2fac8d3af4180f0244b19f5f97b16d016c9548071be1,1c054c46c5688862f764de8172cdd68bc5d4739828111ec4da833ac96d05a104,b1a8dcad5285ca75,96.92262609404412,24.450187114811417,61898477380ed3e0,[],5.0,esp_015897_2655,['val'],2.0,Counter({'val': 2}),val,edbfc807a0aec8f6,True,hirise_clean,0,C:\Users\deves\OneDrive\Desktop\Projects\TCMD-SS\data\raw\hirise_v3_2\map-proj-v3_2\ESP_015897_2655_RED-0013.jpg,calibration_b,clean,0.0,esp_015897_2655_red-0013_clean
map-proj-v3_2/PSP_004673_0935_RED-0009.jpg,ok,,JPEG,227.0,227.0,L,1.0,1.0,normal,swiss cheese,test,psp_004673_0935_red-0009,[],d1ece50253a61b17ead134ec940ea364d0564781e49841f32e8b53f0a7bf8af6,d79f74c1d952ddb6b6f21dbc4acddc6af1562dff0f7b75723188a751643d0afe,dfb368d0a489724d,90.95680102466572,41.76707851664303,2e3644aef9f53c55,[],6.0,psp_004673_0935,['test'],1.0,Counter({'test': 1}),val,edbfc807a0aec8f6,True,hirise_clean,0,C:\Users\deves\OneDrive\Desktop\Projects\TCMD-SS\data\raw\hirise_v3_2\map-proj-v3_2\PSP_004673_0935_RED-0009.jpg,calibration_b,clean,0.0,psp_004673_0935_red-0009_clean
map-proj-v3_2/ESP_015897_2655_RED-0015.jpg,ok,,JPEG,227.0,227.0,L,1.0,1.0,normal,spider,val,esp_015897_2655_red-0015,[],86e3b97fd53f20091b3b0d7b7193ca53332a4c2cb313a3906381e7e792a5f807,b81db3b6669d876c3036ba6d49ec5b23318fdb7051c04c55c4b92ef02bf081c4,8df09ec17c1318e7,77.96617438723825,27.188223912787223,7805d37477a6a682,[],7.0,esp_015897_2655,['val'],2.0,Counter({'val': 2}),val,edbfc807a0aec8f6,True,hirise_clean,0,C:\Users\deves\OneDrive\Desktop\Projects\TCMD-SS\data\raw\hirise_v3_2\map-proj-v3_2\ESP_015897_2655_RED-0015.jpg,calibration_b,clean,0.0,esp_015897_2655_red-0015_clean
map-proj-v3_2/ESP_012971_2015_RED-0226.jpg,ok,,JPEG,227.0,227.0,L,1.0,1.0,normal,other,val,esp_012971_2015_red-0226,[],54efba220cf7cdb8ae3f45961ff51cecf76b015ae7e799e45ac99932f8c106d4,f71944b8bee5310bae38d69037e648199798672cc09c899028b73ba3acbdd8ab,fd83d1cee026a15c,97.767490151177,14.19238139154887,9a9fa40b7d8a6fb3,[],0.0,esp_012971_2015,['val'],1.0,Counter({'val': 1}),val,44f19f6daa37be2b,True,hirise_clean,0,C:\Users\deves\OneDrive\Desktop\Projects\TCMD-SS\data\raw\hirise_v3_2\map-proj-v3_2\ESP_012971_2015_RED-0226.jpg,calibration_b,clean,0.0,esp_012971_2015_red-0226_clean
map-proj-v3_2/ESP_023020_1410_RED-0176.jpg,ok,,JPEG,227.0,227.0,L,1.0,1.0,normal,crater,train,esp_023020_1410_red-0176,[],ae6689202db300de729f7e6adb47ef1d30f29af080f0dccb7718d232597ab449,417ffec840df2a11d68ca6f2464b1a7a07dee942296ba18cbd297da27518222d,a3f08d093367cf8a,159.3120766946768,11.414191698993712,f0fe9777aed9d086,[],1.0,esp_023020_1410,['train'],1.0,Counter({'train': 1}),val,a01922dfa27b71f7,True,hirise_clean,0,C:\Users\deves\OneDrive\Desktop\Projects\TCMD-SS\data\raw\hirise_v3_2\map-proj-v3_2\ESP_023020_1410_RED-0176.jpg,calibration_b,clean,0.0,esp_023020_1410_red-0176_clean
map-proj-v3_2/ESP_050128_2025_RED-0038.jpg,ok,,JPEG,227.0,227.0,L,1.0,1.0,normal,slope streak,train,esp_050128_2025_red-0038,[],c64b6a3e53e6dda18cc0d691da2cb905c2611a26e6f5da7c422e5bc8320c539f,a3eeaefec69102cbe8f80c364ffb455c38eaf59f03ba6e32089785a9b5c66be8,a3ab5caa58ae5a94,147.0294979526092,38.16702847469644,62d4414ad8848928,[],3.0,esp_050128_2025,['train'],2.0,Counter({'train': 2}),val,857ae588ac774718,True,hirise_clean,0,C:\Users\deves\OneDrive\Desktop\Projects\TCMD-SS\data\raw\hirise_v3_2\map-proj-v3_2\ESP_050128_2025_RED-0038.jpg,calibration_b,clean,0.0,esp_050128_2025_red-0038_clean
map-proj-v3_2/ESP_018299_2245_RED-0412.jpg,ok,,JPEG,227.0,227.0,L,1.0,1.0,normal,impact ejecta,train,esp_018299_2245_red-0412,[],68eedfad425777b335d8aa22f802e846b686309de46dc09b8c79dd2f2cc4fd1b,ccacfd7a8a94428fa360a3f73cfa7aba099fd708a62d2efaa36d8360d7ad2432,a673cc9c7133469c,134.0091987036426,20.871993627543358,98e70a4213c0ab03,[],5.0,esp_018299_2245,['train'],1.0,Counter({'train': 1}),val,68f7375f9d5f9c50,True,hirise_clean,0,C:\Users\deves\OneDrive\Desktop\Projects\TCMD-SS\data\raw\hirise_v3_2\map-proj-v3_2\ESP_018299_2245_RED-0412.jpg,calibration_b,clean,0.0,esp_018299_2245_red-0412_clean
map-proj-v3_2/PSP_004673_0935_RED-0034.jpg,ok,,JPEG,227.0,227.0,L,1.0,1.0,normal,swiss cheese,test,psp_004673_0935_red-0034,[],7ddcc1e1c3d923f5464e32bd0869cceb2bbeac48a05da3617e222efe6e8f1ae1,7ba45226732066daba3e3390f790a3aeb933d0b471ec87c89c6542c40d5c3c13,f900fb975519c4b8,111.5294494362398,16.953299958561445,b3cab27e80ed0812,[],6.0,psp_004673_0935,['test'],1.0,Counter({'test': 1}),val,edbfc807a0aec8f6,True,hirise_clean,0,C:\Users\deves\OneDrive\Desktop\Projects\TCMD-SS\data\raw\hirise_v3_2\map-proj-v3_2\PSP_004673_0935_RED-0034.jpg,calibration_b,clean,0.0,psp_004673_0935_red-0034_clean
map-proj-v3_2/ESP_015897_2655_RED-0052.jpg,ok,,JPEG,227.0,227.0,L,1.0,1.0,normal,spider,val,esp_015897_2655_red-0052,[],8053c3a62faab7e8163d0d39f6356b0a39c3a2ee667658b2b100628068c340f3,c6aff92e3d291fb43f0e6b6ddcce06dcbb19f9d0143b6000380bf4f74cf62add,e1f39c4d26929d64,150.05003008014904,12.665363739545596,2652ae830dbb704d,[],7.0,esp_015897_2655,['val'],2.0,Counter({'val': 2}),val,edbfc807a0aec8f6,True,hirise_clean,0,C:\Users\deves\OneDrive\Desktop\Projects\TCMD-SS\data\raw\hirise_v3_2\map-proj-v3_2\ESP_015897_2655_RED-0052.jpg,calibration_b,clean,0.0,esp_015897_2655_red-0052_clean
map-proj-v3_2/ESP_034268_1795_RED-0017.jpg,ok,,JPEG,227.0,227.0,L,1.0,1.0,normal,other,val,esp_034268_1795_red-0017,[],5fac8c76c47b0872ae0d7e056f0ea880b730134421e7ba5e3f5c2f14b32f4438,2a88b929c73527ab0d86d61f21ae5e8e6485c2bc8adee5c89ddd55857803c050,a71c5926e2d9b2cc,186.11704088959613,11.648714285987875,93093b32d15a2e1a,[],0.0,esp_034268_1795,['val'],1.0,Counter({'val': 1}),val,3d3af0ffc91f037f,True,hirise_clean,0,C:\Users\deves\OneDrive\Desktop\Projects\TCMD-SS\data\raw\hirise_v3_2\map-proj-v3_2\ESP_034268_1795_RED-0017.jpg,calibration_b,clean,0.0,esp_034268_1795_red-0017_clean
map-proj-v3_2/ESP_012494_2050_RED-0050.jpg,ok,,JPEG,227.0,227.0,L,1.0,1.0,normal,crater,train,esp_012494_2050_red-0050,[],f4291ad3c797e988e33efe9925862777f201c0a4c27bbcbcb269b51fb4381ced,f8fd99e4572e037813aa0f37ee081453625e2d72eea558deee2d8496210c7c0d,a27f48ac339d8c66,128.15794989229366,18.11832067115392,3d91c8b284be2603,[],1.0,esp_012494_2050,['train'],1.0,Counter({'train': 1}),val,fce0ac23e3f35811,True,hirise_clean,0,C:\Users\deves\OneDrive\Desktop\Projects\TCMD-SS\data\raw\hirise_v3_2\map-proj-v3_2\ESP_012494_2050_RED-0050.jpg,calibration_b,clean,0.0,esp_012494_2050_red-0050_clean
map-proj-v3_2/ESP_020133_1720_RED-0022.jpg,ok,,JPEG,227.0,227.0,L,1.0,1.0,normal,other,val,esp_020133_1720_red-0022,[],0392398d14c953f597b15d28c86dba4474963cc337f7bb59f196af71f5e7011f,8905df5f0bb243bb617c753f408cd8e5838e9cfd25f3fe79ecf7ecdf48837244,c7f81b724c863993,164.4439635933164,13.31468515535648,5936c43507846e13,[],0.0,esp_020133_1720,['val'],1.0,Counter({'val': 1}),test,59ea2b45b332c92d,True,hirise_clean,0,C:\Users\deves\OneDrive\Desktop\Projects\TCMD-SS\data\raw\hirise_v3_2\map-proj-v3_2\ESP_020133_1720_RED-0022.jpg,development,clean,0.0,esp_020133_1720_red-0022_clean
map-proj-v3_2/ESP_020133_1720_RED-0022.jpg,ok,,JPEG,227.0,227.0,L,1.0,1.0,normal,other,val,esp_020133_1720_red-0022,[],0392398d14c953f597b15d28c86dba4474963cc337f7bb59f196af71f5e7011f,8905df5f0bb243bb617c753f408cd8e5838e9cfd25f3fe79ecf7ecdf48837244,c7f81b724c863993,164.4439635933164,13.31468515535648,5936c43507846e13,[],0.0,esp_020133_1720,['val'],1.0,Counter({'val': 1}),test,59ea2b45b332c92d,True,development_corruption,1,C:\Users\deves\OneDrive\Desktop\Projects\TCMD-SS\data\raw\hirise_v3_2\map-proj-v3_2\ESP_020133_1720_RED-0022.jpg,development,stripes,0.15,esp_020133_1720_red-0022_stripes_0.15
map-proj-v3_2/ESP_020133_1720_RED-0022.jpg,ok,,JPEG,227.0,227.0,L,1.0,1.0,normal,other,val,esp_020133_1720_red-0022,[],0392398d14c953f597b15d28c86dba4474963cc337f7bb59f196af71f5e7011f,8905df5f0bb243bb617c753f408cd8e5838e9cfd25f3fe79ecf7ecdf48837244,c7f81b724c863993,164.4439635933164,13.31468515535648,5936c43507846e13,[],0.0,esp_020133_1720,['val'],1.0,Counter({'val': 1}),test,59ea2b45b332c92d,True,development_corruption,1,C:\Users\deves\OneDrive\Desktop\Projects\TCMD-SS\data\raw\hirise_v3_2\map-proj-v3_2\ESP_020133_1720_RED-0022.jpg,development,stripes,0.3,esp_020133_1720_red-0022_stripes_0.3
map-proj-v3_2/ESP_020133_1720_RED-0022.jpg,ok,,JPEG,227.0,227.0,L,1.0,1.0,normal,other,val,esp_020133_1720_red-0022,[],0392398d14c953f597b15d28c86dba4474963cc337f7bb59f196af71f5e7011f,8905df5f0bb243bb617c753f408cd8e5838e9cfd25f3fe79ecf7ecdf48837244,c7f81b724c863993,164.4439635933164,13.31468515535648,5936c43507846e13,[],0.0,esp_020133_1720,['val'],1.0,Counter({'val': 1}),test,59ea2b45b332c92d,True,development_corruption,1,C:\Users\deves\OneDrive\Desktop\Projects\TCMD-SS\data\raw\hirise_v3_2\map-proj-v3_2\ESP_020133_1720_RED-0022.jpg,development,stripes,0.5,esp_020133_1720_red-0022_stripes_0.5
map-proj-v3_2/ESP_020133_1720_RED-0022.jpg,ok,,JPEG,227.0,227.0,L,1.0,1.0,normal,other,val,esp_020133_1720_red-0022,[],0392398d14c953f597b15d28c86dba4474963cc337f7bb59f196af71f5e7011f,8905df5f0bb243bb617c753f408cd8e5838e9cfd25f3fe79ecf7ecdf48837244,c7f81b724c863993,164.4439635933164,13.31468515535648,5936c43507846e13,[],0.0,esp_020133_1720,['val'],1.0,Counter({'val': 1}),test,59ea2b45b332c92d,True,development_corruption,1,C:\Users\deves\OneDrive\Desktop\Projects\TCMD-SS\data\raw\hirise_v3_2\map-proj-v3_2\ESP_020133_1720_RED-0022.jpg,development,dead_pixels,0.15,esp_020133_1720_red-0022_dead_pixels_0.15
map-proj-v3_2/ESP_020133_1720_RED-0022.jpg,ok,,JPEG,227.0,227.0,L,1.0,1.0,normal,other,val,esp_020133_1720_red-0022,[],0392398d14c953f597b15d28c86dba4474963cc337f7bb59f196af71f5e7011f,8905df5f0bb243bb617c753f408cd8e5838e9cfd25f3fe79ecf7ecdf48837244,c7f81b724c863993,164.4439635933164,13.31468515535648,5936c43507846e13,[],0.0,esp_020133_1720,['val'],1.0,Counter({'val': 1}),test,59ea2b45b332c92d,True,development_corruption,1,C:\Users\deves\OneDrive\Desktop\Projects\TCMD-SS\data\raw\hirise_v3_2\map-proj-v3_2\ESP_020133_1720_RED-0022.jpg,development,dead_pixels,0.3,esp_020133_1720_red-0022_dead_pixels_0.3
map-proj-v3_2/ESP_020133_1720_RED-0022.jpg,ok,,JPEG,227.0,227.0,L,1.0,1.0,normal,other,val,esp_020133_1720_red-0022,[],0392398d14c953f597b15d28c86dba4474963cc337f7bb59f196af71f5e7011f,8905df5f0bb243bb617c753f408cd8e5838e9cfd25f3fe79ecf7ecdf48837244,c7f81b724c863993,164.4439635933164,13.31468515535648,5936c43507846e13,[],0.0,esp_020133_1720,['val'],1.0,Counter({'val': 1}),test,59ea2b45b332c92d,True,development_corruption,1,C:\Users\deves\OneDrive\Desktop\Projects\TCMD-SS\data\raw\hirise_v3_2\map-proj-v3_2\ESP_020133_1720_RED-0022.jpg,development,dead_pixels,0.5,esp_020133_1720_red-0022_dead_pixels_0.5
map-proj-v3_2/ESP_020133_1720_RED-0022.jpg,ok,,JPEG,227.0,227.0,L,1.0,1.0,normal,other,val,esp_020133_1720_red-0022,[],0392398d14c953f597b15d28c86dba4474963cc337f7bb59f196af71f5e7011f,8905df5f0bb243bb617c753f408cd8e5838e9cfd25f3fe79ecf7ecdf48837244,c7f81b724c863993,164.4439635933164,13.31468515535648,5936c43507846e13,[],0.0,esp_020133_1720,['val'],1.0,Counter({'val': 1}),test,59ea2b45b332c92d,True,development_corruption,1,C:\Users\deves\OneDrive\Desktop\Projects\TCMD-SS\data\raw\hirise_v3_2\map-proj-v3_2\ESP_020133_1720_RED-0022.jpg,development,missing_patch,0.15,esp_020133_1720_red-0022_missing_patch_0.15
map-proj-v3_2/ESP_020133_1720_RED-0022.jpg,ok,,JPEG,227.0,227.0,L,1.0,1.0,normal,other,val,esp_020133_1720_red-0022,[],0392398d14c953f597b15d28c86dba4474963cc337f7bb59f196af71f5e7011f,8905df5f0bb243bb617c753f408cd8e5838e9cfd25f3fe79ecf7ecdf48837244,c7f81b724c863993,164.4439635933164,13.31468515535648,5936c43507846e13,[],0.0,esp_020133_1720,['val'],1.0,Counter({'val': 1}),test,59ea2b45b332c92d,True,development_corruption,1,C:\Users\deves\OneDrive\Desktop\Projects\TCMD-SS\data\raw\hirise_v3_2\map-proj-v3_2\ESP_020133_1720_RED-0022.jpg,development,missing_patch,0.3,esp_020133_1720_red-0022_missing_patch_0.3
map-proj-v3_2/ESP_020133_1720_RED-0022.jpg,ok,,JPEG,227.0,227.0,L,1.0,1.0,normal,other,val,esp_020133_1720_red-0022,[],0392398d14c953f597b15d28c86dba4474963cc337f7bb59f196af71f5e7011f,8905df5f0bb243bb617c753f408cd8e5838e9cfd25f3fe79ecf7ecdf48837244,c7f81b724c863993,164.4439635933164,13.31468515535648,5936c43507846e13,[],0.0,esp_020133_1720,['val'],1.0,Counter({'val': 1}),test,59ea2b45b332c92d,True,development_corruption,1,C:\Users\deves\OneDrive\Desktop\Projects\TCMD-SS\data\raw\hirise_v3_2\map-proj-v3_2\ESP_020133_1720_RED-0022.jpg,development,missing_patch,0.5,esp_020133_1720_red-0022_missing_patch_0.5
map-proj-v3_2/ESP_020133_1720_RED-0022.jpg,ok,,JPEG,227.0,227.0,L,1.0,1.0,normal,other,val,esp_020133_1720_red-0022,[],0392398d14c953f597b15d28c86dba4474963cc337f7bb59f196af71f5e7011f,8905df5f0bb243bb617c753f408cd8e5838e9cfd25f3fe79ecf7ecdf48837244,c7f81b724c863993,164.4439635933164,13.31468515535648,5936c43507846e13,[],0.0,esp_020133_1720,['val'],1.0,Counter({'val': 1}),test,59ea2b45b332c92d,True,development_corruption,1,C:\Users\deves\OneDrive\Desktop\Projects\TCMD-SS\data\raw\hirise_v3_2\map-proj-v3_2\ESP_020133_1720_RED-0022.jpg,development,local_blur,0.15,esp_020133_1720_red-0022_local_blur_0.15
map-proj-v3_2/ESP_020133_1720_RED-0022.jpg,ok,,JPEG,227.0,227.0,L,1.0,1.0,normal,other,val,esp_020133_1720_red-0022,[],0392398d14c953f597b15d28c86dba4474963cc337f7bb59f196af71f5e7011f,8905df5f0bb243bb617c753f408cd8e5838e9cfd25f3fe79ecf7ecdf48837244,c7f81b724c863993,164.4439635933164,13.31468515535648,5936c43507846e13,[],0.0,esp_020133_1720,['val'],1.0,Counter({'val': 1}),test,59ea2b45b332c92d,True,development_corruption,1,C:\Users\deves\OneDrive\Desktop\Projects\TCMD-SS\data\raw\hirise_v3_2\map-proj-v3_2\ESP_020133_1720_RED-0022.jpg,development,local_blur,0.3,esp_020133_1720_red-0022_local_blur_0.3
map-proj-v3_2/ESP_020133_1720_RED-0022.jpg,ok,,JPEG,227.0,227.0,L,1.0,1.0,normal,other,val,esp_020133_1720_red-0022,[],0392398d14c953f597b15d28c86dba4474963cc337f7bb59f196af71f5e7011f,8905df5f0bb243bb617c753f408cd8e5838e9cfd25f3fe79ecf7ecdf48837244,c7f81b724c863993,164.4439635933164,13.31468515535648,5936c43507846e13,[],0.0,esp_020133_1720,['val'],1.0,Counter({'val': 1}),test,59ea2b45b332c92d,True,development_corruption,1,C:\Users\deves\OneDrive\Desktop\Projects\TCMD-SS\data\raw\hirise_v3_2\map-proj-v3_2\ESP_020133_1720_RED-0022.jpg,development,local_blur,0.5,esp_020133_1720_red-0022_local_blur_0.5
map-proj-v3_2/ESP_020133_1720_RED-0022.jpg,ok,,JPEG,227.0,227.0,L,1.0,1.0,normal,other,val,esp_020133_1720_red-0022,[],0392398d14c953f597b15d28c86dba4474963cc337f7bb59f196af71f5e7011f,8905df5f0bb243bb617c753f408cd8e5838e9cfd25f3fe79ecf7ecdf48837244,c7f81b724c863993,164.4439635933164,13.31468515535648,5936c43507846e13,[],0.0,esp_020133_1720,['val'],1.0,Counter({'val': 1}),test,59ea2b45b332c92d,True,development_corruption,1,C:\Users\deves\OneDrive\Desktop\Projects\TCMD-SS\data\raw\hirise_v3_2\map-proj-v3_2\ESP_020133_1720_RED-0022.jpg,development,patch_duplication,0.15,esp_020133_1720_red-0022_patch_duplication_0.15
map-proj-v3_2/ESP_020133_1720_RED-0022.jpg,ok,,JPEG,227.0,227.0,L,1.0,1.0,normal,other,val,esp_020133_1720_red-0022,[],0392398d14c953f597b15d28c86dba4474963cc337f7bb59f196af71f5e7011f,8905df5f0bb243bb617c753f408cd8e5838e9cfd25f3fe79ecf7ecdf48837244,c7f81b724c863993,164.4439635933164,13.31468515535648,5936c43507846e13,[],0.0,esp_020133_1720,['val'],1.0,Counter({'val': 1}),test,59ea2b45b332c92d,True,development_corruption,1,C:\Users\deves\OneDrive\Desktop\Projects\TCMD-SS\data\raw\hirise_v3_2\map-proj-v3_2\ESP_020133_1720_RED-0022.jpg,development,patch_duplication,0.3,esp_020133_1720_red-0022_patch_duplication_0.3
map-proj-v3_2/ESP_020133_1720_RED-0022.jpg,ok,,JPEG,227.0,227.0,L,1.0,1.0,normal,other,val,esp_020133_1720_red-0022,[],0392398d14c953f597b15d28c86dba4474963cc337f7bb59f196af71f5e7011f,8905df5f0bb243bb617c753f408cd8e5838e9cfd25f3fe79ecf7ecdf48837244,c7f81b724c863993,164.4439635933164,13.31468515535648,5936c43507846e13,[],0.0,esp_020133_1720,['val'],1.0,Counter({'val': 1}),test,59ea2b45b332c92d,True,development_corruption,1,C:\Users\deves\OneDrive\Desktop\Projects\TCMD-SS\data\raw\hirise_v3_2\map-proj-v3_2\ESP_020133_1720_RED-0022.jpg,development,patch_duplication,0.5,esp_020133_1720_red-0022_patch_duplication_0.5
map-proj-v3_2/ESP_020133_1720_RED-0022.jpg,ok,,JPEG,227.0,227.0,L,1.0,1.0,normal,other,val,esp_020133_1720_red-0022,[],0392398d14c953f597b15d28c86dba4474963cc337f7bb59f196af71f5e7011f,8905df5f0bb243bb617c753f408cd8e5838e9cfd25f3fe79ecf7ecdf48837244,c7f81b724c863993,164.4439635933164,13.31468515535648,5936c43507846e13,[],0.0,esp_020133_1720,['val'],1.0,Counter({'val': 1}),test,59ea2b45b332c92d,True,development_corruption,1,C:\Users\deves\OneDrive\Desktop\Projects\TCMD-SS\data\raw\hirise_v3_2\map-proj-v3_2\ESP_020133_1720_RED-0022.jpg,development,foreign_content,0.15,esp_020133_1720_red-0022_foreign_content_0.15
map-proj-v3_2/ESP_020133_1720_RED-0022.jpg,ok,,JPEG,227.0,227.0,L,1.0,1.0,normal,other,val,esp_020133_1720_red-0022,[],0392398d14c953f597b15d28c86dba4474963cc337f7bb59f196af71f5e7011f,8905df5f0bb243bb617c753f408cd8e5838e9cfd25f3fe79ecf7ecdf48837244,c7f81b724c863993,164.4439635933164,13.31468515535648,5936c43507846e13,[],0.0,esp_020133_1720,['val'],1.0,Counter({'val': 1}),test,59ea2b45b332c92d,True,development_corruption,1,C:\Users\deves\OneDrive\Desktop\Projects\TCMD-SS\data\raw\hirise_v3_2\map-proj-v3_2\ESP_020133_1720_RED-0022.jpg,development,foreign_content,0.3,esp_020133_1720_red-0022_foreign_content_0.3
map-proj-v3_2/ESP_020133_1720_RED-0022.jpg,ok,,JPEG,227.0,227.0,L,1.0,1.0,normal,other,val,esp_020133_1720_red-0022,[],0392398d14c953f597b15d28c86dba4474963cc337f7bb59f196af71f5e7011f,8905df5f0bb243bb617c753f408cd8e5838e9cfd25f3fe79ecf7ecdf48837244,c7f81b724c863993,164.4439635933164,13.31468515535648,5936c43507846e13,[],0.0,esp_020133_1720,['val'],1.0,Counter({'val': 1}),test,59ea2b45b332c92d,True,development_corruption,1,C:\Users\deves\OneDrive\Desktop\Projects\TCMD-SS\data\raw\hirise_v3_2\map-proj-v3_2\ESP_020133_1720_RED-0022.jpg,development,foreign_content,0.5,esp_020133_1720_red-0022_foreign_content_0.5
map-proj-v3_2/PSP_006766_1850_RED-0037.jpg,ok,,JPEG,227.0,227.0,L,1.0,1.0,normal,crater,train,psp_006766_1850_red-0037,[],06aa7d85966895c2f30b6833ff82c1be68b341aae79febbcfa9ff0d7b4b87d2d,2ffa3828849b8703568ee04c2b7857da26d27ae0da409e2fb935b8baa3b777a0,d24b996c65d99706,104.93036930660404,62.140194370711605,42723c2a3a08d9c8,[],1.0,psp_006766_1850,['train'],1.0,Counter({'train': 1}),test,ad1e3cd913b8aecb,True,hirise_clean,0,C:\Users\deves\OneDrive\Desktop\Projects\TCMD-SS\data\raw\hirise_v3_2\map-proj-v3_2\PSP_006766_1850_RED-0037.jpg,development,clean,0.0,psp_006766_1850_red-0037_clean
map-proj-v3_2/PSP_006766_1850_RED-0037.jpg,ok,,JPEG,227.0,227.0,L,1.0,1.0,normal,crater,train,psp_006766_1850_red-0037,[],06aa7d85966895c2f30b6833ff82c1be68b341aae79febbcfa9ff0d7b4b87d2d,2ffa3828849b8703568ee04c2b7857da26d27ae0da409e2fb935b8baa3b777a0,d24b996c65d99706,104.93036930660404,62.140194370711605,42723c2a3a08d9c8,[],1.0,psp_006766_1850,['train'],1.0,Counter({'train': 1}),test,ad1e3cd913b8aecb,True,development_corruption,1,C:\Users\deves\OneDrive\Desktop\Projects\TCMD-SS\data\raw\hirise_v3_2\map-proj-v3_2\PSP_006766_1850_RED-0037.jpg,development,stripes,0.15,psp_006766_1850_red-0037_stripes_0.15
map-proj-v3_2/PSP_006766_1850_RED-0037.jpg,ok,,JPEG,227.0,227.0,L,1.0,1.0,normal,crater,train,psp_006766_1850_red-0037,[],06aa7d85966895c2f30b6833ff82c1be68b341aae79febbcfa9ff0d7b4b87d2d,2ffa3828849b8703568ee04c2b7857da26d27ae0da409e2fb935b8baa3b777a0,d24b996c65d99706,104.93036930660404,62.140194370711605,42723c2a3a08d9c8,[],1.0,psp_006766_1850,['train'],1.0,Counter({'train': 1}),test,ad1e3cd913b8aecb,True,development_corruption,1,C:\Users\deves\OneDrive\Desktop\Projects\TCMD-SS\data\raw\hirise_v3_2\map-proj-v3_2\PSP_006766_1850_RED-0037.jpg,development,stripes,0.3,psp_006766_1850_red-0037_stripes_0.3
map-proj-v3_2/PSP_006766_1850_RED-0037.jpg,ok,,JPEG,227.0,227.0,L,1.0,1.0,normal,crater,train,psp_006766_1850_red-0037,[],06aa7d85966895c2f30b6833ff82c1be68b341aae79febbcfa9ff0d7b4b87d2d,2ffa3828849b8703568ee04c2b7857da26d27ae0da409e2fb935b8baa3b777a0,d24b996c65d99706,104.93036930660404,62.140194370711605,42723c2a3a08d9c8,[],1.0,psp_006766_1850,['train'],1.0,Counter({'train': 1}),test,ad1e3cd913b8aecb,True,development_corruption,1,C:\Users\deves\OneDrive\Desktop\Projects\TCMD-SS\data\raw\hirise_v3_2\map-proj-v3_2\PSP_006766_1850_RED-0037.jpg,development,stripes,0.5,psp_006766_1850_red-0037_stripes_0.5
map-proj-v3_2/PSP_006766_1850_RED-0037.jpg,ok,,JPEG,227.0,227.0,L,1.0,1.0,normal,crater,train,psp_006766_1850_red-0037,[],06aa7d85966895c2f30b6833ff82c1be68b341aae79febbcfa9ff0d7b4b87d2d,2ffa3828849b8703568ee04c2b7857da26d27ae0da409e2fb935b8baa3b777a0,d24b996c65d99706,104.93036930660404,62.140194370711605,42723c2a3a08d9c8,[],1.0,psp_006766_1850,['train'],1.0,Counter({'train': 1}),test,ad1e3cd913b8aecb,True,development_corruption,1,C:\Users\deves\OneDrive\Desktop\Projects\TCMD-SS\data\raw\hirise_v3_2\map-proj-v3_2\PSP_006766_1850_RED-0037.jpg,development,dead_pixels,0.15,psp_006766_1850_red-0037_dead_pixels_0.15
map-proj-v3_2/PSP_006766_1850_RED-0037.jpg,ok,,JPEG,227.0,227.0,L,1.0,1.0,normal,crater,train,psp_006766_1850_red-0037,[],06aa7d85966895c2f30b6833ff82c1be68b341aae79febbcfa9ff0d7b4b87d2d,2ffa3828849b8703568ee04c2b7857da26d27ae0da409e2fb935b8baa3b777a0,d24b996c65d99706,104.93036930660404,62.140194370711605,42723c2a3a08d9c8,[],1.0,psp_006766_1850,['train'],1.0,Counter({'train': 1}),test,ad1e3cd913b8aecb,True,development_corruption,1,C:\Users\deves\OneDrive\Desktop\Projects\TCMD-SS\data\raw\hirise_v3_2\map-proj-v3_2\PSP_006766_1850_RED-0037.jpg,development,dead_pixels,0.3,psp_006766_1850_red-0037_dead_pixels_0.3
map-proj-v3_2/PSP_006766_1850_RED-0037.jpg,ok,,JPEG,227.0,227.0,L,1.0,1.0,normal,crater,train,psp_006766_1850_red-0037,[],06aa7d85966895c2f30b6833ff82c1be68b341aae79febbcfa9ff0d7b4b87d2d,2ffa3828849b8703568ee04c2b7857da26d27ae0da409e2fb935b8baa3b777a0,d24b996c65d99706,104.93036930660404,62.140194370711605,42723c2a3a08d9c8,[],1.0,psp_006766_1850,['train'],1.0,Counter({'train': 1}),test,ad1e3cd913b8aecb,True,development_corruption,1,C:\Users\deves\OneDrive\Desktop\Projects\TCMD-SS\data\raw\hirise_v3_2\map-proj-v3_2\PSP_006766_1850_RED-0037.jpg,development,dead_pixels,0.5,psp_006766_1850_red-0037_dead_pixels_0.5
map-proj-v3_2/PSP_006766_1850_RED-0037.jpg,ok,,JPEG,227.0,227.0,L,1.0,1.0,normal,crater,train,psp_006766_1850_red-0037,[],06aa7d85966895c2f30b6833ff82c1be68b341aae79febbcfa9ff0d7b4b87d2d,2ffa3828849b8703568ee04c2b7857da26d27ae0da409e2fb935b8baa3b777a0,d24b996c65d99706,104.93036930660404,62.140194370711605,42723c2a3a08d9c8,[],1.0,psp_006766_1850,['train'],1.0,Counter({'train': 1}),test,ad1e3cd913b8aecb,True,development_corruption,1,C:\Users\deves\OneDrive\Desktop\Projects\TCMD-SS\data\raw\hirise_v3_2\map-proj-v3_2\PSP_006766_1850_RED-0037.jpg,development,missing_patch,0.15,psp_006766_1850_red-0037_missing_patch_0.15
map-proj-v3_2/PSP_006766_1850_RED-0037.jpg,ok,,JPEG,227.0,227.0,L,1.0,1.0,normal,crater,train,psp_006766_1850_red-0037,[],06aa7d85966895c2f30b6833ff82c1be68b341aae79febbcfa9ff0d7b4b87d2d,2ffa3828849b8703568ee04c2b7857da26d27ae0da409e2fb935b8baa3b777a0,d24b996c65d99706,104.93036930660404,62.140194370711605,42723c2a3a08d9c8,[],1.0,psp_006766_1850,['train'],1.0,Counter({'train': 1}),test,ad1e3cd913b8aecb,True,development_corruption,1,C:\Users\deves\OneDrive\Desktop\Projects\TCMD-SS\data\raw\hirise_v3_2\map-proj-v3_2\PSP_006766_1850_RED-0037.jpg,development,missing_patch,0.3,psp_006766_1850_red-0037_missing_patch_0.3
map-proj-v3_2/PSP_006766_1850_RED-0037.jpg,ok,,JPEG,227.0,227.0,L,1.0,1.0,normal,crater,train,psp_006766_1850_red-0037,[],06aa7d85966895c2f30b6833ff82c1be68b341aae79febbcfa9ff0d7b4b87d2d,2ffa3828849b8703568ee04c2b7857da26d27ae0da409e2fb935b8baa3b777a0,d24b996c65d99706,104.93036930660404,62.140194370711605,42723c2a3a08d9c8,[],1.0,psp_006766_1850,['train'],1.0,Counter({'train': 1}),test,ad1e3cd913b8aecb,True,development_corruption,1,C:\Users\deves\OneDrive\Desktop\Projects\TCMD-SS\data\raw\hirise_v3_2\map-proj-v3_2\PSP_006766_1850_RED-0037.jpg,development,missing_patch,0.5,psp_006766_1850_red-0037_missing_patch_0.5
map-proj-v3_2/PSP_006766_1850_RED-0037.jpg,ok,,JPEG,227.0,227.0,L,1.0,1.0,normal,crater,train,psp_006766_1850_red-0037,[],06aa7d85966895c2f30b6833ff82c1be68b341aae79febbcfa9ff0d7b4b87d2d,2ffa3828849b8703568ee04c2b7857da26d27ae0da409e2fb935b8baa3b777a0,d24b996c65d99706,104.93036930660404,62.140194370711605,42723c2a3a08d9c8,[],1.0,psp_006766_1850,['train'],1.0,Counter({'train': 1}),test,ad1e3cd913b8aecb,True,development_corruption,1,C:\Users\deves\OneDrive\Desktop\Projects\TCMD-SS\data\raw\hirise_v3_2\map-proj-v3_2\PSP_006766_1850_RED-0037.jpg,development,local_blur,0.15,psp_006766_1850_red-0037_local_blur_0.15
map-proj-v3_2/PSP_006766_1850_RED-0037.jpg,ok,,JPEG,227.0,227.0,L,1.0,1.0,normal,crater,train,psp_006766_1850_red-0037,[],06aa7d85966895c2f30b6833ff82c1be68b341aae79febbcfa9ff0d7b4b87d2d,2ffa3828849b8703568ee04c2b7857da26d27ae0da409e2fb935b8baa3b777a0,d24b996c65d99706,104.93036930660404,62.140194370711605,42723c2a3a08d9c8,[],1.0,psp_006766_1850,['train'],1.0,Counter({'train': 1}),test,ad1e3cd913b8aecb,True,development_corruption,1,C:\Users\deves\OneDrive\Desktop\Projects\TCMD-SS\data\raw\hirise_v3_2\map-proj-v3_2\PSP_006766_1850_RED-0037.jpg,development,local_blur,0.3,psp_006766_1850_red-0037_local_blur_0.3
map-proj-v3_2/PSP_006766_1850_RED-0037.jpg,ok,,JPEG,227.0,227.0,L,1.0,1.0,normal,crater,train,psp_006766_1850_red-0037,[],06aa7d85966895c2f30b6833ff82c1be68b341aae79febbcfa9ff0d7b4b87d2d,2ffa3828849b8703568ee04c2b7857da26d27ae0da409e2fb935b8baa3b777a0,d24b996c65d99706,104.93036930660404,62.140194370711605,42723c2a3a08d9c8,[],1.0,psp_006766_1850,['train'],1.0,Counter({'train': 1}),test,ad1e3cd913b8aecb,True,development_corruption,1,C:\Users\deves\OneDrive\Desktop\Projects\TCMD-SS\data\raw\hirise_v3_2\map-proj-v3_2\PSP_006766_1850_RED-0037.jpg,development,local_blur,0.5,psp_006766_1850_red-0037_local_blur_0.5
map-proj-v3_2/PSP_006766_1850_RED-0037.jpg,ok,,JPEG,227.0,227.0,L,1.0,1.0,normal,crater,train,psp_006766_1850_red-0037,[],06aa7d85966895c2f30b6833ff82c1be68b341aae79febbcfa9ff0d7b4b87d2d,2ffa3828849b8703568ee04c2b7857da26d27ae0da409e2fb935b8baa3b777a0,d24b996c65d99706,104.93036930660404,62.140194370711605,42723c2a3a08d9c8,[],1.0,psp_006766_1850,['train'],1.0,Counter({'train': 1}),test,ad1e3cd913b8aecb,True,development_corruption,1,C:\Users\deves\OneDrive\Desktop\Projects\TCMD-SS\data\raw\hirise_v3_2\map-proj-v3_2\PSP_006766_1850_RED-0037.jpg,development,patch_duplication,0.15,psp_006766_1850_red-0037_patch_duplication_0.15
map-proj-v3_2/PSP_006766_1850_RED-0037.jpg,ok,,JPEG,227.0,227.0,L,1.0,1.0,normal,crater,train,psp_006766_1850_red-0037,[],06aa7d85966895c2f30b6833ff82c1be68b341aae79febbcfa9ff0d7b4b87d2d,2ffa3828849b8703568ee04c2b7857da26d27ae0da409e2fb935b8baa3b777a0,d24b996c65d99706,104.93036930660404,62.140194370711605,42723c2a3a08d9c8,[],1.0,psp_006766_1850,['train'],1.0,Counter({'train': 1}),test,ad1e3cd913b8aecb,True,development_corruption,1,C:\Users\deves\OneDrive\Desktop\Projects\TCMD-SS\data\raw\hirise_v3_2\map-proj-v3_2\PSP_006766_1850_RED-0037.jpg,development,patch_duplication,0.3,psp_006766_1850_red-0037_patch_duplication_0.3
map-proj-v3_2/PSP_006766_1850_RED-0037.jpg,ok,,JPEG,227.0,227.0,L,1.0,1.0,normal,crater,train,psp_006766_1850_red-0037,[],06aa7d85966895c2f30b6833ff82c1be68b341aae79febbcfa9ff0d7b4b87d2d,2ffa3828849b8703568ee04c2b7857da26d27ae0da409e2fb935b8baa3b777a0,d24b996c65d99706,104.93036930660404,62.140194370711605,42723c2a3a08d9c8,[],1.0,psp_006766_1850,['train'],1.0,Counter({'train': 1}),test,ad1e3cd913b8aecb,True,development_corruption,1,C:\Users\deves\OneDrive\Desktop\Projects\TCMD-SS\data\raw\hirise_v3_2\map-proj-v3_2\PSP_006766_1850_RED-0037.jpg,development,patch_duplication,0.5,psp_006766_1850_red-0037_patch_duplication_0.5
map-proj-v3_2/PSP_006766_1850_RED-0037.jpg,ok,,JPEG,227.0,227.0,L,1.0,1.0,normal,crater,train,psp_006766_1850_red-0037,[],06aa7d85966895c2f30b6833ff82c1be68b341aae79febbcfa9ff0d7b4b87d2d,2ffa3828849b8703568ee04c2b7857da26d27ae0da409e2fb935b8baa3b777a0,d24b996c65d99706,104.93036930660404,62.140194370711605,42723c2a3a08d9c8,[],1.0,psp_006766_1850,['train'],1.0,Counter({'train': 1}),test,ad1e3cd913b8aecb,True,development_corruption,1,C:\Users\deves\OneDrive\Desktop\Projects\TCMD-SS\data\raw\hirise_v3_2\map-proj-v3_2\PSP_006766_1850_RED-0037.jpg,development,foreign_content,0.15,psp_006766_1850_red-0037_foreign_content_0.15
map-proj-v3_2/PSP_006766_1850_RED-0037.jpg,ok,,JPEG,227.0,227.0,L,1.0,1.0,normal,crater,train,psp_006766_1850_red-0037,[],06aa7d85966895c2f30b6833ff82c1be68b341aae79febbcfa9ff0d7b4b87d2d,2ffa3828849b8703568ee04c2b7857da26d27ae0da409e2fb935b8baa3b777a0,d24b996c65d99706,104.93036930660404,62.140194370711605,42723c2a3a08d9c8,[],1.0,psp_006766_1850,['train'],1.0,Counter({'train': 1}),test,ad1e3cd913b8aecb,True,development_corruption,1,C:\Users\deves\OneDrive\Desktop\Projects\TCMD-SS\data\raw\hirise_v3_2\map-proj-v3_2\PSP_006766_1850_RED-0037.jpg,development,foreign_content,0.3,psp_006766_1850_red-0037_foreign_content_0.3
map-proj-v3_2/PSP_006766_1850_RED-0037.jpg,ok,,JPEG,227.0,227.0,L,1.0,1.0,normal,crater,train,psp_006766_1850_red-0037,[],06aa7d85966895c2f30b6833ff82c1be68b341aae79febbcfa9ff0d7b4b87d2d,2ffa3828849b8703568ee04c2b7857da26d27ae0da409e2fb935b8baa3b777a0,d24b996c65d99706,104.93036930660404,62.140194370711605,42723c2a3a08d9c8,[],1.0,psp_006766_1850,['train'],1.0,Counter({'train': 1}),test,ad1e3cd913b8aecb,True,development_corruption,1,C:\Users\deves\OneDrive\Desktop\Projects\TCMD-SS\data\raw\hirise_v3_2\map-proj-v3_2\PSP_006766_1850_RED-0037.jpg,development,foreign_content,0.5,psp_006766_1850_red-0037_foreign_content_0.5
map-proj-v3_2/ESP_019559_1390_RED-0576.jpg,ok,,JPEG,227.0,227.0,L,1.0,1.0,normal,dark dune,train,esp_019559_1390_red-0576,[],c578839acab68fc399d8bab96cf8c60b4605267c925c89e923c14bbac91be1ea,de94808f4321797bbe6f7dabffc662d01e56db0b2eaa6494a7719c922f5f93a3,da950ab5ee393682,121.4917425139242,25.9707082509997,c3cd077d684e7268,[],2.0,esp_019559_1390,['train'],1.0,Counter({'train': 1}),test,5d6e98f4490839ab,True,hirise_clean,0,C:\Users\deves\OneDrive\Desktop\Projects\TCMD-SS\data\raw\hirise_v3_2\map-proj-v3_2\ESP_019559_1390_RED-0576.jpg,development,clean,0.0,esp_019559_1390_red-0576_clean
map-proj-v3_2/ESP_019559_1390_RED-0576.jpg,ok,,JPEG,227.0,227.0,L,1.0,1.0,normal,dark dune,train,esp_019559_1390_red-0576,[],c578839acab68fc399d8bab96cf8c60b4605267c925c89e923c14bbac91be1ea,de94808f4321797bbe6f7dabffc662d01e56db0b2eaa6494a7719c922f5f93a3,da950ab5ee393682,121.4917425139242,25.9707082509997,c3cd077d684e7268,[],2.0,esp_019559_1390,['train'],1.0,Counter({'train': 1}),test,5d6e98f4490839ab,True,development_corruption,1,C:\Users\deves\OneDrive\Desktop\Projects\TCMD-SS\data\raw\hirise_v3_2\map-proj-v3_2\ESP_019559_1390_RED-0576.jpg,development,stripes,0.15,esp_019559_1390_red-0576_stripes_0.15
map-proj-v3_2/ESP_019559_1390_RED-0576.jpg,ok,,JPEG,227.0,227.0,L,1.0,1.0,normal,dark dune,train,esp_019559_1390_red-0576,[],c578839acab68fc399d8bab96cf8c60b4605267c925c89e923c14bbac91be1ea,de94808f4321797bbe6f7dabffc662d01e56db0b2eaa6494a7719c922f5f93a3,da950ab5ee393682,121.4917425139242,25.9707082509997,c3cd077d684e7268,[],2.0,esp_019559_1390,['train'],1.0,Counter({'train': 1}),test,5d6e98f4490839ab,True,development_corruption,1,C:\Users\deves\OneDrive\Desktop\Projects\TCMD-SS\data\raw\hirise_v3_2\map-proj-v3_2\ESP_019559_1390_RED-0576.jpg,development,stripes,0.3,esp_019559_1390_red-0576_stripes_0.3
map-proj-v3_2/ESP_019559_1390_RED-0576.jpg,ok,,JPEG,227.0,227.0,L,1.0,1.0,normal,dark dune,train,esp_019559_1390_red-0576,[],c578839acab68fc399d8bab96cf8c60b4605267c925c89e923c14bbac91be1ea,de94808f4321797bbe6f7dabffc662d01e56db0b2eaa6494a7719c922f5f93a3,da950ab5ee393682,121.4917425139242,25.9707082509997,c3cd077d684e7268,[],2.0,esp_019559_1390,['train'],1.0,Counter({'train': 1}),test,5d6e98f4490839ab,True,development_corruption,1,C:\Users\deves\OneDrive\Desktop\Projects\TCMD-SS\data\raw\hirise_v3_2\map-proj-v3_2\ESP_019559_1390_RED-0576.jpg,development,stripes,0.5,esp_019559_1390_red-0576_stripes_0.5
map-proj-v3_2/ESP_019559_1390_RED-0576.jpg,ok,,JPEG,227.0,227.0,L,1.0,1.0,normal,dark dune,train,esp_019559_1390_red-0576,[],c578839acab68fc399d8bab96cf8c60b4605267c925c89e923c14bbac91be1ea,de94808f4321797bbe6f7dabffc662d01e56db0b2eaa6494a7719c922f5f93a3,da950ab5ee393682,121.4917425139242,25.9707082509997,c3cd077d684e7268,[],2.0,esp_019559_1390,['train'],1.0,Counter({'train': 1}),test,5d6e98f4490839ab,True,development_corruption,1,C:\Users\deves\OneDrive\Desktop\Projects\TCMD-SS\data\raw\hirise_v3_2\map-proj-v3_2\ESP_019559_1390_RED-0576.jpg,development,dead_pixels,0.15,esp_019559_1390_red-0576_dead_pixels_0.15
map-proj-v3_2/ESP_019559_1390_RED-0576.jpg,ok,,JPEG,227.0,227.0,L,1.0,1.0,normal,dark dune,train,esp_019559_1390_red-0576,[],c578839acab68fc399d8bab96cf8c60b4605267c925c89e923c14bbac91be1ea,de94808f4321797bbe6f7dabffc662d01e56db0b2eaa6494a7719c922f5f93a3,da950ab5ee393682,121.4917425139242,25.9707082509997,c3cd077d684e7268,[],2.0,esp_019559_1390,['train'],1.0,Counter({'train': 1}),test,5d6e98f4490839ab,True,development_corruption,1,C:\Users\deves\OneDrive\Desktop\Projects\TCMD-SS\data\raw\hirise_v3_2\map-proj-v3_2\ESP_019559_1390_RED-0576.jpg,development,dead_pixels,0.3,esp_019559_1390_red-0576_dead_pixels_0.3
map-proj-v3_2/ESP_019559_1390_RED-0576.jpg,ok,,JPEG,227.0,227.0,L,1.0,1.0,normal,dark dune,train,esp_019559_1390_red-0576,[],c578839acab68fc399d8bab96cf8c60b4605267c925c89e923c14bbac91be1ea,de94808f4321797bbe6f7dabffc662d01e56db0b2eaa6494a7719c922f5f93a3,da950ab5ee393682,121.4917425139242,25.9707082509997,c3cd077d684e7268,[],2.0,esp_019559_1390,['train'],1.0,Counter({'train': 1}),test,5d6e98f4490839ab,True,development_corruption,1,C:\Users\deves\OneDrive\Desktop\Projects\TCMD-SS\data\raw\hirise_v3_2\map-proj-v3_2\ESP_019559_1390_RED-0576.jpg,development,dead_pixels,0.5,esp_019559_1390_red-0576_dead_pixels_0.5
map-proj-v3_2/ESP_019559_1390_RED-0576.jpg,ok,,JPEG,227.0,227.0,L,1.0,1.0,normal,dark dune,train,esp_019559_1390_red-0576,[],c578839acab68fc399d8bab96cf8c60b4605267c925c89e923c14bbac91be1ea,de94808f4321797bbe6f7dabffc662d01e56db0b2eaa6494a7719c922f5f93a3,da950ab5ee393682,121.4917425139242,25.9707082509997,c3cd077d684e7268,[],2.0,esp_019559_1390,['train'],1.0,Counter({'train': 1}),test,5d6e98f4490839ab,True,development_corruption,1,C:\Users\deves\OneDrive\Desktop\Projects\TCMD-SS\data\raw\hirise_v3_2\map-proj-v3_2\ESP_019559_1390_RED-0576.jpg,development,missing_patch,0.15,esp_019559_1390_red-0576_missing_patch_0.15
map-proj-v3_2/ESP_019559_1390_RED-0576.jpg,ok,,JPEG,227.0,227.0,L,1.0,1.0,normal,dark dune,train,esp_019559_1390_red-0576,[],c578839acab68fc399d8bab96cf8c60b4605267c925c89e923c14bbac91be1ea,de94808f4321797bbe6f7dabffc662d01e56db0b2eaa6494a7719c922f5f93a3,da950ab5ee393682,121.4917425139242,25.9707082509997,c3cd077d684e7268,[],2.0,esp_019559_1390,['train'],1.0,Counter({'train': 1}),test,5d6e98f4490839ab,True,development_corruption,1,C:\Users\deves\OneDrive\Desktop\Projects\TCMD-SS\data\raw\hirise_v3_2\map-proj-v3_2\ESP_019559_1390_RED-0576.jpg,development,missing_patch,0.3,esp_019559_1390_red-0576_missing_patch_0.3
map-proj-v3_2/ESP_019559_1390_RED-0576.jpg,ok,,JPEG,227.0,227.0,L,1.0,1.0,normal,dark dune,train,esp_019559_1390_red-0576,[],c578839acab68fc399d8bab96cf8c60b4605267c925c89e923c14bbac91be1ea,de94808f4321797bbe6f7dabffc662d01e56db0b2eaa6494a7719c922f5f93a3,da950ab5ee393682,121.4917425139242,25.9707082509997,c3cd077d684e7268,[],2.0,esp_019559_1390,['train'],1.0,Counter({'train': 1}),test,5d6e98f4490839ab,True,development_corruption,1,C:\Users\deves\OneDrive\Desktop\Projects\TCMD-SS\data\raw\hirise_v3_2\map-proj-v3_2\ESP_019559_1390_RED-0576.jpg,development,missing_patch,0.5,esp_019559_1390_red-0576_missing_patch_0.5
map-proj-v3_2/ESP_019559_1390_RED-0576.jpg,ok,,JPEG,227.0,227.0,L,1.0,1.0,normal,dark dune,train,esp_019559_1390_red-0576,[],c578839acab68fc399d8bab96cf8c60b4605267c925c89e923c14bbac91be1ea,de94808f4321797bbe6f7dabffc662d01e56db0b2eaa6494a7719c922f5f93a3,da950ab5ee393682,121.4917425139242,25.9707082509997,c3cd077d684e7268,[],2.0,esp_019559_1390,['train'],1.0,Counter({'train': 1}),test,5d6e98f4490839ab,True,development_corruption,1,C:\Users\deves\OneDrive\Desktop\Projects\TCMD-SS\data\raw\hirise_v3_2\map-proj-v3_2\ESP_019559_1390_RED-0576.jpg,development,local_blur,0.15,esp_019559_1390_red-0576_local_blur_0.15
map-proj-v3_2/ESP_019559_1390_RED-0576.jpg,ok,,JPEG,227.0,227.0,L,1.0,1.0,normal,dark dune,train,esp_019559_1390_red-0576,[],c578839acab68fc399d8bab96cf8c60b4605267c925c89e923c14bbac91be1ea,de94808f4321797bbe6f7dabffc662d01e56db0b2eaa6494a7719c922f5f93a3,da950ab5ee393682,121.4917425139242,25.9707082509997,c3cd077d684e7268,[],2.0,esp_019559_1390,['train'],1.0,Counter({'train': 1}),test,5d6e98f4490839ab,True,development_corruption,1,C:\Users\deves\OneDrive\Desktop\Projects\TCMD-SS\data\raw\hirise_v3_2\map-proj-v3_2\ESP_019559_1390_RED-0576.jpg,development,local_blur,0.3,esp_019559_1390_red-0576_local_blur_0.3
map-proj-v3_2/ESP_019559_1390_RED-0576.jpg,ok,,JPEG,227.0,227.0,L,1.0,1.0,normal,dark dune,train,esp_019559_1390_red-0576,[],c578839acab68fc399d8bab96cf8c60b4605267c925c89e923c14bbac91be1ea,de94808f4321797bbe6f7dabffc662d01e56db0b2eaa6494a7719c922f5f93a3,da950ab5ee393682,121.4917425139242,25.9707082509997,c3cd077d684e7268,[],2.0,esp_019559_1390,['train'],1.0,Counter({'train': 1}),test,5d6e98f4490839ab,True,development_corruption,1,C:\Users\deves\OneDrive\Desktop\Projects\TCMD-SS\data\raw\hirise_v3_2\map-proj-v3_2\ESP_019559_1390_RED-0576.jpg,development,local_blur,0.5,esp_019559_1390_red-0576_local_blur_0.5
map-proj-v3_2/ESP_019559_1390_RED-0576.jpg,ok,,JPEG,227.0,227.0,L,1.0,1.0,normal,dark dune,train,esp_019559_1390_red-0576,[],c578839acab68fc399d8bab96cf8c60b4605267c925c89e923c14bbac91be1ea,de94808f4321797bbe6f7dabffc662d01e56db0b2eaa6494a7719c922f5f93a3,da950ab5ee393682,121.4917425139242,25.9707082509997,c3cd077d684e7268,[],2.0,esp_019559_1390,['train'],1.0,Counter({'train': 1}),test,5d6e98f4490839ab,True,development_corruption,1,C:\Users\deves\OneDrive\Desktop\Projects\TCMD-SS\data\raw\hirise_v3_2\map-proj-v3_2\ESP_019559_1390_RED-0576.jpg,development,patch_duplication,0.15,esp_019559_1390_red-0576_patch_duplication_0.15
map-proj-v3_2/ESP_019559_1390_RED-0576.jpg,ok,,JPEG,227.0,227.0,L,1.0,1.0,normal,dark dune,train,esp_019559_1390_red-0576,[],c578839acab68fc399d8bab96cf8c60b4605267c925c89e923c14bbac91be1ea,de94808f4321797bbe6f7dabffc662d01e56db0b2eaa6494a7719c922f5f93a3,da950ab5ee393682,121.4917425139242,25.9707082509997,c3cd077d684e7268,[],2.0,esp_019559_1390,['train'],1.0,Counter({'train': 1}),test,5d6e98f4490839ab,True,development_corruption,1,C:\Users\deves\OneDrive\Desktop\Projects\TCMD-SS\data\raw\hirise_v3_2\map-proj-v3_2\ESP_019559_1390_RED-0576.jpg,development,patch_duplication,0.3,esp_019559_1390_red-0576_patch_duplication_0.3
map-proj-v3_2/ESP_019559_1390_RED-0576.jpg,ok,,JPEG,227.0,227.0,L,1.0,1.0,normal,dark dune,train,esp_019559_1390_red-0576,[],c578839acab68fc399d8bab96cf8c60b4605267c925c89e923c14bbac91be1ea,de94808f4321797bbe6f7dabffc662d01e56db0b2eaa6494a7719c922f5f93a3,da950ab5ee393682,121.4917425139242,25.9707082509997,c3cd077d684e7268,[],2.0,esp_019559_1390,['train'],1.0,Counter({'train': 1}),test,5d6e98f4490839ab,True,development_corruption,1,C:\Users\deves\OneDrive\Desktop\Projects\TCMD-SS\data\raw\hirise_v3_2\map-proj-v3_2\ESP_019559_1390_RED-0576.jpg,development,patch_duplication,0.5,esp_019559_1390_red-0576_patch_duplication_0.5
map-proj-v3_2/ESP_019559_1390_RED-0576.jpg,ok,,JPEG,227.0,227.0,L,1.0,1.0,normal,dark dune,train,esp_019559_1390_red-0576,[],c578839acab68fc399d8bab96cf8c60b4605267c925c89e923c14bbac91be1ea,de94808f4321797bbe6f7dabffc662d01e56db0b2eaa6494a7719c922f5f93a3,da950ab5ee393682,121.4917425139242,25.9707082509997,c3cd077d684e7268,[],2.0,esp_019559_1390,['train'],1.0,Counter({'train': 1}),test,5d6e98f4490839ab,True,development_corruption,1,C:\Users\deves\OneDrive\Desktop\Projects\TCMD-SS\data\raw\hirise_v3_2\map-proj-v3_2\ESP_019559_1390_RED-0576.jpg,development,foreign_content,0.15,esp_019559_1390_red-0576_foreign_content_0.15
map-proj-v3_2/ESP_019559_1390_RED-0576.jpg,ok,,JPEG,227.0,227.0,L,1.0,1.0,normal,dark dune,train,esp_019559_1390_red-0576,[],c578839acab68fc399d8bab96cf8c60b4605267c925c89e923c14bbac91be1ea,de94808f4321797bbe6f7dabffc662d01e56db0b2eaa6494a7719c922f5f93a3,da950ab5ee393682,121.4917425139242,25.9707082509997,c3cd077d684e7268,[],2.0,esp_019559_1390,['train'],1.0,Counter({'train': 1}),test,5d6e98f4490839ab,True,development_corruption,1,C:\Users\deves\OneDrive\Desktop\Projects\TCMD-SS\data\raw\hirise_v3_2\map-proj-v3_2\ESP_019559_1390_RED-0576.jpg,development,foreign_content,0.3,esp_019559_1390_red-0576_foreign_content_0.3
map-proj-v3_2/ESP_019559_1390_RED-0576.jpg,ok,,JPEG,227.0,227.0,L,1.0,1.0,normal,dark dune,train,esp_019559_1390_red-0576,[],c578839acab68fc399d8bab96cf8c60b4605267c925c89e923c14bbac91be1ea,de94808f4321797bbe6f7dabffc662d01e56db0b2eaa6494a7719c922f5f93a3,da950ab5ee393682,121.4917425139242,25.9707082509997,c3cd077d684e7268,[],2.0,esp_019559_1390,['train'],1.0,Counter({'train': 1}),test,5d6e98f4490839ab,True,development_corruption,1,C:\Users\deves\OneDrive\Desktop\Projects\TCMD-SS\data\raw\hirise_v3_2\map-proj-v3_2\ESP_019559_1390_RED-0576.jpg,development,foreign_content,0.5,esp_019559_1390_red-0576_foreign_content_0.5
map-proj-v3_2/ESP_016781_2055_RED-0188.jpg,ok,,JPEG,227.0,227.0,L,1.0,1.0,normal,slope streak,train,esp_016781_2055_red-0188,[],4305c616127c75721314e118808daaa16004d9cd773012c7a4280591e3b1093a,b2c4ab0ce98c5eafbcab714b630c717549df95f6b15a94465a851af149a47151,db09ff0077c0fe01,57.13883444274098,44.42025366120362,9e68b62d1f634ef0,[],3.0,esp_016781_2055,['train'],1.0,Counter({'train': 1}),test,3b546f3c149bec5e,True,hirise_clean,0,C:\Users\deves\OneDrive\Desktop\Projects\TCMD-SS\data\raw\hirise_v3_2\map-proj-v3_2\ESP_016781_2055_RED-0188.jpg,development,clean,0.0,esp_016781_2055_red-0188_clean
map-proj-v3_2/ESP_016781_2055_RED-0188.jpg,ok,,JPEG,227.0,227.0,L,1.0,1.0,normal,slope streak,train,esp_016781_2055_red-0188,[],4305c616127c75721314e118808daaa16004d9cd773012c7a4280591e3b1093a,b2c4ab0ce98c5eafbcab714b630c717549df95f6b15a94465a851af149a47151,db09ff0077c0fe01,57.13883444274098,44.42025366120362,9e68b62d1f634ef0,[],3.0,esp_016781_2055,['train'],1.0,Counter({'train': 1}),test,3b546f3c149bec5e,True,development_corruption,1,C:\Users\deves\OneDrive\Desktop\Projects\TCMD-SS\data\raw\hirise_v3_2\map-proj-v3_2\ESP_016781_2055_RED-0188.jpg,development,stripes,0.15,esp_016781_2055_red-0188_stripes_0.15
map-proj-v3_2/ESP_016781_2055_RED-0188.jpg,ok,,JPEG,227.0,227.0,L,1.0,1.0,normal,slope streak,train,esp_016781_2055_red-0188,[],4305c616127c75721314e118808daaa16004d9cd773012c7a4280591e3b1093a,b2c4ab0ce98c5eafbcab714b630c717549df95f6b15a94465a851af149a47151,db09ff0077c0fe01,57.13883444274098,44.42025366120362,9e68b62d1f634ef0,[],3.0,esp_016781_2055,['train'],1.0,Counter({'train': 1}),test,3b546f3c149bec5e,True,development_corruption,1,C:\Users\deves\OneDrive\Desktop\Projects\TCMD-SS\data\raw\hirise_v3_2\map-proj-v3_2\ESP_016781_2055_RED-0188.jpg,development,stripes,0.3,esp_016781_2055_red-0188_stripes_0.3
map-proj-v3_2/ESP_016781_2055_RED-0188.jpg,ok,,JPEG,227.0,227.0,L,1.0,1.0,normal,slope streak,train,esp_016781_2055_red-0188,[],4305c616127c75721314e118808daaa16004d9cd773012c7a4280591e3b1093a,b2c4ab0ce98c5eafbcab714b630c717549df95f6b15a94465a851af149a47151,db09ff0077c0fe01,57.13883444274098,44.42025366120362,9e68b62d1f634ef0,[],3.0,esp_016781_2055,['train'],1.0,Counter({'train': 1}),test,3b546f3c149bec5e,True,development_corruption,1,C:\Users\deves\OneDrive\Desktop\Projects\TCMD-SS\data\raw\hirise_v3_2\map-proj-v3_2\ESP_016781_2055_RED-0188.jpg,development,stripes,0.5,esp_016781_2055_red-0188_stripes_0.5
map-proj-v3_2/ESP_016781_2055_RED-0188.jpg,ok,,JPEG,227.0,227.0,L,1.0,1.0,normal,slope streak,train,esp_016781_2055_red-0188,[],4305c616127c75721314e118808daaa16004d9cd773012c7a4280591e3b1093a,b2c4ab0ce98c5eafbcab714b630c717549df95f6b15a94465a851af149a47151,db09ff0077c0fe01,57.13883444274098,44.42025366120362,9e68b62d1f634ef0,[],3.0,esp_016781_2055,['train'],1.0,Counter({'train': 1}),test,3b546f3c149bec5e,True,development_corruption,1,C:\Users\deves\OneDrive\Desktop\Projects\TCMD-SS\data\raw\hirise_v3_2\map-proj-v3_2\ESP_016781_2055_RED-0188.jpg,development,dead_pixels,0.15,esp_016781_2055_red-0188_dead_pixels_0.15
map-proj-v3_2/ESP_016781_2055_RED-0188.jpg,ok,,JPEG,227.0,227.0,L,1.0,1.0,normal,slope streak,train,esp_016781_2055_red-0188,[],4305c616127c75721314e118808daaa16004d9cd773012c7a4280591e3b1093a,b2c4ab0ce98c5eafbcab714b630c717549df95f6b15a94465a851af149a47151,db09ff0077c0fe01,57.13883444274098,44.42025366120362,9e68b62d1f634ef0,[],3.0,esp_016781_2055,['train'],1.0,Counter({'train': 1}),test,3b546f3c149bec5e,True,development_corruption,1,C:\Users\deves\OneDrive\Desktop\Projects\TCMD-SS\data\raw\hirise_v3_2\map-proj-v3_2\ESP_016781_2055_RED-0188.jpg,development,dead_pixels,0.3,esp_016781_2055_red-0188_dead_pixels_0.3
map-proj-v3_2/ESP_016781_2055_RED-0188.jpg,ok,,JPEG,227.0,227.0,L,1.0,1.0,normal,slope streak,train,esp_016781_2055_red-0188,[],4305c616127c75721314e118808daaa16004d9cd773012c7a4280591e3b1093a,b2c4ab0ce98c5eafbcab714b630c717549df95f6b15a94465a851af149a47151,db09ff0077c0fe01,57.13883444274098,44.42025366120362,9e68b62d1f634ef0,[],3.0,esp_016781_2055,['train'],1.0,Counter({'train': 1}),test,3b546f3c149bec5e,True,development_corruption,1,C:\Users\deves\OneDrive\Desktop\Projects\TCMD-SS\data\raw\hirise_v3_2\map-proj-v3_2\ESP_016781_2055_RED-0188.jpg,development,dead_pixels,0.5,esp_016781_2055_red-0188_dead_pixels_0.5
map-proj-v3_2/ESP_016781_2055_RED-0188.jpg,ok,,JPEG,227.0,227.0,L,1.0,1.0,normal,slope streak,train,esp_016781_2055_red-0188,[],4305c616127c75721314e118808daaa16004d9cd773012c7a4280591e3b1093a,b2c4ab0ce98c5eafbcab714b630c717549df95f6b15a94465a851af149a47151,db09ff0077c0fe01,57.13883444274098,44.42025366120362,9e68b62d1f634ef0,[],3.0,esp_016781_2055,['train'],1.0,Counter({'train': 1}),test,3b546f3c149bec5e,True,development_corruption,1,C:\Users\deves\OneDrive\Desktop\Projects\TCMD-SS\data\raw\hirise_v3_2\map-proj-v3_2\ESP_016781_2055_RED-0188.jpg,development,missing_patch,0.15,esp_016781_2055_red-0188_missing_patch_0.15
map-proj-v3_2/ESP_016781_2055_RED-0188.jpg,ok,,JPEG,227.0,227.0,L,1.0,1.0,normal,slope streak,train,esp_016781_2055_red-0188,[],4305c616127c75721314e118808daaa16004d9cd773012c7a4280591e3b1093a,b2c4ab0ce98c5eafbcab714b630c717549df95f6b15a94465a851af149a47151,db09ff0077c0fe01,57.13883444274098,44.42025366120362,9e68b62d1f634ef0,[],3.0,esp_016781_2055,['train'],1.0,Counter({'train': 1}),test,3b546f3c149bec5e,True,development_corruption,1,C:\Users\deves\OneDrive\Desktop\Projects\TCMD-SS\data\raw\hirise_v3_2\map-proj-v3_2\ESP_016781_2055_RED-0188.jpg,development,missing_patch,0.3,esp_016781_2055_red-0188_missing_patch_0.3
map-proj-v3_2/ESP_016781_2055_RED-0188.jpg,ok,,JPEG,227.0,227.0,L,1.0,1.0,normal,slope streak,train,esp_016781_2055_red-0188,[],4305c616127c75721314e118808daaa16004d9cd773012c7a4280591e3b1093a,b2c4ab0ce98c5eafbcab714b630c717549df95f6b15a94465a851af149a47151,db09ff0077c0fe01,57.13883444274098,44.42025366120362,9e68b62d1f634ef0,[],3.0,esp_016781_2055,['train'],1.0,Counter({'train': 1}),test,3b546f3c149bec5e,True,development_corruption,1,C:\Users\deves\OneDrive\Desktop\Projects\TCMD-SS\data\raw\hirise_v3_2\map-proj-v3_2\ESP_016781_2055_RED-0188.jpg,development,missing_patch,0.5,esp_016781_2055_red-0188_missing_patch_0.5
map-proj-v3_2/ESP_016781_2055_RED-0188.jpg,ok,,JPEG,227.0,227.0,L,1.0,1.0,normal,slope streak,train,esp_016781_2055_red-0188,[],4305c616127c75721314e118808daaa16004d9cd773012c7a4280591e3b1093a,b2c4ab0ce98c5eafbcab714b630c717549df95f6b15a94465a851af149a47151,db09ff0077c0fe01,57.13883444274098,44.42025366120362,9e68b62d1f634ef0,[],3.0,esp_016781_2055,['train'],1.0,Counter({'train': 1}),test,3b546f3c149bec5e,True,development_corruption,1,C:\Users\deves\OneDrive\Desktop\Projects\TCMD-SS\data\raw\hirise_v3_2\map-proj-v3_2\ESP_016781_2055_RED-0188.jpg,development,local_blur,0.15,esp_016781_2055_red-0188_local_blur_0.15
map-proj-v3_2/ESP_016781_2055_RED-0188.jpg,ok,,JPEG,227.0,227.0,L,1.0,1.0,normal,slope streak,train,esp_016781_2055_red-0188,[],4305c616127c75721314e118808daaa16004d9cd773012c7a4280591e3b1093a,b2c4ab0ce98c5eafbcab714b630c717549df95f6b15a94465a851af149a47151,db09ff0077c0fe01,57.13883444274098,44.42025366120362,9e68b62d1f634ef0,[],3.0,esp_016781_2055,['train'],1.0,Counter({'train': 1}),test,3b546f3c149bec5e,True,development_corruption,1,C:\Users\deves\OneDrive\Desktop\Projects\TCMD-SS\data\raw\hirise_v3_2\map-proj-v3_2\ESP_016781_2055_RED-0188.jpg,development,local_blur,0.3,esp_016781_2055_red-0188_local_blur_0.3
map-proj-v3_2/ESP_016781_2055_RED-0188.jpg,ok,,JPEG,227.0,227.0,L,1.0,1.0,normal,slope streak,train,esp_016781_2055_red-0188,[],4305c616127c75721314e118808daaa16004d9cd773012c7a4280591e3b1093a,b2c4ab0ce98c5eafbcab714b630c717549df95f6b15a94465a851af149a47151,db09ff0077c0fe01,57.13883444274098,44.42025366120362,9e68b62d1f634ef0,[],3.0,esp_016781_2055,['train'],1.0,Counter({'train': 1}),test,3b546f3c149bec5e,True,development_corruption,1,C:\Users\deves\OneDrive\Desktop\Projects\TCMD-SS\data\raw\hirise_v3_2\map-proj-v3_2\ESP_016781_2055_RED-0188.jpg,development,local_blur,0.5,esp_016781_2055_red-0188_local_blur_0.5
map-proj-v3_2/ESP_016781_2055_RED-0188.jpg,ok,,JPEG,227.0,227.0,L,1.0,1.0,normal,slope streak,train,esp_016781_2055_red-0188,[],4305c616127c75721314e118808daaa16004d9cd773012c7a4280591e3b1093a,b2c4ab0ce98c5eafbcab714b630c717549df95f6b15a94465a851af149a47151,db09ff0077c0fe01,57.13883444274098,44.42025366120362,9e68b62d1f634ef0,[],3.0,esp_016781_2055,['train'],1.0,Counter({'train': 1}),test,3b546f3c149bec5e,True,development_corruption,1,C:\Users\deves\OneDrive\Desktop\Projects\TCMD-SS\data\raw\hirise_v3_2\map-proj-v3_2\ESP_016781_2055_RED-0188.jpg,development,patch_duplication,0.15,esp_016781_2055_red-0188_patch_duplication_0.15
map-proj-v3_2/ESP_016781_2055_RED-0188.jpg,ok,,JPEG,227.0,227.0,L,1.0,1.0,normal,slope streak,train,esp_016781_2055_red-0188,[],4305c616127c75721314e118808daaa16004d9cd773012c7a4280591e3b1093a,b2c4ab0ce98c5eafbcab714b630c717549df95f6b15a94465a851af149a47151,db09ff0077c0fe01,57.13883444274098,44.42025366120362,9e68b62d1f634ef0,[],3.0,esp_016781_2055,['train'],1.0,Counter({'train': 1}),test,3b546f3c149bec5e,True,development_corruption,1,C:\Users\deves\OneDrive\Desktop\Projects\TCMD-SS\data\raw\hirise_v3_2\map-proj-v3_2\ESP_016781_2055_RED-0188.jpg,development,patch_duplication,0.3,esp_016781_2055_red-0188_patch_duplication_0.3
map-proj-v3_2/ESP_016781_2055_RED-0188.jpg,ok,,JPEG,227.0,227.0,L,1.0,1.0,normal,slope streak,train,esp_016781_2055_red-0188,[],4305c616127c75721314e118808daaa16004d9cd773012c7a4280591e3b1093a,b2c4ab0ce98c5eafbcab714b630c717549df95f6b15a94465a851af149a47151,db09ff0077c0fe01,57.13883444274098,44.42025366120362,9e68b62d1f634ef0,[],3.0,esp_016781_2055,['train'],1.0,Counter({'train': 1}),test,3b546f3c149bec5e,True,development_corruption,1,C:\Users\deves\OneDrive\Desktop\Projects\TCMD-SS\data\raw\hirise_v3_2\map-proj-v3_2\ESP_016781_2055_RED-0188.jpg,development,patch_duplication,0.5,esp_016781_2055_red-0188_patch_duplication_0.5
map-proj-v3_2/ESP_016781_2055_RED-0188.jpg,ok,,JPEG,227.0,227.0,L,1.0,1.0,normal,slope streak,train,esp_016781_2055_red-0188,[],4305c616127c75721314e118808daaa16004d9cd773012c7a4280591e3b1093a,b2c4ab0ce98c5eafbcab714b630c717549df95f6b15a94465a851af149a47151,db09ff0077c0fe01,57.13883444274098,44.42025366120362,9e68b62d1f634ef0,[],3.0,esp_016781_2055,['train'],1.0,Counter({'train': 1}),test,3b546f3c149bec5e,True,development_corruption,1,C:\Users\deves\OneDrive\Desktop\Projects\TCMD-SS\data\raw\hirise_v3_2\map-proj-v3_2\ESP_016781_2055_RED-0188.jpg,development,foreign_content,0.15,esp_016781_2055_red-0188_foreign_content_0.15
map-proj-v3_2/ESP_016781_2055_RED-0188.jpg,ok,,JPEG,227.0,227.0,L,1.0,1.0,normal,slope streak,train,esp_016781_2055_red-0188,[],4305c616127c75721314e118808daaa16004d9cd773012c7a4280591e3b1093a,b2c4ab0ce98c5eafbcab714b630c717549df95f6b15a94465a851af149a47151,db09ff0077c0fe01,57.13883444274098,44.42025366120362,9e68b62d1f634ef0,[],3.0,esp_016781_2055,['train'],1.0,Counter({'train': 1}),test,3b546f3c149bec5e,True,development_corruption,1,C:\Users\deves\OneDrive\Desktop\Projects\TCMD-SS\data\raw\hirise_v3_2\map-proj-v3_2\ESP_016781_2055_RED-0188.jpg,development,foreign_content,0.3,esp_016781_2055_red-0188_foreign_content_0.3
map-proj-v3_2/ESP_016781_2055_RED-0188.jpg,ok,,JPEG,227.0,227.0,L,1.0,1.0,normal,slope streak,train,esp_016781_2055_red-0188,[],4305c616127c75721314e118808daaa16004d9cd773012c7a4280591e3b1093a,b2c4ab0ce98c5eafbcab714b630c717549df95f6b15a94465a851af149a47151,db09ff0077c0fe01,57.13883444274098,44.42025366120362,9e68b62d1f634ef0,[],3.0,esp_016781_2055,['train'],1.0,Counter({'train': 1}),test,3b546f3c149bec5e,True,development_corruption,1,C:\Users\deves\OneDrive\Desktop\Projects\TCMD-SS\data\raw\hirise_v3_2\map-proj-v3_2\ESP_016781_2055_RED-0188.jpg,development,foreign_content,0.5,esp_016781_2055_red-0188_foreign_content_0.5
map-proj-v3_2/ESP_016613_2570_RED-0034.jpg,ok,,JPEG,227.0,227.0,L,1.0,1.0,normal,bright dune,test,esp_016613_2570_red-0034,[],691d929689f7437eb7263fbc5b62fe4cffd55d8e6714aeee4bf71b11e8ecf108,75d0945ffc2f1ee44b2115e9132be434be186f83a6a944c96c629810199c868f,f366cc8e712370cc,204.67657047487825,17.22112457381222,c7a1b6424b7e617a,[],4.0,esp_016613_2570,['test'],1.0,Counter({'test': 1}),test,22696c5952c42e43,True,hirise_clean,0,C:\Users\deves\OneDrive\Desktop\Projects\TCMD-SS\data\raw\hirise_v3_2\map-proj-v3_2\ESP_016613_2570_RED-0034.jpg,development,clean,0.0,esp_016613_2570_red-0034_clean
map-proj-v3_2/ESP_016613_2570_RED-0034.jpg,ok,,JPEG,227.0,227.0,L,1.0,1.0,normal,bright dune,test,esp_016613_2570_red-0034,[],691d929689f7437eb7263fbc5b62fe4cffd55d8e6714aeee4bf71b11e8ecf108,75d0945ffc2f1ee44b2115e9132be434be186f83a6a944c96c629810199c868f,f366cc8e712370cc,204.67657047487825,17.22112457381222,c7a1b6424b7e617a,[],4.0,esp_016613_2570,['test'],1.0,Counter({'test': 1}),test,22696c5952c42e43,True,development_corruption,1,C:\Users\deves\OneDrive\Desktop\Projects\TCMD-SS\data\raw\hirise_v3_2\map-proj-v3_2\ESP_016613_2570_RED-0034.jpg,development,stripes,0.15,esp_016613_2570_red-0034_stripes_0.15
map-proj-v3_2/ESP_016613_2570_RED-0034.jpg,ok,,JPEG,227.0,227.0,L,1.0,1.0,normal,bright dune,test,esp_016613_2570_red-0034,[],691d929689f7437eb7263fbc5b62fe4cffd55d8e6714aeee4bf71b11e8ecf108,75d0945ffc2f1ee44b2115e9132be434be186f83a6a944c96c629810199c868f,f366cc8e712370cc,204.67657047487825,17.22112457381222,c7a1b6424b7e617a,[],4.0,esp_016613_2570,['test'],1.0,Counter({'test': 1}),test,22696c5952c42e43,True,development_corruption,1,C:\Users\deves\OneDrive\Desktop\Projects\TCMD-SS\data\raw\hirise_v3_2\map-proj-v3_2\ESP_016613_2570_RED-0034.jpg,development,stripes,0.3,esp_016613_2570_red-0034_stripes_0.3
map-proj-v3_2/ESP_016613_2570_RED-0034.jpg,ok,,JPEG,227.0,227.0,L,1.0,1.0,normal,bright dune,test,esp_016613_2570_red-0034,[],691d929689f7437eb7263fbc5b62fe4cffd55d8e6714aeee4bf71b11e8ecf108,75d0945ffc2f1ee44b2115e9132be434be186f83a6a944c96c629810199c868f,f366cc8e712370cc,204.67657047487825,17.22112457381222,c7a1b6424b7e617a,[],4.0,esp_016613_2570,['test'],1.0,Counter({'test': 1}),test,22696c5952c42e43,True,development_corruption,1,C:\Users\deves\OneDrive\Desktop\Projects\TCMD-SS\data\raw\hirise_v3_2\map-proj-v3_2\ESP_016613_2570_RED-0034.jpg,development,stripes,0.5,esp_016613_2570_red-0034_stripes_0.5
map-proj-v3_2/ESP_016613_2570_RED-0034.jpg,ok,,JPEG,227.0,227.0,L,1.0,1.0,normal,bright dune,test,esp_016613_2570_red-0034,[],691d929689f7437eb7263fbc5b62fe4cffd55d8e6714aeee4bf71b11e8ecf108,75d0945ffc2f1ee44b2115e9132be434be186f83a6a944c96c629810199c868f,f366cc8e712370cc,204.67657047487825,17.22112457381222,c7a1b6424b7e617a,[],4.0,esp_016613_2570,['test'],1.0,Counter({'test': 1}),test,22696c5952c42e43,True,development_corruption,1,C:\Users\deves\OneDrive\Desktop\Projects\TCMD-SS\data\raw\hirise_v3_2\map-proj-v3_2\ESP_016613_2570_RED-0034.jpg,development,dead_pixels,0.15,esp_016613_2570_red-0034_dead_pixels_0.15
map-proj-v3_2/ESP_016613_2570_RED-0034.jpg,ok,,JPEG,227.0,227.0,L,1.0,1.0,normal,bright dune,test,esp_016613_2570_red-0034,[],691d929689f7437eb7263fbc5b62fe4cffd55d8e6714aeee4bf71b11e8ecf108,75d0945ffc2f1ee44b2115e9132be434be186f83a6a944c96c629810199c868f,f366cc8e712370cc,204.67657047487825,17.22112457381222,c7a1b6424b7e617a,[],4.0,esp_016613_2570,['test'],1.0,Counter({'test': 1}),test,22696c5952c42e43,True,development_corruption,1,C:\Users\deves\OneDrive\Desktop\Projects\TCMD-SS\data\raw\hirise_v3_2\map-proj-v3_2\ESP_016613_2570_RED-0034.jpg,development,dead_pixels,0.3,esp_016613_2570_red-0034_dead_pixels_0.3
map-proj-v3_2/ESP_016613_2570_RED-0034.jpg,ok,,JPEG,227.0,227.0,L,1.0,1.0,normal,bright dune,test,esp_016613_2570_red-0034,[],691d929689f7437eb7263fbc5b62fe4cffd55d8e6714aeee4bf71b11e8ecf108,75d0945ffc2f1ee44b2115e9132be434be186f83a6a944c96c629810199c868f,f366cc8e712370cc,204.67657047487825,17.22112457381222,c7a1b6424b7e617a,[],4.0,esp_016613_2570,['test'],1.0,Counter({'test': 1}),test,22696c5952c42e43,True,development_corruption,1,C:\Users\deves\OneDrive\Desktop\Projects\TCMD-SS\data\raw\hirise_v3_2\map-proj-v3_2\ESP_016613_2570_RED-0034.jpg,development,dead_pixels,0.5,esp_016613_2570_red-0034_dead_pixels_0.5
map-proj-v3_2/ESP_016613_2570_RED-0034.jpg,ok,,JPEG,227.0,227.0,L,1.0,1.0,normal,bright dune,test,esp_016613_2570_red-0034,[],691d929689f7437eb7263fbc5b62fe4cffd55d8e6714aeee4bf71b11e8ecf108,75d0945ffc2f1ee44b2115e9132be434be186f83a6a944c96c629810199c868f,f366cc8e712370cc,204.67657047487825,17.22112457381222,c7a1b6424b7e617a,[],4.0,esp_016613_2570,['test'],1.0,Counter({'test': 1}),test,22696c5952c42e43,True,development_corruption,1,C:\Users\deves\OneDrive\Desktop\Projects\TCMD-SS\data\raw\hirise_v3_2\map-proj-v3_2\ESP_016613_2570_RED-0034.jpg,development,missing_patch,0.15,esp_016613_2570_red-0034_missing_patch_0.15
map-proj-v3_2/ESP_016613_2570_RED-0034.jpg,ok,,JPEG,227.0,227.0,L,1.0,1.0,normal,bright dune,test,esp_016613_2570_red-0034,[],691d929689f7437eb7263fbc5b62fe4cffd55d8e6714aeee4bf71b11e8ecf108,75d0945ffc2f1ee44b2115e9132be434be186f83a6a944c96c629810199c868f,f366cc8e712370cc,204.67657047487825,17.22112457381222,c7a1b6424b7e617a,[],4.0,esp_016613_2570,['test'],1.0,Counter({'test': 1}),test,22696c5952c42e43,True,development_corruption,1,C:\Users\deves\OneDrive\Desktop\Projects\TCMD-SS\data\raw\hirise_v3_2\map-proj-v3_2\ESP_016613_2570_RED-0034.jpg,development,missing_patch,0.3,esp_016613_2570_red-0034_missing_patch_0.3
map-proj-v3_2/ESP_016613_2570_RED-0034.jpg,ok,,JPEG,227.0,227.0,L,1.0,1.0,normal,bright dune,test,esp_016613_2570_red-0034,[],691d929689f7437eb7263fbc5b62fe4cffd55d8e6714aeee4bf71b11e8ecf108,75d0945ffc2f1ee44b2115e9132be434be186f83a6a944c96c629810199c868f,f366cc8e712370cc,204.67657047487825,17.22112457381222,c7a1b6424b7e617a,[],4.0,esp_016613_2570,['test'],1.0,Counter({'test': 1}),test,22696c5952c42e43,True,development_corruption,1,C:\Users\deves\OneDrive\Desktop\Projects\TCMD-SS\data\raw\hirise_v3_2\map-proj-v3_2\ESP_016613_2570_RED-0034.jpg,development,missing_patch,0.5,esp_016613_2570_red-0034_missing_patch_0.5
map-proj-v3_2/ESP_016613_2570_RED-0034.jpg,ok,,JPEG,227.0,227.0,L,1.0,1.0,normal,bright dune,test,esp_016613_2570_red-0034,[],691d929689f7437eb7263fbc5b62fe4cffd55d8e6714aeee4bf71b11e8ecf108,75d0945ffc2f1ee44b2115e9132be434be186f83a6a944c96c629810199c868f,f366cc8e712370cc,204.67657047487825,17.22112457381222,c7a1b6424b7e617a,[],4.0,esp_016613_2570,['test'],1.0,Counter({'test': 1}),test,22696c5952c42e43,True,development_corruption,1,C:\Users\deves\OneDrive\Desktop\Projects\TCMD-SS\data\raw\hirise_v3_2\map-proj-v3_2\ESP_016613_2570_RED-0034.jpg,development,local_blur,0.15,esp_016613_2570_red-0034_local_blur_0.15
map-proj-v3_2/ESP_016613_2570_RED-0034.jpg,ok,,JPEG,227.0,227.0,L,1.0,1.0,normal,bright dune,test,esp_016613_2570_red-0034,[],691d929689f7437eb7263fbc5b62fe4cffd55d8e6714aeee4bf71b11e8ecf108,75d0945ffc2f1ee44b2115e9132be434be186f83a6a944c96c629810199c868f,f366cc8e712370cc,204.67657047487825,17.22112457381222,c7a1b6424b7e617a,[],4.0,esp_016613_2570,['test'],1.0,Counter({'test': 1}),test,22696c5952c42e43,True,development_corruption,1,C:\Users\deves\OneDrive\Desktop\Projects\TCMD-SS\data\raw\hirise_v3_2\map-proj-v3_2\ESP_016613_2570_RED-0034.jpg,development,local_blur,0.3,esp_016613_2570_red-0034_local_blur_0.3
map-proj-v3_2/ESP_016613_2570_RED-0034.jpg,ok,,JPEG,227.0,227.0,L,1.0,1.0,normal,bright dune,test,esp_016613_2570_red-0034,[],691d929689f7437eb7263fbc5b62fe4cffd55d8e6714aeee4bf71b11e8ecf108,75d0945ffc2f1ee44b2115e9132be434be186f83a6a944c96c629810199c868f,f366cc8e712370cc,204.67657047487825,17.22112457381222,c7a1b6424b7e617a,[],4.0,esp_016613_2570,['test'],1.0,Counter({'test': 1}),test,22696c5952c42e43,True,development_corruption,1,C:\Users\deves\OneDrive\Desktop\Projects\TCMD-SS\data\raw\hirise_v3_2\map-proj-v3_2\ESP_016613_2570_RED-0034.jpg,development,local_blur,0.5,esp_016613_2570_red-0034_local_blur_0.5
map-proj-v3_2/ESP_016613_2570_RED-0034.jpg,ok,,JPEG,227.0,227.0,L,1.0,1.0,normal,bright dune,test,esp_016613_2570_red-0034,[],691d929689f7437eb7263fbc5b62fe4cffd55d8e6714aeee4bf71b11e8ecf108,75d0945ffc2f1ee44b2115e9132be434be186f83a6a944c96c629810199c868f,f366cc8e712370cc,204.67657047487825,17.22112457381222,c7a1b6424b7e617a,[],4.0,esp_016613_2570,['test'],1.0,Counter({'test': 1}),test,22696c5952c42e43,True,development_corruption,1,C:\Users\deves\OneDrive\Desktop\Projects\TCMD-SS\data\raw\hirise_v3_2\map-proj-v3_2\ESP_016613_2570_RED-0034.jpg,development,patch_duplication,0.15,esp_016613_2570_red-0034_patch_duplication_0.15
map-proj-v3_2/ESP_016613_2570_RED-0034.jpg,ok,,JPEG,227.0,227.0,L,1.0,1.0,normal,bright dune,test,esp_016613_2570_red-0034,[],691d929689f7437eb7263fbc5b62fe4cffd55d8e6714aeee4bf71b11e8ecf108,75d0945ffc2f1ee44b2115e9132be434be186f83a6a944c96c629810199c868f,f366cc8e712370cc,204.67657047487825,17.22112457381222,c7a1b6424b7e617a,[],4.0,esp_016613_2570,['test'],1.0,Counter({'test': 1}),test,22696c5952c42e43,True,development_corruption,1,C:\Users\deves\OneDrive\Desktop\Projects\TCMD-SS\data\raw\hirise_v3_2\map-proj-v3_2\ESP_016613_2570_RED-0034.jpg,development,patch_duplication,0.3,esp_016613_2570_red-0034_patch_duplication_0.3
map-proj-v3_2/ESP_016613_2570_RED-0034.jpg,ok,,JPEG,227.0,227.0,L,1.0,1.0,normal,bright dune,test,esp_016613_2570_red-0034,[],691d929689f7437eb7263fbc5b62fe4cffd55d8e6714aeee4bf71b11e8ecf108,75d0945ffc2f1ee44b2115e9132be434be186f83a6a944c96c629810199c868f,f366cc8e712370cc,204.67657047487825,17.22112457381222,c7a1b6424b7e617a,[],4.0,esp_016613_2570,['test'],1.0,Counter({'test': 1}),test,22696c5952c42e43,True,development_corruption,1,C:\Users\deves\OneDrive\Desktop\Projects\TCMD-SS\data\raw\hirise_v3_2\map-proj-v3_2\ESP_016613_2570_RED-0034.jpg,development,patch_duplication,0.5,esp_016613_2570_red-0034_patch_duplication_0.5
map-proj-v3_2/ESP_016613_2570_RED-0034.jpg,ok,,JPEG,227.0,227.0,L,1.0,1.0,normal,bright dune,test,esp_016613_2570_red-0034,[],691d929689f7437eb7263fbc5b62fe4cffd55d8e6714aeee4bf71b11e8ecf108,75d0945ffc2f1ee44b2115e9132be434be186f83a6a944c96c629810199c868f,f366cc8e712370cc,204.67657047487825,17.22112457381222,c7a1b6424b7e617a,[],4.0,esp_016613_2570,['test'],1.0,Counter({'test': 1}),test,22696c5952c42e43,True,development_corruption,1,C:\Users\deves\OneDrive\Desktop\Projects\TCMD-SS\data\raw\hirise_v3_2\map-proj-v3_2\ESP_016613_2570_RED-0034.jpg,development,foreign_content,0.15,esp_016613_2570_red-0034_foreign_content_0.15
map-proj-v3_2/ESP_016613_2570_RED-0034.jpg,ok,,JPEG,227.0,227.0,L,1.0,1.0,normal,bright dune,test,esp_016613_2570_red-0034,[],691d929689f7437eb7263fbc5b62fe4cffd55d8e6714aeee4bf71b11e8ecf108,75d0945ffc2f1ee44b2115e9132be434be186f83a6a944c96c629810199c868f,f366cc8e712370cc,204.67657047487825,17.22112457381222,c7a1b6424b7e617a,[],4.0,esp_016613_2570,['test'],1.0,Counter({'test': 1}),test,22696c5952c42e43,True,development_corruption,1,C:\Users\deves\OneDrive\Desktop\Projects\TCMD-SS\data\raw\hirise_v3_2\map-proj-v3_2\ESP_016613_2570_RED-0034.jpg,development,foreign_content,0.3,esp_016613_2570_red-0034_foreign_content_0.3
map-proj-v3_2/ESP_016613_2570_RED-0034.jpg,ok,,JPEG,227.0,227.0,L,1.0,1.0,normal,bright dune,test,esp_016613_2570_red-0034,[],691d929689f7437eb7263fbc5b62fe4cffd55d8e6714aeee4bf71b11e8ecf108,75d0945ffc2f1ee44b2115e9132be434be186f83a6a944c96c629810199c868f,f366cc8e712370cc,204.67657047487825,17.22112457381222,c7a1b6424b7e617a,[],4.0,esp_016613_2570,['test'],1.0,Counter({'test': 1}),test,22696c5952c42e43,True,development_corruption,1,C:\Users\deves\OneDrive\Desktop\Projects\TCMD-SS\data\raw\hirise_v3_2\map-proj-v3_2\ESP_016613_2570_RED-0034.jpg,development,foreign_content,0.5,esp_016613_2570_red-0034_foreign_content_0.5
map-proj-v3_2/ESP_017395_1700_RED-0007.jpg,ok,,JPEG,227.0,227.0,L,1.0,1.0,normal,impact ejecta,train,esp_017395_1700_red-0007,[],7dfc497751a6f558f3252a98b48976160b85d7c401e6d0863748105422ca3bb7,e74b85e76d4dd0cf06b93f5e1cde74c840995aef28da414be4baaeeaea513c84,e6b3998c46d8e323,88.45124104872984,16.82672557606031,3f56454eea6cbead,[],5.0,esp_017395_1700,['train'],2.0,Counter({'train': 2}),test,83aa4045df637967,True,hirise_clean,0,C:\Users\deves\OneDrive\Desktop\Projects\TCMD-SS\data\raw\hirise_v3_2\map-proj-v3_2\ESP_017395_1700_RED-0007.jpg,development,clean,0.0,esp_017395_1700_red-0007_clean
map-proj-v3_2/ESP_017395_1700_RED-0007.jpg,ok,,JPEG,227.0,227.0,L,1.0,1.0,normal,impact ejecta,train,esp_017395_1700_red-0007,[],7dfc497751a6f558f3252a98b48976160b85d7c401e6d0863748105422ca3bb7,e74b85e76d4dd0cf06b93f5e1cde74c840995aef28da414be4baaeeaea513c84,e6b3998c46d8e323,88.45124104872984,16.82672557606031,3f56454eea6cbead,[],5.0,esp_017395_1700,['train'],2.0,Counter({'train': 2}),test,83aa4045df637967,True,development_corruption,1,C:\Users\deves\OneDrive\Desktop\Projects\TCMD-SS\data\raw\hirise_v3_2\map-proj-v3_2\ESP_017395_1700_RED-0007.jpg,development,stripes,0.15,esp_017395_1700_red-0007_stripes_0.15
map-proj-v3_2/ESP_017395_1700_RED-0007.jpg,ok,,JPEG,227.0,227.0,L,1.0,1.0,normal,impact ejecta,train,esp_017395_1700_red-0007,[],7dfc497751a6f558f3252a98b48976160b85d7c401e6d0863748105422ca3bb7,e74b85e76d4dd0cf06b93f5e1cde74c840995aef28da414be4baaeeaea513c84,e6b3998c46d8e323,88.45124104872984,16.82672557606031,3f56454eea6cbead,[],5.0,esp_017395_1700,['train'],2.0,Counter({'train': 2}),test,83aa4045df637967,True,development_corruption,1,C:\Users\deves\OneDrive\Desktop\Projects\TCMD-SS\data\raw\hirise_v3_2\map-proj-v3_2\ESP_017395_1700_RED-0007.jpg,development,stripes,0.3,esp_017395_1700_red-0007_stripes_0.3
map-proj-v3_2/ESP_017395_1700_RED-0007.jpg,ok,,JPEG,227.0,227.0,L,1.0,1.0,normal,impact ejecta,train,esp_017395_1700_red-0007,[],7dfc497751a6f558f3252a98b48976160b85d7c401e6d0863748105422ca3bb7,e74b85e76d4dd0cf06b93f5e1cde74c840995aef28da414be4baaeeaea513c84,e6b3998c46d8e323,88.45124104872984,16.82672557606031,3f56454eea6cbead,[],5.0,esp_017395_1700,['train'],2.0,Counter({'train': 2}),test,83aa4045df637967,True,development_corruption,1,C:\Users\deves\OneDrive\Desktop\Projects\TCMD-SS\data\raw\hirise_v3_2\map-proj-v3_2\ESP_017395_1700_RED-0007.jpg,development,stripes,0.5,esp_017395_1700_red-0007_stripes_0.5
map-proj-v3_2/ESP_017395_1700_RED-0007.jpg,ok,,JPEG,227.0,227.0,L,1.0,1.0,normal,impact ejecta,train,esp_017395_1700_red-0007,[],7dfc497751a6f558f3252a98b48976160b85d7c401e6d0863748105422ca3bb7,e74b85e76d4dd0cf06b93f5e1cde74c840995aef28da414be4baaeeaea513c84,e6b3998c46d8e323,88.45124104872984,16.82672557606031,3f56454eea6cbead,[],5.0,esp_017395_1700,['train'],2.0,Counter({'train': 2}),test,83aa4045df637967,True,development_corruption,1,C:\Users\deves\OneDrive\Desktop\Projects\TCMD-SS\data\raw\hirise_v3_2\map-proj-v3_2\ESP_017395_1700_RED-0007.jpg,development,dead_pixels,0.15,esp_017395_1700_red-0007_dead_pixels_0.15
map-proj-v3_2/ESP_017395_1700_RED-0007.jpg,ok,,JPEG,227.0,227.0,L,1.0,1.0,normal,impact ejecta,train,esp_017395_1700_red-0007,[],7dfc497751a6f558f3252a98b48976160b85d7c401e6d0863748105422ca3bb7,e74b85e76d4dd0cf06b93f5e1cde74c840995aef28da414be4baaeeaea513c84,e6b3998c46d8e323,88.45124104872984,16.82672557606031,3f56454eea6cbead,[],5.0,esp_017395_1700,['train'],2.0,Counter({'train': 2}),test,83aa4045df637967,True,development_corruption,1,C:\Users\deves\OneDrive\Desktop\Projects\TCMD-SS\data\raw\hirise_v3_2\map-proj-v3_2\ESP_017395_1700_RED-0007.jpg,development,dead_pixels,0.3,esp_017395_1700_red-0007_dead_pixels_0.3
map-proj-v3_2/ESP_017395_1700_RED-0007.jpg,ok,,JPEG,227.0,227.0,L,1.0,1.0,normal,impact ejecta,train,esp_017395_1700_red-0007,[],7dfc497751a6f558f3252a98b48976160b85d7c401e6d0863748105422ca3bb7,e74b85e76d4dd0cf06b93f5e1cde74c840995aef28da414be4baaeeaea513c84,e6b3998c46d8e323,88.45124104872984,16.82672557606031,3f56454eea6cbead,[],5.0,esp_017395_1700,['train'],2.0,Counter({'train': 2}),test,83aa4045df637967,True,development_corruption,1,C:\Users\deves\OneDrive\Desktop\Projects\TCMD-SS\data\raw\hirise_v3_2\map-proj-v3_2\ESP_017395_1700_RED-0007.jpg,development,dead_pixels,0.5,esp_017395_1700_red-0007_dead_pixels_0.5
map-proj-v3_2/ESP_017395_1700_RED-0007.jpg,ok,,JPEG,227.0,227.0,L,1.0,1.0,normal,impact ejecta,train,esp_017395_1700_red-0007,[],7dfc497751a6f558f3252a98b48976160b85d7c401e6d0863748105422ca3bb7,e74b85e76d4dd0cf06b93f5e1cde74c840995aef28da414be4baaeeaea513c84,e6b3998c46d8e323,88.45124104872984,16.82672557606031,3f56454eea6cbead,[],5.0,esp_017395_1700,['train'],2.0,Counter({'train': 2}),test,83aa4045df637967,True,development_corruption,1,C:\Users\deves\OneDrive\Desktop\Projects\TCMD-SS\data\raw\hirise_v3_2\map-proj-v3_2\ESP_017395_1700_RED-0007.jpg,development,missing_patch,0.15,esp_017395_1700_red-0007_missing_patch_0.15
map-proj-v3_2/ESP_017395_1700_RED-0007.jpg,ok,,JPEG,227.0,227.0,L,1.0,1.0,normal,impact ejecta,train,esp_017395_1700_red-0007,[],7dfc497751a6f558f3252a98b48976160b85d7c401e6d0863748105422ca3bb7,e74b85e76d4dd0cf06b93f5e1cde74c840995aef28da414be4baaeeaea513c84,e6b3998c46d8e323,88.45124104872984,16.82672557606031,3f56454eea6cbead,[],5.0,esp_017395_1700,['train'],2.0,Counter({'train': 2}),test,83aa4045df637967,True,development_corruption,1,C:\Users\deves\OneDrive\Desktop\Projects\TCMD-SS\data\raw\hirise_v3_2\map-proj-v3_2\ESP_017395_1700_RED-0007.jpg,development,missing_patch,0.3,esp_017395_1700_red-0007_missing_patch_0.3
map-proj-v3_2/ESP_017395_1700_RED-0007.jpg,ok,,JPEG,227.0,227.0,L,1.0,1.0,normal,impact ejecta,train,esp_017395_1700_red-0007,[],7dfc497751a6f558f3252a98b48976160b85d7c401e6d0863748105422ca3bb7,e74b85e76d4dd0cf06b93f5e1cde74c840995aef28da414be4baaeeaea513c84,e6b3998c46d8e323,88.45124104872984,16.82672557606031,3f56454eea6cbead,[],5.0,esp_017395_1700,['train'],2.0,Counter({'train': 2}),test,83aa4045df637967,True,development_corruption,1,C:\Users\deves\OneDrive\Desktop\Projects\TCMD-SS\data\raw\hirise_v3_2\map-proj-v3_2\ESP_017395_1700_RED-0007.jpg,development,missing_patch,0.5,esp_017395_1700_red-0007_missing_patch_0.5
map-proj-v3_2/ESP_017395_1700_RED-0007.jpg,ok,,JPEG,227.0,227.0,L,1.0,1.0,normal,impact ejecta,train,esp_017395_1700_red-0007,[],7dfc497751a6f558f3252a98b48976160b85d7c401e6d0863748105422ca3bb7,e74b85e76d4dd0cf06b93f5e1cde74c840995aef28da414be4baaeeaea513c84,e6b3998c46d8e323,88.45124104872984,16.82672557606031,3f56454eea6cbead,[],5.0,esp_017395_1700,['train'],2.0,Counter({'train': 2}),test,83aa4045df637967,True,development_corruption,1,C:\Users\deves\OneDrive\Desktop\Projects\TCMD-SS\data\raw\hirise_v3_2\map-proj-v3_2\ESP_017395_1700_RED-0007.jpg,development,local_blur,0.15,esp_017395_1700_red-0007_local_blur_0.15
map-proj-v3_2/ESP_017395_1700_RED-0007.jpg,ok,,JPEG,227.0,227.0,L,1.0,1.0,normal,impact ejecta,train,esp_017395_1700_red-0007,[],7dfc497751a6f558f3252a98b48976160b85d7c401e6d0863748105422ca3bb7,e74b85e76d4dd0cf06b93f5e1cde74c840995aef28da414be4baaeeaea513c84,e6b3998c46d8e323,88.45124104872984,16.82672557606031,3f56454eea6cbead,[],5.0,esp_017395_1700,['train'],2.0,Counter({'train': 2}),test,83aa4045df637967,True,development_corruption,1,C:\Users\deves\OneDrive\Desktop\Projects\TCMD-SS\data\raw\hirise_v3_2\map-proj-v3_2\ESP_017395_1700_RED-0007.jpg,development,local_blur,0.3,esp_017395_1700_red-0007_local_blur_0.3
map-proj-v3_2/ESP_017395_1700_RED-0007.jpg,ok,,JPEG,227.0,227.0,L,1.0,1.0,normal,impact ejecta,train,esp_017395_1700_red-0007,[],7dfc497751a6f558f3252a98b48976160b85d7c401e6d0863748105422ca3bb7,e74b85e76d4dd0cf06b93f5e1cde74c840995aef28da414be4baaeeaea513c84,e6b3998c46d8e323,88.45124104872984,16.82672557606031,3f56454eea6cbead,[],5.0,esp_017395_1700,['train'],2.0,Counter({'train': 2}),test,83aa4045df637967,True,development_corruption,1,C:\Users\deves\OneDrive\Desktop\Projects\TCMD-SS\data\raw\hirise_v3_2\map-proj-v3_2\ESP_017395_1700_RED-0007.jpg,development,local_blur,0.5,esp_017395_1700_red-0007_local_blur_0.5
map-proj-v3_2/ESP_017395_1700_RED-0007.jpg,ok,,JPEG,227.0,227.0,L,1.0,1.0,normal,impact ejecta,train,esp_017395_1700_red-0007,[],7dfc497751a6f558f3252a98b48976160b85d7c401e6d0863748105422ca3bb7,e74b85e76d4dd0cf06b93f5e1cde74c840995aef28da414be4baaeeaea513c84,e6b3998c46d8e323,88.45124104872984,16.82672557606031,3f56454eea6cbead,[],5.0,esp_017395_1700,['train'],2.0,Counter({'train': 2}),test,83aa4045df637967,True,development_corruption,1,C:\Users\deves\OneDrive\Desktop\Projects\TCMD-SS\data\raw\hirise_v3_2\map-proj-v3_2\ESP_017395_1700_RED-0007.jpg,development,patch_duplication,0.15,esp_017395_1700_red-0007_patch_duplication_0.15
map-proj-v3_2/ESP_017395_1700_RED-0007.jpg,ok,,JPEG,227.0,227.0,L,1.0,1.0,normal,impact ejecta,train,esp_017395_1700_red-0007,[],7dfc497751a6f558f3252a98b48976160b85d7c401e6d0863748105422ca3bb7,e74b85e76d4dd0cf06b93f5e1cde74c840995aef28da414be4baaeeaea513c84,e6b3998c46d8e323,88.45124104872984,16.82672557606031,3f56454eea6cbead,[],5.0,esp_017395_1700,['train'],2.0,Counter({'train': 2}),test,83aa4045df637967,True,development_corruption,1,C:\Users\deves\OneDrive\Desktop\Projects\TCMD-SS\data\raw\hirise_v3_2\map-proj-v3_2\ESP_017395_1700_RED-0007.jpg,development,patch_duplication,0.3,esp_017395_1700_red-0007_patch_duplication_0.3
map-proj-v3_2/ESP_017395_1700_RED-0007.jpg,ok,,JPEG,227.0,227.0,L,1.0,1.0,normal,impact ejecta,train,esp_017395_1700_red-0007,[],7dfc497751a6f558f3252a98b48976160b85d7c401e6d0863748105422ca3bb7,e74b85e76d4dd0cf06b93f5e1cde74c840995aef28da414be4baaeeaea513c84,e6b3998c46d8e323,88.45124104872984,16.82672557606031,3f56454eea6cbead,[],5.0,esp_017395_1700,['train'],2.0,Counter({'train': 2}),test,83aa4045df637967,True,development_corruption,1,C:\Users\deves\OneDrive\Desktop\Projects\TCMD-SS\data\raw\hirise_v3_2\map-proj-v3_2\ESP_017395_1700_RED-0007.jpg,development,patch_duplication,0.5,esp_017395_1700_red-0007_patch_duplication_0.5
map-proj-v3_2/ESP_017395_1700_RED-0007.jpg,ok,,JPEG,227.0,227.0,L,1.0,1.0,normal,impact ejecta,train,esp_017395_1700_red-0007,[],7dfc497751a6f558f3252a98b48976160b85d7c401e6d0863748105422ca3bb7,e74b85e76d4dd0cf06b93f5e1cde74c840995aef28da414be4baaeeaea513c84,e6b3998c46d8e323,88.45124104872984,16.82672557606031,3f56454eea6cbead,[],5.0,esp_017395_1700,['train'],2.0,Counter({'train': 2}),test,83aa4045df637967,True,development_corruption,1,C:\Users\deves\OneDrive\Desktop\Projects\TCMD-SS\data\raw\hirise_v3_2\map-proj-v3_2\ESP_017395_1700_RED-0007.jpg,development,foreign_content,0.15,esp_017395_1700_red-0007_foreign_content_0.15
map-proj-v3_2/ESP_017395_1700_RED-0007.jpg,ok,,JPEG,227.0,227.0,L,1.0,1.0,normal,impact ejecta,train,esp_017395_1700_red-0007,[],7dfc497751a6f558f3252a98b48976160b85d7c401e6d0863748105422ca3bb7,e74b85e76d4dd0cf06b93f5e1cde74c840995aef28da414be4baaeeaea513c84,e6b3998c46d8e323,88.45124104872984,16.82672557606031,3f56454eea6cbead,[],5.0,esp_017395_1700,['train'],2.0,Counter({'train': 2}),test,83aa4045df637967,True,development_corruption,1,C:\Users\deves\OneDrive\Desktop\Projects\TCMD-SS\data\raw\hirise_v3_2\map-proj-v3_2\ESP_017395_1700_RED-0007.jpg,development,foreign_content,0.3,esp_017395_1700_red-0007_foreign_content_0.3
map-proj-v3_2/ESP_017395_1700_RED-0007.jpg,ok,,JPEG,227.0,227.0,L,1.0,1.0,normal,impact ejecta,train,esp_017395_1700_red-0007,[],7dfc497751a6f558f3252a98b48976160b85d7c401e6d0863748105422ca3bb7,e74b85e76d4dd0cf06b93f5e1cde74c840995aef28da414be4baaeeaea513c84,e6b3998c46d8e323,88.45124104872984,16.82672557606031,3f56454eea6cbead,[],5.0,esp_017395_1700,['train'],2.0,Counter({'train': 2}),test,83aa4045df637967,True,development_corruption,1,C:\Users\deves\OneDrive\Desktop\Projects\TCMD-SS\data\raw\hirise_v3_2\map-proj-v3_2\ESP_017395_1700_RED-0007.jpg,development,foreign_content,0.5,esp_017395_1700_red-0007_foreign_content_0.5
map-proj-v3_2/ESP_012057_0950_RED-0111.jpg,ok,,JPEG,227.0,227.0,L,1.0,1.0,normal,swiss cheese,val,esp_012057_0950_red-0111,[],777c6feedbdf02c216b609395bf0a4caa7e338731a7bd976341ae0cd67aadff5,1c1addd7d362920c5761e01c4505436137d128d2598b58d7e2a874cfeaf75383,a2010927337b6df7,123.44019872304916,11.718805226620647,2b311305bd22a0c3,[],6.0,esp_012057_0950,['val'],2.0,Counter({'val': 2}),test,a77165d00d1fed49,True,hirise_clean,0,C:\Users\deves\OneDrive\Desktop\Projects\TCMD-SS\data\raw\hirise_v3_2\map-proj-v3_2\ESP_012057_0950_RED-0111.jpg,development,clean,0.0,esp_012057_0950_red-0111_clean
map-proj-v3_2/ESP_012057_0950_RED-0111.jpg,ok,,JPEG,227.0,227.0,L,1.0,1.0,normal,swiss cheese,val,esp_012057_0950_red-0111,[],777c6feedbdf02c216b609395bf0a4caa7e338731a7bd976341ae0cd67aadff5,1c1addd7d362920c5761e01c4505436137d128d2598b58d7e2a874cfeaf75383,a2010927337b6df7,123.44019872304916,11.718805226620647,2b311305bd22a0c3,[],6.0,esp_012057_0950,['val'],2.0,Counter({'val': 2}),test,a77165d00d1fed49,True,development_corruption,1,C:\Users\deves\OneDrive\Desktop\Projects\TCMD-SS\data\raw\hirise_v3_2\map-proj-v3_2\ESP_012057_0950_RED-0111.jpg,development,stripes,0.15,esp_012057_0950_red-0111_stripes_0.15
map-proj-v3_2/ESP_012057_0950_RED-0111.jpg,ok,,JPEG,227.0,227.0,L,1.0,1.0,normal,swiss cheese,val,esp_012057_0950_red-0111,[],777c6feedbdf02c216b609395bf0a4caa7e338731a7bd976341ae0cd67aadff5,1c1addd7d362920c5761e01c4505436137d128d2598b58d7e2a874cfeaf75383,a2010927337b6df7,123.44019872304916,11.718805226620647,2b311305bd22a0c3,[],6.0,esp_012057_0950,['val'],2.0,Counter({'val': 2}),test,a77165d00d1fed49,True,development_corruption,1,C:\Users\deves\OneDrive\Desktop\Projects\TCMD-SS\data\raw\hirise_v3_2\map-proj-v3_2\ESP_012057_0950_RED-0111.jpg,development,stripes,0.3,esp_012057_0950_red-0111_stripes_0.3
map-proj-v3_2/ESP_012057_0950_RED-0111.jpg,ok,,JPEG,227.0,227.0,L,1.0,1.0,normal,swiss cheese,val,esp_012057_0950_red-0111,[],777c6feedbdf02c216b609395bf0a4caa7e338731a7bd976341ae0cd67aadff5,1c1addd7d362920c5761e01c4505436137d128d2598b58d7e2a874cfeaf75383,a2010927337b6df7,123.44019872304916,11.718805226620647,2b311305bd22a0c3,[],6.0,esp_012057_0950,['val'],2.0,Counter({'val': 2}),test,a77165d00d1fed49,True,development_corruption,1,C:\Users\deves\OneDrive\Desktop\Projects\TCMD-SS\data\raw\hirise_v3_2\map-proj-v3_2\ESP_012057_0950_RED-0111.jpg,development,stripes,0.5,esp_012057_0950_red-0111_stripes_0.5
map-proj-v3_2/ESP_012057_0950_RED-0111.jpg,ok,,JPEG,227.0,227.0,L,1.0,1.0,normal,swiss cheese,val,esp_012057_0950_red-0111,[],777c6feedbdf02c216b609395bf0a4caa7e338731a7bd976341ae0cd67aadff5,1c1addd7d362920c5761e01c4505436137d128d2598b58d7e2a874cfeaf75383,a2010927337b6df7,123.44019872304916,11.718805226620647,2b311305bd22a0c3,[],6.0,esp_012057_0950,['val'],2.0,Counter({'val': 2}),test,a77165d00d1fed49,True,development_corruption,1,C:\Users\deves\OneDrive\Desktop\Projects\TCMD-SS\data\raw\hirise_v3_2\map-proj-v3_2\ESP_012057_0950_RED-0111.jpg,development,dead_pixels,0.15,esp_012057_0950_red-0111_dead_pixels_0.15
map-proj-v3_2/ESP_012057_0950_RED-0111.jpg,ok,,JPEG,227.0,227.0,L,1.0,1.0,normal,swiss cheese,val,esp_012057_0950_red-0111,[],777c6feedbdf02c216b609395bf0a4caa7e338731a7bd976341ae0cd67aadff5,1c1addd7d362920c5761e01c4505436137d128d2598b58d7e2a874cfeaf75383,a2010927337b6df7,123.44019872304916,11.718805226620647,2b311305bd22a0c3,[],6.0,esp_012057_0950,['val'],2.0,Counter({'val': 2}),test,a77165d00d1fed49,True,development_corruption,1,C:\Users\deves\OneDrive\Desktop\Projects\TCMD-SS\data\raw\hirise_v3_2\map-proj-v3_2\ESP_012057_0950_RED-0111.jpg,development,dead_pixels,0.3,esp_012057_0950_red-0111_dead_pixels_0.3
map-proj-v3_2/ESP_012057_0950_RED-0111.jpg,ok,,JPEG,227.0,227.0,L,1.0,1.0,normal,swiss cheese,val,esp_012057_0950_red-0111,[],777c6feedbdf02c216b609395bf0a4caa7e338731a7bd976341ae0cd67aadff5,1c1addd7d362920c5761e01c4505436137d128d2598b58d7e2a874cfeaf75383,a2010927337b6df7,123.44019872304916,11.718805226620647,2b311305bd22a0c3,[],6.0,esp_012057_0950,['val'],2.0,Counter({'val': 2}),test,a77165d00d1fed49,True,development_corruption,1,C:\Users\deves\OneDrive\Desktop\Projects\TCMD-SS\data\raw\hirise_v3_2\map-proj-v3_2\ESP_012057_0950_RED-0111.jpg,development,dead_pixels,0.5,esp_012057_0950_red-0111_dead_pixels_0.5
map-proj-v3_2/ESP_012057_0950_RED-0111.jpg,ok,,JPEG,227.0,227.0,L,1.0,1.0,normal,swiss cheese,val,esp_012057_0950_red-0111,[],777c6feedbdf02c216b609395bf0a4caa7e338731a7bd976341ae0cd67aadff5,1c1addd7d362920c5761e01c4505436137d128d2598b58d7e2a874cfeaf75383,a2010927337b6df7,123.44019872304916,11.718805226620647,2b311305bd22a0c3,[],6.0,esp_012057_0950,['val'],2.0,Counter({'val': 2}),test,a77165d00d1fed49,True,development_corruption,1,C:\Users\deves\OneDrive\Desktop\Projects\TCMD-SS\data\raw\hirise_v3_2\map-proj-v3_2\ESP_012057_0950_RED-0111.jpg,development,missing_patch,0.15,esp_012057_0950_red-0111_missing_patch_0.15
map-proj-v3_2/ESP_012057_0950_RED-0111.jpg,ok,,JPEG,227.0,227.0,L,1.0,1.0,normal,swiss cheese,val,esp_012057_0950_red-0111,[],777c6feedbdf02c216b609395bf0a4caa7e338731a7bd976341ae0cd67aadff5,1c1addd7d362920c5761e01c4505436137d128d2598b58d7e2a874cfeaf75383,a2010927337b6df7,123.44019872304916,11.718805226620647,2b311305bd22a0c3,[],6.0,esp_012057_0950,['val'],2.0,Counter({'val': 2}),test,a77165d00d1fed49,True,development_corruption,1,C:\Users\deves\OneDrive\Desktop\Projects\TCMD-SS\data\raw\hirise_v3_2\map-proj-v3_2\ESP_012057_0950_RED-0111.jpg,development,missing_patch,0.3,esp_012057_0950_red-0111_missing_patch_0.3
map-proj-v3_2/ESP_012057_0950_RED-0111.jpg,ok,,JPEG,227.0,227.0,L,1.0,1.0,normal,swiss cheese,val,esp_012057_0950_red-0111,[],777c6feedbdf02c216b609395bf0a4caa7e338731a7bd976341ae0cd67aadff5,1c1addd7d362920c5761e01c4505436137d128d2598b58d7e2a874cfeaf75383,a2010927337b6df7,123.44019872304916,11.718805226620647,2b311305bd22a0c3,[],6.0,esp_012057_0950,['val'],2.0,Counter({'val': 2}),test,a77165d00d1fed49,True,development_corruption,1,C:\Users\deves\OneDrive\Desktop\Projects\TCMD-SS\data\raw\hirise_v3_2\map-proj-v3_2\ESP_012057_0950_RED-0111.jpg,development,missing_patch,0.5,esp_012057_0950_red-0111_missing_patch_0.5
map-proj-v3_2/ESP_012057_0950_RED-0111.jpg,ok,,JPEG,227.0,227.0,L,1.0,1.0,normal,swiss cheese,val,esp_012057_0950_red-0111,[],777c6feedbdf02c216b609395bf0a4caa7e338731a7bd976341ae0cd67aadff5,1c1addd7d362920c5761e01c4505436137d128d2598b58d7e2a874cfeaf75383,a2010927337b6df7,123.44019872304916,11.718805226620647,2b311305bd22a0c3,[],6.0,esp_012057_0950,['val'],2.0,Counter({'val': 2}),test,a77165d00d1fed49,True,development_corruption,1,C:\Users\deves\OneDrive\Desktop\Projects\TCMD-SS\data\raw\hirise_v3_2\map-proj-v3_2\ESP_012057_0950_RED-0111.jpg,development,local_blur,0.15,esp_012057_0950_red-0111_local_blur_0.15
map-proj-v3_2/ESP_012057_0950_RED-0111.jpg,ok,,JPEG,227.0,227.0,L,1.0,1.0,normal,swiss cheese,val,esp_012057_0950_red-0111,[],777c6feedbdf02c216b609395bf0a4caa7e338731a7bd976341ae0cd67aadff5,1c1addd7d362920c5761e01c4505436137d128d2598b58d7e2a874cfeaf75383,a2010927337b6df7,123.44019872304916,11.718805226620647,2b311305bd22a0c3,[],6.0,esp_012057_0950,['val'],2.0,Counter({'val': 2}),test,a77165d00d1fed49,True,development_corruption,1,C:\Users\deves\OneDrive\Desktop\Projects\TCMD-SS\data\raw\hirise_v3_2\map-proj-v3_2\ESP_012057_0950_RED-0111.jpg,development,local_blur,0.3,esp_012057_0950_red-0111_local_blur_0.3
map-proj-v3_2/ESP_012057_0950_RED-0111.jpg,ok,,JPEG,227.0,227.0,L,1.0,1.0,normal,swiss cheese,val,esp_012057_0950_red-0111,[],777c6feedbdf02c216b609395bf0a4caa7e338731a7bd976341ae0cd67aadff5,1c1addd7d362920c5761e01c4505436137d128d2598b58d7e2a874cfeaf75383,a2010927337b6df7,123.44019872304916,11.718805226620647,2b311305bd22a0c3,[],6.0,esp_012057_0950,['val'],2.0,Counter({'val': 2}),test,a77165d00d1fed49,True,development_corruption,1,C:\Users\deves\OneDrive\Desktop\Projects\TCMD-SS\data\raw\hirise_v3_2\map-proj-v3_2\ESP_012057_0950_RED-0111.jpg,development,local_blur,0.5,esp_012057_0950_red-0111_local_blur_0.5
map-proj-v3_2/ESP_012057_0950_RED-0111.jpg,ok,,JPEG,227.0,227.0,L,1.0,1.0,normal,swiss cheese,val,esp_012057_0950_red-0111,[],777c6feedbdf02c216b609395bf0a4caa7e338731a7bd976341ae0cd67aadff5,1c1addd7d362920c5761e01c4505436137d128d2598b58d7e2a874cfeaf75383,a2010927337b6df7,123.44019872304916,11.718805226620647,2b311305bd22a0c3,[],6.0,esp_012057_0950,['val'],2.0,Counter({'val': 2}),test,a77165d00d1fed49,True,development_corruption,1,C:\Users\deves\OneDrive\Desktop\Projects\TCMD-SS\data\raw\hirise_v3_2\map-proj-v3_2\ESP_012057_0950_RED-0111.jpg,development,patch_duplication,0.15,esp_012057_0950_red-0111_patch_duplication_0.15
map-proj-v3_2/ESP_012057_0950_RED-0111.jpg,ok,,JPEG,227.0,227.0,L,1.0,1.0,normal,swiss cheese,val,esp_012057_0950_red-0111,[],777c6feedbdf02c216b609395bf0a4caa7e338731a7bd976341ae0cd67aadff5,1c1addd7d362920c5761e01c4505436137d128d2598b58d7e2a874cfeaf75383,a2010927337b6df7,123.44019872304916,11.718805226620647,2b311305bd22a0c3,[],6.0,esp_012057_0950,['val'],2.0,Counter({'val': 2}),test,a77165d00d1fed49,True,development_corruption,1,C:\Users\deves\OneDrive\Desktop\Projects\TCMD-SS\data\raw\hirise_v3_2\map-proj-v3_2\ESP_012057_0950_RED-0111.jpg,development,patch_duplication,0.3,esp_012057_0950_red-0111_patch_duplication_0.3
map-proj-v3_2/ESP_012057_0950_RED-0111.jpg,ok,,JPEG,227.0,227.0,L,1.0,1.0,normal,swiss cheese,val,esp_012057_0950_red-0111,[],777c6feedbdf02c216b609395bf0a4caa7e338731a7bd976341ae0cd67aadff5,1c1addd7d362920c5761e01c4505436137d128d2598b58d7e2a874cfeaf75383,a2010927337b6df7,123.44019872304916,11.718805226620647,2b311305bd22a0c3,[],6.0,esp_012057_0950,['val'],2.0,Counter({'val': 2}),test,a77165d00d1fed49,True,development_corruption,1,C:\Users\deves\OneDrive\Desktop\Projects\TCMD-SS\data\raw\hirise_v3_2\map-proj-v3_2\ESP_012057_0950_RED-0111.jpg,development,patch_duplication,0.5,esp_012057_0950_red-0111_patch_duplication_0.5
map-proj-v3_2/ESP_012057_0950_RED-0111.jpg,ok,,JPEG,227.0,227.0,L,1.0,1.0,normal,swiss cheese,val,esp_012057_0950_red-0111,[],777c6feedbdf02c216b609395bf0a4caa7e338731a7bd976341ae0cd67aadff5,1c1addd7d362920c5761e01c4505436137d128d2598b58d7e2a874cfeaf75383,a2010927337b6df7,123.44019872304916,11.718805226620647,2b311305bd22a0c3,[],6.0,esp_012057_0950,['val'],2.0,Counter({'val': 2}),test,a77165d00d1fed49,True,development_corruption,1,C:\Users\deves\OneDrive\Desktop\Projects\TCMD-SS\data\raw\hirise_v3_2\map-proj-v3_2\ESP_012057_0950_RED-0111.jpg,development,foreign_content,0.15,esp_012057_0950_red-0111_foreign_content_0.15
map-proj-v3_2/ESP_012057_0950_RED-0111.jpg,ok,,JPEG,227.0,227.0,L,1.0,1.0,normal,swiss cheese,val,esp_012057_0950_red-0111,[],777c6feedbdf02c216b609395bf0a4caa7e338731a7bd976341ae0cd67aadff5,1c1addd7d362920c5761e01c4505436137d128d2598b58d7e2a874cfeaf75383,a2010927337b6df7,123.44019872304916,11.718805226620647,2b311305bd22a0c3,[],6.0,esp_012057_0950,['val'],2.0,Counter({'val': 2}),test,a77165d00d1fed49,True,development_corruption,1,C:\Users\deves\OneDrive\Desktop\Projects\TCMD-SS\data\raw\hirise_v3_2\map-proj-v3_2\ESP_012057_0950_RED-0111.jpg,development,foreign_content,0.3,esp_012057_0950_red-0111_foreign_content_0.3
map-proj-v3_2/ESP_012057_0950_RED-0111.jpg,ok,,JPEG,227.0,227.0,L,1.0,1.0,normal,swiss cheese,val,esp_012057_0950_red-0111,[],777c6feedbdf02c216b609395bf0a4caa7e338731a7bd976341ae0cd67aadff5,1c1addd7d362920c5761e01c4505436137d128d2598b58d7e2a874cfeaf75383,a2010927337b6df7,123.44019872304916,11.718805226620647,2b311305bd22a0c3,[],6.0,esp_012057_0950,['val'],2.0,Counter({'val': 2}),test,a77165d00d1fed49,True,development_corruption,1,C:\Users\deves\OneDrive\Desktop\Projects\TCMD-SS\data\raw\hirise_v3_2\map-proj-v3_2\ESP_012057_0950_RED-0111.jpg,development,foreign_content,0.5,esp_012057_0950_red-0111_foreign_content_0.5
map-proj-v3_2/ESP_049651_1050_RED-0070.jpg,ok,,JPEG,227.0,227.0,L,1.0,1.0,normal,spider,train,esp_049651_1050_red-0070,[],7e6cd3d22e79ac4535e9e2d6cf1ad535fbfd5916e12b4654ff4de42d15e30d09,7208a42df3d9673c13da4502f05be899874f05606cd39bc000009f36dac3e4cc,a934cb3763a69a38,152.42752624735587,15.582734888143534,3b6db7d58330cc86,[],7.0,esp_049651_1050,['train'],1.0,Counter({'train': 1}),test,3aa2a227e3baa339,True,hirise_clean,0,C:\Users\deves\OneDrive\Desktop\Projects\TCMD-SS\data\raw\hirise_v3_2\map-proj-v3_2\ESP_049651_1050_RED-0070.jpg,development,clean,0.0,esp_049651_1050_red-0070_clean
map-proj-v3_2/ESP_049651_1050_RED-0070.jpg,ok,,JPEG,227.0,227.0,L,1.0,1.0,normal,spider,train,esp_049651_1050_red-0070,[],7e6cd3d22e79ac4535e9e2d6cf1ad535fbfd5916e12b4654ff4de42d15e30d09,7208a42df3d9673c13da4502f05be899874f05606cd39bc000009f36dac3e4cc,a934cb3763a69a38,152.42752624735587,15.582734888143534,3b6db7d58330cc86,[],7.0,esp_049651_1050,['train'],1.0,Counter({'train': 1}),test,3aa2a227e3baa339,True,development_corruption,1,C:\Users\deves\OneDrive\Desktop\Projects\TCMD-SS\data\raw\hirise_v3_2\map-proj-v3_2\ESP_049651_1050_RED-0070.jpg,development,stripes,0.15,esp_049651_1050_red-0070_stripes_0.15
map-proj-v3_2/ESP_049651_1050_RED-0070.jpg,ok,,JPEG,227.0,227.0,L,1.0,1.0,normal,spider,train,esp_049651_1050_red-0070,[],7e6cd3d22e79ac4535e9e2d6cf1ad535fbfd5916e12b4654ff4de42d15e30d09,7208a42df3d9673c13da4502f05be899874f05606cd39bc000009f36dac3e4cc,a934cb3763a69a38,152.42752624735587,15.582734888143534,3b6db7d58330cc86,[],7.0,esp_049651_1050,['train'],1.0,Counter({'train': 1}),test,3aa2a227e3baa339,True,development_corruption,1,C:\Users\deves\OneDrive\Desktop\Projects\TCMD-SS\data\raw\hirise_v3_2\map-proj-v3_2\ESP_049651_1050_RED-0070.jpg,development,stripes,0.3,esp_049651_1050_red-0070_stripes_0.3
map-proj-v3_2/ESP_049651_1050_RED-0070.jpg,ok,,JPEG,227.0,227.0,L,1.0,1.0,normal,spider,train,esp_049651_1050_red-0070,[],7e6cd3d22e79ac4535e9e2d6cf1ad535fbfd5916e12b4654ff4de42d15e30d09,7208a42df3d9673c13da4502f05be899874f05606cd39bc000009f36dac3e4cc,a934cb3763a69a38,152.42752624735587,15.582734888143534,3b6db7d58330cc86,[],7.0,esp_049651_1050,['train'],1.0,Counter({'train': 1}),test,3aa2a227e3baa339,True,development_corruption,1,C:\Users\deves\OneDrive\Desktop\Projects\TCMD-SS\data\raw\hirise_v3_2\map-proj-v3_2\ESP_049651_1050_RED-0070.jpg,development,stripes,0.5,esp_049651_1050_red-0070_stripes_0.5
map-proj-v3_2/ESP_049651_1050_RED-0070.jpg,ok,,JPEG,227.0,227.0,L,1.0,1.0,normal,spider,train,esp_049651_1050_red-0070,[],7e6cd3d22e79ac4535e9e2d6cf1ad535fbfd5916e12b4654ff4de42d15e30d09,7208a42df3d9673c13da4502f05be899874f05606cd39bc000009f36dac3e4cc,a934cb3763a69a38,152.42752624735587,15.582734888143534,3b6db7d58330cc86,[],7.0,esp_049651_1050,['train'],1.0,Counter({'train': 1}),test,3aa2a227e3baa339,True,development_corruption,1,C:\Users\deves\OneDrive\Desktop\Projects\TCMD-SS\data\raw\hirise_v3_2\map-proj-v3_2\ESP_049651_1050_RED-0070.jpg,development,dead_pixels,0.15,esp_049651_1050_red-0070_dead_pixels_0.15
map-proj-v3_2/ESP_049651_1050_RED-0070.jpg,ok,,JPEG,227.0,227.0,L,1.0,1.0,normal,spider,train,esp_049651_1050_red-0070,[],7e6cd3d22e79ac4535e9e2d6cf1ad535fbfd5916e12b4654ff4de42d15e30d09,7208a42df3d9673c13da4502f05be899874f05606cd39bc000009f36dac3e4cc,a934cb3763a69a38,152.42752624735587,15.582734888143534,3b6db7d58330cc86,[],7.0,esp_049651_1050,['train'],1.0,Counter({'train': 1}),test,3aa2a227e3baa339,True,development_corruption,1,C:\Users\deves\OneDrive\Desktop\Projects\TCMD-SS\data\raw\hirise_v3_2\map-proj-v3_2\ESP_049651_1050_RED-0070.jpg,development,dead_pixels,0.3,esp_049651_1050_red-0070_dead_pixels_0.3
map-proj-v3_2/ESP_049651_1050_RED-0070.jpg,ok,,JPEG,227.0,227.0,L,1.0,1.0,normal,spider,train,esp_049651_1050_red-0070,[],7e6cd3d22e79ac4535e9e2d6cf1ad535fbfd5916e12b4654ff4de42d15e30d09,7208a42df3d9673c13da4502f05be899874f05606cd39bc000009f36dac3e4cc,a934cb3763a69a38,152.42752624735587,15.582734888143534,3b6db7d58330cc86,[],7.0,esp_049651_1050,['train'],1.0,Counter({'train': 1}),test,3aa2a227e3baa339,True,development_corruption,1,C:\Users\deves\OneDrive\Desktop\Projects\TCMD-SS\data\raw\hirise_v3_2\map-proj-v3_2\ESP_049651_1050_RED-0070.jpg,development,dead_pixels,0.5,esp_049651_1050_red-0070_dead_pixels_0.5
map-proj-v3_2/ESP_049651_1050_RED-0070.jpg,ok,,JPEG,227.0,227.0,L,1.0,1.0,normal,spider,train,esp_049651_1050_red-0070,[],7e6cd3d22e79ac4535e9e2d6cf1ad535fbfd5916e12b4654ff4de42d15e30d09,7208a42df3d9673c13da4502f05be899874f05606cd39bc000009f36dac3e4cc,a934cb3763a69a38,152.42752624735587,15.582734888143534,3b6db7d58330cc86,[],7.0,esp_049651_1050,['train'],1.0,Counter({'train': 1}),test,3aa2a227e3baa339,True,development_corruption,1,C:\Users\deves\OneDrive\Desktop\Projects\TCMD-SS\data\raw\hirise_v3_2\map-proj-v3_2\ESP_049651_1050_RED-0070.jpg,development,missing_patch,0.15,esp_049651_1050_red-0070_missing_patch_0.15
map-proj-v3_2/ESP_049651_1050_RED-0070.jpg,ok,,JPEG,227.0,227.0,L,1.0,1.0,normal,spider,train,esp_049651_1050_red-0070,[],7e6cd3d22e79ac4535e9e2d6cf1ad535fbfd5916e12b4654ff4de42d15e30d09,7208a42df3d9673c13da4502f05be899874f05606cd39bc000009f36dac3e4cc,a934cb3763a69a38,152.42752624735587,15.582734888143534,3b6db7d58330cc86,[],7.0,esp_049651_1050,['train'],1.0,Counter({'train': 1}),test,3aa2a227e3baa339,True,development_corruption,1,C:\Users\deves\OneDrive\Desktop\Projects\TCMD-SS\data\raw\hirise_v3_2\map-proj-v3_2\ESP_049651_1050_RED-0070.jpg,development,missing_patch,0.3,esp_049651_1050_red-0070_missing_patch_0.3
map-proj-v3_2/ESP_049651_1050_RED-0070.jpg,ok,,JPEG,227.0,227.0,L,1.0,1.0,normal,spider,train,esp_049651_1050_red-0070,[],7e6cd3d22e79ac4535e9e2d6cf1ad535fbfd5916e12b4654ff4de42d15e30d09,7208a42df3d9673c13da4502f05be899874f05606cd39bc000009f36dac3e4cc,a934cb3763a69a38,152.42752624735587,15.582734888143534,3b6db7d58330cc86,[],7.0,esp_049651_1050,['train'],1.0,Counter({'train': 1}),test,3aa2a227e3baa339,True,development_corruption,1,C:\Users\deves\OneDrive\Desktop\Projects\TCMD-SS\data\raw\hirise_v3_2\map-proj-v3_2\ESP_049651_1050_RED-0070.jpg,development,missing_patch,0.5,esp_049651_1050_red-0070_missing_patch_0.5
map-proj-v3_2/ESP_049651_1050_RED-0070.jpg,ok,,JPEG,227.0,227.0,L,1.0,1.0,normal,spider,train,esp_049651_1050_red-0070,[],7e6cd3d22e79ac4535e9e2d6cf1ad535fbfd5916e12b4654ff4de42d15e30d09,7208a42df3d9673c13da4502f05be899874f05606cd39bc000009f36dac3e4cc,a934cb3763a69a38,152.42752624735587,15.582734888143534,3b6db7d58330cc86,[],7.0,esp_049651_1050,['train'],1.0,Counter({'train': 1}),test,3aa2a227e3baa339,True,development_corruption,1,C:\Users\deves\OneDrive\Desktop\Projects\TCMD-SS\data\raw\hirise_v3_2\map-proj-v3_2\ESP_049651_1050_RED-0070.jpg,development,local_blur,0.15,esp_049651_1050_red-0070_local_blur_0.15
map-proj-v3_2/ESP_049651_1050_RED-0070.jpg,ok,,JPEG,227.0,227.0,L,1.0,1.0,normal,spider,train,esp_049651_1050_red-0070,[],7e6cd3d22e79ac4535e9e2d6cf1ad535fbfd5916e12b4654ff4de42d15e30d09,7208a42df3d9673c13da4502f05be899874f05606cd39bc000009f36dac3e4cc,a934cb3763a69a38,152.42752624735587,15.582734888143534,3b6db7d58330cc86,[],7.0,esp_049651_1050,['train'],1.0,Counter({'train': 1}),test,3aa2a227e3baa339,True,development_corruption,1,C:\Users\deves\OneDrive\Desktop\Projects\TCMD-SS\data\raw\hirise_v3_2\map-proj-v3_2\ESP_049651_1050_RED-0070.jpg,development,local_blur,0.3,esp_049651_1050_red-0070_local_blur_0.3
map-proj-v3_2/ESP_049651_1050_RED-0070.jpg,ok,,JPEG,227.0,227.0,L,1.0,1.0,normal,spider,train,esp_049651_1050_red-0070,[],7e6cd3d22e79ac4535e9e2d6cf1ad535fbfd5916e12b4654ff4de42d15e30d09,7208a42df3d9673c13da4502f05be899874f05606cd39bc000009f36dac3e4cc,a934cb3763a69a38,152.42752624735587,15.582734888143534,3b6db7d58330cc86,[],7.0,esp_049651_1050,['train'],1.0,Counter({'train': 1}),test,3aa2a227e3baa339,True,development_corruption,1,C:\Users\deves\OneDrive\Desktop\Projects\TCMD-SS\data\raw\hirise_v3_2\map-proj-v3_2\ESP_049651_1050_RED-0070.jpg,development,local_blur,0.5,esp_049651_1050_red-0070_local_blur_0.5
map-proj-v3_2/ESP_049651_1050_RED-0070.jpg,ok,,JPEG,227.0,227.0,L,1.0,1.0,normal,spider,train,esp_049651_1050_red-0070,[],7e6cd3d22e79ac4535e9e2d6cf1ad535fbfd5916e12b4654ff4de42d15e30d09,7208a42df3d9673c13da4502f05be899874f05606cd39bc000009f36dac3e4cc,a934cb3763a69a38,152.42752624735587,15.582734888143534,3b6db7d58330cc86,[],7.0,esp_049651_1050,['train'],1.0,Counter({'train': 1}),test,3aa2a227e3baa339,True,development_corruption,1,C:\Users\deves\OneDrive\Desktop\Projects\TCMD-SS\data\raw\hirise_v3_2\map-proj-v3_2\ESP_049651_1050_RED-0070.jpg,development,patch_duplication,0.15,esp_049651_1050_red-0070_patch_duplication_0.15
map-proj-v3_2/ESP_049651_1050_RED-0070.jpg,ok,,JPEG,227.0,227.0,L,1.0,1.0,normal,spider,train,esp_049651_1050_red-0070,[],7e6cd3d22e79ac4535e9e2d6cf1ad535fbfd5916e12b4654ff4de42d15e30d09,7208a42df3d9673c13da4502f05be899874f05606cd39bc000009f36dac3e4cc,a934cb3763a69a38,152.42752624735587,15.582734888143534,3b6db7d58330cc86,[],7.0,esp_049651_1050,['train'],1.0,Counter({'train': 1}),test,3aa2a227e3baa339,True,development_corruption,1,C:\Users\deves\OneDrive\Desktop\Projects\TCMD-SS\data\raw\hirise_v3_2\map-proj-v3_2\ESP_049651_1050_RED-0070.jpg,development,patch_duplication,0.3,esp_049651_1050_red-0070_patch_duplication_0.3
map-proj-v3_2/ESP_049651_1050_RED-0070.jpg,ok,,JPEG,227.0,227.0,L,1.0,1.0,normal,spider,train,esp_049651_1050_red-0070,[],7e6cd3d22e79ac4535e9e2d6cf1ad535fbfd5916e12b4654ff4de42d15e30d09,7208a42df3d9673c13da4502f05be899874f05606cd39bc000009f36dac3e4cc,a934cb3763a69a38,152.42752624735587,15.582734888143534,3b6db7d58330cc86,[],7.0,esp_049651_1050,['train'],1.0,Counter({'train': 1}),test,3aa2a227e3baa339,True,development_corruption,1,C:\Users\deves\OneDrive\Desktop\Projects\TCMD-SS\data\raw\hirise_v3_2\map-proj-v3_2\ESP_049651_1050_RED-0070.jpg,development,patch_duplication,0.5,esp_049651_1050_red-0070_patch_duplication_0.5
map-proj-v3_2/ESP_049651_1050_RED-0070.jpg,ok,,JPEG,227.0,227.0,L,1.0,1.0,normal,spider,train,esp_049651_1050_red-0070,[],7e6cd3d22e79ac4535e9e2d6cf1ad535fbfd5916e12b4654ff4de42d15e30d09,7208a42df3d9673c13da4502f05be899874f05606cd39bc000009f36dac3e4cc,a934cb3763a69a38,152.42752624735587,15.582734888143534,3b6db7d58330cc86,[],7.0,esp_049651_1050,['train'],1.0,Counter({'train': 1}),test,3aa2a227e3baa339,True,development_corruption,1,C:\Users\deves\OneDrive\Desktop\Projects\TCMD-SS\data\raw\hirise_v3_2\map-proj-v3_2\ESP_049651_1050_RED-0070.jpg,development,foreign_content,0.15,esp_049651_1050_red-0070_foreign_content_0.15
map-proj-v3_2/ESP_049651_1050_RED-0070.jpg,ok,,JPEG,227.0,227.0,L,1.0,1.0,normal,spider,train,esp_049651_1050_red-0070,[],7e6cd3d22e79ac4535e9e2d6cf1ad535fbfd5916e12b4654ff4de42d15e30d09,7208a42df3d9673c13da4502f05be899874f05606cd39bc000009f36dac3e4cc,a934cb3763a69a38,152.42752624735587,15.582734888143534,3b6db7d58330cc86,[],7.0,esp_049651_1050,['train'],1.0,Counter({'train': 1}),test,3aa2a227e3baa339,True,development_corruption,1,C:\Users\deves\OneDrive\Desktop\Projects\TCMD-SS\data\raw\hirise_v3_2\map-proj-v3_2\ESP_049651_1050_RED-0070.jpg,development,foreign_content,0.3,esp_049651_1050_red-0070_foreign_content_0.3
map-proj-v3_2/ESP_049651_1050_RED-0070.jpg,ok,,JPEG,227.0,227.0,L,1.0,1.0,normal,spider,train,esp_049651_1050_red-0070,[],7e6cd3d22e79ac4535e9e2d6cf1ad535fbfd5916e12b4654ff4de42d15e30d09,7208a42df3d9673c13da4502f05be899874f05606cd39bc000009f36dac3e4cc,a934cb3763a69a38,152.42752624735587,15.582734888143534,3b6db7d58330cc86,[],7.0,esp_049651_1050,['train'],1.0,Counter({'train': 1}),test,3aa2a227e3baa339,True,development_corruption,1,C:\Users\deves\OneDrive\Desktop\Projects\TCMD-SS\data\raw\hirise_v3_2\map-proj-v3_2\ESP_049651_1050_RED-0070.jpg,development,foreign_content,0.5,esp_049651_1050_red-0070_foreign_content_0.5
map-proj-v3_2/PSP_006766_1850_RED-0101.jpg,ok,,JPEG,227.0,227.0,L,1.0,1.0,normal,other,train,psp_006766_1850_red-0101,[],866b872da1e6fff5bd8b802fec51b9980fe4345604a0c6988011e9e4dc1e97fe,ab7ca80c75ff0c66563c1a06155462ca5313ad1cc7cff5e0d7973fcde29a9963,ca89315266a7bb5a,145.77205068990278,17.415268967982808,3e5859dcc22e00d5,[],0.0,psp_006766_1850,['train'],1.0,Counter({'train': 1}),test,ad1e3cd913b8aecb,True,hirise_clean,0,C:\Users\deves\OneDrive\Desktop\Projects\TCMD-SS\data\raw\hirise_v3_2\map-proj-v3_2\PSP_006766_1850_RED-0101.jpg,development,clean,0.0,psp_006766_1850_red-0101_clean
map-proj-v3_2/PSP_006766_1850_RED-0101.jpg,ok,,JPEG,227.0,227.0,L,1.0,1.0,normal,other,train,psp_006766_1850_red-0101,[],866b872da1e6fff5bd8b802fec51b9980fe4345604a0c6988011e9e4dc1e97fe,ab7ca80c75ff0c66563c1a06155462ca5313ad1cc7cff5e0d7973fcde29a9963,ca89315266a7bb5a,145.77205068990278,17.415268967982808,3e5859dcc22e00d5,[],0.0,psp_006766_1850,['train'],1.0,Counter({'train': 1}),test,ad1e3cd913b8aecb,True,development_corruption,1,C:\Users\deves\OneDrive\Desktop\Projects\TCMD-SS\data\raw\hirise_v3_2\map-proj-v3_2\PSP_006766_1850_RED-0101.jpg,development,stripes,0.15,psp_006766_1850_red-0101_stripes_0.15
map-proj-v3_2/PSP_006766_1850_RED-0101.jpg,ok,,JPEG,227.0,227.0,L,1.0,1.0,normal,other,train,psp_006766_1850_red-0101,[],866b872da1e6fff5bd8b802fec51b9980fe4345604a0c6988011e9e4dc1e97fe,ab7ca80c75ff0c66563c1a06155462ca5313ad1cc7cff5e0d7973fcde29a9963,ca89315266a7bb5a,145.77205068990278,17.415268967982808,3e5859dcc22e00d5,[],0.0,psp_006766_1850,['train'],1.0,Counter({'train': 1}),test,ad1e3cd913b8aecb,True,development_corruption,1,C:\Users\deves\OneDrive\Desktop\Projects\TCMD-SS\data\raw\hirise_v3_2\map-proj-v3_2\PSP_006766_1850_RED-0101.jpg,development,stripes,0.3,psp_006766_1850_red-0101_stripes_0.3
map-proj-v3_2/PSP_006766_1850_RED-0101.jpg,ok,,JPEG,227.0,227.0,L,1.0,1.0,normal,other,train,psp_006766_1850_red-0101,[],866b872da1e6fff5bd8b802fec51b9980fe4345604a0c6988011e9e4dc1e97fe,ab7ca80c75ff0c66563c1a06155462ca5313ad1cc7cff5e0d7973fcde29a9963,ca89315266a7bb5a,145.77205068990278,17.415268967982808,3e5859dcc22e00d5,[],0.0,psp_006766_1850,['train'],1.0,Counter({'train': 1}),test,ad1e3cd913b8aecb,True,development_corruption,1,C:\Users\deves\OneDrive\Desktop\Projects\TCMD-SS\data\raw\hirise_v3_2\map-proj-v3_2\PSP_006766_1850_RED-0101.jpg,development,stripes,0.5,psp_006766_1850_red-0101_stripes_0.5
map-proj-v3_2/PSP_006766_1850_RED-0101.jpg,ok,,JPEG,227.0,227.0,L,1.0,1.0,normal,other,train,psp_006766_1850_red-0101,[],866b872da1e6fff5bd8b802fec51b9980fe4345604a0c6988011e9e4dc1e97fe,ab7ca80c75ff0c66563c1a06155462ca5313ad1cc7cff5e0d7973fcde29a9963,ca89315266a7bb5a,145.77205068990278,17.415268967982808,3e5859dcc22e00d5,[],0.0,psp_006766_1850,['train'],1.0,Counter({'train': 1}),test,ad1e3cd913b8aecb,True,development_corruption,1,C:\Users\deves\OneDrive\Desktop\Projects\TCMD-SS\data\raw\hirise_v3_2\map-proj-v3_2\PSP_006766_1850_RED-0101.jpg,development,dead_pixels,0.15,psp_006766_1850_red-0101_dead_pixels_0.15
map-proj-v3_2/PSP_006766_1850_RED-0101.jpg,ok,,JPEG,227.0,227.0,L,1.0,1.0,normal,other,train,psp_006766_1850_red-0101,[],866b872da1e6fff5bd8b802fec51b9980fe4345604a0c6988011e9e4dc1e97fe,ab7ca80c75ff0c66563c1a06155462ca5313ad1cc7cff5e0d7973fcde29a9963,ca89315266a7bb5a,145.77205068990278,17.415268967982808,3e5859dcc22e00d5,[],0.0,psp_006766_1850,['train'],1.0,Counter({'train': 1}),test,ad1e3cd913b8aecb,True,development_corruption,1,C:\Users\deves\OneDrive\Desktop\Projects\TCMD-SS\data\raw\hirise_v3_2\map-proj-v3_2\PSP_006766_1850_RED-0101.jpg,development,dead_pixels,0.3,psp_006766_1850_red-0101_dead_pixels_0.3
map-proj-v3_2/PSP_006766_1850_RED-0101.jpg,ok,,JPEG,227.0,227.0,L,1.0,1.0,normal,other,train,psp_006766_1850_red-0101,[],866b872da1e6fff5bd8b802fec51b9980fe4345604a0c6988011e9e4dc1e97fe,ab7ca80c75ff0c66563c1a06155462ca5313ad1cc7cff5e0d7973fcde29a9963,ca89315266a7bb5a,145.77205068990278,17.415268967982808,3e5859dcc22e00d5,[],0.0,psp_006766_1850,['train'],1.0,Counter({'train': 1}),test,ad1e3cd913b8aecb,True,development_corruption,1,C:\Users\deves\OneDrive\Desktop\Projects\TCMD-SS\data\raw\hirise_v3_2\map-proj-v3_2\PSP_006766_1850_RED-0101.jpg,development,dead_pixels,0.5,psp_006766_1850_red-0101_dead_pixels_0.5
map-proj-v3_2/PSP_006766_1850_RED-0101.jpg,ok,,JPEG,227.0,227.0,L,1.0,1.0,normal,other,train,psp_006766_1850_red-0101,[],866b872da1e6fff5bd8b802fec51b9980fe4345604a0c6988011e9e4dc1e97fe,ab7ca80c75ff0c66563c1a06155462ca5313ad1cc7cff5e0d7973fcde29a9963,ca89315266a7bb5a,145.77205068990278,17.415268967982808,3e5859dcc22e00d5,[],0.0,psp_006766_1850,['train'],1.0,Counter({'train': 1}),test,ad1e3cd913b8aecb,True,development_corruption,1,C:\Users\deves\OneDrive\Desktop\Projects\TCMD-SS\data\raw\hirise_v3_2\map-proj-v3_2\PSP_006766_1850_RED-0101.jpg,development,missing_patch,0.15,psp_006766_1850_red-0101_missing_patch_0.15
map-proj-v3_2/PSP_006766_1850_RED-0101.jpg,ok,,JPEG,227.0,227.0,L,1.0,1.0,normal,other,train,psp_006766_1850_red-0101,[],866b872da1e6fff5bd8b802fec51b9980fe4345604a0c6988011e9e4dc1e97fe,ab7ca80c75ff0c66563c1a06155462ca5313ad1cc7cff5e0d7973fcde29a9963,ca89315266a7bb5a,145.77205068990278,17.415268967982808,3e5859dcc22e00d5,[],0.0,psp_006766_1850,['train'],1.0,Counter({'train': 1}),test,ad1e3cd913b8aecb,True,development_corruption,1,C:\Users\deves\OneDrive\Desktop\Projects\TCMD-SS\data\raw\hirise_v3_2\map-proj-v3_2\PSP_006766_1850_RED-0101.jpg,development,missing_patch,0.3,psp_006766_1850_red-0101_missing_patch_0.3
map-proj-v3_2/PSP_006766_1850_RED-0101.jpg,ok,,JPEG,227.0,227.0,L,1.0,1.0,normal,other,train,psp_006766_1850_red-0101,[],866b872da1e6fff5bd8b802fec51b9980fe4345604a0c6988011e9e4dc1e97fe,ab7ca80c75ff0c66563c1a06155462ca5313ad1cc7cff5e0d7973fcde29a9963,ca89315266a7bb5a,145.77205068990278,17.415268967982808,3e5859dcc22e00d5,[],0.0,psp_006766_1850,['train'],1.0,Counter({'train': 1}),test,ad1e3cd913b8aecb,True,development_corruption,1,C:\Users\deves\OneDrive\Desktop\Projects\TCMD-SS\data\raw\hirise_v3_2\map-proj-v3_2\PSP_006766_1850_RED-0101.jpg,development,missing_patch,0.5,psp_006766_1850_red-0101_missing_patch_0.5
map-proj-v3_2/PSP_006766_1850_RED-0101.jpg,ok,,JPEG,227.0,227.0,L,1.0,1.0,normal,other,train,psp_006766_1850_red-0101,[],866b872da1e6fff5bd8b802fec51b9980fe4345604a0c6988011e9e4dc1e97fe,ab7ca80c75ff0c66563c1a06155462ca5313ad1cc7cff5e0d7973fcde29a9963,ca89315266a7bb5a,145.77205068990278,17.415268967982808,3e5859dcc22e00d5,[],0.0,psp_006766_1850,['train'],1.0,Counter({'train': 1}),test,ad1e3cd913b8aecb,True,development_corruption,1,C:\Users\deves\OneDrive\Desktop\Projects\TCMD-SS\data\raw\hirise_v3_2\map-proj-v3_2\PSP_006766_1850_RED-0101.jpg,development,local_blur,0.15,psp_006766_1850_red-0101_local_blur_0.15
map-proj-v3_2/PSP_006766_1850_RED-0101.jpg,ok,,JPEG,227.0,227.0,L,1.0,1.0,normal,other,train,psp_006766_1850_red-0101,[],866b872da1e6fff5bd8b802fec51b9980fe4345604a0c6988011e9e4dc1e97fe,ab7ca80c75ff0c66563c1a06155462ca5313ad1cc7cff5e0d7973fcde29a9963,ca89315266a7bb5a,145.77205068990278,17.415268967982808,3e5859dcc22e00d5,[],0.0,psp_006766_1850,['train'],1.0,Counter({'train': 1}),test,ad1e3cd913b8aecb,True,development_corruption,1,C:\Users\deves\OneDrive\Desktop\Projects\TCMD-SS\data\raw\hirise_v3_2\map-proj-v3_2\PSP_006766_1850_RED-0101.jpg,development,local_blur,0.3,psp_006766_1850_red-0101_local_blur_0.3
map-proj-v3_2/PSP_006766_1850_RED-0101.jpg,ok,,JPEG,227.0,227.0,L,1.0,1.0,normal,other,train,psp_006766_1850_red-0101,[],866b872da1e6fff5bd8b802fec51b9980fe4345604a0c6988011e9e4dc1e97fe,ab7ca80c75ff0c66563c1a06155462ca5313ad1cc7cff5e0d7973fcde29a9963,ca89315266a7bb5a,145.77205068990278,17.415268967982808,3e5859dcc22e00d5,[],0.0,psp_006766_1850,['train'],1.0,Counter({'train': 1}),test,ad1e3cd913b8aecb,True,development_corruption,1,C:\Users\deves\OneDrive\Desktop\Projects\TCMD-SS\data\raw\hirise_v3_2\map-proj-v3_2\PSP_006766_1850_RED-0101.jpg,development,local_blur,0.5,psp_006766_1850_red-0101_local_blur_0.5
map-proj-v3_2/PSP_006766_1850_RED-0101.jpg,ok,,JPEG,227.0,227.0,L,1.0,1.0,normal,other,train,psp_006766_1850_red-0101,[],866b872da1e6fff5bd8b802fec51b9980fe4345604a0c6988011e9e4dc1e97fe,ab7ca80c75ff0c66563c1a06155462ca5313ad1cc7cff5e0d7973fcde29a9963,ca89315266a7bb5a,145.77205068990278,17.415268967982808,3e5859dcc22e00d5,[],0.0,psp_006766_1850,['train'],1.0,Counter({'train': 1}),test,ad1e3cd913b8aecb,True,development_corruption,1,C:\Users\deves\OneDrive\Desktop\Projects\TCMD-SS\data\raw\hirise_v3_2\map-proj-v3_2\PSP_006766_1850_RED-0101.jpg,development,patch_duplication,0.15,psp_006766_1850_red-0101_patch_duplication_0.15
map-proj-v3_2/PSP_006766_1850_RED-0101.jpg,ok,,JPEG,227.0,227.0,L,1.0,1.0,normal,other,train,psp_006766_1850_red-0101,[],866b872da1e6fff5bd8b802fec51b9980fe4345604a0c6988011e9e4dc1e97fe,ab7ca80c75ff0c66563c1a06155462ca5313ad1cc7cff5e0d7973fcde29a9963,ca89315266a7bb5a,145.77205068990278,17.415268967982808,3e5859dcc22e00d5,[],0.0,psp_006766_1850,['train'],1.0,Counter({'train': 1}),test,ad1e3cd913b8aecb,True,development_corruption,1,C:\Users\deves\OneDrive\Desktop\Projects\TCMD-SS\data\raw\hirise_v3_2\map-proj-v3_2\PSP_006766_1850_RED-0101.jpg,development,patch_duplication,0.3,psp_006766_1850_red-0101_patch_duplication_0.3
map-proj-v3_2/PSP_006766_1850_RED-0101.jpg,ok,,JPEG,227.0,227.0,L,1.0,1.0,normal,other,train,psp_006766_1850_red-0101,[],866b872da1e6fff5bd8b802fec51b9980fe4345604a0c6988011e9e4dc1e97fe,ab7ca80c75ff0c66563c1a06155462ca5313ad1cc7cff5e0d7973fcde29a9963,ca89315266a7bb5a,145.77205068990278,17.415268967982808,3e5859dcc22e00d5,[],0.0,psp_006766_1850,['train'],1.0,Counter({'train': 1}),test,ad1e3cd913b8aecb,True,development_corruption,1,C:\Users\deves\OneDrive\Desktop\Projects\TCMD-SS\data\raw\hirise_v3_2\map-proj-v3_2\PSP_006766_1850_RED-0101.jpg,development,patch_duplication,0.5,psp_006766_1850_red-0101_patch_duplication_0.5
map-proj-v3_2/PSP_006766_1850_RED-0101.jpg,ok,,JPEG,227.0,227.0,L,1.0,1.0,normal,other,train,psp_006766_1850_red-0101,[],866b872da1e6fff5bd8b802fec51b9980fe4345604a0c6988011e9e4dc1e97fe,ab7ca80c75ff0c66563c1a06155462ca5313ad1cc7cff5e0d7973fcde29a9963,ca89315266a7bb5a,145.77205068990278,17.415268967982808,3e5859dcc22e00d5,[],0.0,psp_006766_1850,['train'],1.0,Counter({'train': 1}),test,ad1e3cd913b8aecb,True,development_corruption,1,C:\Users\deves\OneDrive\Desktop\Projects\TCMD-SS\data\raw\hirise_v3_2\map-proj-v3_2\PSP_006766_1850_RED-0101.jpg,development,foreign_content,0.15,psp_006766_1850_red-0101_foreign_content_0.15
map-proj-v3_2/PSP_006766_1850_RED-0101.jpg,ok,,JPEG,227.0,227.0,L,1.0,1.0,normal,other,train,psp_006766_1850_red-0101,[],866b872da1e6fff5bd8b802fec51b9980fe4345604a0c6988011e9e4dc1e97fe,ab7ca80c75ff0c66563c1a06155462ca5313ad1cc7cff5e0d7973fcde29a9963,ca89315266a7bb5a,145.77205068990278,17.415268967982808,3e5859dcc22e00d5,[],0.0,psp_006766_1850,['train'],1.0,Counter({'train': 1}),test,ad1e3cd913b8aecb,True,development_corruption,1,C:\Users\deves\OneDrive\Desktop\Projects\TCMD-SS\data\raw\hirise_v3_2\map-proj-v3_2\PSP_006766_1850_RED-0101.jpg,development,foreign_content,0.3,psp_006766_1850_red-0101_foreign_content_0.3
map-proj-v3_2/PSP_006766_1850_RED-0101.jpg,ok,,JPEG,227.0,227.0,L,1.0,1.0,normal,other,train,psp_006766_1850_red-0101,[],866b872da1e6fff5bd8b802fec51b9980fe4345604a0c6988011e9e4dc1e97fe,ab7ca80c75ff0c66563c1a06155462ca5313ad1cc7cff5e0d7973fcde29a9963,ca89315266a7bb5a,145.77205068990278,17.415268967982808,3e5859dcc22e00d5,[],0.0,psp_006766_1850,['train'],1.0,Counter({'train': 1}),test,ad1e3cd913b8aecb,True,development_corruption,1,C:\Users\deves\OneDrive\Desktop\Projects\TCMD-SS\data\raw\hirise_v3_2\map-proj-v3_2\PSP_006766_1850_RED-0101.jpg,development,foreign_content,0.5,psp_006766_1850_red-0101_foreign_content_0.5
map-proj-v3_2/ESP_016148_2040_RED-0097.jpg,ok,,JPEG,227.0,227.0,L,1.0,1.0,normal,crater,train,esp_016148_2040_red-0097,[],641fefb6f28ab6e7d773b30b799867ae35b316ed39262826fad2fcb9432d312f,037dab629d2374cf0fa861d44dd6adfbbd466dc5fe8defbee2291d0b60a02ec0,db93246cd331ec4c,169.07523918570126,15.85183959429013,012b2dde458c91b5,[],1.0,esp_016148_2040,['train'],1.0,Counter({'train': 1}),test,57c68b4a4db96233,True,hirise_clean,0,C:\Users\deves\OneDrive\Desktop\Projects\TCMD-SS\data\raw\hirise_v3_2\map-proj-v3_2\ESP_016148_2040_RED-0097.jpg,development,clean,0.0,esp_016148_2040_red-0097_clean
map-proj-v3_2/ESP_016148_2040_RED-0097.jpg,ok,,JPEG,227.0,227.0,L,1.0,1.0,normal,crater,train,esp_016148_2040_red-0097,[],641fefb6f28ab6e7d773b30b799867ae35b316ed39262826fad2fcb9432d312f,037dab629d2374cf0fa861d44dd6adfbbd466dc5fe8defbee2291d0b60a02ec0,db93246cd331ec4c,169.07523918570126,15.85183959429013,012b2dde458c91b5,[],1.0,esp_016148_2040,['train'],1.0,Counter({'train': 1}),test,57c68b4a4db96233,True,development_corruption,1,C:\Users\deves\OneDrive\Desktop\Projects\TCMD-SS\data\raw\hirise_v3_2\map-proj-v3_2\ESP_016148_2040_RED-0097.jpg,development,stripes,0.15,esp_016148_2040_red-0097_stripes_0.15
map-proj-v3_2/ESP_016148_2040_RED-0097.jpg,ok,,JPEG,227.0,227.0,L,1.0,1.0,normal,crater,train,esp_016148_2040_red-0097,[],641fefb6f28ab6e7d773b30b799867ae35b316ed39262826fad2fcb9432d312f,037dab629d2374cf0fa861d44dd6adfbbd466dc5fe8defbee2291d0b60a02ec0,db93246cd331ec4c,169.07523918570126,15.85183959429013,012b2dde458c91b5,[],1.0,esp_016148_2040,['train'],1.0,Counter({'train': 1}),test,57c68b4a4db96233,True,development_corruption,1,C:\Users\deves\OneDrive\Desktop\Projects\TCMD-SS\data\raw\hirise_v3_2\map-proj-v3_2\ESP_016148_2040_RED-0097.jpg,development,stripes,0.3,esp_016148_2040_red-0097_stripes_0.3
map-proj-v3_2/ESP_016148_2040_RED-0097.jpg,ok,,JPEG,227.0,227.0,L,1.0,1.0,normal,crater,train,esp_016148_2040_red-0097,[],641fefb6f28ab6e7d773b30b799867ae35b316ed39262826fad2fcb9432d312f,037dab629d2374cf0fa861d44dd6adfbbd466dc5fe8defbee2291d0b60a02ec0,db93246cd331ec4c,169.07523918570126,15.85183959429013,012b2dde458c91b5,[],1.0,esp_016148_2040,['train'],1.0,Counter({'train': 1}),test,57c68b4a4db96233,True,development_corruption,1,C:\Users\deves\OneDrive\Desktop\Projects\TCMD-SS\data\raw\hirise_v3_2\map-proj-v3_2\ESP_016148_2040_RED-0097.jpg,development,stripes,0.5,esp_016148_2040_red-0097_stripes_0.5
map-proj-v3_2/ESP_016148_2040_RED-0097.jpg,ok,,JPEG,227.0,227.0,L,1.0,1.0,normal,crater,train,esp_016148_2040_red-0097,[],641fefb6f28ab6e7d773b30b799867ae35b316ed39262826fad2fcb9432d312f,037dab629d2374cf0fa861d44dd6adfbbd466dc5fe8defbee2291d0b60a02ec0,db93246cd331ec4c,169.07523918570126,15.85183959429013,012b2dde458c91b5,[],1.0,esp_016148_2040,['train'],1.0,Counter({'train': 1}),test,57c68b4a4db96233,True,development_corruption,1,C:\Users\deves\OneDrive\Desktop\Projects\TCMD-SS\data\raw\hirise_v3_2\map-proj-v3_2\ESP_016148_2040_RED-0097.jpg,development,dead_pixels,0.15,esp_016148_2040_red-0097_dead_pixels_0.15
map-proj-v3_2/ESP_016148_2040_RED-0097.jpg,ok,,JPEG,227.0,227.0,L,1.0,1.0,normal,crater,train,esp_016148_2040_red-0097,[],641fefb6f28ab6e7d773b30b799867ae35b316ed39262826fad2fcb9432d312f,037dab629d2374cf0fa861d44dd6adfbbd466dc5fe8defbee2291d0b60a02ec0,db93246cd331ec4c,169.07523918570126,15.85183959429013,012b2dde458c91b5,[],1.0,esp_016148_2040,['train'],1.0,Counter({'train': 1}),test,57c68b4a4db96233,True,development_corruption,1,C:\Users\deves\OneDrive\Desktop\Projects\TCMD-SS\data\raw\hirise_v3_2\map-proj-v3_2\ESP_016148_2040_RED-0097.jpg,development,dead_pixels,0.3,esp_016148_2040_red-0097_dead_pixels_0.3
map-proj-v3_2/ESP_016148_2040_RED-0097.jpg,ok,,JPEG,227.0,227.0,L,1.0,1.0,normal,crater,train,esp_016148_2040_red-0097,[],641fefb6f28ab6e7d773b30b799867ae35b316ed39262826fad2fcb9432d312f,037dab629d2374cf0fa861d44dd6adfbbd466dc5fe8defbee2291d0b60a02ec0,db93246cd331ec4c,169.07523918570126,15.85183959429013,012b2dde458c91b5,[],1.0,esp_016148_2040,['train'],1.0,Counter({'train': 1}),test,57c68b4a4db96233,True,development_corruption,1,C:\Users\deves\OneDrive\Desktop\Projects\TCMD-SS\data\raw\hirise_v3_2\map-proj-v3_2\ESP_016148_2040_RED-0097.jpg,development,dead_pixels,0.5,esp_016148_2040_red-0097_dead_pixels_0.5
map-proj-v3_2/ESP_016148_2040_RED-0097.jpg,ok,,JPEG,227.0,227.0,L,1.0,1.0,normal,crater,train,esp_016148_2040_red-0097,[],641fefb6f28ab6e7d773b30b799867ae35b316ed39262826fad2fcb9432d312f,037dab629d2374cf0fa861d44dd6adfbbd466dc5fe8defbee2291d0b60a02ec0,db93246cd331ec4c,169.07523918570126,15.85183959429013,012b2dde458c91b5,[],1.0,esp_016148_2040,['train'],1.0,Counter({'train': 1}),test,57c68b4a4db96233,True,development_corruption,1,C:\Users\deves\OneDrive\Desktop\Projects\TCMD-SS\data\raw\hirise_v3_2\map-proj-v3_2\ESP_016148_2040_RED-0097.jpg,development,missing_patch,0.15,esp_016148_2040_red-0097_missing_patch_0.15
map-proj-v3_2/ESP_016148_2040_RED-0097.jpg,ok,,JPEG,227.0,227.0,L,1.0,1.0,normal,crater,train,esp_016148_2040_red-0097,[],641fefb6f28ab6e7d773b30b799867ae35b316ed39262826fad2fcb9432d312f,037dab629d2374cf0fa861d44dd6adfbbd466dc5fe8defbee2291d0b60a02ec0,db93246cd331ec4c,169.07523918570126,15.85183959429013,012b2dde458c91b5,[],1.0,esp_016148_2040,['train'],1.0,Counter({'train': 1}),test,57c68b4a4db96233,True,development_corruption,1,C:\Users\deves\OneDrive\Desktop\Projects\TCMD-SS\data\raw\hirise_v3_2\map-proj-v3_2\ESP_016148_2040_RED-0097.jpg,development,missing_patch,0.3,esp_016148_2040_red-0097_missing_patch_0.3
map-proj-v3_2/ESP_016148_2040_RED-0097.jpg,ok,,JPEG,227.0,227.0,L,1.0,1.0,normal,crater,train,esp_016148_2040_red-0097,[],641fefb6f28ab6e7d773b30b799867ae35b316ed39262826fad2fcb9432d312f,037dab629d2374cf0fa861d44dd6adfbbd466dc5fe8defbee2291d0b60a02ec0,db93246cd331ec4c,169.07523918570126,15.85183959429013,012b2dde458c91b5,[],1.0,esp_016148_2040,['train'],1.0,Counter({'train': 1}),test,57c68b4a4db96233,True,development_corruption,1,C:\Users\deves\OneDrive\Desktop\Projects\TCMD-SS\data\raw\hirise_v3_2\map-proj-v3_2\ESP_016148_2040_RED-0097.jpg,development,missing_patch,0.5,esp_016148_2040_red-0097_missing_patch_0.5
map-proj-v3_2/ESP_016148_2040_RED-0097.jpg,ok,,JPEG,227.0,227.0,L,1.0,1.0,normal,crater,train,esp_016148_2040_red-0097,[],641fefb6f28ab6e7d773b30b799867ae35b316ed39262826fad2fcb9432d312f,037dab629d2374cf0fa861d44dd6adfbbd466dc5fe8defbee2291d0b60a02ec0,db93246cd331ec4c,169.07523918570126,15.85183959429013,012b2dde458c91b5,[],1.0,esp_016148_2040,['train'],1.0,Counter({'train': 1}),test,57c68b4a4db96233,True,development_corruption,1,C:\Users\deves\OneDrive\Desktop\Projects\TCMD-SS\data\raw\hirise_v3_2\map-proj-v3_2\ESP_016148_2040_RED-0097.jpg,development,local_blur,0.15,esp_016148_2040_red-0097_local_blur_0.15
map-proj-v3_2/ESP_016148_2040_RED-0097.jpg,ok,,JPEG,227.0,227.0,L,1.0,1.0,normal,crater,train,esp_016148_2040_red-0097,[],641fefb6f28ab6e7d773b30b799867ae35b316ed39262826fad2fcb9432d312f,037dab629d2374cf0fa861d44dd6adfbbd466dc5fe8defbee2291d0b60a02ec0,db93246cd331ec4c,169.07523918570126,15.85183959429013,012b2dde458c91b5,[],1.0,esp_016148_2040,['train'],1.0,Counter({'train': 1}),test,57c68b4a4db96233,True,development_corruption,1,C:\Users\deves\OneDrive\Desktop\Projects\TCMD-SS\data\raw\hirise_v3_2\map-proj-v3_2\ESP_016148_2040_RED-0097.jpg,development,local_blur,0.3,esp_016148_2040_red-0097_local_blur_0.3
map-proj-v3_2/ESP_016148_2040_RED-0097.jpg,ok,,JPEG,227.0,227.0,L,1.0,1.0,normal,crater,train,esp_016148_2040_red-0097,[],641fefb6f28ab6e7d773b30b799867ae35b316ed39262826fad2fcb9432d312f,037dab629d2374cf0fa861d44dd6adfbbd466dc5fe8defbee2291d0b60a02ec0,db93246cd331ec4c,169.07523918570126,15.85183959429013,012b2dde458c91b5,[],1.0,esp_016148_2040,['train'],1.0,Counter({'train': 1}),test,57c68b4a4db96233,True,development_corruption,1,C:\Users\deves\OneDrive\Desktop\Projects\TCMD-SS\data\raw\hirise_v3_2\map-proj-v3_2\ESP_016148_2040_RED-0097.jpg,development,local_blur,0.5,esp_016148_2040_red-0097_local_blur_0.5
map-proj-v3_2/ESP_016148_2040_RED-0097.jpg,ok,,JPEG,227.0,227.0,L,1.0,1.0,normal,crater,train,esp_016148_2040_red-0097,[],641fefb6f28ab6e7d773b30b799867ae35b316ed39262826fad2fcb9432d312f,037dab629d2374cf0fa861d44dd6adfbbd466dc5fe8defbee2291d0b60a02ec0,db93246cd331ec4c,169.07523918570126,15.85183959429013,012b2dde458c91b5,[],1.0,esp_016148_2040,['train'],1.0,Counter({'train': 1}),test,57c68b4a4db96233,True,development_corruption,1,C:\Users\deves\OneDrive\Desktop\Projects\TCMD-SS\data\raw\hirise_v3_2\map-proj-v3_2\ESP_016148_2040_RED-0097.jpg,development,patch_duplication,0.15,esp_016148_2040_red-0097_patch_duplication_0.15
map-proj-v3_2/ESP_016148_2040_RED-0097.jpg,ok,,JPEG,227.0,227.0,L,1.0,1.0,normal,crater,train,esp_016148_2040_red-0097,[],641fefb6f28ab6e7d773b30b799867ae35b316ed39262826fad2fcb9432d312f,037dab629d2374cf0fa861d44dd6adfbbd466dc5fe8defbee2291d0b60a02ec0,db93246cd331ec4c,169.07523918570126,15.85183959429013,012b2dde458c91b5,[],1.0,esp_016148_2040,['train'],1.0,Counter({'train': 1}),test,57c68b4a4db96233,True,development_corruption,1,C:\Users\deves\OneDrive\Desktop\Projects\TCMD-SS\data\raw\hirise_v3_2\map-proj-v3_2\ESP_016148_2040_RED-0097.jpg,development,patch_duplication,0.3,esp_016148_2040_red-0097_patch_duplication_0.3
map-proj-v3_2/ESP_016148_2040_RED-0097.jpg,ok,,JPEG,227.0,227.0,L,1.0,1.0,normal,crater,train,esp_016148_2040_red-0097,[],641fefb6f28ab6e7d773b30b799867ae35b316ed39262826fad2fcb9432d312f,037dab629d2374cf0fa861d44dd6adfbbd466dc5fe8defbee2291d0b60a02ec0,db93246cd331ec4c,169.07523918570126,15.85183959429013,012b2dde458c91b5,[],1.0,esp_016148_2040,['train'],1.0,Counter({'train': 1}),test,57c68b4a4db96233,True,development_corruption,1,C:\Users\deves\OneDrive\Desktop\Projects\TCMD-SS\data\raw\hirise_v3_2\map-proj-v3_2\ESP_016148_2040_RED-0097.jpg,development,patch_duplication,0.5,esp_016148_2040_red-0097_patch_duplication_0.5
map-proj-v3_2/ESP_016148_2040_RED-0097.jpg,ok,,JPEG,227.0,227.0,L,1.0,1.0,normal,crater,train,esp_016148_2040_red-0097,[],641fefb6f28ab6e7d773b30b799867ae35b316ed39262826fad2fcb9432d312f,037dab629d2374cf0fa861d44dd6adfbbd466dc5fe8defbee2291d0b60a02ec0,db93246cd331ec4c,169.07523918570126,15.85183959429013,012b2dde458c91b5,[],1.0,esp_016148_2040,['train'],1.0,Counter({'train': 1}),test,57c68b4a4db96233,True,development_corruption,1,C:\Users\deves\OneDrive\Desktop\Projects\TCMD-SS\data\raw\hirise_v3_2\map-proj-v3_2\ESP_016148_2040_RED-0097.jpg,development,foreign_content,0.15,esp_016148_2040_red-0097_foreign_content_0.15
map-proj-v3_2/ESP_016148_2040_RED-0097.jpg,ok,,JPEG,227.0,227.0,L,1.0,1.0,normal,crater,train,esp_016148_2040_red-0097,[],641fefb6f28ab6e7d773b30b799867ae35b316ed39262826fad2fcb9432d312f,037dab629d2374cf0fa861d44dd6adfbbd466dc5fe8defbee2291d0b60a02ec0,db93246cd331ec4c,169.07523918570126,15.85183959429013,012b2dde458c91b5,[],1.0,esp_016148_2040,['train'],1.0,Counter({'train': 1}),test,57c68b4a4db96233,True,development_corruption,1,C:\Users\deves\OneDrive\Desktop\Projects\TCMD-SS\data\raw\hirise_v3_2\map-proj-v3_2\ESP_016148_2040_RED-0097.jpg,development,foreign_content,0.3,esp_016148_2040_red-0097_foreign_content_0.3
map-proj-v3_2/ESP_016148_2040_RED-0097.jpg,ok,,JPEG,227.0,227.0,L,1.0,1.0,normal,crater,train,esp_016148_2040_red-0097,[],641fefb6f28ab6e7d773b30b799867ae35b316ed39262826fad2fcb9432d312f,037dab629d2374cf0fa861d44dd6adfbbd466dc5fe8defbee2291d0b60a02ec0,db93246cd331ec4c,169.07523918570126,15.85183959429013,012b2dde458c91b5,[],1.0,esp_016148_2040,['train'],1.0,Counter({'train': 1}),test,57c68b4a4db96233,True,development_corruption,1,C:\Users\deves\OneDrive\Desktop\Projects\TCMD-SS\data\raw\hirise_v3_2\map-proj-v3_2\ESP_016148_2040_RED-0097.jpg,development,foreign_content,0.5,esp_016148_2040_red-0097_foreign_content_0.5
map-proj-v3_2/ESP_011716_0940_RED-0008.jpg,ok,,JPEG,227.0,227.0,L,1.0,1.0,normal,dark dune,val,esp_011716_0940_red-0008,[],b696b1cf249dad0bf56a254fc0e1545c20e811581f7b820ae91a759d8664ac92,dfbfda99bbf1dcfef363322a12c1f35e802f407a6a6ce4bb293a3a884f0d2a79,f53585b57592910d,58.561800151371074,21.202173828071626,da3da2e497c12828,[],2.0,esp_011716_0940,['val'],2.0,Counter({'val': 2}),test,ec290f97fca0646c,True,hirise_clean,0,C:\Users\deves\OneDrive\Desktop\Projects\TCMD-SS\data\raw\hirise_v3_2\map-proj-v3_2\ESP_011716_0940_RED-0008.jpg,development,clean,0.0,esp_011716_0940_red-0008_clean
map-proj-v3_2/ESP_011716_0940_RED-0008.jpg,ok,,JPEG,227.0,227.0,L,1.0,1.0,normal,dark dune,val,esp_011716_0940_red-0008,[],b696b1cf249dad0bf56a254fc0e1545c20e811581f7b820ae91a759d8664ac92,dfbfda99bbf1dcfef363322a12c1f35e802f407a6a6ce4bb293a3a884f0d2a79,f53585b57592910d,58.561800151371074,21.202173828071626,da3da2e497c12828,[],2.0,esp_011716_0940,['val'],2.0,Counter({'val': 2}),test,ec290f97fca0646c,True,development_corruption,1,C:\Users\deves\OneDrive\Desktop\Projects\TCMD-SS\data\raw\hirise_v3_2\map-proj-v3_2\ESP_011716_0940_RED-0008.jpg,development,stripes,0.15,esp_011716_0940_red-0008_stripes_0.15
map-proj-v3_2/ESP_011716_0940_RED-0008.jpg,ok,,JPEG,227.0,227.0,L,1.0,1.0,normal,dark dune,val,esp_011716_0940_red-0008,[],b696b1cf249dad0bf56a254fc0e1545c20e811581f7b820ae91a759d8664ac92,dfbfda99bbf1dcfef363322a12c1f35e802f407a6a6ce4bb293a3a884f0d2a79,f53585b57592910d,58.561800151371074,21.202173828071626,da3da2e497c12828,[],2.0,esp_011716_0940,['val'],2.0,Counter({'val': 2}),test,ec290f97fca0646c,True,development_corruption,1,C:\Users\deves\OneDrive\Desktop\Projects\TCMD-SS\data\raw\hirise_v3_2\map-proj-v3_2\ESP_011716_0940_RED-0008.jpg,development,stripes,0.3,esp_011716_0940_red-0008_stripes_0.3
map-proj-v3_2/ESP_011716_0940_RED-0008.jpg,ok,,JPEG,227.0,227.0,L,1.0,1.0,normal,dark dune,val,esp_011716_0940_red-0008,[],b696b1cf249dad0bf56a254fc0e1545c20e811581f7b820ae91a759d8664ac92,dfbfda99bbf1dcfef363322a12c1f35e802f407a6a6ce4bb293a3a884f0d2a79,f53585b57592910d,58.561800151371074,21.202173828071626,da3da2e497c12828,[],2.0,esp_011716_0940,['val'],2.0,Counter({'val': 2}),test,ec290f97fca0646c,True,development_corruption,1,C:\Users\deves\OneDrive\Desktop\Projects\TCMD-SS\data\raw\hirise_v3_2\map-proj-v3_2\ESP_011716_0940_RED-0008.jpg,development,stripes,0.5,esp_011716_0940_red-0008_stripes_0.5
map-proj-v3_2/ESP_011716_0940_RED-0008.jpg,ok,,JPEG,227.0,227.0,L,1.0,1.0,normal,dark dune,val,esp_011716_0940_red-0008,[],b696b1cf249dad0bf56a254fc0e1545c20e811581f7b820ae91a759d8664ac92,dfbfda99bbf1dcfef363322a12c1f35e802f407a6a6ce4bb293a3a884f0d2a79,f53585b57592910d,58.561800151371074,21.202173828071626,da3da2e497c12828,[],2.0,esp_011716_0940,['val'],2.0,Counter({'val': 2}),test,ec290f97fca0646c,True,development_corruption,1,C:\Users\deves\OneDrive\Desktop\Projects\TCMD-SS\data\raw\hirise_v3_2\map-proj-v3_2\ESP_011716_0940_RED-0008.jpg,development,dead_pixels,0.15,esp_011716_0940_red-0008_dead_pixels_0.15
map-proj-v3_2/ESP_011716_0940_RED-0008.jpg,ok,,JPEG,227.0,227.0,L,1.0,1.0,normal,dark dune,val,esp_011716_0940_red-0008,[],b696b1cf249dad0bf56a254fc0e1545c20e811581f7b820ae91a759d8664ac92,dfbfda99bbf1dcfef363322a12c1f35e802f407a6a6ce4bb293a3a884f0d2a79,f53585b57592910d,58.561800151371074,21.202173828071626,da3da2e497c12828,[],2.0,esp_011716_0940,['val'],2.0,Counter({'val': 2}),test,ec290f97fca0646c,True,development_corruption,1,C:\Users\deves\OneDrive\Desktop\Projects\TCMD-SS\data\raw\hirise_v3_2\map-proj-v3_2\ESP_011716_0940_RED-0008.jpg,development,dead_pixels,0.3,esp_011716_0940_red-0008_dead_pixels_0.3
map-proj-v3_2/ESP_011716_0940_RED-0008.jpg,ok,,JPEG,227.0,227.0,L,1.0,1.0,normal,dark dune,val,esp_011716_0940_red-0008,[],b696b1cf249dad0bf56a254fc0e1545c20e811581f7b820ae91a759d8664ac92,dfbfda99bbf1dcfef363322a12c1f35e802f407a6a6ce4bb293a3a884f0d2a79,f53585b57592910d,58.561800151371074,21.202173828071626,da3da2e497c12828,[],2.0,esp_011716_0940,['val'],2.0,Counter({'val': 2}),test,ec290f97fca0646c,True,development_corruption,1,C:\Users\deves\OneDrive\Desktop\Projects\TCMD-SS\data\raw\hirise_v3_2\map-proj-v3_2\ESP_011716_0940_RED-0008.jpg,development,dead_pixels,0.5,esp_011716_0940_red-0008_dead_pixels_0.5
map-proj-v3_2/ESP_011716_0940_RED-0008.jpg,ok,,JPEG,227.0,227.0,L,1.0,1.0,normal,dark dune,val,esp_011716_0940_red-0008,[],b696b1cf249dad0bf56a254fc0e1545c20e811581f7b820ae91a759d8664ac92,dfbfda99bbf1dcfef363322a12c1f35e802f407a6a6ce4bb293a3a884f0d2a79,f53585b57592910d,58.561800151371074,21.202173828071626,da3da2e497c12828,[],2.0,esp_011716_0940,['val'],2.0,Counter({'val': 2}),test,ec290f97fca0646c,True,development_corruption,1,C:\Users\deves\OneDrive\Desktop\Projects\TCMD-SS\data\raw\hirise_v3_2\map-proj-v3_2\ESP_011716_0940_RED-0008.jpg,development,missing_patch,0.15,esp_011716_0940_red-0008_missing_patch_0.15
map-proj-v3_2/ESP_011716_0940_RED-0008.jpg,ok,,JPEG,227.0,227.0,L,1.0,1.0,normal,dark dune,val,esp_011716_0940_red-0008,[],b696b1cf249dad0bf56a254fc0e1545c20e811581f7b820ae91a759d8664ac92,dfbfda99bbf1dcfef363322a12c1f35e802f407a6a6ce4bb293a3a884f0d2a79,f53585b57592910d,58.561800151371074,21.202173828071626,da3da2e497c12828,[],2.0,esp_011716_0940,['val'],2.0,Counter({'val': 2}),test,ec290f97fca0646c,True,development_corruption,1,C:\Users\deves\OneDrive\Desktop\Projects\TCMD-SS\data\raw\hirise_v3_2\map-proj-v3_2\ESP_011716_0940_RED-0008.jpg,development,missing_patch,0.3,esp_011716_0940_red-0008_missing_patch_0.3
map-proj-v3_2/ESP_011716_0940_RED-0008.jpg,ok,,JPEG,227.0,227.0,L,1.0,1.0,normal,dark dune,val,esp_011716_0940_red-0008,[],b696b1cf249dad0bf56a254fc0e1545c20e811581f7b820ae91a759d8664ac92,dfbfda99bbf1dcfef363322a12c1f35e802f407a6a6ce4bb293a3a884f0d2a79,f53585b57592910d,58.561800151371074,21.202173828071626,da3da2e497c12828,[],2.0,esp_011716_0940,['val'],2.0,Counter({'val': 2}),test,ec290f97fca0646c,True,development_corruption,1,C:\Users\deves\OneDrive\Desktop\Projects\TCMD-SS\data\raw\hirise_v3_2\map-proj-v3_2\ESP_011716_0940_RED-0008.jpg,development,missing_patch,0.5,esp_011716_0940_red-0008_missing_patch_0.5
map-proj-v3_2/ESP_011716_0940_RED-0008.jpg,ok,,JPEG,227.0,227.0,L,1.0,1.0,normal,dark dune,val,esp_011716_0940_red-0008,[],b696b1cf249dad0bf56a254fc0e1545c20e811581f7b820ae91a759d8664ac92,dfbfda99bbf1dcfef363322a12c1f35e802f407a6a6ce4bb293a3a884f0d2a79,f53585b57592910d,58.561800151371074,21.202173828071626,da3da2e497c12828,[],2.0,esp_011716_0940,['val'],2.0,Counter({'val': 2}),test,ec290f97fca0646c,True,development_corruption,1,C:\Users\deves\OneDrive\Desktop\Projects\TCMD-SS\data\raw\hirise_v3_2\map-proj-v3_2\ESP_011716_0940_RED-0008.jpg,development,local_blur,0.15,esp_011716_0940_red-0008_local_blur_0.15
map-proj-v3_2/ESP_011716_0940_RED-0008.jpg,ok,,JPEG,227.0,227.0,L,1.0,1.0,normal,dark dune,val,esp_011716_0940_red-0008,[],b696b1cf249dad0bf56a254fc0e1545c20e811581f7b820ae91a759d8664ac92,dfbfda99bbf1dcfef363322a12c1f35e802f407a6a6ce4bb293a3a884f0d2a79,f53585b57592910d,58.561800151371074,21.202173828071626,da3da2e497c12828,[],2.0,esp_011716_0940,['val'],2.0,Counter({'val': 2}),test,ec290f97fca0646c,True,development_corruption,1,C:\Users\deves\OneDrive\Desktop\Projects\TCMD-SS\data\raw\hirise_v3_2\map-proj-v3_2\ESP_011716_0940_RED-0008.jpg,development,local_blur,0.3,esp_011716_0940_red-0008_local_blur_0.3
map-proj-v3_2/ESP_011716_0940_RED-0008.jpg,ok,,JPEG,227.0,227.0,L,1.0,1.0,normal,dark dune,val,esp_011716_0940_red-0008,[],b696b1cf249dad0bf56a254fc0e1545c20e811581f7b820ae91a759d8664ac92,dfbfda99bbf1dcfef363322a12c1f35e802f407a6a6ce4bb293a3a884f0d2a79,f53585b57592910d,58.561800151371074,21.202173828071626,da3da2e497c12828,[],2.0,esp_011716_0940,['val'],2.0,Counter({'val': 2}),test,ec290f97fca0646c,True,development_corruption,1,C:\Users\deves\OneDrive\Desktop\Projects\TCMD-SS\data\raw\hirise_v3_2\map-proj-v3_2\ESP_011716_0940_RED-0008.jpg,development,local_blur,0.5,esp_011716_0940_red-0008_local_blur_0.5
map-proj-v3_2/ESP_011716_0940_RED-0008.jpg,ok,,JPEG,227.0,227.0,L,1.0,1.0,normal,dark dune,val,esp_011716_0940_red-0008,[],b696b1cf249dad0bf56a254fc0e1545c20e811581f7b820ae91a759d8664ac92,dfbfda99bbf1dcfef363322a12c1f35e802f407a6a6ce4bb293a3a884f0d2a79,f53585b57592910d,58.561800151371074,21.202173828071626,da3da2e497c12828,[],2.0,esp_011716_0940,['val'],2.0,Counter({'val': 2}),test,ec290f97fca0646c,True,development_corruption,1,C:\Users\deves\OneDrive\Desktop\Projects\TCMD-SS\data\raw\hirise_v3_2\map-proj-v3_2\ESP_011716_0940_RED-0008.jpg,development,patch_duplication,0.15,esp_011716_0940_red-0008_patch_duplication_0.15
map-proj-v3_2/ESP_011716_0940_RED-0008.jpg,ok,,JPEG,227.0,227.0,L,1.0,1.0,normal,dark dune,val,esp_011716_0940_red-0008,[],b696b1cf249dad0bf56a254fc0e1545c20e811581f7b820ae91a759d8664ac92,dfbfda99bbf1dcfef363322a12c1f35e802f407a6a6ce4bb293a3a884f0d2a79,f53585b57592910d,58.561800151371074,21.202173828071626,da3da2e497c12828,[],2.0,esp_011716_0940,['val'],2.0,Counter({'val': 2}),test,ec290f97fca0646c,True,development_corruption,1,C:\Users\deves\OneDrive\Desktop\Projects\TCMD-SS\data\raw\hirise_v3_2\map-proj-v3_2\ESP_011716_0940_RED-0008.jpg,development,patch_duplication,0.3,esp_011716_0940_red-0008_patch_duplication_0.3
map-proj-v3_2/ESP_011716_0940_RED-0008.jpg,ok,,JPEG,227.0,227.0,L,1.0,1.0,normal,dark dune,val,esp_011716_0940_red-0008,[],b696b1cf249dad0bf56a254fc0e1545c20e811581f7b820ae91a759d8664ac92,dfbfda99bbf1dcfef363322a12c1f35e802f407a6a6ce4bb293a3a884f0d2a79,f53585b57592910d,58.561800151371074,21.202173828071626,da3da2e497c12828,[],2.0,esp_011716_0940,['val'],2.0,Counter({'val': 2}),test,ec290f97fca0646c,True,development_corruption,1,C:\Users\deves\OneDrive\Desktop\Projects\TCMD-SS\data\raw\hirise_v3_2\map-proj-v3_2\ESP_011716_0940_RED-0008.jpg,development,patch_duplication,0.5,esp_011716_0940_red-0008_patch_duplication_0.5
map-proj-v3_2/ESP_011716_0940_RED-0008.jpg,ok,,JPEG,227.0,227.0,L,1.0,1.0,normal,dark dune,val,esp_011716_0940_red-0008,[],b696b1cf249dad0bf56a254fc0e1545c20e811581f7b820ae91a759d8664ac92,dfbfda99bbf1dcfef363322a12c1f35e802f407a6a6ce4bb293a3a884f0d2a79,f53585b57592910d,58.561800151371074,21.202173828071626,da3da2e497c12828,[],2.0,esp_011716_0940,['val'],2.0,Counter({'val': 2}),test,ec290f97fca0646c,True,development_corruption,1,C:\Users\deves\OneDrive\Desktop\Projects\TCMD-SS\data\raw\hirise_v3_2\map-proj-v3_2\ESP_011716_0940_RED-0008.jpg,development,foreign_content,0.15,esp_011716_0940_red-0008_foreign_content_0.15
map-proj-v3_2/ESP_011716_0940_RED-0008.jpg,ok,,JPEG,227.0,227.0,L,1.0,1.0,normal,dark dune,val,esp_011716_0940_red-0008,[],b696b1cf249dad0bf56a254fc0e1545c20e811581f7b820ae91a759d8664ac92,dfbfda99bbf1dcfef363322a12c1f35e802f407a6a6ce4bb293a3a884f0d2a79,f53585b57592910d,58.561800151371074,21.202173828071626,da3da2e497c12828,[],2.0,esp_011716_0940,['val'],2.0,Counter({'val': 2}),test,ec290f97fca0646c,True,development_corruption,1,C:\Users\deves\OneDrive\Desktop\Projects\TCMD-SS\data\raw\hirise_v3_2\map-proj-v3_2\ESP_011716_0940_RED-0008.jpg,development,foreign_content,0.3,esp_011716_0940_red-0008_foreign_content_0.3
map-proj-v3_2/ESP_011716_0940_RED-0008.jpg,ok,,JPEG,227.0,227.0,L,1.0,1.0,normal,dark dune,val,esp_011716_0940_red-0008,[],b696b1cf249dad0bf56a254fc0e1545c20e811581f7b820ae91a759d8664ac92,dfbfda99bbf1dcfef363322a12c1f35e802f407a6a6ce4bb293a3a884f0d2a79,f53585b57592910d,58.561800151371074,21.202173828071626,da3da2e497c12828,[],2.0,esp_011716_0940,['val'],2.0,Counter({'val': 2}),test,ec290f97fca0646c,True,development_corruption,1,C:\Users\deves\OneDrive\Desktop\Projects\TCMD-SS\data\raw\hirise_v3_2\map-proj-v3_2\ESP_011716_0940_RED-0008.jpg,development,foreign_content,0.5,esp_011716_0940_red-0008_foreign_content_0.5
map-proj-v3_2/ESP_013141_2105_RED-0004.jpg,ok,,JPEG,227.0,227.0,L,1.0,1.0,normal,slope streak,train,esp_013141_2105_red-0004,[],17411a209831c91e86749a9658b09792958f8bacbe3ce378d35015128de7ad5b,ef26c96af0399a7d35a177c065331f2a0342deb5f8d6a607bc420923ff57d310,86633399cce6994d,119.69572473752643,14.01058522835041,957c3c13cf0c3c27,[],3.0,esp_013141_2105,['train'],1.0,Counter({'train': 1}),test,3b03e4150f5396f0,True,hirise_clean,0,C:\Users\deves\OneDrive\Desktop\Projects\TCMD-SS\data\raw\hirise_v3_2\map-proj-v3_2\ESP_013141_2105_RED-0004.jpg,development,clean,0.0,esp_013141_2105_red-0004_clean
map-proj-v3_2/ESP_013141_2105_RED-0004.jpg,ok,,JPEG,227.0,227.0,L,1.0,1.0,normal,slope streak,train,esp_013141_2105_red-0004,[],17411a209831c91e86749a9658b09792958f8bacbe3ce378d35015128de7ad5b,ef26c96af0399a7d35a177c065331f2a0342deb5f8d6a607bc420923ff57d310,86633399cce6994d,119.69572473752643,14.01058522835041,957c3c13cf0c3c27,[],3.0,esp_013141_2105,['train'],1.0,Counter({'train': 1}),test,3b03e4150f5396f0,True,development_corruption,1,C:\Users\deves\OneDrive\Desktop\Projects\TCMD-SS\data\raw\hirise_v3_2\map-proj-v3_2\ESP_013141_2105_RED-0004.jpg,development,stripes,0.15,esp_013141_2105_red-0004_stripes_0.15
map-proj-v3_2/ESP_013141_2105_RED-0004.jpg,ok,,JPEG,227.0,227.0,L,1.0,1.0,normal,slope streak,train,esp_013141_2105_red-0004,[],17411a209831c91e86749a9658b09792958f8bacbe3ce378d35015128de7ad5b,ef26c96af0399a7d35a177c065331f2a0342deb5f8d6a607bc420923ff57d310,86633399cce6994d,119.69572473752643,14.01058522835041,957c3c13cf0c3c27,[],3.0,esp_013141_2105,['train'],1.0,Counter({'train': 1}),test,3b03e4150f5396f0,True,development_corruption,1,C:\Users\deves\OneDrive\Desktop\Projects\TCMD-SS\data\raw\hirise_v3_2\map-proj-v3_2\ESP_013141_2105_RED-0004.jpg,development,stripes,0.3,esp_013141_2105_red-0004_stripes_0.3
map-proj-v3_2/ESP_013141_2105_RED-0004.jpg,ok,,JPEG,227.0,227.0,L,1.0,1.0,normal,slope streak,train,esp_013141_2105_red-0004,[],17411a209831c91e86749a9658b09792958f8bacbe3ce378d35015128de7ad5b,ef26c96af0399a7d35a177c065331f2a0342deb5f8d6a607bc420923ff57d310,86633399cce6994d,119.69572473752643,14.01058522835041,957c3c13cf0c3c27,[],3.0,esp_013141_2105,['train'],1.0,Counter({'train': 1}),test,3b03e4150f5396f0,True,development_corruption,1,C:\Users\deves\OneDrive\Desktop\Projects\TCMD-SS\data\raw\hirise_v3_2\map-proj-v3_2\ESP_013141_2105_RED-0004.jpg,development,stripes,0.5,esp_013141_2105_red-0004_stripes_0.5
map-proj-v3_2/ESP_013141_2105_RED-0004.jpg,ok,,JPEG,227.0,227.0,L,1.0,1.0,normal,slope streak,train,esp_013141_2105_red-0004,[],17411a209831c91e86749a9658b09792958f8bacbe3ce378d35015128de7ad5b,ef26c96af0399a7d35a177c065331f2a0342deb5f8d6a607bc420923ff57d310,86633399cce6994d,119.69572473752643,14.01058522835041,957c3c13cf0c3c27,[],3.0,esp_013141_2105,['train'],1.0,Counter({'train': 1}),test,3b03e4150f5396f0,True,development_corruption,1,C:\Users\deves\OneDrive\Desktop\Projects\TCMD-SS\data\raw\hirise_v3_2\map-proj-v3_2\ESP_013141_2105_RED-0004.jpg,development,dead_pixels,0.15,esp_013141_2105_red-0004_dead_pixels_0.15
map-proj-v3_2/ESP_013141_2105_RED-0004.jpg,ok,,JPEG,227.0,227.0,L,1.0,1.0,normal,slope streak,train,esp_013141_2105_red-0004,[],17411a209831c91e86749a9658b09792958f8bacbe3ce378d35015128de7ad5b,ef26c96af0399a7d35a177c065331f2a0342deb5f8d6a607bc420923ff57d310,86633399cce6994d,119.69572473752643,14.01058522835041,957c3c13cf0c3c27,[],3.0,esp_013141_2105,['train'],1.0,Counter({'train': 1}),test,3b03e4150f5396f0,True,development_corruption,1,C:\Users\deves\OneDrive\Desktop\Projects\TCMD-SS\data\raw\hirise_v3_2\map-proj-v3_2\ESP_013141_2105_RED-0004.jpg,development,dead_pixels,0.3,esp_013141_2105_red-0004_dead_pixels_0.3
map-proj-v3_2/ESP_013141_2105_RED-0004.jpg,ok,,JPEG,227.0,227.0,L,1.0,1.0,normal,slope streak,train,esp_013141_2105_red-0004,[],17411a209831c91e86749a9658b09792958f8bacbe3ce378d35015128de7ad5b,ef26c96af0399a7d35a177c065331f2a0342deb5f8d6a607bc420923ff57d310,86633399cce6994d,119.69572473752643,14.01058522835041,957c3c13cf0c3c27,[],3.0,esp_013141_2105,['train'],1.0,Counter({'train': 1}),test,3b03e4150f5396f0,True,development_corruption,1,C:\Users\deves\OneDrive\Desktop\Projects\TCMD-SS\data\raw\hirise_v3_2\map-proj-v3_2\ESP_013141_2105_RED-0004.jpg,development,dead_pixels,0.5,esp_013141_2105_red-0004_dead_pixels_0.5
map-proj-v3_2/ESP_013141_2105_RED-0004.jpg,ok,,JPEG,227.0,227.0,L,1.0,1.0,normal,slope streak,train,esp_013141_2105_red-0004,[],17411a209831c91e86749a9658b09792958f8bacbe3ce378d35015128de7ad5b,ef26c96af0399a7d35a177c065331f2a0342deb5f8d6a607bc420923ff57d310,86633399cce6994d,119.69572473752643,14.01058522835041,957c3c13cf0c3c27,[],3.0,esp_013141_2105,['train'],1.0,Counter({'train': 1}),test,3b03e4150f5396f0,True,development_corruption,1,C:\Users\deves\OneDrive\Desktop\Projects\TCMD-SS\data\raw\hirise_v3_2\map-proj-v3_2\ESP_013141_2105_RED-0004.jpg,development,missing_patch,0.15,esp_013141_2105_red-0004_missing_patch_0.15
map-proj-v3_2/ESP_013141_2105_RED-0004.jpg,ok,,JPEG,227.0,227.0,L,1.0,1.0,normal,slope streak,train,esp_013141_2105_red-0004,[],17411a209831c91e86749a9658b09792958f8bacbe3ce378d35015128de7ad5b,ef26c96af0399a7d35a177c065331f2a0342deb5f8d6a607bc420923ff57d310,86633399cce6994d,119.69572473752643,14.01058522835041,957c3c13cf0c3c27,[],3.0,esp_013141_2105,['train'],1.0,Counter({'train': 1}),test,3b03e4150f5396f0,True,development_corruption,1,C:\Users\deves\OneDrive\Desktop\Projects\TCMD-SS\data\raw\hirise_v3_2\map-proj-v3_2\ESP_013141_2105_RED-0004.jpg,development,missing_patch,0.3,esp_013141_2105_red-0004_missing_patch_0.3
map-proj-v3_2/ESP_013141_2105_RED-0004.jpg,ok,,JPEG,227.0,227.0,L,1.0,1.0,normal,slope streak,train,esp_013141_2105_red-0004,[],17411a209831c91e86749a9658b09792958f8bacbe3ce378d35015128de7ad5b,ef26c96af0399a7d35a177c065331f2a0342deb5f8d6a607bc420923ff57d310,86633399cce6994d,119.69572473752643,14.01058522835041,957c3c13cf0c3c27,[],3.0,esp_013141_2105,['train'],1.0,Counter({'train': 1}),test,3b03e4150f5396f0,True,development_corruption,1,C:\Users\deves\OneDrive\Desktop\Projects\TCMD-SS\data\raw\hirise_v3_2\map-proj-v3_2\ESP_013141_2105_RED-0004.jpg,development,missing_patch,0.5,esp_013141_2105_red-0004_missing_patch_0.5
map-proj-v3_2/ESP_013141_2105_RED-0004.jpg,ok,,JPEG,227.0,227.0,L,1.0,1.0,normal,slope streak,train,esp_013141_2105_red-0004,[],17411a209831c91e86749a9658b09792958f8bacbe3ce378d35015128de7ad5b,ef26c96af0399a7d35a177c065331f2a0342deb5f8d6a607bc420923ff57d310,86633399cce6994d,119.69572473752643,14.01058522835041,957c3c13cf0c3c27,[],3.0,esp_013141_2105,['train'],1.0,Counter({'train': 1}),test,3b03e4150f5396f0,True,development_corruption,1,C:\Users\deves\OneDrive\Desktop\Projects\TCMD-SS\data\raw\hirise_v3_2\map-proj-v3_2\ESP_013141_2105_RED-0004.jpg,development,local_blur,0.15,esp_013141_2105_red-0004_local_blur_0.15
map-proj-v3_2/ESP_013141_2105_RED-0004.jpg,ok,,JPEG,227.0,227.0,L,1.0,1.0,normal,slope streak,train,esp_013141_2105_red-0004,[],17411a209831c91e86749a9658b09792958f8bacbe3ce378d35015128de7ad5b,ef26c96af0399a7d35a177c065331f2a0342deb5f8d6a607bc420923ff57d310,86633399cce6994d,119.69572473752643,14.01058522835041,957c3c13cf0c3c27,[],3.0,esp_013141_2105,['train'],1.0,Counter({'train': 1}),test,3b03e4150f5396f0,True,development_corruption,1,C:\Users\deves\OneDrive\Desktop\Projects\TCMD-SS\data\raw\hirise_v3_2\map-proj-v3_2\ESP_013141_2105_RED-0004.jpg,development,local_blur,0.3,esp_013141_2105_red-0004_local_blur_0.3
map-proj-v3_2/ESP_013141_2105_RED-0004.jpg,ok,,JPEG,227.0,227.0,L,1.0,1.0,normal,slope streak,train,esp_013141_2105_red-0004,[],17411a209831c91e86749a9658b09792958f8bacbe3ce378d35015128de7ad5b,ef26c96af0399a7d35a177c065331f2a0342deb5f8d6a607bc420923ff57d310,86633399cce6994d,119.69572473752643,14.01058522835041,957c3c13cf0c3c27,[],3.0,esp_013141_2105,['train'],1.0,Counter({'train': 1}),test,3b03e4150f5396f0,True,development_corruption,1,C:\Users\deves\OneDrive\Desktop\Projects\TCMD-SS\data\raw\hirise_v3_2\map-proj-v3_2\ESP_013141_2105_RED-0004.jpg,development,local_blur,0.5,esp_013141_2105_red-0004_local_blur_0.5
map-proj-v3_2/ESP_013141_2105_RED-0004.jpg,ok,,JPEG,227.0,227.0,L,1.0,1.0,normal,slope streak,train,esp_013141_2105_red-0004,[],17411a209831c91e86749a9658b09792958f8bacbe3ce378d35015128de7ad5b,ef26c96af0399a7d35a177c065331f2a0342deb5f8d6a607bc420923ff57d310,86633399cce6994d,119.69572473752643,14.01058522835041,957c3c13cf0c3c27,[],3.0,esp_013141_2105,['train'],1.0,Counter({'train': 1}),test,3b03e4150f5396f0,True,development_corruption,1,C:\Users\deves\OneDrive\Desktop\Projects\TCMD-SS\data\raw\hirise_v3_2\map-proj-v3_2\ESP_013141_2105_RED-0004.jpg,development,patch_duplication,0.15,esp_013141_2105_red-0004_patch_duplication_0.15
map-proj-v3_2/ESP_013141_2105_RED-0004.jpg,ok,,JPEG,227.0,227.0,L,1.0,1.0,normal,slope streak,train,esp_013141_2105_red-0004,[],17411a209831c91e86749a9658b09792958f8bacbe3ce378d35015128de7ad5b,ef26c96af0399a7d35a177c065331f2a0342deb5f8d6a607bc420923ff57d310,86633399cce6994d,119.69572473752643,14.01058522835041,957c3c13cf0c3c27,[],3.0,esp_013141_2105,['train'],1.0,Counter({'train': 1}),test,3b03e4150f5396f0,True,development_corruption,1,C:\Users\deves\OneDrive\Desktop\Projects\TCMD-SS\data\raw\hirise_v3_2\map-proj-v3_2\ESP_013141_2105_RED-0004.jpg,development,patch_duplication,0.3,esp_013141_2105_red-0004_patch_duplication_0.3
map-proj-v3_2/ESP_013141_2105_RED-0004.jpg,ok,,JPEG,227.0,227.0,L,1.0,1.0,normal,slope streak,train,esp_013141_2105_red-0004,[],17411a209831c91e86749a9658b09792958f8bacbe3ce378d35015128de7ad5b,ef26c96af0399a7d35a177c065331f2a0342deb5f8d6a607bc420923ff57d310,86633399cce6994d,119.69572473752643,14.01058522835041,957c3c13cf0c3c27,[],3.0,esp_013141_2105,['train'],1.0,Counter({'train': 1}),test,3b03e4150f5396f0,True,development_corruption,1,C:\Users\deves\OneDrive\Desktop\Projects\TCMD-SS\data\raw\hirise_v3_2\map-proj-v3_2\ESP_013141_2105_RED-0004.jpg,development,patch_duplication,0.5,esp_013141_2105_red-0004_patch_duplication_0.5
map-proj-v3_2/ESP_013141_2105_RED-0004.jpg,ok,,JPEG,227.0,227.0,L,1.0,1.0,normal,slope streak,train,esp_013141_2105_red-0004,[],17411a209831c91e86749a9658b09792958f8bacbe3ce378d35015128de7ad5b,ef26c96af0399a7d35a177c065331f2a0342deb5f8d6a607bc420923ff57d310,86633399cce6994d,119.69572473752643,14.01058522835041,957c3c13cf0c3c27,[],3.0,esp_013141_2105,['train'],1.0,Counter({'train': 1}),test,3b03e4150f5396f0,True,development_corruption,1,C:\Users\deves\OneDrive\Desktop\Projects\TCMD-SS\data\raw\hirise_v3_2\map-proj-v3_2\ESP_013141_2105_RED-0004.jpg,development,foreign_content,0.15,esp_013141_2105_red-0004_foreign_content_0.15
map-proj-v3_2/ESP_013141_2105_RED-0004.jpg,ok,,JPEG,227.0,227.0,L,1.0,1.0,normal,slope streak,train,esp_013141_2105_red-0004,[],17411a209831c91e86749a9658b09792958f8bacbe3ce378d35015128de7ad5b,ef26c96af0399a7d35a177c065331f2a0342deb5f8d6a607bc420923ff57d310,86633399cce6994d,119.69572473752643,14.01058522835041,957c3c13cf0c3c27,[],3.0,esp_013141_2105,['train'],1.0,Counter({'train': 1}),test,3b03e4150f5396f0,True,development_corruption,1,C:\Users\deves\OneDrive\Desktop\Projects\TCMD-SS\data\raw\hirise_v3_2\map-proj-v3_2\ESP_013141_2105_RED-0004.jpg,development,foreign_content,0.3,esp_013141_2105_red-0004_foreign_content_0.3
map-proj-v3_2/ESP_013141_2105_RED-0004.jpg,ok,,JPEG,227.0,227.0,L,1.0,1.0,normal,slope streak,train,esp_013141_2105_red-0004,[],17411a209831c91e86749a9658b09792958f8bacbe3ce378d35015128de7ad5b,ef26c96af0399a7d35a177c065331f2a0342deb5f8d6a607bc420923ff57d310,86633399cce6994d,119.69572473752643,14.01058522835041,957c3c13cf0c3c27,[],3.0,esp_013141_2105,['train'],1.0,Counter({'train': 1}),test,3b03e4150f5396f0,True,development_corruption,1,C:\Users\deves\OneDrive\Desktop\Projects\TCMD-SS\data\raw\hirise_v3_2\map-proj-v3_2\ESP_013141_2105_RED-0004.jpg,development,foreign_content,0.5,esp_013141_2105_red-0004_foreign_content_0.5
map-proj-v3_2/ESP_016613_2570_RED-0043.jpg,ok,,JPEG,227.0,227.0,L,1.0,1.0,normal,bright dune,test,esp_016613_2570_red-0043,[],e959b6eb0960742528e097380eea135ac508c2f2b301a24f0a7d442d6d2e9ff5,7651c7763d37b26fd81c96e6215788aab59e23ad6d6aa1fff9953bf138f62245,caf44bb26f02ff00,196.78887616681868,29.006453358989084,199603234326a85f,[],4.0,esp_016613_2570,['test'],1.0,Counter({'test': 1}),test,22696c5952c42e43,True,hirise_clean,0,C:\Users\deves\OneDrive\Desktop\Projects\TCMD-SS\data\raw\hirise_v3_2\map-proj-v3_2\ESP_016613_2570_RED-0043.jpg,development,clean,0.0,esp_016613_2570_red-0043_clean
map-proj-v3_2/ESP_016613_2570_RED-0043.jpg,ok,,JPEG,227.0,227.0,L,1.0,1.0,normal,bright dune,test,esp_016613_2570_red-0043,[],e959b6eb0960742528e097380eea135ac508c2f2b301a24f0a7d442d6d2e9ff5,7651c7763d37b26fd81c96e6215788aab59e23ad6d6aa1fff9953bf138f62245,caf44bb26f02ff00,196.78887616681868,29.006453358989084,199603234326a85f,[],4.0,esp_016613_2570,['test'],1.0,Counter({'test': 1}),test,22696c5952c42e43,True,development_corruption,1,C:\Users\deves\OneDrive\Desktop\Projects\TCMD-SS\data\raw\hirise_v3_2\map-proj-v3_2\ESP_016613_2570_RED-0043.jpg,development,stripes,0.15,esp_016613_2570_red-0043_stripes_0.15
map-proj-v3_2/ESP_016613_2570_RED-0043.jpg,ok,,JPEG,227.0,227.0,L,1.0,1.0,normal,bright dune,test,esp_016613_2570_red-0043,[],e959b6eb0960742528e097380eea135ac508c2f2b301a24f0a7d442d6d2e9ff5,7651c7763d37b26fd81c96e6215788aab59e23ad6d6aa1fff9953bf138f62245,caf44bb26f02ff00,196.78887616681868,29.006453358989084,199603234326a85f,[],4.0,esp_016613_2570,['test'],1.0,Counter({'test': 1}),test,22696c5952c42e43,True,development_corruption,1,C:\Users\deves\OneDrive\Desktop\Projects\TCMD-SS\data\raw\hirise_v3_2\map-proj-v3_2\ESP_016613_2570_RED-0043.jpg,development,stripes,0.3,esp_016613_2570_red-0043_stripes_0.3
map-proj-v3_2/ESP_016613_2570_RED-0043.jpg,ok,,JPEG,227.0,227.0,L,1.0,1.0,normal,bright dune,test,esp_016613_2570_red-0043,[],e959b6eb0960742528e097380eea135ac508c2f2b301a24f0a7d442d6d2e9ff5,7651c7763d37b26fd81c96e6215788aab59e23ad6d6aa1fff9953bf138f62245,caf44bb26f02ff00,196.78887616681868,29.006453358989084,199603234326a85f,[],4.0,esp_016613_2570,['test'],1.0,Counter({'test': 1}),test,22696c5952c42e43,True,development_corruption,1,C:\Users\deves\OneDrive\Desktop\Projects\TCMD-SS\data\raw\hirise_v3_2\map-proj-v3_2\ESP_016613_2570_RED-0043.jpg,development,stripes,0.5,esp_016613_2570_red-0043_stripes_0.5
map-proj-v3_2/ESP_016613_2570_RED-0043.jpg,ok,,JPEG,227.0,227.0,L,1.0,1.0,normal,bright dune,test,esp_016613_2570_red-0043,[],e959b6eb0960742528e097380eea135ac508c2f2b301a24f0a7d442d6d2e9ff5,7651c7763d37b26fd81c96e6215788aab59e23ad6d6aa1fff9953bf138f62245,caf44bb26f02ff00,196.78887616681868,29.006453358989084,199603234326a85f,[],4.0,esp_016613_2570,['test'],1.0,Counter({'test': 1}),test,22696c5952c42e43,True,development_corruption,1,C:\Users\deves\OneDrive\Desktop\Projects\TCMD-SS\data\raw\hirise_v3_2\map-proj-v3_2\ESP_016613_2570_RED-0043.jpg,development,dead_pixels,0.15,esp_016613_2570_red-0043_dead_pixels_0.15
map-proj-v3_2/ESP_016613_2570_RED-0043.jpg,ok,,JPEG,227.0,227.0,L,1.0,1.0,normal,bright dune,test,esp_016613_2570_red-0043,[],e959b6eb0960742528e097380eea135ac508c2f2b301a24f0a7d442d6d2e9ff5,7651c7763d37b26fd81c96e6215788aab59e23ad6d6aa1fff9953bf138f62245,caf44bb26f02ff00,196.78887616681868,29.006453358989084,199603234326a85f,[],4.0,esp_016613_2570,['test'],1.0,Counter({'test': 1}),test,22696c5952c42e43,True,development_corruption,1,C:\Users\deves\OneDrive\Desktop\Projects\TCMD-SS\data\raw\hirise_v3_2\map-proj-v3_2\ESP_016613_2570_RED-0043.jpg,development,dead_pixels,0.3,esp_016613_2570_red-0043_dead_pixels_0.3
map-proj-v3_2/ESP_016613_2570_RED-0043.jpg,ok,,JPEG,227.0,227.0,L,1.0,1.0,normal,bright dune,test,esp_016613_2570_red-0043,[],e959b6eb0960742528e097380eea135ac508c2f2b301a24f0a7d442d6d2e9ff5,7651c7763d37b26fd81c96e6215788aab59e23ad6d6aa1fff9953bf138f62245,caf44bb26f02ff00,196.78887616681868,29.006453358989084,199603234326a85f,[],4.0,esp_016613_2570,['test'],1.0,Counter({'test': 1}),test,22696c5952c42e43,True,development_corruption,1,C:\Users\deves\OneDrive\Desktop\Projects\TCMD-SS\data\raw\hirise_v3_2\map-proj-v3_2\ESP_016613_2570_RED-0043.jpg,development,dead_pixels,0.5,esp_016613_2570_red-0043_dead_pixels_0.5
map-proj-v3_2/ESP_016613_2570_RED-0043.jpg,ok,,JPEG,227.0,227.0,L,1.0,1.0,normal,bright dune,test,esp_016613_2570_red-0043,[],e959b6eb0960742528e097380eea135ac508c2f2b301a24f0a7d442d6d2e9ff5,7651c7763d37b26fd81c96e6215788aab59e23ad6d6aa1fff9953bf138f62245,caf44bb26f02ff00,196.78887616681868,29.006453358989084,199603234326a85f,[],4.0,esp_016613_2570,['test'],1.0,Counter({'test': 1}),test,22696c5952c42e43,True,development_corruption,1,C:\Users\deves\OneDrive\Desktop\Projects\TCMD-SS\data\raw\hirise_v3_2\map-proj-v3_2\ESP_016613_2570_RED-0043.jpg,development,missing_patch,0.15,esp_016613_2570_red-0043_missing_patch_0.15
map-proj-v3_2/ESP_016613_2570_RED-0043.jpg,ok,,JPEG,227.0,227.0,L,1.0,1.0,normal,bright dune,test,esp_016613_2570_red-0043,[],e959b6eb0960742528e097380eea135ac508c2f2b301a24f0a7d442d6d2e9ff5,7651c7763d37b26fd81c96e6215788aab59e23ad6d6aa1fff9953bf138f62245,caf44bb26f02ff00,196.78887616681868,29.006453358989084,199603234326a85f,[],4.0,esp_016613_2570,['test'],1.0,Counter({'test': 1}),test,22696c5952c42e43,True,development_corruption,1,C:\Users\deves\OneDrive\Desktop\Projects\TCMD-SS\data\raw\hirise_v3_2\map-proj-v3_2\ESP_016613_2570_RED-0043.jpg,development,missing_patch,0.3,esp_016613_2570_red-0043_missing_patch_0.3
map-proj-v3_2/ESP_016613_2570_RED-0043.jpg,ok,,JPEG,227.0,227.0,L,1.0,1.0,normal,bright dune,test,esp_016613_2570_red-0043,[],e959b6eb0960742528e097380eea135ac508c2f2b301a24f0a7d442d6d2e9ff5,7651c7763d37b26fd81c96e6215788aab59e23ad6d6aa1fff9953bf138f62245,caf44bb26f02ff00,196.78887616681868,29.006453358989084,199603234326a85f,[],4.0,esp_016613_2570,['test'],1.0,Counter({'test': 1}),test,22696c5952c42e43,True,development_corruption,1,C:\Users\deves\OneDrive\Desktop\Projects\TCMD-SS\data\raw\hirise_v3_2\map-proj-v3_2\ESP_016613_2570_RED-0043.jpg,development,missing_patch,0.5,esp_016613_2570_red-0043_missing_patch_0.5
map-proj-v3_2/ESP_016613_2570_RED-0043.jpg,ok,,JPEG,227.0,227.0,L,1.0,1.0,normal,bright dune,test,esp_016613_2570_red-0043,[],e959b6eb0960742528e097380eea135ac508c2f2b301a24f0a7d442d6d2e9ff5,7651c7763d37b26fd81c96e6215788aab59e23ad6d6aa1fff9953bf138f62245,caf44bb26f02ff00,196.78887616681868,29.006453358989084,199603234326a85f,[],4.0,esp_016613_2570,['test'],1.0,Counter({'test': 1}),test,22696c5952c42e43,True,development_corruption,1,C:\Users\deves\OneDrive\Desktop\Projects\TCMD-SS\data\raw\hirise_v3_2\map-proj-v3_2\ESP_016613_2570_RED-0043.jpg,development,local_blur,0.15,esp_016613_2570_red-0043_local_blur_0.15
map-proj-v3_2/ESP_016613_2570_RED-0043.jpg,ok,,JPEG,227.0,227.0,L,1.0,1.0,normal,bright dune,test,esp_016613_2570_red-0043,[],e959b6eb0960742528e097380eea135ac508c2f2b301a24f0a7d442d6d2e9ff5,7651c7763d37b26fd81c96e6215788aab59e23ad6d6aa1fff9953bf138f62245,caf44bb26f02ff00,196.78887616681868,29.006453358989084,199603234326a85f,[],4.0,esp_016613_2570,['test'],1.0,Counter({'test': 1}),test,22696c5952c42e43,True,development_corruption,1,C:\Users\deves\OneDrive\Desktop\Projects\TCMD-SS\data\raw\hirise_v3_2\map-proj-v3_2\ESP_016613_2570_RED-0043.jpg,development,local_blur,0.3,esp_016613_2570_red-0043_local_blur_0.3
map-proj-v3_2/ESP_016613_2570_RED-0043.jpg,ok,,JPEG,227.0,227.0,L,1.0,1.0,normal,bright dune,test,esp_016613_2570_red-0043,[],e959b6eb0960742528e097380eea135ac508c2f2b301a24f0a7d442d6d2e9ff5,7651c7763d37b26fd81c96e6215788aab59e23ad6d6aa1fff9953bf138f62245,caf44bb26f02ff00,196.78887616681868,29.006453358989084,199603234326a85f,[],4.0,esp_016613_2570,['test'],1.0,Counter({'test': 1}),test,22696c5952c42e43,True,development_corruption,1,C:\Users\deves\OneDrive\Desktop\Projects\TCMD-SS\data\raw\hirise_v3_2\map-proj-v3_2\ESP_016613_2570_RED-0043.jpg,development,local_blur,0.5,esp_016613_2570_red-0043_local_blur_0.5
map-proj-v3_2/ESP_016613_2570_RED-0043.jpg,ok,,JPEG,227.0,227.0,L,1.0,1.0,normal,bright dune,test,esp_016613_2570_red-0043,[],e959b6eb0960742528e097380eea135ac508c2f2b301a24f0a7d442d6d2e9ff5,7651c7763d37b26fd81c96e6215788aab59e23ad6d6aa1fff9953bf138f62245,caf44bb26f02ff00,196.78887616681868,29.006453358989084,199603234326a85f,[],4.0,esp_016613_2570,['test'],1.0,Counter({'test': 1}),test,22696c5952c42e43,True,development_corruption,1,C:\Users\deves\OneDrive\Desktop\Projects\TCMD-SS\data\raw\hirise_v3_2\map-proj-v3_2\ESP_016613_2570_RED-0043.jpg,development,patch_duplication,0.15,esp_016613_2570_red-0043_patch_duplication_0.15
map-proj-v3_2/ESP_016613_2570_RED-0043.jpg,ok,,JPEG,227.0,227.0,L,1.0,1.0,normal,bright dune,test,esp_016613_2570_red-0043,[],e959b6eb0960742528e097380eea135ac508c2f2b301a24f0a7d442d6d2e9ff5,7651c7763d37b26fd81c96e6215788aab59e23ad6d6aa1fff9953bf138f62245,caf44bb26f02ff00,196.78887616681868,29.006453358989084,199603234326a85f,[],4.0,esp_016613_2570,['test'],1.0,Counter({'test': 1}),test,22696c5952c42e43,True,development_corruption,1,C:\Users\deves\OneDrive\Desktop\Projects\TCMD-SS\data\raw\hirise_v3_2\map-proj-v3_2\ESP_016613_2570_RED-0043.jpg,development,patch_duplication,0.3,esp_016613_2570_red-0043_patch_duplication_0.3
map-proj-v3_2/ESP_016613_2570_RED-0043.jpg,ok,,JPEG,227.0,227.0,L,1.0,1.0,normal,bright dune,test,esp_016613_2570_red-0043,[],e959b6eb0960742528e097380eea135ac508c2f2b301a24f0a7d442d6d2e9ff5,7651c7763d37b26fd81c96e6215788aab59e23ad6d6aa1fff9953bf138f62245,caf44bb26f02ff00,196.78887616681868,29.006453358989084,199603234326a85f,[],4.0,esp_016613_2570,['test'],1.0,Counter({'test': 1}),test,22696c5952c42e43,True,development_corruption,1,C:\Users\deves\OneDrive\Desktop\Projects\TCMD-SS\data\raw\hirise_v3_2\map-proj-v3_2\ESP_016613_2570_RED-0043.jpg,development,patch_duplication,0.5,esp_016613_2570_red-0043_patch_duplication_0.5
map-proj-v3_2/ESP_016613_2570_RED-0043.jpg,ok,,JPEG,227.0,227.0,L,1.0,1.0,normal,bright dune,test,esp_016613_2570_red-0043,[],e959b6eb0960742528e097380eea135ac508c2f2b301a24f0a7d442d6d2e9ff5,7651c7763d37b26fd81c96e6215788aab59e23ad6d6aa1fff9953bf138f62245,caf44bb26f02ff00,196.78887616681868,29.006453358989084,199603234326a85f,[],4.0,esp_016613_2570,['test'],1.0,Counter({'test': 1}),test,22696c5952c42e43,True,development_corruption,1,C:\Users\deves\OneDrive\Desktop\Projects\TCMD-SS\data\raw\hirise_v3_2\map-proj-v3_2\ESP_016613_2570_RED-0043.jpg,development,foreign_content,0.15,esp_016613_2570_red-0043_foreign_content_0.15
map-proj-v3_2/ESP_016613_2570_RED-0043.jpg,ok,,JPEG,227.0,227.0,L,1.0,1.0,normal,bright dune,test,esp_016613_2570_red-0043,[],e959b6eb0960742528e097380eea135ac508c2f2b301a24f0a7d442d6d2e9ff5,7651c7763d37b26fd81c96e6215788aab59e23ad6d6aa1fff9953bf138f62245,caf44bb26f02ff00,196.78887616681868,29.006453358989084,199603234326a85f,[],4.0,esp_016613_2570,['test'],1.0,Counter({'test': 1}),test,22696c5952c42e43,True,development_corruption,1,C:\Users\deves\OneDrive\Desktop\Projects\TCMD-SS\data\raw\hirise_v3_2\map-proj-v3_2\ESP_016613_2570_RED-0043.jpg,development,foreign_content,0.3,esp_016613_2570_red-0043_foreign_content_0.3
map-proj-v3_2/ESP_016613_2570_RED-0043.jpg,ok,,JPEG,227.0,227.0,L,1.0,1.0,normal,bright dune,test,esp_016613_2570_red-0043,[],e959b6eb0960742528e097380eea135ac508c2f2b301a24f0a7d442d6d2e9ff5,7651c7763d37b26fd81c96e6215788aab59e23ad6d6aa1fff9953bf138f62245,caf44bb26f02ff00,196.78887616681868,29.006453358989084,199603234326a85f,[],4.0,esp_016613_2570,['test'],1.0,Counter({'test': 1}),test,22696c5952c42e43,True,development_corruption,1,C:\Users\deves\OneDrive\Desktop\Projects\TCMD-SS\data\raw\hirise_v3_2\map-proj-v3_2\ESP_016613_2570_RED-0043.jpg,development,foreign_content,0.5,esp_016613_2570_red-0043_foreign_content_0.5
map-proj-v3_2/ESP_017395_1700_RED-0049.jpg,ok,,JPEG,227.0,227.0,L,1.0,1.0,normal,impact ejecta,train,esp_017395_1700_red-0049,[],495917e0ae04399680f2d3299a9b2b0f9b76f2df99ddbe39be0423fee30a4e9d,d02bc6a490fe8152154f122920a2a4a4e92b88c411f54e93167982118d54cf54,9cdc3333cccc6332,115.55454210250538,29.91233446096436,79b30930e794f011,[],5.0,esp_017395_1700,['train'],2.0,Counter({'train': 2}),test,83aa4045df637967,True,hirise_clean,0,C:\Users\deves\OneDrive\Desktop\Projects\TCMD-SS\data\raw\hirise_v3_2\map-proj-v3_2\ESP_017395_1700_RED-0049.jpg,development,clean,0.0,esp_017395_1700_red-0049_clean
map-proj-v3_2/ESP_017395_1700_RED-0049.jpg,ok,,JPEG,227.0,227.0,L,1.0,1.0,normal,impact ejecta,train,esp_017395_1700_red-0049,[],495917e0ae04399680f2d3299a9b2b0f9b76f2df99ddbe39be0423fee30a4e9d,d02bc6a490fe8152154f122920a2a4a4e92b88c411f54e93167982118d54cf54,9cdc3333cccc6332,115.55454210250538,29.91233446096436,79b30930e794f011,[],5.0,esp_017395_1700,['train'],2.0,Counter({'train': 2}),test,83aa4045df637967,True,development_corruption,1,C:\Users\deves\OneDrive\Desktop\Projects\TCMD-SS\data\raw\hirise_v3_2\map-proj-v3_2\ESP_017395_1700_RED-0049.jpg,development,stripes,0.15,esp_017395_1700_red-0049_stripes_0.15
map-proj-v3_2/ESP_017395_1700_RED-0049.jpg,ok,,JPEG,227.0,227.0,L,1.0,1.0,normal,impact ejecta,train,esp_017395_1700_red-0049,[],495917e0ae04399680f2d3299a9b2b0f9b76f2df99ddbe39be0423fee30a4e9d,d02bc6a490fe8152154f122920a2a4a4e92b88c411f54e93167982118d54cf54,9cdc3333cccc6332,115.55454210250538,29.91233446096436,79b30930e794f011,[],5.0,esp_017395_1700,['train'],2.0,Counter({'train': 2}),test,83aa4045df637967,True,development_corruption,1,C:\Users\deves\OneDrive\Desktop\Projects\TCMD-SS\data\raw\hirise_v3_2\map-proj-v3_2\ESP_017395_1700_RED-0049.jpg,development,stripes,0.3,esp_017395_1700_red-0049_stripes_0.3
map-proj-v3_2/ESP_017395_1700_RED-0049.jpg,ok,,JPEG,227.0,227.0,L,1.0,1.0,normal,impact ejecta,train,esp_017395_1700_red-0049,[],495917e0ae04399680f2d3299a9b2b0f9b76f2df99ddbe39be0423fee30a4e9d,d02bc6a490fe8152154f122920a2a4a4e92b88c411f54e93167982118d54cf54,9cdc3333cccc6332,115.55454210250538,29.91233446096436,79b30930e794f011,[],5.0,esp_017395_1700,['train'],2.0,Counter({'train': 2}),test,83aa4045df637967,True,development_corruption,1,C:\Users\deves\OneDrive\Desktop\Projects\TCMD-SS\data\raw\hirise_v3_2\map-proj-v3_2\ESP_017395_1700_RED-0049.jpg,development,stripes,0.5,esp_017395_1700_red-0049_stripes_0.5
map-proj-v3_2/ESP_017395_1700_RED-0049.jpg,ok,,JPEG,227.0,227.0,L,1.0,1.0,normal,impact ejecta,train,esp_017395_1700_red-0049,[],495917e0ae04399680f2d3299a9b2b0f9b76f2df99ddbe39be0423fee30a4e9d,d02bc6a490fe8152154f122920a2a4a4e92b88c411f54e93167982118d54cf54,9cdc3333cccc6332,115.55454210250538,29.91233446096436,79b30930e794f011,[],5.0,esp_017395_1700,['train'],2.0,Counter({'train': 2}),test,83aa4045df637967,True,development_corruption,1,C:\Users\deves\OneDrive\Desktop\Projects\TCMD-SS\data\raw\hirise_v3_2\map-proj-v3_2\ESP_017395_1700_RED-0049.jpg,development,dead_pixels,0.15,esp_017395_1700_red-0049_dead_pixels_0.15
map-proj-v3_2/ESP_017395_1700_RED-0049.jpg,ok,,JPEG,227.0,227.0,L,1.0,1.0,normal,impact ejecta,train,esp_017395_1700_red-0049,[],495917e0ae04399680f2d3299a9b2b0f9b76f2df99ddbe39be0423fee30a4e9d,d02bc6a490fe8152154f122920a2a4a4e92b88c411f54e93167982118d54cf54,9cdc3333cccc6332,115.55454210250538,29.91233446096436,79b30930e794f011,[],5.0,esp_017395_1700,['train'],2.0,Counter({'train': 2}),test,83aa4045df637967,True,development_corruption,1,C:\Users\deves\OneDrive\Desktop\Projects\TCMD-SS\data\raw\hirise_v3_2\map-proj-v3_2\ESP_017395_1700_RED-0049.jpg,development,dead_pixels,0.3,esp_017395_1700_red-0049_dead_pixels_0.3
map-proj-v3_2/ESP_017395_1700_RED-0049.jpg,ok,,JPEG,227.0,227.0,L,1.0,1.0,normal,impact ejecta,train,esp_017395_1700_red-0049,[],495917e0ae04399680f2d3299a9b2b0f9b76f2df99ddbe39be0423fee30a4e9d,d02bc6a490fe8152154f122920a2a4a4e92b88c411f54e93167982118d54cf54,9cdc3333cccc6332,115.55454210250538,29.91233446096436,79b30930e794f011,[],5.0,esp_017395_1700,['train'],2.0,Counter({'train': 2}),test,83aa4045df637967,True,development_corruption,1,C:\Users\deves\OneDrive\Desktop\Projects\TCMD-SS\data\raw\hirise_v3_2\map-proj-v3_2\ESP_017395_1700_RED-0049.jpg,development,dead_pixels,0.5,esp_017395_1700_red-0049_dead_pixels_0.5
map-proj-v3_2/ESP_017395_1700_RED-0049.jpg,ok,,JPEG,227.0,227.0,L,1.0,1.0,normal,impact ejecta,train,esp_017395_1700_red-0049,[],495917e0ae04399680f2d3299a9b2b0f9b76f2df99ddbe39be0423fee30a4e9d,d02bc6a490fe8152154f122920a2a4a4e92b88c411f54e93167982118d54cf54,9cdc3333cccc6332,115.55454210250538,29.91233446096436,79b30930e794f011,[],5.0,esp_017395_1700,['train'],2.0,Counter({'train': 2}),test,83aa4045df637967,True,development_corruption,1,C:\Users\deves\OneDrive\Desktop\Projects\TCMD-SS\data\raw\hirise_v3_2\map-proj-v3_2\ESP_017395_1700_RED-0049.jpg,development,missing_patch,0.15,esp_017395_1700_red-0049_missing_patch_0.15
map-proj-v3_2/ESP_017395_1700_RED-0049.jpg,ok,,JPEG,227.0,227.0,L,1.0,1.0,normal,impact ejecta,train,esp_017395_1700_red-0049,[],495917e0ae04399680f2d3299a9b2b0f9b76f2df99ddbe39be0423fee30a4e9d,d02bc6a490fe8152154f122920a2a4a4e92b88c411f54e93167982118d54cf54,9cdc3333cccc6332,115.55454210250538,29.91233446096436,79b30930e794f011,[],5.0,esp_017395_1700,['train'],2.0,Counter({'train': 2}),test,83aa4045df637967,True,development_corruption,1,C:\Users\deves\OneDrive\Desktop\Projects\TCMD-SS\data\raw\hirise_v3_2\map-proj-v3_2\ESP_017395_1700_RED-0049.jpg,development,missing_patch,0.3,esp_017395_1700_red-0049_missing_patch_0.3
map-proj-v3_2/ESP_017395_1700_RED-0049.jpg,ok,,JPEG,227.0,227.0,L,1.0,1.0,normal,impact ejecta,train,esp_017395_1700_red-0049,[],495917e0ae04399680f2d3299a9b2b0f9b76f2df99ddbe39be0423fee30a4e9d,d02bc6a490fe8152154f122920a2a4a4e92b88c411f54e93167982118d54cf54,9cdc3333cccc6332,115.55454210250538,29.91233446096436,79b30930e794f011,[],5.0,esp_017395_1700,['train'],2.0,Counter({'train': 2}),test,83aa4045df637967,True,development_corruption,1,C:\Users\deves\OneDrive\Desktop\Projects\TCMD-SS\data\raw\hirise_v3_2\map-proj-v3_2\ESP_017395_1700_RED-0049.jpg,development,missing_patch,0.5,esp_017395_1700_red-0049_missing_patch_0.5
map-proj-v3_2/ESP_017395_1700_RED-0049.jpg,ok,,JPEG,227.0,227.0,L,1.0,1.0,normal,impact ejecta,train,esp_017395_1700_red-0049,[],495917e0ae04399680f2d3299a9b2b0f9b76f2df99ddbe39be0423fee30a4e9d,d02bc6a490fe8152154f122920a2a4a4e92b88c411f54e93167982118d54cf54,9cdc3333cccc6332,115.55454210250538,29.91233446096436,79b30930e794f011,[],5.0,esp_017395_1700,['train'],2.0,Counter({'train': 2}),test,83aa4045df637967,True,development_corruption,1,C:\Users\deves\OneDrive\Desktop\Projects\TCMD-SS\data\raw\hirise_v3_2\map-proj-v3_2\ESP_017395_1700_RED-0049.jpg,development,local_blur,0.15,esp_017395_1700_red-0049_local_blur_0.15
map-proj-v3_2/ESP_017395_1700_RED-0049.jpg,ok,,JPEG,227.0,227.0,L,1.0,1.0,normal,impact ejecta,train,esp_017395_1700_red-0049,[],495917e0ae04399680f2d3299a9b2b0f9b76f2df99ddbe39be0423fee30a4e9d,d02bc6a490fe8152154f122920a2a4a4e92b88c411f54e93167982118d54cf54,9cdc3333cccc6332,115.55454210250538,29.91233446096436,79b30930e794f011,[],5.0,esp_017395_1700,['train'],2.0,Counter({'train': 2}),test,83aa4045df637967,True,development_corruption,1,C:\Users\deves\OneDrive\Desktop\Projects\TCMD-SS\data\raw\hirise_v3_2\map-proj-v3_2\ESP_017395_1700_RED-0049.jpg,development,local_blur,0.3,esp_017395_1700_red-0049_local_blur_0.3
map-proj-v3_2/ESP_017395_1700_RED-0049.jpg,ok,,JPEG,227.0,227.0,L,1.0,1.0,normal,impact ejecta,train,esp_017395_1700_red-0049,[],495917e0ae04399680f2d3299a9b2b0f9b76f2df99ddbe39be0423fee30a4e9d,d02bc6a490fe8152154f122920a2a4a4e92b88c411f54e93167982118d54cf54,9cdc3333cccc6332,115.55454210250538,29.91233446096436,79b30930e794f011,[],5.0,esp_017395_1700,['train'],2.0,Counter({'train': 2}),test,83aa4045df637967,True,development_corruption,1,C:\Users\deves\OneDrive\Desktop\Projects\TCMD-SS\data\raw\hirise_v3_2\map-proj-v3_2\ESP_017395_1700_RED-0049.jpg,development,local_blur,0.5,esp_017395_1700_red-0049_local_blur_0.5
map-proj-v3_2/ESP_017395_1700_RED-0049.jpg,ok,,JPEG,227.0,227.0,L,1.0,1.0,normal,impact ejecta,train,esp_017395_1700_red-0049,[],495917e0ae04399680f2d3299a9b2b0f9b76f2df99ddbe39be0423fee30a4e9d,d02bc6a490fe8152154f122920a2a4a4e92b88c411f54e93167982118d54cf54,9cdc3333cccc6332,115.55454210250538,29.91233446096436,79b30930e794f011,[],5.0,esp_017395_1700,['train'],2.0,Counter({'train': 2}),test,83aa4045df637967,True,development_corruption,1,C:\Users\deves\OneDrive\Desktop\Projects\TCMD-SS\data\raw\hirise_v3_2\map-proj-v3_2\ESP_017395_1700_RED-0049.jpg,development,patch_duplication,0.15,esp_017395_1700_red-0049_patch_duplication_0.15
map-proj-v3_2/ESP_017395_1700_RED-0049.jpg,ok,,JPEG,227.0,227.0,L,1.0,1.0,normal,impact ejecta,train,esp_017395_1700_red-0049,[],495917e0ae04399680f2d3299a9b2b0f9b76f2df99ddbe39be0423fee30a4e9d,d02bc6a490fe8152154f122920a2a4a4e92b88c411f54e93167982118d54cf54,9cdc3333cccc6332,115.55454210250538,29.91233446096436,79b30930e794f011,[],5.0,esp_017395_1700,['train'],2.0,Counter({'train': 2}),test,83aa4045df637967,True,development_corruption,1,C:\Users\deves\OneDrive\Desktop\Projects\TCMD-SS\data\raw\hirise_v3_2\map-proj-v3_2\ESP_017395_1700_RED-0049.jpg,development,patch_duplication,0.3,esp_017395_1700_red-0049_patch_duplication_0.3
map-proj-v3_2/ESP_017395_1700_RED-0049.jpg,ok,,JPEG,227.0,227.0,L,1.0,1.0,normal,impact ejecta,train,esp_017395_1700_red-0049,[],495917e0ae04399680f2d3299a9b2b0f9b76f2df99ddbe39be0423fee30a4e9d,d02bc6a490fe8152154f122920a2a4a4e92b88c411f54e93167982118d54cf54,9cdc3333cccc6332,115.55454210250538,29.91233446096436,79b30930e794f011,[],5.0,esp_017395_1700,['train'],2.0,Counter({'train': 2}),test,83aa4045df637967,True,development_corruption,1,C:\Users\deves\OneDrive\Desktop\Projects\TCMD-SS\data\raw\hirise_v3_2\map-proj-v3_2\ESP_017395_1700_RED-0049.jpg,development,patch_duplication,0.5,esp_017395_1700_red-0049_patch_duplication_0.5
map-proj-v3_2/ESP_017395_1700_RED-0049.jpg,ok,,JPEG,227.0,227.0,L,1.0,1.0,normal,impact ejecta,train,esp_017395_1700_red-0049,[],495917e0ae04399680f2d3299a9b2b0f9b76f2df99ddbe39be0423fee30a4e9d,d02bc6a490fe8152154f122920a2a4a4e92b88c411f54e93167982118d54cf54,9cdc3333cccc6332,115.55454210250538,29.91233446096436,79b30930e794f011,[],5.0,esp_017395_1700,['train'],2.0,Counter({'train': 2}),test,83aa4045df637967,True,development_corruption,1,C:\Users\deves\OneDrive\Desktop\Projects\TCMD-SS\data\raw\hirise_v3_2\map-proj-v3_2\ESP_017395_1700_RED-0049.jpg,development,foreign_content,0.15,esp_017395_1700_red-0049_foreign_content_0.15
map-proj-v3_2/ESP_017395_1700_RED-0049.jpg,ok,,JPEG,227.0,227.0,L,1.0,1.0,normal,impact ejecta,train,esp_017395_1700_red-0049,[],495917e0ae04399680f2d3299a9b2b0f9b76f2df99ddbe39be0423fee30a4e9d,d02bc6a490fe8152154f122920a2a4a4e92b88c411f54e93167982118d54cf54,9cdc3333cccc6332,115.55454210250538,29.91233446096436,79b30930e794f011,[],5.0,esp_017395_1700,['train'],2.0,Counter({'train': 2}),test,83aa4045df637967,True,development_corruption,1,C:\Users\deves\OneDrive\Desktop\Projects\TCMD-SS\data\raw\hirise_v3_2\map-proj-v3_2\ESP_017395_1700_RED-0049.jpg,development,foreign_content,0.3,esp_017395_1700_red-0049_foreign_content_0.3
map-proj-v3_2/ESP_017395_1700_RED-0049.jpg,ok,,JPEG,227.0,227.0,L,1.0,1.0,normal,impact ejecta,train,esp_017395_1700_red-0049,[],495917e0ae04399680f2d3299a9b2b0f9b76f2df99ddbe39be0423fee30a4e9d,d02bc6a490fe8152154f122920a2a4a4e92b88c411f54e93167982118d54cf54,9cdc3333cccc6332,115.55454210250538,29.91233446096436,79b30930e794f011,[],5.0,esp_017395_1700,['train'],2.0,Counter({'train': 2}),test,83aa4045df637967,True,development_corruption,1,C:\Users\deves\OneDrive\Desktop\Projects\TCMD-SS\data\raw\hirise_v3_2\map-proj-v3_2\ESP_017395_1700_RED-0049.jpg,development,foreign_content,0.5,esp_017395_1700_red-0049_foreign_content_0.5
map-proj-v3_2/ESP_012588_0930_RED-0008.jpg,ok,,JPEG,227.0,227.0,L,1.0,1.0,normal,swiss cheese,val,esp_012588_0930_red-0008,[],70ec138d059d71f48f3431bb9955ef0ef2e106d05d92dcbe7922ecc947697ddb,64c15778061f4502aa013182d22f5d707f03bcb0192309e9e73126183a689da2,9322c8b312f5a9fa,126.97696442779794,19.38581563886753,e63c4b4376604cc0,[],6.0,esp_012588_0930,['val'],2.0,Counter({'val': 2}),test,0f0dc58966ae6d59,True,hirise_clean,0,C:\Users\deves\OneDrive\Desktop\Projects\TCMD-SS\data\raw\hirise_v3_2\map-proj-v3_2\ESP_012588_0930_RED-0008.jpg,development,clean,0.0,esp_012588_0930_red-0008_clean
map-proj-v3_2/ESP_012588_0930_RED-0008.jpg,ok,,JPEG,227.0,227.0,L,1.0,1.0,normal,swiss cheese,val,esp_012588_0930_red-0008,[],70ec138d059d71f48f3431bb9955ef0ef2e106d05d92dcbe7922ecc947697ddb,64c15778061f4502aa013182d22f5d707f03bcb0192309e9e73126183a689da2,9322c8b312f5a9fa,126.97696442779794,19.38581563886753,e63c4b4376604cc0,[],6.0,esp_012588_0930,['val'],2.0,Counter({'val': 2}),test,0f0dc58966ae6d59,True,development_corruption,1,C:\Users\deves\OneDrive\Desktop\Projects\TCMD-SS\data\raw\hirise_v3_2\map-proj-v3_2\ESP_012588_0930_RED-0008.jpg,development,stripes,0.15,esp_012588_0930_red-0008_stripes_0.15
map-proj-v3_2/ESP_012588_0930_RED-0008.jpg,ok,,JPEG,227.0,227.0,L,1.0,1.0,normal,swiss cheese,val,esp_012588_0930_red-0008,[],70ec138d059d71f48f3431bb9955ef0ef2e106d05d92dcbe7922ecc947697ddb,64c15778061f4502aa013182d22f5d707f03bcb0192309e9e73126183a689da2,9322c8b312f5a9fa,126.97696442779794,19.38581563886753,e63c4b4376604cc0,[],6.0,esp_012588_0930,['val'],2.0,Counter({'val': 2}),test,0f0dc58966ae6d59,True,development_corruption,1,C:\Users\deves\OneDrive\Desktop\Projects\TCMD-SS\data\raw\hirise_v3_2\map-proj-v3_2\ESP_012588_0930_RED-0008.jpg,development,stripes,0.3,esp_012588_0930_red-0008_stripes_0.3
map-proj-v3_2/ESP_012588_0930_RED-0008.jpg,ok,,JPEG,227.0,227.0,L,1.0,1.0,normal,swiss cheese,val,esp_012588_0930_red-0008,[],70ec138d059d71f48f3431bb9955ef0ef2e106d05d92dcbe7922ecc947697ddb,64c15778061f4502aa013182d22f5d707f03bcb0192309e9e73126183a689da2,9322c8b312f5a9fa,126.97696442779794,19.38581563886753,e63c4b4376604cc0,[],6.0,esp_012588_0930,['val'],2.0,Counter({'val': 2}),test,0f0dc58966ae6d59,True,development_corruption,1,C:\Users\deves\OneDrive\Desktop\Projects\TCMD-SS\data\raw\hirise_v3_2\map-proj-v3_2\ESP_012588_0930_RED-0008.jpg,development,stripes,0.5,esp_012588_0930_red-0008_stripes_0.5
map-proj-v3_2/ESP_012588_0930_RED-0008.jpg,ok,,JPEG,227.0,227.0,L,1.0,1.0,normal,swiss cheese,val,esp_012588_0930_red-0008,[],70ec138d059d71f48f3431bb9955ef0ef2e106d05d92dcbe7922ecc947697ddb,64c15778061f4502aa013182d22f5d707f03bcb0192309e9e73126183a689da2,9322c8b312f5a9fa,126.97696442779794,19.38581563886753,e63c4b4376604cc0,[],6.0,esp_012588_0930,['val'],2.0,Counter({'val': 2}),test,0f0dc58966ae6d59,True,development_corruption,1,C:\Users\deves\OneDrive\Desktop\Projects\TCMD-SS\data\raw\hirise_v3_2\map-proj-v3_2\ESP_012588_0930_RED-0008.jpg,development,dead_pixels,0.15,esp_012588_0930_red-0008_dead_pixels_0.15
map-proj-v3_2/ESP_012588_0930_RED-0008.jpg,ok,,JPEG,227.0,227.0,L,1.0,1.0,normal,swiss cheese,val,esp_012588_0930_red-0008,[],70ec138d059d71f48f3431bb9955ef0ef2e106d05d92dcbe7922ecc947697ddb,64c15778061f4502aa013182d22f5d707f03bcb0192309e9e73126183a689da2,9322c8b312f5a9fa,126.97696442779794,19.38581563886753,e63c4b4376604cc0,[],6.0,esp_012588_0930,['val'],2.0,Counter({'val': 2}),test,0f0dc58966ae6d59,True,development_corruption,1,C:\Users\deves\OneDrive\Desktop\Projects\TCMD-SS\data\raw\hirise_v3_2\map-proj-v3_2\ESP_012588_0930_RED-0008.jpg,development,dead_pixels,0.3,esp_012588_0930_red-0008_dead_pixels_0.3
map-proj-v3_2/ESP_012588_0930_RED-0008.jpg,ok,,JPEG,227.0,227.0,L,1.0,1.0,normal,swiss cheese,val,esp_012588_0930_red-0008,[],70ec138d059d71f48f3431bb9955ef0ef2e106d05d92dcbe7922ecc947697ddb,64c15778061f4502aa013182d22f5d707f03bcb0192309e9e73126183a689da2,9322c8b312f5a9fa,126.97696442779794,19.38581563886753,e63c4b4376604cc0,[],6.0,esp_012588_0930,['val'],2.0,Counter({'val': 2}),test,0f0dc58966ae6d59,True,development_corruption,1,C:\Users\deves\OneDrive\Desktop\Projects\TCMD-SS\data\raw\hirise_v3_2\map-proj-v3_2\ESP_012588_0930_RED-0008.jpg,development,dead_pixels,0.5,esp_012588_0930_red-0008_dead_pixels_0.5
map-proj-v3_2/ESP_012588_0930_RED-0008.jpg,ok,,JPEG,227.0,227.0,L,1.0,1.0,normal,swiss cheese,val,esp_012588_0930_red-0008,[],70ec138d059d71f48f3431bb9955ef0ef2e106d05d92dcbe7922ecc947697ddb,64c15778061f4502aa013182d22f5d707f03bcb0192309e9e73126183a689da2,9322c8b312f5a9fa,126.97696442779794,19.38581563886753,e63c4b4376604cc0,[],6.0,esp_012588_0930,['val'],2.0,Counter({'val': 2}),test,0f0dc58966ae6d59,True,development_corruption,1,C:\Users\deves\OneDrive\Desktop\Projects\TCMD-SS\data\raw\hirise_v3_2\map-proj-v3_2\ESP_012588_0930_RED-0008.jpg,development,missing_patch,0.15,esp_012588_0930_red-0008_missing_patch_0.15
map-proj-v3_2/ESP_012588_0930_RED-0008.jpg,ok,,JPEG,227.0,227.0,L,1.0,1.0,normal,swiss cheese,val,esp_012588_0930_red-0008,[],70ec138d059d71f48f3431bb9955ef0ef2e106d05d92dcbe7922ecc947697ddb,64c15778061f4502aa013182d22f5d707f03bcb0192309e9e73126183a689da2,9322c8b312f5a9fa,126.97696442779794,19.38581563886753,e63c4b4376604cc0,[],6.0,esp_012588_0930,['val'],2.0,Counter({'val': 2}),test,0f0dc58966ae6d59,True,development_corruption,1,C:\Users\deves\OneDrive\Desktop\Projects\TCMD-SS\data\raw\hirise_v3_2\map-proj-v3_2\ESP_012588_0930_RED-0008.jpg,development,missing_patch,0.3,esp_012588_0930_red-0008_missing_patch_0.3
map-proj-v3_2/ESP_012588_0930_RED-0008.jpg,ok,,JPEG,227.0,227.0,L,1.0,1.0,normal,swiss cheese,val,esp_012588_0930_red-0008,[],70ec138d059d71f48f3431bb9955ef0ef2e106d05d92dcbe7922ecc947697ddb,64c15778061f4502aa013182d22f5d707f03bcb0192309e9e73126183a689da2,9322c8b312f5a9fa,126.97696442779794,19.38581563886753,e63c4b4376604cc0,[],6.0,esp_012588_0930,['val'],2.0,Counter({'val': 2}),test,0f0dc58966ae6d59,True,development_corruption,1,C:\Users\deves\OneDrive\Desktop\Projects\TCMD-SS\data\raw\hirise_v3_2\map-proj-v3_2\ESP_012588_0930_RED-0008.jpg,development,missing_patch,0.5,esp_012588_0930_red-0008_missing_patch_0.5
map-proj-v3_2/ESP_012588_0930_RED-0008.jpg,ok,,JPEG,227.0,227.0,L,1.0,1.0,normal,swiss cheese,val,esp_012588_0930_red-0008,[],70ec138d059d71f48f3431bb9955ef0ef2e106d05d92dcbe7922ecc947697ddb,64c15778061f4502aa013182d22f5d707f03bcb0192309e9e73126183a689da2,9322c8b312f5a9fa,126.97696442779794,19.38581563886753,e63c4b4376604cc0,[],6.0,esp_012588_0930,['val'],2.0,Counter({'val': 2}),test,0f0dc58966ae6d59,True,development_corruption,1,C:\Users\deves\OneDrive\Desktop\Projects\TCMD-SS\data\raw\hirise_v3_2\map-proj-v3_2\ESP_012588_0930_RED-0008.jpg,development,local_blur,0.15,esp_012588_0930_red-0008_local_blur_0.15
map-proj-v3_2/ESP_012588_0930_RED-0008.jpg,ok,,JPEG,227.0,227.0,L,1.0,1.0,normal,swiss cheese,val,esp_012588_0930_red-0008,[],70ec138d059d71f48f3431bb9955ef0ef2e106d05d92dcbe7922ecc947697ddb,64c15778061f4502aa013182d22f5d707f03bcb0192309e9e73126183a689da2,9322c8b312f5a9fa,126.97696442779794,19.38581563886753,e63c4b4376604cc0,[],6.0,esp_012588_0930,['val'],2.0,Counter({'val': 2}),test,0f0dc58966ae6d59,True,development_corruption,1,C:\Users\deves\OneDrive\Desktop\Projects\TCMD-SS\data\raw\hirise_v3_2\map-proj-v3_2\ESP_012588_0930_RED-0008.jpg,development,local_blur,0.3,esp_012588_0930_red-0008_local_blur_0.3
map-proj-v3_2/ESP_012588_0930_RED-0008.jpg,ok,,JPEG,227.0,227.0,L,1.0,1.0,normal,swiss cheese,val,esp_012588_0930_red-0008,[],70ec138d059d71f48f3431bb9955ef0ef2e106d05d92dcbe7922ecc947697ddb,64c15778061f4502aa013182d22f5d707f03bcb0192309e9e73126183a689da2,9322c8b312f5a9fa,126.97696442779794,19.38581563886753,e63c4b4376604cc0,[],6.0,esp_012588_0930,['val'],2.0,Counter({'val': 2}),test,0f0dc58966ae6d59,True,development_corruption,1,C:\Users\deves\OneDrive\Desktop\Projects\TCMD-SS\data\raw\hirise_v3_2\map-proj-v3_2\ESP_012588_0930_RED-0008.jpg,development,local_blur,0.5,esp_012588_0930_red-0008_local_blur_0.5
map-proj-v3_2/ESP_012588_0930_RED-0008.jpg,ok,,JPEG,227.0,227.0,L,1.0,1.0,normal,swiss cheese,val,esp_012588_0930_red-0008,[],70ec138d059d71f48f3431bb9955ef0ef2e106d05d92dcbe7922ecc947697ddb,64c15778061f4502aa013182d22f5d707f03bcb0192309e9e73126183a689da2,9322c8b312f5a9fa,126.97696442779794,19.38581563886753,e63c4b4376604cc0,[],6.0,esp_012588_0930,['val'],2.0,Counter({'val': 2}),test,0f0dc58966ae6d59,True,development_corruption,1,C:\Users\deves\OneDrive\Desktop\Projects\TCMD-SS\data\raw\hirise_v3_2\map-proj-v3_2\ESP_012588_0930_RED-0008.jpg,development,patch_duplication,0.15,esp_012588_0930_red-0008_patch_duplication_0.15
map-proj-v3_2/ESP_012588_0930_RED-0008.jpg,ok,,JPEG,227.0,227.0,L,1.0,1.0,normal,swiss cheese,val,esp_012588_0930_red-0008,[],70ec138d059d71f48f3431bb9955ef0ef2e106d05d92dcbe7922ecc947697ddb,64c15778061f4502aa013182d22f5d707f03bcb0192309e9e73126183a689da2,9322c8b312f5a9fa,126.97696442779794,19.38581563886753,e63c4b4376604cc0,[],6.0,esp_012588_0930,['val'],2.0,Counter({'val': 2}),test,0f0dc58966ae6d59,True,development_corruption,1,C:\Users\deves\OneDrive\Desktop\Projects\TCMD-SS\data\raw\hirise_v3_2\map-proj-v3_2\ESP_012588_0930_RED-0008.jpg,development,patch_duplication,0.3,esp_012588_0930_red-0008_patch_duplication_0.3
map-proj-v3_2/ESP_012588_0930_RED-0008.jpg,ok,,JPEG,227.0,227.0,L,1.0,1.0,normal,swiss cheese,val,esp_012588_0930_red-0008,[],70ec138d059d71f48f3431bb9955ef0ef2e106d05d92dcbe7922ecc947697ddb,64c15778061f4502aa013182d22f5d707f03bcb0192309e9e73126183a689da2,9322c8b312f5a9fa,126.97696442779794,19.38581563886753,e63c4b4376604cc0,[],6.0,esp_012588_0930,['val'],2.0,Counter({'val': 2}),test,0f0dc58966ae6d59,True,development_corruption,1,C:\Users\deves\OneDrive\Desktop\Projects\TCMD-SS\data\raw\hirise_v3_2\map-proj-v3_2\ESP_012588_0930_RED-0008.jpg,development,patch_duplication,0.5,esp_012588_0930_red-0008_patch_duplication_0.5
map-proj-v3_2/ESP_012588_0930_RED-0008.jpg,ok,,JPEG,227.0,227.0,L,1.0,1.0,normal,swiss cheese,val,esp_012588_0930_red-0008,[],70ec138d059d71f48f3431bb9955ef0ef2e106d05d92dcbe7922ecc947697ddb,64c15778061f4502aa013182d22f5d707f03bcb0192309e9e73126183a689da2,9322c8b312f5a9fa,126.97696442779794,19.38581563886753,e63c4b4376604cc0,[],6.0,esp_012588_0930,['val'],2.0,Counter({'val': 2}),test,0f0dc58966ae6d59,True,development_corruption,1,C:\Users\deves\OneDrive\Desktop\Projects\TCMD-SS\data\raw\hirise_v3_2\map-proj-v3_2\ESP_012588_0930_RED-0008.jpg,development,foreign_content,0.15,esp_012588_0930_red-0008_foreign_content_0.15
map-proj-v3_2/ESP_012588_0930_RED-0008.jpg,ok,,JPEG,227.0,227.0,L,1.0,1.0,normal,swiss cheese,val,esp_012588_0930_red-0008,[],70ec138d059d71f48f3431bb9955ef0ef2e106d05d92dcbe7922ecc947697ddb,64c15778061f4502aa013182d22f5d707f03bcb0192309e9e73126183a689da2,9322c8b312f5a9fa,126.97696442779794,19.38581563886753,e63c4b4376604cc0,[],6.0,esp_012588_0930,['val'],2.0,Counter({'val': 2}),test,0f0dc58966ae6d59,True,development_corruption,1,C:\Users\deves\OneDrive\Desktop\Projects\TCMD-SS\data\raw\hirise_v3_2\map-proj-v3_2\ESP_012588_0930_RED-0008.jpg,development,foreign_content,0.3,esp_012588_0930_red-0008_foreign_content_0.3
map-proj-v3_2/ESP_012588_0930_RED-0008.jpg,ok,,JPEG,227.0,227.0,L,1.0,1.0,normal,swiss cheese,val,esp_012588_0930_red-0008,[],70ec138d059d71f48f3431bb9955ef0ef2e106d05d92dcbe7922ecc947697ddb,64c15778061f4502aa013182d22f5d707f03bcb0192309e9e73126183a689da2,9322c8b312f5a9fa,126.97696442779794,19.38581563886753,e63c4b4376604cc0,[],6.0,esp_012588_0930,['val'],2.0,Counter({'val': 2}),test,0f0dc58966ae6d59,True,development_corruption,1,C:\Users\deves\OneDrive\Desktop\Projects\TCMD-SS\data\raw\hirise_v3_2\map-proj-v3_2\ESP_012588_0930_RED-0008.jpg,development,foreign_content,0.5,esp_012588_0930_red-0008_foreign_content_0.5
map-proj-v3_2/ESP_049651_1050_RED-0030.jpg,ok,,JPEG,227.0,227.0,L,1.0,1.0,normal,spider,train,esp_049651_1050_red-0030,[],0001d033e78f0ea54919e1901291b8ae7a412d34dd6eb0282388395c7f51693f,c68512ed45a050d90924c8496f52ead350f6a1df8ce627b7f6cfe4a01fe106f8,a076de0165fe9b11,166.97729433911002,14.29384301554397,d8a45e8bb61bea16,[],7.0,esp_049651_1050,['train'],1.0,Counter({'train': 1}),test,3aa2a227e3baa339,True,hirise_clean,0,C:\Users\deves\OneDrive\Desktop\Projects\TCMD-SS\data\raw\hirise_v3_2\map-proj-v3_2\ESP_049651_1050_RED-0030.jpg,development,clean,0.0,esp_049651_1050_red-0030_clean
map-proj-v3_2/ESP_049651_1050_RED-0030.jpg,ok,,JPEG,227.0,227.0,L,1.0,1.0,normal,spider,train,esp_049651_1050_red-0030,[],0001d033e78f0ea54919e1901291b8ae7a412d34dd6eb0282388395c7f51693f,c68512ed45a050d90924c8496f52ead350f6a1df8ce627b7f6cfe4a01fe106f8,a076de0165fe9b11,166.97729433911002,14.29384301554397,d8a45e8bb61bea16,[],7.0,esp_049651_1050,['train'],1.0,Counter({'train': 1}),test,3aa2a227e3baa339,True,development_corruption,1,C:\Users\deves\OneDrive\Desktop\Projects\TCMD-SS\data\raw\hirise_v3_2\map-proj-v3_2\ESP_049651_1050_RED-0030.jpg,development,stripes,0.15,esp_049651_1050_red-0030_stripes_0.15
map-proj-v3_2/ESP_049651_1050_RED-0030.jpg,ok,,JPEG,227.0,227.0,L,1.0,1.0,normal,spider,train,esp_049651_1050_red-0030,[],0001d033e78f0ea54919e1901291b8ae7a412d34dd6eb0282388395c7f51693f,c68512ed45a050d90924c8496f52ead350f6a1df8ce627b7f6cfe4a01fe106f8,a076de0165fe9b11,166.97729433911002,14.29384301554397,d8a45e8bb61bea16,[],7.0,esp_049651_1050,['train'],1.0,Counter({'train': 1}),test,3aa2a227e3baa339,True,development_corruption,1,C:\Users\deves\OneDrive\Desktop\Projects\TCMD-SS\data\raw\hirise_v3_2\map-proj-v3_2\ESP_049651_1050_RED-0030.jpg,development,stripes,0.3,esp_049651_1050_red-0030_stripes_0.3
map-proj-v3_2/ESP_049651_1050_RED-0030.jpg,ok,,JPEG,227.0,227.0,L,1.0,1.0,normal,spider,train,esp_049651_1050_red-0030,[],0001d033e78f0ea54919e1901291b8ae7a412d34dd6eb0282388395c7f51693f,c68512ed45a050d90924c8496f52ead350f6a1df8ce627b7f6cfe4a01fe106f8,a076de0165fe9b11,166.97729433911002,14.29384301554397,d8a45e8bb61bea16,[],7.0,esp_049651_1050,['train'],1.0,Counter({'train': 1}),test,3aa2a227e3baa339,True,development_corruption,1,C:\Users\deves\OneDrive\Desktop\Projects\TCMD-SS\data\raw\hirise_v3_2\map-proj-v3_2\ESP_049651_1050_RED-0030.jpg,development,stripes,0.5,esp_049651_1050_red-0030_stripes_0.5
map-proj-v3_2/ESP_049651_1050_RED-0030.jpg,ok,,JPEG,227.0,227.0,L,1.0,1.0,normal,spider,train,esp_049651_1050_red-0030,[],0001d033e78f0ea54919e1901291b8ae7a412d34dd6eb0282388395c7f51693f,c68512ed45a050d90924c8496f52ead350f6a1df8ce627b7f6cfe4a01fe106f8,a076de0165fe9b11,166.97729433911002,14.29384301554397,d8a45e8bb61bea16,[],7.0,esp_049651_1050,['train'],1.0,Counter({'train': 1}),test,3aa2a227e3baa339,True,development_corruption,1,C:\Users\deves\OneDrive\Desktop\Projects\TCMD-SS\data\raw\hirise_v3_2\map-proj-v3_2\ESP_049651_1050_RED-0030.jpg,development,dead_pixels,0.15,esp_049651_1050_red-0030_dead_pixels_0.15
map-proj-v3_2/ESP_049651_1050_RED-0030.jpg,ok,,JPEG,227.0,227.0,L,1.0,1.0,normal,spider,train,esp_049651_1050_red-0030,[],0001d033e78f0ea54919e1901291b8ae7a412d34dd6eb0282388395c7f51693f,c68512ed45a050d90924c8496f52ead350f6a1df8ce627b7f6cfe4a01fe106f8,a076de0165fe9b11,166.97729433911002,14.29384301554397,d8a45e8bb61bea16,[],7.0,esp_049651_1050,['train'],1.0,Counter({'train': 1}),test,3aa2a227e3baa339,True,development_corruption,1,C:\Users\deves\OneDrive\Desktop\Projects\TCMD-SS\data\raw\hirise_v3_2\map-proj-v3_2\ESP_049651_1050_RED-0030.jpg,development,dead_pixels,0.3,esp_049651_1050_red-0030_dead_pixels_0.3
map-proj-v3_2/ESP_049651_1050_RED-0030.jpg,ok,,JPEG,227.0,227.0,L,1.0,1.0,normal,spider,train,esp_049651_1050_red-0030,[],0001d033e78f0ea54919e1901291b8ae7a412d34dd6eb0282388395c7f51693f,c68512ed45a050d90924c8496f52ead350f6a1df8ce627b7f6cfe4a01fe106f8,a076de0165fe9b11,166.97729433911002,14.29384301554397,d8a45e8bb61bea16,[],7.0,esp_049651_1050,['train'],1.0,Counter({'train': 1}),test,3aa2a227e3baa339,True,development_corruption,1,C:\Users\deves\OneDrive\Desktop\Projects\TCMD-SS\data\raw\hirise_v3_2\map-proj-v3_2\ESP_049651_1050_RED-0030.jpg,development,dead_pixels,0.5,esp_049651_1050_red-0030_dead_pixels_0.5
map-proj-v3_2/ESP_049651_1050_RED-0030.jpg,ok,,JPEG,227.0,227.0,L,1.0,1.0,normal,spider,train,esp_049651_1050_red-0030,[],0001d033e78f0ea54919e1901291b8ae7a412d34dd6eb0282388395c7f51693f,c68512ed45a050d90924c8496f52ead350f6a1df8ce627b7f6cfe4a01fe106f8,a076de0165fe9b11,166.97729433911002,14.29384301554397,d8a45e8bb61bea16,[],7.0,esp_049651_1050,['train'],1.0,Counter({'train': 1}),test,3aa2a227e3baa339,True,development_corruption,1,C:\Users\deves\OneDrive\Desktop\Projects\TCMD-SS\data\raw\hirise_v3_2\map-proj-v3_2\ESP_049651_1050_RED-0030.jpg,development,missing_patch,0.15,esp_049651_1050_red-0030_missing_patch_0.15
map-proj-v3_2/ESP_049651_1050_RED-0030.jpg,ok,,JPEG,227.0,227.0,L,1.0,1.0,normal,spider,train,esp_049651_1050_red-0030,[],0001d033e78f0ea54919e1901291b8ae7a412d34dd6eb0282388395c7f51693f,c68512ed45a050d90924c8496f52ead350f6a1df8ce627b7f6cfe4a01fe106f8,a076de0165fe9b11,166.97729433911002,14.29384301554397,d8a45e8bb61bea16,[],7.0,esp_049651_1050,['train'],1.0,Counter({'train': 1}),test,3aa2a227e3baa339,True,development_corruption,1,C:\Users\deves\OneDrive\Desktop\Projects\TCMD-SS\data\raw\hirise_v3_2\map-proj-v3_2\ESP_049651_1050_RED-0030.jpg,development,missing_patch,0.3,esp_049651_1050_red-0030_missing_patch_0.3
map-proj-v3_2/ESP_049651_1050_RED-0030.jpg,ok,,JPEG,227.0,227.0,L,1.0,1.0,normal,spider,train,esp_049651_1050_red-0030,[],0001d033e78f0ea54919e1901291b8ae7a412d34dd6eb0282388395c7f51693f,c68512ed45a050d90924c8496f52ead350f6a1df8ce627b7f6cfe4a01fe106f8,a076de0165fe9b11,166.97729433911002,14.29384301554397,d8a45e8bb61bea16,[],7.0,esp_049651_1050,['train'],1.0,Counter({'train': 1}),test,3aa2a227e3baa339,True,development_corruption,1,C:\Users\deves\OneDrive\Desktop\Projects\TCMD-SS\data\raw\hirise_v3_2\map-proj-v3_2\ESP_049651_1050_RED-0030.jpg,development,missing_patch,0.5,esp_049651_1050_red-0030_missing_patch_0.5
map-proj-v3_2/ESP_049651_1050_RED-0030.jpg,ok,,JPEG,227.0,227.0,L,1.0,1.0,normal,spider,train,esp_049651_1050_red-0030,[],0001d033e78f0ea54919e1901291b8ae7a412d34dd6eb0282388395c7f51693f,c68512ed45a050d90924c8496f52ead350f6a1df8ce627b7f6cfe4a01fe106f8,a076de0165fe9b11,166.97729433911002,14.29384301554397,d8a45e8bb61bea16,[],7.0,esp_049651_1050,['train'],1.0,Counter({'train': 1}),test,3aa2a227e3baa339,True,development_corruption,1,C:\Users\deves\OneDrive\Desktop\Projects\TCMD-SS\data\raw\hirise_v3_2\map-proj-v3_2\ESP_049651_1050_RED-0030.jpg,development,local_blur,0.15,esp_049651_1050_red-0030_local_blur_0.15
map-proj-v3_2/ESP_049651_1050_RED-0030.jpg,ok,,JPEG,227.0,227.0,L,1.0,1.0,normal,spider,train,esp_049651_1050_red-0030,[],0001d033e78f0ea54919e1901291b8ae7a412d34dd6eb0282388395c7f51693f,c68512ed45a050d90924c8496f52ead350f6a1df8ce627b7f6cfe4a01fe106f8,a076de0165fe9b11,166.97729433911002,14.29384301554397,d8a45e8bb61bea16,[],7.0,esp_049651_1050,['train'],1.0,Counter({'train': 1}),test,3aa2a227e3baa339,True,development_corruption,1,C:\Users\deves\OneDrive\Desktop\Projects\TCMD-SS\data\raw\hirise_v3_2\map-proj-v3_2\ESP_049651_1050_RED-0030.jpg,development,local_blur,0.3,esp_049651_1050_red-0030_local_blur_0.3
map-proj-v3_2/ESP_049651_1050_RED-0030.jpg,ok,,JPEG,227.0,227.0,L,1.0,1.0,normal,spider,train,esp_049651_1050_red-0030,[],0001d033e78f0ea54919e1901291b8ae7a412d34dd6eb0282388395c7f51693f,c68512ed45a050d90924c8496f52ead350f6a1df8ce627b7f6cfe4a01fe106f8,a076de0165fe9b11,166.97729433911002,14.29384301554397,d8a45e8bb61bea16,[],7.0,esp_049651_1050,['train'],1.0,Counter({'train': 1}),test,3aa2a227e3baa339,True,development_corruption,1,C:\Users\deves\OneDrive\Desktop\Projects\TCMD-SS\data\raw\hirise_v3_2\map-proj-v3_2\ESP_049651_1050_RED-0030.jpg,development,local_blur,0.5,esp_049651_1050_red-0030_local_blur_0.5
map-proj-v3_2/ESP_049651_1050_RED-0030.jpg,ok,,JPEG,227.0,227.0,L,1.0,1.0,normal,spider,train,esp_049651_1050_red-0030,[],0001d033e78f0ea54919e1901291b8ae7a412d34dd6eb0282388395c7f51693f,c68512ed45a050d90924c8496f52ead350f6a1df8ce627b7f6cfe4a01fe106f8,a076de0165fe9b11,166.97729433911002,14.29384301554397,d8a45e8bb61bea16,[],7.0,esp_049651_1050,['train'],1.0,Counter({'train': 1}),test,3aa2a227e3baa339,True,development_corruption,1,C:\Users\deves\OneDrive\Desktop\Projects\TCMD-SS\data\raw\hirise_v3_2\map-proj-v3_2\ESP_049651_1050_RED-0030.jpg,development,patch_duplication,0.15,esp_049651_1050_red-0030_patch_duplication_0.15
map-proj-v3_2/ESP_049651_1050_RED-0030.jpg,ok,,JPEG,227.0,227.0,L,1.0,1.0,normal,spider,train,esp_049651_1050_red-0030,[],0001d033e78f0ea54919e1901291b8ae7a412d34dd6eb0282388395c7f51693f,c68512ed45a050d90924c8496f52ead350f6a1df8ce627b7f6cfe4a01fe106f8,a076de0165fe9b11,166.97729433911002,14.29384301554397,d8a45e8bb61bea16,[],7.0,esp_049651_1050,['train'],1.0,Counter({'train': 1}),test,3aa2a227e3baa339,True,development_corruption,1,C:\Users\deves\OneDrive\Desktop\Projects\TCMD-SS\data\raw\hirise_v3_2\map-proj-v3_2\ESP_049651_1050_RED-0030.jpg,development,patch_duplication,0.3,esp_049651_1050_red-0030_patch_duplication_0.3
map-proj-v3_2/ESP_049651_1050_RED-0030.jpg,ok,,JPEG,227.0,227.0,L,1.0,1.0,normal,spider,train,esp_049651_1050_red-0030,[],0001d033e78f0ea54919e1901291b8ae7a412d34dd6eb0282388395c7f51693f,c68512ed45a050d90924c8496f52ead350f6a1df8ce627b7f6cfe4a01fe106f8,a076de0165fe9b11,166.97729433911002,14.29384301554397,d8a45e8bb61bea16,[],7.0,esp_049651_1050,['train'],1.0,Counter({'train': 1}),test,3aa2a227e3baa339,True,development_corruption,1,C:\Users\deves\OneDrive\Desktop\Projects\TCMD-SS\data\raw\hirise_v3_2\map-proj-v3_2\ESP_049651_1050_RED-0030.jpg,development,patch_duplication,0.5,esp_049651_1050_red-0030_patch_duplication_0.5
map-proj-v3_2/ESP_049651_1050_RED-0030.jpg,ok,,JPEG,227.0,227.0,L,1.0,1.0,normal,spider,train,esp_049651_1050_red-0030,[],0001d033e78f0ea54919e1901291b8ae7a412d34dd6eb0282388395c7f51693f,c68512ed45a050d90924c8496f52ead350f6a1df8ce627b7f6cfe4a01fe106f8,a076de0165fe9b11,166.97729433911002,14.29384301554397,d8a45e8bb61bea16,[],7.0,esp_049651_1050,['train'],1.0,Counter({'train': 1}),test,3aa2a227e3baa339,True,development_corruption,1,C:\Users\deves\OneDrive\Desktop\Projects\TCMD-SS\data\raw\hirise_v3_2\map-proj-v3_2\ESP_049651_1050_RED-0030.jpg,development,foreign_content,0.15,esp_049651_1050_red-0030_foreign_content_0.15
map-proj-v3_2/ESP_049651_1050_RED-0030.jpg,ok,,JPEG,227.0,227.0,L,1.0,1.0,normal,spider,train,esp_049651_1050_red-0030,[],0001d033e78f0ea54919e1901291b8ae7a412d34dd6eb0282388395c7f51693f,c68512ed45a050d90924c8496f52ead350f6a1df8ce627b7f6cfe4a01fe106f8,a076de0165fe9b11,166.97729433911002,14.29384301554397,d8a45e8bb61bea16,[],7.0,esp_049651_1050,['train'],1.0,Counter({'train': 1}),test,3aa2a227e3baa339,True,development_corruption,1,C:\Users\deves\OneDrive\Desktop\Projects\TCMD-SS\data\raw\hirise_v3_2\map-proj-v3_2\ESP_049651_1050_RED-0030.jpg,development,foreign_content,0.3,esp_049651_1050_red-0030_foreign_content_0.3
map-proj-v3_2/ESP_049651_1050_RED-0030.jpg,ok,,JPEG,227.0,227.0,L,1.0,1.0,normal,spider,train,esp_049651_1050_red-0030,[],0001d033e78f0ea54919e1901291b8ae7a412d34dd6eb0282388395c7f51693f,c68512ed45a050d90924c8496f52ead350f6a1df8ce627b7f6cfe4a01fe106f8,a076de0165fe9b11,166.97729433911002,14.29384301554397,d8a45e8bb61bea16,[],7.0,esp_049651_1050,['train'],1.0,Counter({'train': 1}),test,3aa2a227e3baa339,True,development_corruption,1,C:\Users\deves\OneDrive\Desktop\Projects\TCMD-SS\data\raw\hirise_v3_2\map-proj-v3_2\ESP_049651_1050_RED-0030.jpg,development,foreign_content,0.5,esp_049651_1050_red-0030_foreign_content_0.5
