variant,base_id,source_id,case_id,family,severity,is_anomaly,score,threshold
pixel_mean,esp_020133_1720_red-0022,esp_020133_1720,esp_020133_1720_red-0022_clean,clean,0.0,0,-0.06580593436956406,1.7241846323013306
pixel_mean,esp_020133_1720_red-0022,esp_020133_1720,esp_020133_1720_red-0022_stripes_0.15,stripes,0.15,1,-0.11998225748538971,1.7241846323013306
pixel_mean,esp_020133_1720_red-0022,esp_020133_1720,esp_020133_1720_red-0022_stripes_0.3,stripes,0.3,1,-0.12043353170156479,1.7241846323013306
pixel_mean,esp_020133_1720_red-0022,esp_020133_1720,esp_020133_1720_red-0022_stripes_0.5,stripes,0.5,1,-0.10376095771789551,1.7241846323013306
pixel_mean,esp_020133_1720_red-0022,esp_020133_1720,esp_020133_1720_red-0022_dead_pixels_0.15,dead_pixels,0.15,1,0.7677276730537415,1.7241846323013306
pixel_mean,esp_020133_1720_red-0022,esp_020133_1720,esp_020133_1720_red-0022_dead_pixels_0.3,dead_pixels,0.3,1,1.1806858777999878,1.7241846323013306
pixel_mean,esp_020133_1720_red-0022,esp_020133_1720,esp_020133_1720_red-0022_dead_pixels_0.5,dead_pixels,0.5,1,1.4801677465438843,1.7241846323013306
pixel_mean,esp_020133_1720_red-0022,esp_020133_1720,esp_020133_1720_red-0022_missing_patch_0.15,missing_patch,0.15,1,0.3526948392391205,1.7241846323013306
pixel_mean,esp_020133_1720_red-0022,esp_020133_1720,esp_020133_1720_red-0022_missing_patch_0.3,missing_patch,0.3,1,1.6682838201522827,1.7241846323013306
pixel_mean,esp_020133_1720_red-0022,esp_020133_1720,esp_020133_1720_red-0022_missing_patch_0.5,missing_patch,0.5,1,1.4516358375549316,1.7241846323013306
pixel_mean,esp_020133_1720_red-0022,esp_020133_1720,esp_020133_1720_red-0022_local_blur_0.15,local_blur,0.15,1,-0.09049466997385025,1.7241846323013306
pixel_mean,esp_020133_1720_red-0022,esp_020133_1720,esp_020133_1720_red-0022_local_blur_0.3,local_blur,0.3,1,-0.14706595242023468,1.7241846323013306
pixel_mean,esp_020133_1720_red-0022,esp_020133_1720,esp_020133_1720_red-0022_local_blur_0.5,local_blur,0.5,1,-0.24763761460781097,1.7241846323013306
pixel_mean,esp_020133_1720_red-0022,esp_020133_1720,esp_020133_1720_red-0022_patch_duplication_0.15,patch_duplication,0.15,1,-0.053079742938280106,1.7241846323013306
pixel_mean,esp_020133_1720_red-0022,esp_020133_1720,esp_020133_1720_red-0022_patch_duplication_0.3,patch_duplication,0.3,1,-0.03386765345931053,1.7241846323013306
pixel_mean,esp_020133_1720_red-0022,esp_020133_1720,esp_020133_1720_red-0022_patch_duplication_0.5,patch_duplication,0.5,1,-0.047367025166749954,1.7241846323013306
pixel_mean,esp_020133_1720_red-0022,esp_020133_1720,esp_020133_1720_red-0022_foreign_content_0.15,foreign_content,0.15,1,-0.07127602398395538,1.7241846323013306
pixel_mean,esp_020133_1720_red-0022,esp_020133_1720,esp_020133_1720_red-0022_foreign_content_0.3,foreign_content,0.3,1,0.10836993902921677,1.7241846323013306
pixel_mean,esp_020133_1720_red-0022,esp_020133_1720,esp_020133_1720_red-0022_foreign_content_0.5,foreign_content,0.5,1,0.6685380935668945,1.7241846323013306
pixel_mean,psp_006766_1850_red-0037,psp_006766_1850,psp_006766_1850_red-0037_clean,clean,0.0,0,1.0718092918395996,1.7241846323013306
pixel_mean,psp_006766_1850_red-0037,psp_006766_1850,psp_006766_1850_red-0037_stripes_0.15,stripes,0.15,1,1.0179452896118164,1.7241846323013306
pixel_mean,psp_006766_1850_red-0037,psp_006766_1850,psp_006766_1850_red-0037_stripes_0.3,stripes,0.3,1,0.994888186454773,1.7241846323013306
pixel_mean,psp_006766_1850_red-0037,psp_006766_1850,psp_006766_1850_red-0037_stripes_0.5,stripes,0.5,1,1.004639983177185,1.7241846323013306
pixel_mean,psp_006766_1850_red-0037,psp_006766_1850,psp_006766_1850_red-0037_dead_pixels_0.15,dead_pixels,0.15,1,1.3230963945388794,1.7241846323013306
pixel_mean,psp_006766_1850_red-0037,psp_006766_1850,psp_006766_1850_red-0037_dead_pixels_0.3,dead_pixels,0.3,1,1.4380255937576294,1.7241846323013306
pixel_mean,psp_006766_1850_red-0037,psp_006766_1850,psp_006766_1850_red-0037_dead_pixels_0.5,dead_pixels,0.5,1,1.660081148147583,1.7241846323013306
pixel_mean,psp_006766_1850_red-0037,psp_006766_1850,psp_006766_1850_red-0037_missing_patch_0.15,missing_patch,0.15,1,1.0772614479064941,1.7241846323013306
pixel_mean,psp_006766_1850_red-0037,psp_006766_1850,psp_006766_1850_red-0037_missing_patch_0.3,missing_patch,0.3,1,1.089670181274414,1.7241846323013306
pixel_mean,psp_006766_1850_red-0037,psp_006766_1850,psp_006766_1850_red-0037_missing_patch_0.5,missing_patch,0.5,1,1.1431496143341064,1.7241846323013306
pixel_mean,psp_006766_1850_red-0037,psp_006766_1850,psp_006766_1850_red-0037_local_blur_0.15,local_blur,0.15,1,1.071805715560913,1.7241846323013306
pixel_mean,psp_006766_1850_red-0037,psp_006766_1850,psp_006766_1850_red-0037_local_blur_0.3,local_blur,0.3,1,1.0706852674484253,1.7241846323013306
pixel_mean,psp_006766_1850_red-0037,psp_006766_1850,psp_006766_1850_red-0037_local_blur_0.5,local_blur,0.5,1,1.0628118515014648,1.7241846323013306
pixel_mean,psp_006766_1850_red-0037,psp_006766_1850,psp_006766_1850_red-0037_patch_duplication_0.15,patch_duplication,0.15,1,1.0513908863067627,1.7241846323013306
pixel_mean,psp_006766_1850_red-0037,psp_006766_1850,psp_006766_1850_red-0037_patch_duplication_0.3,patch_duplication,0.3,1,0.971034049987793,1.7241846323013306
pixel_mean,psp_006766_1850_red-0037,psp_006766_1850,psp_006766_1850_red-0037_patch_duplication_0.5,patch_duplication,0.5,1,1.134663462638855,1.7241846323013306
pixel_mean,psp_006766_1850_red-0037,psp_006766_1850,psp_006766_1850_red-0037_foreign_content_0.15,foreign_content,0.15,1,1.0756349563598633,1.7241846323013306
pixel_mean,psp_006766_1850_red-0037,psp_006766_1850,psp_006766_1850_red-0037_foreign_content_0.3,foreign_content,0.3,1,1.0921516418457031,1.7241846323013306
pixel_mean,psp_006766_1850_red-0037,psp_006766_1850,psp_006766_1850_red-0037_foreign_content_0.5,foreign_content,0.5,1,1.232365608215332,1.7241846323013306
pixel_mean,esp_019559_1390_red-0576,esp_019559_1390,esp_019559_1390_red-0576_clean,clean,0.0,0,-0.2417430728673935,1.7241846323013306
pixel_mean,esp_019559_1390_red-0576,esp_019559_1390,esp_019559_1390_red-0576_stripes_0.15,stripes,0.15,1,-0.24363698065280914,1.7241846323013306
pixel_mean,esp_019559_1390_red-0576,esp_019559_1390,esp_019559_1390_red-0576_stripes_0.3,stripes,0.3,1,-0.24824029207229614,1.7241846323013306
pixel_mean,esp_019559_1390_red-0576,esp_019559_1390,esp_019559_1390_red-0576_stripes_0.5,stripes,0.5,1,-0.23266460001468658,1.7241846323013306
pixel_mean,esp_019559_1390_red-0576,esp_019559_1390,esp_019559_1390_red-0576_dead_pixels_0.15,dead_pixels,0.15,1,0.8491802215576172,1.7241846323013306
pixel_mean,esp_019559_1390_red-0576,esp_019559_1390,esp_019559_1390_red-0576_dead_pixels_0.3,dead_pixels,0.3,1,1.1543879508972168,1.7241846323013306
pixel_mean,esp_019559_1390_red-0576,esp_019559_1390,esp_019559_1390_red-0576_dead_pixels_0.5,dead_pixels,0.5,1,1.151627779006958,1.7241846323013306
pixel_mean,esp_019559_1390_red-0576,esp_019559_1390,esp_019559_1390_red-0576_missing_patch_0.15,missing_patch,0.15,1,0.9803295135498047,1.7241846323013306
pixel_mean,esp_019559_1390_red-0576,esp_019559_1390,esp_019559_1390_red-0576_missing_patch_0.3,missing_patch,0.3,1,0.988849401473999,1.7241846323013306
pixel_mean,esp_019559_1390_red-0576,esp_019559_1390,esp_019559_1390_red-0576_missing_patch_0.5,missing_patch,0.5,1,0.6444970965385437,1.7241846323013306
pixel_mean,esp_019559_1390_red-0576,esp_019559_1390,esp_019559_1390_red-0576_local_blur_0.15,local_blur,0.15,1,-0.2411123663187027,1.7241846323013306
pixel_mean,esp_019559_1390_red-0576,esp_019559_1390,esp_019559_1390_red-0576_local_blur_0.3,local_blur,0.3,1,-0.24149896204471588,1.7241846323013306
pixel_mean,esp_019559_1390_red-0576,esp_019559_1390,esp_019559_1390_red-0576_local_blur_0.5,local_blur,0.5,1,-0.28721916675567627,1.7241846323013306
pixel_mean,esp_019559_1390_red-0576,esp_019559_1390,esp_019559_1390_red-0576_patch_duplication_0.15,patch_duplication,0.15,1,-0.24229538440704346,1.7241846323013306
pixel_mean,esp_019559_1390_red-0576,esp_019559_1390,esp_019559_1390_red-0576_patch_duplication_0.3,patch_duplication,0.3,1,-0.6907785534858704,1.7241846323013306
pixel_mean,esp_019559_1390_red-0576,esp_019559_1390,esp_019559_1390_red-0576_patch_duplication_0.5,patch_duplication,0.5,1,-0.733677864074707,1.7241846323013306
pixel_mean,esp_019559_1390_red-0576,esp_019559_1390,esp_019559_1390_red-0576_foreign_content_0.15,foreign_content,0.15,1,-0.19405652582645416,1.7241846323013306
pixel_mean,esp_019559_1390_red-0576,esp_019559_1390,esp_019559_1390_red-0576_foreign_content_0.3,foreign_content,0.3,1,-0.035826537758111954,1.7241846323013306
pixel_mean,esp_019559_1390_red-0576,esp_019559_1390,esp_019559_1390_red-0576_foreign_content_0.5,foreign_content,0.5,1,0.38268497586250305,1.7241846323013306
pixel_mean,esp_016781_2055_red-0188,esp_016781_2055,esp_016781_2055_red-0188_clean,clean,0.0,0,0.42690324783325195,1.7241846323013306
pixel_mean,esp_016781_2055_red-0188,esp_016781_2055,esp_016781_2055_red-0188_stripes_0.15,stripes,0.15,1,0.36407795548439026,1.7241846323013306
pixel_mean,esp_016781_2055_red-0188,esp_016781_2055,esp_016781_2055_red-0188_stripes_0.3,stripes,0.3,1,0.3538534343242645,1.7241846323013306
pixel_mean,esp_016781_2055_red-0188,esp_016781_2055,esp_016781_2055_red-0188_stripes_0.5,stripes,0.5,1,0.413713276386261,1.7241846323013306
pixel_mean,esp_016781_2055_red-0188,esp_016781_2055,esp_016781_2055_red-0188_dead_pixels_0.15,dead_pixels,0.15,1,1.112783670425415,1.7241846323013306
pixel_mean,esp_016781_2055_red-0188,esp_016781_2055,esp_016781_2055_red-0188_dead_pixels_0.3,dead_pixels,0.3,1,1.5248793363571167,1.7241846323013306
pixel_mean,esp_016781_2055_red-0188,esp_016781_2055,esp_016781_2055_red-0188_dead_pixels_0.5,dead_pixels,0.5,1,2.010040521621704,1.7241846323013306
pixel_mean,esp_016781_2055_red-0188,esp_016781_2055,esp_016781_2055_red-0188_missing_patch_0.15,missing_patch,0.15,1,0.4306854009628296,1.7241846323013306
pixel_mean,esp_016781_2055_red-0188,esp_016781_2055,esp_016781_2055_red-0188_missing_patch_0.3,missing_patch,0.3,1,0.6785554885864258,1.7241846323013306
pixel_mean,esp_016781_2055_red-0188,esp_016781_2055,esp_016781_2055_red-0188_missing_patch_0.5,missing_patch,0.5,1,1.1015162467956543,1.7241846323013306
pixel_mean,esp_016781_2055_red-0188,esp_016781_2055,esp_016781_2055_red-0188_local_blur_0.15,local_blur,0.15,1,0.4262308180332184,1.7241846323013306
pixel_mean,esp_016781_2055_red-0188,esp_016781_2055,esp_016781_2055_red-0188_local_blur_0.3,local_blur,0.3,1,0.4262114465236664,1.7241846323013306
pixel_mean,esp_016781_2055_red-0188,esp_016781_2055,esp_016781_2055_red-0188_local_blur_0.5,local_blur,0.5,1,0.4242403209209442,1.7241846323013306
pixel_mean,esp_016781_2055_red-0188,esp_016781_2055,esp_016781_2055_red-0188_patch_duplication_0.15,patch_duplication,0.15,1,0.4040359854698181,1.7241846323013306
pixel_mean,esp_016781_2055_red-0188,esp_016781_2055,esp_016781_2055_red-0188_patch_duplication_0.3,patch_duplication,0.3,1,0.38412612676620483,1.7241846323013306
pixel_mean,esp_016781_2055_red-0188,esp_016781_2055,esp_016781_2055_red-0188_patch_duplication_0.5,patch_duplication,0.5,1,0.4114202558994293,1.7241846323013306
pixel_mean,esp_016781_2055_red-0188,esp_016781_2055,esp_016781_2055_red-0188_foreign_content_0.15,foreign_content,0.15,1,0.4430544972419739,1.7241846323013306
pixel_mean,esp_016781_2055_red-0188,esp_016781_2055,esp_016781_2055_red-0188_foreign_content_0.3,foreign_content,0.3,1,0.477491170167923,1.7241846323013306
pixel_mean,esp_016781_2055_red-0188,esp_016781_2055,esp_016781_2055_red-0188_foreign_content_0.5,foreign_content,0.5,1,0.9397240877151489,1.7241846323013306
pixel_mean,esp_016613_2570_red-0034,esp_016613_2570,esp_016613_2570_red-0034_clean,clean,0.0,0,2.2029716968536377,1.7241846323013306
pixel_mean,esp_016613_2570_red-0034,esp_016613_2570,esp_016613_2570_red-0034_stripes_0.15,stripes,0.15,1,2.211712598800659,1.7241846323013306
pixel_mean,esp_016613_2570_red-0034,esp_016613_2570,esp_016613_2570_red-0034_stripes_0.3,stripes,0.3,1,2.2459895610809326,1.7241846323013306
pixel_mean,esp_016613_2570_red-0034,esp_016613_2570,esp_016613_2570_red-0034_stripes_0.5,stripes,0.5,1,2.2541375160217285,1.7241846323013306
pixel_mean,esp_016613_2570_red-0034,esp_016613_2570,esp_016613_2570_red-0034_dead_pixels_0.15,dead_pixels,0.15,1,2.425055742263794,1.7241846323013306
pixel_mean,esp_016613_2570_red-0034,esp_016613_2570,esp_016613_2570_red-0034_dead_pixels_0.3,dead_pixels,0.3,1,2.690944194793701,1.7241846323013306
pixel_mean,esp_016613_2570_red-0034,esp_016613_2570,esp_016613_2570_red-0034_dead_pixels_0.5,dead_pixels,0.5,1,2.8633439540863037,1.7241846323013306
pixel_mean,esp_016613_2570_red-0034,esp_016613_2570,esp_016613_2570_red-0034_missing_patch_0.15,missing_patch,0.15,1,2.1890485286712646,1.7241846323013306
pixel_mean,esp_016613_2570_red-0034,esp_016613_2570,esp_016613_2570_red-0034_missing_patch_0.3,missing_patch,0.3,1,2.0896246433258057,1.7241846323013306
pixel_mean,esp_016613_2570_red-0034,esp_016613_2570,esp_016613_2570_red-0034_missing_patch_0.5,missing_patch,0.5,1,2.6008987426757812,1.7241846323013306
pixel_mean,esp_016613_2570_red-0034,esp_016613_2570,esp_016613_2570_red-0034_local_blur_0.15,local_blur,0.15,1,2.1959187984466553,1.7241846323013306
pixel_mean,esp_016613_2570_red-0034,esp_016613_2570,esp_016613_2570_red-0034_local_blur_0.3,local_blur,0.3,1,2.17814040184021,1.7241846323013306
pixel_mean,esp_016613_2570_red-0034,esp_016613_2570,esp_016613_2570_red-0034_local_blur_0.5,local_blur,0.5,1,2.1760544776916504,1.7241846323013306
pixel_mean,esp_016613_2570_red-0034,esp_016613_2570,esp_016613_2570_red-0034_patch_duplication_0.15,patch_duplication,0.15,1,2.220019817352295,1.7241846323013306
pixel_mean,esp_016613_2570_red-0034,esp_016613_2570,esp_016613_2570_red-0034_patch_duplication_0.3,patch_duplication,0.3,1,2.22392201423645,1.7241846323013306
pixel_mean,esp_016613_2570_red-0034,esp_016613_2570,esp_016613_2570_red-0034_patch_duplication_0.5,patch_duplication,0.5,1,2.2471859455108643,1.7241846323013306
pixel_mean,esp_016613_2570_red-0034,esp_016613_2570,esp_016613_2570_red-0034_foreign_content_0.15,foreign_content,0.15,1,2.1887521743774414,1.7241846323013306
pixel_mean,esp_016613_2570_red-0034,esp_016613_2570,esp_016613_2570_red-0034_foreign_content_0.3,foreign_content,0.3,1,2.219618558883667,1.7241846323013306
pixel_mean,esp_016613_2570_red-0034,esp_016613_2570,esp_016613_2570_red-0034_foreign_content_0.5,foreign_content,0.5,1,2.166368007659912,1.7241846323013306
pixel_mean,esp_017395_1700_red-0007,esp_017395_1700,esp_017395_1700_red-0007_clean,clean,0.0,0,-0.8077184557914734,1.7241846323013306
pixel_mean,esp_017395_1700_red-0007,esp_017395_1700,esp_017395_1700_red-0007_stripes_0.15,stripes,0.15,1,-0.8003363013267517,1.7241846323013306
pixel_mean,esp_017395_1700_red-0007,esp_017395_1700,esp_017395_1700_red-0007_stripes_0.3,stripes,0.3,1,-0.7256739139556885,1.7241846323013306
pixel_mean,esp_017395_1700_red-0007,esp_017395_1700,esp_017395_1700_red-0007_stripes_0.5,stripes,0.5,1,-0.5778809785842896,1.7241846323013306
pixel_mean,esp_017395_1700_red-0007,esp_017395_1700,esp_017395_1700_red-0007_dead_pixels_0.15,dead_pixels,0.15,1,1.1758888959884644,1.7241846323013306
pixel_mean,esp_017395_1700_red-0007,esp_017395_1700,esp_017395_1700_red-0007_dead_pixels_0.3,dead_pixels,0.3,1,1.6374847888946533,1.7241846323013306
pixel_mean,esp_017395_1700_red-0007,esp_017395_1700,esp_017395_1700_red-0007_dead_pixels_0.5,dead_pixels,0.5,1,1.9826006889343262,1.7241846323013306
pixel_mean,esp_017395_1700_red-0007,esp_017395_1700,esp_017395_1700_red-0007_missing_patch_0.15,missing_patch,0.15,1,0.7219851016998291,1.7241846323013306
pixel_mean,esp_017395_1700_red-0007,esp_017395_1700,esp_017395_1700_red-0007_missing_patch_0.3,missing_patch,0.3,1,0.06955172121524811,1.7241846323013306
pixel_mean,esp_017395_1700_red-0007,esp_017395_1700,esp_017395_1700_red-0007_missing_patch_0.5,missing_patch,0.5,1,0.07890500128269196,1.7241846323013306
pixel_mean,esp_017395_1700_red-0007,esp_017395_1700,esp_017395_1700_red-0007_local_blur_0.15,local_blur,0.15,1,-0.8078847527503967,1.7241846323013306
pixel_mean,esp_017395_1700_red-0007,esp_017395_1700,esp_017395_1700_red-0007_local_blur_0.3,local_blur,0.3,1,-0.8063533306121826,1.7241846323013306
pixel_mean,esp_017395_1700_red-0007,esp_017395_1700,esp_017395_1700_red-0007_local_blur_0.5,local_blur,0.5,1,-0.809120237827301,1.7241846323013306
pixel_mean,esp_017395_1700_red-0007,esp_017395_1700,esp_017395_1700_red-0007_patch_duplication_0.15,patch_duplication,0.15,1,-0.8058385848999023,1.7241846323013306
pixel_mean,esp_017395_1700_red-0007,esp_017395_1700,esp_017395_1700_red-0007_patch_duplication_0.3,patch_duplication,0.3,1,-0.8051342368125916,1.7241846323013306
pixel_mean,esp_017395_1700_red-0007,esp_017395_1700,esp_017395_1700_red-0007_patch_duplication_0.5,patch_duplication,0.5,1,-0.764153242111206,1.7241846323013306
pixel_mean,esp_017395_1700_red-0007,esp_017395_1700,esp_017395_1700_red-0007_foreign_content_0.15,foreign_content,0.15,1,-0.8010629415512085,1.7241846323013306
pixel_mean,esp_017395_1700_red-0007,esp_017395_1700,esp_017395_1700_red-0007_foreign_content_0.3,foreign_content,0.3,1,-0.6458601355552673,1.7241846323013306
pixel_mean,esp_017395_1700_red-0007,esp_017395_1700,esp_017395_1700_red-0007_foreign_content_0.5,foreign_content,0.5,1,0.004585732705891132,1.7241846323013306
pixel_mean,esp_012057_0950_red-0111,esp_012057_0950,esp_012057_0950_red-0111_clean,clean,0.0,0,-0.8759551048278809,1.7241846323013306
pixel_mean,esp_012057_0950_red-0111,esp_012057_0950,esp_012057_0950_red-0111_stripes_0.15,stripes,0.15,1,-0.8560911417007446,1.7241846323013306
pixel_mean,esp_012057_0950_red-0111,esp_012057_0950,esp_012057_0950_red-0111_stripes_0.3,stripes,0.3,1,-0.7701571583747864,1.7241846323013306
pixel_mean,esp_012057_0950_red-0111,esp_012057_0950,esp_012057_0950_red-0111_stripes_0.5,stripes,0.5,1,-0.5687447190284729,1.7241846323013306
pixel_mean,esp_012057_0950_red-0111,esp_012057_0950,esp_012057_0950_red-0111_dead_pixels_0.15,dead_pixels,0.15,1,0.923926591873169,1.7241846323013306
pixel_mean,esp_012057_0950_red-0111,esp_012057_0950,esp_012057_0950_red-0111_dead_pixels_0.3,dead_pixels,0.3,1,1.043046236038208,1.7241846323013306
pixel_mean,esp_012057_0950_red-0111,esp_012057_0950,esp_012057_0950_red-0111_dead_pixels_0.5,dead_pixels,0.5,1,1.2669870853424072,1.7241846323013306
pixel_mean,esp_012057_0950_red-0111,esp_012057_0950,esp_012057_0950_red-0111_missing_patch_0.15,missing_patch,0.15,1,0.07101909071207047,1.7241846323013306
pixel_mean,esp_012057_0950_red-0111,esp_012057_0950,esp_012057_0950_red-0111_missing_patch_0.3,missing_patch,0.3,1,0.5143060684204102,1.7241846323013306
pixel_mean,esp_012057_0950_red-0111,esp_012057_0950,esp_012057_0950_red-0111_missing_patch_0.5,missing_patch,0.5,1,-0.030503394082188606,1.7241846323013306
pixel_mean,esp_012057_0950_red-0111,esp_012057_0950,esp_012057_0950_red-0111_local_blur_0.15,local_blur,0.15,1,-0.8761548399925232,1.7241846323013306
pixel_mean,esp_012057_0950_red-0111,esp_012057_0950,esp_012057_0950_red-0111_local_blur_0.3,local_blur,0.3,1,-0.8764719367027283,1.7241846323013306
pixel_mean,esp_012057_0950_red-0111,esp_012057_0950,esp_012057_0950_red-0111_local_blur_0.5,local_blur,0.5,1,-0.8768555521965027,1.7241846323013306
pixel_mean,esp_012057_0950_red-0111,esp_012057_0950,esp_012057_0950_red-0111_patch_duplication_0.15,patch_duplication,0.15,1,-0.838470458984375,1.7241846323013306
pixel_mean,esp_012057_0950_red-0111,esp_012057_0950,esp_012057_0950_red-0111_patch_duplication_0.3,patch_duplication,0.3,1,-0.8460541367530823,1.7241846323013306
pixel_mean,esp_012057_0950_red-0111,esp_012057_0950,esp_012057_0950_red-0111_patch_duplication_0.5,patch_duplication,0.5,1,-0.852465808391571,1.7241846323013306
pixel_mean,esp_012057_0950_red-0111,esp_012057_0950,esp_012057_0950_red-0111_foreign_content_0.15,foreign_content,0.15,1,-0.8427223563194275,1.7241846323013306
pixel_mean,esp_012057_0950_red-0111,esp_012057_0950,esp_012057_0950_red-0111_foreign_content_0.3,foreign_content,0.3,1,-0.6798851490020752,1.7241846323013306
pixel_mean,esp_012057_0950_red-0111,esp_012057_0950,esp_012057_0950_red-0111_foreign_content_0.5,foreign_content,0.5,1,-0.08941448479890823,1.7241846323013306
pixel_mean,esp_049651_1050_red-0070,esp_049651_1050,esp_049651_1050_red-0070_clean,clean,0.0,0,-0.44824233651161194,1.7241846323013306
pixel_mean,esp_049651_1050_red-0070,esp_049651_1050,esp_049651_1050_red-0070_stripes_0.15,stripes,0.15,1,-0.39075538516044617,1.7241846323013306
pixel_mean,esp_049651_1050_red-0070,esp_049651_1050,esp_049651_1050_red-0070_stripes_0.3,stripes,0.3,1,-0.2753913402557373,1.7241846323013306
pixel_mean,esp_049651_1050_red-0070,esp_049651_1050,esp_049651_1050_red-0070_stripes_0.5,stripes,0.5,1,-0.0367809422314167,1.7241846323013306
pixel_mean,esp_049651_1050_red-0070,esp_049651_1050,esp_049651_1050_red-0070_dead_pixels_0.15,dead_pixels,0.15,1,0.47403478622436523,1.7241846323013306
pixel_mean,esp_049651_1050_red-0070,esp_049651_1050,esp_049651_1050_red-0070_dead_pixels_0.3,dead_pixels,0.3,1,0.8127158284187317,1.7241846323013306
pixel_mean,esp_049651_1050_red-0070,esp_049651_1050,esp_049651_1050_red-0070_dead_pixels_0.5,dead_pixels,0.5,1,1.0882121324539185,1.7241846323013306
pixel_mean,esp_049651_1050_red-0070,esp_049651_1050,esp_049651_1050_red-0070_missing_patch_0.15,missing_patch,0.15,1,0.6182879209518433,1.7241846323013306
pixel_mean,esp_049651_1050_red-0070,esp_049651_1050,esp_049651_1050_red-0070_missing_patch_0.3,missing_patch,0.3,1,0.556164562702179,1.7241846323013306
pixel_mean,esp_049651_1050_red-0070,esp_049651_1050,esp_049651_1050_red-0070_missing_patch_0.5,missing_patch,0.5,1,1.5208595991134644,1.7241846323013306
pixel_mean,esp_049651_1050_red-0070,esp_049651_1050,esp_049651_1050_red-0070_local_blur_0.15,local_blur,0.15,1,-0.49936407804489136,1.7241846323013306
pixel_mean,esp_049651_1050_red-0070,esp_049651_1050,esp_049651_1050_red-0070_local_blur_0.3,local_blur,0.3,1,-0.5133850574493408,1.7241846323013306
pixel_mean,esp_049651_1050_red-0070,esp_049651_1050,esp_049651_1050_red-0070_local_blur_0.5,local_blur,0.5,1,-0.5410428047180176,1.7241846323013306
pixel_mean,esp_049651_1050_red-0070,esp_049651_1050,esp_049651_1050_red-0070_patch_duplication_0.15,patch_duplication,0.15,1,-0.4527636766433716,1.7241846323013306
pixel_mean,esp_049651_1050_red-0070,esp_049651_1050,esp_049651_1050_red-0070_patch_duplication_0.3,patch_duplication,0.3,1,-0.45692646503448486,1.7241846323013306
pixel_mean,esp_049651_1050_red-0070,esp_049651_1050,esp_049651_1050_red-0070_patch_duplication_0.5,patch_duplication,0.5,1,-0.4064151346683502,1.7241846323013306
pixel_mean,esp_049651_1050_red-0070,esp_049651_1050,esp_049651_1050_red-0070_foreign_content_0.15,foreign_content,0.15,1,-0.43296051025390625,1.7241846323013306
pixel_mean,esp_049651_1050_red-0070,esp_049651_1050,esp_049651_1050_red-0070_foreign_content_0.3,foreign_content,0.3,1,-0.32239025831222534,1.7241846323013306
pixel_mean,esp_049651_1050_red-0070,esp_049651_1050,esp_049651_1050_red-0070_foreign_content_0.5,foreign_content,0.5,1,0.2414998561143875,1.7241846323013306
pixel_mean,psp_006766_1850_red-0101,psp_006766_1850,psp_006766_1850_red-0101_clean,clean,0.0,0,-0.9715854525566101,1.7241846323013306
pixel_mean,psp_006766_1850_red-0101,psp_006766_1850,psp_006766_1850_red-0101_stripes_0.15,stripes,0.15,1,-0.904821515083313,1.7241846323013306
pixel_mean,psp_006766_1850_red-0101,psp_006766_1850,psp_006766_1850_red-0101_stripes_0.3,stripes,0.3,1,-0.7309979796409607,1.7241846323013306
pixel_mean,psp_006766_1850_red-0101,psp_006766_1850,psp_006766_1850_red-0101_stripes_0.5,stripes,0.5,1,-0.47548726201057434,1.7241846323013306
pixel_mean,psp_006766_1850_red-0101,psp_006766_1850,psp_006766_1850_red-0101_dead_pixels_0.15,dead_pixels,0.15,1,0.28981712460517883,1.7241846323013306
pixel_mean,psp_006766_1850_red-0101,psp_006766_1850,psp_006766_1850_red-0101_dead_pixels_0.3,dead_pixels,0.3,1,0.9525757431983948,1.7241846323013306
pixel_mean,psp_006766_1850_red-0101,psp_006766_1850,psp_006766_1850_red-0101_dead_pixels_0.5,dead_pixels,0.5,1,1.2507187128067017,1.7241846323013306
pixel_mean,psp_006766_1850_red-0101,psp_006766_1850,psp_006766_1850_red-0101_missing_patch_0.15,missing_patch,0.15,1,-0.4442041516304016,1.7241846323013306
pixel_mean,psp_006766_1850_red-0101,psp_006766_1850,psp_006766_1850_red-0101_missing_patch_0.3,missing_patch,0.3,1,0.0466001033782959,1.7241846323013306
pixel_mean,psp_006766_1850_red-0101,psp_006766_1850,psp_006766_1850_red-0101_missing_patch_0.5,missing_patch,0.5,1,0.0642777532339096,1.7241846323013306
pixel_mean,psp_006766_1850_red-0101,psp_006766_1850,psp_006766_1850_red-0101_local_blur_0.15,local_blur,0.15,1,-1.0327109098434448,1.7241846323013306
pixel_mean,psp_006766_1850_red-0101,psp_006766_1850,psp_006766_1850_red-0101_local_blur_0.3,local_blur,0.3,1,-1.034302830696106,1.7241846323013306
pixel_mean,psp_006766_1850_red-0101,psp_006766_1850,psp_006766_1850_red-0101_local_blur_0.5,local_blur,0.5,1,-1.0392972230911255,1.7241846323013306
pixel_mean,psp_006766_1850_red-0101,psp_006766_1850,psp_006766_1850_red-0101_patch_duplication_0.15,patch_duplication,0.15,1,-0.9705711603164673,1.7241846323013306
pixel_mean,psp_006766_1850_red-0101,psp_006766_1850,psp_006766_1850_red-0101_patch_duplication_0.3,patch_duplication,0.3,1,-0.9696274399757385,1.7241846323013306
pixel_mean,psp_006766_1850_red-0101,psp_006766_1850,psp_006766_1850_red-0101_patch_duplication_0.5,patch_duplication,0.5,1,-0.9678584337234497,1.7241846323013306
pixel_mean,psp_006766_1850_red-0101,psp_006766_1850,psp_006766_1850_red-0101_foreign_content_0.15,foreign_content,0.15,1,-0.9701875448226929,1.7241846323013306
pixel_mean,psp_006766_1850_red-0101,psp_006766_1850,psp_006766_1850_red-0101_foreign_content_0.3,foreign_content,0.3,1,-0.6906560659408569,1.7241846323013306
pixel_mean,psp_006766_1850_red-0101,psp_006766_1850,psp_006766_1850_red-0101_foreign_content_0.5,foreign_content,0.5,1,0.07945821434259415,1.7241846323013306
pixel_mean,esp_016148_2040_red-0097,esp_016148_2040,esp_016148_2040_red-0097_clean,clean,0.0,0,-0.11384628713130951,1.7241846323013306
pixel_mean,esp_016148_2040_red-0097,esp_016148_2040,esp_016148_2040_red-0097_stripes_0.15,stripes,0.15,1,-0.0908958688378334,1.7241846323013306
pixel_mean,esp_016148_2040_red-0097,esp_016148_2040,esp_016148_2040_red-0097_stripes_0.3,stripes,0.3,1,-0.06121841445565224,1.7241846323013306
pixel_mean,esp_016148_2040_red-0097,esp_016148_2040,esp_016148_2040_red-0097_stripes_0.5,stripes,0.5,1,0.0332309864461422,1.7241846323013306
pixel_mean,esp_016148_2040_red-0097,esp_016148_2040,esp_016148_2040_red-0097_dead_pixels_0.15,dead_pixels,0.15,1,0.894824743270874,1.7241846323013306
pixel_mean,esp_016148_2040_red-0097,esp_016148_2040,esp_016148_2040_red-0097_dead_pixels_0.3,dead_pixels,0.3,1,1.2766488790512085,1.7241846323013306
pixel_mean,esp_016148_2040_red-0097,esp_016148_2040,esp_016148_2040_red-0097_dead_pixels_0.5,dead_pixels,0.5,1,1.7328507900238037,1.7241846323013306
pixel_mean,esp_016148_2040_red-0097,esp_016148_2040,esp_016148_2040_red-0097_missing_patch_0.15,missing_patch,0.15,1,1.8115745782852173,1.7241846323013306
pixel_mean,esp_016148_2040_red-0097,esp_016148_2040,esp_016148_2040_red-0097_missing_patch_0.3,missing_patch,0.3,1,0.7344933748245239,1.7241846323013306
pixel_mean,esp_016148_2040_red-0097,esp_016148_2040,esp_016148_2040_red-0097_missing_patch_0.5,missing_patch,0.5,1,0.7219197750091553,1.7241846323013306
pixel_mean,esp_016148_2040_red-0097,esp_016148_2040,esp_016148_2040_red-0097_local_blur_0.15,local_blur,0.15,1,-0.17132577300071716,1.7241846323013306
pixel_mean,esp_016148_2040_red-0097,esp_016148_2040,esp_016148_2040_red-0097_local_blur_0.3,local_blur,0.3,1,-0.23306401073932648,1.7241846323013306
pixel_mean,esp_016148_2040_red-0097,esp_016148_2040,esp_016148_2040_red-0097_local_blur_0.5,local_blur,0.5,1,-0.3012765347957611,1.7241846323013306
pixel_mean,esp_016148_2040_red-0097,esp_016148_2040,esp_016148_2040_red-0097_patch_duplication_0.15,patch_duplication,0.15,1,-0.11379144340753555,1.7241846323013306
pixel_mean,esp_016148_2040_red-0097,esp_016148_2040,esp_016148_2040_red-0097_patch_duplication_0.3,patch_duplication,0.3,1,-0.11330202221870422,1.7241846323013306
pixel_mean,esp_016148_2040_red-0097,esp_016148_2040,esp_016148_2040_red-0097_patch_duplication_0.5,patch_duplication,0.5,1,-0.10780629515647888,1.7241846323013306
pixel_mean,esp_016148_2040_red-0097,esp_016148_2040,esp_016148_2040_red-0097_foreign_content_0.15,foreign_content,0.15,1,-0.12518319487571716,1.7241846323013306
pixel_mean,esp_016148_2040_red-0097,esp_016148_2040,esp_016148_2040_red-0097_foreign_content_0.3,foreign_content,0.3,1,0.02962946705520153,1.7241846323013306
pixel_mean,esp_016148_2040_red-0097,esp_016148_2040,esp_016148_2040_red-0097_foreign_content_0.5,foreign_content,0.5,1,0.5618731379508972,1.7241846323013306
pixel_mean,esp_011716_0940_red-0008,esp_011716_0940,esp_011716_0940_red-0008_clean,clean,0.0,0,-0.1838504672050476,1.7241846323013306
pixel_mean,esp_011716_0940_red-0008,esp_011716_0940,esp_011716_0940_red-0008_stripes_0.15,stripes,0.15,1,-0.19366635382175446,1.7241846323013306
pixel_mean,esp_011716_0940_red-0008,esp_011716_0940,esp_011716_0940_red-0008_stripes_0.3,stripes,0.3,1,-0.17525725066661835,1.7241846323013306
pixel_mean,esp_011716_0940_red-0008,esp_011716_0940,esp_011716_0940_red-0008_stripes_0.5,stripes,0.5,1,-0.07839680463075638,1.7241846323013306
pixel_mean,esp_011716_0940_red-0008,esp_011716_0940,esp_011716_0940_red-0008_dead_pixels_0.15,dead_pixels,0.15,1,1.0423938035964966,1.7241846323013306
pixel_mean,esp_011716_0940_red-0008,esp_011716_0940,esp_011716_0940_red-0008_dead_pixels_0.3,dead_pixels,0.3,1,1.759253978729248,1.7241846323013306
pixel_mean,esp_011716_0940_red-0008,esp_011716_0940,esp_011716_0940_red-0008_dead_pixels_0.5,dead_pixels,0.5,1,2.4195804595947266,1.7241846323013306
pixel_mean,esp_011716_0940_red-0008,esp_011716_0940,esp_011716_0940_red-0008_missing_patch_0.15,missing_patch,0.15,1,-0.19296827912330627,1.7241846323013306
pixel_mean,esp_011716_0940_red-0008,esp_011716_0940,esp_011716_0940_red-0008_missing_patch_0.3,missing_patch,0.3,1,-0.2040753811597824,1.7241846323013306
pixel_mean,esp_011716_0940_red-0008,esp_011716_0940,esp_011716_0940_red-0008_missing_patch_0.5,missing_patch,0.5,1,0.4843713939189911,1.7241846323013306
pixel_mean,esp_011716_0940_red-0008,esp_011716_0940,esp_011716_0940_red-0008_local_blur_0.15,local_blur,0.15,1,-0.20939017832279205,1.7241846323013306
pixel_mean,esp_011716_0940_red-0008,esp_011716_0940,esp_011716_0940_red-0008_local_blur_0.3,local_blur,0.3,1,-0.21471631526947021,1.7241846323013306
pixel_mean,esp_011716_0940_red-0008,esp_011716_0940,esp_011716_0940_red-0008_local_blur_0.5,local_blur,0.5,1,-0.2143675684928894,1.7241846323013306
pixel_mean,esp_011716_0940_red-0008,esp_011716_0940,esp_011716_0940_red-0008_patch_duplication_0.15,patch_duplication,0.15,1,-0.1811637133359909,1.7241846323013306
pixel_mean,esp_011716_0940_red-0008,esp_011716_0940,esp_011716_0940_red-0008_patch_duplication_0.3,patch_duplication,0.3,1,-0.15939034521579742,1.7241846323013306
pixel_mean,esp_011716_0940_red-0008,esp_011716_0940,esp_011716_0940_red-0008_patch_duplication_0.5,patch_duplication,0.5,1,-0.129431813955307,1.7241846323013306
pixel_mean,esp_011716_0940_red-0008,esp_011716_0940,esp_011716_0940_red-0008_foreign_content_0.15,foreign_content,0.15,1,-0.1765514463186264,1.7241846323013306
pixel_mean,esp_011716_0940_red-0008,esp_011716_0940,esp_011716_0940_red-0008_foreign_content_0.3,foreign_content,0.3,1,-0.16551290452480316,1.7241846323013306
pixel_mean,esp_011716_0940_red-0008,esp_011716_0940,esp_011716_0940_red-0008_foreign_content_0.5,foreign_content,0.5,1,0.0655701607465744,1.7241846323013306
pixel_mean,esp_013141_2105_red-0004,esp_013141_2105,esp_013141_2105_red-0004_clean,clean,0.0,0,-1.2181178331375122,1.7241846323013306
pixel_mean,esp_013141_2105_red-0004,esp_013141_2105,esp_013141_2105_red-0004_stripes_0.15,stripes,0.15,1,-1.2310329675674438,1.7241846323013306
pixel_mean,esp_013141_2105_red-0004,esp_013141_2105,esp_013141_2105_red-0004_stripes_0.3,stripes,0.3,1,-1.1474061012268066,1.7241846323013306
pixel_mean,esp_013141_2105_red-0004,esp_013141_2105,esp_013141_2105_red-0004_stripes_0.5,stripes,0.5,1,-0.9062325954437256,1.7241846323013306
pixel_mean,esp_013141_2105_red-0004,esp_013141_2105,esp_013141_2105_red-0004_dead_pixels_0.15,dead_pixels,0.15,1,0.5694743990898132,1.7241846323013306
pixel_mean,esp_013141_2105_red-0004,esp_013141_2105,esp_013141_2105_red-0004_dead_pixels_0.3,dead_pixels,0.3,1,1.0420852899551392,1.7241846323013306
pixel_mean,esp_013141_2105_red-0004,esp_013141_2105,esp_013141_2105_red-0004_dead_pixels_0.5,dead_pixels,0.5,1,1.3220657110214233,1.7241846323013306
pixel_mean,esp_013141_2105_red-0004,esp_013141_2105,esp_013141_2105_red-0004_missing_patch_0.15,missing_patch,0.15,1,0.3155192732810974,1.7241846323013306
pixel_mean,esp_013141_2105_red-0004,esp_013141_2105,esp_013141_2105_red-0004_missing_patch_0.3,missing_patch,0.3,1,0.1370786875486374,1.7241846323013306
pixel_mean,esp_013141_2105_red-0004,esp_013141_2105,esp_013141_2105_red-0004_missing_patch_0.5,missing_patch,0.5,1,0.184825137257576,1.7241846323013306
pixel_mean,esp_013141_2105_red-0004,esp_013141_2105,esp_013141_2105_red-0004_local_blur_0.15,local_blur,0.15,1,-1.216827154159546,1.7241846323013306
pixel_mean,esp_013141_2105_red-0004,esp_013141_2105,esp_013141_2105_red-0004_local_blur_0.3,local_blur,0.3,1,-1.212101936340332,1.7241846323013306
pixel_mean,esp_013141_2105_red-0004,esp_013141_2105,esp_013141_2105_red-0004_local_blur_0.5,local_blur,0.5,1,-1.2060035467147827,1.7241846323013306
pixel_mean,esp_013141_2105_red-0004,esp_013141_2105,esp_013141_2105_red-0004_patch_duplication_0.15,patch_duplication,0.15,1,-1.2384041547775269,1.7241846323013306
pixel_mean,esp_013141_2105_red-0004,esp_013141_2105,esp_013141_2105_red-0004_patch_duplication_0.3,patch_duplication,0.3,1,-1.2509758472442627,1.7241846323013306
pixel_mean,esp_013141_2105_red-0004,esp_013141_2105,esp_013141_2105_red-0004_patch_duplication_0.5,patch_duplication,0.5,1,-1.207976222038269,1.7241846323013306
pixel_mean,esp_013141_2105_red-0004,esp_013141_2105,esp_013141_2105_red-0004_foreign_content_0.15,foreign_content,0.15,1,-1.036731481552124,1.7241846323013306
pixel_mean,esp_013141_2105_red-0004,esp_013141_2105,esp_013141_2105_red-0004_foreign_content_0.3,foreign_content,0.3,1,0.20312157273292542,1.7241846323013306
pixel_mean,esp_013141_2105_red-0004,esp_013141_2105,esp_013141_2105_red-0004_foreign_content_0.5,foreign_content,0.5,1,1.1327701807022095,1.7241846323013306
pixel_mean,esp_016613_2570_red-0043,esp_016613_2570,esp_016613_2570_red-0043_clean,clean,0.0,0,1.9336578845977783,1.7241846323013306
pixel_mean,esp_016613_2570_red-0043,esp_016613_2570,esp_016613_2570_red-0043_stripes_0.15,stripes,0.15,1,1.9675043821334839,1.7241846323013306
pixel_mean,esp_016613_2570_red-0043,esp_016613_2570,esp_016613_2570_red-0043_stripes_0.3,stripes,0.3,1,2.0616886615753174,1.7241846323013306
pixel_mean,esp_016613_2570_red-0043,esp_016613_2570,esp_016613_2570_red-0043_stripes_0.5,stripes,0.5,1,2.1920409202575684,1.7241846323013306
pixel_mean,esp_016613_2570_red-0043,esp_016613_2570,esp_016613_2570_red-0043_dead_pixels_0.15,dead_pixels,0.15,1,2.1988041400909424,1.7241846323013306
pixel_mean,esp_016613_2570_red-0043,esp_016613_2570,esp_016613_2570_red-0043_dead_pixels_0.3,dead_pixels,0.3,1,2.455711841583252,1.7241846323013306
pixel_mean,esp_016613_2570_red-0043,esp_016613_2570,esp_016613_2570_red-0043_dead_pixels_0.5,dead_pixels,0.5,1,2.7950613498687744,1.7241846323013306
pixel_mean,esp_016613_2570_red-0043,esp_016613_2570,esp_016613_2570_red-0043_missing_patch_0.15,missing_patch,0.15,1,3.3944318294525146,1.7241846323013306
pixel_mean,esp_016613_2570_red-0043,esp_016613_2570,esp_016613_2570_red-0043_missing_patch_0.3,missing_patch,0.3,1,3.1803982257843018,1.7241846323013306
pixel_mean,esp_016613_2570_red-0043,esp_016613_2570,esp_016613_2570_red-0043_missing_patch_0.5,missing_patch,0.5,1,3.00317120552063,1.7241846323013306
pixel_mean,esp_016613_2570_red-0043,esp_016613_2570,esp_016613_2570_red-0043_local_blur_0.15,local_blur,0.15,1,1.9333871603012085,1.7241846323013306
pixel_mean,esp_016613_2570_red-0043,esp_016613_2570,esp_016613_2570_red-0043_local_blur_0.3,local_blur,0.3,1,1.933121919631958,1.7241846323013306
pixel_mean,esp_016613_2570_red-0043,esp_016613_2570,esp_016613_2570_red-0043_local_blur_0.5,local_blur,0.5,1,1.9297782182693481,1.7241846323013306
pixel_mean,esp_016613_2570_red-0043,esp_016613_2570,esp_016613_2570_red-0043_patch_duplication_0.15,patch_duplication,0.15,1,1.9416894912719727,1.7241846323013306
pixel_mean,esp_016613_2570_red-0043,esp_016613_2570,esp_016613_2570_red-0043_patch_duplication_0.3,patch_duplication,0.3,1,1.979608178138733,1.7241846323013306
pixel_mean,esp_016613_2570_red-0043,esp_016613_2570,esp_016613_2570_red-0043_patch_duplication_0.5,patch_duplication,0.5,1,1.8096740245819092,1.7241846323013306
pixel_mean,esp_016613_2570_red-0043,esp_016613_2570,esp_016613_2570_red-0043_foreign_content_0.15,foreign_content,0.15,1,1.935892105102539,1.7241846323013306
pixel_mean,esp_016613_2570_red-0043,esp_016613_2570,esp_016613_2570_red-0043_foreign_content_0.3,foreign_content,0.3,1,1.9034268856048584,1.7241846323013306
pixel_mean,esp_016613_2570_red-0043,esp_016613_2570,esp_016613_2570_red-0043_foreign_content_0.5,foreign_content,0.5,1,1.8882774114608765,1.7241846323013306
pixel_mean,esp_017395_1700_red-0049,esp_017395_1700,esp_017395_1700_red-0049_clean,clean,0.0,0,-0.153097003698349,1.7241846323013306
pixel_mean,esp_017395_1700_red-0049,esp_017395_1700,esp_017395_1700_red-0049_stripes_0.15,stripes,0.15,1,-0.15189580619335175,1.7241846323013306
pixel_mean,esp_017395_1700_red-0049,esp_017395_1700,esp_017395_1700_red-0049_stripes_0.3,stripes,0.3,1,-0.15315988659858704,1.7241846323013306
pixel_mean,esp_017395_1700_red-0049,esp_017395_1700,esp_017395_1700_red-0049_stripes_0.5,stripes,0.5,1,-0.11567045003175735,1.7241846323013306
pixel_mean,esp_017395_1700_red-0049,esp_017395_1700,esp_017395_1700_red-0049_dead_pixels_0.15,dead_pixels,0.15,1,0.6442192792892456,1.7241846323013306
pixel_mean,esp_017395_1700_red-0049,esp_017395_1700,esp_017395_1700_red-0049_dead_pixels_0.3,dead_pixels,0.3,1,0.9467864036560059,1.7241846323013306
pixel_mean,esp_017395_1700_red-0049,esp_017395_1700,esp_017395_1700_red-0049_dead_pixels_0.5,dead_pixels,0.5,1,1.1716331243515015,1.7241846323013306
pixel_mean,esp_017395_1700_red-0049,esp_017395_1700,esp_017395_1700_red-0049_missing_patch_0.15,missing_patch,0.15,1,0.5217782855033875,1.7241846323013306
pixel_mean,esp_017395_1700_red-0049,esp_017395_1700,esp_017395_1700_red-0049_missing_patch_0.3,missing_patch,0.3,1,0.4266728460788727,1.7241846323013306
pixel_mean,esp_017395_1700_red-0049,esp_017395_1700,esp_017395_1700_red-0049_missing_patch_0.5,missing_patch,0.5,1,0.43716293573379517,1.7241846323013306
pixel_mean,esp_017395_1700_red-0049,esp_017395_1700,esp_017395_1700_red-0049_local_blur_0.15,local_blur,0.15,1,-0.15335631370544434,1.7241846323013306
pixel_mean,esp_017395_1700_red-0049,esp_017395_1700,esp_017395_1700_red-0049_local_blur_0.3,local_blur,0.3,1,-0.16816627979278564,1.7241846323013306
pixel_mean,esp_017395_1700_red-0049,esp_017395_1700,esp_017395_1700_red-0049_local_blur_0.5,local_blur,0.5,1,-0.46971046924591064,1.7241846323013306
pixel_mean,esp_017395_1700_red-0049,esp_017395_1700,esp_017395_1700_red-0049_patch_duplication_0.15,patch_duplication,0.15,1,-0.15306958556175232,1.7241846323013306
pixel_mean,esp_017395_1700_red-0049,esp_017395_1700,esp_017395_1700_red-0049_patch_duplication_0.3,patch_duplication,0.3,1,-0.1526794135570526,1.7241846323013306
pixel_mean,esp_017395_1700_red-0049,esp_017395_1700,esp_017395_1700_red-0049_patch_duplication_0.5,patch_duplication,0.5,1,-0.14898906648159027,1.7241846323013306
pixel_mean,esp_017395_1700_red-0049,esp_017395_1700,esp_017395_1700_red-0049_foreign_content_0.15,foreign_content,0.15,1,-0.15512444078922272,1.7241846323013306
pixel_mean,esp_017395_1700_red-0049,esp_017395_1700,esp_017395_1700_red-0049_foreign_content_0.3,foreign_content,0.3,1,-0.0523548498749733,1.7241846323013306
pixel_mean,esp_017395_1700_red-0049,esp_017395_1700,esp_017395_1700_red-0049_foreign_content_0.5,foreign_content,0.5,1,0.2664303183555603,1.7241846323013306
pixel_mean,esp_012588_0930_red-0008,esp_012588_0930,esp_012588_0930_red-0008_clean,clean,0.0,0,0.007915418595075607,1.7241846323013306
pixel_mean,esp_012588_0930_red-0008,esp_012588_0930,esp_012588_0930_red-0008_stripes_0.15,stripes,0.15,1,-0.007450437173247337,1.7241846323013306
pixel_mean,esp_012588_0930_red-0008,esp_012588_0930,esp_012588_0930_red-0008_stripes_0.3,stripes,0.3,1,0.03898603096604347,1.7241846323013306
pixel_mean,esp_012588_0930_red-0008,esp_012588_0930,esp_012588_0930_red-0008_stripes_0.5,stripes,0.5,1,0.1747669279575348,1.7241846323013306
pixel_mean,esp_012588_0930_red-0008,esp_012588_0930,esp_012588_0930_red-0008_dead_pixels_0.15,dead_pixels,0.15,1,0.9568073749542236,1.7241846323013306
pixel_mean,esp_012588_0930_red-0008,esp_012588_0930,esp_012588_0930_red-0008_dead_pixels_0.3,dead_pixels,0.3,1,1.2259056568145752,1.7241846323013306
pixel_mean,esp_012588_0930_red-0008,esp_012588_0930,esp_012588_0930_red-0008_dead_pixels_0.5,dead_pixels,0.5,1,1.1972806453704834,1.7241846323013306
pixel_mean,esp_012588_0930_red-0008,esp_012588_0930,esp_012588_0930_red-0008_missing_patch_0.15,missing_patch,0.15,1,1.0652480125427246,1.7241846323013306
pixel_mean,esp_012588_0930_red-0008,esp_012588_0930,esp_012588_0930_red-0008_missing_patch_0.3,missing_patch,0.3,1,0.23884469270706177,1.7241846323013306
pixel_mean,esp_012588_0930_red-0008,esp_012588_0930,esp_012588_0930_red-0008_missing_patch_0.5,missing_patch,0.5,1,0.4350728988647461,1.7241846323013306
pixel_mean,esp_012588_0930_red-0008,esp_012588_0930,esp_012588_0930_red-0008_local_blur_0.15,local_blur,0.15,1,-0.04264060780405998,1.7241846323013306
pixel_mean,esp_012588_0930_red-0008,esp_012588_0930,esp_012588_0930_red-0008_local_blur_0.3,local_blur,0.3,1,-0.18234911561012268,1.7241846323013306
pixel_mean,esp_012588_0930_red-0008,esp_012588_0930,esp_012588_0930_red-0008_local_blur_0.5,local_blur,0.5,1,-0.3007182478904724,1.7241846323013306
pixel_mean,esp_012588_0930_red-0008,esp_012588_0930,esp_012588_0930_red-0008_patch_duplication_0.15,patch_duplication,0.15,1,0.008069518022239208,1.7241846323013306
pixel_mean,esp_012588_0930_red-0008,esp_012588_0930,esp_012588_0930_red-0008_patch_duplication_0.3,patch_duplication,0.3,1,0.006784857250750065,1.7241846323013306
pixel_mean,esp_012588_0930_red-0008,esp_012588_0930,esp_012588_0930_red-0008_patch_duplication_0.5,patch_duplication,0.5,1,-0.004025071859359741,1.7241846323013306
pixel_mean,esp_012588_0930_red-0008,esp_012588_0930,esp_012588_0930_red-0008_foreign_content_0.15,foreign_content,0.15,1,0.012580138631165028,1.7241846323013306
pixel_mean,esp_012588_0930_red-0008,esp_012588_0930,esp_012588_0930_red-0008_foreign_content_0.3,foreign_content,0.3,1,0.09358888864517212,1.7241846323013306
pixel_mean,esp_012588_0930_red-0008,esp_012588_0930,esp_012588_0930_red-0008_foreign_content_0.5,foreign_content,0.5,1,1.0773073434829712,1.7241846323013306
pixel_mean,esp_049651_1050_red-0030,esp_049651_1050,esp_049651_1050_red-0030_clean,clean,0.0,0,0.19572687149047852,1.7241846323013306
pixel_mean,esp_049651_1050_red-0030,esp_049651_1050,esp_049651_1050_red-0030_stripes_0.15,stripes,0.15,1,0.34700897336006165,1.7241846323013306
pixel_mean,esp_049651_1050_red-0030,esp_049651_1050,esp_049651_1050_red-0030_stripes_0.3,stripes,0.3,1,0.5616799592971802,1.7241846323013306
pixel_mean,esp_049651_1050_red-0030,esp_049651_1050,esp_049651_1050_red-0030_stripes_0.5,stripes,0.5,1,0.9162028431892395,1.7241846323013306
pixel_mean,esp_049651_1050_red-0030,esp_049651_1050,esp_049651_1050_red-0030_dead_pixels_0.15,dead_pixels,0.15,1,0.731229841709137,1.7241846323013306
pixel_mean,esp_049651_1050_red-0030,esp_049651_1050,esp_049651_1050_red-0030_dead_pixels_0.3,dead_pixels,0.3,1,1.0192598104476929,1.7241846323013306
pixel_mean,esp_049651_1050_red-0030,esp_049651_1050,esp_049651_1050_red-0030_dead_pixels_0.5,dead_pixels,0.5,1,1.5669071674346924,1.7241846323013306
pixel_mean,esp_049651_1050_red-0030,esp_049651_1050,esp_049651_1050_red-0030_missing_patch_0.15,missing_patch,0.15,1,0.5644093751907349,1.7241846323013306
pixel_mean,esp_049651_1050_red-0030,esp_049651_1050,esp_049651_1050_red-0030_missing_patch_0.3,missing_patch,0.3,1,0.5929285287857056,1.7241846323013306
pixel_mean,esp_049651_1050_red-0030,esp_049651_1050,esp_049651_1050_red-0030_missing_patch_0.5,missing_patch,0.5,1,0.9822043180465698,1.7241846323013306
pixel_mean,esp_049651_1050_red-0030,esp_049651_1050,esp_049651_1050_red-0030_local_blur_0.15,local_blur,0.15,1,0.19600437581539154,1.7241846323013306
pixel_mean,esp_049651_1050_red-0030,esp_049651_1050,esp_049651_1050_red-0030_local_blur_0.3,local_blur,0.3,1,0.1951700896024704,1.7241846323013306
pixel_mean,esp_049651_1050_red-0030,esp_049651_1050,esp_049651_1050_red-0030_local_blur_0.5,local_blur,0.5,1,0.19533194601535797,1.7241846323013306
pixel_mean,esp_049651_1050_red-0030,esp_049651_1050,esp_049651_1050_red-0030_patch_duplication_0.15,patch_duplication,0.15,1,0.1875208467245102,1.7241846323013306
pixel_mean,esp_049651_1050_red-0030,esp_049651_1050,esp_049651_1050_red-0030_patch_duplication_0.3,patch_duplication,0.3,1,0.18231603503227234,1.7241846323013306
pixel_mean,esp_049651_1050_red-0030,esp_049651_1050,esp_049651_1050_red-0030_patch_duplication_0.5,patch_duplication,0.5,1,0.21031567454338074,1.7241846323013306
pixel_mean,esp_049651_1050_red-0030,esp_049651_1050,esp_049651_1050_red-0030_foreign_content_0.15,foreign_content,0.15,1,0.18559087812900543,1.7241846323013306
pixel_mean,esp_049651_1050_red-0030,esp_049651_1050,esp_049651_1050_red-0030_foreign_content_0.3,foreign_content,0.3,1,0.16872961819171906,1.7241846323013306
pixel_mean,esp_049651_1050_red-0030,esp_049651_1050,esp_049651_1050_red-0030_foreign_content_0.5,foreign_content,0.5,1,0.30201900005340576,1.7241846323013306
texture_mean,esp_020133_1720_red-0022,esp_020133_1720,esp_020133_1720_red-0022_clean,clean,0.0,0,0.05309801176190376,1.212457537651062
texture_mean,esp_020133_1720_red-0022,esp_020133_1720,esp_020133_1720_red-0022_stripes_0.15,stripes,0.15,1,-0.25662094354629517,1.212457537651062
texture_mean,esp_020133_1720_red-0022,esp_020133_1720,esp_020133_1720_red-0022_stripes_0.3,stripes,0.3,1,-0.5789615511894226,1.212457537651062
texture_mean,esp_020133_1720_red-0022,esp_020133_1720,esp_020133_1720_red-0022_stripes_0.5,stripes,0.5,1,-0.9056439399719238,1.212457537651062
texture_mean,esp_020133_1720_red-0022,esp_020133_1720,esp_020133_1720_red-0022_dead_pixels_0.15,dead_pixels,0.15,1,0.14700385928153992,1.212457537651062
texture_mean,esp_020133_1720_red-0022,esp_020133_1720,esp_020133_1720_red-0022_dead_pixels_0.3,dead_pixels,0.3,1,0.0943606048822403,1.212457537651062
texture_mean,esp_020133_1720_red-0022,esp_020133_1720,esp_020133_1720_red-0022_dead_pixels_0.5,dead_pixels,0.5,1,0.06766557693481445,1.212457537651062
texture_mean,esp_020133_1720_red-0022,esp_020133_1720,esp_020133_1720_red-0022_missing_patch_0.15,missing_patch,0.15,1,0.3951472342014313,1.212457537651062
texture_mean,esp_020133_1720_red-0022,esp_020133_1720,esp_020133_1720_red-0022_missing_patch_0.3,missing_patch,0.3,1,0.6692094206809998,1.212457537651062
texture_mean,esp_020133_1720_red-0022,esp_020133_1720,esp_020133_1720_red-0022_missing_patch_0.5,missing_patch,0.5,1,0.933247983455658,1.212457537651062
texture_mean,esp_020133_1720_red-0022,esp_020133_1720,esp_020133_1720_red-0022_local_blur_0.15,local_blur,0.15,1,0.3601421117782593,1.212457537651062
texture_mean,esp_020133_1720_red-0022,esp_020133_1720,esp_020133_1720_red-0022_local_blur_0.3,local_blur,0.3,1,0.52040696144104,1.212457537651062
texture_mean,esp_020133_1720_red-0022,esp_020133_1720,esp_020133_1720_red-0022_local_blur_0.5,local_blur,0.5,1,0.5344830751419067,1.212457537651062
texture_mean,esp_020133_1720_red-0022,esp_020133_1720,esp_020133_1720_red-0022_patch_duplication_0.15,patch_duplication,0.15,1,-0.1901634931564331,1.212457537651062
texture_mean,esp_020133_1720_red-0022,esp_020133_1720,esp_020133_1720_red-0022_patch_duplication_0.3,patch_duplication,0.3,1,-0.1638498455286026,1.212457537651062
texture_mean,esp_020133_1720_red-0022,esp_020133_1720,esp_020133_1720_red-0022_patch_duplication_0.5,patch_duplication,0.5,1,-0.17857253551483154,1.212457537651062
texture_mean,esp_020133_1720_red-0022,esp_020133_1720,esp_020133_1720_red-0022_foreign_content_0.15,foreign_content,0.15,1,0.10873322933912277,1.212457537651062
texture_mean,esp_020133_1720_red-0022,esp_020133_1720,esp_020133_1720_red-0022_foreign_content_0.3,foreign_content,0.3,1,0.2542169392108917,1.212457537651062
texture_mean,esp_020133_1720_red-0022,esp_020133_1720,esp_020133_1720_red-0022_foreign_content_0.5,foreign_content,0.5,1,0.7451338171958923,1.212457537651062
texture_mean,psp_006766_1850_red-0037,psp_006766_1850,psp_006766_1850_red-0037_clean,clean,0.0,0,1.1064425706863403,1.212457537651062
texture_mean,psp_006766_1850_red-0037,psp_006766_1850,psp_006766_1850_red-0037_stripes_0.15,stripes,0.15,1,0.6307277679443359,1.212457537651062
texture_mean,psp_006766_1850_red-0037,psp_006766_1850,psp_006766_1850_red-0037_stripes_0.3,stripes,0.3,1,-0.11638571321964264,1.212457537651062
texture_mean,psp_006766_1850_red-0037,psp_006766_1850,psp_006766_1850_red-0037_stripes_0.5,stripes,0.5,1,-0.661421000957489,1.212457537651062
texture_mean,psp_006766_1850_red-0037,psp_006766_1850,psp_006766_1850_red-0037_dead_pixels_0.15,dead_pixels,0.15,1,1.2026340961456299,1.212457537651062
texture_mean,psp_006766_1850_red-0037,psp_006766_1850,psp_006766_1850_red-0037_dead_pixels_0.3,dead_pixels,0.3,1,1.094542384147644,1.212457537651062
texture_mean,psp_006766_1850_red-0037,psp_006766_1850,psp_006766_1850_red-0037_dead_pixels_0.5,dead_pixels,0.5,1,1.2696151733398438,1.212457537651062
texture_mean,psp_006766_1850_red-0037,psp_006766_1850,psp_006766_1850_red-0037_missing_patch_0.15,missing_patch,0.15,1,1.1346765756607056,1.212457537651062
texture_mean,psp_006766_1850_red-0037,psp_006766_1850,psp_006766_1850_red-0037_missing_patch_0.3,missing_patch,0.3,1,1.160353422164917,1.212457537651062
texture_mean,psp_006766_1850_red-0037,psp_006766_1850,psp_006766_1850_red-0037_missing_patch_0.5,missing_patch,0.5,1,1.2164785861968994,1.212457537651062
texture_mean,psp_006766_1850_red-0037,psp_006766_1850,psp_006766_1850_red-0037_local_blur_0.15,local_blur,0.15,1,1.1041712760925293,1.212457537651062
texture_mean,psp_006766_1850_red-0037,psp_006766_1850,psp_006766_1850_red-0037_local_blur_0.3,local_blur,0.3,1,1.1016348600387573,1.212457537651062
texture_mean,psp_006766_1850_red-0037,psp_006766_1850,psp_006766_1850_red-0037_local_blur_0.5,local_blur,0.5,1,1.0970934629440308,1.212457537651062
texture_mean,psp_006766_1850_red-0037,psp_006766_1850,psp_006766_1850_red-0037_patch_duplication_0.15,patch_duplication,0.15,1,1.0326298475265503,1.212457537651062
texture_mean,psp_006766_1850_red-0037,psp_006766_1850,psp_006766_1850_red-0037_patch_duplication_0.3,patch_duplication,0.3,1,1.025413990020752,1.212457537651062
texture_mean,psp_006766_1850_red-0037,psp_006766_1850,psp_006766_1850_red-0037_patch_duplication_0.5,patch_duplication,0.5,1,1.005606770515442,1.212457537651062
texture_mean,psp_006766_1850_red-0037,psp_006766_1850,psp_006766_1850_red-0037_foreign_content_0.15,foreign_content,0.15,1,1.153144359588623,1.212457537651062
texture_mean,psp_006766_1850_red-0037,psp_006766_1850,psp_006766_1850_red-0037_foreign_content_0.3,foreign_content,0.3,1,1.2787467241287231,1.212457537651062
texture_mean,psp_006766_1850_red-0037,psp_006766_1850,psp_006766_1850_red-0037_foreign_content_0.5,foreign_content,0.5,1,1.6741012334823608,1.212457537651062
texture_mean,esp_019559_1390_red-0576,esp_019559_1390,esp_019559_1390_red-0576_clean,clean,0.0,0,-0.16379287838935852,1.212457537651062
texture_mean,esp_019559_1390_red-0576,esp_019559_1390,esp_019559_1390_red-0576_stripes_0.15,stripes,0.15,1,-0.3652402460575104,1.212457537651062
texture_mean,esp_019559_1390_red-0576,esp_019559_1390,esp_019559_1390_red-0576_stripes_0.3,stripes,0.3,1,-0.6615449786186218,1.212457537651062
texture_mean,esp_019559_1390_red-0576,esp_019559_1390,esp_019559_1390_red-0576_stripes_0.5,stripes,0.5,1,-0.9318236708641052,1.212457537651062
texture_mean,esp_019559_1390_red-0576,esp_019559_1390,esp_019559_1390_red-0576_dead_pixels_0.15,dead_pixels,0.15,1,-0.26736608147621155,1.212457537651062
texture_mean,esp_019559_1390_red-0576,esp_019559_1390,esp_019559_1390_red-0576_dead_pixels_0.3,dead_pixels,0.3,1,-0.225386381149292,1.212457537651062
texture_mean,esp_019559_1390_red-0576,esp_019559_1390,esp_019559_1390_red-0576_dead_pixels_0.5,dead_pixels,0.5,1,-0.16270019114017487,1.212457537651062
texture_mean,esp_019559_1390_red-0576,esp_019559_1390,esp_019559_1390_red-0576_missing_patch_0.15,missing_patch,0.15,1,0.08812893182039261,1.212457537651062
texture_mean,esp_019559_1390_red-0576,esp_019559_1390,esp_019559_1390_red-0576_missing_patch_0.3,missing_patch,0.3,1,1.053220510482788,1.212457537651062
texture_mean,esp_019559_1390_red-0576,esp_019559_1390,esp_019559_1390_red-0576_missing_patch_0.5,missing_patch,0.5,1,0.9671114683151245,1.212457537651062
texture_mean,esp_019559_1390_red-0576,esp_019559_1390,esp_019559_1390_red-0576_local_blur_0.15,local_blur,0.15,1,-0.1640443503856659,1.212457537651062
texture_mean,esp_019559_1390_red-0576,esp_019559_1390,esp_019559_1390_red-0576_local_blur_0.3,local_blur,0.3,1,-0.07292613387107849,1.212457537651062
texture_mean,esp_019559_1390_red-0576,esp_019559_1390,esp_019559_1390_red-0576_local_blur_0.5,local_blur,0.5,1,0.24287879467010498,1.212457537651062
texture_mean,esp_019559_1390_red-0576,esp_019559_1390,esp_019559_1390_red-0576_patch_duplication_0.15,patch_duplication,0.15,1,-0.1666916310787201,1.212457537651062
texture_mean,esp_019559_1390_red-0576,esp_019559_1390,esp_019559_1390_red-0576_patch_duplication_0.3,patch_duplication,0.3,1,-0.17059922218322754,1.212457537651062
texture_mean,esp_019559_1390_red-0576,esp_019559_1390,esp_019559_1390_red-0576_patch_duplication_0.5,patch_duplication,0.5,1,-0.15936234593391418,1.212457537651062
texture_mean,esp_019559_1390_red-0576,esp_019559_1390,esp_019559_1390_red-0576_foreign_content_0.15,foreign_content,0.15,1,-0.15265384316444397,1.212457537651062
texture_mean,esp_019559_1390_red-0576,esp_019559_1390,esp_019559_1390_red-0576_foreign_content_0.3,foreign_content,0.3,1,-0.07924953103065491,1.212457537651062
texture_mean,esp_019559_1390_red-0576,esp_019559_1390,esp_019559_1390_red-0576_foreign_content_0.5,foreign_content,0.5,1,0.5601476430892944,1.212457537651062
texture_mean,esp_016781_2055_red-0188,esp_016781_2055,esp_016781_2055_red-0188_clean,clean,0.0,0,1.0048161745071411,1.212457537651062
texture_mean,esp_016781_2055_red-0188,esp_016781_2055,esp_016781_2055_red-0188_stripes_0.15,stripes,0.15,1,0.37990400195121765,1.212457537651062
texture_mean,esp_016781_2055_red-0188,esp_016781_2055,esp_016781_2055_red-0188_stripes_0.3,stripes,0.3,1,-0.2612573206424713,1.212457537651062
texture_mean,esp_016781_2055_red-0188,esp_016781_2055,esp_016781_2055_red-0188_stripes_0.5,stripes,0.5,1,-0.8328471183776855,1.212457537651062
texture_mean,esp_016781_2055_red-0188,esp_016781_2055,esp_016781_2055_red-0188_dead_pixels_0.15,dead_pixels,0.15,1,1.1093560457229614,1.212457537651062
texture_mean,esp_016781_2055_red-0188,esp_016781_2055,esp_016781_2055_red-0188_dead_pixels_0.3,dead_pixels,0.3,1,1.1423124074935913,1.212457537651062
texture_mean,esp_016781_2055_red-0188,esp_016781_2055,esp_016781_2055_red-0188_dead_pixels_0.5,dead_pixels,0.5,1,1.1542075872421265,1.212457537651062
texture_mean,esp_016781_2055_red-0188,esp_016781_2055,esp_016781_2055_red-0188_missing_patch_0.15,missing_patch,0.15,1,1.0102167129516602,1.212457537651062
texture_mean,esp_016781_2055_red-0188,esp_016781_2055,esp_016781_2055_red-0188_missing_patch_0.3,missing_patch,0.3,1,1.0341533422470093,1.212457537651062
texture_mean,esp_016781_2055_red-0188,esp_016781_2055,esp_016781_2055_red-0188_missing_patch_0.5,missing_patch,0.5,1,1.0737773180007935,1.212457537651062
texture_mean,esp_016781_2055_red-0188,esp_016781_2055,esp_016781_2055_red-0188_local_blur_0.15,local_blur,0.15,1,1.004515290260315,1.212457537651062
texture_mean,esp_016781_2055_red-0188,esp_016781_2055,esp_016781_2055_red-0188_local_blur_0.3,local_blur,0.3,1,1.004501223564148,1.212457537651062
texture_mean,esp_016781_2055_red-0188,esp_016781_2055,esp_016781_2055_red-0188_local_blur_0.5,local_blur,0.5,1,1.0029826164245605,1.212457537651062
texture_mean,esp_016781_2055_red-0188,esp_016781_2055,esp_016781_2055_red-0188_patch_duplication_0.15,patch_duplication,0.15,1,0.8879138827323914,1.212457537651062
texture_mean,esp_016781_2055_red-0188,esp_016781_2055,esp_016781_2055_red-0188_patch_duplication_0.3,patch_duplication,0.3,1,0.8775228261947632,1.212457537651062
texture_mean,esp_016781_2055_red-0188,esp_016781_2055,esp_016781_2055_red-0188_patch_duplication_0.5,patch_duplication,0.5,1,0.856761634349823,1.212457537651062
texture_mean,esp_016781_2055_red-0188,esp_016781_2055,esp_016781_2055_red-0188_foreign_content_0.15,foreign_content,0.15,1,1.032606601715088,1.212457537651062
texture_mean,esp_016781_2055_red-0188,esp_016781_2055,esp_016781_2055_red-0188_foreign_content_0.3,foreign_content,0.3,1,1.1120661497116089,1.212457537651062
texture_mean,esp_016781_2055_red-0188,esp_016781_2055,esp_016781_2055_red-0188_foreign_content_0.5,foreign_content,0.5,1,1.455355167388916,1.212457537651062
texture_mean,esp_016613_2570_red-0034,esp_016613_2570,esp_016613_2570_red-0034_clean,clean,0.0,0,0.8375163674354553,1.212457537651062
texture_mean,esp_016613_2570_red-0034,esp_016613_2570,esp_016613_2570_red-0034_stripes_0.15,stripes,0.15,1,0.5865767002105713,1.212457537651062
texture_mean,esp_016613_2570_red-0034,esp_016613_2570,esp_016613_2570_red-0034_stripes_0.3,stripes,0.3,1,0.23856131732463837,1.212457537651062
texture_mean,esp_016613_2570_red-0034,esp_016613_2570,esp_016613_2570_red-0034_stripes_0.5,stripes,0.5,1,-0.1329929232597351,1.212457537651062
texture_mean,esp_016613_2570_red-0034,esp_016613_2570,esp_016613_2570_red-0034_dead_pixels_0.15,dead_pixels,0.15,1,0.9090449810028076,1.212457537651062
texture_mean,esp_016613_2570_red-0034,esp_016613_2570,esp_016613_2570_red-0034_dead_pixels_0.3,dead_pixels,0.3,1,0.9671788811683655,1.212457537651062
texture_mean,esp_016613_2570_red-0034,esp_016613_2570,esp_016613_2570_red-0034_dead_pixels_0.5,dead_pixels,0.5,1,0.9794125556945801,1.212457537651062
texture_mean,esp_016613_2570_red-0034,esp_016613_2570,esp_016613_2570_red-0034_missing_patch_0.15,missing_patch,0.15,1,1.132190227508545,1.212457537651062
texture_mean,esp_016613_2570_red-0034,esp_016613_2570,esp_016613_2570_red-0034_missing_patch_0.3,missing_patch,0.3,1,1.4689269065856934,1.212457537651062
texture_mean,esp_016613_2570_red-0034,esp_016613_2570,esp_016613_2570_red-0034_missing_patch_0.5,missing_patch,0.5,1,1.6287916898727417,1.212457537651062
texture_mean,esp_016613_2570_red-0034,esp_016613_2570,esp_016613_2570_red-0034_local_blur_0.15,local_blur,0.15,1,1.1215544939041138,1.212457537651062
texture_mean,esp_016613_2570_red-0034,esp_016613_2570,esp_016613_2570_red-0034_local_blur_0.3,local_blur,0.3,1,1.1500930786132812,1.212457537651062
texture_mean,esp_016613_2570_red-0034,esp_016613_2570,esp_016613_2570_red-0034_local_blur_0.5,local_blur,0.5,1,1.1476627588272095,1.212457537651062
texture_mean,esp_016613_2570_red-0034,esp_016613_2570,esp_016613_2570_red-0034_patch_duplication_0.15,patch_duplication,0.15,1,0.8421334624290466,1.212457537651062
texture_mean,esp_016613_2570_red-0034,esp_016613_2570,esp_016613_2570_red-0034_patch_duplication_0.3,patch_duplication,0.3,1,0.8426783084869385,1.212457537651062
texture_mean,esp_016613_2570_red-0034,esp_016613_2570,esp_016613_2570_red-0034_patch_duplication_0.5,patch_duplication,0.5,1,0.8442649841308594,1.212457537651062
texture_mean,esp_016613_2570_red-0034,esp_016613_2570,esp_016613_2570_red-0034_foreign_content_0.15,foreign_content,0.15,1,0.8897615671157837,1.212457537651062
texture_mean,esp_016613_2570_red-0034,esp_016613_2570,esp_016613_2570_red-0034_foreign_content_0.3,foreign_content,0.3,1,0.9871412515640259,1.212457537651062
texture_mean,esp_016613_2570_red-0034,esp_016613_2570,esp_016613_2570_red-0034_foreign_content_0.5,foreign_content,0.5,1,1.3120291233062744,1.212457537651062
texture_mean,esp_017395_1700_red-0007,esp_017395_1700,esp_017395_1700_red-0007_clean,clean,0.0,0,-0.02457738108932972,1.212457537651062
texture_mean,esp_017395_1700_red-0007,esp_017395_1700,esp_017395_1700_red-0007_stripes_0.15,stripes,0.15,1,-0.3358175456523895,1.212457537651062
texture_mean,esp_017395_1700_red-0007,esp_017395_1700,esp_017395_1700_red-0007_stripes_0.3,stripes,0.3,1,-0.7596889734268188,1.212457537651062
texture_mean,esp_017395_1700_red-0007,esp_017395_1700,esp_017395_1700_red-0007_stripes_0.5,stripes,0.5,1,-1.1372417211532593,1.212457537651062
texture_mean,esp_017395_1700_red-0007,esp_017395_1700,esp_017395_1700_red-0007_dead_pixels_0.15,dead_pixels,0.15,1,-0.28775158524513245,1.212457537651062
texture_mean,esp_017395_1700_red-0007,esp_017395_1700,esp_017395_1700_red-0007_dead_pixels_0.3,dead_pixels,0.3,1,0.10834544152021408,1.212457537651062
texture_mean,esp_017395_1700_red-0007,esp_017395_1700,esp_017395_1700_red-0007_dead_pixels_0.5,dead_pixels,0.5,1,0.10656681656837463,1.212457537651062
texture_mean,esp_017395_1700_red-0007,esp_017395_1700,esp_017395_1700_red-0007_missing_patch_0.15,missing_patch,0.15,1,-0.025354158133268356,1.212457537651062
texture_mean,esp_017395_1700_red-0007,esp_017395_1700,esp_017395_1700_red-0007_missing_patch_0.3,missing_patch,0.3,1,0.7222291231155396,1.212457537651062
texture_mean,esp_017395_1700_red-0007,esp_017395_1700,esp_017395_1700_red-0007_missing_patch_0.5,missing_patch,0.5,1,0.7920951247215271,1.212457537651062
texture_mean,esp_017395_1700_red-0007,esp_017395_1700,esp_017395_1700_red-0007_local_blur_0.15,local_blur,0.15,1,-0.024137534201145172,1.212457537651062
texture_mean,esp_017395_1700_red-0007,esp_017395_1700,esp_017395_1700_red-0007_local_blur_0.3,local_blur,0.3,1,-0.025579823181033134,1.212457537651062
texture_mean,esp_017395_1700_red-0007,esp_017395_1700,esp_017395_1700_red-0007_local_blur_0.5,local_blur,0.5,1,-0.028858011588454247,1.212457537651062
texture_mean,esp_017395_1700_red-0007,esp_017395_1700,esp_017395_1700_red-0007_patch_duplication_0.15,patch_duplication,0.15,1,-0.36997443437576294,1.212457537651062
texture_mean,esp_017395_1700_red-0007,esp_017395_1700,esp_017395_1700_red-0007_patch_duplication_0.3,patch_duplication,0.3,1,-0.4501989781856537,1.212457537651062
texture_mean,esp_017395_1700_red-0007,esp_017395_1700,esp_017395_1700_red-0007_patch_duplication_0.5,patch_duplication,0.5,1,-0.47051286697387695,1.212457537651062
texture_mean,esp_017395_1700_red-0007,esp_017395_1700,esp_017395_1700_red-0007_foreign_content_0.15,foreign_content,0.15,1,-0.00736253522336483,1.212457537651062
texture_mean,esp_017395_1700_red-0007,esp_017395_1700,esp_017395_1700_red-0007_foreign_content_0.3,foreign_content,0.3,1,0.08384516835212708,1.212457537651062
texture_mean,esp_017395_1700_red-0007,esp_017395_1700,esp_017395_1700_red-0007_foreign_content_0.5,foreign_content,0.5,1,0.6999115347862244,1.212457537651062
texture_mean,esp_012057_0950_red-0111,esp_012057_0950,esp_012057_0950_red-0111_clean,clean,0.0,0,0.16939200460910797,1.212457537651062
texture_mean,esp_012057_0950_red-0111,esp_012057_0950,esp_012057_0950_red-0111_stripes_0.15,stripes,0.15,1,-0.2486746460199356,1.212457537651062
texture_mean,esp_012057_0950_red-0111,esp_012057_0950,esp_012057_0950_red-0111_stripes_0.3,stripes,0.3,1,-0.7148405909538269,1.212457537651062
texture_mean,esp_012057_0950_red-0111,esp_012057_0950,esp_012057_0950_red-0111_stripes_0.5,stripes,0.5,1,-1.108081579208374,1.212457537651062
texture_mean,esp_012057_0950_red-0111,esp_012057_0950,esp_012057_0950_red-0111_dead_pixels_0.15,dead_pixels,0.15,1,-0.050748735666275024,1.212457537651062
texture_mean,esp_012057_0950_red-0111,esp_012057_0950,esp_012057_0950_red-0111_dead_pixels_0.3,dead_pixels,0.3,1,0.2327408492565155,1.212457537651062
texture_mean,esp_012057_0950_red-0111,esp_012057_0950,esp_012057_0950_red-0111_dead_pixels_0.5,dead_pixels,0.5,1,-0.302907258272171,1.212457537651062
texture_mean,esp_012057_0950_red-0111,esp_012057_0950,esp_012057_0950_red-0111_missing_patch_0.15,missing_patch,0.15,1,0.19751842319965363,1.212457537651062
texture_mean,esp_012057_0950_red-0111,esp_012057_0950,esp_012057_0950_red-0111_missing_patch_0.3,missing_patch,0.3,1,0.23384755849838257,1.212457537651062
texture_mean,esp_012057_0950_red-0111,esp_012057_0950,esp_012057_0950_red-0111_missing_patch_0.5,missing_patch,0.5,1,0.8170303702354431,1.212457537651062
texture_mean,esp_012057_0950_red-0111,esp_012057_0950,esp_012057_0950_red-0111_local_blur_0.15,local_blur,0.15,1,0.16910667717456818,1.212457537651062
texture_mean,esp_012057_0950_red-0111,esp_012057_0950,esp_012057_0950_red-0111_local_blur_0.3,local_blur,0.3,1,0.16902270913124084,1.212457537651062
texture_mean,esp_012057_0950_red-0111,esp_012057_0950,esp_012057_0950_red-0111_local_blur_0.5,local_blur,0.5,1,0.1690807193517685,1.212457537651062
texture_mean,esp_012057_0950_red-0111,esp_012057_0950,esp_012057_0950_red-0111_patch_duplication_0.15,patch_duplication,0.15,1,-0.004240210633724928,1.212457537651062
texture_mean,esp_012057_0950_red-0111,esp_012057_0950,esp_012057_0950_red-0111_patch_duplication_0.3,patch_duplication,0.3,1,-0.1245984137058258,1.212457537651062
texture_mean,esp_012057_0950_red-0111,esp_012057_0950,esp_012057_0950_red-0111_patch_duplication_0.5,patch_duplication,0.5,1,-0.11618063598871231,1.212457537651062
texture_mean,esp_012057_0950_red-0111,esp_012057_0950,esp_012057_0950_red-0111_foreign_content_0.15,foreign_content,0.15,1,0.19618472456932068,1.212457537651062
texture_mean,esp_012057_0950_red-0111,esp_012057_0950,esp_012057_0950_red-0111_foreign_content_0.3,foreign_content,0.3,1,0.2804245352745056,1.212457537651062
texture_mean,esp_012057_0950_red-0111,esp_012057_0950,esp_012057_0950_red-0111_foreign_content_0.5,foreign_content,0.5,1,0.6618695855140686,1.212457537651062
texture_mean,esp_049651_1050_red-0070,esp_049651_1050,esp_049651_1050_red-0070_clean,clean,0.0,0,-1.1165778636932373,1.212457537651062
texture_mean,esp_049651_1050_red-0070,esp_049651_1050,esp_049651_1050_red-0070_stripes_0.15,stripes,0.15,1,-1.1515891551971436,1.212457537651062
texture_mean,esp_049651_1050_red-0070,esp_049651_1050,esp_049651_1050_red-0070_stripes_0.3,stripes,0.3,1,-1.2029725313186646,1.212457537651062
texture_mean,esp_049651_1050_red-0070,esp_049651_1050,esp_049651_1050_red-0070_stripes_0.5,stripes,0.5,1,-1.2416869401931763,1.212457537651062
texture_mean,esp_049651_1050_red-0070,esp_049651_1050,esp_049651_1050_red-0070_dead_pixels_0.15,dead_pixels,0.15,1,-1.2281744480133057,1.212457537651062
texture_mean,esp_049651_1050_red-0070,esp_049651_1050,esp_049651_1050_red-0070_dead_pixels_0.3,dead_pixels,0.3,1,-1.1376795768737793,1.212457537651062
texture_mean,esp_049651_1050_red-0070,esp_049651_1050,esp_049651_1050_red-0070_dead_pixels_0.5,dead_pixels,0.5,1,-1.1510623693466187,1.212457537651062
texture_mean,esp_049651_1050_red-0070,esp_049651_1050,esp_049651_1050_red-0070_missing_patch_0.15,missing_patch,0.15,1,-0.46826255321502686,1.212457537651062
texture_mean,esp_049651_1050_red-0070,esp_049651_1050,esp_049651_1050_red-0070_missing_patch_0.3,missing_patch,0.3,1,0.6119663715362549,1.212457537651062
texture_mean,esp_049651_1050_red-0070,esp_049651_1050,esp_049651_1050_red-0070_missing_patch_0.5,missing_patch,0.5,1,0.6947248578071594,1.212457537651062
texture_mean,esp_049651_1050_red-0070,esp_049651_1050,esp_049651_1050_red-0070_local_blur_0.15,local_blur,0.15,1,0.3752847909927368,1.212457537651062
texture_mean,esp_049651_1050_red-0070,esp_049651_1050,esp_049651_1050_red-0070_local_blur_0.3,local_blur,0.3,1,0.5764138698577881,1.212457537651062
texture_mean,esp_049651_1050_red-0070,esp_049651_1050,esp_049651_1050_red-0070_local_blur_0.5,local_blur,0.5,1,0.5847125053405762,1.212457537651062
texture_mean,esp_049651_1050_red-0070,esp_049651_1050,esp_049651_1050_red-0070_patch_duplication_0.15,patch_duplication,0.15,1,-1.1842488050460815,1.212457537651062
texture_mean,esp_049651_1050_red-0070,esp_049651_1050,esp_049651_1050_red-0070_patch_duplication_0.3,patch_duplication,0.3,1,-1.14102303981781,1.212457537651062
texture_mean,esp_049651_1050_red-0070,esp_049651_1050,esp_049651_1050_red-0070_patch_duplication_0.5,patch_duplication,0.5,1,-1.2259252071380615,1.212457537651062
texture_mean,esp_049651_1050_red-0070,esp_049651_1050,esp_049651_1050_red-0070_foreign_content_0.15,foreign_content,0.15,1,-1.0625230073928833,1.212457537651062
texture_mean,esp_049651_1050_red-0070,esp_049651_1050,esp_049651_1050_red-0070_foreign_content_0.3,foreign_content,0.3,1,-0.90982586145401,1.212457537651062
texture_mean,esp_049651_1050_red-0070,esp_049651_1050,esp_049651_1050_red-0070_foreign_content_0.5,foreign_content,0.5,1,-0.3910003900527954,1.212457537651062
texture_mean,psp_006766_1850_red-0101,psp_006766_1850,psp_006766_1850_red-0101_clean,clean,0.0,0,-0.6068887710571289,1.212457537651062
texture_mean,psp_006766_1850_red-0101,psp_006766_1850,psp_006766_1850_red-0101_stripes_0.15,stripes,0.15,1,-0.7878530621528625,1.212457537651062
texture_mean,psp_006766_1850_red-0101,psp_006766_1850,psp_006766_1850_red-0101_stripes_0.3,stripes,0.3,1,-0.996820867061615,1.212457537651062
texture_mean,psp_006766_1850_red-0101,psp_006766_1850,psp_006766_1850_red-0101_stripes_0.5,stripes,0.5,1,-1.1977932453155518,1.212457537651062
texture_mean,psp_006766_1850_red-0101,psp_006766_1850,psp_006766_1850_red-0101_dead_pixels_0.15,dead_pixels,0.15,1,-0.7071167826652527,1.212457537651062
texture_mean,psp_006766_1850_red-0101,psp_006766_1850,psp_006766_1850_red-0101_dead_pixels_0.3,dead_pixels,0.3,1,-0.6554707884788513,1.212457537651062
texture_mean,psp_006766_1850_red-0101,psp_006766_1850,psp_006766_1850_red-0101_dead_pixels_0.5,dead_pixels,0.5,1,-0.6696012020111084,1.212457537651062
texture_mean,psp_006766_1850_red-0101,psp_006766_1850,psp_006766_1850_red-0101_missing_patch_0.15,missing_patch,0.15,1,-0.547630786895752,1.212457537651062
texture_mean,psp_006766_1850_red-0101,psp_006766_1850,psp_006766_1850_red-0101_missing_patch_0.3,missing_patch,0.3,1,-0.10971434414386749,1.212457537651062
texture_mean,psp_006766_1850_red-0101,psp_006766_1850,psp_006766_1850_red-0101_missing_patch_0.5,missing_patch,0.5,1,1.0435656309127808,1.212457537651062
texture_mean,psp_006766_1850_red-0101,psp_006766_1850,psp_006766_1850_red-0101_local_blur_0.15,local_blur,0.15,1,0.0800919383764267,1.212457537651062
texture_mean,psp_006766_1850_red-0101,psp_006766_1850,psp_006766_1850_red-0101_local_blur_0.3,local_blur,0.3,1,0.08978614956140518,1.212457537651062
texture_mean,psp_006766_1850_red-0101,psp_006766_1850,psp_006766_1850_red-0101_local_blur_0.5,local_blur,0.5,1,0.1250603348016739,1.212457537651062
texture_mean,psp_006766_1850_red-0101,psp_006766_1850,psp_006766_1850_red-0101_patch_duplication_0.15,patch_duplication,0.15,1,-0.6756423711776733,1.212457537651062
texture_mean,psp_006766_1850_red-0101,psp_006766_1850,psp_006766_1850_red-0101_patch_duplication_0.3,patch_duplication,0.3,1,-0.6923230290412903,1.212457537651062
texture_mean,psp_006766_1850_red-0101,psp_006766_1850,psp_006766_1850_red-0101_patch_duplication_0.5,patch_duplication,0.5,1,-0.715802788734436,1.212457537651062
texture_mean,psp_006766_1850_red-0101,psp_006766_1850,psp_006766_1850_red-0101_foreign_content_0.15,foreign_content,0.15,1,-0.5841624736785889,1.212457537651062
texture_mean,psp_006766_1850_red-0101,psp_006766_1850,psp_006766_1850_red-0101_foreign_content_0.3,foreign_content,0.3,1,-0.489271342754364,1.212457537651062
texture_mean,psp_006766_1850_red-0101,psp_006766_1850,psp_006766_1850_red-0101_foreign_content_0.5,foreign_content,0.5,1,0.051376961171627045,1.212457537651062
texture_mean,esp_016148_2040_red-0097,esp_016148_2040,esp_016148_2040_red-0097_clean,clean,0.0,0,0.04505147039890289,1.212457537651062
texture_mean,esp_016148_2040_red-0097,esp_016148_2040,esp_016148_2040_red-0097_stripes_0.15,stripes,0.15,1,-0.12805184721946716,1.212457537651062
texture_mean,esp_016148_2040_red-0097,esp_016148_2040,esp_016148_2040_red-0097_stripes_0.3,stripes,0.3,1,-0.4060450792312622,1.212457537651062
texture_mean,esp_016148_2040_red-0097,esp_016148_2040,esp_016148_2040_red-0097_stripes_0.5,stripes,0.5,1,-0.7297288775444031,1.212457537651062
texture_mean,esp_016148_2040_red-0097,esp_016148_2040,esp_016148_2040_red-0097_dead_pixels_0.15,dead_pixels,0.15,1,0.15596304833889008,1.212457537651062
texture_mean,esp_016148_2040_red-0097,esp_016148_2040,esp_016148_2040_red-0097_dead_pixels_0.3,dead_pixels,0.3,1,0.2743958532810211,1.212457537651062
texture_mean,esp_016148_2040_red-0097,esp_016148_2040,esp_016148_2040_red-0097_dead_pixels_0.5,dead_pixels,0.5,1,0.27508360147476196,1.212457537651062
texture_mean,esp_016148_2040_red-0097,esp_016148_2040,esp_016148_2040_red-0097_missing_patch_0.15,missing_patch,0.15,1,0.7479038238525391,1.212457537651062
texture_mean,esp_016148_2040_red-0097,esp_016148_2040,esp_016148_2040_red-0097_missing_patch_0.3,missing_patch,0.3,1,1.1109907627105713,1.212457537651062
texture_mean,esp_016148_2040_red-0097,esp_016148_2040,esp_016148_2040_red-0097_missing_patch_0.5,missing_patch,0.5,1,1.1669185161590576,1.212457537651062
texture_mean,esp_016148_2040_red-0097,esp_016148_2040,esp_016148_2040_red-0097_local_blur_0.15,local_blur,0.15,1,0.3234805166721344,1.212457537651062
texture_mean,esp_016148_2040_red-0097,esp_016148_2040,esp_016148_2040_red-0097_local_blur_0.3,local_blur,0.3,1,0.39612460136413574,1.212457537651062
texture_mean,esp_016148_2040_red-0097,esp_016148_2040,esp_016148_2040_red-0097_local_blur_0.5,local_blur,0.5,1,0.49397504329681396,1.212457537651062
texture_mean,esp_016148_2040_red-0097,esp_016148_2040,esp_016148_2040_red-0097_patch_duplication_0.15,patch_duplication,0.15,1,-0.058714885264635086,1.212457537651062
texture_mean,esp_016148_2040_red-0097,esp_016148_2040,esp_016148_2040_red-0097_patch_duplication_0.3,patch_duplication,0.3,1,-0.07294179499149323,1.212457537651062
texture_mean,esp_016148_2040_red-0097,esp_016148_2040,esp_016148_2040_red-0097_patch_duplication_0.5,patch_duplication,0.5,1,-0.07675722241401672,1.212457537651062
texture_mean,esp_016148_2040_red-0097,esp_016148_2040,esp_016148_2040_red-0097_foreign_content_0.15,foreign_content,0.15,1,0.11115454882383347,1.212457537651062
texture_mean,esp_016148_2040_red-0097,esp_016148_2040,esp_016148_2040_red-0097_foreign_content_0.3,foreign_content,0.3,1,0.32740452885627747,1.212457537651062
texture_mean,esp_016148_2040_red-0097,esp_016148_2040,esp_016148_2040_red-0097_foreign_content_0.5,foreign_content,0.5,1,0.929611086845398,1.212457537651062
texture_mean,esp_011716_0940_red-0008,esp_011716_0940,esp_011716_0940_red-0008_clean,clean,0.0,0,0.025716595351696014,1.212457537651062
texture_mean,esp_011716_0940_red-0008,esp_011716_0940,esp_011716_0940_red-0008_stripes_0.15,stripes,0.15,1,-0.297549307346344,1.212457537651062
texture_mean,esp_011716_0940_red-0008,esp_011716_0940,esp_011716_0940_red-0008_stripes_0.3,stripes,0.3,1,-0.6409630179405212,1.212457537651062
texture_mean,esp_011716_0940_red-0008,esp_011716_0940,esp_011716_0940_red-0008_stripes_0.5,stripes,0.5,1,-0.9934857487678528,1.212457537651062
texture_mean,esp_011716_0940_red-0008,esp_011716_0940,esp_011716_0940_red-0008_dead_pixels_0.15,dead_pixels,0.15,1,0.1601625382900238,1.212457537651062
texture_mean,esp_011716_0940_red-0008,esp_011716_0940,esp_011716_0940_red-0008_dead_pixels_0.3,dead_pixels,0.3,1,0.28192827105522156,1.212457537651062
texture_mean,esp_011716_0940_red-0008,esp_011716_0940,esp_011716_0940_red-0008_dead_pixels_0.5,dead_pixels,0.5,1,0.37939658761024475,1.212457537651062
texture_mean,esp_011716_0940_red-0008,esp_011716_0940,esp_011716_0940_red-0008_missing_patch_0.15,missing_patch,0.15,1,0.03003123216331005,1.212457537651062
texture_mean,esp_011716_0940_red-0008,esp_011716_0940,esp_011716_0940_red-0008_missing_patch_0.3,missing_patch,0.3,1,0.15537868440151215,1.212457537651062
texture_mean,esp_011716_0940_red-0008,esp_011716_0940,esp_011716_0940_red-0008_missing_patch_0.5,missing_patch,0.5,1,0.9477740526199341,1.212457537651062
texture_mean,esp_011716_0940_red-0008,esp_011716_0940,esp_011716_0940_red-0008_local_blur_0.15,local_blur,0.15,1,0.19004462659358978,1.212457537651062
texture_mean,esp_011716_0940_red-0008,esp_011716_0940,esp_011716_0940_red-0008_local_blur_0.3,local_blur,0.3,1,0.2218947559595108,1.212457537651062
texture_mean,esp_011716_0940_red-0008,esp_011716_0940,esp_011716_0940_red-0008_local_blur_0.5,local_blur,0.5,1,0.2588331699371338,1.212457537651062
texture_mean,esp_011716_0940_red-0008,esp_011716_0940,esp_011716_0940_red-0008_patch_duplication_0.15,patch_duplication,0.15,1,-0.14888763427734375,1.212457537651062
texture_mean,esp_011716_0940_red-0008,esp_011716_0940,esp_011716_0940_red-0008_patch_duplication_0.3,patch_duplication,0.3,1,-0.1073978841304779,1.212457537651062
texture_mean,esp_011716_0940_red-0008,esp_011716_0940,esp_011716_0940_red-0008_patch_duplication_0.5,patch_duplication,0.5,1,-0.1039714440703392,1.212457537651062
texture_mean,esp_011716_0940_red-0008,esp_011716_0940,esp_011716_0940_red-0008_foreign_content_0.15,foreign_content,0.15,1,0.08821215480566025,1.212457537651062
texture_mean,esp_011716_0940_red-0008,esp_011716_0940,esp_011716_0940_red-0008_foreign_content_0.3,foreign_content,0.3,1,0.26887473464012146,1.212457537651062
texture_mean,esp_011716_0940_red-0008,esp_011716_0940,esp_011716_0940_red-0008_foreign_content_0.5,foreign_content,0.5,1,0.8200684189796448,1.212457537651062
texture_mean,esp_013141_2105_red-0004,esp_013141_2105,esp_013141_2105_red-0004_clean,clean,0.0,0,-0.08765328675508499,1.212457537651062
texture_mean,esp_013141_2105_red-0004,esp_013141_2105,esp_013141_2105_red-0004_stripes_0.15,stripes,0.15,1,-0.44609156250953674,1.212457537651062
texture_mean,esp_013141_2105_red-0004,esp_013141_2105,esp_013141_2105_red-0004_stripes_0.3,stripes,0.3,1,-0.8123939037322998,1.212457537651062
texture_mean,esp_013141_2105_red-0004,esp_013141_2105,esp_013141_2105_red-0004_stripes_0.5,stripes,0.5,1,-1.1727237701416016,1.212457537651062
texture_mean,esp_013141_2105_red-0004,esp_013141_2105,esp_013141_2105_red-0004_dead_pixels_0.15,dead_pixels,0.15,1,-0.07882086932659149,1.212457537651062
texture_mean,esp_013141_2105_red-0004,esp_013141_2105,esp_013141_2105_red-0004_dead_pixels_0.3,dead_pixels,0.3,1,-0.014032413251698017,1.212457537651062
texture_mean,esp_013141_2105_red-0004,esp_013141_2105,esp_013141_2105_red-0004_dead_pixels_0.5,dead_pixels,0.5,1,-0.056338317692279816,1.212457537651062
texture_mean,esp_013141_2105_red-0004,esp_013141_2105,esp_013141_2105_red-0004_missing_patch_0.15,missing_patch,0.15,1,0.1364259272813797,1.212457537651062
texture_mean,esp_013141_2105_red-0004,esp_013141_2105,esp_013141_2105_red-0004_missing_patch_0.3,missing_patch,0.3,1,0.8898352384567261,1.212457537651062
texture_mean,esp_013141_2105_red-0004,esp_013141_2105,esp_013141_2105_red-0004_missing_patch_0.5,missing_patch,0.5,1,0.9023021459579468,1.212457537651062
texture_mean,esp_013141_2105_red-0004,esp_013141_2105,esp_013141_2105_red-0004_local_blur_0.15,local_blur,0.15,1,-0.08778901398181915,1.212457537651062
texture_mean,esp_013141_2105_red-0004,esp_013141_2105,esp_013141_2105_red-0004_local_blur_0.3,local_blur,0.3,1,-0.08771652728319168,1.212457537651062
texture_mean,esp_013141_2105_red-0004,esp_013141_2105,esp_013141_2105_red-0004_local_blur_0.5,local_blur,0.5,1,-0.07823172956705093,1.212457537651062
texture_mean,esp_013141_2105_red-0004,esp_013141_2105,esp_013141_2105_red-0004_patch_duplication_0.15,patch_duplication,0.15,1,-0.28116297721862793,1.212457537651062
texture_mean,esp_013141_2105_red-0004,esp_013141_2105,esp_013141_2105_red-0004_patch_duplication_0.3,patch_duplication,0.3,1,-0.29063689708709717,1.212457537651062
texture_mean,esp_013141_2105_red-0004,esp_013141_2105,esp_013141_2105_red-0004_patch_duplication_0.5,patch_duplication,0.5,1,-0.26314347982406616,1.212457537651062
texture_mean,esp_013141_2105_red-0004,esp_013141_2105,esp_013141_2105_red-0004_foreign_content_0.15,foreign_content,0.15,1,-0.04959072917699814,1.212457537651062
texture_mean,esp_013141_2105_red-0004,esp_013141_2105,esp_013141_2105_red-0004_foreign_content_0.3,foreign_content,0.3,1,0.08471397310495377,1.212457537651062
texture_mean,esp_013141_2105_red-0004,esp_013141_2105,esp_013141_2105_red-0004_foreign_content_0.5,foreign_content,0.5,1,0.5118446946144104,1.212457537651062
texture_mean,esp_016613_2570_red-0043,esp_016613_2570,esp_016613_2570_red-0043_clean,clean,0.0,0,0.719883918762207,1.212457537651062
texture_mean,esp_016613_2570_red-0043,esp_016613_2570,esp_016613_2570_red-0043_stripes_0.15,stripes,0.15,1,0.5040619969367981,1.212457537651062
texture_mean,esp_016613_2570_red-0043,esp_016613_2570,esp_016613_2570_red-0043_stripes_0.3,stripes,0.3,1,0.22000859677791595,1.212457537651062
texture_mean,esp_016613_2570_red-0043,esp_016613_2570,esp_016613_2570_red-0043_stripes_0.5,stripes,0.5,1,-0.11286456137895584,1.212457537651062
texture_mean,esp_016613_2570_red-0043,esp_016613_2570,esp_016613_2570_red-0043_dead_pixels_0.15,dead_pixels,0.15,1,0.7726187109947205,1.212457537651062
texture_mean,esp_016613_2570_red-0043,esp_016613_2570,esp_016613_2570_red-0043_dead_pixels_0.3,dead_pixels,0.3,1,0.8596891164779663,1.212457537651062
texture_mean,esp_016613_2570_red-0043,esp_016613_2570,esp_016613_2570_red-0043_dead_pixels_0.5,dead_pixels,0.5,1,0.8596035242080688,1.212457537651062
texture_mean,esp_016613_2570_red-0043,esp_016613_2570,esp_016613_2570_red-0043_missing_patch_0.15,missing_patch,0.15,1,0.7864566445350647,1.212457537651062
texture_mean,esp_016613_2570_red-0043,esp_016613_2570,esp_016613_2570_red-0043_missing_patch_0.3,missing_patch,0.3,1,1.0596119165420532,1.212457537651062
texture_mean,esp_016613_2570_red-0043,esp_016613_2570,esp_016613_2570_red-0043_missing_patch_0.5,missing_patch,0.5,1,1.6452313661575317,1.212457537651062
texture_mean,esp_016613_2570_red-0043,esp_016613_2570,esp_016613_2570_red-0043_local_blur_0.15,local_blur,0.15,1,0.9802582263946533,1.212457537651062
texture_mean,esp_016613_2570_red-0043,esp_016613_2570,esp_016613_2570_red-0043_local_blur_0.3,local_blur,0.3,1,1.0180790424346924,1.212457537651062
texture_mean,esp_016613_2570_red-0043,esp_016613_2570,esp_016613_2570_red-0043_local_blur_0.5,local_blur,0.5,1,1.0420057773590088,1.212457537651062
texture_mean,esp_016613_2570_red-0043,esp_016613_2570,esp_016613_2570_red-0043_patch_duplication_0.15,patch_duplication,0.15,1,0.6712782979011536,1.212457537651062
texture_mean,esp_016613_2570_red-0043,esp_016613_2570,esp_016613_2570_red-0043_patch_duplication_0.3,patch_duplication,0.3,1,0.6391022801399231,1.212457537651062
texture_mean,esp_016613_2570_red-0043,esp_016613_2570,esp_016613_2570_red-0043_patch_duplication_0.5,patch_duplication,0.5,1,0.6747636795043945,1.212457537651062
texture_mean,esp_016613_2570_red-0043,esp_016613_2570,esp_016613_2570_red-0043_foreign_content_0.15,foreign_content,0.15,1,0.7438667416572571,1.212457537651062
texture_mean,esp_016613_2570_red-0043,esp_016613_2570,esp_016613_2570_red-0043_foreign_content_0.3,foreign_content,0.3,1,0.8223632574081421,1.212457537651062
texture_mean,esp_016613_2570_red-0043,esp_016613_2570,esp_016613_2570_red-0043_foreign_content_0.5,foreign_content,0.5,1,1.1012687683105469,1.212457537651062
texture_mean,esp_017395_1700_red-0049,esp_017395_1700,esp_017395_1700_red-0049_clean,clean,0.0,0,0.11091232299804688,1.212457537651062
texture_mean,esp_017395_1700_red-0049,esp_017395_1700,esp_017395_1700_red-0049_stripes_0.15,stripes,0.15,1,-0.14963039755821228,1.212457537651062
texture_mean,esp_017395_1700_red-0049,esp_017395_1700,esp_017395_1700_red-0049_stripes_0.3,stripes,0.3,1,-0.510586678981781,1.212457537651062
texture_mean,esp_017395_1700_red-0049,esp_017395_1700,esp_017395_1700_red-0049_stripes_0.5,stripes,0.5,1,-0.9018217921257019,1.212457537651062
texture_mean,esp_017395_1700_red-0049,esp_017395_1700,esp_017395_1700_red-0049_dead_pixels_0.15,dead_pixels,0.15,1,0.13464133441448212,1.212457537651062
texture_mean,esp_017395_1700_red-0049,esp_017395_1700,esp_017395_1700_red-0049_dead_pixels_0.3,dead_pixels,0.3,1,0.054881706833839417,1.212457537651062
texture_mean,esp_017395_1700_red-0049,esp_017395_1700,esp_017395_1700_red-0049_dead_pixels_0.5,dead_pixels,0.5,1,0.0408882237970829,1.212457537651062
texture_mean,esp_017395_1700_red-0049,esp_017395_1700,esp_017395_1700_red-0049_missing_patch_0.15,missing_patch,0.15,1,0.1435183435678482,1.212457537651062
texture_mean,esp_017395_1700_red-0049,esp_017395_1700,esp_017395_1700_red-0049_missing_patch_0.3,missing_patch,0.3,1,0.2740938365459442,1.212457537651062
texture_mean,esp_017395_1700_red-0049,esp_017395_1700,esp_017395_1700_red-0049_missing_patch_0.5,missing_patch,0.5,1,0.7780093550682068,1.212457537651062
texture_mean,esp_017395_1700_red-0049,esp_017395_1700,esp_017395_1700_red-0049_local_blur_0.15,local_blur,0.15,1,0.13060888648033142,1.212457537651062
texture_mean,esp_017395_1700_red-0049,esp_017395_1700,esp_017395_1700_red-0049_local_blur_0.3,local_blur,0.3,1,0.13169501721858978,1.212457537651062
texture_mean,esp_017395_1700_red-0049,esp_017395_1700,esp_017395_1700_red-0049_local_blur_0.5,local_blur,0.5,1,0.2961180508136749,1.212457537651062
texture_mean,esp_017395_1700_red-0049,esp_017395_1700,esp_017395_1700_red-0049_patch_duplication_0.15,patch_duplication,0.15,1,-0.014345630072057247,1.212457537651062
texture_mean,esp_017395_1700_red-0049,esp_017395_1700,esp_017395_1700_red-0049_patch_duplication_0.3,patch_duplication,0.3,1,-0.013959329575300217,1.212457537651062
texture_mean,esp_017395_1700_red-0049,esp_017395_1700,esp_017395_1700_red-0049_patch_duplication_0.5,patch_duplication,0.5,1,0.006392159499228001,1.212457537651062
texture_mean,esp_017395_1700_red-0049,esp_017395_1700,esp_017395_1700_red-0049_foreign_content_0.15,foreign_content,0.15,1,0.1312820166349411,1.212457537651062
texture_mean,esp_017395_1700_red-0049,esp_017395_1700,esp_017395_1700_red-0049_foreign_content_0.3,foreign_content,0.3,1,0.20567773282527924,1.212457537651062
texture_mean,esp_017395_1700_red-0049,esp_017395_1700,esp_017395_1700_red-0049_foreign_content_0.5,foreign_content,0.5,1,0.7130866646766663,1.212457537651062
texture_mean,esp_012588_0930_red-0008,esp_012588_0930,esp_012588_0930_red-0008_clean,clean,0.0,0,-0.6869543194770813,1.212457537651062
texture_mean,esp_012588_0930_red-0008,esp_012588_0930,esp_012588_0930_red-0008_stripes_0.15,stripes,0.15,1,-0.8090863227844238,1.212457537651062
texture_mean,esp_012588_0930_red-0008,esp_012588_0930,esp_012588_0930_red-0008_stripes_0.3,stripes,0.3,1,-1.0165270566940308,1.212457537651062
texture_mean,esp_012588_0930_red-0008,esp_012588_0930,esp_012588_0930_red-0008_stripes_0.5,stripes,0.5,1,-1.257002830505371,1.212457537651062
texture_mean,esp_012588_0930_red-0008,esp_012588_0930,esp_012588_0930_red-0008_dead_pixels_0.15,dead_pixels,0.15,1,-0.6331775188446045,1.212457537651062
texture_mean,esp_012588_0930_red-0008,esp_012588_0930,esp_012588_0930_red-0008_dead_pixels_0.3,dead_pixels,0.3,1,-0.7286693453788757,1.212457537651062
texture_mean,esp_012588_0930_red-0008,esp_012588_0930,esp_012588_0930_red-0008_dead_pixels_0.5,dead_pixels,0.5,1,-0.7355374097824097,1.212457537651062
texture_mean,esp_012588_0930_red-0008,esp_012588_0930,esp_012588_0930_red-0008_missing_patch_0.15,missing_patch,0.15,1,-0.6924133896827698,1.212457537651062
texture_mean,esp_012588_0930_red-0008,esp_012588_0930,esp_012588_0930_red-0008_missing_patch_0.3,missing_patch,0.3,1,0.826694905757904,1.212457537651062
texture_mean,esp_012588_0930_red-0008,esp_012588_0930,esp_012588_0930_red-0008_missing_patch_0.5,missing_patch,0.5,1,0.8624284267425537,1.212457537651062
texture_mean,esp_012588_0930_red-0008,esp_012588_0930,esp_012588_0930_red-0008_local_blur_0.15,local_blur,0.15,1,-0.5253568887710571,1.212457537651062
texture_mean,esp_012588_0930_red-0008,esp_012588_0930,esp_012588_0930_red-0008_local_blur_0.3,local_blur,0.3,1,-0.009843958541750908,1.212457537651062
texture_mean,esp_012588_0930_red-0008,esp_012588_0930,esp_012588_0930_red-0008_local_blur_0.5,local_blur,0.5,1,0.48607394099235535,1.212457537651062
texture_mean,esp_012588_0930_red-0008,esp_012588_0930,esp_012588_0930_red-0008_patch_duplication_0.15,patch_duplication,0.15,1,-0.9071324467658997,1.212457537651062
texture_mean,esp_012588_0930_red-0008,esp_012588_0930,esp_012588_0930_red-0008_patch_duplication_0.3,patch_duplication,0.3,1,-1.0076262950897217,1.212457537651062
texture_mean,esp_012588_0930_red-0008,esp_012588_0930,esp_012588_0930_red-0008_patch_duplication_0.5,patch_duplication,0.5,1,-0.8481109142303467,1.212457537651062
texture_mean,esp_012588_0930_red-0008,esp_012588_0930,esp_012588_0930_red-0008_foreign_content_0.15,foreign_content,0.15,1,-0.656542181968689,1.212457537651062
texture_mean,esp_012588_0930_red-0008,esp_012588_0930,esp_012588_0930_red-0008_foreign_content_0.3,foreign_content,0.3,1,-0.5524773001670837,1.212457537651062
texture_mean,esp_012588_0930_red-0008,esp_012588_0930,esp_012588_0930_red-0008_foreign_content_0.5,foreign_content,0.5,1,0.16904596984386444,1.212457537651062
texture_mean,esp_049651_1050_red-0030,esp_049651_1050,esp_049651_1050_red-0030_clean,clean,0.0,0,-0.6633059978485107,1.212457537651062
texture_mean,esp_049651_1050_red-0030,esp_049651_1050,esp_049651_1050_red-0030_stripes_0.15,stripes,0.15,1,-0.6850116848945618,1.212457537651062
texture_mean,esp_049651_1050_red-0030,esp_049651_1050,esp_049651_1050_red-0030_stripes_0.3,stripes,0.3,1,-0.7196563482284546,1.212457537651062
texture_mean,esp_049651_1050_red-0030,esp_049651_1050,esp_049651_1050_red-0030_stripes_0.5,stripes,0.5,1,-0.7562816143035889,1.212457537651062
texture_mean,esp_049651_1050_red-0030,esp_049651_1050,esp_049651_1050_red-0030_dead_pixels_0.15,dead_pixels,0.15,1,-0.8136488795280457,1.212457537651062
texture_mean,esp_049651_1050_red-0030,esp_049651_1050,esp_049651_1050_red-0030_dead_pixels_0.3,dead_pixels,0.3,1,-0.6231324076652527,1.212457537651062
texture_mean,esp_049651_1050_red-0030,esp_049651_1050,esp_049651_1050_red-0030_dead_pixels_0.5,dead_pixels,0.5,1,-0.7361372709274292,1.212457537651062
texture_mean,esp_049651_1050_red-0030,esp_049651_1050,esp_049651_1050_red-0030_missing_patch_0.15,missing_patch,0.15,1,-0.14587612450122833,1.212457537651062
texture_mean,esp_049651_1050_red-0030,esp_049651_1050,esp_049651_1050_red-0030_missing_patch_0.3,missing_patch,0.3,1,0.6844434142112732,1.212457537651062
texture_mean,esp_049651_1050_red-0030,esp_049651_1050,esp_049651_1050_red-0030_missing_patch_0.5,missing_patch,0.5,1,1.0921781063079834,1.212457537651062
texture_mean,esp_049651_1050_red-0030,esp_049651_1050,esp_049651_1050_red-0030_local_blur_0.15,local_blur,0.15,1,-0.4002746641635895,1.212457537651062
texture_mean,esp_049651_1050_red-0030,esp_049651_1050,esp_049651_1050_red-0030_local_blur_0.3,local_blur,0.3,1,-0.2994101047515869,1.212457537651062
texture_mean,esp_049651_1050_red-0030,esp_049651_1050,esp_049651_1050_red-0030_local_blur_0.5,local_blur,0.5,1,-0.2894551753997803,1.212457537651062
texture_mean,esp_049651_1050_red-0030,esp_049651_1050,esp_049651_1050_red-0030_patch_duplication_0.15,patch_duplication,0.15,1,-0.7593023777008057,1.212457537651062
texture_mean,esp_049651_1050_red-0030,esp_049651_1050,esp_049651_1050_red-0030_patch_duplication_0.3,patch_duplication,0.3,1,-0.7912447452545166,1.212457537651062
texture_mean,esp_049651_1050_red-0030,esp_049651_1050,esp_049651_1050_red-0030_patch_duplication_0.5,patch_duplication,0.5,1,-0.7578138113021851,1.212457537651062
texture_mean,esp_049651_1050_red-0030,esp_049651_1050,esp_049651_1050_red-0030_foreign_content_0.15,foreign_content,0.15,1,-0.6272872090339661,1.212457537651062
texture_mean,esp_049651_1050_red-0030,esp_049651_1050,esp_049651_1050_red-0030_foreign_content_0.3,foreign_content,0.3,1,-0.5119748711585999,1.212457537651062
texture_mean,esp_049651_1050_red-0030,esp_049651_1050,esp_049651_1050_red-0030_foreign_content_0.5,foreign_content,0.5,1,-0.1209440678358078,1.212457537651062
spectral_mean,esp_020133_1720_red-0022,esp_020133_1720,esp_020133_1720_red-0022_clean,clean,0.0,0,0.41676855087280273,3.903651475906372
spectral_mean,esp_020133_1720_red-0022,esp_020133_1720,esp_020133_1720_red-0022_stripes_0.15,stripes,0.15,1,0.4228518307209015,3.903651475906372
spectral_mean,esp_020133_1720_red-0022,esp_020133_1720,esp_020133_1720_red-0022_stripes_0.3,stripes,0.3,1,2.398265838623047,3.903651475906372
spectral_mean,esp_020133_1720_red-0022,esp_020133_1720,esp_020133_1720_red-0022_stripes_0.5,stripes,0.5,1,6.122300148010254,3.903651475906372
spectral_mean,esp_020133_1720_red-0022,esp_020133_1720,esp_020133_1720_red-0022_dead_pixels_0.15,dead_pixels,0.15,1,0.30259063839912415,3.903651475906372
spectral_mean,esp_020133_1720_red-0022,esp_020133_1720,esp_020133_1720_red-0022_dead_pixels_0.3,dead_pixels,0.3,1,0.32727357745170593,3.903651475906372
spectral_mean,esp_020133_1720_red-0022,esp_020133_1720,esp_020133_1720_red-0022_dead_pixels_0.5,dead_pixels,0.5,1,0.199008509516716,3.903651475906372
spectral_mean,esp_020133_1720_red-0022,esp_020133_1720,esp_020133_1720_red-0022_missing_patch_0.15,missing_patch,0.15,1,0.4597729742527008,3.903651475906372
spectral_mean,esp_020133_1720_red-0022,esp_020133_1720,esp_020133_1720_red-0022_missing_patch_0.3,missing_patch,0.3,1,-0.03216695040464401,3.903651475906372
spectral_mean,esp_020133_1720_red-0022,esp_020133_1720,esp_020133_1720_red-0022_missing_patch_0.5,missing_patch,0.5,1,2.82719087600708,3.903651475906372
spectral_mean,esp_020133_1720_red-0022,esp_020133_1720,esp_020133_1720_red-0022_local_blur_0.15,local_blur,0.15,1,0.4216940701007843,3.903651475906372
spectral_mean,esp_020133_1720_red-0022,esp_020133_1720,esp_020133_1720_red-0022_local_blur_0.3,local_blur,0.3,1,0.4108029901981354,3.903651475906372
spectral_mean,esp_020133_1720_red-0022,esp_020133_1720,esp_020133_1720_red-0022_local_blur_0.5,local_blur,0.5,1,0.40926221013069153,3.903651475906372
spectral_mean,esp_020133_1720_red-0022,esp_020133_1720,esp_020133_1720_red-0022_patch_duplication_0.15,patch_duplication,0.15,1,0.41400936245918274,3.903651475906372
spectral_mean,esp_020133_1720_red-0022,esp_020133_1720,esp_020133_1720_red-0022_patch_duplication_0.3,patch_duplication,0.3,1,0.42466241121292114,3.903651475906372
spectral_mean,esp_020133_1720_red-0022,esp_020133_1720,esp_020133_1720_red-0022_patch_duplication_0.5,patch_duplication,0.5,1,0.4903164207935333,3.903651475906372
spectral_mean,esp_020133_1720_red-0022,esp_020133_1720,esp_020133_1720_red-0022_foreign_content_0.15,foreign_content,0.15,1,0.39358463883399963,3.903651475906372
spectral_mean,esp_020133_1720_red-0022,esp_020133_1720,esp_020133_1720_red-0022_foreign_content_0.3,foreign_content,0.3,1,0.17010097205638885,3.903651475906372
spectral_mean,esp_020133_1720_red-0022,esp_020133_1720,esp_020133_1720_red-0022_foreign_content_0.5,foreign_content,0.5,1,0.13613289594650269,3.903651475906372
spectral_mean,psp_006766_1850_red-0037,psp_006766_1850,psp_006766_1850_red-0037_clean,clean,0.0,0,3.916544198989868,3.903651475906372
spectral_mean,psp_006766_1850_red-0037,psp_006766_1850,psp_006766_1850_red-0037_stripes_0.15,stripes,0.15,1,3.8092639446258545,3.903651475906372
spectral_mean,psp_006766_1850_red-0037,psp_006766_1850,psp_006766_1850_red-0037_stripes_0.3,stripes,0.3,1,3.692922353744507,3.903651475906372
spectral_mean,psp_006766_1850_red-0037,psp_006766_1850,psp_006766_1850_red-0037_stripes_0.5,stripes,0.5,1,5.203997611999512,3.903651475906372
spectral_mean,psp_006766_1850_red-0037,psp_006766_1850,psp_006766_1850_red-0037_dead_pixels_0.15,dead_pixels,0.15,1,3.896751880645752,3.903651475906372
spectral_mean,psp_006766_1850_red-0037,psp_006766_1850,psp_006766_1850_red-0037_dead_pixels_0.3,dead_pixels,0.3,1,3.872920513153076,3.903651475906372
spectral_mean,psp_006766_1850_red-0037,psp_006766_1850,psp_006766_1850_red-0037_dead_pixels_0.5,dead_pixels,0.5,1,3.9686825275421143,3.903651475906372
spectral_mean,psp_006766_1850_red-0037,psp_006766_1850,psp_006766_1850_red-0037_missing_patch_0.15,missing_patch,0.15,1,3.843791961669922,3.903651475906372
spectral_mean,psp_006766_1850_red-0037,psp_006766_1850,psp_006766_1850_red-0037_missing_patch_0.3,missing_patch,0.3,1,4.155397415161133,3.903651475906372
spectral_mean,psp_006766_1850_red-0037,psp_006766_1850,psp_006766_1850_red-0037_missing_patch_0.5,missing_patch,0.5,1,4.341146469116211,3.903651475906372
spectral_mean,psp_006766_1850_red-0037,psp_006766_1850,psp_006766_1850_red-0037_local_blur_0.15,local_blur,0.15,1,3.8913955688476562,3.903651475906372
spectral_mean,psp_006766_1850_red-0037,psp_006766_1850,psp_006766_1850_red-0037_local_blur_0.3,local_blur,0.3,1,3.879660129547119,3.903651475906372
spectral_mean,psp_006766_1850_red-0037,psp_006766_1850,psp_006766_1850_red-0037_local_blur_0.5,local_blur,0.5,1,3.9069817066192627,3.903651475906372
spectral_mean,psp_006766_1850_red-0037,psp_006766_1850,psp_006766_1850_red-0037_patch_duplication_0.15,patch_duplication,0.15,1,3.493039846420288,3.903651475906372
spectral_mean,psp_006766_1850_red-0037,psp_006766_1850,psp_006766_1850_red-0037_patch_duplication_0.3,patch_duplication,0.3,1,2.9232876300811768,3.903651475906372
spectral_mean,psp_006766_1850_red-0037,psp_006766_1850,psp_006766_1850_red-0037_patch_duplication_0.5,patch_duplication,0.5,1,3.0105490684509277,3.903651475906372
spectral_mean,psp_006766_1850_red-0037,psp_006766_1850,psp_006766_1850_red-0037_foreign_content_0.15,foreign_content,0.15,1,3.8559165000915527,3.903651475906372
spectral_mean,psp_006766_1850_red-0037,psp_006766_1850,psp_006766_1850_red-0037_foreign_content_0.3,foreign_content,0.3,1,3.856119394302368,3.903651475906372
spectral_mean,psp_006766_1850_red-0037,psp_006766_1850,psp_006766_1850_red-0037_foreign_content_0.5,foreign_content,0.5,1,3.7260255813598633,3.903651475906372
spectral_mean,esp_019559_1390_red-0576,esp_019559_1390,esp_019559_1390_red-0576_clean,clean,0.0,0,-0.682725727558136,3.903651475906372
spectral_mean,esp_019559_1390_red-0576,esp_019559_1390,esp_019559_1390_red-0576_stripes_0.15,stripes,0.15,1,-0.7301943302154541,3.903651475906372
spectral_mean,esp_019559_1390_red-0576,esp_019559_1390,esp_019559_1390_red-0576_stripes_0.3,stripes,0.3,1,2.3612887859344482,3.903651475906372
spectral_mean,esp_019559_1390_red-0576,esp_019559_1390,esp_019559_1390_red-0576_stripes_0.5,stripes,0.5,1,6.033361911773682,3.903651475906372
spectral_mean,esp_019559_1390_red-0576,esp_019559_1390,esp_019559_1390_red-0576_dead_pixels_0.15,dead_pixels,0.15,1,-0.8004633188247681,3.903651475906372
spectral_mean,esp_019559_1390_red-0576,esp_019559_1390,esp_019559_1390_red-0576_dead_pixels_0.3,dead_pixels,0.3,1,-0.7124991416931152,3.903651475906372
spectral_mean,esp_019559_1390_red-0576,esp_019559_1390,esp_019559_1390_red-0576_dead_pixels_0.5,dead_pixels,0.5,1,-0.538465678691864,3.903651475906372
spectral_mean,esp_019559_1390_red-0576,esp_019559_1390,esp_019559_1390_red-0576_missing_patch_0.15,missing_patch,0.15,1,-0.29303833842277527,3.903651475906372
spectral_mean,esp_019559_1390_red-0576,esp_019559_1390,esp_019559_1390_red-0576_missing_patch_0.3,missing_patch,0.3,1,0.8071108460426331,3.903651475906372
spectral_mean,esp_019559_1390_red-0576,esp_019559_1390,esp_019559_1390_red-0576_missing_patch_0.5,missing_patch,0.5,1,0.6708316206932068,3.903651475906372
spectral_mean,esp_019559_1390_red-0576,esp_019559_1390,esp_019559_1390_red-0576_local_blur_0.15,local_blur,0.15,1,-0.666569709777832,3.903651475906372
spectral_mean,esp_019559_1390_red-0576,esp_019559_1390,esp_019559_1390_red-0576_local_blur_0.3,local_blur,0.3,1,-0.6377517580986023,3.903651475906372
spectral_mean,esp_019559_1390_red-0576,esp_019559_1390,esp_019559_1390_red-0576_local_blur_0.5,local_blur,0.5,1,-0.5726218819618225,3.903651475906372
spectral_mean,esp_019559_1390_red-0576,esp_019559_1390,esp_019559_1390_red-0576_patch_duplication_0.15,patch_duplication,0.15,1,-0.8480913639068604,3.903651475906372
spectral_mean,esp_019559_1390_red-0576,esp_019559_1390,esp_019559_1390_red-0576_patch_duplication_0.3,patch_duplication,0.3,1,-0.7049617767333984,3.903651475906372
spectral_mean,esp_019559_1390_red-0576,esp_019559_1390,esp_019559_1390_red-0576_patch_duplication_0.5,patch_duplication,0.5,1,-0.9978887438774109,3.903651475906372
spectral_mean,esp_019559_1390_red-0576,esp_019559_1390,esp_019559_1390_red-0576_foreign_content_0.15,foreign_content,0.15,1,-0.7301838397979736,3.903651475906372
spectral_mean,esp_019559_1390_red-0576,esp_019559_1390,esp_019559_1390_red-0576_foreign_content_0.3,foreign_content,0.3,1,-0.6968772411346436,3.903651475906372
spectral_mean,esp_019559_1390_red-0576,esp_019559_1390,esp_019559_1390_red-0576_foreign_content_0.5,foreign_content,0.5,1,-0.44189417362213135,3.903651475906372
spectral_mean,esp_016781_2055_red-0188,esp_016781_2055,esp_016781_2055_red-0188_clean,clean,0.0,0,4.6262383460998535,3.903651475906372
spectral_mean,esp_016781_2055_red-0188,esp_016781_2055,esp_016781_2055_red-0188_stripes_0.15,stripes,0.15,1,4.356616973876953,3.903651475906372
spectral_mean,esp_016781_2055_red-0188,esp_016781_2055,esp_016781_2055_red-0188_stripes_0.3,stripes,0.3,1,4.061428070068359,3.903651475906372
spectral_mean,esp_016781_2055_red-0188,esp_016781_2055,esp_016781_2055_red-0188_stripes_0.5,stripes,0.5,1,5.535876274108887,3.903651475906372
spectral_mean,esp_016781_2055_red-0188,esp_016781_2055,esp_016781_2055_red-0188_dead_pixels_0.15,dead_pixels,0.15,1,4.498969078063965,3.903651475906372
spectral_mean,esp_016781_2055_red-0188,esp_016781_2055,esp_016781_2055_red-0188_dead_pixels_0.3,dead_pixels,0.3,1,4.382791042327881,3.903651475906372
spectral_mean,esp_016781_2055_red-0188,esp_016781_2055,esp_016781_2055_red-0188_dead_pixels_0.5,dead_pixels,0.5,1,4.335011959075928,3.903651475906372
spectral_mean,esp_016781_2055_red-0188,esp_016781_2055,esp_016781_2055_red-0188_missing_patch_0.15,missing_patch,0.15,1,4.697803497314453,3.903651475906372
spectral_mean,esp_016781_2055_red-0188,esp_016781_2055,esp_016781_2055_red-0188_missing_patch_0.3,missing_patch,0.3,1,4.825692176818848,3.903651475906372
spectral_mean,esp_016781_2055_red-0188,esp_016781_2055,esp_016781_2055_red-0188_missing_patch_0.5,missing_patch,0.5,1,5.301502227783203,3.903651475906372
spectral_mean,esp_016781_2055_red-0188,esp_016781_2055,esp_016781_2055_red-0188_local_blur_0.15,local_blur,0.15,1,4.630916595458984,3.903651475906372
spectral_mean,esp_016781_2055_red-0188,esp_016781_2055,esp_016781_2055_red-0188_local_blur_0.3,local_blur,0.3,1,4.629228591918945,3.903651475906372
spectral_mean,esp_016781_2055_red-0188,esp_016781_2055,esp_016781_2055_red-0188_local_blur_0.5,local_blur,0.5,1,4.614142894744873,3.903651475906372
spectral_mean,esp_016781_2055_red-0188,esp_016781_2055,esp_016781_2055_red-0188_patch_duplication_0.15,patch_duplication,0.15,1,4.422613143920898,3.903651475906372
spectral_mean,esp_016781_2055_red-0188,esp_016781_2055,esp_016781_2055_red-0188_patch_duplication_0.3,patch_duplication,0.3,1,4.102527141571045,3.903651475906372
spectral_mean,esp_016781_2055_red-0188,esp_016781_2055,esp_016781_2055_red-0188_patch_duplication_0.5,patch_duplication,0.5,1,3.9275968074798584,3.903651475906372
spectral_mean,esp_016781_2055_red-0188,esp_016781_2055,esp_016781_2055_red-0188_foreign_content_0.15,foreign_content,0.15,1,4.528504371643066,3.903651475906372
spectral_mean,esp_016781_2055_red-0188,esp_016781_2055,esp_016781_2055_red-0188_foreign_content_0.3,foreign_content,0.3,1,4.6426472663879395,3.903651475906372
spectral_mean,esp_016781_2055_red-0188,esp_016781_2055,esp_016781_2055_red-0188_foreign_content_0.5,foreign_content,0.5,1,4.967712879180908,3.903651475906372
spectral_mean,esp_016613_2570_red-0034,esp_016613_2570,esp_016613_2570_red-0034_clean,clean,0.0,0,4.201168537139893,3.903651475906372
spectral_mean,esp_016613_2570_red-0034,esp_016613_2570,esp_016613_2570_red-0034_stripes_0.15,stripes,0.15,1,4.218900680541992,3.903651475906372
spectral_mean,esp_016613_2570_red-0034,esp_016613_2570,esp_016613_2570_red-0034_stripes_0.3,stripes,0.3,1,4.199892044067383,3.903651475906372
spectral_mean,esp_016613_2570_red-0034,esp_016613_2570,esp_016613_2570_red-0034_stripes_0.5,stripes,0.5,1,6.163140773773193,3.903651475906372
spectral_mean,esp_016613_2570_red-0034,esp_016613_2570,esp_016613_2570_red-0034_dead_pixels_0.15,dead_pixels,0.15,1,4.149234771728516,3.903651475906372
spectral_mean,esp_016613_2570_red-0034,esp_016613_2570,esp_016613_2570_red-0034_dead_pixels_0.3,dead_pixels,0.3,1,4.0442118644714355,3.903651475906372
spectral_mean,esp_016613_2570_red-0034,esp_016613_2570,esp_016613_2570_red-0034_dead_pixels_0.5,dead_pixels,0.5,1,3.913526773452759,3.903651475906372
spectral_mean,esp_016613_2570_red-0034,esp_016613_2570,esp_016613_2570_red-0034_missing_patch_0.15,missing_patch,0.15,1,3.318410873413086,3.903651475906372
spectral_mean,esp_016613_2570_red-0034,esp_016613_2570,esp_016613_2570_red-0034_missing_patch_0.3,missing_patch,0.3,1,3.0454351902008057,3.903651475906372
spectral_mean,esp_016613_2570_red-0034,esp_016613_2570,esp_016613_2570_red-0034_missing_patch_0.5,missing_patch,0.5,1,4.5220441818237305,3.903651475906372
spectral_mean,esp_016613_2570_red-0034,esp_016613_2570,esp_016613_2570_red-0034_local_blur_0.15,local_blur,0.15,1,4.218344688415527,3.903651475906372
spectral_mean,esp_016613_2570_red-0034,esp_016613_2570,esp_016613_2570_red-0034_local_blur_0.3,local_blur,0.3,1,4.217715263366699,3.903651475906372
spectral_mean,esp_016613_2570_red-0034,esp_016613_2570,esp_016613_2570_red-0034_local_blur_0.5,local_blur,0.5,1,4.343745231628418,3.903651475906372
spectral_mean,esp_016613_2570_red-0034,esp_016613_2570,esp_016613_2570_red-0034_patch_duplication_0.15,patch_duplication,0.15,1,4.2014546394348145,3.903651475906372
spectral_mean,esp_016613_2570_red-0034,esp_016613_2570,esp_016613_2570_red-0034_patch_duplication_0.3,patch_duplication,0.3,1,4.207036972045898,3.903651475906372
spectral_mean,esp_016613_2570_red-0034,esp_016613_2570,esp_016613_2570_red-0034_patch_duplication_0.5,patch_duplication,0.5,1,4.2121381759643555,3.903651475906372
spectral_mean,esp_016613_2570_red-0034,esp_016613_2570,esp_016613_2570_red-0034_foreign_content_0.15,foreign_content,0.15,1,4.159456253051758,3.903651475906372
spectral_mean,esp_016613_2570_red-0034,esp_016613_2570,esp_016613_2570_red-0034_foreign_content_0.3,foreign_content,0.3,1,4.229279041290283,3.903651475906372
spectral_mean,esp_016613_2570_red-0034,esp_016613_2570,esp_016613_2570_red-0034_foreign_content_0.5,foreign_content,0.5,1,3.7838857173919678,3.903651475906372
spectral_mean,esp_017395_1700_red-0007,esp_017395_1700,esp_017395_1700_red-0007_clean,clean,0.0,0,0.2293756604194641,3.903651475906372
spectral_mean,esp_017395_1700_red-0007,esp_017395_1700,esp_017395_1700_red-0007_stripes_0.15,stripes,0.15,1,0.2723477780818939,3.903651475906372
spectral_mean,esp_017395_1700_red-0007,esp_017395_1700,esp_017395_1700_red-0007_stripes_0.3,stripes,0.3,1,2.5392158031463623,3.903651475906372
spectral_mean,esp_017395_1700_red-0007,esp_017395_1700,esp_017395_1700_red-0007_stripes_0.5,stripes,0.5,1,6.10447359085083,3.903651475906372
spectral_mean,esp_017395_1700_red-0007,esp_017395_1700,esp_017395_1700_red-0007_dead_pixels_0.15,dead_pixels,0.15,1,0.3086282014846802,3.903651475906372
spectral_mean,esp_017395_1700_red-0007,esp_017395_1700,esp_017395_1700_red-0007_dead_pixels_0.3,dead_pixels,0.3,1,0.07216495275497437,3.903651475906372
spectral_mean,esp_017395_1700_red-0007,esp_017395_1700,esp_017395_1700_red-0007_dead_pixels_0.5,dead_pixels,0.5,1,0.054308198392391205,3.903651475906372
spectral_mean,esp_017395_1700_red-0007,esp_017395_1700,esp_017395_1700_red-0007_missing_patch_0.15,missing_patch,0.15,1,0.35367727279663086,3.903651475906372
spectral_mean,esp_017395_1700_red-0007,esp_017395_1700,esp_017395_1700_red-0007_missing_patch_0.3,missing_patch,0.3,1,0.40526512265205383,3.903651475906372
spectral_mean,esp_017395_1700_red-0007,esp_017395_1700,esp_017395_1700_red-0007_missing_patch_0.5,missing_patch,0.5,1,-0.24410460889339447,3.903651475906372
spectral_mean,esp_017395_1700_red-0007,esp_017395_1700,esp_017395_1700_red-0007_local_blur_0.15,local_blur,0.15,1,0.2275734841823578,3.903651475906372
spectral_mean,esp_017395_1700_red-0007,esp_017395_1700,esp_017395_1700_red-0007_local_blur_0.3,local_blur,0.3,1,0.20949921011924744,3.903651475906372
spectral_mean,esp_017395_1700_red-0007,esp_017395_1700,esp_017395_1700_red-0007_local_blur_0.5,local_blur,0.5,1,0.14496617019176483,3.903651475906372
spectral_mean,esp_017395_1700_red-0007,esp_017395_1700,esp_017395_1700_red-0007_patch_duplication_0.15,patch_duplication,0.15,1,0.24108532071113586,3.903651475906372
spectral_mean,esp_017395_1700_red-0007,esp_017395_1700,esp_017395_1700_red-0007_patch_duplication_0.3,patch_duplication,0.3,1,0.3522770404815674,3.903651475906372
spectral_mean,esp_017395_1700_red-0007,esp_017395_1700,esp_017395_1700_red-0007_patch_duplication_0.5,patch_duplication,0.5,1,0.41926324367523193,3.903651475906372
spectral_mean,esp_017395_1700_red-0007,esp_017395_1700,esp_017395_1700_red-0007_foreign_content_0.15,foreign_content,0.15,1,0.2838616967201233,3.903651475906372
spectral_mean,esp_017395_1700_red-0007,esp_017395_1700,esp_017395_1700_red-0007_foreign_content_0.3,foreign_content,0.3,1,0.49116969108581543,3.903651475906372
spectral_mean,esp_017395_1700_red-0007,esp_017395_1700,esp_017395_1700_red-0007_foreign_content_0.5,foreign_content,0.5,1,0.6695183515548706,3.903651475906372
spectral_mean,esp_012057_0950_red-0111,esp_012057_0950,esp_012057_0950_red-0111_clean,clean,0.0,0,-0.6490810513496399,3.903651475906372
spectral_mean,esp_012057_0950_red-0111,esp_012057_0950,esp_012057_0950_red-0111_stripes_0.15,stripes,0.15,1,-0.5604813694953918,3.903651475906372
spectral_mean,esp_012057_0950_red-0111,esp_012057_0950,esp_012057_0950_red-0111_stripes_0.3,stripes,0.3,1,2.3941359519958496,3.903651475906372
spectral_mean,esp_012057_0950_red-0111,esp_012057_0950,esp_012057_0950_red-0111_stripes_0.5,stripes,0.5,1,6.223546504974365,3.903651475906372
spectral_mean,esp_012057_0950_red-0111,esp_012057_0950,esp_012057_0950_red-0111_dead_pixels_0.15,dead_pixels,0.15,1,-0.5743817687034607,3.903651475906372
spectral_mean,esp_012057_0950_red-0111,esp_012057_0950,esp_012057_0950_red-0111_dead_pixels_0.3,dead_pixels,0.3,1,-0.5645354390144348,3.903651475906372
spectral_mean,esp_012057_0950_red-0111,esp_012057_0950,esp_012057_0950_red-0111_dead_pixels_0.5,dead_pixels,0.5,1,-0.22587665915489197,3.903651475906372
spectral_mean,esp_012057_0950_red-0111,esp_012057_0950,esp_012057_0950_red-0111_missing_patch_0.15,missing_patch,0.15,1,-0.5806536078453064,3.903651475906372
spectral_mean,esp_012057_0950_red-0111,esp_012057_0950,esp_012057_0950_red-0111_missing_patch_0.3,missing_patch,0.3,1,-0.7168629765510559,3.903651475906372
spectral_mean,esp_012057_0950_red-0111,esp_012057_0950,esp_012057_0950_red-0111_missing_patch_0.5,missing_patch,0.5,1,1.329582929611206,3.903651475906372
spectral_mean,esp_012057_0950_red-0111,esp_012057_0950,esp_012057_0950_red-0111_local_blur_0.15,local_blur,0.15,1,-0.6484825611114502,3.903651475906372
spectral_mean,esp_012057_0950_red-0111,esp_012057_0950,esp_012057_0950_red-0111_local_blur_0.3,local_blur,0.3,1,-0.6452124118804932,3.903651475906372
spectral_mean,esp_012057_0950_red-0111,esp_012057_0950,esp_012057_0950_red-0111_local_blur_0.5,local_blur,0.5,1,-0.6378639340400696,3.903651475906372
spectral_mean,esp_012057_0950_red-0111,esp_012057_0950,esp_012057_0950_red-0111_patch_duplication_0.15,patch_duplication,0.15,1,-0.6667124032974243,3.903651475906372
spectral_mean,esp_012057_0950_red-0111,esp_012057_0950,esp_012057_0950_red-0111_patch_duplication_0.3,patch_duplication,0.3,1,-0.6824420094490051,3.903651475906372
spectral_mean,esp_012057_0950_red-0111,esp_012057_0950,esp_012057_0950_red-0111_patch_duplication_0.5,patch_duplication,0.5,1,-0.8521092534065247,3.903651475906372
spectral_mean,esp_012057_0950_red-0111,esp_012057_0950,esp_012057_0950_red-0111_foreign_content_0.15,foreign_content,0.15,1,-0.5982970595359802,3.903651475906372
spectral_mean,esp_012057_0950_red-0111,esp_012057_0950,esp_012057_0950_red-0111_foreign_content_0.3,foreign_content,0.3,1,-0.6011406183242798,3.903651475906372
spectral_mean,esp_012057_0950_red-0111,esp_012057_0950,esp_012057_0950_red-0111_foreign_content_0.5,foreign_content,0.5,1,-0.07326201349496841,3.903651475906372
spectral_mean,esp_049651_1050_red-0070,esp_049651_1050,esp_049651_1050_red-0070_clean,clean,0.0,0,-1.7842779159545898,3.903651475906372
spectral_mean,esp_049651_1050_red-0070,esp_049651_1050,esp_049651_1050_red-0070_stripes_0.15,stripes,0.15,1,-0.8809219598770142,3.903651475906372
spectral_mean,esp_049651_1050_red-0070,esp_049651_1050,esp_049651_1050_red-0070_stripes_0.3,stripes,0.3,1,2.584733486175537,3.903651475906372
spectral_mean,esp_049651_1050_red-0070,esp_049651_1050,esp_049651_1050_red-0070_stripes_0.5,stripes,0.5,1,6.330556869506836,3.903651475906372
spectral_mean,esp_049651_1050_red-0070,esp_049651_1050,esp_049651_1050_red-0070_dead_pixels_0.15,dead_pixels,0.15,1,-1.7969167232513428,3.903651475906372
spectral_mean,esp_049651_1050_red-0070,esp_049651_1050,esp_049651_1050_red-0070_dead_pixels_0.3,dead_pixels,0.3,1,-1.8492497205734253,3.903651475906372
spectral_mean,esp_049651_1050_red-0070,esp_049651_1050,esp_049651_1050_red-0070_dead_pixels_0.5,dead_pixels,0.5,1,-1.8804347515106201,3.903651475906372
spectral_mean,esp_049651_1050_red-0070,esp_049651_1050,esp_049651_1050_red-0070_missing_patch_0.15,missing_patch,0.15,1,-0.4684152603149414,3.903651475906372
spectral_mean,esp_049651_1050_red-0070,esp_049651_1050,esp_049651_1050_red-0070_missing_patch_0.3,missing_patch,0.3,1,1.4218326807022095,3.903651475906372
spectral_mean,esp_049651_1050_red-0070,esp_049651_1050,esp_049651_1050_red-0070_missing_patch_0.5,missing_patch,0.5,1,3.353684425354004,3.903651475906372
spectral_mean,esp_049651_1050_red-0070,esp_049651_1050,esp_049651_1050_red-0070_local_blur_0.15,local_blur,0.15,1,-1.7789671421051025,3.903651475906372
spectral_mean,esp_049651_1050_red-0070,esp_049651_1050,esp_049651_1050_red-0070_local_blur_0.3,local_blur,0.3,1,-1.7211899757385254,3.903651475906372
spectral_mean,esp_049651_1050_red-0070,esp_049651_1050,esp_049651_1050_red-0070_local_blur_0.5,local_blur,0.5,1,-1.6226259469985962,3.903651475906372
spectral_mean,esp_049651_1050_red-0070,esp_049651_1050,esp_049651_1050_red-0070_patch_duplication_0.15,patch_duplication,0.15,1,-1.7881335020065308,3.903651475906372
spectral_mean,esp_049651_1050_red-0070,esp_049651_1050,esp_049651_1050_red-0070_patch_duplication_0.3,patch_duplication,0.3,1,-1.7874699831008911,3.903651475906372
spectral_mean,esp_049651_1050_red-0070,esp_049651_1050,esp_049651_1050_red-0070_patch_duplication_0.5,patch_duplication,0.5,1,-1.656095266342163,3.903651475906372
spectral_mean,esp_049651_1050_red-0070,esp_049651_1050,esp_049651_1050_red-0070_foreign_content_0.15,foreign_content,0.15,1,-1.7950981855392456,3.903651475906372
spectral_mean,esp_049651_1050_red-0070,esp_049651_1050,esp_049651_1050_red-0070_foreign_content_0.3,foreign_content,0.3,1,-1.7891374826431274,3.903651475906372
spectral_mean,esp_049651_1050_red-0070,esp_049651_1050,esp_049651_1050_red-0070_foreign_content_0.5,foreign_content,0.5,1,-1.3114454746246338,3.903651475906372
spectral_mean,psp_006766_1850_red-0101,psp_006766_1850,psp_006766_1850_red-0101_clean,clean,0.0,0,-0.7116403579711914,3.903651475906372
spectral_mean,psp_006766_1850_red-0101,psp_006766_1850,psp_006766_1850_red-0101_stripes_0.15,stripes,0.15,1,-0.7494699358940125,3.903651475906372
spectral_mean,psp_006766_1850_red-0101,psp_006766_1850,psp_006766_1850_red-0101_stripes_0.3,stripes,0.3,1,2.777506113052368,3.903651475906372
spectral_mean,psp_006766_1850_red-0101,psp_006766_1850,psp_006766_1850_red-0101_stripes_0.5,stripes,0.5,1,6.260138511657715,3.903651475906372
spectral_mean,psp_006766_1850_red-0101,psp_006766_1850,psp_006766_1850_red-0101_dead_pixels_0.15,dead_pixels,0.15,1,-0.6492709517478943,3.903651475906372
spectral_mean,psp_006766_1850_red-0101,psp_006766_1850,psp_006766_1850_red-0101_dead_pixels_0.3,dead_pixels,0.3,1,-0.5943230986595154,3.903651475906372
spectral_mean,psp_006766_1850_red-0101,psp_006766_1850,psp_006766_1850_red-0101_dead_pixels_0.5,dead_pixels,0.5,1,-0.5751131176948547,3.903651475906372
spectral_mean,psp_006766_1850_red-0101,psp_006766_1850,psp_006766_1850_red-0101_missing_patch_0.15,missing_patch,0.15,1,-0.6975947022438049,3.903651475906372
spectral_mean,psp_006766_1850_red-0101,psp_006766_1850,psp_006766_1850_red-0101_missing_patch_0.3,missing_patch,0.3,1,0.028956666588783264,3.903651475906372
spectral_mean,psp_006766_1850_red-0101,psp_006766_1850,psp_006766_1850_red-0101_missing_patch_0.5,missing_patch,0.5,1,0.7517830729484558,3.903651475906372
spectral_mean,psp_006766_1850_red-0101,psp_006766_1850,psp_006766_1850_red-0101_local_blur_0.15,local_blur,0.15,1,-0.728884220123291,3.903651475906372
spectral_mean,psp_006766_1850_red-0101,psp_006766_1850,psp_006766_1850_red-0101_local_blur_0.3,local_blur,0.3,1,-0.7270943522453308,3.903651475906372
spectral_mean,psp_006766_1850_red-0101,psp_006766_1850,psp_006766_1850_red-0101_local_blur_0.5,local_blur,0.5,1,-0.7266172766685486,3.903651475906372
spectral_mean,psp_006766_1850_red-0101,psp_006766_1850,psp_006766_1850_red-0101_patch_duplication_0.15,patch_duplication,0.15,1,-0.7159051299095154,3.903651475906372
spectral_mean,psp_006766_1850_red-0101,psp_006766_1850,psp_006766_1850_red-0101_patch_duplication_0.3,patch_duplication,0.3,1,-0.7237653732299805,3.903651475906372
spectral_mean,psp_006766_1850_red-0101,psp_006766_1850,psp_006766_1850_red-0101_patch_duplication_0.5,patch_duplication,0.5,1,-0.881494402885437,3.903651475906372
spectral_mean,psp_006766_1850_red-0101,psp_006766_1850,psp_006766_1850_red-0101_foreign_content_0.15,foreign_content,0.15,1,-0.6106584668159485,3.903651475906372
spectral_mean,psp_006766_1850_red-0101,psp_006766_1850,psp_006766_1850_red-0101_foreign_content_0.3,foreign_content,0.3,1,-0.6486567854881287,3.903651475906372
spectral_mean,psp_006766_1850_red-0101,psp_006766_1850,psp_006766_1850_red-0101_foreign_content_0.5,foreign_content,0.5,1,-1.6256170272827148,3.903651475906372
spectral_mean,esp_016148_2040_red-0097,esp_016148_2040,esp_016148_2040_red-0097_clean,clean,0.0,0,0.8472412824630737,3.903651475906372
spectral_mean,esp_016148_2040_red-0097,esp_016148_2040,esp_016148_2040_red-0097_stripes_0.15,stripes,0.15,1,0.7305287718772888,3.903651475906372
spectral_mean,esp_016148_2040_red-0097,esp_016148_2040,esp_016148_2040_red-0097_stripes_0.3,stripes,0.3,1,2.759859085083008,3.903651475906372
spectral_mean,esp_016148_2040_red-0097,esp_016148_2040,esp_016148_2040_red-0097_stripes_0.5,stripes,0.5,1,6.361294269561768,3.903651475906372
spectral_mean,esp_016148_2040_red-0097,esp_016148_2040,esp_016148_2040_red-0097_dead_pixels_0.15,dead_pixels,0.15,1,0.7474794387817383,3.903651475906372
spectral_mean,esp_016148_2040_red-0097,esp_016148_2040,esp_016148_2040_red-0097_dead_pixels_0.3,dead_pixels,0.3,1,0.6619752645492554,3.903651475906372
spectral_mean,esp_016148_2040_red-0097,esp_016148_2040,esp_016148_2040_red-0097_dead_pixels_0.5,dead_pixels,0.5,1,0.5500490069389343,3.903651475906372
spectral_mean,esp_016148_2040_red-0097,esp_016148_2040,esp_016148_2040_red-0097_missing_patch_0.15,missing_patch,0.15,1,0.4677414298057556,3.903651475906372
spectral_mean,esp_016148_2040_red-0097,esp_016148_2040,esp_016148_2040_red-0097_missing_patch_0.3,missing_patch,0.3,1,1.211817979812622,3.903651475906372
spectral_mean,esp_016148_2040_red-0097,esp_016148_2040,esp_016148_2040_red-0097_missing_patch_0.5,missing_patch,0.5,1,2.5032105445861816,3.903651475906372
spectral_mean,esp_016148_2040_red-0097,esp_016148_2040,esp_016148_2040_red-0097_local_blur_0.15,local_blur,0.15,1,0.8689671754837036,3.903651475906372
spectral_mean,esp_016148_2040_red-0097,esp_016148_2040,esp_016148_2040_red-0097_local_blur_0.3,local_blur,0.3,1,0.8540503978729248,3.903651475906372
spectral_mean,esp_016148_2040_red-0097,esp_016148_2040,esp_016148_2040_red-0097_local_blur_0.5,local_blur,0.5,1,0.8588377237319946,3.903651475906372
spectral_mean,esp_016148_2040_red-0097,esp_016148_2040,esp_016148_2040_red-0097_patch_duplication_0.15,patch_duplication,0.15,1,0.8482487201690674,3.903651475906372
spectral_mean,esp_016148_2040_red-0097,esp_016148_2040,esp_016148_2040_red-0097_patch_duplication_0.3,patch_duplication,0.3,1,0.8468104004859924,3.903651475906372
spectral_mean,esp_016148_2040_red-0097,esp_016148_2040,esp_016148_2040_red-0097_patch_duplication_0.5,patch_duplication,0.5,1,0.8472488522529602,3.903651475906372
spectral_mean,esp_016148_2040_red-0097,esp_016148_2040,esp_016148_2040_red-0097_foreign_content_0.15,foreign_content,0.15,1,0.7814921736717224,3.903651475906372
spectral_mean,esp_016148_2040_red-0097,esp_016148_2040,esp_016148_2040_red-0097_foreign_content_0.3,foreign_content,0.3,1,0.7329800724983215,3.903651475906372
spectral_mean,esp_016148_2040_red-0097,esp_016148_2040,esp_016148_2040_red-0097_foreign_content_0.5,foreign_content,0.5,1,0.1419295370578766,3.903651475906372
spectral_mean,esp_011716_0940_red-0008,esp_011716_0940,esp_011716_0940_red-0008_clean,clean,0.0,0,-0.3118434548377991,3.903651475906372
spectral_mean,esp_011716_0940_red-0008,esp_011716_0940,esp_011716_0940_red-0008_stripes_0.15,stripes,0.15,1,-0.34093543887138367,3.903651475906372
spectral_mean,esp_011716_0940_red-0008,esp_011716_0940,esp_011716_0940_red-0008_stripes_0.3,stripes,0.3,1,2.073599338531494,3.903651475906372
spectral_mean,esp_011716_0940_red-0008,esp_011716_0940,esp_011716_0940_red-0008_stripes_0.5,stripes,0.5,1,5.910240650177002,3.903651475906372
spectral_mean,esp_011716_0940_red-0008,esp_011716_0940,esp_011716_0940_red-0008_dead_pixels_0.15,dead_pixels,0.15,1,-0.318035751581192,3.903651475906372
spectral_mean,esp_011716_0940_red-0008,esp_011716_0940,esp_011716_0940_red-0008_dead_pixels_0.3,dead_pixels,0.3,1,-0.39699772000312805,3.903651475906372
spectral_mean,esp_011716_0940_red-0008,esp_011716_0940,esp_011716_0940_red-0008_dead_pixels_0.5,dead_pixels,0.5,1,-0.38672637939453125,3.903651475906372
spectral_mean,esp_011716_0940_red-0008,esp_011716_0940,esp_011716_0940_red-0008_missing_patch_0.15,missing_patch,0.15,1,-0.28889256715774536,3.903651475906372
spectral_mean,esp_011716_0940_red-0008,esp_011716_0940,esp_011716_0940_red-0008_missing_patch_0.3,missing_patch,0.3,1,-0.1613606959581375,3.903651475906372
spectral_mean,esp_011716_0940_red-0008,esp_011716_0940,esp_011716_0940_red-0008_missing_patch_0.5,missing_patch,0.5,1,-0.06010063365101814,3.903651475906372
spectral_mean,esp_011716_0940_red-0008,esp_011716_0940,esp_011716_0940_red-0008_local_blur_0.15,local_blur,0.15,1,-0.2978968620300293,3.903651475906372
spectral_mean,esp_011716_0940_red-0008,esp_011716_0940,esp_011716_0940_red-0008_local_blur_0.3,local_blur,0.3,1,-0.2847740948200226,3.903651475906372
spectral_mean,esp_011716_0940_red-0008,esp_011716_0940,esp_011716_0940_red-0008_local_blur_0.5,local_blur,0.5,1,-0.3050587773323059,3.903651475906372
spectral_mean,esp_011716_0940_red-0008,esp_011716_0940,esp_011716_0940_red-0008_patch_duplication_0.15,patch_duplication,0.15,1,-0.3055219352245331,3.903651475906372
spectral_mean,esp_011716_0940_red-0008,esp_011716_0940,esp_011716_0940_red-0008_patch_duplication_0.3,patch_duplication,0.3,1,-0.30403080582618713,3.903651475906372
spectral_mean,esp_011716_0940_red-0008,esp_011716_0940,esp_011716_0940_red-0008_patch_duplication_0.5,patch_duplication,0.5,1,-0.29472780227661133,3.903651475906372
spectral_mean,esp_011716_0940_red-0008,esp_011716_0940,esp_011716_0940_red-0008_foreign_content_0.15,foreign_content,0.15,1,-0.31409749388694763,3.903651475906372
spectral_mean,esp_011716_0940_red-0008,esp_011716_0940,esp_011716_0940_red-0008_foreign_content_0.3,foreign_content,0.3,1,-0.33652326464653015,3.903651475906372
spectral_mean,esp_011716_0940_red-0008,esp_011716_0940,esp_011716_0940_red-0008_foreign_content_0.5,foreign_content,0.5,1,-0.6967120170593262,3.903651475906372
spectral_mean,esp_013141_2105_red-0004,esp_013141_2105,esp_013141_2105_red-0004_clean,clean,0.0,0,0.4023624658584595,3.903651475906372
spectral_mean,esp_013141_2105_red-0004,esp_013141_2105,esp_013141_2105_red-0004_stripes_0.15,stripes,0.15,1,0.39927172660827637,3.903651475906372
spectral_mean,esp_013141_2105_red-0004,esp_013141_2105,esp_013141_2105_red-0004_stripes_0.3,stripes,0.3,1,2.3745365142822266,3.903651475906372
spectral_mean,esp_013141_2105_red-0004,esp_013141_2105,esp_013141_2105_red-0004_stripes_0.5,stripes,0.5,1,6.148373126983643,3.903651475906372
spectral_mean,esp_013141_2105_red-0004,esp_013141_2105,esp_013141_2105_red-0004_dead_pixels_0.15,dead_pixels,0.15,1,0.4411669969558716,3.903651475906372
spectral_mean,esp_013141_2105_red-0004,esp_013141_2105,esp_013141_2105_red-0004_dead_pixels_0.3,dead_pixels,0.3,1,0.4858821630477905,3.903651475906372
spectral_mean,esp_013141_2105_red-0004,esp_013141_2105,esp_013141_2105_red-0004_dead_pixels_0.5,dead_pixels,0.5,1,0.4906145930290222,3.903651475906372
spectral_mean,esp_013141_2105_red-0004,esp_013141_2105,esp_013141_2105_red-0004_missing_patch_0.15,missing_patch,0.15,1,-0.10772949457168579,3.903651475906372
spectral_mean,esp_013141_2105_red-0004,esp_013141_2105,esp_013141_2105_red-0004_missing_patch_0.3,missing_patch,0.3,1,-0.2734942138195038,3.903651475906372
spectral_mean,esp_013141_2105_red-0004,esp_013141_2105,esp_013141_2105_red-0004_missing_patch_0.5,missing_patch,0.5,1,1.660064697265625,3.903651475906372
spectral_mean,esp_013141_2105_red-0004,esp_013141_2105,esp_013141_2105_red-0004_local_blur_0.15,local_blur,0.15,1,0.4043532609939575,3.903651475906372
spectral_mean,esp_013141_2105_red-0004,esp_013141_2105,esp_013141_2105_red-0004_local_blur_0.3,local_blur,0.3,1,0.4000490605831146,3.903651475906372
spectral_mean,esp_013141_2105_red-0004,esp_013141_2105,esp_013141_2105_red-0004_local_blur_0.5,local_blur,0.5,1,0.3799755871295929,3.903651475906372
spectral_mean,esp_013141_2105_red-0004,esp_013141_2105,esp_013141_2105_red-0004_patch_duplication_0.15,patch_duplication,0.15,1,0.46349790692329407,3.903651475906372
spectral_mean,esp_013141_2105_red-0004,esp_013141_2105,esp_013141_2105_red-0004_patch_duplication_0.3,patch_duplication,0.3,1,0.46228763461112976,3.903651475906372
spectral_mean,esp_013141_2105_red-0004,esp_013141_2105,esp_013141_2105_red-0004_patch_duplication_0.5,patch_duplication,0.5,1,0.3364720344543457,3.903651475906372
spectral_mean,esp_013141_2105_red-0004,esp_013141_2105,esp_013141_2105_red-0004_foreign_content_0.15,foreign_content,0.15,1,0.32529041171073914,3.903651475906372
spectral_mean,esp_013141_2105_red-0004,esp_013141_2105,esp_013141_2105_red-0004_foreign_content_0.3,foreign_content,0.3,1,0.16177578270435333,3.903651475906372
spectral_mean,esp_013141_2105_red-0004,esp_013141_2105,esp_013141_2105_red-0004_foreign_content_0.5,foreign_content,0.5,1,-0.14803774654865265,3.903651475906372
spectral_mean,esp_016613_2570_red-0043,esp_016613_2570,esp_016613_2570_red-0043_clean,clean,0.0,0,3.3508803844451904,3.903651475906372
spectral_mean,esp_016613_2570_red-0043,esp_016613_2570,esp_016613_2570_red-0043_stripes_0.15,stripes,0.15,1,3.14674711227417,3.903651475906372
spectral_mean,esp_016613_2570_red-0043,esp_016613_2570,esp_016613_2570_red-0043_stripes_0.3,stripes,0.3,1,2.9420156478881836,3.903651475906372
spectral_mean,esp_016613_2570_red-0043,esp_016613_2570,esp_016613_2570_red-0043_stripes_0.5,stripes,0.5,1,5.98239278793335,3.903651475906372
spectral_mean,esp_016613_2570_red-0043,esp_016613_2570,esp_016613_2570_red-0043_dead_pixels_0.15,dead_pixels,0.15,1,3.2718615531921387,3.903651475906372
spectral_mean,esp_016613_2570_red-0043,esp_016613_2570,esp_016613_2570_red-0043_dead_pixels_0.3,dead_pixels,0.3,1,3.1810474395751953,3.903651475906372
spectral_mean,esp_016613_2570_red-0043,esp_016613_2570,esp_016613_2570_red-0043_dead_pixels_0.5,dead_pixels,0.5,1,3.0794663429260254,3.903651475906372
spectral_mean,esp_016613_2570_red-0043,esp_016613_2570,esp_016613_2570_red-0043_missing_patch_0.15,missing_patch,0.15,1,2.8113133907318115,3.903651475906372
spectral_mean,esp_016613_2570_red-0043,esp_016613_2570,esp_016613_2570_red-0043_missing_patch_0.3,missing_patch,0.3,1,4.349441051483154,3.903651475906372
spectral_mean,esp_016613_2570_red-0043,esp_016613_2570,esp_016613_2570_red-0043_missing_patch_0.5,missing_patch,0.5,1,4.558885097503662,3.903651475906372
spectral_mean,esp_016613_2570_red-0043,esp_016613_2570,esp_016613_2570_red-0043_local_blur_0.15,local_blur,0.15,1,3.3516621589660645,3.903651475906372
spectral_mean,esp_016613_2570_red-0043,esp_016613_2570,esp_016613_2570_red-0043_local_blur_0.3,local_blur,0.3,1,3.3508646488189697,3.903651475906372
spectral_mean,esp_016613_2570_red-0043,esp_016613_2570,esp_016613_2570_red-0043_local_blur_0.5,local_blur,0.5,1,3.420541524887085,3.903651475906372
spectral_mean,esp_016613_2570_red-0043,esp_016613_2570,esp_016613_2570_red-0043_patch_duplication_0.15,patch_duplication,0.15,1,3.344041109085083,3.903651475906372
spectral_mean,esp_016613_2570_red-0043,esp_016613_2570,esp_016613_2570_red-0043_patch_duplication_0.3,patch_duplication,0.3,1,3.4251677989959717,3.903651475906372
spectral_mean,esp_016613_2570_red-0043,esp_016613_2570,esp_016613_2570_red-0043_patch_duplication_0.5,patch_duplication,0.5,1,3.688638687133789,3.903651475906372
spectral_mean,esp_016613_2570_red-0043,esp_016613_2570,esp_016613_2570_red-0043_foreign_content_0.15,foreign_content,0.15,1,3.4055261611938477,3.903651475906372
spectral_mean,esp_016613_2570_red-0043,esp_016613_2570,esp_016613_2570_red-0043_foreign_content_0.3,foreign_content,0.3,1,3.1043825149536133,3.903651475906372
spectral_mean,esp_016613_2570_red-0043,esp_016613_2570,esp_016613_2570_red-0043_foreign_content_0.5,foreign_content,0.5,1,2.047095775604248,3.903651475906372
spectral_mean,esp_017395_1700_red-0049,esp_017395_1700,esp_017395_1700_red-0049_clean,clean,0.0,0,2.128761053085327,3.903651475906372
spectral_mean,esp_017395_1700_red-0049,esp_017395_1700,esp_017395_1700_red-0049_stripes_0.15,stripes,0.15,1,2.0838801860809326,3.903651475906372
spectral_mean,esp_017395_1700_red-0049,esp_017395_1700,esp_017395_1700_red-0049_stripes_0.3,stripes,0.3,1,2.22078537940979,3.903651475906372
spectral_mean,esp_017395_1700_red-0049,esp_017395_1700,esp_017395_1700_red-0049_stripes_0.5,stripes,0.5,1,5.830906867980957,3.903651475906372
spectral_mean,esp_017395_1700_red-0049,esp_017395_1700,esp_017395_1700_red-0049_dead_pixels_0.15,dead_pixels,0.15,1,1.9561196565628052,3.903651475906372
spectral_mean,esp_017395_1700_red-0049,esp_017395_1700,esp_017395_1700_red-0049_dead_pixels_0.3,dead_pixels,0.3,1,1.9856805801391602,3.903651475906372
spectral_mean,esp_017395_1700_red-0049,esp_017395_1700,esp_017395_1700_red-0049_dead_pixels_0.5,dead_pixels,0.5,1,1.8077136278152466,3.903651475906372
spectral_mean,esp_017395_1700_red-0049,esp_017395_1700,esp_017395_1700_red-0049_missing_patch_0.15,missing_patch,0.15,1,2.8509411811828613,3.903651475906372
spectral_mean,esp_017395_1700_red-0049,esp_017395_1700,esp_017395_1700_red-0049_missing_patch_0.3,missing_patch,0.3,1,3.1325442790985107,3.903651475906372
spectral_mean,esp_017395_1700_red-0049,esp_017395_1700,esp_017395_1700_red-0049_missing_patch_0.5,missing_patch,0.5,1,3.569638967514038,3.903651475906372
spectral_mean,esp_017395_1700_red-0049,esp_017395_1700,esp_017395_1700_red-0049_local_blur_0.15,local_blur,0.15,1,2.1332974433898926,3.903651475906372
spectral_mean,esp_017395_1700_red-0049,esp_017395_1700,esp_017395_1700_red-0049_local_blur_0.3,local_blur,0.3,1,2.133044719696045,3.903651475906372
spectral_mean,esp_017395_1700_red-0049,esp_017395_1700,esp_017395_1700_red-0049_local_blur_0.5,local_blur,0.5,1,2.0370256900787354,3.903651475906372
spectral_mean,esp_017395_1700_red-0049,esp_017395_1700,esp_017395_1700_red-0049_patch_duplication_0.15,patch_duplication,0.15,1,2.234691619873047,3.903651475906372
spectral_mean,esp_017395_1700_red-0049,esp_017395_1700,esp_017395_1700_red-0049_patch_duplication_0.3,patch_duplication,0.3,1,2.3499250411987305,3.903651475906372
spectral_mean,esp_017395_1700_red-0049,esp_017395_1700,esp_017395_1700_red-0049_patch_duplication_0.5,patch_duplication,0.5,1,2.0610246658325195,3.903651475906372
spectral_mean,esp_017395_1700_red-0049,esp_017395_1700,esp_017395_1700_red-0049_foreign_content_0.15,foreign_content,0.15,1,2.125847101211548,3.903651475906372
spectral_mean,esp_017395_1700_red-0049,esp_017395_1700,esp_017395_1700_red-0049_foreign_content_0.3,foreign_content,0.3,1,2.2112879753112793,3.903651475906372
spectral_mean,esp_017395_1700_red-0049,esp_017395_1700,esp_017395_1700_red-0049_foreign_content_0.5,foreign_content,0.5,1,2.1932668685913086,3.903651475906372
spectral_mean,esp_012588_0930_red-0008,esp_012588_0930,esp_012588_0930_red-0008_clean,clean,0.0,0,-1.5491669178009033,3.903651475906372
spectral_mean,esp_012588_0930_red-0008,esp_012588_0930,esp_012588_0930_red-0008_stripes_0.15,stripes,0.15,1,-1.200196385383606,3.903651475906372
spectral_mean,esp_012588_0930_red-0008,esp_012588_0930,esp_012588_0930_red-0008_stripes_0.3,stripes,0.3,1,2.412313222885132,3.903651475906372
spectral_mean,esp_012588_0930_red-0008,esp_012588_0930,esp_012588_0930_red-0008_stripes_0.5,stripes,0.5,1,6.151879787445068,3.903651475906372
spectral_mean,esp_012588_0930_red-0008,esp_012588_0930,esp_012588_0930_red-0008_dead_pixels_0.15,dead_pixels,0.15,1,-1.4151195287704468,3.903651475906372
spectral_mean,esp_012588_0930_red-0008,esp_012588_0930,esp_012588_0930_red-0008_dead_pixels_0.3,dead_pixels,0.3,1,-1.2553585767745972,3.903651475906372
spectral_mean,esp_012588_0930_red-0008,esp_012588_0930,esp_012588_0930_red-0008_dead_pixels_0.5,dead_pixels,0.5,1,-1.289790153503418,3.903651475906372
spectral_mean,esp_012588_0930_red-0008,esp_012588_0930,esp_012588_0930_red-0008_missing_patch_0.15,missing_patch,0.15,1,-0.7916005849838257,3.903651475906372
spectral_mean,esp_012588_0930_red-0008,esp_012588_0930,esp_012588_0930_red-0008_missing_patch_0.3,missing_patch,0.3,1,1.105857014656067,3.903651475906372
spectral_mean,esp_012588_0930_red-0008,esp_012588_0930,esp_012588_0930_red-0008_missing_patch_0.5,missing_patch,0.5,1,1.696800708770752,3.903651475906372
spectral_mean,esp_012588_0930_red-0008,esp_012588_0930,esp_012588_0930_red-0008_local_blur_0.15,local_blur,0.15,1,-1.575704574584961,3.903651475906372
spectral_mean,esp_012588_0930_red-0008,esp_012588_0930,esp_012588_0930_red-0008_local_blur_0.3,local_blur,0.3,1,-1.5121506452560425,3.903651475906372
spectral_mean,esp_012588_0930_red-0008,esp_012588_0930,esp_012588_0930_red-0008_local_blur_0.5,local_blur,0.5,1,-1.4700243473052979,3.903651475906372
spectral_mean,esp_012588_0930_red-0008,esp_012588_0930,esp_012588_0930_red-0008_patch_duplication_0.15,patch_duplication,0.15,1,-1.5483882427215576,3.903651475906372
spectral_mean,esp_012588_0930_red-0008,esp_012588_0930,esp_012588_0930_red-0008_patch_duplication_0.3,patch_duplication,0.3,1,-1.5641846656799316,3.903651475906372
spectral_mean,esp_012588_0930_red-0008,esp_012588_0930,esp_012588_0930_red-0008_patch_duplication_0.5,patch_duplication,0.5,1,-1.6701476573944092,3.903651475906372
spectral_mean,esp_012588_0930_red-0008,esp_012588_0930,esp_012588_0930_red-0008_foreign_content_0.15,foreign_content,0.15,1,-1.5011711120605469,3.903651475906372
spectral_mean,esp_012588_0930_red-0008,esp_012588_0930,esp_012588_0930_red-0008_foreign_content_0.3,foreign_content,0.3,1,-1.3232929706573486,3.903651475906372
spectral_mean,esp_012588_0930_red-0008,esp_012588_0930,esp_012588_0930_red-0008_foreign_content_0.5,foreign_content,0.5,1,-0.828890860080719,3.903651475906372
spectral_mean,esp_049651_1050_red-0030,esp_049651_1050,esp_049651_1050_red-0030_clean,clean,0.0,0,0.12936188280582428,3.903651475906372
spectral_mean,esp_049651_1050_red-0030,esp_049651_1050,esp_049651_1050_red-0030_stripes_0.15,stripes,0.15,1,0.2652615010738373,3.903651475906372
spectral_mean,esp_049651_1050_red-0030,esp_049651_1050,esp_049651_1050_red-0030_stripes_0.3,stripes,0.3,1,2.597707986831665,3.903651475906372
spectral_mean,esp_049651_1050_red-0030,esp_049651_1050,esp_049651_1050_red-0030_stripes_0.5,stripes,0.5,1,6.236200332641602,3.903651475906372
spectral_mean,esp_049651_1050_red-0030,esp_049651_1050,esp_049651_1050_red-0030_dead_pixels_0.15,dead_pixels,0.15,1,0.06414817273616791,3.903651475906372
spectral_mean,esp_049651_1050_red-0030,esp_049651_1050,esp_049651_1050_red-0030_dead_pixels_0.3,dead_pixels,0.3,1,0.040491361171007156,3.903651475906372
spectral_mean,esp_049651_1050_red-0030,esp_049651_1050,esp_049651_1050_red-0030_dead_pixels_0.5,dead_pixels,0.5,1,-0.041926007717847824,3.903651475906372
spectral_mean,esp_049651_1050_red-0030,esp_049651_1050,esp_049651_1050_red-0030_missing_patch_0.15,missing_patch,0.15,1,0.30691877007484436,3.903651475906372
spectral_mean,esp_049651_1050_red-0030,esp_049651_1050,esp_049651_1050_red-0030_missing_patch_0.3,missing_patch,0.3,1,0.760482668876648,3.903651475906372
spectral_mean,esp_049651_1050_red-0030,esp_049651_1050,esp_049651_1050_red-0030_missing_patch_0.5,missing_patch,0.5,1,1.0349459648132324,3.903651475906372
spectral_mean,esp_049651_1050_red-0030,esp_049651_1050,esp_049651_1050_red-0030_local_blur_0.15,local_blur,0.15,1,0.12547460198402405,3.903651475906372
spectral_mean,esp_049651_1050_red-0030,esp_049651_1050,esp_049651_1050_red-0030_local_blur_0.3,local_blur,0.3,1,0.12063631415367126,3.903651475906372
spectral_mean,esp_049651_1050_red-0030,esp_049651_1050,esp_049651_1050_red-0030_local_blur_0.5,local_blur,0.5,1,0.1420346200466156,3.903651475906372
spectral_mean,esp_049651_1050_red-0030,esp_049651_1050,esp_049651_1050_red-0030_patch_duplication_0.15,patch_duplication,0.15,1,0.10797224193811417,3.903651475906372
spectral_mean,esp_049651_1050_red-0030,esp_049651_1050,esp_049651_1050_red-0030_patch_duplication_0.3,patch_duplication,0.3,1,0.08210238814353943,3.903651475906372
spectral_mean,esp_049651_1050_red-0030,esp_049651_1050,esp_049651_1050_red-0030_patch_duplication_0.5,patch_duplication,0.5,1,0.060779470950365067,3.903651475906372
spectral_mean,esp_049651_1050_red-0030,esp_049651_1050,esp_049651_1050_red-0030_foreign_content_0.15,foreign_content,0.15,1,0.05685882642865181,3.903651475906372
spectral_mean,esp_049651_1050_red-0030,esp_049651_1050,esp_049651_1050_red-0030_foreign_content_0.3,foreign_content,0.3,1,0.039174411445856094,3.903651475906372
spectral_mean,esp_049651_1050_red-0030,esp_049651_1050,esp_049651_1050_red-0030_foreign_content_0.5,foreign_content,0.5,1,-0.05607595667243004,3.903651475906372
pixel_texture_mean,esp_020133_1720_red-0022,esp_020133_1720,esp_020133_1720_red-0022_clean,clean,0.0,0,-0.006353961303830147,1.3648806810379028
pixel_texture_mean,esp_020133_1720_red-0022,esp_020133_1720,esp_020133_1720_red-0022_stripes_0.15,stripes,0.15,1,-0.18830159306526184,1.3648806810379028
pixel_texture_mean,esp_020133_1720_red-0022,esp_020133_1720,esp_020133_1720_red-0022_stripes_0.3,stripes,0.3,1,-0.3496975302696228,1.3648806810379028
pixel_texture_mean,esp_020133_1720_red-0022,esp_020133_1720,esp_020133_1720_red-0022_stripes_0.5,stripes,0.5,1,-0.5047024488449097,1.3648806810379028
pixel_texture_mean,esp_020133_1720_red-0022,esp_020133_1720,esp_020133_1720_red-0022_dead_pixels_0.15,dead_pixels,0.15,1,0.4573657512664795,1.3648806810379028
pixel_texture_mean,esp_020133_1720_red-0022,esp_020133_1720,esp_020133_1720_red-0022_dead_pixels_0.3,dead_pixels,0.3,1,0.6375232338905334,1.3648806810379028
pixel_texture_mean,esp_020133_1720_red-0022,esp_020133_1720,esp_020133_1720_red-0022_dead_pixels_0.5,dead_pixels,0.5,1,0.7739166617393494,1.3648806810379028
pixel_texture_mean,esp_020133_1720_red-0022,esp_020133_1720,esp_020133_1720_red-0022_missing_patch_0.15,missing_patch,0.15,1,0.3739210367202759,1.3648806810379028
pixel_texture_mean,esp_020133_1720_red-0022,esp_020133_1720,esp_020133_1720_red-0022_missing_patch_0.3,missing_patch,0.3,1,1.1687465906143188,1.3648806810379028
pixel_texture_mean,esp_020133_1720_red-0022,esp_020133_1720,esp_020133_1720_red-0022_missing_patch_0.5,missing_patch,0.5,1,1.1924419403076172,1.3648806810379028
pixel_texture_mean,esp_020133_1720_red-0022,esp_020133_1720,esp_020133_1720_red-0022_local_blur_0.15,local_blur,0.15,1,0.1348237246274948,1.3648806810379028
pixel_texture_mean,esp_020133_1720_red-0022,esp_020133_1720,esp_020133_1720_red-0022_local_blur_0.3,local_blur,0.3,1,0.18667051196098328,1.3648806810379028
pixel_texture_mean,esp_020133_1720_red-0022,esp_020133_1720,esp_020133_1720_red-0022_local_blur_0.5,local_blur,0.5,1,0.14342272281646729,1.3648806810379028
pixel_texture_mean,esp_020133_1720_red-0022,esp_020133_1720,esp_020133_1720_red-0022_patch_duplication_0.15,patch_duplication,0.15,1,-0.12162161618471146,1.3648806810379028
pixel_texture_mean,esp_020133_1720_red-0022,esp_020133_1720,esp_020133_1720_red-0022_patch_duplication_0.3,patch_duplication,0.3,1,-0.09885875135660172,1.3648806810379028
pixel_texture_mean,esp_020133_1720_red-0022,esp_020133_1720,esp_020133_1720_red-0022_patch_duplication_0.5,patch_duplication,0.5,1,-0.1129697784781456,1.3648806810379028
pixel_texture_mean,esp_020133_1720_red-0022,esp_020133_1720,esp_020133_1720_red-0022_foreign_content_0.15,foreign_content,0.15,1,0.018728602677583694,1.3648806810379028
pixel_texture_mean,esp_020133_1720_red-0022,esp_020133_1720,esp_020133_1720_red-0022_foreign_content_0.3,foreign_content,0.3,1,0.18129344284534454,1.3648806810379028
pixel_texture_mean,esp_020133_1720_red-0022,esp_020133_1720,esp_020133_1720_red-0022_foreign_content_0.5,foreign_content,0.5,1,0.7068359851837158,1.3648806810379028
pixel_texture_mean,psp_006766_1850_red-0037,psp_006766_1850,psp_006766_1850_red-0037_clean,clean,0.0,0,1.0891258716583252,1.3648806810379028
pixel_texture_mean,psp_006766_1850_red-0037,psp_006766_1850,psp_006766_1850_red-0037_stripes_0.15,stripes,0.15,1,0.8243365287780762,1.3648806810379028
pixel_texture_mean,psp_006766_1850_red-0037,psp_006766_1850,psp_006766_1850_red-0037_stripes_0.3,stripes,0.3,1,0.43925124406814575,1.3648806810379028
pixel_texture_mean,psp_006766_1850_red-0037,psp_006766_1850,psp_006766_1850_red-0037_stripes_0.5,stripes,0.5,1,0.17160949110984802,1.3648806810379028
pixel_texture_mean,psp_006766_1850_red-0037,psp_006766_1850,psp_006766_1850_red-0037_dead_pixels_0.15,dead_pixels,0.15,1,1.2628653049468994,1.3648806810379028
pixel_texture_mean,psp_006766_1850_red-0037,psp_006766_1850,psp_006766_1850_red-0037_dead_pixels_0.3,dead_pixels,0.3,1,1.2662839889526367,1.3648806810379028
pixel_texture_mean,psp_006766_1850_red-0037,psp_006766_1850,psp_006766_1850_red-0037_dead_pixels_0.5,dead_pixels,0.5,1,1.4648481607437134,1.3648806810379028
pixel_texture_mean,psp_006766_1850_red-0037,psp_006766_1850,psp_006766_1850_red-0037_missing_patch_0.15,missing_patch,0.15,1,1.105968952178955,1.3648806810379028
pixel_texture_mean,psp_006766_1850_red-0037,psp_006766_1850,psp_006766_1850_red-0037_missing_patch_0.3,missing_patch,0.3,1,1.1250118017196655,1.3648806810379028
pixel_texture_mean,psp_006766_1850_red-0037,psp_006766_1850,psp_006766_1850_red-0037_missing_patch_0.5,missing_patch,0.5,1,1.179814100265503,1.3648806810379028
pixel_texture_mean,psp_006766_1850_red-0037,psp_006766_1850,psp_006766_1850_red-0037_local_blur_0.15,local_blur,0.15,1,1.0879884958267212,1.3648806810379028
pixel_texture_mean,psp_006766_1850_red-0037,psp_006766_1850,psp_006766_1850_red-0037_local_blur_0.3,local_blur,0.3,1,1.0861600637435913,1.3648806810379028
pixel_texture_mean,psp_006766_1850_red-0037,psp_006766_1850,psp_006766_1850_red-0037_local_blur_0.5,local_blur,0.5,1,1.0799527168273926,1.3648806810379028
pixel_texture_mean,psp_006766_1850_red-0037,psp_006766_1850,psp_006766_1850_red-0037_patch_duplication_0.15,patch_duplication,0.15,1,1.0420103073120117,1.3648806810379028
pixel_texture_mean,psp_006766_1850_red-0037,psp_006766_1850,psp_006766_1850_red-0037_patch_duplication_0.3,patch_duplication,0.3,1,0.9982240200042725,1.3648806810379028
pixel_texture_mean,psp_006766_1850_red-0037,psp_006766_1850,psp_006766_1850_red-0037_patch_duplication_0.5,patch_duplication,0.5,1,1.0701351165771484,1.3648806810379028
pixel_texture_mean,psp_006766_1850_red-0037,psp_006766_1850,psp_006766_1850_red-0037_foreign_content_0.15,foreign_content,0.15,1,1.1143896579742432,1.3648806810379028
pixel_texture_mean,psp_006766_1850_red-0037,psp_006766_1850,psp_006766_1850_red-0037_foreign_content_0.3,foreign_content,0.3,1,1.1854491233825684,1.3648806810379028
pixel_texture_mean,psp_006766_1850_red-0037,psp_006766_1850,psp_006766_1850_red-0037_foreign_content_0.5,foreign_content,0.5,1,1.4532334804534912,1.3648806810379028
pixel_texture_mean,esp_019559_1390_red-0576,esp_019559_1390,esp_019559_1390_red-0576_clean,clean,0.0,0,-0.2027679681777954,1.3648806810379028
pixel_texture_mean,esp_019559_1390_red-0576,esp_019559_1390,esp_019559_1390_red-0576_stripes_0.15,stripes,0.15,1,-0.30443862080574036,1.3648806810379028
pixel_texture_mean,esp_019559_1390_red-0576,esp_019559_1390,esp_019559_1390_red-0576_stripes_0.3,stripes,0.3,1,-0.454892635345459,1.3648806810379028
pixel_texture_mean,esp_019559_1390_red-0576,esp_019559_1390,esp_019559_1390_red-0576_stripes_0.5,stripes,0.5,1,-0.5822441577911377,1.3648806810379028
pixel_texture_mean,esp_019559_1390_red-0576,esp_019559_1390,esp_019559_1390_red-0576_dead_pixels_0.15,dead_pixels,0.15,1,0.290907084941864,1.3648806810379028
pixel_texture_mean,esp_019559_1390_red-0576,esp_019559_1390,esp_019559_1390_red-0576_dead_pixels_0.3,dead_pixels,0.3,1,0.4645007848739624,1.3648806810379028
pixel_texture_mean,esp_019559_1390_red-0576,esp_019559_1390,esp_019559_1390_red-0576_dead_pixels_0.5,dead_pixels,0.5,1,0.49446380138397217,1.3648806810379028
pixel_texture_mean,esp_019559_1390_red-0576,esp_019559_1390,esp_019559_1390_red-0576_missing_patch_0.15,missing_patch,0.15,1,0.5342292189598083,1.3648806810379028
pixel_texture_mean,esp_019559_1390_red-0576,esp_019559_1390,esp_019559_1390_red-0576_missing_patch_0.3,missing_patch,0.3,1,1.0210349559783936,1.3648806810379028
pixel_texture_mean,esp_019559_1390_red-0576,esp_019559_1390,esp_019559_1390_red-0576_missing_patch_0.5,missing_patch,0.5,1,0.8058042526245117,1.3648806810379028
pixel_texture_mean,esp_019559_1390_red-0576,esp_019559_1390,esp_019559_1390_red-0576_local_blur_0.15,local_blur,0.15,1,-0.2025783658027649,1.3648806810379028
pixel_texture_mean,esp_019559_1390_red-0576,esp_019559_1390,esp_019559_1390_red-0576_local_blur_0.3,local_blur,0.3,1,-0.15721255540847778,1.3648806810379028
pixel_texture_mean,esp_019559_1390_red-0576,esp_019559_1390,esp_019559_1390_red-0576_local_blur_0.5,local_blur,0.5,1,-0.022170186042785645,1.3648806810379028
pixel_texture_mean,esp_019559_1390_red-0576,esp_019559_1390,esp_019559_1390_red-0576_patch_duplication_0.15,patch_duplication,0.15,1,-0.20449350774288177,1.3648806810379028
pixel_texture_mean,esp_019559_1390_red-0576,esp_019559_1390,esp_019559_1390_red-0576_patch_duplication_0.3,patch_duplication,0.3,1,-0.43068888783454895,1.3648806810379028
pixel_texture_mean,esp_019559_1390_red-0576,esp_019559_1390,esp_019559_1390_red-0576_patch_duplication_0.5,patch_duplication,0.5,1,-0.4465200901031494,1.3648806810379028
pixel_texture_mean,esp_019559_1390_red-0576,esp_019559_1390,esp_019559_1390_red-0576_foreign_content_0.15,foreign_content,0.15,1,-0.17335519194602966,1.3648806810379028
pixel_texture_mean,esp_019559_1390_red-0576,esp_019559_1390,esp_019559_1390_red-0576_foreign_content_0.3,foreign_content,0.3,1,-0.05753803253173828,1.3648806810379028
pixel_texture_mean,esp_019559_1390_red-0576,esp_019559_1390,esp_019559_1390_red-0576_foreign_content_0.5,foreign_content,0.5,1,0.47141629457473755,1.3648806810379028
pixel_texture_mean,esp_016781_2055_red-0188,esp_016781_2055,esp_016781_2055_red-0188_clean,clean,0.0,0,0.7158597111701965,1.3648806810379028
pixel_texture_mean,esp_016781_2055_red-0188,esp_016781_2055,esp_016781_2055_red-0188_stripes_0.15,stripes,0.15,1,0.37199097871780396,1.3648806810379028
pixel_texture_mean,esp_016781_2055_red-0188,esp_016781_2055,esp_016781_2055_red-0188_stripes_0.3,stripes,0.3,1,0.046298056840896606,1.3648806810379028
pixel_texture_mean,esp_016781_2055_red-0188,esp_016781_2055,esp_016781_2055_red-0188_stripes_0.5,stripes,0.5,1,-0.20956692099571228,1.3648806810379028
pixel_texture_mean,esp_016781_2055_red-0188,esp_016781_2055,esp_016781_2055_red-0188_dead_pixels_0.15,dead_pixels,0.15,1,1.111069917678833,1.3648806810379028
pixel_texture_mean,esp_016781_2055_red-0188,esp_016781_2055,esp_016781_2055_red-0188_dead_pixels_0.3,dead_pixels,0.3,1,1.333595871925354,1.3648806810379028
pixel_texture_mean,esp_016781_2055_red-0188,esp_016781_2055,esp_016781_2055_red-0188_dead_pixels_0.5,dead_pixels,0.5,1,1.5821239948272705,1.3648806810379028
pixel_texture_mean,esp_016781_2055_red-0188,esp_016781_2055,esp_016781_2055_red-0188_missing_patch_0.15,missing_patch,0.15,1,0.7204510569572449,1.3648806810379028
pixel_texture_mean,esp_016781_2055_red-0188,esp_016781_2055,esp_016781_2055_red-0188_missing_patch_0.3,missing_patch,0.3,1,0.8563544154167175,1.3648806810379028
pixel_texture_mean,esp_016781_2055_red-0188,esp_016781_2055,esp_016781_2055_red-0188_missing_patch_0.5,missing_patch,0.5,1,1.087646722793579,1.3648806810379028
pixel_texture_mean,esp_016781_2055_red-0188,esp_016781_2055,esp_016781_2055_red-0188_local_blur_0.15,local_blur,0.15,1,0.7153730392456055,1.3648806810379028
pixel_texture_mean,esp_016781_2055_red-0188,esp_016781_2055,esp_016781_2055_red-0188_local_blur_0.3,local_blur,0.3,1,0.7153563499450684,1.3648806810379028
pixel_texture_mean,esp_016781_2055_red-0188,esp_016781_2055,esp_016781_2055_red-0188_local_blur_0.5,local_blur,0.5,1,0.7136114835739136,1.3648806810379028
pixel_texture_mean,esp_016781_2055_red-0188,esp_016781_2055,esp_016781_2055_red-0188_patch_duplication_0.15,patch_duplication,0.15,1,0.6459749341011047,1.3648806810379028
pixel_texture_mean,esp_016781_2055_red-0188,esp_016781_2055,esp_016781_2055_red-0188_patch_duplication_0.3,patch_duplication,0.3,1,0.6308244466781616,1.3648806810379028
pixel_texture_mean,esp_016781_2055_red-0188,esp_016781_2055,esp_016781_2055_red-0188_patch_duplication_0.5,patch_duplication,0.5,1,0.6340909600257874,1.3648806810379028
pixel_texture_mean,esp_016781_2055_red-0188,esp_016781_2055,esp_016781_2055_red-0188_foreign_content_0.15,foreign_content,0.15,1,0.7378305196762085,1.3648806810379028
pixel_texture_mean,esp_016781_2055_red-0188,esp_016781_2055,esp_016781_2055_red-0188_foreign_content_0.3,foreign_content,0.3,1,0.7947786450386047,1.3648806810379028
pixel_texture_mean,esp_016781_2055_red-0188,esp_016781_2055,esp_016781_2055_red-0188_foreign_content_0.5,foreign_content,0.5,1,1.1975395679473877,1.3648806810379028
pixel_texture_mean,esp_016613_2570_red-0034,esp_016613_2570,esp_016613_2570_red-0034_clean,clean,0.0,0,1.5202440023422241,1.3648806810379028
pixel_texture_mean,esp_016613_2570_red-0034,esp_016613_2570,esp_016613_2570_red-0034_stripes_0.15,stripes,0.15,1,1.3991446495056152,1.3648806810379028
pixel_texture_mean,esp_016613_2570_red-0034,esp_016613_2570,esp_016613_2570_red-0034_stripes_0.3,stripes,0.3,1,1.2422754764556885,1.3648806810379028
pixel_texture_mean,esp_016613_2570_red-0034,esp_016613_2570,esp_016613_2570_red-0034_stripes_0.5,stripes,0.5,1,1.0605722665786743,1.3648806810379028
pixel_texture_mean,esp_016613_2570_red-0034,esp_016613_2570,esp_016613_2570_red-0034_dead_pixels_0.15,dead_pixels,0.15,1,1.6670503616333008,1.3648806810379028
pixel_texture_mean,esp_016613_2570_red-0034,esp_016613_2570,esp_016613_2570_red-0034_dead_pixels_0.3,dead_pixels,0.3,1,1.829061508178711,1.3648806810379028
pixel_texture_mean,esp_016613_2570_red-0034,esp_016613_2570,esp_016613_2570_red-0034_dead_pixels_0.5,dead_pixels,0.5,1,1.921378254890442,1.3648806810379028
pixel_texture_mean,esp_016613_2570_red-0034,esp_016613_2570,esp_016613_2570_red-0034_missing_patch_0.15,missing_patch,0.15,1,1.6606193780899048,1.3648806810379028
pixel_texture_mean,esp_016613_2570_red-0034,esp_016613_2570,esp_016613_2570_red-0034_missing_patch_0.3,missing_patch,0.3,1,1.7792757749557495,1.3648806810379028
pixel_texture_mean,esp_016613_2570_red-0034,esp_016613_2570,esp_016613_2570_red-0034_missing_patch_0.5,missing_patch,0.5,1,2.1148452758789062,1.3648806810379028
pixel_texture_mean,esp_016613_2570_red-0034,esp_016613_2570,esp_016613_2570_red-0034_local_blur_0.15,local_blur,0.15,1,1.6587367057800293,1.3648806810379028
pixel_texture_mean,esp_016613_2570_red-0034,esp_016613_2570,esp_016613_2570_red-0034_local_blur_0.3,local_blur,0.3,1,1.6641167402267456,1.3648806810379028
pixel_texture_mean,esp_016613_2570_red-0034,esp_016613_2570,esp_016613_2570_red-0034_local_blur_0.5,local_blur,0.5,1,1.6618585586547852,1.3648806810379028
pixel_texture_mean,esp_016613_2570_red-0034,esp_016613_2570,esp_016613_2570_red-0034_patch_duplication_0.15,patch_duplication,0.15,1,1.5310766696929932,1.3648806810379028
pixel_texture_mean,esp_016613_2570_red-0034,esp_016613_2570,esp_016613_2570_red-0034_patch_duplication_0.3,patch_duplication,0.3,1,1.5333001613616943,1.3648806810379028
pixel_texture_mean,esp_016613_2570_red-0034,esp_016613_2570,esp_016613_2570_red-0034_patch_duplication_0.5,patch_duplication,0.5,1,1.5457254648208618,1.3648806810379028
pixel_texture_mean,esp_016613_2570_red-0034,esp_016613_2570,esp_016613_2570_red-0034_foreign_content_0.15,foreign_content,0.15,1,1.5392568111419678,1.3648806810379028
pixel_texture_mean,esp_016613_2570_red-0034,esp_016613_2570,esp_016613_2570_red-0034_foreign_content_0.3,foreign_content,0.3,1,1.6033799648284912,1.3648806810379028
pixel_texture_mean,esp_016613_2570_red-0034,esp_016613_2570,esp_016613_2570_red-0034_foreign_content_0.5,foreign_content,0.5,1,1.7391985654830933,1.3648806810379028
pixel_texture_mean,esp_017395_1700_red-0007,esp_017395_1700,esp_017395_1700_red-0007_clean,clean,0.0,0,-0.416147917509079,1.3648806810379028
pixel_texture_mean,esp_017395_1700_red-0007,esp_017395_1700,esp_017395_1700_red-0007_stripes_0.15,stripes,0.15,1,-0.5680769085884094,1.3648806810379028
pixel_texture_mean,esp_017395_1700_red-0007,esp_017395_1700,esp_017395_1700_red-0007_stripes_0.3,stripes,0.3,1,-0.7426814436912537,1.3648806810379028
pixel_texture_mean,esp_017395_1700_red-0007,esp_017395_1700,esp_017395_1700_red-0007_stripes_0.5,stripes,0.5,1,-0.8575613498687744,1.3648806810379028
pixel_texture_mean,esp_017395_1700_red-0007,esp_017395_1700,esp_017395_1700_red-0007_dead_pixels_0.15,dead_pixels,0.15,1,0.44406867027282715,1.3648806810379028
pixel_texture_mean,esp_017395_1700_red-0007,esp_017395_1700,esp_017395_1700_red-0007_dead_pixels_0.3,dead_pixels,0.3,1,0.8729150891304016,1.3648806810379028
pixel_texture_mean,esp_017395_1700_red-0007,esp_017395_1700,esp_017395_1700_red-0007_dead_pixels_0.5,dead_pixels,0.5,1,1.044583797454834,1.3648806810379028
pixel_texture_mean,esp_017395_1700_red-0007,esp_017395_1700,esp_017395_1700_red-0007_missing_patch_0.15,missing_patch,0.15,1,0.3483154773712158,1.3648806810379028
pixel_texture_mean,esp_017395_1700_red-0007,esp_017395_1700,esp_017395_1700_red-0007_missing_patch_0.3,missing_patch,0.3,1,0.39589041471481323,1.3648806810379028
pixel_texture_mean,esp_017395_1700_red-0007,esp_017395_1700,esp_017395_1700_red-0007_missing_patch_0.5,missing_patch,0.5,1,0.43550005555152893,1.3648806810379028
pixel_texture_mean,esp_017395_1700_red-0007,esp_017395_1700,esp_017395_1700_red-0007_local_blur_0.15,local_blur,0.15,1,-0.41601115465164185,1.3648806810379028
pixel_texture_mean,esp_017395_1700_red-0007,esp_017395_1700,esp_017395_1700_red-0007_local_blur_0.3,local_blur,0.3,1,-0.41596657037734985,1.3648806810379028
pixel_texture_mean,esp_017395_1700_red-0007,esp_017395_1700,esp_017395_1700_red-0007_local_blur_0.5,local_blur,0.5,1,-0.4189891219139099,1.3648806810379028
pixel_texture_mean,esp_017395_1700_red-0007,esp_017395_1700,esp_017395_1700_red-0007_patch_duplication_0.15,patch_duplication,0.15,1,-0.5879064798355103,1.3648806810379028
pixel_texture_mean,esp_017395_1700_red-0007,esp_017395_1700,esp_017395_1700_red-0007_patch_duplication_0.3,patch_duplication,0.3,1,-0.6276665925979614,1.3648806810379028
pixel_texture_mean,esp_017395_1700_red-0007,esp_017395_1700,esp_017395_1700_red-0007_patch_duplication_0.5,patch_duplication,0.5,1,-0.6173330545425415,1.3648806810379028
pixel_texture_mean,esp_017395_1700_red-0007,esp_017395_1700,esp_017395_1700_red-0007_foreign_content_0.15,foreign_content,0.15,1,-0.40421274304389954,1.3648806810379028
pixel_texture_mean,esp_017395_1700_red-0007,esp_017395_1700,esp_017395_1700_red-0007_foreign_content_0.3,foreign_content,0.3,1,-0.28100746870040894,1.3648806810379028
pixel_texture_mean,esp_017395_1700_red-0007,esp_017395_1700,esp_017395_1700_red-0007_foreign_content_0.5,foreign_content,0.5,1,0.3522486388683319,1.3648806810379028
pixel_texture_mean,esp_012057_0950_red-0111,esp_012057_0950,esp_012057_0950_red-0111_clean,clean,0.0,0,-0.35328155755996704,1.3648806810379028
pixel_texture_mean,esp_012057_0950_red-0111,esp_012057_0950,esp_012057_0950_red-0111_stripes_0.15,stripes,0.15,1,-0.5523828864097595,1.3648806810379028
pixel_texture_mean,esp_012057_0950_red-0111,esp_012057_0950,esp_012057_0950_red-0111_stripes_0.3,stripes,0.3,1,-0.7424988746643066,1.3648806810379028
pixel_texture_mean,esp_012057_0950_red-0111,esp_012057_0950,esp_012057_0950_red-0111_stripes_0.5,stripes,0.5,1,-0.8384131193161011,1.3648806810379028
pixel_texture_mean,esp_012057_0950_red-0111,esp_012057_0950,esp_012057_0950_red-0111_dead_pixels_0.15,dead_pixels,0.15,1,0.43658894300460815,1.3648806810379028
pixel_texture_mean,esp_012057_0950_red-0111,esp_012057_0950,esp_012057_0950_red-0111_dead_pixels_0.3,dead_pixels,0.3,1,0.637893557548523,1.3648806810379028
pixel_texture_mean,esp_012057_0950_red-0111,esp_012057_0950,esp_012057_0950_red-0111_dead_pixels_0.5,dead_pixels,0.5,1,0.4820399284362793,1.3648806810379028
pixel_texture_mean,esp_012057_0950_red-0111,esp_012057_0950,esp_012057_0950_red-0111_missing_patch_0.15,missing_patch,0.15,1,0.13426876068115234,1.3648806810379028
pixel_texture_mean,esp_012057_0950_red-0111,esp_012057_0950,esp_012057_0950_red-0111_missing_patch_0.3,missing_patch,0.3,1,0.37407681345939636,1.3648806810379028
pixel_texture_mean,esp_012057_0950_red-0111,esp_012057_0950,esp_012057_0950_red-0111_missing_patch_0.5,missing_patch,0.5,1,0.39326348900794983,1.3648806810379028
pixel_texture_mean,esp_012057_0950_red-0111,esp_012057_0950,esp_012057_0950_red-0111_local_blur_0.15,local_blur,0.15,1,-0.3535240888595581,1.3648806810379028
pixel_texture_mean,esp_012057_0950_red-0111,esp_012057_0950,esp_012057_0950_red-0111_local_blur_0.3,local_blur,0.3,1,-0.3537245988845825,1.3648806810379028
pixel_texture_mean,esp_012057_0950_red-0111,esp_012057_0950,esp_012057_0950_red-0111_local_blur_0.5,local_blur,0.5,1,-0.3538874089717865,1.3648806810379028
pixel_texture_mean,esp_012057_0950_red-0111,esp_012057_0950,esp_012057_0950_red-0111_patch_duplication_0.15,patch_duplication,0.15,1,-0.42135533690452576,1.3648806810379028
pixel_texture_mean,esp_012057_0950_red-0111,esp_012057_0950,esp_012057_0950_red-0111_patch_duplication_0.3,patch_duplication,0.3,1,-0.48532629013061523,1.3648806810379028
pixel_texture_mean,esp_012057_0950_red-0111,esp_012057_0950,esp_012057_0950_red-0111_patch_duplication_0.5,patch_duplication,0.5,1,-0.4843232333660126,1.3648806810379028
pixel_texture_mean,esp_012057_0950_red-0111,esp_012057_0950,esp_012057_0950_red-0111_foreign_content_0.15,foreign_content,0.15,1,-0.3232688307762146,1.3648806810379028
pixel_texture_mean,esp_012057_0950_red-0111,esp_012057_0950,esp_012057_0950_red-0111_foreign_content_0.3,foreign_content,0.3,1,-0.1997303068637848,1.3648806810379028
pixel_texture_mean,esp_012057_0950_red-0111,esp_012057_0950,esp_012057_0950_red-0111_foreign_content_0.5,foreign_content,0.5,1,0.2862275540828705,1.3648806810379028
pixel_texture_mean,esp_049651_1050_red-0070,esp_049651_1050,esp_049651_1050_red-0070_clean,clean,0.0,0,-0.7824100852012634,1.3648806810379028
pixel_texture_mean,esp_049651_1050_red-0070,esp_049651_1050,esp_049651_1050_red-0070_stripes_0.15,stripes,0.15,1,-0.771172285079956,1.3648806810379028
pixel_texture_mean,esp_049651_1050_red-0070,esp_049651_1050,esp_049651_1050_red-0070_stripes_0.3,stripes,0.3,1,-0.7391819357872009,1.3648806810379028
pixel_texture_mean,esp_049651_1050_red-0070,esp_049651_1050,esp_049651_1050_red-0070_stripes_0.5,stripes,0.5,1,-0.6392339468002319,1.3648806810379028
pixel_texture_mean,esp_049651_1050_red-0070,esp_049651_1050,esp_049651_1050_red-0070_dead_pixels_0.15,dead_pixels,0.15,1,-0.3770698308944702,1.3648806810379028
pixel_texture_mean,esp_049651_1050_red-0070,esp_049651_1050,esp_049651_1050_red-0070_dead_pixels_0.3,dead_pixels,0.3,1,-0.1624818742275238,1.3648806810379028
pixel_texture_mean,esp_049651_1050_red-0070,esp_049651_1050,esp_049651_1050_red-0070_dead_pixels_0.5,dead_pixels,0.5,1,-0.0314251184463501,1.3648806810379028
pixel_texture_mean,esp_049651_1050_red-0070,esp_049651_1050,esp_049651_1050_red-0070_missing_patch_0.15,missing_patch,0.15,1,0.0750126838684082,1.3648806810379028
pixel_texture_mean,esp_049651_1050_red-0070,esp_049651_1050,esp_049651_1050_red-0070_missing_patch_0.3,missing_patch,0.3,1,0.5840654373168945,1.3648806810379028
pixel_texture_mean,esp_049651_1050_red-0070,esp_049651_1050,esp_049651_1050_red-0070_missing_patch_0.5,missing_patch,0.5,1,1.1077922582626343,1.3648806810379028
pixel_texture_mean,esp_049651_1050_red-0070,esp_049651_1050,esp_049651_1050_red-0070_local_blur_0.15,local_blur,0.15,1,-0.06203964352607727,1.3648806810379028
pixel_texture_mean,esp_049651_1050_red-0070,esp_049651_1050,esp_049651_1050_red-0070_local_blur_0.3,local_blur,0.3,1,0.03151440620422363,1.3648806810379028
pixel_texture_mean,esp_049651_1050_red-0070,esp_049651_1050,esp_049651_1050_red-0070_local_blur_0.5,local_blur,0.5,1,0.021834850311279297,1.3648806810379028
pixel_texture_mean,esp_049651_1050_red-0070,esp_049651_1050,esp_049651_1050_red-0070_patch_duplication_0.15,patch_duplication,0.15,1,-0.8185062408447266,1.3648806810379028
pixel_texture_mean,esp_049651_1050_red-0070,esp_049651_1050,esp_049651_1050_red-0070_patch_duplication_0.3,patch_duplication,0.3,1,-0.7989747524261475,1.3648806810379028
pixel_texture_mean,esp_049651_1050_red-0070,esp_049651_1050,esp_049651_1050_red-0070_patch_duplication_0.5,patch_duplication,0.5,1,-0.8161701560020447,1.3648806810379028
pixel_texture_mean,esp_049651_1050_red-0070,esp_049651_1050,esp_049651_1050_red-0070_foreign_content_0.15,foreign_content,0.15,1,-0.7477417588233948,1.3648806810379028
pixel_texture_mean,esp_049651_1050_red-0070,esp_049651_1050,esp_049651_1050_red-0070_foreign_content_0.3,foreign_content,0.3,1,-0.6161080598831177,1.3648806810379028
pixel_texture_mean,esp_049651_1050_red-0070,esp_049651_1050,esp_049651_1050_red-0070_foreign_content_0.5,foreign_content,0.5,1,-0.07475026696920395,1.3648806810379028
pixel_texture_mean,psp_006766_1850_red-0101,psp_006766_1850,psp_006766_1850_red-0101_clean,clean,0.0,0,-0.7892371416091919,1.3648806810379028
pixel_texture_mean,psp_006766_1850_red-0101,psp_006766_1850,psp_006766_1850_red-0101_stripes_0.15,stripes,0.15,1,-0.8463373184204102,1.3648806810379028
pixel_texture_mean,psp_006766_1850_red-0101,psp_006766_1850,psp_006766_1850_red-0101_stripes_0.3,stripes,0.3,1,-0.8639094233512878,1.3648806810379028
pixel_texture_mean,psp_006766_1850_red-0101,psp_006766_1850,psp_006766_1850_red-0101_stripes_0.5,stripes,0.5,1,-0.8366402387619019,1.3648806810379028
pixel_texture_mean,psp_006766_1850_red-0101,psp_006766_1850,psp_006766_1850_red-0101_dead_pixels_0.15,dead_pixels,0.15,1,-0.20864982903003693,1.3648806810379028
pixel_texture_mean,psp_006766_1850_red-0101,psp_006766_1850,psp_006766_1850_red-0101_dead_pixels_0.3,dead_pixels,0.3,1,0.14855247735977173,1.3648806810379028
pixel_texture_mean,psp_006766_1850_red-0101,psp_006766_1850,psp_006766_1850_red-0101_dead_pixels_0.5,dead_pixels,0.5,1,0.29055875539779663,1.3648806810379028
pixel_texture_mean,psp_006766_1850_red-0101,psp_006766_1850,psp_006766_1850_red-0101_missing_patch_0.15,missing_patch,0.15,1,-0.4959174692630768,1.3648806810379028
pixel_texture_mean,psp_006766_1850_red-0101,psp_006766_1850,psp_006766_1850_red-0101_missing_patch_0.3,missing_patch,0.3,1,-0.0315571203827858,1.3648806810379028
pixel_texture_mean,psp_006766_1850_red-0101,psp_006766_1850,psp_006766_1850_red-0101_missing_patch_0.5,missing_patch,0.5,1,0.5539216995239258,1.3648806810379028
pixel_texture_mean,psp_006766_1850_red-0101,psp_006766_1850,psp_006766_1850_red-0101_local_blur_0.15,local_blur,0.15,1,-0.47630947828292847,1.3648806810379028
pixel_texture_mean,psp_006766_1850_red-0101,psp_006766_1850,psp_006766_1850_red-0101_local_blur_0.3,local_blur,0.3,1,-0.4722583293914795,1.3648806810379028
pixel_texture_mean,psp_006766_1850_red-0101,psp_006766_1850,psp_006766_1850_red-0101_local_blur_0.5,local_blur,0.5,1,-0.4571184515953064,1.3648806810379028
pixel_texture_mean,psp_006766_1850_red-0101,psp_006766_1850,psp_006766_1850_red-0101_patch_duplication_0.15,patch_duplication,0.15,1,-0.8231067657470703,1.3648806810379028
pixel_texture_mean,psp_006766_1850_red-0101,psp_006766_1850,psp_006766_1850_red-0101_patch_duplication_0.3,patch_duplication,0.3,1,-0.8309752345085144,1.3648806810379028
pixel_texture_mean,psp_006766_1850_red-0101,psp_006766_1850,psp_006766_1850_red-0101_patch_duplication_0.5,patch_duplication,0.5,1,-0.8418306112289429,1.3648806810379028
pixel_texture_mean,psp_006766_1850_red-0101,psp_006766_1850,psp_006766_1850_red-0101_foreign_content_0.15,foreign_content,0.15,1,-0.7771750092506409,1.3648806810379028
pixel_texture_mean,psp_006766_1850_red-0101,psp_006766_1850,psp_006766_1850_red-0101_foreign_content_0.3,foreign_content,0.3,1,-0.5899636745452881,1.3648806810379028
pixel_texture_mean,psp_006766_1850_red-0101,psp_006766_1850,psp_006766_1850_red-0101_foreign_content_0.5,foreign_content,0.5,1,0.0654175877571106,1.3648806810379028
pixel_texture_mean,esp_016148_2040_red-0097,esp_016148_2040,esp_016148_2040_red-0097_clean,clean,0.0,0,-0.03439740836620331,1.3648806810379028
pixel_texture_mean,esp_016148_2040_red-0097,esp_016148_2040,esp_016148_2040_red-0097_stripes_0.15,stripes,0.15,1,-0.10947385430335999,1.3648806810379028
pixel_texture_mean,esp_016148_2040_red-0097,esp_016148_2040,esp_016148_2040_red-0097_stripes_0.3,stripes,0.3,1,-0.23363174498081207,1.3648806810379028
pixel_texture_mean,esp_016148_2040_red-0097,esp_016148_2040,esp_016148_2040_red-0097_stripes_0.5,stripes,0.5,1,-0.3482489585876465,1.3648806810379028
pixel_texture_mean,esp_016148_2040_red-0097,esp_016148_2040,esp_016148_2040_red-0097_dead_pixels_0.15,dead_pixels,0.15,1,0.5253939032554626,1.3648806810379028
pixel_texture_mean,esp_016148_2040_red-0097,esp_016148_2040,esp_016148_2040_red-0097_dead_pixels_0.3,dead_pixels,0.3,1,0.7755223512649536,1.3648806810379028
pixel_texture_mean,esp_016148_2040_red-0097,esp_016148_2040,esp_016148_2040_red-0097_dead_pixels_0.5,dead_pixels,0.5,1,1.0039671659469604,1.3648806810379028
pixel_texture_mean,esp_016148_2040_red-0097,esp_016148_2040,esp_016148_2040_red-0097_missing_patch_0.15,missing_patch,0.15,1,1.2797391414642334,1.3648806810379028
pixel_texture_mean,esp_016148_2040_red-0097,esp_016148_2040,esp_016148_2040_red-0097_missing_patch_0.3,missing_patch,0.3,1,0.9227420687675476,1.3648806810379028
pixel_texture_mean,esp_016148_2040_red-0097,esp_016148_2040,esp_016148_2040_red-0097_missing_patch_0.5,missing_patch,0.5,1,0.9444191455841064,1.3648806810379028
pixel_texture_mean,esp_016148_2040_red-0097,esp_016148_2040,esp_016148_2040_red-0097_local_blur_0.15,local_blur,0.15,1,0.07607737183570862,1.3648806810379028
pixel_texture_mean,esp_016148_2040_red-0097,esp_016148_2040,esp_016148_2040_red-0097_local_blur_0.3,local_blur,0.3,1,0.08153029531240463,1.3648806810379028
pixel_texture_mean,esp_016148_2040_red-0097,esp_016148_2040,esp_016148_2040_red-0097_local_blur_0.5,local_blur,0.5,1,0.09634925425052643,1.3648806810379028
pixel_texture_mean,esp_016148_2040_red-0097,esp_016148_2040,esp_016148_2040_red-0097_patch_duplication_0.15,patch_duplication,0.15,1,-0.08625316619873047,1.3648806810379028
pixel_texture_mean,esp_016148_2040_red-0097,esp_016148_2040,esp_016148_2040_red-0097_patch_duplication_0.3,patch_duplication,0.3,1,-0.09312190860509872,1.3648806810379028
pixel_texture_mean,esp_016148_2040_red-0097,esp_016148_2040,esp_016148_2040_red-0097_patch_duplication_0.5,patch_duplication,0.5,1,-0.0922817587852478,1.3648806810379028
pixel_texture_mean,esp_016148_2040_red-0097,esp_016148_2040,esp_016148_2040_red-0097_foreign_content_0.15,foreign_content,0.15,1,-0.007014323025941849,1.3648806810379028
pixel_texture_mean,esp_016148_2040_red-0097,esp_016148_2040,esp_016148_2040_red-0097_foreign_content_0.3,foreign_content,0.3,1,0.17851699888706207,1.3648806810379028
pixel_texture_mean,esp_016148_2040_red-0097,esp_016148_2040,esp_016148_2040_red-0097_foreign_content_0.5,foreign_content,0.5,1,0.7457420825958252,1.3648806810379028
pixel_texture_mean,esp_011716_0940_red-0008,esp_011716_0940,esp_011716_0940_red-0008_clean,clean,0.0,0,-0.0790669322013855,1.3648806810379028
pixel_texture_mean,esp_011716_0940_red-0008,esp_011716_0940,esp_011716_0940_red-0008_stripes_0.15,stripes,0.15,1,-0.24560782313346863,1.3648806810379028
pixel_texture_mean,esp_011716_0940_red-0008,esp_011716_0940,esp_011716_0940_red-0008_stripes_0.3,stripes,0.3,1,-0.4081101417541504,1.3648806810379028
pixel_texture_mean,esp_011716_0940_red-0008,esp_011716_0940,esp_011716_0940_red-0008_stripes_0.5,stripes,0.5,1,-0.5359413027763367,1.3648806810379028
pixel_texture_mean,esp_011716_0940_red-0008,esp_011716_0940,esp_011716_0940_red-0008_dead_pixels_0.15,dead_pixels,0.15,1,0.6012781858444214,1.3648806810379028
pixel_texture_mean,esp_011716_0940_red-0008,esp_011716_0940,esp_011716_0940_red-0008_dead_pixels_0.3,dead_pixels,0.3,1,1.020591139793396,1.3648806810379028
pixel_texture_mean,esp_011716_0940_red-0008,esp_011716_0940,esp_011716_0940_red-0008_dead_pixels_0.5,dead_pixels,0.5,1,1.3994885683059692,1.3648806810379028
pixel_texture_mean,esp_011716_0940_red-0008,esp_011716_0940,esp_011716_0940_red-0008_missing_patch_0.15,missing_patch,0.15,1,-0.08146852254867554,1.3648806810379028
pixel_texture_mean,esp_011716_0940_red-0008,esp_011716_0940,esp_011716_0940_red-0008_missing_patch_0.3,missing_patch,0.3,1,-0.024348348379135132,1.3648806810379028
pixel_texture_mean,esp_011716_0940_red-0008,esp_011716_0940,esp_011716_0940_red-0008_missing_patch_0.5,missing_patch,0.5,1,0.7160727381706238,1.3648806810379028
pixel_texture_mean,esp_011716_0940_red-0008,esp_011716_0940,esp_011716_0940_red-0008_local_blur_0.15,local_blur,0.15,1,-0.009672775864601135,1.3648806810379028
pixel_texture_mean,esp_011716_0940_red-0008,esp_011716_0940,esp_011716_0940_red-0008_local_blur_0.3,local_blur,0.3,1,0.003589220345020294,1.3648806810379028
pixel_texture_mean,esp_011716_0940_red-0008,esp_011716_0940,esp_011716_0940_red-0008_local_blur_0.5,local_blur,0.5,1,0.022232800722122192,1.3648806810379028
pixel_texture_mean,esp_011716_0940_red-0008,esp_011716_0940,esp_011716_0940_red-0008_patch_duplication_0.15,patch_duplication,0.15,1,-0.16502568125724792,1.3648806810379028
pixel_texture_mean,esp_011716_0940_red-0008,esp_011716_0940,esp_011716_0940_red-0008_patch_duplication_0.3,patch_duplication,0.3,1,-0.13339412212371826,1.3648806810379028
pixel_texture_mean,esp_011716_0940_red-0008,esp_011716_0940,esp_011716_0940_red-0008_patch_duplication_0.5,patch_duplication,0.5,1,-0.1167016327381134,1.3648806810379028
pixel_texture_mean,esp_011716_0940_red-0008,esp_011716_0940,esp_011716_0940_red-0008_foreign_content_0.15,foreign_content,0.15,1,-0.04416964575648308,1.3648806810379028
pixel_texture_mean,esp_011716_0940_red-0008,esp_011716_0940,esp_011716_0940_red-0008_foreign_content_0.3,foreign_content,0.3,1,0.05168091505765915,1.3648806810379028
pixel_texture_mean,esp_011716_0940_red-0008,esp_011716_0940,esp_011716_0940_red-0008_foreign_content_0.5,foreign_content,0.5,1,0.4428192973136902,1.3648806810379028
pixel_texture_mean,esp_013141_2105_red-0004,esp_013141_2105,esp_013141_2105_red-0004_clean,clean,0.0,0,-0.6528855562210083,1.3648806810379028
pixel_texture_mean,esp_013141_2105_red-0004,esp_013141_2105,esp_013141_2105_red-0004_stripes_0.15,stripes,0.15,1,-0.8385622501373291,1.3648806810379028
pixel_texture_mean,esp_013141_2105_red-0004,esp_013141_2105,esp_013141_2105_red-0004_stripes_0.3,stripes,0.3,1,-0.9799000024795532,1.3648806810379028
pixel_texture_mean,esp_013141_2105_red-0004,esp_013141_2105,esp_013141_2105_red-0004_stripes_0.5,stripes,0.5,1,-1.0394781827926636,1.3648806810379028
pixel_texture_mean,esp_013141_2105_red-0004,esp_013141_2105,esp_013141_2105_red-0004_dead_pixels_0.15,dead_pixels,0.15,1,0.24532675743103027,1.3648806810379028
pixel_texture_mean,esp_013141_2105_red-0004,esp_013141_2105,esp_013141_2105_red-0004_dead_pixels_0.3,dead_pixels,0.3,1,0.5140264630317688,1.3648806810379028
pixel_texture_mean,esp_013141_2105_red-0004,esp_013141_2105,esp_013141_2105_red-0004_dead_pixels_0.5,dead_pixels,0.5,1,0.6328637003898621,1.3648806810379028
pixel_texture_mean,esp_013141_2105_red-0004,esp_013141_2105,esp_013141_2105_red-0004_missing_patch_0.15,missing_patch,0.15,1,0.22597259283065796,1.3648806810379028
pixel_texture_mean,esp_013141_2105_red-0004,esp_013141_2105,esp_013141_2105_red-0004_missing_patch_0.3,missing_patch,0.3,1,0.5134569406509399,1.3648806810379028
pixel_texture_mean,esp_013141_2105_red-0004,esp_013141_2105,esp_013141_2105_red-0004_missing_patch_0.5,missing_patch,0.5,1,0.5435636639595032,1.3648806810379028
pixel_texture_mean,esp_013141_2105_red-0004,esp_013141_2105,esp_013141_2105_red-0004_local_blur_0.15,local_blur,0.15,1,-0.6523081064224243,1.3648806810379028
pixel_texture_mean,esp_013141_2105_red-0004,esp_013141_2105,esp_013141_2105_red-0004_local_blur_0.3,local_blur,0.3,1,-0.649909257888794,1.3648806810379028
pixel_texture_mean,esp_013141_2105_red-0004,esp_013141_2105,esp_013141_2105_red-0004_local_blur_0.5,local_blur,0.5,1,-0.6421176195144653,1.3648806810379028
pixel_texture_mean,esp_013141_2105_red-0004,esp_013141_2105,esp_013141_2105_red-0004_patch_duplication_0.15,patch_duplication,0.15,1,-0.7597835659980774,1.3648806810379028
pixel_texture_mean,esp_013141_2105_red-0004,esp_013141_2105,esp_013141_2105_red-0004_patch_duplication_0.3,patch_duplication,0.3,1,-0.7708063721656799,1.3648806810379028
pixel_texture_mean,esp_013141_2105_red-0004,esp_013141_2105,esp_013141_2105_red-0004_patch_duplication_0.5,patch_duplication,0.5,1,-0.7355598211288452,1.3648806810379028
pixel_texture_mean,esp_013141_2105_red-0004,esp_013141_2105,esp_013141_2105_red-0004_foreign_content_0.15,foreign_content,0.15,1,-0.5431610941886902,1.3648806810379028
pixel_texture_mean,esp_013141_2105_red-0004,esp_013141_2105,esp_013141_2105_red-0004_foreign_content_0.3,foreign_content,0.3,1,0.1439177691936493,1.3648806810379028
pixel_texture_mean,esp_013141_2105_red-0004,esp_013141_2105,esp_013141_2105_red-0004_foreign_content_0.5,foreign_content,0.5,1,0.8223074674606323,1.3648806810379028
pixel_texture_mean,esp_016613_2570_red-0043,esp_016613_2570,esp_016613_2570_red-0043_clean,clean,0.0,0,1.3267709016799927,1.3648806810379028
pixel_texture_mean,esp_016613_2570_red-0043,esp_016613_2570,esp_016613_2570_red-0043_stripes_0.15,stripes,0.15,1,1.2357832193374634,1.3648806810379028
pixel_texture_mean,esp_016613_2570_red-0043,esp_016613_2570,esp_016613_2570_red-0043_stripes_0.3,stripes,0.3,1,1.1408486366271973,1.3648806810379028
pixel_texture_mean,esp_016613_2570_red-0043,esp_016613_2570,esp_016613_2570_red-0043_stripes_0.5,stripes,0.5,1,1.039588212966919,1.3648806810379028
pixel_texture_mean,esp_016613_2570_red-0043,esp_016613_2570,esp_016613_2570_red-0043_dead_pixels_0.15,dead_pixels,0.15,1,1.4857114553451538,1.3648806810379028
pixel_texture_mean,esp_016613_2570_red-0043,esp_016613_2570,esp_016613_2570_red-0043_dead_pixels_0.3,dead_pixels,0.3,1,1.657700538635254,1.3648806810379028
pixel_texture_mean,esp_016613_2570_red-0043,esp_016613_2570,esp_016613_2570_red-0043_dead_pixels_0.5,dead_pixels,0.5,1,1.8273324966430664,1.3648806810379028
pixel_texture_mean,esp_016613_2570_red-0043,esp_016613_2570,esp_016613_2570_red-0043_missing_patch_0.15,missing_patch,0.15,1,2.090444326400757,1.3648806810379028
pixel_texture_mean,esp_016613_2570_red-0043,esp_016613_2570,esp_016613_2570_red-0043_missing_patch_0.3,missing_patch,0.3,1,2.1200051307678223,1.3648806810379028
pixel_texture_mean,esp_016613_2570_red-0043,esp_016613_2570,esp_016613_2570_red-0043_missing_patch_0.5,missing_patch,0.5,1,2.3242013454437256,1.3648806810379028
pixel_texture_mean,esp_016613_2570_red-0043,esp_016613_2570,esp_016613_2570_red-0043_local_blur_0.15,local_blur,0.15,1,1.4568226337432861,1.3648806810379028
pixel_texture_mean,esp_016613_2570_red-0043,esp_016613_2570,esp_016613_2570_red-0043_local_blur_0.3,local_blur,0.3,1,1.4756004810333252,1.3648806810379028
pixel_texture_mean,esp_016613_2570_red-0043,esp_016613_2570,esp_016613_2570_red-0043_local_blur_0.5,local_blur,0.5,1,1.4858920574188232,1.3648806810379028
pixel_texture_mean,esp_016613_2570_red-0043,esp_016613_2570,esp_016613_2570_red-0043_patch_duplication_0.15,patch_duplication,0.15,1,1.3064838647842407,1.3648806810379028
pixel_texture_mean,esp_016613_2570_red-0043,esp_016613_2570,esp_016613_2570_red-0043_patch_duplication_0.3,patch_duplication,0.3,1,1.3093552589416504,1.3648806810379028
pixel_texture_mean,esp_016613_2570_red-0043,esp_016613_2570,esp_016613_2570_red-0043_patch_duplication_0.5,patch_duplication,0.5,1,1.2422188520431519,1.3648806810379028
pixel_texture_mean,esp_016613_2570_red-0043,esp_016613_2570,esp_016613_2570_red-0043_foreign_content_0.15,foreign_content,0.15,1,1.3398793935775757,1.3648806810379028
pixel_texture_mean,esp_016613_2570_red-0043,esp_016613_2570,esp_016613_2570_red-0043_foreign_content_0.3,foreign_content,0.3,1,1.3628950119018555,1.3648806810379028
pixel_texture_mean,esp_016613_2570_red-0043,esp_016613_2570,esp_016613_2570_red-0043_foreign_content_0.5,foreign_content,0.5,1,1.4947731494903564,1.3648806810379028
pixel_texture_mean,esp_017395_1700_red-0049,esp_017395_1700,esp_017395_1700_red-0049_clean,clean,0.0,0,-0.021092340350151062,1.3648806810379028
pixel_texture_mean,esp_017395_1700_red-0049,esp_017395_1700,esp_017395_1700_red-0049_stripes_0.15,stripes,0.15,1,-0.15076309442520142,1.3648806810379028
pixel_texture_mean,esp_017395_1700_red-0049,esp_017395_1700,esp_017395_1700_red-0049_stripes_0.3,stripes,0.3,1,-0.3318732976913452,1.3648806810379028
pixel_texture_mean,esp_017395_1700_red-0049,esp_017395_1700,esp_017395_1700_red-0049_stripes_0.5,stripes,0.5,1,-0.5087461471557617,1.3648806810379028
pixel_texture_mean,esp_017395_1700_red-0049,esp_017395_1700,esp_017395_1700_red-0049_dead_pixels_0.15,dead_pixels,0.15,1,0.38943031430244446,1.3648806810379028
pixel_texture_mean,esp_017395_1700_red-0049,esp_017395_1700,esp_017395_1700_red-0049_dead_pixels_0.3,dead_pixels,0.3,1,0.500834047794342,1.3648806810379028
pixel_texture_mean,esp_017395_1700_red-0049,esp_017395_1700,esp_017395_1700_red-0049_dead_pixels_0.5,dead_pixels,0.5,1,0.6062606573104858,1.3648806810379028
pixel_texture_mean,esp_017395_1700_red-0049,esp_017395_1700,esp_017395_1700_red-0049_missing_patch_0.15,missing_patch,0.15,1,0.33264830708503723,1.3648806810379028
pixel_texture_mean,esp_017395_1700_red-0049,esp_017395_1700,esp_017395_1700_red-0049_missing_patch_0.3,missing_patch,0.3,1,0.35038334131240845,1.3648806810379028
pixel_texture_mean,esp_017395_1700_red-0049,esp_017395_1700,esp_017395_1700_red-0049_missing_patch_0.5,missing_patch,0.5,1,0.607586145401001,1.3648806810379028
pixel_texture_mean,esp_017395_1700_red-0049,esp_017395_1700,esp_017395_1700_red-0049_local_blur_0.15,local_blur,0.15,1,-0.011373713612556458,1.3648806810379028
pixel_texture_mean,esp_017395_1700_red-0049,esp_017395_1700,esp_017395_1700_red-0049_local_blur_0.3,local_blur,0.3,1,-0.01823563128709793,1.3648806810379028
pixel_texture_mean,esp_017395_1700_red-0049,esp_017395_1700,esp_017395_1700_red-0049_local_blur_0.5,local_blur,0.5,1,-0.08679620921611786,1.3648806810379028
pixel_texture_mean,esp_017395_1700_red-0049,esp_017395_1700,esp_017395_1700_red-0049_patch_duplication_0.15,patch_duplication,0.15,1,-0.08370760828256607,1.3648806810379028
pixel_texture_mean,esp_017395_1700_red-0049,esp_017395_1700,esp_017395_1700_red-0049_patch_duplication_0.3,patch_duplication,0.3,1,-0.08331937342882156,1.3648806810379028
pixel_texture_mean,esp_017395_1700_red-0049,esp_017395_1700,esp_017395_1700_red-0049_patch_duplication_0.5,patch_duplication,0.5,1,-0.07129845023155212,1.3648806810379028
pixel_texture_mean,esp_017395_1700_red-0049,esp_017395_1700,esp_017395_1700_red-0049_foreign_content_0.15,foreign_content,0.15,1,-0.011921212077140808,1.3648806810379028
pixel_texture_mean,esp_017395_1700_red-0049,esp_017395_1700,esp_017395_1700_red-0049_foreign_content_0.3,foreign_content,0.3,1,0.07666143774986267,1.3648806810379028
pixel_texture_mean,esp_017395_1700_red-0049,esp_017395_1700,esp_017395_1700_red-0049_foreign_content_0.5,foreign_content,0.5,1,0.4897584915161133,1.3648806810379028
pixel_texture_mean,esp_012588_0930_red-0008,esp_012588_0930,esp_012588_0930_red-0008_clean,clean,0.0,0,-0.3395194411277771,1.3648806810379028
pixel_texture_mean,esp_012588_0930_red-0008,esp_012588_0930,esp_012588_0930_red-0008_stripes_0.15,stripes,0.15,1,-0.40826839208602905,1.3648806810379028
pixel_texture_mean,esp_012588_0930_red-0008,esp_012588_0930,esp_012588_0930_red-0008_stripes_0.3,stripes,0.3,1,-0.4887705147266388,1.3648806810379028
pixel_texture_mean,esp_012588_0930_red-0008,esp_012588_0930,esp_012588_0930_red-0008_stripes_0.5,stripes,0.5,1,-0.5411179661750793,1.3648806810379028
pixel_texture_mean,esp_012588_0930_red-0008,esp_012588_0930,esp_012588_0930_red-0008_dead_pixels_0.15,dead_pixels,0.15,1,0.16181492805480957,1.3648806810379028
pixel_texture_mean,esp_012588_0930_red-0008,esp_012588_0930,esp_012588_0930_red-0008_dead_pixels_0.3,dead_pixels,0.3,1,0.24861815571784973,1.3648806810379028
pixel_texture_mean,esp_012588_0930_red-0008,esp_012588_0930,esp_012588_0930_red-0008_dead_pixels_0.5,dead_pixels,0.5,1,0.23087161779403687,1.3648806810379028
pixel_texture_mean,esp_012588_0930_red-0008,esp_012588_0930,esp_012588_0930_red-0008_missing_patch_0.15,missing_patch,0.15,1,0.18641731142997742,1.3648806810379028
pixel_texture_mean,esp_012588_0930_red-0008,esp_012588_0930,esp_012588_0930_red-0008_missing_patch_0.3,missing_patch,0.3,1,0.5327697992324829,1.3648806810379028
pixel_texture_mean,esp_012588_0930_red-0008,esp_012588_0930,esp_012588_0930_red-0008_missing_patch_0.5,missing_patch,0.5,1,0.6487506628036499,1.3648806810379028
pixel_texture_mean,esp_012588_0930_red-0008,esp_012588_0930,esp_012588_0930_red-0008_local_blur_0.15,local_blur,0.15,1,-0.2839987576007843,1.3648806810379028
pixel_texture_mean,esp_012588_0930_red-0008,esp_012588_0930,esp_012588_0930_red-0008_local_blur_0.3,local_blur,0.3,1,-0.09609653800725937,1.3648806810379028
pixel_texture_mean,esp_012588_0930_red-0008,esp_012588_0930,esp_012588_0930_red-0008_local_blur_0.5,local_blur,0.5,1,0.09267784655094147,1.3648806810379028
pixel_texture_mean,esp_012588_0930_red-0008,esp_012588_0930,esp_012588_0930_red-0008_patch_duplication_0.15,patch_duplication,0.15,1,-0.4495314657688141,1.3648806810379028
pixel_texture_mean,esp_012588_0930_red-0008,esp_012588_0930,esp_012588_0930_red-0008_patch_duplication_0.3,patch_duplication,0.3,1,-0.5004206895828247,1.3648806810379028
pixel_texture_mean,esp_012588_0930_red-0008,esp_012588_0930,esp_012588_0930_red-0008_patch_duplication_0.5,patch_duplication,0.5,1,-0.4260680079460144,1.3648806810379028
pixel_texture_mean,esp_012588_0930_red-0008,esp_012588_0930,esp_012588_0930_red-0008_foreign_content_0.15,foreign_content,0.15,1,-0.3219810128211975,1.3648806810379028
pixel_texture_mean,esp_012588_0930_red-0008,esp_012588_0930,esp_012588_0930_red-0008_foreign_content_0.3,foreign_content,0.3,1,-0.2294442057609558,1.3648806810379028
pixel_texture_mean,esp_012588_0930_red-0008,esp_012588_0930,esp_012588_0930_red-0008_foreign_content_0.5,foreign_content,0.5,1,0.623176634311676,1.3648806810379028
pixel_texture_mean,esp_049651_1050_red-0030,esp_049651_1050,esp_049651_1050_red-0030_clean,clean,0.0,0,-0.2337895631790161,1.3648806810379028
pixel_texture_mean,esp_049651_1050_red-0030,esp_049651_1050,esp_049651_1050_red-0030_stripes_0.15,stripes,0.15,1,-0.16900135576725006,1.3648806810379028
pixel_texture_mean,esp_049651_1050_red-0030,esp_049651_1050,esp_049651_1050_red-0030_stripes_0.3,stripes,0.3,1,-0.07898819446563721,1.3648806810379028
pixel_texture_mean,esp_049651_1050_red-0030,esp_049651_1050,esp_049651_1050_red-0030_stripes_0.5,stripes,0.5,1,0.07996061444282532,1.3648806810379028
pixel_texture_mean,esp_049651_1050_red-0030,esp_049651_1050,esp_049651_1050_red-0030_dead_pixels_0.15,dead_pixels,0.15,1,-0.041209518909454346,1.3648806810379028
pixel_texture_mean,esp_049651_1050_red-0030,esp_049651_1050,esp_049651_1050_red-0030_dead_pixels_0.3,dead_pixels,0.3,1,0.1980637013912201,1.3648806810379028
pixel_texture_mean,esp_049651_1050_red-0030,esp_049651_1050,esp_049651_1050_red-0030_dead_pixels_0.5,dead_pixels,0.5,1,0.4153849482536316,1.3648806810379028
pixel_texture_mean,esp_049651_1050_red-0030,esp_049651_1050,esp_049651_1050_red-0030_missing_patch_0.15,missing_patch,0.15,1,0.20926663279533386,1.3648806810379028
pixel_texture_mean,esp_049651_1050_red-0030,esp_049651_1050,esp_049651_1050_red-0030_missing_patch_0.3,missing_patch,0.3,1,0.638685941696167,1.3648806810379028
pixel_texture_mean,esp_049651_1050_red-0030,esp_049651_1050,esp_049651_1050_red-0030_missing_patch_0.5,missing_patch,0.5,1,1.0371911525726318,1.3648806810379028
pixel_texture_mean,esp_049651_1050_red-0030,esp_049651_1050,esp_049651_1050_red-0030_local_blur_0.15,local_blur,0.15,1,-0.10213514417409897,1.3648806810379028
pixel_texture_mean,esp_049651_1050_red-0030,esp_049651_1050,esp_049651_1050_red-0030_local_blur_0.3,local_blur,0.3,1,-0.05212000757455826,1.3648806810379028
pixel_texture_mean,esp_049651_1050_red-0030,esp_049651_1050,esp_049651_1050_red-0030_local_blur_0.5,local_blur,0.5,1,-0.04706161469221115,1.3648806810379028
pixel_texture_mean,esp_049651_1050_red-0030,esp_049651_1050,esp_049651_1050_red-0030_patch_duplication_0.15,patch_duplication,0.15,1,-0.28589075803756714,1.3648806810379028
pixel_texture_mean,esp_049651_1050_red-0030,esp_049651_1050,esp_049651_1050_red-0030_patch_duplication_0.3,patch_duplication,0.3,1,-0.30446434020996094,1.3648806810379028
pixel_texture_mean,esp_049651_1050_red-0030,esp_049651_1050,esp_049651_1050_red-0030_patch_duplication_0.5,patch_duplication,0.5,1,-0.27374905347824097,1.3648806810379028
pixel_texture_mean,esp_049651_1050_red-0030,esp_049651_1050,esp_049651_1050_red-0030_foreign_content_0.15,foreign_content,0.15,1,-0.2208481729030609,1.3648806810379028
pixel_texture_mean,esp_049651_1050_red-0030,esp_049651_1050,esp_049651_1050_red-0030_foreign_content_0.3,foreign_content,0.3,1,-0.171622633934021,1.3648806810379028
pixel_texture_mean,esp_049651_1050_red-0030,esp_049651_1050,esp_049651_1050_red-0030_foreign_content_0.5,foreign_content,0.5,1,0.09053746610879898,1.3648806810379028
pixel_texture_max,esp_020133_1720_red-0022,esp_020133_1720,esp_020133_1720_red-0022_clean,clean,0.0,0,0.05309801176190376,1.7241846323013306
pixel_texture_max,esp_020133_1720_red-0022,esp_020133_1720,esp_020133_1720_red-0022_stripes_0.15,stripes,0.15,1,-0.11998225748538971,1.7241846323013306
pixel_texture_max,esp_020133_1720_red-0022,esp_020133_1720,esp_020133_1720_red-0022_stripes_0.3,stripes,0.3,1,-0.12043353170156479,1.7241846323013306
pixel_texture_max,esp_020133_1720_red-0022,esp_020133_1720,esp_020133_1720_red-0022_stripes_0.5,stripes,0.5,1,-0.10376095771789551,1.7241846323013306
pixel_texture_max,esp_020133_1720_red-0022,esp_020133_1720,esp_020133_1720_red-0022_dead_pixels_0.15,dead_pixels,0.15,1,0.7677276730537415,1.7241846323013306
pixel_texture_max,esp_020133_1720_red-0022,esp_020133_1720,esp_020133_1720_red-0022_dead_pixels_0.3,dead_pixels,0.3,1,1.1806858777999878,1.7241846323013306
pixel_texture_max,esp_020133_1720_red-0022,esp_020133_1720,esp_020133_1720_red-0022_dead_pixels_0.5,dead_pixels,0.5,1,1.4801677465438843,1.7241846323013306
pixel_texture_max,esp_020133_1720_red-0022,esp_020133_1720,esp_020133_1720_red-0022_missing_patch_0.15,missing_patch,0.15,1,0.3951472342014313,1.7241846323013306
pixel_texture_max,esp_020133_1720_red-0022,esp_020133_1720,esp_020133_1720_red-0022_missing_patch_0.3,missing_patch,0.3,1,1.6682838201522827,1.7241846323013306
pixel_texture_max,esp_020133_1720_red-0022,esp_020133_1720,esp_020133_1720_red-0022_missing_patch_0.5,missing_patch,0.5,1,1.4516358375549316,1.7241846323013306
pixel_texture_max,esp_020133_1720_red-0022,esp_020133_1720,esp_020133_1720_red-0022_local_blur_0.15,local_blur,0.15,1,0.3601421117782593,1.7241846323013306
pixel_texture_max,esp_020133_1720_red-0022,esp_020133_1720,esp_020133_1720_red-0022_local_blur_0.3,local_blur,0.3,1,0.52040696144104,1.7241846323013306
pixel_texture_max,esp_020133_1720_red-0022,esp_020133_1720,esp_020133_1720_red-0022_local_blur_0.5,local_blur,0.5,1,0.5344830751419067,1.7241846323013306
pixel_texture_max,esp_020133_1720_red-0022,esp_020133_1720,esp_020133_1720_red-0022_patch_duplication_0.15,patch_duplication,0.15,1,-0.053079742938280106,1.7241846323013306
pixel_texture_max,esp_020133_1720_red-0022,esp_020133_1720,esp_020133_1720_red-0022_patch_duplication_0.3,patch_duplication,0.3,1,-0.03386765345931053,1.7241846323013306
pixel_texture_max,esp_020133_1720_red-0022,esp_020133_1720,esp_020133_1720_red-0022_patch_duplication_0.5,patch_duplication,0.5,1,-0.047367025166749954,1.7241846323013306
pixel_texture_max,esp_020133_1720_red-0022,esp_020133_1720,esp_020133_1720_red-0022_foreign_content_0.15,foreign_content,0.15,1,0.10873322933912277,1.7241846323013306
pixel_texture_max,esp_020133_1720_red-0022,esp_020133_1720,esp_020133_1720_red-0022_foreign_content_0.3,foreign_content,0.3,1,0.2542169392108917,1.7241846323013306
pixel_texture_max,esp_020133_1720_red-0022,esp_020133_1720,esp_020133_1720_red-0022_foreign_content_0.5,foreign_content,0.5,1,0.7451338171958923,1.7241846323013306
pixel_texture_max,psp_006766_1850_red-0037,psp_006766_1850,psp_006766_1850_red-0037_clean,clean,0.0,0,1.1064425706863403,1.7241846323013306
pixel_texture_max,psp_006766_1850_red-0037,psp_006766_1850,psp_006766_1850_red-0037_stripes_0.15,stripes,0.15,1,1.0179452896118164,1.7241846323013306
pixel_texture_max,psp_006766_1850_red-0037,psp_006766_1850,psp_006766_1850_red-0037_stripes_0.3,stripes,0.3,1,0.994888186454773,1.7241846323013306
pixel_texture_max,psp_006766_1850_red-0037,psp_006766_1850,psp_006766_1850_red-0037_stripes_0.5,stripes,0.5,1,1.004639983177185,1.7241846323013306
pixel_texture_max,psp_006766_1850_red-0037,psp_006766_1850,psp_006766_1850_red-0037_dead_pixels_0.15,dead_pixels,0.15,1,1.3230963945388794,1.7241846323013306
pixel_texture_max,psp_006766_1850_red-0037,psp_006766_1850,psp_006766_1850_red-0037_dead_pixels_0.3,dead_pixels,0.3,1,1.4380255937576294,1.7241846323013306
pixel_texture_max,psp_006766_1850_red-0037,psp_006766_1850,psp_006766_1850_red-0037_dead_pixels_0.5,dead_pixels,0.5,1,1.660081148147583,1.7241846323013306
pixel_texture_max,psp_006766_1850_red-0037,psp_006766_1850,psp_006766_1850_red-0037_missing_patch_0.15,missing_patch,0.15,1,1.1346765756607056,1.7241846323013306
pixel_texture_max,psp_006766_1850_red-0037,psp_006766_1850,psp_006766_1850_red-0037_missing_patch_0.3,missing_patch,0.3,1,1.160353422164917,1.7241846323013306
pixel_texture_max,psp_006766_1850_red-0037,psp_006766_1850,psp_006766_1850_red-0037_missing_patch_0.5,missing_patch,0.5,1,1.2164785861968994,1.7241846323013306
pixel_texture_max,psp_006766_1850_red-0037,psp_006766_1850,psp_006766_1850_red-0037_local_blur_0.15,local_blur,0.15,1,1.1041712760925293,1.7241846323013306
pixel_texture_max,psp_006766_1850_red-0037,psp_006766_1850,psp_006766_1850_red-0037_local_blur_0.3,local_blur,0.3,1,1.1016348600387573,1.7241846323013306
pixel_texture_max,psp_006766_1850_red-0037,psp_006766_1850,psp_006766_1850_red-0037_local_blur_0.5,local_blur,0.5,1,1.0970934629440308,1.7241846323013306
pixel_texture_max,psp_006766_1850_red-0037,psp_006766_1850,psp_006766_1850_red-0037_patch_duplication_0.15,patch_duplication,0.15,1,1.0513908863067627,1.7241846323013306
pixel_texture_max,psp_006766_1850_red-0037,psp_006766_1850,psp_006766_1850_red-0037_patch_duplication_0.3,patch_duplication,0.3,1,1.025413990020752,1.7241846323013306
pixel_texture_max,psp_006766_1850_red-0037,psp_006766_1850,psp_006766_1850_red-0037_patch_duplication_0.5,patch_duplication,0.5,1,1.134663462638855,1.7241846323013306
pixel_texture_max,psp_006766_1850_red-0037,psp_006766_1850,psp_006766_1850_red-0037_foreign_content_0.15,foreign_content,0.15,1,1.153144359588623,1.7241846323013306
pixel_texture_max,psp_006766_1850_red-0037,psp_006766_1850,psp_006766_1850_red-0037_foreign_content_0.3,foreign_content,0.3,1,1.2787467241287231,1.7241846323013306
pixel_texture_max,psp_006766_1850_red-0037,psp_006766_1850,psp_006766_1850_red-0037_foreign_content_0.5,foreign_content,0.5,1,1.6741012334823608,1.7241846323013306
pixel_texture_max,esp_019559_1390_red-0576,esp_019559_1390,esp_019559_1390_red-0576_clean,clean,0.0,0,-0.16379287838935852,1.7241846323013306
pixel_texture_max,esp_019559_1390_red-0576,esp_019559_1390,esp_019559_1390_red-0576_stripes_0.15,stripes,0.15,1,-0.24363698065280914,1.7241846323013306
pixel_texture_max,esp_019559_1390_red-0576,esp_019559_1390,esp_019559_1390_red-0576_stripes_0.3,stripes,0.3,1,-0.24824029207229614,1.7241846323013306
pixel_texture_max,esp_019559_1390_red-0576,esp_019559_1390,esp_019559_1390_red-0576_stripes_0.5,stripes,0.5,1,-0.23266460001468658,1.7241846323013306
pixel_texture_max,esp_019559_1390_red-0576,esp_019559_1390,esp_019559_1390_red-0576_dead_pixels_0.15,dead_pixels,0.15,1,0.8491802215576172,1.7241846323013306
pixel_texture_max,esp_019559_1390_red-0576,esp_019559_1390,esp_019559_1390_red-0576_dead_pixels_0.3,dead_pixels,0.3,1,1.1543879508972168,1.7241846323013306
pixel_texture_max,esp_019559_1390_red-0576,esp_019559_1390,esp_019559_1390_red-0576_dead_pixels_0.5,dead_pixels,0.5,1,1.151627779006958,1.7241846323013306
pixel_texture_max,esp_019559_1390_red-0576,esp_019559_1390,esp_019559_1390_red-0576_missing_patch_0.15,missing_patch,0.15,1,0.9803295135498047,1.7241846323013306
pixel_texture_max,esp_019559_1390_red-0576,esp_019559_1390,esp_019559_1390_red-0576_missing_patch_0.3,missing_patch,0.3,1,1.053220510482788,1.7241846323013306
pixel_texture_max,esp_019559_1390_red-0576,esp_019559_1390,esp_019559_1390_red-0576_missing_patch_0.5,missing_patch,0.5,1,0.9671114683151245,1.7241846323013306
pixel_texture_max,esp_019559_1390_red-0576,esp_019559_1390,esp_019559_1390_red-0576_local_blur_0.15,local_blur,0.15,1,-0.1640443503856659,1.7241846323013306
pixel_texture_max,esp_019559_1390_red-0576,esp_019559_1390,esp_019559_1390_red-0576_local_blur_0.3,local_blur,0.3,1,-0.07292613387107849,1.7241846323013306
pixel_texture_max,esp_019559_1390_red-0576,esp_019559_1390,esp_019559_1390_red-0576_local_blur_0.5,local_blur,0.5,1,0.24287879467010498,1.7241846323013306
pixel_texture_max,esp_019559_1390_red-0576,esp_019559_1390,esp_019559_1390_red-0576_patch_duplication_0.15,patch_duplication,0.15,1,-0.1666916310787201,1.7241846323013306
pixel_texture_max,esp_019559_1390_red-0576,esp_019559_1390,esp_019559_1390_red-0576_patch_duplication_0.3,patch_duplication,0.3,1,-0.17059922218322754,1.7241846323013306
pixel_texture_max,esp_019559_1390_red-0576,esp_019559_1390,esp_019559_1390_red-0576_patch_duplication_0.5,patch_duplication,0.5,1,-0.15936234593391418,1.7241846323013306
pixel_texture_max,esp_019559_1390_red-0576,esp_019559_1390,esp_019559_1390_red-0576_foreign_content_0.15,foreign_content,0.15,1,-0.15265384316444397,1.7241846323013306
pixel_texture_max,esp_019559_1390_red-0576,esp_019559_1390,esp_019559_1390_red-0576_foreign_content_0.3,foreign_content,0.3,1,-0.035826537758111954,1.7241846323013306
pixel_texture_max,esp_019559_1390_red-0576,esp_019559_1390,esp_019559_1390_red-0576_foreign_content_0.5,foreign_content,0.5,1,0.5601476430892944,1.7241846323013306
pixel_texture_max,esp_016781_2055_red-0188,esp_016781_2055,esp_016781_2055_red-0188_clean,clean,0.0,0,1.0048161745071411,1.7241846323013306
pixel_texture_max,esp_016781_2055_red-0188,esp_016781_2055,esp_016781_2055_red-0188_stripes_0.15,stripes,0.15,1,0.37990400195121765,1.7241846323013306
pixel_texture_max,esp_016781_2055_red-0188,esp_016781_2055,esp_016781_2055_red-0188_stripes_0.3,stripes,0.3,1,0.3538534343242645,1.7241846323013306
pixel_texture_max,esp_016781_2055_red-0188,esp_016781_2055,esp_016781_2055_red-0188_stripes_0.5,stripes,0.5,1,0.413713276386261,1.7241846323013306
pixel_texture_max,esp_016781_2055_red-0188,esp_016781_2055,esp_016781_2055_red-0188_dead_pixels_0.15,dead_pixels,0.15,1,1.112783670425415,1.7241846323013306
pixel_texture_max,esp_016781_2055_red-0188,esp_016781_2055,esp_016781_2055_red-0188_dead_pixels_0.3,dead_pixels,0.3,1,1.5248793363571167,1.7241846323013306
pixel_texture_max,esp_016781_2055_red-0188,esp_016781_2055,esp_016781_2055_red-0188_dead_pixels_0.5,dead_pixels,0.5,1,2.010040521621704,1.7241846323013306
pixel_texture_max,esp_016781_2055_red-0188,esp_016781_2055,esp_016781_2055_red-0188_missing_patch_0.15,missing_patch,0.15,1,1.0102167129516602,1.7241846323013306
pixel_texture_max,esp_016781_2055_red-0188,esp_016781_2055,esp_016781_2055_red-0188_missing_patch_0.3,missing_patch,0.3,1,1.0341533422470093,1.7241846323013306
pixel_texture_max,esp_016781_2055_red-0188,esp_016781_2055,esp_016781_2055_red-0188_missing_patch_0.5,missing_patch,0.5,1,1.1015162467956543,1.7241846323013306
pixel_texture_max,esp_016781_2055_red-0188,esp_016781_2055,esp_016781_2055_red-0188_local_blur_0.15,local_blur,0.15,1,1.004515290260315,1.7241846323013306
pixel_texture_max,esp_016781_2055_red-0188,esp_016781_2055,esp_016781_2055_red-0188_local_blur_0.3,local_blur,0.3,1,1.004501223564148,1.7241846323013306
pixel_texture_max,esp_016781_2055_red-0188,esp_016781_2055,esp_016781_2055_red-0188_local_blur_0.5,local_blur,0.5,1,1.0029826164245605,1.7241846323013306
pixel_texture_max,esp_016781_2055_red-0188,esp_016781_2055,esp_016781_2055_red-0188_patch_duplication_0.15,patch_duplication,0.15,1,0.8879138827323914,1.7241846323013306
pixel_texture_max,esp_016781_2055_red-0188,esp_016781_2055,esp_016781_2055_red-0188_patch_duplication_0.3,patch_duplication,0.3,1,0.8775228261947632,1.7241846323013306
pixel_texture_max,esp_016781_2055_red-0188,esp_016781_2055,esp_016781_2055_red-0188_patch_duplication_0.5,patch_duplication,0.5,1,0.856761634349823,1.7241846323013306
pixel_texture_max,esp_016781_2055_red-0188,esp_016781_2055,esp_016781_2055_red-0188_foreign_content_0.15,foreign_content,0.15,1,1.032606601715088,1.7241846323013306
pixel_texture_max,esp_016781_2055_red-0188,esp_016781_2055,esp_016781_2055_red-0188_foreign_content_0.3,foreign_content,0.3,1,1.1120661497116089,1.7241846323013306
pixel_texture_max,esp_016781_2055_red-0188,esp_016781_2055,esp_016781_2055_red-0188_foreign_content_0.5,foreign_content,0.5,1,1.455355167388916,1.7241846323013306
pixel_texture_max,esp_016613_2570_red-0034,esp_016613_2570,esp_016613_2570_red-0034_clean,clean,0.0,0,2.2029716968536377,1.7241846323013306
pixel_texture_max,esp_016613_2570_red-0034,esp_016613_2570,esp_016613_2570_red-0034_stripes_0.15,stripes,0.15,1,2.211712598800659,1.7241846323013306
pixel_texture_max,esp_016613_2570_red-0034,esp_016613_2570,esp_016613_2570_red-0034_stripes_0.3,stripes,0.3,1,2.2459895610809326,1.7241846323013306
pixel_texture_max,esp_016613_2570_red-0034,esp_016613_2570,esp_016613_2570_red-0034_stripes_0.5,stripes,0.5,1,2.2541375160217285,1.7241846323013306
pixel_texture_max,esp_016613_2570_red-0034,esp_016613_2570,esp_016613_2570_red-0034_dead_pixels_0.15,dead_pixels,0.15,1,2.425055742263794,1.7241846323013306
pixel_texture_max,esp_016613_2570_red-0034,esp_016613_2570,esp_016613_2570_red-0034_dead_pixels_0.3,dead_pixels,0.3,1,2.690944194793701,1.7241846323013306
pixel_texture_max,esp_016613_2570_red-0034,esp_016613_2570,esp_016613_2570_red-0034_dead_pixels_0.5,dead_pixels,0.5,1,2.8633439540863037,1.7241846323013306
pixel_texture_max,esp_016613_2570_red-0034,esp_016613_2570,esp_016613_2570_red-0034_missing_patch_0.15,missing_patch,0.15,1,2.1890485286712646,1.7241846323013306
pixel_texture_max,esp_016613_2570_red-0034,esp_016613_2570,esp_016613_2570_red-0034_missing_patch_0.3,missing_patch,0.3,1,2.0896246433258057,1.7241846323013306
pixel_texture_max,esp_016613_2570_red-0034,esp_016613_2570,esp_016613_2570_red-0034_missing_patch_0.5,missing_patch,0.5,1,2.6008987426757812,1.7241846323013306
pixel_texture_max,esp_016613_2570_red-0034,esp_016613_2570,esp_016613_2570_red-0034_local_blur_0.15,local_blur,0.15,1,2.1959187984466553,1.7241846323013306
pixel_texture_max,esp_016613_2570_red-0034,esp_016613_2570,esp_016613_2570_red-0034_local_blur_0.3,local_blur,0.3,1,2.17814040184021,1.7241846323013306
pixel_texture_max,esp_016613_2570_red-0034,esp_016613_2570,esp_016613_2570_red-0034_local_blur_0.5,local_blur,0.5,1,2.1760544776916504,1.7241846323013306
pixel_texture_max,esp_016613_2570_red-0034,esp_016613_2570,esp_016613_2570_red-0034_patch_duplication_0.15,patch_duplication,0.15,1,2.220019817352295,1.7241846323013306
pixel_texture_max,esp_016613_2570_red-0034,esp_016613_2570,esp_016613_2570_red-0034_patch_duplication_0.3,patch_duplication,0.3,1,2.22392201423645,1.7241846323013306
pixel_texture_max,esp_016613_2570_red-0034,esp_016613_2570,esp_016613_2570_red-0034_patch_duplication_0.5,patch_duplication,0.5,1,2.2471859455108643,1.7241846323013306
pixel_texture_max,esp_016613_2570_red-0034,esp_016613_2570,esp_016613_2570_red-0034_foreign_content_0.15,foreign_content,0.15,1,2.1887521743774414,1.7241846323013306
pixel_texture_max,esp_016613_2570_red-0034,esp_016613_2570,esp_016613_2570_red-0034_foreign_content_0.3,foreign_content,0.3,1,2.219618558883667,1.7241846323013306
pixel_texture_max,esp_016613_2570_red-0034,esp_016613_2570,esp_016613_2570_red-0034_foreign_content_0.5,foreign_content,0.5,1,2.166368007659912,1.7241846323013306
pixel_texture_max,esp_017395_1700_red-0007,esp_017395_1700,esp_017395_1700_red-0007_clean,clean,0.0,0,-0.02457738108932972,1.7241846323013306
pixel_texture_max,esp_017395_1700_red-0007,esp_017395_1700,esp_017395_1700_red-0007_stripes_0.15,stripes,0.15,1,-0.3358175456523895,1.7241846323013306
pixel_texture_max,esp_017395_1700_red-0007,esp_017395_1700,esp_017395_1700_red-0007_stripes_0.3,stripes,0.3,1,-0.7256739139556885,1.7241846323013306
pixel_texture_max,esp_017395_1700_red-0007,esp_017395_1700,esp_017395_1700_red-0007_stripes_0.5,stripes,0.5,1,-0.5778809785842896,1.7241846323013306
pixel_texture_max,esp_017395_1700_red-0007,esp_017395_1700,esp_017395_1700_red-0007_dead_pixels_0.15,dead_pixels,0.15,1,1.1758888959884644,1.7241846323013306
pixel_texture_max,esp_017395_1700_red-0007,esp_017395_1700,esp_017395_1700_red-0007_dead_pixels_0.3,dead_pixels,0.3,1,1.6374847888946533,1.7241846323013306
pixel_texture_max,esp_017395_1700_red-0007,esp_017395_1700,esp_017395_1700_red-0007_dead_pixels_0.5,dead_pixels,0.5,1,1.9826006889343262,1.7241846323013306
pixel_texture_max,esp_017395_1700_red-0007,esp_017395_1700,esp_017395_1700_red-0007_missing_patch_0.15,missing_patch,0.15,1,0.7219851016998291,1.7241846323013306
pixel_texture_max,esp_017395_1700_red-0007,esp_017395_1700,esp_017395_1700_red-0007_missing_patch_0.3,missing_patch,0.3,1,0.7222291231155396,1.7241846323013306
pixel_texture_max,esp_017395_1700_red-0007,esp_017395_1700,esp_017395_1700_red-0007_missing_patch_0.5,missing_patch,0.5,1,0.7920951247215271,1.7241846323013306
pixel_texture_max,esp_017395_1700_red-0007,esp_017395_1700,esp_017395_1700_red-0007_local_blur_0.15,local_blur,0.15,1,-0.024137534201145172,1.7241846323013306
pixel_texture_max,esp_017395_1700_red-0007,esp_017395_1700,esp_017395_1700_red-0007_local_blur_0.3,local_blur,0.3,1,-0.025579823181033134,1.7241846323013306
pixel_texture_max,esp_017395_1700_red-0007,esp_017395_1700,esp_017395_1700_red-0007_local_blur_0.5,local_blur,0.5,1,-0.028858011588454247,1.7241846323013306
pixel_texture_max,esp_017395_1700_red-0007,esp_017395_1700,esp_017395_1700_red-0007_patch_duplication_0.15,patch_duplication,0.15,1,-0.36997443437576294,1.7241846323013306
pixel_texture_max,esp_017395_1700_red-0007,esp_017395_1700,esp_017395_1700_red-0007_patch_duplication_0.3,patch_duplication,0.3,1,-0.4501989781856537,1.7241846323013306
pixel_texture_max,esp_017395_1700_red-0007,esp_017395_1700,esp_017395_1700_red-0007_patch_duplication_0.5,patch_duplication,0.5,1,-0.47051286697387695,1.7241846323013306
pixel_texture_max,esp_017395_1700_red-0007,esp_017395_1700,esp_017395_1700_red-0007_foreign_content_0.15,foreign_content,0.15,1,-0.00736253522336483,1.7241846323013306
pixel_texture_max,esp_017395_1700_red-0007,esp_017395_1700,esp_017395_1700_red-0007_foreign_content_0.3,foreign_content,0.3,1,0.08384516835212708,1.7241846323013306
pixel_texture_max,esp_017395_1700_red-0007,esp_017395_1700,esp_017395_1700_red-0007_foreign_content_0.5,foreign_content,0.5,1,0.6999115347862244,1.7241846323013306
pixel_texture_max,esp_012057_0950_red-0111,esp_012057_0950,esp_012057_0950_red-0111_clean,clean,0.0,0,0.16939200460910797,1.7241846323013306
pixel_texture_max,esp_012057_0950_red-0111,esp_012057_0950,esp_012057_0950_red-0111_stripes_0.15,stripes,0.15,1,-0.2486746460199356,1.7241846323013306
pixel_texture_max,esp_012057_0950_red-0111,esp_012057_0950,esp_012057_0950_red-0111_stripes_0.3,stripes,0.3,1,-0.7148405909538269,1.7241846323013306
pixel_texture_max,esp_012057_0950_red-0111,esp_012057_0950,esp_012057_0950_red-0111_stripes_0.5,stripes,0.5,1,-0.5687447190284729,1.7241846323013306
pixel_texture_max,esp_012057_0950_red-0111,esp_012057_0950,esp_012057_0950_red-0111_dead_pixels_0.15,dead_pixels,0.15,1,0.923926591873169,1.7241846323013306
pixel_texture_max,esp_012057_0950_red-0111,esp_012057_0950,esp_012057_0950_red-0111_dead_pixels_0.3,dead_pixels,0.3,1,1.043046236038208,1.7241846323013306
pixel_texture_max,esp_012057_0950_red-0111,esp_012057_0950,esp_012057_0950_red-0111_dead_pixels_0.5,dead_pixels,0.5,1,1.2669870853424072,1.7241846323013306
pixel_texture_max,esp_012057_0950_red-0111,esp_012057_0950,esp_012057_0950_red-0111_missing_patch_0.15,missing_patch,0.15,1,0.19751842319965363,1.7241846323013306
pixel_texture_max,esp_012057_0950_red-0111,esp_012057_0950,esp_012057_0950_red-0111_missing_patch_0.3,missing_patch,0.3,1,0.5143060684204102,1.7241846323013306
pixel_texture_max,esp_012057_0950_red-0111,esp_012057_0950,esp_012057_0950_red-0111_missing_patch_0.5,missing_patch,0.5,1,0.8170303702354431,1.7241846323013306
pixel_texture_max,esp_012057_0950_red-0111,esp_012057_0950,esp_012057_0950_red-0111_local_blur_0.15,local_blur,0.15,1,0.16910667717456818,1.7241846323013306
pixel_texture_max,esp_012057_0950_red-0111,esp_012057_0950,esp_012057_0950_red-0111_local_blur_0.3,local_blur,0.3,1,0.16902270913124084,1.7241846323013306
pixel_texture_max,esp_012057_0950_red-0111,esp_012057_0950,esp_012057_0950_red-0111_local_blur_0.5,local_blur,0.5,1,0.1690807193517685,1.7241846323013306
pixel_texture_max,esp_012057_0950_red-0111,esp_012057_0950,esp_012057_0950_red-0111_patch_duplication_0.15,patch_duplication,0.15,1,-0.004240210633724928,1.7241846323013306
pixel_texture_max,esp_012057_0950_red-0111,esp_012057_0950,esp_012057_0950_red-0111_patch_duplication_0.3,patch_duplication,0.3,1,-0.1245984137058258,1.7241846323013306
pixel_texture_max,esp_012057_0950_red-0111,esp_012057_0950,esp_012057_0950_red-0111_patch_duplication_0.5,patch_duplication,0.5,1,-0.11618063598871231,1.7241846323013306
pixel_texture_max,esp_012057_0950_red-0111,esp_012057_0950,esp_012057_0950_red-0111_foreign_content_0.15,foreign_content,0.15,1,0.19618472456932068,1.7241846323013306
pixel_texture_max,esp_012057_0950_red-0111,esp_012057_0950,esp_012057_0950_red-0111_foreign_content_0.3,foreign_content,0.3,1,0.2804245352745056,1.7241846323013306
pixel_texture_max,esp_012057_0950_red-0111,esp_012057_0950,esp_012057_0950_red-0111_foreign_content_0.5,foreign_content,0.5,1,0.6618695855140686,1.7241846323013306
pixel_texture_max,esp_049651_1050_red-0070,esp_049651_1050,esp_049651_1050_red-0070_clean,clean,0.0,0,-0.44824233651161194,1.7241846323013306
pixel_texture_max,esp_049651_1050_red-0070,esp_049651_1050,esp_049651_1050_red-0070_stripes_0.15,stripes,0.15,1,-0.39075538516044617,1.7241846323013306
pixel_texture_max,esp_049651_1050_red-0070,esp_049651_1050,esp_049651_1050_red-0070_stripes_0.3,stripes,0.3,1,-0.2753913402557373,1.7241846323013306
pixel_texture_max,esp_049651_1050_red-0070,esp_049651_1050,esp_049651_1050_red-0070_stripes_0.5,stripes,0.5,1,-0.0367809422314167,1.7241846323013306
pixel_texture_max,esp_049651_1050_red-0070,esp_049651_1050,esp_049651_1050_red-0070_dead_pixels_0.15,dead_pixels,0.15,1,0.47403478622436523,1.7241846323013306
pixel_texture_max,esp_049651_1050_red-0070,esp_049651_1050,esp_049651_1050_red-0070_dead_pixels_0.3,dead_pixels,0.3,1,0.8127158284187317,1.7241846323013306
pixel_texture_max,esp_049651_1050_red-0070,esp_049651_1050,esp_049651_1050_red-0070_dead_pixels_0.5,dead_pixels,0.5,1,1.0882121324539185,1.7241846323013306
pixel_texture_max,esp_049651_1050_red-0070,esp_049651_1050,esp_049651_1050_red-0070_missing_patch_0.15,missing_patch,0.15,1,0.6182879209518433,1.7241846323013306
pixel_texture_max,esp_049651_1050_red-0070,esp_049651_1050,esp_049651_1050_red-0070_missing_patch_0.3,missing_patch,0.3,1,0.6119663715362549,1.7241846323013306
pixel_texture_max,esp_049651_1050_red-0070,esp_049651_1050,esp_049651_1050_red-0070_missing_patch_0.5,missing_patch,0.5,1,1.5208595991134644,1.7241846323013306
pixel_texture_max,esp_049651_1050_red-0070,esp_049651_1050,esp_049651_1050_red-0070_local_blur_0.15,local_blur,0.15,1,0.3752847909927368,1.7241846323013306
pixel_texture_max,esp_049651_1050_red-0070,esp_049651_1050,esp_049651_1050_red-0070_local_blur_0.3,local_blur,0.3,1,0.5764138698577881,1.7241846323013306
pixel_texture_max,esp_049651_1050_red-0070,esp_049651_1050,esp_049651_1050_red-0070_local_blur_0.5,local_blur,0.5,1,0.5847125053405762,1.7241846323013306
pixel_texture_max,esp_049651_1050_red-0070,esp_049651_1050,esp_049651_1050_red-0070_patch_duplication_0.15,patch_duplication,0.15,1,-0.4527636766433716,1.7241846323013306
pixel_texture_max,esp_049651_1050_red-0070,esp_049651_1050,esp_049651_1050_red-0070_patch_duplication_0.3,patch_duplication,0.3,1,-0.45692646503448486,1.7241846323013306
pixel_texture_max,esp_049651_1050_red-0070,esp_049651_1050,esp_049651_1050_red-0070_patch_duplication_0.5,patch_duplication,0.5,1,-0.4064151346683502,1.7241846323013306
pixel_texture_max,esp_049651_1050_red-0070,esp_049651_1050,esp_049651_1050_red-0070_foreign_content_0.15,foreign_content,0.15,1,-0.43296051025390625,1.7241846323013306
pixel_texture_max,esp_049651_1050_red-0070,esp_049651_1050,esp_049651_1050_red-0070_foreign_content_0.3,foreign_content,0.3,1,-0.32239025831222534,1.7241846323013306
pixel_texture_max,esp_049651_1050_red-0070,esp_049651_1050,esp_049651_1050_red-0070_foreign_content_0.5,foreign_content,0.5,1,0.2414998561143875,1.7241846323013306
pixel_texture_max,psp_006766_1850_red-0101,psp_006766_1850,psp_006766_1850_red-0101_clean,clean,0.0,0,-0.6068887710571289,1.7241846323013306
pixel_texture_max,psp_006766_1850_red-0101,psp_006766_1850,psp_006766_1850_red-0101_stripes_0.15,stripes,0.15,1,-0.7878530621528625,1.7241846323013306
pixel_texture_max,psp_006766_1850_red-0101,psp_006766_1850,psp_006766_1850_red-0101_stripes_0.3,stripes,0.3,1,-0.7309979796409607,1.7241846323013306
pixel_texture_max,psp_006766_1850_red-0101,psp_006766_1850,psp_006766_1850_red-0101_stripes_0.5,stripes,0.5,1,-0.47548726201057434,1.7241846323013306
pixel_texture_max,psp_006766_1850_red-0101,psp_006766_1850,psp_006766_1850_red-0101_dead_pixels_0.15,dead_pixels,0.15,1,0.28981712460517883,1.7241846323013306
pixel_texture_max,psp_006766_1850_red-0101,psp_006766_1850,psp_006766_1850_red-0101_dead_pixels_0.3,dead_pixels,0.3,1,0.9525757431983948,1.7241846323013306
pixel_texture_max,psp_006766_1850_red-0101,psp_006766_1850,psp_006766_1850_red-0101_dead_pixels_0.5,dead_pixels,0.5,1,1.2507187128067017,1.7241846323013306
pixel_texture_max,psp_006766_1850_red-0101,psp_006766_1850,psp_006766_1850_red-0101_missing_patch_0.15,missing_patch,0.15,1,-0.4442041516304016,1.7241846323013306
pixel_texture_max,psp_006766_1850_red-0101,psp_006766_1850,psp_006766_1850_red-0101_missing_patch_0.3,missing_patch,0.3,1,0.0466001033782959,1.7241846323013306
pixel_texture_max,psp_006766_1850_red-0101,psp_006766_1850,psp_006766_1850_red-0101_missing_patch_0.5,missing_patch,0.5,1,1.0435656309127808,1.7241846323013306
pixel_texture_max,psp_006766_1850_red-0101,psp_006766_1850,psp_006766_1850_red-0101_local_blur_0.15,local_blur,0.15,1,0.0800919383764267,1.7241846323013306
pixel_texture_max,psp_006766_1850_red-0101,psp_006766_1850,psp_006766_1850_red-0101_local_blur_0.3,local_blur,0.3,1,0.08978614956140518,1.7241846323013306
pixel_texture_max,psp_006766_1850_red-0101,psp_006766_1850,psp_006766_1850_red-0101_local_blur_0.5,local_blur,0.5,1,0.1250603348016739,1.7241846323013306
pixel_texture_max,psp_006766_1850_red-0101,psp_006766_1850,psp_006766_1850_red-0101_patch_duplication_0.15,patch_duplication,0.15,1,-0.6756423711776733,1.7241846323013306
pixel_texture_max,psp_006766_1850_red-0101,psp_006766_1850,psp_006766_1850_red-0101_patch_duplication_0.3,patch_duplication,0.3,1,-0.6923230290412903,1.7241846323013306
pixel_texture_max,psp_006766_1850_red-0101,psp_006766_1850,psp_006766_1850_red-0101_patch_duplication_0.5,patch_duplication,0.5,1,-0.715802788734436,1.7241846323013306
pixel_texture_max,psp_006766_1850_red-0101,psp_006766_1850,psp_006766_1850_red-0101_foreign_content_0.15,foreign_content,0.15,1,-0.5841624736785889,1.7241846323013306
pixel_texture_max,psp_006766_1850_red-0101,psp_006766_1850,psp_006766_1850_red-0101_foreign_content_0.3,foreign_content,0.3,1,-0.489271342754364,1.7241846323013306
pixel_texture_max,psp_006766_1850_red-0101,psp_006766_1850,psp_006766_1850_red-0101_foreign_content_0.5,foreign_content,0.5,1,0.07945821434259415,1.7241846323013306
pixel_texture_max,esp_016148_2040_red-0097,esp_016148_2040,esp_016148_2040_red-0097_clean,clean,0.0,0,0.04505147039890289,1.7241846323013306
pixel_texture_max,esp_016148_2040_red-0097,esp_016148_2040,esp_016148_2040_red-0097_stripes_0.15,stripes,0.15,1,-0.0908958688378334,1.7241846323013306
pixel_texture_max,esp_016148_2040_red-0097,esp_016148_2040,esp_016148_2040_red-0097_stripes_0.3,stripes,0.3,1,-0.06121841445565224,1.7241846323013306
pixel_texture_max,esp_016148_2040_red-0097,esp_016148_2040,esp_016148_2040_red-0097_stripes_0.5,stripes,0.5,1,0.0332309864461422,1.7241846323013306
pixel_texture_max,esp_016148_2040_red-0097,esp_016148_2040,esp_016148_2040_red-0097_dead_pixels_0.15,dead_pixels,0.15,1,0.894824743270874,1.7241846323013306
pixel_texture_max,esp_016148_2040_red-0097,esp_016148_2040,esp_016148_2040_red-0097_dead_pixels_0.3,dead_pixels,0.3,1,1.2766488790512085,1.7241846323013306
pixel_texture_max,esp_016148_2040_red-0097,esp_016148_2040,esp_016148_2040_red-0097_dead_pixels_0.5,dead_pixels,0.5,1,1.7328507900238037,1.7241846323013306
pixel_texture_max,esp_016148_2040_red-0097,esp_016148_2040,esp_016148_2040_red-0097_missing_patch_0.15,missing_patch,0.15,1,1.8115745782852173,1.7241846323013306
pixel_texture_max,esp_016148_2040_red-0097,esp_016148_2040,esp_016148_2040_red-0097_missing_patch_0.3,missing_patch,0.3,1,1.1109907627105713,1.7241846323013306
pixel_texture_max,esp_016148_2040_red-0097,esp_016148_2040,esp_016148_2040_red-0097_missing_patch_0.5,missing_patch,0.5,1,1.1669185161590576,1.7241846323013306
pixel_texture_max,esp_016148_2040_red-0097,esp_016148_2040,esp_016148_2040_red-0097_local_blur_0.15,local_blur,0.15,1,0.3234805166721344,1.7241846323013306
pixel_texture_max,esp_016148_2040_red-0097,esp_016148_2040,esp_016148_2040_red-0097_local_blur_0.3,local_blur,0.3,1,0.39612460136413574,1.7241846323013306
pixel_texture_max,esp_016148_2040_red-0097,esp_016148_2040,esp_016148_2040_red-0097_local_blur_0.5,local_blur,0.5,1,0.49397504329681396,1.7241846323013306
pixel_texture_max,esp_016148_2040_red-0097,esp_016148_2040,esp_016148_2040_red-0097_patch_duplication_0.15,patch_duplication,0.15,1,-0.058714885264635086,1.7241846323013306
pixel_texture_max,esp_016148_2040_red-0097,esp_016148_2040,esp_016148_2040_red-0097_patch_duplication_0.3,patch_duplication,0.3,1,-0.07294179499149323,1.7241846323013306
pixel_texture_max,esp_016148_2040_red-0097,esp_016148_2040,esp_016148_2040_red-0097_patch_duplication_0.5,patch_duplication,0.5,1,-0.07675722241401672,1.7241846323013306
pixel_texture_max,esp_016148_2040_red-0097,esp_016148_2040,esp_016148_2040_red-0097_foreign_content_0.15,foreign_content,0.15,1,0.11115454882383347,1.7241846323013306
pixel_texture_max,esp_016148_2040_red-0097,esp_016148_2040,esp_016148_2040_red-0097_foreign_content_0.3,foreign_content,0.3,1,0.32740452885627747,1.7241846323013306
pixel_texture_max,esp_016148_2040_red-0097,esp_016148_2040,esp_016148_2040_red-0097_foreign_content_0.5,foreign_content,0.5,1,0.929611086845398,1.7241846323013306
pixel_texture_max,esp_011716_0940_red-0008,esp_011716_0940,esp_011716_0940_red-0008_clean,clean,0.0,0,0.025716595351696014,1.7241846323013306
pixel_texture_max,esp_011716_0940_red-0008,esp_011716_0940,esp_011716_0940_red-0008_stripes_0.15,stripes,0.15,1,-0.19366635382175446,1.7241846323013306
pixel_texture_max,esp_011716_0940_red-0008,esp_011716_0940,esp_011716_0940_red-0008_stripes_0.3,stripes,0.3,1,-0.17525725066661835,1.7241846323013306
pixel_texture_max,esp_011716_0940_red-0008,esp_011716_0940,esp_011716_0940_red-0008_stripes_0.5,stripes,0.5,1,-0.07839680463075638,1.7241846323013306
pixel_texture_max,esp_011716_0940_red-0008,esp_011716_0940,esp_011716_0940_red-0008_dead_pixels_0.15,dead_pixels,0.15,1,1.0423938035964966,1.7241846323013306
pixel_texture_max,esp_011716_0940_red-0008,esp_011716_0940,esp_011716_0940_red-0008_dead_pixels_0.3,dead_pixels,0.3,1,1.759253978729248,1.7241846323013306
pixel_texture_max,esp_011716_0940_red-0008,esp_011716_0940,esp_011716_0940_red-0008_dead_pixels_0.5,dead_pixels,0.5,1,2.4195804595947266,1.7241846323013306
pixel_texture_max,esp_011716_0940_red-0008,esp_011716_0940,esp_011716_0940_red-0008_missing_patch_0.15,missing_patch,0.15,1,0.03003123216331005,1.7241846323013306
pixel_texture_max,esp_011716_0940_red-0008,esp_011716_0940,esp_011716_0940_red-0008_missing_patch_0.3,missing_patch,0.3,1,0.15537868440151215,1.7241846323013306
pixel_texture_max,esp_011716_0940_red-0008,esp_011716_0940,esp_011716_0940_red-0008_missing_patch_0.5,missing_patch,0.5,1,0.9477740526199341,1.7241846323013306
pixel_texture_max,esp_011716_0940_red-0008,esp_011716_0940,esp_011716_0940_red-0008_local_blur_0.15,local_blur,0.15,1,0.19004462659358978,1.7241846323013306
pixel_texture_max,esp_011716_0940_red-0008,esp_011716_0940,esp_011716_0940_red-0008_local_blur_0.3,local_blur,0.3,1,0.2218947559595108,1.7241846323013306
pixel_texture_max,esp_011716_0940_red-0008,esp_011716_0940,esp_011716_0940_red-0008_local_blur_0.5,local_blur,0.5,1,0.2588331699371338,1.7241846323013306
pixel_texture_max,esp_011716_0940_red-0008,esp_011716_0940,esp_011716_0940_red-0008_patch_duplication_0.15,patch_duplication,0.15,1,-0.14888763427734375,1.7241846323013306
pixel_texture_max,esp_011716_0940_red-0008,esp_011716_0940,esp_011716_0940_red-0008_patch_duplication_0.3,patch_duplication,0.3,1,-0.1073978841304779,1.7241846323013306
pixel_texture_max,esp_011716_0940_red-0008,esp_011716_0940,esp_011716_0940_red-0008_patch_duplication_0.5,patch_duplication,0.5,1,-0.1039714440703392,1.7241846323013306
pixel_texture_max,esp_011716_0940_red-0008,esp_011716_0940,esp_011716_0940_red-0008_foreign_content_0.15,foreign_content,0.15,1,0.08821215480566025,1.7241846323013306
pixel_texture_max,esp_011716_0940_red-0008,esp_011716_0940,esp_011716_0940_red-0008_foreign_content_0.3,foreign_content,0.3,1,0.26887473464012146,1.7241846323013306
pixel_texture_max,esp_011716_0940_red-0008,esp_011716_0940,esp_011716_0940_red-0008_foreign_content_0.5,foreign_content,0.5,1,0.8200684189796448,1.7241846323013306
pixel_texture_max,esp_013141_2105_red-0004,esp_013141_2105,esp_013141_2105_red-0004_clean,clean,0.0,0,-0.08765328675508499,1.7241846323013306
pixel_texture_max,esp_013141_2105_red-0004,esp_013141_2105,esp_013141_2105_red-0004_stripes_0.15,stripes,0.15,1,-0.44609156250953674,1.7241846323013306
pixel_texture_max,esp_013141_2105_red-0004,esp_013141_2105,esp_013141_2105_red-0004_stripes_0.3,stripes,0.3,1,-0.8123939037322998,1.7241846323013306
pixel_texture_max,esp_013141_2105_red-0004,esp_013141_2105,esp_013141_2105_red-0004_stripes_0.5,stripes,0.5,1,-0.9062325954437256,1.7241846323013306
pixel_texture_max,esp_013141_2105_red-0004,esp_013141_2105,esp_013141_2105_red-0004_dead_pixels_0.15,dead_pixels,0.15,1,0.5694743990898132,1.7241846323013306
pixel_texture_max,esp_013141_2105_red-0004,esp_013141_2105,esp_013141_2105_red-0004_dead_pixels_0.3,dead_pixels,0.3,1,1.0420852899551392,1.7241846323013306
pixel_texture_max,esp_013141_2105_red-0004,esp_013141_2105,esp_013141_2105_red-0004_dead_pixels_0.5,dead_pixels,0.5,1,1.3220657110214233,1.7241846323013306
pixel_texture_max,esp_013141_2105_red-0004,esp_013141_2105,esp_013141_2105_red-0004_missing_patch_0.15,missing_patch,0.15,1,0.3155192732810974,1.7241846323013306
pixel_texture_max,esp_013141_2105_red-0004,esp_013141_2105,esp_013141_2105_red-0004_missing_patch_0.3,missing_patch,0.3,1,0.8898352384567261,1.7241846323013306
pixel_texture_max,esp_013141_2105_red-0004,esp_013141_2105,esp_013141_2105_red-0004_missing_patch_0.5,missing_patch,0.5,1,0.9023021459579468,1.7241846323013306
pixel_texture_max,esp_013141_2105_red-0004,esp_013141_2105,esp_013141_2105_red-0004_local_blur_0.15,local_blur,0.15,1,-0.08778901398181915,1.7241846323013306
pixel_texture_max,esp_013141_2105_red-0004,esp_013141_2105,esp_013141_2105_red-0004_local_blur_0.3,local_blur,0.3,1,-0.08771652728319168,1.7241846323013306
pixel_texture_max,esp_013141_2105_red-0004,esp_013141_2105,esp_013141_2105_red-0004_local_blur_0.5,local_blur,0.5,1,-0.07823172956705093,1.7241846323013306
pixel_texture_max,esp_013141_2105_red-0004,esp_013141_2105,esp_013141_2105_red-0004_patch_duplication_0.15,patch_duplication,0.15,1,-0.28116297721862793,1.7241846323013306
pixel_texture_max,esp_013141_2105_red-0004,esp_013141_2105,esp_013141_2105_red-0004_patch_duplication_0.3,patch_duplication,0.3,1,-0.29063689708709717,1.7241846323013306
pixel_texture_max,esp_013141_2105_red-0004,esp_013141_2105,esp_013141_2105_red-0004_patch_duplication_0.5,patch_duplication,0.5,1,-0.26314347982406616,1.7241846323013306
pixel_texture_max,esp_013141_2105_red-0004,esp_013141_2105,esp_013141_2105_red-0004_foreign_content_0.15,foreign_content,0.15,1,-0.04959072917699814,1.7241846323013306
pixel_texture_max,esp_013141_2105_red-0004,esp_013141_2105,esp_013141_2105_red-0004_foreign_content_0.3,foreign_content,0.3,1,0.20312157273292542,1.7241846323013306
pixel_texture_max,esp_013141_2105_red-0004,esp_013141_2105,esp_013141_2105_red-0004_foreign_content_0.5,foreign_content,0.5,1,1.1327701807022095,1.7241846323013306
pixel_texture_max,esp_016613_2570_red-0043,esp_016613_2570,esp_016613_2570_red-0043_clean,clean,0.0,0,1.9336578845977783,1.7241846323013306
pixel_texture_max,esp_016613_2570_red-0043,esp_016613_2570,esp_016613_2570_red-0043_stripes_0.15,stripes,0.15,1,1.9675043821334839,1.7241846323013306
pixel_texture_max,esp_016613_2570_red-0043,esp_016613_2570,esp_016613_2570_red-0043_stripes_0.3,stripes,0.3,1,2.0616886615753174,1.7241846323013306
pixel_texture_max,esp_016613_2570_red-0043,esp_016613_2570,esp_016613_2570_red-0043_stripes_0.5,stripes,0.5,1,2.1920409202575684,1.7241846323013306
pixel_texture_max,esp_016613_2570_red-0043,esp_016613_2570,esp_016613_2570_red-0043_dead_pixels_0.15,dead_pixels,0.15,1,2.1988041400909424,1.7241846323013306
pixel_texture_max,esp_016613_2570_red-0043,esp_016613_2570,esp_016613_2570_red-0043_dead_pixels_0.3,dead_pixels,0.3,1,2.455711841583252,1.7241846323013306
pixel_texture_max,esp_016613_2570_red-0043,esp_016613_2570,esp_016613_2570_red-0043_dead_pixels_0.5,dead_pixels,0.5,1,2.7950613498687744,1.7241846323013306
pixel_texture_max,esp_016613_2570_red-0043,esp_016613_2570,esp_016613_2570_red-0043_missing_patch_0.15,missing_patch,0.15,1,3.3944318294525146,1.7241846323013306
pixel_texture_max,esp_016613_2570_red-0043,esp_016613_2570,esp_016613_2570_red-0043_missing_patch_0.3,missing_patch,0.3,1,3.1803982257843018,1.7241846323013306
pixel_texture_max,esp_016613_2570_red-0043,esp_016613_2570,esp_016613_2570_red-0043_missing_patch_0.5,missing_patch,0.5,1,3.00317120552063,1.7241846323013306
pixel_texture_max,esp_016613_2570_red-0043,esp_016613_2570,esp_016613_2570_red-0043_local_blur_0.15,local_blur,0.15,1,1.9333871603012085,1.7241846323013306
pixel_texture_max,esp_016613_2570_red-0043,esp_016613_2570,esp_016613_2570_red-0043_local_blur_0.3,local_blur,0.3,1,1.933121919631958,1.7241846323013306
pixel_texture_max,esp_016613_2570_red-0043,esp_016613_2570,esp_016613_2570_red-0043_local_blur_0.5,local_blur,0.5,1,1.9297782182693481,1.7241846323013306
pixel_texture_max,esp_016613_2570_red-0043,esp_016613_2570,esp_016613_2570_red-0043_patch_duplication_0.15,patch_duplication,0.15,1,1.9416894912719727,1.7241846323013306
pixel_texture_max,esp_016613_2570_red-0043,esp_016613_2570,esp_016613_2570_red-0043_patch_duplication_0.3,patch_duplication,0.3,1,1.979608178138733,1.7241846323013306
pixel_texture_max,esp_016613_2570_red-0043,esp_016613_2570,esp_016613_2570_red-0043_patch_duplication_0.5,patch_duplication,0.5,1,1.8096740245819092,1.7241846323013306
pixel_texture_max,esp_016613_2570_red-0043,esp_016613_2570,esp_016613_2570_red-0043_foreign_content_0.15,foreign_content,0.15,1,1.935892105102539,1.7241846323013306
pixel_texture_max,esp_016613_2570_red-0043,esp_016613_2570,esp_016613_2570_red-0043_foreign_content_0.3,foreign_content,0.3,1,1.9034268856048584,1.7241846323013306
pixel_texture_max,esp_016613_2570_red-0043,esp_016613_2570,esp_016613_2570_red-0043_foreign_content_0.5,foreign_content,0.5,1,1.8882774114608765,1.7241846323013306
pixel_texture_max,esp_017395_1700_red-0049,esp_017395_1700,esp_017395_1700_red-0049_clean,clean,0.0,0,0.11091232299804688,1.7241846323013306
pixel_texture_max,esp_017395_1700_red-0049,esp_017395_1700,esp_017395_1700_red-0049_stripes_0.15,stripes,0.15,1,-0.14963039755821228,1.7241846323013306
pixel_texture_max,esp_017395_1700_red-0049,esp_017395_1700,esp_017395_1700_red-0049_stripes_0.3,stripes,0.3,1,-0.15315988659858704,1.7241846323013306
pixel_texture_max,esp_017395_1700_red-0049,esp_017395_1700,esp_017395_1700_red-0049_stripes_0.5,stripes,0.5,1,-0.11567045003175735,1.7241846323013306
pixel_texture_max,esp_017395_1700_red-0049,esp_017395_1700,esp_017395_1700_red-0049_dead_pixels_0.15,dead_pixels,0.15,1,0.6442192792892456,1.7241846323013306
pixel_texture_max,esp_017395_1700_red-0049,esp_017395_1700,esp_017395_1700_red-0049_dead_pixels_0.3,dead_pixels,0.3,1,0.9467864036560059,1.7241846323013306
pixel_texture_max,esp_017395_1700_red-0049,esp_017395_1700,esp_017395_1700_red-0049_dead_pixels_0.5,dead_pixels,0.5,1,1.1716331243515015,1.7241846323013306
pixel_texture_max,esp_017395_1700_red-0049,esp_017395_1700,esp_017395_1700_red-0049_missing_patch_0.15,missing_patch,0.15,1,0.5217782855033875,1.7241846323013306
pixel_texture_max,esp_017395_1700_red-0049,esp_017395_1700,esp_017395_1700_red-0049_missing_patch_0.3,missing_patch,0.3,1,0.4266728460788727,1.7241846323013306
pixel_texture_max,esp_017395_1700_red-0049,esp_017395_1700,esp_017395_1700_red-0049_missing_patch_0.5,missing_patch,0.5,1,0.7780093550682068,1.7241846323013306
pixel_texture_max,esp_017395_1700_red-0049,esp_017395_1700,esp_017395_1700_red-0049_local_blur_0.15,local_blur,0.15,1,0.13060888648033142,1.7241846323013306
pixel_texture_max,esp_017395_1700_red-0049,esp_017395_1700,esp_017395_1700_red-0049_local_blur_0.3,local_blur,0.3,1,0.13169501721858978,1.7241846323013306
pixel_texture_max,esp_017395_1700_red-0049,esp_017395_1700,esp_017395_1700_red-0049_local_blur_0.5,local_blur,0.5,1,0.2961180508136749,1.7241846323013306
pixel_texture_max,esp_017395_1700_red-0049,esp_017395_1700,esp_017395_1700_red-0049_patch_duplication_0.15,patch_duplication,0.15,1,-0.014345630072057247,1.7241846323013306
pixel_texture_max,esp_017395_1700_red-0049,esp_017395_1700,esp_017395_1700_red-0049_patch_duplication_0.3,patch_duplication,0.3,1,-0.013959329575300217,1.7241846323013306
pixel_texture_max,esp_017395_1700_red-0049,esp_017395_1700,esp_017395_1700_red-0049_patch_duplication_0.5,patch_duplication,0.5,1,0.006392159499228001,1.7241846323013306
pixel_texture_max,esp_017395_1700_red-0049,esp_017395_1700,esp_017395_1700_red-0049_foreign_content_0.15,foreign_content,0.15,1,0.1312820166349411,1.7241846323013306
pixel_texture_max,esp_017395_1700_red-0049,esp_017395_1700,esp_017395_1700_red-0049_foreign_content_0.3,foreign_content,0.3,1,0.20567773282527924,1.7241846323013306
pixel_texture_max,esp_017395_1700_red-0049,esp_017395_1700,esp_017395_1700_red-0049_foreign_content_0.5,foreign_content,0.5,1,0.7130866646766663,1.7241846323013306
pixel_texture_max,esp_012588_0930_red-0008,esp_012588_0930,esp_012588_0930_red-0008_clean,clean,0.0,0,0.007915418595075607,1.7241846323013306
pixel_texture_max,esp_012588_0930_red-0008,esp_012588_0930,esp_012588_0930_red-0008_stripes_0.15,stripes,0.15,1,-0.007450437173247337,1.7241846323013306
pixel_texture_max,esp_012588_0930_red-0008,esp_012588_0930,esp_012588_0930_red-0008_stripes_0.3,stripes,0.3,1,0.03898603096604347,1.7241846323013306
pixel_texture_max,esp_012588_0930_red-0008,esp_012588_0930,esp_012588_0930_red-0008_stripes_0.5,stripes,0.5,1,0.1747669279575348,1.7241846323013306
pixel_texture_max,esp_012588_0930_red-0008,esp_012588_0930,esp_012588_0930_red-0008_dead_pixels_0.15,dead_pixels,0.15,1,0.9568073749542236,1.7241846323013306
pixel_texture_max,esp_012588_0930_red-0008,esp_012588_0930,esp_012588_0930_red-0008_dead_pixels_0.3,dead_pixels,0.3,1,1.2259056568145752,1.7241846323013306
pixel_texture_max,esp_012588_0930_red-0008,esp_012588_0930,esp_012588_0930_red-0008_dead_pixels_0.5,dead_pixels,0.5,1,1.1972806453704834,1.7241846323013306
pixel_texture_max,esp_012588_0930_red-0008,esp_012588_0930,esp_012588_0930_red-0008_missing_patch_0.15,missing_patch,0.15,1,1.0652480125427246,1.7241846323013306
pixel_texture_max,esp_012588_0930_red-0008,esp_012588_0930,esp_012588_0930_red-0008_missing_patch_0.3,missing_patch,0.3,1,0.826694905757904,1.7241846323013306
pixel_texture_max,esp_012588_0930_red-0008,esp_012588_0930,esp_012588_0930_red-0008_missing_patch_0.5,missing_patch,0.5,1,0.8624284267425537,1.7241846323013306
pixel_texture_max,esp_012588_0930_red-0008,esp_012588_0930,esp_012588_0930_red-0008_local_blur_0.15,local_blur,0.15,1,-0.04264060780405998,1.7241846323013306
pixel_texture_max,esp_012588_0930_red-0008,esp_012588_0930,esp_012588_0930_red-0008_local_blur_0.3,local_blur,0.3,1,-0.009843958541750908,1.7241846323013306
pixel_texture_max,esp_012588_0930_red-0008,esp_012588_0930,esp_012588_0930_red-0008_local_blur_0.5,local_blur,0.5,1,0.48607394099235535,1.7241846323013306
pixel_texture_max,esp_012588_0930_red-0008,esp_012588_0930,esp_012588_0930_red-0008_patch_duplication_0.15,patch_duplication,0.15,1,0.008069518022239208,1.7241846323013306
pixel_texture_max,esp_012588_0930_red-0008,esp_012588_0930,esp_012588_0930_red-0008_patch_duplication_0.3,patch_duplication,0.3,1,0.006784857250750065,1.7241846323013306
pixel_texture_max,esp_012588_0930_red-0008,esp_012588_0930,esp_012588_0930_red-0008_patch_duplication_0.5,patch_duplication,0.5,1,-0.004025071859359741,1.7241846323013306
pixel_texture_max,esp_012588_0930_red-0008,esp_012588_0930,esp_012588_0930_red-0008_foreign_content_0.15,foreign_content,0.15,1,0.012580138631165028,1.7241846323013306
pixel_texture_max,esp_012588_0930_red-0008,esp_012588_0930,esp_012588_0930_red-0008_foreign_content_0.3,foreign_content,0.3,1,0.09358888864517212,1.7241846323013306
pixel_texture_max,esp_012588_0930_red-0008,esp_012588_0930,esp_012588_0930_red-0008_foreign_content_0.5,foreign_content,0.5,1,1.0773073434829712,1.7241846323013306
pixel_texture_max,esp_049651_1050_red-0030,esp_049651_1050,esp_049651_1050_red-0030_clean,clean,0.0,0,0.19572687149047852,1.7241846323013306
pixel_texture_max,esp_049651_1050_red-0030,esp_049651_1050,esp_049651_1050_red-0030_stripes_0.15,stripes,0.15,1,0.34700897336006165,1.7241846323013306
pixel_texture_max,esp_049651_1050_red-0030,esp_049651_1050,esp_049651_1050_red-0030_stripes_0.3,stripes,0.3,1,0.5616799592971802,1.7241846323013306
pixel_texture_max,esp_049651_1050_red-0030,esp_049651_1050,esp_049651_1050_red-0030_stripes_0.5,stripes,0.5,1,0.9162028431892395,1.7241846323013306
pixel_texture_max,esp_049651_1050_red-0030,esp_049651_1050,esp_049651_1050_red-0030_dead_pixels_0.15,dead_pixels,0.15,1,0.731229841709137,1.7241846323013306
pixel_texture_max,esp_049651_1050_red-0030,esp_049651_1050,esp_049651_1050_red-0030_dead_pixels_0.3,dead_pixels,0.3,1,1.0192598104476929,1.7241846323013306
pixel_texture_max,esp_049651_1050_red-0030,esp_049651_1050,esp_049651_1050_red-0030_dead_pixels_0.5,dead_pixels,0.5,1,1.5669071674346924,1.7241846323013306
pixel_texture_max,esp_049651_1050_red-0030,esp_049651_1050,esp_049651_1050_red-0030_missing_patch_0.15,missing_patch,0.15,1,0.5644093751907349,1.7241846323013306
pixel_texture_max,esp_049651_1050_red-0030,esp_049651_1050,esp_049651_1050_red-0030_missing_patch_0.3,missing_patch,0.3,1,0.6844434142112732,1.7241846323013306
pixel_texture_max,esp_049651_1050_red-0030,esp_049651_1050,esp_049651_1050_red-0030_missing_patch_0.5,missing_patch,0.5,1,1.0921781063079834,1.7241846323013306
pixel_texture_max,esp_049651_1050_red-0030,esp_049651_1050,esp_049651_1050_red-0030_local_blur_0.15,local_blur,0.15,1,0.19600437581539154,1.7241846323013306
pixel_texture_max,esp_049651_1050_red-0030,esp_049651_1050,esp_049651_1050_red-0030_local_blur_0.3,local_blur,0.3,1,0.1951700896024704,1.7241846323013306
pixel_texture_max,esp_049651_1050_red-0030,esp_049651_1050,esp_049651_1050_red-0030_local_blur_0.5,local_blur,0.5,1,0.19533194601535797,1.7241846323013306
pixel_texture_max,esp_049651_1050_red-0030,esp_049651_1050,esp_049651_1050_red-0030_patch_duplication_0.15,patch_duplication,0.15,1,0.1875208467245102,1.7241846323013306
pixel_texture_max,esp_049651_1050_red-0030,esp_049651_1050,esp_049651_1050_red-0030_patch_duplication_0.3,patch_duplication,0.3,1,0.18231603503227234,1.7241846323013306
pixel_texture_max,esp_049651_1050_red-0030,esp_049651_1050,esp_049651_1050_red-0030_patch_duplication_0.5,patch_duplication,0.5,1,0.21031567454338074,1.7241846323013306
pixel_texture_max,esp_049651_1050_red-0030,esp_049651_1050,esp_049651_1050_red-0030_foreign_content_0.15,foreign_content,0.15,1,0.18559087812900543,1.7241846323013306
pixel_texture_max,esp_049651_1050_red-0030,esp_049651_1050,esp_049651_1050_red-0030_foreign_content_0.3,foreign_content,0.3,1,0.16872961819171906,1.7241846323013306
pixel_texture_max,esp_049651_1050_red-0030,esp_049651_1050,esp_049651_1050_red-0030_foreign_content_0.5,foreign_content,0.5,1,0.30201900005340576,1.7241846323013306
pixel_spectral_mean,esp_020133_1720_red-0022,esp_020133_1720,esp_020133_1720_red-0022_clean,clean,0.0,0,0.17548130452632904,2.6661183834075928
pixel_spectral_mean,esp_020133_1720_red-0022,esp_020133_1720,esp_020133_1720_red-0022_stripes_0.15,stripes,0.15,1,0.1514347791671753,2.6661183834075928
pixel_spectral_mean,esp_020133_1720_red-0022,esp_020133_1720,esp_020133_1720_red-0022_stripes_0.3,stripes,0.3,1,1.1389161348342896,2.6661183834075928
pixel_spectral_mean,esp_020133_1720_red-0022,esp_020133_1720,esp_020133_1720_red-0022_stripes_0.5,stripes,0.5,1,3.0092697143554688,2.6661183834075928
pixel_spectral_mean,esp_020133_1720_red-0022,esp_020133_1720,esp_020133_1720_red-0022_dead_pixels_0.15,dead_pixels,0.15,1,0.535159170627594,2.6661183834075928
pixel_spectral_mean,esp_020133_1720_red-0022,esp_020133_1720,esp_020133_1720_red-0022_dead_pixels_0.3,dead_pixels,0.3,1,0.7539797425270081,2.6661183834075928
pixel_spectral_mean,esp_020133_1720_red-0022,esp_020133_1720,esp_020133_1720_red-0022_dead_pixels_0.5,dead_pixels,0.5,1,0.8395881056785583,2.6661183834075928
pixel_spectral_mean,esp_020133_1720_red-0022,esp_020133_1720,esp_020133_1720_red-0022_missing_patch_0.15,missing_patch,0.15,1,0.40623390674591064,2.6661183834075928
pixel_spectral_mean,esp_020133_1720_red-0022,esp_020133_1720,esp_020133_1720_red-0022_missing_patch_0.3,missing_patch,0.3,1,0.818058431148529,2.6661183834075928
pixel_spectral_mean,esp_020133_1720_red-0022,esp_020133_1720,esp_020133_1720_red-0022_missing_patch_0.5,missing_patch,0.5,1,2.139413356781006,2.6661183834075928
pixel_spectral_mean,esp_020133_1720_red-0022,esp_020133_1720,esp_020133_1720_red-0022_local_blur_0.15,local_blur,0.15,1,0.16559970378875732,2.6661183834075928
pixel_spectral_mean,esp_020133_1720_red-0022,esp_020133_1720,esp_020133_1720_red-0022_local_blur_0.3,local_blur,0.3,1,0.13186851143836975,2.6661183834075928
pixel_spectral_mean,esp_020133_1720_red-0022,esp_020133_1720,esp_020133_1720_red-0022_local_blur_0.5,local_blur,0.5,1,0.08081229776144028,2.6661183834075928
pixel_spectral_mean,esp_020133_1720_red-0022,esp_020133_1720,esp_020133_1720_red-0022_patch_duplication_0.15,patch_duplication,0.15,1,0.18046480417251587,2.6661183834075928
pixel_spectral_mean,esp_020133_1720_red-0022,esp_020133_1720,esp_020133_1720_red-0022_patch_duplication_0.3,patch_duplication,0.3,1,0.19539737701416016,2.6661183834075928
pixel_spectral_mean,esp_020133_1720_red-0022,esp_020133_1720,esp_020133_1720_red-0022_patch_duplication_0.5,patch_duplication,0.5,1,0.22147469222545624,2.6661183834075928
pixel_spectral_mean,esp_020133_1720_red-0022,esp_020133_1720,esp_020133_1720_red-0022_foreign_content_0.15,foreign_content,0.15,1,0.16115429997444153,2.6661183834075928
pixel_spectral_mean,esp_020133_1720_red-0022,esp_020133_1720,esp_020133_1720_red-0022_foreign_content_0.3,foreign_content,0.3,1,0.1392354518175125,2.6661183834075928
pixel_spectral_mean,esp_020133_1720_red-0022,esp_020133_1720,esp_020133_1720_red-0022_foreign_content_0.5,foreign_content,0.5,1,0.4023354947566986,2.6661183834075928
pixel_spectral_mean,psp_006766_1850_red-0037,psp_006766_1850,psp_006766_1850_red-0037_clean,clean,0.0,0,2.4941768646240234,2.6661183834075928
pixel_spectral_mean,psp_006766_1850_red-0037,psp_006766_1850,psp_006766_1850_red-0037_stripes_0.15,stripes,0.15,1,2.413604736328125,2.6661183834075928
pixel_spectral_mean,psp_006766_1850_red-0037,psp_006766_1850,psp_006766_1850_red-0037_stripes_0.3,stripes,0.3,1,2.343905210494995,2.6661183834075928
pixel_spectral_mean,psp_006766_1850_red-0037,psp_006766_1850,psp_006766_1850_red-0037_stripes_0.5,stripes,0.5,1,3.104318857192993,2.6661183834075928
pixel_spectral_mean,psp_006766_1850_red-0037,psp_006766_1850,psp_006766_1850_red-0037_dead_pixels_0.15,dead_pixels,0.15,1,2.609924077987671,2.6661183834075928
pixel_spectral_mean,psp_006766_1850_red-0037,psp_006766_1850,psp_006766_1850_red-0037_dead_pixels_0.3,dead_pixels,0.3,1,2.655472993850708,2.6661183834075928
pixel_spectral_mean,psp_006766_1850_red-0037,psp_006766_1850,psp_006766_1850_red-0037_dead_pixels_0.5,dead_pixels,0.5,1,2.8143818378448486,2.6661183834075928
pixel_spectral_mean,psp_006766_1850_red-0037,psp_006766_1850,psp_006766_1850_red-0037_missing_patch_0.15,missing_patch,0.15,1,2.460526704788208,2.6661183834075928
pixel_spectral_mean,psp_006766_1850_red-0037,psp_006766_1850,psp_006766_1850_red-0037_missing_patch_0.3,missing_patch,0.3,1,2.6225337982177734,2.6661183834075928
pixel_spectral_mean,psp_006766_1850_red-0037,psp_006766_1850,psp_006766_1850_red-0037_missing_patch_0.5,missing_patch,0.5,1,2.742147922515869,2.6661183834075928
pixel_spectral_mean,psp_006766_1850_red-0037,psp_006766_1850,psp_006766_1850_red-0037_local_blur_0.15,local_blur,0.15,1,2.481600761413574,2.6661183834075928
pixel_spectral_mean,psp_006766_1850_red-0037,psp_006766_1850,psp_006766_1850_red-0037_local_blur_0.3,local_blur,0.3,1,2.475172758102417,2.6661183834075928
pixel_spectral_mean,psp_006766_1850_red-0037,psp_006766_1850,psp_006766_1850_red-0037_local_blur_0.5,local_blur,0.5,1,2.484896659851074,2.6661183834075928
pixel_spectral_mean,psp_006766_1850_red-0037,psp_006766_1850,psp_006766_1850_red-0037_patch_duplication_0.15,patch_duplication,0.15,1,2.2722153663635254,2.6661183834075928
pixel_spectral_mean,psp_006766_1850_red-0037,psp_006766_1850,psp_006766_1850_red-0037_patch_duplication_0.3,patch_duplication,0.3,1,1.9471608400344849,2.6661183834075928
pixel_spectral_mean,psp_006766_1850_red-0037,psp_006766_1850,psp_006766_1850_red-0037_patch_duplication_0.5,patch_duplication,0.5,1,2.072606325149536,2.6661183834075928
pixel_spectral_mean,psp_006766_1850_red-0037,psp_006766_1850,psp_006766_1850_red-0037_foreign_content_0.15,foreign_content,0.15,1,2.465775728225708,2.6661183834075928
pixel_spectral_mean,psp_006766_1850_red-0037,psp_006766_1850,psp_006766_1850_red-0037_foreign_content_0.3,foreign_content,0.3,1,2.474135398864746,2.6661183834075928
pixel_spectral_mean,psp_006766_1850_red-0037,psp_006766_1850,psp_006766_1850_red-0037_foreign_content_0.5,foreign_content,0.5,1,2.4791955947875977,2.6661183834075928
pixel_spectral_mean,esp_019559_1390_red-0576,esp_019559_1390,esp_019559_1390_red-0576_clean,clean,0.0,0,-0.46223440766334534,2.6661183834075928
pixel_spectral_mean,esp_019559_1390_red-0576,esp_019559_1390,esp_019559_1390_red-0576_stripes_0.15,stripes,0.15,1,-0.486915647983551,2.6661183834075928
pixel_spectral_mean,esp_019559_1390_red-0576,esp_019559_1390,esp_019559_1390_red-0576_stripes_0.3,stripes,0.3,1,1.0565242767333984,2.6661183834075928
pixel_spectral_mean,esp_019559_1390_red-0576,esp_019559_1390,esp_019559_1390_red-0576_stripes_0.5,stripes,0.5,1,2.900348663330078,2.6661183834075928
pixel_spectral_mean,esp_019559_1390_red-0576,esp_019559_1390,esp_019559_1390_red-0576_dead_pixels_0.15,dead_pixels,0.15,1,0.02435845136642456,2.6661183834075928
pixel_spectral_mean,esp_019559_1390_red-0576,esp_019559_1390,esp_019559_1390_red-0576_dead_pixels_0.3,dead_pixels,0.3,1,0.22094440460205078,2.6661183834075928
pixel_spectral_mean,esp_019559_1390_red-0576,esp_019559_1390,esp_019559_1390_red-0576_dead_pixels_0.5,dead_pixels,0.5,1,0.306581050157547,2.6661183834075928
pixel_spectral_mean,esp_019559_1390_red-0576,esp_019559_1390,esp_019559_1390_red-0576_missing_patch_0.15,missing_patch,0.15,1,0.3436455726623535,2.6661183834075928
pixel_spectral_mean,esp_019559_1390_red-0576,esp_019559_1390,esp_019559_1390_red-0576_missing_patch_0.3,missing_patch,0.3,1,0.8979800939559937,2.6661183834075928
pixel_spectral_mean,esp_019559_1390_red-0576,esp_019559_1390,esp_019559_1390_red-0576_missing_patch_0.5,missing_patch,0.5,1,0.6576643586158752,2.6661183834075928
pixel_spectral_mean,esp_019559_1390_red-0576,esp_019559_1390,esp_019559_1390_red-0576_local_blur_0.15,local_blur,0.15,1,-0.45384103059768677,2.6661183834075928
pixel_spectral_mean,esp_019559_1390_red-0576,esp_019559_1390,esp_019559_1390_red-0576_local_blur_0.3,local_blur,0.3,1,-0.4396253526210785,2.6661183834075928
pixel_spectral_mean,esp_019559_1390_red-0576,esp_019559_1390,esp_019559_1390_red-0576_local_blur_0.5,local_blur,0.5,1,-0.4299205243587494,2.6661183834075928
pixel_spectral_mean,esp_019559_1390_red-0576,esp_019559_1390,esp_019559_1390_red-0576_patch_duplication_0.15,patch_duplication,0.15,1,-0.5451933741569519,2.6661183834075928
pixel_spectral_mean,esp_019559_1390_red-0576,esp_019559_1390,esp_019559_1390_red-0576_patch_duplication_0.3,patch_duplication,0.3,1,-0.697870135307312,2.6661183834075928
pixel_spectral_mean,esp_019559_1390_red-0576,esp_019559_1390,esp_019559_1390_red-0576_patch_duplication_0.5,patch_duplication,0.5,1,-0.8657833337783813,2.6661183834075928
pixel_spectral_mean,esp_019559_1390_red-0576,esp_019559_1390,esp_019559_1390_red-0576_foreign_content_0.15,foreign_content,0.15,1,-0.4621201753616333,2.6661183834075928
pixel_spectral_mean,esp_019559_1390_red-0576,esp_019559_1390,esp_019559_1390_red-0576_foreign_content_0.3,foreign_content,0.3,1,-0.3663519024848938,2.6661183834075928
pixel_spectral_mean,esp_019559_1390_red-0576,esp_019559_1390,esp_019559_1390_red-0576_foreign_content_0.5,foreign_content,0.5,1,-0.029604598879814148,2.6661183834075928
pixel_spectral_mean,esp_016781_2055_red-0188,esp_016781_2055,esp_016781_2055_red-0188_clean,clean,0.0,0,2.5265707969665527,2.6661183834075928
pixel_spectral_mean,esp_016781_2055_red-0188,esp_016781_2055,esp_016781_2055_red-0188_stripes_0.15,stripes,0.15,1,2.3603475093841553,2.6661183834075928
pixel_spectral_mean,esp_016781_2055_red-0188,esp_016781_2055,esp_016781_2055_red-0188_stripes_0.3,stripes,0.3,1,2.2076406478881836,2.6661183834075928
pixel_spectral_mean,esp_016781_2055_red-0188,esp_016781_2055,esp_016781_2055_red-0188_stripes_0.5,stripes,0.5,1,2.974794864654541,2.6661183834075928
pixel_spectral_mean,esp_016781_2055_red-0188,esp_016781_2055,esp_016781_2055_red-0188_dead_pixels_0.15,dead_pixels,0.15,1,2.8058762550354004,2.6661183834075928
pixel_spectral_mean,esp_016781_2055_red-0188,esp_016781_2055,esp_016781_2055_red-0188_dead_pixels_0.3,dead_pixels,0.3,1,2.9538352489471436,2.6661183834075928
pixel_spectral_mean,esp_016781_2055_red-0188,esp_016781_2055,esp_016781_2055_red-0188_dead_pixels_0.5,dead_pixels,0.5,1,3.1725263595581055,2.6661183834075928
pixel_spectral_mean,esp_016781_2055_red-0188,esp_016781_2055,esp_016781_2055_red-0188_missing_patch_0.15,missing_patch,0.15,1,2.564244508743286,2.6661183834075928
pixel_spectral_mean,esp_016781_2055_red-0188,esp_016781_2055,esp_016781_2055_red-0188_missing_patch_0.3,missing_patch,0.3,1,2.7521238327026367,2.6661183834075928
pixel_spectral_mean,esp_016781_2055_red-0188,esp_016781_2055,esp_016781_2055_red-0188_missing_patch_0.5,missing_patch,0.5,1,3.2015092372894287,2.6661183834075928
pixel_spectral_mean,esp_016781_2055_red-0188,esp_016781_2055,esp_016781_2055_red-0188_local_blur_0.15,local_blur,0.15,1,2.528573751449585,2.6661183834075928
pixel_spectral_mean,esp_016781_2055_red-0188,esp_016781_2055,esp_016781_2055_red-0188_local_blur_0.3,local_blur,0.3,1,2.5277199745178223,2.6661183834075928
pixel_spectral_mean,esp_016781_2055_red-0188,esp_016781_2055,esp_016781_2055_red-0188_local_blur_0.5,local_blur,0.5,1,2.5191915035247803,2.6661183834075928
pixel_spectral_mean,esp_016781_2055_red-0188,esp_016781_2055,esp_016781_2055_red-0188_patch_duplication_0.15,patch_duplication,0.15,1,2.4133245944976807,2.6661183834075928
pixel_spectral_mean,esp_016781_2055_red-0188,esp_016781_2055,esp_016781_2055_red-0188_patch_duplication_0.3,patch_duplication,0.3,1,2.2433266639709473,2.6661183834075928
pixel_spectral_mean,esp_016781_2055_red-0188,esp_016781_2055,esp_016781_2055_red-0188_patch_duplication_0.5,patch_duplication,0.5,1,2.169508457183838,2.6661183834075928
pixel_spectral_mean,esp_016781_2055_red-0188,esp_016781_2055,esp_016781_2055_red-0188_foreign_content_0.15,foreign_content,0.15,1,2.4857795238494873,2.6661183834075928
pixel_spectral_mean,esp_016781_2055_red-0188,esp_016781_2055,esp_016781_2055_red-0188_foreign_content_0.3,foreign_content,0.3,1,2.5600693225860596,2.6661183834075928
pixel_spectral_mean,esp_016781_2055_red-0188,esp_016781_2055,esp_016781_2055_red-0188_foreign_content_0.5,foreign_content,0.5,1,2.953718423843384,2.6661183834075928
pixel_spectral_mean,esp_016613_2570_red-0034,esp_016613_2570,esp_016613_2570_red-0034_clean,clean,0.0,0,3.2020702362060547,2.6661183834075928
pixel_spectral_mean,esp_016613_2570_red-0034,esp_016613_2570,esp_016613_2570_red-0034_stripes_0.15,stripes,0.15,1,3.2153067588806152,2.6661183834075928
pixel_spectral_mean,esp_016613_2570_red-0034,esp_016613_2570,esp_016613_2570_red-0034_stripes_0.3,stripes,0.3,1,3.2229409217834473,2.6661183834075928
pixel_spectral_mean,esp_016613_2570_red-0034,esp_016613_2570,esp_016613_2570_red-0034_stripes_0.5,stripes,0.5,1,4.208639144897461,2.6661183834075928
pixel_spectral_mean,esp_016613_2570_red-0034,esp_016613_2570,esp_016613_2570_red-0034_dead_pixels_0.15,dead_pixels,0.15,1,3.2871451377868652,2.6661183834075928
pixel_spectral_mean,esp_016613_2570_red-0034,esp_016613_2570,esp_016613_2570_red-0034_dead_pixels_0.3,dead_pixels,0.3,1,3.3675780296325684,2.6661183834075928
pixel_spectral_mean,esp_016613_2570_red-0034,esp_016613_2570,esp_016613_2570_red-0034_dead_pixels_0.5,dead_pixels,0.5,1,3.3884353637695312,2.6661183834075928
pixel_spectral_mean,esp_016613_2570_red-0034,esp_016613_2570,esp_016613_2570_red-0034_missing_patch_0.15,missing_patch,0.15,1,2.753729820251465,2.6661183834075928
pixel_spectral_mean,esp_016613_2570_red-0034,esp_016613_2570,esp_016613_2570_red-0034_missing_patch_0.3,missing_patch,0.3,1,2.5675299167633057,2.6661183834075928
pixel_spectral_mean,esp_016613_2570_red-0034,esp_016613_2570,esp_016613_2570_red-0034_missing_patch_0.5,missing_patch,0.5,1,3.561471462249756,2.6661183834075928
pixel_spectral_mean,esp_016613_2570_red-0034,esp_016613_2570,esp_016613_2570_red-0034_local_blur_0.15,local_blur,0.15,1,3.207131862640381,2.6661183834075928
pixel_spectral_mean,esp_016613_2570_red-0034,esp_016613_2570,esp_016613_2570_red-0034_local_blur_0.3,local_blur,0.3,1,3.197927951812744,2.6661183834075928
pixel_spectral_mean,esp_016613_2570_red-0034,esp_016613_2570,esp_016613_2570_red-0034_local_blur_0.5,local_blur,0.5,1,3.259899854660034,2.6661183834075928
pixel_spectral_mean,esp_016613_2570_red-0034,esp_016613_2570,esp_016613_2570_red-0034_patch_duplication_0.15,patch_duplication,0.15,1,3.2107372283935547,2.6661183834075928
pixel_spectral_mean,esp_016613_2570_red-0034,esp_016613_2570,esp_016613_2570_red-0034_patch_duplication_0.3,patch_duplication,0.3,1,3.2154793739318848,2.6661183834075928
pixel_spectral_mean,esp_016613_2570_red-0034,esp_016613_2570,esp_016613_2570_red-0034_patch_duplication_0.5,patch_duplication,0.5,1,3.2296619415283203,2.6661183834075928
pixel_spectral_mean,esp_016613_2570_red-0034,esp_016613_2570,esp_016613_2570_red-0034_foreign_content_0.15,foreign_content,0.15,1,3.1741042137145996,2.6661183834075928
pixel_spectral_mean,esp_016613_2570_red-0034,esp_016613_2570,esp_016613_2570_red-0034_foreign_content_0.3,foreign_content,0.3,1,3.2244486808776855,2.6661183834075928
pixel_spectral_mean,esp_016613_2570_red-0034,esp_016613_2570,esp_016613_2570_red-0034_foreign_content_0.5,foreign_content,0.5,1,2.9751267433166504,2.6661183834075928
pixel_spectral_mean,esp_017395_1700_red-0007,esp_017395_1700,esp_017395_1700_red-0007_clean,clean,0.0,0,-0.28917139768600464,2.6661183834075928
pixel_spectral_mean,esp_017395_1700_red-0007,esp_017395_1700,esp_017395_1700_red-0007_stripes_0.15,stripes,0.15,1,-0.2639942765235901,2.6661183834075928
pixel_spectral_mean,esp_017395_1700_red-0007,esp_017395_1700,esp_017395_1700_red-0007_stripes_0.3,stripes,0.3,1,0.9067709445953369,2.6661183834075928
pixel_spectral_mean,esp_017395_1700_red-0007,esp_017395_1700,esp_017395_1700_red-0007_stripes_0.5,stripes,0.5,1,2.763296365737915,2.6661183834075928
pixel_spectral_mean,esp_017395_1700_red-0007,esp_017395_1700,esp_017395_1700_red-0007_dead_pixels_0.15,dead_pixels,0.15,1,0.7422585487365723,2.6661183834075928
pixel_spectral_mean,esp_017395_1700_red-0007,esp_017395_1700,esp_017395_1700_red-0007_dead_pixels_0.3,dead_pixels,0.3,1,0.8548249006271362,2.6661183834075928
pixel_spectral_mean,esp_017395_1700_red-0007,esp_017395_1700,esp_017395_1700_red-0007_dead_pixels_0.5,dead_pixels,0.5,1,1.0184544324874878,2.6661183834075928
pixel_spectral_mean,esp_017395_1700_red-0007,esp_017395_1700,esp_017395_1700_red-0007_missing_patch_0.15,missing_patch,0.15,1,0.53783118724823,2.6661183834075928
pixel_spectral_mean,esp_017395_1700_red-0007,esp_017395_1700,esp_017395_1700_red-0007_missing_patch_0.3,missing_patch,0.3,1,0.23740842938423157,2.6661183834075928
pixel_spectral_mean,esp_017395_1700_red-0007,esp_017395_1700,esp_017395_1700_red-0007_missing_patch_0.5,missing_patch,0.5,1,-0.08259980380535126,2.6661183834075928
pixel_spectral_mean,esp_017395_1700_red-0007,esp_017395_1700,esp_017395_1700_red-0007_local_blur_0.15,local_blur,0.15,1,-0.29015564918518066,2.6661183834075928
pixel_spectral_mean,esp_017395_1700_red-0007,esp_017395_1700,esp_017395_1700_red-0007_local_blur_0.3,local_blur,0.3,1,-0.2984270453453064,2.6661183834075928
pixel_spectral_mean,esp_017395_1700_red-0007,esp_017395_1700,esp_017395_1700_red-0007_local_blur_0.5,local_blur,0.5,1,-0.3320770263671875,2.6661183834075928
pixel_spectral_mean,esp_017395_1700_red-0007,esp_017395_1700,esp_017395_1700_red-0007_patch_duplication_0.15,patch_duplication,0.15,1,-0.28237664699554443,2.6661183834075928
pixel_spectral_mean,esp_017395_1700_red-0007,esp_017395_1700,esp_017395_1700_red-0007_patch_duplication_0.3,patch_duplication,0.3,1,-0.22642859816551208,2.6661183834075928
pixel_spectral_mean,esp_017395_1700_red-0007,esp_017395_1700,esp_017395_1700_red-0007_patch_duplication_0.5,patch_duplication,0.5,1,-0.17244499921798706,2.6661183834075928
pixel_spectral_mean,esp_017395_1700_red-0007,esp_017395_1700,esp_017395_1700_red-0007_foreign_content_0.15,foreign_content,0.15,1,-0.2586006224155426,2.6661183834075928
pixel_spectral_mean,esp_017395_1700_red-0007,esp_017395_1700,esp_017395_1700_red-0007_foreign_content_0.3,foreign_content,0.3,1,-0.07734522223472595,2.6661183834075928
pixel_spectral_mean,esp_017395_1700_red-0007,esp_017395_1700,esp_017395_1700_red-0007_foreign_content_0.5,foreign_content,0.5,1,0.33705204725265503,2.6661183834075928
pixel_spectral_mean,esp_012057_0950_red-0111,esp_012057_0950,esp_012057_0950_red-0111_clean,clean,0.0,0,-0.762518048286438,2.6661183834075928
pixel_spectral_mean,esp_012057_0950_red-0111,esp_012057_0950,esp_012057_0950_red-0111_stripes_0.15,stripes,0.15,1,-0.7082862854003906,2.6661183834075928
pixel_spectral_mean,esp_012057_0950_red-0111,esp_012057_0950,esp_012057_0950_red-0111_stripes_0.3,stripes,0.3,1,0.811989426612854,2.6661183834075928
pixel_spectral_mean,esp_012057_0950_red-0111,esp_012057_0950,esp_012057_0950_red-0111_stripes_0.5,stripes,0.5,1,2.8274009227752686,2.6661183834075928
pixel_spectral_mean,esp_012057_0950_red-0111,esp_012057_0950,esp_012057_0950_red-0111_dead_pixels_0.15,dead_pixels,0.15,1,0.17477241158485413,2.6661183834075928
pixel_spectral_mean,esp_012057_0950_red-0111,esp_012057_0950,esp_012057_0950_red-0111_dead_pixels_0.3,dead_pixels,0.3,1,0.2392553985118866,2.6661183834075928
pixel_spectral_mean,esp_012057_0950_red-0111,esp_012057_0950,esp_012057_0950_red-0111_dead_pixels_0.5,dead_pixels,0.5,1,0.5205551981925964,2.6661183834075928
pixel_spectral_mean,esp_012057_0950_red-0111,esp_012057_0950,esp_012057_0950_red-0111_missing_patch_0.15,missing_patch,0.15,1,-0.25481724739074707,2.6661183834075928
pixel_spectral_mean,esp_012057_0950_red-0111,esp_012057_0950,esp_012057_0950_red-0111_missing_patch_0.3,missing_patch,0.3,1,-0.10127845406532288,2.6661183834075928
pixel_spectral_mean,esp_012057_0950_red-0111,esp_012057_0950,esp_012057_0950_red-0111_missing_patch_0.5,missing_patch,0.5,1,0.6495397686958313,2.6661183834075928
pixel_spectral_mean,esp_012057_0950_red-0111,esp_012057_0950,esp_012057_0950_red-0111_local_blur_0.15,local_blur,0.15,1,-0.7623187303543091,2.6661183834075928
pixel_spectral_mean,esp_012057_0950_red-0111,esp_012057_0950,esp_012057_0950_red-0111_local_blur_0.3,local_blur,0.3,1,-0.7608422040939331,2.6661183834075928
pixel_spectral_mean,esp_012057_0950_red-0111,esp_012057_0950,esp_012057_0950_red-0111_local_blur_0.5,local_blur,0.5,1,-0.7573597431182861,2.6661183834075928
pixel_spectral_mean,esp_012057_0950_red-0111,esp_012057_0950,esp_012057_0950_red-0111_patch_duplication_0.15,patch_duplication,0.15,1,-0.7525914311408997,2.6661183834075928
pixel_spectral_mean,esp_012057_0950_red-0111,esp_012057_0950,esp_012057_0950_red-0111_patch_duplication_0.3,patch_duplication,0.3,1,-0.7642480731010437,2.6661183834075928
pixel_spectral_mean,esp_012057_0950_red-0111,esp_012057_0950,esp_012057_0950_red-0111_patch_duplication_0.5,patch_duplication,0.5,1,-0.8522875308990479,2.6661183834075928
pixel_spectral_mean,esp_012057_0950_red-0111,esp_012057_0950,esp_012057_0950_red-0111_foreign_content_0.15,foreign_content,0.15,1,-0.7205097079277039,2.6661183834075928
pixel_spectral_mean,esp_012057_0950_red-0111,esp_012057_0950,esp_012057_0950_red-0111_foreign_content_0.3,foreign_content,0.3,1,-0.6405128836631775,2.6661183834075928
pixel_spectral_mean,esp_012057_0950_red-0111,esp_012057_0950,esp_012057_0950_red-0111_foreign_content_0.5,foreign_content,0.5,1,-0.08133824914693832,2.6661183834075928
pixel_spectral_mean,esp_049651_1050_red-0070,esp_049651_1050,esp_049651_1050_red-0070_clean,clean,0.0,0,-1.1162601709365845,2.6661183834075928
pixel_spectral_mean,esp_049651_1050_red-0070,esp_049651_1050,esp_049651_1050_red-0070_stripes_0.15,stripes,0.15,1,-0.6358386874198914,2.6661183834075928
pixel_spectral_mean,esp_049651_1050_red-0070,esp_049651_1050,esp_049651_1050_red-0070_stripes_0.3,stripes,0.3,1,1.1546710729599,2.6661183834075928
pixel_spectral_mean,esp_049651_1050_red-0070,esp_049651_1050,esp_049651_1050_red-0070_stripes_0.5,stripes,0.5,1,3.146888017654419,2.6661183834075928
pixel_spectral_mean,esp_049651_1050_red-0070,esp_049651_1050,esp_049651_1050_red-0070_dead_pixels_0.15,dead_pixels,0.15,1,-0.6614409685134888,2.6661183834075928
pixel_spectral_mean,esp_049651_1050_red-0070,esp_049651_1050,esp_049651_1050_red-0070_dead_pixels_0.3,dead_pixels,0.3,1,-0.5182669162750244,2.6661183834075928
pixel_spectral_mean,esp_049651_1050_red-0070,esp_049651_1050,esp_049651_1050_red-0070_dead_pixels_0.5,dead_pixels,0.5,1,-0.39611130952835083,2.6661183834075928
pixel_spectral_mean,esp_049651_1050_red-0070,esp_049651_1050,esp_049651_1050_red-0070_missing_patch_0.15,missing_patch,0.15,1,0.07493633031845093,2.6661183834075928
pixel_spectral_mean,esp_049651_1050_red-0070,esp_049651_1050,esp_049651_1050_red-0070_missing_patch_0.3,missing_patch,0.3,1,0.9889986515045166,2.6661183834075928
pixel_spectral_mean,esp_049651_1050_red-0070,esp_049651_1050,esp_049651_1050_red-0070_missing_patch_0.5,missing_patch,0.5,1,2.437272071838379,2.6661183834075928
pixel_spectral_mean,esp_049651_1050_red-0070,esp_049651_1050,esp_049651_1050_red-0070_local_blur_0.15,local_blur,0.15,1,-1.1391656398773193,2.6661183834075928
pixel_spectral_mean,esp_049651_1050_red-0070,esp_049651_1050,esp_049651_1050_red-0070_local_blur_0.3,local_blur,0.3,1,-1.117287516593933,2.6661183834075928
pixel_spectral_mean,esp_049651_1050_red-0070,esp_049651_1050,esp_049651_1050_red-0070_local_blur_0.5,local_blur,0.5,1,-1.081834316253662,2.6661183834075928
pixel_spectral_mean,esp_049651_1050_red-0070,esp_049651_1050,esp_049651_1050_red-0070_patch_duplication_0.15,patch_duplication,0.15,1,-1.1204485893249512,2.6661183834075928
pixel_spectral_mean,esp_049651_1050_red-0070,esp_049651_1050,esp_049651_1050_red-0070_patch_duplication_0.3,patch_duplication,0.3,1,-1.122198224067688,2.6661183834075928
pixel_spectral_mean,esp_049651_1050_red-0070,esp_049651_1050,esp_049651_1050_red-0070_patch_duplication_0.5,patch_duplication,0.5,1,-1.0312552452087402,2.6661183834075928
pixel_spectral_mean,esp_049651_1050_red-0070,esp_049651_1050,esp_049651_1050_red-0070_foreign_content_0.15,foreign_content,0.15,1,-1.1140294075012207,2.6661183834075928
pixel_spectral_mean,esp_049651_1050_red-0070,esp_049651_1050,esp_049651_1050_red-0070_foreign_content_0.3,foreign_content,0.3,1,-1.055763840675354,2.6661183834075928
pixel_spectral_mean,esp_049651_1050_red-0070,esp_049651_1050,esp_049651_1050_red-0070_foreign_content_0.5,foreign_content,0.5,1,-0.5349727869033813,2.6661183834075928
pixel_spectral_mean,psp_006766_1850_red-0101,psp_006766_1850,psp_006766_1850_red-0101_clean,clean,0.0,0,-0.8416129350662231,2.6661183834075928
pixel_spectral_mean,psp_006766_1850_red-0101,psp_006766_1850,psp_006766_1850_red-0101_stripes_0.15,stripes,0.15,1,-0.8271456956863403,2.6661183834075928
pixel_spectral_mean,psp_006766_1850_red-0101,psp_006766_1850,psp_006766_1850_red-0101_stripes_0.3,stripes,0.3,1,1.0232540369033813,2.6661183834075928
pixel_spectral_mean,psp_006766_1850_red-0101,psp_006766_1850,psp_006766_1850_red-0101_stripes_0.5,stripes,0.5,1,2.8923256397247314,2.6661183834075928
pixel_spectral_mean,psp_006766_1850_red-0101,psp_006766_1850,psp_006766_1850_red-0101_dead_pixels_0.15,dead_pixels,0.15,1,-0.17972691357135773,2.6661183834075928
pixel_spectral_mean,psp_006766_1850_red-0101,psp_006766_1850,psp_006766_1850_red-0101_dead_pixels_0.3,dead_pixels,0.3,1,0.1791263222694397,2.6661183834075928
pixel_spectral_mean,psp_006766_1850_red-0101,psp_006766_1850,psp_006766_1850_red-0101_dead_pixels_0.5,dead_pixels,0.5,1,0.33780279755592346,2.6661183834075928
pixel_spectral_mean,psp_006766_1850_red-0101,psp_006766_1850,psp_006766_1850_red-0101_missing_patch_0.15,missing_patch,0.15,1,-0.5708994269371033,2.6661183834075928
pixel_spectral_mean,psp_006766_1850_red-0101,psp_006766_1850,psp_006766_1850_red-0101_missing_patch_0.3,missing_patch,0.3,1,0.03777838498353958,2.6661183834075928
pixel_spectral_mean,psp_006766_1850_red-0101,psp_006766_1850,psp_006766_1850_red-0101_missing_patch_0.5,missing_patch,0.5,1,0.4080304205417633,2.6661183834075928
pixel_spectral_mean,psp_006766_1850_red-0101,psp_006766_1850,psp_006766_1850_red-0101_local_blur_0.15,local_blur,0.15,1,-0.8807975649833679,2.6661183834075928
pixel_spectral_mean,psp_006766_1850_red-0101,psp_006766_1850,psp_006766_1850_red-0101_local_blur_0.3,local_blur,0.3,1,-0.880698561668396,2.6661183834075928
pixel_spectral_mean,psp_006766_1850_red-0101,psp_006766_1850,psp_006766_1850_red-0101_local_blur_0.5,local_blur,0.5,1,-0.8829572200775146,2.6661183834075928
pixel_spectral_mean,psp_006766_1850_red-0101,psp_006766_1850,psp_006766_1850_red-0101_patch_duplication_0.15,patch_duplication,0.15,1,-0.843238115310669,2.6661183834075928
pixel_spectral_mean,psp_006766_1850_red-0101,psp_006766_1850,psp_006766_1850_red-0101_patch_duplication_0.3,patch_duplication,0.3,1,-0.8466963768005371,2.6661183834075928
pixel_spectral_mean,psp_006766_1850_red-0101,psp_006766_1850,psp_006766_1850_red-0101_patch_duplication_0.5,patch_duplication,0.5,1,-0.9246764183044434,2.6661183834075928
pixel_spectral_mean,psp_006766_1850_red-0101,psp_006766_1850,psp_006766_1850_red-0101_foreign_content_0.15,foreign_content,0.15,1,-0.7904230356216431,2.6661183834075928
pixel_spectral_mean,psp_006766_1850_red-0101,psp_006766_1850,psp_006766_1850_red-0101_foreign_content_0.3,foreign_content,0.3,1,-0.6696563959121704,2.6661183834075928
pixel_spectral_mean,psp_006766_1850_red-0101,psp_006766_1850,psp_006766_1850_red-0101_foreign_content_0.5,foreign_content,0.5,1,-0.7730793952941895,2.6661183834075928
pixel_spectral_mean,esp_016148_2040_red-0097,esp_016148_2040,esp_016148_2040_red-0097_clean,clean,0.0,0,0.3666974902153015,2.6661183834075928
pixel_spectral_mean,esp_016148_2040_red-0097,esp_016148_2040,esp_016148_2040_red-0097_stripes_0.15,stripes,0.15,1,0.3198164403438568,2.6661183834075928
pixel_spectral_mean,esp_016148_2040_red-0097,esp_016148_2040,esp_016148_2040_red-0097_stripes_0.3,stripes,0.3,1,1.3493202924728394,2.6661183834075928
pixel_spectral_mean,esp_016148_2040_red-0097,esp_016148_2040,esp_016148_2040_red-0097_stripes_0.5,stripes,0.5,1,3.1972625255584717,2.6661183834075928
pixel_spectral_mean,esp_016148_2040_red-0097,esp_016148_2040,esp_016148_2040_red-0097_dead_pixels_0.15,dead_pixels,0.15,1,0.8211520910263062,2.6661183834075928
pixel_spectral_mean,esp_016148_2040_red-0097,esp_016148_2040,esp_016148_2040_red-0097_dead_pixels_0.3,dead_pixels,0.3,1,0.9693120718002319,2.6661183834075928
pixel_spectral_mean,esp_016148_2040_red-0097,esp_016148_2040,esp_016148_2040_red-0097_dead_pixels_0.5,dead_pixels,0.5,1,1.1414499282836914,2.6661183834075928
pixel_spectral_mean,esp_016148_2040_red-0097,esp_016148_2040,esp_016148_2040_red-0097_missing_patch_0.15,missing_patch,0.15,1,1.139657974243164,2.6661183834075928
pixel_spectral_mean,esp_016148_2040_red-0097,esp_016148_2040,esp_016148_2040_red-0097_missing_patch_0.3,missing_patch,0.3,1,0.973155677318573,2.6661183834075928
pixel_spectral_mean,esp_016148_2040_red-0097,esp_016148_2040,esp_016148_2040_red-0097_missing_patch_0.5,missing_patch,0.5,1,1.6125651597976685,2.6661183834075928
pixel_spectral_mean,esp_016148_2040_red-0097,esp_016148_2040,esp_016148_2040_red-0097_local_blur_0.15,local_blur,0.15,1,0.34882068634033203,2.6661183834075928
pixel_spectral_mean,esp_016148_2040_red-0097,esp_016148_2040,esp_016148_2040_red-0097_local_blur_0.3,local_blur,0.3,1,0.31049320101737976,2.6661183834075928
pixel_spectral_mean,esp_016148_2040_red-0097,esp_016148_2040,esp_016148_2040_red-0097_local_blur_0.5,local_blur,0.5,1,0.27878057956695557,2.6661183834075928
pixel_spectral_mean,esp_016148_2040_red-0097,esp_016148_2040,esp_016148_2040_red-0097_patch_duplication_0.15,patch_duplication,0.15,1,0.367228627204895,2.6661183834075928
pixel_spectral_mean,esp_016148_2040_red-0097,esp_016148_2040,esp_016148_2040_red-0097_patch_duplication_0.3,patch_duplication,0.3,1,0.3667541742324829,2.6661183834075928
pixel_spectral_mean,esp_016148_2040_red-0097,esp_016148_2040,esp_016148_2040_red-0097_patch_duplication_0.5,patch_duplication,0.5,1,0.36972129344940186,2.6661183834075928
pixel_spectral_mean,esp_016148_2040_red-0097,esp_016148_2040,esp_016148_2040_red-0097_foreign_content_0.15,foreign_content,0.15,1,0.3281545042991638,2.6661183834075928
pixel_spectral_mean,esp_016148_2040_red-0097,esp_016148_2040,esp_016148_2040_red-0097_foreign_content_0.3,foreign_content,0.3,1,0.3813047707080841,2.6661183834075928
pixel_spectral_mean,esp_016148_2040_red-0097,esp_016148_2040,esp_016148_2040_red-0097_foreign_content_0.5,foreign_content,0.5,1,0.3519013524055481,2.6661183834075928
pixel_spectral_mean,esp_011716_0940_red-0008,esp_011716_0940,esp_011716_0940_red-0008_clean,clean,0.0,0,-0.24784696102142334,2.6661183834075928
pixel_spectral_mean,esp_011716_0940_red-0008,esp_011716_0940,esp_011716_0940_red-0008_stripes_0.15,stripes,0.15,1,-0.26730090379714966,2.6661183834075928
pixel_spectral_mean,esp_011716_0940_red-0008,esp_011716_0940,esp_011716_0940_red-0008_stripes_0.3,stripes,0.3,1,0.9491710662841797,2.6661183834075928
pixel_spectral_mean,esp_011716_0940_red-0008,esp_011716_0940,esp_011716_0940_red-0008_stripes_0.5,stripes,0.5,1,2.915921926498413,2.6661183834075928
pixel_spectral_mean,esp_011716_0940_red-0008,esp_011716_0940,esp_011716_0940_red-0008_dead_pixels_0.15,dead_pixels,0.15,1,0.3621790409088135,2.6661183834075928
pixel_spectral_mean,esp_011716_0940_red-0008,esp_011716_0940,esp_011716_0940_red-0008_dead_pixels_0.3,dead_pixels,0.3,1,0.6811281442642212,2.6661183834075928
pixel_spectral_mean,esp_011716_0940_red-0008,esp_011716_0940,esp_011716_0940_red-0008_dead_pixels_0.5,dead_pixels,0.5,1,1.0164270401000977,2.6661183834075928
pixel_spectral_mean,esp_011716_0940_red-0008,esp_011716_0940,esp_011716_0940_red-0008_missing_patch_0.15,missing_patch,0.15,1,-0.24093042314052582,2.6661183834075928
pixel_spectral_mean,esp_011716_0940_red-0008,esp_011716_0940,esp_011716_0940_red-0008_missing_patch_0.3,missing_patch,0.3,1,-0.18271803855895996,2.6661183834075928
pixel_spectral_mean,esp_011716_0940_red-0008,esp_011716_0940,esp_011716_0940_red-0008_missing_patch_0.5,missing_patch,0.5,1,0.21213537454605103,2.6661183834075928
pixel_spectral_mean,esp_011716_0940_red-0008,esp_011716_0940,esp_011716_0940_red-0008_local_blur_0.15,local_blur,0.15,1,-0.2536435127258301,2.6661183834075928
pixel_spectral_mean,esp_011716_0940_red-0008,esp_011716_0940,esp_011716_0940_red-0008_local_blur_0.3,local_blur,0.3,1,-0.2497452050447464,2.6661183834075928
pixel_spectral_mean,esp_011716_0940_red-0008,esp_011716_0940,esp_011716_0940_red-0008_local_blur_0.5,local_blur,0.5,1,-0.25971317291259766,2.6661183834075928
pixel_spectral_mean,esp_011716_0940_red-0008,esp_011716_0940,esp_011716_0940_red-0008_patch_duplication_0.15,patch_duplication,0.15,1,-0.2433428168296814,2.6661183834075928
pixel_spectral_mean,esp_011716_0940_red-0008,esp_011716_0940,esp_011716_0940_red-0008_patch_duplication_0.3,patch_duplication,0.3,1,-0.23171058297157288,2.6661183834075928
pixel_spectral_mean,esp_011716_0940_red-0008,esp_011716_0940,esp_011716_0940_red-0008_patch_duplication_0.5,patch_duplication,0.5,1,-0.21207980811595917,2.6661183834075928
pixel_spectral_mean,esp_011716_0940_red-0008,esp_011716_0940,esp_011716_0940_red-0008_foreign_content_0.15,foreign_content,0.15,1,-0.24532446265220642,2.6661183834075928
pixel_spectral_mean,esp_011716_0940_red-0008,esp_011716_0940,esp_011716_0940_red-0008_foreign_content_0.3,foreign_content,0.3,1,-0.25101807713508606,2.6661183834075928
pixel_spectral_mean,esp_011716_0940_red-0008,esp_011716_0940,esp_011716_0940_red-0008_foreign_content_0.5,foreign_content,0.5,1,-0.3155709207057953,2.6661183834075928
pixel_spectral_mean,esp_013141_2105_red-0004,esp_013141_2105,esp_013141_2105_red-0004_clean,clean,0.0,0,-0.40787768363952637,2.6661183834075928
pixel_spectral_mean,esp_013141_2105_red-0004,esp_013141_2105,esp_013141_2105_red-0004_stripes_0.15,stripes,0.15,1,-0.41588062047958374,2.6661183834075928
pixel_spectral_mean,esp_013141_2105_red-0004,esp_013141_2105,esp_013141_2105_red-0004_stripes_0.3,stripes,0.3,1,0.61356520652771,2.6661183834075928
pixel_spectral_mean,esp_013141_2105_red-0004,esp_013141_2105,esp_013141_2105_red-0004_stripes_0.5,stripes,0.5,1,2.621070384979248,2.6661183834075928
pixel_spectral_mean,esp_013141_2105_red-0004,esp_013141_2105,esp_013141_2105_red-0004_dead_pixels_0.15,dead_pixels,0.15,1,0.50532066822052,2.6661183834075928
pixel_spectral_mean,esp_013141_2105_red-0004,esp_013141_2105,esp_013141_2105_red-0004_dead_pixels_0.3,dead_pixels,0.3,1,0.7639837265014648,2.6661183834075928
pixel_spectral_mean,esp_013141_2105_red-0004,esp_013141_2105,esp_013141_2105_red-0004_dead_pixels_0.5,dead_pixels,0.5,1,0.9063401222229004,2.6661183834075928
pixel_spectral_mean,esp_013141_2105_red-0004,esp_013141_2105,esp_013141_2105_red-0004_missing_patch_0.15,missing_patch,0.15,1,0.10389488935470581,2.6661183834075928
pixel_spectral_mean,esp_013141_2105_red-0004,esp_013141_2105,esp_013141_2105_red-0004_missing_patch_0.3,missing_patch,0.3,1,-0.0682077631354332,2.6661183834075928
pixel_spectral_mean,esp_013141_2105_red-0004,esp_013141_2105,esp_013141_2105_red-0004_missing_patch_0.5,missing_patch,0.5,1,0.9224449396133423,2.6661183834075928
pixel_spectral_mean,esp_013141_2105_red-0004,esp_013141_2105,esp_013141_2105_red-0004_local_blur_0.15,local_blur,0.15,1,-0.4062369465827942,2.6661183834075928
pixel_spectral_mean,esp_013141_2105_red-0004,esp_013141_2105,esp_013141_2105_red-0004_local_blur_0.3,local_blur,0.3,1,-0.4060264229774475,2.6661183834075928
pixel_spectral_mean,esp_013141_2105_red-0004,esp_013141_2105,esp_013141_2105_red-0004_local_blur_0.5,local_blur,0.5,1,-0.4130139946937561,2.6661183834075928
pixel_spectral_mean,esp_013141_2105_red-0004,esp_013141_2105,esp_013141_2105_red-0004_patch_duplication_0.15,patch_duplication,0.15,1,-0.3874531388282776,2.6661183834075928
pixel_spectral_mean,esp_013141_2105_red-0004,esp_013141_2105,esp_013141_2105_red-0004_patch_duplication_0.3,patch_duplication,0.3,1,-0.3943440914154053,2.6661183834075928
pixel_spectral_mean,esp_013141_2105_red-0004,esp_013141_2105,esp_013141_2105_red-0004_patch_duplication_0.5,patch_duplication,0.5,1,-0.43575209379196167,2.6661183834075928
pixel_spectral_mean,esp_013141_2105_red-0004,esp_013141_2105,esp_013141_2105_red-0004_foreign_content_0.15,foreign_content,0.15,1,-0.35572052001953125,2.6661183834075928
pixel_spectral_mean,esp_013141_2105_red-0004,esp_013141_2105,esp_013141_2105_red-0004_foreign_content_0.3,foreign_content,0.3,1,0.18244868516921997,2.6661183834075928
pixel_spectral_mean,esp_013141_2105_red-0004,esp_013141_2105,esp_013141_2105_red-0004_foreign_content_0.5,foreign_content,0.5,1,0.492366224527359,2.6661183834075928
pixel_spectral_mean,esp_016613_2570_red-0043,esp_016613_2570,esp_016613_2570_red-0043_clean,clean,0.0,0,2.6422691345214844,2.6661183834075928
pixel_spectral_mean,esp_016613_2570_red-0043,esp_016613_2570,esp_016613_2570_red-0043_stripes_0.15,stripes,0.15,1,2.5571258068084717,2.6661183834075928
pixel_spectral_mean,esp_016613_2570_red-0043,esp_016613_2570,esp_016613_2570_red-0043_stripes_0.3,stripes,0.3,1,2.501852035522461,2.6661183834075928
pixel_spectral_mean,esp_016613_2570_red-0043,esp_016613_2570,esp_016613_2570_red-0043_stripes_0.5,stripes,0.5,1,4.087216854095459,2.6661183834075928
pixel_spectral_mean,esp_016613_2570_red-0043,esp_016613_2570,esp_016613_2570_red-0043_dead_pixels_0.15,dead_pixels,0.15,1,2.73533296585083,2.6661183834075928
pixel_spectral_mean,esp_016613_2570_red-0043,esp_016613_2570,esp_016613_2570_red-0043_dead_pixels_0.3,dead_pixels,0.3,1,2.8183796405792236,2.6661183834075928
pixel_spectral_mean,esp_016613_2570_red-0043,esp_016613_2570,esp_016613_2570_red-0043_dead_pixels_0.5,dead_pixels,0.5,1,2.9372639656066895,2.6661183834075928
pixel_spectral_mean,esp_016613_2570_red-0043,esp_016613_2570,esp_016613_2570_red-0043_missing_patch_0.15,missing_patch,0.15,1,3.102872610092163,2.6661183834075928
pixel_spectral_mean,esp_016613_2570_red-0043,esp_016613_2570,esp_016613_2570_red-0043_missing_patch_0.3,missing_patch,0.3,1,3.7649197578430176,2.6661183834075928
pixel_spectral_mean,esp_016613_2570_red-0043,esp_016613_2570,esp_016613_2570_red-0043_missing_patch_0.5,missing_patch,0.5,1,3.7810282707214355,2.6661183834075928
pixel_spectral_mean,esp_016613_2570_red-0043,esp_016613_2570,esp_016613_2570_red-0043_local_blur_0.15,local_blur,0.15,1,2.6425247192382812,2.6661183834075928
pixel_spectral_mean,esp_016613_2570_red-0043,esp_016613_2570,esp_016613_2570_red-0043_local_blur_0.3,local_blur,0.3,1,2.641993284225464,2.6661183834075928
pixel_spectral_mean,esp_016613_2570_red-0043,esp_016613_2570,esp_016613_2570_red-0043_local_blur_0.5,local_blur,0.5,1,2.6751599311828613,2.6661183834075928
pixel_spectral_mean,esp_016613_2570_red-0043,esp_016613_2570,esp_016613_2570_red-0043_patch_duplication_0.15,patch_duplication,0.15,1,2.6428651809692383,2.6661183834075928
pixel_spectral_mean,esp_016613_2570_red-0043,esp_016613_2570,esp_016613_2570_red-0043_patch_duplication_0.3,patch_duplication,0.3,1,2.702388048171997,2.6661183834075928
pixel_spectral_mean,esp_016613_2570_red-0043,esp_016613_2570,esp_016613_2570_red-0043_patch_duplication_0.5,patch_duplication,0.5,1,2.7491564750671387,2.6661183834075928
pixel_spectral_mean,esp_016613_2570_red-0043,esp_016613_2570,esp_016613_2570_red-0043_foreign_content_0.15,foreign_content,0.15,1,2.6707091331481934,2.6661183834075928
pixel_spectral_mean,esp_016613_2570_red-0043,esp_016613_2570,esp_016613_2570_red-0043_foreign_content_0.3,foreign_content,0.3,1,2.5039048194885254,2.6661183834075928
pixel_spectral_mean,esp_016613_2570_red-0043,esp_016613_2570,esp_016613_2570_red-0043_foreign_content_0.5,foreign_content,0.5,1,1.967686653137207,2.6661183834075928
pixel_spectral_mean,esp_017395_1700_red-0049,esp_017395_1700,esp_017395_1700_red-0049_clean,clean,0.0,0,0.9878320097923279,2.6661183834075928
pixel_spectral_mean,esp_017395_1700_red-0049,esp_017395_1700,esp_017395_1700_red-0049_stripes_0.15,stripes,0.15,1,0.9659922122955322,2.6661183834075928
pixel_spectral_mean,esp_017395_1700_red-0049,esp_017395_1700,esp_017395_1700_red-0049_stripes_0.3,stripes,0.3,1,1.0338127613067627,2.6661183834075928
pixel_spectral_mean,esp_017395_1700_red-0049,esp_017395_1700,esp_017395_1700_red-0049_stripes_0.5,stripes,0.5,1,2.8576180934906006,2.6661183834075928
pixel_spectral_mean,esp_017395_1700_red-0049,esp_017395_1700,esp_017395_1700_red-0049_dead_pixels_0.15,dead_pixels,0.15,1,1.3001694679260254,2.6661183834075928
pixel_spectral_mean,esp_017395_1700_red-0049,esp_017395_1700,esp_017395_1700_red-0049_dead_pixels_0.3,dead_pixels,0.3,1,1.466233491897583,2.6661183834075928
pixel_spectral_mean,esp_017395_1700_red-0049,esp_017395_1700,esp_017395_1700_red-0049_dead_pixels_0.5,dead_pixels,0.5,1,1.489673376083374,2.6661183834075928
pixel_spectral_mean,esp_017395_1700_red-0049,esp_017395_1700,esp_017395_1700_red-0049_missing_patch_0.15,missing_patch,0.15,1,1.6863597631454468,2.6661183834075928
pixel_spectral_mean,esp_017395_1700_red-0049,esp_017395_1700,esp_017395_1700_red-0049_missing_patch_0.3,missing_patch,0.3,1,1.7796086072921753,2.6661183834075928
pixel_spectral_mean,esp_017395_1700_red-0049,esp_017395_1700,esp_017395_1700_red-0049_missing_patch_0.5,missing_patch,0.5,1,2.003401041030884,2.6661183834075928
pixel_spectral_mean,esp_017395_1700_red-0049,esp_017395_1700,esp_017395_1700_red-0049_local_blur_0.15,local_blur,0.15,1,0.9899705648422241,2.6661183834075928
pixel_spectral_mean,esp_017395_1700_red-0049,esp_017395_1700,esp_017395_1700_red-0049_local_blur_0.3,local_blur,0.3,1,0.9824392199516296,2.6661183834075928
pixel_spectral_mean,esp_017395_1700_red-0049,esp_017395_1700,esp_017395_1700_red-0049_local_blur_0.5,local_blur,0.5,1,0.7836576104164124,2.6661183834075928
pixel_spectral_mean,esp_017395_1700_red-0049,esp_017395_1700,esp_017395_1700_red-0049_patch_duplication_0.15,patch_duplication,0.15,1,1.0408110618591309,2.6661183834075928
pixel_spectral_mean,esp_017395_1700_red-0049,esp_017395_1700,esp_017395_1700_red-0049_patch_duplication_0.3,patch_duplication,0.3,1,1.0986227989196777,2.6661183834075928
pixel_spectral_mean,esp_017395_1700_red-0049,esp_017395_1700,esp_017395_1700_red-0049_patch_duplication_0.5,patch_duplication,0.5,1,0.956017792224884,2.6661183834075928
pixel_spectral_mean,esp_017395_1700_red-0049,esp_017395_1700,esp_017395_1700_red-0049_foreign_content_0.15,foreign_content,0.15,1,0.9853613376617432,2.6661183834075928
pixel_spectral_mean,esp_017395_1700_red-0049,esp_017395_1700,esp_017395_1700_red-0049_foreign_content_0.3,foreign_content,0.3,1,1.0794665813446045,2.6661183834075928
pixel_spectral_mean,esp_017395_1700_red-0049,esp_017395_1700,esp_017395_1700_red-0049_foreign_content_0.5,foreign_content,0.5,1,1.2298486232757568,2.6661183834075928
pixel_spectral_mean,esp_012588_0930_red-0008,esp_012588_0930,esp_012588_0930_red-0008_clean,clean,0.0,0,-0.7706257700920105,2.6661183834075928
pixel_spectral_mean,esp_012588_0930_red-0008,esp_012588_0930,esp_012588_0930_red-0008_stripes_0.15,stripes,0.15,1,-0.6038234233856201,2.6661183834075928
pixel_spectral_mean,esp_012588_0930_red-0008,esp_012588_0930,esp_012588_0930_red-0008_stripes_0.3,stripes,0.3,1,1.2256495952606201,2.6661183834075928
pixel_spectral_mean,esp_012588_0930_red-0008,esp_012588_0930,esp_012588_0930_red-0008_stripes_0.5,stripes,0.5,1,3.163323402404785,2.6661183834075928
pixel_spectral_mean,esp_012588_0930_red-0008,esp_012588_0930,esp_012588_0930_red-0008_dead_pixels_0.15,dead_pixels,0.15,1,-0.22915607690811157,2.6661183834075928
pixel_spectral_mean,esp_012588_0930_red-0008,esp_012588_0930,esp_012588_0930_red-0008_dead_pixels_0.3,dead_pixels,0.3,1,-0.014726459980010986,2.6661183834075928
pixel_spectral_mean,esp_012588_0930_red-0008,esp_012588_0930,esp_012588_0930_red-0008_dead_pixels_0.5,dead_pixels,0.5,1,-0.046254754066467285,2.6661183834075928
pixel_spectral_mean,esp_012588_0930_red-0008,esp_012588_0930,esp_012588_0930_red-0008_missing_patch_0.15,missing_patch,0.15,1,0.13682371377944946,2.6661183834075928
pixel_spectral_mean,esp_012588_0930_red-0008,esp_012588_0930,esp_012588_0930_red-0008_missing_patch_0.3,missing_patch,0.3,1,0.6723508834838867,2.6661183834075928
pixel_spectral_mean,esp_012588_0930_red-0008,esp_012588_0930,esp_012588_0930_red-0008_missing_patch_0.5,missing_patch,0.5,1,1.065936803817749,2.6661183834075928
pixel_spectral_mean,esp_012588_0930_red-0008,esp_012588_0930,esp_012588_0930_red-0008_local_blur_0.15,local_blur,0.15,1,-0.8091725707054138,2.6661183834075928
pixel_spectral_mean,esp_012588_0930_red-0008,esp_012588_0930,esp_012588_0930_red-0008_local_blur_0.3,local_blur,0.3,1,-0.8472498655319214,2.6661183834075928
pixel_spectral_mean,esp_012588_0930_red-0008,esp_012588_0930,esp_012588_0930_red-0008_local_blur_0.5,local_blur,0.5,1,-0.8853713274002075,2.6661183834075928
pixel_spectral_mean,esp_012588_0930_red-0008,esp_012588_0930,esp_012588_0930_red-0008_patch_duplication_0.15,patch_duplication,0.15,1,-0.7701593637466431,2.6661183834075928
pixel_spectral_mean,esp_012588_0930_red-0008,esp_012588_0930,esp_012588_0930_red-0008_patch_duplication_0.3,patch_duplication,0.3,1,-0.7786998748779297,2.6661183834075928
pixel_spectral_mean,esp_012588_0930_red-0008,esp_012588_0930,esp_012588_0930_red-0008_patch_duplication_0.5,patch_duplication,0.5,1,-0.8370863795280457,2.6661183834075928
pixel_spectral_mean,esp_012588_0930_red-0008,esp_012588_0930,esp_012588_0930_red-0008_foreign_content_0.15,foreign_content,0.15,1,-0.7442954778671265,2.6661183834075928
pixel_spectral_mean,esp_012588_0930_red-0008,esp_012588_0930,esp_012588_0930_red-0008_foreign_content_0.3,foreign_content,0.3,1,-0.6148520708084106,2.6661183834075928
pixel_spectral_mean,esp_012588_0930_red-0008,esp_012588_0930,esp_012588_0930_red-0008_foreign_content_0.5,foreign_content,0.5,1,0.1242082417011261,2.6661183834075928
pixel_spectral_mean,esp_049651_1050_red-0030,esp_049651_1050,esp_049651_1050_red-0030_clean,clean,0.0,0,0.1625443696975708,2.6661183834075928
pixel_spectral_mean,esp_049651_1050_red-0030,esp_049651_1050,esp_049651_1050_red-0030_stripes_0.15,stripes,0.15,1,0.30613523721694946,2.6661183834075928
pixel_spectral_mean,esp_049651_1050_red-0030,esp_049651_1050,esp_049651_1050_red-0030_stripes_0.3,stripes,0.3,1,1.5796940326690674,2.6661183834075928
pixel_spectral_mean,esp_049651_1050_red-0030,esp_049651_1050,esp_049651_1050_red-0030_stripes_0.5,stripes,0.5,1,3.5762016773223877,2.6661183834075928
pixel_spectral_mean,esp_049651_1050_red-0030,esp_049651_1050,esp_049651_1050_red-0030_dead_pixels_0.15,dead_pixels,0.15,1,0.39768901467323303,2.6661183834075928
pixel_spectral_mean,esp_049651_1050_red-0030,esp_049651_1050,esp_049651_1050_red-0030_dead_pixels_0.3,dead_pixels,0.3,1,0.5298755764961243,2.6661183834075928
pixel_spectral_mean,esp_049651_1050_red-0030,esp_049651_1050,esp_049651_1050_red-0030_dead_pixels_0.5,dead_pixels,0.5,1,0.7624905705451965,2.6661183834075928
pixel_spectral_mean,esp_049651_1050_red-0030,esp_049651_1050,esp_049651_1050_red-0030_missing_patch_0.15,missing_patch,0.15,1,0.4356640577316284,2.6661183834075928
pixel_spectral_mean,esp_049651_1050_red-0030,esp_049651_1050,esp_049651_1050_red-0030_missing_patch_0.3,missing_patch,0.3,1,0.6767055988311768,2.6661183834075928
pixel_spectral_mean,esp_049651_1050_red-0030,esp_049651_1050,esp_049651_1050_red-0030_missing_patch_0.5,missing_patch,0.5,1,1.008575201034546,2.6661183834075928
pixel_spectral_mean,esp_049651_1050_red-0030,esp_049651_1050,esp_049651_1050_red-0030_local_blur_0.15,local_blur,0.15,1,0.1607394814491272,2.6661183834075928
pixel_spectral_mean,esp_049651_1050_red-0030,esp_049651_1050,esp_049651_1050_red-0030_local_blur_0.3,local_blur,0.3,1,0.15790319442749023,2.6661183834075928
pixel_spectral_mean,esp_049651_1050_red-0030,esp_049651_1050,esp_049651_1050_red-0030_local_blur_0.5,local_blur,0.5,1,0.16868329048156738,2.6661183834075928
pixel_spectral_mean,esp_049651_1050_red-0030,esp_049651_1050,esp_049651_1050_red-0030_patch_duplication_0.15,patch_duplication,0.15,1,0.14774654805660248,2.6661183834075928
pixel_spectral_mean,esp_049651_1050_red-0030,esp_049651_1050,esp_049651_1050_red-0030_patch_duplication_0.3,patch_duplication,0.3,1,0.13220921158790588,2.6661183834075928
pixel_spectral_mean,esp_049651_1050_red-0030,esp_049651_1050,esp_049651_1050_red-0030_patch_duplication_0.5,patch_duplication,0.5,1,0.13554757833480835,2.6661183834075928
pixel_spectral_mean,esp_049651_1050_red-0030,esp_049651_1050,esp_049651_1050_red-0030_foreign_content_0.15,foreign_content,0.15,1,0.12122485041618347,2.6661183834075928
pixel_spectral_mean,esp_049651_1050_red-0030,esp_049651_1050,esp_049651_1050_red-0030_foreign_content_0.3,foreign_content,0.3,1,0.10395201295614243,2.6661183834075928
pixel_spectral_mean,esp_049651_1050_red-0030,esp_049651_1050,esp_049651_1050_red-0030_foreign_content_0.5,foreign_content,0.5,1,0.12297151982784271,2.6661183834075928
pixel_spectral_max,esp_020133_1720_red-0022,esp_020133_1720,esp_020133_1720_red-0022_clean,clean,0.0,0,0.41676855087280273,3.903651475906372
pixel_spectral_max,esp_020133_1720_red-0022,esp_020133_1720,esp_020133_1720_red-0022_stripes_0.15,stripes,0.15,1,0.4228518307209015,3.903651475906372
pixel_spectral_max,esp_020133_1720_red-0022,esp_020133_1720,esp_020133_1720_red-0022_stripes_0.3,stripes,0.3,1,2.398265838623047,3.903651475906372
pixel_spectral_max,esp_020133_1720_red-0022,esp_020133_1720,esp_020133_1720_red-0022_stripes_0.5,stripes,0.5,1,6.122300148010254,3.903651475906372
pixel_spectral_max,esp_020133_1720_red-0022,esp_020133_1720,esp_020133_1720_red-0022_dead_pixels_0.15,dead_pixels,0.15,1,0.7677276730537415,3.903651475906372
pixel_spectral_max,esp_020133_1720_red-0022,esp_020133_1720,esp_020133_1720_red-0022_dead_pixels_0.3,dead_pixels,0.3,1,1.1806858777999878,3.903651475906372
pixel_spectral_max,esp_020133_1720_red-0022,esp_020133_1720,esp_020133_1720_red-0022_dead_pixels_0.5,dead_pixels,0.5,1,1.4801677465438843,3.903651475906372
pixel_spectral_max,esp_020133_1720_red-0022,esp_020133_1720,esp_020133_1720_red-0022_missing_patch_0.15,missing_patch,0.15,1,0.4597729742527008,3.903651475906372
pixel_spectral_max,esp_020133_1720_red-0022,esp_020133_1720,esp_020133_1720_red-0022_missing_patch_0.3,missing_patch,0.3,1,1.6682838201522827,3.903651475906372
pixel_spectral_max,esp_020133_1720_red-0022,esp_020133_1720,esp_020133_1720_red-0022_missing_patch_0.5,missing_patch,0.5,1,2.82719087600708,3.903651475906372
pixel_spectral_max,esp_020133_1720_red-0022,esp_020133_1720,esp_020133_1720_red-0022_local_blur_0.15,local_blur,0.15,1,0.4216940701007843,3.903651475906372
pixel_spectral_max,esp_020133_1720_red-0022,esp_020133_1720,esp_020133_1720_red-0022_local_blur_0.3,local_blur,0.3,1,0.4108029901981354,3.903651475906372
pixel_spectral_max,esp_020133_1720_red-0022,esp_020133_1720,esp_020133_1720_red-0022_local_blur_0.5,local_blur,0.5,1,0.40926221013069153,3.903651475906372
pixel_spectral_max,esp_020133_1720_red-0022,esp_020133_1720,esp_020133_1720_red-0022_patch_duplication_0.15,patch_duplication,0.15,1,0.41400936245918274,3.903651475906372
pixel_spectral_max,esp_020133_1720_red-0022,esp_020133_1720,esp_020133_1720_red-0022_patch_duplication_0.3,patch_duplication,0.3,1,0.42466241121292114,3.903651475906372
pixel_spectral_max,esp_020133_1720_red-0022,esp_020133_1720,esp_020133_1720_red-0022_patch_duplication_0.5,patch_duplication,0.5,1,0.4903164207935333,3.903651475906372
pixel_spectral_max,esp_020133_1720_red-0022,esp_020133_1720,esp_020133_1720_red-0022_foreign_content_0.15,foreign_content,0.15,1,0.39358463883399963,3.903651475906372
pixel_spectral_max,esp_020133_1720_red-0022,esp_020133_1720,esp_020133_1720_red-0022_foreign_content_0.3,foreign_content,0.3,1,0.17010097205638885,3.903651475906372
pixel_spectral_max,esp_020133_1720_red-0022,esp_020133_1720,esp_020133_1720_red-0022_foreign_content_0.5,foreign_content,0.5,1,0.6685380935668945,3.903651475906372
pixel_spectral_max,psp_006766_1850_red-0037,psp_006766_1850,psp_006766_1850_red-0037_clean,clean,0.0,0,3.916544198989868,3.903651475906372
pixel_spectral_max,psp_006766_1850_red-0037,psp_006766_1850,psp_006766_1850_red-0037_stripes_0.15,stripes,0.15,1,3.8092639446258545,3.903651475906372
pixel_spectral_max,psp_006766_1850_red-0037,psp_006766_1850,psp_006766_1850_red-0037_stripes_0.3,stripes,0.3,1,3.692922353744507,3.903651475906372
pixel_spectral_max,psp_006766_1850_red-0037,psp_006766_1850,psp_006766_1850_red-0037_stripes_0.5,stripes,0.5,1,5.203997611999512,3.903651475906372
pixel_spectral_max,psp_006766_1850_red-0037,psp_006766_1850,psp_006766_1850_red-0037_dead_pixels_0.15,dead_pixels,0.15,1,3.896751880645752,3.903651475906372
pixel_spectral_max,psp_006766_1850_red-0037,psp_006766_1850,psp_006766_1850_red-0037_dead_pixels_0.3,dead_pixels,0.3,1,3.872920513153076,3.903651475906372
pixel_spectral_max,psp_006766_1850_red-0037,psp_006766_1850,psp_006766_1850_red-0037_dead_pixels_0.5,dead_pixels,0.5,1,3.9686825275421143,3.903651475906372
pixel_spectral_max,psp_006766_1850_red-0037,psp_006766_1850,psp_006766_1850_red-0037_missing_patch_0.15,missing_patch,0.15,1,3.843791961669922,3.903651475906372
pixel_spectral_max,psp_006766_1850_red-0037,psp_006766_1850,psp_006766_1850_red-0037_missing_patch_0.3,missing_patch,0.3,1,4.155397415161133,3.903651475906372
pixel_spectral_max,psp_006766_1850_red-0037,psp_006766_1850,psp_006766_1850_red-0037_missing_patch_0.5,missing_patch,0.5,1,4.341146469116211,3.903651475906372
pixel_spectral_max,psp_006766_1850_red-0037,psp_006766_1850,psp_006766_1850_red-0037_local_blur_0.15,local_blur,0.15,1,3.8913955688476562,3.903651475906372
pixel_spectral_max,psp_006766_1850_red-0037,psp_006766_1850,psp_006766_1850_red-0037_local_blur_0.3,local_blur,0.3,1,3.879660129547119,3.903651475906372
pixel_spectral_max,psp_006766_1850_red-0037,psp_006766_1850,psp_006766_1850_red-0037_local_blur_0.5,local_blur,0.5,1,3.9069817066192627,3.903651475906372
pixel_spectral_max,psp_006766_1850_red-0037,psp_006766_1850,psp_006766_1850_red-0037_patch_duplication_0.15,patch_duplication,0.15,1,3.493039846420288,3.903651475906372
pixel_spectral_max,psp_006766_1850_red-0037,psp_006766_1850,psp_006766_1850_red-0037_patch_duplication_0.3,patch_duplication,0.3,1,2.9232876300811768,3.903651475906372
pixel_spectral_max,psp_006766_1850_red-0037,psp_006766_1850,psp_006766_1850_red-0037_patch_duplication_0.5,patch_duplication,0.5,1,3.0105490684509277,3.903651475906372
pixel_spectral_max,psp_006766_1850_red-0037,psp_006766_1850,psp_006766_1850_red-0037_foreign_content_0.15,foreign_content,0.15,1,3.8559165000915527,3.903651475906372
pixel_spectral_max,psp_006766_1850_red-0037,psp_006766_1850,psp_006766_1850_red-0037_foreign_content_0.3,foreign_content,0.3,1,3.856119394302368,3.903651475906372
pixel_spectral_max,psp_006766_1850_red-0037,psp_006766_1850,psp_006766_1850_red-0037_foreign_content_0.5,foreign_content,0.5,1,3.7260255813598633,3.903651475906372
pixel_spectral_max,esp_019559_1390_red-0576,esp_019559_1390,esp_019559_1390_red-0576_clean,clean,0.0,0,-0.2417430728673935,3.903651475906372
pixel_spectral_max,esp_019559_1390_red-0576,esp_019559_1390,esp_019559_1390_red-0576_stripes_0.15,stripes,0.15,1,-0.24363698065280914,3.903651475906372
pixel_spectral_max,esp_019559_1390_red-0576,esp_019559_1390,esp_019559_1390_red-0576_stripes_0.3,stripes,0.3,1,2.3612887859344482,3.903651475906372
pixel_spectral_max,esp_019559_1390_red-0576,esp_019559_1390,esp_019559_1390_red-0576_stripes_0.5,stripes,0.5,1,6.033361911773682,3.903651475906372
pixel_spectral_max,esp_019559_1390_red-0576,esp_019559_1390,esp_019559_1390_red-0576_dead_pixels_0.15,dead_pixels,0.15,1,0.8491802215576172,3.903651475906372
pixel_spectral_max,esp_019559_1390_red-0576,esp_019559_1390,esp_019559_1390_red-0576_dead_pixels_0.3,dead_pixels,0.3,1,1.1543879508972168,3.903651475906372
pixel_spectral_max,esp_019559_1390_red-0576,esp_019559_1390,esp_019559_1390_red-0576_dead_pixels_0.5,dead_pixels,0.5,1,1.151627779006958,3.903651475906372
pixel_spectral_max,esp_019559_1390_red-0576,esp_019559_1390,esp_019559_1390_red-0576_missing_patch_0.15,missing_patch,0.15,1,0.9803295135498047,3.903651475906372
pixel_spectral_max,esp_019559_1390_red-0576,esp_019559_1390,esp_019559_1390_red-0576_missing_patch_0.3,missing_patch,0.3,1,0.988849401473999,3.903651475906372
pixel_spectral_max,esp_019559_1390_red-0576,esp_019559_1390,esp_019559_1390_red-0576_missing_patch_0.5,missing_patch,0.5,1,0.6708316206932068,3.903651475906372
pixel_spectral_max,esp_019559_1390_red-0576,esp_019559_1390,esp_019559_1390_red-0576_local_blur_0.15,local_blur,0.15,1,-0.2411123663187027,3.903651475906372
pixel_spectral_max,esp_019559_1390_red-0576,esp_019559_1390,esp_019559_1390_red-0576_local_blur_0.3,local_blur,0.3,1,-0.24149896204471588,3.903651475906372
pixel_spectral_max,esp_019559_1390_red-0576,esp_019559_1390,esp_019559_1390_red-0576_local_blur_0.5,local_blur,0.5,1,-0.28721916675567627,3.903651475906372
pixel_spectral_max,esp_019559_1390_red-0576,esp_019559_1390,esp_019559_1390_red-0576_patch_duplication_0.15,patch_duplication,0.15,1,-0.24229538440704346,3.903651475906372
pixel_spectral_max,esp_019559_1390_red-0576,esp_019559_1390,esp_019559_1390_red-0576_patch_duplication_0.3,patch_duplication,0.3,1,-0.6907785534858704,3.903651475906372
pixel_spectral_max,esp_019559_1390_red-0576,esp_019559_1390,esp_019559_1390_red-0576_patch_duplication_0.5,patch_duplication,0.5,1,-0.733677864074707,3.903651475906372
pixel_spectral_max,esp_019559_1390_red-0576,esp_019559_1390,esp_019559_1390_red-0576_foreign_content_0.15,foreign_content,0.15,1,-0.19405652582645416,3.903651475906372
pixel_spectral_max,esp_019559_1390_red-0576,esp_019559_1390,esp_019559_1390_red-0576_foreign_content_0.3,foreign_content,0.3,1,-0.035826537758111954,3.903651475906372
pixel_spectral_max,esp_019559_1390_red-0576,esp_019559_1390,esp_019559_1390_red-0576_foreign_content_0.5,foreign_content,0.5,1,0.38268497586250305,3.903651475906372
pixel_spectral_max,esp_016781_2055_red-0188,esp_016781_2055,esp_016781_2055_red-0188_clean,clean,0.0,0,4.6262383460998535,3.903651475906372
pixel_spectral_max,esp_016781_2055_red-0188,esp_016781_2055,esp_016781_2055_red-0188_stripes_0.15,stripes,0.15,1,4.356616973876953,3.903651475906372
pixel_spectral_max,esp_016781_2055_red-0188,esp_016781_2055,esp_016781_2055_red-0188_stripes_0.3,stripes,0.3,1,4.061428070068359,3.903651475906372
pixel_spectral_max,esp_016781_2055_red-0188,esp_016781_2055,esp_016781_2055_red-0188_stripes_0.5,stripes,0.5,1,5.535876274108887,3.903651475906372
pixel_spectral_max,esp_016781_2055_red-0188,esp_016781_2055,esp_016781_2055_red-0188_dead_pixels_0.15,dead_pixels,0.15,1,4.498969078063965,3.903651475906372
pixel_spectral_max,esp_016781_2055_red-0188,esp_016781_2055,esp_016781_2055_red-0188_dead_pixels_0.3,dead_pixels,0.3,1,4.382791042327881,3.903651475906372
pixel_spectral_max,esp_016781_2055_red-0188,esp_016781_2055,esp_016781_2055_red-0188_dead_pixels_0.5,dead_pixels,0.5,1,4.335011959075928,3.903651475906372
pixel_spectral_max,esp_016781_2055_red-0188,esp_016781_2055,esp_016781_2055_red-0188_missing_patch_0.15,missing_patch,0.15,1,4.697803497314453,3.903651475906372
pixel_spectral_max,esp_016781_2055_red-0188,esp_016781_2055,esp_016781_2055_red-0188_missing_patch_0.3,missing_patch,0.3,1,4.825692176818848,3.903651475906372
pixel_spectral_max,esp_016781_2055_red-0188,esp_016781_2055,esp_016781_2055_red-0188_missing_patch_0.5,missing_patch,0.5,1,5.301502227783203,3.903651475906372
pixel_spectral_max,esp_016781_2055_red-0188,esp_016781_2055,esp_016781_2055_red-0188_local_blur_0.15,local_blur,0.15,1,4.630916595458984,3.903651475906372
pixel_spectral_max,esp_016781_2055_red-0188,esp_016781_2055,esp_016781_2055_red-0188_local_blur_0.3,local_blur,0.3,1,4.629228591918945,3.903651475906372
pixel_spectral_max,esp_016781_2055_red-0188,esp_016781_2055,esp_016781_2055_red-0188_local_blur_0.5,local_blur,0.5,1,4.614142894744873,3.903651475906372
pixel_spectral_max,esp_016781_2055_red-0188,esp_016781_2055,esp_016781_2055_red-0188_patch_duplication_0.15,patch_duplication,0.15,1,4.422613143920898,3.903651475906372
pixel_spectral_max,esp_016781_2055_red-0188,esp_016781_2055,esp_016781_2055_red-0188_patch_duplication_0.3,patch_duplication,0.3,1,4.102527141571045,3.903651475906372
pixel_spectral_max,esp_016781_2055_red-0188,esp_016781_2055,esp_016781_2055_red-0188_patch_duplication_0.5,patch_duplication,0.5,1,3.9275968074798584,3.903651475906372
pixel_spectral_max,esp_016781_2055_red-0188,esp_016781_2055,esp_016781_2055_red-0188_foreign_content_0.15,foreign_content,0.15,1,4.528504371643066,3.903651475906372
pixel_spectral_max,esp_016781_2055_red-0188,esp_016781_2055,esp_016781_2055_red-0188_foreign_content_0.3,foreign_content,0.3,1,4.6426472663879395,3.903651475906372
pixel_spectral_max,esp_016781_2055_red-0188,esp_016781_2055,esp_016781_2055_red-0188_foreign_content_0.5,foreign_content,0.5,1,4.967712879180908,3.903651475906372
pixel_spectral_max,esp_016613_2570_red-0034,esp_016613_2570,esp_016613_2570_red-0034_clean,clean,0.0,0,4.201168537139893,3.903651475906372
pixel_spectral_max,esp_016613_2570_red-0034,esp_016613_2570,esp_016613_2570_red-0034_stripes_0.15,stripes,0.15,1,4.218900680541992,3.903651475906372
pixel_spectral_max,esp_016613_2570_red-0034,esp_016613_2570,esp_016613_2570_red-0034_stripes_0.3,stripes,0.3,1,4.199892044067383,3.903651475906372
pixel_spectral_max,esp_016613_2570_red-0034,esp_016613_2570,esp_016613_2570_red-0034_stripes_0.5,stripes,0.5,1,6.163140773773193,3.903651475906372
pixel_spectral_max,esp_016613_2570_red-0034,esp_016613_2570,esp_016613_2570_red-0034_dead_pixels_0.15,dead_pixels,0.15,1,4.149234771728516,3.903651475906372
pixel_spectral_max,esp_016613_2570_red-0034,esp_016613_2570,esp_016613_2570_red-0034_dead_pixels_0.3,dead_pixels,0.3,1,4.0442118644714355,3.903651475906372
pixel_spectral_max,esp_016613_2570_red-0034,esp_016613_2570,esp_016613_2570_red-0034_dead_pixels_0.5,dead_pixels,0.5,1,3.913526773452759,3.903651475906372
pixel_spectral_max,esp_016613_2570_red-0034,esp_016613_2570,esp_016613_2570_red-0034_missing_patch_0.15,missing_patch,0.15,1,3.318410873413086,3.903651475906372
pixel_spectral_max,esp_016613_2570_red-0034,esp_016613_2570,esp_016613_2570_red-0034_missing_patch_0.3,missing_patch,0.3,1,3.0454351902008057,3.903651475906372
pixel_spectral_max,esp_016613_2570_red-0034,esp_016613_2570,esp_016613_2570_red-0034_missing_patch_0.5,missing_patch,0.5,1,4.5220441818237305,3.903651475906372
pixel_spectral_max,esp_016613_2570_red-0034,esp_016613_2570,esp_016613_2570_red-0034_local_blur_0.15,local_blur,0.15,1,4.218344688415527,3.903651475906372
pixel_spectral_max,esp_016613_2570_red-0034,esp_016613_2570,esp_016613_2570_red-0034_local_blur_0.3,local_blur,0.3,1,4.217715263366699,3.903651475906372
pixel_spectral_max,esp_016613_2570_red-0034,esp_016613_2570,esp_016613_2570_red-0034_local_blur_0.5,local_blur,0.5,1,4.343745231628418,3.903651475906372
pixel_spectral_max,esp_016613_2570_red-0034,esp_016613_2570,esp_016613_2570_red-0034_patch_duplication_0.15,patch_duplication,0.15,1,4.2014546394348145,3.903651475906372
pixel_spectral_max,esp_016613_2570_red-0034,esp_016613_2570,esp_016613_2570_red-0034_patch_duplication_0.3,patch_duplication,0.3,1,4.207036972045898,3.903651475906372
pixel_spectral_max,esp_016613_2570_red-0034,esp_016613_2570,esp_016613_2570_red-0034_patch_duplication_0.5,patch_duplication,0.5,1,4.2121381759643555,3.903651475906372
pixel_spectral_max,esp_016613_2570_red-0034,esp_016613_2570,esp_016613_2570_red-0034_foreign_content_0.15,foreign_content,0.15,1,4.159456253051758,3.903651475906372
pixel_spectral_max,esp_016613_2570_red-0034,esp_016613_2570,esp_016613_2570_red-0034_foreign_content_0.3,foreign_content,0.3,1,4.229279041290283,3.903651475906372
pixel_spectral_max,esp_016613_2570_red-0034,esp_016613_2570,esp_016613_2570_red-0034_foreign_content_0.5,foreign_content,0.5,1,3.7838857173919678,3.903651475906372
pixel_spectral_max,esp_017395_1700_red-0007,esp_017395_1700,esp_017395_1700_red-0007_clean,clean,0.0,0,0.2293756604194641,3.903651475906372
pixel_spectral_max,esp_017395_1700_red-0007,esp_017395_1700,esp_017395_1700_red-0007_stripes_0.15,stripes,0.15,1,0.2723477780818939,3.903651475906372
pixel_spectral_max,esp_017395_1700_red-0007,esp_017395_1700,esp_017395_1700_red-0007_stripes_0.3,stripes,0.3,1,2.5392158031463623,3.903651475906372
pixel_spectral_max,esp_017395_1700_red-0007,esp_017395_1700,esp_017395_1700_red-0007_stripes_0.5,stripes,0.5,1,6.10447359085083,3.903651475906372
pixel_spectral_max,esp_017395_1700_red-0007,esp_017395_1700,esp_017395_1700_red-0007_dead_pixels_0.15,dead_pixels,0.15,1,1.1758888959884644,3.903651475906372
pixel_spectral_max,esp_017395_1700_red-0007,esp_017395_1700,esp_017395_1700_red-0007_dead_pixels_0.3,dead_pixels,0.3,1,1.6374847888946533,3.903651475906372
pixel_spectral_max,esp_017395_1700_red-0007,esp_017395_1700,esp_017395_1700_red-0007_dead_pixels_0.5,dead_pixels,0.5,1,1.9826006889343262,3.903651475906372
pixel_spectral_max,esp_017395_1700_red-0007,esp_017395_1700,esp_017395_1700_red-0007_missing_patch_0.15,missing_patch,0.15,1,0.7219851016998291,3.903651475906372
pixel_spectral_max,esp_017395_1700_red-0007,esp_017395_1700,esp_017395_1700_red-0007_missing_patch_0.3,missing_patch,0.3,1,0.40526512265205383,3.903651475906372
pixel_spectral_max,esp_017395_1700_red-0007,esp_017395_1700,esp_017395_1700_red-0007_missing_patch_0.5,missing_patch,0.5,1,0.07890500128269196,3.903651475906372
pixel_spectral_max,esp_017395_1700_red-0007,esp_017395_1700,esp_017395_1700_red-0007_local_blur_0.15,local_blur,0.15,1,0.2275734841823578,3.903651475906372
pixel_spectral_max,esp_017395_1700_red-0007,esp_017395_1700,esp_017395_1700_red-0007_local_blur_0.3,local_blur,0.3,1,0.20949921011924744,3.903651475906372
pixel_spectral_max,esp_017395_1700_red-0007,esp_017395_1700,esp_017395_1700_red-0007_local_blur_0.5,local_blur,0.5,1,0.14496617019176483,3.903651475906372
pixel_spectral_max,esp_017395_1700_red-0007,esp_017395_1700,esp_017395_1700_red-0007_patch_duplication_0.15,patch_duplication,0.15,1,0.24108532071113586,3.903651475906372
pixel_spectral_max,esp_017395_1700_red-0007,esp_017395_1700,esp_017395_1700_red-0007_patch_duplication_0.3,patch_duplication,0.3,1,0.3522770404815674,3.903651475906372
pixel_spectral_max,esp_017395_1700_red-0007,esp_017395_1700,esp_017395_1700_red-0007_patch_duplication_0.5,patch_duplication,0.5,1,0.41926324367523193,3.903651475906372
pixel_spectral_max,esp_017395_1700_red-0007,esp_017395_1700,esp_017395_1700_red-0007_foreign_content_0.15,foreign_content,0.15,1,0.2838616967201233,3.903651475906372
pixel_spectral_max,esp_017395_1700_red-0007,esp_017395_1700,esp_017395_1700_red-0007_foreign_content_0.3,foreign_content,0.3,1,0.49116969108581543,3.903651475906372
pixel_spectral_max,esp_017395_1700_red-0007,esp_017395_1700,esp_017395_1700_red-0007_foreign_content_0.5,foreign_content,0.5,1,0.6695183515548706,3.903651475906372
pixel_spectral_max,esp_012057_0950_red-0111,esp_012057_0950,esp_012057_0950_red-0111_clean,clean,0.0,0,-0.6490810513496399,3.903651475906372
pixel_spectral_max,esp_012057_0950_red-0111,esp_012057_0950,esp_012057_0950_red-0111_stripes_0.15,stripes,0.15,1,-0.5604813694953918,3.903651475906372
pixel_spectral_max,esp_012057_0950_red-0111,esp_012057_0950,esp_012057_0950_red-0111_stripes_0.3,stripes,0.3,1,2.3941359519958496,3.903651475906372
pixel_spectral_max,esp_012057_0950_red-0111,esp_012057_0950,esp_012057_0950_red-0111_stripes_0.5,stripes,0.5,1,6.223546504974365,3.903651475906372
pixel_spectral_max,esp_012057_0950_red-0111,esp_012057_0950,esp_012057_0950_red-0111_dead_pixels_0.15,dead_pixels,0.15,1,0.923926591873169,3.903651475906372
pixel_spectral_max,esp_012057_0950_red-0111,esp_012057_0950,esp_012057_0950_red-0111_dead_pixels_0.3,dead_pixels,0.3,1,1.043046236038208,3.903651475906372
pixel_spectral_max,esp_012057_0950_red-0111,esp_012057_0950,esp_012057_0950_red-0111_dead_pixels_0.5,dead_pixels,0.5,1,1.2669870853424072,3.903651475906372
pixel_spectral_max,esp_012057_0950_red-0111,esp_012057_0950,esp_012057_0950_red-0111_missing_patch_0.15,missing_patch,0.15,1,0.07101909071207047,3.903651475906372
pixel_spectral_max,esp_012057_0950_red-0111,esp_012057_0950,esp_012057_0950_red-0111_missing_patch_0.3,missing_patch,0.3,1,0.5143060684204102,3.903651475906372
pixel_spectral_max,esp_012057_0950_red-0111,esp_012057_0950,esp_012057_0950_red-0111_missing_patch_0.5,missing_patch,0.5,1,1.329582929611206,3.903651475906372
pixel_spectral_max,esp_012057_0950_red-0111,esp_012057_0950,esp_012057_0950_red-0111_local_blur_0.15,local_blur,0.15,1,-0.6484825611114502,3.903651475906372
pixel_spectral_max,esp_012057_0950_red-0111,esp_012057_0950,esp_012057_0950_red-0111_local_blur_0.3,local_blur,0.3,1,-0.6452124118804932,3.903651475906372
pixel_spectral_max,esp_012057_0950_red-0111,esp_012057_0950,esp_012057_0950_red-0111_local_blur_0.5,local_blur,0.5,1,-0.6378639340400696,3.903651475906372
pixel_spectral_max,esp_012057_0950_red-0111,esp_012057_0950,esp_012057_0950_red-0111_patch_duplication_0.15,patch_duplication,0.15,1,-0.6667124032974243,3.903651475906372
pixel_spectral_max,esp_012057_0950_red-0111,esp_012057_0950,esp_012057_0950_red-0111_patch_duplication_0.3,patch_duplication,0.3,1,-0.6824420094490051,3.903651475906372
pixel_spectral_max,esp_012057_0950_red-0111,esp_012057_0950,esp_012057_0950_red-0111_patch_duplication_0.5,patch_duplication,0.5,1,-0.8521092534065247,3.903651475906372
pixel_spectral_max,esp_012057_0950_red-0111,esp_012057_0950,esp_012057_0950_red-0111_foreign_content_0.15,foreign_content,0.15,1,-0.5982970595359802,3.903651475906372
pixel_spectral_max,esp_012057_0950_red-0111,esp_012057_0950,esp_012057_0950_red-0111_foreign_content_0.3,foreign_content,0.3,1,-0.6011406183242798,3.903651475906372
pixel_spectral_max,esp_012057_0950_red-0111,esp_012057_0950,esp_012057_0950_red-0111_foreign_content_0.5,foreign_content,0.5,1,-0.07326201349496841,3.903651475906372
pixel_spectral_max,esp_049651_1050_red-0070,esp_049651_1050,esp_049651_1050_red-0070_clean,clean,0.0,0,-0.44824233651161194,3.903651475906372
pixel_spectral_max,esp_049651_1050_red-0070,esp_049651_1050,esp_049651_1050_red-0070_stripes_0.15,stripes,0.15,1,-0.39075538516044617,3.903651475906372
pixel_spectral_max,esp_049651_1050_red-0070,esp_049651_1050,esp_049651_1050_red-0070_stripes_0.3,stripes,0.3,1,2.584733486175537,3.903651475906372
pixel_spectral_max,esp_049651_1050_red-0070,esp_049651_1050,esp_049651_1050_red-0070_stripes_0.5,stripes,0.5,1,6.330556869506836,3.903651475906372
pixel_spectral_max,esp_049651_1050_red-0070,esp_049651_1050,esp_049651_1050_red-0070_dead_pixels_0.15,dead_pixels,0.15,1,0.47403478622436523,3.903651475906372
pixel_spectral_max,esp_049651_1050_red-0070,esp_049651_1050,esp_049651_1050_red-0070_dead_pixels_0.3,dead_pixels,0.3,1,0.8127158284187317,3.903651475906372
pixel_spectral_max,esp_049651_1050_red-0070,esp_049651_1050,esp_049651_1050_red-0070_dead_pixels_0.5,dead_pixels,0.5,1,1.0882121324539185,3.903651475906372
pixel_spectral_max,esp_049651_1050_red-0070,esp_049651_1050,esp_049651_1050_red-0070_missing_patch_0.15,missing_patch,0.15,1,0.6182879209518433,3.903651475906372
pixel_spectral_max,esp_049651_1050_red-0070,esp_049651_1050,esp_049651_1050_red-0070_missing_patch_0.3,missing_patch,0.3,1,1.4218326807022095,3.903651475906372
pixel_spectral_max,esp_049651_1050_red-0070,esp_049651_1050,esp_049651_1050_red-0070_missing_patch_0.5,missing_patch,0.5,1,3.353684425354004,3.903651475906372
pixel_spectral_max,esp_049651_1050_red-0070,esp_049651_1050,esp_049651_1050_red-0070_local_blur_0.15,local_blur,0.15,1,-0.49936407804489136,3.903651475906372
pixel_spectral_max,esp_049651_1050_red-0070,esp_049651_1050,esp_049651_1050_red-0070_local_blur_0.3,local_blur,0.3,1,-0.5133850574493408,3.903651475906372
pixel_spectral_max,esp_049651_1050_red-0070,esp_049651_1050,esp_049651_1050_red-0070_local_blur_0.5,local_blur,0.5,1,-0.5410428047180176,3.903651475906372
pixel_spectral_max,esp_049651_1050_red-0070,esp_049651_1050,esp_049651_1050_red-0070_patch_duplication_0.15,patch_duplication,0.15,1,-0.4527636766433716,3.903651475906372
pixel_spectral_max,esp_049651_1050_red-0070,esp_049651_1050,esp_049651_1050_red-0070_patch_duplication_0.3,patch_duplication,0.3,1,-0.45692646503448486,3.903651475906372
pixel_spectral_max,esp_049651_1050_red-0070,esp_049651_1050,esp_049651_1050_red-0070_patch_duplication_0.5,patch_duplication,0.5,1,-0.4064151346683502,3.903651475906372
pixel_spectral_max,esp_049651_1050_red-0070,esp_049651_1050,esp_049651_1050_red-0070_foreign_content_0.15,foreign_content,0.15,1,-0.43296051025390625,3.903651475906372
pixel_spectral_max,esp_049651_1050_red-0070,esp_049651_1050,esp_049651_1050_red-0070_foreign_content_0.3,foreign_content,0.3,1,-0.32239025831222534,3.903651475906372
pixel_spectral_max,esp_049651_1050_red-0070,esp_049651_1050,esp_049651_1050_red-0070_foreign_content_0.5,foreign_content,0.5,1,0.2414998561143875,3.903651475906372
pixel_spectral_max,psp_006766_1850_red-0101,psp_006766_1850,psp_006766_1850_red-0101_clean,clean,0.0,0,-0.7116403579711914,3.903651475906372
pixel_spectral_max,psp_006766_1850_red-0101,psp_006766_1850,psp_006766_1850_red-0101_stripes_0.15,stripes,0.15,1,-0.7494699358940125,3.903651475906372
pixel_spectral_max,psp_006766_1850_red-0101,psp_006766_1850,psp_006766_1850_red-0101_stripes_0.3,stripes,0.3,1,2.777506113052368,3.903651475906372
pixel_spectral_max,psp_006766_1850_red-0101,psp_006766_1850,psp_006766_1850_red-0101_stripes_0.5,stripes,0.5,1,6.260138511657715,3.903651475906372
pixel_spectral_max,psp_006766_1850_red-0101,psp_006766_1850,psp_006766_1850_red-0101_dead_pixels_0.15,dead_pixels,0.15,1,0.28981712460517883,3.903651475906372
pixel_spectral_max,psp_006766_1850_red-0101,psp_006766_1850,psp_006766_1850_red-0101_dead_pixels_0.3,dead_pixels,0.3,1,0.9525757431983948,3.903651475906372
pixel_spectral_max,psp_006766_1850_red-0101,psp_006766_1850,psp_006766_1850_red-0101_dead_pixels_0.5,dead_pixels,0.5,1,1.2507187128067017,3.903651475906372
pixel_spectral_max,psp_006766_1850_red-0101,psp_006766_1850,psp_006766_1850_red-0101_missing_patch_0.15,missing_patch,0.15,1,-0.4442041516304016,3.903651475906372
pixel_spectral_max,psp_006766_1850_red-0101,psp_006766_1850,psp_006766_1850_red-0101_missing_patch_0.3,missing_patch,0.3,1,0.0466001033782959,3.903651475906372
pixel_spectral_max,psp_006766_1850_red-0101,psp_006766_1850,psp_006766_1850_red-0101_missing_patch_0.5,missing_patch,0.5,1,0.7517830729484558,3.903651475906372
pixel_spectral_max,psp_006766_1850_red-0101,psp_006766_1850,psp_006766_1850_red-0101_local_blur_0.15,local_blur,0.15,1,-0.728884220123291,3.903651475906372
pixel_spectral_max,psp_006766_1850_red-0101,psp_006766_1850,psp_006766_1850_red-0101_local_blur_0.3,local_blur,0.3,1,-0.7270943522453308,3.903651475906372
pixel_spectral_max,psp_006766_1850_red-0101,psp_006766_1850,psp_006766_1850_red-0101_local_blur_0.5,local_blur,0.5,1,-0.7266172766685486,3.903651475906372
pixel_spectral_max,psp_006766_1850_red-0101,psp_006766_1850,psp_006766_1850_red-0101_patch_duplication_0.15,patch_duplication,0.15,1,-0.7159051299095154,3.903651475906372
pixel_spectral_max,psp_006766_1850_red-0101,psp_006766_1850,psp_006766_1850_red-0101_patch_duplication_0.3,patch_duplication,0.3,1,-0.7237653732299805,3.903651475906372
pixel_spectral_max,psp_006766_1850_red-0101,psp_006766_1850,psp_006766_1850_red-0101_patch_duplication_0.5,patch_duplication,0.5,1,-0.881494402885437,3.903651475906372
pixel_spectral_max,psp_006766_1850_red-0101,psp_006766_1850,psp_006766_1850_red-0101_foreign_content_0.15,foreign_content,0.15,1,-0.6106584668159485,3.903651475906372
pixel_spectral_max,psp_006766_1850_red-0101,psp_006766_1850,psp_006766_1850_red-0101_foreign_content_0.3,foreign_content,0.3,1,-0.6486567854881287,3.903651475906372
pixel_spectral_max,psp_006766_1850_red-0101,psp_006766_1850,psp_006766_1850_red-0101_foreign_content_0.5,foreign_content,0.5,1,0.07945821434259415,3.903651475906372
pixel_spectral_max,esp_016148_2040_red-0097,esp_016148_2040,esp_016148_2040_red-0097_clean,clean,0.0,0,0.8472412824630737,3.903651475906372
pixel_spectral_max,esp_016148_2040_red-0097,esp_016148_2040,esp_016148_2040_red-0097_stripes_0.15,stripes,0.15,1,0.7305287718772888,3.903651475906372
pixel_spectral_max,esp_016148_2040_red-0097,esp_016148_2040,esp_016148_2040_red-0097_stripes_0.3,stripes,0.3,1,2.759859085083008,3.903651475906372
pixel_spectral_max,esp_016148_2040_red-0097,esp_016148_2040,esp_016148_2040_red-0097_stripes_0.5,stripes,0.5,1,6.361294269561768,3.903651475906372
pixel_spectral_max,esp_016148_2040_red-0097,esp_016148_2040,esp_016148_2040_red-0097_dead_pixels_0.15,dead_pixels,0.15,1,0.894824743270874,3.903651475906372
pixel_spectral_max,esp_016148_2040_red-0097,esp_016148_2040,esp_016148_2040_red-0097_dead_pixels_0.3,dead_pixels,0.3,1,1.2766488790512085,3.903651475906372
pixel_spectral_max,esp_016148_2040_red-0097,esp_016148_2040,esp_016148_2040_red-0097_dead_pixels_0.5,dead_pixels,0.5,1,1.7328507900238037,3.903651475906372
pixel_spectral_max,esp_016148_2040_red-0097,esp_016148_2040,esp_016148_2040_red-0097_missing_patch_0.15,missing_patch,0.15,1,1.8115745782852173,3.903651475906372
pixel_spectral_max,esp_016148_2040_red-0097,esp_016148_2040,esp_016148_2040_red-0097_missing_patch_0.3,missing_patch,0.3,1,1.211817979812622,3.903651475906372
pixel_spectral_max,esp_016148_2040_red-0097,esp_016148_2040,esp_016148_2040_red-0097_missing_patch_0.5,missing_patch,0.5,1,2.5032105445861816,3.903651475906372
pixel_spectral_max,esp_016148_2040_red-0097,esp_016148_2040,esp_016148_2040_red-0097_local_blur_0.15,local_blur,0.15,1,0.8689671754837036,3.903651475906372
pixel_spectral_max,esp_016148_2040_red-0097,esp_016148_2040,esp_016148_2040_red-0097_local_blur_0.3,local_blur,0.3,1,0.8540503978729248,3.903651475906372
pixel_spectral_max,esp_016148_2040_red-0097,esp_016148_2040,esp_016148_2040_red-0097_local_blur_0.5,local_blur,0.5,1,0.8588377237319946,3.903651475906372
pixel_spectral_max,esp_016148_2040_red-0097,esp_016148_2040,esp_016148_2040_red-0097_patch_duplication_0.15,patch_duplication,0.15,1,0.8482487201690674,3.903651475906372
pixel_spectral_max,esp_016148_2040_red-0097,esp_016148_2040,esp_016148_2040_red-0097_patch_duplication_0.3,patch_duplication,0.3,1,0.8468104004859924,3.903651475906372
pixel_spectral_max,esp_016148_2040_red-0097,esp_016148_2040,esp_016148_2040_red-0097_patch_duplication_0.5,patch_duplication,0.5,1,0.8472488522529602,3.903651475906372
pixel_spectral_max,esp_016148_2040_red-0097,esp_016148_2040,esp_016148_2040_red-0097_foreign_content_0.15,foreign_content,0.15,1,0.7814921736717224,3.903651475906372
pixel_spectral_max,esp_016148_2040_red-0097,esp_016148_2040,esp_016148_2040_red-0097_foreign_content_0.3,foreign_content,0.3,1,0.7329800724983215,3.903651475906372
pixel_spectral_max,esp_016148_2040_red-0097,esp_016148_2040,esp_016148_2040_red-0097_foreign_content_0.5,foreign_content,0.5,1,0.5618731379508972,3.903651475906372
pixel_spectral_max,esp_011716_0940_red-0008,esp_011716_0940,esp_011716_0940_red-0008_clean,clean,0.0,0,-0.1838504672050476,3.903651475906372
pixel_spectral_max,esp_011716_0940_red-0008,esp_011716_0940,esp_011716_0940_red-0008_stripes_0.15,stripes,0.15,1,-0.19366635382175446,3.903651475906372
pixel_spectral_max,esp_011716_0940_red-0008,esp_011716_0940,esp_011716_0940_red-0008_stripes_0.3,stripes,0.3,1,2.073599338531494,3.903651475906372
pixel_spectral_max,esp_011716_0940_red-0008,esp_011716_0940,esp_011716_0940_red-0008_stripes_0.5,stripes,0.5,1,5.910240650177002,3.903651475906372
pixel_spectral_max,esp_011716_0940_red-0008,esp_011716_0940,esp_011716_0940_red-0008_dead_pixels_0.15,dead_pixels,0.15,1,1.0423938035964966,3.903651475906372
pixel_spectral_max,esp_011716_0940_red-0008,esp_011716_0940,esp_011716_0940_red-0008_dead_pixels_0.3,dead_pixels,0.3,1,1.759253978729248,3.903651475906372
pixel_spectral_max,esp_011716_0940_red-0008,esp_011716_0940,esp_011716_0940_red-0008_dead_pixels_0.5,dead_pixels,0.5,1,2.4195804595947266,3.903651475906372
pixel_spectral_max,esp_011716_0940_red-0008,esp_011716_0940,esp_011716_0940_red-0008_missing_patch_0.15,missing_patch,0.15,1,-0.19296827912330627,3.903651475906372
pixel_spectral_max,esp_011716_0940_red-0008,esp_011716_0940,esp_011716_0940_red-0008_missing_patch_0.3,missing_patch,0.3,1,-0.1613606959581375,3.903651475906372
pixel_spectral_max,esp_011716_0940_red-0008,esp_011716_0940,esp_011716_0940_red-0008_missing_patch_0.5,missing_patch,0.5,1,0.4843713939189911,3.903651475906372
pixel_spectral_max,esp_011716_0940_red-0008,esp_011716_0940,esp_011716_0940_red-0008_local_blur_0.15,local_blur,0.15,1,-0.20939017832279205,3.903651475906372
pixel_spectral_max,esp_011716_0940_red-0008,esp_011716_0940,esp_011716_0940_red-0008_local_blur_0.3,local_blur,0.3,1,-0.21471631526947021,3.903651475906372
pixel_spectral_max,esp_011716_0940_red-0008,esp_011716_0940,esp_011716_0940_red-0008_local_blur_0.5,local_blur,0.5,1,-0.2143675684928894,3.903651475906372
pixel_spectral_max,esp_011716_0940_red-0008,esp_011716_0940,esp_011716_0940_red-0008_patch_duplication_0.15,patch_duplication,0.15,1,-0.1811637133359909,3.903651475906372
pixel_spectral_max,esp_011716_0940_red-0008,esp_011716_0940,esp_011716_0940_red-0008_patch_duplication_0.3,patch_duplication,0.3,1,-0.15939034521579742,3.903651475906372
pixel_spectral_max,esp_011716_0940_red-0008,esp_011716_0940,esp_011716_0940_red-0008_patch_duplication_0.5,patch_duplication,0.5,1,-0.129431813955307,3.903651475906372
pixel_spectral_max,esp_011716_0940_red-0008,esp_011716_0940,esp_011716_0940_red-0008_foreign_content_0.15,foreign_content,0.15,1,-0.1765514463186264,3.903651475906372
pixel_spectral_max,esp_011716_0940_red-0008,esp_011716_0940,esp_011716_0940_red-0008_foreign_content_0.3,foreign_content,0.3,1,-0.16551290452480316,3.903651475906372
pixel_spectral_max,esp_011716_0940_red-0008,esp_011716_0940,esp_011716_0940_red-0008_foreign_content_0.5,foreign_content,0.5,1,0.0655701607465744,3.903651475906372
pixel_spectral_max,esp_013141_2105_red-0004,esp_013141_2105,esp_013141_2105_red-0004_clean,clean,0.0,0,0.4023624658584595,3.903651475906372
pixel_spectral_max,esp_013141_2105_red-0004,esp_013141_2105,esp_013141_2105_red-0004_stripes_0.15,stripes,0.15,1,0.39927172660827637,3.903651475906372
pixel_spectral_max,esp_013141_2105_red-0004,esp_013141_2105,esp_013141_2105_red-0004_stripes_0.3,stripes,0.3,1,2.3745365142822266,3.903651475906372
pixel_spectral_max,esp_013141_2105_red-0004,esp_013141_2105,esp_013141_2105_red-0004_stripes_0.5,stripes,0.5,1,6.148373126983643,3.903651475906372
pixel_spectral_max,esp_013141_2105_red-0004,esp_013141_2105,esp_013141_2105_red-0004_dead_pixels_0.15,dead_pixels,0.15,1,0.5694743990898132,3.903651475906372
pixel_spectral_max,esp_013141_2105_red-0004,esp_013141_2105,esp_013141_2105_red-0004_dead_pixels_0.3,dead_pixels,0.3,1,1.0420852899551392,3.903651475906372
pixel_spectral_max,esp_013141_2105_red-0004,esp_013141_2105,esp_013141_2105_red-0004_dead_pixels_0.5,dead_pixels,0.5,1,1.3220657110214233,3.903651475906372
pixel_spectral_max,esp_013141_2105_red-0004,esp_013141_2105,esp_013141_2105_red-0004_missing_patch_0.15,missing_patch,0.15,1,0.3155192732810974,3.903651475906372
pixel_spectral_max,esp_013141_2105_red-0004,esp_013141_2105,esp_013141_2105_red-0004_missing_patch_0.3,missing_patch,0.3,1,0.1370786875486374,3.903651475906372
pixel_spectral_max,esp_013141_2105_red-0004,esp_013141_2105,esp_013141_2105_red-0004_missing_patch_0.5,missing_patch,0.5,1,1.660064697265625,3.903651475906372
pixel_spectral_max,esp_013141_2105_red-0004,esp_013141_2105,esp_013141_2105_red-0004_local_blur_0.15,local_blur,0.15,1,0.4043532609939575,3.903651475906372
pixel_spectral_max,esp_013141_2105_red-0004,esp_013141_2105,esp_013141_2105_red-0004_local_blur_0.3,local_blur,0.3,1,0.4000490605831146,3.903651475906372
pixel_spectral_max,esp_013141_2105_red-0004,esp_013141_2105,esp_013141_2105_red-0004_local_blur_0.5,local_blur,0.5,1,0.3799755871295929,3.903651475906372
pixel_spectral_max,esp_013141_2105_red-0004,esp_013141_2105,esp_013141_2105_red-0004_patch_duplication_0.15,patch_duplication,0.15,1,0.46349790692329407,3.903651475906372
pixel_spectral_max,esp_013141_2105_red-0004,esp_013141_2105,esp_013141_2105_red-0004_patch_duplication_0.3,patch_duplication,0.3,1,0.46228763461112976,3.903651475906372
pixel_spectral_max,esp_013141_2105_red-0004,esp_013141_2105,esp_013141_2105_red-0004_patch_duplication_0.5,patch_duplication,0.5,1,0.3364720344543457,3.903651475906372
pixel_spectral_max,esp_013141_2105_red-0004,esp_013141_2105,esp_013141_2105_red-0004_foreign_content_0.15,foreign_content,0.15,1,0.32529041171073914,3.903651475906372
pixel_spectral_max,esp_013141_2105_red-0004,esp_013141_2105,esp_013141_2105_red-0004_foreign_content_0.3,foreign_content,0.3,1,0.20312157273292542,3.903651475906372
pixel_spectral_max,esp_013141_2105_red-0004,esp_013141_2105,esp_013141_2105_red-0004_foreign_content_0.5,foreign_content,0.5,1,1.1327701807022095,3.903651475906372
pixel_spectral_max,esp_016613_2570_red-0043,esp_016613_2570,esp_016613_2570_red-0043_clean,clean,0.0,0,3.3508803844451904,3.903651475906372
pixel_spectral_max,esp_016613_2570_red-0043,esp_016613_2570,esp_016613_2570_red-0043_stripes_0.15,stripes,0.15,1,3.14674711227417,3.903651475906372
pixel_spectral_max,esp_016613_2570_red-0043,esp_016613_2570,esp_016613_2570_red-0043_stripes_0.3,stripes,0.3,1,2.9420156478881836,3.903651475906372
pixel_spectral_max,esp_016613_2570_red-0043,esp_016613_2570,esp_016613_2570_red-0043_stripes_0.5,stripes,0.5,1,5.98239278793335,3.903651475906372
pixel_spectral_max,esp_016613_2570_red-0043,esp_016613_2570,esp_016613_2570_red-0043_dead_pixels_0.15,dead_pixels,0.15,1,3.2718615531921387,3.903651475906372
pixel_spectral_max,esp_016613_2570_red-0043,esp_016613_2570,esp_016613_2570_red-0043_dead_pixels_0.3,dead_pixels,0.3,1,3.1810474395751953,3.903651475906372
pixel_spectral_max,esp_016613_2570_red-0043,esp_016613_2570,esp_016613_2570_red-0043_dead_pixels_0.5,dead_pixels,0.5,1,3.0794663429260254,3.903651475906372
pixel_spectral_max,esp_016613_2570_red-0043,esp_016613_2570,esp_016613_2570_red-0043_missing_patch_0.15,missing_patch,0.15,1,3.3944318294525146,3.903651475906372
pixel_spectral_max,esp_016613_2570_red-0043,esp_016613_2570,esp_016613_2570_red-0043_missing_patch_0.3,missing_patch,0.3,1,4.349441051483154,3.903651475906372
pixel_spectral_max,esp_016613_2570_red-0043,esp_016613_2570,esp_016613_2570_red-0043_missing_patch_0.5,missing_patch,0.5,1,4.558885097503662,3.903651475906372
pixel_spectral_max,esp_016613_2570_red-0043,esp_016613_2570,esp_016613_2570_red-0043_local_blur_0.15,local_blur,0.15,1,3.3516621589660645,3.903651475906372
pixel_spectral_max,esp_016613_2570_red-0043,esp_016613_2570,esp_016613_2570_red-0043_local_blur_0.3,local_blur,0.3,1,3.3508646488189697,3.903651475906372
pixel_spectral_max,esp_016613_2570_red-0043,esp_016613_2570,esp_016613_2570_red-0043_local_blur_0.5,local_blur,0.5,1,3.420541524887085,3.903651475906372
pixel_spectral_max,esp_016613_2570_red-0043,esp_016613_2570,esp_016613_2570_red-0043_patch_duplication_0.15,patch_duplication,0.15,1,3.344041109085083,3.903651475906372
pixel_spectral_max,esp_016613_2570_red-0043,esp_016613_2570,esp_016613_2570_red-0043_patch_duplication_0.3,patch_duplication,0.3,1,3.4251677989959717,3.903651475906372
pixel_spectral_max,esp_016613_2570_red-0043,esp_016613_2570,esp_016613_2570_red-0043_patch_duplication_0.5,patch_duplication,0.5,1,3.688638687133789,3.903651475906372
pixel_spectral_max,esp_016613_2570_red-0043,esp_016613_2570,esp_016613_2570_red-0043_foreign_content_0.15,foreign_content,0.15,1,3.4055261611938477,3.903651475906372
pixel_spectral_max,esp_016613_2570_red-0043,esp_016613_2570,esp_016613_2570_red-0043_foreign_content_0.3,foreign_content,0.3,1,3.1043825149536133,3.903651475906372
pixel_spectral_max,esp_016613_2570_red-0043,esp_016613_2570,esp_016613_2570_red-0043_foreign_content_0.5,foreign_content,0.5,1,2.047095775604248,3.903651475906372
pixel_spectral_max,esp_017395_1700_red-0049,esp_017395_1700,esp_017395_1700_red-0049_clean,clean,0.0,0,2.128761053085327,3.903651475906372
pixel_spectral_max,esp_017395_1700_red-0049,esp_017395_1700,esp_017395_1700_red-0049_stripes_0.15,stripes,0.15,1,2.0838801860809326,3.903651475906372
pixel_spectral_max,esp_017395_1700_red-0049,esp_017395_1700,esp_017395_1700_red-0049_stripes_0.3,stripes,0.3,1,2.22078537940979,3.903651475906372
pixel_spectral_max,esp_017395_1700_red-0049,esp_017395_1700,esp_017395_1700_red-0049_stripes_0.5,stripes,0.5,1,5.830906867980957,3.903651475906372
pixel_spectral_max,esp_017395_1700_red-0049,esp_017395_1700,esp_017395_1700_red-0049_dead_pixels_0.15,dead_pixels,0.15,1,1.9561196565628052,3.903651475906372
pixel_spectral_max,esp_017395_1700_red-0049,esp_017395_1700,esp_017395_1700_red-0049_dead_pixels_0.3,dead_pixels,0.3,1,1.9856805801391602,3.903651475906372
pixel_spectral_max,esp_017395_1700_red-0049,esp_017395_1700,esp_017395_1700_red-0049_dead_pixels_0.5,dead_pixels,0.5,1,1.8077136278152466,3.903651475906372
pixel_spectral_max,esp_017395_1700_red-0049,esp_017395_1700,esp_017395_1700_red-0049_missing_patch_0.15,missing_patch,0.15,1,2.8509411811828613,3.903651475906372
pixel_spectral_max,esp_017395_1700_red-0049,esp_017395_1700,esp_017395_1700_red-0049_missing_patch_0.3,missing_patch,0.3,1,3.1325442790985107,3.903651475906372
pixel_spectral_max,esp_017395_1700_red-0049,esp_017395_1700,esp_017395_1700_red-0049_missing_patch_0.5,missing_patch,0.5,1,3.569638967514038,3.903651475906372
pixel_spectral_max,esp_017395_1700_red-0049,esp_017395_1700,esp_017395_1700_red-0049_local_blur_0.15,local_blur,0.15,1,2.1332974433898926,3.903651475906372
pixel_spectral_max,esp_017395_1700_red-0049,esp_017395_1700,esp_017395_1700_red-0049_local_blur_0.3,local_blur,0.3,1,2.133044719696045,3.903651475906372
pixel_spectral_max,esp_017395_1700_red-0049,esp_017395_1700,esp_017395_1700_red-0049_local_blur_0.5,local_blur,0.5,1,2.0370256900787354,3.903651475906372
pixel_spectral_max,esp_017395_1700_red-0049,esp_017395_1700,esp_017395_1700_red-0049_patch_duplication_0.15,patch_duplication,0.15,1,2.234691619873047,3.903651475906372
pixel_spectral_max,esp_017395_1700_red-0049,esp_017395_1700,esp_017395_1700_red-0049_patch_duplication_0.3,patch_duplication,0.3,1,2.3499250411987305,3.903651475906372
pixel_spectral_max,esp_017395_1700_red-0049,esp_017395_1700,esp_017395_1700_red-0049_patch_duplication_0.5,patch_duplication,0.5,1,2.0610246658325195,3.903651475906372
pixel_spectral_max,esp_017395_1700_red-0049,esp_017395_1700,esp_017395_1700_red-0049_foreign_content_0.15,foreign_content,0.15,1,2.125847101211548,3.903651475906372
pixel_spectral_max,esp_017395_1700_red-0049,esp_017395_1700,esp_017395_1700_red-0049_foreign_content_0.3,foreign_content,0.3,1,2.2112879753112793,3.903651475906372
pixel_spectral_max,esp_017395_1700_red-0049,esp_017395_1700,esp_017395_1700_red-0049_foreign_content_0.5,foreign_content,0.5,1,2.1932668685913086,3.903651475906372
pixel_spectral_max,esp_012588_0930_red-0008,esp_012588_0930,esp_012588_0930_red-0008_clean,clean,0.0,0,0.007915418595075607,3.903651475906372
pixel_spectral_max,esp_012588_0930_red-0008,esp_012588_0930,esp_012588_0930_red-0008_stripes_0.15,stripes,0.15,1,-0.007450437173247337,3.903651475906372
pixel_spectral_max,esp_012588_0930_red-0008,esp_012588_0930,esp_012588_0930_red-0008_stripes_0.3,stripes,0.3,1,2.412313222885132,3.903651475906372
pixel_spectral_max,esp_012588_0930_red-0008,esp_012588_0930,esp_012588_0930_red-0008_stripes_0.5,stripes,0.5,1,6.151879787445068,3.903651475906372
pixel_spectral_max,esp_012588_0930_red-0008,esp_012588_0930,esp_012588_0930_red-0008_dead_pixels_0.15,dead_pixels,0.15,1,0.9568073749542236,3.903651475906372
pixel_spectral_max,esp_012588_0930_red-0008,esp_012588_0930,esp_012588_0930_red-0008_dead_pixels_0.3,dead_pixels,0.3,1,1.2259056568145752,3.903651475906372
pixel_spectral_max,esp_012588_0930_red-0008,esp_012588_0930,esp_012588_0930_red-0008_dead_pixels_0.5,dead_pixels,0.5,1,1.1972806453704834,3.903651475906372
pixel_spectral_max,esp_012588_0930_red-0008,esp_012588_0930,esp_012588_0930_red-0008_missing_patch_0.15,missing_patch,0.15,1,1.0652480125427246,3.903651475906372
pixel_spectral_max,esp_012588_0930_red-0008,esp_012588_0930,esp_012588_0930_red-0008_missing_patch_0.3,missing_patch,0.3,1,1.105857014656067,3.903651475906372
pixel_spectral_max,esp_012588_0930_red-0008,esp_012588_0930,esp_012588_0930_red-0008_missing_patch_0.5,missing_patch,0.5,1,1.696800708770752,3.903651475906372
pixel_spectral_max,esp_012588_0930_red-0008,esp_012588_0930,esp_012588_0930_red-0008_local_blur_0.15,local_blur,0.15,1,-0.04264060780405998,3.903651475906372
pixel_spectral_max,esp_012588_0930_red-0008,esp_012588_0930,esp_012588_0930_red-0008_local_blur_0.3,local_blur,0.3,1,-0.18234911561012268,3.903651475906372
pixel_spectral_max,esp_012588_0930_red-0008,esp_012588_0930,esp_012588_0930_red-0008_local_blur_0.5,local_blur,0.5,1,-0.3007182478904724,3.903651475906372
pixel_spectral_max,esp_012588_0930_red-0008,esp_012588_0930,esp_012588_0930_red-0008_patch_duplication_0.15,patch_duplication,0.15,1,0.008069518022239208,3.903651475906372
pixel_spectral_max,esp_012588_0930_red-0008,esp_012588_0930,esp_012588_0930_red-0008_patch_duplication_0.3,patch_duplication,0.3,1,0.006784857250750065,3.903651475906372
pixel_spectral_max,esp_012588_0930_red-0008,esp_012588_0930,esp_012588_0930_red-0008_patch_duplication_0.5,patch_duplication,0.5,1,-0.004025071859359741,3.903651475906372
pixel_spectral_max,esp_012588_0930_red-0008,esp_012588_0930,esp_012588_0930_red-0008_foreign_content_0.15,foreign_content,0.15,1,0.012580138631165028,3.903651475906372
pixel_spectral_max,esp_012588_0930_red-0008,esp_012588_0930,esp_012588_0930_red-0008_foreign_content_0.3,foreign_content,0.3,1,0.09358888864517212,3.903651475906372
pixel_spectral_max,esp_012588_0930_red-0008,esp_012588_0930,esp_012588_0930_red-0008_foreign_content_0.5,foreign_content,0.5,1,1.0773073434829712,3.903651475906372
pixel_spectral_max,esp_049651_1050_red-0030,esp_049651_1050,esp_049651_1050_red-0030_clean,clean,0.0,0,0.19572687149047852,3.903651475906372
pixel_spectral_max,esp_049651_1050_red-0030,esp_049651_1050,esp_049651_1050_red-0030_stripes_0.15,stripes,0.15,1,0.34700897336006165,3.903651475906372
pixel_spectral_max,esp_049651_1050_red-0030,esp_049651_1050,esp_049651_1050_red-0030_stripes_0.3,stripes,0.3,1,2.597707986831665,3.903651475906372
pixel_spectral_max,esp_049651_1050_red-0030,esp_049651_1050,esp_049651_1050_red-0030_stripes_0.5,stripes,0.5,1,6.236200332641602,3.903651475906372
pixel_spectral_max,esp_049651_1050_red-0030,esp_049651_1050,esp_049651_1050_red-0030_dead_pixels_0.15,dead_pixels,0.15,1,0.731229841709137,3.903651475906372
pixel_spectral_max,esp_049651_1050_red-0030,esp_049651_1050,esp_049651_1050_red-0030_dead_pixels_0.3,dead_pixels,0.3,1,1.0192598104476929,3.903651475906372
pixel_spectral_max,esp_049651_1050_red-0030,esp_049651_1050,esp_049651_1050_red-0030_dead_pixels_0.5,dead_pixels,0.5,1,1.5669071674346924,3.903651475906372
pixel_spectral_max,esp_049651_1050_red-0030,esp_049651_1050,esp_049651_1050_red-0030_missing_patch_0.15,missing_patch,0.15,1,0.5644093751907349,3.903651475906372
pixel_spectral_max,esp_049651_1050_red-0030,esp_049651_1050,esp_049651_1050_red-0030_missing_patch_0.3,missing_patch,0.3,1,0.760482668876648,3.903651475906372
pixel_spectral_max,esp_049651_1050_red-0030,esp_049651_1050,esp_049651_1050_red-0030_missing_patch_0.5,missing_patch,0.5,1,1.0349459648132324,3.903651475906372
pixel_spectral_max,esp_049651_1050_red-0030,esp_049651_1050,esp_049651_1050_red-0030_local_blur_0.15,local_blur,0.15,1,0.19600437581539154,3.903651475906372
pixel_spectral_max,esp_049651_1050_red-0030,esp_049651_1050,esp_049651_1050_red-0030_local_blur_0.3,local_blur,0.3,1,0.1951700896024704,3.903651475906372
pixel_spectral_max,esp_049651_1050_red-0030,esp_049651_1050,esp_049651_1050_red-0030_local_blur_0.5,local_blur,0.5,1,0.19533194601535797,3.903651475906372
pixel_spectral_max,esp_049651_1050_red-0030,esp_049651_1050,esp_049651_1050_red-0030_patch_duplication_0.15,patch_duplication,0.15,1,0.1875208467245102,3.903651475906372
pixel_spectral_max,esp_049651_1050_red-0030,esp_049651_1050,esp_049651_1050_red-0030_patch_duplication_0.3,patch_duplication,0.3,1,0.18231603503227234,3.903651475906372
pixel_spectral_max,esp_049651_1050_red-0030,esp_049651_1050,esp_049651_1050_red-0030_patch_duplication_0.5,patch_duplication,0.5,1,0.21031567454338074,3.903651475906372
pixel_spectral_max,esp_049651_1050_red-0030,esp_049651_1050,esp_049651_1050_red-0030_foreign_content_0.15,foreign_content,0.15,1,0.18559087812900543,3.903651475906372
pixel_spectral_max,esp_049651_1050_red-0030,esp_049651_1050,esp_049651_1050_red-0030_foreign_content_0.3,foreign_content,0.3,1,0.16872961819171906,3.903651475906372
pixel_spectral_max,esp_049651_1050_red-0030,esp_049651_1050,esp_049651_1050_red-0030_foreign_content_0.5,foreign_content,0.5,1,0.30201900005340576,3.903651475906372
complete_three_mean,esp_020133_1720_red-0022,esp_020133_1720,esp_020133_1720_red-0022_clean,clean,0.0,0,0.13468687236309052,2.1704964637756348
complete_three_mean,esp_020133_1720_red-0022,esp_020133_1720,esp_020133_1720_red-0022_stripes_0.15,stripes,0.15,1,0.015416215173900127,2.1704964637756348
complete_three_mean,esp_020133_1720_red-0022,esp_020133_1720,esp_020133_1720_red-0022_stripes_0.3,stripes,0.3,1,0.5662902593612671,2.1704964637756348
complete_three_mean,esp_020133_1720_red-0022,esp_020133_1720,esp_020133_1720_red-0022_stripes_0.5,stripes,0.5,1,1.7042983770370483,2.1704964637756348
complete_three_mean,esp_020133_1720_red-0022,esp_020133_1720,esp_020133_1720_red-0022_dead_pixels_0.15,dead_pixels,0.15,1,0.4057740271091461,2.1704964637756348
complete_three_mean,esp_020133_1720_red-0022,esp_020133_1720,esp_020133_1720_red-0022_dead_pixels_0.3,dead_pixels,0.3,1,0.5341066718101501,2.1704964637756348
complete_three_mean,esp_020133_1720_red-0022,esp_020133_1720,esp_020133_1720_red-0022_dead_pixels_0.5,dead_pixels,0.5,1,0.5822805762290955,2.1704964637756348
complete_three_mean,esp_020133_1720_red-0022,esp_020133_1720,esp_020133_1720_red-0022_missing_patch_0.15,missing_patch,0.15,1,0.40253832936286926,2.1704964637756348
complete_three_mean,esp_020133_1720_red-0022,esp_020133_1720,esp_020133_1720_red-0022_missing_patch_0.3,missing_patch,0.3,1,0.7684420943260193,2.1704964637756348
complete_three_mean,esp_020133_1720_red-0022,esp_020133_1720,esp_020133_1720_red-0022_missing_patch_0.5,missing_patch,0.5,1,1.7373582124710083,2.1704964637756348
complete_three_mean,esp_020133_1720_red-0022,esp_020133_1720,esp_020133_1720_red-0022_local_blur_0.15,local_blur,0.15,1,0.2304471731185913,2.1704964637756348
complete_three_mean,esp_020133_1720_red-0022,esp_020133_1720,esp_020133_1720_red-0022_local_blur_0.3,local_blur,0.3,1,0.2613813579082489,2.1704964637756348
complete_three_mean,esp_020133_1720_red-0022,esp_020133_1720,esp_020133_1720_red-0022_local_blur_0.5,local_blur,0.5,1,0.23203587532043457,2.1704964637756348
complete_three_mean,esp_020133_1720_red-0022,esp_020133_1720,esp_020133_1720_red-0022_patch_duplication_0.15,patch_duplication,0.15,1,0.05692204460501671,2.1704964637756348
complete_three_mean,esp_020133_1720_red-0022,esp_020133_1720,esp_020133_1720_red-0022_patch_duplication_0.3,patch_duplication,0.3,1,0.07564830034971237,2.1704964637756348
complete_three_mean,esp_020133_1720_red-0022,esp_020133_1720,esp_020133_1720_red-0022_patch_duplication_0.5,patch_duplication,0.5,1,0.08812562376260757,2.1704964637756348
complete_three_mean,esp_020133_1720_red-0022,esp_020133_1720,esp_020133_1720_red-0022_foreign_content_0.15,foreign_content,0.15,1,0.1436806172132492,2.1704964637756348
complete_three_mean,esp_020133_1720_red-0022,esp_020133_1720,esp_020133_1720_red-0022_foreign_content_0.3,foreign_content,0.3,1,0.17756260931491852,2.1704964637756348
complete_three_mean,esp_020133_1720_red-0022,esp_020133_1720,esp_020133_1720_red-0022_foreign_content_0.5,foreign_content,0.5,1,0.5166016221046448,2.1704964637756348
complete_three_mean,psp_006766_1850_red-0037,psp_006766_1850,psp_006766_1850_red-0037_clean,clean,0.0,0,2.0315988063812256,2.1704964637756348
complete_three_mean,psp_006766_1850_red-0037,psp_006766_1850,psp_006766_1850_red-0037_stripes_0.15,stripes,0.15,1,1.8193124532699585,2.1704964637756348
complete_three_mean,psp_006766_1850_red-0037,psp_006766_1850,psp_006766_1850_red-0037_stripes_0.3,stripes,0.3,1,1.5238083600997925,2.1704964637756348
complete_three_mean,psp_006766_1850_red-0037,psp_006766_1850,psp_006766_1850_red-0037_stripes_0.5,stripes,0.5,1,1.8490720987319946,2.1704964637756348
complete_three_mean,psp_006766_1850_red-0037,psp_006766_1850,psp_006766_1850_red-0037_dead_pixels_0.15,dead_pixels,0.15,1,2.1408274173736572,2.1704964637756348
complete_three_mean,psp_006766_1850_red-0037,psp_006766_1850,psp_006766_1850_red-0037_dead_pixels_0.3,dead_pixels,0.3,1,2.135162830352783,2.1704964637756348
complete_three_mean,psp_006766_1850_red-0037,psp_006766_1850,psp_006766_1850_red-0037_dead_pixels_0.5,dead_pixels,0.5,1,2.29945969581604,2.1704964637756348
complete_three_mean,psp_006766_1850_red-0037,psp_006766_1850,psp_006766_1850_red-0037_missing_patch_0.15,missing_patch,0.15,1,2.0185766220092773,2.1704964637756348
complete_three_mean,psp_006766_1850_red-0037,psp_006766_1850,psp_006766_1850_red-0037_missing_patch_0.3,missing_patch,0.3,1,2.1351404190063477,2.1704964637756348
complete_three_mean,psp_006766_1850_red-0037,psp_006766_1850,psp_006766_1850_red-0037_missing_patch_0.5,missing_patch,0.5,1,2.2335915565490723,2.1704964637756348
complete_three_mean,psp_006766_1850_red-0037,psp_006766_1850,psp_006766_1850_red-0037_local_blur_0.15,local_blur,0.15,1,2.0224573612213135,2.1704964637756348
complete_three_mean,psp_006766_1850_red-0037,psp_006766_1850,psp_006766_1850_red-0037_local_blur_0.3,local_blur,0.3,1,2.017326593399048,2.1704964637756348
complete_three_mean,psp_006766_1850_red-0037,psp_006766_1850,psp_006766_1850_red-0037_local_blur_0.5,local_blur,0.5,1,2.0222957134246826,2.1704964637756348
complete_three_mean,psp_006766_1850_red-0037,psp_006766_1850,psp_006766_1850_red-0037_patch_duplication_0.15,patch_duplication,0.15,1,1.8590202331542969,2.1704964637756348
complete_three_mean,psp_006766_1850_red-0037,psp_006766_1850,psp_006766_1850_red-0037_patch_duplication_0.3,patch_duplication,0.3,1,1.6399120092391968,2.1704964637756348
complete_three_mean,psp_006766_1850_red-0037,psp_006766_1850,psp_006766_1850_red-0037_patch_duplication_0.5,patch_duplication,0.5,1,1.7169398069381714,2.1704964637756348
complete_three_mean,psp_006766_1850_red-0037,psp_006766_1850,psp_006766_1850_red-0037_foreign_content_0.15,foreign_content,0.15,1,2.0282318592071533,2.1704964637756348
complete_three_mean,psp_006766_1850_red-0037,psp_006766_1850,psp_006766_1850_red-0037_foreign_content_0.3,foreign_content,0.3,1,2.0756723880767822,2.1704964637756348
complete_three_mean,psp_006766_1850_red-0037,psp_006766_1850,psp_006766_1850_red-0037_foreign_content_0.5,foreign_content,0.5,1,2.2108309268951416,2.1704964637756348
complete_three_mean,esp_019559_1390_red-0576,esp_019559_1390,esp_019559_1390_red-0576_clean,clean,0.0,0,-0.36275386810302734,2.1704964637756348
complete_three_mean,esp_019559_1390_red-0576,esp_019559_1390,esp_019559_1390_red-0576_stripes_0.15,stripes,0.15,1,-0.4463571608066559,2.1704964637756348
complete_three_mean,esp_019559_1390_red-0576,esp_019559_1390,esp_019559_1390_red-0576_stripes_0.3,stripes,0.3,1,0.48383450508117676,2.1704964637756348
complete_three_mean,esp_019559_1390_red-0576,esp_019559_1390,esp_019559_1390_red-0576_stripes_0.5,stripes,0.5,1,1.6229578256607056,2.1704964637756348
complete_three_mean,esp_019559_1390_red-0576,esp_019559_1390,esp_019559_1390_red-0576_dead_pixels_0.15,dead_pixels,0.15,1,-0.07288304716348648,2.1704964637756348
complete_three_mean,esp_019559_1390_red-0576,esp_019559_1390,esp_019559_1390_red-0576_dead_pixels_0.3,dead_pixels,0.3,1,0.07216747850179672,2.1704964637756348
complete_three_mean,esp_019559_1390_red-0576,esp_019559_1390,esp_019559_1390_red-0576_dead_pixels_0.5,dead_pixels,0.5,1,0.1501539796590805,2.1704964637756348
complete_three_mean,esp_019559_1390_red-0576,esp_019559_1390,esp_019559_1390_red-0576_missing_patch_0.15,missing_patch,0.15,1,0.25847336649894714,2.1704964637756348
complete_three_mean,esp_019559_1390_red-0576,esp_019559_1390,esp_019559_1390_red-0576_missing_patch_0.3,missing_patch,0.3,1,0.9497268795967102,2.1704964637756348
complete_three_mean,esp_019559_1390_red-0576,esp_019559_1390,esp_019559_1390_red-0576_missing_patch_0.5,missing_patch,0.5,1,0.7608134150505066,2.1704964637756348
complete_three_mean,esp_019559_1390_red-0576,esp_019559_1390,esp_019559_1390_red-0576_local_blur_0.15,local_blur,0.15,1,-0.3572421371936798,2.1704964637756348
complete_three_mean,esp_019559_1390_red-0576,esp_019559_1390,esp_019559_1390_red-0576_local_blur_0.3,local_blur,0.3,1,-0.3173922896385193,2.1704964637756348
complete_three_mean,esp_019559_1390_red-0576,esp_019559_1390,esp_019559_1390_red-0576_local_blur_0.5,local_blur,0.5,1,-0.2056540846824646,2.1704964637756348
complete_three_mean,esp_019559_1390_red-0576,esp_019559_1390,esp_019559_1390_red-0576_patch_duplication_0.15,patch_duplication,0.15,1,-0.41902613639831543,2.1704964637756348
complete_three_mean,esp_019559_1390_red-0576,esp_019559_1390,esp_019559_1390_red-0576_patch_duplication_0.3,patch_duplication,0.3,1,-0.5221131443977356,2.1704964637756348
complete_three_mean,esp_019559_1390_red-0576,esp_019559_1390,esp_019559_1390_red-0576_patch_duplication_0.5,patch_duplication,0.5,1,-0.6303096413612366,2.1704964637756348
complete_three_mean,esp_019559_1390_red-0576,esp_019559_1390,esp_019559_1390_red-0576_foreign_content_0.15,foreign_content,0.15,1,-0.3589647710323334,2.1704964637756348
complete_three_mean,esp_019559_1390_red-0576,esp_019559_1390,esp_019559_1390_red-0576_foreign_content_0.3,foreign_content,0.3,1,-0.27065110206604004,2.1704964637756348
complete_three_mean,esp_019559_1390_red-0576,esp_019559_1390,esp_019559_1390_red-0576_foreign_content_0.5,foreign_content,0.5,1,0.16697947680950165,2.1704964637756348
complete_three_mean,esp_016781_2055_red-0188,esp_016781_2055,esp_016781_2055_red-0188_clean,clean,0.0,0,2.0193192958831787,2.1704964637756348
complete_three_mean,esp_016781_2055_red-0188,esp_016781_2055,esp_016781_2055_red-0188_stripes_0.15,stripes,0.15,1,1.7001996040344238,2.1704964637756348
complete_three_mean,esp_016781_2055_red-0188,esp_016781_2055,esp_016781_2055_red-0188_stripes_0.3,stripes,0.3,1,1.3846746683120728,2.1704964637756348
complete_three_mean,esp_016781_2055_red-0188,esp_016781_2055,esp_016781_2055_red-0188_stripes_0.5,stripes,0.5,1,1.7055808305740356,2.1704964637756348
complete_three_mean,esp_016781_2055_red-0188,esp_016781_2055,esp_016781_2055_red-0188_dead_pixels_0.15,dead_pixels,0.15,1,2.2403695583343506,2.1704964637756348
complete_three_mean,esp_016781_2055_red-0188,esp_016781_2055,esp_016781_2055_red-0188_dead_pixels_0.3,dead_pixels,0.3,1,2.349994421005249,2.1704964637756348
complete_three_mean,esp_016781_2055_red-0188,esp_016781_2055,esp_016781_2055_red-0188_dead_pixels_0.5,dead_pixels,0.5,1,2.49975323677063,2.1704964637756348
complete_three_mean,esp_016781_2055_red-0188,esp_016781_2055,esp_016781_2055_red-0188_missing_patch_0.15,missing_patch,0.15,1,2.0462353229522705,2.1704964637756348
complete_three_mean,esp_016781_2055_red-0188,esp_016781_2055,esp_016781_2055_red-0188_missing_patch_0.3,missing_patch,0.3,1,2.179466962814331,2.1704964637756348
complete_three_mean,esp_016781_2055_red-0188,esp_016781_2055,esp_016781_2055_red-0188_missing_patch_0.5,missing_patch,0.5,1,2.492265224456787,2.1704964637756348
complete_three_mean,esp_016781_2055_red-0188,esp_016781_2055,esp_016781_2055_red-0188_local_blur_0.15,local_blur,0.15,1,2.020554304122925,2.1704964637756348
complete_three_mean,esp_016781_2055_red-0188,esp_016781_2055,esp_016781_2055_red-0188_local_blur_0.3,local_blur,0.3,1,2.0199804306030273,2.1704964637756348
complete_three_mean,esp_016781_2055_red-0188,esp_016781_2055,esp_016781_2055_red-0188_local_blur_0.5,local_blur,0.5,1,2.0137884616851807,2.1704964637756348
complete_three_mean,esp_016781_2055_red-0188,esp_016781_2055,esp_016781_2055_red-0188_patch_duplication_0.15,patch_duplication,0.15,1,1.9048542976379395,2.1704964637756348
complete_three_mean,esp_016781_2055_red-0188,esp_016781_2055,esp_016781_2055_red-0188_patch_duplication_0.3,patch_duplication,0.3,1,1.7880586385726929,2.1704964637756348
complete_three_mean,esp_016781_2055_red-0188,esp_016781_2055,esp_016781_2055_red-0188_patch_duplication_0.5,patch_duplication,0.5,1,1.7319263219833374,2.1704964637756348
complete_three_mean,esp_016781_2055_red-0188,esp_016781_2055,esp_016781_2055_red-0188_foreign_content_0.15,foreign_content,0.15,1,2.0013885498046875,2.1704964637756348
complete_three_mean,esp_016781_2055_red-0188,esp_016781_2055,esp_016781_2055_red-0188_foreign_content_0.3,foreign_content,0.3,1,2.0774013996124268,2.1704964637756348
complete_three_mean,esp_016781_2055_red-0188,esp_016781_2055,esp_016781_2055_red-0188_foreign_content_0.5,foreign_content,0.5,1,2.454263925552368,2.1704964637756348
complete_three_mean,esp_016613_2570_red-0034,esp_016613_2570,esp_016613_2570_red-0034_clean,clean,0.0,0,2.4138853549957275,2.1704964637756348
complete_three_mean,esp_016613_2570_red-0034,esp_016613_2570,esp_016613_2570_red-0034_stripes_0.15,stripes,0.15,1,2.3390634059906006,2.1704964637756348
complete_three_mean,esp_016613_2570_red-0034,esp_016613_2570,esp_016613_2570_red-0034_stripes_0.3,stripes,0.3,1,2.2281477451324463,2.1704964637756348
complete_three_mean,esp_016613_2570_red-0034,esp_016613_2570,esp_016613_2570_red-0034_stripes_0.5,stripes,0.5,1,2.7614285945892334,2.1704964637756348
complete_three_mean,esp_016613_2570_red-0034,esp_016613_2570,esp_016613_2570_red-0034_dead_pixels_0.15,dead_pixels,0.15,1,2.4944450855255127,2.1704964637756348
complete_three_mean,esp_016613_2570_red-0034,esp_016613_2570,esp_016613_2570_red-0034_dead_pixels_0.3,dead_pixels,0.3,1,2.5674450397491455,2.1704964637756348
complete_three_mean,esp_016613_2570_red-0034,esp_016613_2570,esp_016613_2570_red-0034_dead_pixels_0.5,dead_pixels,0.5,1,2.585427761077881,2.1704964637756348
complete_three_mean,esp_016613_2570_red-0034,esp_016613_2570,esp_016613_2570_red-0034_missing_patch_0.15,missing_patch,0.15,1,2.213216543197632,2.1704964637756348
complete_three_mean,esp_016613_2570_red-0034,esp_016613_2570,esp_016613_2570_red-0034_missing_patch_0.3,missing_patch,0.3,1,2.201328992843628,2.1704964637756348
complete_three_mean,esp_016613_2570_red-0034,esp_016613_2570,esp_016613_2570_red-0034_missing_patch_0.5,missing_patch,0.5,1,2.9172449111938477,2.1704964637756348
complete_three_mean,esp_016613_2570_red-0034,esp_016613_2570,esp_016613_2570_red-0034_local_blur_0.15,local_blur,0.15,1,2.511939287185669,2.1704964637756348
complete_three_mean,esp_016613_2570_red-0034,esp_016613_2570,esp_016613_2570_red-0034_local_blur_0.3,local_blur,0.3,1,2.5153162479400635,2.1704964637756348
complete_three_mean,esp_016613_2570_red-0034,esp_016613_2570,esp_016613_2570_red-0034_local_blur_0.5,local_blur,0.5,1,2.5558207035064697,2.1704964637756348
complete_three_mean,esp_016613_2570_red-0034,esp_016613_2570,esp_016613_2570_red-0034_patch_duplication_0.15,patch_duplication,0.15,1,2.4212026596069336,2.1704964637756348
complete_three_mean,esp_016613_2570_red-0034,esp_016613_2570,esp_016613_2570_red-0034_patch_duplication_0.3,patch_duplication,0.3,1,2.4245457649230957,2.1704964637756348
complete_three_mean,esp_016613_2570_red-0034,esp_016613_2570,esp_016613_2570_red-0034_patch_duplication_0.5,patch_duplication,0.5,1,2.4345295429229736,2.1704964637756348
complete_three_mean,esp_016613_2570_red-0034,esp_016613_2570,esp_016613_2570_red-0034_foreign_content_0.15,foreign_content,0.15,1,2.412656545639038,2.1704964637756348
complete_three_mean,esp_016613_2570_red-0034,esp_016613_2570,esp_016613_2570_red-0034_foreign_content_0.3,foreign_content,0.3,1,2.478679656982422,2.1704964637756348
complete_three_mean,esp_016613_2570_red-0034,esp_016613_2570,esp_016613_2570_red-0034_foreign_content_0.5,foreign_content,0.5,1,2.4207608699798584,2.1704964637756348
complete_three_mean,esp_017395_1700_red-0007,esp_017395_1700,esp_017395_1700_red-0007_clean,clean,0.0,0,-0.20097339153289795,2.1704964637756348
complete_three_mean,esp_017395_1700_red-0007,esp_017395_1700,esp_017395_1700_red-0007_stripes_0.15,stripes,0.15,1,-0.287935346364975,2.1704964637756348
complete_three_mean,esp_017395_1700_red-0007,esp_017395_1700,esp_017395_1700_red-0007_stripes_0.3,stripes,0.3,1,0.35128429532051086,2.1704964637756348
complete_three_mean,esp_017395_1700_red-0007,esp_017395_1700,esp_017395_1700_red-0007_stripes_0.5,stripes,0.5,1,1.463117003440857,2.1704964637756348
complete_three_mean,esp_017395_1700_red-0007,esp_017395_1700,esp_017395_1700_red-0007_dead_pixels_0.15,dead_pixels,0.15,1,0.3989218473434448,2.1704964637756348
complete_three_mean,esp_017395_1700_red-0007,esp_017395_1700,esp_017395_1700_red-0007_dead_pixels_0.3,dead_pixels,0.3,1,0.6059983372688293,2.1704964637756348
complete_three_mean,esp_017395_1700_red-0007,esp_017395_1700,esp_017395_1700_red-0007_dead_pixels_0.5,dead_pixels,0.5,1,0.7144919037818909,2.1704964637756348
complete_three_mean,esp_017395_1700_red-0007,esp_017395_1700,esp_017395_1700_red-0007_missing_patch_0.15,missing_patch,0.15,1,0.3501027524471283,2.1704964637756348
complete_three_mean,esp_017395_1700_red-0007,esp_017395_1700,esp_017395_1700_red-0007_missing_patch_0.3,missing_patch,0.3,1,0.39901530742645264,2.1704964637756348
complete_three_mean,esp_017395_1700_red-0007,esp_017395_1700,esp_017395_1700_red-0007_missing_patch_0.5,missing_patch,0.5,1,0.20896516740322113,2.1704964637756348
complete_three_mean,esp_017395_1700_red-0007,esp_017395_1700,esp_017395_1700_red-0007_local_blur_0.15,local_blur,0.15,1,-0.20148293673992157,2.1704964637756348
complete_three_mean,esp_017395_1700_red-0007,esp_017395_1700,esp_017395_1700_red-0007_local_blur_0.3,local_blur,0.3,1,-0.20747797191143036,2.1704964637756348
complete_three_mean,esp_017395_1700_red-0007,esp_017395_1700,esp_017395_1700_red-0007_local_blur_0.5,local_blur,0.5,1,-0.2310040146112442,2.1704964637756348
complete_three_mean,esp_017395_1700_red-0007,esp_017395_1700,esp_017395_1700_red-0007_patch_duplication_0.15,patch_duplication,0.15,1,-0.31157588958740234,2.1704964637756348
complete_three_mean,esp_017395_1700_red-0007,esp_017395_1700,esp_017395_1700_red-0007_patch_duplication_0.3,patch_duplication,0.3,1,-0.30101871490478516,2.1704964637756348
complete_three_mean,esp_017395_1700_red-0007,esp_017395_1700,esp_017395_1700_red-0007_patch_duplication_0.5,patch_duplication,0.5,1,-0.2718009650707245,2.1704964637756348
complete_three_mean,esp_017395_1700_red-0007,esp_017395_1700,esp_017395_1700_red-0007_foreign_content_0.15,foreign_content,0.15,1,-0.1748545914888382,2.1704964637756348
complete_three_mean,esp_017395_1700_red-0007,esp_017395_1700,esp_017395_1700_red-0007_foreign_content_0.3,foreign_content,0.3,1,-0.02361508272588253,2.1704964637756348
complete_three_mean,esp_017395_1700_red-0007,esp_017395_1700,esp_017395_1700_red-0007_foreign_content_0.5,foreign_content,0.5,1,0.4580051898956299,2.1704964637756348
complete_three_mean,esp_012057_0950_red-0111,esp_012057_0950,esp_012057_0950_red-0111_clean,clean,0.0,0,-0.45188140869140625,2.1704964637756348
complete_three_mean,esp_012057_0950_red-0111,esp_012057_0950,esp_012057_0950_red-0111_stripes_0.15,stripes,0.15,1,-0.555082380771637,2.1704964637756348
complete_three_mean,esp_012057_0950_red-0111,esp_012057_0950,esp_012057_0950_red-0111_stripes_0.3,stripes,0.3,1,0.3030460774898529,2.1704964637756348
complete_three_mean,esp_012057_0950_red-0111,esp_012057_0950,esp_012057_0950_red-0111_stripes_0.5,stripes,0.5,1,1.515573501586914,2.1704964637756348
complete_three_mean,esp_012057_0950_red-0111,esp_012057_0950,esp_012057_0950_red-0111_dead_pixels_0.15,dead_pixels,0.15,1,0.0995987057685852,2.1704964637756348
complete_three_mean,esp_012057_0950_red-0111,esp_012057_0950,esp_012057_0950_red-0111_dead_pixels_0.3,dead_pixels,0.3,1,0.23708389699459076,2.1704964637756348
complete_three_mean,esp_012057_0950_red-0111,esp_012057_0950,esp_012057_0950_red-0111_dead_pixels_0.5,dead_pixels,0.5,1,0.24606771767139435,2.1704964637756348
complete_three_mean,esp_012057_0950_red-0111,esp_012057_0950,esp_012057_0950_red-0111_missing_patch_0.15,missing_patch,0.15,1,-0.10403869301080704,2.1704964637756348
complete_three_mean,esp_012057_0950_red-0111,esp_012057_0950,esp_012057_0950_red-0111_missing_patch_0.3,missing_patch,0.3,1,0.010430216789245605,2.1704964637756348
complete_three_mean,esp_012057_0950_red-0111,esp_012057_0950,esp_012057_0950_red-0111_missing_patch_0.5,missing_patch,0.5,1,0.7053699493408203,2.1704964637756348
complete_three_mean,esp_012057_0950_red-0111,esp_012057_0950,esp_012057_0950_red-0111_local_blur_0.15,local_blur,0.15,1,-0.45184358954429626,2.1704964637756348
complete_three_mean,esp_012057_0950_red-0111,esp_012057_0950,esp_012057_0950_red-0111_local_blur_0.3,local_blur,0.3,1,-0.45088720321655273,2.1704964637756348
complete_three_mean,esp_012057_0950_red-0111,esp_012057_0950,esp_012057_0950_red-0111_local_blur_0.5,local_blur,0.5,1,-0.44854626059532166,2.1704964637756348
complete_three_mean,esp_012057_0950_red-0111,esp_012057_0950,esp_012057_0950_red-0111_patch_duplication_0.15,patch_duplication,0.15,1,-0.5031409859657288,2.1704964637756348
complete_three_mean,esp_012057_0950_red-0111,esp_012057_0950,esp_012057_0950_red-0111_patch_duplication_0.3,patch_duplication,0.3,1,-0.5510315299034119,2.1704964637756348
complete_three_mean,esp_012057_0950_red-0111,esp_012057_0950,esp_012057_0950_red-0111_patch_duplication_0.5,patch_duplication,0.5,1,-0.6069185733795166,2.1704964637756348
complete_three_mean,esp_012057_0950_red-0111,esp_012057_0950,esp_012057_0950_red-0111_foreign_content_0.15,foreign_content,0.15,1,-0.4149448871612549,2.1704964637756348
complete_three_mean,esp_012057_0950_red-0111,esp_012057_0950,esp_012057_0950_red-0111_foreign_content_0.3,foreign_content,0.3,1,-0.33353376388549805,2.1704964637756348
complete_three_mean,esp_012057_0950_red-0111,esp_012057_0950,esp_012057_0950_red-0111_foreign_content_0.5,foreign_content,0.5,1,0.16639770567417145,2.1704964637756348
complete_three_mean,esp_049651_1050_red-0070,esp_049651_1050,esp_049651_1050_red-0070_clean,clean,0.0,0,-1.1163660287857056,2.1704964637756348
complete_three_mean,esp_049651_1050_red-0070,esp_049651_1050,esp_049651_1050_red-0070_stripes_0.15,stripes,0.15,1,-0.8077554702758789,2.1704964637756348
complete_three_mean,esp_049651_1050_red-0070,esp_049651_1050,esp_049651_1050_red-0070_stripes_0.3,stripes,0.3,1,0.3687898814678192,2.1704964637756348
complete_three_mean,esp_049651_1050_red-0070,esp_049651_1050,esp_049651_1050_red-0070_stripes_0.5,stripes,0.5,1,1.6840295791625977,2.1704964637756348
complete_three_mean,esp_049651_1050_red-0070,esp_049651_1050,esp_049651_1050_red-0070_dead_pixels_0.15,dead_pixels,0.15,1,-0.8503521084785461,2.1704964637756348
complete_three_mean,esp_049651_1050_red-0070,esp_049651_1050,esp_049651_1050_red-0070_dead_pixels_0.3,dead_pixels,0.3,1,-0.724737823009491,2.1704964637756348
complete_three_mean,esp_049651_1050_red-0070,esp_049651_1050,esp_049651_1050_red-0070_dead_pixels_0.5,dead_pixels,0.5,1,-0.6477616429328918,2.1704964637756348
complete_three_mean,esp_049651_1050_red-0070,esp_049651_1050,esp_049651_1050_red-0070_missing_patch_0.15,missing_patch,0.15,1,-0.1061299666762352,2.1704964637756348
complete_three_mean,esp_049651_1050_red-0070,esp_049651_1050,esp_049651_1050_red-0070_missing_patch_0.3,missing_patch,0.3,1,0.8633211255073547,2.1704964637756348
complete_three_mean,esp_049651_1050_red-0070,esp_049651_1050,esp_049651_1050_red-0070_missing_patch_0.5,missing_patch,0.5,1,1.856423020362854,2.1704964637756348
complete_three_mean,esp_049651_1050_red-0070,esp_049651_1050,esp_049651_1050_red-0070_local_blur_0.15,local_blur,0.15,1,-0.6343488097190857,2.1704964637756348
complete_three_mean,esp_049651_1050_red-0070,esp_049651_1050,esp_049651_1050_red-0070_local_blur_0.3,local_blur,0.3,1,-0.5527203679084778,2.1704964637756348
complete_three_mean,esp_049651_1050_red-0070,esp_049651_1050,esp_049651_1050_red-0070_local_blur_0.5,local_blur,0.5,1,-0.5263187289237976,2.1704964637756348
complete_three_mean,esp_049651_1050_red-0070,esp_049651_1050,esp_049651_1050_red-0070_patch_duplication_0.15,patch_duplication,0.15,1,-1.141715407371521,2.1704964637756348
complete_three_mean,esp_049651_1050_red-0070,esp_049651_1050,esp_049651_1050_red-0070_patch_duplication_0.3,patch_duplication,0.3,1,-1.128473162651062,2.1704964637756348
complete_three_mean,esp_049651_1050_red-0070,esp_049651_1050,esp_049651_1050_red-0070_patch_duplication_0.5,patch_duplication,0.5,1,-1.0961451530456543,2.1704964637756348
complete_three_mean,esp_049651_1050_red-0070,esp_049651_1050,esp_049651_1050_red-0070_foreign_content_0.15,foreign_content,0.15,1,-1.0968605279922485,2.1704964637756348
complete_three_mean,esp_049651_1050_red-0070,esp_049651_1050,esp_049651_1050_red-0070_foreign_content_0.3,foreign_content,0.3,1,-1.0071178674697876,2.1704964637756348
complete_three_mean,esp_049651_1050_red-0070,esp_049651_1050,esp_049651_1050_red-0070_foreign_content_0.5,foreign_content,0.5,1,-0.48698198795318604,2.1704964637756348
complete_three_mean,psp_006766_1850_red-0101,psp_006766_1850,psp_006766_1850_red-0101_clean,clean,0.0,0,-0.7633715271949768,2.1704964637756348
complete_three_mean,psp_006766_1850_red-0101,psp_006766_1850,psp_006766_1850_red-0101_stripes_0.15,stripes,0.15,1,-0.8140482306480408,2.1704964637756348
complete_three_mean,psp_006766_1850_red-0101,psp_006766_1850,psp_006766_1850_red-0101_stripes_0.3,stripes,0.3,1,0.34989574551582336,2.1704964637756348
complete_three_mean,psp_006766_1850_red-0101,psp_006766_1850,psp_006766_1850_red-0101_stripes_0.5,stripes,0.5,1,1.5289525985717773,2.1704964637756348
complete_three_mean,psp_006766_1850_red-0101,psp_006766_1850,psp_006766_1850_red-0101_dead_pixels_0.15,dead_pixels,0.15,1,-0.35552355647087097,2.1704964637756348
complete_three_mean,psp_006766_1850_red-0101,psp_006766_1850,psp_006766_1850_red-0101_dead_pixels_0.3,dead_pixels,0.3,1,-0.09907271713018417,2.1704964637756348
complete_three_mean,psp_006766_1850_red-0101,psp_006766_1850,psp_006766_1850_red-0101_dead_pixels_0.5,dead_pixels,0.5,1,0.002001464366912842,2.1704964637756348
complete_three_mean,psp_006766_1850_red-0101,psp_006766_1850,psp_006766_1850_red-0101_missing_patch_0.15,missing_patch,0.15,1,-0.5631431937217712,2.1704964637756348
complete_three_mean,psp_006766_1850_red-0101,psp_006766_1850,psp_006766_1850_red-0101_missing_patch_0.3,missing_patch,0.3,1,-0.011385858058929443,2.1704964637756348
complete_three_mean,psp_006766_1850_red-0101,psp_006766_1850,psp_006766_1850_red-0101_missing_patch_0.5,missing_patch,0.5,1,0.6198754906654358,2.1704964637756348
complete_three_mean,psp_006766_1850_red-0101,psp_006766_1850,psp_006766_1850_red-0101_local_blur_0.15,local_blur,0.15,1,-0.5605010390281677,2.1704964637756348
complete_three_mean,psp_006766_1850_red-0101,psp_006766_1850,psp_006766_1850_red-0101_local_blur_0.3,local_blur,0.3,1,-0.5572037100791931,2.1704964637756348
complete_three_mean,psp_006766_1850_red-0101,psp_006766_1850,psp_006766_1850_red-0101_local_blur_0.5,local_blur,0.5,1,-0.5469513535499573,2.1704964637756348
complete_three_mean,psp_006766_1850_red-0101,psp_006766_1850,psp_006766_1850_red-0101_patch_duplication_0.15,patch_duplication,0.15,1,-0.787372887134552,2.1704964637756348
complete_three_mean,psp_006766_1850_red-0101,psp_006766_1850,psp_006766_1850_red-0101_patch_duplication_0.3,patch_duplication,0.3,1,-0.7952386736869812,2.1704964637756348
complete_three_mean,psp_006766_1850_red-0101,psp_006766_1850,psp_006766_1850_red-0101_patch_duplication_0.5,patch_duplication,0.5,1,-0.8550518155097961,2.1704964637756348
complete_three_mean,psp_006766_1850_red-0101,psp_006766_1850,psp_006766_1850_red-0101_foreign_content_0.15,foreign_content,0.15,1,-0.7216694951057434,2.1704964637756348
complete_three_mean,psp_006766_1850_red-0101,psp_006766_1850,psp_006766_1850_red-0101_foreign_content_0.3,foreign_content,0.3,1,-0.6095280647277832,2.1704964637756348
complete_three_mean,psp_006766_1850_red-0101,psp_006766_1850,psp_006766_1850_red-0101_foreign_content_0.5,foreign_content,0.5,1,-0.49826061725616455,2.1704964637756348
complete_three_mean,esp_016148_2040_red-0097,esp_016148_2040,esp_016148_2040_red-0097_clean,clean,0.0,0,0.25948214530944824,2.1704964637756348
complete_three_mean,esp_016148_2040_red-0097,esp_016148_2040,esp_016148_2040_red-0097_stripes_0.15,stripes,0.15,1,0.17052702605724335,2.1704964637756348
complete_three_mean,esp_016148_2040_red-0097,esp_016148_2040,esp_016148_2040_red-0097_stripes_0.3,stripes,0.3,1,0.7641985416412354,2.1704964637756348
complete_three_mean,esp_016148_2040_red-0097,esp_016148_2040,esp_016148_2040_red-0097_stripes_0.5,stripes,0.5,1,1.8882654905319214,2.1704964637756348
complete_three_mean,esp_016148_2040_red-0097,esp_016148_2040,esp_016148_2040_red-0097_dead_pixels_0.15,dead_pixels,0.15,1,0.5994223952293396,2.1704964637756348
complete_three_mean,esp_016148_2040_red-0097,esp_016148_2040,esp_016148_2040_red-0097_dead_pixels_0.3,dead_pixels,0.3,1,0.737673282623291,2.1704964637756348
complete_three_mean,esp_016148_2040_red-0097,esp_016148_2040,esp_016148_2040_red-0097_dead_pixels_0.5,dead_pixels,0.5,1,0.8526611328125,2.1704964637756348
complete_three_mean,esp_016148_2040_red-0097,esp_016148_2040,esp_016148_2040_red-0097_missing_patch_0.15,missing_patch,0.15,1,1.009073257446289,2.1704964637756348
complete_three_mean,esp_016148_2040_red-0097,esp_016148_2040,esp_016148_2040_red-0097_missing_patch_0.3,missing_patch,0.3,1,1.0191006660461426,2.1704964637756348
complete_three_mean,esp_016148_2040_red-0097,esp_016148_2040,esp_016148_2040_red-0097_missing_patch_0.5,missing_patch,0.5,1,1.464016318321228,2.1704964637756348
complete_three_mean,esp_016148_2040_red-0097,esp_016148_2040,esp_016148_2040_red-0097_local_blur_0.15,local_blur,0.15,1,0.3403739929199219,2.1704964637756348
complete_three_mean,esp_016148_2040_red-0097,esp_016148_2040,esp_016148_2040_red-0097_local_blur_0.3,local_blur,0.3,1,0.3390369713306427,2.1704964637756348
complete_three_mean,esp_016148_2040_red-0097,esp_016148_2040,esp_016148_2040_red-0097_local_blur_0.5,local_blur,0.5,1,0.3505120575428009,2.1704964637756348
complete_three_mean,esp_016148_2040_red-0097,esp_016148_2040,esp_016148_2040_red-0097_patch_duplication_0.15,patch_duplication,0.15,1,0.22524745762348175,2.1704964637756348
complete_three_mean,esp_016148_2040_red-0097,esp_016148_2040,esp_016148_2040_red-0097_patch_duplication_0.3,patch_duplication,0.3,1,0.22018885612487793,2.1704964637756348
complete_three_mean,esp_016148_2040_red-0097,esp_016148_2040,esp_016148_2040_red-0097_patch_duplication_0.5,patch_duplication,0.5,1,0.22089511156082153,2.1704964637756348
complete_three_mean,esp_016148_2040_red-0097,esp_016148_2040,esp_016148_2040_red-0097_foreign_content_0.15,foreign_content,0.15,1,0.255821168422699,2.1704964637756348
complete_three_mean,esp_016148_2040_red-0097,esp_016148_2040,esp_016148_2040_red-0097_foreign_content_0.3,foreign_content,0.3,1,0.36333802342414856,2.1704964637756348
complete_three_mean,esp_016148_2040_red-0097,esp_016148_2040,esp_016148_2040_red-0097_foreign_content_0.5,foreign_content,0.5,1,0.5444712042808533,2.1704964637756348
complete_three_mean,esp_011716_0940_red-0008,esp_011716_0940,esp_011716_0940_red-0008_clean,clean,0.0,0,-0.1566591113805771,2.1704964637756348
complete_three_mean,esp_011716_0940_red-0008,esp_011716_0940,esp_011716_0940_red-0008_stripes_0.15,stripes,0.15,1,-0.2773836851119995,2.1704964637756348
complete_three_mean,esp_011716_0940_red-0008,esp_011716_0940,esp_011716_0940_red-0008_stripes_0.3,stripes,0.3,1,0.41912636160850525,2.1704964637756348
complete_three_mean,esp_011716_0940_red-0008,esp_011716_0940,esp_011716_0940_red-0008_stripes_0.5,stripes,0.5,1,1.6127859354019165,2.1704964637756348
complete_three_mean,esp_011716_0940_red-0008,esp_011716_0940,esp_011716_0940_red-0008_dead_pixels_0.15,dead_pixels,0.15,1,0.2948402166366577,2.1704964637756348
complete_three_mean,esp_011716_0940_red-0008,esp_011716_0940,esp_011716_0940_red-0008_dead_pixels_0.3,dead_pixels,0.3,1,0.5480615496635437,2.1704964637756348
complete_three_mean,esp_011716_0940_red-0008,esp_011716_0940,esp_011716_0940_red-0008_dead_pixels_0.5,dead_pixels,0.5,1,0.8040835857391357,2.1704964637756348
complete_three_mean,esp_011716_0940_red-0008,esp_011716_0940,esp_011716_0940_red-0008_missing_patch_0.15,missing_patch,0.15,1,-0.15060986578464508,2.1704964637756348
complete_three_mean,esp_011716_0940_red-0008,esp_011716_0940,esp_011716_0940_red-0008_missing_patch_0.3,missing_patch,0.3,1,-0.07001913338899612,2.1704964637756348
complete_three_mean,esp_011716_0940_red-0008,esp_011716_0940,esp_011716_0940_red-0008_missing_patch_0.5,missing_patch,0.5,1,0.4573482573032379,2.1704964637756348
complete_three_mean,esp_011716_0940_red-0008,esp_011716_0940,esp_011716_0940_red-0008_local_blur_0.15,local_blur,0.15,1,-0.10574746876955032,2.1704964637756348
complete_three_mean,esp_011716_0940_red-0008,esp_011716_0940,esp_011716_0940_red-0008_local_blur_0.3,local_blur,0.3,1,-0.09253188222646713,2.1704964637756348
complete_three_mean,esp_011716_0940_red-0008,esp_011716_0940,esp_011716_0940_red-0008_local_blur_0.5,local_blur,0.5,1,-0.08686438947916031,2.1704964637756348
complete_three_mean,esp_011716_0940_red-0008,esp_011716_0940,esp_011716_0940_red-0008_patch_duplication_0.15,patch_duplication,0.15,1,-0.21185775101184845,2.1704964637756348
complete_three_mean,esp_011716_0940_red-0008,esp_011716_0940,esp_011716_0940_red-0008_patch_duplication_0.3,patch_duplication,0.3,1,-0.1902730017900467,2.1704964637756348
complete_three_mean,esp_011716_0940_red-0008,esp_011716_0940,esp_011716_0940_red-0008_patch_duplication_0.5,patch_duplication,0.5,1,-0.17604368925094604,2.1704964637756348
complete_three_mean,esp_011716_0940_red-0008,esp_011716_0940,esp_011716_0940_red-0008_foreign_content_0.15,foreign_content,0.15,1,-0.1341456025838852,2.1704964637756348
complete_three_mean,esp_011716_0940_red-0008,esp_011716_0940,esp_011716_0940_red-0008_foreign_content_0.3,foreign_content,0.3,1,-0.07772047817707062,2.1704964637756348
complete_three_mean,esp_011716_0940_red-0008,esp_011716_0940,esp_011716_0940_red-0008_foreign_content_0.5,foreign_content,0.5,1,0.06297552585601807,2.1704964637756348
complete_three_mean,esp_013141_2105_red-0004,esp_013141_2105,esp_013141_2105_red-0004_clean,clean,0.0,0,-0.30113622546195984,2.1704964637756348
complete_three_mean,esp_013141_2105_red-0004,esp_013141_2105,esp_013141_2105_red-0004_stripes_0.15,stripes,0.15,1,-0.42595091462135315,2.1704964637756348
complete_three_mean,esp_013141_2105_red-0004,esp_013141_2105,esp_013141_2105_red-0004_stripes_0.3,stripes,0.3,1,0.13824550807476044,2.1704964637756348
complete_three_mean,esp_013141_2105_red-0004,esp_013141_2105,esp_013141_2105_red-0004_stripes_0.5,stripes,0.5,1,1.356472373008728,2.1704964637756348
complete_three_mean,esp_013141_2105_red-0004,esp_013141_2105,esp_013141_2105_red-0004_dead_pixels_0.15,dead_pixels,0.15,1,0.31060683727264404,2.1704964637756348
complete_three_mean,esp_013141_2105_red-0004,esp_013141_2105,esp_013141_2105_red-0004_dead_pixels_0.3,dead_pixels,0.3,1,0.504645049571991,2.1704964637756348
complete_three_mean,esp_013141_2105_red-0004,esp_013141_2105,esp_013141_2105_red-0004_dead_pixels_0.5,dead_pixels,0.5,1,0.5854473114013672,2.1704964637756348
complete_three_mean,esp_013141_2105_red-0004,esp_013141_2105,esp_013141_2105_red-0004_missing_patch_0.15,missing_patch,0.15,1,0.11473856121301651,2.1704964637756348
complete_three_mean,esp_013141_2105_red-0004,esp_013141_2105,esp_013141_2105_red-0004_missing_patch_0.3,missing_patch,0.3,1,0.25113987922668457,2.1704964637756348
complete_three_mean,esp_013141_2105_red-0004,esp_013141_2105,esp_013141_2105_red-0004_missing_patch_0.5,missing_patch,0.5,1,0.9157306551933289,2.1704964637756348
complete_three_mean,esp_013141_2105_red-0004,esp_013141_2105,esp_013141_2105_red-0004_local_blur_0.15,local_blur,0.15,1,-0.30008766055107117,2.1704964637756348
complete_three_mean,esp_013141_2105_red-0004,esp_013141_2105,esp_013141_2105_red-0004_local_blur_0.3,local_blur,0.3,1,-0.2999231517314911,2.1704964637756348
complete_three_mean,esp_013141_2105_red-0004,esp_013141_2105,esp_013141_2105_red-0004_local_blur_0.5,local_blur,0.5,1,-0.3014198839664459,2.1704964637756348
complete_three_mean,esp_013141_2105_red-0004,esp_013141_2105,esp_013141_2105_red-0004_patch_duplication_0.15,patch_duplication,0.15,1,-0.35202309489250183,2.1704964637756348
complete_three_mean,esp_013141_2105_red-0004,esp_013141_2105,esp_013141_2105_red-0004_patch_duplication_0.3,patch_duplication,0.3,1,-0.35977503657341003,2.1704964637756348
complete_three_mean,esp_013141_2105_red-0004,esp_013141_2105,esp_013141_2105_red-0004_patch_duplication_0.5,patch_duplication,0.5,1,-0.37821587920188904,2.1704964637756348
complete_three_mean,esp_013141_2105_red-0004,esp_013141_2105,esp_013141_2105_red-0004_foreign_content_0.15,foreign_content,0.15,1,-0.25367724895477295,2.1704964637756348
complete_three_mean,esp_013141_2105_red-0004,esp_013141_2105,esp_013141_2105_red-0004_foreign_content_0.3,foreign_content,0.3,1,0.14987044036388397,2.1704964637756348
complete_three_mean,esp_013141_2105_red-0004,esp_013141_2105,esp_013141_2105_red-0004_foreign_content_0.5,foreign_content,0.5,1,0.4988590478897095,2.1704964637756348
complete_three_mean,esp_016613_2570_red-0043,esp_016613_2570,esp_016613_2570_red-0043_clean,clean,0.0,0,2.001474142074585,2.1704964637756348
complete_three_mean,esp_016613_2570_red-0043,esp_016613_2570,esp_016613_2570_red-0043_stripes_0.15,stripes,0.15,1,1.8727712631225586,2.1704964637756348
complete_three_mean,esp_016613_2570_red-0043,esp_016613_2570,esp_016613_2570_red-0043_stripes_0.3,stripes,0.3,1,1.7412376403808594,2.1704964637756348
complete_three_mean,esp_016613_2570_red-0043,esp_016613_2570,esp_016613_2570_red-0043_stripes_0.5,stripes,0.5,1,2.687189817428589,2.1704964637756348
complete_three_mean,esp_016613_2570_red-0043,esp_016613_2570,esp_016613_2570_red-0043_dead_pixels_0.15,dead_pixels,0.15,1,2.081094741821289,2.1704964637756348
complete_three_mean,esp_016613_2570_red-0043,esp_016613_2570,esp_016613_2570_red-0043_dead_pixels_0.3,dead_pixels,0.3,1,2.165482759475708,2.1704964637756348
complete_three_mean,esp_016613_2570_red-0043,esp_016613_2570,esp_016613_2570_red-0043_dead_pixels_0.5,dead_pixels,0.5,1,2.2447104454040527,2.1704964637756348
complete_three_mean,esp_016613_2570_red-0043,esp_016613_2570,esp_016613_2570_red-0043_missing_patch_0.15,missing_patch,0.15,1,2.3307340145111084,2.1704964637756348
complete_three_mean,esp_016613_2570_red-0043,esp_016613_2570,esp_016613_2570_red-0043_missing_patch_0.3,missing_patch,0.3,1,2.8631503582000732,2.1704964637756348
complete_three_mean,esp_016613_2570_red-0043,esp_016613_2570,esp_016613_2570_red-0043_missing_patch_0.5,missing_patch,0.5,1,3.0690958499908447,2.1704964637756348
complete_three_mean,esp_016613_2570_red-0043,esp_016613_2570,esp_016613_2570_red-0043_local_blur_0.15,local_blur,0.15,1,2.0884358882904053,2.1704964637756348
complete_three_mean,esp_016613_2570_red-0043,esp_016613_2570,esp_016613_2570_red-0043_local_blur_0.3,local_blur,0.3,1,2.1006886959075928,2.1704964637756348
complete_three_mean,esp_016613_2570_red-0043,esp_016613_2570,esp_016613_2570_red-0043_local_blur_0.5,local_blur,0.5,1,2.130775213241577,2.1704964637756348
complete_three_mean,esp_016613_2570_red-0043,esp_016613_2570,esp_016613_2570_red-0043_patch_duplication_0.15,patch_duplication,0.15,1,1.9856696128845215,2.1704964637756348
complete_three_mean,esp_016613_2570_red-0043,esp_016613_2570,esp_016613_2570_red-0043_patch_duplication_0.3,patch_duplication,0.3,1,2.0146262645721436,2.1704964637756348
complete_three_mean,esp_016613_2570_red-0043,esp_016613_2570,esp_016613_2570_red-0043_patch_duplication_0.5,patch_duplication,0.5,1,2.057692289352417,2.1704964637756348
complete_three_mean,esp_016613_2570_red-0043,esp_016613_2570,esp_016613_2570_red-0043_foreign_content_0.15,foreign_content,0.15,1,2.028428316116333,2.1704964637756348
complete_three_mean,esp_016613_2570_red-0043,esp_016613_2570,esp_016613_2570_red-0043_foreign_content_0.3,foreign_content,0.3,1,1.9433908462524414,2.1704964637756348
complete_three_mean,esp_016613_2570_red-0043,esp_016613_2570,esp_016613_2570_red-0043_foreign_content_0.5,foreign_content,0.5,1,1.6788806915283203,2.1704964637756348
complete_three_mean,esp_017395_1700_red-0049,esp_017395_1700,esp_017395_1700_red-0049_clean,clean,0.0,0,0.6955254673957825,2.1704964637756348
complete_three_mean,esp_017395_1700_red-0049,esp_017395_1700,esp_017395_1700_red-0049_stripes_0.15,stripes,0.15,1,0.5941179990768433,2.1704964637756348
complete_three_mean,esp_017395_1700_red-0049,esp_017395_1700,esp_017395_1700_red-0049_stripes_0.3,stripes,0.3,1,0.5190129280090332,2.1704964637756348
complete_three_mean,esp_017395_1700_red-0049,esp_017395_1700,esp_017395_1700_red-0049_stripes_0.5,stripes,0.5,1,1.6044715642929077,2.1704964637756348
complete_three_mean,esp_017395_1700_red-0049,esp_017395_1700,esp_017395_1700_red-0049_dead_pixels_0.15,dead_pixels,0.15,1,0.9116601347923279,2.1704964637756348
complete_three_mean,esp_017395_1700_red-0049,esp_017395_1700,esp_017395_1700_red-0049_dead_pixels_0.3,dead_pixels,0.3,1,0.9957828521728516,2.1704964637756348
complete_three_mean,esp_017395_1700_red-0049,esp_017395_1700,esp_017395_1700_red-0049_dead_pixels_0.5,dead_pixels,0.5,1,1.0067449808120728,2.1704964637756348
complete_three_mean,esp_017395_1700_red-0049,esp_017395_1700,esp_017395_1700_red-0049_missing_patch_0.15,missing_patch,0.15,1,1.1720792055130005,2.1704964637756348
complete_three_mean,esp_017395_1700_red-0049,esp_017395_1700,esp_017395_1700_red-0049_missing_patch_0.3,missing_patch,0.3,1,1.2777704000473022,2.1704964637756348
complete_three_mean,esp_017395_1700_red-0049,esp_017395_1700,esp_017395_1700_red-0049_missing_patch_0.5,missing_patch,0.5,1,1.5949369668960571,2.1704964637756348
complete_three_mean,esp_017395_1700_red-0049,esp_017395_1700,esp_017395_1700_red-0049_local_blur_0.15,local_blur,0.15,1,0.7035166621208191,2.1704964637756348
complete_three_mean,esp_017395_1700_red-0049,esp_017395_1700,esp_017395_1700_red-0049_local_blur_0.3,local_blur,0.3,1,0.6988577842712402,2.1704964637756348
complete_three_mean,esp_017395_1700_red-0049,esp_017395_1700,esp_017395_1700_red-0049_local_blur_0.5,local_blur,0.5,1,0.6211444139480591,2.1704964637756348
complete_three_mean,esp_017395_1700_red-0049,esp_017395_1700,esp_017395_1700_red-0049_patch_duplication_0.15,patch_duplication,0.15,1,0.6890921592712402,2.1704964637756348
complete_three_mean,esp_017395_1700_red-0049,esp_017395_1700,esp_017395_1700_red-0049_patch_duplication_0.3,patch_duplication,0.3,1,0.7277620434761047,2.1704964637756348
complete_three_mean,esp_017395_1700_red-0049,esp_017395_1700,esp_017395_1700_red-0049_patch_duplication_0.5,patch_duplication,0.5,1,0.6394758820533752,2.1704964637756348
complete_three_mean,esp_017395_1700_red-0049,esp_017395_1700,esp_017395_1700_red-0049_foreign_content_0.15,foreign_content,0.15,1,0.7006682753562927,2.1704964637756348
complete_three_mean,esp_017395_1700_red-0049,esp_017395_1700,esp_017395_1700_red-0049_foreign_content_0.3,foreign_content,0.3,1,0.7882036566734314,2.1704964637756348
complete_three_mean,esp_017395_1700_red-0049,esp_017395_1700,esp_017395_1700_red-0049_foreign_content_0.5,foreign_content,0.5,1,1.057594656944275,2.1704964637756348
complete_three_mean,esp_012588_0930_red-0008,esp_012588_0930,esp_012588_0930_red-0008_clean,clean,0.0,0,-0.7427352070808411,2.1704964637756348
complete_three_mean,esp_012588_0930_red-0008,esp_012588_0930,esp_012588_0930_red-0008_stripes_0.15,stripes,0.15,1,-0.6722443699836731,2.1704964637756348
complete_three_mean,esp_012588_0930_red-0008,esp_012588_0930,esp_012588_0930_red-0008_stripes_0.3,stripes,0.3,1,0.478257417678833,2.1704964637756348
complete_three_mean,esp_012588_0930_red-0008,esp_012588_0930,esp_012588_0930_red-0008_stripes_0.5,stripes,0.5,1,1.6898813247680664,2.1704964637756348
complete_three_mean,esp_012588_0930_red-0008,esp_012588_0930,esp_012588_0930_red-0008_dead_pixels_0.15,dead_pixels,0.15,1,-0.3638298809528351,2.1704964637756348
complete_three_mean,esp_012588_0930_red-0008,esp_012588_0930,esp_012588_0930_red-0008_dead_pixels_0.3,dead_pixels,0.3,1,-0.25270742177963257,2.1704964637756348
complete_three_mean,esp_012588_0930_red-0008,esp_012588_0930,esp_012588_0930_red-0008_dead_pixels_0.5,dead_pixels,0.5,1,-0.27601563930511475,2.1704964637756348
complete_three_mean,esp_012588_0930_red-0008,esp_012588_0930,esp_012588_0930_red-0008_missing_patch_0.15,missing_patch,0.15,1,-0.13958865404129028,2.1704964637756348
complete_three_mean,esp_012588_0930_red-0008,esp_012588_0930,esp_012588_0930_red-0008_missing_patch_0.3,missing_patch,0.3,1,0.723798930644989,2.1704964637756348
complete_three_mean,esp_012588_0930_red-0008,esp_012588_0930,esp_012588_0930_red-0008_missing_patch_0.5,missing_patch,0.5,1,0.9981006979942322,2.1704964637756348
complete_three_mean,esp_012588_0930_red-0008,esp_012588_0930,esp_012588_0930_red-0008_local_blur_0.15,local_blur,0.15,1,-0.7145673632621765,2.1704964637756348
complete_three_mean,esp_012588_0930_red-0008,esp_012588_0930,esp_012588_0930_red-0008_local_blur_0.3,local_blur,0.3,1,-0.5681145787239075,2.1704964637756348
complete_three_mean,esp_012588_0930_red-0008,esp_012588_0930,esp_012588_0930_red-0008_local_blur_0.5,local_blur,0.5,1,-0.4282228946685791,2.1704964637756348
complete_three_mean,esp_012588_0930_red-0008,esp_012588_0930,esp_012588_0930_red-0008_patch_duplication_0.15,patch_duplication,0.15,1,-0.8158170580863953,2.1704964637756348
complete_three_mean,esp_012588_0930_red-0008,esp_012588_0930,esp_012588_0930_red-0008_patch_duplication_0.3,patch_duplication,0.3,1,-0.8550086617469788,2.1704964637756348
complete_three_mean,esp_012588_0930_red-0008,esp_012588_0930,esp_012588_0930_red-0008_patch_duplication_0.5,patch_duplication,0.5,1,-0.8407611846923828,2.1704964637756348
complete_three_mean,esp_012588_0930_red-0008,esp_012588_0930,esp_012588_0930_red-0008_foreign_content_0.15,foreign_content,0.15,1,-0.7150443196296692,2.1704964637756348
complete_three_mean,esp_012588_0930_red-0008,esp_012588_0930,esp_012588_0930_red-0008_foreign_content_0.3,foreign_content,0.3,1,-0.594060480594635,2.1704964637756348
complete_three_mean,esp_012588_0930_red-0008,esp_012588_0930,esp_012588_0930_red-0008_foreign_content_0.5,foreign_content,0.5,1,0.13915413618087769,2.1704964637756348
complete_three_mean,esp_049651_1050_red-0030,esp_049651_1050,esp_049651_1050_red-0030_clean,clean,0.0,0,-0.11273908615112305,2.1704964637756348
complete_three_mean,esp_049651_1050_red-0030,esp_049651_1050,esp_049651_1050_red-0030_stripes_0.15,stripes,0.15,1,-0.024247070774435997,2.1704964637756348
complete_three_mean,esp_049651_1050_red-0030,esp_049651_1050,esp_049651_1050_red-0030_stripes_0.3,stripes,0.3,1,0.8132438659667969,2.1704964637756348
complete_three_mean,esp_049651_1050_red-0030,esp_049651_1050,esp_049651_1050_red-0030_stripes_0.5,stripes,0.5,1,2.132040500640869,2.1704964637756348
complete_three_mean,esp_049651_1050_red-0030,esp_049651_1050,esp_049651_1050_red-0030_dead_pixels_0.15,dead_pixels,0.15,1,-0.006090288516134024,2.1704964637756348
complete_three_mean,esp_049651_1050_red-0030,esp_049651_1050,esp_049651_1050_red-0030_dead_pixels_0.3,dead_pixels,0.3,1,0.14553959667682648,2.1704964637756348
complete_three_mean,esp_049651_1050_red-0030,esp_049651_1050,esp_049651_1050_red-0030_dead_pixels_0.5,dead_pixels,0.5,1,0.2629479467868805,2.1704964637756348
complete_three_mean,esp_049651_1050_red-0030,esp_049651_1050,esp_049651_1050_red-0030_missing_patch_0.15,missing_patch,0.15,1,0.24181735515594482,2.1704964637756348
complete_three_mean,esp_049651_1050_red-0030,esp_049651_1050,esp_049651_1050_red-0030_missing_patch_0.3,missing_patch,0.3,1,0.6792848706245422,2.1704964637756348
complete_three_mean,esp_049651_1050_red-0030,esp_049651_1050,esp_049651_1050_red-0030_missing_patch_0.5,missing_patch,0.5,1,1.036442756652832,2.1704964637756348
complete_three_mean,esp_049651_1050_red-0030,esp_049651_1050,esp_049651_1050_red-0030_local_blur_0.15,local_blur,0.15,1,-0.026265228167176247,2.1704964637756348
complete_three_mean,esp_049651_1050_red-0030,esp_049651_1050,esp_049651_1050_red-0030_local_blur_0.3,local_blur,0.3,1,0.0054654330015182495,2.1704964637756348
complete_three_mean,esp_049651_1050_red-0030,esp_049651_1050,esp_049651_1050_red-0030_local_blur_0.5,local_blur,0.5,1,0.015970462933182716,2.1704964637756348
complete_three_mean,esp_049651_1050_red-0030,esp_049651_1050,esp_049651_1050_red-0030_patch_duplication_0.15,patch_duplication,0.15,1,-0.15460309386253357,2.1704964637756348
complete_three_mean,esp_049651_1050_red-0030,esp_049651_1050,esp_049651_1050_red-0030_patch_duplication_0.3,patch_duplication,0.3,1,-0.17560875415802002,2.1704964637756348
complete_three_mean,esp_049651_1050_red-0030,esp_049651_1050,esp_049651_1050_red-0030_patch_duplication_0.5,patch_duplication,0.5,1,-0.16223953664302826,2.1704964637756348
complete_three_mean,esp_049651_1050_red-0030,esp_049651_1050,esp_049651_1050_red-0030_foreign_content_0.15,foreign_content,0.15,1,-0.1282791644334793,2.1704964637756348
complete_three_mean,esp_049651_1050_red-0030,esp_049651_1050,esp_049651_1050_red-0030_foreign_content_0.3,foreign_content,0.3,1,-0.10135695338249207,2.1704964637756348
complete_three_mean,esp_049651_1050_red-0030,esp_049651_1050,esp_049651_1050_red-0030_foreign_content_0.5,foreign_content,0.5,1,0.04166632518172264,2.1704964637756348
complete_three_max,esp_020133_1720_red-0022,esp_020133_1720,esp_020133_1720_red-0022_clean,clean,0.0,0,0.41676855087280273,3.903651475906372
complete_three_max,esp_020133_1720_red-0022,esp_020133_1720,esp_020133_1720_red-0022_stripes_0.15,stripes,0.15,1,0.4228518307209015,3.903651475906372
complete_three_max,esp_020133_1720_red-0022,esp_020133_1720,esp_020133_1720_red-0022_stripes_0.3,stripes,0.3,1,2.398265838623047,3.903651475906372
complete_three_max,esp_020133_1720_red-0022,esp_020133_1720,esp_020133_1720_red-0022_stripes_0.5,stripes,0.5,1,6.122300148010254,3.903651475906372
complete_three_max,esp_020133_1720_red-0022,esp_020133_1720,esp_020133_1720_red-0022_dead_pixels_0.15,dead_pixels,0.15,1,0.7677276730537415,3.903651475906372
complete_three_max,esp_020133_1720_red-0022,esp_020133_1720,esp_020133_1720_red-0022_dead_pixels_0.3,dead_pixels,0.3,1,1.1806858777999878,3.903651475906372
complete_three_max,esp_020133_1720_red-0022,esp_020133_1720,esp_020133_1720_red-0022_dead_pixels_0.5,dead_pixels,0.5,1,1.4801677465438843,3.903651475906372
complete_three_max,esp_020133_1720_red-0022,esp_020133_1720,esp_020133_1720_red-0022_missing_patch_0.15,missing_patch,0.15,1,0.4597729742527008,3.903651475906372
complete_three_max,esp_020133_1720_red-0022,esp_020133_1720,esp_020133_1720_red-0022_missing_patch_0.3,missing_patch,0.3,1,1.6682838201522827,3.903651475906372
complete_three_max,esp_020133_1720_red-0022,esp_020133_1720,esp_020133_1720_red-0022_missing_patch_0.5,missing_patch,0.5,1,2.82719087600708,3.903651475906372
complete_three_max,esp_020133_1720_red-0022,esp_020133_1720,esp_020133_1720_red-0022_local_blur_0.15,local_blur,0.15,1,0.4216940701007843,3.903651475906372
complete_three_max,esp_020133_1720_red-0022,esp_020133_1720,esp_020133_1720_red-0022_local_blur_0.3,local_blur,0.3,1,0.52040696144104,3.903651475906372
complete_three_max,esp_020133_1720_red-0022,esp_020133_1720,esp_020133_1720_red-0022_local_blur_0.5,local_blur,0.5,1,0.5344830751419067,3.903651475906372
complete_three_max,esp_020133_1720_red-0022,esp_020133_1720,esp_020133_1720_red-0022_patch_duplication_0.15,patch_duplication,0.15,1,0.41400936245918274,3.903651475906372
complete_three_max,esp_020133_1720_red-0022,esp_020133_1720,esp_020133_1720_red-0022_patch_duplication_0.3,patch_duplication,0.3,1,0.42466241121292114,3.903651475906372
complete_three_max,esp_020133_1720_red-0022,esp_020133_1720,esp_020133_1720_red-0022_patch_duplication_0.5,patch_duplication,0.5,1,0.4903164207935333,3.903651475906372
complete_three_max,esp_020133_1720_red-0022,esp_020133_1720,esp_020133_1720_red-0022_foreign_content_0.15,foreign_content,0.15,1,0.39358463883399963,3.903651475906372
complete_three_max,esp_020133_1720_red-0022,esp_020133_1720,esp_020133_1720_red-0022_foreign_content_0.3,foreign_content,0.3,1,0.2542169392108917,3.903651475906372
complete_three_max,esp_020133_1720_red-0022,esp_020133_1720,esp_020133_1720_red-0022_foreign_content_0.5,foreign_content,0.5,1,0.7451338171958923,3.903651475906372
complete_three_max,psp_006766_1850_red-0037,psp_006766_1850,psp_006766_1850_red-0037_clean,clean,0.0,0,3.916544198989868,3.903651475906372
complete_three_max,psp_006766_1850_red-0037,psp_006766_1850,psp_006766_1850_red-0037_stripes_0.15,stripes,0.15,1,3.8092639446258545,3.903651475906372
complete_three_max,psp_006766_1850_red-0037,psp_006766_1850,psp_006766_1850_red-0037_stripes_0.3,stripes,0.3,1,3.692922353744507,3.903651475906372
complete_three_max,psp_006766_1850_red-0037,psp_006766_1850,psp_006766_1850_red-0037_stripes_0.5,stripes,0.5,1,5.203997611999512,3.903651475906372
complete_three_max,psp_006766_1850_red-0037,psp_006766_1850,psp_006766_1850_red-0037_dead_pixels_0.15,dead_pixels,0.15,1,3.896751880645752,3.903651475906372
complete_three_max,psp_006766_1850_red-0037,psp_006766_1850,psp_006766_1850_red-0037_dead_pixels_0.3,dead_pixels,0.3,1,3.872920513153076,3.903651475906372
complete_three_max,psp_006766_1850_red-0037,psp_006766_1850,psp_006766_1850_red-0037_dead_pixels_0.5,dead_pixels,0.5,1,3.9686825275421143,3.903651475906372
complete_three_max,psp_006766_1850_red-0037,psp_006766_1850,psp_006766_1850_red-0037_missing_patch_0.15,missing_patch,0.15,1,3.843791961669922,3.903651475906372
complete_three_max,psp_006766_1850_red-0037,psp_006766_1850,psp_006766_1850_red-0037_missing_patch_0.3,missing_patch,0.3,1,4.155397415161133,3.903651475906372
complete_three_max,psp_006766_1850_red-0037,psp_006766_1850,psp_006766_1850_red-0037_missing_patch_0.5,missing_patch,0.5,1,4.341146469116211,3.903651475906372
complete_three_max,psp_006766_1850_red-0037,psp_006766_1850,psp_006766_1850_red-0037_local_blur_0.15,local_blur,0.15,1,3.8913955688476562,3.903651475906372
complete_three_max,psp_006766_1850_red-0037,psp_006766_1850,psp_006766_1850_red-0037_local_blur_0.3,local_blur,0.3,1,3.879660129547119,3.903651475906372
complete_three_max,psp_006766_1850_red-0037,psp_006766_1850,psp_006766_1850_red-0037_local_blur_0.5,local_blur,0.5,1,3.9069817066192627,3.903651475906372
complete_three_max,psp_006766_1850_red-0037,psp_006766_1850,psp_006766_1850_red-0037_patch_duplication_0.15,patch_duplication,0.15,1,3.493039846420288,3.903651475906372
complete_three_max,psp_006766_1850_red-0037,psp_006766_1850,psp_006766_1850_red-0037_patch_duplication_0.3,patch_duplication,0.3,1,2.9232876300811768,3.903651475906372
complete_three_max,psp_006766_1850_red-0037,psp_006766_1850,psp_006766_1850_red-0037_patch_duplication_0.5,patch_duplication,0.5,1,3.0105490684509277,3.903651475906372
complete_three_max,psp_006766_1850_red-0037,psp_006766_1850,psp_006766_1850_red-0037_foreign_content_0.15,foreign_content,0.15,1,3.8559165000915527,3.903651475906372
complete_three_max,psp_006766_1850_red-0037,psp_006766_1850,psp_006766_1850_red-0037_foreign_content_0.3,foreign_content,0.3,1,3.856119394302368,3.903651475906372
complete_three_max,psp_006766_1850_red-0037,psp_006766_1850,psp_006766_1850_red-0037_foreign_content_0.5,foreign_content,0.5,1,3.7260255813598633,3.903651475906372
complete_three_max,esp_019559_1390_red-0576,esp_019559_1390,esp_019559_1390_red-0576_clean,clean,0.0,0,-0.16379287838935852,3.903651475906372
complete_three_max,esp_019559_1390_red-0576,esp_019559_1390,esp_019559_1390_red-0576_stripes_0.15,stripes,0.15,1,-0.24363698065280914,3.903651475906372
complete_three_max,esp_019559_1390_red-0576,esp_019559_1390,esp_019559_1390_red-0576_stripes_0.3,stripes,0.3,1,2.3612887859344482,3.903651475906372
complete_three_max,esp_019559_1390_red-0576,esp_019559_1390,esp_019559_1390_red-0576_stripes_0.5,stripes,0.5,1,6.033361911773682,3.903651475906372
complete_three_max,esp_019559_1390_red-0576,esp_019559_1390,esp_019559_1390_red-0576_dead_pixels_0.15,dead_pixels,0.15,1,0.8491802215576172,3.903651475906372
complete_three_max,esp_019559_1390_red-0576,esp_019559_1390,esp_019559_1390_red-0576_dead_pixels_0.3,dead_pixels,0.3,1,1.1543879508972168,3.903651475906372
complete_three_max,esp_019559_1390_red-0576,esp_019559_1390,esp_019559_1390_red-0576_dead_pixels_0.5,dead_pixels,0.5,1,1.151627779006958,3.903651475906372
complete_three_max,esp_019559_1390_red-0576,esp_019559_1390,esp_019559_1390_red-0576_missing_patch_0.15,missing_patch,0.15,1,0.9803295135498047,3.903651475906372
complete_three_max,esp_019559_1390_red-0576,esp_019559_1390,esp_019559_1390_red-0576_missing_patch_0.3,missing_patch,0.3,1,1.053220510482788,3.903651475906372
complete_three_max,esp_019559_1390_red-0576,esp_019559_1390,esp_019559_1390_red-0576_missing_patch_0.5,missing_patch,0.5,1,0.9671114683151245,3.903651475906372
complete_three_max,esp_019559_1390_red-0576,esp_019559_1390,esp_019559_1390_red-0576_local_blur_0.15,local_blur,0.15,1,-0.1640443503856659,3.903651475906372
complete_three_max,esp_019559_1390_red-0576,esp_019559_1390,esp_019559_1390_red-0576_local_blur_0.3,local_blur,0.3,1,-0.07292613387107849,3.903651475906372
complete_three_max,esp_019559_1390_red-0576,esp_019559_1390,esp_019559_1390_red-0576_local_blur_0.5,local_blur,0.5,1,0.24287879467010498,3.903651475906372
complete_three_max,esp_019559_1390_red-0576,esp_019559_1390,esp_019559_1390_red-0576_patch_duplication_0.15,patch_duplication,0.15,1,-0.1666916310787201,3.903651475906372
complete_three_max,esp_019559_1390_red-0576,esp_019559_1390,esp_019559_1390_red-0576_patch_duplication_0.3,patch_duplication,0.3,1,-0.17059922218322754,3.903651475906372
complete_three_max,esp_019559_1390_red-0576,esp_019559_1390,esp_019559_1390_red-0576_patch_duplication_0.5,patch_duplication,0.5,1,-0.15936234593391418,3.903651475906372
complete_three_max,esp_019559_1390_red-0576,esp_019559_1390,esp_019559_1390_red-0576_foreign_content_0.15,foreign_content,0.15,1,-0.15265384316444397,3.903651475906372
complete_three_max,esp_019559_1390_red-0576,esp_019559_1390,esp_019559_1390_red-0576_foreign_content_0.3,foreign_content,0.3,1,-0.035826537758111954,3.903651475906372
complete_three_max,esp_019559_1390_red-0576,esp_019559_1390,esp_019559_1390_red-0576_foreign_content_0.5,foreign_content,0.5,1,0.5601476430892944,3.903651475906372
complete_three_max,esp_016781_2055_red-0188,esp_016781_2055,esp_016781_2055_red-0188_clean,clean,0.0,0,4.6262383460998535,3.903651475906372
complete_three_max,esp_016781_2055_red-0188,esp_016781_2055,esp_016781_2055_red-0188_stripes_0.15,stripes,0.15,1,4.356616973876953,3.903651475906372
complete_three_max,esp_016781_2055_red-0188,esp_016781_2055,esp_016781_2055_red-0188_stripes_0.3,stripes,0.3,1,4.061428070068359,3.903651475906372
complete_three_max,esp_016781_2055_red-0188,esp_016781_2055,esp_016781_2055_red-0188_stripes_0.5,stripes,0.5,1,5.535876274108887,3.903651475906372
complete_three_max,esp_016781_2055_red-0188,esp_016781_2055,esp_016781_2055_red-0188_dead_pixels_0.15,dead_pixels,0.15,1,4.498969078063965,3.903651475906372
complete_three_max,esp_016781_2055_red-0188,esp_016781_2055,esp_016781_2055_red-0188_dead_pixels_0.3,dead_pixels,0.3,1,4.382791042327881,3.903651475906372
complete_three_max,esp_016781_2055_red-0188,esp_016781_2055,esp_016781_2055_red-0188_dead_pixels_0.5,dead_pixels,0.5,1,4.335011959075928,3.903651475906372
complete_three_max,esp_016781_2055_red-0188,esp_016781_2055,esp_016781_2055_red-0188_missing_patch_0.15,missing_patch,0.15,1,4.697803497314453,3.903651475906372
complete_three_max,esp_016781_2055_red-0188,esp_016781_2055,esp_016781_2055_red-0188_missing_patch_0.3,missing_patch,0.3,1,4.825692176818848,3.903651475906372
complete_three_max,esp_016781_2055_red-0188,esp_016781_2055,esp_016781_2055_red-0188_missing_patch_0.5,missing_patch,0.5,1,5.301502227783203,3.903651475906372
complete_three_max,esp_016781_2055_red-0188,esp_016781_2055,esp_016781_2055_red-0188_local_blur_0.15,local_blur,0.15,1,4.630916595458984,3.903651475906372
complete_three_max,esp_016781_2055_red-0188,esp_016781_2055,esp_016781_2055_red-0188_local_blur_0.3,local_blur,0.3,1,4.629228591918945,3.903651475906372
complete_three_max,esp_016781_2055_red-0188,esp_016781_2055,esp_016781_2055_red-0188_local_blur_0.5,local_blur,0.5,1,4.614142894744873,3.903651475906372
complete_three_max,esp_016781_2055_red-0188,esp_016781_2055,esp_016781_2055_red-0188_patch_duplication_0.15,patch_duplication,0.15,1,4.422613143920898,3.903651475906372
complete_three_max,esp_016781_2055_red-0188,esp_016781_2055,esp_016781_2055_red-0188_patch_duplication_0.3,patch_duplication,0.3,1,4.102527141571045,3.903651475906372
complete_three_max,esp_016781_2055_red-0188,esp_016781_2055,esp_016781_2055_red-0188_patch_duplication_0.5,patch_duplication,0.5,1,3.9275968074798584,3.903651475906372
complete_three_max,esp_016781_2055_red-0188,esp_016781_2055,esp_016781_2055_red-0188_foreign_content_0.15,foreign_content,0.15,1,4.528504371643066,3.903651475906372
complete_three_max,esp_016781_2055_red-0188,esp_016781_2055,esp_016781_2055_red-0188_foreign_content_0.3,foreign_content,0.3,1,4.6426472663879395,3.903651475906372
complete_three_max,esp_016781_2055_red-0188,esp_016781_2055,esp_016781_2055_red-0188_foreign_content_0.5,foreign_content,0.5,1,4.967712879180908,3.903651475906372
complete_three_max,esp_016613_2570_red-0034,esp_016613_2570,esp_016613_2570_red-0034_clean,clean,0.0,0,4.201168537139893,3.903651475906372
complete_three_max,esp_016613_2570_red-0034,esp_016613_2570,esp_016613_2570_red-0034_stripes_0.15,stripes,0.15,1,4.218900680541992,3.903651475906372
complete_three_max,esp_016613_2570_red-0034,esp_016613_2570,esp_016613_2570_red-0034_stripes_0.3,stripes,0.3,1,4.199892044067383,3.903651475906372
complete_three_max,esp_016613_2570_red-0034,esp_016613_2570,esp_016613_2570_red-0034_stripes_0.5,stripes,0.5,1,6.163140773773193,3.903651475906372
complete_three_max,esp_016613_2570_red-0034,esp_016613_2570,esp_016613_2570_red-0034_dead_pixels_0.15,dead_pixels,0.15,1,4.149234771728516,3.903651475906372
complete_three_max,esp_016613_2570_red-0034,esp_016613_2570,esp_016613_2570_red-0034_dead_pixels_0.3,dead_pixels,0.3,1,4.0442118644714355,3.903651475906372
complete_three_max,esp_016613_2570_red-0034,esp_016613_2570,esp_016613_2570_red-0034_dead_pixels_0.5,dead_pixels,0.5,1,3.913526773452759,3.903651475906372
complete_three_max,esp_016613_2570_red-0034,esp_016613_2570,esp_016613_2570_red-0034_missing_patch_0.15,missing_patch,0.15,1,3.318410873413086,3.903651475906372
complete_three_max,esp_016613_2570_red-0034,esp_016613_2570,esp_016613_2570_red-0034_missing_patch_0.3,missing_patch,0.3,1,3.0454351902008057,3.903651475906372
complete_three_max,esp_016613_2570_red-0034,esp_016613_2570,esp_016613_2570_red-0034_missing_patch_0.5,missing_patch,0.5,1,4.5220441818237305,3.903651475906372
complete_three_max,esp_016613_2570_red-0034,esp_016613_2570,esp_016613_2570_red-0034_local_blur_0.15,local_blur,0.15,1,4.218344688415527,3.903651475906372
complete_three_max,esp_016613_2570_red-0034,esp_016613_2570,esp_016613_2570_red-0034_local_blur_0.3,local_blur,0.3,1,4.217715263366699,3.903651475906372
complete_three_max,esp_016613_2570_red-0034,esp_016613_2570,esp_016613_2570_red-0034_local_blur_0.5,local_blur,0.5,1,4.343745231628418,3.903651475906372
complete_three_max,esp_016613_2570_red-0034,esp_016613_2570,esp_016613_2570_red-0034_patch_duplication_0.15,patch_duplication,0.15,1,4.2014546394348145,3.903651475906372
complete_three_max,esp_016613_2570_red-0034,esp_016613_2570,esp_016613_2570_red-0034_patch_duplication_0.3,patch_duplication,0.3,1,4.207036972045898,3.903651475906372
complete_three_max,esp_016613_2570_red-0034,esp_016613_2570,esp_016613_2570_red-0034_patch_duplication_0.5,patch_duplication,0.5,1,4.2121381759643555,3.903651475906372
complete_three_max,esp_016613_2570_red-0034,esp_016613_2570,esp_016613_2570_red-0034_foreign_content_0.15,foreign_content,0.15,1,4.159456253051758,3.903651475906372
complete_three_max,esp_016613_2570_red-0034,esp_016613_2570,esp_016613_2570_red-0034_foreign_content_0.3,foreign_content,0.3,1,4.229279041290283,3.903651475906372
complete_three_max,esp_016613_2570_red-0034,esp_016613_2570,esp_016613_2570_red-0034_foreign_content_0.5,foreign_content,0.5,1,3.7838857173919678,3.903651475906372
complete_three_max,esp_017395_1700_red-0007,esp_017395_1700,esp_017395_1700_red-0007_clean,clean,0.0,0,0.2293756604194641,3.903651475906372
complete_three_max,esp_017395_1700_red-0007,esp_017395_1700,esp_017395_1700_red-0007_stripes_0.15,stripes,0.15,1,0.2723477780818939,3.903651475906372
complete_three_max,esp_017395_1700_red-0007,esp_017395_1700,esp_017395_1700_red-0007_stripes_0.3,stripes,0.3,1,2.5392158031463623,3.903651475906372
complete_three_max,esp_017395_1700_red-0007,esp_017395_1700,esp_017395_1700_red-0007_stripes_0.5,stripes,0.5,1,6.10447359085083,3.903651475906372
complete_three_max,esp_017395_1700_red-0007,esp_017395_1700,esp_017395_1700_red-0007_dead_pixels_0.15,dead_pixels,0.15,1,1.1758888959884644,3.903651475906372
complete_three_max,esp_017395_1700_red-0007,esp_017395_1700,esp_017395_1700_red-0007_dead_pixels_0.3,dead_pixels,0.3,1,1.6374847888946533,3.903651475906372
complete_three_max,esp_017395_1700_red-0007,esp_017395_1700,esp_017395_1700_red-0007_dead_pixels_0.5,dead_pixels,0.5,1,1.9826006889343262,3.903651475906372
complete_three_max,esp_017395_1700_red-0007,esp_017395_1700,esp_017395_1700_red-0007_missing_patch_0.15,missing_patch,0.15,1,0.7219851016998291,3.903651475906372
complete_three_max,esp_017395_1700_red-0007,esp_017395_1700,esp_017395_1700_red-0007_missing_patch_0.3,missing_patch,0.3,1,0.7222291231155396,3.903651475906372
complete_three_max,esp_017395_1700_red-0007,esp_017395_1700,esp_017395_1700_red-0007_missing_patch_0.5,missing_patch,0.5,1,0.7920951247215271,3.903651475906372
complete_three_max,esp_017395_1700_red-0007,esp_017395_1700,esp_017395_1700_red-0007_local_blur_0.15,local_blur,0.15,1,0.2275734841823578,3.903651475906372
complete_three_max,esp_017395_1700_red-0007,esp_017395_1700,esp_017395_1700_red-0007_local_blur_0.3,local_blur,0.3,1,0.20949921011924744,3.903651475906372
complete_three_max,esp_017395_1700_red-0007,esp_017395_1700,esp_017395_1700_red-0007_local_blur_0.5,local_blur,0.5,1,0.14496617019176483,3.903651475906372
complete_three_max,esp_017395_1700_red-0007,esp_017395_1700,esp_017395_1700_red-0007_patch_duplication_0.15,patch_duplication,0.15,1,0.24108532071113586,3.903651475906372
complete_three_max,esp_017395_1700_red-0007,esp_017395_1700,esp_017395_1700_red-0007_patch_duplication_0.3,patch_duplication,0.3,1,0.3522770404815674,3.903651475906372
complete_three_max,esp_017395_1700_red-0007,esp_017395_1700,esp_017395_1700_red-0007_patch_duplication_0.5,patch_duplication,0.5,1,0.41926324367523193,3.903651475906372
complete_three_max,esp_017395_1700_red-0007,esp_017395_1700,esp_017395_1700_red-0007_foreign_content_0.15,foreign_content,0.15,1,0.2838616967201233,3.903651475906372
complete_three_max,esp_017395_1700_red-0007,esp_017395_1700,esp_017395_1700_red-0007_foreign_content_0.3,foreign_content,0.3,1,0.49116969108581543,3.903651475906372
complete_three_max,esp_017395_1700_red-0007,esp_017395_1700,esp_017395_1700_red-0007_foreign_content_0.5,foreign_content,0.5,1,0.6999115347862244,3.903651475906372
complete_three_max,esp_012057_0950_red-0111,esp_012057_0950,esp_012057_0950_red-0111_clean,clean,0.0,0,0.16939200460910797,3.903651475906372
complete_three_max,esp_012057_0950_red-0111,esp_012057_0950,esp_012057_0950_red-0111_stripes_0.15,stripes,0.15,1,-0.2486746460199356,3.903651475906372
complete_three_max,esp_012057_0950_red-0111,esp_012057_0950,esp_012057_0950_red-0111_stripes_0.3,stripes,0.3,1,2.3941359519958496,3.903651475906372
complete_three_max,esp_012057_0950_red-0111,esp_012057_0950,esp_012057_0950_red-0111_stripes_0.5,stripes,0.5,1,6.223546504974365,3.903651475906372
complete_three_max,esp_012057_0950_red-0111,esp_012057_0950,esp_012057_0950_red-0111_dead_pixels_0.15,dead_pixels,0.15,1,0.923926591873169,3.903651475906372
complete_three_max,esp_012057_0950_red-0111,esp_012057_0950,esp_012057_0950_red-0111_dead_pixels_0.3,dead_pixels,0.3,1,1.043046236038208,3.903651475906372
complete_three_max,esp_012057_0950_red-0111,esp_012057_0950,esp_012057_0950_red-0111_dead_pixels_0.5,dead_pixels,0.5,1,1.2669870853424072,3.903651475906372
complete_three_max,esp_012057_0950_red-0111,esp_012057_0950,esp_012057_0950_red-0111_missing_patch_0.15,missing_patch,0.15,1,0.19751842319965363,3.903651475906372
complete_three_max,esp_012057_0950_red-0111,esp_012057_0950,esp_012057_0950_red-0111_missing_patch_0.3,missing_patch,0.3,1,0.5143060684204102,3.903651475906372
complete_three_max,esp_012057_0950_red-0111,esp_012057_0950,esp_012057_0950_red-0111_missing_patch_0.5,missing_patch,0.5,1,1.329582929611206,3.903651475906372
complete_three_max,esp_012057_0950_red-0111,esp_012057_0950,esp_012057_0950_red-0111_local_blur_0.15,local_blur,0.15,1,0.16910667717456818,3.903651475906372
complete_three_max,esp_012057_0950_red-0111,esp_012057_0950,esp_012057_0950_red-0111_local_blur_0.3,local_blur,0.3,1,0.16902270913124084,3.903651475906372
complete_three_max,esp_012057_0950_red-0111,esp_012057_0950,esp_012057_0950_red-0111_local_blur_0.5,local_blur,0.5,1,0.1690807193517685,3.903651475906372
complete_three_max,esp_012057_0950_red-0111,esp_012057_0950,esp_012057_0950_red-0111_patch_duplication_0.15,patch_duplication,0.15,1,-0.004240210633724928,3.903651475906372
complete_three_max,esp_012057_0950_red-0111,esp_012057_0950,esp_012057_0950_red-0111_patch_duplication_0.3,patch_duplication,0.3,1,-0.1245984137058258,3.903651475906372
complete_three_max,esp_012057_0950_red-0111,esp_012057_0950,esp_012057_0950_red-0111_patch_duplication_0.5,patch_duplication,0.5,1,-0.11618063598871231,3.903651475906372
complete_three_max,esp_012057_0950_red-0111,esp_012057_0950,esp_012057_0950_red-0111_foreign_content_0.15,foreign_content,0.15,1,0.19618472456932068,3.903651475906372
complete_three_max,esp_012057_0950_red-0111,esp_012057_0950,esp_012057_0950_red-0111_foreign_content_0.3,foreign_content,0.3,1,0.2804245352745056,3.903651475906372
complete_three_max,esp_012057_0950_red-0111,esp_012057_0950,esp_012057_0950_red-0111_foreign_content_0.5,foreign_content,0.5,1,0.6618695855140686,3.903651475906372
complete_three_max,esp_049651_1050_red-0070,esp_049651_1050,esp_049651_1050_red-0070_clean,clean,0.0,0,-0.44824233651161194,3.903651475906372
complete_three_max,esp_049651_1050_red-0070,esp_049651_1050,esp_049651_1050_red-0070_stripes_0.15,stripes,0.15,1,-0.39075538516044617,3.903651475906372
complete_three_max,esp_049651_1050_red-0070,esp_049651_1050,esp_049651_1050_red-0070_stripes_0.3,stripes,0.3,1,2.584733486175537,3.903651475906372
complete_three_max,esp_049651_1050_red-0070,esp_049651_1050,esp_049651_1050_red-0070_stripes_0.5,stripes,0.5,1,6.330556869506836,3.903651475906372
complete_three_max,esp_049651_1050_red-0070,esp_049651_1050,esp_049651_1050_red-0070_dead_pixels_0.15,dead_pixels,0.15,1,0.47403478622436523,3.903651475906372
complete_three_max,esp_049651_1050_red-0070,esp_049651_1050,esp_049651_1050_red-0070_dead_pixels_0.3,dead_pixels,0.3,1,0.8127158284187317,3.903651475906372
complete_three_max,esp_049651_1050_red-0070,esp_049651_1050,esp_049651_1050_red-0070_dead_pixels_0.5,dead_pixels,0.5,1,1.0882121324539185,3.903651475906372
complete_three_max,esp_049651_1050_red-0070,esp_049651_1050,esp_049651_1050_red-0070_missing_patch_0.15,missing_patch,0.15,1,0.6182879209518433,3.903651475906372
complete_three_max,esp_049651_1050_red-0070,esp_049651_1050,esp_049651_1050_red-0070_missing_patch_0.3,missing_patch,0.3,1,1.4218326807022095,3.903651475906372
complete_three_max,esp_049651_1050_red-0070,esp_049651_1050,esp_049651_1050_red-0070_missing_patch_0.5,missing_patch,0.5,1,3.353684425354004,3.903651475906372
complete_three_max,esp_049651_1050_red-0070,esp_049651_1050,esp_049651_1050_red-0070_local_blur_0.15,local_blur,0.15,1,0.3752847909927368,3.903651475906372
complete_three_max,esp_049651_1050_red-0070,esp_049651_1050,esp_049651_1050_red-0070_local_blur_0.3,local_blur,0.3,1,0.5764138698577881,3.903651475906372
complete_three_max,esp_049651_1050_red-0070,esp_049651_1050,esp_049651_1050_red-0070_local_blur_0.5,local_blur,0.5,1,0.5847125053405762,3.903651475906372
complete_three_max,esp_049651_1050_red-0070,esp_049651_1050,esp_049651_1050_red-0070_patch_duplication_0.15,patch_duplication,0.15,1,-0.4527636766433716,3.903651475906372
complete_three_max,esp_049651_1050_red-0070,esp_049651_1050,esp_049651_1050_red-0070_patch_duplication_0.3,patch_duplication,0.3,1,-0.45692646503448486,3.903651475906372
complete_three_max,esp_049651_1050_red-0070,esp_049651_1050,esp_049651_1050_red-0070_patch_duplication_0.5,patch_duplication,0.5,1,-0.4064151346683502,3.903651475906372
complete_three_max,esp_049651_1050_red-0070,esp_049651_1050,esp_049651_1050_red-0070_foreign_content_0.15,foreign_content,0.15,1,-0.43296051025390625,3.903651475906372
complete_three_max,esp_049651_1050_red-0070,esp_049651_1050,esp_049651_1050_red-0070_foreign_content_0.3,foreign_content,0.3,1,-0.32239025831222534,3.903651475906372
complete_three_max,esp_049651_1050_red-0070,esp_049651_1050,esp_049651_1050_red-0070_foreign_content_0.5,foreign_content,0.5,1,0.2414998561143875,3.903651475906372
complete_three_max,psp_006766_1850_red-0101,psp_006766_1850,psp_006766_1850_red-0101_clean,clean,0.0,0,-0.6068887710571289,3.903651475906372
complete_three_max,psp_006766_1850_red-0101,psp_006766_1850,psp_006766_1850_red-0101_stripes_0.15,stripes,0.15,1,-0.7494699358940125,3.903651475906372
complete_three_max,psp_006766_1850_red-0101,psp_006766_1850,psp_006766_1850_red-0101_stripes_0.3,stripes,0.3,1,2.777506113052368,3.903651475906372
complete_three_max,psp_006766_1850_red-0101,psp_006766_1850,psp_006766_1850_red-0101_stripes_0.5,stripes,0.5,1,6.260138511657715,3.903651475906372
complete_three_max,psp_006766_1850_red-0101,psp_006766_1850,psp_006766_1850_red-0101_dead_pixels_0.15,dead_pixels,0.15,1,0.28981712460517883,3.903651475906372
complete_three_max,psp_006766_1850_red-0101,psp_006766_1850,psp_006766_1850_red-0101_dead_pixels_0.3,dead_pixels,0.3,1,0.9525757431983948,3.903651475906372
complete_three_max,psp_006766_1850_red-0101,psp_006766_1850,psp_006766_1850_red-0101_dead_pixels_0.5,dead_pixels,0.5,1,1.2507187128067017,3.903651475906372
complete_three_max,psp_006766_1850_red-0101,psp_006766_1850,psp_006766_1850_red-0101_missing_patch_0.15,missing_patch,0.15,1,-0.4442041516304016,3.903651475906372
complete_three_max,psp_006766_1850_red-0101,psp_006766_1850,psp_006766_1850_red-0101_missing_patch_0.3,missing_patch,0.3,1,0.0466001033782959,3.903651475906372
complete_three_max,psp_006766_1850_red-0101,psp_006766_1850,psp_006766_1850_red-0101_missing_patch_0.5,missing_patch,0.5,1,1.0435656309127808,3.903651475906372
complete_three_max,psp_006766_1850_red-0101,psp_006766_1850,psp_006766_1850_red-0101_local_blur_0.15,local_blur,0.15,1,0.0800919383764267,3.903651475906372
complete_three_max,psp_006766_1850_red-0101,psp_006766_1850,psp_006766_1850_red-0101_local_blur_0.3,local_blur,0.3,1,0.08978614956140518,3.903651475906372
complete_three_max,psp_006766_1850_red-0101,psp_006766_1850,psp_006766_1850_red-0101_local_blur_0.5,local_blur,0.5,1,0.1250603348016739,3.903651475906372
complete_three_max,psp_006766_1850_red-0101,psp_006766_1850,psp_006766_1850_red-0101_patch_duplication_0.15,patch_duplication,0.15,1,-0.6756423711776733,3.903651475906372
complete_three_max,psp_006766_1850_red-0101,psp_006766_1850,psp_006766_1850_red-0101_patch_duplication_0.3,patch_duplication,0.3,1,-0.6923230290412903,3.903651475906372
complete_three_max,psp_006766_1850_red-0101,psp_006766_1850,psp_006766_1850_red-0101_patch_duplication_0.5,patch_duplication,0.5,1,-0.715802788734436,3.903651475906372
complete_three_max,psp_006766_1850_red-0101,psp_006766_1850,psp_006766_1850_red-0101_foreign_content_0.15,foreign_content,0.15,1,-0.5841624736785889,3.903651475906372
complete_three_max,psp_006766_1850_red-0101,psp_006766_1850,psp_006766_1850_red-0101_foreign_content_0.3,foreign_content,0.3,1,-0.489271342754364,3.903651475906372
complete_three_max,psp_006766_1850_red-0101,psp_006766_1850,psp_006766_1850_red-0101_foreign_content_0.5,foreign_content,0.5,1,0.07945821434259415,3.903651475906372
complete_three_max,esp_016148_2040_red-0097,esp_016148_2040,esp_016148_2040_red-0097_clean,clean,0.0,0,0.8472412824630737,3.903651475906372
complete_three_max,esp_016148_2040_red-0097,esp_016148_2040,esp_016148_2040_red-0097_stripes_0.15,stripes,0.15,1,0.7305287718772888,3.903651475906372
complete_three_max,esp_016148_2040_red-0097,esp_016148_2040,esp_016148_2040_red-0097_stripes_0.3,stripes,0.3,1,2.759859085083008,3.903651475906372
complete_three_max,esp_016148_2040_red-0097,esp_016148_2040,esp_016148_2040_red-0097_stripes_0.5,stripes,0.5,1,6.361294269561768,3.903651475906372
complete_three_max,esp_016148_2040_red-0097,esp_016148_2040,esp_016148_2040_red-0097_dead_pixels_0.15,dead_pixels,0.15,1,0.894824743270874,3.903651475906372
complete_three_max,esp_016148_2040_red-0097,esp_016148_2040,esp_016148_2040_red-0097_dead_pixels_0.3,dead_pixels,0.3,1,1.2766488790512085,3.903651475906372
complete_three_max,esp_016148_2040_red-0097,esp_016148_2040,esp_016148_2040_red-0097_dead_pixels_0.5,dead_pixels,0.5,1,1.7328507900238037,3.903651475906372
complete_three_max,esp_016148_2040_red-0097,esp_016148_2040,esp_016148_2040_red-0097_missing_patch_0.15,missing_patch,0.15,1,1.8115745782852173,3.903651475906372
complete_three_max,esp_016148_2040_red-0097,esp_016148_2040,esp_016148_2040_red-0097_missing_patch_0.3,missing_patch,0.3,1,1.211817979812622,3.903651475906372
complete_three_max,esp_016148_2040_red-0097,esp_016148_2040,esp_016148_2040_red-0097_missing_patch_0.5,missing_patch,0.5,1,2.5032105445861816,3.903651475906372
complete_three_max,esp_016148_2040_red-0097,esp_016148_2040,esp_016148_2040_red-0097_local_blur_0.15,local_blur,0.15,1,0.8689671754837036,3.903651475906372
complete_three_max,esp_016148_2040_red-0097,esp_016148_2040,esp_016148_2040_red-0097_local_blur_0.3,local_blur,0.3,1,0.8540503978729248,3.903651475906372
complete_three_max,esp_016148_2040_red-0097,esp_016148_2040,esp_016148_2040_red-0097_local_blur_0.5,local_blur,0.5,1,0.8588377237319946,3.903651475906372
complete_three_max,esp_016148_2040_red-0097,esp_016148_2040,esp_016148_2040_red-0097_patch_duplication_0.15,patch_duplication,0.15,1,0.8482487201690674,3.903651475906372
complete_three_max,esp_016148_2040_red-0097,esp_016148_2040,esp_016148_2040_red-0097_patch_duplication_0.3,patch_duplication,0.3,1,0.8468104004859924,3.903651475906372
complete_three_max,esp_016148_2040_red-0097,esp_016148_2040,esp_016148_2040_red-0097_patch_duplication_0.5,patch_duplication,0.5,1,0.8472488522529602,3.903651475906372
complete_three_max,esp_016148_2040_red-0097,esp_016148_2040,esp_016148_2040_red-0097_foreign_content_0.15,foreign_content,0.15,1,0.7814921736717224,3.903651475906372
complete_three_max,esp_016148_2040_red-0097,esp_016148_2040,esp_016148_2040_red-0097_foreign_content_0.3,foreign_content,0.3,1,0.7329800724983215,3.903651475906372
complete_three_max,esp_016148_2040_red-0097,esp_016148_2040,esp_016148_2040_red-0097_foreign_content_0.5,foreign_content,0.5,1,0.929611086845398,3.903651475906372
complete_three_max,esp_011716_0940_red-0008,esp_011716_0940,esp_011716_0940_red-0008_clean,clean,0.0,0,0.025716595351696014,3.903651475906372
complete_three_max,esp_011716_0940_red-0008,esp_011716_0940,esp_011716_0940_red-0008_stripes_0.15,stripes,0.15,1,-0.19366635382175446,3.903651475906372
complete_three_max,esp_011716_0940_red-0008,esp_011716_0940,esp_011716_0940_red-0008_stripes_0.3,stripes,0.3,1,2.073599338531494,3.903651475906372
complete_three_max,esp_011716_0940_red-0008,esp_011716_0940,esp_011716_0940_red-0008_stripes_0.5,stripes,0.5,1,5.910240650177002,3.903651475906372
complete_three_max,esp_011716_0940_red-0008,esp_011716_0940,esp_011716_0940_red-0008_dead_pixels_0.15,dead_pixels,0.15,1,1.0423938035964966,3.903651475906372
complete_three_max,esp_011716_0940_red-0008,esp_011716_0940,esp_011716_0940_red-0008_dead_pixels_0.3,dead_pixels,0.3,1,1.759253978729248,3.903651475906372
complete_three_max,esp_011716_0940_red-0008,esp_011716_0940,esp_011716_0940_red-0008_dead_pixels_0.5,dead_pixels,0.5,1,2.4195804595947266,3.903651475906372
complete_three_max,esp_011716_0940_red-0008,esp_011716_0940,esp_011716_0940_red-0008_missing_patch_0.15,missing_patch,0.15,1,0.03003123216331005,3.903651475906372
complete_three_max,esp_011716_0940_red-0008,esp_011716_0940,esp_011716_0940_red-0008_missing_patch_0.3,missing_patch,0.3,1,0.15537868440151215,3.903651475906372
complete_three_max,esp_011716_0940_red-0008,esp_011716_0940,esp_011716_0940_red-0008_missing_patch_0.5,missing_patch,0.5,1,0.9477740526199341,3.903651475906372
complete_three_max,esp_011716_0940_red-0008,esp_011716_0940,esp_011716_0940_red-0008_local_blur_0.15,local_blur,0.15,1,0.19004462659358978,3.903651475906372
complete_three_max,esp_011716_0940_red-0008,esp_011716_0940,esp_011716_0940_red-0008_local_blur_0.3,local_blur,0.3,1,0.2218947559595108,3.903651475906372
complete_three_max,esp_011716_0940_red-0008,esp_011716_0940,esp_011716_0940_red-0008_local_blur_0.5,local_blur,0.5,1,0.2588331699371338,3.903651475906372
complete_three_max,esp_011716_0940_red-0008,esp_011716_0940,esp_011716_0940_red-0008_patch_duplication_0.15,patch_duplication,0.15,1,-0.14888763427734375,3.903651475906372
complete_three_max,esp_011716_0940_red-0008,esp_011716_0940,esp_011716_0940_red-0008_patch_duplication_0.3,patch_duplication,0.3,1,-0.1073978841304779,3.903651475906372
complete_three_max,esp_011716_0940_red-0008,esp_011716_0940,esp_011716_0940_red-0008_patch_duplication_0.5,patch_duplication,0.5,1,-0.1039714440703392,3.903651475906372
complete_three_max,esp_011716_0940_red-0008,esp_011716_0940,esp_011716_0940_red-0008_foreign_content_0.15,foreign_content,0.15,1,0.08821215480566025,3.903651475906372
complete_three_max,esp_011716_0940_red-0008,esp_011716_0940,esp_011716_0940_red-0008_foreign_content_0.3,foreign_content,0.3,1,0.26887473464012146,3.903651475906372
complete_three_max,esp_011716_0940_red-0008,esp_011716_0940,esp_011716_0940_red-0008_foreign_content_0.5,foreign_content,0.5,1,0.8200684189796448,3.903651475906372
complete_three_max,esp_013141_2105_red-0004,esp_013141_2105,esp_013141_2105_red-0004_clean,clean,0.0,0,0.4023624658584595,3.903651475906372
complete_three_max,esp_013141_2105_red-0004,esp_013141_2105,esp_013141_2105_red-0004_stripes_0.15,stripes,0.15,1,0.39927172660827637,3.903651475906372
complete_three_max,esp_013141_2105_red-0004,esp_013141_2105,esp_013141_2105_red-0004_stripes_0.3,stripes,0.3,1,2.3745365142822266,3.903651475906372
complete_three_max,esp_013141_2105_red-0004,esp_013141_2105,esp_013141_2105_red-0004_stripes_0.5,stripes,0.5,1,6.148373126983643,3.903651475906372
complete_three_max,esp_013141_2105_red-0004,esp_013141_2105,esp_013141_2105_red-0004_dead_pixels_0.15,dead_pixels,0.15,1,0.5694743990898132,3.903651475906372
complete_three_max,esp_013141_2105_red-0004,esp_013141_2105,esp_013141_2105_red-0004_dead_pixels_0.3,dead_pixels,0.3,1,1.0420852899551392,3.903651475906372
complete_three_max,esp_013141_2105_red-0004,esp_013141_2105,esp_013141_2105_red-0004_dead_pixels_0.5,dead_pixels,0.5,1,1.3220657110214233,3.903651475906372
complete_three_max,esp_013141_2105_red-0004,esp_013141_2105,esp_013141_2105_red-0004_missing_patch_0.15,missing_patch,0.15,1,0.3155192732810974,3.903651475906372
complete_three_max,esp_013141_2105_red-0004,esp_013141_2105,esp_013141_2105_red-0004_missing_patch_0.3,missing_patch,0.3,1,0.8898352384567261,3.903651475906372
complete_three_max,esp_013141_2105_red-0004,esp_013141_2105,esp_013141_2105_red-0004_missing_patch_0.5,missing_patch,0.5,1,1.660064697265625,3.903651475906372
complete_three_max,esp_013141_2105_red-0004,esp_013141_2105,esp_013141_2105_red-0004_local_blur_0.15,local_blur,0.15,1,0.4043532609939575,3.903651475906372
complete_three_max,esp_013141_2105_red-0004,esp_013141_2105,esp_013141_2105_red-0004_local_blur_0.3,local_blur,0.3,1,0.4000490605831146,3.903651475906372
complete_three_max,esp_013141_2105_red-0004,esp_013141_2105,esp_013141_2105_red-0004_local_blur_0.5,local_blur,0.5,1,0.3799755871295929,3.903651475906372
complete_three_max,esp_013141_2105_red-0004,esp_013141_2105,esp_013141_2105_red-0004_patch_duplication_0.15,patch_duplication,0.15,1,0.46349790692329407,3.903651475906372
complete_three_max,esp_013141_2105_red-0004,esp_013141_2105,esp_013141_2105_red-0004_patch_duplication_0.3,patch_duplication,0.3,1,0.46228763461112976,3.903651475906372
complete_three_max,esp_013141_2105_red-0004,esp_013141_2105,esp_013141_2105_red-0004_patch_duplication_0.5,patch_duplication,0.5,1,0.3364720344543457,3.903651475906372
complete_three_max,esp_013141_2105_red-0004,esp_013141_2105,esp_013141_2105_red-0004_foreign_content_0.15,foreign_content,0.15,1,0.32529041171073914,3.903651475906372
complete_three_max,esp_013141_2105_red-0004,esp_013141_2105,esp_013141_2105_red-0004_foreign_content_0.3,foreign_content,0.3,1,0.20312157273292542,3.903651475906372
complete_three_max,esp_013141_2105_red-0004,esp_013141_2105,esp_013141_2105_red-0004_foreign_content_0.5,foreign_content,0.5,1,1.1327701807022095,3.903651475906372
complete_three_max,esp_016613_2570_red-0043,esp_016613_2570,esp_016613_2570_red-0043_clean,clean,0.0,0,3.3508803844451904,3.903651475906372
complete_three_max,esp_016613_2570_red-0043,esp_016613_2570,esp_016613_2570_red-0043_stripes_0.15,stripes,0.15,1,3.14674711227417,3.903651475906372
complete_three_max,esp_016613_2570_red-0043,esp_016613_2570,esp_016613_2570_red-0043_stripes_0.3,stripes,0.3,1,2.9420156478881836,3.903651475906372
complete_three_max,esp_016613_2570_red-0043,esp_016613_2570,esp_016613_2570_red-0043_stripes_0.5,stripes,0.5,1,5.98239278793335,3.903651475906372
complete_three_max,esp_016613_2570_red-0043,esp_016613_2570,esp_016613_2570_red-0043_dead_pixels_0.15,dead_pixels,0.15,1,3.2718615531921387,3.903651475906372
complete_three_max,esp_016613_2570_red-0043,esp_016613_2570,esp_016613_2570_red-0043_dead_pixels_0.3,dead_pixels,0.3,1,3.1810474395751953,3.903651475906372
complete_three_max,esp_016613_2570_red-0043,esp_016613_2570,esp_016613_2570_red-0043_dead_pixels_0.5,dead_pixels,0.5,1,3.0794663429260254,3.903651475906372
complete_three_max,esp_016613_2570_red-0043,esp_016613_2570,esp_016613_2570_red-0043_missing_patch_0.15,missing_patch,0.15,1,3.3944318294525146,3.903651475906372
complete_three_max,esp_016613_2570_red-0043,esp_016613_2570,esp_016613_2570_red-0043_missing_patch_0.3,missing_patch,0.3,1,4.349441051483154,3.903651475906372
complete_three_max,esp_016613_2570_red-0043,esp_016613_2570,esp_016613_2570_red-0043_missing_patch_0.5,missing_patch,0.5,1,4.558885097503662,3.903651475906372
complete_three_max,esp_016613_2570_red-0043,esp_016613_2570,esp_016613_2570_red-0043_local_blur_0.15,local_blur,0.15,1,3.3516621589660645,3.903651475906372
complete_three_max,esp_016613_2570_red-0043,esp_016613_2570,esp_016613_2570_red-0043_local_blur_0.3,local_blur,0.3,1,3.3508646488189697,3.903651475906372
complete_three_max,esp_016613_2570_red-0043,esp_016613_2570,esp_016613_2570_red-0043_local_blur_0.5,local_blur,0.5,1,3.420541524887085,3.903651475906372
complete_three_max,esp_016613_2570_red-0043,esp_016613_2570,esp_016613_2570_red-0043_patch_duplication_0.15,patch_duplication,0.15,1,3.344041109085083,3.903651475906372
complete_three_max,esp_016613_2570_red-0043,esp_016613_2570,esp_016613_2570_red-0043_patch_duplication_0.3,patch_duplication,0.3,1,3.4251677989959717,3.903651475906372
complete_three_max,esp_016613_2570_red-0043,esp_016613_2570,esp_016613_2570_red-0043_patch_duplication_0.5,patch_duplication,0.5,1,3.688638687133789,3.903651475906372
complete_three_max,esp_016613_2570_red-0043,esp_016613_2570,esp_016613_2570_red-0043_foreign_content_0.15,foreign_content,0.15,1,3.4055261611938477,3.903651475906372
complete_three_max,esp_016613_2570_red-0043,esp_016613_2570,esp_016613_2570_red-0043_foreign_content_0.3,foreign_content,0.3,1,3.1043825149536133,3.903651475906372
complete_three_max,esp_016613_2570_red-0043,esp_016613_2570,esp_016613_2570_red-0043_foreign_content_0.5,foreign_content,0.5,1,2.047095775604248,3.903651475906372
complete_three_max,esp_017395_1700_red-0049,esp_017395_1700,esp_017395_1700_red-0049_clean,clean,0.0,0,2.128761053085327,3.903651475906372
complete_three_max,esp_017395_1700_red-0049,esp_017395_1700,esp_017395_1700_red-0049_stripes_0.15,stripes,0.15,1,2.0838801860809326,3.903651475906372
complete_three_max,esp_017395_1700_red-0049,esp_017395_1700,esp_017395_1700_red-0049_stripes_0.3,stripes,0.3,1,2.22078537940979,3.903651475906372
complete_three_max,esp_017395_1700_red-0049,esp_017395_1700,esp_017395_1700_red-0049_stripes_0.5,stripes,0.5,1,5.830906867980957,3.903651475906372
complete_three_max,esp_017395_1700_red-0049,esp_017395_1700,esp_017395_1700_red-0049_dead_pixels_0.15,dead_pixels,0.15,1,1.9561196565628052,3.903651475906372
complete_three_max,esp_017395_1700_red-0049,esp_017395_1700,esp_017395_1700_red-0049_dead_pixels_0.3,dead_pixels,0.3,1,1.9856805801391602,3.903651475906372
complete_three_max,esp_017395_1700_red-0049,esp_017395_1700,esp_017395_1700_red-0049_dead_pixels_0.5,dead_pixels,0.5,1,1.8077136278152466,3.903651475906372
complete_three_max,esp_017395_1700_red-0049,esp_017395_1700,esp_017395_1700_red-0049_missing_patch_0.15,missing_patch,0.15,1,2.8509411811828613,3.903651475906372
complete_three_max,esp_017395_1700_red-0049,esp_017395_1700,esp_017395_1700_red-0049_missing_patch_0.3,missing_patch,0.3,1,3.1325442790985107,3.903651475906372
complete_three_max,esp_017395_1700_red-0049,esp_017395_1700,esp_017395_1700_red-0049_missing_patch_0.5,missing_patch,0.5,1,3.569638967514038,3.903651475906372
complete_three_max,esp_017395_1700_red-0049,esp_017395_1700,esp_017395_1700_red-0049_local_blur_0.15,local_blur,0.15,1,2.1332974433898926,3.903651475906372
complete_three_max,esp_017395_1700_red-0049,esp_017395_1700,esp_017395_1700_red-0049_local_blur_0.3,local_blur,0.3,1,2.133044719696045,3.903651475906372
complete_three_max,esp_017395_1700_red-0049,esp_017395_1700,esp_017395_1700_red-0049_local_blur_0.5,local_blur,0.5,1,2.0370256900787354,3.903651475906372
complete_three_max,esp_017395_1700_red-0049,esp_017395_1700,esp_017395_1700_red-0049_patch_duplication_0.15,patch_duplication,0.15,1,2.234691619873047,3.903651475906372
complete_three_max,esp_017395_1700_red-0049,esp_017395_1700,esp_017395_1700_red-0049_patch_duplication_0.3,patch_duplication,0.3,1,2.3499250411987305,3.903651475906372
complete_three_max,esp_017395_1700_red-0049,esp_017395_1700,esp_017395_1700_red-0049_patch_duplication_0.5,patch_duplication,0.5,1,2.0610246658325195,3.903651475906372
complete_three_max,esp_017395_1700_red-0049,esp_017395_1700,esp_017395_1700_red-0049_foreign_content_0.15,foreign_content,0.15,1,2.125847101211548,3.903651475906372
complete_three_max,esp_017395_1700_red-0049,esp_017395_1700,esp_017395_1700_red-0049_foreign_content_0.3,foreign_content,0.3,1,2.2112879753112793,3.903651475906372
complete_three_max,esp_017395_1700_red-0049,esp_017395_1700,esp_017395_1700_red-0049_foreign_content_0.5,foreign_content,0.5,1,2.1932668685913086,3.903651475906372
complete_three_max,esp_012588_0930_red-0008,esp_012588_0930,esp_012588_0930_red-0008_clean,clean,0.0,0,0.007915418595075607,3.903651475906372
complete_three_max,esp_012588_0930_red-0008,esp_012588_0930,esp_012588_0930_red-0008_stripes_0.15,stripes,0.15,1,-0.007450437173247337,3.903651475906372
complete_three_max,esp_012588_0930_red-0008,esp_012588_0930,esp_012588_0930_red-0008_stripes_0.3,stripes,0.3,1,2.412313222885132,3.903651475906372
complete_three_max,esp_012588_0930_red-0008,esp_012588_0930,esp_012588_0930_red-0008_stripes_0.5,stripes,0.5,1,6.151879787445068,3.903651475906372
complete_three_max,esp_012588_0930_red-0008,esp_012588_0930,esp_012588_0930_red-0008_dead_pixels_0.15,dead_pixels,0.15,1,0.9568073749542236,3.903651475906372
complete_three_max,esp_012588_0930_red-0008,esp_012588_0930,esp_012588_0930_red-0008_dead_pixels_0.3,dead_pixels,0.3,1,1.2259056568145752,3.903651475906372
complete_three_max,esp_012588_0930_red-0008,esp_012588_0930,esp_012588_0930_red-0008_dead_pixels_0.5,dead_pixels,0.5,1,1.1972806453704834,3.903651475906372
complete_three_max,esp_012588_0930_red-0008,esp_012588_0930,esp_012588_0930_red-0008_missing_patch_0.15,missing_patch,0.15,1,1.0652480125427246,3.903651475906372
complete_three_max,esp_012588_0930_red-0008,esp_012588_0930,esp_012588_0930_red-0008_missing_patch_0.3,missing_patch,0.3,1,1.105857014656067,3.903651475906372
complete_three_max,esp_012588_0930_red-0008,esp_012588_0930,esp_012588_0930_red-0008_missing_patch_0.5,missing_patch,0.5,1,1.696800708770752,3.903651475906372
complete_three_max,esp_012588_0930_red-0008,esp_012588_0930,esp_012588_0930_red-0008_local_blur_0.15,local_blur,0.15,1,-0.04264060780405998,3.903651475906372
complete_three_max,esp_012588_0930_red-0008,esp_012588_0930,esp_012588_0930_red-0008_local_blur_0.3,local_blur,0.3,1,-0.009843958541750908,3.903651475906372
complete_three_max,esp_012588_0930_red-0008,esp_012588_0930,esp_012588_0930_red-0008_local_blur_0.5,local_blur,0.5,1,0.48607394099235535,3.903651475906372
complete_three_max,esp_012588_0930_red-0008,esp_012588_0930,esp_012588_0930_red-0008_patch_duplication_0.15,patch_duplication,0.15,1,0.008069518022239208,3.903651475906372
complete_three_max,esp_012588_0930_red-0008,esp_012588_0930,esp_012588_0930_red-0008_patch_duplication_0.3,patch_duplication,0.3,1,0.006784857250750065,3.903651475906372
complete_three_max,esp_012588_0930_red-0008,esp_012588_0930,esp_012588_0930_red-0008_patch_duplication_0.5,patch_duplication,0.5,1,-0.004025071859359741,3.903651475906372
complete_three_max,esp_012588_0930_red-0008,esp_012588_0930,esp_012588_0930_red-0008_foreign_content_0.15,foreign_content,0.15,1,0.012580138631165028,3.903651475906372
complete_three_max,esp_012588_0930_red-0008,esp_012588_0930,esp_012588_0930_red-0008_foreign_content_0.3,foreign_content,0.3,1,0.09358888864517212,3.903651475906372
complete_three_max,esp_012588_0930_red-0008,esp_012588_0930,esp_012588_0930_red-0008_foreign_content_0.5,foreign_content,0.5,1,1.0773073434829712,3.903651475906372
complete_three_max,esp_049651_1050_red-0030,esp_049651_1050,esp_049651_1050_red-0030_clean,clean,0.0,0,0.19572687149047852,3.903651475906372
complete_three_max,esp_049651_1050_red-0030,esp_049651_1050,esp_049651_1050_red-0030_stripes_0.15,stripes,0.15,1,0.34700897336006165,3.903651475906372
complete_three_max,esp_049651_1050_red-0030,esp_049651_1050,esp_049651_1050_red-0030_stripes_0.3,stripes,0.3,1,2.597707986831665,3.903651475906372
complete_three_max,esp_049651_1050_red-0030,esp_049651_1050,esp_049651_1050_red-0030_stripes_0.5,stripes,0.5,1,6.236200332641602,3.903651475906372
complete_three_max,esp_049651_1050_red-0030,esp_049651_1050,esp_049651_1050_red-0030_dead_pixels_0.15,dead_pixels,0.15,1,0.731229841709137,3.903651475906372
complete_three_max,esp_049651_1050_red-0030,esp_049651_1050,esp_049651_1050_red-0030_dead_pixels_0.3,dead_pixels,0.3,1,1.0192598104476929,3.903651475906372
complete_three_max,esp_049651_1050_red-0030,esp_049651_1050,esp_049651_1050_red-0030_dead_pixels_0.5,dead_pixels,0.5,1,1.5669071674346924,3.903651475906372
complete_three_max,esp_049651_1050_red-0030,esp_049651_1050,esp_049651_1050_red-0030_missing_patch_0.15,missing_patch,0.15,1,0.5644093751907349,3.903651475906372
complete_three_max,esp_049651_1050_red-0030,esp_049651_1050,esp_049651_1050_red-0030_missing_patch_0.3,missing_patch,0.3,1,0.760482668876648,3.903651475906372
complete_three_max,esp_049651_1050_red-0030,esp_049651_1050,esp_049651_1050_red-0030_missing_patch_0.5,missing_patch,0.5,1,1.0921781063079834,3.903651475906372
complete_three_max,esp_049651_1050_red-0030,esp_049651_1050,esp_049651_1050_red-0030_local_blur_0.15,local_blur,0.15,1,0.19600437581539154,3.903651475906372
complete_three_max,esp_049651_1050_red-0030,esp_049651_1050,esp_049651_1050_red-0030_local_blur_0.3,local_blur,0.3,1,0.1951700896024704,3.903651475906372
complete_three_max,esp_049651_1050_red-0030,esp_049651_1050,esp_049651_1050_red-0030_local_blur_0.5,local_blur,0.5,1,0.19533194601535797,3.903651475906372
complete_three_max,esp_049651_1050_red-0030,esp_049651_1050,esp_049651_1050_red-0030_patch_duplication_0.15,patch_duplication,0.15,1,0.1875208467245102,3.903651475906372
complete_three_max,esp_049651_1050_red-0030,esp_049651_1050,esp_049651_1050_red-0030_patch_duplication_0.3,patch_duplication,0.3,1,0.18231603503227234,3.903651475906372
complete_three_max,esp_049651_1050_red-0030,esp_049651_1050,esp_049651_1050_red-0030_patch_duplication_0.5,patch_duplication,0.5,1,0.21031567454338074,3.903651475906372
complete_three_max,esp_049651_1050_red-0030,esp_049651_1050,esp_049651_1050_red-0030_foreign_content_0.15,foreign_content,0.15,1,0.18559087812900543,3.903651475906372
complete_three_max,esp_049651_1050_red-0030,esp_049651_1050,esp_049651_1050_red-0030_foreign_content_0.3,foreign_content,0.3,1,0.16872961819171906,3.903651475906372
complete_three_max,esp_049651_1050_red-0030,esp_049651_1050,esp_049651_1050_red-0030_foreign_content_0.5,foreign_content,0.5,1,0.30201900005340576,3.903651475906372
