path,status,error,format,width,height,mode,channels,frames,label,class_name,original_split,base_id,augmentations,sha256,pixel_sha256,phash,mean,std,group_id,flags,class_id,source_id,supplied_splits,supplied_row_count,supplied_split_row_counts,assigned_split,split_group_id,is_original,origin,is_anomaly,image_path,role,family,severity,case_id,pixel,texture,spectral,seconds
map-proj-v3_2/ESP_011623_2100_RED-0046.jpg,ok,,JPEG,227.0,227.0,L,1.0,1.0,normal,other,train,esp_011623_2100_red-0046,[],9d64c47531f202efe0b38e8f6c05f7e3c3ea7e7bd7e8d8f6eb937489574a1a63,7b7cd2ff7c2e1a33f0cbe7af9d98a10bcff84488167880f4ef9e0e622f1df2f1,a8bff39ea5b50110,103.05996623260688,17.75609924558901,5d46420004b2349a,[],0.0,esp_011623_2100,['train'],1.0,Counter({'train': 1}),val,eb8c04e9d753e391,True,hirise_clean,0,C:\Users\deves\OneDrive\Desktop\Projects\TCMD-SS\data\raw\hirise_v3_2\map-proj-v3_2\ESP_011623_2100_RED-0046.jpg,calibration_a,clean,0.0,esp_011623_2100_red-0046_clean,0.30690205097198486,0.8331177830696106,0.7127963304519653,1.0555273500001476
map-proj-v3_2/PSP_008462_1440_RED-0009.jpg,ok,,JPEG,227.0,227.0,L,1.0,1.0,normal,crater,val,psp_008462_1440_red-0009,[],6b4902367a5d20238b1d7e1f92bbc803fcf5445ee32306f35c8413ef29b243e1,60fced457b6924c59719823d4aa8c3bd4867f718250273ccbe57dcfc4e40c91f,b8f963c6cc1a72c2,70.78967183527722,18.170293603235937,fcefe70ffd4c2806,[],1.0,psp_008462_1440,['val'],1.0,Counter({'val': 1}),val,59d2c6861deea26d,True,hirise_clean,0,C:\Users\deves\OneDrive\Desktop\Projects\TCMD-SS\data\raw\hirise_v3_2\map-proj-v3_2\PSP_008462_1440_RED-0009.jpg,calibration_a,clean,0.0,psp_008462_1440_red-0009_clean,0.34894078969955444,1.1541897058486938,0.6386094093322754,1.0555273500001476
map-proj-v3_2/ESP_033955_2065_RED-0054.jpg,ok,,JPEG,227.0,227.0,L,1.0,1.0,normal,dark dune,train,esp_033955_2065_red-0054,[],9db4905ddef778b9c5e326672acea4afb0f5048684ad8a08daf80e54bbe309eb,e095e5ec227b04de3cab0bcd6367c196adcc341a582d41fd0fa2a0fc4045d441,eddcb26ac45892a6,49.91313629218498,14.378030768893224,3f0fe2b69b633511,[],2.0,esp_033955_2065,['train'],1.0,Counter({'train': 1}),val,ff393e6c547ee767,True,hirise_clean,0,C:\Users\deves\OneDrive\Desktop\Projects\TCMD-SS\data\raw\hirise_v3_2\map-proj-v3_2\ESP_033955_2065_RED-0054.jpg,calibration_a,clean,0.0,esp_033955_2065_red-0054_clean,0.3917379379272461,3.424619674682617,0.7714995741844177,1.0555273500001476
map-proj-v3_2/ESP_012700_2025_RED-0016.jpg,ok,,JPEG,227.0,227.0,L,1.0,1.0,normal,slope streak,train,esp_012700_2025_red-0016,[],c2763f3a7559298d0ae0148dc9186f654c63d9a92f77110bca817784b7d6e366,32d7e73fa0c9bc4ed3865b54cc3f5b0766cce74cab73cb4c8d0c54d62d7a2877,a7c09e1ea45887fc,77.43779231112578,22.638132953483147,b3956b4657d285af,[],3.0,esp_012700_2025,['train'],1.0,Counter({'train': 1}),val,43c5a364fd2e03af,True,hirise_clean,0,C:\Users\deves\OneDrive\Desktop\Projects\TCMD-SS\data\raw\hirise_v3_2\map-proj-v3_2\ESP_012700_2025_RED-0016.jpg,calibration_a,clean,0.0,esp_012700_2025_red-0016_clean,0.4008946716785431,2.853044271469116,0.8860257863998413,1.0555273500001476
map-proj-v3_2/ESP_016631_2535_RED-0038.jpg,ok,,JPEG,227.0,227.0,L,1.0,1.0,normal,bright dune,train,esp_016631_2535_red-0038,[],d9d28284ac5ee7e0967f961b0397f1972c989f1e6be75a61195f499c31e889d0,a8f845085668bf1240de697dc16fcbd712b74d37a4566d5a06a60092a099d421,e4ef9b48cc4233b1,137.49100506510896,18.187458260237857,b2a1058fa211f36d,[],4.0,esp_016631_2535,['train'],1.0,Counter({'train': 1}),val,501845ae468bdee7,True,hirise_clean,0,C:\Users\deves\OneDrive\Desktop\Projects\TCMD-SS\data\raw\hirise_v3_2\map-proj-v3_2\ESP_016631_2535_RED-0038.jpg,calibration_a,clean,0.0,esp_016631_2535_red-0038_clean,0.37582236528396606,1.1347224712371826,0.4762956500053406,0.3661169750000681
map-proj-v3_2/ESP_046549_1790_RED-0109.jpg,ok,,JPEG,227.0,227.0,L,1.0,1.0,normal,impact ejecta,train,esp_046549_1790_red-0109,[],5462d265b28fec66fe2a57f534be1aa61dae96abe244ba07009409b74264a7cc,2e8ab9a8b5712fb0d0311baa4c3ba965b450ef8c988d984440ee359cfc1fca90,fa7e9b3870c19924,108.04193754972928,15.683053488424385,64db8efd5de275cf,[],5.0,esp_046549_1790,['train'],2.0,Counter({'train': 2}),val,1a05a783ca59cf66,True,hirise_clean,0,C:\Users\deves\OneDrive\Desktop\Projects\TCMD-SS\data\raw\hirise_v3_2\map-proj-v3_2\ESP_046549_1790_RED-0109.jpg,calibration_a,clean,0.0,esp_046549_1790_red-0109_clean,0.2716037929058075,2.2054057121276855,0.4789854884147644,0.3661169750000681
map-proj-v3_2/ESP_040664_1050_RED-0040.jpg,ok,,JPEG,227.0,227.0,L,1.0,1.0,normal,spider,val,esp_040664_1050_red-0040,[],e56a48d4b9f00dcef119aee11d020648cbbd4eff1f1fdce929868b7507b0f5cb,2466854ce384dbdcf465b4360c5d1c7ba1cb568ca1c13947768754ead3e88d58,89c3f0dc72d46aaa,59.47476178462613,40.31135287288067,b3cee37f2e461039,[],7.0,esp_040664_1050,['val'],1.0,Counter({'val': 1}),val,146721ebbbcd68c2,True,hirise_clean,0,C:\Users\deves\OneDrive\Desktop\Projects\TCMD-SS\data\raw\hirise_v3_2\map-proj-v3_2\ESP_040664_1050_RED-0040.jpg,calibration_a,clean,0.0,esp_040664_1050_red-0040_clean,0.5465297698974609,3.9247093200683594,2.0378808975219727,0.3661169750000681
map-proj-v3_2/ESP_016648_1665_RED-0320.jpg,ok,,JPEG,227.0,227.0,L,1.0,1.0,normal,other,test,esp_016648_1665_red-0320,[],61b06e3977688b9d0f8cffc1a382402e179ce18bb6e949c33fbd55bc1fda415b,d8567b4e4e8eef21a818091efedbee5cb8e5ff21a22b651727014b2123c9a35b,944db96be9d201f2,107.03508703836674,24.143825421335933,5d5894bc6913fbe7,[],0.0,esp_016648_1665,['test'],1.0,Counter({'test': 1}),val,59d2c6861deea26d,True,hirise_clean,0,C:\Users\deves\OneDrive\Desktop\Projects\TCMD-SS\data\raw\hirise_v3_2\map-proj-v3_2\ESP_016648_1665_RED-0320.jpg,calibration_a,clean,0.0,esp_016648_1665_red-0320_clean,0.2738773822784424,0.09088172018527985,0.6391350626945496,0.3661169750000681
map-proj-v3_2/ESP_025163_1890_RED-0107.jpg,ok,,JPEG,227.0,227.0,L,1.0,1.0,normal,crater,train,esp_025163_1890_red-0107,[],04278ae702496944f61ccb45249b1543e8dbd7f6816cd7441c1e8aa32e4c443f,fc7c2189c35f3169939a874b154831451c95fa7107837e512e2eb0afcd35f161,bffa01875225c993,166.56249878709076,15.99833275280692,90fa20beb4ab3b7c,[],1.0,esp_025163_1890,['train'],1.0,Counter({'train': 1}),val,59d2c6861deea26d,True,hirise_clean,0,C:\Users\deves\OneDrive\Desktop\Projects\TCMD-SS\data\raw\hirise_v3_2\map-proj-v3_2\ESP_025163_1890_RED-0107.jpg,calibration_a,clean,0.0,esp_025163_1890_red-0107_clean,0.4242641031742096,2.0706329345703125,0.7621338367462158,0.36321544999987054
map-proj-v3_2/ESP_033955_2065_RED-0030.jpg,ok,,JPEG,227.0,227.0,L,1.0,1.0,normal,dark dune,train,esp_033955_2065_red-0030,[],5880e2b6d734de5aa27c61821e1a64add96a2f023ef04fcf1b3bbd9e8f47b93f,f6df2f829dc6e12b4e180d45ec5980d8d64752f12688891e7681017142a856f0,f4c281c7cfd99286,37.33348211686623,32.9154680875207,dd7275e6550a4bac,[],2.0,esp_033955_2065,['train'],1.0,Counter({'train': 1}),val,ff393e6c547ee767,True,hirise_clean,0,C:\Users\deves\OneDrive\Desktop\Projects\TCMD-SS\data\raw\hirise_v3_2\map-proj-v3_2\ESP_033955_2065_RED-0030.jpg,calibration_a,clean,0.0,esp_033955_2065_red-0030_clean,0.441781222820282,3.987123966217041,0.8600056171417236,0.36321544999987054
map-proj-v3_2/ESP_012700_2025_RED-0017.jpg,ok,,JPEG,227.0,227.0,L,1.0,1.0,normal,slope streak,train,esp_012700_2025_red-0017,[],52aa476d6160defa7b60ed220defb8c4c18a094f46d2e79b87f4c68200d7f9d7,197cf2a71f6842504cc42df86d08a8a13e689b45cb35d9806a0fb5c5aadfb6e8,a8a4cabb72ccdc91,90.1909604300491,17.9549489749974,29a2864a2b748900,[],3.0,esp_012700_2025,['train'],1.0,Counter({'train': 1}),val,43c5a364fd2e03af,True,hirise_clean,0,C:\Users\deves\OneDrive\Desktop\Projects\TCMD-SS\data\raw\hirise_v3_2\map-proj-v3_2\ESP_012700_2025_RED-0017.jpg,calibration_a,clean,0.0,esp_012700_2025_red-0017_clean,0.31913110613822937,3.01963210105896,0.8085469603538513,0.36321544999987054
map-proj-v3_2/ESP_016631_2535_RED-0103.jpg,ok,,JPEG,227.0,227.0,L,1.0,1.0,normal,bright dune,train,esp_016631_2535_red-0103,[],130225e207c13a7886b60f5f89be5ac7532a08273c29913a57c1be98d8f96f1b,b87355cabfc76216e2d26c515e5e8f9c77830d978c1f0b3e854fd8919120e9b4,eca293b9ccc63351,140.2702749907819,19.90020751742584,79a9d51e9250338e,[],4.0,esp_016631_2535,['train'],1.0,Counter({'train': 1}),val,501845ae468bdee7,True,hirise_clean,0,C:\Users\deves\OneDrive\Desktop\Projects\TCMD-SS\data\raw\hirise_v3_2\map-proj-v3_2\ESP_016631_2535_RED-0103.jpg,calibration_a,clean,0.0,esp_016631_2535_red-0103_clean,0.4117426872253418,1.9016910791397095,0.6383861899375916,0.36321544999987054
map-proj-v3_2/ESP_046549_1790_RED-0052.jpg,ok,,JPEG,227.0,227.0,L,1.0,1.0,normal,impact ejecta,train,esp_046549_1790_red-0052,[],c25f60dfb7e389b1eb00cd58a0bebecbebc61a33e92edb8d2385593a95bbb74d,06eada0931c59f02b5e549aa490bc56ed79a1360d874d5886737858eee43637a,a36c9a336136966d,133.4811465388422,21.563427989312903,92a28e8c24a6fd8d,[],5.0,esp_046549_1790,['train'],2.0,Counter({'train': 2}),val,1a05a783ca59cf66,True,hirise_clean,0,C:\Users\deves\OneDrive\Desktop\Projects\TCMD-SS\data\raw\hirise_v3_2\map-proj-v3_2\ESP_046549_1790_RED-0052.jpg,calibration_a,clean,0.0,esp_046549_1790_red-0052_clean,0.40817105770111084,1.2196224927902222,0.19026976823806763,0.36488170000006903
map-proj-v3_2/ESP_011623_2100_RED-0356.jpg,ok,,JPEG,227.0,227.0,L,1.0,1.0,normal,other,train,esp_011623_2100_red-0356,[],56acf5dd88d7a467c1494456226886d02512ecf460ffa88141060ebb76467791,c8c04d02181e9c062145ec8c6c07450fc00d6d163be65d6443d820947010a395,aa96d612399caa1f,99.57272603776514,18.41870908935005,ccd4da24eae3ecbe,[],0.0,esp_011623_2100,['train'],1.0,Counter({'train': 1}),val,eb8c04e9d753e391,True,hirise_clean,0,C:\Users\deves\OneDrive\Desktop\Projects\TCMD-SS\data\raw\hirise_v3_2\map-proj-v3_2\ESP_011623_2100_RED-0356.jpg,calibration_a,clean,0.0,esp_011623_2100_red-0356_clean,0.3100854754447937,1.2869727611541748,0.8470554947853088,0.36488170000006903
map-proj-v3_2/ESP_026472_1410_RED-0306.jpg,ok,,JPEG,227.0,227.0,L,1.0,1.0,normal,crater,train,esp_026472_1410_red-0306,[],eb8a69184faa21afc034727ad5873418a117dfdb38b32001cef009f538277407,91e6286e202c7c7d6ce92c29c21fcf990903754ad803f6cabe45825874ca64c5,db29263c310ff067,77.28502396708649,55.58436984502594,550e00dc2ba78c57,[],1.0,esp_026472_1410,['train'],1.0,Counter({'train': 1}),val,59d2c6861deea26d,True,hirise_clean,0,C:\Users\deves\OneDrive\Desktop\Projects\TCMD-SS\data\raw\hirise_v3_2\map-proj-v3_2\ESP_026472_1410_RED-0306.jpg,calibration_a,clean,0.0,esp_026472_1410_red-0306_clean,0.4482625424861908,4.2766571044921875,1.634974718093872,0.36488170000006903
map-proj-v3_2/ESP_033955_2065_RED-0046.jpg,ok,,JPEG,227.0,227.0,L,1.0,1.0,normal,dark dune,train,esp_033955_2065_red-0046,[],97bd6044dfe4a6ba4daa8091ade713eef98d7168ff2d1187f9b9a097196e1b45,fdec44d67a272c19172dd2dde8760ead13e90089d29b17a9e209cf119d2d46db,b2664cd982e6cfc1,50.85495546197287,13.680006530927932,a75aca2bccb77624,[],2.0,esp_033955_2065,['train'],1.0,Counter({'train': 1}),val,ff393e6c547ee767,True,hirise_clean,0,C:\Users\deves\OneDrive\Desktop\Projects\TCMD-SS\data\raw\hirise_v3_2\map-proj-v3_2\ESP_033955_2065_RED-0046.jpg,calibration_a,clean,0.0,esp_033955_2065_red-0046_clean,0.33689773082733154,3.7532384395599365,0.9546933770179749,0.36488170000006903
map-proj-v3_2/ESP_012700_2025_RED-0079.jpg,ok,,JPEG,227.0,227.0,L,1.0,1.0,normal,slope streak,train,esp_012700_2025_red-0079,[],2fd11e357f4a22ea4284ade5eb2d32e77ec1f1ef3ca515052adfe9e343c69174,335a6bb0d16927045f4b552fa77b19729d260bc76f6048be50d756a728b5092e,e9263396dbc1296c,105.3024898600788,28.80661375032923,678ca517d0d276de,[],3.0,esp_012700_2025,['train'],1.0,Counter({'train': 1}),val,43c5a364fd2e03af,True,hirise_clean,0,C:\Users\deves\OneDrive\Desktop\Projects\TCMD-SS\data\raw\hirise_v3_2\map-proj-v3_2\ESP_012700_2025_RED-0079.jpg,calibration_a,clean,0.0,esp_012700_2025_red-0079_clean,0.272511750459671,2.5877974033355713,0.9130418300628662,0.3627110750001066
map-proj-v3_2/ESP_016631_2535_RED-0167.jpg,ok,,JPEG,227.0,227.0,L,1.0,1.0,normal,bright dune,train,esp_016631_2535_red-0167,[],133c3ed602ca0bc98fc0245f832bc8069b18a6a65312cbbff40f9e74c2af9fe9,b3b8a1acd3d233e2769f5fb4b23f13abf859258197ed69b09e7911ed127cb4fa,821ffca8ae227533,121.06887383803296,62.07989169791895,2d549e099a6c3e94,[],4.0,esp_016631_2535,['train'],1.0,Counter({'train': 1}),val,501845ae468bdee7,True,hirise_clean,0,C:\Users\deves\OneDrive\Desktop\Projects\TCMD-SS\data\raw\hirise_v3_2\map-proj-v3_2\ESP_016631_2535_RED-0167.jpg,calibration_a,clean,0.0,esp_016631_2535_red-0167_clean,0.6267407536506653,4.254326820373535,1.8624935150146484,0.3627110750001066
map-proj-v3_2/ESP_046549_1790_RED-0002.jpg,ok,,JPEG,227.0,227.0,L,1.0,1.0,normal,impact ejecta,train,esp_046549_1790_red-0002,[],33d7c26a7ffaef886f3e00bf3824d59ae3e91ef78661a9e465192932234fda78,960e8907e257053be0927e79d0ecee6efd6e3ddaa19de3a9d433e406a1849ca1,b782599867a36e94,111.62201866909896,35.34909725601698,7c569eddccc100ce,[],5.0,esp_046549_1790,['train'],2.0,Counter({'train': 2}),val,1a05a783ca59cf66,True,hirise_clean,0,C:\Users\deves\OneDrive\Desktop\Projects\TCMD-SS\data\raw\hirise_v3_2\map-proj-v3_2\ESP_046549_1790_RED-0002.jpg,calibration_a,clean,0.0,esp_046549_1790_red-0002_clean,0.5224484801292419,4.142240524291992,0.5208128094673157,0.3627110750001066
map-proj-v3_2/PSP_008462_1440_RED-0039.jpg,ok,,JPEG,227.0,227.0,L,1.0,1.0,normal,other,val,psp_008462_1440_red-0039,[],761143ed4e5a6b755d6ceb054cced6a00da0d0ac60c40398fcf3e7cbd2f0ea58,ccbbe0be0d49bb7d02dc52e779f34bc7b8ded0f5db88945ede5c92ccf5fa48f9,f3932c99d3664499,74.99402278328708,17.8186215260686,a1cad7a90201ffb9,[],0.0,psp_008462_1440,['val'],1.0,Counter({'val': 1}),val,59d2c6861deea26d,True,hirise_clean,0,C:\Users\deves\OneDrive\Desktop\Projects\TCMD-SS\data\raw\hirise_v3_2\map-proj-v3_2\PSP_008462_1440_RED-0039.jpg,calibration_a,clean,0.0,psp_008462_1440_red-0039_clean,0.30249571800231934,1.7292472124099731,0.6744866371154785,0.3627110750001066
map-proj-v3_2/ESP_026472_1410_RED-0243.jpg,ok,,JPEG,227.0,227.0,L,1.0,1.0,normal,crater,train,esp_026472_1410_red-0243,[],47259d9221c7a8095878a180dc797a026f8e32be9cce06ba895addb07984c4a6,a701bb13e584bde0aef14e19d63dd19200a02123d055e5379b414c90dc9223e0,d6aa152a462f5f98,89.32884395194938,20.405035615101824,d4586bcb98cfb46a,[],1.0,esp_026472_1410,['train'],1.0,Counter({'train': 1}),val,59d2c6861deea26d,True,hirise_clean,0,C:\Users\deves\OneDrive\Desktop\Projects\TCMD-SS\data\raw\hirise_v3_2\map-proj-v3_2\ESP_026472_1410_RED-0243.jpg,calibration_a,clean,0.0,esp_026472_1410_red-0243_clean,0.3980492353439331,2.5500733852386475,1.0038203001022339,0.368927875000054
map-proj-v3_2/ESP_033955_2065_RED-0024.jpg,ok,,JPEG,227.0,227.0,L,1.0,1.0,normal,dark dune,train,esp_033955_2065_red-0024,[],3f8fb911df15e2f638d5d1e38a21125047875767b723679f6bbb899cf4416c16,53c69a532052ceb7a5d7d3953a66ca49ed91fb139c600f5f9bff043ef3790021,c17c3e64e1ca9a96,51.20378815812455,32.59124771639787,6b0f19f17a1951e2,[],2.0,esp_033955_2065,['train'],1.0,Counter({'train': 1}),val,ff393e6c547ee767,True,hirise_clean,0,C:\Users\deves\OneDrive\Desktop\Projects\TCMD-SS\data\raw\hirise_v3_2\map-proj-v3_2\ESP_033955_2065_RED-0024.jpg,calibration_a,clean,0.0,esp_033955_2065_red-0024_clean,0.5379338264465332,3.929143190383911,0.6582927703857422,0.368927875000054
map-proj-v3_2/ESP_012700_2025_RED-0040.jpg,ok,,JPEG,227.0,227.0,L,1.0,1.0,normal,slope streak,train,esp_012700_2025_red-0040,[],c0893e0892f9134201b5deb35ebc1b30cc076e557e964f1b550041a43e1f46d5,3ee6288770973563657188a131135aa090cdf4740a460f5e7dd14dc551a56dae,80d4dfbd3f84d00e,104.563236235906,42.43061128186977,b3f54ee11dc22a5f,[],3.0,esp_012700_2025,['train'],1.0,Counter({'train': 1}),val,43c5a364fd2e03af,True,hirise_clean,0,C:\Users\deves\OneDrive\Desktop\Projects\TCMD-SS\data\raw\hirise_v3_2\map-proj-v3_2\ESP_012700_2025_RED-0040.jpg,calibration_a,clean,0.0,esp_012700_2025_red-0040_clean,0.57119220495224,3.791472911834717,1.1334378719329834,0.368927875000054
map-proj-v3_2/ESP_016631_2535_RED-0055.jpg,ok,,JPEG,227.0,227.0,L,1.0,1.0,normal,bright dune,train,esp_016631_2535_red-0055,[],f41025353eeb131afcf5665555aad02e152703df940f538c1919ada3daea80d1,c0a6314eb4349532844aeab0de20d9a9174f12c0d6e15cb3b443c2f9bb9bfa9e,ace3931c45fc13d8,141.48252440373383,17.03528758142139,79335fce86a3960c,[],4.0,esp_016631_2535,['train'],1.0,Counter({'train': 1}),val,501845ae468bdee7,True,hirise_clean,0,C:\Users\deves\OneDrive\Desktop\Projects\TCMD-SS\data\raw\hirise_v3_2\map-proj-v3_2\ESP_016631_2535_RED-0055.jpg,calibration_a,clean,0.0,esp_016631_2535_red-0055_clean,0.3232971429824829,1.894546627998352,0.5159339308738708,0.368927875000054
map-proj-v3_2/ESP_046549_1790_RED-0153.jpg,ok,,JPEG,227.0,227.0,L,1.0,1.0,normal,impact ejecta,train,esp_046549_1790_red-0153,[],b3c0a69e4cfe48e717cd3434da6567f7b627019c133672d1d510bba1ad94b0e7,bb0151ed290d800942ccb286dd06d79375f1e92c551c1b4a84d19023815156d8,80f08fd97139b366,85.50070833899358,34.63399035819929,a7e6f24afd3fff41,[],5.0,esp_046549_1790,['train'],2.0,Counter({'train': 2}),val,1a05a783ca59cf66,True,hirise_clean,0,C:\Users\deves\OneDrive\Desktop\Projects\TCMD-SS\data\raw\hirise_v3_2\map-proj-v3_2\ESP_046549_1790_RED-0153.jpg,calibration_a,clean,0.0,esp_046549_1790_red-0153_clean,0.5458623170852661,3.742499351501465,0.6433863043785095,0.370001024999965
map-proj-v3_2/ESP_028329_1350_RED-0320.jpg,ok,,JPEG,227.0,227.0,L,1.0,1.0,normal,other,train,esp_028329_1350_red-0320,[],43019c177b4de2a48a66862a50f39df141750f25e1061a0e27b84c8870123bac,2dbd7d8445c165310fd7d513f7703ee65d4efa201870e769cd35d2b8eaa61f10,d61c4b7821f52bc5,149.6948708494246,14.435852101332516,1ae7837f8cd1973b,[],0.0,esp_028329_1350,['train'],1.0,Counter({'train': 1}),val,0a78d2ee17f9e0b7,True,hirise_clean,0,C:\Users\deves\OneDrive\Desktop\Projects\TCMD-SS\data\raw\hirise_v3_2\map-proj-v3_2\ESP_028329_1350_RED-0320.jpg,calibration_a,clean,0.0,esp_028329_1350_red-0320_clean,0.284562349319458,1.4835789203643799,0.5633688569068909,0.370001024999965
map-proj-v3_2/ESP_011623_2100_RED-0015.jpg,ok,,JPEG,227.0,227.0,L,1.0,1.0,normal,crater,train,esp_011623_2100_red-0015,[],80702887c31cdd22843b67918c018681436e25218fb5b84bdb5475f54111a74f,d0a861896b5a88a8aa35f6fe703eced52d61107b2739d2cde65b1264b0f0f3b8,a80ea3d9ce6719cc,99.70146907566613,18.45125285065055,3de698e5fc16a0ee,[],1.0,esp_011623_2100,['train'],1.0,Counter({'train': 1}),val,eb8c04e9d753e391,True,hirise_clean,0,C:\Users\deves\OneDrive\Desktop\Projects\TCMD-SS\data\raw\hirise_v3_2\map-proj-v3_2\ESP_011623_2100_RED-0015.jpg,calibration_a,clean,0.0,esp_011623_2100_red-0015_clean,0.37076351046562195,1.161609172821045,0.5437306761741638,0.370001024999965
map-proj-v3_2/ESP_033955_2065_RED-0048.jpg,ok,,JPEG,227.0,227.0,L,1.0,1.0,normal,dark dune,train,esp_033955_2065_red-0048,[],c902f16ed83d1c39b80ac9f7204bbb0d3080a236b63e0dbb8730296c95d4d808,8f65a576e449e149c3e9b6b722a6619882460015fd904d89f9bbb31586637eb6,dbb146d4d992d189,49.11781715150692,21.115461465038987,7c5bd67cd658b091,[],2.0,esp_033955_2065,['train'],1.0,Counter({'train': 1}),val,ff393e6c547ee767,True,hirise_clean,0,C:\Users\deves\OneDrive\Desktop\Projects\TCMD-SS\data\raw\hirise_v3_2\map-proj-v3_2\ESP_033955_2065_RED-0048.jpg,calibration_a,clean,0.0,esp_033955_2065_red-0048_clean,0.3898985683917999,3.579021692276001,1.5288000106811523,0.370001024999965
map-proj-v3_2/ESP_012700_2025_RED-0012.jpg,ok,,JPEG,227.0,227.0,L,1.0,1.0,normal,slope streak,train,esp_012700_2025_red-0012,[],64286241d5586e39cd869a680ddba815cbfc53ec5dd53733ad33ff824bcc0f3f,8001769d26b798f402a326768648e8caa8616e391ffdd051c0e0786047933475,97e02ecbaba5cc84,59.42671117234955,23.64800525601865,13f0549cc3cbcafc,[],3.0,esp_012700_2025,['train'],1.0,Counter({'train': 1}),val,43c5a364fd2e03af,True,hirise_clean,0,C:\Users\deves\OneDrive\Desktop\Projects\TCMD-SS\data\raw\hirise_v3_2\map-proj-v3_2\ESP_012700_2025_RED-0012.jpg,calibration_a,clean,0.0,esp_012700_2025_red-0012_clean,0.4840392470359802,3.0128300189971924,1.2422384023666382,0.35629487500000323
map-proj-v3_2/ESP_016683_2535_RED-0067.jpg,ok,,JPEG,227.0,227.0,L,1.0,1.0,normal,bright dune,train,esp_016683_2535_red-0067,[],1edfed2d7fb5c94a51c350c982fb43cdba7ce635938bed1fc9674475ab19bf03,6ad3300e0bcaee015ec358eb31fd39b3c901a831460bf0c4ecee384efb33e5bb,87e0b6c9993665cc,143.50495837295503,73.99244640030204,045e289fcdeafd69,[],4.0,esp_016683_2535,['train'],1.0,Counter({'train': 1}),val,501845ae468bdee7,True,hirise_clean,0,C:\Users\deves\OneDrive\Desktop\Projects\TCMD-SS\data\raw\hirise_v3_2\map-proj-v3_2\ESP_016683_2535_RED-0067.jpg,calibration_a,clean,0.0,esp_016683_2535_red-0067_clean,0.7077510952949524,4.689709186553955,1.8099544048309326,0.35629487500000323
map-proj-v3_2/ESP_046549_1790_RED-0141.jpg,ok,,JPEG,227.0,227.0,L,1.0,1.0,normal,impact ejecta,train,esp_046549_1790_red-0141,[],86566ae816c58e9e21e1072b70519c728371cee207db8c1c8c6965afd631866c,af8c5ff780bc87d4aa2922b5a1aaa95aaf58ec1e3b06a6eefd770a76d1f2d853,e40492db616ebc73,111.72396126453066,27.730228021074268,b2a58d8f13416b22,[],5.0,esp_046549_1790,['train'],2.0,Counter({'train': 2}),val,1a05a783ca59cf66,True,hirise_clean,0,C:\Users\deves\OneDrive\Desktop\Projects\TCMD-SS\data\raw\hirise_v3_2\map-proj-v3_2\ESP_046549_1790_RED-0141.jpg,calibration_a,clean,0.0,esp_046549_1790_red-0141_clean,0.3561486303806305,1.117564082145691,0.8975721597671509,0.35629487500000323
map-proj-v3_2/PSP_006879_2335_RED-0973.jpg,ok,,JPEG,227.0,227.0,L,1.0,1.0,normal,other,train,psp_006879_2335_red-0973,[],ad8c03c73d3625a501fe93d85afd9b33e5e98774ec0eec9e9f98250c3c64ed54,81aa57cb66d873b08a7010cfd9250c1b6a6969f35fafe792633aab726316d871,f227ad071333f905,98.74773428554796,12.269506059315704,47b32c9f46bc6d70,[],0.0,psp_006879_2335,['train'],1.0,Counter({'train': 1}),val,59d2c6861deea26d,True,hirise_clean,0,C:\Users\deves\OneDrive\Desktop\Projects\TCMD-SS\data\raw\hirise_v3_2\map-proj-v3_2\PSP_006879_2335_RED-0973.jpg,calibration_a,clean,0.0,psp_006879_2335_red-0973_clean,0.19203832745552063,2.0445897579193115,0.5821637511253357,0.35629487500000323
map-proj-v3_2/ESP_011623_2100_RED-0309.jpg,ok,,JPEG,227.0,227.0,L,1.0,1.0,normal,crater,train,esp_011623_2100_red-0309,[],fca1b1f8ce73691d8e74bcbc6521d18cb60a45e9a031e82a3d834bed57eb815d,4967cc795dd25dfa7f00527cd5242f9e83b8f939bae9f8e18c642130a57f4e88,a5f2138a74929b5d,92.1433561683712,17.469327285165743,ffffcb7914c7f8a3,[],1.0,esp_011623_2100,['train'],1.0,Counter({'train': 1}),val,eb8c04e9d753e391,True,hirise_clean,0,C:\Users\deves\OneDrive\Desktop\Projects\TCMD-SS\data\raw\hirise_v3_2\map-proj-v3_2\ESP_011623_2100_RED-0309.jpg,calibration_a,clean,0.0,esp_011623_2100_red-0309_clean,0.3139176666736603,2.0448875427246094,0.7441248297691345,0.35844522499996856
map-proj-v3_2/ESP_033955_2065_RED-0022.jpg,ok,,JPEG,227.0,227.0,L,1.0,1.0,normal,dark dune,train,esp_033955_2065_red-0022,[],967e2c46628cef2cb5ad8bb5ea06f0d633823a2c3908777988089d9f9b8426d8,f7299e15e72de984b7e2ea7740905f97a4e0fced7de8e8524e67f290a59b9f21,d57a6b841f60479c,35.86805488171709,13.897251967223642,ce2f47fb67d37ca6,[],2.0,esp_033955_2065,['train'],1.0,Counter({'train': 1}),val,ff393e6c547ee767,True,hirise_clean,0,C:\Users\deves\OneDrive\Desktop\Projects\TCMD-SS\data\raw\hirise_v3_2\map-proj-v3_2\ESP_033955_2065_RED-0022.jpg,calibration_a,clean,0.0,esp_033955_2065_red-0022_clean,0.3853883445262909,3.964299201965332,0.9556931853294373,0.35844522499996856
map-proj-v3_2/ESP_012700_2025_RED-0027.jpg,ok,,JPEG,227.0,227.0,L,1.0,1.0,normal,slope streak,train,esp_012700_2025_red-0027,[],1e162a26be7088d359fe5fc38fc788aee74f542573944ec9cacabac2230c99a3,2eb00a4f6071efafddab53a073b9a24efc3416fa309eecc0f61a0ea6b57abaeb,e63399cc66338c36,132.3176657804343,23.39578569965837,e3847ac0a5f39519,[],3.0,esp_012700_2025,['train'],1.0,Counter({'train': 1}),val,43c5a364fd2e03af,True,hirise_clean,0,C:\Users\deves\OneDrive\Desktop\Projects\TCMD-SS\data\raw\hirise_v3_2\map-proj-v3_2\ESP_012700_2025_RED-0027.jpg,calibration_a,clean,0.0,esp_012700_2025_red-0027_clean,0.22171171009540558,2.869793653488159,0.8612940311431885,0.35844522499996856
map-proj-v3_2/ESP_016631_2535_RED-0148.jpg,ok,,JPEG,227.0,227.0,L,1.0,1.0,normal,bright dune,train,esp_016631_2535_red-0148,[],070315fafa8f34f758c9cc12ea2e8a53a4d10f585878f533332001bc91616dd8,e979ca89448f2f26e71b1a348a1ff1d986c2d8eaf73d6bae38b517097cdd4950,af609b90ed02f29d,161.652622794931,14.94803820390681,e8b512dcbda065f0,[],4.0,esp_016631_2535,['train'],1.0,Counter({'train': 1}),val,501845ae468bdee7,True,hirise_clean,0,C:\Users\deves\OneDrive\Desktop\Projects\TCMD-SS\data\raw\hirise_v3_2\map-proj-v3_2\ESP_016631_2535_RED-0148.jpg,calibration_a,clean,0.0,esp_016631_2535_red-0148_clean,0.3422636389732361,2.3376529216766357,0.8089826107025146,0.35844522499996856
map-proj-v3_2/ESP_046549_1790_RED-0046.jpg,ok,,JPEG,227.0,227.0,L,1.0,1.0,normal,impact ejecta,train,esp_046549_1790_red-0046,[],663d935cd984bc2f197d92dc6dfb9d03788635288fa95973038aeb582bf3da79,adc6a55cfb4e2434ca59a9fb91510f711462ad6346360b6ccd3b3b0acaf16ee4,a3371b6d86b72223,115.18705971394748,15.758743068690276,d40fee25a12c3404,[],5.0,esp_046549_1790,['train'],2.0,Counter({'train': 2}),val,1a05a783ca59cf66,True,hirise_clean,0,C:\Users\deves\OneDrive\Desktop\Projects\TCMD-SS\data\raw\hirise_v3_2\map-proj-v3_2\ESP_046549_1790_RED-0046.jpg,calibration_a,clean,0.0,esp_046549_1790_red-0046_clean,0.2548714578151703,1.3447977304458618,0.713516354560852,0.355768874999967
map-proj-v3_2/PSP_008462_1440_RED-0318.jpg,ok,,JPEG,227.0,227.0,L,1.0,1.0,normal,other,val,psp_008462_1440_red-0318,[],e5d3a187d17c3ceca4a3044fb3dd5664c6366c2400ad1e6c0231b961b80d2341,dbb6e2983b5f974513513651479edefb7b561ab13d425c6ce882be46d4061903,e389c4cd93276c8d,85.64107589900833,16.342648545357463,00368ef43d16b3fb,[],0.0,psp_008462_1440,['val'],1.0,Counter({'val': 1}),val,59d2c6861deea26d,True,hirise_clean,0,C:\Users\deves\OneDrive\Desktop\Projects\TCMD-SS\data\raw\hirise_v3_2\map-proj-v3_2\PSP_008462_1440_RED-0318.jpg,calibration_a,clean,0.0,psp_008462_1440_red-0318_clean,0.2694503962993622,0.4419943392276764,0.7393431067466736,0.355768874999967
map-proj-v3_2/ESP_026472_1410_RED-0091.jpg,ok,,JPEG,227.0,227.0,L,1.0,1.0,normal,crater,train,esp_026472_1410_red-0091,[],7a3e155dbc0febfccfe09ad759ae3a842b2ef1e9415b077945d2b96d7d3e945b,53e8b06e476c582e013e515cb0bd6e5c80eab4b52a423326b6d7dad44ae298ec,e3032cc37f3899b2,81.29385394632149,21.144906595202706,8d87a67b68f8dd6a,[],1.0,esp_026472_1410,['train'],1.0,Counter({'train': 1}),val,59d2c6861deea26d,True,hirise_clean,0,C:\Users\deves\OneDrive\Desktop\Projects\TCMD-SS\data\raw\hirise_v3_2\map-proj-v3_2\ESP_026472_1410_RED-0091.jpg,calibration_a,clean,0.0,esp_026472_1410_red-0091_clean,0.3158540725708008,1.370668888092041,0.5780994296073914,0.355768874999967
map-proj-v3_2/ESP_033955_2065_RED-0051.jpg,ok,,JPEG,227.0,227.0,L,1.0,1.0,normal,dark dune,train,esp_033955_2065_red-0051,[],26a5eeee70095fba900cd5135c0954ab237ede19777030fb526e953d20b58c88,a9bfcd0f0d3078773d707bbdc77f17dc98acdc5964546d43212b617156fb5ffd,e7ccd9b3045a92b4,69.06398338799511,25.735837421232745,b47f933c884916ea,[],2.0,esp_033955_2065,['train'],1.0,Counter({'train': 1}),val,ff393e6c547ee767,True,hirise_clean,0,C:\Users\deves\OneDrive\Desktop\Projects\TCMD-SS\data\raw\hirise_v3_2\map-proj-v3_2\ESP_033955_2065_RED-0051.jpg,calibration_a,clean,0.0,esp_033955_2065_red-0051_clean,0.3661133646965027,3.347551107406616,0.5068076848983765,0.355768874999967
map-proj-v3_2/ESP_012700_2025_RED-0078.jpg,ok,,JPEG,227.0,227.0,L,1.0,1.0,normal,slope streak,train,esp_012700_2025_red-0078,[],79589e72ddc3bd102fa8a2c03ee2f7b3a733db31a422cc3bb7da3bb6da404fd4,8510b63b27d5528853530ddb159a60e519bcd53a504e2a26ad06d2efacb3ecf4,be8c8b93f2c43c38,118.99396456364376,20.55529508633874,4af17890e8dc01eb,[],3.0,esp_012700_2025,['train'],1.0,Counter({'train': 1}),val,43c5a364fd2e03af,True,hirise_clean,0,C:\Users\deves\OneDrive\Desktop\Projects\TCMD-SS\data\raw\hirise_v3_2\map-proj-v3_2\ESP_012700_2025_RED-0078.jpg,calibration_a,clean,0.0,esp_012700_2025_red-0078_clean,0.24438945949077606,2.9942750930786133,0.795397162437439,0.35894020000000637
map-proj-v3_2/ESP_016631_2535_RED-0107.jpg,ok,,JPEG,227.0,227.0,L,1.0,1.0,normal,bright dune,train,esp_016631_2535_red-0107,[],0e2732e58c99f09238c3410cd7cfd4bdd11c033a3dae832452c7d25e7f13bfa0,71c7fa201bc5f1aa2587cc4f2268575c88022b8a511d41a3ae096e2830747c45,aec21b08cc3731fd,138.96524287294534,23.56891133005602,aa1fd27ab5c3cec1,[],4.0,esp_016631_2535,['train'],1.0,Counter({'train': 1}),val,501845ae468bdee7,True,hirise_clean,0,C:\Users\deves\OneDrive\Desktop\Projects\TCMD-SS\data\raw\hirise_v3_2\map-proj-v3_2\ESP_016631_2535_RED-0107.jpg,calibration_a,clean,0.0,esp_016631_2535_red-0107_clean,0.4171273112297058,1.5848668813705444,0.5343550443649292,0.35894020000000637
map-proj-v3_2/ESP_046549_1790_RED-0169.jpg,ok,,JPEG,227.0,227.0,L,1.0,1.0,normal,impact ejecta,train,esp_046549_1790_red-0169,[],70e007bda2596b605ef06d0904d8680e8598c70c5cf30c0fb7e1b634d0d73f7a,63fcd9e67f2da64e28ea5ee53f39147076da0372964faf52ebf0b663d2bd28cf,c6b1310976eb9ccc,104.99813697141416,17.650760257757376,d8440814f1e2884a,[],5.0,esp_046549_1790,['train'],2.0,Counter({'train': 2}),val,1a05a783ca59cf66,True,hirise_clean,0,C:\Users\deves\OneDrive\Desktop\Projects\TCMD-SS\data\raw\hirise_v3_2\map-proj-v3_2\ESP_046549_1790_RED-0169.jpg,calibration_a,clean,0.0,esp_046549_1790_red-0169_clean,0.3504714071750641,1.116901159286499,0.6215009689331055,0.35894020000000637
map-proj-v3_2/PSP_006879_2335_RED-0301.jpg,ok,,JPEG,227.0,227.0,L,1.0,1.0,normal,other,train,psp_006879_2335_red-0301,[],a9db3b4633a9e96dc26ba6b0748059e316077ac949a142f111f636ebfdc01a93,f103b46f1e2342c2cf9157ca0890193d7d03ba0ba3fea0526436559c6fb49616,83e0bcf1c2d2ee61,131.60171942013235,60.58346513446193,6749872f9b1218a7,[],0.0,psp_006879_2335,['train'],1.0,Counter({'train': 1}),val,59d2c6861deea26d,True,hirise_clean,0,C:\Users\deves\OneDrive\Desktop\Projects\TCMD-SS\data\raw\hirise_v3_2\map-proj-v3_2\PSP_006879_2335_RED-0301.jpg,calibration_a,clean,0.0,psp_006879_2335_red-0301_clean,0.6549038887023926,4.234439373016357,1.7782589197158813,0.35894020000000637
map-proj-v3_2/ESP_011623_2100_RED-0078.jpg,ok,,JPEG,227.0,227.0,L,1.0,1.0,normal,crater,train,esp_011623_2100_red-0078,[],642c0a2482cfd113c60d1cec0553b7526adba3c337b1a9e5f413f97df4c8a7ea,c6bc2c6f6154d3ce464bade47d5826115ac044f65efd0279e1e6321132f1b999,87e178cb59f33282,79.57932426400667,45.1824211730994,ae2521df45f124dd,[],1.0,esp_011623_2100,['train'],1.0,Counter({'train': 1}),val,eb8c04e9d753e391,True,hirise_clean,0,C:\Users\deves\OneDrive\Desktop\Projects\TCMD-SS\data\raw\hirise_v3_2\map-proj-v3_2\ESP_011623_2100_RED-0078.jpg,calibration_a,clean,0.0,esp_011623_2100_red-0078_clean,0.5601840019226074,3.851043224334717,2.1517832279205322,0.3601491749998331
map-proj-v3_2/ESP_033955_2065_RED-0037.jpg,ok,,JPEG,227.0,227.0,L,1.0,1.0,normal,dark dune,train,esp_033955_2065_red-0037,[],fee83884fb5a3a401990c86eac71c4602ba2eb868828f27b64bb4cdf4bfe8ed3,31f6b5bf324f92de22ef353ac70172dbf2303724b98278ab6448c5efd18fde92,d64a0d4bbd39191d,36.98579440703293,26.3504394971976,bb3c4b975be29e23,[],2.0,esp_033955_2065,['train'],1.0,Counter({'train': 1}),val,ff393e6c547ee767,True,hirise_clean,0,C:\Users\deves\OneDrive\Desktop\Projects\TCMD-SS\data\raw\hirise_v3_2\map-proj-v3_2\ESP_033955_2065_RED-0037.jpg,calibration_a,clean,0.0,esp_033955_2065_red-0037_clean,0.40625399351119995,4.172425270080566,1.1466939449310303,0.3601491749998331
map-proj-v3_2/ESP_012700_2025_RED-0011.jpg,ok,,JPEG,227.0,227.0,L,1.0,1.0,normal,slope streak,train,esp_012700_2025_red-0011,[],890cdfd34027b48f0832f8b86f0e98c4f043bb7216b1ddb95c516a5de0c48857,920a1a1eb94b0ea8bc995427fc84d02dd174dd59f818476521186508cd967ba9,80bfd3bd29e0ca32,33.908129402860524,17.588358861903128,af86349ab5c82d4f,[],3.0,esp_012700_2025,['train'],1.0,Counter({'train': 1}),val,43c5a364fd2e03af,True,hirise_clean,0,C:\Users\deves\OneDrive\Desktop\Projects\TCMD-SS\data\raw\hirise_v3_2\map-proj-v3_2\ESP_012700_2025_RED-0011.jpg,calibration_a,clean,0.0,esp_012700_2025_red-0011_clean,0.5046093463897705,3.7412219047546387,0.9505594372749329,0.3601491749998331
map-proj-v3_2/ESP_016683_2535_RED-0076.jpg,ok,,JPEG,227.0,227.0,L,1.0,1.0,normal,bright dune,train,esp_016683_2535_red-0076,[],9c40c41c71adf42cf68aa4054e524aaeeffafe4cf0b931559670468b1354f1ed,4dfa2cb1f805e4a450b818f5fc42963dcf3e84e1936e56f6b54c72d788d621e8,a6329bcdccdc3131,183.26208542762328,20.13942240501408,66c0bc7fc9661f74,[],4.0,esp_016683_2535,['train'],1.0,Counter({'train': 1}),val,501845ae468bdee7,True,hirise_clean,0,C:\Users\deves\OneDrive\Desktop\Projects\TCMD-SS\data\raw\hirise_v3_2\map-proj-v3_2\ESP_016683_2535_RED-0076.jpg,calibration_a,clean,0.0,esp_016683_2535_red-0076_clean,0.48111340403556824,2.013532876968384,1.2538912296295166,0.3601491749998331
map-proj-v3_2/ESP_046549_1790_RED-0142.jpg,ok,,JPEG,227.0,227.0,L,1.0,1.0,normal,impact ejecta,train,esp_046549_1790_red-0142,[],584e10b0d4773a5c93b6e52af166ba5092a2ac7c2ceb3a382f4b74b2068bb0e5,b67d23a764d8ad76b88bf97a8cc1860744903d40dda8e698fa9ec25ceffc9e0f,b418997266b4c9eb,122.65850297890508,20.048761453492578,7d61698476fefdfc,[],5.0,esp_046549_1790,['train'],2.0,Counter({'train': 2}),val,1a05a783ca59cf66,True,hirise_clean,0,C:\Users\deves\OneDrive\Desktop\Projects\TCMD-SS\data\raw\hirise_v3_2\map-proj-v3_2\ESP_046549_1790_RED-0142.jpg,calibration_a,clean,0.0,esp_046549_1790_red-0142_clean,0.3029372990131378,1.863682746887207,0.6224454641342163,0.36551489999988007
map-proj-v3_2/PSP_005072_1375_RED-0189.jpg,ok,,JPEG,227.0,227.0,L,1.0,1.0,normal,other,train,psp_005072_1375_red-0189,[],3db17f1ee11b5e9d9779a6b2c47e7ddc359374d6268a2c9e8f28b73fd9a8df2d,257ef6ac874be671ecb8a410373ccc4523d297e0bbdabde65c0c779b08b29b48,92686935970e7e5c,99.63632129480489,18.901901833819,bddd0c5905003dcb,[],0.0,psp_005072_1375,['train'],1.0,Counter({'train': 1}),val,85807df842ffbed7,True,hirise_clean,0,C:\Users\deves\OneDrive\Desktop\Projects\TCMD-SS\data\raw\hirise_v3_2\map-proj-v3_2\PSP_005072_1375_RED-0189.jpg,calibration_a,clean,0.0,psp_005072_1375_red-0189_clean,0.27302372455596924,0.15417702496051788,0.6576807498931885,0.36551489999988007
map-proj-v3_2/ESP_013281_1930_RED-0077.jpg,ok,,JPEG,227.0,227.0,L,1.0,1.0,normal,crater,train,esp_013281_1930_red-0077,[],e5ae4acbbd9ab2b60a0c40a04d46f75ca788c8b715fa31465c8f4fb4d0f206af,2738d2e2ad46f8575bacc4277cb5d51455c34c68626faa8eb9b6ccc84911a655,df9020ded3e06c27,98.21531564749948,14.333231309891712,f5076de01cf35bcc,[],1.0,esp_013281_1930,['train'],1.0,Counter({'train': 1}),val,59d2c6861deea26d,True,hirise_clean,0,C:\Users\deves\OneDrive\Desktop\Projects\TCMD-SS\data\raw\hirise_v3_2\map-proj-v3_2\ESP_013281_1930_RED-0077.jpg,calibration_a,clean,0.0,esp_013281_1930_red-0077_clean,0.28401628136634827,2.019788980484009,0.6104613542556763,0.36551489999988007
map-proj-v3_2/ESP_033955_2065_RED-0028.jpg,ok,,JPEG,227.0,227.0,L,1.0,1.0,normal,dark dune,train,esp_033955_2065_red-0028,[],7cd8f3f677372d3008bad8f0d24b7e3467af084533425454ceb19894e1c691a0,14d55fa951fef8196e545763bec1c7d5150716dfb2a6f304e951c57cfa9b880a,d2d5933fcb1a3428,41.85146228337441,18.937164991171965,a19ab7638decb7b9,[],2.0,esp_033955_2065,['train'],1.0,Counter({'train': 1}),val,ff393e6c547ee767,True,hirise_clean,0,C:\Users\deves\OneDrive\Desktop\Projects\TCMD-SS\data\raw\hirise_v3_2\map-proj-v3_2\ESP_033955_2065_RED-0028.jpg,calibration_a,clean,0.0,esp_033955_2065_red-0028_clean,0.4471808969974518,3.6090190410614014,0.8032230138778687,0.36551489999988007
map-proj-v3_2/ESP_012053_0980_RED-0161.jpg,ok,,JPEG,227.0,227.0,L,1.0,1.0,normal,slope streak,train,esp_012053_0980_red-0161,[],5bd3ddb95d41801f1d07b408365f18ec1d3d2d79288fe48b89cd0bf6c5cb0044,de165c06e99b6e8be941e073746c4ba4bb57881280bd43b8f0b2c14b662c5b6d,fc0780188f7a9f69,94.66011372236991,43.36079671590753,2facf4f880c40afe,[],3.0,esp_012053_0980,['train'],2.0,Counter({'train': 2}),val,2790354963a6fca7,True,hirise_clean,0,C:\Users\deves\OneDrive\Desktop\Projects\TCMD-SS\data\raw\hirise_v3_2\map-proj-v3_2\ESP_012053_0980_RED-0161.jpg,calibration_a,clean,0.0,esp_012053_0980_red-0161_clean,0.45294755697250366,3.186079978942871,0.7200839519500732,0.35886072499988586
map-proj-v3_2/ESP_016631_2535_RED-0146.jpg,ok,,JPEG,227.0,227.0,L,1.0,1.0,normal,bright dune,train,esp_016631_2535_red-0146,[],35bc13f7207980b2cdd2936b117f17d37a4ef13f71f3247058368a98462e3cfc,9be1a495378772d22e299015127c0e88d15b87ffca4da28d6f60cdcea366b8ab,a474f8707cf0715c,163.77123561489643,17.256350263986775,54c580f25b331ecd,[],4.0,esp_016631_2535,['train'],1.0,Counter({'train': 1}),val,501845ae468bdee7,True,hirise_clean,0,C:\Users\deves\OneDrive\Desktop\Projects\TCMD-SS\data\raw\hirise_v3_2\map-proj-v3_2\ESP_016631_2535_RED-0146.jpg,calibration_a,clean,0.0,esp_016631_2535_red-0146_clean,0.32867762446403503,2.6606061458587646,0.8646215200424194,0.35886072499988586
map-proj-v3_2/PSP_005150_1490_RED-0205.jpg,ok,,JPEG,227.0,227.0,L,1.0,1.0,normal,other,train,psp_005150_1490_red-0205,[],234666f4251ecdc75ea3fe520e40ece0ddea0391f18bb2ed43e97eac377bdf9f,e670cdda86a93834ee3d1b430a2b617ca1342aaaf0197ae844c2b88e7cc2d607,c67f7993c6e0103c,61.72970560267034,26.048491802045834,6a1c9108bced4dfc,[],0.0,psp_005150_1490,['train'],1.0,Counter({'train': 1}),val,6361ea5a02addb2a,True,hirise_clean,0,C:\Users\deves\OneDrive\Desktop\Projects\TCMD-SS\data\raw\hirise_v3_2\map-proj-v3_2\PSP_005150_1490_RED-0205.jpg,calibration_a,clean,0.0,psp_005150_1490_red-0205_clean,0.3170674443244934,2.6356654167175293,1.397467851638794,0.35886072499988586
map-proj-v3_2/ESP_026472_1410_RED-0287.jpg,ok,,JPEG,227.0,227.0,L,1.0,1.0,normal,crater,train,esp_026472_1410_red-0287,[],65ded8949712fb9e14a9e1016e56ef63d331d73592aa70ecd7f27cb846c08291,fdc1de872b8160cfbbe61df3005233669eb4acdbf7b3ab74ced08f7ac45b8d9d,93237cbf47262c98,106.36559995342428,17.422820865848056,10b3134802dce054,[],1.0,esp_026472_1410,['train'],1.0,Counter({'train': 1}),val,59d2c6861deea26d,True,hirise_clean,0,C:\Users\deves\OneDrive\Desktop\Projects\TCMD-SS\data\raw\hirise_v3_2\map-proj-v3_2\ESP_026472_1410_RED-0287.jpg,calibration_a,clean,0.0,esp_026472_1410_red-0287_clean,0.35968104004859924,2.839747905731201,0.5589931607246399,0.35886072499988586
map-proj-v3_2/ESP_033955_2065_RED-0025.jpg,ok,,JPEG,227.0,227.0,L,1.0,1.0,normal,dark dune,train,esp_033955_2065_red-0025,[],40333ceee0c7a1c1004cc292d56277d081bbdc1595e038271f111baa2ff8312f,935e61cbfa86a05cb75b84e37c568c96dea7386cf058ba5f6adfb3f290e72ed9,8ad5a53ee49a352c,42.60463040229774,22.33989382090701,82aaa54b6dd5a973,[],2.0,esp_033955_2065,['train'],1.0,Counter({'train': 1}),val,ff393e6c547ee767,True,hirise_clean,0,C:\Users\deves\OneDrive\Desktop\Projects\TCMD-SS\data\raw\hirise_v3_2\map-proj-v3_2\ESP_033955_2065_RED-0025.jpg,calibration_a,clean,0.0,esp_033955_2065_red-0025_clean,0.46311599016189575,3.7535629272460938,0.9105775356292725,0.3612177999998494
map-proj-v3_2/ESP_012700_2025_RED-0022.jpg,ok,,JPEG,227.0,227.0,L,1.0,1.0,normal,slope streak,train,esp_012700_2025_red-0022,[],413e10646df219b071738a38e25dc1c416196a0456da7f25e1208013f7c67a6b,ceab9638888566446f896ecdc06b2a6e20d5bde1ee0cc72019da24306c7dd6fa,a8ae95811fea9715,47.88006753478624,21.60481362499005,0cb4c4e29204d8e4,[],3.0,esp_012700_2025,['train'],1.0,Counter({'train': 1}),val,43c5a364fd2e03af,True,hirise_clean,0,C:\Users\deves\OneDrive\Desktop\Projects\TCMD-SS\data\raw\hirise_v3_2\map-proj-v3_2\ESP_012700_2025_RED-0022.jpg,calibration_a,clean,0.0,esp_012700_2025_red-0022_clean,0.4392963945865631,3.2582201957702637,0.8606566190719604,0.3612177999998494
map-proj-v3_2/ESP_016683_2535_RED-0048.jpg,ok,,JPEG,227.0,227.0,L,1.0,1.0,normal,bright dune,train,esp_016683_2535_red-0048,[],1b82671f2f94f7de054eef7900a3f20d0180c39e3e4e05b47e76eb9ab06e8c69,f3ca9792f93ff787142efb6f7bd4d4f34e1b4c0a0034389523bb2871686f7931,e0edda82394abd83,166.53647460653224,22.82278379233717,6b5e490d5f8eae49,[],4.0,esp_016683_2535,['train'],1.0,Counter({'train': 1}),val,501845ae468bdee7,True,hirise_clean,0,C:\Users\deves\OneDrive\Desktop\Projects\TCMD-SS\data\raw\hirise_v3_2\map-proj-v3_2\ESP_016683_2535_RED-0048.jpg,calibration_a,clean,0.0,esp_016683_2535_red-0048_clean,0.4296605885028839,0.8975446224212646,0.8154311180114746,0.3612177999998494
map-proj-v3_2/ESP_028281_1855_RED-0024.jpg,ok,,JPEG,227.0,227.0,L,1.0,1.0,normal,other,test,esp_028281_1855_red-0024,[],72bbd7cde99c18fb7127d6d56e8b94cf82e76d87c27af6fe220dc854699d0902,8462084c8ca8cca6a739bbffe17df0ce09124314a02294f15cfd6f0ca9688700,8d595155d79652d4,152.15170098391198,20.646807376518872,d46048bfc2828ca3,[],0.0,esp_028281_1855,['test'],1.0,Counter({'test': 1}),val,a5c8d75ae3d170b3,True,hirise_clean,0,C:\Users\deves\OneDrive\Desktop\Projects\TCMD-SS\data\raw\hirise_v3_2\map-proj-v3_2\ESP_028281_1855_RED-0024.jpg,calibration_a,clean,0.0,esp_028281_1855_red-0024_clean,0.3933853805065155,0.776870608329773,0.735565721988678,0.3612177999998494
map-proj-v3_2/ESP_025163_1890_RED-0102.jpg,ok,,JPEG,227.0,227.0,L,1.0,1.0,normal,crater,train,esp_025163_1890_red-0102,[],276eefa9d320ff2b2273d13414c2ec33b619e56907c8682eba578a174d370485,584871ccf34e7bb79759ac9d4c447a9aa3510616d9e209f7a9a235468e9ee1e5,d6e6cc163d18d1e1,170.43072832773777,15.55366744390198,b16dac573c5bccf1,[],1.0,esp_025163_1890,['train'],1.0,Counter({'train': 1}),val,59d2c6861deea26d,True,hirise_clean,0,C:\Users\deves\OneDrive\Desktop\Projects\TCMD-SS\data\raw\hirise_v3_2\map-proj-v3_2\ESP_025163_1890_RED-0102.jpg,calibration_a,clean,0.0,esp_025163_1890_red-0102_clean,0.3986849784851074,3.266726493835449,0.9248896837234497,0.36118744999998853
map-proj-v3_2/ESP_033955_2065_RED-0038.jpg,ok,,JPEG,227.0,227.0,L,1.0,1.0,normal,dark dune,train,esp_033955_2065_red-0038,[],ede308e954e5ee1b2945d4e104ccf88917fceeadf26b85072d6c45c9e73492c0,cce6b545831e25fb856e545b4e0671a74f4c49f3a90436f87d62315ca1b88f82,b146cc98f3c6cca9,54.47161792388752,17.016525057735322,2460022b35783ed9,[],2.0,esp_033955_2065,['train'],1.0,Counter({'train': 1}),val,ff393e6c547ee767,True,hirise_clean,0,C:\Users\deves\OneDrive\Desktop\Projects\TCMD-SS\data\raw\hirise_v3_2\map-proj-v3_2\ESP_033955_2065_RED-0038.jpg,calibration_a,clean,0.0,esp_033955_2065_red-0038_clean,0.34921780228614807,3.3272898197174072,0.898171603679657,0.36118744999998853
map-proj-v3_2/ESP_012700_2025_RED-0031.jpg,ok,,JPEG,227.0,227.0,L,1.0,1.0,normal,slope streak,train,esp_012700_2025_red-0031,[],de3df3725ceb6d8922bd0e8c4df483c4fbdda84ecf7735e82cc4a85e6673d5e4,c0d07c2eec1389727d73dde89431a1475b7ab4f01583a20a9ca9bd76fbb56f7b,e4bc9ec3492534ce,117.97958431174678,20.63614928595185,62bf024ac0b100b8,[],3.0,esp_012700_2025,['train'],1.0,Counter({'train': 1}),val,43c5a364fd2e03af,True,hirise_clean,0,C:\Users\deves\OneDrive\Desktop\Projects\TCMD-SS\data\raw\hirise_v3_2\map-proj-v3_2\ESP_012700_2025_RED-0031.jpg,calibration_a,clean,0.0,esp_012700_2025_red-0031_clean,0.2204565554857254,2.616795539855957,0.6449317932128906,0.36118744999998853
map-proj-v3_2/ESP_016631_2535_RED-0051.jpg,ok,,JPEG,227.0,227.0,L,1.0,1.0,normal,bright dune,train,esp_016631_2535_red-0051,[],758bcf0a1a6c4f8b269cc1fb97bfb7904c6c7d50cc641ee57245c8f5a5edc01d,48e34811eb45a6a5f8fe74ffac48afa08057de2ba8dc5a9ff067496fb67bec0e,c4d65b9a68aa23b5,140.1640435482932,16.79826682495627,73b8f48e07ef60a8,[],4.0,esp_016631_2535,['train'],1.0,Counter({'train': 1}),val,501845ae468bdee7,True,hirise_clean,0,C:\Users\deves\OneDrive\Desktop\Projects\TCMD-SS\data\raw\hirise_v3_2\map-proj-v3_2\ESP_016631_2535_RED-0051.jpg,calibration_a,clean,0.0,esp_016631_2535_red-0051_clean,0.2913029193878174,1.6868512630462646,0.5565653443336487,0.36118744999998853
map-proj-v3_2/ESP_013257_2110_RED-0053.jpg,ok,,JPEG,227.0,227.0,L,1.0,1.0,normal,other,test,esp_013257_2110_red-0053,[],64ad4abc8964f5bfeb3c73cbf0ba557b1bd3e1df99c2efbec199d1fdcd351dd6,8667072a83c6c48d387adc6476612eb54ca7185ea91d43b10f57d466d8ce5ade,ef203390e961db4d,53.38009664460789,16.929568393689145,310a98d1cea86c18,[],0.0,esp_013257_2110,['test'],1.0,Counter({'test': 1}),val,7e22477ff4767566,True,hirise_clean,0,C:\Users\deves\OneDrive\Desktop\Projects\TCMD-SS\data\raw\hirise_v3_2\map-proj-v3_2\ESP_013257_2110_RED-0053.jpg,calibration_b,clean,0.0,esp_013257_2110_red-0053_clean,0.3401615023612976,3.5700223445892334,0.7244223356246948,0.36250639999980194
map-proj-v3_2/ESP_034268_1795_RED-0291.jpg,ok,,JPEG,227.0,227.0,L,1.0,1.0,normal,crater,val,esp_034268_1795_red-0291,[],9f7fa28ae4fd19bf034d7df07981ea6a65508734472ffa72fc25b553ad475803,6f135bd5bc7d43f6811b02de71c51a53b8db182a2946f08df1766ddea39f4349,b998c6c97966069b,177.62405635661472,14.283526165270082,fe6167d99515a113,[],1.0,esp_034268_1795,['val'],1.0,Counter({'val': 1}),val,3d3af0ffc91f037f,True,hirise_clean,0,C:\Users\deves\OneDrive\Desktop\Projects\TCMD-SS\data\raw\hirise_v3_2\map-proj-v3_2\ESP_034268_1795_RED-0291.jpg,calibration_b,clean,0.0,esp_034268_1795_red-0291_clean,0.4366280138492584,2.65142822265625,1.0922390222549438,0.36250639999980194
map-proj-v3_2/ESP_015897_2655_RED-0010.jpg,ok,,JPEG,227.0,227.0,L,1.0,1.0,normal,dark dune,val,esp_015897_2655_red-0010,[],604be2a8b6ca32fd7a24611431a6eb4ce791e9abe50b61992fb35a4c9d42d46a,fecc8d2f622eb298309ed2f83360f048d6925ef66301b91d28d0cbbef9dad6fb,92c9767b2f83a1b0,45.18137359545111,31.61542341051664,aa9dbbcdc6bc1fe8,[],2.0,esp_015897_2655,['val'],2.0,Counter({'val': 2}),val,edbfc807a0aec8f6,True,hirise_clean,0,C:\Users\deves\OneDrive\Desktop\Projects\TCMD-SS\data\raw\hirise_v3_2\map-proj-v3_2\ESP_015897_2655_RED-0010.jpg,calibration_b,clean,0.0,esp_015897_2655_red-0010_clean,0.5373804569244385,4.1559224128723145,1.2075303792953491,0.36250639999980194
map-proj-v3_2/ESP_020421_1810_RED-0013.jpg,ok,,JPEG,227.0,227.0,L,1.0,1.0,normal,slope streak,test,esp_020421_1810_red-0013,[],be332c3188b18ff883a15257dcef87584a22375c28aab69f7a973b6060c3d61f,cbf0f2a584fe9642a67bcf9ac7c97fdd9d98a21bcd326f6d0102f9a3bec03bba,94e0ea3df10ff881,191.2749907818898,17.898651514301424,817f0e0106bf77f3,[],3.0,esp_020421_1810,['test'],1.0,Counter({'test': 1}),val,4976a8ffc9a34a67,True,hirise_clean,0,C:\Users\deves\OneDrive\Desktop\Projects\TCMD-SS\data\raw\hirise_v3_2\map-proj-v3_2\ESP_020421_1810_RED-0013.jpg,calibration_b,clean,0.0,esp_020421_1810_red-0013_clean,0.49828049540519714,4.236892223358154,1.5089294910430908,0.36250639999980194
map-proj-v3_2/ESP_015897_2655_RED-0060.jpg,ok,,JPEG,227.0,227.0,L,1.0,1.0,normal,impact ejecta,val,esp_015897_2655_red-0060,[],7cbf88326fe05cf2cb908009abb884ece8b08a5660ecde3d8b6a6d0e89ea6c85,89e55c03b5bb4cd5718c584c4ae5e73e2d091ebe5bd293e6eaf83f0511a754bd,c546aeb576329951,117.05268877719342,64.08392740458098,1c3bc8c64f3522c8,[],5.0,esp_015897_2655,['val'],2.0,Counter({'val': 2}),val,edbfc807a0aec8f6,True,hirise_clean,0,C:\Users\deves\OneDrive\Desktop\Projects\TCMD-SS\data\raw\hirise_v3_2\map-proj-v3_2\ESP_015897_2655_RED-0060.jpg,calibration_b,clean,0.0,esp_015897_2655_red-0060_clean,0.5100919008255005,4.569610595703125,1.6891882419586182,0.3618805999999495
map-proj-v3_2/PSP_004673_0935_RED-0091.jpg,ok,,JPEG,227.0,227.0,L,1.0,1.0,normal,swiss cheese,test,psp_004673_0935_red-0091,[],4763c131893daf5fe2708cdf927216c42321d2a4ce7b583750a93818475302fe,e537f93fd9e0e727eb41e7df771cdd3c60a35b12e83278c3c6c87aba40b4cea2,dca9a204fafb710c,128.52486949096624,13.3639909511809,a57438a7bf2c294a,[],6.0,psp_004673_0935,['test'],1.0,Counter({'test': 1}),val,edbfc807a0aec8f6,True,hirise_clean,0,C:\Users\deves\OneDrive\Desktop\Projects\TCMD-SS\data\raw\hirise_v3_2\map-proj-v3_2\PSP_004673_0935_RED-0091.jpg,calibration_b,clean,0.0,psp_004673_0935_red-0091_clean,0.2513309121131897,2.4412524700164795,0.613670825958252,0.3618805999999495
map-proj-v3_2/ESP_015897_2655_RED-0049.jpg,ok,,JPEG,227.0,227.0,L,1.0,1.0,normal,spider,val,esp_015897_2655_red-0049,[],a83b9e857ad430007448a18ed936f108da349caec99474be1c4882783fcc443e,b10f8048d0581fa68f29dc1ea746d39b4d0c02b0c69caf92a13e5623ee024696,84f31fc378cf016c,170.5228123969027,60.4731297869272,732e8f6b138b22d8,['group_label_conflict'],7.0,esp_015897_2655,['val'],2.0,Counter({'val': 2}),val,edbfc807a0aec8f6,True,hirise_clean,0,C:\Users\deves\OneDrive\Desktop\Projects\TCMD-SS\data\raw\hirise_v3_2\map-proj-v3_2\ESP_015897_2655_RED-0049.jpg,calibration_b,clean,0.0,esp_015897_2655_red-0049_clean,0.6875729560852051,4.688414096832275,1.4346215724945068,0.3618805999999495
map-proj-v3_2/ESP_019011_2245_RED-0684.jpg,ok,,JPEG,227.0,227.0,L,1.0,1.0,normal,other,train,esp_019011_2245_red-0684,[],3a36b1f059c972898562e4b2c17c75d0f018faeaf583c838780be283350528cd,0e9dc0af38edb5fa7d2b69d045dea7371b9545c9d81312aaaf776ff62f005a48,882e7779d8c691ac,103.8388674338722,66.89659251595955,ab04df53325caee0,[],0.0,esp_019011_2245,['train'],1.0,Counter({'train': 1}),val,68f7375f9d5f9c50,True,hirise_clean,0,C:\Users\deves\OneDrive\Desktop\Projects\TCMD-SS\data\raw\hirise_v3_2\map-proj-v3_2\ESP_019011_2245_RED-0684.jpg,calibration_b,clean,0.0,esp_019011_2245_red-0684_clean,0.5093307495117188,4.841481685638428,1.8534919023513794,0.3618805999999495
map-proj-v3_2/ESP_034268_1795_RED-0311.jpg,ok,,JPEG,227.0,227.0,L,1.0,1.0,normal,crater,val,esp_034268_1795_red-0311,[],f41428d16590f248fb5ec44e9cd87aaef00431c497cbf148516af2dd716f84a5,329a3d79370c322bee31ba80db7913a3beb026e935095659ce293cc46de96d5e,fbc08e68b961f246,180.90046381649168,12.267945371125611,be46df47bf0d37d6,[],1.0,esp_034268_1795,['val'],1.0,Counter({'val': 1}),val,3d3af0ffc91f037f,True,hirise_clean,0,C:\Users\deves\OneDrive\Desktop\Projects\TCMD-SS\data\raw\hirise_v3_2\map-proj-v3_2\ESP_034268_1795_RED-0311.jpg,calibration_b,clean,0.0,esp_034268_1795_red-0311_clean,0.4412694573402405,2.8460328578948975,1.3113218545913696,0.36689977500009263
map-proj-v3_2/ESP_015897_2655_RED-0028.jpg,ok,,JPEG,227.0,227.0,L,1.0,1.0,normal,dark dune,val,esp_015897_2655_red-0028,[],c00639c3a6f1fe65cd460f5d7d51efcdf3bbcabadca3b2314ed5536508984124,bbd83bcc2bc65e3ac9a1ad6c7599215aaa94ed88e9b687e40e0cce844abf4e98,85f90cd268e6613f,96.57707310446544,17.834850675668935,2177533f7d145a96,[],2.0,esp_015897_2655,['val'],2.0,Counter({'val': 2}),val,edbfc807a0aec8f6,True,hirise_clean,0,C:\Users\deves\OneDrive\Desktop\Projects\TCMD-SS\data\raw\hirise_v3_2\map-proj-v3_2\ESP_015897_2655_RED-0028.jpg,calibration_b,clean,0.0,esp_015897_2655_red-0028_clean,0.4550653100013733,2.9894533157348633,0.5582374334335327,0.36689977500009263
map-proj-v3_2/ESP_019340_1875_RED-0044.jpg,ok,,JPEG,227.0,227.0,L,1.0,1.0,normal,slope streak,test,esp_019340_1875_red-0044,[],d96d30bf18a46b92b4e9d41ecb76a501ff636e893314dbc8ba083e05e7aa83c7,fda9c10695edb64547c648618ff688c7b8d69194aacec1c585dee8013badc3ca,8a2c9dd6fc13f8c0,56.06186807428826,18.172345347536464,459ec03fe08d9c17,[],3.0,esp_019340_1875,['test'],1.0,Counter({'test': 1}),val,3a4fca79aee70bd9,True,hirise_clean,0,C:\Users\deves\OneDrive\Desktop\Projects\TCMD-SS\data\raw\hirise_v3_2\map-proj-v3_2\ESP_019340_1875_RED-0044.jpg,calibration_b,clean,0.0,esp_019340_1875_red-0044_clean,0.3806277811527252,3.0382978916168213,0.7800291776657104,0.36689977500009263
map-proj-v3_2/ESP_015897_2655_RED-0023.jpg,ok,,JPEG,227.0,227.0,L,1.0,1.0,normal,impact ejecta,val,esp_015897_2655_red-0023,[],88d99a48e8dd644d973f759238248713746d326e684e972a112d3de5b573d61a,012c2ed66e1359f8598736bb3bb0d9d3a29ae2de7b7020e02ace51e87d85ae7d,b742c87c6296d92d,112.90558714510276,10.314582338212054,5bf7c8250c546bb1,[],5.0,esp_015897_2655,['val'],2.0,Counter({'val': 2}),val,edbfc807a0aec8f6,True,hirise_clean,0,C:\Users\deves\OneDrive\Desktop\Projects\TCMD-SS\data\raw\hirise_v3_2\map-proj-v3_2\ESP_015897_2655_RED-0023.jpg,calibration_b,clean,0.0,esp_015897_2655_red-0023_clean,0.20298714935779572,3.0779519081115723,0.3167651891708374,0.36689977500009263
map-proj-v3_2/ESP_011951_0930_RED-0176.jpg,ok,,JPEG,227.0,227.0,L,1.0,1.0,normal,swiss cheese,val,esp_011951_0930_red-0176,[],a749a464b16f7270cb05cc96d330fd6031e3dcdd19b0f16daf0d4d5613914625,8e2dac38ec579fc7a7bd0ee24767be76d2027b5d281e1479c6d7154479e1a324,8b32366665454d7d,78.64035785674086,43.9048949120315,a8de3a3eb52f5d31,[],6.0,esp_011951_0930,['val'],2.0,Counter({'val': 2}),val,f03c3587611264d1,True,hirise_clean,0,C:\Users\deves\OneDrive\Desktop\Projects\TCMD-SS\data\raw\hirise_v3_2\map-proj-v3_2\ESP_011951_0930_RED-0176.jpg,calibration_b,clean,0.0,esp_011951_0930_red-0176_clean,0.4832721948623657,4.586501121520996,2.1314890384674072,0.37931974999992235
map-proj-v3_2/ESP_015897_2655_RED-0025.jpg,ok,,JPEG,227.0,227.0,L,1.0,1.0,normal,spider,val,esp_015897_2655_red-0025,[],785342c0ca17afac3f961aa13a4fbe8daf973751335c1ecb5c70ddb56827e47c,3e508ecd1cf894cbf4ea2d75302eeb2b5bbd1c7d1a0615b4958d635455b63e51,e0359bce66309b47,120.29783228861416,12.444055302395803,efb485524dd58d66,[],7.0,esp_015897_2655,['val'],2.0,Counter({'val': 2}),val,edbfc807a0aec8f6,True,hirise_clean,0,C:\Users\deves\OneDrive\Desktop\Projects\TCMD-SS\data\raw\hirise_v3_2\map-proj-v3_2\ESP_015897_2655_RED-0025.jpg,calibration_b,clean,0.0,esp_015897_2655_red-0025_clean,0.22444505989551544,3.0877201557159424,0.34209761023521423,0.37931974999992235
map-proj-v3_2/PSP_010087_1555_RED-0237.jpg,ok,,JPEG,227.0,227.0,L,1.0,1.0,normal,other,train,psp_010087_1555_red-0237,[],5ce89ac4bf20b0079e7907ca42291b9866b629b66cbeaacfcf7504d12ef8b184,39f9a82e128c7f579d64cd7855673462f944cc1eb364555f24887e164290ea6b,bde10b35e2de0b12,89.84884239942556,14.232579343306485,b8499f48a136ca69,[],0.0,psp_010087_1555,['train'],1.0,Counter({'train': 1}),val,929ffd64c6803520,True,hirise_clean,0,C:\Users\deves\OneDrive\Desktop\Projects\TCMD-SS\data\raw\hirise_v3_2\map-proj-v3_2\PSP_010087_1555_RED-0237.jpg,calibration_b,clean,0.0,psp_010087_1555_red-0237_clean,0.2833341658115387,2.2201693058013916,0.6920132637023926,0.37931974999992235
map-proj-v3_2/ESP_012494_2050_RED-0066.jpg,ok,,JPEG,227.0,227.0,L,1.0,1.0,normal,crater,train,esp_012494_2050_red-0066,[],a08de13d540848d649b6eeb9b94ce6502a73a4d88602bd8543b6ce031fd0b8a3,5a5d5e0d8cb8692dcb836e16d9f491b6034df4e2dff2c019b5dbcfe159bfa8c8,a9b1cc70bbcc6433,128.65217644433233,14.877609425235589,019458089711aef6,[],1.0,esp_012494_2050,['train'],3.0,Counter({'train': 3}),val,fce0ac23e3f35811,True,hirise_clean,0,C:\Users\deves\OneDrive\Desktop\Projects\TCMD-SS\data\raw\hirise_v3_2\map-proj-v3_2\ESP_012494_2050_RED-0066.jpg,calibration_b,clean,0.0,esp_012494_2050_red-0066_clean,0.3816662132740021,2.0688462257385254,0.7531918883323669,0.37931974999992235
map-proj-v3_2/ESP_020421_1810_RED-0079.jpg,ok,,JPEG,227.0,227.0,L,1.0,1.0,normal,slope streak,test,esp_020421_1810_red-0079,[],a3b245e40b9114f0e2ebaf67fc42d0ba457130a7b05b547547d69736083265fc,93d79fef75038f626697892f7d21ae6499a5ea2eac0ce574d28e39794c93525b,d5523acd6d86e223,132.64652913893147,53.58121074159163,bee19b4a2384aaf8,[],3.0,esp_020421_1810,['test'],1.0,Counter({'test': 1}),val,4976a8ffc9a34a67,True,hirise_clean,0,C:\Users\deves\OneDrive\Desktop\Projects\TCMD-SS\data\raw\hirise_v3_2\map-proj-v3_2\ESP_020421_1810_RED-0079.jpg,calibration_b,clean,0.0,esp_020421_1810_red-0079_clean,0.4899473190307617,4.008120059967041,1.5788791179656982,0.3690910000000258
map-proj-v3_2/ESP_018299_2245_RED-0193.jpg,ok,,JPEG,227.0,227.0,L,1.0,1.0,normal,impact ejecta,train,esp_018299_2245_red-0193,[],cd55db372d60c0de25942f32db399bf5b9acb364141c232d22780b1b3d05ba7b,ac5057ff79fba98103601e0a20566bc8e92152bc0fdb57edceeea5d83af371ca,e6e4c3b754403ed2,126.60173882668012,16.787934685317595,2f9c29c1e53d4015,[],5.0,esp_018299_2245,['train'],1.0,Counter({'train': 1}),val,68f7375f9d5f9c50,True,hirise_clean,0,C:\Users\deves\OneDrive\Desktop\Projects\TCMD-SS\data\raw\hirise_v3_2\map-proj-v3_2\ESP_018299_2245_RED-0193.jpg,calibration_b,clean,0.0,esp_018299_2245_red-0193_clean,0.2662978172302246,1.3279204368591309,0.5880273580551147,0.3690910000000258
map-proj-v3_2/ESP_011951_0930_RED-0010.jpg,ok,,JPEG,227.0,227.0,L,1.0,1.0,normal,swiss cheese,val,esp_011951_0930_red-0010,[],e72cd105b12be19098dfc370949bdb8748f042e47c9cb6cd32a944037468d5d7,5e753dc5a5128420e1b149f4a3f89d881f284dca414808f76bc538a544c135b2,86f91fe0fcc70446,90.45962467736614,31.682608749949505,d9d76e5571ae841f,[],6.0,esp_011951_0930,['val'],2.0,Counter({'val': 2}),val,f03c3587611264d1,True,hirise_clean,0,C:\Users\deves\OneDrive\Desktop\Projects\TCMD-SS\data\raw\hirise_v3_2\map-proj-v3_2\ESP_011951_0930_RED-0010.jpg,calibration_b,clean,0.0,esp_011951_0930_red-0010_clean,0.5467759370803833,3.837449789047241,0.7809091806411743,0.3690910000000258
map-proj-v3_2/ESP_015897_2655_RED-0021.jpg,ok,,JPEG,227.0,227.0,L,1.0,1.0,normal,spider,val,esp_015897_2655_red-0021,[],276b6d1bb59bf52b795c4d62b9979b040920f6687acf94eec276019be49883db,7972791830ca22ba6f97d0b25b0e200c3c62f4b577735ed8df3704e4314f5d4b,a2f7dc40761f08e6,116.90323895282268,12.312342319715988,2df47665615fdd6e,[],7.0,esp_015897_2655,['val'],2.0,Counter({'val': 2}),val,edbfc807a0aec8f6,True,hirise_clean,0,C:\Users\deves\OneDrive\Desktop\Projects\TCMD-SS\data\raw\hirise_v3_2\map-proj-v3_2\ESP_015897_2655_RED-0021.jpg,calibration_b,clean,0.0,esp_015897_2655_red-0021_clean,0.21718187630176544,3.2036705017089844,0.6255420446395874,0.3690910000000258
map-proj-v3_2/ESP_012971_2015_RED-0420.jpg,ok,,JPEG,227.0,227.0,L,1.0,1.0,normal,other,val,esp_012971_2015_red-0420,[],e09110b42ab20519d07d3d8c2aeb0f10201abed1340fb79d71df4ed38c9b87fc,babfc1ae7a67c88eb9fbe814790ad3eeffb368bfa6fbb0f7a7ce450e65471a80,a51cc37aa99c46f2,102.09819713171224,13.409605609744483,987671f65cb16738,[],0.0,esp_012971_2015,['val'],1.0,Counter({'val': 1}),val,44f19f6daa37be2b,True,hirise_clean,0,C:\Users\deves\OneDrive\Desktop\Projects\TCMD-SS\data\raw\hirise_v3_2\map-proj-v3_2\ESP_012971_2015_RED-0420.jpg,calibration_b,clean,0.0,esp_012971_2015_red-0420_clean,0.2184925526380539,3.1616997718811035,0.8349480628967285,0.3617862249998325
map-proj-v3_2/ESP_034268_1795_RED-0432.jpg,ok,,JPEG,227.0,227.0,L,1.0,1.0,normal,crater,val,esp_034268_1795_red-0432,[],0f2d364ced9ba966809e63bf0b2411355a88b59d85903b2cd23778486b06b8fe,5241b9b80800a56705837c7445ca03c5575f83756910513eb98ec1f2cbfb5d75,894170e28f1b3efc,175.83397698383433,15.435594473957766,87b648d08fed0d69,[],1.0,esp_034268_1795,['val'],1.0,Counter({'val': 1}),val,3d3af0ffc91f037f,True,hirise_clean,0,C:\Users\deves\OneDrive\Desktop\Projects\TCMD-SS\data\raw\hirise_v3_2\map-proj-v3_2\ESP_034268_1795_RED-0432.jpg,calibration_b,clean,0.0,esp_034268_1795_red-0432_clean,0.34555813670158386,3.044044256210327,1.100297451019287,0.3617862249998325
map-proj-v3_2/ESP_012971_2015_RED-0238.jpg,ok,,JPEG,227.0,227.0,L,1.0,1.0,normal,slope streak,val,esp_012971_2015_red-0238,[],f7559d314f467652047f3bfee4f0192ce1073c07e6f71868fd8fa38542fbb117,d3665805665ff92b72da3711c39a2e38553ab03dbeeb6f63d34d137be639d3bd,984d64b5b25a2dd5,162.07807254167557,26.58112359878072,a44f1a200a7736b1,[],3.0,esp_012971_2015,['val'],1.0,Counter({'val': 1}),val,44f19f6daa37be2b,True,hirise_clean,0,C:\Users\deves\OneDrive\Desktop\Projects\TCMD-SS\data\raw\hirise_v3_2\map-proj-v3_2\ESP_012971_2015_RED-0238.jpg,calibration_b,clean,0.0,esp_012971_2015_red-0238_clean,0.41384607553482056,2.8211586475372314,0.8873400688171387,0.3617862249998325
map-proj-v3_2/ESP_039350_1915_RED-0109.jpg,ok,,JPEG,227.0,227.0,L,1.0,1.0,normal,impact ejecta,train,esp_039350_1915_red-0109,[],83b8c5b21a00279cb8596cf9f116fc1d7e6d6eb36f5f4bdd5b0a35cac05683a1,f418ac86534c2f38af64008cb6239ef12ac6ae5de2385327f3ef5fa2d922288c,b3d98c3171ce8e31,135.90710085582876,25.91950552745117,019b529b2eb76bdd,[],5.0,esp_039350_1915,['train'],2.0,Counter({'train': 2}),val,57c12beb5e3347f5,True,hirise_clean,0,C:\Users\deves\OneDrive\Desktop\Projects\TCMD-SS\data\raw\hirise_v3_2\map-proj-v3_2\ESP_039350_1915_RED-0109.jpg,calibration_b,clean,0.0,esp_039350_1915_red-0109_clean,0.3371095359325409,2.541114568710327,1.1025457382202148,0.3617862249998325
map-proj-v3_2/PSP_004673_0935_RED-0129.jpg,ok,,JPEG,227.0,227.0,L,1.0,1.0,normal,swiss cheese,test,psp_004673_0935_red-0129,[],4a1e9eb9a6bf22bb1ce47ddc2779648beda3f62d62e4179f600801d3d11987a5,3d95c9bd215673b19f8492be474fb52b2bbf5fc7dd9aee005710a7ffc6a9f04f,de22121d4dd55f2c,146.99687554580916,18.319238259877142,37bc4dea4d73bce3,[],6.0,psp_004673_0935,['test'],1.0,Counter({'test': 1}),val,edbfc807a0aec8f6,True,hirise_clean,0,C:\Users\deves\OneDrive\Desktop\Projects\TCMD-SS\data\raw\hirise_v3_2\map-proj-v3_2\PSP_004673_0935_RED-0129.jpg,calibration_b,clean,0.0,psp_004673_0935_red-0129_clean,0.3107925057411194,1.5519708395004272,0.7111576795578003,0.3639194499999121
map-proj-v3_2/ESP_015897_2655_RED-0038.jpg,ok,,JPEG,227.0,227.0,L,1.0,1.0,normal,spider,val,esp_015897_2655_red-0038,[],bb6aa7c6bfe721f639dc3f8ebe11a8f8d7ede47207864b0e176598b06db3787a,2737b960fbe0b7df742e7880d863aa1a7493ae1b667f5a856a22f454d648579d,e762a3a55323b171,48.97876923674048,32.06531726462602,4986919e18312914,[],7.0,esp_015897_2655,['val'],2.0,Counter({'val': 2}),val,edbfc807a0aec8f6,True,hirise_clean,0,C:\Users\deves\OneDrive\Desktop\Projects\TCMD-SS\data\raw\hirise_v3_2\map-proj-v3_2\ESP_015897_2655_RED-0038.jpg,calibration_b,clean,0.0,esp_015897_2655_red-0038_clean,0.3926376700401306,4.37605619430542,1.2980690002441406,0.3639194499999121
map-proj-v3_2/ESP_034268_1795_RED-0365.jpg,ok,,JPEG,227.0,227.0,L,1.0,1.0,normal,other,val,esp_034268_1795_red-0365,[],d6a40fad3034c73842edb9565846bb720d82073c0df754f347e2ba4a982e7bb9,690869f2cd5b6b196b1dedd200bb904dfb2e4dea29f982f0d2a7bb5e98a06319,f71497a723ab890a,174.90574239748491,19.735925300795877,cb99defe20b255c0,[],0.0,esp_034268_1795,['val'],1.0,Counter({'val': 1}),val,3d3af0ffc91f037f,True,hirise_clean,0,C:\Users\deves\OneDrive\Desktop\Projects\TCMD-SS\data\raw\hirise_v3_2\map-proj-v3_2\ESP_034268_1795_RED-0365.jpg,calibration_b,clean,0.0,esp_034268_1795_red-0365_clean,0.37047550082206726,3.1075966358184814,1.1725220680236816,0.3639194499999121
map-proj-v3_2/ESP_012494_2050_RED-0094.jpg,ok,,JPEG,227.0,227.0,L,1.0,1.0,normal,crater,train,esp_012494_2050_red-0094,[],28b142a37991a68a3ad9bdd1702aeee3402a915ca0f3bdc2529defa5a5657e1d,fd901002a7a4d8fdc819daccba3ff567b8b92fb5c4e74fcaab0818d971ea6530,eb0bb4d44bcc4663,126.93036930660404,15.52258523418384,17a624f6c10351d9,[],1.0,esp_012494_2050,['train'],1.0,Counter({'train': 1}),val,fce0ac23e3f35811,True,hirise_clean,0,C:\Users\deves\OneDrive\Desktop\Projects\TCMD-SS\data\raw\hirise_v3_2\map-proj-v3_2\ESP_012494_2050_RED-0094.jpg,calibration_b,clean,0.0,esp_012494_2050_red-0094_clean,0.34076476097106934,1.498039960861206,0.5024694800376892,0.3639194499999121
map-proj-v3_2/ESP_019340_1875_RED-0119.jpg,ok,,JPEG,227.0,227.0,L,1.0,1.0,normal,slope streak,test,esp_019340_1875_red-0119,[],9f1df52abafe01f86dafa88472a01f6862666a9c81120a3a00d4a6d0f490f2dc,2a870c4e4507793e0bee9f2a8df2a1abf54ea9b628b03e22a160a3b46a4c9c5f,e6ca18371a72ce99,112.35281103844436,14.298879455495891,ec1c848f605c2d4c,[],3.0,esp_019340_1875,['test'],1.0,Counter({'test': 1}),val,3a4fca79aee70bd9,True,hirise_clean,0,C:\Users\deves\OneDrive\Desktop\Projects\TCMD-SS\data\raw\hirise_v3_2\map-proj-v3_2\ESP_019340_1875_RED-0119.jpg,calibration_b,clean,0.0,esp_019340_1875_red-0119_clean,0.24867984652519226,2.0089452266693115,0.6752684712409973,0.36062202499988416
map-proj-v3_2/ESP_015897_2655_RED-0018.jpg,ok,,JPEG,227.0,227.0,L,1.0,1.0,normal,impact ejecta,val,esp_015897_2655_red-0018,[],74044871d1f46d5b385adfb55fc7670fa4b4869df45680c908d39ba4cb7dfb77,fb73997aaac47eafd5d88b2bedb8fed0b3e0e0d36dce2664437e9383edb7e1c2,b353d94c6213d9e4,121.76651982378854,13.7253764036559,1b198f89bda946cb,[],5.0,esp_015897_2655,['val'],2.0,Counter({'val': 2}),val,edbfc807a0aec8f6,True,hirise_clean,0,C:\Users\deves\OneDrive\Desktop\Projects\TCMD-SS\data\raw\hirise_v3_2\map-proj-v3_2\ESP_015897_2655_RED-0018.jpg,calibration_b,clean,0.0,esp_015897_2655_red-0018_clean,0.2199954390525818,3.1017889976501465,0.37561899423599243,0.36062202499988416
map-proj-v3_2/ESP_012373_0930_RED-0045.jpg,ok,,JPEG,227.0,227.0,L,1.0,1.0,normal,swiss cheese,train,esp_012373_0930_red-0045,[],8e5cc470bfee1833f59491e560f1c7621d4975771daff800edec988963f77c6e,a61de311a7fc1a9944175b4fc8eb34190edb195d869ada88c3a67466d22be597,d63e24f29355ae30,99.99349880649731,18.548024245238924,7ebdc25b1965fc9c,[],6.0,esp_012373_0930,['train'],2.0,Counter({'train': 2}),val,edbfc807a0aec8f6,True,hirise_clean,0,C:\Users\deves\OneDrive\Desktop\Projects\TCMD-SS\data\raw\hirise_v3_2\map-proj-v3_2\ESP_012373_0930_RED-0045.jpg,calibration_b,clean,0.0,esp_012373_0930_red-0045_clean,0.41867905855178833,2.9300036430358887,0.7903550267219543,0.36062202499988416
map-proj-v3_2/ESP_015897_2655_RED-0019.jpg,ok,,JPEG,227.0,227.0,L,1.0,1.0,normal,spider,val,esp_015897_2655_red-0019,[],781a3d72ea01030f76e5593c9ed52beb151e48e7b21a3b0d38e080f5b6dbb781,cc8984d948a40421c2122a34fdd9fa5225cd0e6882935c6b3eb8e53cd0e62679,b9968ec4333938ce,122.1579887053892,10.499837874553345,6c506ce4bd284cd3,[],7.0,esp_015897_2655,['val'],2.0,Counter({'val': 2}),val,edbfc807a0aec8f6,True,hirise_clean,0,C:\Users\deves\OneDrive\Desktop\Projects\TCMD-SS\data\raw\hirise_v3_2\map-proj-v3_2\ESP_015897_2655_RED-0019.jpg,calibration_b,clean,0.0,esp_015897_2655_red-0019_clean,0.23798412084579468,2.885350465774536,0.5687311291694641,0.36062202499988416
map-proj-v3_2/ESP_018299_2245_RED-0074.jpg,ok,,JPEG,227.0,227.0,L,1.0,1.0,normal,other,train,esp_018299_2245_red-0074,[],197d84cad941bde9b3d5becfbe7dd02c07d7403e492dd5d34cb88c2bd47015de,b38ec4228be8ed3eb33ffc76885ea8e50f654daeeabd83f877c715734d6e0ba8,b0c54fb874ce0778,123.6265209881814,14.745422853460507,dd4441dd8f20b178,[],0.0,esp_018299_2245,['train'],1.0,Counter({'train': 1}),val,68f7375f9d5f9c50,True,hirise_clean,0,C:\Users\deves\OneDrive\Desktop\Projects\TCMD-SS\data\raw\hirise_v3_2\map-proj-v3_2\ESP_018299_2245_RED-0074.jpg,calibration_b,clean,0.0,esp_018299_2245_red-0074_clean,0.2619747519493103,0.18306022882461548,0.6971774697303772,0.3663626499999282
map-proj-v3_2/ESP_012971_2015_RED-0362.jpg,ok,,JPEG,227.0,227.0,L,1.0,1.0,normal,crater,val,esp_012971_2015_red-0362,[],a62b31ea3c4a15828b09cc8b68a984e0fc5c7e65a81e4f883ea4518aed66740e,b4a6c480ba871d49dcd83b525161fed73e6129476b0b164882cc5abf2de8e9d1,bb3d0d0f03d3c964,89.56498282520522,12.073635923403955,4fbc82267def36b3,[],1.0,esp_012971_2015,['val'],1.0,Counter({'val': 1}),val,44f19f6daa37be2b,True,hirise_clean,0,C:\Users\deves\OneDrive\Desktop\Projects\TCMD-SS\data\raw\hirise_v3_2\map-proj-v3_2\ESP_012971_2015_RED-0362.jpg,calibration_b,clean,0.0,esp_012971_2015_red-0362_clean,0.20141267776489258,2.8911514282226562,0.7017974853515625,0.3663626499999282
map-proj-v3_2/ESP_012971_2015_RED-0032.jpg,ok,,JPEG,227.0,227.0,L,1.0,1.0,normal,slope streak,val,esp_012971_2015_red-0032,[],4554fd793d20237ca1d3ceff282fb65abcb61299344675f30659905d53b5c60a,f5c695fd555987177a4d951f5f6b1696bd3dc1110de958874cccca95ec1c3a67,9cb2798d74957298,134.8471734363174,44.39702292938518,eb36e42f17f1e242,[],3.0,esp_012971_2015,['val'],1.0,Counter({'val': 1}),val,44f19f6daa37be2b,True,hirise_clean,0,C:\Users\deves\OneDrive\Desktop\Projects\TCMD-SS\data\raw\hirise_v3_2\map-proj-v3_2\ESP_012971_2015_RED-0032.jpg,calibration_b,clean,0.0,esp_012971_2015_red-0032_clean,0.5692761540412903,4.326307773590088,0.8792977929115295,0.3663626499999282
map-proj-v3_2/ESP_015897_2655_RED-0036.jpg,ok,,JPEG,227.0,227.0,L,1.0,1.0,normal,impact ejecta,val,esp_015897_2655_red-0036,[],33ed188f4dcc8f951577d29e06009cddc9d7467ac1f4e3422e792011edfa39b3,3c7b3eac803434b10a46b0d9fb02822ff2c98cf88bcae40062249d5f0d8ed1c0,b362ccce7313cc26,96.54807972209824,9.65152809938782,4c95a75407e85a70,[],5.0,esp_015897_2655,['val'],2.0,Counter({'val': 2}),val,edbfc807a0aec8f6,True,hirise_clean,0,C:\Users\deves\OneDrive\Desktop\Projects\TCMD-SS\data\raw\hirise_v3_2\map-proj-v3_2\ESP_015897_2655_RED-0036.jpg,calibration_b,clean,0.0,esp_015897_2655_red-0036_clean,0.19777515530586243,2.9843902587890625,0.23767706751823425,0.3663626499999282
map-proj-v3_2/PSP_004673_0935_RED-0049.jpg,ok,,JPEG,227.0,227.0,L,1.0,1.0,normal,swiss cheese,test,psp_004673_0935_red-0049,[],f0fd11b28fb9b75a2979bda173a2eb0b3116043b6a4a571d6279a87695e20c34,b6dafa791b9389195c3aeabd118fa985b947f42d34b6e30b14d2049b2e08af0f,b7cfde064d0ccca0,125.65832831997515,15.485398320615468,781b80417b3f4086,[],6.0,psp_004673_0935,['test'],1.0,Counter({'test': 1}),val,edbfc807a0aec8f6,True,hirise_clean,0,C:\Users\deves\OneDrive\Desktop\Projects\TCMD-SS\data\raw\hirise_v3_2\map-proj-v3_2\PSP_004673_0935_RED-0049.jpg,calibration_b,clean,0.0,psp_004673_0935_red-0049_clean,0.2850680351257324,2.5197277069091797,0.631360650062561,0.36447627500001545
map-proj-v3_2/ESP_015897_2655_RED-0035.jpg,ok,,JPEG,227.0,227.0,L,1.0,1.0,normal,spider,val,esp_015897_2655_red-0035,[],43afa7a705fa0fc57ae922d5ca4029031735749186d15d8f7802eae957ef8f20,e82c1742c17d26208f1012de4e8dd1ab2c52dafed55754fcf1998476e6cc3738,b369cc8a21b3cee4,101.70960041918144,8.801308412008462,cc577d46d5d502bf,[],7.0,esp_015897_2655,['val'],2.0,Counter({'val': 2}),val,edbfc807a0aec8f6,True,hirise_clean,0,C:\Users\deves\OneDrive\Desktop\Projects\TCMD-SS\data\raw\hirise_v3_2\map-proj-v3_2\ESP_015897_2655_RED-0035.jpg,calibration_b,clean,0.0,esp_015897_2655_red-0035_clean,0.18406586349010468,3.0038466453552246,0.373153418302536,0.36447627500001545
map-proj-v3_2/ESP_018299_2245_RED-0410.jpg,ok,,JPEG,227.0,227.0,L,1.0,1.0,normal,other,train,esp_018299_2245_red-0410,[],91622e8dfd9c3fbaa21849e36b7c31e65316d86018ef354badac546dd69202ea,9a389b7f40accbd7d09cd239b342f91f68aac033bfbb5ab48ac487405957c262,ccb0673a198ce4e7,135.03764870267227,15.126972648555842,0c06aeabeda5857d,[],0.0,esp_018299_2245,['train'],1.0,Counter({'train': 1}),val,68f7375f9d5f9c50,True,hirise_clean,0,C:\Users\deves\OneDrive\Desktop\Projects\TCMD-SS\data\raw\hirise_v3_2\map-proj-v3_2\ESP_018299_2245_RED-0410.jpg,calibration_b,clean,0.0,esp_018299_2245_red-0410_clean,0.25494810938835144,1.0799564123153687,0.5538439750671387,0.36447627500001545
map-proj-v3_2/ESP_034268_1795_RED-0018.jpg,ok,,JPEG,227.0,227.0,L,1.0,1.0,normal,crater,val,esp_034268_1795_red-0018,[],a2bcc59a4575acf0ea957270dceeeeaeb71f08fe67122b7ca604572be68539e8,77b2a9b507a51d74cc287249deb942f38149bce00a8f28492f11262433c62803,d3986ccc337624cd,184.2094548700732,14.634361467925345,d910ffc658609888,[],1.0,esp_034268_1795,['val'],1.0,Counter({'val': 1}),val,3d3af0ffc91f037f,True,hirise_clean,0,C:\Users\deves\OneDrive\Desktop\Projects\TCMD-SS\data\raw\hirise_v3_2\map-proj-v3_2\ESP_034268_1795_RED-0018.jpg,calibration_b,clean,0.0,esp_034268_1795_red-0018_clean,0.4332824647426605,3.566679000854492,1.367611289024353,0.36447627500001545
map-proj-v3_2/ESP_012971_2015_RED-0154.jpg,ok,,JPEG,227.0,227.0,L,1.0,1.0,normal,slope streak,val,esp_012971_2015_red-0154,[],2ee0304b906108fec473d2cfcc8b4fe4dbd458739b9b019529e26f69fb4311bb,8a8f7212ecd74253125931405197c90a9676ccc8c76274d8d4b56043ac13b813,a19340976a927bbb,195.84102156067456,23.817582885948056,cbadebe1470b1c9d,[],3.0,esp_012971_2015,['val'],1.0,Counter({'val': 1}),val,44f19f6daa37be2b,True,hirise_clean,0,C:\Users\deves\OneDrive\Desktop\Projects\TCMD-SS\data\raw\hirise_v3_2\map-proj-v3_2\ESP_012971_2015_RED-0154.jpg,calibration_b,clean,0.0,esp_012971_2015_red-0154_clean,0.4964886009693146,4.180695056915283,1.6777148246765137,0.35737300000005234
map-proj-v3_2/ESP_012494_2050_RED-0164.jpg,ok,,JPEG,227.0,227.0,L,1.0,1.0,normal,impact ejecta,train,esp_012494_2050_red-0164,[],20c1a567899cf6f37e4db49d1a22022454fba945c99bc973542cebea6ad40427,3d4a18b0a652734fe8eb1adc77141acd6d22a2402783a6299438b8cd90cddee6,e66e999991c66466,115.73209260804596,22.474510495405102,e6ee8d0cc830fafe,[],5.0,esp_012494_2050,['train'],3.0,Counter({'train': 3}),val,fce0ac23e3f35811,True,hirise_clean,0,C:\Users\deves\OneDrive\Desktop\Projects\TCMD-SS\data\raw\hirise_v3_2\map-proj-v3_2\ESP_012494_2050_RED-0164.jpg,calibration_b,clean,0.0,esp_012494_2050_red-0164_clean,0.33214789628982544,1.2567070722579956,0.6802329421043396,0.35737300000005234
map-proj-v3_2/PSP_004673_0935_RED-0024.jpg,ok,,JPEG,227.0,227.0,L,1.0,1.0,normal,swiss cheese,test,psp_004673_0935_red-0024,[],f38d10f2438b8f49d59b1a9700a72b6fa22b9fc68f38978080b8bec4a8eb8ac3,c55cf79e3b736798977792105f82c72478424b7a04a863eeaf9567991eadbd3a,dc4e6e2736722a13,79.58462225154767,40.83908468691974,67de88581403be64,[],6.0,psp_004673_0935,['test'],1.0,Counter({'test': 1}),val,edbfc807a0aec8f6,True,hirise_clean,0,C:\Users\deves\OneDrive\Desktop\Projects\TCMD-SS\data\raw\hirise_v3_2\map-proj-v3_2\PSP_004673_0935_RED-0024.jpg,calibration_b,clean,0.0,psp_004673_0935_red-0024_clean,0.40997758507728577,4.1713032722473145,1.6204981803894043,0.35737300000005234
map-proj-v3_2/ESP_015897_2655_RED-0020.jpg,ok,,JPEG,227.0,227.0,L,1.0,1.0,normal,spider,val,esp_015897_2655_red-0020,[],79c928033c6f17106daf0e7a061a60ca9c63d5c9b0d06bf0f7958579e3983552,30e75e871125861e703a6f86f7d7fd6624b2d1682fb47618a671c8f8b23fe695,e571c9e6929b096c,119.68590502435522,11.673404832534244,c80fbd03bce0613f,[],7.0,esp_015897_2655,['val'],2.0,Counter({'val': 2}),val,edbfc807a0aec8f6,True,hirise_clean,0,C:\Users\deves\OneDrive\Desktop\Projects\TCMD-SS\data\raw\hirise_v3_2\map-proj-v3_2\ESP_015897_2655_RED-0020.jpg,calibration_b,clean,0.0,esp_015897_2655_red-0020_clean,0.21277664601802826,2.8666603565216064,0.6801165342330933,0.35737300000005234
map-proj-v3_2/ESP_016570_2050_RED-0047.jpg,ok,,JPEG,227.0,227.0,L,1.0,1.0,normal,other,val,esp_016570_2050_red-0047,[],a3e9f84dd3765c3ff748a399955e0fb848d9ab23c1847fd6971bee2c6b4c8023,8e13e238ed7d798e6e9acc8664839a7b5d18ac7a594edad956563dad6924027c,81e099e1d8f2e4f9,108.17168972811426,50.834518079698405,861513431463deab,[],0.0,esp_016570_2050,['val'],1.0,Counter({'val': 1}),val,f68d9819a0753d5f,True,hirise_clean,0,C:\Users\deves\OneDrive\Desktop\Projects\TCMD-SS\data\raw\hirise_v3_2\map-proj-v3_2\ESP_016570_2050_RED-0047.jpg,calibration_b,clean,0.0,esp_016570_2050_red-0047_clean,0.5970257520675659,3.943427801132202,1.2010672092437744,0.36483004999990953
map-proj-v3_2/ESP_013257_2110_RED-0220.jpg,ok,,JPEG,227.0,227.0,L,1.0,1.0,normal,crater,test,esp_013257_2110_red-0220,[],0dc53a4612d7c7bcecd6431e6b480823e9566b1ea29f3ca41cc6c149a21f1928,efb606dcfa9f93993faee5fd1f75867d71dc3763662f157f8d27ef3911da544b,926ecd3134ca33ce,46.945797512080574,20.219080715721606,f2e391e8383a7b0b,[],1.0,esp_013257_2110,['test'],1.0,Counter({'test': 1}),val,7e22477ff4767566,True,hirise_clean,0,C:\Users\deves\OneDrive\Desktop\Projects\TCMD-SS\data\raw\hirise_v3_2\map-proj-v3_2\ESP_013257_2110_RED-0220.jpg,calibration_b,clean,0.0,esp_013257_2110_red-0220_clean,0.4126565456390381,3.4082980155944824,0.990005612373352,0.36483004999990953
map-proj-v3_2/ESP_012971_2015_RED-0148.jpg,ok,,JPEG,227.0,227.0,L,1.0,1.0,normal,slope streak,val,esp_012971_2015_red-0148,[],d6f65f440f1fb89a949d06921bf51e21bf619ed63b0f2479eec2e15df4e77332,fb27d7d60cd00b528be6b9da71674b57773ab05c53fa9d563044e69860867fae,81bf9c9e27588c96,198.91358264278367,21.198232476585197,f415939265c9b25b,[],3.0,esp_012971_2015,['val'],1.0,Counter({'val': 1}),val,44f19f6daa37be2b,True,hirise_clean,0,C:\Users\deves\OneDrive\Desktop\Projects\TCMD-SS\data\raw\hirise_v3_2\map-proj-v3_2\ESP_012971_2015_RED-0148.jpg,calibration_b,clean,0.0,esp_012971_2015_red-0148_clean,0.5395172238349915,4.18161678314209,1.455296277999878,0.36483004999990953
map-proj-v3_2/ESP_015897_2655_RED-0039.jpg,ok,,JPEG,227.0,227.0,L,1.0,1.0,normal,impact ejecta,val,esp_015897_2655_red-0039,[],7bbf3da02bbfca5bd2a39b2cccae3f26fb91082e554e628f97ab232563749d8b,53f62cb9c2d0b055296dfd1ec6829dd2797248aef04e0d9ebd9273fa7222c453,f3a3dc6c3712cc24,131.15750354169498,8.632295110677532,98e2a64f4fd55678,[],5.0,esp_015897_2655,['val'],2.0,Counter({'val': 2}),val,edbfc807a0aec8f6,True,hirise_clean,0,C:\Users\deves\OneDrive\Desktop\Projects\TCMD-SS\data\raw\hirise_v3_2\map-proj-v3_2\ESP_015897_2655_RED-0039.jpg,calibration_b,clean,0.0,esp_015897_2655_red-0039_clean,0.23927649855613708,3.0338919162750244,0.23625043034553528,0.36483004999990953
map-proj-v3_2/ESP_012373_0930_RED-0112.jpg,ok,,JPEG,227.0,227.0,L,1.0,1.0,normal,swiss cheese,train,esp_012373_0930_red-0112,[],42a9eb9bc09a260e69d952d155f794fbf938742df3f13dea9ea0dba4bded77f7,55e000e684a0bec19910031d0958ab2f763400746ab640d22197f5fdaee74265,b3b04d2e4c06cebe,102.20182809679986,10.834594649697758,90c8c7b79b98ba25,[],6.0,esp_012373_0930,['train'],2.0,Counter({'train': 2}),val,edbfc807a0aec8f6,True,hirise_clean,0,C:\Users\deves\OneDrive\Desktop\Projects\TCMD-SS\data\raw\hirise_v3_2\map-proj-v3_2\ESP_012373_0930_RED-0112.jpg,calibration_b,clean,0.0,esp_012373_0930_red-0112_clean,0.24010513722896576,2.3249096870422363,0.6718297600746155,0.36035627499995826
map-proj-v3_2/ESP_015897_2655_RED-0042.jpg,ok,,JPEG,227.0,227.0,L,1.0,1.0,normal,spider,val,esp_015897_2655_red-0042,[],e826940b6b9fe377968b75144c323006c6b45d2d1ef97ba9984c511c35b4a888,2eff445c2f4dbcfab71789920940490198dce021b002d87f4d588b76a3fb181d,f2dac82633bd8ca4,145.84253527140058,14.495862523401362,4dfc3ec4a5265a83,[],7.0,esp_015897_2655,['val'],2.0,Counter({'val': 2}),val,edbfc807a0aec8f6,True,hirise_clean,0,C:\Users\deves\OneDrive\Desktop\Projects\TCMD-SS\data\raw\hirise_v3_2\map-proj-v3_2\ESP_015897_2655_RED-0042.jpg,calibration_b,clean,0.0,esp_015897_2655_red-0042_clean,0.28069785237312317,3.2457163333892822,0.44335874915122986,0.36035627499995826
map-proj-v3_2/ESP_019340_1875_RED-0065.jpg,ok,,JPEG,227.0,227.0,L,1.0,1.0,normal,other,test,esp_019340_1875_red-0065,[],79f579cfa67e33ed4c64db01f9b79b5a33365c41d2bede0a4e0375df9770466c,43b2617c3a40dc2c58a57196cf16859407645060848b16ebb3dba157e2ce64fd,a0672d684a4bcd7e,100.17042830250926,23.33530669654653,a23c55c019e9819b,[],0.0,esp_019340_1875,['test'],1.0,Counter({'test': 1}),val,3a4fca79aee70bd9,True,hirise_clean,0,C:\Users\deves\OneDrive\Desktop\Projects\TCMD-SS\data\raw\hirise_v3_2\map-proj-v3_2\ESP_019340_1875_RED-0065.jpg,calibration_b,clean,0.0,esp_019340_1875_red-0065_clean,0.2771911323070526,2.2242910861968994,0.8855483531951904,0.36035627499995826
map-proj-v3_2/ESP_034268_1795_RED-0417.jpg,ok,,JPEG,227.0,227.0,L,1.0,1.0,normal,crater,val,esp_034268_1795_red-0417,[],28ca3f780a5c2fd94037b29dccebf66e6ddc0132b65917c944fddc683c9bfe2c,5de271fbe3110e7c4eed9f2af6b3004821e62bfbd45cdfb14215735b98d3f788,835b9c2cb93366cc,176.52871198742454,17.034093238153037,d8004e350d45310f,[],1.0,esp_034268_1795,['val'],1.0,Counter({'val': 1}),val,3d3af0ffc91f037f,True,hirise_clean,0,C:\Users\deves\OneDrive\Desktop\Projects\TCMD-SS\data\raw\hirise_v3_2\map-proj-v3_2\ESP_034268_1795_RED-0417.jpg,calibration_b,clean,0.0,esp_034268_1795_red-0417_clean,0.38615646958351135,2.9965505599975586,1.0707378387451172,0.36035627499995826
map-proj-v3_2/ESP_020421_1810_RED-0055.jpg,ok,,JPEG,227.0,227.0,L,1.0,1.0,normal,slope streak,test,esp_020421_1810_red-0055,[],547d2353ea6d4defb26b55c0d2cfb9608127caace9eb537ee0a836eb39259198,449a21e52952a8c4e29ffe9ef1037882a7522c892cef1a283d2e7355457e7baf,db6d35198d642f18,108.20749480874848,71.08079084244176,c2b6989d90a3dcc7,[],3.0,esp_020421_1810,['test'],1.0,Counter({'test': 1}),val,4976a8ffc9a34a67,True,hirise_clean,0,C:\Users\deves\OneDrive\Desktop\Projects\TCMD-SS\data\raw\hirise_v3_2\map-proj-v3_2\ESP_020421_1810_RED-0055.jpg,calibration_b,clean,0.0,esp_020421_1810_red-0055_clean,0.5142064094543457,4.534547805786133,1.4161922931671143,0.3621210249998512
map-proj-v3_2/ESP_015897_2655_RED-0013.jpg,ok,,JPEG,227.0,227.0,L,1.0,1.0,normal,impact ejecta,val,esp_015897_2655_red-0013,[],0c78e9817a481ff96deb2fac8d3af4180f0244b19f5f97b16d016c9548071be1,1c054c46c5688862f764de8172cdd68bc5d4739828111ec4da833ac96d05a104,b1a8dcad5285ca75,96.92262609404412,24.450187114811417,61898477380ed3e0,[],5.0,esp_015897_2655,['val'],2.0,Counter({'val': 2}),val,edbfc807a0aec8f6,True,hirise_clean,0,C:\Users\deves\OneDrive\Desktop\Projects\TCMD-SS\data\raw\hirise_v3_2\map-proj-v3_2\ESP_015897_2655_RED-0013.jpg,calibration_b,clean,0.0,esp_015897_2655_red-0013_clean,0.4190744459629059,2.811832904815674,0.2790869474411011,0.3621210249998512
map-proj-v3_2/PSP_004673_0935_RED-0009.jpg,ok,,JPEG,227.0,227.0,L,1.0,1.0,normal,swiss cheese,test,psp_004673_0935_red-0009,[],d1ece50253a61b17ead134ec940ea364d0564781e49841f32e8b53f0a7bf8af6,d79f74c1d952ddb6b6f21dbc4acddc6af1562dff0f7b75723188a751643d0afe,dfb368d0a489724d,90.95680102466572,41.76707851664303,2e3644aef9f53c55,[],6.0,psp_004673_0935,['test'],1.0,Counter({'test': 1}),val,edbfc807a0aec8f6,True,hirise_clean,0,C:\Users\deves\OneDrive\Desktop\Projects\TCMD-SS\data\raw\hirise_v3_2\map-proj-v3_2\PSP_004673_0935_RED-0009.jpg,calibration_b,clean,0.0,psp_004673_0935_red-0009_clean,0.45906031131744385,4.218719959259033,1.3804073333740234,0.3621210249998512
map-proj-v3_2/ESP_015897_2655_RED-0015.jpg,ok,,JPEG,227.0,227.0,L,1.0,1.0,normal,spider,val,esp_015897_2655_red-0015,[],86e3b97fd53f20091b3b0d7b7193ca53332a4c2cb313a3906381e7e792a5f807,b81db3b6669d876c3036ba6d49ec5b23318fdb7051c04c55c4b92ef02bf081c4,8df09ec17c1318e7,77.96617438723825,27.188223912787223,7805d37477a6a682,[],7.0,esp_015897_2655,['val'],2.0,Counter({'val': 2}),val,edbfc807a0aec8f6,True,hirise_clean,0,C:\Users\deves\OneDrive\Desktop\Projects\TCMD-SS\data\raw\hirise_v3_2\map-proj-v3_2\ESP_015897_2655_RED-0015.jpg,calibration_b,clean,0.0,esp_015897_2655_red-0015_clean,0.5377040505409241,3.7378225326538086,1.093575358390808,0.3621210249998512
map-proj-v3_2/ESP_012971_2015_RED-0226.jpg,ok,,JPEG,227.0,227.0,L,1.0,1.0,normal,other,val,esp_012971_2015_red-0226,[],54efba220cf7cdb8ae3f45961ff51cecf76b015ae7e799e45ac99932f8c106d4,f71944b8bee5310bae38d69037e648199798672cc09c899028b73ba3acbdd8ab,fd83d1cee026a15c,97.767490151177,14.19238139154887,9a9fa40b7d8a6fb3,[],0.0,esp_012971_2015,['val'],1.0,Counter({'val': 1}),val,44f19f6daa37be2b,True,hirise_clean,0,C:\Users\deves\OneDrive\Desktop\Projects\TCMD-SS\data\raw\hirise_v3_2\map-proj-v3_2\ESP_012971_2015_RED-0226.jpg,calibration_b,clean,0.0,esp_012971_2015_red-0226_clean,0.2107422947883606,2.663647413253784,0.569657027721405,0.3574282750000748
map-proj-v3_2/ESP_023020_1410_RED-0176.jpg,ok,,JPEG,227.0,227.0,L,1.0,1.0,normal,crater,train,esp_023020_1410_red-0176,[],ae6689202db300de729f7e6adb47ef1d30f29af080f0dccb7718d232597ab449,417ffec840df2a11d68ca6f2464b1a7a07dee942296ba18cbd297da27518222d,a3f08d093367cf8a,159.3120766946768,11.414191698993712,f0fe9777aed9d086,[],1.0,esp_023020_1410,['train'],1.0,Counter({'train': 1}),val,a01922dfa27b71f7,True,hirise_clean,0,C:\Users\deves\OneDrive\Desktop\Projects\TCMD-SS\data\raw\hirise_v3_2\map-proj-v3_2\ESP_023020_1410_RED-0176.jpg,calibration_b,clean,0.0,esp_023020_1410_red-0176_clean,0.3527325391769409,2.503422975540161,0.7235891819000244,0.3574282750000748
map-proj-v3_2/ESP_050128_2025_RED-0038.jpg,ok,,JPEG,227.0,227.0,L,1.0,1.0,normal,slope streak,train,esp_050128_2025_red-0038,[],c64b6a3e53e6dda18cc0d691da2cb905c2611a26e6f5da7c422e5bc8320c539f,a3eeaefec69102cbe8f80c364ffb455c38eaf59f03ba6e32089785a9b5c66be8,a3ab5caa58ae5a94,147.0294979526092,38.16702847469644,62d4414ad8848928,[],3.0,esp_050128_2025,['train'],2.0,Counter({'train': 2}),val,857ae588ac774718,True,hirise_clean,0,C:\Users\deves\OneDrive\Desktop\Projects\TCMD-SS\data\raw\hirise_v3_2\map-proj-v3_2\ESP_050128_2025_RED-0038.jpg,calibration_b,clean,0.0,esp_050128_2025_red-0038_clean,0.4955568015575409,3.7632265090942383,0.8211843967437744,0.3574282750000748
map-proj-v3_2/ESP_018299_2245_RED-0412.jpg,ok,,JPEG,227.0,227.0,L,1.0,1.0,normal,impact ejecta,train,esp_018299_2245_red-0412,[],68eedfad425777b335d8aa22f802e846b686309de46dc09b8c79dd2f2cc4fd1b,ccacfd7a8a94428fa360a3f73cfa7aba099fd708a62d2efaa36d8360d7ad2432,a673cc9c7133469c,134.0091987036426,20.871993627543358,98e70a4213c0ab03,[],5.0,esp_018299_2245,['train'],1.0,Counter({'train': 1}),val,68f7375f9d5f9c50,True,hirise_clean,0,C:\Users\deves\OneDrive\Desktop\Projects\TCMD-SS\data\raw\hirise_v3_2\map-proj-v3_2\ESP_018299_2245_RED-0412.jpg,calibration_b,clean,0.0,esp_018299_2245_red-0412_clean,0.2770051658153534,0.34085768461227417,0.578223466873169,0.3574282750000748
map-proj-v3_2/PSP_004673_0935_RED-0034.jpg,ok,,JPEG,227.0,227.0,L,1.0,1.0,normal,swiss cheese,test,psp_004673_0935_red-0034,[],7ddcc1e1c3d923f5464e32bd0869cceb2bbeac48a05da3617e222efe6e8f1ae1,7ba45226732066daba3e3390f790a3aeb933d0b471ec87c89c6542c40d5c3c13,f900fb975519c4b8,111.5294494362398,16.953299958561445,b3cab27e80ed0812,[],6.0,psp_004673_0935,['test'],1.0,Counter({'test': 1}),val,edbfc807a0aec8f6,True,hirise_clean,0,C:\Users\deves\OneDrive\Desktop\Projects\TCMD-SS\data\raw\hirise_v3_2\map-proj-v3_2\PSP_004673_0935_RED-0034.jpg,calibration_b,clean,0.0,psp_004673_0935_red-0034_clean,0.2942913770675659,1.8830173015594482,0.6173439621925354,0.3652754999998251
map-proj-v3_2/ESP_015897_2655_RED-0052.jpg,ok,,JPEG,227.0,227.0,L,1.0,1.0,normal,spider,val,esp_015897_2655_red-0052,[],8053c3a62faab7e8163d0d39f6356b0a39c3a2ee667658b2b100628068c340f3,c6aff92e3d291fb43f0e6b6ddcce06dcbb19f9d0143b6000380bf4f74cf62add,e1f39c4d26929d64,150.05003008014904,12.665363739545596,2652ae830dbb704d,[],7.0,esp_015897_2655,['val'],2.0,Counter({'val': 2}),val,edbfc807a0aec8f6,True,hirise_clean,0,C:\Users\deves\OneDrive\Desktop\Projects\TCMD-SS\data\raw\hirise_v3_2\map-proj-v3_2\ESP_015897_2655_RED-0052.jpg,calibration_b,clean,0.0,esp_015897_2655_red-0052_clean,0.30965742468833923,3.3008265495300293,0.3853932023048401,0.3652754999998251
map-proj-v3_2/ESP_034268_1795_RED-0017.jpg,ok,,JPEG,227.0,227.0,L,1.0,1.0,normal,other,val,esp_034268_1795_red-0017,[],5fac8c76c47b0872ae0d7e056f0ea880b730134421e7ba5e3f5c2f14b32f4438,2a88b929c73527ab0d86d61f21ae5e8e6485c2bc8adee5c89ddd55857803c050,a71c5926e2d9b2cc,186.11704088959613,11.648714285987875,93093b32d15a2e1a,[],0.0,esp_034268_1795,['val'],1.0,Counter({'val': 1}),val,3d3af0ffc91f037f,True,hirise_clean,0,C:\Users\deves\OneDrive\Desktop\Projects\TCMD-SS\data\raw\hirise_v3_2\map-proj-v3_2\ESP_034268_1795_RED-0017.jpg,calibration_b,clean,0.0,esp_034268_1795_red-0017_clean,0.4131934642791748,4.145324230194092,1.4365326166152954,0.3652754999998251
map-proj-v3_2/ESP_012494_2050_RED-0050.jpg,ok,,JPEG,227.0,227.0,L,1.0,1.0,normal,crater,train,esp_012494_2050_red-0050,[],f4291ad3c797e988e33efe9925862777f201c0a4c27bbcbcb269b51fb4381ced,f8fd99e4572e037813aa0f37ee081453625e2d72eea558deee2d8496210c7c0d,a27f48ac339d8c66,128.15794989229366,18.11832067115392,3d91c8b284be2603,[],1.0,esp_012494_2050,['train'],1.0,Counter({'train': 1}),val,fce0ac23e3f35811,True,hirise_clean,0,C:\Users\deves\OneDrive\Desktop\Projects\TCMD-SS\data\raw\hirise_v3_2\map-proj-v3_2\ESP_012494_2050_RED-0050.jpg,calibration_b,clean,0.0,esp_012494_2050_red-0050_clean,0.40251243114471436,1.8834176063537598,0.5819917917251587,0.3652754999998251
map-proj-v3_2/ESP_020133_1720_RED-0022.jpg,ok,,JPEG,227.0,227.0,L,1.0,1.0,normal,other,val,esp_020133_1720_red-0022,[],0392398d14c953f597b15d28c86dba4474963cc337f7bb59f196af71f5e7011f,8905df5f0bb243bb617c753f408cd8e5838e9cfd25f3fe79ecf7ecdf48837244,c7f81b724c863993,164.4439635933164,13.31468515535648,5936c43507846e13,[],0.0,esp_020133_1720,['val'],1.0,Counter({'val': 1}),test,59ea2b45b332c92d,True,hirise_clean,0,C:\Users\deves\OneDrive\Desktop\Projects\TCMD-SS\data\raw\hirise_v3_2\map-proj-v3_2\ESP_020133_1720_RED-0022.jpg,development,clean,0.0,esp_020133_1720_red-0022_clean,0.3667132556438446,2.7111079692840576,0.8780072927474976,0.3643039000000954
map-proj-v3_2/ESP_020133_1720_RED-0022.jpg,ok,,JPEG,227.0,227.0,L,1.0,1.0,normal,other,val,esp_020133_1720_red-0022,[],0392398d14c953f597b15d28c86dba4474963cc337f7bb59f196af71f5e7011f,8905df5f0bb243bb617c753f408cd8e5838e9cfd25f3fe79ecf7ecdf48837244,c7f81b724c863993,164.4439635933164,13.31468515535648,5936c43507846e13,[],0.0,esp_020133_1720,['val'],1.0,Counter({'val': 1}),test,59ea2b45b332c92d,True,development_corruption,1,C:\Users\deves\OneDrive\Desktop\Projects\TCMD-SS\data\raw\hirise_v3_2\map-proj-v3_2\ESP_020133_1720_RED-0022.jpg,development,stripes,0.15,esp_020133_1720_red-0022_stripes_0.15,0.3612963855266571,2.216020345687866,0.8793874979019165,0.3643039000000954
map-proj-v3_2/ESP_020133_1720_RED-0022.jpg,ok,,JPEG,227.0,227.0,L,1.0,1.0,normal,other,val,esp_020133_1720_red-0022,[],0392398d14c953f597b15d28c86dba4474963cc337f7bb59f196af71f5e7011f,8905df5f0bb243bb617c753f408cd8e5838e9cfd25f3fe79ecf7ecdf48837244,c7f81b724c863993,164.4439635933164,13.31468515535648,5936c43507846e13,[],0.0,esp_020133_1720,['val'],1.0,Counter({'val': 1}),test,59ea2b45b332c92d,True,development_corruption,1,C:\Users\deves\OneDrive\Desktop\Projects\TCMD-SS\data\raw\hirise_v3_2\map-proj-v3_2\ESP_020133_1720_RED-0022.jpg,development,stripes,0.3,esp_020133_1720_red-0022_stripes_0.3,0.36125126481056213,1.7007570266723633,1.3275812864303589,0.3643039000000954
map-proj-v3_2/ESP_020133_1720_RED-0022.jpg,ok,,JPEG,227.0,227.0,L,1.0,1.0,normal,other,val,esp_020133_1720_red-0022,[],0392398d14c953f597b15d28c86dba4474963cc337f7bb59f196af71f5e7011f,8905df5f0bb243bb617c753f408cd8e5838e9cfd25f3fe79ecf7ecdf48837244,c7f81b724c863993,164.4439635933164,13.31468515535648,5936c43507846e13,[],0.0,esp_020133_1720,['val'],1.0,Counter({'val': 1}),test,59ea2b45b332c92d,True,development_corruption,1,C:\Users\deves\OneDrive\Desktop\Projects\TCMD-SS\data\raw\hirise_v3_2\map-proj-v3_2\ESP_020133_1720_RED-0022.jpg,development,stripes,0.5,esp_020133_1720_red-0022_stripes_0.5,0.36291828751564026,1.1785532236099243,2.1725125312805176,0.3643039000000954
map-proj-v3_2/ESP_020133_1720_RED-0022.jpg,ok,,JPEG,227.0,227.0,L,1.0,1.0,normal,other,val,esp_020133_1720_red-0022,[],0392398d14c953f597b15d28c86dba4474963cc337f7bb59f196af71f5e7011f,8905df5f0bb243bb617c753f408cd8e5838e9cfd25f3fe79ecf7ecdf48837244,c7f81b724c863993,164.4439635933164,13.31468515535648,5936c43507846e13,[],0.0,esp_020133_1720,['val'],1.0,Counter({'val': 1}),test,59ea2b45b332c92d,True,development_corruption,1,C:\Users\deves\OneDrive\Desktop\Projects\TCMD-SS\data\raw\hirise_v3_2\map-proj-v3_2\ESP_020133_1720_RED-0022.jpg,development,dead_pixels,0.15,esp_020133_1720_red-0022_dead_pixels_0.15,0.4500548839569092,2.8612170219421387,0.8521019220352173,0.3617071749999923
map-proj-v3_2/ESP_020133_1720_RED-0022.jpg,ok,,JPEG,227.0,227.0,L,1.0,1.0,normal,other,val,esp_020133_1720_red-0022,[],0392398d14c953f597b15d28c86dba4474963cc337f7bb59f196af71f5e7011f,8905df5f0bb243bb617c753f408cd8e5838e9cfd25f3fe79ecf7ecdf48837244,c7f81b724c863993,164.4439635933164,13.31468515535648,5936c43507846e13,[],0.0,esp_020133_1720,['val'],1.0,Counter({'val': 1}),test,59ea2b45b332c92d,True,development_corruption,1,C:\Users\deves\OneDrive\Desktop\Projects\TCMD-SS\data\raw\hirise_v3_2\map-proj-v3_2\ESP_020133_1720_RED-0022.jpg,development,dead_pixels,0.3,esp_020133_1720_red-0022_dead_pixels_0.3,0.4913448989391327,2.777066469192505,0.8577021360397339,0.3617071749999923
map-proj-v3_2/ESP_020133_1720_RED-0022.jpg,ok,,JPEG,227.0,227.0,L,1.0,1.0,normal,other,val,esp_020133_1720_red-0022,[],0392398d14c953f597b15d28c86dba4474963cc337f7bb59f196af71f5e7011f,8905df5f0bb243bb617c753f408cd8e5838e9cfd25f3fe79ecf7ecdf48837244,c7f81b724c863993,164.4439635933164,13.31468515535648,5936c43507846e13,[],0.0,esp_020133_1720,['val'],1.0,Counter({'val': 1}),test,59ea2b45b332c92d,True,development_corruption,1,C:\Users\deves\OneDrive\Desktop\Projects\TCMD-SS\data\raw\hirise_v3_2\map-proj-v3_2\ESP_020133_1720_RED-0022.jpg,development,dead_pixels,0.5,esp_020133_1720_red-0022_dead_pixels_0.5,0.5212888717651367,2.7343943119049072,0.8286005854606628,0.3617071749999923
map-proj-v3_2/ESP_020133_1720_RED-0022.jpg,ok,,JPEG,227.0,227.0,L,1.0,1.0,normal,other,val,esp_020133_1720_red-0022,[],0392398d14c953f597b15d28c86dba4474963cc337f7bb59f196af71f5e7011f,8905df5f0bb243bb617c753f408cd8e5838e9cfd25f3fe79ecf7ecdf48837244,c7f81b724c863993,164.4439635933164,13.31468515535648,5936c43507846e13,[],0.0,esp_020133_1720,['val'],1.0,Counter({'val': 1}),test,59ea2b45b332c92d,True,development_corruption,1,C:\Users\deves\OneDrive\Desktop\Projects\TCMD-SS\data\raw\hirise_v3_2\map-proj-v3_2\ESP_020133_1720_RED-0022.jpg,development,missing_patch,0.15,esp_020133_1720_red-0022_missing_patch_0.15,0.4085574448108673,3.257875680923462,0.8877643942832947,0.3617071749999923
map-proj-v3_2/ESP_020133_1720_RED-0022.jpg,ok,,JPEG,227.0,227.0,L,1.0,1.0,normal,other,val,esp_020133_1720_red-0022,[],0392398d14c953f597b15d28c86dba4474963cc337f7bb59f196af71f5e7011f,8905df5f0bb243bb617c753f408cd8e5838e9cfd25f3fe79ecf7ecdf48837244,c7f81b724c863993,164.4439635933164,13.31468515535648,5936c43507846e13,[],0.0,esp_020133_1720,['val'],1.0,Counter({'val': 1}),test,59ea2b45b332c92d,True,development_corruption,1,C:\Users\deves\OneDrive\Desktop\Projects\TCMD-SS\data\raw\hirise_v3_2\map-proj-v3_2\ESP_020133_1720_RED-0022.jpg,development,missing_patch,0.3,esp_020133_1720_red-0022_missing_patch_0.3,0.5400978326797485,3.6959657669067383,0.776150107383728,0.36315480000007483
map-proj-v3_2/ESP_020133_1720_RED-0022.jpg,ok,,JPEG,227.0,227.0,L,1.0,1.0,normal,other,val,esp_020133_1720_red-0022,[],0392398d14c953f597b15d28c86dba4474963cc337f7bb59f196af71f5e7011f,8905df5f0bb243bb617c753f408cd8e5838e9cfd25f3fe79ecf7ecdf48837244,c7f81b724c863993,164.4439635933164,13.31468515535648,5936c43507846e13,[],0.0,esp_020133_1720,['val'],1.0,Counter({'val': 1}),test,59ea2b45b332c92d,True,development_corruption,1,C:\Users\deves\OneDrive\Desktop\Projects\TCMD-SS\data\raw\hirise_v3_2\map-proj-v3_2\ESP_020133_1720_RED-0022.jpg,development,missing_patch,0.5,esp_020133_1720_red-0022_missing_patch_0.5,0.518436074256897,4.118032932281494,1.424898386001587,0.36315480000007483
map-proj-v3_2/ESP_020133_1720_RED-0022.jpg,ok,,JPEG,227.0,227.0,L,1.0,1.0,normal,other,val,esp_020133_1720_red-0022,[],0392398d14c953f597b15d28c86dba4474963cc337f7bb59f196af71f5e7011f,8905df5f0bb243bb617c753f408cd8e5838e9cfd25f3fe79ecf7ecdf48837244,c7f81b724c863993,164.4439635933164,13.31468515535648,5936c43507846e13,[],0.0,esp_020133_1720,['val'],1.0,Counter({'val': 1}),test,59ea2b45b332c92d,True,development_corruption,1,C:\Users\deves\OneDrive\Desktop\Projects\TCMD-SS\data\raw\hirise_v3_2\map-proj-v3_2\ESP_020133_1720_RED-0022.jpg,development,local_blur,0.15,esp_020133_1720_red-0022_local_blur_0.15,0.3642447292804718,3.2019197940826416,0.8791248202323914,0.36315480000007483
map-proj-v3_2/ESP_020133_1720_RED-0022.jpg,ok,,JPEG,227.0,227.0,L,1.0,1.0,normal,other,val,esp_020133_1720_red-0022,[],0392398d14c953f597b15d28c86dba4474963cc337f7bb59f196af71f5e7011f,8905df5f0bb243bb617c753f408cd8e5838e9cfd25f3fe79ecf7ecdf48837244,c7f81b724c863993,164.4439635933164,13.31468515535648,5936c43507846e13,[],0.0,esp_020133_1720,['val'],1.0,Counter({'val': 1}),test,59ea2b45b332c92d,True,development_corruption,1,C:\Users\deves\OneDrive\Desktop\Projects\TCMD-SS\data\raw\hirise_v3_2\map-proj-v3_2\ESP_020133_1720_RED-0022.jpg,development,local_blur,0.3,esp_020133_1720_red-0022_local_blur_0.3,0.35858839750289917,3.458104133605957,0.876653790473938,0.36315480000007483
map-proj-v3_2/ESP_020133_1720_RED-0022.jpg,ok,,JPEG,227.0,227.0,L,1.0,1.0,normal,other,val,esp_020133_1720_red-0022,[],0392398d14c953f597b15d28c86dba4474963cc337f7bb59f196af71f5e7011f,8905df5f0bb243bb617c753f408cd8e5838e9cfd25f3fe79ecf7ecdf48837244,c7f81b724c863993,164.4439635933164,13.31468515535648,5936c43507846e13,[],0.0,esp_020133_1720,['val'],1.0,Counter({'val': 1}),test,59ea2b45b332c92d,True,development_corruption,1,C:\Users\deves\OneDrive\Desktop\Projects\TCMD-SS\data\raw\hirise_v3_2\map-proj-v3_2\ESP_020133_1720_RED-0022.jpg,development,local_blur,0.5,esp_020133_1720_red-0022_local_blur_0.5,0.34853264689445496,3.480604887008667,0.8763042092323303,0.362359675000107
map-proj-v3_2/ESP_020133_1720_RED-0022.jpg,ok,,JPEG,227.0,227.0,L,1.0,1.0,normal,other,val,esp_020133_1720_red-0022,[],0392398d14c953f597b15d28c86dba4474963cc337f7bb59f196af71f5e7011f,8905df5f0bb243bb617c753f408cd8e5838e9cfd25f3fe79ecf7ecdf48837244,c7f81b724c863993,164.4439635933164,13.31468515535648,5936c43507846e13,[],0.0,esp_020133_1720,['val'],1.0,Counter({'val': 1}),test,59ea2b45b332c92d,True,development_corruption,1,C:\Users\deves\OneDrive\Desktop\Projects\TCMD-SS\data\raw\hirise_v3_2\map-proj-v3_2\ESP_020133_1720_RED-0022.jpg,development,patch_duplication,0.15,esp_020133_1720_red-0022_patch_duplication_0.15,0.36798569560050964,2.3222529888153076,0.8773812651634216,0.362359675000107
map-proj-v3_2/ESP_020133_1720_RED-0022.jpg,ok,,JPEG,227.0,227.0,L,1.0,1.0,normal,other,val,esp_020133_1720_red-0022,[],0392398d14c953f597b15d28c86dba4474963cc337f7bb59f196af71f5e7011f,8905df5f0bb243bb617c753f408cd8e5838e9cfd25f3fe79ecf7ecdf48837244,c7f81b724c863993,164.4439635933164,13.31468515535648,5936c43507846e13,[],0.0,esp_020133_1720,['val'],1.0,Counter({'val': 1}),test,59ea2b45b332c92d,True,development_corruption,1,C:\Users\deves\OneDrive\Desktop\Projects\TCMD-SS\data\raw\hirise_v3_2\map-proj-v3_2\ESP_020133_1720_RED-0022.jpg,development,patch_duplication,0.3,esp_020133_1720_red-0022_patch_duplication_0.3,0.36990663409233093,2.3643155097961426,0.8797982931137085,0.362359675000107
map-proj-v3_2/ESP_020133_1720_RED-0022.jpg,ok,,JPEG,227.0,227.0,L,1.0,1.0,normal,other,val,esp_020133_1720_red-0022,[],0392398d14c953f597b15d28c86dba4474963cc337f7bb59f196af71f5e7011f,8905df5f0bb243bb617c753f408cd8e5838e9cfd25f3fe79ecf7ecdf48837244,c7f81b724c863993,164.4439635933164,13.31468515535648,5936c43507846e13,[],0.0,esp_020133_1720,['val'],1.0,Counter({'val': 1}),test,59ea2b45b332c92d,True,development_corruption,1,C:\Users\deves\OneDrive\Desktop\Projects\TCMD-SS\data\raw\hirise_v3_2\map-proj-v3_2\ESP_020133_1720_RED-0022.jpg,development,patch_duplication,0.5,esp_020133_1720_red-0022_patch_duplication_0.5,0.3685568869113922,2.3407812118530273,0.8946942687034607,0.362359675000107
map-proj-v3_2/ESP_020133_1720_RED-0022.jpg,ok,,JPEG,227.0,227.0,L,1.0,1.0,normal,other,val,esp_020133_1720_red-0022,[],0392398d14c953f597b15d28c86dba4474963cc337f7bb59f196af71f5e7011f,8905df5f0bb243bb617c753f408cd8e5838e9cfd25f3fe79ecf7ecdf48837244,c7f81b724c863993,164.4439635933164,13.31468515535648,5936c43507846e13,[],0.0,esp_020133_1720,['val'],1.0,Counter({'val': 1}),test,59ea2b45b332c92d,True,development_corruption,1,C:\Users\deves\OneDrive\Desktop\Projects\TCMD-SS\data\raw\hirise_v3_2\map-proj-v3_2\ESP_020133_1720_RED-0022.jpg,development,foreign_content,0.15,esp_020133_1720_red-0022_foreign_content_0.15,0.3661663234233856,2.8000411987304688,0.8727471828460693,0.35793437500001346
map-proj-v3_2/ESP_020133_1720_RED-0022.jpg,ok,,JPEG,227.0,227.0,L,1.0,1.0,normal,other,val,esp_020133_1720_red-0022,[],0392398d14c953f597b15d28c86dba4474963cc337f7bb59f196af71f5e7011f,8905df5f0bb243bb617c753f408cd8e5838e9cfd25f3fe79ecf7ecdf48837244,c7f81b724c863993,164.4439635933164,13.31468515535648,5936c43507846e13,[],0.0,esp_020133_1720,['val'],1.0,Counter({'val': 1}),test,59ea2b45b332c92d,True,development_corruption,1,C:\Users\deves\OneDrive\Desktop\Projects\TCMD-SS\data\raw\hirise_v3_2\map-proj-v3_2\ESP_020133_1720_RED-0022.jpg,development,foreign_content,0.3,esp_020133_1720_red-0022_foreign_content_0.3,0.3841283917427063,3.032597780227661,0.8220418691635132,0.35793437500001346
map-proj-v3_2/ESP_020133_1720_RED-0022.jpg,ok,,JPEG,227.0,227.0,L,1.0,1.0,normal,other,val,esp_020133_1720_red-0022,[],0392398d14c953f597b15d28c86dba4474963cc337f7bb59f196af71f5e7011f,8905df5f0bb243bb617c753f408cd8e5838e9cfd25f3fe79ecf7ecdf48837244,c7f81b724c863993,164.4439635933164,13.31468515535648,5936c43507846e13,[],0.0,esp_020133_1720,['val'],1.0,Counter({'val': 1}),test,59ea2b45b332c92d,True,development_corruption,1,C:\Users\deves\OneDrive\Desktop\Projects\TCMD-SS\data\raw\hirise_v3_2\map-proj-v3_2\ESP_020133_1720_RED-0022.jpg,development,foreign_content,0.5,esp_020133_1720_red-0022_foreign_content_0.5,0.4401373267173767,3.817331314086914,0.8143349885940552,0.35793437500001346
map-proj-v3_2/PSP_006766_1850_RED-0037.jpg,ok,,JPEG,227.0,227.0,L,1.0,1.0,normal,crater,train,psp_006766_1850_red-0037,[],06aa7d85966895c2f30b6833ff82c1be68b341aae79febbcfa9ff0d7b4b87d2d,2ffa3828849b8703568ee04c2b7857da26d27ae0da409e2fb935b8baa3b777a0,d24b996c65d99706,104.93036930660404,62.140194370711605,42723c2a3a08d9c8,[],1.0,psp_006766_1850,['train'],1.0,Counter({'train': 1}),test,ad1e3cd913b8aecb,True,hirise_clean,0,C:\Users\deves\OneDrive\Desktop\Projects\TCMD-SS\data\raw\hirise_v3_2\map-proj-v3_2\PSP_006766_1850_RED-0037.jpg,development,clean,0.0,psp_006766_1850_red-0037_clean,0.4804587662220001,4.394885540008545,1.6720573902130127,0.35793437500001346
map-proj-v3_2/PSP_006766_1850_RED-0037.jpg,ok,,JPEG,227.0,227.0,L,1.0,1.0,normal,crater,train,psp_006766_1850_red-0037,[],06aa7d85966895c2f30b6833ff82c1be68b341aae79febbcfa9ff0d7b4b87d2d,2ffa3828849b8703568ee04c2b7857da26d27ae0da409e2fb935b8baa3b777a0,d24b996c65d99706,104.93036930660404,62.140194370711605,42723c2a3a08d9c8,[],1.0,psp_006766_1850,['train'],1.0,Counter({'train': 1}),test,ad1e3cd913b8aecb,True,development_corruption,1,C:\Users\deves\OneDrive\Desktop\Projects\TCMD-SS\data\raw\hirise_v3_2\map-proj-v3_2\PSP_006766_1850_RED-0037.jpg,development,stripes,0.15,psp_006766_1850_red-0037_stripes_0.15,0.4750731289386749,3.6344525814056396,1.647716999053955,0.36305590000006305
map-proj-v3_2/PSP_006766_1850_RED-0037.jpg,ok,,JPEG,227.0,227.0,L,1.0,1.0,normal,crater,train,psp_006766_1850_red-0037,[],06aa7d85966895c2f30b6833ff82c1be68b341aae79febbcfa9ff0d7b4b87d2d,2ffa3828849b8703568ee04c2b7857da26d27ae0da409e2fb935b8baa3b777a0,d24b996c65d99706,104.93036930660404,62.140194370711605,42723c2a3a08d9c8,[],1.0,psp_006766_1850,['train'],1.0,Counter({'train': 1}),test,ad1e3cd913b8aecb,True,development_corruption,1,C:\Users\deves\OneDrive\Desktop\Projects\TCMD-SS\data\raw\hirise_v3_2\map-proj-v3_2\PSP_006766_1850_RED-0037.jpg,development,stripes,0.3,psp_006766_1850_red-0037_stripes_0.3,0.47276774048805237,2.4401872158050537,1.6213207244873047,0.36305590000006305
map-proj-v3_2/PSP_006766_1850_RED-0037.jpg,ok,,JPEG,227.0,227.0,L,1.0,1.0,normal,crater,train,psp_006766_1850_red-0037,[],06aa7d85966895c2f30b6833ff82c1be68b341aae79febbcfa9ff0d7b4b87d2d,2ffa3828849b8703568ee04c2b7857da26d27ae0da409e2fb935b8baa3b777a0,d24b996c65d99706,104.93036930660404,62.140194370711605,42723c2a3a08d9c8,[],1.0,psp_006766_1850,['train'],1.0,Counter({'train': 1}),test,ad1e3cd913b8aecb,True,development_corruption,1,C:\Users\deves\OneDrive\Desktop\Projects\TCMD-SS\data\raw\hirise_v3_2\map-proj-v3_2\PSP_006766_1850_RED-0037.jpg,development,stripes,0.5,psp_006766_1850_red-0037_stripes_0.5,0.4737427830696106,1.568945050239563,1.9641625881195068,0.36305590000006305
map-proj-v3_2/PSP_006766_1850_RED-0037.jpg,ok,,JPEG,227.0,227.0,L,1.0,1.0,normal,crater,train,psp_006766_1850_red-0037,[],06aa7d85966895c2f30b6833ff82c1be68b341aae79febbcfa9ff0d7b4b87d2d,2ffa3828849b8703568ee04c2b7857da26d27ae0da409e2fb935b8baa3b777a0,d24b996c65d99706,104.93036930660404,62.140194370711605,42723c2a3a08d9c8,[],1.0,psp_006766_1850,['train'],1.0,Counter({'train': 1}),test,ad1e3cd913b8aecb,True,development_corruption,1,C:\Users\deves\OneDrive\Desktop\Projects\TCMD-SS\data\raw\hirise_v3_2\map-proj-v3_2\PSP_006766_1850_RED-0037.jpg,development,dead_pixels,0.15,psp_006766_1850_red-0037_dead_pixels_0.15,0.5055839419364929,4.548648357391357,1.6675667762756348,0.36305590000006305
map-proj-v3_2/PSP_006766_1850_RED-0037.jpg,ok,,JPEG,227.0,227.0,L,1.0,1.0,normal,crater,train,psp_006766_1850_red-0037,[],06aa7d85966895c2f30b6833ff82c1be68b341aae79febbcfa9ff0d7b4b87d2d,2ffa3828849b8703568ee04c2b7857da26d27ae0da409e2fb935b8baa3b777a0,d24b996c65d99706,104.93036930660404,62.140194370711605,42723c2a3a08d9c8,[],1.0,psp_006766_1850,['train'],1.0,Counter({'train': 1}),test,ad1e3cd913b8aecb,True,development_corruption,1,C:\Users\deves\OneDrive\Desktop\Projects\TCMD-SS\data\raw\hirise_v3_2\map-proj-v3_2\PSP_006766_1850_RED-0037.jpg,development,dead_pixels,0.3,psp_006766_1850_red-0037_dead_pixels_0.3,0.51707524061203,4.375863075256348,1.66215980052948,0.4258695250000528
map-proj-v3_2/PSP_006766_1850_RED-0037.jpg,ok,,JPEG,227.0,227.0,L,1.0,1.0,normal,crater,train,psp_006766_1850_red-0037,[],06aa7d85966895c2f30b6833ff82c1be68b341aae79febbcfa9ff0d7b4b87d2d,2ffa3828849b8703568ee04c2b7857da26d27ae0da409e2fb935b8baa3b777a0,d24b996c65d99706,104.93036930660404,62.140194370711605,42723c2a3a08d9c8,[],1.0,psp_006766_1850,['train'],1.0,Counter({'train': 1}),test,ad1e3cd913b8aecb,True,development_corruption,1,C:\Users\deves\OneDrive\Desktop\Projects\TCMD-SS\data\raw\hirise_v3_2\map-proj-v3_2\PSP_006766_1850_RED-0037.jpg,development,dead_pixels,0.5,psp_006766_1850_red-0037_dead_pixels_0.5,0.5392776727676392,4.655717849731445,1.6838868856430054,0.4258695250000528
map-proj-v3_2/PSP_006766_1850_RED-0037.jpg,ok,,JPEG,227.0,227.0,L,1.0,1.0,normal,crater,train,psp_006766_1850_red-0037,[],06aa7d85966895c2f30b6833ff82c1be68b341aae79febbcfa9ff0d7b4b87d2d,2ffa3828849b8703568ee04c2b7857da26d27ae0da409e2fb935b8baa3b777a0,d24b996c65d99706,104.93036930660404,62.140194370711605,42723c2a3a08d9c8,[],1.0,psp_006766_1850,['train'],1.0,Counter({'train': 1}),test,ad1e3cd913b8aecb,True,development_corruption,1,C:\Users\deves\OneDrive\Desktop\Projects\TCMD-SS\data\raw\hirise_v3_2\map-proj-v3_2\PSP_006766_1850_RED-0037.jpg,development,missing_patch,0.15,psp_006766_1850_red-0037_missing_patch_0.15,0.48100391030311584,4.4400177001953125,1.6555509567260742,0.4258695250000528
map-proj-v3_2/PSP_006766_1850_RED-0037.jpg,ok,,JPEG,227.0,227.0,L,1.0,1.0,normal,crater,train,psp_006766_1850_red-0037,[],06aa7d85966895c2f30b6833ff82c1be68b341aae79febbcfa9ff0d7b4b87d2d,2ffa3828849b8703568ee04c2b7857da26d27ae0da409e2fb935b8baa3b777a0,d24b996c65d99706,104.93036930660404,62.140194370711605,42723c2a3a08d9c8,[],1.0,psp_006766_1850,['train'],1.0,Counter({'train': 1}),test,ad1e3cd913b8aecb,True,development_corruption,1,C:\Users\deves\OneDrive\Desktop\Projects\TCMD-SS\data\raw\hirise_v3_2\map-proj-v3_2\PSP_006766_1850_RED-0037.jpg,development,missing_patch,0.3,psp_006766_1850_red-0037_missing_patch_0.3,0.482244610786438,4.481062412261963,1.7262498140335083,0.4258695250000528
map-proj-v3_2/PSP_006766_1850_RED-0037.jpg,ok,,JPEG,227.0,227.0,L,1.0,1.0,normal,crater,train,psp_006766_1850_red-0037,[],06aa7d85966895c2f30b6833ff82c1be68b341aae79febbcfa9ff0d7b4b87d2d,2ffa3828849b8703568ee04c2b7857da26d27ae0da409e2fb935b8baa3b777a0,d24b996c65d99706,104.93036930660404,62.140194370711605,42723c2a3a08d9c8,[],1.0,psp_006766_1850,['train'],1.0,Counter({'train': 1}),test,ad1e3cd913b8aecb,True,development_corruption,1,C:\Users\deves\OneDrive\Desktop\Projects\TCMD-SS\data\raw\hirise_v3_2\map-proj-v3_2\PSP_006766_1850_RED-0037.jpg,development,missing_patch,0.5,psp_006766_1850_red-0037_missing_patch_0.5,0.48759180307388306,4.570778846740723,1.7683937549591064,0.5270912749999752
map-proj-v3_2/PSP_006766_1850_RED-0037.jpg,ok,,JPEG,227.0,227.0,L,1.0,1.0,normal,crater,train,psp_006766_1850_red-0037,[],06aa7d85966895c2f30b6833ff82c1be68b341aae79febbcfa9ff0d7b4b87d2d,2ffa3828849b8703568ee04c2b7857da26d27ae0da409e2fb935b8baa3b777a0,d24b996c65d99706,104.93036930660404,62.140194370711605,42723c2a3a08d9c8,[],1.0,psp_006766_1850,['train'],1.0,Counter({'train': 1}),test,ad1e3cd913b8aecb,True,development_corruption,1,C:\Users\deves\OneDrive\Desktop\Projects\TCMD-SS\data\raw\hirise_v3_2\map-proj-v3_2\PSP_006766_1850_RED-0037.jpg,development,local_blur,0.15,psp_006766_1850_red-0037_local_blur_0.15,0.48045840859413147,4.391254901885986,1.666351556777954,0.5270912749999752
map-proj-v3_2/PSP_006766_1850_RED-0037.jpg,ok,,JPEG,227.0,227.0,L,1.0,1.0,normal,crater,train,psp_006766_1850_red-0037,[],06aa7d85966895c2f30b6833ff82c1be68b341aae79febbcfa9ff0d7b4b87d2d,2ffa3828849b8703568ee04c2b7857da26d27ae0da409e2fb935b8baa3b777a0,d24b996c65d99706,104.93036930660404,62.140194370711605,42723c2a3a08d9c8,[],1.0,psp_006766_1850,['train'],1.0,Counter({'train': 1}),test,ad1e3cd913b8aecb,True,development_corruption,1,C:\Users\deves\OneDrive\Desktop\Projects\TCMD-SS\data\raw\hirise_v3_2\map-proj-v3_2\PSP_006766_1850_RED-0037.jpg,development,local_blur,0.3,psp_006766_1850_red-0037_local_blur_0.3,0.4803463816642761,4.387200355529785,1.6636888980865479,0.5270912749999752
map-proj-v3_2/PSP_006766_1850_RED-0037.jpg,ok,,JPEG,227.0,227.0,L,1.0,1.0,normal,crater,train,psp_006766_1850_red-0037,[],06aa7d85966895c2f30b6833ff82c1be68b341aae79febbcfa9ff0d7b4b87d2d,2ffa3828849b8703568ee04c2b7857da26d27ae0da409e2fb935b8baa3b777a0,d24b996c65d99706,104.93036930660404,62.140194370711605,42723c2a3a08d9c8,[],1.0,psp_006766_1850,['train'],1.0,Counter({'train': 1}),test,ad1e3cd913b8aecb,True,development_corruption,1,C:\Users\deves\OneDrive\Desktop\Projects\TCMD-SS\data\raw\hirise_v3_2\map-proj-v3_2\PSP_006766_1850_RED-0037.jpg,development,local_blur,0.5,psp_006766_1850_red-0037_local_blur_0.5,0.47955915331840515,4.379940986633301,1.6698877811431885,0.5270912749999752
map-proj-v3_2/PSP_006766_1850_RED-0037.jpg,ok,,JPEG,227.0,227.0,L,1.0,1.0,normal,crater,train,psp_006766_1850_red-0037,[],06aa7d85966895c2f30b6833ff82c1be68b341aae79febbcfa9ff0d7b4b87d2d,2ffa3828849b8703568ee04c2b7857da26d27ae0da409e2fb935b8baa3b777a0,d24b996c65d99706,104.93036930660404,62.140194370711605,42723c2a3a08d9c8,[],1.0,psp_006766_1850,['train'],1.0,Counter({'train': 1}),test,ad1e3cd913b8aecb,True,development_corruption,1,C:\Users\deves\OneDrive\Desktop\Projects\TCMD-SS\data\raw\hirise_v3_2\map-proj-v3_2\PSP_006766_1850_RED-0037.jpg,development,patch_duplication,0.15,psp_006766_1850_red-0037_patch_duplication_0.15,0.47841721773147583,4.276895523071289,1.57597017288208,0.44820932499987975
map-proj-v3_2/PSP_006766_1850_RED-0037.jpg,ok,,JPEG,227.0,227.0,L,1.0,1.0,normal,crater,train,psp_006766_1850_red-0037,[],06aa7d85966895c2f30b6833ff82c1be68b341aae79febbcfa9ff0d7b4b87d2d,2ffa3828849b8703568ee04c2b7857da26d27ae0da409e2fb935b8baa3b777a0,d24b996c65d99706,104.93036930660404,62.140194370711605,42723c2a3a08d9c8,[],1.0,psp_006766_1850,['train'],1.0,Counter({'train': 1}),test,ad1e3cd913b8aecb,True,development_corruption,1,C:\Users\deves\OneDrive\Desktop\Projects\TCMD-SS\data\raw\hirise_v3_2\map-proj-v3_2\PSP_006766_1850_RED-0037.jpg,development,patch_duplication,0.3,psp_006766_1850_red-0037_patch_duplication_0.3,0.4703826606273651,4.2653608322143555,1.4467014074325562,0.44820932499987975
map-proj-v3_2/PSP_006766_1850_RED-0037.jpg,ok,,JPEG,227.0,227.0,L,1.0,1.0,normal,crater,train,psp_006766_1850_red-0037,[],06aa7d85966895c2f30b6833ff82c1be68b341aae79febbcfa9ff0d7b4b87d2d,2ffa3828849b8703568ee04c2b7857da26d27ae0da409e2fb935b8baa3b777a0,d24b996c65d99706,104.93036930660404,62.140194370711605,42723c2a3a08d9c8,[],1.0,psp_006766_1850,['train'],1.0,Counter({'train': 1}),test,ad1e3cd913b8aecb,True,development_corruption,1,C:\Users\deves\OneDrive\Desktop\Projects\TCMD-SS\data\raw\hirise_v3_2\map-proj-v3_2\PSP_006766_1850_RED-0037.jpg,development,patch_duplication,0.5,psp_006766_1850_red-0037_patch_duplication_0.5,0.486743301153183,4.233698844909668,1.4664998054504395,0.44820932499987975
map-proj-v3_2/PSP_006766_1850_RED-0037.jpg,ok,,JPEG,227.0,227.0,L,1.0,1.0,normal,crater,train,psp_006766_1850_red-0037,[],06aa7d85966895c2f30b6833ff82c1be68b341aae79febbcfa9ff0d7b4b87d2d,2ffa3828849b8703568ee04c2b7857da26d27ae0da409e2fb935b8baa3b777a0,d24b996c65d99706,104.93036930660404,62.140194370711605,42723c2a3a08d9c8,[],1.0,psp_006766_1850,['train'],1.0,Counter({'train': 1}),test,ad1e3cd913b8aecb,True,development_corruption,1,C:\Users\deves\OneDrive\Desktop\Projects\TCMD-SS\data\raw\hirise_v3_2\map-proj-v3_2\PSP_006766_1850_RED-0037.jpg,development,foreign_content,0.15,psp_006766_1850_red-0037_foreign_content_0.15,0.4808412790298462,4.469538688659668,1.658301830291748,0.44820932499987975
map-proj-v3_2/PSP_006766_1850_RED-0037.jpg,ok,,JPEG,227.0,227.0,L,1.0,1.0,normal,crater,train,psp_006766_1850_red-0037,[],06aa7d85966895c2f30b6833ff82c1be68b341aae79febbcfa9ff0d7b4b87d2d,2ffa3828849b8703568ee04c2b7857da26d27ae0da409e2fb935b8baa3b777a0,d24b996c65d99706,104.93036930660404,62.140194370711605,42723c2a3a08d9c8,[],1.0,psp_006766_1850,['train'],1.0,Counter({'train': 1}),test,ad1e3cd913b8aecb,True,development_corruption,1,C:\Users\deves\OneDrive\Desktop\Projects\TCMD-SS\data\raw\hirise_v3_2\map-proj-v3_2\PSP_006766_1850_RED-0037.jpg,development,foreign_content,0.3,psp_006766_1850_red-0037_foreign_content_0.3,0.48249271512031555,4.670314788818359,1.6583478450775146,0.4875753999999688
map-proj-v3_2/PSP_006766_1850_RED-0037.jpg,ok,,JPEG,227.0,227.0,L,1.0,1.0,normal,crater,train,psp_006766_1850_red-0037,[],06aa7d85966895c2f30b6833ff82c1be68b341aae79febbcfa9ff0d7b4b87d2d,2ffa3828849b8703568ee04c2b7857da26d27ae0da409e2fb935b8baa3b777a0,d24b996c65d99706,104.93036930660404,62.140194370711605,42723c2a3a08d9c8,[],1.0,psp_006766_1850,['train'],1.0,Counter({'train': 1}),test,ad1e3cd913b8aecb,True,development_corruption,1,C:\Users\deves\OneDrive\Desktop\Projects\TCMD-SS\data\raw\hirise_v3_2\map-proj-v3_2\PSP_006766_1850_RED-0037.jpg,development,foreign_content,0.5,psp_006766_1850_red-0037_foreign_content_0.5,0.49651214480400085,5.302291393280029,1.628831386566162,0.4875753999999688
map-proj-v3_2/ESP_019559_1390_RED-0576.jpg,ok,,JPEG,227.0,227.0,L,1.0,1.0,normal,dark dune,train,esp_019559_1390_red-0576,[],c578839acab68fc399d8bab96cf8c60b4605267c925c89e923c14bbac91be1ea,de94808f4321797bbe6f7dabffc662d01e56db0b2eaa6494a7719c922f5f93a3,da950ab5ee393682,121.4917425139242,25.9707082509997,c3cd077d684e7268,[],2.0,esp_019559_1390,['train'],1.0,Counter({'train': 1}),test,5d6e98f4490839ab,True,hirise_clean,0,C:\Users\deves\OneDrive\Desktop\Projects\TCMD-SS\data\raw\hirise_v3_2\map-proj-v3_2\ESP_019559_1390_RED-0576.jpg,development,clean,0.0,esp_019559_1390_red-0576_clean,0.349122017621994,2.3644065856933594,0.6285474300384521,0.4875753999999688
map-proj-v3_2/ESP_019559_1390_RED-0576.jpg,ok,,JPEG,227.0,227.0,L,1.0,1.0,normal,dark dune,train,esp_019559_1390_red-0576,[],c578839acab68fc399d8bab96cf8c60b4605267c925c89e923c14bbac91be1ea,de94808f4321797bbe6f7dabffc662d01e56db0b2eaa6494a7719c922f5f93a3,da950ab5ee393682,121.4917425139242,25.9707082509997,c3cd077d684e7268,[],2.0,esp_019559_1390,['train'],1.0,Counter({'train': 1}),test,5d6e98f4490839ab,True,development_corruption,1,C:\Users\deves\OneDrive\Desktop\Projects\TCMD-SS\data\raw\hirise_v3_2\map-proj-v3_2\ESP_019559_1390_RED-0576.jpg,development,stripes,0.15,esp_019559_1390_red-0576_stripes_0.15,0.3489326536655426,2.042391777038574,0.6177774667739868,0.4875753999999688
map-proj-v3_2/ESP_019559_1390_RED-0576.jpg,ok,,JPEG,227.0,227.0,L,1.0,1.0,normal,dark dune,train,esp_019559_1390_red-0576,[],c578839acab68fc399d8bab96cf8c60b4605267c925c89e923c14bbac91be1ea,de94808f4321797bbe6f7dabffc662d01e56db0b2eaa6494a7719c922f5f93a3,da950ab5ee393682,121.4917425139242,25.9707082509997,c3cd077d684e7268,[],2.0,esp_019559_1390,['train'],1.0,Counter({'train': 1}),test,5d6e98f4490839ab,True,development_corruption,1,C:\Users\deves\OneDrive\Desktop\Projects\TCMD-SS\data\raw\hirise_v3_2\map-proj-v3_2\ESP_019559_1390_RED-0576.jpg,development,stripes,0.3,esp_019559_1390_red-0576_stripes_0.3,0.34847238659858704,1.5687469244003296,1.3191916942596436,0.42155395000008866
map-proj-v3_2/ESP_019559_1390_RED-0576.jpg,ok,,JPEG,227.0,227.0,L,1.0,1.0,normal,dark dune,train,esp_019559_1390_red-0576,[],c578839acab68fc399d8bab96cf8c60b4605267c925c89e923c14bbac91be1ea,de94808f4321797bbe6f7dabffc662d01e56db0b2eaa6494a7719c922f5f93a3,da950ab5ee393682,121.4917425139242,25.9707082509997,c3cd077d684e7268,[],2.0,esp_019559_1390,['train'],1.0,Counter({'train': 1}),test,5d6e98f4490839ab,True,development_corruption,1,C:\Users\deves\OneDrive\Desktop\Projects\TCMD-SS\data\raw\hirise_v3_2\map-proj-v3_2\ESP_019559_1390_RED-0576.jpg,development,stripes,0.5,esp_019559_1390_red-0576_stripes_0.5,0.35002973675727844,1.1367048025131226,2.1523337364196777,0.42155395000008866
map-proj-v3_2/ESP_019559_1390_RED-0576.jpg,ok,,JPEG,227.0,227.0,L,1.0,1.0,normal,dark dune,train,esp_019559_1390_red-0576,[],c578839acab68fc399d8bab96cf8c60b4605267c925c89e923c14bbac91be1ea,de94808f4321797bbe6f7dabffc662d01e56db0b2eaa6494a7719c922f5f93a3,da950ab5ee393682,121.4917425139242,25.9707082509997,c3cd077d684e7268,[],2.0,esp_019559_1390,['train'],1.0,Counter({'train': 1}),test,5d6e98f4490839ab,True,development_corruption,1,C:\Users\deves\OneDrive\Desktop\Projects\TCMD-SS\data\raw\hirise_v3_2\map-proj-v3_2\ESP_019559_1390_RED-0576.jpg,development,dead_pixels,0.15,esp_019559_1390_red-0576_dead_pixels_0.15,0.45819899439811707,2.1988441944122314,0.6018344163894653,0.42155395000008866
map-proj-v3_2/ESP_019559_1390_RED-0576.jpg,ok,,JPEG,227.0,227.0,L,1.0,1.0,normal,dark dune,train,esp_019559_1390_red-0576,[],c578839acab68fc399d8bab96cf8c60b4605267c925c89e923c14bbac91be1ea,de94808f4321797bbe6f7dabffc662d01e56db0b2eaa6494a7719c922f5f93a3,da950ab5ee393682,121.4917425139242,25.9707082509997,c3cd077d684e7268,[],2.0,esp_019559_1390,['train'],1.0,Counter({'train': 1}),test,5d6e98f4490839ab,True,development_corruption,1,C:\Users\deves\OneDrive\Desktop\Projects\TCMD-SS\data\raw\hirise_v3_2\map-proj-v3_2\ESP_019559_1390_RED-0576.jpg,development,dead_pixels,0.3,esp_019559_1390_red-0576_dead_pixels_0.3,0.4887154698371887,2.265949010848999,0.6217922568321228,0.42155395000008866
map-proj-v3_2/ESP_019559_1390_RED-0576.jpg,ok,,JPEG,227.0,227.0,L,1.0,1.0,normal,dark dune,train,esp_019559_1390_red-0576,[],c578839acab68fc399d8bab96cf8c60b4605267c925c89e923c14bbac91be1ea,de94808f4321797bbe6f7dabffc662d01e56db0b2eaa6494a7719c922f5f93a3,da950ab5ee393682,121.4917425139242,25.9707082509997,c3cd077d684e7268,[],2.0,esp_019559_1390,['train'],1.0,Counter({'train': 1}),test,5d6e98f4490839ab,True,development_corruption,1,C:\Users\deves\OneDrive\Desktop\Projects\TCMD-SS\data\raw\hirise_v3_2\map-proj-v3_2\ESP_019559_1390_RED-0576.jpg,development,dead_pixels,0.5,esp_019559_1390_red-0576_dead_pixels_0.5,0.48843950033187866,2.3661532402038574,0.6612780094146729,0.4353921250001349
map-proj-v3_2/ESP_019559_1390_RED-0576.jpg,ok,,JPEG,227.0,227.0,L,1.0,1.0,normal,dark dune,train,esp_019559_1390_red-0576,[],c578839acab68fc399d8bab96cf8c60b4605267c925c89e923c14bbac91be1ea,de94808f4321797bbe6f7dabffc662d01e56db0b2eaa6494a7719c922f5f93a3,da950ab5ee393682,121.4917425139242,25.9707082509997,c3cd077d684e7268,[],2.0,esp_019559_1390,['train'],1.0,Counter({'train': 1}),test,5d6e98f4490839ab,True,development_corruption,1,C:\Users\deves\OneDrive\Desktop\Projects\TCMD-SS\data\raw\hirise_v3_2\map-proj-v3_2\ESP_019559_1390_RED-0576.jpg,development,missing_patch,0.15,esp_019559_1390_red-0576_missing_patch_0.15,0.4713120758533478,2.7671051025390625,0.7169620394706726,0.4353921250001349
map-proj-v3_2/ESP_019559_1390_RED-0576.jpg,ok,,JPEG,227.0,227.0,L,1.0,1.0,normal,dark dune,train,esp_019559_1390_red-0576,[],c578839acab68fc399d8bab96cf8c60b4605267c925c89e923c14bbac91be1ea,de94808f4321797bbe6f7dabffc662d01e56db0b2eaa6494a7719c922f5f93a3,da950ab5ee393682,121.4917425139242,25.9707082509997,c3cd077d684e7268,[],2.0,esp_019559_1390,['train'],1.0,Counter({'train': 1}),test,5d6e98f4490839ab,True,development_corruption,1,C:\Users\deves\OneDrive\Desktop\Projects\TCMD-SS\data\raw\hirise_v3_2\map-proj-v3_2\ESP_019559_1390_RED-0576.jpg,development,missing_patch,0.3,esp_019559_1390_red-0576_missing_patch_0.3,0.47216394543647766,4.309809684753418,0.9665704965591431,0.4353921250001349
map-proj-v3_2/ESP_019559_1390_RED-0576.jpg,ok,,JPEG,227.0,227.0,L,1.0,1.0,normal,dark dune,train,esp_019559_1390_red-0576,[],c578839acab68fc399d8bab96cf8c60b4605267c925c89e923c14bbac91be1ea,de94808f4321797bbe6f7dabffc662d01e56db0b2eaa6494a7719c922f5f93a3,da950ab5ee393682,121.4917425139242,25.9707082509997,c3cd077d684e7268,[],2.0,esp_019559_1390,['train'],1.0,Counter({'train': 1}),test,5d6e98f4490839ab,True,development_corruption,1,C:\Users\deves\OneDrive\Desktop\Projects\TCMD-SS\data\raw\hirise_v3_2\map-proj-v3_2\ESP_019559_1390_RED-0576.jpg,development,missing_patch,0.5,esp_019559_1390_red-0576_missing_patch_0.5,0.43773356080055237,4.172163963317871,0.935650646686554,0.4353921250001349
map-proj-v3_2/ESP_019559_1390_RED-0576.jpg,ok,,JPEG,227.0,227.0,L,1.0,1.0,normal,dark dune,train,esp_019559_1390_red-0576,[],c578839acab68fc399d8bab96cf8c60b4605267c925c89e923c14bbac91be1ea,de94808f4321797bbe6f7dabffc662d01e56db0b2eaa6494a7719c922f5f93a3,da950ab5ee393682,121.4917425139242,25.9707082509997,c3cd077d684e7268,[],2.0,esp_019559_1390,['train'],1.0,Counter({'train': 1}),test,5d6e98f4490839ab,True,development_corruption,1,C:\Users\deves\OneDrive\Desktop\Projects\TCMD-SS\data\raw\hirise_v3_2\map-proj-v3_2\ESP_019559_1390_RED-0576.jpg,development,local_blur,0.15,esp_019559_1390_red-0576_local_blur_0.15,0.3491850793361664,2.364004611968994,0.6322129964828491,0.4208688749999965
map-proj-v3_2/ESP_019559_1390_RED-0576.jpg,ok,,JPEG,227.0,227.0,L,1.0,1.0,normal,dark dune,train,esp_019559_1390_red-0576,[],c578839acab68fc399d8bab96cf8c60b4605267c925c89e923c14bbac91be1ea,de94808f4321797bbe6f7dabffc662d01e56db0b2eaa6494a7719c922f5f93a3,da950ab5ee393682,121.4917425139242,25.9707082509997,c3cd077d684e7268,[],2.0,esp_019559_1390,['train'],1.0,Counter({'train': 1}),test,5d6e98f4490839ab,True,development_corruption,1,C:\Users\deves\OneDrive\Desktop\Projects\TCMD-SS\data\raw\hirise_v3_2\map-proj-v3_2\ESP_019559_1390_RED-0576.jpg,development,local_blur,0.3,esp_019559_1390_red-0576_local_blur_0.3,0.34914642572402954,2.509657621383667,0.6387513875961304,0.4208688749999965
map-proj-v3_2/ESP_019559_1390_RED-0576.jpg,ok,,JPEG,227.0,227.0,L,1.0,1.0,normal,dark dune,train,esp_019559_1390_red-0576,[],c578839acab68fc399d8bab96cf8c60b4605267c925c89e923c14bbac91be1ea,de94808f4321797bbe6f7dabffc662d01e56db0b2eaa6494a7719c922f5f93a3,da950ab5ee393682,121.4917425139242,25.9707082509997,c3cd077d684e7268,[],2.0,esp_019559_1390,['train'],1.0,Counter({'train': 1}),test,5d6e98f4490839ab,True,development_corruption,1,C:\Users\deves\OneDrive\Desktop\Projects\TCMD-SS\data\raw\hirise_v3_2\map-proj-v3_2\ESP_019559_1390_RED-0576.jpg,development,local_blur,0.5,esp_019559_1390_red-0576_local_blur_0.5,0.34457504749298096,3.0144736766815186,0.6535284519195557,0.4208688749999965
map-proj-v3_2/ESP_019559_1390_RED-0576.jpg,ok,,JPEG,227.0,227.0,L,1.0,1.0,normal,dark dune,train,esp_019559_1390_red-0576,[],c578839acab68fc399d8bab96cf8c60b4605267c925c89e923c14bbac91be1ea,de94808f4321797bbe6f7dabffc662d01e56db0b2eaa6494a7719c922f5f93a3,da950ab5ee393682,121.4917425139242,25.9707082509997,c3cd077d684e7268,[],2.0,esp_019559_1390,['train'],1.0,Counter({'train': 1}),test,5d6e98f4490839ab,True,development_corruption,1,C:\Users\deves\OneDrive\Desktop\Projects\TCMD-SS\data\raw\hirise_v3_2\map-proj-v3_2\ESP_019559_1390_RED-0576.jpg,development,patch_duplication,0.15,esp_019559_1390_red-0576_patch_duplication_0.15,0.3490667939186096,2.3597729206085205,0.5910282731056213,0.4208688749999965
map-proj-v3_2/ESP_019559_1390_RED-0576.jpg,ok,,JPEG,227.0,227.0,L,1.0,1.0,normal,dark dune,train,esp_019559_1390_red-0576,[],c578839acab68fc399d8bab96cf8c60b4605267c925c89e923c14bbac91be1ea,de94808f4321797bbe6f7dabffc662d01e56db0b2eaa6494a7719c922f5f93a3,da950ab5ee393682,121.4917425139242,25.9707082509997,c3cd077d684e7268,[],2.0,esp_019559_1390,['train'],1.0,Counter({'train': 1}),test,5d6e98f4490839ab,True,development_corruption,1,C:\Users\deves\OneDrive\Desktop\Projects\TCMD-SS\data\raw\hirise_v3_2\map-proj-v3_2\ESP_019559_1390_RED-0576.jpg,development,patch_duplication,0.3,esp_019559_1390_red-0576_patch_duplication_0.3,0.30422478914260864,2.3535265922546387,0.6235023736953735,0.42702507500007414
map-proj-v3_2/ESP_019559_1390_RED-0576.jpg,ok,,JPEG,227.0,227.0,L,1.0,1.0,normal,dark dune,train,esp_019559_1390_red-0576,[],c578839acab68fc399d8bab96cf8c60b4605267c925c89e923c14bbac91be1ea,de94808f4321797bbe6f7dabffc662d01e56db0b2eaa6494a7719c922f5f93a3,da950ab5ee393682,121.4917425139242,25.9707082509997,c3cd077d684e7268,[],2.0,esp_019559_1390,['train'],1.0,Counter({'train': 1}),test,5d6e98f4490839ab,True,development_corruption,1,C:\Users\deves\OneDrive\Desktop\Projects\TCMD-SS\data\raw\hirise_v3_2\map-proj-v3_2\ESP_019559_1390_RED-0576.jpg,development,patch_duplication,0.5,esp_019559_1390_red-0576_patch_duplication_0.5,0.2999354600906372,2.3714888095855713,0.557041347026825,0.42702507500007414
map-proj-v3_2/ESP_019559_1390_RED-0576.jpg,ok,,JPEG,227.0,227.0,L,1.0,1.0,normal,dark dune,train,esp_019559_1390_red-0576,[],c578839acab68fc399d8bab96cf8c60b4605267c925c89e923c14bbac91be1ea,de94808f4321797bbe6f7dabffc662d01e56db0b2eaa6494a7719c922f5f93a3,da950ab5ee393682,121.4917425139242,25.9707082509997,c3cd077d684e7268,[],2.0,esp_019559_1390,['train'],1.0,Counter({'train': 1}),test,5d6e98f4490839ab,True,development_corruption,1,C:\Users\deves\OneDrive\Desktop\Projects\TCMD-SS\data\raw\hirise_v3_2\map-proj-v3_2\ESP_019559_1390_RED-0576.jpg,development,foreign_content,0.15,esp_019559_1390_red-0576_foreign_content_0.15,0.35389000177383423,2.3822124004364014,0.6177798509597778,0.42702507500007414
map-proj-v3_2/ESP_019559_1390_RED-0576.jpg,ok,,JPEG,227.0,227.0,L,1.0,1.0,normal,dark dune,train,esp_019559_1390_red-0576,[],c578839acab68fc399d8bab96cf8c60b4605267c925c89e923c14bbac91be1ea,de94808f4321797bbe6f7dabffc662d01e56db0b2eaa6494a7719c922f5f93a3,da950ab5ee393682,121.4917425139242,25.9707082509997,c3cd077d684e7268,[],2.0,esp_019559_1390,['train'],1.0,Counter({'train': 1}),test,5d6e98f4490839ab,True,development_corruption,1,C:\Users\deves\OneDrive\Desktop\Projects\TCMD-SS\data\raw\hirise_v3_2\map-proj-v3_2\ESP_019559_1390_RED-0576.jpg,development,foreign_content,0.3,esp_019559_1390_red-0576_foreign_content_0.3,0.369710773229599,2.499549627304077,0.6253366470336914,0.42702507500007414
map-proj-v3_2/ESP_019559_1390_RED-0576.jpg,ok,,JPEG,227.0,227.0,L,1.0,1.0,normal,dark dune,train,esp_019559_1390_red-0576,[],c578839acab68fc399d8bab96cf8c60b4605267c925c89e923c14bbac91be1ea,de94808f4321797bbe6f7dabffc662d01e56db0b2eaa6494a7719c922f5f93a3,da950ab5ee393682,121.4917425139242,25.9707082509997,c3cd077d684e7268,[],2.0,esp_019559_1390,['train'],1.0,Counter({'train': 1}),test,5d6e98f4490839ab,True,development_corruption,1,C:\Users\deves\OneDrive\Desktop\Projects\TCMD-SS\data\raw\hirise_v3_2\map-proj-v3_2\ESP_019559_1390_RED-0576.jpg,development,foreign_content,0.5,esp_019559_1390_red-0576_foreign_content_0.5,0.41155603528022766,3.521629810333252,0.6831887364387512,0.43468927499998244
map-proj-v3_2/ESP_016781_2055_RED-0188.jpg,ok,,JPEG,227.0,227.0,L,1.0,1.0,normal,slope streak,train,esp_016781_2055_red-0188,[],4305c616127c75721314e118808daaa16004d9cd773012c7a4280591e3b1093a,b2c4ab0ce98c5eafbcab714b630c717549df95f6b15a94465a851af149a47151,db09ff0077c0fe01,57.13883444274098,44.42025366120362,9e68b62d1f634ef0,[],3.0,esp_016781_2055,['train'],1.0,Counter({'train': 1}),test,3b546f3c149bec5e,True,hirise_clean,0,C:\Users\deves\OneDrive\Desktop\Projects\TCMD-SS\data\raw\hirise_v3_2\map-proj-v3_2\ESP_016781_2055_RED-0188.jpg,development,clean,0.0,esp_016781_2055_red-0188_clean,0.41597723960876465,4.23243522644043,1.833077073097229,0.43468927499998244
map-proj-v3_2/ESP_016781_2055_RED-0188.jpg,ok,,JPEG,227.0,227.0,L,1.0,1.0,normal,slope streak,train,esp_016781_2055_red-0188,[],4305c616127c75721314e118808daaa16004d9cd773012c7a4280591e3b1093a,b2c4ab0ce98c5eafbcab714b630c717549df95f6b15a94465a851af149a47151,db09ff0077c0fe01,57.13883444274098,44.42025366120362,9e68b62d1f634ef0,[],3.0,esp_016781_2055,['train'],1.0,Counter({'train': 1}),test,3b546f3c149bec5e,True,development_corruption,1,C:\Users\deves\OneDrive\Desktop\Projects\TCMD-SS\data\raw\hirise_v3_2\map-proj-v3_2\ESP_016781_2055_RED-0188.jpg,development,stripes,0.15,esp_016781_2055_red-0188_stripes_0.15,0.4096955955028534,3.2335093021392822,1.7719037532806396,0.43468927499998244
map-proj-v3_2/ESP_016781_2055_RED-0188.jpg,ok,,JPEG,227.0,227.0,L,1.0,1.0,normal,slope streak,train,esp_016781_2055_red-0188,[],4305c616127c75721314e118808daaa16004d9cd773012c7a4280591e3b1093a,b2c4ab0ce98c5eafbcab714b630c717549df95f6b15a94465a851af149a47151,db09ff0077c0fe01,57.13883444274098,44.42025366120362,9e68b62d1f634ef0,[],3.0,esp_016781_2055,['train'],1.0,Counter({'train': 1}),test,3b546f3c149bec5e,True,development_corruption,1,C:\Users\deves\OneDrive\Desktop\Projects\TCMD-SS\data\raw\hirise_v3_2\map-proj-v3_2\ESP_016781_2055_RED-0188.jpg,development,stripes,0.3,esp_016781_2055_red-0188_stripes_0.3,0.4086732864379883,2.208609104156494,1.7049294710159302,0.43468927499998244
map-proj-v3_2/ESP_016781_2055_RED-0188.jpg,ok,,JPEG,227.0,227.0,L,1.0,1.0,normal,slope streak,train,esp_016781_2055_red-0188,[],4305c616127c75721314e118808daaa16004d9cd773012c7a4280591e3b1093a,b2c4ab0ce98c5eafbcab714b630c717549df95f6b15a94465a851af149a47151,db09ff0077c0fe01,57.13883444274098,44.42025366120362,9e68b62d1f634ef0,[],3.0,esp_016781_2055,['train'],1.0,Counter({'train': 1}),test,3b546f3c149bec5e,True,development_corruption,1,C:\Users\deves\OneDrive\Desktop\Projects\TCMD-SS\data\raw\hirise_v3_2\map-proj-v3_2\ESP_016781_2055_RED-0188.jpg,development,stripes,0.5,esp_016781_2055_red-0188_stripes_0.5,0.41465842723846436,1.2949193716049194,2.039461135864258,0.4385517999999138
map-proj-v3_2/ESP_016781_2055_RED-0188.jpg,ok,,JPEG,227.0,227.0,L,1.0,1.0,normal,slope streak,train,esp_016781_2055_red-0188,[],4305c616127c75721314e118808daaa16004d9cd773012c7a4280591e3b1093a,b2c4ab0ce98c5eafbcab714b630c717549df95f6b15a94465a851af149a47151,db09ff0077c0fe01,57.13883444274098,44.42025366120362,9e68b62d1f634ef0,[],3.0,esp_016781_2055,['train'],1.0,Counter({'train': 1}),test,3b546f3c149bec5e,True,development_corruption,1,C:\Users\deves\OneDrive\Desktop\Projects\TCMD-SS\data\raw\hirise_v3_2\map-proj-v3_2\ESP_016781_2055_RED-0188.jpg,development,dead_pixels,0.15,esp_016781_2055_red-0188_dead_pixels_0.15,0.4845556318759918,4.399542808532715,1.8042014837265015,0.4385517999999138
map-proj-v3_2/ESP_016781_2055_RED-0188.jpg,ok,,JPEG,227.0,227.0,L,1.0,1.0,normal,slope streak,train,esp_016781_2055_red-0188,[],4305c616127c75721314e118808daaa16004d9cd773012c7a4280591e3b1093a,b2c4ab0ce98c5eafbcab714b630c717549df95f6b15a94465a851af149a47151,db09ff0077c0fe01,57.13883444274098,44.42025366120362,9e68b62d1f634ef0,[],3.0,esp_016781_2055,['train'],1.0,Counter({'train': 1}),test,3b546f3c149bec5e,True,development_corruption,1,C:\Users\deves\OneDrive\Desktop\Projects\TCMD-SS\data\raw\hirise_v3_2\map-proj-v3_2\ESP_016781_2055_RED-0188.jpg,development,dead_pixels,0.3,esp_016781_2055_red-0188_dead_pixels_0.3,0.5257593989372253,4.452223777770996,1.7778422832489014,0.4385517999999138
map-proj-v3_2/ESP_016781_2055_RED-0188.jpg,ok,,JPEG,227.0,227.0,L,1.0,1.0,normal,slope streak,train,esp_016781_2055_red-0188,[],4305c616127c75721314e118808daaa16004d9cd773012c7a4280591e3b1093a,b2c4ab0ce98c5eafbcab714b630c717549df95f6b15a94465a851af149a47151,db09ff0077c0fe01,57.13883444274098,44.42025366120362,9e68b62d1f634ef0,[],3.0,esp_016781_2055,['train'],1.0,Counter({'train': 1}),test,3b546f3c149bec5e,True,development_corruption,1,C:\Users\deves\OneDrive\Desktop\Projects\TCMD-SS\data\raw\hirise_v3_2\map-proj-v3_2\ESP_016781_2055_RED-0188.jpg,development,dead_pixels,0.5,esp_016781_2055_red-0188_dead_pixels_0.5,0.5742686986923218,4.471238136291504,1.7670018672943115,0.4385517999999138
map-proj-v3_2/ESP_016781_2055_RED-0188.jpg,ok,,JPEG,227.0,227.0,L,1.0,1.0,normal,slope streak,train,esp_016781_2055_red-0188,[],4305c616127c75721314e118808daaa16004d9cd773012c7a4280591e3b1093a,b2c4ab0ce98c5eafbcab714b630c717549df95f6b15a94465a851af149a47151,db09ff0077c0fe01,57.13883444274098,44.42025366120362,9e68b62d1f634ef0,[],3.0,esp_016781_2055,['train'],1.0,Counter({'train': 1}),test,3b546f3c149bec5e,True,development_corruption,1,C:\Users\deves\OneDrive\Desktop\Projects\TCMD-SS\data\raw\hirise_v3_2\map-proj-v3_2\ESP_016781_2055_RED-0188.jpg,development,missing_patch,0.15,esp_016781_2055_red-0188_missing_patch_0.15,0.4163554012775421,4.241067886352539,1.8493142127990723,0.4243502750000516
map-proj-v3_2/ESP_016781_2055_RED-0188.jpg,ok,,JPEG,227.0,227.0,L,1.0,1.0,normal,slope streak,train,esp_016781_2055_red-0188,[],4305c616127c75721314e118808daaa16004d9cd773012c7a4280591e3b1093a,b2c4ab0ce98c5eafbcab714b630c717549df95f6b15a94465a851af149a47151,db09ff0077c0fe01,57.13883444274098,44.42025366120362,9e68b62d1f634ef0,[],3.0,esp_016781_2055,['train'],1.0,Counter({'train': 1}),test,3b546f3c149bec5e,True,development_corruption,1,C:\Users\deves\OneDrive\Desktop\Projects\TCMD-SS\data\raw\hirise_v3_2\map-proj-v3_2\ESP_016781_2055_RED-0188.jpg,development,missing_patch,0.3,esp_016781_2055_red-0188_missing_patch_0.3,0.4411389231681824,4.279330730438232,1.8783303499221802,0.4243502750000516
map-proj-v3_2/ESP_016781_2055_RED-0188.jpg,ok,,JPEG,227.0,227.0,L,1.0,1.0,normal,slope streak,train,esp_016781_2055_red-0188,[],4305c616127c75721314e118808daaa16004d9cd773012c7a4280591e3b1093a,b2c4ab0ce98c5eafbcab714b630c717549df95f6b15a94465a851af149a47151,db09ff0077c0fe01,57.13883444274098,44.42025366120362,9e68b62d1f634ef0,[],3.0,esp_016781_2055,['train'],1.0,Counter({'train': 1}),test,3b546f3c149bec5e,True,development_corruption,1,C:\Users\deves\OneDrive\Desktop\Projects\TCMD-SS\data\raw\hirise_v3_2\map-proj-v3_2\ESP_016781_2055_RED-0188.jpg,development,missing_patch,0.5,esp_016781_2055_red-0188_missing_patch_0.5,0.48342904448509216,4.34266996383667,1.9862849712371826,0.4243502750000516
map-proj-v3_2/ESP_016781_2055_RED-0188.jpg,ok,,JPEG,227.0,227.0,L,1.0,1.0,normal,slope streak,train,esp_016781_2055_red-0188,[],4305c616127c75721314e118808daaa16004d9cd773012c7a4280591e3b1093a,b2c4ab0ce98c5eafbcab714b630c717549df95f6b15a94465a851af149a47151,db09ff0077c0fe01,57.13883444274098,44.42025366120362,9e68b62d1f634ef0,[],3.0,esp_016781_2055,['train'],1.0,Counter({'train': 1}),test,3b546f3c149bec5e,True,development_corruption,1,C:\Users\deves\OneDrive\Desktop\Projects\TCMD-SS\data\raw\hirise_v3_2\map-proj-v3_2\ESP_016781_2055_RED-0188.jpg,development,local_blur,0.15,esp_016781_2055_red-0188_local_blur_0.15,0.415910005569458,4.231954097747803,1.8341385126113892,0.4243502750000516
map-proj-v3_2/ESP_016781_2055_RED-0188.jpg,ok,,JPEG,227.0,227.0,L,1.0,1.0,normal,slope streak,train,esp_016781_2055_red-0188,[],4305c616127c75721314e118808daaa16004d9cd773012c7a4280591e3b1093a,b2c4ab0ce98c5eafbcab714b630c717549df95f6b15a94465a851af149a47151,db09ff0077c0fe01,57.13883444274098,44.42025366120362,9e68b62d1f634ef0,[],3.0,esp_016781_2055,['train'],1.0,Counter({'train': 1}),test,3b546f3c149bec5e,True,development_corruption,1,C:\Users\deves\OneDrive\Desktop\Projects\TCMD-SS\data\raw\hirise_v3_2\map-proj-v3_2\ESP_016781_2055_RED-0188.jpg,development,local_blur,0.3,esp_016781_2055_red-0188_local_blur_0.3,0.4159080684185028,4.231931686401367,1.8337554931640625,0.430198824999934
map-proj-v3_2/ESP_016781_2055_RED-0188.jpg,ok,,JPEG,227.0,227.0,L,1.0,1.0,normal,slope streak,train,esp_016781_2055_red-0188,[],4305c616127c75721314e118808daaa16004d9cd773012c7a4280591e3b1093a,b2c4ab0ce98c5eafbcab714b630c717549df95f6b15a94465a851af149a47151,db09ff0077c0fe01,57.13883444274098,44.42025366120362,9e68b62d1f634ef0,[],3.0,esp_016781_2055,['train'],1.0,Counter({'train': 1}),test,3b546f3c149bec5e,True,development_corruption,1,C:\Users\deves\OneDrive\Desktop\Projects\TCMD-SS\data\raw\hirise_v3_2\map-proj-v3_2\ESP_016781_2055_RED-0188.jpg,development,local_blur,0.5,esp_016781_2055_red-0188_local_blur_0.5,0.415710985660553,4.229504108428955,1.8303327560424805,0.430198824999934
map-proj-v3_2/ESP_016781_2055_RED-0188.jpg,ok,,JPEG,227.0,227.0,L,1.0,1.0,normal,slope streak,train,esp_016781_2055_red-0188,[],4305c616127c75721314e118808daaa16004d9cd773012c7a4280591e3b1093a,b2c4ab0ce98c5eafbcab714b630c717549df95f6b15a94465a851af149a47151,db09ff0077c0fe01,57.13883444274098,44.42025366120362,9e68b62d1f634ef0,[],3.0,esp_016781_2055,['train'],1.0,Counter({'train': 1}),test,3b546f3c149bec5e,True,development_corruption,1,C:\Users\deves\OneDrive\Desktop\Projects\TCMD-SS\data\raw\hirise_v3_2\map-proj-v3_2\ESP_016781_2055_RED-0188.jpg,development,patch_duplication,0.15,esp_016781_2055_red-0188_patch_duplication_0.15,0.41369083523750305,4.045566082000732,1.7868773937225342,0.430198824999934
map-proj-v3_2/ESP_016781_2055_RED-0188.jpg,ok,,JPEG,227.0,227.0,L,1.0,1.0,normal,slope streak,train,esp_016781_2055_red-0188,[],4305c616127c75721314e118808daaa16004d9cd773012c7a4280591e3b1093a,b2c4ab0ce98c5eafbcab714b630c717549df95f6b15a94465a851af149a47151,db09ff0077c0fe01,57.13883444274098,44.42025366120362,9e68b62d1f634ef0,[],3.0,esp_016781_2055,['train'],1.0,Counter({'train': 1}),test,3b546f3c149bec5e,True,development_corruption,1,C:\Users\deves\OneDrive\Desktop\Projects\TCMD-SS\data\raw\hirise_v3_2\map-proj-v3_2\ESP_016781_2055_RED-0188.jpg,development,patch_duplication,0.3,esp_016781_2055_red-0188_patch_duplication_0.3,0.41170012950897217,4.028955936431885,1.714254379272461,0.430198824999934
map-proj-v3_2/ESP_016781_2055_RED-0188.jpg,ok,,JPEG,227.0,227.0,L,1.0,1.0,normal,slope streak,train,esp_016781_2055_red-0188,[],4305c616127c75721314e118808daaa16004d9cd773012c7a4280591e3b1093a,b2c4ab0ce98c5eafbcab714b630c717549df95f6b15a94465a851af149a47151,db09ff0077c0fe01,57.13883444274098,44.42025366120362,9e68b62d1f634ef0,[],3.0,esp_016781_2055,['train'],1.0,Counter({'train': 1}),test,3b546f3c149bec5e,True,development_corruption,1,C:\Users\deves\OneDrive\Desktop\Projects\TCMD-SS\data\raw\hirise_v3_2\map-proj-v3_2\ESP_016781_2055_RED-0188.jpg,development,patch_duplication,0.5,esp_016781_2055_red-0188_patch_duplication_0.5,0.4144291579723358,3.9957690238952637,1.674565076828003,0.4431566999999177
map-proj-v3_2/ESP_016781_2055_RED-0188.jpg,ok,,JPEG,227.0,227.0,L,1.0,1.0,normal,slope streak,train,esp_016781_2055_red-0188,[],4305c616127c75721314e118808daaa16004d9cd773012c7a4280591e3b1093a,b2c4ab0ce98c5eafbcab714b630c717549df95f6b15a94465a851af149a47151,db09ff0077c0fe01,57.13883444274098,44.42025366120362,9e68b62d1f634ef0,[],3.0,esp_016781_2055,['train'],1.0,Counter({'train': 1}),test,3b546f3c149bec5e,True,development_corruption,1,C:\Users\deves\OneDrive\Desktop\Projects\TCMD-SS\data\raw\hirise_v3_2\map-proj-v3_2\ESP_016781_2055_RED-0188.jpg,development,foreign_content,0.15,esp_016781_2055_red-0188_foreign_content_0.15,0.4175921380519867,4.276858329772949,1.8109025955200195,0.4431566999999177
map-proj-v3_2/ESP_016781_2055_RED-0188.jpg,ok,,JPEG,227.0,227.0,L,1.0,1.0,normal,slope streak,train,esp_016781_2055_red-0188,[],4305c616127c75721314e118808daaa16004d9cd773012c7a4280591e3b1093a,b2c4ab0ce98c5eafbcab714b630c717549df95f6b15a94465a851af149a47151,db09ff0077c0fe01,57.13883444274098,44.42025366120362,9e68b62d1f634ef0,[],3.0,esp_016781_2055,['train'],1.0,Counter({'train': 1}),test,3b546f3c149bec5e,True,development_corruption,1,C:\Users\deves\OneDrive\Desktop\Projects\TCMD-SS\data\raw\hirise_v3_2\map-proj-v3_2\ESP_016781_2055_RED-0188.jpg,development,foreign_content,0.3,esp_016781_2055_red-0188_foreign_content_0.3,0.4210353195667267,4.40387487411499,1.8367999792099,0.4431566999999177
map-proj-v3_2/ESP_016781_2055_RED-0188.jpg,ok,,JPEG,227.0,227.0,L,1.0,1.0,normal,slope streak,train,esp_016781_2055_red-0188,[],4305c616127c75721314e118808daaa16004d9cd773012c7a4280591e3b1093a,b2c4ab0ce98c5eafbcab714b630c717549df95f6b15a94465a851af149a47151,db09ff0077c0fe01,57.13883444274098,44.42025366120362,9e68b62d1f634ef0,[],3.0,esp_016781_2055,['train'],1.0,Counter({'train': 1}),test,3b546f3c149bec5e,True,development_corruption,1,C:\Users\deves\OneDrive\Desktop\Projects\TCMD-SS\data\raw\hirise_v3_2\map-proj-v3_2\ESP_016781_2055_RED-0188.jpg,development,foreign_content,0.5,esp_016781_2055_red-0188_foreign_content_0.5,0.46725210547447205,4.952624320983887,1.9105528593063354,0.4431566999999177
map-proj-v3_2/ESP_016613_2570_RED-0034.jpg,ok,,JPEG,227.0,227.0,L,1.0,1.0,normal,bright dune,test,esp_016613_2570_red-0034,[],691d929689f7437eb7263fbc5b62fe4cffd55d8e6714aeee4bf71b11e8ecf108,75d0945ffc2f1ee44b2115e9132be434be186f83a6a944c96c629810199c868f,f366cc8e712370cc,204.67657047487825,17.22112457381222,c7a1b6424b7e617a,[],4.0,esp_016613_2570,['test'],1.0,Counter({'test': 1}),test,22696c5952c42e43,True,hirise_clean,0,C:\Users\deves\OneDrive\Desktop\Projects\TCMD-SS\data\raw\hirise_v3_2\map-proj-v3_2\ESP_016613_2570_RED-0034.jpg,development,clean,0.0,esp_016613_2570_red-0034_clean,0.5935590863227844,3.965005397796631,1.7366347312927246,0.45349880000003395
map-proj-v3_2/ESP_016613_2570_RED-0034.jpg,ok,,JPEG,227.0,227.0,L,1.0,1.0,normal,bright dune,test,esp_016613_2570_red-0034,[],691d929689f7437eb7263fbc5b62fe4cffd55d8e6714aeee4bf71b11e8ecf108,75d0945ffc2f1ee44b2115e9132be434be186f83a6a944c96c629810199c868f,f366cc8e712370cc,204.67657047487825,17.22112457381222,c7a1b6424b7e617a,[],4.0,esp_016613_2570,['test'],1.0,Counter({'test': 1}),test,22696c5952c42e43,True,development_corruption,1,C:\Users\deves\OneDrive\Desktop\Projects\TCMD-SS\data\raw\hirise_v3_2\map-proj-v3_2\ESP_016613_2570_RED-0034.jpg,development,stripes,0.15,esp_016613_2570_red-0034_stripes_0.15,0.594433069229126,3.5638768672943115,1.7406578063964844,0.45349880000003395
map-proj-v3_2/ESP_016613_2570_RED-0034.jpg,ok,,JPEG,227.0,227.0,L,1.0,1.0,normal,bright dune,test,esp_016613_2570_red-0034,[],691d929689f7437eb7263fbc5b62fe4cffd55d8e6714aeee4bf71b11e8ecf108,75d0945ffc2f1ee44b2115e9132be434be186f83a6a944c96c629810199c868f,f366cc8e712370cc,204.67657047487825,17.22112457381222,c7a1b6424b7e617a,[],4.0,esp_016613_2570,['test'],1.0,Counter({'test': 1}),test,22696c5952c42e43,True,development_corruption,1,C:\Users\deves\OneDrive\Desktop\Projects\TCMD-SS\data\raw\hirise_v3_2\map-proj-v3_2\ESP_016613_2570_RED-0034.jpg,development,stripes,0.3,esp_016613_2570_red-0034_stripes_0.3,0.5978602766990662,3.0075721740722656,1.7363450527191162,0.45349880000003395
map-proj-v3_2/ESP_016613_2570_RED-0034.jpg,ok,,JPEG,227.0,227.0,L,1.0,1.0,normal,bright dune,test,esp_016613_2570_red-0034,[],691d929689f7437eb7263fbc5b62fe4cffd55d8e6714aeee4bf71b11e8ecf108,75d0945ffc2f1ee44b2115e9132be434be186f83a6a944c96c629810199c868f,f366cc8e712370cc,204.67657047487825,17.22112457381222,c7a1b6424b7e617a,[],4.0,esp_016613_2570,['test'],1.0,Counter({'test': 1}),test,22696c5952c42e43,True,development_corruption,1,C:\Users\deves\OneDrive\Desktop\Projects\TCMD-SS\data\raw\hirise_v3_2\map-proj-v3_2\ESP_016613_2570_RED-0034.jpg,development,stripes,0.5,esp_016613_2570_red-0034_stripes_0.5,0.5986749529838562,2.4136404991149902,2.1817786693573,0.45349880000003395
map-proj-v3_2/ESP_016613_2570_RED-0034.jpg,ok,,JPEG,227.0,227.0,L,1.0,1.0,normal,bright dune,test,esp_016613_2570_red-0034,[],691d929689f7437eb7263fbc5b62fe4cffd55d8e6714aeee4bf71b11e8ecf108,75d0945ffc2f1ee44b2115e9132be434be186f83a6a944c96c629810199c868f,f366cc8e712370cc,204.67657047487825,17.22112457381222,c7a1b6424b7e617a,[],4.0,esp_016613_2570,['test'],1.0,Counter({'test': 1}),test,22696c5952c42e43,True,development_corruption,1,C:\Users\deves\OneDrive\Desktop\Projects\TCMD-SS\data\raw\hirise_v3_2\map-proj-v3_2\ESP_016613_2570_RED-0034.jpg,development,dead_pixels,0.15,esp_016613_2570_red-0034_dead_pixels_0.15,0.6157643795013428,4.079344272613525,1.7248516082763672,0.5163938000000599
map-proj-v3_2/ESP_016613_2570_RED-0034.jpg,ok,,JPEG,227.0,227.0,L,1.0,1.0,normal,bright dune,test,esp_016613_2570_red-0034,[],691d929689f7437eb7263fbc5b62fe4cffd55d8e6714aeee4bf71b11e8ecf108,75d0945ffc2f1ee44b2115e9132be434be186f83a6a944c96c629810199c868f,f366cc8e712370cc,204.67657047487825,17.22112457381222,c7a1b6424b7e617a,[],4.0,esp_016613_2570,['test'],1.0,Counter({'test': 1}),test,22696c5952c42e43,True,development_corruption,1,C:\Users\deves\OneDrive\Desktop\Projects\TCMD-SS\data\raw\hirise_v3_2\map-proj-v3_2\ESP_016613_2570_RED-0034.jpg,development,dead_pixels,0.3,esp_016613_2570_red-0034_dead_pixels_0.3,0.6423494815826416,4.172271728515625,1.7010234594345093,0.5163938000000599
map-proj-v3_2/ESP_016613_2570_RED-0034.jpg,ok,,JPEG,227.0,227.0,L,1.0,1.0,normal,bright dune,test,esp_016613_2570_red-0034,[],691d929689f7437eb7263fbc5b62fe4cffd55d8e6714aeee4bf71b11e8ecf108,75d0945ffc2f1ee44b2115e9132be434be186f83a6a944c96c629810199c868f,f366cc8e712370cc,204.67657047487825,17.22112457381222,c7a1b6424b7e617a,[],4.0,esp_016613_2570,['test'],1.0,Counter({'test': 1}),test,22696c5952c42e43,True,development_corruption,1,C:\Users\deves\OneDrive\Desktop\Projects\TCMD-SS\data\raw\hirise_v3_2\map-proj-v3_2\ESP_016613_2570_RED-0034.jpg,development,dead_pixels,0.5,esp_016613_2570_red-0034_dead_pixels_0.5,0.659587025642395,4.191827297210693,1.6713727712631226,0.5163938000000599
map-proj-v3_2/ESP_016613_2570_RED-0034.jpg,ok,,JPEG,227.0,227.0,L,1.0,1.0,normal,bright dune,test,esp_016613_2570_red-0034,[],691d929689f7437eb7263fbc5b62fe4cffd55d8e6714aeee4bf71b11e8ecf108,75d0945ffc2f1ee44b2115e9132be434be186f83a6a944c96c629810199c868f,f366cc8e712370cc,204.67657047487825,17.22112457381222,c7a1b6424b7e617a,[],4.0,esp_016613_2570,['test'],1.0,Counter({'test': 1}),test,22696c5952c42e43,True,development_corruption,1,C:\Users\deves\OneDrive\Desktop\Projects\TCMD-SS\data\raw\hirise_v3_2\map-proj-v3_2\ESP_016613_2570_RED-0034.jpg,development,missing_patch,0.15,esp_016613_2570_red-0034_missing_patch_0.15,0.5921669602394104,4.4360432624816895,1.5363492965698242,0.5163938000000599
map-proj-v3_2/ESP_016613_2570_RED-0034.jpg,ok,,JPEG,227.0,227.0,L,1.0,1.0,normal,bright dune,test,esp_016613_2570_red-0034,[],691d929689f7437eb7263fbc5b62fe4cffd55d8e6714aeee4bf71b11e8ecf108,75d0945ffc2f1ee44b2115e9132be434be186f83a6a944c96c629810199c868f,f366cc8e712370cc,204.67657047487825,17.22112457381222,c7a1b6424b7e617a,[],4.0,esp_016613_2570,['test'],1.0,Counter({'test': 1}),test,22696c5952c42e43,True,development_corruption,1,C:\Users\deves\OneDrive\Desktop\Projects\TCMD-SS\data\raw\hirise_v3_2\map-proj-v3_2\ESP_016613_2570_RED-0034.jpg,development,missing_patch,0.3,esp_016613_2570_red-0034_missing_patch_0.3,0.5822259783744812,4.974318981170654,1.4744149446487427,0.5031305249999605
map-proj-v3_2/ESP_016613_2570_RED-0034.jpg,ok,,JPEG,227.0,227.0,L,1.0,1.0,normal,bright dune,test,esp_016613_2570_red-0034,[],691d929689f7437eb7263fbc5b62fe4cffd55d8e6714aeee4bf71b11e8ecf108,75d0945ffc2f1ee44b2115e9132be434be186f83a6a944c96c629810199c868f,f366cc8e712370cc,204.67657047487825,17.22112457381222,c7a1b6424b7e617a,[],4.0,esp_016613_2570,['test'],1.0,Counter({'test': 1}),test,22696c5952c42e43,True,development_corruption,1,C:\Users\deves\OneDrive\Desktop\Projects\TCMD-SS\data\raw\hirise_v3_2\map-proj-v3_2\ESP_016613_2570_RED-0034.jpg,development,missing_patch,0.5,esp_016613_2570_red-0034_missing_patch_0.5,0.6333461999893188,5.22986364364624,1.8094369173049927,0.5031305249999605
map-proj-v3_2/ESP_016613_2570_RED-0034.jpg,ok,,JPEG,227.0,227.0,L,1.0,1.0,normal,bright dune,test,esp_016613_2570_red-0034,[],691d929689f7437eb7263fbc5b62fe4cffd55d8e6714aeee4bf71b11e8ecf108,75d0945ffc2f1ee44b2115e9132be434be186f83a6a944c96c629810199c868f,f366cc8e712370cc,204.67657047487825,17.22112457381222,c7a1b6424b7e617a,[],4.0,esp_016613_2570,['test'],1.0,Counter({'test': 1}),test,22696c5952c42e43,True,development_corruption,1,C:\Users\deves\OneDrive\Desktop\Projects\TCMD-SS\data\raw\hirise_v3_2\map-proj-v3_2\ESP_016613_2570_RED-0034.jpg,development,local_blur,0.15,esp_016613_2570_red-0034_local_blur_0.15,0.5928539037704468,4.419042110443115,1.7405316829681396,0.5031305249999605
map-proj-v3_2/ESP_016613_2570_RED-0034.jpg,ok,,JPEG,227.0,227.0,L,1.0,1.0,normal,bright dune,test,esp_016613_2570_red-0034,[],691d929689f7437eb7263fbc5b62fe4cffd55d8e6714aeee4bf71b11e8ecf108,75d0945ffc2f1ee44b2115e9132be434be186f83a6a944c96c629810199c868f,f366cc8e712370cc,204.67657047487825,17.22112457381222,c7a1b6424b7e617a,[],4.0,esp_016613_2570,['test'],1.0,Counter({'test': 1}),test,22696c5952c42e43,True,development_corruption,1,C:\Users\deves\OneDrive\Desktop\Projects\TCMD-SS\data\raw\hirise_v3_2\map-proj-v3_2\ESP_016613_2570_RED-0034.jpg,development,local_blur,0.3,esp_016613_2570_red-0034_local_blur_0.3,0.5910763144493103,4.464661121368408,1.7403888702392578,0.5031305249999605
map-proj-v3_2/ESP_016613_2570_RED-0034.jpg,ok,,JPEG,227.0,227.0,L,1.0,1.0,normal,bright dune,test,esp_016613_2570_red-0034,[],691d929689f7437eb7263fbc5b62fe4cffd55d8e6714aeee4bf71b11e8ecf108,75d0945ffc2f1ee44b2115e9132be434be186f83a6a944c96c629810199c868f,f366cc8e712370cc,204.67657047487825,17.22112457381222,c7a1b6424b7e617a,[],4.0,esp_016613_2570,['test'],1.0,Counter({'test': 1}),test,22696c5952c42e43,True,development_corruption,1,C:\Users\deves\OneDrive\Desktop\Projects\TCMD-SS\data\raw\hirise_v3_2\map-proj-v3_2\ESP_016613_2570_RED-0034.jpg,development,local_blur,0.5,esp_016613_2570_red-0034_local_blur_0.5,0.5908677577972412,4.460776329040527,1.7689833641052246,0.49537469999995665
map-proj-v3_2/ESP_016613_2570_RED-0034.jpg,ok,,JPEG,227.0,227.0,L,1.0,1.0,normal,bright dune,test,esp_016613_2570_red-0034,[],691d929689f7437eb7263fbc5b62fe4cffd55d8e6714aeee4bf71b11e8ecf108,75d0945ffc2f1ee44b2115e9132be434be186f83a6a944c96c629810199c868f,f366cc8e712370cc,204.67657047487825,17.22112457381222,c7a1b6424b7e617a,[],4.0,esp_016613_2570,['test'],1.0,Counter({'test': 1}),test,22696c5952c42e43,True,development_corruption,1,C:\Users\deves\OneDrive\Desktop\Projects\TCMD-SS\data\raw\hirise_v3_2\map-proj-v3_2\ESP_016613_2570_RED-0034.jpg,development,patch_duplication,0.15,esp_016613_2570_red-0034_patch_duplication_0.15,0.595263659954071,3.972385883331299,1.7366995811462402,0.49537469999995665
map-proj-v3_2/ESP_016613_2570_RED-0034.jpg,ok,,JPEG,227.0,227.0,L,1.0,1.0,normal,bright dune,test,esp_016613_2570_red-0034,[],691d929689f7437eb7263fbc5b62fe4cffd55d8e6714aeee4bf71b11e8ecf108,75d0945ffc2f1ee44b2115e9132be434be186f83a6a944c96c629810199c868f,f366cc8e712370cc,204.67657047487825,17.22112457381222,c7a1b6424b7e617a,[],4.0,esp_016613_2570,['test'],1.0,Counter({'test': 1}),test,22696c5952c42e43,True,development_corruption,1,C:\Users\deves\OneDrive\Desktop\Projects\TCMD-SS\data\raw\hirise_v3_2\map-proj-v3_2\ESP_016613_2570_RED-0034.jpg,development,patch_duplication,0.3,esp_016613_2570_red-0034_patch_duplication_0.3,0.5956538319587708,3.973256826400757,1.7379661798477173,0.49537469999995665
map-proj-v3_2/ESP_016613_2570_RED-0034.jpg,ok,,JPEG,227.0,227.0,L,1.0,1.0,normal,bright dune,test,esp_016613_2570_red-0034,[],691d929689f7437eb7263fbc5b62fe4cffd55d8e6714aeee4bf71b11e8ecf108,75d0945ffc2f1ee44b2115e9132be434be186f83a6a944c96c629810199c868f,f366cc8e712370cc,204.67657047487825,17.22112457381222,c7a1b6424b7e617a,[],4.0,esp_016613_2570,['test'],1.0,Counter({'test': 1}),test,22696c5952c42e43,True,development_corruption,1,C:\Users\deves\OneDrive\Desktop\Projects\TCMD-SS\data\raw\hirise_v3_2\map-proj-v3_2\ESP_016613_2570_RED-0034.jpg,development,patch_duplication,0.5,esp_016613_2570_red-0034_patch_duplication_0.5,0.5979799032211304,3.9757931232452393,1.7391235828399658,0.49537469999995665
map-proj-v3_2/ESP_016613_2570_RED-0034.jpg,ok,,JPEG,227.0,227.0,L,1.0,1.0,normal,bright dune,test,esp_016613_2570_red-0034,[],691d929689f7437eb7263fbc5b62fe4cffd55d8e6714aeee4bf71b11e8ecf108,75d0945ffc2f1ee44b2115e9132be434be186f83a6a944c96c629810199c868f,f366cc8e712370cc,204.67657047487825,17.22112457381222,c7a1b6424b7e617a,[],4.0,esp_016613_2570,['test'],1.0,Counter({'test': 1}),test,22696c5952c42e43,True,development_corruption,1,C:\Users\deves\OneDrive\Desktop\Projects\TCMD-SS\data\raw\hirise_v3_2\map-proj-v3_2\ESP_016613_2570_RED-0034.jpg,development,foreign_content,0.15,esp_016613_2570_red-0034_foreign_content_0.15,0.592137336730957,4.048519611358643,1.727170705795288,0.5884942499999397
map-proj-v3_2/ESP_016613_2570_RED-0034.jpg,ok,,JPEG,227.0,227.0,L,1.0,1.0,normal,bright dune,test,esp_016613_2570_red-0034,[],691d929689f7437eb7263fbc5b62fe4cffd55d8e6714aeee4bf71b11e8ecf108,75d0945ffc2f1ee44b2115e9132be434be186f83a6a944c96c629810199c868f,f366cc8e712370cc,204.67657047487825,17.22112457381222,c7a1b6424b7e617a,[],4.0,esp_016613_2570,['test'],1.0,Counter({'test': 1}),test,22696c5952c42e43,True,development_corruption,1,C:\Users\deves\OneDrive\Desktop\Projects\TCMD-SS\data\raw\hirise_v3_2\map-proj-v3_2\ESP_016613_2570_RED-0034.jpg,development,foreign_content,0.3,esp_016613_2570_red-0034_foreign_content_0.3,0.5952235460281372,4.204181671142578,1.743012547492981,0.5884942499999397
map-proj-v3_2/ESP_016613_2570_RED-0034.jpg,ok,,JPEG,227.0,227.0,L,1.0,1.0,normal,bright dune,test,esp_016613_2570_red-0034,[],691d929689f7437eb7263fbc5b62fe4cffd55d8e6714aeee4bf71b11e8ecf108,75d0945ffc2f1ee44b2115e9132be434be186f83a6a944c96c629810199c868f,f366cc8e712370cc,204.67657047487825,17.22112457381222,c7a1b6424b7e617a,[],4.0,esp_016613_2570,['test'],1.0,Counter({'test': 1}),test,22696c5952c42e43,True,development_corruption,1,C:\Users\deves\OneDrive\Desktop\Projects\TCMD-SS\data\raw\hirise_v3_2\map-proj-v3_2\ESP_016613_2570_RED-0034.jpg,development,foreign_content,0.5,esp_016613_2570_red-0034_foreign_content_0.5,0.5898992419242859,4.723516941070557,1.6419590711593628,0.5884942499999397
map-proj-v3_2/ESP_017395_1700_RED-0007.jpg,ok,,JPEG,227.0,227.0,L,1.0,1.0,normal,impact ejecta,train,esp_017395_1700_red-0007,[],7dfc497751a6f558f3252a98b48976160b85d7c401e6d0863748105422ca3bb7,e74b85e76d4dd0cf06b93f5e1cde74c840995aef28da414be4baaeeaea513c84,e6b3998c46d8e323,88.45124104872984,16.82672557606031,3f56454eea6cbead,[],5.0,esp_017395_1700,['train'],2.0,Counter({'train': 2}),test,83aa4045df637967,True,hirise_clean,0,C:\Users\deves\OneDrive\Desktop\Projects\TCMD-SS\data\raw\hirise_v3_2\map-proj-v3_2\ESP_017395_1700_RED-0007.jpg,development,clean,0.0,esp_017395_1700_red-0007_clean,0.29253244400024414,2.5869433879852295,0.8354904651641846,0.5884942499999397
map-proj-v3_2/ESP_017395_1700_RED-0007.jpg,ok,,JPEG,227.0,227.0,L,1.0,1.0,normal,impact ejecta,train,esp_017395_1700_red-0007,[],7dfc497751a6f558f3252a98b48976160b85d7c401e6d0863748105422ca3bb7,e74b85e76d4dd0cf06b93f5e1cde74c840995aef28da414be4baaeeaea513c84,e6b3998c46d8e323,88.45124104872984,16.82672557606031,3f56454eea6cbead,[],5.0,esp_017395_1700,['train'],2.0,Counter({'train': 2}),test,83aa4045df637967,True,development_corruption,1,C:\Users\deves\OneDrive\Desktop\Projects\TCMD-SS\data\raw\hirise_v3_2\map-proj-v3_2\ESP_017395_1700_RED-0007.jpg,development,stripes,0.15,esp_017395_1700_red-0007_stripes_0.15,0.2932705581188202,2.0894241333007812,0.8452402353286743,0.6076261250000243
map-proj-v3_2/ESP_017395_1700_RED-0007.jpg,ok,,JPEG,227.0,227.0,L,1.0,1.0,normal,impact ejecta,train,esp_017395_1700_red-0007,[],7dfc497751a6f558f3252a98b48976160b85d7c401e6d0863748105422ca3bb7,e74b85e76d4dd0cf06b93f5e1cde74c840995aef28da414be4baaeeaea513c84,e6b3998c46d8e323,88.45124104872984,16.82672557606031,3f56454eea6cbead,[],5.0,esp_017395_1700,['train'],2.0,Counter({'train': 2}),test,83aa4045df637967,True,development_corruption,1,C:\Users\deves\OneDrive\Desktop\Projects\TCMD-SS\data\raw\hirise_v3_2\map-proj-v3_2\ESP_017395_1700_RED-0007.jpg,development,stripes,0.3,esp_017395_1700_red-0007_stripes_0.3,0.300735741853714,1.411863088607788,1.3595608472824097,0.6076261250000243
map-proj-v3_2/ESP_017395_1700_RED-0007.jpg,ok,,JPEG,227.0,227.0,L,1.0,1.0,normal,impact ejecta,train,esp_017395_1700_red-0007,[],7dfc497751a6f558f3252a98b48976160b85d7c401e6d0863748105422ca3bb7,e74b85e76d4dd0cf06b93f5e1cde74c840995aef28da414be4baaeeaea513c84,e6b3998c46d8e323,88.45124104872984,16.82672557606031,3f56454eea6cbead,[],5.0,esp_017395_1700,['train'],2.0,Counter({'train': 2}),test,83aa4045df637967,True,development_corruption,1,C:\Users\deves\OneDrive\Desktop\Projects\TCMD-SS\data\raw\hirise_v3_2\map-proj-v3_2\ESP_017395_1700_RED-0007.jpg,development,stripes,0.5,esp_017395_1700_red-0007_stripes_0.5,0.3155129551887512,0.8083428144454956,2.1684679985046387,0.6076261250000243
map-proj-v3_2/ESP_017395_1700_RED-0007.jpg,ok,,JPEG,227.0,227.0,L,1.0,1.0,normal,impact ejecta,train,esp_017395_1700_red-0007,[],7dfc497751a6f558f3252a98b48976160b85d7c401e6d0863748105422ca3bb7,e74b85e76d4dd0cf06b93f5e1cde74c840995aef28da414be4baaeeaea513c84,e6b3998c46d8e323,88.45124104872984,16.82672557606031,3f56454eea6cbead,[],5.0,esp_017395_1700,['train'],2.0,Counter({'train': 2}),test,83aa4045df637967,True,development_corruption,1,C:\Users\deves\OneDrive\Desktop\Projects\TCMD-SS\data\raw\hirise_v3_2\map-proj-v3_2\ESP_017395_1700_RED-0007.jpg,development,dead_pixels,0.15,esp_017395_1700_red-0007_dead_pixels_0.15,0.4908652603626251,2.166257858276367,0.8534717559814453,0.6076261250000243
map-proj-v3_2/ESP_017395_1700_RED-0007.jpg,ok,,JPEG,227.0,227.0,L,1.0,1.0,normal,impact ejecta,train,esp_017395_1700_red-0007,[],7dfc497751a6f558f3252a98b48976160b85d7c401e6d0863748105422ca3bb7,e74b85e76d4dd0cf06b93f5e1cde74c840995aef28da414be4baaeeaea513c84,e6b3998c46d8e323,88.45124104872984,16.82672557606031,3f56454eea6cbead,[],5.0,esp_017395_1700,['train'],2.0,Counter({'train': 2}),test,83aa4045df637967,True,development_corruption,1,C:\Users\deves\OneDrive\Desktop\Projects\TCMD-SS\data\raw\hirise_v3_2\map-proj-v3_2\ESP_017395_1700_RED-0007.jpg,development,dead_pixels,0.3,esp_017395_1700_red-0007_dead_pixels_0.3,0.537018358707428,2.7994213104248047,0.7998215556144714,0.4989040499999646
map-proj-v3_2/ESP_017395_1700_RED-0007.jpg,ok,,JPEG,227.0,227.0,L,1.0,1.0,normal,impact ejecta,train,esp_017395_1700_red-0007,[],7dfc497751a6f558f3252a98b48976160b85d7c401e6d0863748105422ca3bb7,e74b85e76d4dd0cf06b93f5e1cde74c840995aef28da414be4baaeeaea513c84,e6b3998c46d8e323,88.45124104872984,16.82672557606031,3f56454eea6cbead,[],5.0,esp_017395_1700,['train'],2.0,Counter({'train': 2}),test,83aa4045df637967,True,development_corruption,1,C:\Users\deves\OneDrive\Desktop\Projects\TCMD-SS\data\raw\hirise_v3_2\map-proj-v3_2\ESP_017395_1700_RED-0007.jpg,development,dead_pixels,0.5,esp_017395_1700_red-0007_dead_pixels_0.5,0.5715250968933105,2.7965781688690186,0.7957701086997986,0.4989040499999646
map-proj-v3_2/ESP_017395_1700_RED-0007.jpg,ok,,JPEG,227.0,227.0,L,1.0,1.0,normal,impact ejecta,train,esp_017395_1700_red-0007,[],7dfc497751a6f558f3252a98b48976160b85d7c401e6d0863748105422ca3bb7,e74b85e76d4dd0cf06b93f5e1cde74c840995aef28da414be4baaeeaea513c84,e6b3998c46d8e323,88.45124104872984,16.82672557606031,3f56454eea6cbead,[],5.0,esp_017395_1700,['train'],2.0,Counter({'train': 2}),test,83aa4045df637967,True,development_corruption,1,C:\Users\deves\OneDrive\Desktop\Projects\TCMD-SS\data\raw\hirise_v3_2\map-proj-v3_2\ESP_017395_1700_RED-0007.jpg,development,missing_patch,0.15,esp_017395_1700_red-0007_missing_patch_0.15,0.4454812705516815,2.5857017040252686,0.8636927604675293,0.4989040499999646
map-proj-v3_2/ESP_017395_1700_RED-0007.jpg,ok,,JPEG,227.0,227.0,L,1.0,1.0,normal,impact ejecta,train,esp_017395_1700_red-0007,[],7dfc497751a6f558f3252a98b48976160b85d7c401e6d0863748105422ca3bb7,e74b85e76d4dd0cf06b93f5e1cde74c840995aef28da414be4baaeeaea513c84,e6b3998c46d8e323,88.45124104872984,16.82672557606031,3f56454eea6cbead,[],5.0,esp_017395_1700,['train'],2.0,Counter({'train': 2}),test,83aa4045df637967,True,development_corruption,1,C:\Users\deves\OneDrive\Desktop\Projects\TCMD-SS\data\raw\hirise_v3_2\map-proj-v3_2\ESP_017395_1700_RED-0007.jpg,development,missing_patch,0.3,esp_017395_1700_red-0007_missing_patch_0.3,0.3802471160888672,3.7807180881500244,0.8753973245620728,0.4989040499999646
map-proj-v3_2/ESP_017395_1700_RED-0007.jpg,ok,,JPEG,227.0,227.0,L,1.0,1.0,normal,impact ejecta,train,esp_017395_1700_red-0007,[],7dfc497751a6f558f3252a98b48976160b85d7c401e6d0863748105422ca3bb7,e74b85e76d4dd0cf06b93f5e1cde74c840995aef28da414be4baaeeaea513c84,e6b3998c46d8e323,88.45124104872984,16.82672557606031,3f56454eea6cbead,[],5.0,esp_017395_1700,['train'],2.0,Counter({'train': 2}),test,83aa4045df637967,True,development_corruption,1,C:\Users\deves\OneDrive\Desktop\Projects\TCMD-SS\data\raw\hirise_v3_2\map-proj-v3_2\ESP_017395_1700_RED-0007.jpg,development,missing_patch,0.5,esp_017395_1700_red-0007_missing_patch_0.5,0.38118231296539307,3.892399311065674,0.7280644178390503,0.4893835249999938
map-proj-v3_2/ESP_017395_1700_RED-0007.jpg,ok,,JPEG,227.0,227.0,L,1.0,1.0,normal,impact ejecta,train,esp_017395_1700_red-0007,[],7dfc497751a6f558f3252a98b48976160b85d7c401e6d0863748105422ca3bb7,e74b85e76d4dd0cf06b93f5e1cde74c840995aef28da414be4baaeeaea513c84,e6b3998c46d8e323,88.45124104872984,16.82672557606031,3f56454eea6cbead,[],5.0,esp_017395_1700,['train'],2.0,Counter({'train': 2}),test,83aa4045df637967,True,development_corruption,1,C:\Users\deves\OneDrive\Desktop\Projects\TCMD-SS\data\raw\hirise_v3_2\map-proj-v3_2\ESP_017395_1700_RED-0007.jpg,development,local_blur,0.15,esp_017395_1700_red-0007_local_blur_0.15,0.2925158143043518,2.587646484375,0.8350815773010254,0.4893835249999938
map-proj-v3_2/ESP_017395_1700_RED-0007.jpg,ok,,JPEG,227.0,227.0,L,1.0,1.0,normal,impact ejecta,train,esp_017395_1700_red-0007,[],7dfc497751a6f558f3252a98b48976160b85d7c401e6d0863748105422ca3bb7,e74b85e76d4dd0cf06b93f5e1cde74c840995aef28da414be4baaeeaea513c84,e6b3998c46d8e323,88.45124104872984,16.82672557606031,3f56454eea6cbead,[],5.0,esp_017395_1700,['train'],2.0,Counter({'train': 2}),test,83aa4045df637967,True,development_corruption,1,C:\Users\deves\OneDrive\Desktop\Projects\TCMD-SS\data\raw\hirise_v3_2\map-proj-v3_2\ESP_017395_1700_RED-0007.jpg,development,local_blur,0.3,esp_017395_1700_red-0007_local_blur_0.3,0.2926689386367798,2.585340976715088,0.8309807777404785,0.4893835249999938
map-proj-v3_2/ESP_017395_1700_RED-0007.jpg,ok,,JPEG,227.0,227.0,L,1.0,1.0,normal,impact ejecta,train,esp_017395_1700_red-0007,[],7dfc497751a6f558f3252a98b48976160b85d7c401e6d0863748105422ca3bb7,e74b85e76d4dd0cf06b93f5e1cde74c840995aef28da414be4baaeeaea513c84,e6b3998c46d8e323,88.45124104872984,16.82672557606031,3f56454eea6cbead,[],5.0,esp_017395_1700,['train'],2.0,Counter({'train': 2}),test,83aa4045df637967,True,development_corruption,1,C:\Users\deves\OneDrive\Desktop\Projects\TCMD-SS\data\raw\hirise_v3_2\map-proj-v3_2\ESP_017395_1700_RED-0007.jpg,development,local_blur,0.5,esp_017395_1700_red-0007_local_blur_0.5,0.2923922836780548,2.5801007747650146,0.8163391351699829,0.4893835249999938
map-proj-v3_2/ESP_017395_1700_RED-0007.jpg,ok,,JPEG,227.0,227.0,L,1.0,1.0,normal,impact ejecta,train,esp_017395_1700_red-0007,[],7dfc497751a6f558f3252a98b48976160b85d7c401e6d0863748105422ca3bb7,e74b85e76d4dd0cf06b93f5e1cde74c840995aef28da414be4baaeeaea513c84,e6b3998c46d8e323,88.45124104872984,16.82672557606031,3f56454eea6cbead,[],5.0,esp_017395_1700,['train'],2.0,Counter({'train': 2}),test,83aa4045df637967,True,development_corruption,1,C:\Users\deves\OneDrive\Desktop\Projects\TCMD-SS\data\raw\hirise_v3_2\map-proj-v3_2\ESP_017395_1700_RED-0007.jpg,development,patch_duplication,0.15,esp_017395_1700_red-0007_patch_duplication_0.15,0.29272040724754333,2.0348241329193115,0.8381472229957581,0.37203612500002237
map-proj-v3_2/ESP_017395_1700_RED-0007.jpg,ok,,JPEG,227.0,227.0,L,1.0,1.0,normal,impact ejecta,train,esp_017395_1700_red-0007,[],7dfc497751a6f558f3252a98b48976160b85d7c401e6d0863748105422ca3bb7,e74b85e76d4dd0cf06b93f5e1cde74c840995aef28da414be4baaeeaea513c84,e6b3998c46d8e323,88.45124104872984,16.82672557606031,3f56454eea6cbead,[],5.0,esp_017395_1700,['train'],2.0,Counter({'train': 2}),test,83aa4045df637967,True,development_corruption,1,C:\Users\deves\OneDrive\Desktop\Projects\TCMD-SS\data\raw\hirise_v3_2\map-proj-v3_2\ESP_017395_1700_RED-0007.jpg,development,patch_duplication,0.3,esp_017395_1700_red-0007_patch_duplication_0.3,0.29279083013534546,1.9065847396850586,0.8633750677108765,0.37203612500002237
map-proj-v3_2/ESP_017395_1700_RED-0007.jpg,ok,,JPEG,227.0,227.0,L,1.0,1.0,normal,impact ejecta,train,esp_017395_1700_red-0007,[],7dfc497751a6f558f3252a98b48976160b85d7c401e6d0863748105422ca3bb7,e74b85e76d4dd0cf06b93f5e1cde74c840995aef28da414be4baaeeaea513c84,e6b3998c46d8e323,88.45124104872984,16.82672557606031,3f56454eea6cbead,[],5.0,esp_017395_1700,['train'],2.0,Counter({'train': 2}),test,83aa4045df637967,True,development_corruption,1,C:\Users\deves\OneDrive\Desktop\Projects\TCMD-SS\data\raw\hirise_v3_2\map-proj-v3_2\ESP_017395_1700_RED-0007.jpg,development,patch_duplication,0.5,esp_017395_1700_red-0007_patch_duplication_0.5,0.2968883514404297,1.874112844467163,0.8785732984542847,0.37203612500002237
map-proj-v3_2/ESP_017395_1700_RED-0007.jpg,ok,,JPEG,227.0,227.0,L,1.0,1.0,normal,impact ejecta,train,esp_017395_1700_red-0007,[],7dfc497751a6f558f3252a98b48976160b85d7c401e6d0863748105422ca3bb7,e74b85e76d4dd0cf06b93f5e1cde74c840995aef28da414be4baaeeaea513c84,e6b3998c46d8e323,88.45124104872984,16.82672557606031,3f56454eea6cbead,[],5.0,esp_017395_1700,['train'],2.0,Counter({'train': 2}),test,83aa4045df637967,True,development_corruption,1,C:\Users\deves\OneDrive\Desktop\Projects\TCMD-SS\data\raw\hirise_v3_2\map-proj-v3_2\ESP_017395_1700_RED-0007.jpg,development,foreign_content,0.15,esp_017395_1700_red-0007_foreign_content_0.15,0.293197900056839,2.6144614219665527,0.8478525876998901,0.37203612500002237
map-proj-v3_2/ESP_017395_1700_RED-0007.jpg,ok,,JPEG,227.0,227.0,L,1.0,1.0,normal,impact ejecta,train,esp_017395_1700_red-0007,[],7dfc497751a6f558f3252a98b48976160b85d7c401e6d0863748105422ca3bb7,e74b85e76d4dd0cf06b93f5e1cde74c840995aef28da414be4baaeeaea513c84,e6b3998c46d8e323,88.45124104872984,16.82672557606031,3f56454eea6cbead,[],5.0,esp_017395_1700,['train'],2.0,Counter({'train': 2}),test,83aa4045df637967,True,development_corruption,1,C:\Users\deves\OneDrive\Desktop\Projects\TCMD-SS\data\raw\hirise_v3_2\map-proj-v3_2\ESP_017395_1700_RED-0007.jpg,development,foreign_content,0.3,esp_017395_1700_red-0007_foreign_content_0.3,0.3087159991264343,2.7602574825286865,0.8948878645896912,0.362837774999889
map-proj-v3_2/ESP_017395_1700_RED-0007.jpg,ok,,JPEG,227.0,227.0,L,1.0,1.0,normal,impact ejecta,train,esp_017395_1700_red-0007,[],7dfc497751a6f558f3252a98b48976160b85d7c401e6d0863748105422ca3bb7,e74b85e76d4dd0cf06b93f5e1cde74c840995aef28da414be4baaeeaea513c84,e6b3998c46d8e323,88.45124104872984,16.82672557606031,3f56454eea6cbead,[],5.0,esp_017395_1700,['train'],2.0,Counter({'train': 2}),test,83aa4045df637967,True,development_corruption,1,C:\Users\deves\OneDrive\Desktop\Projects\TCMD-SS\data\raw\hirise_v3_2\map-proj-v3_2\ESP_017395_1700_RED-0007.jpg,development,foreign_content,0.5,esp_017395_1700_red-0007_foreign_content_0.5,0.3737514317035675,3.7450432777404785,0.9353526830673218,0.362837774999889
map-proj-v3_2/ESP_012057_0950_RED-0111.jpg,ok,,JPEG,227.0,227.0,L,1.0,1.0,normal,swiss cheese,val,esp_012057_0950_red-0111,[],777c6feedbdf02c216b609395bf0a4caa7e338731a7bd976341ae0cd67aadff5,1c1addd7d362920c5761e01c4505436137d128d2598b58d7e2a874cfeaf75383,a2010927337b6df7,123.44019872304916,11.718805226620647,2b311305bd22a0c3,[],6.0,esp_012057_0950,['val'],2.0,Counter({'val': 2}),test,a77165d00d1fed49,True,hirise_clean,0,C:\Users\deves\OneDrive\Desktop\Projects\TCMD-SS\data\raw\hirise_v3_2\map-proj-v3_2\ESP_012057_0950_RED-0111.jpg,development,clean,0.0,esp_012057_0950_red-0111_clean,0.2857097387313843,2.8970046043395996,0.6361809372901917,0.362837774999889
map-proj-v3_2/ESP_012057_0950_RED-0111.jpg,ok,,JPEG,227.0,227.0,L,1.0,1.0,normal,swiss cheese,val,esp_012057_0950_red-0111,[],777c6feedbdf02c216b609395bf0a4caa7e338731a7bd976341ae0cd67aadff5,1c1addd7d362920c5761e01c4505436137d128d2598b58d7e2a874cfeaf75383,a2010927337b6df7,123.44019872304916,11.718805226620647,2b311305bd22a0c3,[],6.0,esp_012057_0950,['val'],2.0,Counter({'val': 2}),test,a77165d00d1fed49,True,development_corruption,1,C:\Users\deves\OneDrive\Desktop\Projects\TCMD-SS\data\raw\hirise_v3_2\map-proj-v3_2\ESP_012057_0950_RED-0111.jpg,development,stripes,0.15,esp_012057_0950_red-0111_stripes_0.15,0.28769585490226746,2.22872257232666,0.6562829613685608,0.362837774999889
map-proj-v3_2/ESP_012057_0950_RED-0111.jpg,ok,,JPEG,227.0,227.0,L,1.0,1.0,normal,swiss cheese,val,esp_012057_0950_red-0111,[],777c6feedbdf02c216b609395bf0a4caa7e338731a7bd976341ae0cd67aadff5,1c1addd7d362920c5761e01c4505436137d128d2598b58d7e2a874cfeaf75383,a2010927337b6df7,123.44019872304916,11.718805226620647,2b311305bd22a0c3,[],6.0,esp_012057_0950,['val'],2.0,Counter({'val': 2}),test,a77165d00d1fed49,True,development_corruption,1,C:\Users\deves\OneDrive\Desktop\Projects\TCMD-SS\data\raw\hirise_v3_2\map-proj-v3_2\ESP_012057_0950_RED-0111.jpg,development,stripes,0.3,esp_012057_0950_red-0111_stripes_0.3,0.29628804326057434,1.4835535287857056,1.3266443014144897,0.37168975000008686
map-proj-v3_2/ESP_012057_0950_RED-0111.jpg,ok,,JPEG,227.0,227.0,L,1.0,1.0,normal,swiss cheese,val,esp_012057_0950_red-0111,[],777c6feedbdf02c216b609395bf0a4caa7e338731a7bd976341ae0cd67aadff5,1c1addd7d362920c5761e01c4505436137d128d2598b58d7e2a874cfeaf75383,a2010927337b6df7,123.44019872304916,11.718805226620647,2b311305bd22a0c3,[],6.0,esp_012057_0950,['val'],2.0,Counter({'val': 2}),test,a77165d00d1fed49,True,development_corruption,1,C:\Users\deves\OneDrive\Desktop\Projects\TCMD-SS\data\raw\hirise_v3_2\map-proj-v3_2\ESP_012057_0950_RED-0111.jpg,development,stripes,0.5,esp_012057_0950_red-0111_stripes_0.5,0.31642645597457886,0.8549554944038391,2.195483922958374,0.37168975000008686
map-proj-v3_2/ESP_012057_0950_RED-0111.jpg,ok,,JPEG,227.0,227.0,L,1.0,1.0,normal,swiss cheese,val,esp_012057_0950_red-0111,[],777c6feedbdf02c216b609395bf0a4caa7e338731a7bd976341ae0cd67aadff5,1c1addd7d362920c5761e01c4505436137d128d2598b58d7e2a874cfeaf75383,a2010927337b6df7,123.44019872304916,11.718805226620647,2b311305bd22a0c3,[],6.0,esp_012057_0950,['val'],2.0,Counter({'val': 2}),test,a77165d00d1fed49,True,development_corruption,1,C:\Users\deves\OneDrive\Desktop\Projects\TCMD-SS\data\raw\hirise_v3_2\map-proj-v3_2\ESP_012057_0950_RED-0111.jpg,development,dead_pixels,0.15,esp_012057_0950_red-0111_dead_pixels_0.15,0.4656725823879242,2.5451083183288574,0.6531291604042053,0.37168975000008686
map-proj-v3_2/ESP_012057_0950_RED-0111.jpg,ok,,JPEG,227.0,227.0,L,1.0,1.0,normal,swiss cheese,val,esp_012057_0950_red-0111,[],777c6feedbdf02c216b609395bf0a4caa7e338731a7bd976341ae0cd67aadff5,1c1addd7d362920c5761e01c4505436137d128d2598b58d7e2a874cfeaf75383,a2010927337b6df7,123.44019872304916,11.718805226620647,2b311305bd22a0c3,[],6.0,esp_012057_0950,['val'],2.0,Counter({'val': 2}),test,a77165d00d1fed49,True,development_corruption,1,C:\Users\deves\OneDrive\Desktop\Projects\TCMD-SS\data\raw\hirise_v3_2\map-proj-v3_2\ESP_012057_0950_RED-0111.jpg,development,dead_pixels,0.3,esp_012057_0950_red-0111_dead_pixels_0.3,0.4775828719139099,2.9982681274414062,0.655363142490387,0.37168975000008686
map-proj-v3_2/ESP_012057_0950_RED-0111.jpg,ok,,JPEG,227.0,227.0,L,1.0,1.0,normal,swiss cheese,val,esp_012057_0950_red-0111,[],777c6feedbdf02c216b609395bf0a4caa7e338731a7bd976341ae0cd67aadff5,1c1addd7d362920c5761e01c4505436137d128d2598b58d7e2a874cfeaf75383,a2010927337b6df7,123.44019872304916,11.718805226620647,2b311305bd22a0c3,[],6.0,esp_012057_0950,['val'],2.0,Counter({'val': 2}),test,a77165d00d1fed49,True,development_corruption,1,C:\Users\deves\OneDrive\Desktop\Projects\TCMD-SS\data\raw\hirise_v3_2\map-proj-v3_2\ESP_012057_0950_RED-0111.jpg,development,dead_pixels,0.5,esp_012057_0950_red-0111_dead_pixels_0.5,0.4999738037586212,2.14203143119812,0.7322000861167908,0.36619934999998804
map-proj-v3_2/ESP_012057_0950_RED-0111.jpg,ok,,JPEG,227.0,227.0,L,1.0,1.0,normal,swiss cheese,val,esp_012057_0950_red-0111,[],777c6feedbdf02c216b609395bf0a4caa7e338731a7bd976341ae0cd67aadff5,1c1addd7d362920c5761e01c4505436137d128d2598b58d7e2a874cfeaf75383,a2010927337b6df7,123.44019872304916,11.718805226620647,2b311305bd22a0c3,[],6.0,esp_012057_0950,['val'],2.0,Counter({'val': 2}),test,a77165d00d1fed49,True,development_corruption,1,C:\Users\deves\OneDrive\Desktop\Projects\TCMD-SS\data\raw\hirise_v3_2\map-proj-v3_2\ESP_012057_0950_RED-0111.jpg,development,missing_patch,0.15,esp_012057_0950_red-0111_missing_patch_0.15,0.3803938329219818,2.941964864730835,0.6517061591148376,0.36619934999998804
map-proj-v3_2/ESP_012057_0950_RED-0111.jpg,ok,,JPEG,227.0,227.0,L,1.0,1.0,normal,swiss cheese,val,esp_012057_0950_red-0111,[],777c6feedbdf02c216b609395bf0a4caa7e338731a7bd976341ae0cd67aadff5,1c1addd7d362920c5761e01c4505436137d128d2598b58d7e2a874cfeaf75383,a2010927337b6df7,123.44019872304916,11.718805226620647,2b311305bd22a0c3,[],6.0,esp_012057_0950,['val'],2.0,Counter({'val': 2}),test,a77165d00d1fed49,True,development_corruption,1,C:\Users\deves\OneDrive\Desktop\Projects\TCMD-SS\data\raw\hirise_v3_2\map-proj-v3_2\ESP_012057_0950_RED-0111.jpg,development,missing_patch,0.3,esp_012057_0950_red-0111_missing_patch_0.3,0.4247162938117981,3.00003719329834,0.6208021640777588,0.36619934999998804
map-proj-v3_2/ESP_012057_0950_RED-0111.jpg,ok,,JPEG,227.0,227.0,L,1.0,1.0,normal,swiss cheese,val,esp_012057_0950_red-0111,[],777c6feedbdf02c216b609395bf0a4caa7e338731a7bd976341ae0cd67aadff5,1c1addd7d362920c5761e01c4505436137d128d2598b58d7e2a874cfeaf75383,a2010927337b6df7,123.44019872304916,11.718805226620647,2b311305bd22a0c3,[],6.0,esp_012057_0950,['val'],2.0,Counter({'val': 2}),test,a77165d00d1fed49,True,development_corruption,1,C:\Users\deves\OneDrive\Desktop\Projects\TCMD-SS\data\raw\hirise_v3_2\map-proj-v3_2\ESP_012057_0950_RED-0111.jpg,development,missing_patch,0.5,esp_012057_0950_red-0111_missing_patch_0.5,0.37024301290512085,3.932258367538452,1.0851120948791504,0.36619934999998804
map-proj-v3_2/ESP_012057_0950_RED-0111.jpg,ok,,JPEG,227.0,227.0,L,1.0,1.0,normal,swiss cheese,val,esp_012057_0950_red-0111,[],777c6feedbdf02c216b609395bf0a4caa7e338731a7bd976341ae0cd67aadff5,1c1addd7d362920c5761e01c4505436137d128d2598b58d7e2a874cfeaf75383,a2010927337b6df7,123.44019872304916,11.718805226620647,2b311305bd22a0c3,[],6.0,esp_012057_0950,['val'],2.0,Counter({'val': 2}),test,a77165d00d1fed49,True,development_corruption,1,C:\Users\deves\OneDrive\Desktop\Projects\TCMD-SS\data\raw\hirise_v3_2\map-proj-v3_2\ESP_012057_0950_RED-0111.jpg,development,local_blur,0.15,esp_012057_0950_red-0111_local_blur_0.15,0.2856897711753845,2.8965485095977783,0.63631671667099,0.3784586499998568
map-proj-v3_2/ESP_012057_0950_RED-0111.jpg,ok,,JPEG,227.0,227.0,L,1.0,1.0,normal,swiss cheese,val,esp_012057_0950_red-0111,[],777c6feedbdf02c216b609395bf0a4caa7e338731a7bd976341ae0cd67aadff5,1c1addd7d362920c5761e01c4505436137d128d2598b58d7e2a874cfeaf75383,a2010927337b6df7,123.44019872304916,11.718805226620647,2b311305bd22a0c3,[],6.0,esp_012057_0950,['val'],2.0,Counter({'val': 2}),test,a77165d00d1fed49,True,development_corruption,1,C:\Users\deves\OneDrive\Desktop\Projects\TCMD-SS\data\raw\hirise_v3_2\map-proj-v3_2\ESP_012057_0950_RED-0111.jpg,development,local_blur,0.3,esp_012057_0950_red-0111_local_blur_0.3,0.285658061504364,2.896414279937744,0.637058675289154,0.3784586499998568
map-proj-v3_2/ESP_012057_0950_RED-0111.jpg,ok,,JPEG,227.0,227.0,L,1.0,1.0,normal,swiss cheese,val,esp_012057_0950_red-0111,[],777c6feedbdf02c216b609395bf0a4caa7e338731a7bd976341ae0cd67aadff5,1c1addd7d362920c5761e01c4505436137d128d2598b58d7e2a874cfeaf75383,a2010927337b6df7,123.44019872304916,11.718805226620647,2b311305bd22a0c3,[],6.0,esp_012057_0950,['val'],2.0,Counter({'val': 2}),test,a77165d00d1fed49,True,development_corruption,1,C:\Users\deves\OneDrive\Desktop\Projects\TCMD-SS\data\raw\hirise_v3_2\map-proj-v3_2\ESP_012057_0950_RED-0111.jpg,development,local_blur,0.5,esp_012057_0950_red-0111_local_blur_0.5,0.28561970591545105,2.8965070247650146,0.6387259364128113,0.3784586499998568
map-proj-v3_2/ESP_012057_0950_RED-0111.jpg,ok,,JPEG,227.0,227.0,L,1.0,1.0,normal,swiss cheese,val,esp_012057_0950_red-0111,[],777c6feedbdf02c216b609395bf0a4caa7e338731a7bd976341ae0cd67aadff5,1c1addd7d362920c5761e01c4505436137d128d2598b58d7e2a874cfeaf75383,a2010927337b6df7,123.44019872304916,11.718805226620647,2b311305bd22a0c3,[],6.0,esp_012057_0950,['val'],2.0,Counter({'val': 2}),test,a77165d00d1fed49,True,development_corruption,1,C:\Users\deves\OneDrive\Desktop\Projects\TCMD-SS\data\raw\hirise_v3_2\map-proj-v3_2\ESP_012057_0950_RED-0111.jpg,development,patch_duplication,0.15,esp_012057_0950_red-0111_patch_duplication_0.15,0.28945767879486084,2.619452476501465,0.6321806311607361,0.3784586499998568
map-proj-v3_2/ESP_012057_0950_RED-0111.jpg,ok,,JPEG,227.0,227.0,L,1.0,1.0,normal,swiss cheese,val,esp_012057_0950_red-0111,[],777c6feedbdf02c216b609395bf0a4caa7e338731a7bd976341ae0cd67aadff5,1c1addd7d362920c5761e01c4505436137d128d2598b58d7e2a874cfeaf75383,a2010927337b6df7,123.44019872304916,11.718805226620647,2b311305bd22a0c3,[],6.0,esp_012057_0950,['val'],2.0,Counter({'val': 2}),test,a77165d00d1fed49,True,development_corruption,1,C:\Users\deves\OneDrive\Desktop\Projects\TCMD-SS\data\raw\hirise_v3_2\map-proj-v3_2\ESP_012057_0950_RED-0111.jpg,development,patch_duplication,0.3,esp_012057_0950_red-0111_patch_duplication_0.3,0.2886994183063507,2.4270591735839844,0.6286118030548096,0.38701897499981897
map-proj-v3_2/ESP_012057_0950_RED-0111.jpg,ok,,JPEG,227.0,227.0,L,1.0,1.0,normal,swiss cheese,val,esp_012057_0950_red-0111,[],777c6feedbdf02c216b609395bf0a4caa7e338731a7bd976341ae0cd67aadff5,1c1addd7d362920c5761e01c4505436137d128d2598b58d7e2a874cfeaf75383,a2010927337b6df7,123.44019872304916,11.718805226620647,2b311305bd22a0c3,[],6.0,esp_012057_0950,['val'],2.0,Counter({'val': 2}),test,a77165d00d1fed49,True,development_corruption,1,C:\Users\deves\OneDrive\Desktop\Projects\TCMD-SS\data\raw\hirise_v3_2\map-proj-v3_2\ESP_012057_0950_RED-0111.jpg,development,patch_duplication,0.5,esp_012057_0950_red-0111_patch_duplication_0.5,0.288058340549469,2.4405150413513184,0.5901166796684265,0.38701897499981897
map-proj-v3_2/ESP_012057_0950_RED-0111.jpg,ok,,JPEG,227.0,227.0,L,1.0,1.0,normal,swiss cheese,val,esp_012057_0950_red-0111,[],777c6feedbdf02c216b609395bf0a4caa7e338731a7bd976341ae0cd67aadff5,1c1addd7d362920c5761e01c4505436137d128d2598b58d7e2a874cfeaf75383,a2010927337b6df7,123.44019872304916,11.718805226620647,2b311305bd22a0c3,[],6.0,esp_012057_0950,['val'],2.0,Counter({'val': 2}),test,a77165d00d1fed49,True,development_corruption,1,C:\Users\deves\OneDrive\Desktop\Projects\TCMD-SS\data\raw\hirise_v3_2\map-proj-v3_2\ESP_012057_0950_RED-0111.jpg,development,foreign_content,0.15,esp_012057_0950_red-0111_foreign_content_0.15,0.28903254866600037,2.939832925796509,0.6477031111717224,0.38701897499981897
map-proj-v3_2/ESP_012057_0950_RED-0111.jpg,ok,,JPEG,227.0,227.0,L,1.0,1.0,normal,swiss cheese,val,esp_012057_0950_red-0111,[],777c6feedbdf02c216b609395bf0a4caa7e338731a7bd976341ae0cd67aadff5,1c1addd7d362920c5761e01c4505436137d128d2598b58d7e2a874cfeaf75383,a2010927337b6df7,123.44019872304916,11.718805226620647,2b311305bd22a0c3,[],6.0,esp_012057_0950,['val'],2.0,Counter({'val': 2}),test,a77165d00d1fed49,True,development_corruption,1,C:\Users\deves\OneDrive\Desktop\Projects\TCMD-SS\data\raw\hirise_v3_2\map-proj-v3_2\ESP_012057_0950_RED-0111.jpg,development,foreign_content,0.3,esp_012057_0950_red-0111_foreign_content_0.3,0.30531397461891174,3.074490785598755,0.6470579504966736,0.38701897499981897
map-proj-v3_2/ESP_012057_0950_RED-0111.jpg,ok,,JPEG,227.0,227.0,L,1.0,1.0,normal,swiss cheese,val,esp_012057_0950_red-0111,[],777c6feedbdf02c216b609395bf0a4caa7e338731a7bd976341ae0cd67aadff5,1c1addd7d362920c5761e01c4505436137d128d2598b58d7e2a874cfeaf75383,a2010927337b6df7,123.44019872304916,11.718805226620647,2b311305bd22a0c3,[],6.0,esp_012057_0950,['val'],2.0,Counter({'val': 2}),test,a77165d00d1fed49,True,development_corruption,1,C:\Users\deves\OneDrive\Desktop\Projects\TCMD-SS\data\raw\hirise_v3_2\map-proj-v3_2\ESP_012057_0950_RED-0111.jpg,development,foreign_content,0.5,esp_012057_0950_red-0111_foreign_content_0.5,0.3643527328968048,3.6842329502105713,0.7668262124061584,0.3701008999998976
map-proj-v3_2/ESP_049651_1050_RED-0070.jpg,ok,,JPEG,227.0,227.0,L,1.0,1.0,normal,spider,train,esp_049651_1050_red-0070,[],7e6cd3d22e79ac4535e9e2d6cf1ad535fbfd5916e12b4654ff4de42d15e30d09,7208a42df3d9673c13da4502f05be899874f05606cd39bc000009f36dac3e4cc,a934cb3763a69a38,152.42752624735587,15.582734888143534,3b6db7d58330cc86,[],7.0,esp_049651_1050,['train'],1.0,Counter({'train': 1}),test,3aa2a227e3baa339,True,hirise_clean,0,C:\Users\deves\OneDrive\Desktop\Projects\TCMD-SS\data\raw\hirise_v3_2\map-proj-v3_2\ESP_049651_1050_RED-0070.jpg,development,clean,0.0,esp_049651_1050_red-0070_clean,0.3284749984741211,0.8413741588592529,0.3786206543445587,0.3701008999998976
map-proj-v3_2/ESP_049651_1050_RED-0070.jpg,ok,,JPEG,227.0,227.0,L,1.0,1.0,normal,spider,train,esp_049651_1050_red-0070,[],7e6cd3d22e79ac4535e9e2d6cf1ad535fbfd5916e12b4654ff4de42d15e30d09,7208a42df3d9673c13da4502f05be899874f05606cd39bc000009f36dac3e4cc,a934cb3763a69a38,152.42752624735587,15.582734888143534,3b6db7d58330cc86,[],7.0,esp_049651_1050,['train'],1.0,Counter({'train': 1}),test,3aa2a227e3baa339,True,development_corruption,1,C:\Users\deves\OneDrive\Desktop\Projects\TCMD-SS\data\raw\hirise_v3_2\map-proj-v3_2\ESP_049651_1050_RED-0070.jpg,development,stripes,0.15,esp_049651_1050_red-0070_stripes_0.15,0.3342228829860687,0.7854083776473999,0.5835794806480408,0.3701008999998976
map-proj-v3_2/ESP_049651_1050_RED-0070.jpg,ok,,JPEG,227.0,227.0,L,1.0,1.0,normal,spider,train,esp_049651_1050_red-0070,[],7e6cd3d22e79ac4535e9e2d6cf1ad535fbfd5916e12b4654ff4de42d15e30d09,7208a42df3d9673c13da4502f05be899874f05606cd39bc000009f36dac3e4cc,a934cb3763a69a38,152.42752624735587,15.582734888143534,3b6db7d58330cc86,[],7.0,esp_049651_1050,['train'],1.0,Counter({'train': 1}),test,3aa2a227e3baa339,True,development_corruption,1,C:\Users\deves\OneDrive\Desktop\Projects\TCMD-SS\data\raw\hirise_v3_2\map-proj-v3_2\ESP_049651_1050_RED-0070.jpg,development,stripes,0.3,esp_049651_1050_red-0070_stripes_0.3,0.3457576632499695,0.7032716274261475,1.369888186454773,0.3701008999998976
map-proj-v3_2/ESP_049651_1050_RED-0070.jpg,ok,,JPEG,227.0,227.0,L,1.0,1.0,normal,spider,train,esp_049651_1050_red-0070,[],7e6cd3d22e79ac4535e9e2d6cf1ad535fbfd5916e12b4654ff4de42d15e30d09,7208a42df3d9673c13da4502f05be899874f05606cd39bc000009f36dac3e4cc,a934cb3763a69a38,152.42752624735587,15.582734888143534,3b6db7d58330cc86,[],7.0,esp_049651_1050,['train'],1.0,Counter({'train': 1}),test,3aa2a227e3baa339,True,development_corruption,1,C:\Users\deves\OneDrive\Desktop\Projects\TCMD-SS\data\raw\hirise_v3_2\map-proj-v3_2\ESP_049651_1050_RED-0070.jpg,development,stripes,0.5,esp_049651_1050_red-0070_stripes_0.5,0.3696153461933136,0.6413865685462952,2.2197630405426025,0.376759550000088
map-proj-v3_2/ESP_049651_1050_RED-0070.jpg,ok,,JPEG,227.0,227.0,L,1.0,1.0,normal,spider,train,esp_049651_1050_red-0070,[],7e6cd3d22e79ac4535e9e2d6cf1ad535fbfd5916e12b4654ff4de42d15e30d09,7208a42df3d9673c13da4502f05be899874f05606cd39bc000009f36dac3e4cc,a934cb3763a69a38,152.42752624735587,15.582734888143534,3b6db7d58330cc86,[],7.0,esp_049651_1050,['train'],1.0,Counter({'train': 1}),test,3aa2a227e3baa339,True,development_corruption,1,C:\Users\deves\OneDrive\Desktop\Projects\TCMD-SS\data\raw\hirise_v3_2\map-proj-v3_2\ESP_049651_1050_RED-0070.jpg,development,dead_pixels,0.15,esp_049651_1050_red-0070_dead_pixels_0.15,0.42068973183631897,0.6629863381385803,0.3757530748844147,0.376759550000088
map-proj-v3_2/ESP_049651_1050_RED-0070.jpg,ok,,JPEG,227.0,227.0,L,1.0,1.0,normal,spider,train,esp_049651_1050_red-0070,[],7e6cd3d22e79ac4535e9e2d6cf1ad535fbfd5916e12b4654ff4de42d15e30d09,7208a42df3d9673c13da4502f05be899874f05606cd39bc000009f36dac3e4cc,a934cb3763a69a38,152.42752624735587,15.582734888143534,3b6db7d58330cc86,[],7.0,esp_049651_1050,['train'],1.0,Counter({'train': 1}),test,3aa2a227e3baa339,True,development_corruption,1,C:\Users\deves\OneDrive\Desktop\Projects\TCMD-SS\data\raw\hirise_v3_2\map-proj-v3_2\ESP_049651_1050_RED-0070.jpg,development,dead_pixels,0.3,esp_049651_1050_red-0070_dead_pixels_0.3,0.4545530676841736,0.8076428174972534,0.3638794720172882,0.376759550000088
map-proj-v3_2/ESP_049651_1050_RED-0070.jpg,ok,,JPEG,227.0,227.0,L,1.0,1.0,normal,spider,train,esp_049651_1050_red-0070,[],7e6cd3d22e79ac4535e9e2d6cf1ad535fbfd5916e12b4654ff4de42d15e30d09,7208a42df3d9673c13da4502f05be899874f05606cd39bc000009f36dac3e4cc,a934cb3763a69a38,152.42752624735587,15.582734888143534,3b6db7d58330cc86,[],7.0,esp_049651_1050,['train'],1.0,Counter({'train': 1}),test,3aa2a227e3baa339,True,development_corruption,1,C:\Users\deves\OneDrive\Desktop\Projects\TCMD-SS\data\raw\hirise_v3_2\map-proj-v3_2\ESP_049651_1050_RED-0070.jpg,development,dead_pixels,0.5,esp_049651_1050_red-0070_dead_pixels_0.5,0.4820988178253174,0.7862502932548523,0.3568040132522583,0.376759550000088
map-proj-v3_2/ESP_049651_1050_RED-0070.jpg,ok,,JPEG,227.0,227.0,L,1.0,1.0,normal,spider,train,esp_049651_1050_red-0070,[],7e6cd3d22e79ac4535e9e2d6cf1ad535fbfd5916e12b4654ff4de42d15e30d09,7208a42df3d9673c13da4502f05be899874f05606cd39bc000009f36dac3e4cc,a934cb3763a69a38,152.42752624735587,15.582734888143534,3b6db7d58330cc86,[],7.0,esp_049651_1050,['train'],1.0,Counter({'train': 1}),test,3aa2a227e3baa339,True,development_corruption,1,C:\Users\deves\OneDrive\Desktop\Projects\TCMD-SS\data\raw\hirise_v3_2\map-proj-v3_2\ESP_049651_1050_RED-0070.jpg,development,missing_patch,0.15,esp_049651_1050_red-0070_missing_patch_0.15,0.43511301279067993,1.877709984779358,0.6771714687347412,0.3893542000000707
map-proj-v3_2/ESP_049651_1050_RED-0070.jpg,ok,,JPEG,227.0,227.0,L,1.0,1.0,normal,spider,train,esp_049651_1050_red-0070,[],7e6cd3d22e79ac4535e9e2d6cf1ad535fbfd5916e12b4654ff4de42d15e30d09,7208a42df3d9673c13da4502f05be899874f05606cd39bc000009f36dac3e4cc,a934cb3763a69a38,152.42752624735587,15.582734888143534,3b6db7d58330cc86,[],7.0,esp_049651_1050,['train'],1.0,Counter({'train': 1}),test,3aa2a227e3baa339,True,development_corruption,1,C:\Users\deves\OneDrive\Desktop\Projects\TCMD-SS\data\raw\hirise_v3_2\map-proj-v3_2\ESP_049651_1050_RED-0070.jpg,development,missing_patch,0.3,esp_049651_1050_red-0070_missing_patch_0.3,0.4289015531539917,3.6044623851776123,1.1060422658920288,0.3893542000000707
map-proj-v3_2/ESP_049651_1050_RED-0070.jpg,ok,,JPEG,227.0,227.0,L,1.0,1.0,normal,spider,train,esp_049651_1050_red-0070,[],7e6cd3d22e79ac4535e9e2d6cf1ad535fbfd5916e12b4654ff4de42d15e30d09,7208a42df3d9673c13da4502f05be899874f05606cd39bc000009f36dac3e4cc,a934cb3763a69a38,152.42752624735587,15.582734888143534,3b6db7d58330cc86,[],7.0,esp_049651_1050,['train'],1.0,Counter({'train': 1}),test,3aa2a227e3baa339,True,development_corruption,1,C:\Users\deves\OneDrive\Desktop\Projects\TCMD-SS\data\raw\hirise_v3_2\map-proj-v3_2\ESP_049651_1050_RED-0070.jpg,development,missing_patch,0.5,esp_049651_1050_red-0070_missing_patch_0.5,0.5253574848175049,3.7367522716522217,1.544352412223816,0.3893542000000707
map-proj-v3_2/ESP_049651_1050_RED-0070.jpg,ok,,JPEG,227.0,227.0,L,1.0,1.0,normal,spider,train,esp_049651_1050_red-0070,[],7e6cd3d22e79ac4535e9e2d6cf1ad535fbfd5916e12b4654ff4de42d15e30d09,7208a42df3d9673c13da4502f05be899874f05606cd39bc000009f36dac3e4cc,a934cb3763a69a38,152.42752624735587,15.582734888143534,3b6db7d58330cc86,[],7.0,esp_049651_1050,['train'],1.0,Counter({'train': 1}),test,3aa2a227e3baa339,True,development_corruption,1,C:\Users\deves\OneDrive\Desktop\Projects\TCMD-SS\data\raw\hirise_v3_2\map-proj-v3_2\ESP_049651_1050_RED-0070.jpg,development,local_blur,0.15,esp_049651_1050_red-0070_local_blur_0.15,0.3233635425567627,3.226125478744507,0.3798255920410156,0.3893542000000707
map-proj-v3_2/ESP_049651_1050_RED-0070.jpg,ok,,JPEG,227.0,227.0,L,1.0,1.0,normal,spider,train,esp_049651_1050_red-0070,[],7e6cd3d22e79ac4535e9e2d6cf1ad535fbfd5916e12b4654ff4de42d15e30d09,7208a42df3d9673c13da4502f05be899874f05606cd39bc000009f36dac3e4cc,a934cb3763a69a38,152.42752624735587,15.582734888143534,3b6db7d58330cc86,[],7.0,esp_049651_1050,['train'],1.0,Counter({'train': 1}),test,3aa2a227e3baa339,True,development_corruption,1,C:\Users\deves\OneDrive\Desktop\Projects\TCMD-SS\data\raw\hirise_v3_2\map-proj-v3_2\ESP_049651_1050_RED-0070.jpg,development,local_blur,0.3,esp_049651_1050_red-0070_local_blur_0.3,0.3219616413116455,3.5476315021514893,0.3929344117641449,0.38698935000002166
map-proj-v3_2/ESP_049651_1050_RED-0070.jpg,ok,,JPEG,227.0,227.0,L,1.0,1.0,normal,spider,train,esp_049651_1050_red-0070,[],7e6cd3d22e79ac4535e9e2d6cf1ad535fbfd5916e12b4654ff4de42d15e30d09,7208a42df3d9673c13da4502f05be899874f05606cd39bc000009f36dac3e4cc,a934cb3763a69a38,152.42752624735587,15.582734888143534,3b6db7d58330cc86,[],7.0,esp_049651_1050,['train'],1.0,Counter({'train': 1}),test,3aa2a227e3baa339,True,development_corruption,1,C:\Users\deves\OneDrive\Desktop\Projects\TCMD-SS\data\raw\hirise_v3_2\map-proj-v3_2\ESP_049651_1050_RED-0070.jpg,development,local_blur,0.5,esp_049651_1050_red-0070_local_blur_0.5,0.31919625401496887,3.560896873474121,0.4152972102165222,0.38698935000002166
map-proj-v3_2/ESP_049651_1050_RED-0070.jpg,ok,,JPEG,227.0,227.0,L,1.0,1.0,normal,spider,train,esp_049651_1050_red-0070,[],7e6cd3d22e79ac4535e9e2d6cf1ad535fbfd5916e12b4654ff4de42d15e30d09,7208a42df3d9673c13da4502f05be899874f05606cd39bc000009f36dac3e4cc,a934cb3763a69a38,152.42752624735587,15.582734888143534,3b6db7d58330cc86,[],7.0,esp_049651_1050,['train'],1.0,Counter({'train': 1}),test,3aa2a227e3baa339,True,development_corruption,1,C:\Users\deves\OneDrive\Desktop\Projects\TCMD-SS\data\raw\hirise_v3_2\map-proj-v3_2\ESP_049651_1050_RED-0070.jpg,development,patch_duplication,0.15,esp_049651_1050_red-0070_patch_duplication_0.15,0.32802292704582214,0.7332017421722412,0.3777458667755127,0.38698935000002166
map-proj-v3_2/ESP_049651_1050_RED-0070.jpg,ok,,JPEG,227.0,227.0,L,1.0,1.0,normal,spider,train,esp_049651_1050_red-0070,[],7e6cd3d22e79ac4535e9e2d6cf1ad535fbfd5916e12b4654ff4de42d15e30d09,7208a42df3d9673c13da4502f05be899874f05606cd39bc000009f36dac3e4cc,a934cb3763a69a38,152.42752624735587,15.582734888143534,3b6db7d58330cc86,[],7.0,esp_049651_1050,['train'],1.0,Counter({'train': 1}),test,3aa2a227e3baa339,True,development_corruption,1,C:\Users\deves\OneDrive\Desktop\Projects\TCMD-SS\data\raw\hirise_v3_2\map-proj-v3_2\ESP_049651_1050_RED-0070.jpg,development,patch_duplication,0.3,esp_049651_1050_red-0070_patch_duplication_0.3,0.3276067078113556,0.802298367023468,0.37789642810821533,0.38698935000002166
map-proj-v3_2/ESP_049651_1050_RED-0070.jpg,ok,,JPEG,227.0,227.0,L,1.0,1.0,normal,spider,train,esp_049651_1050_red-0070,[],7e6cd3d22e79ac4535e9e2d6cf1ad535fbfd5916e12b4654ff4de42d15e30d09,7208a42df3d9673c13da4502f05be899874f05606cd39bc000009f36dac3e4cc,a934cb3763a69a38,152.42752624735587,15.582734888143534,3b6db7d58330cc86,[],7.0,esp_049651_1050,['train'],1.0,Counter({'train': 1}),test,3aa2a227e3baa339,True,development_corruption,1,C:\Users\deves\OneDrive\Desktop\Projects\TCMD-SS\data\raw\hirise_v3_2\map-proj-v3_2\ESP_049651_1050_RED-0070.jpg,development,patch_duplication,0.5,esp_049651_1050_red-0070_patch_duplication_0.5,0.332657128572464,0.6665816903114319,0.4077034890651703,0.375467824999987
map-proj-v3_2/ESP_049651_1050_RED-0070.jpg,ok,,JPEG,227.0,227.0,L,1.0,1.0,normal,spider,train,esp_049651_1050_red-0070,[],7e6cd3d22e79ac4535e9e2d6cf1ad535fbfd5916e12b4654ff4de42d15e30d09,7208a42df3d9673c13da4502f05be899874f05606cd39bc000009f36dac3e4cc,a934cb3763a69a38,152.42752624735587,15.582734888143534,3b6db7d58330cc86,[],7.0,esp_049651_1050,['train'],1.0,Counter({'train': 1}),test,3aa2a227e3baa339,True,development_corruption,1,C:\Users\deves\OneDrive\Desktop\Projects\TCMD-SS\data\raw\hirise_v3_2\map-proj-v3_2\ESP_049651_1050_RED-0070.jpg,development,foreign_content,0.15,esp_049651_1050_red-0070_foreign_content_0.15,0.33000296354293823,0.9277810454368591,0.3761656880378723,0.375467824999987
map-proj-v3_2/ESP_049651_1050_RED-0070.jpg,ok,,JPEG,227.0,227.0,L,1.0,1.0,normal,spider,train,esp_049651_1050_red-0070,[],7e6cd3d22e79ac4535e9e2d6cf1ad535fbfd5916e12b4654ff4de42d15e30d09,7208a42df3d9673c13da4502f05be899874f05606cd39bc000009f36dac3e4cc,a934cb3763a69a38,152.42752624735587,15.582734888143534,3b6db7d58330cc86,[],7.0,esp_049651_1050,['train'],1.0,Counter({'train': 1}),test,3aa2a227e3baa339,True,development_corruption,1,C:\Users\deves\OneDrive\Desktop\Projects\TCMD-SS\data\raw\hirise_v3_2\map-proj-v3_2\ESP_049651_1050_RED-0070.jpg,development,foreign_content,0.3,esp_049651_1050_red-0070_foreign_content_0.3,0.3410584330558777,1.1718684434890747,0.37751808762550354,0.375467824999987
map-proj-v3_2/ESP_049651_1050_RED-0070.jpg,ok,,JPEG,227.0,227.0,L,1.0,1.0,normal,spider,train,esp_049651_1050_red-0070,[],7e6cd3d22e79ac4535e9e2d6cf1ad535fbfd5916e12b4654ff4de42d15e30d09,7208a42df3d9673c13da4502f05be899874f05606cd39bc000009f36dac3e4cc,a934cb3763a69a38,152.42752624735587,15.582734888143534,3b6db7d58330cc86,[],7.0,esp_049651_1050,['train'],1.0,Counter({'train': 1}),test,3aa2a227e3baa339,True,development_corruption,1,C:\Users\deves\OneDrive\Desktop\Projects\TCMD-SS\data\raw\hirise_v3_2\map-proj-v3_2\ESP_049651_1050_RED-0070.jpg,development,foreign_content,0.5,esp_049651_1050_red-0070_foreign_content_0.5,0.39743950963020325,2.001214027404785,0.4858997166156769,0.375467824999987
map-proj-v3_2/PSP_006766_1850_RED-0101.jpg,ok,,JPEG,227.0,227.0,L,1.0,1.0,normal,other,train,psp_006766_1850_red-0101,[],866b872da1e6fff5bd8b802fec51b9980fe4345604a0c6988011e9e4dc1e97fe,ab7ca80c75ff0c66563c1a06155462ca5313ad1cc7cff5e0d7973fcde29a9963,ca89315266a7bb5a,145.77205068990278,17.415268967982808,3e5859dcc22e00d5,[],0.0,psp_006766_1850,['train'],1.0,Counter({'train': 1}),test,ad1e3cd913b8aecb,True,hirise_clean,0,C:\Users\deves\OneDrive\Desktop\Projects\TCMD-SS\data\raw\hirise_v3_2\map-proj-v3_2\PSP_006766_1850_RED-0101.jpg,development,clean,0.0,psp_006766_1850_red-0101_clean,0.2761480510234833,1.656115174293518,0.6219871044158936,0.3734193000000232
map-proj-v3_2/PSP_006766_1850_RED-0101.jpg,ok,,JPEG,227.0,227.0,L,1.0,1.0,normal,other,train,psp_006766_1850_red-0101,[],866b872da1e6fff5bd8b802fec51b9980fe4345604a0c6988011e9e4dc1e97fe,ab7ca80c75ff0c66563c1a06155462ca5313ad1cc7cff5e0d7973fcde29a9963,ca89315266a7bb5a,145.77205068990278,17.415268967982808,3e5859dcc22e00d5,[],0.0,psp_006766_1850,['train'],1.0,Counter({'train': 1}),test,ad1e3cd913b8aecb,True,development_corruption,1,C:\Users\deves\OneDrive\Desktop\Projects\TCMD-SS\data\raw\hirise_v3_2\map-proj-v3_2\PSP_006766_1850_RED-0101.jpg,development,stripes,0.15,psp_006766_1850_red-0101_stripes_0.15,0.28282350301742554,1.3668426275253296,0.6134040951728821,0.3734193000000232
map-proj-v3_2/PSP_006766_1850_RED-0101.jpg,ok,,JPEG,227.0,227.0,L,1.0,1.0,normal,other,train,psp_006766_1850_red-0101,[],866b872da1e6fff5bd8b802fec51b9980fe4345604a0c6988011e9e4dc1e97fe,ab7ca80c75ff0c66563c1a06155462ca5313ad1cc7cff5e0d7973fcde29a9963,ca89315266a7bb5a,145.77205068990278,17.415268967982808,3e5859dcc22e00d5,[],0.0,psp_006766_1850,['train'],1.0,Counter({'train': 1}),test,ad1e3cd913b8aecb,True,development_corruption,1,C:\Users\deves\OneDrive\Desktop\Projects\TCMD-SS\data\raw\hirise_v3_2\map-proj-v3_2\PSP_006766_1850_RED-0101.jpg,development,stripes,0.3,psp_006766_1850_red-0101_stripes_0.3,0.300203412771225,1.032806396484375,1.4136255979537964,0.3734193000000232
map-proj-v3_2/PSP_006766_1850_RED-0101.jpg,ok,,JPEG,227.0,227.0,L,1.0,1.0,normal,other,train,psp_006766_1850_red-0101,[],866b872da1e6fff5bd8b802fec51b9980fe4345604a0c6988011e9e4dc1e97fe,ab7ca80c75ff0c66563c1a06155462ca5313ad1cc7cff5e0d7973fcde29a9963,ca89315266a7bb5a,145.77205068990278,17.415268967982808,3e5859dcc22e00d5,[],0.0,psp_006766_1850,['train'],1.0,Counter({'train': 1}),test,ad1e3cd913b8aecb,True,development_corruption,1,C:\Users\deves\OneDrive\Desktop\Projects\TCMD-SS\data\raw\hirise_v3_2\map-proj-v3_2\PSP_006766_1850_RED-0101.jpg,development,stripes,0.5,psp_006766_1850_red-0101_stripes_0.5,0.3257508873939514,0.7115508317947388,2.2037861347198486,0.3734193000000232
map-proj-v3_2/PSP_006766_1850_RED-0101.jpg,ok,,JPEG,227.0,227.0,L,1.0,1.0,normal,other,train,psp_006766_1850_red-0101,[],866b872da1e6fff5bd8b802fec51b9980fe4345604a0c6988011e9e4dc1e97fe,ab7ca80c75ff0c66563c1a06155462ca5313ad1cc7cff5e0d7973fcde29a9963,ca89315266a7bb5a,145.77205068990278,17.415268967982808,3e5859dcc22e00d5,[],0.0,psp_006766_1850,['train'],1.0,Counter({'train': 1}),test,ad1e3cd913b8aecb,True,development_corruption,1,C:\Users\deves\OneDrive\Desktop\Projects\TCMD-SS\data\raw\hirise_v3_2\map-proj-v3_2\PSP_006766_1850_RED-0101.jpg,development,dead_pixels,0.15,psp_006766_1850_red-0101_dead_pixels_0.15,0.4022705554962158,1.49590003490448,0.636137843132019,0.3732657000000472
map-proj-v3_2/PSP_006766_1850_RED-0101.jpg,ok,,JPEG,227.0,227.0,L,1.0,1.0,normal,other,train,psp_006766_1850_red-0101,[],866b872da1e6fff5bd8b802fec51b9980fe4345604a0c6988011e9e4dc1e97fe,ab7ca80c75ff0c66563c1a06155462ca5313ad1cc7cff5e0d7973fcde29a9963,ca89315266a7bb5a,145.77205068990278,17.415268967982808,3e5859dcc22e00d5,[],0.0,psp_006766_1850,['train'],1.0,Counter({'train': 1}),test,ad1e3cd913b8aecb,True,development_corruption,1,C:\Users\deves\OneDrive\Desktop\Projects\TCMD-SS\data\raw\hirise_v3_2\map-proj-v3_2\PSP_006766_1850_RED-0101.jpg,development,dead_pixels,0.3,psp_006766_1850_red-0101_dead_pixels_0.3,0.4685370922088623,1.5784565210342407,0.6486047506332397,0.3732657000000472
map-proj-v3_2/PSP_006766_1850_RED-0101.jpg,ok,,JPEG,227.0,227.0,L,1.0,1.0,normal,other,train,psp_006766_1850_red-0101,[],866b872da1e6fff5bd8b802fec51b9980fe4345604a0c6988011e9e4dc1e97fe,ab7ca80c75ff0c66563c1a06155462ca5313ad1cc7cff5e0d7973fcde29a9963,ca89315266a7bb5a,145.77205068990278,17.415268967982808,3e5859dcc22e00d5,[],0.0,psp_006766_1850,['train'],1.0,Counter({'train': 1}),test,ad1e3cd913b8aecb,True,development_corruption,1,C:\Users\deves\OneDrive\Desktop\Projects\TCMD-SS\data\raw\hirise_v3_2\map-proj-v3_2\PSP_006766_1850_RED-0101.jpg,development,dead_pixels,0.5,psp_006766_1850_red-0101_dead_pixels_0.5,0.4983471930027008,1.5558689832687378,0.6529632210731506,0.3732657000000472
map-proj-v3_2/PSP_006766_1850_RED-0101.jpg,ok,,JPEG,227.0,227.0,L,1.0,1.0,normal,other,train,psp_006766_1850_red-0101,[],866b872da1e6fff5bd8b802fec51b9980fe4345604a0c6988011e9e4dc1e97fe,ab7ca80c75ff0c66563c1a06155462ca5313ad1cc7cff5e0d7973fcde29a9963,ca89315266a7bb5a,145.77205068990278,17.415268967982808,3e5859dcc22e00d5,[],0.0,psp_006766_1850,['train'],1.0,Counter({'train': 1}),test,ad1e3cd913b8aecb,True,development_corruption,1,C:\Users\deves\OneDrive\Desktop\Projects\TCMD-SS\data\raw\hirise_v3_2\map-proj-v3_2\PSP_006766_1850_RED-0101.jpg,development,missing_patch,0.15,psp_006766_1850_red-0101_missing_patch_0.15,0.3288787603378296,1.750839352607727,0.6251738667488098,0.3732657000000472
map-proj-v3_2/PSP_006766_1850_RED-0101.jpg,ok,,JPEG,227.0,227.0,L,1.0,1.0,normal,other,train,psp_006766_1850_red-0101,[],866b872da1e6fff5bd8b802fec51b9980fe4345604a0c6988011e9e4dc1e97fe,ab7ca80c75ff0c66563c1a06155462ca5313ad1cc7cff5e0d7973fcde29a9963,ca89315266a7bb5a,145.77205068990278,17.415268967982808,3e5859dcc22e00d5,[],0.0,psp_006766_1850,['train'],1.0,Counter({'train': 1}),test,ad1e3cd913b8aecb,True,development_corruption,1,C:\Users\deves\OneDrive\Desktop\Projects\TCMD-SS\data\raw\hirise_v3_2\map-proj-v3_2\PSP_006766_1850_RED-0101.jpg,development,missing_patch,0.3,psp_006766_1850_red-0101_missing_patch_0.3,0.3779522776603699,2.4508514404296875,0.7900182008743286,0.38887207500010845
map-proj-v3_2/PSP_006766_1850_RED-0101.jpg,ok,,JPEG,227.0,227.0,L,1.0,1.0,normal,other,train,psp_006766_1850_red-0101,[],866b872da1e6fff5bd8b802fec51b9980fe4345604a0c6988011e9e4dc1e97fe,ab7ca80c75ff0c66563c1a06155462ca5313ad1cc7cff5e0d7973fcde29a9963,ca89315266a7bb5a,145.77205068990278,17.415268967982808,3e5859dcc22e00d5,[],0.0,psp_006766_1850,['train'],1.0,Counter({'train': 1}),test,ad1e3cd913b8aecb,True,development_corruption,1,C:\Users\deves\OneDrive\Desktop\Projects\TCMD-SS\data\raw\hirise_v3_2\map-proj-v3_2\PSP_006766_1850_RED-0101.jpg,development,missing_patch,0.5,psp_006766_1850_red-0101_missing_patch_0.5,0.3797197937965393,4.294376373291016,0.9540174007415771,0.38887207500010845
map-proj-v3_2/PSP_006766_1850_RED-0101.jpg,ok,,JPEG,227.0,227.0,L,1.0,1.0,normal,other,train,psp_006766_1850_red-0101,[],866b872da1e6fff5bd8b802fec51b9980fe4345604a0c6988011e9e4dc1e97fe,ab7ca80c75ff0c66563c1a06155462ca5313ad1cc7cff5e0d7973fcde29a9963,ca89315266a7bb5a,145.77205068990278,17.415268967982808,3e5859dcc22e00d5,[],0.0,psp_006766_1850,['train'],1.0,Counter({'train': 1}),test,ad1e3cd913b8aecb,True,development_corruption,1,C:\Users\deves\OneDrive\Desktop\Projects\TCMD-SS\data\raw\hirise_v3_2\map-proj-v3_2\PSP_006766_1850_RED-0101.jpg,development,local_blur,0.15,psp_006766_1850_red-0101_local_blur_0.15,0.27003636956214905,2.754257917404175,0.6180747151374817,0.38887207500010845
map-proj-v3_2/PSP_006766_1850_RED-0101.jpg,ok,,JPEG,227.0,227.0,L,1.0,1.0,normal,other,train,psp_006766_1850_red-0101,[],866b872da1e6fff5bd8b802fec51b9980fe4345604a0c6988011e9e4dc1e97fe,ab7ca80c75ff0c66563c1a06155462ca5313ad1cc7cff5e0d7973fcde29a9963,ca89315266a7bb5a,145.77205068990278,17.415268967982808,3e5859dcc22e00d5,[],0.0,psp_006766_1850,['train'],1.0,Counter({'train': 1}),test,ad1e3cd913b8aecb,True,development_corruption,1,C:\Users\deves\OneDrive\Desktop\Projects\TCMD-SS\data\raw\hirise_v3_2\map-proj-v3_2\PSP_006766_1850_RED-0101.jpg,development,local_blur,0.3,psp_006766_1850_red-0101_local_blur_0.3,0.26987719535827637,2.76975417137146,0.6184808015823364,0.38887207500010845
map-proj-v3_2/PSP_006766_1850_RED-0101.jpg,ok,,JPEG,227.0,227.0,L,1.0,1.0,normal,other,train,psp_006766_1850_red-0101,[],866b872da1e6fff5bd8b802fec51b9980fe4345604a0c6988011e9e4dc1e97fe,ab7ca80c75ff0c66563c1a06155462ca5313ad1cc7cff5e0d7973fcde29a9963,ca89315266a7bb5a,145.77205068990278,17.415268967982808,3e5859dcc22e00d5,[],0.0,psp_006766_1850,['train'],1.0,Counter({'train': 1}),test,ad1e3cd913b8aecb,True,development_corruption,1,C:\Users\deves\OneDrive\Desktop\Projects\TCMD-SS\data\raw\hirise_v3_2\map-proj-v3_2\PSP_006766_1850_RED-0101.jpg,development,local_blur,0.5,psp_006766_1850_red-0101_local_blur_0.5,0.26937782764434814,2.8261401653289795,0.6185890436172485,0.38621922499987704
map-proj-v3_2/PSP_006766_1850_RED-0101.jpg,ok,,JPEG,227.0,227.0,L,1.0,1.0,normal,other,train,psp_006766_1850_red-0101,[],866b872da1e6fff5bd8b802fec51b9980fe4345604a0c6988011e9e4dc1e97fe,ab7ca80c75ff0c66563c1a06155462ca5313ad1cc7cff5e0d7973fcde29a9963,ca89315266a7bb5a,145.77205068990278,17.415268967982808,3e5859dcc22e00d5,[],0.0,psp_006766_1850,['train'],1.0,Counter({'train': 1}),test,ad1e3cd913b8aecb,True,development_corruption,1,C:\Users\deves\OneDrive\Desktop\Projects\TCMD-SS\data\raw\hirise_v3_2\map-proj-v3_2\PSP_006766_1850_RED-0101.jpg,development,patch_duplication,0.15,psp_006766_1850_red-0101_patch_duplication_0.15,0.2762494683265686,1.546212077140808,0.6210194826126099,0.38621922499987704
map-proj-v3_2/PSP_006766_1850_RED-0101.jpg,ok,,JPEG,227.0,227.0,L,1.0,1.0,normal,other,train,psp_006766_1850_red-0101,[],866b872da1e6fff5bd8b802fec51b9980fe4345604a0c6988011e9e4dc1e97fe,ab7ca80c75ff0c66563c1a06155462ca5313ad1cc7cff5e0d7973fcde29a9963,ca89315266a7bb5a,145.77205068990278,17.415268967982808,3e5859dcc22e00d5,[],0.0,psp_006766_1850,['train'],1.0,Counter({'train': 1}),test,ad1e3cd913b8aecb,True,development_corruption,1,C:\Users\deves\OneDrive\Desktop\Projects\TCMD-SS\data\raw\hirise_v3_2\map-proj-v3_2\PSP_006766_1850_RED-0101.jpg,development,patch_duplication,0.3,psp_006766_1850_red-0101_patch_duplication_0.3,0.27634382247924805,1.519547939300537,0.6192361116409302,0.38621922499987704
map-proj-v3_2/PSP_006766_1850_RED-0101.jpg,ok,,JPEG,227.0,227.0,L,1.0,1.0,normal,other,train,psp_006766_1850_red-0101,[],866b872da1e6fff5bd8b802fec51b9980fe4345604a0c6988011e9e4dc1e97fe,ab7ca80c75ff0c66563c1a06155462ca5313ad1cc7cff5e0d7973fcde29a9963,ca89315266a7bb5a,145.77205068990278,17.415268967982808,3e5859dcc22e00d5,[],0.0,psp_006766_1850,['train'],1.0,Counter({'train': 1}),test,ad1e3cd913b8aecb,True,development_corruption,1,C:\Users\deves\OneDrive\Desktop\Projects\TCMD-SS\data\raw\hirise_v3_2\map-proj-v3_2\PSP_006766_1850_RED-0101.jpg,development,patch_duplication,0.5,psp_006766_1850_red-0101_patch_duplication_0.5,0.276520699262619,1.4820154905319214,0.5834496021270752,0.38621922499987704
map-proj-v3_2/PSP_006766_1850_RED-0101.jpg,ok,,JPEG,227.0,227.0,L,1.0,1.0,normal,other,train,psp_006766_1850_red-0101,[],866b872da1e6fff5bd8b802fec51b9980fe4345604a0c6988011e9e4dc1e97fe,ab7ca80c75ff0c66563c1a06155462ca5313ad1cc7cff5e0d7973fcde29a9963,ca89315266a7bb5a,145.77205068990278,17.415268967982808,3e5859dcc22e00d5,[],0.0,psp_006766_1850,['train'],1.0,Counter({'train': 1}),test,ad1e3cd913b8aecb,True,development_corruption,1,C:\Users\deves\OneDrive\Desktop\Projects\TCMD-SS\data\raw\hirise_v3_2\map-proj-v3_2\PSP_006766_1850_RED-0101.jpg,development,foreign_content,0.15,psp_006766_1850_red-0101_foreign_content_0.15,0.27628782391548157,1.6924432516098022,0.6448984742164612,0.39465225000003556
map-proj-v3_2/PSP_006766_1850_RED-0101.jpg,ok,,JPEG,227.0,227.0,L,1.0,1.0,normal,other,train,psp_006766_1850_red-0101,[],866b872da1e6fff5bd8b802fec51b9980fe4345604a0c6988011e9e4dc1e97fe,ab7ca80c75ff0c66563c1a06155462ca5313ad1cc7cff5e0d7973fcde29a9963,ca89315266a7bb5a,145.77205068990278,17.415268967982808,3e5859dcc22e00d5,[],0.0,psp_006766_1850,['train'],1.0,Counter({'train': 1}),test,ad1e3cd913b8aecb,True,development_corruption,1,C:\Users\deves\OneDrive\Desktop\Projects\TCMD-SS\data\raw\hirise_v3_2\map-proj-v3_2\PSP_006766_1850_RED-0101.jpg,development,foreign_content,0.3,psp_006766_1850_red-0101_foreign_content_0.3,0.30423703789711,1.8441272974014282,0.6362771987915039,0.39465225000003556
map-proj-v3_2/PSP_006766_1850_RED-0101.jpg,ok,,JPEG,227.0,227.0,L,1.0,1.0,normal,other,train,psp_006766_1850_red-0101,[],866b872da1e6fff5bd8b802fec51b9980fe4345604a0c6988011e9e4dc1e97fe,ab7ca80c75ff0c66563c1a06155462ca5313ad1cc7cff5e0d7973fcde29a9963,ca89315266a7bb5a,145.77205068990278,17.415268967982808,3e5859dcc22e00d5,[],0.0,psp_006766_1850,['train'],1.0,Counter({'train': 1}),test,ad1e3cd913b8aecb,True,development_corruption,1,C:\Users\deves\OneDrive\Desktop\Projects\TCMD-SS\data\raw\hirise_v3_2\map-proj-v3_2\PSP_006766_1850_RED-0101.jpg,development,foreign_content,0.5,psp_006766_1850_red-0101_foreign_content_0.5,0.38123762607574463,2.7083568572998047,0.414618581533432,0.39465225000003556
map-proj-v3_2/ESP_016148_2040_RED-0097.jpg,ok,,JPEG,227.0,227.0,L,1.0,1.0,normal,crater,train,esp_016148_2040_red-0097,[],641fefb6f28ab6e7d773b30b799867ae35b316ed39262826fad2fcb9432d312f,037dab629d2374cf0fa861d44dd6adfbbd466dc5fe8defbee2291d0b60a02ec0,db93246cd331ec4c,169.07523918570126,15.85183959429013,012b2dde458c91b5,[],1.0,esp_016148_2040,['train'],1.0,Counter({'train': 1}),test,57c68b4a4db96233,True,hirise_clean,0,C:\Users\deves\OneDrive\Desktop\Projects\TCMD-SS\data\raw\hirise_v3_2\map-proj-v3_2\ESP_016148_2040_RED-0097.jpg,development,clean,0.0,esp_016148_2040_red-0097_clean,0.3619098961353302,2.6982455253601074,0.9756755232810974,0.39465225000003556
map-proj-v3_2/ESP_016148_2040_RED-0097.jpg,ok,,JPEG,227.0,227.0,L,1.0,1.0,normal,crater,train,esp_016148_2040_red-0097,[],641fefb6f28ab6e7d773b30b799867ae35b316ed39262826fad2fcb9432d312f,037dab629d2374cf0fa861d44dd6adfbbd466dc5fe8defbee2291d0b60a02ec0,db93246cd331ec4c,169.07523918570126,15.85183959429013,012b2dde458c91b5,[],1.0,esp_016148_2040,['train'],1.0,Counter({'train': 1}),test,57c68b4a4db96233,True,development_corruption,1,C:\Users\deves\OneDrive\Desktop\Projects\TCMD-SS\data\raw\hirise_v3_2\map-proj-v3_2\ESP_016148_2040_RED-0097.jpg,development,stripes,0.15,esp_016148_2040_red-0097_stripes_0.15,0.36420461535453796,2.421538829803467,0.9491950869560242,0.3845784749998984
map-proj-v3_2/ESP_016148_2040_RED-0097.jpg,ok,,JPEG,227.0,227.0,L,1.0,1.0,normal,crater,train,esp_016148_2040_red-0097,[],641fefb6f28ab6e7d773b30b799867ae35b316ed39262826fad2fcb9432d312f,037dab629d2374cf0fa861d44dd6adfbbd466dc5fe8defbee2291d0b60a02ec0,db93246cd331ec4c,169.07523918570126,15.85183959429013,012b2dde458c91b5,[],1.0,esp_016148_2040,['train'],1.0,Counter({'train': 1}),test,57c68b4a4db96233,True,development_corruption,1,C:\Users\deves\OneDrive\Desktop\Projects\TCMD-SS\data\raw\hirise_v3_2\map-proj-v3_2\ESP_016148_2040_RED-0097.jpg,development,stripes,0.3,esp_016148_2040_red-0097_stripes_0.3,0.3671719431877136,1.9771649837493896,1.4096217155456543,0.3845784749998984
map-proj-v3_2/ESP_016148_2040_RED-0097.jpg,ok,,JPEG,227.0,227.0,L,1.0,1.0,normal,crater,train,esp_016148_2040_red-0097,[],641fefb6f28ab6e7d773b30b799867ae35b316ed39262826fad2fcb9432d312f,037dab629d2374cf0fa861d44dd6adfbbd466dc5fe8defbee2291d0b60a02ec0,db93246cd331ec4c,169.07523918570126,15.85183959429013,012b2dde458c91b5,[],1.0,esp_016148_2040,['train'],1.0,Counter({'train': 1}),test,57c68b4a4db96233,True,development_corruption,1,C:\Users\deves\OneDrive\Desktop\Projects\TCMD-SS\data\raw\hirise_v3_2\map-proj-v3_2\ESP_016148_2040_RED-0097.jpg,development,stripes,0.5,esp_016148_2040_red-0097_stripes_0.5,0.3766155540943146,1.459754467010498,2.2267370223999023,0.3845784749998984
map-proj-v3_2/ESP_016148_2040_RED-0097.jpg,ok,,JPEG,227.0,227.0,L,1.0,1.0,normal,crater,train,esp_016148_2040_red-0097,[],641fefb6f28ab6e7d773b30b799867ae35b316ed39262826fad2fcb9432d312f,037dab629d2374cf0fa861d44dd6adfbbd466dc5fe8defbee2291d0b60a02ec0,db93246cd331ec4c,169.07523918570126,15.85183959429013,012b2dde458c91b5,[],1.0,esp_016148_2040,['train'],1.0,Counter({'train': 1}),test,57c68b4a4db96233,True,development_corruption,1,C:\Users\deves\OneDrive\Desktop\Projects\TCMD-SS\data\raw\hirise_v3_2\map-proj-v3_2\ESP_016148_2040_RED-0097.jpg,development,dead_pixels,0.15,esp_016148_2040_red-0097_dead_pixels_0.15,0.4627628028392792,2.8755383491516113,0.9530409574508667,0.3845784749998984
map-proj-v3_2/ESP_016148_2040_RED-0097.jpg,ok,,JPEG,227.0,227.0,L,1.0,1.0,normal,crater,train,esp_016148_2040_red-0097,[],641fefb6f28ab6e7d773b30b799867ae35b316ed39262826fad2fcb9432d312f,037dab629d2374cf0fa861d44dd6adfbbd466dc5fe8defbee2291d0b60a02ec0,db93246cd331ec4c,169.07523918570126,15.85183959429013,012b2dde458c91b5,[],1.0,esp_016148_2040,['train'],1.0,Counter({'train': 1}),test,57c68b4a4db96233,True,development_corruption,1,C:\Users\deves\OneDrive\Desktop\Projects\TCMD-SS\data\raw\hirise_v3_2\map-proj-v3_2\ESP_016148_2040_RED-0097.jpg,development,dead_pixels,0.3,esp_016148_2040_red-0097_dead_pixels_0.3,0.5009398460388184,3.0648539066314697,0.933641254901886,0.38314472499996555
map-proj-v3_2/ESP_016148_2040_RED-0097.jpg,ok,,JPEG,227.0,227.0,L,1.0,1.0,normal,crater,train,esp_016148_2040_red-0097,[],641fefb6f28ab6e7d773b30b799867ae35b316ed39262826fad2fcb9432d312f,037dab629d2374cf0fa861d44dd6adfbbd466dc5fe8defbee2291d0b60a02ec0,db93246cd331ec4c,169.07523918570126,15.85183959429013,012b2dde458c91b5,[],1.0,esp_016148_2040,['train'],1.0,Counter({'train': 1}),test,57c68b4a4db96233,True,development_corruption,1,C:\Users\deves\OneDrive\Desktop\Projects\TCMD-SS\data\raw\hirise_v3_2\map-proj-v3_2\ESP_016148_2040_RED-0097.jpg,development,dead_pixels,0.5,esp_016148_2040_red-0097_dead_pixels_0.5,0.5465536117553711,3.065953254699707,0.9082467555999756,0.38314472499996555
map-proj-v3_2/ESP_016148_2040_RED-0097.jpg,ok,,JPEG,227.0,227.0,L,1.0,1.0,normal,crater,train,esp_016148_2040_red-0097,[],641fefb6f28ab6e7d773b30b799867ae35b316ed39262826fad2fcb9432d312f,037dab629d2374cf0fa861d44dd6adfbbd466dc5fe8defbee2291d0b60a02ec0,db93246cd331ec4c,169.07523918570126,15.85183959429013,012b2dde458c91b5,[],1.0,esp_016148_2040,['train'],1.0,Counter({'train': 1}),test,57c68b4a4db96233,True,development_corruption,1,C:\Users\deves\OneDrive\Desktop\Projects\TCMD-SS\data\raw\hirise_v3_2\map-proj-v3_2\ESP_016148_2040_RED-0097.jpg,development,missing_patch,0.15,esp_016148_2040_red-0097_missing_patch_0.15,0.5544248819351196,3.8217592239379883,0.8895723223686218,0.38314472499996555
map-proj-v3_2/ESP_016148_2040_RED-0097.jpg,ok,,JPEG,227.0,227.0,L,1.0,1.0,normal,crater,train,esp_016148_2040_red-0097,[],641fefb6f28ab6e7d773b30b799867ae35b316ed39262826fad2fcb9432d312f,037dab629d2374cf0fa861d44dd6adfbbd466dc5fe8defbee2291d0b60a02ec0,db93246cd331ec4c,169.07523918570126,15.85183959429013,012b2dde458c91b5,[],1.0,esp_016148_2040,['train'],1.0,Counter({'train': 1}),test,57c68b4a4db96233,True,development_corruption,1,C:\Users\deves\OneDrive\Desktop\Projects\TCMD-SS\data\raw\hirise_v3_2\map-proj-v3_2\ESP_016148_2040_RED-0097.jpg,development,missing_patch,0.3,esp_016148_2040_red-0097_missing_patch_0.3,0.44673192501068115,4.402155876159668,1.058392882347107,0.38314472499996555
map-proj-v3_2/ESP_016148_2040_RED-0097.jpg,ok,,JPEG,227.0,227.0,L,1.0,1.0,normal,crater,train,esp_016148_2040_red-0097,[],641fefb6f28ab6e7d773b30b799867ae35b316ed39262826fad2fcb9432d312f,037dab629d2374cf0fa861d44dd6adfbbd466dc5fe8defbee2291d0b60a02ec0,db93246cd331ec4c,169.07523918570126,15.85183959429013,012b2dde458c91b5,[],1.0,esp_016148_2040,['train'],1.0,Counter({'train': 1}),test,57c68b4a4db96233,True,development_corruption,1,C:\Users\deves\OneDrive\Desktop\Projects\TCMD-SS\data\raw\hirise_v3_2\map-proj-v3_2\ESP_016148_2040_RED-0097.jpg,development,missing_patch,0.5,esp_016148_2040_red-0097_missing_patch_0.5,0.4454747438430786,4.491556644439697,1.3513917922973633,0.37637820000009015
map-proj-v3_2/ESP_016148_2040_RED-0097.jpg,ok,,JPEG,227.0,227.0,L,1.0,1.0,normal,crater,train,esp_016148_2040_red-0097,[],641fefb6f28ab6e7d773b30b799867ae35b316ed39262826fad2fcb9432d312f,037dab629d2374cf0fa861d44dd6adfbbd466dc5fe8defbee2291d0b60a02ec0,db93246cd331ec4c,169.07523918570126,15.85183959429013,012b2dde458c91b5,[],1.0,esp_016148_2040,['train'],1.0,Counter({'train': 1}),test,57c68b4a4db96233,True,development_corruption,1,C:\Users\deves\OneDrive\Desktop\Projects\TCMD-SS\data\raw\hirise_v3_2\map-proj-v3_2\ESP_016148_2040_RED-0097.jpg,development,local_blur,0.15,esp_016148_2040_red-0097_local_blur_0.15,0.35616275668144226,3.1433160305023193,0.9806048274040222,0.37637820000009015
map-proj-v3_2/ESP_016148_2040_RED-0097.jpg,ok,,JPEG,227.0,227.0,L,1.0,1.0,normal,crater,train,esp_016148_2040_red-0097,[],641fefb6f28ab6e7d773b30b799867ae35b316ed39262826fad2fcb9432d312f,037dab629d2374cf0fa861d44dd6adfbbd466dc5fe8defbee2291d0b60a02ec0,db93246cd331ec4c,169.07523918570126,15.85183959429013,012b2dde458c91b5,[],1.0,esp_016148_2040,['train'],1.0,Counter({'train': 1}),test,57c68b4a4db96233,True,development_corruption,1,C:\Users\deves\OneDrive\Desktop\Projects\TCMD-SS\data\raw\hirise_v3_2\map-proj-v3_2\ESP_016148_2040_RED-0097.jpg,development,local_blur,0.3,esp_016148_2040_red-0097_local_blur_0.3,0.34998980164527893,3.2594380378723145,0.9772204160690308,0.37637820000009015
map-proj-v3_2/ESP_016148_2040_RED-0097.jpg,ok,,JPEG,227.0,227.0,L,1.0,1.0,normal,crater,train,esp_016148_2040_red-0097,[],641fefb6f28ab6e7d773b30b799867ae35b316ed39262826fad2fcb9432d312f,037dab629d2374cf0fa861d44dd6adfbbd466dc5fe8defbee2291d0b60a02ec0,db93246cd331ec4c,169.07523918570126,15.85183959429013,012b2dde458c91b5,[],1.0,esp_016148_2040,['train'],1.0,Counter({'train': 1}),test,57c68b4a4db96233,True,development_corruption,1,C:\Users\deves\OneDrive\Desktop\Projects\TCMD-SS\data\raw\hirise_v3_2\map-proj-v3_2\ESP_016148_2040_RED-0097.jpg,development,local_blur,0.5,esp_016148_2040_red-0097_local_blur_0.5,0.34316951036453247,3.4158525466918945,0.9783065915107727,0.37637820000009015
map-proj-v3_2/ESP_016148_2040_RED-0097.jpg,ok,,JPEG,227.0,227.0,L,1.0,1.0,normal,crater,train,esp_016148_2040_red-0097,[],641fefb6f28ab6e7d773b30b799867ae35b316ed39262826fad2fcb9432d312f,037dab629d2374cf0fa861d44dd6adfbbd466dc5fe8defbee2291d0b60a02ec0,db93246cd331ec4c,169.07523918570126,15.85183959429013,012b2dde458c91b5,[],1.0,esp_016148_2040,['train'],1.0,Counter({'train': 1}),test,57c68b4a4db96233,True,development_corruption,1,C:\Users\deves\OneDrive\Desktop\Projects\TCMD-SS\data\raw\hirise_v3_2\map-proj-v3_2\ESP_016148_2040_RED-0097.jpg,development,patch_duplication,0.15,esp_016148_2040_red-0097_patch_duplication_0.15,0.36191537976264954,2.532374382019043,0.975904107093811,0.372175924999965
map-proj-v3_2/ESP_016148_2040_RED-0097.jpg,ok,,JPEG,227.0,227.0,L,1.0,1.0,normal,crater,train,esp_016148_2040_red-0097,[],641fefb6f28ab6e7d773b30b799867ae35b316ed39262826fad2fcb9432d312f,037dab629d2374cf0fa861d44dd6adfbbd466dc5fe8defbee2291d0b60a02ec0,db93246cd331ec4c,169.07523918570126,15.85183959429013,012b2dde458c91b5,[],1.0,esp_016148_2040,['train'],1.0,Counter({'train': 1}),test,57c68b4a4db96233,True,development_corruption,1,C:\Users\deves\OneDrive\Desktop\Projects\TCMD-SS\data\raw\hirise_v3_2\map-proj-v3_2\ESP_016148_2040_RED-0097.jpg,development,patch_duplication,0.3,esp_016148_2040_red-0097_patch_duplication_0.3,0.36196431517601013,2.5096325874328613,0.9755777716636658,0.372175924999965
map-proj-v3_2/ESP_016148_2040_RED-0097.jpg,ok,,JPEG,227.0,227.0,L,1.0,1.0,normal,crater,train,esp_016148_2040_red-0097,[],641fefb6f28ab6e7d773b30b799867ae35b316ed39262826fad2fcb9432d312f,037dab629d2374cf0fa861d44dd6adfbbd466dc5fe8defbee2291d0b60a02ec0,db93246cd331ec4c,169.07523918570126,15.85183959429013,012b2dde458c91b5,[],1.0,esp_016148_2040,['train'],1.0,Counter({'train': 1}),test,57c68b4a4db96233,True,development_corruption,1,C:\Users\deves\OneDrive\Desktop\Projects\TCMD-SS\data\raw\hirise_v3_2\map-proj-v3_2\ESP_016148_2040_RED-0097.jpg,development,patch_duplication,0.5,esp_016148_2040_red-0097_patch_duplication_0.5,0.36251381039619446,2.5035336017608643,0.9756772518157959,0.372175924999965
map-proj-v3_2/ESP_016148_2040_RED-0097.jpg,ok,,JPEG,227.0,227.0,L,1.0,1.0,normal,crater,train,esp_016148_2040_red-0097,[],641fefb6f28ab6e7d773b30b799867ae35b316ed39262826fad2fcb9432d312f,037dab629d2374cf0fa861d44dd6adfbbd466dc5fe8defbee2291d0b60a02ec0,db93246cd331ec4c,169.07523918570126,15.85183959429013,012b2dde458c91b5,[],1.0,esp_016148_2040,['train'],1.0,Counter({'train': 1}),test,57c68b4a4db96233,True,development_corruption,1,C:\Users\deves\OneDrive\Desktop\Projects\TCMD-SS\data\raw\hirise_v3_2\map-proj-v3_2\ESP_016148_2040_RED-0097.jpg,development,foreign_content,0.15,esp_016148_2040_red-0097_foreign_content_0.15,0.3607763648033142,2.8039116859436035,0.9607579708099365,0.372175924999965
map-proj-v3_2/ESP_016148_2040_RED-0097.jpg,ok,,JPEG,227.0,227.0,L,1.0,1.0,normal,crater,train,esp_016148_2040_red-0097,[],641fefb6f28ab6e7d773b30b799867ae35b316ed39262826fad2fcb9432d312f,037dab629d2374cf0fa861d44dd6adfbbd466dc5fe8defbee2291d0b60a02ec0,db93246cd331ec4c,169.07523918570126,15.85183959429013,012b2dde458c91b5,[],1.0,esp_016148_2040,['train'],1.0,Counter({'train': 1}),test,57c68b4a4db96233,True,development_corruption,1,C:\Users\deves\OneDrive\Desktop\Projects\TCMD-SS\data\raw\hirise_v3_2\map-proj-v3_2\ESP_016148_2040_RED-0097.jpg,development,foreign_content,0.3,esp_016148_2040_red-0097_foreign_content_0.3,0.37625545263290405,3.1495885848999023,0.9497512578964233,0.37942897500010986
map-proj-v3_2/ESP_016148_2040_RED-0097.jpg,ok,,JPEG,227.0,227.0,L,1.0,1.0,normal,crater,train,esp_016148_2040_red-0097,[],641fefb6f28ab6e7d773b30b799867ae35b316ed39262826fad2fcb9432d312f,037dab629d2374cf0fa861d44dd6adfbbd466dc5fe8defbee2291d0b60a02ec0,db93246cd331ec4c,169.07523918570126,15.85183959429013,012b2dde458c91b5,[],1.0,esp_016148_2040,['train'],1.0,Counter({'train': 1}),test,57c68b4a4db96233,True,development_corruption,1,C:\Users\deves\OneDrive\Desktop\Projects\TCMD-SS\data\raw\hirise_v3_2\map-proj-v3_2\ESP_016148_2040_RED-0097.jpg,development,foreign_content,0.5,esp_016148_2040_red-0097_foreign_content_0.5,0.42947232723236084,4.112219333648682,0.8156501650810242,0.37942897500010986
map-proj-v3_2/ESP_011716_0940_RED-0008.jpg,ok,,JPEG,227.0,227.0,L,1.0,1.0,normal,dark dune,val,esp_011716_0940_red-0008,[],b696b1cf249dad0bf56a254fc0e1545c20e811581f7b820ae91a759d8664ac92,dfbfda99bbf1dcfef363322a12c1f35e802f407a6a6ce4bb293a3a884f0d2a79,f53585b57592910d,58.561800151371074,21.202173828071626,da3da2e497c12828,[],2.0,esp_011716_0940,['val'],2.0,Counter({'val': 2}),test,ec290f97fca0646c,True,hirise_clean,0,C:\Users\deves\OneDrive\Desktop\Projects\TCMD-SS\data\raw\hirise_v3_2\map-proj-v3_2\ESP_011716_0940_RED-0008.jpg,development,clean,0.0,esp_011716_0940_red-0008_clean,0.3549104630947113,2.6673386096954346,0.7126954197883606,0.37942897500010986
map-proj-v3_2/ESP_011716_0940_RED-0008.jpg,ok,,JPEG,227.0,227.0,L,1.0,1.0,normal,dark dune,val,esp_011716_0940_red-0008,[],b696b1cf249dad0bf56a254fc0e1545c20e811581f7b820ae91a759d8664ac92,dfbfda99bbf1dcfef363322a12c1f35e802f407a6a6ce4bb293a3a884f0d2a79,f53585b57592910d,58.561800151371074,21.202173828071626,da3da2e497c12828,[],2.0,esp_011716_0940,['val'],2.0,Counter({'val': 2}),test,ec290f97fca0646c,True,development_corruption,1,C:\Users\deves\OneDrive\Desktop\Projects\TCMD-SS\data\raw\hirise_v3_2\map-proj-v3_2\ESP_011716_0940_RED-0008.jpg,development,stripes,0.15,esp_011716_0940_red-0008_stripes_0.15,0.3539290130138397,2.1505961418151855,0.7060948610305786,0.37942897500010986
map-proj-v3_2/ESP_011716_0940_RED-0008.jpg,ok,,JPEG,227.0,227.0,L,1.0,1.0,normal,dark dune,val,esp_011716_0940_red-0008,[],b696b1cf249dad0bf56a254fc0e1545c20e811581f7b820ae91a759d8664ac92,dfbfda99bbf1dcfef363322a12c1f35e802f407a6a6ce4bb293a3a884f0d2a79,f53585b57592910d,58.561800151371074,21.202173828071626,da3da2e497c12828,[],2.0,esp_011716_0940,['val'],2.0,Counter({'val': 2}),test,ec290f97fca0646c,True,development_corruption,1,C:\Users\deves\OneDrive\Desktop\Projects\TCMD-SS\data\raw\hirise_v3_2\map-proj-v3_2\ESP_011716_0940_RED-0008.jpg,development,stripes,0.3,esp_011716_0940_red-0008_stripes_0.3,0.35576966404914856,1.6016472578048706,1.253919005393982,0.37881179999999404
map-proj-v3_2/ESP_011716_0940_RED-0008.jpg,ok,,JPEG,227.0,227.0,L,1.0,1.0,normal,dark dune,val,esp_011716_0940_red-0008,[],b696b1cf249dad0bf56a254fc0e1545c20e811581f7b820ae91a759d8664ac92,dfbfda99bbf1dcfef363322a12c1f35e802f407a6a6ce4bb293a3a884f0d2a79,f53585b57592910d,58.561800151371074,21.202173828071626,da3da2e497c12828,[],2.0,esp_011716_0940,['val'],2.0,Counter({'val': 2}),test,ec290f97fca0646c,True,development_corruption,1,C:\Users\deves\OneDrive\Desktop\Projects\TCMD-SS\data\raw\hirise_v3_2\map-proj-v3_2\ESP_011716_0940_RED-0008.jpg,development,stripes,0.5,esp_011716_0940_red-0008_stripes_0.5,0.3654543459415436,1.0381375551223755,2.124399185180664,0.37881179999999404
map-proj-v3_2/ESP_011716_0940_RED-0008.jpg,ok,,JPEG,227.0,227.0,L,1.0,1.0,normal,dark dune,val,esp_011716_0940_red-0008,[],b696b1cf249dad0bf56a254fc0e1545c20e811581f7b820ae91a759d8664ac92,dfbfda99bbf1dcfef363322a12c1f35e802f407a6a6ce4bb293a3a884f0d2a79,f53585b57592910d,58.561800151371074,21.202173828071626,da3da2e497c12828,[],2.0,esp_011716_0940,['val'],2.0,Counter({'val': 2}),test,ec290f97fca0646c,True,development_corruption,1,C:\Users\deves\OneDrive\Desktop\Projects\TCMD-SS\data\raw\hirise_v3_2\map-proj-v3_2\ESP_011716_0940_RED-0008.jpg,development,dead_pixels,0.15,esp_011716_0940_red-0008_dead_pixels_0.15,0.47751763463020325,2.882251262664795,0.7112904787063599,0.37881179999999404
map-proj-v3_2/ESP_011716_0940_RED-0008.jpg,ok,,JPEG,227.0,227.0,L,1.0,1.0,normal,dark dune,val,esp_011716_0940_red-0008,[],b696b1cf249dad0bf56a254fc0e1545c20e811581f7b820ae91a759d8664ac92,dfbfda99bbf1dcfef363322a12c1f35e802f407a6a6ce4bb293a3a884f0d2a79,f53585b57592910d,58.561800151371074,21.202173828071626,da3da2e497c12828,[],2.0,esp_011716_0940,['val'],2.0,Counter({'val': 2}),test,ec290f97fca0646c,True,development_corruption,1,C:\Users\deves\OneDrive\Desktop\Projects\TCMD-SS\data\raw\hirise_v3_2\map-proj-v3_2\ESP_011716_0940_RED-0008.jpg,development,dead_pixels,0.3,esp_011716_0940_red-0008_dead_pixels_0.3,0.5491935610771179,3.076894521713257,0.6933751106262207,0.37881179999999404
map-proj-v3_2/ESP_011716_0940_RED-0008.jpg,ok,,JPEG,227.0,227.0,L,1.0,1.0,normal,dark dune,val,esp_011716_0940_red-0008,[],b696b1cf249dad0bf56a254fc0e1545c20e811581f7b820ae91a759d8664ac92,dfbfda99bbf1dcfef363322a12c1f35e802f407a6a6ce4bb293a3a884f0d2a79,f53585b57592910d,58.561800151371074,21.202173828071626,da3da2e497c12828,[],2.0,esp_011716_0940,['val'],2.0,Counter({'val': 2}),test,ec290f97fca0646c,True,development_corruption,1,C:\Users\deves\OneDrive\Desktop\Projects\TCMD-SS\data\raw\hirise_v3_2\map-proj-v3_2\ESP_011716_0940_RED-0008.jpg,development,dead_pixels,0.5,esp_011716_0940_red-0008_dead_pixels_0.5,0.6152169108390808,3.2326982021331787,0.6957055330276489,0.3773233499998696
map-proj-v3_2/ESP_011716_0940_RED-0008.jpg,ok,,JPEG,227.0,227.0,L,1.0,1.0,normal,dark dune,val,esp_011716_0940_red-0008,[],b696b1cf249dad0bf56a254fc0e1545c20e811581f7b820ae91a759d8664ac92,dfbfda99bbf1dcfef363322a12c1f35e802f407a6a6ce4bb293a3a884f0d2a79,f53585b57592910d,58.561800151371074,21.202173828071626,da3da2e497c12828,[],2.0,esp_011716_0940,['val'],2.0,Counter({'val': 2}),test,ec290f97fca0646c,True,development_corruption,1,C:\Users\deves\OneDrive\Desktop\Projects\TCMD-SS\data\raw\hirise_v3_2\map-proj-v3_2\ESP_011716_0940_RED-0008.jpg,development,missing_patch,0.15,esp_011716_0940_red-0008_missing_patch_0.15,0.3539988100528717,2.6742355823516846,0.717902660369873,0.3773233499998696
map-proj-v3_2/ESP_011716_0940_RED-0008.jpg,ok,,JPEG,227.0,227.0,L,1.0,1.0,normal,dark dune,val,esp_011716_0940_red-0008,[],b696b1cf249dad0bf56a254fc0e1545c20e811581f7b820ae91a759d8664ac92,dfbfda99bbf1dcfef363322a12c1f35e802f407a6a6ce4bb293a3a884f0d2a79,f53585b57592910d,58.561800151371074,21.202173828071626,da3da2e497c12828,[],2.0,esp_011716_0940,['val'],2.0,Counter({'val': 2}),test,ec290f97fca0646c,True,development_corruption,1,C:\Users\deves\OneDrive\Desktop\Projects\TCMD-SS\data\raw\hirise_v3_2\map-proj-v3_2\ESP_011716_0940_RED-0008.jpg,development,missing_patch,0.3,esp_011716_0940_red-0008_missing_patch_0.3,0.3528882563114166,2.8746042251586914,0.746837854385376,0.3773233499998696
map-proj-v3_2/ESP_011716_0940_RED-0008.jpg,ok,,JPEG,227.0,227.0,L,1.0,1.0,normal,dark dune,val,esp_011716_0940_red-0008,[],b696b1cf249dad0bf56a254fc0e1545c20e811581f7b820ae91a759d8664ac92,dfbfda99bbf1dcfef363322a12c1f35e802f407a6a6ce4bb293a3a884f0d2a79,f53585b57592910d,58.561800151371074,21.202173828071626,da3da2e497c12828,[],2.0,esp_011716_0940,['val'],2.0,Counter({'val': 2}),test,ec290f97fca0646c,True,development_corruption,1,C:\Users\deves\OneDrive\Desktop\Projects\TCMD-SS\data\raw\hirise_v3_2\map-proj-v3_2\ESP_011716_0940_RED-0008.jpg,development,missing_patch,0.5,esp_011716_0940_red-0008_missing_patch_0.5,0.42172324657440186,4.1412529945373535,0.7698123455047607,0.3773233499998696
map-proj-v3_2/ESP_011716_0940_RED-0008.jpg,ok,,JPEG,227.0,227.0,L,1.0,1.0,normal,dark dune,val,esp_011716_0940_red-0008,[],b696b1cf249dad0bf56a254fc0e1545c20e811581f7b820ae91a759d8664ac92,dfbfda99bbf1dcfef363322a12c1f35e802f407a6a6ce4bb293a3a884f0d2a79,f53585b57592910d,58.561800151371074,21.202173828071626,da3da2e497c12828,[],2.0,esp_011716_0940,['val'],2.0,Counter({'val': 2}),test,ec290f97fca0646c,True,development_corruption,1,C:\Users\deves\OneDrive\Desktop\Projects\TCMD-SS\data\raw\hirise_v3_2\map-proj-v3_2\ESP_011716_0940_RED-0008.jpg,development,local_blur,0.15,esp_011716_0940_red-0008_local_blur_0.15,0.35235685110092163,2.9300179481506348,0.7158597111701965,0.3785033500000736
map-proj-v3_2/ESP_011716_0940_RED-0008.jpg,ok,,JPEG,227.0,227.0,L,1.0,1.0,normal,dark dune,val,esp_011716_0940_red-0008,[],b696b1cf249dad0bf56a254fc0e1545c20e811581f7b820ae91a759d8664ac92,dfbfda99bbf1dcfef363322a12c1f35e802f407a6a6ce4bb293a3a884f0d2a79,f53585b57592910d,58.561800151371074,21.202173828071626,da3da2e497c12828,[],2.0,esp_011716_0940,['val'],2.0,Counter({'val': 2}),test,ec290f97fca0646c,True,development_corruption,1,C:\Users\deves\OneDrive\Desktop\Projects\TCMD-SS\data\raw\hirise_v3_2\map-proj-v3_2\ESP_011716_0940_RED-0008.jpg,development,local_blur,0.3,esp_011716_0940_red-0008_local_blur_0.3,0.3518243134021759,2.9809305667877197,0.7188370823860168,0.3785033500000736
map-proj-v3_2/ESP_011716_0940_RED-0008.jpg,ok,,JPEG,227.0,227.0,L,1.0,1.0,normal,dark dune,val,esp_011716_0940_red-0008,[],b696b1cf249dad0bf56a254fc0e1545c20e811581f7b820ae91a759d8664ac92,dfbfda99bbf1dcfef363322a12c1f35e802f407a6a6ce4bb293a3a884f0d2a79,f53585b57592910d,58.561800151371074,21.202173828071626,da3da2e497c12828,[],2.0,esp_011716_0940,['val'],2.0,Counter({'val': 2}),test,ec290f97fca0646c,True,development_corruption,1,C:\Users\deves\OneDrive\Desktop\Projects\TCMD-SS\data\raw\hirise_v3_2\map-proj-v3_2\ESP_011716_0940_RED-0008.jpg,development,local_blur,0.5,esp_011716_0940_red-0008_local_blur_0.5,0.3518591821193695,3.0399768352508545,0.7142347693443298,0.3785033500000736
map-proj-v3_2/ESP_011716_0940_RED-0008.jpg,ok,,JPEG,227.0,227.0,L,1.0,1.0,normal,dark dune,val,esp_011716_0940_red-0008,[],b696b1cf249dad0bf56a254fc0e1545c20e811581f7b820ae91a759d8664ac92,dfbfda99bbf1dcfef363322a12c1f35e802f407a6a6ce4bb293a3a884f0d2a79,f53585b57592910d,58.561800151371074,21.202173828071626,da3da2e497c12828,[],2.0,esp_011716_0940,['val'],2.0,Counter({'val': 2}),test,ec290f97fca0646c,True,development_corruption,1,C:\Users\deves\OneDrive\Desktop\Projects\TCMD-SS\data\raw\hirise_v3_2\map-proj-v3_2\ESP_011716_0940_RED-0008.jpg,development,patch_duplication,0.15,esp_011716_0940_red-0008_patch_duplication_0.15,0.355179101228714,2.388232707977295,0.7141296863555908,0.3785033500000736
map-proj-v3_2/ESP_011716_0940_RED-0008.jpg,ok,,JPEG,227.0,227.0,L,1.0,1.0,normal,dark dune,val,esp_011716_0940_red-0008,[],b696b1cf249dad0bf56a254fc0e1545c20e811581f7b820ae91a759d8664ac92,dfbfda99bbf1dcfef363322a12c1f35e802f407a6a6ce4bb293a3a884f0d2a79,f53585b57592910d,58.561800151371074,21.202173828071626,da3da2e497c12828,[],2.0,esp_011716_0940,['val'],2.0,Counter({'val': 2}),test,ec290f97fca0646c,True,development_corruption,1,C:\Users\deves\OneDrive\Desktop\Projects\TCMD-SS\data\raw\hirise_v3_2\map-proj-v3_2\ESP_011716_0940_RED-0008.jpg,development,patch_duplication,0.3,esp_011716_0940_red-0008_patch_duplication_0.3,0.35735613107681274,2.454554319381714,0.7144680023193359,0.3780073249999987
map-proj-v3_2/ESP_011716_0940_RED-0008.jpg,ok,,JPEG,227.0,227.0,L,1.0,1.0,normal,dark dune,val,esp_011716_0940_red-0008,[],b696b1cf249dad0bf56a254fc0e1545c20e811581f7b820ae91a759d8664ac92,dfbfda99bbf1dcfef363322a12c1f35e802f407a6a6ce4bb293a3a884f0d2a79,f53585b57592910d,58.561800151371074,21.202173828071626,da3da2e497c12828,[],2.0,esp_011716_0940,['val'],2.0,Counter({'val': 2}),test,ec290f97fca0646c,True,development_corruption,1,C:\Users\deves\OneDrive\Desktop\Projects\TCMD-SS\data\raw\hirise_v3_2\map-proj-v3_2\ESP_011716_0940_RED-0008.jpg,development,patch_duplication,0.5,esp_011716_0940_red-0008_patch_duplication_0.5,0.3603515625,2.460031509399414,0.7165787220001221,0.3780073249999987
map-proj-v3_2/ESP_011716_0940_RED-0008.jpg,ok,,JPEG,227.0,227.0,L,1.0,1.0,normal,dark dune,val,esp_011716_0940_red-0008,[],b696b1cf249dad0bf56a254fc0e1545c20e811581f7b820ae91a759d8664ac92,dfbfda99bbf1dcfef363322a12c1f35e802f407a6a6ce4bb293a3a884f0d2a79,f53585b57592910d,58.561800151371074,21.202173828071626,da3da2e497c12828,[],2.0,esp_011716_0940,['val'],2.0,Counter({'val': 2}),test,ec290f97fca0646c,True,development_corruption,1,C:\Users\deves\OneDrive\Desktop\Projects\TCMD-SS\data\raw\hirise_v3_2\map-proj-v3_2\ESP_011716_0940_RED-0008.jpg,development,foreign_content,0.15,esp_011716_0940_red-0008_foreign_content_0.15,0.3556402623653412,2.767238140106201,0.7121840119361877,0.3780073249999987
map-proj-v3_2/ESP_011716_0940_RED-0008.jpg,ok,,JPEG,227.0,227.0,L,1.0,1.0,normal,dark dune,val,esp_011716_0940_red-0008,[],b696b1cf249dad0bf56a254fc0e1545c20e811581f7b820ae91a759d8664ac92,dfbfda99bbf1dcfef363322a12c1f35e802f407a6a6ce4bb293a3a884f0d2a79,f53585b57592910d,58.561800151371074,21.202173828071626,da3da2e497c12828,[],2.0,esp_011716_0940,['val'],2.0,Counter({'val': 2}),test,ec290f97fca0646c,True,development_corruption,1,C:\Users\deves\OneDrive\Desktop\Projects\TCMD-SS\data\raw\hirise_v3_2\map-proj-v3_2\ESP_011716_0940_RED-0008.jpg,development,foreign_content,0.3,esp_011716_0940_red-0008_foreign_content_0.3,0.3567439615726471,3.056028366088867,0.7070959210395813,0.3780073249999987
map-proj-v3_2/ESP_011716_0940_RED-0008.jpg,ok,,JPEG,227.0,227.0,L,1.0,1.0,normal,dark dune,val,esp_011716_0940_red-0008,[],b696b1cf249dad0bf56a254fc0e1545c20e811581f7b820ae91a759d8664ac92,dfbfda99bbf1dcfef363322a12c1f35e802f407a6a6ce4bb293a3a884f0d2a79,f53585b57592910d,58.561800151371074,21.202173828071626,da3da2e497c12828,[],2.0,esp_011716_0940,['val'],2.0,Counter({'val': 2}),test,ec290f97fca0646c,True,development_corruption,1,C:\Users\deves\OneDrive\Desktop\Projects\TCMD-SS\data\raw\hirise_v3_2\map-proj-v3_2\ESP_011716_0940_RED-0008.jpg,development,foreign_content,0.5,esp_011716_0940_red-0008_foreign_content_0.5,0.37984901666641235,3.937114715576172,0.6253741383552551,0.37821997500009275
map-proj-v3_2/ESP_013141_2105_RED-0004.jpg,ok,,JPEG,227.0,227.0,L,1.0,1.0,normal,slope streak,train,esp_013141_2105_red-0004,[],17411a209831c91e86749a9658b09792958f8bacbe3ce378d35015128de7ad5b,ef26c96af0399a7d35a177c065331f2a0342deb5f8d6a607bc420923ff57d310,86633399cce6994d,119.69572473752643,14.01058522835041,957c3c13cf0c3c27,[],3.0,esp_013141_2105,['train'],1.0,Counter({'train': 1}),test,3b03e4150f5396f0,True,hirise_clean,0,C:\Users\deves\OneDrive\Desktop\Projects\TCMD-SS\data\raw\hirise_v3_2\map-proj-v3_2\ESP_013141_2105_RED-0004.jpg,development,clean,0.0,esp_013141_2105_red-0004_clean,0.251498281955719,2.4861161708831787,0.8747387528419495,0.37821997500009275
map-proj-v3_2/ESP_013141_2105_RED-0004.jpg,ok,,JPEG,227.0,227.0,L,1.0,1.0,normal,slope streak,train,esp_013141_2105_red-0004,[],17411a209831c91e86749a9658b09792958f8bacbe3ce378d35015128de7ad5b,ef26c96af0399a7d35a177c065331f2a0342deb5f8d6a607bc420923ff57d310,86633399cce6994d,119.69572473752643,14.01058522835041,957c3c13cf0c3c27,[],3.0,esp_013141_2105,['train'],1.0,Counter({'train': 1}),test,3b03e4150f5396f0,True,development_corruption,1,C:\Users\deves\OneDrive\Desktop\Projects\TCMD-SS\data\raw\hirise_v3_2\map-proj-v3_2\ESP_013141_2105_RED-0004.jpg,development,stripes,0.15,esp_013141_2105_red-0004_stripes_0.15,0.25020694732666016,1.913150429725647,0.874037504196167,0.37821997500009275
map-proj-v3_2/ESP_013141_2105_RED-0004.jpg,ok,,JPEG,227.0,227.0,L,1.0,1.0,normal,slope streak,train,esp_013141_2105_red-0004,[],17411a209831c91e86749a9658b09792958f8bacbe3ce378d35015128de7ad5b,ef26c96af0399a7d35a177c065331f2a0342deb5f8d6a607bc420923ff57d310,86633399cce6994d,119.69572473752643,14.01058522835041,957c3c13cf0c3c27,[],3.0,esp_013141_2105,['train'],1.0,Counter({'train': 1}),test,3b03e4150f5396f0,True,development_corruption,1,C:\Users\deves\OneDrive\Desktop\Projects\TCMD-SS\data\raw\hirise_v3_2\map-proj-v3_2\ESP_013141_2105_RED-0004.jpg,development,stripes,0.3,esp_013141_2105_red-0004_stripes_0.3,0.2585684657096863,1.3276139497756958,1.322197437286377,0.37821997500009275
map-proj-v3_2/ESP_013141_2105_RED-0004.jpg,ok,,JPEG,227.0,227.0,L,1.0,1.0,normal,slope streak,train,esp_013141_2105_red-0004,[],17411a209831c91e86749a9658b09792958f8bacbe3ce378d35015128de7ad5b,ef26c96af0399a7d35a177c065331f2a0342deb5f8d6a607bc420923ff57d310,86633399cce6994d,119.69572473752643,14.01058522835041,957c3c13cf0c3c27,[],3.0,esp_013141_2105,['train'],1.0,Counter({'train': 1}),test,3b03e4150f5396f0,True,development_corruption,1,C:\Users\deves\OneDrive\Desktop\Projects\TCMD-SS\data\raw\hirise_v3_2\map-proj-v3_2\ESP_013141_2105_RED-0004.jpg,development,stripes,0.5,esp_013141_2105_red-0004_stripes_0.5,0.2826824188232422,0.7516246438026428,2.1784281730651855,0.3858455749998484
map-proj-v3_2/ESP_013141_2105_RED-0004.jpg,ok,,JPEG,227.0,227.0,L,1.0,1.0,normal,slope streak,train,esp_013141_2105_red-0004,[],17411a209831c91e86749a9658b09792958f8bacbe3ce378d35015128de7ad5b,ef26c96af0399a7d35a177c065331f2a0342deb5f8d6a607bc420923ff57d310,86633399cce6994d,119.69572473752643,14.01058522835041,957c3c13cf0c3c27,[],3.0,esp_013141_2105,['train'],1.0,Counter({'train': 1}),test,3b03e4150f5396f0,True,development_corruption,1,C:\Users\deves\OneDrive\Desktop\Projects\TCMD-SS\data\raw\hirise_v3_2\map-proj-v3_2\ESP_013141_2105_RED-0004.jpg,development,dead_pixels,0.15,esp_013141_2105_red-0004_dead_pixels_0.15,0.43023234605789185,2.500234842300415,0.8835429549217224,0.3858455749998484
map-proj-v3_2/ESP_013141_2105_RED-0004.jpg,ok,,JPEG,227.0,227.0,L,1.0,1.0,normal,slope streak,train,esp_013141_2105_red-0004,[],17411a209831c91e86749a9658b09792958f8bacbe3ce378d35015128de7ad5b,ef26c96af0399a7d35a177c065331f2a0342deb5f8d6a607bc420923ff57d310,86633399cce6994d,119.69572473752643,14.01058522835041,957c3c13cf0c3c27,[],3.0,esp_013141_2105,['train'],1.0,Counter({'train': 1}),test,3b03e4150f5396f0,True,development_corruption,1,C:\Users\deves\OneDrive\Desktop\Projects\TCMD-SS\data\raw\hirise_v3_2\map-proj-v3_2\ESP_013141_2105_RED-0004.jpg,development,dead_pixels,0.3,esp_013141_2105_red-0004_dead_pixels_0.3,0.477486789226532,2.60379958152771,0.8936882019042969,0.3858455749998484
map-proj-v3_2/ESP_013141_2105_RED-0004.jpg,ok,,JPEG,227.0,227.0,L,1.0,1.0,normal,slope streak,train,esp_013141_2105_red-0004,[],17411a209831c91e86749a9658b09792958f8bacbe3ce378d35015128de7ad5b,ef26c96af0399a7d35a177c065331f2a0342deb5f8d6a607bc420923ff57d310,86633399cce6994d,119.69572473752643,14.01058522835041,957c3c13cf0c3c27,[],3.0,esp_013141_2105,['train'],1.0,Counter({'train': 1}),test,3b03e4150f5396f0,True,development_corruption,1,C:\Users\deves\OneDrive\Desktop\Projects\TCMD-SS\data\raw\hirise_v3_2\map-proj-v3_2\ESP_013141_2105_RED-0004.jpg,development,dead_pixels,0.5,esp_013141_2105_red-0004_dead_pixels_0.5,0.5054808855056763,2.5361733436584473,0.8947619199752808,0.3858455749998484
map-proj-v3_2/ESP_013141_2105_RED-0004.jpg,ok,,JPEG,227.0,227.0,L,1.0,1.0,normal,slope streak,train,esp_013141_2105_red-0004,[],17411a209831c91e86749a9658b09792958f8bacbe3ce378d35015128de7ad5b,ef26c96af0399a7d35a177c065331f2a0342deb5f8d6a607bc420923ff57d310,86633399cce6994d,119.69572473752643,14.01058522835041,957c3c13cf0c3c27,[],3.0,esp_013141_2105,['train'],1.0,Counter({'train': 1}),test,3b03e4150f5396f0,True,development_corruption,1,C:\Users\deves\OneDrive\Desktop\Projects\TCMD-SS\data\raw\hirise_v3_2\map-proj-v3_2\ESP_013141_2105_RED-0004.jpg,development,missing_patch,0.15,esp_013141_2105_red-0004_missing_patch_0.15,0.4048404097557068,2.8443081378936768,0.7590060234069824,0.3864890749998722
map-proj-v3_2/ESP_013141_2105_RED-0004.jpg,ok,,JPEG,227.0,227.0,L,1.0,1.0,normal,slope streak,train,esp_013141_2105_red-0004,[],17411a209831c91e86749a9658b09792958f8bacbe3ce378d35015128de7ad5b,ef26c96af0399a7d35a177c065331f2a0342deb5f8d6a607bc420923ff57d310,86633399cce6994d,119.69572473752643,14.01058522835041,957c3c13cf0c3c27,[],3.0,esp_013141_2105,['train'],1.0,Counter({'train': 1}),test,3b03e4150f5396f0,True,development_corruption,1,C:\Users\deves\OneDrive\Desktop\Projects\TCMD-SS\data\raw\hirise_v3_2\map-proj-v3_2\ESP_013141_2105_RED-0004.jpg,development,missing_patch,0.3,esp_013141_2105_red-0004_missing_patch_0.3,0.38699886202812195,4.048637390136719,0.7213963270187378,0.3864890749998722
map-proj-v3_2/ESP_013141_2105_RED-0004.jpg,ok,,JPEG,227.0,227.0,L,1.0,1.0,normal,slope streak,train,esp_013141_2105_red-0004,[],17411a209831c91e86749a9658b09792958f8bacbe3ce378d35015128de7ad5b,ef26c96af0399a7d35a177c065331f2a0342deb5f8d6a607bc420923ff57d310,86633399cce6994d,119.69572473752643,14.01058522835041,957c3c13cf0c3c27,[],3.0,esp_013141_2105,['train'],1.0,Counter({'train': 1}),test,3b03e4150f5396f0,True,development_corruption,1,C:\Users\deves\OneDrive\Desktop\Projects\TCMD-SS\data\raw\hirise_v3_2\map-proj-v3_2\ESP_013141_2105_RED-0004.jpg,development,missing_patch,0.5,esp_013141_2105_red-0004_missing_patch_0.5,0.3917728364467621,4.068565845489502,1.1600937843322754,0.3864890749998722
map-proj-v3_2/ESP_013141_2105_RED-0004.jpg,ok,,JPEG,227.0,227.0,L,1.0,1.0,normal,slope streak,train,esp_013141_2105_red-0004,[],17411a209831c91e86749a9658b09792958f8bacbe3ce378d35015128de7ad5b,ef26c96af0399a7d35a177c065331f2a0342deb5f8d6a607bc420923ff57d310,86633399cce6994d,119.69572473752643,14.01058522835041,957c3c13cf0c3c27,[],3.0,esp_013141_2105,['train'],1.0,Counter({'train': 1}),test,3b03e4150f5396f0,True,development_corruption,1,C:\Users\deves\OneDrive\Desktop\Projects\TCMD-SS\data\raw\hirise_v3_2\map-proj-v3_2\ESP_013141_2105_RED-0004.jpg,development,local_blur,0.15,esp_013141_2105_red-0004_local_blur_0.15,0.2516273260116577,2.4858992099761963,0.8751904368400574,0.3864890749998722
map-proj-v3_2/ESP_013141_2105_RED-0004.jpg,ok,,JPEG,227.0,227.0,L,1.0,1.0,normal,slope streak,train,esp_013141_2105_red-0004,[],17411a209831c91e86749a9658b09792958f8bacbe3ce378d35015128de7ad5b,ef26c96af0399a7d35a177c065331f2a0342deb5f8d6a607bc420923ff57d310,86633399cce6994d,119.69572473752643,14.01058522835041,957c3c13cf0c3c27,[],3.0,esp_013141_2105,['train'],1.0,Counter({'train': 1}),test,3b03e4150f5396f0,True,development_corruption,1,C:\Users\deves\OneDrive\Desktop\Projects\TCMD-SS\data\raw\hirise_v3_2\map-proj-v3_2\ESP_013141_2105_RED-0004.jpg,development,local_blur,0.3,esp_013141_2105_red-0004_local_blur_0.3,0.25209978222846985,2.4860150814056396,0.8742138743400574,0.3871321750000334
map-proj-v3_2/ESP_013141_2105_RED-0004.jpg,ok,,JPEG,227.0,227.0,L,1.0,1.0,normal,slope streak,train,esp_013141_2105_red-0004,[],17411a209831c91e86749a9658b09792958f8bacbe3ce378d35015128de7ad5b,ef26c96af0399a7d35a177c065331f2a0342deb5f8d6a607bc420923ff57d310,86633399cce6994d,119.69572473752643,14.01058522835041,957c3c13cf0c3c27,[],3.0,esp_013141_2105,['train'],1.0,Counter({'train': 1}),test,3b03e4150f5396f0,True,development_corruption,1,C:\Users\deves\OneDrive\Desktop\Projects\TCMD-SS\data\raw\hirise_v3_2\map-proj-v3_2\ESP_013141_2105_RED-0004.jpg,development,local_blur,0.5,esp_013141_2105_red-0004_local_blur_0.5,0.2527095377445221,2.501176595687866,0.8696594834327698,0.3871321750000334
map-proj-v3_2/ESP_013141_2105_RED-0004.jpg,ok,,JPEG,227.0,227.0,L,1.0,1.0,normal,slope streak,train,esp_013141_2105_red-0004,[],17411a209831c91e86749a9658b09792958f8bacbe3ce378d35015128de7ad5b,ef26c96af0399a7d35a177c065331f2a0342deb5f8d6a607bc420923ff57d310,86633399cce6994d,119.69572473752643,14.01058522835041,957c3c13cf0c3c27,[],3.0,esp_013141_2105,['train'],1.0,Counter({'train': 1}),test,3b03e4150f5396f0,True,development_corruption,1,C:\Users\deves\OneDrive\Desktop\Projects\TCMD-SS\data\raw\hirise_v3_2\map-proj-v3_2\ESP_013141_2105_RED-0004.jpg,development,patch_duplication,0.15,esp_013141_2105_red-0004_patch_duplication_0.15,0.24946993589401245,2.1767897605895996,0.8886095285415649,0.3871321750000334
map-proj-v3_2/ESP_013141_2105_RED-0004.jpg,ok,,JPEG,227.0,227.0,L,1.0,1.0,normal,slope streak,train,esp_013141_2105_red-0004,[],17411a209831c91e86749a9658b09792958f8bacbe3ce378d35015128de7ad5b,ef26c96af0399a7d35a177c065331f2a0342deb5f8d6a607bc420923ff57d310,86633399cce6994d,119.69572473752643,14.01058522835041,957c3c13cf0c3c27,[],3.0,esp_013141_2105,['train'],1.0,Counter({'train': 1}),test,3b03e4150f5396f0,True,development_corruption,1,C:\Users\deves\OneDrive\Desktop\Projects\TCMD-SS\data\raw\hirise_v3_2\map-proj-v3_2\ESP_013141_2105_RED-0004.jpg,development,patch_duplication,0.3,esp_013141_2105_red-0004_patch_duplication_0.3,0.24821294844150543,2.1616456508636475,0.8883349299430847,0.3871321750000334
map-proj-v3_2/ESP_013141_2105_RED-0004.jpg,ok,,JPEG,227.0,227.0,L,1.0,1.0,normal,slope streak,train,esp_013141_2105_red-0004,[],17411a209831c91e86749a9658b09792958f8bacbe3ce378d35015128de7ad5b,ef26c96af0399a7d35a177c065331f2a0342deb5f8d6a607bc420923ff57d310,86633399cce6994d,119.69572473752643,14.01058522835041,957c3c13cf0c3c27,[],3.0,esp_013141_2105,['train'],1.0,Counter({'train': 1}),test,3b03e4150f5396f0,True,development_corruption,1,C:\Users\deves\OneDrive\Desktop\Projects\TCMD-SS\data\raw\hirise_v3_2\map-proj-v3_2\ESP_013141_2105_RED-0004.jpg,development,patch_duplication,0.5,esp_013141_2105_red-0004_patch_duplication_0.5,0.2525123059749603,2.205594062805176,0.8597891330718994,0.38224380000019664
map-proj-v3_2/ESP_013141_2105_RED-0004.jpg,ok,,JPEG,227.0,227.0,L,1.0,1.0,normal,slope streak,train,esp_013141_2105_red-0004,[],17411a209831c91e86749a9658b09792958f8bacbe3ce378d35015128de7ad5b,ef26c96af0399a7d35a177c065331f2a0342deb5f8d6a607bc420923ff57d310,86633399cce6994d,119.69572473752643,14.01058522835041,957c3c13cf0c3c27,[],3.0,esp_013141_2105,['train'],1.0,Counter({'train': 1}),test,3b03e4150f5396f0,True,development_corruption,1,C:\Users\deves\OneDrive\Desktop\Projects\TCMD-SS\data\raw\hirise_v3_2\map-proj-v3_2\ESP_013141_2105_RED-0004.jpg,development,foreign_content,0.15,esp_013141_2105_red-0004_foreign_content_0.15,0.2696343660354614,2.546959400177002,0.8572521805763245,0.38224380000019664
map-proj-v3_2/ESP_013141_2105_RED-0004.jpg,ok,,JPEG,227.0,227.0,L,1.0,1.0,normal,slope streak,train,esp_013141_2105_red-0004,[],17411a209831c91e86749a9658b09792958f8bacbe3ce378d35015128de7ad5b,ef26c96af0399a7d35a177c065331f2a0342deb5f8d6a607bc420923ff57d310,86633399cce6994d,119.69572473752643,14.01058522835041,957c3c13cf0c3c27,[],3.0,esp_013141_2105,['train'],1.0,Counter({'train': 1}),test,3b03e4150f5396f0,True,development_corruption,1,C:\Users\deves\OneDrive\Desktop\Projects\TCMD-SS\data\raw\hirise_v3_2\map-proj-v3_2\ESP_013141_2105_RED-0004.jpg,development,foreign_content,0.3,esp_013141_2105_red-0004_foreign_content_0.3,0.3936022222042084,2.761646270751953,0.820152997970581,0.38224380000019664
map-proj-v3_2/ESP_013141_2105_RED-0004.jpg,ok,,JPEG,227.0,227.0,L,1.0,1.0,normal,slope streak,train,esp_013141_2105_red-0004,[],17411a209831c91e86749a9658b09792958f8bacbe3ce378d35015128de7ad5b,ef26c96af0399a7d35a177c065331f2a0342deb5f8d6a607bc420923ff57d310,86633399cce6994d,119.69572473752643,14.01058522835041,957c3c13cf0c3c27,[],3.0,esp_013141_2105,['train'],1.0,Counter({'train': 1}),test,3b03e4150f5396f0,True,development_corruption,1,C:\Users\deves\OneDrive\Desktop\Projects\TCMD-SS\data\raw\hirise_v3_2\map-proj-v3_2\ESP_013141_2105_RED-0004.jpg,development,foreign_content,0.5,esp_013141_2105_red-0004_foreign_content_0.5,0.48655399680137634,3.4444172382354736,0.7498606443405151,0.38224380000019664
map-proj-v3_2/ESP_016613_2570_RED-0043.jpg,ok,,JPEG,227.0,227.0,L,1.0,1.0,normal,bright dune,test,esp_016613_2570_red-0043,[],e959b6eb0960742528e097380eea135ac508c2f2b301a24f0a7d442d6d2e9ff5,7651c7763d37b26fd81c96e6215788aab59e23ad6d6aa1fff9953bf138f62245,caf44bb26f02ff00,196.78887616681868,29.006453358989084,199603234326a85f,[],4.0,esp_016613_2570,['test'],1.0,Counter({'test': 1}),test,22696c5952c42e43,True,hirise_clean,0,C:\Users\deves\OneDrive\Desktop\Projects\TCMD-SS\data\raw\hirise_v3_2\map-proj-v3_2\ESP_016613_2570_RED-0043.jpg,development,clean,0.0,esp_016613_2570_red-0043_clean,0.5666314959526062,3.7769691944122314,1.5437161922454834,0.38076984999997876
map-proj-v3_2/ESP_016613_2570_RED-0043.jpg,ok,,JPEG,227.0,227.0,L,1.0,1.0,normal,bright dune,test,esp_016613_2570_red-0043,[],e959b6eb0960742528e097380eea135ac508c2f2b301a24f0a7d442d6d2e9ff5,7651c7763d37b26fd81c96e6215788aab59e23ad6d6aa1fff9953bf138f62245,caf44bb26f02ff00,196.78887616681868,29.006453358989084,199603234326a85f,[],4.0,esp_016613_2570,['test'],1.0,Counter({'test': 1}),test,22696c5952c42e43,True,development_corruption,1,C:\Users\deves\OneDrive\Desktop\Projects\TCMD-SS\data\raw\hirise_v3_2\map-proj-v3_2\ESP_016613_2570_RED-0043.jpg,development,stripes,0.15,esp_016613_2570_red-0043_stripes_0.15,0.5700156688690186,3.431976556777954,1.497401237487793,0.38076984999997876
map-proj-v3_2/ESP_016613_2570_RED-0043.jpg,ok,,JPEG,227.0,227.0,L,1.0,1.0,normal,bright dune,test,esp_016613_2570_red-0043,[],e959b6eb0960742528e097380eea135ac508c2f2b301a24f0a7d442d6d2e9ff5,7651c7763d37b26fd81c96e6215788aab59e23ad6d6aa1fff9953bf138f62245,caf44bb26f02ff00,196.78887616681868,29.006453358989084,199603234326a85f,[],4.0,esp_016613_2570,['test'],1.0,Counter({'test': 1}),test,22696c5952c42e43,True,development_corruption,1,C:\Users\deves\OneDrive\Desktop\Projects\TCMD-SS\data\raw\hirise_v3_2\map-proj-v3_2\ESP_016613_2570_RED-0043.jpg,development,stripes,0.3,esp_016613_2570_red-0043_stripes_0.3,0.5794327855110168,2.9779155254364014,1.4509505033493042,0.38076984999997876
map-proj-v3_2/ESP_016613_2570_RED-0043.jpg,ok,,JPEG,227.0,227.0,L,1.0,1.0,normal,bright dune,test,esp_016613_2570_red-0043,[],e959b6eb0960742528e097380eea135ac508c2f2b301a24f0a7d442d6d2e9ff5,7651c7763d37b26fd81c96e6215788aab59e23ad6d6aa1fff9953bf138f62245,caf44bb26f02ff00,196.78887616681868,29.006453358989084,199603234326a85f,[],4.0,esp_016613_2570,['test'],1.0,Counter({'test': 1}),test,22696c5952c42e43,True,development_corruption,1,C:\Users\deves\OneDrive\Desktop\Projects\TCMD-SS\data\raw\hirise_v3_2\map-proj-v3_2\ESP_016613_2570_RED-0043.jpg,development,stripes,0.5,esp_016613_2570_red-0043_stripes_0.5,0.5924661755561829,2.4458158016204834,2.1407694816589355,0.38076984999997876
map-proj-v3_2/ESP_016613_2570_RED-0043.jpg,ok,,JPEG,227.0,227.0,L,1.0,1.0,normal,bright dune,test,esp_016613_2570_red-0043,[],e959b6eb0960742528e097380eea135ac508c2f2b301a24f0a7d442d6d2e9ff5,7651c7763d37b26fd81c96e6215788aab59e23ad6d6aa1fff9953bf138f62245,caf44bb26f02ff00,196.78887616681868,29.006453358989084,199603234326a85f,[],4.0,esp_016613_2570,['test'],1.0,Counter({'test': 1}),test,22696c5952c42e43,True,development_corruption,1,C:\Users\deves\OneDrive\Desktop\Projects\TCMD-SS\data\raw\hirise_v3_2\map-proj-v3_2\ESP_016613_2570_RED-0043.jpg,development,dead_pixels,0.15,esp_016613_2570_red-0043_dead_pixels_0.15,0.5931423902511597,3.8612661361694336,1.5257879495620728,0.3790001750001011
map-proj-v3_2/ESP_016613_2570_RED-0043.jpg,ok,,JPEG,227.0,227.0,L,1.0,1.0,normal,bright dune,test,esp_016613_2570_red-0043,[],e959b6eb0960742528e097380eea135ac508c2f2b301a24f0a7d442d6d2e9ff5,7651c7763d37b26fd81c96e6215788aab59e23ad6d6aa1fff9953bf138f62245,caf44bb26f02ff00,196.78887616681868,29.006453358989084,199603234326a85f,[],4.0,esp_016613_2570,['test'],1.0,Counter({'test': 1}),test,22696c5952c42e43,True,development_corruption,1,C:\Users\deves\OneDrive\Desktop\Projects\TCMD-SS\data\raw\hirise_v3_2\map-proj-v3_2\ESP_016613_2570_RED-0043.jpg,development,dead_pixels,0.3,esp_016613_2570_red-0043_dead_pixels_0.3,0.6188295483589172,4.000448703765869,1.505183458328247,0.3790001750001011
map-proj-v3_2/ESP_016613_2570_RED-0043.jpg,ok,,JPEG,227.0,227.0,L,1.0,1.0,normal,bright dune,test,esp_016613_2570_red-0043,[],e959b6eb0960742528e097380eea135ac508c2f2b301a24f0a7d442d6d2e9ff5,7651c7763d37b26fd81c96e6215788aab59e23ad6d6aa1fff9953bf138f62245,caf44bb26f02ff00,196.78887616681868,29.006453358989084,199603234326a85f,[],4.0,esp_016613_2570,['test'],1.0,Counter({'test': 1}),test,22696c5952c42e43,True,development_corruption,1,C:\Users\deves\OneDrive\Desktop\Projects\TCMD-SS\data\raw\hirise_v3_2\map-proj-v3_2\ESP_016613_2570_RED-0043.jpg,development,dead_pixels,0.5,esp_016613_2570_red-0043_dead_pixels_0.5,0.6527597308158875,4.000311851501465,1.4821361303329468,0.3790001750001011
map-proj-v3_2/ESP_016613_2570_RED-0043.jpg,ok,,JPEG,227.0,227.0,L,1.0,1.0,normal,bright dune,test,esp_016613_2570_red-0043,[],e959b6eb0960742528e097380eea135ac508c2f2b301a24f0a7d442d6d2e9ff5,7651c7763d37b26fd81c96e6215788aab59e23ad6d6aa1fff9953bf138f62245,caf44bb26f02ff00,196.78887616681868,29.006453358989084,199603234326a85f,[],4.0,esp_016613_2570,['test'],1.0,Counter({'test': 1}),test,22696c5952c42e43,True,development_corruption,1,C:\Users\deves\OneDrive\Desktop\Projects\TCMD-SS\data\raw\hirise_v3_2\map-proj-v3_2\ESP_016613_2570_RED-0043.jpg,development,missing_patch,0.15,esp_016613_2570_red-0043_missing_patch_0.15,0.7126883268356323,3.8833861351013184,1.4212960004806519,0.3790001750001011
map-proj-v3_2/ESP_016613_2570_RED-0043.jpg,ok,,JPEG,227.0,227.0,L,1.0,1.0,normal,bright dune,test,esp_016613_2570_red-0043,[],e959b6eb0960742528e097380eea135ac508c2f2b301a24f0a7d442d6d2e9ff5,7651c7763d37b26fd81c96e6215788aab59e23ad6d6aa1fff9953bf138f62245,caf44bb26f02ff00,196.78887616681868,29.006453358989084,199603234326a85f,[],4.0,esp_016613_2570,['test'],1.0,Counter({'test': 1}),test,22696c5952c42e43,True,development_corruption,1,C:\Users\deves\OneDrive\Desktop\Projects\TCMD-SS\data\raw\hirise_v3_2\map-proj-v3_2\ESP_016613_2570_RED-0043.jpg,development,missing_patch,0.3,esp_016613_2570_red-0043_missing_patch_0.3,0.6912879943847656,4.320026397705078,1.770275592803955,0.38458669999999984
map-proj-v3_2/ESP_016613_2570_RED-0043.jpg,ok,,JPEG,227.0,227.0,L,1.0,1.0,normal,bright dune,test,esp_016613_2570_red-0043,[],e959b6eb0960742528e097380eea135ac508c2f2b301a24f0a7d442d6d2e9ff5,7651c7763d37b26fd81c96e6215788aab59e23ad6d6aa1fff9953bf138f62245,caf44bb26f02ff00,196.78887616681868,29.006453358989084,199603234326a85f,[],4.0,esp_016613_2570,['test'],1.0,Counter({'test': 1}),test,22696c5952c42e43,True,development_corruption,1,C:\Users\deves\OneDrive\Desktop\Projects\TCMD-SS\data\raw\hirise_v3_2\map-proj-v3_2\ESP_016613_2570_RED-0043.jpg,development,missing_patch,0.5,esp_016613_2570_red-0043_missing_patch_0.5,0.6735677719116211,5.256142616271973,1.8177955150604248,0.38458669999999984
map-proj-v3_2/ESP_016613_2570_RED-0043.jpg,ok,,JPEG,227.0,227.0,L,1.0,1.0,normal,bright dune,test,esp_016613_2570_red-0043,[],e959b6eb0960742528e097380eea135ac508c2f2b301a24f0a7d442d6d2e9ff5,7651c7763d37b26fd81c96e6215788aab59e23ad6d6aa1fff9953bf138f62245,caf44bb26f02ff00,196.78887616681868,29.006453358989084,199603234326a85f,[],4.0,esp_016613_2570,['test'],1.0,Counter({'test': 1}),test,22696c5952c42e43,True,development_corruption,1,C:\Users\deves\OneDrive\Desktop\Projects\TCMD-SS\data\raw\hirise_v3_2\map-proj-v3_2\ESP_016613_2570_RED-0043.jpg,development,local_blur,0.15,esp_016613_2570_red-0043_local_blur_0.15,0.5666044354438782,4.193179130554199,1.543893575668335,0.38458669999999984
map-proj-v3_2/ESP_016613_2570_RED-0043.jpg,ok,,JPEG,227.0,227.0,L,1.0,1.0,normal,bright dune,test,esp_016613_2570_red-0043,[],e959b6eb0960742528e097380eea135ac508c2f2b301a24f0a7d442d6d2e9ff5,7651c7763d37b26fd81c96e6215788aab59e23ad6d6aa1fff9953bf138f62245,caf44bb26f02ff00,196.78887616681868,29.006453358989084,199603234326a85f,[],4.0,esp_016613_2570,['test'],1.0,Counter({'test': 1}),test,22696c5952c42e43,True,development_corruption,1,C:\Users\deves\OneDrive\Desktop\Projects\TCMD-SS\data\raw\hirise_v3_2\map-proj-v3_2\ESP_016613_2570_RED-0043.jpg,development,local_blur,0.3,esp_016613_2570_red-0043_local_blur_0.3,0.5665779113769531,4.253635883331299,1.5437126159667969,0.38458669999999984
map-proj-v3_2/ESP_016613_2570_RED-0043.jpg,ok,,JPEG,227.0,227.0,L,1.0,1.0,normal,bright dune,test,esp_016613_2570_red-0043,[],e959b6eb0960742528e097380eea135ac508c2f2b301a24f0a7d442d6d2e9ff5,7651c7763d37b26fd81c96e6215788aab59e23ad6d6aa1fff9953bf138f62245,caf44bb26f02ff00,196.78887616681868,29.006453358989084,199603234326a85f,[],4.0,esp_016613_2570,['test'],1.0,Counter({'test': 1}),test,22696c5952c42e43,True,development_corruption,1,C:\Users\deves\OneDrive\Desktop\Projects\TCMD-SS\data\raw\hirise_v3_2\map-proj-v3_2\ESP_016613_2570_RED-0043.jpg,development,local_blur,0.5,esp_016613_2570_red-0043_local_blur_0.5,0.566243588924408,4.2918829917907715,1.5595213174819946,0.3897906749998583
map-proj-v3_2/ESP_016613_2570_RED-0043.jpg,ok,,JPEG,227.0,227.0,L,1.0,1.0,normal,bright dune,test,esp_016613_2570_red-0043,[],e959b6eb0960742528e097380eea135ac508c2f2b301a24f0a7d442d6d2e9ff5,7651c7763d37b26fd81c96e6215788aab59e23ad6d6aa1fff9953bf138f62245,caf44bb26f02ff00,196.78887616681868,29.006453358989084,199603234326a85f,[],4.0,esp_016613_2570,['test'],1.0,Counter({'test': 1}),test,22696c5952c42e43,True,development_corruption,1,C:\Users\deves\OneDrive\Desktop\Projects\TCMD-SS\data\raw\hirise_v3_2\map-proj-v3_2\ESP_016613_2570_RED-0043.jpg,development,patch_duplication,0.15,esp_016613_2570_red-0043_patch_duplication_0.15,0.567434549331665,3.699272871017456,1.5421644449234009,0.3897906749998583
map-proj-v3_2/ESP_016613_2570_RED-0043.jpg,ok,,JPEG,227.0,227.0,L,1.0,1.0,normal,bright dune,test,esp_016613_2570_red-0043,[],e959b6eb0960742528e097380eea135ac508c2f2b301a24f0a7d442d6d2e9ff5,7651c7763d37b26fd81c96e6215788aab59e23ad6d6aa1fff9953bf138f62245,caf44bb26f02ff00,196.78887616681868,29.006453358989084,199603234326a85f,[],4.0,esp_016613_2570,['test'],1.0,Counter({'test': 1}),test,22696c5952c42e43,True,development_corruption,1,C:\Users\deves\OneDrive\Desktop\Projects\TCMD-SS\data\raw\hirise_v3_2\map-proj-v3_2\ESP_016613_2570_RED-0043.jpg,development,patch_duplication,0.3,esp_016613_2570_red-0043_patch_duplication_0.3,0.5712258815765381,3.647839307785034,1.5605709552764893,0.3897906749998583
map-proj-v3_2/ESP_016613_2570_RED-0043.jpg,ok,,JPEG,227.0,227.0,L,1.0,1.0,normal,bright dune,test,esp_016613_2570_red-0043,[],e959b6eb0960742528e097380eea135ac508c2f2b301a24f0a7d442d6d2e9ff5,7651c7763d37b26fd81c96e6215788aab59e23ad6d6aa1fff9953bf138f62245,caf44bb26f02ff00,196.78887616681868,29.006453358989084,199603234326a85f,[],4.0,esp_016613_2570,['test'],1.0,Counter({'test': 1}),test,22696c5952c42e43,True,development_corruption,1,C:\Users\deves\OneDrive\Desktop\Projects\TCMD-SS\data\raw\hirise_v3_2\map-proj-v3_2\ESP_016613_2570_RED-0043.jpg,development,patch_duplication,0.5,esp_016613_2570_red-0043_patch_duplication_0.5,0.5542348623275757,3.7048442363739014,1.6203488111495972,0.3897906749998583
map-proj-v3_2/ESP_016613_2570_RED-0043.jpg,ok,,JPEG,227.0,227.0,L,1.0,1.0,normal,bright dune,test,esp_016613_2570_red-0043,[],e959b6eb0960742528e097380eea135ac508c2f2b301a24f0a7d442d6d2e9ff5,7651c7763d37b26fd81c96e6215788aab59e23ad6d6aa1fff9953bf138f62245,caf44bb26f02ff00,196.78887616681868,29.006453358989084,199603234326a85f,[],4.0,esp_016613_2570,['test'],1.0,Counter({'test': 1}),test,22696c5952c42e43,True,development_corruption,1,C:\Users\deves\OneDrive\Desktop\Projects\TCMD-SS\data\raw\hirise_v3_2\map-proj-v3_2\ESP_016613_2570_RED-0043.jpg,development,foreign_content,0.15,esp_016613_2570_red-0043_foreign_content_0.15,0.5668548941612244,3.8153059482574463,1.5561145544052124,0.38594835000003513
map-proj-v3_2/ESP_016613_2570_RED-0043.jpg,ok,,JPEG,227.0,227.0,L,1.0,1.0,normal,bright dune,test,esp_016613_2570_red-0043,[],e959b6eb0960742528e097380eea135ac508c2f2b301a24f0a7d442d6d2e9ff5,7651c7763d37b26fd81c96e6215788aab59e23ad6d6aa1fff9953bf138f62245,caf44bb26f02ff00,196.78887616681868,29.006453358989084,199603234326a85f,[],4.0,esp_016613_2570,['test'],1.0,Counter({'test': 1}),test,22696c5952c42e43,True,development_corruption,1,C:\Users\deves\OneDrive\Desktop\Projects\TCMD-SS\data\raw\hirise_v3_2\map-proj-v3_2\ESP_016613_2570_RED-0043.jpg,development,foreign_content,0.3,esp_016613_2570_red-0043_foreign_content_0.3,0.5636088252067566,3.9407830238342285,1.487789273262024,0.38594835000003513
map-proj-v3_2/ESP_016613_2570_RED-0043.jpg,ok,,JPEG,227.0,227.0,L,1.0,1.0,normal,bright dune,test,esp_016613_2570_red-0043,[],e959b6eb0960742528e097380eea135ac508c2f2b301a24f0a7d442d6d2e9ff5,7651c7763d37b26fd81c96e6215788aab59e23ad6d6aa1fff9953bf138f62245,caf44bb26f02ff00,196.78887616681868,29.006453358989084,199603234326a85f,[],4.0,esp_016613_2570,['test'],1.0,Counter({'test': 1}),test,22696c5952c42e43,True,development_corruption,1,C:\Users\deves\OneDrive\Desktop\Projects\TCMD-SS\data\raw\hirise_v3_2\map-proj-v3_2\ESP_016613_2570_RED-0043.jpg,development,foreign_content,0.5,esp_016613_2570_red-0043_foreign_content_0.5,0.5620940923690796,4.38661527633667,1.2479057312011719,0.38594835000003513
map-proj-v3_2/ESP_017395_1700_RED-0049.jpg,ok,,JPEG,227.0,227.0,L,1.0,1.0,normal,impact ejecta,train,esp_017395_1700_red-0049,[],495917e0ae04399680f2d3299a9b2b0f9b76f2df99ddbe39be0423fee30a4e9d,d02bc6a490fe8152154f122920a2a4a4e92b88c411f54e93167982118d54cf54,9cdc3333cccc6332,115.55454210250538,29.91233446096436,79b30930e794f011,[],5.0,esp_017395_1700,['train'],2.0,Counter({'train': 2}),test,83aa4045df637967,True,hirise_clean,0,C:\Users\deves\OneDrive\Desktop\Projects\TCMD-SS\data\raw\hirise_v3_2\map-proj-v3_2\ESP_017395_1700_RED-0049.jpg,development,clean,0.0,esp_017395_1700_red-0049_clean,0.35798537731170654,2.8035244941711426,1.2664344310760498,0.38594835000003513
map-proj-v3_2/ESP_017395_1700_RED-0049.jpg,ok,,JPEG,227.0,227.0,L,1.0,1.0,normal,impact ejecta,train,esp_017395_1700_red-0049,[],495917e0ae04399680f2d3299a9b2b0f9b76f2df99ddbe39be0423fee30a4e9d,d02bc6a490fe8152154f122920a2a4a4e92b88c411f54e93167982118d54cf54,9cdc3333cccc6332,115.55454210250538,29.91233446096436,79b30930e794f011,[],5.0,esp_017395_1700,['train'],2.0,Counter({'train': 2}),test,83aa4045df637967,True,development_corruption,1,C:\Users\deves\OneDrive\Desktop\Projects\TCMD-SS\data\raw\hirise_v3_2\map-proj-v3_2\ESP_017395_1700_RED-0049.jpg,development,stripes,0.15,esp_017395_1700_red-0049_stripes_0.15,0.35810548067092896,2.387045383453369,1.256251573562622,0.38708697500010203
map-proj-v3_2/ESP_017395_1700_RED-0049.jpg,ok,,JPEG,227.0,227.0,L,1.0,1.0,normal,impact ejecta,train,esp_017395_1700_red-0049,[],495917e0ae04399680f2d3299a9b2b0f9b76f2df99ddbe39be0423fee30a4e9d,d02bc6a490fe8152154f122920a2a4a4e92b88c411f54e93167982118d54cf54,9cdc3333cccc6332,115.55454210250538,29.91233446096436,79b30930e794f011,[],5.0,esp_017395_1700,['train'],2.0,Counter({'train': 2}),test,83aa4045df637967,True,development_corruption,1,C:\Users\deves\OneDrive\Desktop\Projects\TCMD-SS\data\raw\hirise_v3_2\map-proj-v3_2\ESP_017395_1700_RED-0049.jpg,development,stripes,0.3,esp_017395_1700_red-0049_stripes_0.3,0.35797908902168274,1.8100546598434448,1.287313461303711,0.38708697500010203
map-proj-v3_2/ESP_017395_1700_RED-0049.jpg,ok,,JPEG,227.0,227.0,L,1.0,1.0,normal,impact ejecta,train,esp_017395_1700_red-0049,[],495917e0ae04399680f2d3299a9b2b0f9b76f2df99ddbe39be0423fee30a4e9d,d02bc6a490fe8152154f122920a2a4a4e92b88c411f54e93167982118d54cf54,9cdc3333cccc6332,115.55454210250538,29.91233446096436,79b30930e794f011,[],5.0,esp_017395_1700,['train'],2.0,Counter({'train': 2}),test,83aa4045df637967,True,development_corruption,1,C:\Users\deves\OneDrive\Desktop\Projects\TCMD-SS\data\raw\hirise_v3_2\map-proj-v3_2\ESP_017395_1700_RED-0049.jpg,development,stripes,0.5,esp_017395_1700_red-0049_stripes_0.5,0.3617275059223175,1.184662938117981,2.1063995361328125,0.38708697500010203
map-proj-v3_2/ESP_017395_1700_RED-0049.jpg,ok,,JPEG,227.0,227.0,L,1.0,1.0,normal,impact ejecta,train,esp_017395_1700_red-0049,[],495917e0ae04399680f2d3299a9b2b0f9b76f2df99ddbe39be0423fee30a4e9d,d02bc6a490fe8152154f122920a2a4a4e92b88c411f54e93167982118d54cf54,9cdc3333cccc6332,115.55454210250538,29.91233446096436,79b30930e794f011,[],5.0,esp_017395_1700,['train'],2.0,Counter({'train': 2}),test,83aa4045df637967,True,development_corruption,1,C:\Users\deves\OneDrive\Desktop\Projects\TCMD-SS\data\raw\hirise_v3_2\map-proj-v3_2\ESP_017395_1700_RED-0049.jpg,development,dead_pixels,0.15,esp_017395_1700_red-0049_dead_pixels_0.15,0.43770578503608704,2.8414554595947266,1.2272645235061646,0.38708697500010203
map-proj-v3_2/ESP_017395_1700_RED-0049.jpg,ok,,JPEG,227.0,227.0,L,1.0,1.0,normal,impact ejecta,train,esp_017395_1700_red-0049,[],495917e0ae04399680f2d3299a9b2b0f9b76f2df99ddbe39be0423fee30a4e9d,d02bc6a490fe8152154f122920a2a4a4e92b88c411f54e93167982118d54cf54,9cdc3333cccc6332,115.55454210250538,29.91233446096436,79b30930e794f011,[],5.0,esp_017395_1700,['train'],2.0,Counter({'train': 2}),test,83aa4045df637967,True,development_corruption,1,C:\Users\deves\OneDrive\Desktop\Projects\TCMD-SS\data\raw\hirise_v3_2\map-proj-v3_2\ESP_017395_1700_RED-0049.jpg,development,dead_pixels,0.3,esp_017395_1700_red-0049_dead_pixels_0.3,0.4679582417011261,2.713959217071533,1.2339714765548706,0.3868112749999
map-proj-v3_2/ESP_017395_1700_RED-0049.jpg,ok,,JPEG,227.0,227.0,L,1.0,1.0,normal,impact ejecta,train,esp_017395_1700_red-0049,[],495917e0ae04399680f2d3299a9b2b0f9b76f2df99ddbe39be0423fee30a4e9d,d02bc6a490fe8152154f122920a2a4a4e92b88c411f54e93167982118d54cf54,9cdc3333cccc6332,115.55454210250538,29.91233446096436,79b30930e794f011,[],5.0,esp_017395_1700,['train'],2.0,Counter({'train': 2}),test,83aa4045df637967,True,development_corruption,1,C:\Users\deves\OneDrive\Desktop\Projects\TCMD-SS\data\raw\hirise_v3_2\map-proj-v3_2\ESP_017395_1700_RED-0049.jpg,development,dead_pixels,0.5,esp_017395_1700_red-0049_dead_pixels_0.5,0.4904397428035736,2.6915905475616455,1.1935932636260986,0.3868112749999
map-proj-v3_2/ESP_017395_1700_RED-0049.jpg,ok,,JPEG,227.0,227.0,L,1.0,1.0,normal,impact ejecta,train,esp_017395_1700_red-0049,[],495917e0ae04399680f2d3299a9b2b0f9b76f2df99ddbe39be0423fee30a4e9d,d02bc6a490fe8152154f122920a2a4a4e92b88c411f54e93167982118d54cf54,9cdc3333cccc6332,115.55454210250538,29.91233446096436,79b30930e794f011,[],5.0,esp_017395_1700,['train'],2.0,Counter({'train': 2}),test,83aa4045df637967,True,development_corruption,1,C:\Users\deves\OneDrive\Desktop\Projects\TCMD-SS\data\raw\hirise_v3_2\map-proj-v3_2\ESP_017395_1700_RED-0049.jpg,development,missing_patch,0.15,esp_017395_1700_red-0049_missing_patch_0.15,0.42546340823173523,2.8556454181671143,1.4302870035171509,0.3868112749999
map-proj-v3_2/ESP_017395_1700_RED-0049.jpg,ok,,JPEG,227.0,227.0,L,1.0,1.0,normal,impact ejecta,train,esp_017395_1700_red-0049,[],495917e0ae04399680f2d3299a9b2b0f9b76f2df99ddbe39be0423fee30a4e9d,d02bc6a490fe8152154f122920a2a4a4e92b88c411f54e93167982118d54cf54,9cdc3333cccc6332,115.55454210250538,29.91233446096436,79b30930e794f011,[],5.0,esp_017395_1700,['train'],2.0,Counter({'train': 2}),test,83aa4045df637967,True,development_corruption,1,C:\Users\deves\OneDrive\Desktop\Projects\TCMD-SS\data\raw\hirise_v3_2\map-proj-v3_2\ESP_017395_1700_RED-0049.jpg,development,missing_patch,0.3,esp_017395_1700_red-0049_missing_patch_0.3,0.41595420241355896,3.064371109008789,1.4941787719726562,0.3868112749999
map-proj-v3_2/ESP_017395_1700_RED-0049.jpg,ok,,JPEG,227.0,227.0,L,1.0,1.0,normal,impact ejecta,train,esp_017395_1700_red-0049,[],495917e0ae04399680f2d3299a9b2b0f9b76f2df99ddbe39be0423fee30a4e9d,d02bc6a490fe8152154f122920a2a4a4e92b88c411f54e93167982118d54cf54,9cdc3333cccc6332,115.55454210250538,29.91233446096436,79b30930e794f011,[],5.0,esp_017395_1700,['train'],2.0,Counter({'train': 2}),test,83aa4045df637967,True,development_corruption,1,C:\Users\deves\OneDrive\Desktop\Projects\TCMD-SS\data\raw\hirise_v3_2\map-proj-v3_2\ESP_017395_1700_RED-0049.jpg,development,missing_patch,0.5,esp_017395_1700_red-0049_missing_patch_0.5,0.4170030653476715,3.8698830604553223,1.5933494567871094,0.38876937500003805
map-proj-v3_2/ESP_017395_1700_RED-0049.jpg,ok,,JPEG,227.0,227.0,L,1.0,1.0,normal,impact ejecta,train,esp_017395_1700_red-0049,[],495917e0ae04399680f2d3299a9b2b0f9b76f2df99ddbe39be0423fee30a4e9d,d02bc6a490fe8152154f122920a2a4a4e92b88c411f54e93167982118d54cf54,9cdc3333cccc6332,115.55454210250538,29.91233446096436,79b30930e794f011,[],5.0,esp_017395_1700,['train'],2.0,Counter({'train': 2}),test,83aa4045df637967,True,development_corruption,1,C:\Users\deves\OneDrive\Desktop\Projects\TCMD-SS\data\raw\hirise_v3_2\map-proj-v3_2\ESP_017395_1700_RED-0049.jpg,development,local_blur,0.15,esp_017395_1700_red-0049_local_blur_0.15,0.35795944929122925,2.8350095748901367,1.2674636840820312,0.38876937500003805
map-proj-v3_2/ESP_017395_1700_RED-0049.jpg,ok,,JPEG,227.0,227.0,L,1.0,1.0,normal,impact ejecta,train,esp_017395_1700_red-0049,[],495917e0ae04399680f2d3299a9b2b0f9b76f2df99ddbe39be0423fee30a4e9d,d02bc6a490fe8152154f122920a2a4a4e92b88c411f54e93167982118d54cf54,9cdc3333cccc6332,115.55454210250538,29.91233446096436,79b30930e794f011,[],5.0,esp_017395_1700,['train'],2.0,Counter({'train': 2}),test,83aa4045df637967,True,development_corruption,1,C:\Users\deves\OneDrive\Desktop\Projects\TCMD-SS\data\raw\hirise_v3_2\map-proj-v3_2\ESP_017395_1700_RED-0049.jpg,development,local_blur,0.3,esp_017395_1700_red-0049_local_blur_0.3,0.35647866129875183,2.8367457389831543,1.2674063444137573,0.38876937500003805
map-proj-v3_2/ESP_017395_1700_RED-0049.jpg,ok,,JPEG,227.0,227.0,L,1.0,1.0,normal,impact ejecta,train,esp_017395_1700_red-0049,[],495917e0ae04399680f2d3299a9b2b0f9b76f2df99ddbe39be0423fee30a4e9d,d02bc6a490fe8152154f122920a2a4a4e92b88c411f54e93167982118d54cf54,9cdc3333cccc6332,115.55454210250538,29.91233446096436,79b30930e794f011,[],5.0,esp_017395_1700,['train'],2.0,Counter({'train': 2}),test,83aa4045df637967,True,development_corruption,1,C:\Users\deves\OneDrive\Desktop\Projects\TCMD-SS\data\raw\hirise_v3_2\map-proj-v3_2\ESP_017395_1700_RED-0049.jpg,development,local_blur,0.5,esp_017395_1700_red-0049_local_blur_0.5,0.32632848620414734,3.099576950073242,1.2456209659576416,0.38876937500003805
map-proj-v3_2/ESP_017395_1700_RED-0049.jpg,ok,,JPEG,227.0,227.0,L,1.0,1.0,normal,impact ejecta,train,esp_017395_1700_red-0049,[],495917e0ae04399680f2d3299a9b2b0f9b76f2df99ddbe39be0423fee30a4e9d,d02bc6a490fe8152154f122920a2a4a4e92b88c411f54e93167982118d54cf54,9cdc3333cccc6332,115.55454210250538,29.91233446096436,79b30930e794f011,[],5.0,esp_017395_1700,['train'],2.0,Counter({'train': 2}),test,83aa4045df637967,True,development_corruption,1,C:\Users\deves\OneDrive\Desktop\Projects\TCMD-SS\data\raw\hirise_v3_2\map-proj-v3_2\ESP_017395_1700_RED-0049.jpg,development,patch_duplication,0.15,esp_017395_1700_red-0049_patch_duplication_0.15,0.3579881191253662,2.6032989025115967,1.2904685735702515,0.3932836500000576
map-proj-v3_2/ESP_017395_1700_RED-0049.jpg,ok,,JPEG,227.0,227.0,L,1.0,1.0,normal,impact ejecta,train,esp_017395_1700_red-0049,[],495917e0ae04399680f2d3299a9b2b0f9b76f2df99ddbe39be0423fee30a4e9d,d02bc6a490fe8152154f122920a2a4a4e92b88c411f54e93167982118d54cf54,9cdc3333cccc6332,115.55454210250538,29.91233446096436,79b30930e794f011,[],5.0,esp_017395_1700,['train'],2.0,Counter({'train': 2}),test,83aa4045df637967,True,development_corruption,1,C:\Users\deves\OneDrive\Desktop\Projects\TCMD-SS\data\raw\hirise_v3_2\map-proj-v3_2\ESP_017395_1700_RED-0049.jpg,development,patch_duplication,0.3,esp_017395_1700_red-0049_patch_duplication_0.3,0.3580271303653717,2.6039164066314697,1.3166134357452393,0.3932836500000576
map-proj-v3_2/ESP_017395_1700_RED-0049.jpg,ok,,JPEG,227.0,227.0,L,1.0,1.0,normal,impact ejecta,train,esp_017395_1700_red-0049,[],495917e0ae04399680f2d3299a9b2b0f9b76f2df99ddbe39be0423fee30a4e9d,d02bc6a490fe8152154f122920a2a4a4e92b88c411f54e93167982118d54cf54,9cdc3333cccc6332,115.55454210250538,29.91233446096436,79b30930e794f011,[],5.0,esp_017395_1700,['train'],2.0,Counter({'train': 2}),test,83aa4045df637967,True,development_corruption,1,C:\Users\deves\OneDrive\Desktop\Projects\TCMD-SS\data\raw\hirise_v3_2\map-proj-v3_2\ESP_017395_1700_RED-0049.jpg,development,patch_duplication,0.5,esp_017395_1700_red-0049_patch_duplication_0.5,0.35839611291885376,2.636448383331299,1.251065969467163,0.3932836500000576
map-proj-v3_2/ESP_017395_1700_RED-0049.jpg,ok,,JPEG,227.0,227.0,L,1.0,1.0,normal,impact ejecta,train,esp_017395_1700_red-0049,[],495917e0ae04399680f2d3299a9b2b0f9b76f2df99ddbe39be0423fee30a4e9d,d02bc6a490fe8152154f122920a2a4a4e92b88c411f54e93167982118d54cf54,9cdc3333cccc6332,115.55454210250538,29.91233446096436,79b30930e794f011,[],5.0,esp_017395_1700,['train'],2.0,Counter({'train': 2}),test,83aa4045df637967,True,development_corruption,1,C:\Users\deves\OneDrive\Desktop\Projects\TCMD-SS\data\raw\hirise_v3_2\map-proj-v3_2\ESP_017395_1700_RED-0049.jpg,development,foreign_content,0.15,esp_017395_1700_red-0049_foreign_content_0.15,0.35778266191482544,2.836085557937622,1.2657732963562012,0.3932836500000576
map-proj-v3_2/ESP_017395_1700_RED-0049.jpg,ok,,JPEG,227.0,227.0,L,1.0,1.0,normal,impact ejecta,train,esp_017395_1700_red-0049,[],495917e0ae04399680f2d3299a9b2b0f9b76f2df99ddbe39be0423fee30a4e9d,d02bc6a490fe8152154f122920a2a4a4e92b88c411f54e93167982118d54cf54,9cdc3333cccc6332,115.55454210250538,29.91233446096436,79b30930e794f011,[],5.0,esp_017395_1700,['train'],2.0,Counter({'train': 2}),test,83aa4045df637967,True,development_corruption,1,C:\Users\deves\OneDrive\Desktop\Projects\TCMD-SS\data\raw\hirise_v3_2\map-proj-v3_2\ESP_017395_1700_RED-0049.jpg,development,foreign_content,0.3,esp_017395_1700_red-0049_foreign_content_0.3,0.3680581748485565,2.955007553100586,1.285158634185791,0.3900912500000686
map-proj-v3_2/ESP_017395_1700_RED-0049.jpg,ok,,JPEG,227.0,227.0,L,1.0,1.0,normal,impact ejecta,train,esp_017395_1700_red-0049,[],495917e0ae04399680f2d3299a9b2b0f9b76f2df99ddbe39be0423fee30a4e9d,d02bc6a490fe8152154f122920a2a4a4e92b88c411f54e93167982118d54cf54,9cdc3333cccc6332,115.55454210250538,29.91233446096436,79b30930e794f011,[],5.0,esp_017395_1700,['train'],2.0,Counter({'train': 2}),test,83aa4045df637967,True,development_corruption,1,C:\Users\deves\OneDrive\Desktop\Projects\TCMD-SS\data\raw\hirise_v3_2\map-proj-v3_2\ESP_017395_1700_RED-0049.jpg,development,foreign_content,0.5,esp_017395_1700_red-0049_foreign_content_0.5,0.39993220567703247,3.766103744506836,1.2810698747634888,0.3900912500000686
map-proj-v3_2/ESP_012588_0930_RED-0008.jpg,ok,,JPEG,227.0,227.0,L,1.0,1.0,normal,swiss cheese,val,esp_012588_0930_red-0008,[],70ec138d059d71f48f3431bb9955ef0ef2e106d05d92dcbe7922ecc947697ddb,64c15778061f4502aa013182d22f5d707f03bcb0192309e9e73126183a689da2,9322c8b312f5a9fa,126.97696442779794,19.38581563886753,e63c4b4376604cc0,[],6.0,esp_012588_0930,['val'],2.0,Counter({'val': 2}),test,0f0dc58966ae6d59,True,hirise_clean,0,C:\Users\deves\OneDrive\Desktop\Projects\TCMD-SS\data\raw\hirise_v3_2\map-proj-v3_2\ESP_012588_0930_RED-0008.jpg,development,clean,0.0,esp_012588_0930_red-0008_clean,0.37408435344696045,1.5281299352645874,0.43196403980255127,0.3900912500000686
map-proj-v3_2/ESP_012588_0930_RED-0008.jpg,ok,,JPEG,227.0,227.0,L,1.0,1.0,normal,swiss cheese,val,esp_012588_0930_red-0008,[],70ec138d059d71f48f3431bb9955ef0ef2e106d05d92dcbe7922ecc947697ddb,64c15778061f4502aa013182d22f5d707f03bcb0192309e9e73126183a689da2,9322c8b312f5a9fa,126.97696442779794,19.38581563886753,e63c4b4376604cc0,[],6.0,esp_012588_0930,['val'],2.0,Counter({'val': 2}),test,0f0dc58966ae6d59,True,development_corruption,1,C:\Users\deves\OneDrive\Desktop\Projects\TCMD-SS\data\raw\hirise_v3_2\map-proj-v3_2\ESP_012588_0930_RED-0008.jpg,development,stripes,0.15,esp_012588_0930_red-0008_stripes_0.15,0.37254798412323,1.332901120185852,0.5111405849456787,0.3900912500000686
map-proj-v3_2/ESP_012588_0930_RED-0008.jpg,ok,,JPEG,227.0,227.0,L,1.0,1.0,normal,swiss cheese,val,esp_012588_0930_red-0008,[],70ec138d059d71f48f3431bb9955ef0ef2e106d05d92dcbe7922ecc947697ddb,64c15778061f4502aa013182d22f5d707f03bcb0192309e9e73126183a689da2,9322c8b312f5a9fa,126.97696442779794,19.38581563886753,e63c4b4376604cc0,[],6.0,esp_012588_0930,['val'],2.0,Counter({'val': 2}),test,0f0dc58966ae6d59,True,development_corruption,1,C:\Users\deves\OneDrive\Desktop\Projects\TCMD-SS\data\raw\hirise_v3_2\map-proj-v3_2\ESP_012588_0930_RED-0008.jpg,development,stripes,0.3,esp_012588_0930_red-0008_stripes_0.3,0.3771909773349762,1.0013058185577393,1.3307684659957886,0.3830006250000224
map-proj-v3_2/ESP_012588_0930_RED-0008.jpg,ok,,JPEG,227.0,227.0,L,1.0,1.0,normal,swiss cheese,val,esp_012588_0930_red-0008,[],70ec138d059d71f48f3431bb9955ef0ef2e106d05d92dcbe7922ecc947697ddb,64c15778061f4502aa013182d22f5d707f03bcb0192309e9e73126183a689da2,9322c8b312f5a9fa,126.97696442779794,19.38581563886753,e63c4b4376604cc0,[],6.0,esp_012588_0930,['val'],2.0,Counter({'val': 2}),test,0f0dc58966ae6d59,True,development_corruption,1,C:\Users\deves\OneDrive\Desktop\Projects\TCMD-SS\data\raw\hirise_v3_2\map-proj-v3_2\ESP_012588_0930_RED-0008.jpg,development,stripes,0.5,esp_012588_0930_red-0008_stripes_0.5,0.3907671570777893,0.6169041395187378,2.1792237758636475,0.3830006250000224
map-proj-v3_2/ESP_012588_0930_RED-0008.jpg,ok,,JPEG,227.0,227.0,L,1.0,1.0,normal,swiss cheese,val,esp_012588_0930_red-0008,[],70ec138d059d71f48f3431bb9955ef0ef2e106d05d92dcbe7922ecc947697ddb,64c15778061f4502aa013182d22f5d707f03bcb0192309e9e73126183a689da2,9322c8b312f5a9fa,126.97696442779794,19.38581563886753,e63c4b4376604cc0,[],6.0,esp_012588_0930,['val'],2.0,Counter({'val': 2}),test,0f0dc58966ae6d59,True,development_corruption,1,C:\Users\deves\OneDrive\Desktop\Projects\TCMD-SS\data\raw\hirise_v3_2\map-proj-v3_2\ESP_012588_0930_RED-0008.jpg,development,dead_pixels,0.15,esp_012588_0930_red-0008_dead_pixels_0.15,0.4689601957798004,1.614092469215393,0.46237751841545105,0.3830006250000224
map-proj-v3_2/ESP_012588_0930_RED-0008.jpg,ok,,JPEG,227.0,227.0,L,1.0,1.0,normal,swiss cheese,val,esp_012588_0930_red-0008,[],70ec138d059d71f48f3431bb9955ef0ef2e106d05d92dcbe7922ecc947697ddb,64c15778061f4502aa013182d22f5d707f03bcb0192309e9e73126183a689da2,9322c8b312f5a9fa,126.97696442779794,19.38581563886753,e63c4b4376604cc0,[],6.0,esp_012588_0930,['val'],2.0,Counter({'val': 2}),test,0f0dc58966ae6d59,True,development_corruption,1,C:\Users\deves\OneDrive\Desktop\Projects\TCMD-SS\data\raw\hirise_v3_2\map-proj-v3_2\ESP_012588_0930_RED-0008.jpg,development,dead_pixels,0.3,esp_012588_0930_red-0008_dead_pixels_0.3,0.49586623907089233,1.4614481925964355,0.4986250400543213,0.3830006250000224
map-proj-v3_2/ESP_012588_0930_RED-0008.jpg,ok,,JPEG,227.0,227.0,L,1.0,1.0,normal,swiss cheese,val,esp_012588_0930_red-0008,[],70ec138d059d71f48f3431bb9955ef0ef2e106d05d92dcbe7922ecc947697ddb,64c15778061f4502aa013182d22f5d707f03bcb0192309e9e73126183a689da2,9322c8b312f5a9fa,126.97696442779794,19.38581563886753,e63c4b4376604cc0,[],6.0,esp_012588_0930,['val'],2.0,Counter({'val': 2}),test,0f0dc58966ae6d59,True,development_corruption,1,C:\Users\deves\OneDrive\Desktop\Projects\TCMD-SS\data\raw\hirise_v3_2\map-proj-v3_2\ESP_012588_0930_RED-0008.jpg,development,dead_pixels,0.5,esp_012588_0930_red-0008_dead_pixels_0.5,0.4930041432380676,1.4504694938659668,0.4908130168914795,0.3866167000001042
map-proj-v3_2/ESP_012588_0930_RED-0008.jpg,ok,,JPEG,227.0,227.0,L,1.0,1.0,normal,swiss cheese,val,esp_012588_0930_red-0008,[],70ec138d059d71f48f3431bb9955ef0ef2e106d05d92dcbe7922ecc947697ddb,64c15778061f4502aa013182d22f5d707f03bcb0192309e9e73126183a689da2,9322c8b312f5a9fa,126.97696442779794,19.38581563886753,e63c4b4376604cc0,[],6.0,esp_012588_0930,['val'],2.0,Counter({'val': 2}),test,0f0dc58966ae6d59,True,development_corruption,1,C:\Users\deves\OneDrive\Desktop\Projects\TCMD-SS\data\raw\hirise_v3_2\map-proj-v3_2\ESP_012588_0930_RED-0008.jpg,development,missing_patch,0.15,esp_012588_0930_red-0008_missing_patch_0.15,0.4798027276992798,1.5194035768508911,0.6038452386856079,0.3866167000001042
map-proj-v3_2/ESP_012588_0930_RED-0008.jpg,ok,,JPEG,227.0,227.0,L,1.0,1.0,normal,swiss cheese,val,esp_012588_0930_red-0008,[],70ec138d059d71f48f3431bb9955ef0ef2e106d05d92dcbe7922ecc947697ddb,64c15778061f4502aa013182d22f5d707f03bcb0192309e9e73126183a689da2,9322c8b312f5a9fa,126.97696442779794,19.38581563886753,e63c4b4376604cc0,[],6.0,esp_012588_0930,['val'],2.0,Counter({'val': 2}),test,0f0dc58966ae6d59,True,development_corruption,1,C:\Users\deves\OneDrive\Desktop\Projects\TCMD-SS\data\raw\hirise_v3_2\map-proj-v3_2\ESP_012588_0930_RED-0008.jpg,development,missing_patch,0.3,esp_012588_0930_red-0008_missing_patch_0.3,0.39717403054237366,3.947707176208496,1.0343518257141113,0.3866167000001042
map-proj-v3_2/ESP_012588_0930_RED-0008.jpg,ok,,JPEG,227.0,227.0,L,1.0,1.0,normal,swiss cheese,val,esp_012588_0930_red-0008,[],70ec138d059d71f48f3431bb9955ef0ef2e106d05d92dcbe7922ecc947697ddb,64c15778061f4502aa013182d22f5d707f03bcb0192309e9e73126183a689da2,9322c8b312f5a9fa,126.97696442779794,19.38581563886753,e63c4b4376604cc0,[],6.0,esp_012588_0930,['val'],2.0,Counter({'val': 2}),test,0f0dc58966ae6d59,True,development_corruption,1,C:\Users\deves\OneDrive\Desktop\Projects\TCMD-SS\data\raw\hirise_v3_2\map-proj-v3_2\ESP_012588_0930_RED-0008.jpg,development,missing_patch,0.5,esp_012588_0930_red-0008_missing_patch_0.5,0.416794091463089,4.004827499389648,1.168428659439087,0.3866167000001042
map-proj-v3_2/ESP_012588_0930_RED-0008.jpg,ok,,JPEG,227.0,227.0,L,1.0,1.0,normal,swiss cheese,val,esp_012588_0930_red-0008,[],70ec138d059d71f48f3431bb9955ef0ef2e106d05d92dcbe7922ecc947697ddb,64c15778061f4502aa013182d22f5d707f03bcb0192309e9e73126183a689da2,9322c8b312f5a9fa,126.97696442779794,19.38581563886753,e63c4b4376604cc0,[],6.0,esp_012588_0930,['val'],2.0,Counter({'val': 2}),test,0f0dc58966ae6d59,True,development_corruption,1,C:\Users\deves\OneDrive\Desktop\Projects\TCMD-SS\data\raw\hirise_v3_2\map-proj-v3_2\ESP_012588_0930_RED-0008.jpg,development,local_blur,0.15,esp_012588_0930_red-0008_local_blur_0.15,0.3690294623374939,1.7864443063735962,0.4259430170059204,0.388802725000005
map-proj-v3_2/ESP_012588_0930_RED-0008.jpg,ok,,JPEG,227.0,227.0,L,1.0,1.0,normal,swiss cheese,val,esp_012588_0930_red-0008,[],70ec138d059d71f48f3431bb9955ef0ef2e106d05d92dcbe7922ecc947697ddb,64c15778061f4502aa013182d22f5d707f03bcb0192309e9e73126183a689da2,9322c8b312f5a9fa,126.97696442779794,19.38581563886753,e63c4b4376604cc0,[],6.0,esp_012588_0930,['val'],2.0,Counter({'val': 2}),test,0f0dc58966ae6d59,True,development_corruption,1,C:\Users\deves\OneDrive\Desktop\Projects\TCMD-SS\data\raw\hirise_v3_2\map-proj-v3_2\ESP_012588_0930_RED-0008.jpg,development,local_blur,0.3,esp_012588_0930_red-0008_local_blur_0.3,0.3550605773925781,2.61049485206604,0.44036251306533813,0.388802725000005
map-proj-v3_2/ESP_012588_0930_RED-0008.jpg,ok,,JPEG,227.0,227.0,L,1.0,1.0,normal,swiss cheese,val,esp_012588_0930_red-0008,[],70ec138d059d71f48f3431bb9955ef0ef2e106d05d92dcbe7922ecc947697ddb,64c15778061f4502aa013182d22f5d707f03bcb0192309e9e73126183a689da2,9322c8b312f5a9fa,126.97696442779794,19.38581563886753,e63c4b4376604cc0,[],6.0,esp_012588_0930,['val'],2.0,Counter({'val': 2}),test,0f0dc58966ae6d59,True,development_corruption,1,C:\Users\deves\OneDrive\Desktop\Projects\TCMD-SS\data\raw\hirise_v3_2\map-proj-v3_2\ESP_012588_0930_RED-0008.jpg,development,local_blur,0.5,esp_012588_0930_red-0008_local_blur_0.5,0.3432253301143646,3.4032225608825684,0.4499203860759735,0.388802725000005
map-proj-v3_2/ESP_012588_0930_RED-0008.jpg,ok,,JPEG,227.0,227.0,L,1.0,1.0,normal,swiss cheese,val,esp_012588_0930_red-0008,[],70ec138d059d71f48f3431bb9955ef0ef2e106d05d92dcbe7922ecc947697ddb,64c15778061f4502aa013182d22f5d707f03bcb0192309e9e73126183a689da2,9322c8b312f5a9fa,126.97696442779794,19.38581563886753,e63c4b4376604cc0,[],6.0,esp_012588_0930,['val'],2.0,Counter({'val': 2}),test,0f0dc58966ae6d59,True,development_corruption,1,C:\Users\deves\OneDrive\Desktop\Projects\TCMD-SS\data\raw\hirise_v3_2\map-proj-v3_2\ESP_012588_0930_RED-0008.jpg,development,patch_duplication,0.15,esp_012588_0930_red-0008_patch_duplication_0.15,0.3740997612476349,1.1761738061904907,0.4321407079696655,0.388802725000005
map-proj-v3_2/ESP_012588_0930_RED-0008.jpg,ok,,JPEG,227.0,227.0,L,1.0,1.0,normal,swiss cheese,val,esp_012588_0930_red-0008,[],70ec138d059d71f48f3431bb9955ef0ef2e106d05d92dcbe7922ecc947697ddb,64c15778061f4502aa013182d22f5d707f03bcb0192309e9e73126183a689da2,9322c8b312f5a9fa,126.97696442779794,19.38581563886753,e63c4b4376604cc0,[],6.0,esp_012588_0930,['val'],2.0,Counter({'val': 2}),test,0f0dc58966ae6d59,True,development_corruption,1,C:\Users\deves\OneDrive\Desktop\Projects\TCMD-SS\data\raw\hirise_v3_2\map-proj-v3_2\ESP_012588_0930_RED-0008.jpg,development,patch_duplication,0.3,esp_012588_0930_red-0008_patch_duplication_0.3,0.3739713132381439,1.0155338048934937,0.42855674028396606,0.3885949749999327
map-proj-v3_2/ESP_012588_0930_RED-0008.jpg,ok,,JPEG,227.0,227.0,L,1.0,1.0,normal,swiss cheese,val,esp_012588_0930_red-0008,[],70ec138d059d71f48f3431bb9955ef0ef2e106d05d92dcbe7922ecc947697ddb,64c15778061f4502aa013182d22f5d707f03bcb0192309e9e73126183a689da2,9322c8b312f5a9fa,126.97696442779794,19.38581563886753,e63c4b4376604cc0,[],6.0,esp_012588_0930,['val'],2.0,Counter({'val': 2}),test,0f0dc58966ae6d59,True,development_corruption,1,C:\Users\deves\OneDrive\Desktop\Projects\TCMD-SS\data\raw\hirise_v3_2\map-proj-v3_2\ESP_012588_0930_RED-0008.jpg,development,patch_duplication,0.5,esp_012588_0930_red-0008_patch_duplication_0.5,0.3728904724121094,1.2705200910568237,0.40451520681381226,0.3885949749999327
map-proj-v3_2/ESP_012588_0930_RED-0008.jpg,ok,,JPEG,227.0,227.0,L,1.0,1.0,normal,swiss cheese,val,esp_012588_0930_red-0008,[],70ec138d059d71f48f3431bb9955ef0ef2e106d05d92dcbe7922ecc947697ddb,64c15778061f4502aa013182d22f5d707f03bcb0192309e9e73126183a689da2,9322c8b312f5a9fa,126.97696442779794,19.38581563886753,e63c4b4376604cc0,[],6.0,esp_012588_0930,['val'],2.0,Counter({'val': 2}),test,0f0dc58966ae6d59,True,development_corruption,1,C:\Users\deves\OneDrive\Desktop\Projects\TCMD-SS\data\raw\hirise_v3_2\map-proj-v3_2\ESP_012588_0930_RED-0008.jpg,development,foreign_content,0.15,esp_012588_0930_red-0008_foreign_content_0.15,0.3745507597923279,1.5767438411712646,0.4428536295890808,0.3885949749999327
map-proj-v3_2/ESP_012588_0930_RED-0008.jpg,ok,,JPEG,227.0,227.0,L,1.0,1.0,normal,swiss cheese,val,esp_012588_0930_red-0008,[],70ec138d059d71f48f3431bb9955ef0ef2e106d05d92dcbe7922ecc947697ddb,64c15778061f4502aa013182d22f5d707f03bcb0192309e9e73126183a689da2,9322c8b312f5a9fa,126.97696442779794,19.38581563886753,e63c4b4376604cc0,[],6.0,esp_012588_0930,['val'],2.0,Counter({'val': 2}),test,0f0dc58966ae6d59,True,development_corruption,1,C:\Users\deves\OneDrive\Desktop\Projects\TCMD-SS\data\raw\hirise_v3_2\map-proj-v3_2\ESP_012588_0930_RED-0008.jpg,development,foreign_content,0.3,esp_012588_0930_red-0008_foreign_content_0.3,0.3826504945755005,1.7430921792984009,0.4832116961479187,0.3885949749999327
map-proj-v3_2/ESP_012588_0930_RED-0008.jpg,ok,,JPEG,227.0,227.0,L,1.0,1.0,normal,swiss cheese,val,esp_012588_0930_red-0008,[],70ec138d059d71f48f3431bb9955ef0ef2e106d05d92dcbe7922ecc947697ddb,64c15778061f4502aa013182d22f5d707f03bcb0192309e9e73126183a689da2,9322c8b312f5a9fa,126.97696442779794,19.38581563886753,e63c4b4376604cc0,[],6.0,esp_012588_0930,['val'],2.0,Counter({'val': 2}),test,0f0dc58966ae6d59,True,development_corruption,1,C:\Users\deves\OneDrive\Desktop\Projects\TCMD-SS\data\raw\hirise_v3_2\map-proj-v3_2\ESP_012588_0930_RED-0008.jpg,development,foreign_content,0.5,esp_012588_0930_red-0008_foreign_content_0.5,0.48100849986076355,2.896451473236084,0.5953845977783203,0.39367057499998737
map-proj-v3_2/ESP_049651_1050_RED-0030.jpg,ok,,JPEG,227.0,227.0,L,1.0,1.0,normal,spider,train,esp_049651_1050_red-0030,[],0001d033e78f0ea54919e1901291b8ae7a412d34dd6eb0282388395c7f51693f,c68512ed45a050d90924c8496f52ead350f6a1df8ce627b7f6cfe4a01fe106f8,a076de0165fe9b11,166.97729433911002,14.29384301554397,d8a45e8bb61bea16,[],7.0,esp_049651_1050,['train'],1.0,Counter({'train': 1}),test,3aa2a227e3baa339,True,hirise_clean,0,C:\Users\deves\OneDrive\Desktop\Projects\TCMD-SS\data\raw\hirise_v3_2\map-proj-v3_2\ESP_049651_1050_RED-0030.jpg,development,clean,0.0,esp_049651_1050_red-0030_clean,0.39286285638809204,1.5659319162368774,0.8127987384796143,0.39367057499998737
map-proj-v3_2/ESP_049651_1050_RED-0030.jpg,ok,,JPEG,227.0,227.0,L,1.0,1.0,normal,spider,train,esp_049651_1050_red-0030,[],0001d033e78f0ea54919e1901291b8ae7a412d34dd6eb0282388395c7f51693f,c68512ed45a050d90924c8496f52ead350f6a1df8ce627b7f6cfe4a01fe106f8,a076de0165fe9b11,166.97729433911002,14.29384301554397,d8a45e8bb61bea16,[],7.0,esp_049651_1050,['train'],1.0,Counter({'train': 1}),test,3aa2a227e3baa339,True,development_corruption,1,C:\Users\deves\OneDrive\Desktop\Projects\TCMD-SS\data\raw\hirise_v3_2\map-proj-v3_2\ESP_049651_1050_RED-0030.jpg,development,stripes,0.15,esp_049651_1050_red-0030_stripes_0.15,0.40798893570899963,1.5312352180480957,0.8436324596405029,0.39367057499998737
map-proj-v3_2/ESP_049651_1050_RED-0030.jpg,ok,,JPEG,227.0,227.0,L,1.0,1.0,normal,spider,train,esp_049651_1050_red-0030,[],0001d033e78f0ea54919e1901291b8ae7a412d34dd6eb0282388395c7f51693f,c68512ed45a050d90924c8496f52ead350f6a1df8ce627b7f6cfe4a01fe106f8,a076de0165fe9b11,166.97729433911002,14.29384301554397,d8a45e8bb61bea16,[],7.0,esp_049651_1050,['train'],1.0,Counter({'train': 1}),test,3aa2a227e3baa339,True,development_corruption,1,C:\Users\deves\OneDrive\Desktop\Projects\TCMD-SS\data\raw\hirise_v3_2\map-proj-v3_2\ESP_049651_1050_RED-0030.jpg,development,stripes,0.3,esp_049651_1050_red-0030_stripes_0.3,0.4294530153274536,1.4758554697036743,1.37283194065094,0.39367057499998737
map-proj-v3_2/ESP_049651_1050_RED-0030.jpg,ok,,JPEG,227.0,227.0,L,1.0,1.0,normal,spider,train,esp_049651_1050_red-0030,[],0001d033e78f0ea54919e1901291b8ae7a412d34dd6eb0282388395c7f51693f,c68512ed45a050d90924c8496f52ead350f6a1df8ce627b7f6cfe4a01fe106f8,a076de0165fe9b11,166.97729433911002,14.29384301554397,d8a45e8bb61bea16,[],7.0,esp_049651_1050,['train'],1.0,Counter({'train': 1}),test,3aa2a227e3baa339,True,development_corruption,1,C:\Users\deves\OneDrive\Desktop\Projects\TCMD-SS\data\raw\hirise_v3_2\map-proj-v3_2\ESP_049651_1050_RED-0030.jpg,development,stripes,0.5,esp_049651_1050_red-0030_stripes_0.5,0.46490031480789185,1.4173097610473633,2.198354959487915,0.38358024999979534
map-proj-v3_2/ESP_049651_1050_RED-0030.jpg,ok,,JPEG,227.0,227.0,L,1.0,1.0,normal,spider,train,esp_049651_1050_red-0030,[],0001d033e78f0ea54919e1901291b8ae7a412d34dd6eb0282388395c7f51693f,c68512ed45a050d90924c8496f52ead350f6a1df8ce627b7f6cfe4a01fe106f8,a076de0165fe9b11,166.97729433911002,14.29384301554397,d8a45e8bb61bea16,[],7.0,esp_049651_1050,['train'],1.0,Counter({'train': 1}),test,3aa2a227e3baa339,True,development_corruption,1,C:\Users\deves\OneDrive\Desktop\Projects\TCMD-SS\data\raw\hirise_v3_2\map-proj-v3_2\ESP_049651_1050_RED-0030.jpg,development,dead_pixels,0.15,esp_049651_1050_red-0030_dead_pixels_0.15,0.4464056193828583,1.3256078958511353,0.7980026602745056,0.38358024999979534
map-proj-v3_2/ESP_049651_1050_RED-0030.jpg,ok,,JPEG,227.0,227.0,L,1.0,1.0,normal,spider,train,esp_049651_1050_red-0030,[],0001d033e78f0ea54919e1901291b8ae7a412d34dd6eb0282388395c7f51693f,c68512ed45a050d90924c8496f52ead350f6a1df8ce627b7f6cfe4a01fe106f8,a076de0165fe9b11,166.97729433911002,14.29384301554397,d8a45e8bb61bea16,[],7.0,esp_049651_1050,['train'],1.0,Counter({'train': 1}),test,3aa2a227e3baa339,True,development_corruption,1,C:\Users\deves\OneDrive\Desktop\Projects\TCMD-SS\data\raw\hirise_v3_2\map-proj-v3_2\ESP_049651_1050_RED-0030.jpg,development,dead_pixels,0.3,esp_049651_1050_red-0030_dead_pixels_0.3,0.47520455718040466,1.6301496028900146,0.7926352620124817,0.38358024999979534
map-proj-v3_2/ESP_049651_1050_RED-0030.jpg,ok,,JPEG,227.0,227.0,L,1.0,1.0,normal,spider,train,esp_049651_1050_red-0030,[],0001d033e78f0ea54919e1901291b8ae7a412d34dd6eb0282388395c7f51693f,c68512ed45a050d90924c8496f52ead350f6a1df8ce627b7f6cfe4a01fe106f8,a076de0165fe9b11,166.97729433911002,14.29384301554397,d8a45e8bb61bea16,[],7.0,esp_049651_1050,['train'],1.0,Counter({'train': 1}),test,3aa2a227e3baa339,True,development_corruption,1,C:\Users\deves\OneDrive\Desktop\Projects\TCMD-SS\data\raw\hirise_v3_2\map-proj-v3_2\ESP_049651_1050_RED-0030.jpg,development,dead_pixels,0.5,esp_049651_1050_red-0030_dead_pixels_0.5,0.5299615859985352,1.4495106935501099,0.7739359140396118,0.38358024999979534
map-proj-v3_2/ESP_049651_1050_RED-0030.jpg,ok,,JPEG,227.0,227.0,L,1.0,1.0,normal,spider,train,esp_049651_1050_red-0030,[],0001d033e78f0ea54919e1901291b8ae7a412d34dd6eb0282388395c7f51693f,c68512ed45a050d90924c8496f52ead350f6a1df8ce627b7f6cfe4a01fe106f8,a076de0165fe9b11,166.97729433911002,14.29384301554397,d8a45e8bb61bea16,[],7.0,esp_049651_1050,['train'],1.0,Counter({'train': 1}),test,3aa2a227e3baa339,True,development_corruption,1,C:\Users\deves\OneDrive\Desktop\Projects\TCMD-SS\data\raw\hirise_v3_2\map-proj-v3_2\ESP_049651_1050_RED-0030.jpg,development,missing_patch,0.15,esp_049651_1050_red-0030_missing_patch_0.15,0.42972591519355774,2.3930466175079346,0.8530839085578918,0.38785730000017793
map-proj-v3_2/ESP_049651_1050_RED-0030.jpg,ok,,JPEG,227.0,227.0,L,1.0,1.0,normal,spider,train,esp_049651_1050_red-0030,[],0001d033e78f0ea54919e1901291b8ae7a412d34dd6eb0282388395c7f51693f,c68512ed45a050d90924c8496f52ead350f6a1df8ce627b7f6cfe4a01fe106f8,a076de0165fe9b11,166.97729433911002,14.29384301554397,d8a45e8bb61bea16,[],7.0,esp_049651_1050,['train'],1.0,Counter({'train': 1}),test,3aa2a227e3baa339,True,development_corruption,1,C:\Users\deves\OneDrive\Desktop\Projects\TCMD-SS\data\raw\hirise_v3_2\map-proj-v3_2\ESP_049651_1050_RED-0030.jpg,development,missing_patch,0.3,esp_049651_1050_red-0030_missing_patch_0.3,0.4325774312019348,3.7203173637390137,0.9559912085533142,0.38785730000017793
map-proj-v3_2/ESP_049651_1050_RED-0030.jpg,ok,,JPEG,227.0,227.0,L,1.0,1.0,normal,spider,train,esp_049651_1050_red-0030,[],0001d033e78f0ea54919e1901291b8ae7a412d34dd6eb0282388395c7f51693f,c68512ed45a050d90924c8496f52ead350f6a1df8ce627b7f6cfe4a01fe106f8,a076de0165fe9b11,166.97729433911002,14.29384301554397,d8a45e8bb61bea16,[],7.0,esp_049651_1050,['train'],1.0,Counter({'train': 1}),test,3aa2a227e3baa339,True,development_corruption,1,C:\Users\deves\OneDrive\Desktop\Projects\TCMD-SS\data\raw\hirise_v3_2\map-proj-v3_2\ESP_049651_1050_RED-0030.jpg,development,missing_patch,0.5,esp_049651_1050_red-0030_missing_patch_0.5,0.4714995324611664,4.37208366394043,1.0182631015777588,0.38785730000017793
map-proj-v3_2/ESP_049651_1050_RED-0030.jpg,ok,,JPEG,227.0,227.0,L,1.0,1.0,normal,spider,train,esp_049651_1050_red-0030,[],0001d033e78f0ea54919e1901291b8ae7a412d34dd6eb0282388395c7f51693f,c68512ed45a050d90924c8496f52ead350f6a1df8ce627b7f6cfe4a01fe106f8,a076de0165fe9b11,166.97729433911002,14.29384301554397,d8a45e8bb61bea16,[],7.0,esp_049651_1050,['train'],1.0,Counter({'train': 1}),test,3aa2a227e3baa339,True,development_corruption,1,C:\Users\deves\OneDrive\Desktop\Projects\TCMD-SS\data\raw\hirise_v3_2\map-proj-v3_2\ESP_049651_1050_RED-0030.jpg,development,local_blur,0.15,esp_049651_1050_red-0030_local_blur_0.15,0.392890602350235,1.9863890409469604,0.8119167685508728,0.38785730000017793
map-proj-v3_2/ESP_049651_1050_RED-0030.jpg,ok,,JPEG,227.0,227.0,L,1.0,1.0,normal,spider,train,esp_049651_1050_red-0030,[],0001d033e78f0ea54919e1901291b8ae7a412d34dd6eb0282388395c7f51693f,c68512ed45a050d90924c8496f52ead350f6a1df8ce627b7f6cfe4a01fe106f8,a076de0165fe9b11,166.97729433911002,14.29384301554397,d8a45e8bb61bea16,[],7.0,esp_049651_1050,['train'],1.0,Counter({'train': 1}),test,3aa2a227e3baa339,True,development_corruption,1,C:\Users\deves\OneDrive\Desktop\Projects\TCMD-SS\data\raw\hirise_v3_2\map-proj-v3_2\ESP_049651_1050_RED-0030.jpg,development,local_blur,0.3,esp_049651_1050_red-0030_local_blur_0.3,0.3928071856498718,2.1476216316223145,0.8108190298080444,0.4014377000000877
map-proj-v3_2/ESP_049651_1050_RED-0030.jpg,ok,,JPEG,227.0,227.0,L,1.0,1.0,normal,spider,train,esp_049651_1050_red-0030,[],0001d033e78f0ea54919e1901291b8ae7a412d34dd6eb0282388395c7f51693f,c68512ed45a050d90924c8496f52ead350f6a1df8ce627b7f6cfe4a01fe106f8,a076de0165fe9b11,166.97729433911002,14.29384301554397,d8a45e8bb61bea16,[],7.0,esp_049651_1050,['train'],1.0,Counter({'train': 1}),test,3aa2a227e3baa339,True,development_corruption,1,C:\Users\deves\OneDrive\Desktop\Projects\TCMD-SS\data\raw\hirise_v3_2\map-proj-v3_2\ESP_049651_1050_RED-0030.jpg,development,local_blur,0.5,esp_049651_1050_red-0030_local_blur_0.5,0.39282336831092834,2.163534641265869,0.8156740069389343,0.4014377000000877
map-proj-v3_2/ESP_049651_1050_RED-0030.jpg,ok,,JPEG,227.0,227.0,L,1.0,1.0,normal,spider,train,esp_049651_1050_red-0030,[],0001d033e78f0ea54919e1901291b8ae7a412d34dd6eb0282388395c7f51693f,c68512ed45a050d90924c8496f52ead350f6a1df8ce627b7f6cfe4a01fe106f8,a076de0165fe9b11,166.97729433911002,14.29384301554397,d8a45e8bb61bea16,[],7.0,esp_049651_1050,['train'],1.0,Counter({'train': 1}),test,3aa2a227e3baa339,True,development_corruption,1,C:\Users\deves\OneDrive\Desktop\Projects\TCMD-SS\data\raw\hirise_v3_2\map-proj-v3_2\ESP_049651_1050_RED-0030.jpg,development,patch_duplication,0.15,esp_049651_1050_red-0030_patch_duplication_0.15,0.3920423686504364,1.4124810695648193,0.807945728302002,0.4014377000000877
map-proj-v3_2/ESP_049651_1050_RED-0030.jpg,ok,,JPEG,227.0,227.0,L,1.0,1.0,normal,spider,train,esp_049651_1050_red-0030,[],0001d033e78f0ea54919e1901291b8ae7a412d34dd6eb0282388395c7f51693f,c68512ed45a050d90924c8496f52ead350f6a1df8ce627b7f6cfe4a01fe106f8,a076de0165fe9b11,166.97729433911002,14.29384301554397,d8a45e8bb61bea16,[],7.0,esp_049651_1050,['train'],1.0,Counter({'train': 1}),test,3aa2a227e3baa339,True,development_corruption,1,C:\Users\deves\OneDrive\Desktop\Projects\TCMD-SS\data\raw\hirise_v3_2\map-proj-v3_2\ESP_049651_1050_RED-0030.jpg,development,patch_duplication,0.3,esp_049651_1050_red-0030_patch_duplication_0.3,0.39152196049690247,1.36142098903656,0.8020762205123901,0.4014377000000877
map-proj-v3_2/ESP_049651_1050_RED-0030.jpg,ok,,JPEG,227.0,227.0,L,1.0,1.0,normal,spider,train,esp_049651_1050_red-0030,[],0001d033e78f0ea54919e1901291b8ae7a412d34dd6eb0282388395c7f51693f,c68512ed45a050d90924c8496f52ead350f6a1df8ce627b7f6cfe4a01fe106f8,a076de0165fe9b11,166.97729433911002,14.29384301554397,d8a45e8bb61bea16,[],7.0,esp_049651_1050,['train'],1.0,Counter({'train': 1}),test,3aa2a227e3baa339,True,development_corruption,1,C:\Users\deves\OneDrive\Desktop\Projects\TCMD-SS\data\raw\hirise_v3_2\map-proj-v3_2\ESP_049651_1050_RED-0030.jpg,development,patch_duplication,0.5,esp_049651_1050_red-0030_patch_duplication_0.5,0.3943215310573578,1.4148606061935425,0.7972383499145508,0.37776850000000195
map-proj-v3_2/ESP_049651_1050_RED-0030.jpg,ok,,JPEG,227.0,227.0,L,1.0,1.0,normal,spider,train,esp_049651_1050_red-0030,[],0001d033e78f0ea54919e1901291b8ae7a412d34dd6eb0282388395c7f51693f,c68512ed45a050d90924c8496f52ead350f6a1df8ce627b7f6cfe4a01fe106f8,a076de0165fe9b11,166.97729433911002,14.29384301554397,d8a45e8bb61bea16,[],7.0,esp_049651_1050,['train'],1.0,Counter({'train': 1}),test,3aa2a227e3baa339,True,development_corruption,1,C:\Users\deves\OneDrive\Desktop\Projects\TCMD-SS\data\raw\hirise_v3_2\map-proj-v3_2\ESP_049651_1050_RED-0030.jpg,development,foreign_content,0.15,esp_049651_1050_red-0030_foreign_content_0.15,0.3918493986129761,1.623508095741272,0.7963488101959229,0.37776850000000195
map-proj-v3_2/ESP_049651_1050_RED-0030.jpg,ok,,JPEG,227.0,227.0,L,1.0,1.0,normal,spider,train,esp_049651_1050_red-0030,[],0001d033e78f0ea54919e1901291b8ae7a412d34dd6eb0282388395c7f51693f,c68512ed45a050d90924c8496f52ead350f6a1df8ce627b7f6cfe4a01fe106f8,a076de0165fe9b11,166.97729433911002,14.29384301554397,d8a45e8bb61bea16,[],7.0,esp_049651_1050,['train'],1.0,Counter({'train': 1}),test,3aa2a227e3baa339,True,development_corruption,1,C:\Users\deves\OneDrive\Desktop\Projects\TCMD-SS\data\raw\hirise_v3_2\map-proj-v3_2\ESP_049651_1050_RED-0030.jpg,development,foreign_content,0.3,esp_049651_1050_red-0030_foreign_content_0.3,0.39016351103782654,1.807835578918457,0.7923364639282227,0.37776850000000195
map-proj-v3_2/ESP_049651_1050_RED-0030.jpg,ok,,JPEG,227.0,227.0,L,1.0,1.0,normal,spider,train,esp_049651_1050_red-0030,[],0001d033e78f0ea54919e1901291b8ae7a412d34dd6eb0282388395c7f51693f,c68512ed45a050d90924c8496f52ead350f6a1df8ce627b7f6cfe4a01fe106f8,a076de0165fe9b11,166.97729433911002,14.29384301554397,d8a45e8bb61bea16,[],7.0,esp_049651_1050,['train'],1.0,Counter({'train': 1}),test,3aa2a227e3baa339,True,development_corruption,1,C:\Users\deves\OneDrive\Desktop\Projects\TCMD-SS\data\raw\hirise_v3_2\map-proj-v3_2\ESP_049651_1050_RED-0030.jpg,development,foreign_content,0.5,esp_049651_1050_red-0030_foreign_content_0.5,0.4034905731678009,2.4329006671905518,0.7707254886627197,0.37776850000000195
