variant,base_id,source_id,case_id,is_anomaly,family,severity,score,threshold
localized_pixel_mean,esp_020133_1720_red-0022,esp_020133_1720,esp_020133_1720_red-0022_clean,0,clean,0.0,-0.5663192272186279,1.363417148590088
localized_pixel_mean,esp_020133_1720_red-0022,esp_020133_1720,esp_020133_1720_red-0022_stripes_0.15,1,stripes,0.15,-0.3601117432117462,1.363417148590088
localized_pixel_mean,esp_020133_1720_red-0022,esp_020133_1720,esp_020133_1720_red-0022_stripes_0.3,1,stripes,0.3,-0.08233463764190674,1.363417148590088
localized_pixel_mean,esp_020133_1720_red-0022,esp_020133_1720,esp_020133_1720_red-0022_stripes_0.5,1,stripes,0.5,0.16570010781288147,1.363417148590088
localized_pixel_mean,esp_020133_1720_red-0022,esp_020133_1720,esp_020133_1720_red-0022_dead_pixels_0.15,1,dead_pixels,0.15,4.864502906799316,1.363417148590088
localized_pixel_mean,esp_020133_1720_red-0022,esp_020133_1720,esp_020133_1720_red-0022_dead_pixels_0.3,1,dead_pixels,0.3,6.880460262298584,1.363417148590088
localized_pixel_mean,esp_020133_1720_red-0022,esp_020133_1720,esp_020133_1720_red-0022_dead_pixels_0.5,1,dead_pixels,0.5,7.015256404876709,1.363417148590088
localized_pixel_mean,esp_020133_1720_red-0022,esp_020133_1720,esp_020133_1720_red-0022_missing_patch_0.15,1,missing_patch,0.15,-0.4190293848514557,1.363417148590088
localized_pixel_mean,esp_020133_1720_red-0022,esp_020133_1720,esp_020133_1720_red-0022_missing_patch_0.3,1,missing_patch,0.3,0.1679036021232605,1.363417148590088
localized_pixel_mean,esp_020133_1720_red-0022,esp_020133_1720,esp_020133_1720_red-0022_missing_patch_0.5,1,missing_patch,0.5,0.1256808340549469,1.363417148590088
localized_pixel_mean,esp_020133_1720_red-0022,esp_020133_1720,esp_020133_1720_red-0022_local_blur_0.15,1,local_blur,0.15,-0.5661396384239197,1.363417148590088
localized_pixel_mean,esp_020133_1720_red-0022,esp_020133_1720,esp_020133_1720_red-0022_local_blur_0.3,1,local_blur,0.3,-0.580805242061615,1.363417148590088
localized_pixel_mean,esp_020133_1720_red-0022,esp_020133_1720,esp_020133_1720_red-0022_local_blur_0.5,1,local_blur,0.5,-0.6040143966674805,1.363417148590088
localized_pixel_mean,esp_020133_1720_red-0022,esp_020133_1720,esp_020133_1720_red-0022_patch_duplication_0.15,1,patch_duplication,0.15,-0.5611104965209961,1.363417148590088
localized_pixel_mean,esp_020133_1720_red-0022,esp_020133_1720,esp_020133_1720_red-0022_patch_duplication_0.3,1,patch_duplication,0.3,-0.5590556263923645,1.363417148590088
localized_pixel_mean,esp_020133_1720_red-0022,esp_020133_1720,esp_020133_1720_red-0022_patch_duplication_0.5,1,patch_duplication,0.5,-0.5239324569702148,1.363417148590088
localized_pixel_mean,esp_020133_1720_red-0022,esp_020133_1720,esp_020133_1720_red-0022_foreign_content_0.15,1,foreign_content,0.15,-0.5234426259994507,1.363417148590088
localized_pixel_mean,esp_020133_1720_red-0022,esp_020133_1720,esp_020133_1720_red-0022_foreign_content_0.3,1,foreign_content,0.3,-0.3695615530014038,1.363417148590088
localized_pixel_mean,esp_020133_1720_red-0022,esp_020133_1720,esp_020133_1720_red-0022_foreign_content_0.5,1,foreign_content,0.5,0.03978970646858215,1.363417148590088
localized_pixel_mean,psp_006766_1850_red-0037,psp_006766_1850,psp_006766_1850_red-0037_clean,0,clean,0.0,1.8335905075073242,1.363417148590088
localized_pixel_mean,psp_006766_1850_red-0037,psp_006766_1850,psp_006766_1850_red-0037_stripes_0.15,1,stripes,0.15,1.8869510889053345,1.363417148590088
localized_pixel_mean,psp_006766_1850_red-0037,psp_006766_1850,psp_006766_1850_red-0037_stripes_0.3,1,stripes,0.3,1.7917547225952148,1.363417148590088
localized_pixel_mean,psp_006766_1850_red-0037,psp_006766_1850,psp_006766_1850_red-0037_stripes_0.5,1,stripes,0.5,1.6139434576034546,1.363417148590088
localized_pixel_mean,psp_006766_1850_red-0037,psp_006766_1850,psp_006766_1850_red-0037_dead_pixels_0.15,1,dead_pixels,0.15,5.402934551239014,1.363417148590088
localized_pixel_mean,psp_006766_1850_red-0037,psp_006766_1850,psp_006766_1850_red-0037_dead_pixels_0.3,1,dead_pixels,0.3,6.328727722167969,1.363417148590088
localized_pixel_mean,psp_006766_1850_red-0037,psp_006766_1850,psp_006766_1850_red-0037_dead_pixels_0.5,1,dead_pixels,0.5,7.425863265991211,1.363417148590088
localized_pixel_mean,psp_006766_1850_red-0037,psp_006766_1850,psp_006766_1850_red-0037_missing_patch_0.15,1,missing_patch,0.15,1.737379789352417,1.363417148590088
localized_pixel_mean,psp_006766_1850_red-0037,psp_006766_1850,psp_006766_1850_red-0037_missing_patch_0.3,1,missing_patch,0.3,1.6581459045410156,1.363417148590088
localized_pixel_mean,psp_006766_1850_red-0037,psp_006766_1850,psp_006766_1850_red-0037_missing_patch_0.5,1,missing_patch,0.5,1.6355255842208862,1.363417148590088
localized_pixel_mean,psp_006766_1850_red-0037,psp_006766_1850,psp_006766_1850_red-0037_local_blur_0.15,1,local_blur,0.15,1.8274644613265991,1.363417148590088
localized_pixel_mean,psp_006766_1850_red-0037,psp_006766_1850,psp_006766_1850_red-0037_local_blur_0.3,1,local_blur,0.3,1.3901461362838745,1.363417148590088
localized_pixel_mean,psp_006766_1850_red-0037,psp_006766_1850,psp_006766_1850_red-0037_local_blur_0.5,1,local_blur,0.5,1.3473570346832275,1.363417148590088
localized_pixel_mean,psp_006766_1850_red-0037,psp_006766_1850,psp_006766_1850_red-0037_patch_duplication_0.15,1,patch_duplication,0.15,1.820798397064209,1.363417148590088
localized_pixel_mean,psp_006766_1850_red-0037,psp_006766_1850,psp_006766_1850_red-0037_patch_duplication_0.3,1,patch_duplication,0.3,1.7952731847763062,1.363417148590088
localized_pixel_mean,psp_006766_1850_red-0037,psp_006766_1850,psp_006766_1850_red-0037_patch_duplication_0.5,1,patch_duplication,0.5,1.764946699142456,1.363417148590088
localized_pixel_mean,psp_006766_1850_red-0037,psp_006766_1850,psp_006766_1850_red-0037_foreign_content_0.15,1,foreign_content,0.15,1.8026591539382935,1.363417148590088
localized_pixel_mean,psp_006766_1850_red-0037,psp_006766_1850,psp_006766_1850_red-0037_foreign_content_0.3,1,foreign_content,0.3,1.731698751449585,1.363417148590088
localized_pixel_mean,psp_006766_1850_red-0037,psp_006766_1850,psp_006766_1850_red-0037_foreign_content_0.5,1,foreign_content,0.5,1.6423944234848022,1.363417148590088
localized_pixel_mean,esp_019559_1390_red-0576,esp_019559_1390,esp_019559_1390_red-0576_clean,0,clean,0.0,0.4256705939769745,1.363417148590088
localized_pixel_mean,esp_019559_1390_red-0576,esp_019559_1390,esp_019559_1390_red-0576_stripes_0.15,1,stripes,0.15,0.3497266471385956,1.363417148590088
localized_pixel_mean,esp_019559_1390_red-0576,esp_019559_1390,esp_019559_1390_red-0576_stripes_0.3,1,stripes,0.3,0.3511849045753479,1.363417148590088
localized_pixel_mean,esp_019559_1390_red-0576,esp_019559_1390,esp_019559_1390_red-0576_stripes_0.5,1,stripes,0.5,0.4354018568992615,1.363417148590088
localized_pixel_mean,esp_019559_1390_red-0576,esp_019559_1390,esp_019559_1390_red-0576_dead_pixels_0.15,1,dead_pixels,0.15,6.785191535949707,1.363417148590088
localized_pixel_mean,esp_019559_1390_red-0576,esp_019559_1390,esp_019559_1390_red-0576_dead_pixels_0.3,1,dead_pixels,0.3,8.812362670898438,1.363417148590088
localized_pixel_mean,esp_019559_1390_red-0576,esp_019559_1390,esp_019559_1390_red-0576_dead_pixels_0.5,1,dead_pixels,0.5,8.732503890991211,1.363417148590088
localized_pixel_mean,esp_019559_1390_red-0576,esp_019559_1390,esp_019559_1390_red-0576_missing_patch_0.15,1,missing_patch,0.15,0.5744299292564392,1.363417148590088
localized_pixel_mean,esp_019559_1390_red-0576,esp_019559_1390,esp_019559_1390_red-0576_missing_patch_0.3,1,missing_patch,0.3,0.5454866290092468,1.363417148590088
localized_pixel_mean,esp_019559_1390_red-0576,esp_019559_1390,esp_019559_1390_red-0576_missing_patch_0.5,1,missing_patch,0.5,0.5017836689949036,1.363417148590088
localized_pixel_mean,esp_019559_1390_red-0576,esp_019559_1390,esp_019559_1390_red-0576_local_blur_0.15,1,local_blur,0.15,0.2911401689052582,1.363417148590088
localized_pixel_mean,esp_019559_1390_red-0576,esp_019559_1390,esp_019559_1390_red-0576_local_blur_0.3,1,local_blur,0.3,0.23792769014835358,1.363417148590088
localized_pixel_mean,esp_019559_1390_red-0576,esp_019559_1390,esp_019559_1390_red-0576_local_blur_0.5,1,local_blur,0.5,0.1981019228696823,1.363417148590088
localized_pixel_mean,esp_019559_1390_red-0576,esp_019559_1390,esp_019559_1390_red-0576_patch_duplication_0.15,1,patch_duplication,0.15,0.4246670603752136,1.363417148590088
localized_pixel_mean,esp_019559_1390_red-0576,esp_019559_1390,esp_019559_1390_red-0576_patch_duplication_0.3,1,patch_duplication,0.3,0.3964811861515045,1.363417148590088
localized_pixel_mean,esp_019559_1390_red-0576,esp_019559_1390,esp_019559_1390_red-0576_patch_duplication_0.5,1,patch_duplication,0.5,0.34429123997688293,1.363417148590088
localized_pixel_mean,esp_019559_1390_red-0576,esp_019559_1390,esp_019559_1390_red-0576_foreign_content_0.15,1,foreign_content,0.15,0.499954491853714,1.363417148590088
localized_pixel_mean,esp_019559_1390_red-0576,esp_019559_1390,esp_019559_1390_red-0576_foreign_content_0.3,1,foreign_content,0.3,0.25911951065063477,1.363417148590088
localized_pixel_mean,esp_019559_1390_red-0576,esp_019559_1390,esp_019559_1390_red-0576_foreign_content_0.5,1,foreign_content,0.5,0.22523796558380127,1.363417148590088
localized_pixel_mean,esp_016781_2055_red-0188,esp_016781_2055,esp_016781_2055_red-0188_clean,0,clean,0.0,-0.3039666414260864,1.363417148590088
localized_pixel_mean,esp_016781_2055_red-0188,esp_016781_2055,esp_016781_2055_red-0188_stripes_0.15,1,stripes,0.15,-0.19286124408245087,1.363417148590088
localized_pixel_mean,esp_016781_2055_red-0188,esp_016781_2055,esp_016781_2055_red-0188_stripes_0.3,1,stripes,0.3,0.049997154623270035,1.363417148590088
localized_pixel_mean,esp_016781_2055_red-0188,esp_016781_2055,esp_016781_2055_red-0188_stripes_0.5,1,stripes,0.5,0.3425629436969757,1.363417148590088
localized_pixel_mean,esp_016781_2055_red-0188,esp_016781_2055,esp_016781_2055_red-0188_dead_pixels_0.15,1,dead_pixels,0.15,2.635080337524414,1.363417148590088
localized_pixel_mean,esp_016781_2055_red-0188,esp_016781_2055,esp_016781_2055_red-0188_dead_pixels_0.3,1,dead_pixels,0.3,4.615080833435059,1.363417148590088
localized_pixel_mean,esp_016781_2055_red-0188,esp_016781_2055,esp_016781_2055_red-0188_dead_pixels_0.5,1,dead_pixels,0.5,5.322365760803223,1.363417148590088
localized_pixel_mean,esp_016781_2055_red-0188,esp_016781_2055,esp_016781_2055_red-0188_missing_patch_0.15,1,missing_patch,0.15,-0.266073614358902,1.363417148590088
localized_pixel_mean,esp_016781_2055_red-0188,esp_016781_2055,esp_016781_2055_red-0188_missing_patch_0.3,1,missing_patch,0.3,-0.2730535566806793,1.363417148590088
localized_pixel_mean,esp_016781_2055_red-0188,esp_016781_2055,esp_016781_2055_red-0188_missing_patch_0.5,1,missing_patch,0.5,-0.2693834900856018,1.363417148590088
localized_pixel_mean,esp_016781_2055_red-0188,esp_016781_2055,esp_016781_2055_red-0188_local_blur_0.15,1,local_blur,0.15,-0.3048166334629059,1.363417148590088
localized_pixel_mean,esp_016781_2055_red-0188,esp_016781_2055,esp_016781_2055_red-0188_local_blur_0.3,1,local_blur,0.3,-0.3094315230846405,1.363417148590088
localized_pixel_mean,esp_016781_2055_red-0188,esp_016781_2055,esp_016781_2055_red-0188_local_blur_0.5,1,local_blur,0.5,-0.33029067516326904,1.363417148590088
localized_pixel_mean,esp_016781_2055_red-0188,esp_016781_2055,esp_016781_2055_red-0188_patch_duplication_0.15,1,patch_duplication,0.15,-0.30201923847198486,1.363417148590088
localized_pixel_mean,esp_016781_2055_red-0188,esp_016781_2055,esp_016781_2055_red-0188_patch_duplication_0.3,1,patch_duplication,0.3,-0.2449977993965149,1.363417148590088
localized_pixel_mean,esp_016781_2055_red-0188,esp_016781_2055,esp_016781_2055_red-0188_patch_duplication_0.5,1,patch_duplication,0.5,-0.28470245003700256,1.363417148590088
localized_pixel_mean,esp_016781_2055_red-0188,esp_016781_2055,esp_016781_2055_red-0188_foreign_content_0.15,1,foreign_content,0.15,-0.3778194189071655,1.363417148590088
localized_pixel_mean,esp_016781_2055_red-0188,esp_016781_2055,esp_016781_2055_red-0188_foreign_content_0.3,1,foreign_content,0.3,-0.30774879455566406,1.363417148590088
localized_pixel_mean,esp_016781_2055_red-0188,esp_016781_2055,esp_016781_2055_red-0188_foreign_content_0.5,1,foreign_content,0.5,0.1537858098745346,1.363417148590088
localized_pixel_mean,esp_016613_2570_red-0034,esp_016613_2570,esp_016613_2570_red-0034_clean,0,clean,0.0,0.26422250270843506,1.363417148590088
localized_pixel_mean,esp_016613_2570_red-0034,esp_016613_2570,esp_016613_2570_red-0034_stripes_0.15,1,stripes,0.15,0.35393819212913513,1.363417148590088
localized_pixel_mean,esp_016613_2570_red-0034,esp_016613_2570,esp_016613_2570_red-0034_stripes_0.3,1,stripes,0.3,0.5033944845199585,1.363417148590088
localized_pixel_mean,esp_016613_2570_red-0034,esp_016613_2570,esp_016613_2570_red-0034_stripes_0.5,1,stripes,0.5,0.743232786655426,1.363417148590088
localized_pixel_mean,esp_016613_2570_red-0034,esp_016613_2570,esp_016613_2570_red-0034_dead_pixels_0.15,1,dead_pixels,0.15,1.7468522787094116,1.363417148590088
localized_pixel_mean,esp_016613_2570_red-0034,esp_016613_2570,esp_016613_2570_red-0034_dead_pixels_0.3,1,dead_pixels,0.3,3.344508409500122,1.363417148590088
localized_pixel_mean,esp_016613_2570_red-0034,esp_016613_2570,esp_016613_2570_red-0034_dead_pixels_0.5,1,dead_pixels,0.5,4.12235689163208,1.363417148590088
localized_pixel_mean,esp_016613_2570_red-0034,esp_016613_2570,esp_016613_2570_red-0034_missing_patch_0.15,1,missing_patch,0.15,0.41739174723625183,1.363417148590088
localized_pixel_mean,esp_016613_2570_red-0034,esp_016613_2570,esp_016613_2570_red-0034_missing_patch_0.3,1,missing_patch,0.3,0.3289174437522888,1.363417148590088
localized_pixel_mean,esp_016613_2570_red-0034,esp_016613_2570,esp_016613_2570_red-0034_missing_patch_0.5,1,missing_patch,0.5,0.701639711856842,1.363417148590088
localized_pixel_mean,esp_016613_2570_red-0034,esp_016613_2570,esp_016613_2570_red-0034_local_blur_0.15,1,local_blur,0.15,0.27402442693710327,1.363417148590088
localized_pixel_mean,esp_016613_2570_red-0034,esp_016613_2570,esp_016613_2570_red-0034_local_blur_0.3,1,local_blur,0.3,0.16072870790958405,1.363417148590088
localized_pixel_mean,esp_016613_2570_red-0034,esp_016613_2570,esp_016613_2570_red-0034_local_blur_0.5,1,local_blur,0.5,0.05481161177158356,1.363417148590088
localized_pixel_mean,esp_016613_2570_red-0034,esp_016613_2570,esp_016613_2570_red-0034_patch_duplication_0.15,1,patch_duplication,0.15,0.26437652111053467,1.363417148590088
localized_pixel_mean,esp_016613_2570_red-0034,esp_016613_2570,esp_016613_2570_red-0034_patch_duplication_0.3,1,patch_duplication,0.3,0.26417863368988037,1.363417148590088
localized_pixel_mean,esp_016613_2570_red-0034,esp_016613_2570,esp_016613_2570_red-0034_patch_duplication_0.5,1,patch_duplication,0.5,0.265041321516037,1.363417148590088
localized_pixel_mean,esp_016613_2570_red-0034,esp_016613_2570,esp_016613_2570_red-0034_foreign_content_0.15,1,foreign_content,0.15,0.27260124683380127,1.363417148590088
localized_pixel_mean,esp_016613_2570_red-0034,esp_016613_2570,esp_016613_2570_red-0034_foreign_content_0.3,1,foreign_content,0.3,0.4641740620136261,1.363417148590088
localized_pixel_mean,esp_016613_2570_red-0034,esp_016613_2570,esp_016613_2570_red-0034_foreign_content_0.5,1,foreign_content,0.5,0.2819864749908447,1.363417148590088
localized_pixel_mean,esp_017395_1700_red-0007,esp_017395_1700,esp_017395_1700_red-0007_clean,0,clean,0.0,-0.22070325911045074,1.363417148590088
localized_pixel_mean,esp_017395_1700_red-0007,esp_017395_1700,esp_017395_1700_red-0007_stripes_0.15,1,stripes,0.15,-0.12167740613222122,1.363417148590088
localized_pixel_mean,esp_017395_1700_red-0007,esp_017395_1700,esp_017395_1700_red-0007_stripes_0.3,1,stripes,0.3,0.10361611843109131,1.363417148590088
localized_pixel_mean,esp_017395_1700_red-0007,esp_017395_1700,esp_017395_1700_red-0007_stripes_0.5,1,stripes,0.5,0.2593485713005066,1.363417148590088
localized_pixel_mean,esp_017395_1700_red-0007,esp_017395_1700,esp_017395_1700_red-0007_dead_pixels_0.15,1,dead_pixels,0.15,9.395670890808105,1.363417148590088
localized_pixel_mean,esp_017395_1700_red-0007,esp_017395_1700,esp_017395_1700_red-0007_dead_pixels_0.3,1,dead_pixels,0.3,10.487068176269531,1.363417148590088
localized_pixel_mean,esp_017395_1700_red-0007,esp_017395_1700,esp_017395_1700_red-0007_dead_pixels_0.5,1,dead_pixels,0.5,11.845755577087402,1.363417148590088
localized_pixel_mean,esp_017395_1700_red-0007,esp_017395_1700,esp_017395_1700_red-0007_missing_patch_0.15,1,missing_patch,0.15,0.11832316964864731,1.363417148590088
localized_pixel_mean,esp_017395_1700_red-0007,esp_017395_1700,esp_017395_1700_red-0007_missing_patch_0.3,1,missing_patch,0.3,0.4347502291202545,1.363417148590088
localized_pixel_mean,esp_017395_1700_red-0007,esp_017395_1700,esp_017395_1700_red-0007_missing_patch_0.5,1,missing_patch,0.5,0.24542036652565002,1.363417148590088
localized_pixel_mean,esp_017395_1700_red-0007,esp_017395_1700,esp_017395_1700_red-0007_local_blur_0.15,1,local_blur,0.15,-0.21639472246170044,1.363417148590088
localized_pixel_mean,esp_017395_1700_red-0007,esp_017395_1700,esp_017395_1700_red-0007_local_blur_0.3,1,local_blur,0.3,-0.2772144079208374,1.363417148590088
localized_pixel_mean,esp_017395_1700_red-0007,esp_017395_1700,esp_017395_1700_red-0007_local_blur_0.5,1,local_blur,0.5,-0.3220018446445465,1.363417148590088
localized_pixel_mean,esp_017395_1700_red-0007,esp_017395_1700,esp_017395_1700_red-0007_patch_duplication_0.15,1,patch_duplication,0.15,-0.21780961751937866,1.363417148590088
localized_pixel_mean,esp_017395_1700_red-0007,esp_017395_1700,esp_017395_1700_red-0007_patch_duplication_0.3,1,patch_duplication,0.3,-0.17103728652000427,1.363417148590088
localized_pixel_mean,esp_017395_1700_red-0007,esp_017395_1700,esp_017395_1700_red-0007_patch_duplication_0.5,1,patch_duplication,0.5,-0.21559442579746246,1.363417148590088
localized_pixel_mean,esp_017395_1700_red-0007,esp_017395_1700,esp_017395_1700_red-0007_foreign_content_0.15,1,foreign_content,0.15,-0.1826077401638031,1.363417148590088
localized_pixel_mean,esp_017395_1700_red-0007,esp_017395_1700,esp_017395_1700_red-0007_foreign_content_0.3,1,foreign_content,0.3,0.03594174608588219,1.363417148590088
localized_pixel_mean,esp_017395_1700_red-0007,esp_017395_1700,esp_017395_1700_red-0007_foreign_content_0.5,1,foreign_content,0.5,0.0020526512525975704,1.363417148590088
localized_pixel_mean,esp_012057_0950_red-0111,esp_012057_0950,esp_012057_0950_red-0111_clean,0,clean,0.0,1.2406957149505615,1.363417148590088
localized_pixel_mean,esp_012057_0950_red-0111,esp_012057_0950,esp_012057_0950_red-0111_stripes_0.15,1,stripes,0.15,0.986759603023529,1.363417148590088
localized_pixel_mean,esp_012057_0950_red-0111,esp_012057_0950,esp_012057_0950_red-0111_stripes_0.3,1,stripes,0.3,0.8623635768890381,1.363417148590088
localized_pixel_mean,esp_012057_0950_red-0111,esp_012057_0950,esp_012057_0950_red-0111_stripes_0.5,1,stripes,0.5,0.7770368456840515,1.363417148590088
localized_pixel_mean,esp_012057_0950_red-0111,esp_012057_0950,esp_012057_0950_red-0111_dead_pixels_0.15,1,dead_pixels,0.15,8.921070098876953,1.363417148590088
localized_pixel_mean,esp_012057_0950_red-0111,esp_012057_0950,esp_012057_0950_red-0111_dead_pixels_0.3,1,dead_pixels,0.3,9.51200008392334,1.363417148590088
localized_pixel_mean,esp_012057_0950_red-0111,esp_012057_0950,esp_012057_0950_red-0111_dead_pixels_0.5,1,dead_pixels,0.5,10.71326732635498,1.363417148590088
localized_pixel_mean,esp_012057_0950_red-0111,esp_012057_0950,esp_012057_0950_red-0111_missing_patch_0.15,1,missing_patch,0.15,0.9684010148048401,1.363417148590088
localized_pixel_mean,esp_012057_0950_red-0111,esp_012057_0950,esp_012057_0950_red-0111_missing_patch_0.3,1,missing_patch,0.3,0.9419536590576172,1.363417148590088
localized_pixel_mean,esp_012057_0950_red-0111,esp_012057_0950,esp_012057_0950_red-0111_missing_patch_0.5,1,missing_patch,0.5,0.9347651600837708,1.363417148590088
localized_pixel_mean,esp_012057_0950_red-0111,esp_012057_0950,esp_012057_0950_red-0111_local_blur_0.15,1,local_blur,0.15,1.2406649589538574,1.363417148590088
localized_pixel_mean,esp_012057_0950_red-0111,esp_012057_0950,esp_012057_0950_red-0111_local_blur_0.3,1,local_blur,0.3,1.240497350692749,1.363417148590088
localized_pixel_mean,esp_012057_0950_red-0111,esp_012057_0950,esp_012057_0950_red-0111_local_blur_0.5,1,local_blur,0.5,1.2514992952346802,1.363417148590088
localized_pixel_mean,esp_012057_0950_red-0111,esp_012057_0950,esp_012057_0950_red-0111_patch_duplication_0.15,1,patch_duplication,0.15,1.4962055683135986,1.363417148590088
localized_pixel_mean,esp_012057_0950_red-0111,esp_012057_0950,esp_012057_0950_red-0111_patch_duplication_0.3,1,patch_duplication,0.3,1.4799495935440063,1.363417148590088
localized_pixel_mean,esp_012057_0950_red-0111,esp_012057_0950,esp_012057_0950_red-0111_patch_duplication_0.5,1,patch_duplication,0.5,1.2732832431793213,1.363417148590088
localized_pixel_mean,esp_012057_0950_red-0111,esp_012057_0950,esp_012057_0950_red-0111_foreign_content_0.15,1,foreign_content,0.15,1.2421622276306152,1.363417148590088
localized_pixel_mean,esp_012057_0950_red-0111,esp_012057_0950,esp_012057_0950_red-0111_foreign_content_0.3,1,foreign_content,0.3,1.2320908308029175,1.363417148590088
localized_pixel_mean,esp_012057_0950_red-0111,esp_012057_0950,esp_012057_0950_red-0111_foreign_content_0.5,1,foreign_content,0.5,1.191648006439209,1.363417148590088
localized_pixel_mean,esp_049651_1050_red-0070,esp_049651_1050,esp_049651_1050_red-0070_clean,0,clean,0.0,0.1413797289133072,1.363417148590088
localized_pixel_mean,esp_049651_1050_red-0070,esp_049651_1050,esp_049651_1050_red-0070_stripes_0.15,1,stripes,0.15,0.1272560954093933,1.363417148590088
localized_pixel_mean,esp_049651_1050_red-0070,esp_049651_1050,esp_049651_1050_red-0070_stripes_0.3,1,stripes,0.3,0.15091897547245026,1.363417148590088
localized_pixel_mean,esp_049651_1050_red-0070,esp_049651_1050,esp_049651_1050_red-0070_stripes_0.5,1,stripes,0.5,0.2925165593624115,1.363417148590088
localized_pixel_mean,esp_049651_1050_red-0070,esp_049651_1050,esp_049651_1050_red-0070_dead_pixels_0.15,1,dead_pixels,0.15,4.526634693145752,1.363417148590088
localized_pixel_mean,esp_049651_1050_red-0070,esp_049651_1050,esp_049651_1050_red-0070_dead_pixels_0.3,1,dead_pixels,0.3,5.74690055847168,1.363417148590088
localized_pixel_mean,esp_049651_1050_red-0070,esp_049651_1050,esp_049651_1050_red-0070_dead_pixels_0.5,1,dead_pixels,0.5,7.357435703277588,1.363417148590088
localized_pixel_mean,esp_049651_1050_red-0070,esp_049651_1050,esp_049651_1050_red-0070_missing_patch_0.15,1,missing_patch,0.15,0.11161860823631287,1.363417148590088
localized_pixel_mean,esp_049651_1050_red-0070,esp_049651_1050,esp_049651_1050_red-0070_missing_patch_0.3,1,missing_patch,0.3,0.10564951598644257,1.363417148590088
localized_pixel_mean,esp_049651_1050_red-0070,esp_049651_1050,esp_049651_1050_red-0070_missing_patch_0.5,1,missing_patch,0.5,0.23786872625350952,1.363417148590088
localized_pixel_mean,esp_049651_1050_red-0070,esp_049651_1050,esp_049651_1050_red-0070_local_blur_0.15,1,local_blur,0.15,0.13313695788383484,1.363417148590088
localized_pixel_mean,esp_049651_1050_red-0070,esp_049651_1050,esp_049651_1050_red-0070_local_blur_0.3,1,local_blur,0.3,0.13533559441566467,1.363417148590088
localized_pixel_mean,esp_049651_1050_red-0070,esp_049651_1050,esp_049651_1050_red-0070_local_blur_0.5,1,local_blur,0.5,0.13474731147289276,1.363417148590088
localized_pixel_mean,esp_049651_1050_red-0070,esp_049651_1050,esp_049651_1050_red-0070_patch_duplication_0.15,1,patch_duplication,0.15,0.1410190612077713,1.363417148590088
localized_pixel_mean,esp_049651_1050_red-0070,esp_049651_1050,esp_049651_1050_red-0070_patch_duplication_0.3,1,patch_duplication,0.3,0.12173296511173248,1.363417148590088
localized_pixel_mean,esp_049651_1050_red-0070,esp_049651_1050,esp_049651_1050_red-0070_patch_duplication_0.5,1,patch_duplication,0.5,-0.03408575803041458,1.363417148590088
localized_pixel_mean,esp_049651_1050_red-0070,esp_049651_1050,esp_049651_1050_red-0070_foreign_content_0.15,1,foreign_content,0.15,0.1581362783908844,1.363417148590088
localized_pixel_mean,esp_049651_1050_red-0070,esp_049651_1050,esp_049651_1050_red-0070_foreign_content_0.3,1,foreign_content,0.3,0.15839751064777374,1.363417148590088
localized_pixel_mean,esp_049651_1050_red-0070,esp_049651_1050,esp_049651_1050_red-0070_foreign_content_0.5,1,foreign_content,0.5,0.22603338956832886,1.363417148590088
localized_pixel_mean,psp_006766_1850_red-0101,psp_006766_1850,psp_006766_1850_red-0101_clean,0,clean,0.0,0.5582870244979858,1.363417148590088
localized_pixel_mean,psp_006766_1850_red-0101,psp_006766_1850,psp_006766_1850_red-0101_stripes_0.15,1,stripes,0.15,0.6682226657867432,1.363417148590088
localized_pixel_mean,psp_006766_1850_red-0101,psp_006766_1850,psp_006766_1850_red-0101_stripes_0.3,1,stripes,0.3,0.7502395510673523,1.363417148590088
localized_pixel_mean,psp_006766_1850_red-0101,psp_006766_1850,psp_006766_1850_red-0101_stripes_0.5,1,stripes,0.5,0.8368018269538879,1.363417148590088
localized_pixel_mean,psp_006766_1850_red-0101,psp_006766_1850,psp_006766_1850_red-0101_dead_pixels_0.15,1,dead_pixels,0.15,5.362287998199463,1.363417148590088
localized_pixel_mean,psp_006766_1850_red-0101,psp_006766_1850,psp_006766_1850_red-0101_dead_pixels_0.3,1,dead_pixels,0.3,7.037771701812744,1.363417148590088
localized_pixel_mean,psp_006766_1850_red-0101,psp_006766_1850,psp_006766_1850_red-0101_dead_pixels_0.5,1,dead_pixels,0.5,8.353069305419922,1.363417148590088
localized_pixel_mean,psp_006766_1850_red-0101,psp_006766_1850,psp_006766_1850_red-0101_missing_patch_0.15,1,missing_patch,0.15,0.6817643642425537,1.363417148590088
localized_pixel_mean,psp_006766_1850_red-0101,psp_006766_1850,psp_006766_1850_red-0101_missing_patch_0.3,1,missing_patch,0.3,0.7873987555503845,1.363417148590088
localized_pixel_mean,psp_006766_1850_red-0101,psp_006766_1850,psp_006766_1850_red-0101_missing_patch_0.5,1,missing_patch,0.5,0.8118746280670166,1.363417148590088
localized_pixel_mean,psp_006766_1850_red-0101,psp_006766_1850,psp_006766_1850_red-0101_local_blur_0.15,1,local_blur,0.15,0.40181323885917664,1.363417148590088
localized_pixel_mean,psp_006766_1850_red-0101,psp_006766_1850,psp_006766_1850_red-0101_local_blur_0.3,1,local_blur,0.3,0.40363609790802,1.363417148590088
localized_pixel_mean,psp_006766_1850_red-0101,psp_006766_1850,psp_006766_1850_red-0101_local_blur_0.5,1,local_blur,0.5,0.4084632098674774,1.363417148590088
localized_pixel_mean,psp_006766_1850_red-0101,psp_006766_1850,psp_006766_1850_red-0101_patch_duplication_0.15,1,patch_duplication,0.15,0.5491021275520325,1.363417148590088
localized_pixel_mean,psp_006766_1850_red-0101,psp_006766_1850,psp_006766_1850_red-0101_patch_duplication_0.3,1,patch_duplication,0.3,0.548641562461853,1.363417148590088
localized_pixel_mean,psp_006766_1850_red-0101,psp_006766_1850,psp_006766_1850_red-0101_patch_duplication_0.5,1,patch_duplication,0.5,0.5556896924972534,1.363417148590088
localized_pixel_mean,psp_006766_1850_red-0101,psp_006766_1850,psp_006766_1850_red-0101_foreign_content_0.15,1,foreign_content,0.15,0.6140670776367188,1.363417148590088
localized_pixel_mean,psp_006766_1850_red-0101,psp_006766_1850,psp_006766_1850_red-0101_foreign_content_0.3,1,foreign_content,0.3,0.6423450708389282,1.363417148590088
localized_pixel_mean,psp_006766_1850_red-0101,psp_006766_1850,psp_006766_1850_red-0101_foreign_content_0.5,1,foreign_content,0.5,0.5739776492118835,1.363417148590088
localized_pixel_mean,esp_016148_2040_red-0097,esp_016148_2040,esp_016148_2040_red-0097_clean,0,clean,0.0,-0.3381713032722473,1.363417148590088
localized_pixel_mean,esp_016148_2040_red-0097,esp_016148_2040,esp_016148_2040_red-0097_stripes_0.15,1,stripes,0.15,-0.2140791267156601,1.363417148590088
localized_pixel_mean,esp_016148_2040_red-0097,esp_016148_2040,esp_016148_2040_red-0097_stripes_0.3,1,stripes,0.3,0.029268374666571617,1.363417148590088
localized_pixel_mean,esp_016148_2040_red-0097,esp_016148_2040,esp_016148_2040_red-0097_stripes_0.5,1,stripes,0.5,0.37346360087394714,1.363417148590088
localized_pixel_mean,esp_016148_2040_red-0097,esp_016148_2040,esp_016148_2040_red-0097_dead_pixels_0.15,1,dead_pixels,0.15,4.256404399871826,1.363417148590088
localized_pixel_mean,esp_016148_2040_red-0097,esp_016148_2040,esp_016148_2040_red-0097_dead_pixels_0.3,1,dead_pixels,0.3,6.730386257171631,1.363417148590088
localized_pixel_mean,esp_016148_2040_red-0097,esp_016148_2040,esp_016148_2040_red-0097_dead_pixels_0.5,1,dead_pixels,0.5,8.571337699890137,1.363417148590088
localized_pixel_mean,esp_016148_2040_red-0097,esp_016148_2040,esp_016148_2040_red-0097_missing_patch_0.15,1,missing_patch,0.15,-0.04022177681326866,1.363417148590088
localized_pixel_mean,esp_016148_2040_red-0097,esp_016148_2040,esp_016148_2040_red-0097_missing_patch_0.3,1,missing_patch,0.3,-0.25793951749801636,1.363417148590088
localized_pixel_mean,esp_016148_2040_red-0097,esp_016148_2040,esp_016148_2040_red-0097_missing_patch_0.5,1,missing_patch,0.5,-0.11803073436021805,1.363417148590088
localized_pixel_mean,esp_016148_2040_red-0097,esp_016148_2040,esp_016148_2040_red-0097_local_blur_0.15,1,local_blur,0.15,-0.3626035451889038,1.363417148590088
localized_pixel_mean,esp_016148_2040_red-0097,esp_016148_2040,esp_016148_2040_red-0097_local_blur_0.3,1,local_blur,0.3,-0.3837473392486572,1.363417148590088
localized_pixel_mean,esp_016148_2040_red-0097,esp_016148_2040,esp_016148_2040_red-0097_local_blur_0.5,1,local_blur,0.5,-0.396300345659256,1.363417148590088
localized_pixel_mean,esp_016148_2040_red-0097,esp_016148_2040,esp_016148_2040_red-0097_patch_duplication_0.15,1,patch_duplication,0.15,-0.33788689970970154,1.363417148590088
localized_pixel_mean,esp_016148_2040_red-0097,esp_016148_2040,esp_016148_2040_red-0097_patch_duplication_0.3,1,patch_duplication,0.3,-0.3347712755203247,1.363417148590088
localized_pixel_mean,esp_016148_2040_red-0097,esp_016148_2040,esp_016148_2040_red-0097_patch_duplication_0.5,1,patch_duplication,0.5,-0.34044304490089417,1.363417148590088
localized_pixel_mean,esp_016148_2040_red-0097,esp_016148_2040,esp_016148_2040_red-0097_foreign_content_0.15,1,foreign_content,0.15,-0.04347585141658783,1.363417148590088
localized_pixel_mean,esp_016148_2040_red-0097,esp_016148_2040,esp_016148_2040_red-0097_foreign_content_0.3,1,foreign_content,0.3,0.10054408758878708,1.363417148590088
localized_pixel_mean,esp_016148_2040_red-0097,esp_016148_2040,esp_016148_2040_red-0097_foreign_content_0.5,1,foreign_content,0.5,-0.0655878484249115,1.363417148590088
localized_pixel_mean,esp_011716_0940_red-0008,esp_011716_0940,esp_011716_0940_red-0008_clean,0,clean,0.0,0.2166496217250824,1.363417148590088
localized_pixel_mean,esp_011716_0940_red-0008,esp_011716_0940,esp_011716_0940_red-0008_stripes_0.15,1,stripes,0.15,0.22587059438228607,1.363417148590088
localized_pixel_mean,esp_011716_0940_red-0008,esp_011716_0940,esp_011716_0940_red-0008_stripes_0.3,1,stripes,0.3,0.26612526178359985,1.363417148590088
localized_pixel_mean,esp_011716_0940_red-0008,esp_011716_0940,esp_011716_0940_red-0008_stripes_0.5,1,stripes,0.5,0.34883859753608704,1.363417148590088
localized_pixel_mean,esp_011716_0940_red-0008,esp_011716_0940,esp_011716_0940_red-0008_dead_pixels_0.15,1,dead_pixels,0.15,3.6445517539978027,1.363417148590088
localized_pixel_mean,esp_011716_0940_red-0008,esp_011716_0940,esp_011716_0940_red-0008_dead_pixels_0.3,1,dead_pixels,0.3,4.982414722442627,1.363417148590088
localized_pixel_mean,esp_011716_0940_red-0008,esp_011716_0940,esp_011716_0940_red-0008_dead_pixels_0.5,1,dead_pixels,0.5,7.306728363037109,1.363417148590088
localized_pixel_mean,esp_011716_0940_red-0008,esp_011716_0940,esp_011716_0940_red-0008_missing_patch_0.15,1,missing_patch,0.15,0.18590396642684937,1.363417148590088
localized_pixel_mean,esp_011716_0940_red-0008,esp_011716_0940,esp_011716_0940_red-0008_missing_patch_0.3,1,missing_patch,0.3,0.17847709357738495,1.363417148590088
localized_pixel_mean,esp_011716_0940_red-0008,esp_011716_0940,esp_011716_0940_red-0008_missing_patch_0.5,1,missing_patch,0.5,0.16239218413829803,1.363417148590088
localized_pixel_mean,esp_011716_0940_red-0008,esp_011716_0940,esp_011716_0940_red-0008_local_blur_0.15,1,local_blur,0.15,0.09746133536100388,1.363417148590088
localized_pixel_mean,esp_011716_0940_red-0008,esp_011716_0940,esp_011716_0940_red-0008_local_blur_0.3,1,local_blur,0.3,-0.1124347448348999,1.363417148590088
localized_pixel_mean,esp_011716_0940_red-0008,esp_011716_0940,esp_011716_0940_red-0008_local_blur_0.5,1,local_blur,0.5,-0.057938721030950546,1.363417148590088
localized_pixel_mean,esp_011716_0940_red-0008,esp_011716_0940,esp_011716_0940_red-0008_patch_duplication_0.15,1,patch_duplication,0.15,0.2318289577960968,1.363417148590088
localized_pixel_mean,esp_011716_0940_red-0008,esp_011716_0940,esp_011716_0940_red-0008_patch_duplication_0.3,1,patch_duplication,0.3,0.21685530245304108,1.363417148590088
localized_pixel_mean,esp_011716_0940_red-0008,esp_011716_0940,esp_011716_0940_red-0008_patch_duplication_0.5,1,patch_duplication,0.5,0.4079563319683075,1.363417148590088
localized_pixel_mean,esp_011716_0940_red-0008,esp_011716_0940,esp_011716_0940_red-0008_foreign_content_0.15,1,foreign_content,0.15,0.24172593653202057,1.363417148590088
localized_pixel_mean,esp_011716_0940_red-0008,esp_011716_0940,esp_011716_0940_red-0008_foreign_content_0.3,1,foreign_content,0.3,0.2275559902191162,1.363417148590088
localized_pixel_mean,esp_011716_0940_red-0008,esp_011716_0940,esp_011716_0940_red-0008_foreign_content_0.5,1,foreign_content,0.5,0.23288904130458832,1.363417148590088
localized_pixel_mean,esp_013141_2105_red-0004,esp_013141_2105,esp_013141_2105_red-0004_clean,0,clean,0.0,-0.8975359797477722,1.363417148590088
localized_pixel_mean,esp_013141_2105_red-0004,esp_013141_2105,esp_013141_2105_red-0004_stripes_0.15,1,stripes,0.15,-0.7980987429618835,1.363417148590088
localized_pixel_mean,esp_013141_2105_red-0004,esp_013141_2105,esp_013141_2105_red-0004_stripes_0.3,1,stripes,0.3,-0.4867091178894043,1.363417148590088
localized_pixel_mean,esp_013141_2105_red-0004,esp_013141_2105,esp_013141_2105_red-0004_stripes_0.5,1,stripes,0.5,-0.15858320891857147,1.363417148590088
localized_pixel_mean,esp_013141_2105_red-0004,esp_013141_2105,esp_013141_2105_red-0004_dead_pixels_0.15,1,dead_pixels,0.15,7.53041410446167,1.363417148590088
localized_pixel_mean,esp_013141_2105_red-0004,esp_013141_2105,esp_013141_2105_red-0004_dead_pixels_0.3,1,dead_pixels,0.3,8.999011993408203,1.363417148590088
localized_pixel_mean,esp_013141_2105_red-0004,esp_013141_2105,esp_013141_2105_red-0004_dead_pixels_0.5,1,dead_pixels,0.5,10.418488502502441,1.363417148590088
localized_pixel_mean,esp_013141_2105_red-0004,esp_013141_2105,esp_013141_2105_red-0004_missing_patch_0.15,1,missing_patch,0.15,-0.604454517364502,1.363417148590088
localized_pixel_mean,esp_013141_2105_red-0004,esp_013141_2105,esp_013141_2105_red-0004_missing_patch_0.3,1,missing_patch,0.3,-0.09980958700180054,1.363417148590088
localized_pixel_mean,esp_013141_2105_red-0004,esp_013141_2105,esp_013141_2105_red-0004_missing_patch_0.5,1,missing_patch,0.5,-0.14522770047187805,1.363417148590088
localized_pixel_mean,esp_013141_2105_red-0004,esp_013141_2105,esp_013141_2105_red-0004_local_blur_0.15,1,local_blur,0.15,-0.9050252437591553,1.363417148590088
localized_pixel_mean,esp_013141_2105_red-0004,esp_013141_2105,esp_013141_2105_red-0004_local_blur_0.3,1,local_blur,0.3,-0.9052944779396057,1.363417148590088
localized_pixel_mean,esp_013141_2105_red-0004,esp_013141_2105,esp_013141_2105_red-0004_local_blur_0.5,1,local_blur,0.5,-0.9089789390563965,1.363417148590088
localized_pixel_mean,esp_013141_2105_red-0004,esp_013141_2105,esp_013141_2105_red-0004_patch_duplication_0.15,1,patch_duplication,0.15,-0.9015703201293945,1.363417148590088
localized_pixel_mean,esp_013141_2105_red-0004,esp_013141_2105,esp_013141_2105_red-0004_patch_duplication_0.3,1,patch_duplication,0.3,-0.9042381048202515,1.363417148590088
localized_pixel_mean,esp_013141_2105_red-0004,esp_013141_2105,esp_013141_2105_red-0004_patch_duplication_0.5,1,patch_duplication,0.5,-0.8041236400604248,1.363417148590088
localized_pixel_mean,esp_013141_2105_red-0004,esp_013141_2105,esp_013141_2105_red-0004_foreign_content_0.15,1,foreign_content,0.15,-0.6751755475997925,1.363417148590088
localized_pixel_mean,esp_013141_2105_red-0004,esp_013141_2105,esp_013141_2105_red-0004_foreign_content_0.3,1,foreign_content,0.3,-0.38145026564598083,1.363417148590088
localized_pixel_mean,esp_013141_2105_red-0004,esp_013141_2105,esp_013141_2105_red-0004_foreign_content_0.5,1,foreign_content,0.5,-0.13905146718025208,1.363417148590088
localized_pixel_mean,esp_016613_2570_red-0043,esp_016613_2570,esp_016613_2570_red-0043_clean,0,clean,0.0,0.37809285521507263,1.363417148590088
localized_pixel_mean,esp_016613_2570_red-0043,esp_016613_2570,esp_016613_2570_red-0043_stripes_0.15,1,stripes,0.15,0.2688322365283966,1.363417148590088
localized_pixel_mean,esp_016613_2570_red-0043,esp_016613_2570,esp_016613_2570_red-0043_stripes_0.3,1,stripes,0.3,0.27671921253204346,1.363417148590088
localized_pixel_mean,esp_016613_2570_red-0043,esp_016613_2570,esp_016613_2570_red-0043_stripes_0.5,1,stripes,0.5,0.37018638849258423,1.363417148590088
localized_pixel_mean,esp_016613_2570_red-0043,esp_016613_2570,esp_016613_2570_red-0043_dead_pixels_0.15,1,dead_pixels,0.15,1.9764333963394165,1.363417148590088
localized_pixel_mean,esp_016613_2570_red-0043,esp_016613_2570,esp_016613_2570_red-0043_dead_pixels_0.3,1,dead_pixels,0.3,3.6807358264923096,1.363417148590088
localized_pixel_mean,esp_016613_2570_red-0043,esp_016613_2570,esp_016613_2570_red-0043_dead_pixels_0.5,1,dead_pixels,0.5,5.503829479217529,1.363417148590088
localized_pixel_mean,esp_016613_2570_red-0043,esp_016613_2570,esp_016613_2570_red-0043_missing_patch_0.15,1,missing_patch,0.15,0.7350757718086243,1.363417148590088
localized_pixel_mean,esp_016613_2570_red-0043,esp_016613_2570,esp_016613_2570_red-0043_missing_patch_0.3,1,missing_patch,0.3,0.46933507919311523,1.363417148590088
localized_pixel_mean,esp_016613_2570_red-0043,esp_016613_2570,esp_016613_2570_red-0043_missing_patch_0.5,1,missing_patch,0.5,0.3947075605392456,1.363417148590088
localized_pixel_mean,esp_016613_2570_red-0043,esp_016613_2570,esp_016613_2570_red-0043_local_blur_0.15,1,local_blur,0.15,0.3781386613845825,1.363417148590088
localized_pixel_mean,esp_016613_2570_red-0043,esp_016613_2570,esp_016613_2570_red-0043_local_blur_0.3,1,local_blur,0.3,0.38108494877815247,1.363417148590088
localized_pixel_mean,esp_016613_2570_red-0043,esp_016613_2570,esp_016613_2570_red-0043_local_blur_0.5,1,local_blur,0.5,0.2891983985900879,1.363417148590088
localized_pixel_mean,esp_016613_2570_red-0043,esp_016613_2570,esp_016613_2570_red-0043_patch_duplication_0.15,1,patch_duplication,0.15,0.36740922927856445,1.363417148590088
localized_pixel_mean,esp_016613_2570_red-0043,esp_016613_2570,esp_016613_2570_red-0043_patch_duplication_0.3,1,patch_duplication,0.3,0.34238260984420776,1.363417148590088
localized_pixel_mean,esp_016613_2570_red-0043,esp_016613_2570,esp_016613_2570_red-0043_patch_duplication_0.5,1,patch_duplication,0.5,0.4959096312522888,1.363417148590088
localized_pixel_mean,esp_016613_2570_red-0043,esp_016613_2570,esp_016613_2570_red-0043_foreign_content_0.15,1,foreign_content,0.15,0.4001302719116211,1.363417148590088
localized_pixel_mean,esp_016613_2570_red-0043,esp_016613_2570,esp_016613_2570_red-0043_foreign_content_0.3,1,foreign_content,0.3,0.47933828830718994,1.363417148590088
localized_pixel_mean,esp_016613_2570_red-0043,esp_016613_2570,esp_016613_2570_red-0043_foreign_content_0.5,1,foreign_content,0.5,0.5137549638748169,1.363417148590088
localized_pixel_mean,esp_017395_1700_red-0049,esp_017395_1700,esp_017395_1700_red-0049_clean,0,clean,0.0,-0.5277338624000549,1.363417148590088
localized_pixel_mean,esp_017395_1700_red-0049,esp_017395_1700,esp_017395_1700_red-0049_stripes_0.15,1,stripes,0.15,-0.504120945930481,1.363417148590088
localized_pixel_mean,esp_017395_1700_red-0049,esp_017395_1700,esp_017395_1700_red-0049_stripes_0.3,1,stripes,0.3,-0.3269106149673462,1.363417148590088
localized_pixel_mean,esp_017395_1700_red-0049,esp_017395_1700,esp_017395_1700_red-0049_stripes_0.5,1,stripes,0.5,-0.08953975141048431,1.363417148590088
localized_pixel_mean,esp_017395_1700_red-0049,esp_017395_1700,esp_017395_1700_red-0049_dead_pixels_0.15,1,dead_pixels,0.15,5.302204132080078,1.363417148590088
localized_pixel_mean,esp_017395_1700_red-0049,esp_017395_1700,esp_017395_1700_red-0049_dead_pixels_0.3,1,dead_pixels,0.3,8.851228713989258,1.363417148590088
localized_pixel_mean,esp_017395_1700_red-0049,esp_017395_1700,esp_017395_1700_red-0049_dead_pixels_0.5,1,dead_pixels,0.5,9.424251556396484,1.363417148590088
localized_pixel_mean,esp_017395_1700_red-0049,esp_017395_1700,esp_017395_1700_red-0049_missing_patch_0.15,1,missing_patch,0.15,-0.13098536431789398,1.363417148590088
localized_pixel_mean,esp_017395_1700_red-0049,esp_017395_1700,esp_017395_1700_red-0049_missing_patch_0.3,1,missing_patch,0.3,-7.505836401833221e-05,1.363417148590088
localized_pixel_mean,esp_017395_1700_red-0049,esp_017395_1700,esp_017395_1700_red-0049_missing_patch_0.5,1,missing_patch,0.5,-0.035459715873003006,1.363417148590088
localized_pixel_mean,esp_017395_1700_red-0049,esp_017395_1700,esp_017395_1700_red-0049_local_blur_0.15,1,local_blur,0.15,-0.5261505842208862,1.363417148590088
localized_pixel_mean,esp_017395_1700_red-0049,esp_017395_1700,esp_017395_1700_red-0049_local_blur_0.3,1,local_blur,0.3,-0.5778940916061401,1.363417148590088
localized_pixel_mean,esp_017395_1700_red-0049,esp_017395_1700,esp_017395_1700_red-0049_local_blur_0.5,1,local_blur,0.5,-0.680285632610321,1.363417148590088
localized_pixel_mean,esp_017395_1700_red-0049,esp_017395_1700,esp_017395_1700_red-0049_patch_duplication_0.15,1,patch_duplication,0.15,-0.5417995452880859,1.363417148590088
localized_pixel_mean,esp_017395_1700_red-0049,esp_017395_1700,esp_017395_1700_red-0049_patch_duplication_0.3,1,patch_duplication,0.3,-0.5491693615913391,1.363417148590088
localized_pixel_mean,esp_017395_1700_red-0049,esp_017395_1700,esp_017395_1700_red-0049_patch_duplication_0.5,1,patch_duplication,0.5,-0.5021070837974548,1.363417148590088
localized_pixel_mean,esp_017395_1700_red-0049,esp_017395_1700,esp_017395_1700_red-0049_foreign_content_0.15,1,foreign_content,0.15,-0.23789967596530914,1.363417148590088
localized_pixel_mean,esp_017395_1700_red-0049,esp_017395_1700,esp_017395_1700_red-0049_foreign_content_0.3,1,foreign_content,0.3,-0.3228389322757721,1.363417148590088
localized_pixel_mean,esp_017395_1700_red-0049,esp_017395_1700,esp_017395_1700_red-0049_foreign_content_0.5,1,foreign_content,0.5,-0.317096471786499,1.363417148590088
localized_pixel_mean,esp_012588_0930_red-0008,esp_012588_0930,esp_012588_0930_red-0008_clean,0,clean,0.0,1.6556875705718994,1.363417148590088
localized_pixel_mean,esp_012588_0930_red-0008,esp_012588_0930,esp_012588_0930_red-0008_stripes_0.15,1,stripes,0.15,1.61588716506958,1.363417148590088
localized_pixel_mean,esp_012588_0930_red-0008,esp_012588_0930,esp_012588_0930_red-0008_stripes_0.3,1,stripes,0.3,1.4702105522155762,1.363417148590088
localized_pixel_mean,esp_012588_0930_red-0008,esp_012588_0930,esp_012588_0930_red-0008_stripes_0.5,1,stripes,0.5,1.284623384475708,1.363417148590088
localized_pixel_mean,esp_012588_0930_red-0008,esp_012588_0930,esp_012588_0930_red-0008_dead_pixels_0.15,1,dead_pixels,0.15,6.815385341644287,1.363417148590088
localized_pixel_mean,esp_012588_0930_red-0008,esp_012588_0930,esp_012588_0930_red-0008_dead_pixels_0.3,1,dead_pixels,0.3,7.520188331604004,1.363417148590088
localized_pixel_mean,esp_012588_0930_red-0008,esp_012588_0930,esp_012588_0930_red-0008_dead_pixels_0.5,1,dead_pixels,0.5,7.801144599914551,1.363417148590088
localized_pixel_mean,esp_012588_0930_red-0008,esp_012588_0930,esp_012588_0930_red-0008_missing_patch_0.15,1,missing_patch,0.15,1.4542489051818848,1.363417148590088
localized_pixel_mean,esp_012588_0930_red-0008,esp_012588_0930,esp_012588_0930_red-0008_missing_patch_0.3,1,missing_patch,0.3,1.4605401754379272,1.363417148590088
localized_pixel_mean,esp_012588_0930_red-0008,esp_012588_0930,esp_012588_0930_red-0008_missing_patch_0.5,1,missing_patch,0.5,1.4347323179244995,1.363417148590088
localized_pixel_mean,esp_012588_0930_red-0008,esp_012588_0930,esp_012588_0930_red-0008_local_blur_0.15,1,local_blur,0.15,1.5882680416107178,1.363417148590088
localized_pixel_mean,esp_012588_0930_red-0008,esp_012588_0930,esp_012588_0930_red-0008_local_blur_0.3,1,local_blur,0.3,1.6138718128204346,1.363417148590088
localized_pixel_mean,esp_012588_0930_red-0008,esp_012588_0930,esp_012588_0930_red-0008_local_blur_0.5,1,local_blur,0.5,1.7126544713974,1.363417148590088
localized_pixel_mean,esp_012588_0930_red-0008,esp_012588_0930,esp_012588_0930_red-0008_patch_duplication_0.15,1,patch_duplication,0.15,1.7238576412200928,1.363417148590088
localized_pixel_mean,esp_012588_0930_red-0008,esp_012588_0930,esp_012588_0930_red-0008_patch_duplication_0.3,1,patch_duplication,0.3,1.6707592010498047,1.363417148590088
localized_pixel_mean,esp_012588_0930_red-0008,esp_012588_0930,esp_012588_0930_red-0008_patch_duplication_0.5,1,patch_duplication,0.5,1.6783225536346436,1.363417148590088
localized_pixel_mean,esp_012588_0930_red-0008,esp_012588_0930,esp_012588_0930_red-0008_foreign_content_0.15,1,foreign_content,0.15,1.5794789791107178,1.363417148590088
localized_pixel_mean,esp_012588_0930_red-0008,esp_012588_0930,esp_012588_0930_red-0008_foreign_content_0.3,1,foreign_content,0.3,1.544244408607483,1.363417148590088
localized_pixel_mean,esp_012588_0930_red-0008,esp_012588_0930,esp_012588_0930_red-0008_foreign_content_0.5,1,foreign_content,0.5,1.3758060932159424,1.363417148590088
localized_pixel_mean,esp_049651_1050_red-0030,esp_049651_1050,esp_049651_1050_red-0030_clean,0,clean,0.0,0.06309337913990021,1.363417148590088
localized_pixel_mean,esp_049651_1050_red-0030,esp_049651_1050,esp_049651_1050_red-0030_stripes_0.15,1,stripes,0.15,0.24061371386051178,1.363417148590088
localized_pixel_mean,esp_049651_1050_red-0030,esp_049651_1050,esp_049651_1050_red-0030_stripes_0.3,1,stripes,0.3,0.4646156430244446,1.363417148590088
localized_pixel_mean,esp_049651_1050_red-0030,esp_049651_1050,esp_049651_1050_red-0030_stripes_0.5,1,stripes,0.5,0.7504276633262634,1.363417148590088
localized_pixel_mean,esp_049651_1050_red-0030,esp_049651_1050,esp_049651_1050_red-0030_dead_pixels_0.15,1,dead_pixels,0.15,3.9458727836608887,1.363417148590088
localized_pixel_mean,esp_049651_1050_red-0030,esp_049651_1050,esp_049651_1050_red-0030_dead_pixels_0.3,1,dead_pixels,0.3,5.1254191398620605,1.363417148590088
localized_pixel_mean,esp_049651_1050_red-0030,esp_049651_1050,esp_049651_1050_red-0030_dead_pixels_0.5,1,dead_pixels,0.5,7.714820861816406,1.363417148590088
localized_pixel_mean,esp_049651_1050_red-0030,esp_049651_1050,esp_049651_1050_red-0030_missing_patch_0.15,1,missing_patch,0.15,0.1867227852344513,1.363417148590088
localized_pixel_mean,esp_049651_1050_red-0030,esp_049651_1050,esp_049651_1050_red-0030_missing_patch_0.3,1,missing_patch,0.3,0.10361465811729431,1.363417148590088
localized_pixel_mean,esp_049651_1050_red-0030,esp_049651_1050,esp_049651_1050_red-0030_missing_patch_0.5,1,missing_patch,0.5,0.40987616777420044,1.363417148590088
localized_pixel_mean,esp_049651_1050_red-0030,esp_049651_1050,esp_049651_1050_red-0030_local_blur_0.15,1,local_blur,0.15,0.06039956212043762,1.363417148590088
localized_pixel_mean,esp_049651_1050_red-0030,esp_049651_1050,esp_049651_1050_red-0030_local_blur_0.3,1,local_blur,0.3,0.061141859740018845,1.363417148590088
localized_pixel_mean,esp_049651_1050_red-0030,esp_049651_1050,esp_049651_1050_red-0030_local_blur_0.5,1,local_blur,0.5,-0.06830456852912903,1.363417148590088
localized_pixel_mean,esp_049651_1050_red-0030,esp_049651_1050,esp_049651_1050_red-0030_patch_duplication_0.15,1,patch_duplication,0.15,0.062279921025037766,1.363417148590088
localized_pixel_mean,esp_049651_1050_red-0030,esp_049651_1050,esp_049651_1050_red-0030_patch_duplication_0.3,1,patch_duplication,0.3,0.059220071882009506,1.363417148590088
localized_pixel_mean,esp_049651_1050_red-0030,esp_049651_1050,esp_049651_1050_red-0030_patch_duplication_0.5,1,patch_duplication,0.5,0.057979173958301544,1.363417148590088
localized_pixel_mean,esp_049651_1050_red-0030,esp_049651_1050,esp_049651_1050_red-0030_foreign_content_0.15,1,foreign_content,0.15,0.06262645870447159,1.363417148590088
localized_pixel_mean,esp_049651_1050_red-0030,esp_049651_1050,esp_049651_1050_red-0030_foreign_content_0.3,1,foreign_content,0.3,0.15763913094997406,1.363417148590088
localized_pixel_mean,esp_049651_1050_red-0030,esp_049651_1050,esp_049651_1050_red-0030_foreign_content_0.5,1,foreign_content,0.5,0.24366576969623566,1.363417148590088
texture_mean,esp_020133_1720_red-0022,esp_020133_1720,esp_020133_1720_red-0022_clean,0,clean,0.0,0.053097859025001526,1.2124571800231934
texture_mean,esp_020133_1720_red-0022,esp_020133_1720,esp_020133_1720_red-0022_stripes_0.15,1,stripes,0.15,-0.2566207945346832,1.2124571800231934
texture_mean,esp_020133_1720_red-0022,esp_020133_1720,esp_020133_1720_red-0022_stripes_0.3,1,stripes,0.3,-0.5789614319801331,1.2124571800231934
texture_mean,esp_020133_1720_red-0022,esp_020133_1720,esp_020133_1720_red-0022_stripes_0.5,1,stripes,0.5,-0.9056438207626343,1.2124571800231934
texture_mean,esp_020133_1720_red-0022,esp_020133_1720,esp_020133_1720_red-0022_dead_pixels_0.15,1,dead_pixels,0.15,0.14700384438037872,1.2124571800231934
texture_mean,esp_020133_1720_red-0022,esp_020133_1720,esp_020133_1720_red-0022_dead_pixels_0.3,1,dead_pixels,0.3,0.0943605974316597,1.2124571800231934
texture_mean,esp_020133_1720_red-0022,esp_020133_1720,esp_020133_1720_red-0022_dead_pixels_0.5,1,dead_pixels,0.5,0.06766557693481445,1.2124571800231934
texture_mean,esp_020133_1720_red-0022,esp_020133_1720,esp_020133_1720_red-0022_missing_patch_0.15,1,missing_patch,0.15,0.3951472043991089,1.2124571800231934
texture_mean,esp_020133_1720_red-0022,esp_020133_1720,esp_020133_1720_red-0022_missing_patch_0.3,1,missing_patch,0.3,0.6692095398902893,1.2124571800231934
texture_mean,esp_020133_1720_red-0022,esp_020133_1720,esp_020133_1720_red-0022_missing_patch_0.5,1,missing_patch,0.5,0.9332479238510132,1.2124571800231934
texture_mean,esp_020133_1720_red-0022,esp_020133_1720,esp_020133_1720_red-0022_local_blur_0.15,1,local_blur,0.15,0.36014237999916077,1.2124571800231934
texture_mean,esp_020133_1720_red-0022,esp_020133_1720,esp_020133_1720_red-0022_local_blur_0.3,1,local_blur,0.3,0.52040696144104,1.2124571800231934
texture_mean,esp_020133_1720_red-0022,esp_020133_1720,esp_020133_1720_red-0022_local_blur_0.5,1,local_blur,0.5,0.5344830751419067,1.2124571800231934
texture_mean,esp_020133_1720_red-0022,esp_020133_1720,esp_020133_1720_red-0022_patch_duplication_0.15,1,patch_duplication,0.15,-0.19016332924365997,1.2124571800231934
texture_mean,esp_020133_1720_red-0022,esp_020133_1720,esp_020133_1720_red-0022_patch_duplication_0.3,1,patch_duplication,0.3,-0.16384999454021454,1.2124571800231934
texture_mean,esp_020133_1720_red-0022,esp_020133_1720,esp_020133_1720_red-0022_patch_duplication_0.5,1,patch_duplication,0.5,-0.1785723716020584,1.2124571800231934
texture_mean,esp_020133_1720_red-0022,esp_020133_1720,esp_020133_1720_red-0022_foreign_content_0.15,1,foreign_content,0.15,0.10873337090015411,1.2124571800231934
texture_mean,esp_020133_1720_red-0022,esp_020133_1720,esp_020133_1720_red-0022_foreign_content_0.3,1,foreign_content,0.3,0.2542167603969574,1.2124571800231934
texture_mean,esp_020133_1720_red-0022,esp_020133_1720,esp_020133_1720_red-0022_foreign_content_0.5,1,foreign_content,0.5,0.7451335787773132,1.2124571800231934
texture_mean,psp_006766_1850_red-0037,psp_006766_1850,psp_006766_1850_red-0037_clean,0,clean,0.0,1.1064424514770508,1.2124571800231934
texture_mean,psp_006766_1850_red-0037,psp_006766_1850,psp_006766_1850_red-0037_stripes_0.15,1,stripes,0.15,0.630728006362915,1.2124571800231934
texture_mean,psp_006766_1850_red-0037,psp_006766_1850,psp_006766_1850_red-0037_stripes_0.3,1,stripes,0.3,-0.11638540774583817,1.2124571800231934
texture_mean,psp_006766_1850_red-0037,psp_006766_1850,psp_006766_1850_red-0037_stripes_0.5,1,stripes,0.5,-0.661421000957489,1.2124571800231934
texture_mean,psp_006766_1850_red-0037,psp_006766_1850,psp_006766_1850_red-0037_dead_pixels_0.15,1,dead_pixels,0.15,1.2026340961456299,1.2124571800231934
texture_mean,psp_006766_1850_red-0037,psp_006766_1850,psp_006766_1850_red-0037_dead_pixels_0.3,1,dead_pixels,0.3,1.0945429801940918,1.2124571800231934
texture_mean,psp_006766_1850_red-0037,psp_006766_1850,psp_006766_1850_red-0037_dead_pixels_0.5,1,dead_pixels,0.5,1.2696150541305542,1.2124571800231934
texture_mean,psp_006766_1850_red-0037,psp_006766_1850,psp_006766_1850_red-0037_missing_patch_0.15,1,missing_patch,0.15,1.134676456451416,1.2124571800231934
texture_mean,psp_006766_1850_red-0037,psp_006766_1850,psp_006766_1850_red-0037_missing_patch_0.3,1,missing_patch,0.3,1.160353660583496,1.2124571800231934
texture_mean,psp_006766_1850_red-0037,psp_006766_1850,psp_006766_1850_red-0037_missing_patch_0.5,1,missing_patch,0.5,1.2164788246154785,1.2124571800231934
texture_mean,psp_006766_1850_red-0037,psp_006766_1850,psp_006766_1850_red-0037_local_blur_0.15,1,local_blur,0.15,1.1041712760925293,1.2124571800231934
texture_mean,psp_006766_1850_red-0037,psp_006766_1850,psp_006766_1850_red-0037_local_blur_0.3,1,local_blur,0.3,1.1016347408294678,1.2124571800231934
texture_mean,psp_006766_1850_red-0037,psp_006766_1850,psp_006766_1850_red-0037_local_blur_0.5,1,local_blur,0.5,1.097093105316162,1.2124571800231934
texture_mean,psp_006766_1850_red-0037,psp_006766_1850,psp_006766_1850_red-0037_patch_duplication_0.15,1,patch_duplication,0.15,1.0326298475265503,1.2124571800231934
texture_mean,psp_006766_1850_red-0037,psp_006766_1850,psp_006766_1850_red-0037_patch_duplication_0.3,1,patch_duplication,0.3,1.025414228439331,1.2124571800231934
texture_mean,psp_006766_1850_red-0037,psp_006766_1850,psp_006766_1850_red-0037_patch_duplication_0.5,1,patch_duplication,0.5,1.0056066513061523,1.2124571800231934
texture_mean,psp_006766_1850_red-0037,psp_006766_1850,psp_006766_1850_red-0037_foreign_content_0.15,1,foreign_content,0.15,1.1531445980072021,1.2124571800231934
texture_mean,psp_006766_1850_red-0037,psp_006766_1850,psp_006766_1850_red-0037_foreign_content_0.3,1,foreign_content,0.3,1.2787466049194336,1.2124571800231934
texture_mean,psp_006766_1850_red-0037,psp_006766_1850,psp_006766_1850_red-0037_foreign_content_0.5,1,foreign_content,0.5,1.6741011142730713,1.2124571800231934
texture_mean,esp_019559_1390_red-0576,esp_019559_1390,esp_019559_1390_red-0576_clean,0,clean,0.0,-0.16379286348819733,1.2124571800231934
texture_mean,esp_019559_1390_red-0576,esp_019559_1390,esp_019559_1390_red-0576_stripes_0.15,1,stripes,0.15,-0.36524006724357605,1.2124571800231934
texture_mean,esp_019559_1390_red-0576,esp_019559_1390,esp_019559_1390_red-0576_stripes_0.3,1,stripes,0.3,-0.6615447998046875,1.2124571800231934
texture_mean,esp_019559_1390_red-0576,esp_019559_1390,esp_019559_1390_red-0576_stripes_0.5,1,stripes,0.5,-0.9318234920501709,1.2124571800231934
texture_mean,esp_019559_1390_red-0576,esp_019559_1390,esp_019559_1390_red-0576_dead_pixels_0.15,1,dead_pixels,0.15,-0.2673659026622772,1.2124571800231934
texture_mean,esp_019559_1390_red-0576,esp_019559_1390,esp_019559_1390_red-0576_dead_pixels_0.3,1,dead_pixels,0.3,-0.22538620233535767,1.2124571800231934
texture_mean,esp_019559_1390_red-0576,esp_019559_1390,esp_019559_1390_red-0576_dead_pixels_0.5,1,dead_pixels,0.5,-0.16270004212856293,1.2124571800231934
texture_mean,esp_019559_1390_red-0576,esp_019559_1390,esp_019559_1390_red-0576_missing_patch_0.15,1,missing_patch,0.15,0.08812862634658813,1.2124571800231934
texture_mean,esp_019559_1390_red-0576,esp_019559_1390,esp_019559_1390_red-0576_missing_patch_0.3,1,missing_patch,0.3,1.0532206296920776,1.2124571800231934
texture_mean,esp_019559_1390_red-0576,esp_019559_1390,esp_019559_1390_red-0576_missing_patch_0.5,1,missing_patch,0.5,0.9671114087104797,1.2124571800231934
texture_mean,esp_019559_1390_red-0576,esp_019559_1390,esp_019559_1390_red-0576_local_blur_0.15,1,local_blur,0.15,-0.1640443354845047,1.2124571800231934
texture_mean,esp_019559_1390_red-0576,esp_019559_1390,esp_019559_1390_red-0576_local_blur_0.3,1,local_blur,0.3,-0.07292597740888596,1.2124571800231934
texture_mean,esp_019559_1390_red-0576,esp_019559_1390,esp_019559_1390_red-0576_local_blur_0.5,1,local_blur,0.5,0.24287892878055573,1.2124571800231934
texture_mean,esp_019559_1390_red-0576,esp_019559_1390,esp_019559_1390_red-0576_patch_duplication_0.15,1,patch_duplication,0.15,-0.16669146716594696,1.2124571800231934
texture_mean,esp_019559_1390_red-0576,esp_019559_1390,esp_019559_1390_red-0576_patch_duplication_0.3,1,patch_duplication,0.3,-0.1705990731716156,1.2124571800231934
texture_mean,esp_019559_1390_red-0576,esp_019559_1390,esp_019559_1390_red-0576_patch_duplication_0.5,1,patch_duplication,0.5,-0.15936218202114105,1.2124571800231934
texture_mean,esp_019559_1390_red-0576,esp_019559_1390,esp_019559_1390_red-0576_foreign_content_0.15,1,foreign_content,0.15,-0.15265367925167084,1.2124571800231934
texture_mean,esp_019559_1390_red-0576,esp_019559_1390,esp_019559_1390_red-0576_foreign_content_0.3,1,foreign_content,0.3,-0.07924967259168625,1.2124571800231934
texture_mean,esp_019559_1390_red-0576,esp_019559_1390,esp_019559_1390_red-0576_foreign_content_0.5,1,foreign_content,0.5,0.5601478815078735,1.2124571800231934
texture_mean,esp_016781_2055_red-0188,esp_016781_2055,esp_016781_2055_red-0188_clean,0,clean,0.0,1.0048161745071411,1.2124571800231934
texture_mean,esp_016781_2055_red-0188,esp_016781_2055,esp_016781_2055_red-0188_stripes_0.15,1,stripes,0.15,0.37990397214889526,1.2124571800231934
texture_mean,esp_016781_2055_red-0188,esp_016781_2055,esp_016781_2055_red-0188_stripes_0.3,1,stripes,0.3,-0.261257141828537,1.2124571800231934
texture_mean,esp_016781_2055_red-0188,esp_016781_2055,esp_016781_2055_red-0188_stripes_0.5,1,stripes,0.5,-0.832846999168396,1.2124571800231934
texture_mean,esp_016781_2055_red-0188,esp_016781_2055,esp_016781_2055_red-0188_dead_pixels_0.15,1,dead_pixels,0.15,1.1093560457229614,1.2124571800231934
texture_mean,esp_016781_2055_red-0188,esp_016781_2055,esp_016781_2055_red-0188_dead_pixels_0.3,1,dead_pixels,0.3,1.1423124074935913,1.2124571800231934
texture_mean,esp_016781_2055_red-0188,esp_016781_2055,esp_016781_2055_red-0188_dead_pixels_0.5,1,dead_pixels,0.5,1.154207468032837,1.2124571800231934
texture_mean,esp_016781_2055_red-0188,esp_016781_2055,esp_016781_2055_red-0188_missing_patch_0.15,1,missing_patch,0.15,1.0102165937423706,1.2124571800231934
texture_mean,esp_016781_2055_red-0188,esp_016781_2055,esp_016781_2055_red-0188_missing_patch_0.3,1,missing_patch,0.3,1.0341535806655884,1.2124571800231934
texture_mean,esp_016781_2055_red-0188,esp_016781_2055,esp_016781_2055_red-0188_missing_patch_0.5,1,missing_patch,0.5,1.073777198791504,1.2124571800231934
texture_mean,esp_016781_2055_red-0188,esp_016781_2055,esp_016781_2055_red-0188_local_blur_0.15,1,local_blur,0.15,1.0045154094696045,1.2124571800231934
texture_mean,esp_016781_2055_red-0188,esp_016781_2055,esp_016781_2055_red-0188_local_blur_0.3,1,local_blur,0.3,1.0045011043548584,1.2124571800231934
texture_mean,esp_016781_2055_red-0188,esp_016781_2055,esp_016781_2055_red-0188_local_blur_0.5,1,local_blur,0.5,1.002982497215271,1.2124571800231934
texture_mean,esp_016781_2055_red-0188,esp_016781_2055,esp_016781_2055_red-0188_patch_duplication_0.15,1,patch_duplication,0.15,0.8879140615463257,1.2124571800231934
texture_mean,esp_016781_2055_red-0188,esp_016781_2055,esp_016781_2055_red-0188_patch_duplication_0.3,1,patch_duplication,0.3,0.8775227665901184,1.2124571800231934
texture_mean,esp_016781_2055_red-0188,esp_016781_2055,esp_016781_2055_red-0188_patch_duplication_0.5,1,patch_duplication,0.5,0.8567616939544678,1.2124571800231934
texture_mean,esp_016781_2055_red-0188,esp_016781_2055,esp_016781_2055_red-0188_foreign_content_0.15,1,foreign_content,0.15,1.032606601715088,1.2124571800231934
texture_mean,esp_016781_2055_red-0188,esp_016781_2055,esp_016781_2055_red-0188_foreign_content_0.3,1,foreign_content,0.3,1.1120660305023193,1.2124571800231934
texture_mean,esp_016781_2055_red-0188,esp_016781_2055,esp_016781_2055_red-0188_foreign_content_0.5,1,foreign_content,0.5,1.4553552865982056,1.2124571800231934
texture_mean,esp_016613_2570_red-0034,esp_016613_2570,esp_016613_2570_red-0034_clean,0,clean,0.0,0.8375164270401001,1.2124571800231934
texture_mean,esp_016613_2570_red-0034,esp_016613_2570,esp_016613_2570_red-0034_stripes_0.15,1,stripes,0.15,0.5865768194198608,1.2124571800231934
texture_mean,esp_016613_2570_red-0034,esp_016613_2570,esp_016613_2570_red-0034_stripes_0.3,1,stripes,0.3,0.23856130242347717,1.2124571800231934
texture_mean,esp_016613_2570_red-0034,esp_016613_2570,esp_016613_2570_red-0034_stripes_0.5,1,stripes,0.5,-0.1329929083585739,1.2124571800231934
texture_mean,esp_016613_2570_red-0034,esp_016613_2570,esp_016613_2570_red-0034_dead_pixels_0.15,1,dead_pixels,0.15,0.9090451598167419,1.2124571800231934
texture_mean,esp_016613_2570_red-0034,esp_016613_2570,esp_016613_2570_red-0034_dead_pixels_0.3,1,dead_pixels,0.3,0.9671788215637207,1.2124571800231934
texture_mean,esp_016613_2570_red-0034,esp_016613_2570,esp_016613_2570_red-0034_dead_pixels_0.5,1,dead_pixels,0.5,0.9794127941131592,1.2124571800231934
texture_mean,esp_016613_2570_red-0034,esp_016613_2570,esp_016613_2570_red-0034_missing_patch_0.15,1,missing_patch,0.15,1.1321903467178345,1.2124571800231934
texture_mean,esp_016613_2570_red-0034,esp_016613_2570,esp_016613_2570_red-0034_missing_patch_0.3,1,missing_patch,0.3,1.4689267873764038,1.2124571800231934
texture_mean,esp_016613_2570_red-0034,esp_016613_2570,esp_016613_2570_red-0034_missing_patch_0.5,1,missing_patch,0.5,1.6287915706634521,1.2124571800231934
texture_mean,esp_016613_2570_red-0034,esp_016613_2570,esp_016613_2570_red-0034_local_blur_0.15,1,local_blur,0.15,1.1215544939041138,1.2124571800231934
texture_mean,esp_016613_2570_red-0034,esp_016613_2570,esp_016613_2570_red-0034_local_blur_0.3,1,local_blur,0.3,1.1500929594039917,1.2124571800231934
texture_mean,esp_016613_2570_red-0034,esp_016613_2570,esp_016613_2570_red-0034_local_blur_0.5,1,local_blur,0.5,1.1476629972457886,1.2124571800231934
texture_mean,esp_016613_2570_red-0034,esp_016613_2570,esp_016613_2570_red-0034_patch_duplication_0.15,1,patch_duplication,0.15,0.8421335816383362,1.2124571800231934
texture_mean,esp_016613_2570_red-0034,esp_016613_2570,esp_016613_2570_red-0034_patch_duplication_0.3,1,patch_duplication,0.3,0.8426781296730042,1.2124571800231934
texture_mean,esp_016613_2570_red-0034,esp_016613_2570,esp_016613_2570_red-0034_patch_duplication_0.5,1,patch_duplication,0.5,0.8442652225494385,1.2124571800231934
texture_mean,esp_016613_2570_red-0034,esp_016613_2570,esp_016613_2570_red-0034_foreign_content_0.15,1,foreign_content,0.15,0.8897614479064941,1.2124571800231934
texture_mean,esp_016613_2570_red-0034,esp_016613_2570,esp_016613_2570_red-0034_foreign_content_0.3,1,foreign_content,0.3,0.987141489982605,1.2124571800231934
texture_mean,esp_016613_2570_red-0034,esp_016613_2570,esp_016613_2570_red-0034_foreign_content_0.5,1,foreign_content,0.5,1.3120287656784058,1.2124571800231934
texture_mean,esp_017395_1700_red-0007,esp_017395_1700,esp_017395_1700_red-0007_clean,0,clean,0.0,-0.02457737922668457,1.2124571800231934
texture_mean,esp_017395_1700_red-0007,esp_017395_1700,esp_017395_1700_red-0007_stripes_0.15,1,stripes,0.15,-0.3358173668384552,1.2124571800231934
texture_mean,esp_017395_1700_red-0007,esp_017395_1700,esp_017395_1700_red-0007_stripes_0.3,1,stripes,0.3,-0.7596888542175293,1.2124571800231934
texture_mean,esp_017395_1700_red-0007,esp_017395_1700,esp_017395_1700_red-0007_stripes_0.5,1,stripes,0.5,-1.1372416019439697,1.2124571800231934
texture_mean,esp_017395_1700_red-0007,esp_017395_1700,esp_017395_1700_red-0007_dead_pixels_0.15,1,dead_pixels,0.15,-0.287751704454422,1.2124571800231934
texture_mean,esp_017395_1700_red-0007,esp_017395_1700,esp_017395_1700_red-0007_dead_pixels_0.3,1,dead_pixels,0.3,0.10834543406963348,1.2124571800231934
texture_mean,esp_017395_1700_red-0007,esp_017395_1700,esp_017395_1700_red-0007_dead_pixels_0.5,1,dead_pixels,0.5,0.10656680911779404,1.2124571800231934
texture_mean,esp_017395_1700_red-0007,esp_017395_1700,esp_017395_1700_red-0007_missing_patch_0.15,1,missing_patch,0.15,-0.02535400725901127,1.2124571800231934
texture_mean,esp_017395_1700_red-0007,esp_017395_1700,esp_017395_1700_red-0007_missing_patch_0.3,1,missing_patch,0.3,0.7222291231155396,1.2124571800231934
texture_mean,esp_017395_1700_red-0007,esp_017395_1700,esp_017395_1700_red-0007_missing_patch_0.5,1,missing_patch,0.5,0.7920949459075928,1.2124571800231934
texture_mean,esp_017395_1700_red-0007,esp_017395_1700,esp_017395_1700_red-0007_local_blur_0.15,1,local_blur,0.15,-0.024137532338500023,1.2124571800231934
texture_mean,esp_017395_1700_red-0007,esp_017395_1700,esp_017395_1700_red-0007_local_blur_0.3,1,local_blur,0.3,-0.025579672306776047,1.2124571800231934
texture_mean,esp_017395_1700_red-0007,esp_017395_1700,esp_017395_1700_red-0007_local_blur_0.5,1,local_blur,0.5,-0.028858158737421036,1.2124571800231934
texture_mean,esp_017395_1700_red-0007,esp_017395_1700,esp_017395_1700_red-0007_patch_duplication_0.15,1,patch_duplication,0.15,-0.3699742555618286,1.2124571800231934
texture_mean,esp_017395_1700_red-0007,esp_017395_1700,esp_017395_1700_red-0007_patch_duplication_0.3,1,patch_duplication,0.3,-0.4501989483833313,1.2124571800231934
texture_mean,esp_017395_1700_red-0007,esp_017395_1700,esp_017395_1700_red-0007_patch_duplication_0.5,1,patch_duplication,0.5,-0.4705127477645874,1.2124571800231934
texture_mean,esp_017395_1700_red-0007,esp_017395_1700,esp_017395_1700_red-0007_foreign_content_0.15,1,foreign_content,0.15,-0.007362385280430317,1.2124571800231934
texture_mean,esp_017395_1700_red-0007,esp_017395_1700,esp_017395_1700_red-0007_foreign_content_0.3,1,foreign_content,0.3,0.08384530991315842,1.2124571800231934
texture_mean,esp_017395_1700_red-0007,esp_017395_1700,esp_017395_1700_red-0007_foreign_content_0.5,1,foreign_content,0.5,0.6999117732048035,1.2124571800231934
texture_mean,esp_012057_0950_red-0111,esp_012057_0950,esp_012057_0950_red-0111_clean,0,clean,0.0,0.16939198970794678,1.2124571800231934
texture_mean,esp_012057_0950_red-0111,esp_012057_0950,esp_012057_0950_red-0111_stripes_0.15,1,stripes,0.15,-0.24867463111877441,1.2124571800231934
texture_mean,esp_012057_0950_red-0111,esp_012057_0950,esp_012057_0950_red-0111_stripes_0.3,1,stripes,0.3,-0.7148404717445374,1.2124571800231934
texture_mean,esp_012057_0950_red-0111,esp_012057_0950,esp_012057_0950_red-0111_stripes_0.5,1,stripes,0.5,-1.1080814599990845,1.2124571800231934
texture_mean,esp_012057_0950_red-0111,esp_012057_0950,esp_012057_0950_red-0111_dead_pixels_0.15,1,dead_pixels,0.15,-0.05074858292937279,1.2124571800231934
texture_mean,esp_012057_0950_red-0111,esp_012057_0950,esp_012057_0950_red-0111_dead_pixels_0.3,1,dead_pixels,0.3,0.23274098336696625,1.2124571800231934
texture_mean,esp_012057_0950_red-0111,esp_012057_0950,esp_012057_0950_red-0111_dead_pixels_0.5,1,dead_pixels,0.5,-0.30290722846984863,1.2124571800231934
texture_mean,esp_012057_0950_red-0111,esp_012057_0950,esp_012057_0950_red-0111_missing_patch_0.15,1,missing_patch,0.15,0.19751840829849243,1.2124571800231934
texture_mean,esp_012057_0950_red-0111,esp_012057_0950,esp_012057_0950_red-0111_missing_patch_0.3,1,missing_patch,0.3,0.23384739458560944,1.2124571800231934
texture_mean,esp_012057_0950_red-0111,esp_012057_0950,esp_012057_0950_red-0111_missing_patch_0.5,1,missing_patch,0.5,0.8170303106307983,1.2124571800231934
texture_mean,esp_012057_0950_red-0111,esp_012057_0950,esp_012057_0950_red-0111_local_blur_0.15,1,local_blur,0.15,0.16910651326179504,1.2124571800231934
texture_mean,esp_012057_0950_red-0111,esp_012057_0950,esp_012057_0950_red-0111_local_blur_0.3,1,local_blur,0.3,0.1690228432416916,1.2124571800231934
texture_mean,esp_012057_0950_red-0111,esp_012057_0950,esp_012057_0950_red-0111_local_blur_0.5,1,local_blur,0.5,0.16908055543899536,1.2124571800231934
texture_mean,esp_012057_0950_red-0111,esp_012057_0950,esp_012057_0950_red-0111_patch_duplication_0.15,1,patch_duplication,0.15,-0.004240210168063641,1.2124571800231934
texture_mean,esp_012057_0950_red-0111,esp_012057_0950,esp_012057_0950_red-0111_patch_duplication_0.3,1,patch_duplication,0.3,-0.12459824979305267,1.2124571800231934
texture_mean,esp_012057_0950_red-0111,esp_012057_0950,esp_012057_0950_red-0111_patch_duplication_0.5,1,patch_duplication,0.5,-0.11618077754974365,1.2124571800231934
texture_mean,esp_012057_0950_red-0111,esp_012057_0950,esp_012057_0950_red-0111_foreign_content_0.15,1,foreign_content,0.15,0.19618470966815948,1.2124571800231934
texture_mean,esp_012057_0950_red-0111,esp_012057_0950,esp_012057_0950_red-0111_foreign_content_0.3,1,foreign_content,0.3,0.2804245352745056,1.2124571800231934
texture_mean,esp_012057_0950_red-0111,esp_012057_0950,esp_012057_0950_red-0111_foreign_content_0.5,1,foreign_content,0.5,0.6618697047233582,1.2124571800231934
texture_mean,esp_049651_1050_red-0070,esp_049651_1050,esp_049651_1050_red-0070_clean,0,clean,0.0,-1.1165777444839478,1.2124571800231934
texture_mean,esp_049651_1050_red-0070,esp_049651_1050,esp_049651_1050_red-0070_stripes_0.15,1,stripes,0.15,-1.151589035987854,1.2124571800231934
texture_mean,esp_049651_1050_red-0070,esp_049651_1050,esp_049651_1050_red-0070_stripes_0.3,1,stripes,0.3,-1.2029725313186646,1.2124571800231934
texture_mean,esp_049651_1050_red-0070,esp_049651_1050,esp_049651_1050_red-0070_stripes_0.5,1,stripes,0.5,-1.2416868209838867,1.2124571800231934
texture_mean,esp_049651_1050_red-0070,esp_049651_1050,esp_049651_1050_red-0070_dead_pixels_0.15,1,dead_pixels,0.15,-1.2281743288040161,1.2124571800231934
texture_mean,esp_049651_1050_red-0070,esp_049651_1050,esp_049651_1050_red-0070_dead_pixels_0.3,1,dead_pixels,0.3,-1.1376794576644897,1.2124571800231934
texture_mean,esp_049651_1050_red-0070,esp_049651_1050,esp_049651_1050_red-0070_dead_pixels_0.5,1,dead_pixels,0.5,-1.1510623693466187,1.2124571800231934
texture_mean,esp_049651_1050_red-0070,esp_049651_1050,esp_049651_1050_red-0070_missing_patch_0.15,1,missing_patch,0.15,-0.46826258301734924,1.2124571800231934
texture_mean,esp_049651_1050_red-0070,esp_049651_1050,esp_049651_1050_red-0070_missing_patch_0.3,1,missing_patch,0.3,0.6119663119316101,1.2124571800231934
texture_mean,esp_049651_1050_red-0070,esp_049651_1050,esp_049651_1050_red-0070_missing_patch_0.5,1,missing_patch,0.5,0.6947249174118042,1.2124571800231934
texture_mean,esp_049651_1050_red-0070,esp_049651_1050,esp_049651_1050_red-0070_local_blur_0.15,1,local_blur,0.15,0.37528476119041443,1.2124571800231934
texture_mean,esp_049651_1050_red-0070,esp_049651_1050,esp_049651_1050_red-0070_local_blur_0.3,1,local_blur,0.3,0.5764138102531433,1.2124571800231934
texture_mean,esp_049651_1050_red-0070,esp_049651_1050,esp_049651_1050_red-0070_local_blur_0.5,1,local_blur,0.5,0.5847122669219971,1.2124571800231934
texture_mean,esp_049651_1050_red-0070,esp_049651_1050,esp_049651_1050_red-0070_patch_duplication_0.15,1,patch_duplication,0.15,-1.184248685836792,1.2124571800231934
texture_mean,esp_049651_1050_red-0070,esp_049651_1050,esp_049651_1050_red-0070_patch_duplication_0.3,1,patch_duplication,0.3,-1.1410229206085205,1.2124571800231934
texture_mean,esp_049651_1050_red-0070,esp_049651_1050,esp_049651_1050_red-0070_patch_duplication_0.5,1,patch_duplication,0.5,-1.2259249687194824,1.2124571800231934
texture_mean,esp_049651_1050_red-0070,esp_049651_1050,esp_049651_1050_red-0070_foreign_content_0.15,1,foreign_content,0.15,-1.0625228881835938,1.2124571800231934
texture_mean,esp_049651_1050_red-0070,esp_049651_1050,esp_049651_1050_red-0070_foreign_content_0.3,1,foreign_content,0.3,-0.9098257422447205,1.2124571800231934
texture_mean,esp_049651_1050_red-0070,esp_049651_1050,esp_049651_1050_red-0070_foreign_content_0.5,1,foreign_content,0.5,-0.391000360250473,1.2124571800231934
texture_mean,psp_006766_1850_red-0101,psp_006766_1850,psp_006766_1850_red-0101_clean,0,clean,0.0,-0.6068885922431946,1.2124571800231934
texture_mean,psp_006766_1850_red-0101,psp_006766_1850,psp_006766_1850_red-0101_stripes_0.15,1,stripes,0.15,-0.787852942943573,1.2124571800231934
texture_mean,psp_006766_1850_red-0101,psp_006766_1850,psp_006766_1850_red-0101_stripes_0.3,1,stripes,0.3,-0.9968207478523254,1.2124571800231934
texture_mean,psp_006766_1850_red-0101,psp_006766_1850,psp_006766_1850_red-0101_stripes_0.5,1,stripes,0.5,-1.1977931261062622,1.2124571800231934
texture_mean,psp_006766_1850_red-0101,psp_006766_1850,psp_006766_1850_red-0101_dead_pixels_0.15,1,dead_pixels,0.15,-0.7071167826652527,1.2124571800231934
texture_mean,psp_006766_1850_red-0101,psp_006766_1850,psp_006766_1850_red-0101_dead_pixels_0.3,1,dead_pixels,0.3,-0.6554706692695618,1.2124571800231934
texture_mean,psp_006766_1850_red-0101,psp_006766_1850,psp_006766_1850_red-0101_dead_pixels_0.5,1,dead_pixels,0.5,-0.6696010828018188,1.2124571800231934
texture_mean,psp_006766_1850_red-0101,psp_006766_1850,psp_006766_1850_red-0101_missing_patch_0.15,1,missing_patch,0.15,-0.5476306676864624,1.2124571800231934
texture_mean,psp_006766_1850_red-0101,psp_006766_1850,psp_006766_1850_red-0101_missing_patch_0.3,1,missing_patch,0.3,-0.1097143366932869,1.2124571800231934
texture_mean,psp_006766_1850_red-0101,psp_006766_1850,psp_006766_1850_red-0101_missing_patch_0.5,1,missing_patch,0.5,1.0435658693313599,1.2124571800231934
texture_mean,psp_006766_1850_red-0101,psp_006766_1850,psp_006766_1850_red-0101_local_blur_0.15,1,local_blur,0.15,0.08009207993745804,1.2124571800231934
texture_mean,psp_006766_1850_red-0101,psp_006766_1850,psp_006766_1850_red-0101_local_blur_0.3,1,local_blur,0.3,0.08978614211082458,1.2124571800231934
texture_mean,psp_006766_1850_red-0101,psp_006766_1850,psp_006766_1850_red-0101_local_blur_0.5,1,local_blur,0.5,0.1250603199005127,1.2124571800231934
texture_mean,psp_006766_1850_red-0101,psp_006766_1850,psp_006766_1850_red-0101_patch_duplication_0.15,1,patch_duplication,0.15,-0.6756422519683838,1.2124571800231934
texture_mean,psp_006766_1850_red-0101,psp_006766_1850,psp_006766_1850_red-0101_patch_duplication_0.3,1,patch_duplication,0.3,-0.6923230290412903,1.2124571800231934
texture_mean,psp_006766_1850_red-0101,psp_006766_1850,psp_006766_1850_red-0101_patch_duplication_0.5,1,patch_duplication,0.5,-0.7158027291297913,1.2124571800231934
texture_mean,psp_006766_1850_red-0101,psp_006766_1850,psp_006766_1850_red-0101_foreign_content_0.15,1,foreign_content,0.15,-0.5841624736785889,1.2124571800231934
texture_mean,psp_006766_1850_red-0101,psp_006766_1850,psp_006766_1850_red-0101_foreign_content_0.3,1,foreign_content,0.3,-0.48927125334739685,1.2124571800231934
texture_mean,psp_006766_1850_red-0101,psp_006766_1850,psp_006766_1850_red-0101_foreign_content_0.5,1,foreign_content,0.5,0.051376957446336746,1.2124571800231934
texture_mean,esp_016148_2040_red-0097,esp_016148_2040,esp_016148_2040_red-0097_clean,0,clean,0.0,0.04505176842212677,1.2124571800231934
texture_mean,esp_016148_2040_red-0097,esp_016148_2040,esp_016148_2040_red-0097_stripes_0.15,1,stripes,0.15,-0.12805184721946716,1.2124571800231934
texture_mean,esp_016148_2040_red-0097,esp_016148_2040,esp_016148_2040_red-0097_stripes_0.3,1,stripes,0.3,-0.4060450494289398,1.2124571800231934
texture_mean,esp_016148_2040_red-0097,esp_016148_2040,esp_016148_2040_red-0097_stripes_0.5,1,stripes,0.5,-0.7297286987304688,1.2124571800231934
texture_mean,esp_016148_2040_red-0097,esp_016148_2040,esp_016148_2040_red-0097_dead_pixels_0.15,1,dead_pixels,0.15,0.15596303343772888,1.2124571800231934
texture_mean,esp_016148_2040_red-0097,esp_016148_2040,esp_016148_2040_red-0097_dead_pixels_0.3,1,dead_pixels,0.3,0.2743958532810211,1.2124571800231934
texture_mean,esp_016148_2040_red-0097,esp_016148_2040,esp_016148_2040_red-0097_dead_pixels_0.5,1,dead_pixels,0.5,0.2750835716724396,1.2124571800231934
texture_mean,esp_016148_2040_red-0097,esp_016148_2040,esp_016148_2040_red-0097_missing_patch_0.15,1,missing_patch,0.15,0.7479039430618286,1.2124571800231934
texture_mean,esp_016148_2040_red-0097,esp_016148_2040,esp_016148_2040_red-0097_missing_patch_0.3,1,missing_patch,0.3,1.1109910011291504,1.2124571800231934
texture_mean,esp_016148_2040_red-0097,esp_016148_2040,esp_016148_2040_red-0097_missing_patch_0.5,1,missing_patch,0.5,1.166918396949768,1.2124571800231934
texture_mean,esp_016148_2040_red-0097,esp_016148_2040,esp_016148_2040_red-0097_local_blur_0.15,1,local_blur,0.15,0.3234807848930359,1.2124571800231934
texture_mean,esp_016148_2040_red-0097,esp_016148_2040,esp_016148_2040_red-0097_local_blur_0.3,1,local_blur,0.3,0.39612457156181335,1.2124571800231934
texture_mean,esp_016148_2040_red-0097,esp_016148_2040,esp_016148_2040_red-0097_local_blur_0.5,1,local_blur,0.5,0.4939750134944916,1.2124571800231934
texture_mean,esp_016148_2040_red-0097,esp_016148_2040,esp_016148_2040_red-0097_patch_duplication_0.15,1,patch_duplication,0.15,-0.05871488153934479,1.2124571800231934
texture_mean,esp_016148_2040_red-0097,esp_016148_2040,esp_016148_2040_red-0097_patch_duplication_0.3,1,patch_duplication,0.3,-0.07294163852930069,1.2124571800231934
texture_mean,esp_016148_2040_red-0097,esp_016148_2040,esp_016148_2040_red-0097_patch_duplication_0.5,1,patch_duplication,0.5,-0.07675721496343613,1.2124571800231934
texture_mean,esp_016148_2040_red-0097,esp_016148_2040,esp_016148_2040_red-0097_foreign_content_0.15,1,foreign_content,0.15,0.11115469038486481,1.2124571800231934
texture_mean,esp_016148_2040_red-0097,esp_016148_2040,esp_016148_2040_red-0097_foreign_content_0.3,1,foreign_content,0.3,0.3274044990539551,1.2124571800231934
texture_mean,esp_016148_2040_red-0097,esp_016148_2040,esp_016148_2040_red-0097_foreign_content_0.5,1,foreign_content,0.5,0.9296110272407532,1.2124571800231934
texture_mean,esp_011716_0940_red-0008,esp_011716_0940,esp_011716_0940_red-0008_clean,0,clean,0.0,0.025716742500662804,1.2124571800231934
texture_mean,esp_011716_0940_red-0008,esp_011716_0940,esp_011716_0940_red-0008_stripes_0.15,1,stripes,0.15,-0.2975492775440216,1.2124571800231934
texture_mean,esp_011716_0940_red-0008,esp_011716_0940,esp_011716_0940_red-0008_stripes_0.3,1,stripes,0.3,-0.6409628987312317,1.2124571800231934
texture_mean,esp_011716_0940_red-0008,esp_011716_0940,esp_011716_0940_red-0008_stripes_0.5,1,stripes,0.5,-0.993485689163208,1.2124571800231934
texture_mean,esp_011716_0940_red-0008,esp_011716_0940,esp_011716_0940_red-0008_dead_pixels_0.15,1,dead_pixels,0.15,0.1601625382900238,1.2124571800231934
texture_mean,esp_011716_0940_red-0008,esp_011716_0940,esp_011716_0940_red-0008_dead_pixels_0.3,1,dead_pixels,0.3,0.28192827105522156,1.2124571800231934
texture_mean,esp_011716_0940_red-0008,esp_011716_0940,esp_011716_0940_red-0008_dead_pixels_0.5,1,dead_pixels,0.5,0.3793967068195343,1.2124571800231934
texture_mean,esp_011716_0940_red-0008,esp_011716_0940,esp_011716_0940_red-0008_missing_patch_0.15,1,missing_patch,0.15,0.0300312303006649,1.2124571800231934
texture_mean,esp_011716_0940_red-0008,esp_011716_0940,esp_011716_0940_red-0008_missing_patch_0.3,1,missing_patch,0.3,0.1553788185119629,1.2124571800231934
texture_mean,esp_011716_0940_red-0008,esp_011716_0940,esp_011716_0940_red-0008_missing_patch_0.5,1,missing_patch,0.5,0.9477739930152893,1.2124571800231934
texture_mean,esp_011716_0940_red-0008,esp_011716_0940,esp_011716_0940_red-0008_local_blur_0.15,1,local_blur,0.15,0.1900446116924286,1.2124571800231934
texture_mean,esp_011716_0940_red-0008,esp_011716_0940,esp_011716_0940_red-0008_local_blur_0.3,1,local_blur,0.3,0.2218947410583496,1.2124571800231934
texture_mean,esp_011716_0940_red-0008,esp_011716_0940,esp_011716_0940_red-0008_local_blur_0.5,1,local_blur,0.5,0.2588331401348114,1.2124571800231934
texture_mean,esp_011716_0940_red-0008,esp_011716_0940,esp_011716_0940_red-0008_patch_duplication_0.15,1,patch_duplication,0.15,-0.14888732135295868,1.2124571800231934
texture_mean,esp_011716_0940_red-0008,esp_011716_0940,esp_011716_0940_red-0008_patch_duplication_0.3,1,patch_duplication,0.3,-0.10739772766828537,1.2124571800231934
texture_mean,esp_011716_0940_red-0008,esp_011716_0940,esp_011716_0940_red-0008_patch_duplication_0.5,1,patch_duplication,0.5,-0.10397128015756607,1.2124571800231934
texture_mean,esp_011716_0940_red-0008,esp_011716_0940,esp_011716_0940_red-0008_foreign_content_0.15,1,foreign_content,0.15,0.08821230381727219,1.2124571800231934
texture_mean,esp_011716_0940_red-0008,esp_011716_0940,esp_011716_0940_red-0008_foreign_content_0.3,1,foreign_content,0.3,0.26887473464012146,1.2124571800231934
texture_mean,esp_011716_0940_red-0008,esp_011716_0940,esp_011716_0940_red-0008_foreign_content_0.5,1,foreign_content,0.5,0.8200681805610657,1.2124571800231934
texture_mean,esp_013141_2105_red-0004,esp_013141_2105,esp_013141_2105_red-0004_clean,0,clean,0.0,-0.08765328675508499,1.2124571800231934
texture_mean,esp_013141_2105_red-0004,esp_013141_2105,esp_013141_2105_red-0004_stripes_0.15,1,stripes,0.15,-0.4460914731025696,1.2124571800231934
texture_mean,esp_013141_2105_red-0004,esp_013141_2105,esp_013141_2105_red-0004_stripes_0.3,1,stripes,0.3,-0.812393844127655,1.2124571800231934
texture_mean,esp_013141_2105_red-0004,esp_013141_2105,esp_013141_2105_red-0004_stripes_0.5,1,stripes,0.5,-1.172723650932312,1.2124571800231934
texture_mean,esp_013141_2105_red-0004,esp_013141_2105,esp_013141_2105_red-0004_dead_pixels_0.15,1,dead_pixels,0.15,-0.07882072031497955,1.2124571800231934
texture_mean,esp_013141_2105_red-0004,esp_013141_2105,esp_013141_2105_red-0004_dead_pixels_0.3,1,dead_pixels,0.3,-0.014032412320375443,1.2124571800231934
texture_mean,esp_013141_2105_red-0004,esp_013141_2105,esp_013141_2105_red-0004_dead_pixels_0.5,1,dead_pixels,0.5,-0.05633845925331116,1.2124571800231934
texture_mean,esp_013141_2105_red-0004,esp_013141_2105,esp_013141_2105_red-0004_missing_patch_0.15,1,missing_patch,0.15,0.13642606139183044,1.2124571800231934
texture_mean,esp_013141_2105_red-0004,esp_013141_2105,esp_013141_2105_red-0004_missing_patch_0.3,1,missing_patch,0.3,0.8898351788520813,1.2124571800231934
texture_mean,esp_013141_2105_red-0004,esp_013141_2105,esp_013141_2105_red-0004_missing_patch_0.5,1,missing_patch,0.5,0.902302086353302,1.2124571800231934
texture_mean,esp_013141_2105_red-0004,esp_013141_2105,esp_013141_2105_red-0004_local_blur_0.15,1,local_blur,0.15,-0.08778901398181915,1.2124571800231934
texture_mean,esp_013141_2105_red-0004,esp_013141_2105,esp_013141_2105_red-0004_local_blur_0.3,1,local_blur,0.3,-0.08771651983261108,1.2124571800231934
texture_mean,esp_013141_2105_red-0004,esp_013141_2105,esp_013141_2105_red-0004_local_blur_0.5,1,local_blur,0.5,-0.07823142409324646,1.2124571800231934
texture_mean,esp_013141_2105_red-0004,esp_013141_2105,esp_013141_2105_red-0004_patch_duplication_0.15,1,patch_duplication,0.15,-0.28116312623023987,1.2124571800231934
texture_mean,esp_013141_2105_red-0004,esp_013141_2105,esp_013141_2105_red-0004_patch_duplication_0.3,1,patch_duplication,0.3,-0.2906365692615509,1.2124571800231934
texture_mean,esp_013141_2105_red-0004,esp_013141_2105,esp_013141_2105_red-0004_patch_duplication_0.5,1,patch_duplication,0.5,-0.26314330101013184,1.2124571800231934
texture_mean,esp_013141_2105_red-0004,esp_013141_2105,esp_013141_2105_red-0004_foreign_content_0.15,1,foreign_content,0.15,-0.04959072545170784,1.2124571800231934
texture_mean,esp_013141_2105_red-0004,esp_013141_2105,esp_013141_2105_red-0004_foreign_content_0.3,1,foreign_content,0.3,0.08471396565437317,1.2124571800231934
texture_mean,esp_013141_2105_red-0004,esp_013141_2105,esp_013141_2105_red-0004_foreign_content_0.5,1,foreign_content,0.5,0.5118447542190552,1.2124571800231934
texture_mean,esp_016613_2570_red-0043,esp_016613_2570,esp_016613_2570_red-0043_clean,0,clean,0.0,0.7198839783668518,1.2124571800231934
texture_mean,esp_016613_2570_red-0043,esp_016613_2570,esp_016613_2570_red-0043_stripes_0.15,1,stripes,0.15,0.5040621161460876,1.2124571800231934
texture_mean,esp_016613_2570_red-0043,esp_016613_2570,esp_016613_2570_red-0043_stripes_0.3,1,stripes,0.3,0.22000858187675476,1.2124571800231934
texture_mean,esp_016613_2570_red-0043,esp_016613_2570,esp_016613_2570_red-0043_stripes_0.5,1,stripes,0.5,-0.11286470293998718,1.2124571800231934
texture_mean,esp_016613_2570_red-0043,esp_016613_2570,esp_016613_2570_red-0043_dead_pixels_0.15,1,dead_pixels,0.15,0.7726189494132996,1.2124571800231934
texture_mean,esp_016613_2570_red-0043,esp_016613_2570,esp_016613_2570_red-0043_dead_pixels_0.3,1,dead_pixels,0.3,0.8596890568733215,1.2124571800231934
texture_mean,esp_016613_2570_red-0043,esp_016613_2570,esp_016613_2570_red-0043_dead_pixels_0.5,1,dead_pixels,0.5,0.859603762626648,1.2124571800231934
texture_mean,esp_016613_2570_red-0043,esp_016613_2570,esp_016613_2570_red-0043_missing_patch_0.15,1,missing_patch,0.15,0.7864570617675781,1.2124571800231934
texture_mean,esp_016613_2570_red-0043,esp_016613_2570,esp_016613_2570_red-0043_missing_patch_0.3,1,missing_patch,0.3,1.0596121549606323,1.2124571800231934
texture_mean,esp_016613_2570_red-0043,esp_016613_2570,esp_016613_2570_red-0043_missing_patch_0.5,1,missing_patch,0.5,1.6452312469482422,1.2124571800231934
texture_mean,esp_016613_2570_red-0043,esp_016613_2570,esp_016613_2570_red-0043_local_blur_0.15,1,local_blur,0.15,0.9802578687667847,1.2124571800231934
texture_mean,esp_016613_2570_red-0043,esp_016613_2570,esp_016613_2570_red-0043_local_blur_0.3,1,local_blur,0.3,1.0180792808532715,1.2124571800231934
texture_mean,esp_016613_2570_red-0043,esp_016613_2570,esp_016613_2570_red-0043_local_blur_0.5,1,local_blur,0.5,1.0420057773590088,1.2124571800231934
texture_mean,esp_016613_2570_red-0043,esp_016613_2570,esp_016613_2570_red-0043_patch_duplication_0.15,1,patch_duplication,0.15,0.6712781190872192,1.2124571800231934
texture_mean,esp_016613_2570_red-0043,esp_016613_2570,esp_016613_2570_red-0043_patch_duplication_0.3,1,patch_duplication,0.3,0.6391023993492126,1.2124571800231934
texture_mean,esp_016613_2570_red-0043,esp_016613_2570,esp_016613_2570_red-0043_patch_duplication_0.5,1,patch_duplication,0.5,0.6747637987136841,1.2124571800231934
texture_mean,esp_016613_2570_red-0043,esp_016613_2570,esp_016613_2570_red-0043_foreign_content_0.15,1,foreign_content,0.15,0.7438668608665466,1.2124571800231934
texture_mean,esp_016613_2570_red-0043,esp_016613_2570,esp_016613_2570_red-0043_foreign_content_0.3,1,foreign_content,0.3,0.8223633170127869,1.2124571800231934
texture_mean,esp_016613_2570_red-0043,esp_016613_2570,esp_016613_2570_red-0043_foreign_content_0.5,1,foreign_content,0.5,1.1012687683105469,1.2124571800231934
texture_mean,esp_017395_1700_red-0049,esp_017395_1700,esp_017395_1700_red-0049_clean,0,clean,0.0,0.11091246455907822,1.2124571800231934
texture_mean,esp_017395_1700_red-0049,esp_017395_1700,esp_017395_1700_red-0049_stripes_0.15,1,stripes,0.15,-0.14963024854660034,1.2124571800231934
texture_mean,esp_017395_1700_red-0049,esp_017395_1700,esp_017395_1700_red-0049_stripes_0.3,1,stripes,0.3,-0.5105866193771362,1.2124571800231934
texture_mean,esp_017395_1700_red-0049,esp_017395_1700,esp_017395_1700_red-0049_stripes_0.5,1,stripes,0.5,-0.9018217325210571,1.2124571800231934
texture_mean,esp_017395_1700_red-0049,esp_017395_1700,esp_017395_1700_red-0049_dead_pixels_0.15,1,dead_pixels,0.15,0.13464117050170898,1.2124571800231934
texture_mean,esp_017395_1700_red-0049,esp_017395_1700,esp_017395_1700_red-0049_dead_pixels_0.3,1,dead_pixels,0.3,0.05488170310854912,1.2124571800231934
texture_mean,esp_017395_1700_red-0049,esp_017395_1700,esp_017395_1700_red-0049_dead_pixels_0.5,1,dead_pixels,0.5,0.0408882200717926,1.2124571800231934
texture_mean,esp_017395_1700_red-0049,esp_017395_1700,esp_017395_1700_red-0049_missing_patch_0.15,1,missing_patch,0.15,0.14351849257946014,1.2124571800231934
texture_mean,esp_017395_1700_red-0049,esp_017395_1700,esp_017395_1700_red-0049_missing_patch_0.3,1,missing_patch,0.3,0.2740938067436218,1.2124571800231934
texture_mean,esp_017395_1700_red-0049,esp_017395_1700,esp_017395_1700_red-0049_missing_patch_0.5,1,missing_patch,0.5,0.7780095934867859,1.2124571800231934
texture_mean,esp_017395_1700_red-0049,esp_017395_1700,esp_017395_1700_red-0049_local_blur_0.15,1,local_blur,0.15,0.13060888648033142,1.2124571800231934
texture_mean,esp_017395_1700_red-0049,esp_017395_1700,esp_017395_1700_red-0049_local_blur_0.3,1,local_blur,0.3,0.1316950023174286,1.2124571800231934
texture_mean,esp_017395_1700_red-0049,esp_017395_1700,esp_017395_1700_red-0049_local_blur_0.5,1,local_blur,0.5,0.2961181700229645,1.2124571800231934
texture_mean,esp_017395_1700_red-0049,esp_017395_1700,esp_017395_1700_red-0049_patch_duplication_0.15,1,patch_duplication,0.15,-0.014345480129122734,1.2124571800231934
texture_mean,esp_017395_1700_red-0049,esp_017395_1700,esp_017395_1700_red-0049_patch_duplication_0.3,1,patch_duplication,0.3,-0.013959328643977642,1.2124571800231934
texture_mean,esp_017395_1700_red-0049,esp_017395_1700,esp_017395_1700_red-0049_patch_duplication_0.5,1,patch_duplication,0.5,0.006392159033566713,1.2124571800231934
texture_mean,esp_017395_1700_red-0049,esp_017395_1700,esp_017395_1700_red-0049_foreign_content_0.15,1,foreign_content,0.15,0.1312820017337799,1.2124571800231934
texture_mean,esp_017395_1700_red-0049,esp_017395_1700,esp_017395_1700_red-0049_foreign_content_0.3,1,foreign_content,0.3,0.20567771792411804,1.2124571800231934
texture_mean,esp_017395_1700_red-0049,esp_017395_1700,esp_017395_1700_red-0049_foreign_content_0.5,1,foreign_content,0.5,0.7130864262580872,1.2124571800231934
texture_mean,esp_012588_0930_red-0008,esp_012588_0930,esp_012588_0930_red-0008_clean,0,clean,0.0,-0.6869540810585022,1.2124571800231934
texture_mean,esp_012588_0930_red-0008,esp_012588_0930,esp_012588_0930_red-0008_stripes_0.15,1,stripes,0.15,-0.809086263179779,1.2124571800231934
texture_mean,esp_012588_0930_red-0008,esp_012588_0930,esp_012588_0930_red-0008_stripes_0.3,1,stripes,0.3,-1.0165270566940308,1.2124571800231934
texture_mean,esp_012588_0930_red-0008,esp_012588_0930,esp_012588_0930_red-0008_stripes_0.5,1,stripes,0.5,-1.257002592086792,1.2124571800231934
texture_mean,esp_012588_0930_red-0008,esp_012588_0930,esp_012588_0930_red-0008_dead_pixels_0.15,1,dead_pixels,0.15,-0.6331775188446045,1.2124571800231934
texture_mean,esp_012588_0930_red-0008,esp_012588_0930,esp_012588_0930_red-0008_dead_pixels_0.3,1,dead_pixels,0.3,-0.7286692261695862,1.2124571800231934
texture_mean,esp_012588_0930_red-0008,esp_012588_0930,esp_012588_0930_red-0008_dead_pixels_0.5,1,dead_pixels,0.5,-0.7355372905731201,1.2124571800231934
texture_mean,esp_012588_0930_red-0008,esp_012588_0930,esp_012588_0930_red-0008_missing_patch_0.15,1,missing_patch,0.15,-0.6924131512641907,1.2124571800231934
texture_mean,esp_012588_0930_red-0008,esp_012588_0930,esp_012588_0930_red-0008_missing_patch_0.3,1,missing_patch,0.3,0.8266949653625488,1.2124571800231934
texture_mean,esp_012588_0930_red-0008,esp_012588_0930,esp_012588_0930_red-0008_missing_patch_0.5,1,missing_patch,0.5,0.8624283671379089,1.2124571800231934
texture_mean,esp_012588_0930_red-0008,esp_012588_0930,esp_012588_0930_red-0008_local_blur_0.15,1,local_blur,0.15,-0.5253568887710571,1.2124571800231934
texture_mean,esp_012588_0930_red-0008,esp_012588_0930,esp_012588_0930_red-0008_local_blur_0.3,1,local_blur,0.3,-0.009843659587204456,1.2124571800231934
texture_mean,esp_012588_0930_red-0008,esp_012588_0930,esp_012588_0930_red-0008_local_blur_0.5,1,local_blur,0.5,0.4860740303993225,1.2124571800231934
texture_mean,esp_012588_0930_red-0008,esp_012588_0930,esp_012588_0930_red-0008_patch_duplication_0.15,1,patch_duplication,0.15,-0.9071323275566101,1.2124571800231934
texture_mean,esp_012588_0930_red-0008,esp_012588_0930,esp_012588_0930_red-0008_patch_duplication_0.3,1,patch_duplication,0.3,-1.0076261758804321,1.2124571800231934
texture_mean,esp_012588_0930_red-0008,esp_012588_0930,esp_012588_0930_red-0008_patch_duplication_0.5,1,patch_duplication,0.5,-0.8481108546257019,1.2124571800231934
texture_mean,esp_012588_0930_red-0008,esp_012588_0930,esp_012588_0930_red-0008_foreign_content_0.15,1,foreign_content,0.15,-0.656542181968689,1.2124571800231934
texture_mean,esp_012588_0930_red-0008,esp_012588_0930,esp_012588_0930_red-0008_foreign_content_0.3,1,foreign_content,0.3,-0.5524773597717285,1.2124571800231934
texture_mean,esp_012588_0930_red-0008,esp_012588_0930,esp_012588_0930_red-0008_foreign_content_0.5,1,foreign_content,0.5,0.16904595494270325,1.2124571800231934
texture_mean,esp_049651_1050_red-0030,esp_049651_1050,esp_049651_1050_red-0030_clean,0,clean,0.0,-0.663305938243866,1.2124571800231934
texture_mean,esp_049651_1050_red-0030,esp_049651_1050,esp_049651_1050_red-0030_stripes_0.15,1,stripes,0.15,-0.6850115656852722,1.2124571800231934
texture_mean,esp_049651_1050_red-0030,esp_049651_1050,esp_049651_1050_red-0030_stripes_0.3,1,stripes,0.3,-0.719656229019165,1.2124571800231934
texture_mean,esp_049651_1050_red-0030,esp_049651_1050,esp_049651_1050_red-0030_stripes_0.5,1,stripes,0.5,-0.7562814950942993,1.2124571800231934
texture_mean,esp_049651_1050_red-0030,esp_049651_1050,esp_049651_1050_red-0030_dead_pixels_0.15,1,dead_pixels,0.15,-0.8136488199234009,1.2124571800231934
texture_mean,esp_049651_1050_red-0030,esp_049651_1050,esp_049651_1050_red-0030_dead_pixels_0.3,1,dead_pixels,0.3,-0.6231322288513184,1.2124571800231934
texture_mean,esp_049651_1050_red-0030,esp_049651_1050,esp_049651_1050_red-0030_dead_pixels_0.5,1,dead_pixels,0.5,-0.7361372113227844,1.2124571800231934
texture_mean,esp_049651_1050_red-0030,esp_049651_1050,esp_049651_1050_red-0030_missing_patch_0.15,1,missing_patch,0.15,-0.1458759605884552,1.2124571800231934
texture_mean,esp_049651_1050_red-0030,esp_049651_1050,esp_049651_1050_red-0030_missing_patch_0.3,1,missing_patch,0.3,0.6844435334205627,1.2124571800231934
texture_mean,esp_049651_1050_red-0030,esp_049651_1050,esp_049651_1050_red-0030_missing_patch_0.5,1,missing_patch,0.5,1.0921783447265625,1.2124571800231934
texture_mean,esp_049651_1050_red-0030,esp_049651_1050,esp_049651_1050_red-0030_local_blur_0.15,1,local_blur,0.15,-0.40027469396591187,1.2124571800231934
texture_mean,esp_049651_1050_red-0030,esp_049651_1050,esp_049651_1050_red-0030_local_blur_0.3,1,local_blur,0.3,-0.2994099259376526,1.2124571800231934
texture_mean,esp_049651_1050_red-0030,esp_049651_1050,esp_049651_1050_red-0030_local_blur_0.5,1,local_blur,0.5,-0.28945499658584595,1.2124571800231934
texture_mean,esp_049651_1050_red-0030,esp_049651_1050,esp_049651_1050_red-0030_patch_duplication_0.15,1,patch_duplication,0.15,-0.7593021988868713,1.2124571800231934
texture_mean,esp_049651_1050_red-0030,esp_049651_1050,esp_049651_1050_red-0030_patch_duplication_0.3,1,patch_duplication,0.3,-0.7912446856498718,1.2124571800231934
texture_mean,esp_049651_1050_red-0030,esp_049651_1050,esp_049651_1050_red-0030_patch_duplication_0.5,1,patch_duplication,0.5,-0.7578136324882507,1.2124571800231934
texture_mean,esp_049651_1050_red-0030,esp_049651_1050,esp_049651_1050_red-0030_foreign_content_0.15,1,foreign_content,0.15,-0.6272870898246765,1.2124571800231934
texture_mean,esp_049651_1050_red-0030,esp_049651_1050,esp_049651_1050_red-0030_foreign_content_0.3,1,foreign_content,0.3,-0.5119747519493103,1.2124571800231934
texture_mean,esp_049651_1050_red-0030,esp_049651_1050,esp_049651_1050_red-0030_foreign_content_0.5,1,foreign_content,0.5,-0.1209440529346466,1.2124571800231934
narrowband_spectral_mean,esp_020133_1720_red-0022,esp_020133_1720,esp_020133_1720_red-0022_clean,0,clean,0.0,-1.058171033859253,0.8677487969398499
narrowband_spectral_mean,esp_020133_1720_red-0022,esp_020133_1720,esp_020133_1720_red-0022_stripes_0.15,1,stripes,0.15,3.753504753112793,0.8677487969398499
narrowband_spectral_mean,esp_020133_1720_red-0022,esp_020133_1720,esp_020133_1720_red-0022_stripes_0.3,1,stripes,0.3,4.304048538208008,0.8677487969398499
narrowband_spectral_mean,esp_020133_1720_red-0022,esp_020133_1720,esp_020133_1720_red-0022_stripes_0.5,1,stripes,0.5,4.55451774597168,0.8677487969398499
narrowband_spectral_mean,esp_020133_1720_red-0022,esp_020133_1720,esp_020133_1720_red-0022_dead_pixels_0.15,1,dead_pixels,0.15,-1.006460189819336,0.8677487969398499
narrowband_spectral_mean,esp_020133_1720_red-0022,esp_020133_1720,esp_020133_1720_red-0022_dead_pixels_0.3,1,dead_pixels,0.3,-1.0850746631622314,0.8677487969398499
narrowband_spectral_mean,esp_020133_1720_red-0022,esp_020133_1720,esp_020133_1720_red-0022_dead_pixels_0.5,1,dead_pixels,0.5,-0.9516386985778809,0.8677487969398499
narrowband_spectral_mean,esp_020133_1720_red-0022,esp_020133_1720,esp_020133_1720_red-0022_missing_patch_0.15,1,missing_patch,0.15,0.20868463814258575,0.8677487969398499
narrowband_spectral_mean,esp_020133_1720_red-0022,esp_020133_1720,esp_020133_1720_red-0022_missing_patch_0.3,1,missing_patch,0.3,0.5448533892631531,0.8677487969398499
narrowband_spectral_mean,esp_020133_1720_red-0022,esp_020133_1720,esp_020133_1720_red-0022_missing_patch_0.5,1,missing_patch,0.5,0.19018565118312836,0.8677487969398499
narrowband_spectral_mean,esp_020133_1720_red-0022,esp_020133_1720,esp_020133_1720_red-0022_local_blur_0.15,1,local_blur,0.15,-1.0544660091400146,0.8677487969398499
narrowband_spectral_mean,esp_020133_1720_red-0022,esp_020133_1720,esp_020133_1720_red-0022_local_blur_0.3,1,local_blur,0.3,-0.8941426873207092,0.8677487969398499
narrowband_spectral_mean,esp_020133_1720_red-0022,esp_020133_1720,esp_020133_1720_red-0022_local_blur_0.5,1,local_blur,0.5,-0.9102793335914612,0.8677487969398499
narrowband_spectral_mean,esp_020133_1720_red-0022,esp_020133_1720,esp_020133_1720_red-0022_patch_duplication_0.15,1,patch_duplication,0.15,-1.0776935815811157,0.8677487969398499
narrowband_spectral_mean,esp_020133_1720_red-0022,esp_020133_1720,esp_020133_1720_red-0022_patch_duplication_0.3,1,patch_duplication,0.3,-1.1409121751785278,0.8677487969398499
narrowband_spectral_mean,esp_020133_1720_red-0022,esp_020133_1720,esp_020133_1720_red-0022_patch_duplication_0.5,1,patch_duplication,0.5,-1.1960171461105347,0.8677487969398499
narrowband_spectral_mean,esp_020133_1720_red-0022,esp_020133_1720,esp_020133_1720_red-0022_foreign_content_0.15,1,foreign_content,0.15,-1.163459062576294,0.8677487969398499
narrowband_spectral_mean,esp_020133_1720_red-0022,esp_020133_1720,esp_020133_1720_red-0022_foreign_content_0.3,1,foreign_content,0.3,-1.0078303813934326,0.8677487969398499
narrowband_spectral_mean,esp_020133_1720_red-0022,esp_020133_1720,esp_020133_1720_red-0022_foreign_content_0.5,1,foreign_content,0.5,-0.4892124831676483,0.8677487969398499
narrowband_spectral_mean,psp_006766_1850_red-0037,psp_006766_1850,psp_006766_1850_red-0037_clean,0,clean,0.0,0.5090898871421814,0.8677487969398499
narrowband_spectral_mean,psp_006766_1850_red-0037,psp_006766_1850,psp_006766_1850_red-0037_stripes_0.15,1,stripes,0.15,2.673250198364258,0.8677487969398499
narrowband_spectral_mean,psp_006766_1850_red-0037,psp_006766_1850,psp_006766_1850_red-0037_stripes_0.3,1,stripes,0.3,3.7991220951080322,0.8677487969398499
narrowband_spectral_mean,psp_006766_1850_red-0037,psp_006766_1850,psp_006766_1850_red-0037_stripes_0.5,1,stripes,0.5,4.408531188964844,0.8677487969398499
narrowband_spectral_mean,psp_006766_1850_red-0037,psp_006766_1850,psp_006766_1850_red-0037_dead_pixels_0.15,1,dead_pixels,0.15,0.4093345105648041,0.8677487969398499
narrowband_spectral_mean,psp_006766_1850_red-0037,psp_006766_1850,psp_006766_1850_red-0037_dead_pixels_0.3,1,dead_pixels,0.3,0.5563840270042419,0.8677487969398499
narrowband_spectral_mean,psp_006766_1850_red-0037,psp_006766_1850,psp_006766_1850_red-0037_dead_pixels_0.5,1,dead_pixels,0.5,0.363450825214386,0.8677487969398499
narrowband_spectral_mean,psp_006766_1850_red-0037,psp_006766_1850,psp_006766_1850_red-0037_missing_patch_0.15,1,missing_patch,0.15,0.8536213636398315,0.8677487969398499
narrowband_spectral_mean,psp_006766_1850_red-0037,psp_006766_1850,psp_006766_1850_red-0037_missing_patch_0.3,1,missing_patch,0.3,0.5304858088493347,0.8677487969398499
narrowband_spectral_mean,psp_006766_1850_red-0037,psp_006766_1850,psp_006766_1850_red-0037_missing_patch_0.5,1,missing_patch,0.5,0.5323598384857178,0.8677487969398499
narrowband_spectral_mean,psp_006766_1850_red-0037,psp_006766_1850,psp_006766_1850_red-0037_local_blur_0.15,1,local_blur,0.15,0.4735507369041443,0.8677487969398499
narrowband_spectral_mean,psp_006766_1850_red-0037,psp_006766_1850,psp_006766_1850_red-0037_local_blur_0.3,1,local_blur,0.3,0.5394665002822876,0.8677487969398499
narrowband_spectral_mean,psp_006766_1850_red-0037,psp_006766_1850,psp_006766_1850_red-0037_local_blur_0.5,1,local_blur,0.5,0.7258197069168091,0.8677487969398499
narrowband_spectral_mean,psp_006766_1850_red-0037,psp_006766_1850,psp_006766_1850_red-0037_patch_duplication_0.15,1,patch_duplication,0.15,0.6735123991966248,0.8677487969398499
narrowband_spectral_mean,psp_006766_1850_red-0037,psp_006766_1850,psp_006766_1850_red-0037_patch_duplication_0.3,1,patch_duplication,0.3,0.2566680610179901,0.8677487969398499
narrowband_spectral_mean,psp_006766_1850_red-0037,psp_006766_1850,psp_006766_1850_red-0037_patch_duplication_0.5,1,patch_duplication,0.5,0.3444357216358185,0.8677487969398499
narrowband_spectral_mean,psp_006766_1850_red-0037,psp_006766_1850,psp_006766_1850_red-0037_foreign_content_0.15,1,foreign_content,0.15,0.485571026802063,0.8677487969398499
narrowband_spectral_mean,psp_006766_1850_red-0037,psp_006766_1850,psp_006766_1850_red-0037_foreign_content_0.3,1,foreign_content,0.3,0.48062512278556824,0.8677487969398499
narrowband_spectral_mean,psp_006766_1850_red-0037,psp_006766_1850,psp_006766_1850_red-0037_foreign_content_0.5,1,foreign_content,0.5,0.46673962473869324,0.8677487969398499
narrowband_spectral_mean,esp_019559_1390_red-0576,esp_019559_1390,esp_019559_1390_red-0576_clean,0,clean,0.0,-0.4803958535194397,0.8677487969398499
narrowband_spectral_mean,esp_019559_1390_red-0576,esp_019559_1390,esp_019559_1390_red-0576_stripes_0.15,1,stripes,0.15,3.7594916820526123,0.8677487969398499
narrowband_spectral_mean,esp_019559_1390_red-0576,esp_019559_1390,esp_019559_1390_red-0576_stripes_0.3,1,stripes,0.3,3.7937097549438477,0.8677487969398499
narrowband_spectral_mean,esp_019559_1390_red-0576,esp_019559_1390,esp_019559_1390_red-0576_stripes_0.5,1,stripes,0.5,3.5484116077423096,0.8677487969398499
narrowband_spectral_mean,esp_019559_1390_red-0576,esp_019559_1390,esp_019559_1390_red-0576_dead_pixels_0.15,1,dead_pixels,0.15,-0.487359881401062,0.8677487969398499
narrowband_spectral_mean,esp_019559_1390_red-0576,esp_019559_1390,esp_019559_1390_red-0576_dead_pixels_0.3,1,dead_pixels,0.3,-0.5854772329330444,0.8677487969398499
narrowband_spectral_mean,esp_019559_1390_red-0576,esp_019559_1390,esp_019559_1390_red-0576_dead_pixels_0.5,1,dead_pixels,0.5,-0.12951214611530304,0.8677487969398499
narrowband_spectral_mean,esp_019559_1390_red-0576,esp_019559_1390,esp_019559_1390_red-0576_missing_patch_0.15,1,missing_patch,0.15,0.8651421666145325,0.8677487969398499
narrowband_spectral_mean,esp_019559_1390_red-0576,esp_019559_1390,esp_019559_1390_red-0576_missing_patch_0.3,1,missing_patch,0.3,2.2101752758026123,0.8677487969398499
narrowband_spectral_mean,esp_019559_1390_red-0576,esp_019559_1390,esp_019559_1390_red-0576_missing_patch_0.5,1,missing_patch,0.5,0.44654858112335205,0.8677487969398499
narrowband_spectral_mean,esp_019559_1390_red-0576,esp_019559_1390,esp_019559_1390_red-0576_local_blur_0.15,1,local_blur,0.15,-0.5908480882644653,0.8677487969398499
narrowband_spectral_mean,esp_019559_1390_red-0576,esp_019559_1390,esp_019559_1390_red-0576_local_blur_0.3,1,local_blur,0.3,-0.7928313612937927,0.8677487969398499
narrowband_spectral_mean,esp_019559_1390_red-0576,esp_019559_1390,esp_019559_1390_red-0576_local_blur_0.5,1,local_blur,0.5,-0.7812812924385071,0.8677487969398499
narrowband_spectral_mean,esp_019559_1390_red-0576,esp_019559_1390,esp_019559_1390_red-0576_patch_duplication_0.15,1,patch_duplication,0.15,-0.586394727230072,0.8677487969398499
narrowband_spectral_mean,esp_019559_1390_red-0576,esp_019559_1390,esp_019559_1390_red-0576_patch_duplication_0.3,1,patch_duplication,0.3,-0.14686690270900726,0.8677487969398499
narrowband_spectral_mean,esp_019559_1390_red-0576,esp_019559_1390,esp_019559_1390_red-0576_patch_duplication_0.5,1,patch_duplication,0.5,-0.10336863249540329,0.8677487969398499
narrowband_spectral_mean,esp_019559_1390_red-0576,esp_019559_1390,esp_019559_1390_red-0576_foreign_content_0.15,1,foreign_content,0.15,-0.46896740794181824,0.8677487969398499
narrowband_spectral_mean,esp_019559_1390_red-0576,esp_019559_1390,esp_019559_1390_red-0576_foreign_content_0.3,1,foreign_content,0.3,-0.48854002356529236,0.8677487969398499
narrowband_spectral_mean,esp_019559_1390_red-0576,esp_019559_1390,esp_019559_1390_red-0576_foreign_content_0.5,1,foreign_content,0.5,-0.3124638795852661,0.8677487969398499
narrowband_spectral_mean,esp_016781_2055_red-0188,esp_016781_2055,esp_016781_2055_red-0188_clean,0,clean,0.0,0.5769030451774597,0.8677487969398499
narrowband_spectral_mean,esp_016781_2055_red-0188,esp_016781_2055,esp_016781_2055_red-0188_stripes_0.15,1,stripes,0.15,2.7237584590911865,0.8677487969398499
narrowband_spectral_mean,esp_016781_2055_red-0188,esp_016781_2055,esp_016781_2055_red-0188_stripes_0.3,1,stripes,0.3,3.4741179943084717,0.8677487969398499
narrowband_spectral_mean,esp_016781_2055_red-0188,esp_016781_2055,esp_016781_2055_red-0188_stripes_0.5,1,stripes,0.5,3.6922662258148193,0.8677487969398499
narrowband_spectral_mean,esp_016781_2055_red-0188,esp_016781_2055,esp_016781_2055_red-0188_dead_pixels_0.15,1,dead_pixels,0.15,0.7713494896888733,0.8677487969398499
narrowband_spectral_mean,esp_016781_2055_red-0188,esp_016781_2055,esp_016781_2055_red-0188_dead_pixels_0.3,1,dead_pixels,0.3,0.49103638529777527,0.8677487969398499
narrowband_spectral_mean,esp_016781_2055_red-0188,esp_016781_2055,esp_016781_2055_red-0188_dead_pixels_0.5,1,dead_pixels,0.5,0.4017537236213684,0.8677487969398499
narrowband_spectral_mean,esp_016781_2055_red-0188,esp_016781_2055,esp_016781_2055_red-0188_missing_patch_0.15,1,missing_patch,0.15,0.4990214407444,0.8677487969398499
narrowband_spectral_mean,esp_016781_2055_red-0188,esp_016781_2055,esp_016781_2055_red-0188_missing_patch_0.3,1,missing_patch,0.3,0.9295074939727783,0.8677487969398499
narrowband_spectral_mean,esp_016781_2055_red-0188,esp_016781_2055,esp_016781_2055_red-0188_missing_patch_0.5,1,missing_patch,0.5,-0.43318310379981995,0.8677487969398499
narrowband_spectral_mean,esp_016781_2055_red-0188,esp_016781_2055,esp_016781_2055_red-0188_local_blur_0.15,1,local_blur,0.15,0.5751450657844543,0.8677487969398499
narrowband_spectral_mean,esp_016781_2055_red-0188,esp_016781_2055,esp_016781_2055_red-0188_local_blur_0.3,1,local_blur,0.3,0.5739147663116455,0.8677487969398499
narrowband_spectral_mean,esp_016781_2055_red-0188,esp_016781_2055,esp_016781_2055_red-0188_local_blur_0.5,1,local_blur,0.5,0.603753387928009,0.8677487969398499
narrowband_spectral_mean,esp_016781_2055_red-0188,esp_016781_2055,esp_016781_2055_red-0188_patch_duplication_0.15,1,patch_duplication,0.15,0.40827566385269165,0.8677487969398499
narrowband_spectral_mean,esp_016781_2055_red-0188,esp_016781_2055,esp_016781_2055_red-0188_patch_duplication_0.3,1,patch_duplication,0.3,1.0789567232131958,0.8677487969398499
narrowband_spectral_mean,esp_016781_2055_red-0188,esp_016781_2055,esp_016781_2055_red-0188_patch_duplication_0.5,1,patch_duplication,0.5,-0.08587515354156494,0.8677487969398499
narrowband_spectral_mean,esp_016781_2055_red-0188,esp_016781_2055,esp_016781_2055_red-0188_foreign_content_0.15,1,foreign_content,0.15,0.8359974026679993,0.8677487969398499
narrowband_spectral_mean,esp_016781_2055_red-0188,esp_016781_2055,esp_016781_2055_red-0188_foreign_content_0.3,1,foreign_content,0.3,0.4308754801750183,0.8677487969398499
narrowband_spectral_mean,esp_016781_2055_red-0188,esp_016781_2055,esp_016781_2055_red-0188_foreign_content_0.5,1,foreign_content,0.5,1.331534504890442,0.8677487969398499
narrowband_spectral_mean,esp_016613_2570_red-0034,esp_016613_2570,esp_016613_2570_red-0034_clean,0,clean,0.0,0.33610230684280396,0.8677487969398499
narrowband_spectral_mean,esp_016613_2570_red-0034,esp_016613_2570,esp_016613_2570_red-0034_stripes_0.15,1,stripes,0.15,3.418795347213745,0.8677487969398499
narrowband_spectral_mean,esp_016613_2570_red-0034,esp_016613_2570,esp_016613_2570_red-0034_stripes_0.3,1,stripes,0.3,3.8779428005218506,0.8677487969398499
narrowband_spectral_mean,esp_016613_2570_red-0034,esp_016613_2570,esp_016613_2570_red-0034_stripes_0.5,1,stripes,0.5,4.206027030944824,0.8677487969398499
narrowband_spectral_mean,esp_016613_2570_red-0034,esp_016613_2570,esp_016613_2570_red-0034_dead_pixels_0.15,1,dead_pixels,0.15,0.3517678380012512,0.8677487969398499
narrowband_spectral_mean,esp_016613_2570_red-0034,esp_016613_2570,esp_016613_2570_red-0034_dead_pixels_0.3,1,dead_pixels,0.3,0.5192091464996338,0.8677487969398499
narrowband_spectral_mean,esp_016613_2570_red-0034,esp_016613_2570,esp_016613_2570_red-0034_dead_pixels_0.5,1,dead_pixels,0.5,0.3458099663257599,0.8677487969398499
narrowband_spectral_mean,esp_016613_2570_red-0034,esp_016613_2570,esp_016613_2570_red-0034_missing_patch_0.15,1,missing_patch,0.15,0.385114848613739,0.8677487969398499
narrowband_spectral_mean,esp_016613_2570_red-0034,esp_016613_2570,esp_016613_2570_red-0034_missing_patch_0.3,1,missing_patch,0.3,0.912736713886261,0.8677487969398499
narrowband_spectral_mean,esp_016613_2570_red-0034,esp_016613_2570,esp_016613_2570_red-0034_missing_patch_0.5,1,missing_patch,0.5,0.15191598236560822,0.8677487969398499
narrowband_spectral_mean,esp_016613_2570_red-0034,esp_016613_2570,esp_016613_2570_red-0034_local_blur_0.15,1,local_blur,0.15,0.31003537774086,0.8677487969398499
narrowband_spectral_mean,esp_016613_2570_red-0034,esp_016613_2570,esp_016613_2570_red-0034_local_blur_0.3,1,local_blur,0.3,0.2181040495634079,0.8677487969398499
narrowband_spectral_mean,esp_016613_2570_red-0034,esp_016613_2570,esp_016613_2570_red-0034_local_blur_0.5,1,local_blur,0.5,-0.1644742488861084,0.8677487969398499
narrowband_spectral_mean,esp_016613_2570_red-0034,esp_016613_2570,esp_016613_2570_red-0034_patch_duplication_0.15,1,patch_duplication,0.15,0.30672621726989746,0.8677487969398499
narrowband_spectral_mean,esp_016613_2570_red-0034,esp_016613_2570,esp_016613_2570_red-0034_patch_duplication_0.3,1,patch_duplication,0.3,0.309622198343277,0.8677487969398499
narrowband_spectral_mean,esp_016613_2570_red-0034,esp_016613_2570,esp_016613_2570_red-0034_patch_duplication_0.5,1,patch_duplication,0.5,0.3174489438533783,0.8677487969398499
narrowband_spectral_mean,esp_016613_2570_red-0034,esp_016613_2570,esp_016613_2570_red-0034_foreign_content_0.15,1,foreign_content,0.15,0.01959645375609398,0.8677487969398499
narrowband_spectral_mean,esp_016613_2570_red-0034,esp_016613_2570,esp_016613_2570_red-0034_foreign_content_0.3,1,foreign_content,0.3,-0.3558019697666168,0.8677487969398499
narrowband_spectral_mean,esp_016613_2570_red-0034,esp_016613_2570,esp_016613_2570_red-0034_foreign_content_0.5,1,foreign_content,0.5,0.22386564314365387,0.8677487969398499
narrowband_spectral_mean,esp_017395_1700_red-0007,esp_017395_1700,esp_017395_1700_red-0007_clean,0,clean,0.0,-0.44858142733573914,0.8677487969398499
narrowband_spectral_mean,esp_017395_1700_red-0007,esp_017395_1700,esp_017395_1700_red-0007_stripes_0.15,1,stripes,0.15,3.0290586948394775,0.8677487969398499
narrowband_spectral_mean,esp_017395_1700_red-0007,esp_017395_1700,esp_017395_1700_red-0007_stripes_0.3,1,stripes,0.3,2.9997470378875732,0.8677487969398499
narrowband_spectral_mean,esp_017395_1700_red-0007,esp_017395_1700,esp_017395_1700_red-0007_stripes_0.5,1,stripes,0.5,2.7629897594451904,0.8677487969398499
narrowband_spectral_mean,esp_017395_1700_red-0007,esp_017395_1700,esp_017395_1700_red-0007_dead_pixels_0.15,1,dead_pixels,0.15,-0.5260660648345947,0.8677487969398499
narrowband_spectral_mean,esp_017395_1700_red-0007,esp_017395_1700,esp_017395_1700_red-0007_dead_pixels_0.3,1,dead_pixels,0.3,-0.4341396987438202,0.8677487969398499
narrowband_spectral_mean,esp_017395_1700_red-0007,esp_017395_1700,esp_017395_1700_red-0007_dead_pixels_0.5,1,dead_pixels,0.5,0.03102455660700798,0.8677487969398499
narrowband_spectral_mean,esp_017395_1700_red-0007,esp_017395_1700,esp_017395_1700_red-0007_missing_patch_0.15,1,missing_patch,0.15,0.29757964611053467,0.8677487969398499
narrowband_spectral_mean,esp_017395_1700_red-0007,esp_017395_1700,esp_017395_1700_red-0007_missing_patch_0.3,1,missing_patch,0.3,0.12203618139028549,0.8677487969398499
narrowband_spectral_mean,esp_017395_1700_red-0007,esp_017395_1700,esp_017395_1700_red-0007_missing_patch_0.5,1,missing_patch,0.5,-0.09018132090568542,0.8677487969398499
narrowband_spectral_mean,esp_017395_1700_red-0007,esp_017395_1700,esp_017395_1700_red-0007_local_blur_0.15,1,local_blur,0.15,-0.42242294549942017,0.8677487969398499
narrowband_spectral_mean,esp_017395_1700_red-0007,esp_017395_1700,esp_017395_1700_red-0007_local_blur_0.3,1,local_blur,0.3,-0.4026607573032379,0.8677487969398499
narrowband_spectral_mean,esp_017395_1700_red-0007,esp_017395_1700,esp_017395_1700_red-0007_local_blur_0.5,1,local_blur,0.5,-0.5172056555747986,0.8677487969398499
narrowband_spectral_mean,esp_017395_1700_red-0007,esp_017395_1700,esp_017395_1700_red-0007_patch_duplication_0.15,1,patch_duplication,0.15,-0.33277636766433716,0.8677487969398499
narrowband_spectral_mean,esp_017395_1700_red-0007,esp_017395_1700,esp_017395_1700_red-0007_patch_duplication_0.3,1,patch_duplication,0.3,-0.6617220044136047,0.8677487969398499
narrowband_spectral_mean,esp_017395_1700_red-0007,esp_017395_1700,esp_017395_1700_red-0007_patch_duplication_0.5,1,patch_duplication,0.5,-0.17884576320648193,0.8677487969398499
narrowband_spectral_mean,esp_017395_1700_red-0007,esp_017395_1700,esp_017395_1700_red-0007_foreign_content_0.15,1,foreign_content,0.15,-0.6592550277709961,0.8677487969398499
narrowband_spectral_mean,esp_017395_1700_red-0007,esp_017395_1700,esp_017395_1700_red-0007_foreign_content_0.3,1,foreign_content,0.3,-0.6509517431259155,0.8677487969398499
narrowband_spectral_mean,esp_017395_1700_red-0007,esp_017395_1700,esp_017395_1700_red-0007_foreign_content_0.5,1,foreign_content,0.5,-0.48850956559181213,0.8677487969398499
narrowband_spectral_mean,esp_012057_0950_red-0111,esp_012057_0950,esp_012057_0950_red-0111_clean,0,clean,0.0,-0.04594878852367401,0.8677487969398499
narrowband_spectral_mean,esp_012057_0950_red-0111,esp_012057_0950,esp_012057_0950_red-0111_stripes_0.15,1,stripes,0.15,3.998460531234741,0.8677487969398499
narrowband_spectral_mean,esp_012057_0950_red-0111,esp_012057_0950,esp_012057_0950_red-0111_stripes_0.3,1,stripes,0.3,3.9815075397491455,0.8677487969398499
narrowband_spectral_mean,esp_012057_0950_red-0111,esp_012057_0950,esp_012057_0950_red-0111_stripes_0.5,1,stripes,0.5,3.4734113216400146,0.8677487969398499
narrowband_spectral_mean,esp_012057_0950_red-0111,esp_012057_0950,esp_012057_0950_red-0111_dead_pixels_0.15,1,dead_pixels,0.15,-0.1446584314107895,0.8677487969398499
narrowband_spectral_mean,esp_012057_0950_red-0111,esp_012057_0950,esp_012057_0950_red-0111_dead_pixels_0.3,1,dead_pixels,0.3,0.255304753780365,0.8677487969398499
narrowband_spectral_mean,esp_012057_0950_red-0111,esp_012057_0950,esp_012057_0950_red-0111_dead_pixels_0.5,1,dead_pixels,0.5,0.19219015538692474,0.8677487969398499
narrowband_spectral_mean,esp_012057_0950_red-0111,esp_012057_0950,esp_012057_0950_red-0111_missing_patch_0.15,1,missing_patch,0.15,0.13544893264770508,0.8677487969398499
narrowband_spectral_mean,esp_012057_0950_red-0111,esp_012057_0950,esp_012057_0950_red-0111_missing_patch_0.3,1,missing_patch,0.3,0.3901939392089844,0.8677487969398499
narrowband_spectral_mean,esp_012057_0950_red-0111,esp_012057_0950,esp_012057_0950_red-0111_missing_patch_0.5,1,missing_patch,0.5,0.1982107013463974,0.8677487969398499
narrowband_spectral_mean,esp_012057_0950_red-0111,esp_012057_0950,esp_012057_0950_red-0111_local_blur_0.15,1,local_blur,0.15,-0.006975375581532717,0.8677487969398499
narrowband_spectral_mean,esp_012057_0950_red-0111,esp_012057_0950,esp_012057_0950_red-0111_local_blur_0.3,1,local_blur,0.3,0.035303037613630295,0.8677487969398499
narrowband_spectral_mean,esp_012057_0950_red-0111,esp_012057_0950,esp_012057_0950_red-0111_local_blur_0.5,1,local_blur,0.5,0.10113126039505005,0.8677487969398499
narrowband_spectral_mean,esp_012057_0950_red-0111,esp_012057_0950,esp_012057_0950_red-0111_patch_duplication_0.15,1,patch_duplication,0.15,-0.10100820660591125,0.8677487969398499
narrowband_spectral_mean,esp_012057_0950_red-0111,esp_012057_0950,esp_012057_0950_red-0111_patch_duplication_0.3,1,patch_duplication,0.3,-0.031167330220341682,0.8677487969398499
narrowband_spectral_mean,esp_012057_0950_red-0111,esp_012057_0950,esp_012057_0950_red-0111_patch_duplication_0.5,1,patch_duplication,0.5,0.1604865938425064,0.8677487969398499
narrowband_spectral_mean,esp_012057_0950_red-0111,esp_012057_0950,esp_012057_0950_red-0111_foreign_content_0.15,1,foreign_content,0.15,0.03938417509198189,0.8677487969398499
narrowband_spectral_mean,esp_012057_0950_red-0111,esp_012057_0950,esp_012057_0950_red-0111_foreign_content_0.3,1,foreign_content,0.3,0.05334910750389099,0.8677487969398499
narrowband_spectral_mean,esp_012057_0950_red-0111,esp_012057_0950,esp_012057_0950_red-0111_foreign_content_0.5,1,foreign_content,0.5,0.14672736823558807,0.8677487969398499
narrowband_spectral_mean,esp_049651_1050_red-0070,esp_049651_1050,esp_049651_1050_red-0070_clean,0,clean,0.0,-0.2434677630662918,0.8677487969398499
narrowband_spectral_mean,esp_049651_1050_red-0070,esp_049651_1050,esp_049651_1050_red-0070_stripes_0.15,1,stripes,0.15,4.219302177429199,0.8677487969398499
narrowband_spectral_mean,esp_049651_1050_red-0070,esp_049651_1050,esp_049651_1050_red-0070_stripes_0.3,1,stripes,0.3,4.308791637420654,0.8677487969398499
narrowband_spectral_mean,esp_049651_1050_red-0070,esp_049651_1050,esp_049651_1050_red-0070_stripes_0.5,1,stripes,0.5,3.8757452964782715,0.8677487969398499
narrowband_spectral_mean,esp_049651_1050_red-0070,esp_049651_1050,esp_049651_1050_red-0070_dead_pixels_0.15,1,dead_pixels,0.15,-0.2961041033267975,0.8677487969398499
narrowband_spectral_mean,esp_049651_1050_red-0070,esp_049651_1050,esp_049651_1050_red-0070_dead_pixels_0.3,1,dead_pixels,0.3,0.41475287079811096,0.8677487969398499
narrowband_spectral_mean,esp_049651_1050_red-0070,esp_049651_1050,esp_049651_1050_red-0070_dead_pixels_0.5,1,dead_pixels,0.5,0.25593674182891846,0.8677487969398499
narrowband_spectral_mean,esp_049651_1050_red-0070,esp_049651_1050,esp_049651_1050_red-0070_missing_patch_0.15,1,missing_patch,0.15,1.2098808288574219,0.8677487969398499
narrowband_spectral_mean,esp_049651_1050_red-0070,esp_049651_1050,esp_049651_1050_red-0070_missing_patch_0.3,1,missing_patch,0.3,0.8815966248512268,0.8677487969398499
narrowband_spectral_mean,esp_049651_1050_red-0070,esp_049651_1050,esp_049651_1050_red-0070_missing_patch_0.5,1,missing_patch,0.5,0.8505106568336487,0.8677487969398499
narrowband_spectral_mean,esp_049651_1050_red-0070,esp_049651_1050,esp_049651_1050_red-0070_local_blur_0.15,1,local_blur,0.15,-0.27522552013397217,0.8677487969398499
narrowband_spectral_mean,esp_049651_1050_red-0070,esp_049651_1050,esp_049651_1050_red-0070_local_blur_0.3,1,local_blur,0.3,-0.2863815724849701,0.8677487969398499
narrowband_spectral_mean,esp_049651_1050_red-0070,esp_049651_1050,esp_049651_1050_red-0070_local_blur_0.5,1,local_blur,0.5,-0.39408689737319946,0.8677487969398499
narrowband_spectral_mean,esp_049651_1050_red-0070,esp_049651_1050,esp_049651_1050_red-0070_patch_duplication_0.15,1,patch_duplication,0.15,-0.2526033818721771,0.8677487969398499
narrowband_spectral_mean,esp_049651_1050_red-0070,esp_049651_1050,esp_049651_1050_red-0070_patch_duplication_0.3,1,patch_duplication,0.3,-0.22232404351234436,0.8677487969398499
narrowband_spectral_mean,esp_049651_1050_red-0070,esp_049651_1050,esp_049651_1050_red-0070_patch_duplication_0.5,1,patch_duplication,0.5,-0.599302351474762,0.8677487969398499
narrowband_spectral_mean,esp_049651_1050_red-0070,esp_049651_1050,esp_049651_1050_red-0070_foreign_content_0.15,1,foreign_content,0.15,0.007246469613164663,0.8677487969398499
narrowband_spectral_mean,esp_049651_1050_red-0070,esp_049651_1050,esp_049651_1050_red-0070_foreign_content_0.3,1,foreign_content,0.3,-0.24561099708080292,0.8677487969398499
narrowband_spectral_mean,esp_049651_1050_red-0070,esp_049651_1050,esp_049651_1050_red-0070_foreign_content_0.5,1,foreign_content,0.5,-0.18035994470119476,0.8677487969398499
narrowband_spectral_mean,psp_006766_1850_red-0101,psp_006766_1850,psp_006766_1850_red-0101_clean,0,clean,0.0,-0.4533871114253998,0.8677487969398499
narrowband_spectral_mean,psp_006766_1850_red-0101,psp_006766_1850,psp_006766_1850_red-0101_stripes_0.15,1,stripes,0.15,3.3503618240356445,0.8677487969398499
narrowband_spectral_mean,psp_006766_1850_red-0101,psp_006766_1850,psp_006766_1850_red-0101_stripes_0.3,1,stripes,0.3,3.4314305782318115,0.8677487969398499
narrowband_spectral_mean,psp_006766_1850_red-0101,psp_006766_1850,psp_006766_1850_red-0101_stripes_0.5,1,stripes,0.5,3.344264507293701,0.8677487969398499
narrowband_spectral_mean,psp_006766_1850_red-0101,psp_006766_1850,psp_006766_1850_red-0101_dead_pixels_0.15,1,dead_pixels,0.15,-0.40676888823509216,0.8677487969398499
narrowband_spectral_mean,psp_006766_1850_red-0101,psp_006766_1850,psp_006766_1850_red-0101_dead_pixels_0.3,1,dead_pixels,0.3,-0.4490504860877991,0.8677487969398499
narrowband_spectral_mean,psp_006766_1850_red-0101,psp_006766_1850,psp_006766_1850_red-0101_dead_pixels_0.5,1,dead_pixels,0.5,-0.4625064730644226,0.8677487969398499
narrowband_spectral_mean,psp_006766_1850_red-0101,psp_006766_1850,psp_006766_1850_red-0101_missing_patch_0.15,1,missing_patch,0.15,0.0749303475022316,0.8677487969398499
narrowband_spectral_mean,psp_006766_1850_red-0101,psp_006766_1850,psp_006766_1850_red-0101_missing_patch_0.3,1,missing_patch,0.3,-0.042439285665750504,0.8677487969398499
narrowband_spectral_mean,psp_006766_1850_red-0101,psp_006766_1850,psp_006766_1850_red-0101_missing_patch_0.5,1,missing_patch,0.5,0.4755140542984009,0.8677487969398499
narrowband_spectral_mean,psp_006766_1850_red-0101,psp_006766_1850,psp_006766_1850_red-0101_local_blur_0.15,1,local_blur,0.15,-0.45727550983428955,0.8677487969398499
narrowband_spectral_mean,psp_006766_1850_red-0101,psp_006766_1850,psp_006766_1850_red-0101_local_blur_0.3,1,local_blur,0.3,-0.45276185870170593,0.8677487969398499
narrowband_spectral_mean,psp_006766_1850_red-0101,psp_006766_1850,psp_006766_1850_red-0101_local_blur_0.5,1,local_blur,0.5,-0.4683237671852112,0.8677487969398499
narrowband_spectral_mean,psp_006766_1850_red-0101,psp_006766_1850,psp_006766_1850_red-0101_patch_duplication_0.15,1,patch_duplication,0.15,-0.47661274671554565,0.8677487969398499
narrowband_spectral_mean,psp_006766_1850_red-0101,psp_006766_1850,psp_006766_1850_red-0101_patch_duplication_0.3,1,patch_duplication,0.3,-0.4779370129108429,0.8677487969398499
narrowband_spectral_mean,psp_006766_1850_red-0101,psp_006766_1850,psp_006766_1850_red-0101_patch_duplication_0.5,1,patch_duplication,0.5,-0.5008916854858398,0.8677487969398499
narrowband_spectral_mean,psp_006766_1850_red-0101,psp_006766_1850,psp_006766_1850_red-0101_foreign_content_0.15,1,foreign_content,0.15,-0.7430952787399292,0.8677487969398499
narrowband_spectral_mean,psp_006766_1850_red-0101,psp_006766_1850,psp_006766_1850_red-0101_foreign_content_0.3,1,foreign_content,0.3,-0.03602055087685585,0.8677487969398499
narrowband_spectral_mean,psp_006766_1850_red-0101,psp_006766_1850,psp_006766_1850_red-0101_foreign_content_0.5,1,foreign_content,0.5,-0.25345638394355774,0.8677487969398499
narrowband_spectral_mean,esp_016148_2040_red-0097,esp_016148_2040,esp_016148_2040_red-0097_clean,0,clean,0.0,0.4929698407649994,0.8677487969398499
narrowband_spectral_mean,esp_016148_2040_red-0097,esp_016148_2040,esp_016148_2040_red-0097_stripes_0.15,1,stripes,0.15,2.8361434936523438,0.8677487969398499
narrowband_spectral_mean,esp_016148_2040_red-0097,esp_016148_2040,esp_016148_2040_red-0097_stripes_0.3,1,stripes,0.3,2.7549610137939453,0.8677487969398499
narrowband_spectral_mean,esp_016148_2040_red-0097,esp_016148_2040,esp_016148_2040_red-0097_stripes_0.5,1,stripes,0.5,2.4737448692321777,0.8677487969398499
narrowband_spectral_mean,esp_016148_2040_red-0097,esp_016148_2040,esp_016148_2040_red-0097_dead_pixels_0.15,1,dead_pixels,0.15,0.48176461458206177,0.8677487969398499
narrowband_spectral_mean,esp_016148_2040_red-0097,esp_016148_2040,esp_016148_2040_red-0097_dead_pixels_0.3,1,dead_pixels,0.3,0.6510770916938782,0.8677487969398499
narrowband_spectral_mean,esp_016148_2040_red-0097,esp_016148_2040,esp_016148_2040_red-0097_dead_pixels_0.5,1,dead_pixels,0.5,0.6259084343910217,0.8677487969398499
narrowband_spectral_mean,esp_016148_2040_red-0097,esp_016148_2040,esp_016148_2040_red-0097_missing_patch_0.15,1,missing_patch,0.15,1.5088801383972168,0.8677487969398499
narrowband_spectral_mean,esp_016148_2040_red-0097,esp_016148_2040,esp_016148_2040_red-0097_missing_patch_0.3,1,missing_patch,0.3,0.9659265279769897,0.8677487969398499
narrowband_spectral_mean,esp_016148_2040_red-0097,esp_016148_2040,esp_016148_2040_red-0097_missing_patch_0.5,1,missing_patch,0.5,0.42926472425460815,0.8677487969398499
narrowband_spectral_mean,esp_016148_2040_red-0097,esp_016148_2040,esp_016148_2040_red-0097_local_blur_0.15,1,local_blur,0.15,0.4705323874950409,0.8677487969398499
narrowband_spectral_mean,esp_016148_2040_red-0097,esp_016148_2040,esp_016148_2040_red-0097_local_blur_0.3,1,local_blur,0.3,0.46259284019470215,0.8677487969398499
narrowband_spectral_mean,esp_016148_2040_red-0097,esp_016148_2040,esp_016148_2040_red-0097_local_blur_0.5,1,local_blur,0.5,0.4188896715641022,0.8677487969398499
narrowband_spectral_mean,esp_016148_2040_red-0097,esp_016148_2040,esp_016148_2040_red-0097_patch_duplication_0.15,1,patch_duplication,0.15,0.5090358853340149,0.8677487969398499
narrowband_spectral_mean,esp_016148_2040_red-0097,esp_016148_2040,esp_016148_2040_red-0097_patch_duplication_0.3,1,patch_duplication,0.3,0.5465481877326965,0.8677487969398499
narrowband_spectral_mean,esp_016148_2040_red-0097,esp_016148_2040,esp_016148_2040_red-0097_patch_duplication_0.5,1,patch_duplication,0.5,0.6435218453407288,0.8677487969398499
narrowband_spectral_mean,esp_016148_2040_red-0097,esp_016148_2040,esp_016148_2040_red-0097_foreign_content_0.15,1,foreign_content,0.15,0.4414438307285309,0.8677487969398499
narrowband_spectral_mean,esp_016148_2040_red-0097,esp_016148_2040,esp_016148_2040_red-0097_foreign_content_0.3,1,foreign_content,0.3,0.3865852653980255,0.8677487969398499
narrowband_spectral_mean,esp_016148_2040_red-0097,esp_016148_2040,esp_016148_2040_red-0097_foreign_content_0.5,1,foreign_content,0.5,-0.2382224202156067,0.8677487969398499
narrowband_spectral_mean,esp_011716_0940_red-0008,esp_011716_0940,esp_011716_0940_red-0008_clean,0,clean,0.0,-0.8012665510177612,0.8677487969398499
narrowband_spectral_mean,esp_011716_0940_red-0008,esp_011716_0940,esp_011716_0940_red-0008_stripes_0.15,1,stripes,0.15,2.7802047729492188,0.8677487969398499
narrowband_spectral_mean,esp_011716_0940_red-0008,esp_011716_0940,esp_011716_0940_red-0008_stripes_0.3,1,stripes,0.3,3.1437010765075684,0.8677487969398499
narrowband_spectral_mean,esp_011716_0940_red-0008,esp_011716_0940,esp_011716_0940_red-0008_stripes_0.5,1,stripes,0.5,3.1741092205047607,0.8677487969398499
narrowband_spectral_mean,esp_011716_0940_red-0008,esp_011716_0940,esp_011716_0940_red-0008_dead_pixels_0.15,1,dead_pixels,0.15,-0.7821561694145203,0.8677487969398499
narrowband_spectral_mean,esp_011716_0940_red-0008,esp_011716_0940,esp_011716_0940_red-0008_dead_pixels_0.3,1,dead_pixels,0.3,-0.5404044985771179,0.8677487969398499
narrowband_spectral_mean,esp_011716_0940_red-0008,esp_011716_0940,esp_011716_0940_red-0008_dead_pixels_0.5,1,dead_pixels,0.5,-0.22035667300224304,0.8677487969398499
narrowband_spectral_mean,esp_011716_0940_red-0008,esp_011716_0940,esp_011716_0940_red-0008_missing_patch_0.15,1,missing_patch,0.15,-0.7520083785057068,0.8677487969398499
narrowband_spectral_mean,esp_011716_0940_red-0008,esp_011716_0940,esp_011716_0940_red-0008_missing_patch_0.3,1,missing_patch,0.3,-0.5856601595878601,0.8677487969398499
narrowband_spectral_mean,esp_011716_0940_red-0008,esp_011716_0940,esp_011716_0940_red-0008_missing_patch_0.5,1,missing_patch,0.5,-0.2551800608634949,0.8677487969398499
narrowband_spectral_mean,esp_011716_0940_red-0008,esp_011716_0940,esp_011716_0940_red-0008_local_blur_0.15,1,local_blur,0.15,-0.8239311575889587,0.8677487969398499
narrowband_spectral_mean,esp_011716_0940_red-0008,esp_011716_0940,esp_011716_0940_red-0008_local_blur_0.3,1,local_blur,0.3,-0.9575513005256653,0.8677487969398499
narrowband_spectral_mean,esp_011716_0940_red-0008,esp_011716_0940,esp_011716_0940_red-0008_local_blur_0.5,1,local_blur,0.5,-1.0322473049163818,0.8677487969398499
narrowband_spectral_mean,esp_011716_0940_red-0008,esp_011716_0940,esp_011716_0940_red-0008_patch_duplication_0.15,1,patch_duplication,0.15,-0.7874348759651184,0.8677487969398499
narrowband_spectral_mean,esp_011716_0940_red-0008,esp_011716_0940,esp_011716_0940_red-0008_patch_duplication_0.3,1,patch_duplication,0.3,-0.8678367733955383,0.8677487969398499
narrowband_spectral_mean,esp_011716_0940_red-0008,esp_011716_0940,esp_011716_0940_red-0008_patch_duplication_0.5,1,patch_duplication,0.5,-0.5606741905212402,0.8677487969398499
narrowband_spectral_mean,esp_011716_0940_red-0008,esp_011716_0940,esp_011716_0940_red-0008_foreign_content_0.15,1,foreign_content,0.15,-0.8663464784622192,0.8677487969398499
narrowband_spectral_mean,esp_011716_0940_red-0008,esp_011716_0940,esp_011716_0940_red-0008_foreign_content_0.3,1,foreign_content,0.3,-0.439967542886734,0.8677487969398499
narrowband_spectral_mean,esp_011716_0940_red-0008,esp_011716_0940,esp_011716_0940_red-0008_foreign_content_0.5,1,foreign_content,0.5,-0.46392109990119934,0.8677487969398499
narrowband_spectral_mean,esp_013141_2105_red-0004,esp_013141_2105,esp_013141_2105_red-0004_clean,0,clean,0.0,-1.5038813352584839,0.8677487969398499
narrowband_spectral_mean,esp_013141_2105_red-0004,esp_013141_2105,esp_013141_2105_red-0004_stripes_0.15,1,stripes,0.15,3.782292366027832,0.8677487969398499
narrowband_spectral_mean,esp_013141_2105_red-0004,esp_013141_2105,esp_013141_2105_red-0004_stripes_0.3,1,stripes,0.3,3.982267141342163,0.8677487969398499
narrowband_spectral_mean,esp_013141_2105_red-0004,esp_013141_2105,esp_013141_2105_red-0004_stripes_0.5,1,stripes,0.5,3.8449208736419678,0.8677487969398499
narrowband_spectral_mean,esp_013141_2105_red-0004,esp_013141_2105,esp_013141_2105_red-0004_dead_pixels_0.15,1,dead_pixels,0.15,-1.2978376150131226,0.8677487969398499
narrowband_spectral_mean,esp_013141_2105_red-0004,esp_013141_2105,esp_013141_2105_red-0004_dead_pixels_0.3,1,dead_pixels,0.3,-0.9808185696601868,0.8677487969398499
narrowband_spectral_mean,esp_013141_2105_red-0004,esp_013141_2105,esp_013141_2105_red-0004_dead_pixels_0.5,1,dead_pixels,0.5,-0.41120365262031555,0.8677487969398499
narrowband_spectral_mean,esp_013141_2105_red-0004,esp_013141_2105,esp_013141_2105_red-0004_missing_patch_0.15,1,missing_patch,0.15,0.2592047452926636,0.8677487969398499
narrowband_spectral_mean,esp_013141_2105_red-0004,esp_013141_2105,esp_013141_2105_red-0004_missing_patch_0.3,1,missing_patch,0.3,0.2044634222984314,0.8677487969398499
narrowband_spectral_mean,esp_013141_2105_red-0004,esp_013141_2105,esp_013141_2105_red-0004_missing_patch_0.5,1,missing_patch,0.5,0.1752546727657318,0.8677487969398499
narrowband_spectral_mean,esp_013141_2105_red-0004,esp_013141_2105,esp_013141_2105_red-0004_local_blur_0.15,1,local_blur,0.15,-1.5186281204223633,0.8677487969398499
narrowband_spectral_mean,esp_013141_2105_red-0004,esp_013141_2105,esp_013141_2105_red-0004_local_blur_0.3,1,local_blur,0.3,-1.5147885084152222,0.8677487969398499
narrowband_spectral_mean,esp_013141_2105_red-0004,esp_013141_2105,esp_013141_2105_red-0004_local_blur_0.5,1,local_blur,0.5,-1.516004204750061,0.8677487969398499
narrowband_spectral_mean,esp_013141_2105_red-0004,esp_013141_2105,esp_013141_2105_red-0004_patch_duplication_0.15,1,patch_duplication,0.15,-1.5157629251480103,0.8677487969398499
narrowband_spectral_mean,esp_013141_2105_red-0004,esp_013141_2105,esp_013141_2105_red-0004_patch_duplication_0.3,1,patch_duplication,0.3,-1.424782395362854,0.8677487969398499
narrowband_spectral_mean,esp_013141_2105_red-0004,esp_013141_2105,esp_013141_2105_red-0004_patch_duplication_0.5,1,patch_duplication,0.5,-1.1773223876953125,0.8677487969398499
narrowband_spectral_mean,esp_013141_2105_red-0004,esp_013141_2105,esp_013141_2105_red-0004_foreign_content_0.15,1,foreign_content,0.15,-1.3425995111465454,0.8677487969398499
narrowband_spectral_mean,esp_013141_2105_red-0004,esp_013141_2105,esp_013141_2105_red-0004_foreign_content_0.3,1,foreign_content,0.3,-1.319233775138855,0.8677487969398499
narrowband_spectral_mean,esp_013141_2105_red-0004,esp_013141_2105,esp_013141_2105_red-0004_foreign_content_0.5,1,foreign_content,0.5,-0.4016285240650177,0.8677487969398499
narrowband_spectral_mean,esp_016613_2570_red-0043,esp_016613_2570,esp_016613_2570_red-0043_clean,0,clean,0.0,1.1672419309616089,0.8677487969398499
narrowband_spectral_mean,esp_016613_2570_red-0043,esp_016613_2570,esp_016613_2570_red-0043_stripes_0.15,1,stripes,0.15,3.3444173336029053,0.8677487969398499
narrowband_spectral_mean,esp_016613_2570_red-0043,esp_016613_2570,esp_016613_2570_red-0043_stripes_0.3,1,stripes,0.3,4.116668224334717,0.8677487969398499
narrowband_spectral_mean,esp_016613_2570_red-0043,esp_016613_2570,esp_016613_2570_red-0043_stripes_0.5,1,stripes,0.5,4.656338691711426,0.8677487969398499
narrowband_spectral_mean,esp_016613_2570_red-0043,esp_016613_2570,esp_016613_2570_red-0043_dead_pixels_0.15,1,dead_pixels,0.15,1.208876132965088,0.8677487969398499
narrowband_spectral_mean,esp_016613_2570_red-0043,esp_016613_2570,esp_016613_2570_red-0043_dead_pixels_0.3,1,dead_pixels,0.3,0.778690755367279,0.8677487969398499
narrowband_spectral_mean,esp_016613_2570_red-0043,esp_016613_2570,esp_016613_2570_red-0043_dead_pixels_0.5,1,dead_pixels,0.5,1.81113600730896,0.8677487969398499
narrowband_spectral_mean,esp_016613_2570_red-0043,esp_016613_2570,esp_016613_2570_red-0043_missing_patch_0.15,1,missing_patch,0.15,1.3474738597869873,0.8677487969398499
narrowband_spectral_mean,esp_016613_2570_red-0043,esp_016613_2570,esp_016613_2570_red-0043_missing_patch_0.3,1,missing_patch,0.3,0.5694532990455627,0.8677487969398499
narrowband_spectral_mean,esp_016613_2570_red-0043,esp_016613_2570,esp_016613_2570_red-0043_missing_patch_0.5,1,missing_patch,0.5,0.42661982774734497,0.8677487969398499
narrowband_spectral_mean,esp_016613_2570_red-0043,esp_016613_2570,esp_016613_2570_red-0043_local_blur_0.15,1,local_blur,0.15,1.1593735218048096,0.8677487969398499
narrowband_spectral_mean,esp_016613_2570_red-0043,esp_016613_2570,esp_016613_2570_red-0043_local_blur_0.3,1,local_blur,0.3,1.1621785163879395,0.8677487969398499
narrowband_spectral_mean,esp_016613_2570_red-0043,esp_016613_2570,esp_016613_2570_red-0043_local_blur_0.5,1,local_blur,0.5,0.9429601430892944,0.8677487969398499
narrowband_spectral_mean,esp_016613_2570_red-0043,esp_016613_2570,esp_016613_2570_red-0043_patch_duplication_0.15,1,patch_duplication,0.15,1.1277272701263428,0.8677487969398499
narrowband_spectral_mean,esp_016613_2570_red-0043,esp_016613_2570,esp_016613_2570_red-0043_patch_duplication_0.3,1,patch_duplication,0.3,1.3852611780166626,0.8677487969398499
narrowband_spectral_mean,esp_016613_2570_red-0043,esp_016613_2570,esp_016613_2570_red-0043_patch_duplication_0.5,1,patch_duplication,0.5,0.7528172731399536,0.8677487969398499
narrowband_spectral_mean,esp_016613_2570_red-0043,esp_016613_2570,esp_016613_2570_red-0043_foreign_content_0.15,1,foreign_content,0.15,1.18039870262146,0.8677487969398499
narrowband_spectral_mean,esp_016613_2570_red-0043,esp_016613_2570,esp_016613_2570_red-0043_foreign_content_0.3,1,foreign_content,0.3,1.1640878915786743,0.8677487969398499
narrowband_spectral_mean,esp_016613_2570_red-0043,esp_016613_2570,esp_016613_2570_red-0043_foreign_content_0.5,1,foreign_content,0.5,1.172867774963379,0.8677487969398499
narrowband_spectral_mean,esp_017395_1700_red-0049,esp_017395_1700,esp_017395_1700_red-0049_clean,0,clean,0.0,-0.4519469439983368,0.8677487969398499
narrowband_spectral_mean,esp_017395_1700_red-0049,esp_017395_1700,esp_017395_1700_red-0049_stripes_0.15,1,stripes,0.15,3.8794875144958496,0.8677487969398499
narrowband_spectral_mean,esp_017395_1700_red-0049,esp_017395_1700,esp_017395_1700_red-0049_stripes_0.3,1,stripes,0.3,3.7595112323760986,0.8677487969398499
narrowband_spectral_mean,esp_017395_1700_red-0049,esp_017395_1700,esp_017395_1700_red-0049_stripes_0.5,1,stripes,0.5,3.2369608879089355,0.8677487969398499
narrowband_spectral_mean,esp_017395_1700_red-0049,esp_017395_1700,esp_017395_1700_red-0049_dead_pixels_0.15,1,dead_pixels,0.15,-0.5884304642677307,0.8677487969398499
narrowband_spectral_mean,esp_017395_1700_red-0049,esp_017395_1700,esp_017395_1700_red-0049_dead_pixels_0.3,1,dead_pixels,0.3,-0.644081711769104,0.8677487969398499
narrowband_spectral_mean,esp_017395_1700_red-0049,esp_017395_1700,esp_017395_1700_red-0049_dead_pixels_0.5,1,dead_pixels,0.5,-0.18111824989318848,0.8677487969398499
narrowband_spectral_mean,esp_017395_1700_red-0049,esp_017395_1700,esp_017395_1700_red-0049_missing_patch_0.15,1,missing_patch,0.15,-0.5911052823066711,0.8677487969398499
narrowband_spectral_mean,esp_017395_1700_red-0049,esp_017395_1700,esp_017395_1700_red-0049_missing_patch_0.3,1,missing_patch,0.3,0.13002434372901917,0.8677487969398499
narrowband_spectral_mean,esp_017395_1700_red-0049,esp_017395_1700,esp_017395_1700_red-0049_missing_patch_0.5,1,missing_patch,0.5,0.0076838405802845955,0.8677487969398499
narrowband_spectral_mean,esp_017395_1700_red-0049,esp_017395_1700,esp_017395_1700_red-0049_local_blur_0.15,1,local_blur,0.15,-0.48636573553085327,0.8677487969398499
narrowband_spectral_mean,esp_017395_1700_red-0049,esp_017395_1700,esp_017395_1700_red-0049_local_blur_0.3,1,local_blur,0.3,-0.4648488461971283,0.8677487969398499
narrowband_spectral_mean,esp_017395_1700_red-0049,esp_017395_1700,esp_017395_1700_red-0049_local_blur_0.5,1,local_blur,0.5,-0.5120469331741333,0.8677487969398499
narrowband_spectral_mean,esp_017395_1700_red-0049,esp_017395_1700,esp_017395_1700_red-0049_patch_duplication_0.15,1,patch_duplication,0.15,-0.45809704065322876,0.8677487969398499
narrowband_spectral_mean,esp_017395_1700_red-0049,esp_017395_1700,esp_017395_1700_red-0049_patch_duplication_0.3,1,patch_duplication,0.3,-0.4229474365711212,0.8677487969398499
narrowband_spectral_mean,esp_017395_1700_red-0049,esp_017395_1700,esp_017395_1700_red-0049_patch_duplication_0.5,1,patch_duplication,0.5,-0.5505200624465942,0.8677487969398499
narrowband_spectral_mean,esp_017395_1700_red-0049,esp_017395_1700,esp_017395_1700_red-0049_foreign_content_0.15,1,foreign_content,0.15,-0.46377894282341003,0.8677487969398499
narrowband_spectral_mean,esp_017395_1700_red-0049,esp_017395_1700,esp_017395_1700_red-0049_foreign_content_0.3,1,foreign_content,0.3,-0.16153421998023987,0.8677487969398499
narrowband_spectral_mean,esp_017395_1700_red-0049,esp_017395_1700,esp_017395_1700_red-0049_foreign_content_0.5,1,foreign_content,0.5,-0.38727349042892456,0.8677487969398499
narrowband_spectral_mean,esp_012588_0930_red-0008,esp_012588_0930,esp_012588_0930_red-0008_clean,0,clean,0.0,1.011213779449463,0.8677487969398499
narrowband_spectral_mean,esp_012588_0930_red-0008,esp_012588_0930,esp_012588_0930_red-0008_stripes_0.15,1,stripes,0.15,3.605573892593384,0.8677487969398499
narrowband_spectral_mean,esp_012588_0930_red-0008,esp_012588_0930,esp_012588_0930_red-0008_stripes_0.3,1,stripes,0.3,3.7505130767822266,0.8677487969398499
narrowband_spectral_mean,esp_012588_0930_red-0008,esp_012588_0930,esp_012588_0930_red-0008_stripes_0.5,1,stripes,0.5,3.321065664291382,0.8677487969398499
narrowband_spectral_mean,esp_012588_0930_red-0008,esp_012588_0930,esp_012588_0930_red-0008_dead_pixels_0.15,1,dead_pixels,0.15,0.8991490006446838,0.8677487969398499
narrowband_spectral_mean,esp_012588_0930_red-0008,esp_012588_0930,esp_012588_0930_red-0008_dead_pixels_0.3,1,dead_pixels,0.3,0.9861034154891968,0.8677487969398499
narrowband_spectral_mean,esp_012588_0930_red-0008,esp_012588_0930,esp_012588_0930_red-0008_dead_pixels_0.5,1,dead_pixels,0.5,0.9169453382492065,0.8677487969398499
narrowband_spectral_mean,esp_012588_0930_red-0008,esp_012588_0930,esp_012588_0930_red-0008_missing_patch_0.15,1,missing_patch,0.15,1.3146107196807861,0.8677487969398499
narrowband_spectral_mean,esp_012588_0930_red-0008,esp_012588_0930,esp_012588_0930_red-0008_missing_patch_0.3,1,missing_patch,0.3,0.7281043529510498,0.8677487969398499
narrowband_spectral_mean,esp_012588_0930_red-0008,esp_012588_0930,esp_012588_0930_red-0008_missing_patch_0.5,1,missing_patch,0.5,0.25232771039009094,0.8677487969398499
narrowband_spectral_mean,esp_012588_0930_red-0008,esp_012588_0930,esp_012588_0930_red-0008_local_blur_0.15,1,local_blur,0.15,0.979243278503418,0.8677487969398499
narrowband_spectral_mean,esp_012588_0930_red-0008,esp_012588_0930,esp_012588_0930_red-0008_local_blur_0.3,1,local_blur,0.3,0.9086801409721375,0.8677487969398499
narrowband_spectral_mean,esp_012588_0930_red-0008,esp_012588_0930,esp_012588_0930_red-0008_local_blur_0.5,1,local_blur,0.5,0.8801772594451904,0.8677487969398499
narrowband_spectral_mean,esp_012588_0930_red-0008,esp_012588_0930,esp_012588_0930_red-0008_patch_duplication_0.15,1,patch_duplication,0.15,1.0719269514083862,0.8677487969398499
narrowband_spectral_mean,esp_012588_0930_red-0008,esp_012588_0930,esp_012588_0930_red-0008_patch_duplication_0.3,1,patch_duplication,0.3,1.026139736175537,0.8677487969398499
narrowband_spectral_mean,esp_012588_0930_red-0008,esp_012588_0930,esp_012588_0930_red-0008_patch_duplication_0.5,1,patch_duplication,0.5,1.0720579624176025,0.8677487969398499
narrowband_spectral_mean,esp_012588_0930_red-0008,esp_012588_0930,esp_012588_0930_red-0008_foreign_content_0.15,1,foreign_content,0.15,1.0183011293411255,0.8677487969398499
narrowband_spectral_mean,esp_012588_0930_red-0008,esp_012588_0930,esp_012588_0930_red-0008_foreign_content_0.3,1,foreign_content,0.3,1.1180723905563354,0.8677487969398499
narrowband_spectral_mean,esp_012588_0930_red-0008,esp_012588_0930,esp_012588_0930_red-0008_foreign_content_0.5,1,foreign_content,0.5,1.0298517942428589,0.8677487969398499
narrowband_spectral_mean,esp_049651_1050_red-0030,esp_049651_1050,esp_049651_1050_red-0030_clean,0,clean,0.0,0.4477015733718872,0.8677487969398499
narrowband_spectral_mean,esp_049651_1050_red-0030,esp_049651_1050,esp_049651_1050_red-0030_stripes_0.15,1,stripes,0.15,3.5680410861968994,0.8677487969398499
narrowband_spectral_mean,esp_049651_1050_red-0030,esp_049651_1050,esp_049651_1050_red-0030_stripes_0.3,1,stripes,0.3,4.0049028396606445,0.8677487969398499
narrowband_spectral_mean,esp_049651_1050_red-0030,esp_049651_1050,esp_049651_1050_red-0030_stripes_0.5,1,stripes,0.5,4.114307880401611,0.8677487969398499
narrowband_spectral_mean,esp_049651_1050_red-0030,esp_049651_1050,esp_049651_1050_red-0030_dead_pixels_0.15,1,dead_pixels,0.15,0.5413039326667786,0.8677487969398499
narrowband_spectral_mean,esp_049651_1050_red-0030,esp_049651_1050,esp_049651_1050_red-0030_dead_pixels_0.3,1,dead_pixels,0.3,0.3896852433681488,0.8677487969398499
narrowband_spectral_mean,esp_049651_1050_red-0030,esp_049651_1050,esp_049651_1050_red-0030_dead_pixels_0.5,1,dead_pixels,0.5,0.14160345494747162,0.8677487969398499
narrowband_spectral_mean,esp_049651_1050_red-0030,esp_049651_1050,esp_049651_1050_red-0030_missing_patch_0.15,1,missing_patch,0.15,0.19485707581043243,0.8677487969398499
narrowband_spectral_mean,esp_049651_1050_red-0030,esp_049651_1050,esp_049651_1050_red-0030_missing_patch_0.3,1,missing_patch,0.3,0.8069629073143005,0.8677487969398499
narrowband_spectral_mean,esp_049651_1050_red-0030,esp_049651_1050,esp_049651_1050_red-0030_missing_patch_0.5,1,missing_patch,0.5,0.3394922614097595,0.8677487969398499
narrowband_spectral_mean,esp_049651_1050_red-0030,esp_049651_1050,esp_049651_1050_red-0030_local_blur_0.15,1,local_blur,0.15,0.44326451420783997,0.8677487969398499
narrowband_spectral_mean,esp_049651_1050_red-0030,esp_049651_1050,esp_049651_1050_red-0030_local_blur_0.3,1,local_blur,0.3,0.43020498752593994,0.8677487969398499
narrowband_spectral_mean,esp_049651_1050_red-0030,esp_049651_1050,esp_049651_1050_red-0030_local_blur_0.5,1,local_blur,0.5,0.32815587520599365,0.8677487969398499
narrowband_spectral_mean,esp_049651_1050_red-0030,esp_049651_1050,esp_049651_1050_red-0030_patch_duplication_0.15,1,patch_duplication,0.15,0.46058928966522217,0.8677487969398499
narrowband_spectral_mean,esp_049651_1050_red-0030,esp_049651_1050,esp_049651_1050_red-0030_patch_duplication_0.3,1,patch_duplication,0.3,0.30268314480781555,0.8677487969398499
narrowband_spectral_mean,esp_049651_1050_red-0030,esp_049651_1050,esp_049651_1050_red-0030_patch_duplication_0.5,1,patch_duplication,0.5,0.9215999841690063,0.8677487969398499
narrowband_spectral_mean,esp_049651_1050_red-0030,esp_049651_1050,esp_049651_1050_red-0030_foreign_content_0.15,1,foreign_content,0.15,0.39254042506217957,0.8677487969398499
narrowband_spectral_mean,esp_049651_1050_red-0030,esp_049651_1050,esp_049651_1050_red-0030_foreign_content_0.3,1,foreign_content,0.3,0.7745078206062317,0.8677487969398499
narrowband_spectral_mean,esp_049651_1050_red-0030,esp_049651_1050,esp_049651_1050_red-0030_foreign_content_0.5,1,foreign_content,0.5,0.15294362604618073,0.8677487969398499
pixel_spectral_mean,esp_020133_1720_red-0022,esp_020133_1720,esp_020133_1720_red-0022_clean,0,clean,0.0,-0.8122451305389404,0.8665669560432434
pixel_spectral_mean,esp_020133_1720_red-0022,esp_020133_1720,esp_020133_1720_red-0022_stripes_0.15,1,stripes,0.15,1.6966965198516846,0.8665669560432434
pixel_spectral_mean,esp_020133_1720_red-0022,esp_020133_1720,esp_020133_1720_red-0022_stripes_0.3,1,stripes,0.3,2.1108570098876953,0.8665669560432434
pixel_spectral_mean,esp_020133_1720_red-0022,esp_020133_1720,esp_020133_1720_red-0022_stripes_0.5,1,stripes,0.5,2.3601088523864746,0.8665669560432434
pixel_spectral_mean,esp_020133_1720_red-0022,esp_020133_1720,esp_020133_1720_red-0022_dead_pixels_0.15,1,dead_pixels,0.15,1.9290213584899902,0.8665669560432434
pixel_spectral_mean,esp_020133_1720_red-0022,esp_020133_1720,esp_020133_1720_red-0022_dead_pixels_0.3,1,dead_pixels,0.3,2.8976926803588867,0.8665669560432434
pixel_spectral_mean,esp_020133_1720_red-0022,esp_020133_1720,esp_020133_1720_red-0022_dead_pixels_0.5,1,dead_pixels,0.5,3.031808853149414,0.8665669560432434
pixel_spectral_mean,esp_020133_1720_red-0022,esp_020133_1720,esp_020133_1720_red-0022_missing_patch_0.15,1,missing_patch,0.15,-0.10517237335443497,0.8665669560432434
pixel_spectral_mean,esp_020133_1720_red-0022,esp_020133_1720,esp_020133_1720_red-0022_missing_patch_0.3,1,missing_patch,0.3,0.3563784956932068,0.8665669560432434
pixel_spectral_mean,esp_020133_1720_red-0022,esp_020133_1720,esp_020133_1720_red-0022_missing_patch_0.5,1,missing_patch,0.5,0.15793323516845703,0.8665669560432434
pixel_spectral_mean,esp_020133_1720_red-0022,esp_020133_1720,esp_020133_1720_red-0022_local_blur_0.15,1,local_blur,0.15,-0.8103028535842896,0.8665669560432434
pixel_spectral_mean,esp_020133_1720_red-0022,esp_020133_1720,esp_020133_1720_red-0022_local_blur_0.3,1,local_blur,0.3,-0.7374739646911621,0.8665669560432434
pixel_spectral_mean,esp_020133_1720_red-0022,esp_020133_1720,esp_020133_1720_red-0022_local_blur_0.5,1,local_blur,0.5,-0.7571468353271484,0.8665669560432434
pixel_spectral_mean,esp_020133_1720_red-0022,esp_020133_1720,esp_020133_1720_red-0022_patch_duplication_0.15,1,patch_duplication,0.15,-0.8194020390510559,0.8665669560432434
pixel_spectral_mean,esp_020133_1720_red-0022,esp_020133_1720,esp_020133_1720_red-0022_patch_duplication_0.3,1,patch_duplication,0.3,-0.8499839305877686,0.8665669560432434
pixel_spectral_mean,esp_020133_1720_red-0022,esp_020133_1720,esp_020133_1720_red-0022_patch_duplication_0.5,1,patch_duplication,0.5,-0.8599748015403748,0.8665669560432434
pixel_spectral_mean,esp_020133_1720_red-0022,esp_020133_1720,esp_020133_1720_red-0022_foreign_content_0.15,1,foreign_content,0.15,-0.8434508442878723,0.8665669560432434
pixel_spectral_mean,esp_020133_1720_red-0022,esp_020133_1720,esp_020133_1720_red-0022_foreign_content_0.3,1,foreign_content,0.3,-0.6886959671974182,0.8665669560432434
pixel_spectral_mean,esp_020133_1720_red-0022,esp_020133_1720,esp_020133_1720_red-0022_foreign_content_0.5,1,foreign_content,0.5,-0.22471138834953308,0.8665669560432434
pixel_spectral_mean,psp_006766_1850_red-0037,psp_006766_1850,psp_006766_1850_red-0037_clean,0,clean,0.0,1.1713402271270752,0.8665669560432434
pixel_spectral_mean,psp_006766_1850_red-0037,psp_006766_1850,psp_006766_1850_red-0037_stripes_0.15,1,stripes,0.15,2.2801005840301514,0.8665669560432434
pixel_spectral_mean,psp_006766_1850_red-0037,psp_006766_1850,psp_006766_1850_red-0037_stripes_0.3,1,stripes,0.3,2.795438289642334,0.8665669560432434
pixel_spectral_mean,psp_006766_1850_red-0037,psp_006766_1850,psp_006766_1850_red-0037_stripes_0.5,1,stripes,0.5,3.011237382888794,0.8665669560432434
pixel_spectral_mean,psp_006766_1850_red-0037,psp_006766_1850,psp_006766_1850_red-0037_dead_pixels_0.15,1,dead_pixels,0.15,2.906134605407715,0.8665669560432434
pixel_spectral_mean,psp_006766_1850_red-0037,psp_006766_1850,psp_006766_1850_red-0037_dead_pixels_0.3,1,dead_pixels,0.3,3.4425559043884277,0.8665669560432434
pixel_spectral_mean,psp_006766_1850_red-0037,psp_006766_1850,psp_006766_1850_red-0037_dead_pixels_0.5,1,dead_pixels,0.5,3.8946571350097656,0.8665669560432434
pixel_spectral_mean,psp_006766_1850_red-0037,psp_006766_1850,psp_006766_1850_red-0037_missing_patch_0.15,1,missing_patch,0.15,1.2955005168914795,0.8665669560432434
pixel_spectral_mean,psp_006766_1850_red-0037,psp_006766_1850,psp_006766_1850_red-0037_missing_patch_0.3,1,missing_patch,0.3,1.0943158864974976,0.8665669560432434
pixel_spectral_mean,psp_006766_1850_red-0037,psp_006766_1850,psp_006766_1850_red-0037_missing_patch_0.5,1,missing_patch,0.5,1.0839426517486572,0.8665669560432434
pixel_spectral_mean,psp_006766_1850_red-0037,psp_006766_1850,psp_006766_1850_red-0037_local_blur_0.15,1,local_blur,0.15,1.1505075693130493,0.8665669560432434
pixel_spectral_mean,psp_006766_1850_red-0037,psp_006766_1850,psp_006766_1850_red-0037_local_blur_0.3,1,local_blur,0.3,0.964806318283081,0.8665669560432434
pixel_spectral_mean,psp_006766_1850_red-0037,psp_006766_1850,psp_006766_1850_red-0037_local_blur_0.5,1,local_blur,0.5,1.036588430404663,0.8665669560432434
pixel_spectral_mean,psp_006766_1850_red-0037,psp_006766_1850,psp_006766_1850_red-0037_patch_duplication_0.15,1,patch_duplication,0.15,1.2471554279327393,0.8665669560432434
pixel_spectral_mean,psp_006766_1850_red-0037,psp_006766_1850,psp_006766_1850_red-0037_patch_duplication_0.3,1,patch_duplication,0.3,1.0259705781936646,0.8665669560432434
pixel_spectral_mean,psp_006766_1850_red-0037,psp_006766_1850,psp_006766_1850_red-0037_patch_duplication_0.5,1,patch_duplication,0.5,1.054691195487976,0.8665669560432434
pixel_spectral_mean,psp_006766_1850_red-0037,psp_006766_1850,psp_006766_1850_red-0037_foreign_content_0.15,1,foreign_content,0.15,1.1441150903701782,0.8665669560432434
pixel_spectral_mean,psp_006766_1850_red-0037,psp_006766_1850,psp_006766_1850_red-0037_foreign_content_0.3,1,foreign_content,0.3,1.1061619520187378,0.8665669560432434
pixel_spectral_mean,psp_006766_1850_red-0037,psp_006766_1850,psp_006766_1850_red-0037_foreign_content_0.5,1,foreign_content,0.5,1.0545669794082642,0.8665669560432434
pixel_spectral_mean,esp_019559_1390_red-0576,esp_019559_1390,esp_019559_1390_red-0576_clean,0,clean,0.0,-0.027362629771232605,0.8665669560432434
pixel_spectral_mean,esp_019559_1390_red-0576,esp_019559_1390,esp_019559_1390_red-0576_stripes_0.15,1,stripes,0.15,2.0546090602874756,0.8665669560432434
pixel_spectral_mean,esp_019559_1390_red-0576,esp_019559_1390,esp_019559_1390_red-0576_stripes_0.3,1,stripes,0.3,2.0724472999572754,0.8665669560432434
pixel_spectral_mean,esp_019559_1390_red-0576,esp_019559_1390,esp_019559_1390_red-0576_stripes_0.5,1,stripes,0.5,1.991906762123108,0.8665669560432434
pixel_spectral_mean,esp_019559_1390_red-0576,esp_019559_1390,esp_019559_1390_red-0576_dead_pixels_0.15,1,dead_pixels,0.15,3.1489157676696777,0.8665669560432434
pixel_spectral_mean,esp_019559_1390_red-0576,esp_019559_1390,esp_019559_1390_red-0576_dead_pixels_0.3,1,dead_pixels,0.3,4.113442897796631,0.8665669560432434
pixel_spectral_mean,esp_019559_1390_red-0576,esp_019559_1390,esp_019559_1390_red-0576_dead_pixels_0.5,1,dead_pixels,0.5,4.3014960289001465,0.8665669560432434
pixel_spectral_mean,esp_019559_1390_red-0576,esp_019559_1390,esp_019559_1390_red-0576_missing_patch_0.15,1,missing_patch,0.15,0.7197860479354858,0.8665669560432434
pixel_spectral_mean,esp_019559_1390_red-0576,esp_019559_1390,esp_019559_1390_red-0576_missing_patch_0.3,1,missing_patch,0.3,1.377830982208252,0.8665669560432434
pixel_spectral_mean,esp_019559_1390_red-0576,esp_019559_1390,esp_019559_1390_red-0576_missing_patch_0.5,1,missing_patch,0.5,0.4741661250591278,0.8665669560432434
pixel_spectral_mean,esp_019559_1390_red-0576,esp_019559_1390,esp_019559_1390_red-0576_local_blur_0.15,1,local_blur,0.15,-0.14985395967960358,0.8665669560432434
pixel_spectral_mean,esp_019559_1390_red-0576,esp_019559_1390,esp_019559_1390_red-0576_local_blur_0.3,1,local_blur,0.3,-0.27745184302330017,0.8665669560432434
pixel_spectral_mean,esp_019559_1390_red-0576,esp_019559_1390,esp_019559_1390_red-0576_local_blur_0.5,1,local_blur,0.5,-0.2915896773338318,0.8665669560432434
pixel_spectral_mean,esp_019559_1390_red-0576,esp_019559_1390,esp_019559_1390_red-0576_patch_duplication_0.15,1,patch_duplication,0.15,-0.0808638334274292,0.8665669560432434
pixel_spectral_mean,esp_019559_1390_red-0576,esp_019559_1390,esp_019559_1390_red-0576_patch_duplication_0.3,1,patch_duplication,0.3,0.12480714172124863,0.8665669560432434
pixel_spectral_mean,esp_019559_1390_red-0576,esp_019559_1390,esp_019559_1390_red-0576_patch_duplication_0.5,1,patch_duplication,0.5,0.12046130001544952,0.8665669560432434
pixel_spectral_mean,esp_019559_1390_red-0576,esp_019559_1390,esp_019559_1390_red-0576_foreign_content_0.15,1,foreign_content,0.15,0.015493541955947876,0.8665669560432434
pixel_spectral_mean,esp_019559_1390_red-0576,esp_019559_1390,esp_019559_1390_red-0576_foreign_content_0.3,1,foreign_content,0.3,-0.1147102564573288,0.8665669560432434
pixel_spectral_mean,esp_019559_1390_red-0576,esp_019559_1390,esp_019559_1390_red-0576_foreign_content_0.5,1,foreign_content,0.5,-0.04361295700073242,0.8665669560432434
pixel_spectral_mean,esp_016781_2055_red-0188,esp_016781_2055,esp_016781_2055_red-0188_clean,0,clean,0.0,0.13646820187568665,0.8665669560432434
pixel_spectral_mean,esp_016781_2055_red-0188,esp_016781_2055,esp_016781_2055_red-0188_stripes_0.15,1,stripes,0.15,1.2654485702514648,0.8665669560432434
pixel_spectral_mean,esp_016781_2055_red-0188,esp_016781_2055,esp_016781_2055_red-0188_stripes_0.3,1,stripes,0.3,1.7620575428009033,0.8665669560432434
pixel_spectral_mean,esp_016781_2055_red-0188,esp_016781_2055,esp_016781_2055_red-0188_stripes_0.5,1,stripes,0.5,2.0174145698547363,0.8665669560432434
pixel_spectral_mean,esp_016781_2055_red-0188,esp_016781_2055,esp_016781_2055_red-0188_dead_pixels_0.15,1,dead_pixels,0.15,1.7032148838043213,0.8665669560432434
pixel_spectral_mean,esp_016781_2055_red-0188,esp_016781_2055,esp_016781_2055_red-0188_dead_pixels_0.3,1,dead_pixels,0.3,2.553058624267578,0.8665669560432434
pixel_spectral_mean,esp_016781_2055_red-0188,esp_016781_2055,esp_016781_2055_red-0188_dead_pixels_0.5,1,dead_pixels,0.5,2.8620598316192627,0.8665669560432434
pixel_spectral_mean,esp_016781_2055_red-0188,esp_016781_2055,esp_016781_2055_red-0188_missing_patch_0.15,1,missing_patch,0.15,0.11647391319274902,0.8665669560432434
pixel_spectral_mean,esp_016781_2055_red-0188,esp_016781_2055,esp_016781_2055_red-0188_missing_patch_0.3,1,missing_patch,0.3,0.3282269835472107,0.8665669560432434
pixel_spectral_mean,esp_016781_2055_red-0188,esp_016781_2055,esp_016781_2055_red-0188_missing_patch_0.5,1,missing_patch,0.5,-0.35128331184387207,0.8665669560432434
pixel_spectral_mean,esp_016781_2055_red-0188,esp_016781_2055,esp_016781_2055_red-0188_local_blur_0.15,1,local_blur,0.15,0.13516421616077423,0.8665669560432434
pixel_spectral_mean,esp_016781_2055_red-0188,esp_016781_2055,esp_016781_2055_red-0188_local_blur_0.3,1,local_blur,0.3,0.1322416216135025,0.8665669560432434
pixel_spectral_mean,esp_016781_2055_red-0188,esp_016781_2055,esp_016781_2055_red-0188_local_blur_0.5,1,local_blur,0.5,0.13673135638237,0.8665669560432434
pixel_spectral_mean,esp_016781_2055_red-0188,esp_016781_2055,esp_016781_2055_red-0188_patch_duplication_0.15,1,patch_duplication,0.15,0.053128212690353394,0.8665669560432434
pixel_spectral_mean,esp_016781_2055_red-0188,esp_016781_2055,esp_016781_2055_red-0188_patch_duplication_0.3,1,patch_duplication,0.3,0.41697946190834045,0.8665669560432434
pixel_spectral_mean,esp_016781_2055_red-0188,esp_016781_2055,esp_016781_2055_red-0188_patch_duplication_0.5,1,patch_duplication,0.5,-0.18528880178928375,0.8665669560432434
pixel_spectral_mean,esp_016781_2055_red-0188,esp_016781_2055,esp_016781_2055_red-0188_foreign_content_0.15,1,foreign_content,0.15,0.22908899188041687,0.8665669560432434
pixel_spectral_mean,esp_016781_2055_red-0188,esp_016781_2055,esp_016781_2055_red-0188_foreign_content_0.3,1,foreign_content,0.3,0.061563342809677124,0.8665669560432434
pixel_spectral_mean,esp_016781_2055_red-0188,esp_016781_2055,esp_016781_2055_red-0188_foreign_content_0.5,1,foreign_content,0.5,0.7426601648330688,0.8665669560432434
pixel_spectral_mean,esp_016613_2570_red-0034,esp_016613_2570,esp_016613_2570_red-0034_clean,0,clean,0.0,0.3001624047756195,0.8665669560432434
pixel_spectral_mean,esp_016613_2570_red-0034,esp_016613_2570,esp_016613_2570_red-0034_stripes_0.15,1,stripes,0.15,1.8863667249679565,0.8665669560432434
pixel_spectral_mean,esp_016613_2570_red-0034,esp_016613_2570,esp_016613_2570_red-0034_stripes_0.3,1,stripes,0.3,2.1906685829162598,0.8665669560432434
pixel_spectral_mean,esp_016613_2570_red-0034,esp_016613_2570,esp_016613_2570_red-0034_stripes_0.5,1,stripes,0.5,2.4746298789978027,0.8665669560432434
pixel_spectral_mean,esp_016613_2570_red-0034,esp_016613_2570,esp_016613_2570_red-0034_dead_pixels_0.15,1,dead_pixels,0.15,1.0493100881576538,0.8665669560432434
pixel_spectral_mean,esp_016613_2570_red-0034,esp_016613_2570,esp_016613_2570_red-0034_dead_pixels_0.3,1,dead_pixels,0.3,1.931858777999878,0.8665669560432434
pixel_spectral_mean,esp_016613_2570_red-0034,esp_016613_2570,esp_016613_2570_red-0034_dead_pixels_0.5,1,dead_pixels,0.5,2.234083414077759,0.8665669560432434
pixel_spectral_mean,esp_016613_2570_red-0034,esp_016613_2570,esp_016613_2570_red-0034_missing_patch_0.15,1,missing_patch,0.15,0.40125328302383423,0.8665669560432434
pixel_spectral_mean,esp_016613_2570_red-0034,esp_016613_2570,esp_016613_2570_red-0034_missing_patch_0.3,1,missing_patch,0.3,0.6208270788192749,0.8665669560432434
pixel_spectral_mean,esp_016613_2570_red-0034,esp_016613_2570,esp_016613_2570_red-0034_missing_patch_0.5,1,missing_patch,0.5,0.42677783966064453,0.8665669560432434
pixel_spectral_mean,esp_016613_2570_red-0034,esp_016613_2570,esp_016613_2570_red-0034_local_blur_0.15,1,local_blur,0.15,0.2920299172401428,0.8665669560432434
pixel_spectral_mean,esp_016613_2570_red-0034,esp_016613_2570,esp_016613_2570_red-0034_local_blur_0.3,1,local_blur,0.3,0.18941637873649597,0.8665669560432434
pixel_spectral_mean,esp_016613_2570_red-0034,esp_016613_2570,esp_016613_2570_red-0034_local_blur_0.5,1,local_blur,0.5,-0.05483131855726242,0.8665669560432434
pixel_spectral_mean,esp_016613_2570_red-0034,esp_016613_2570,esp_016613_2570_red-0034_patch_duplication_0.15,1,patch_duplication,0.15,0.28555136919021606,0.8665669560432434
pixel_spectral_mean,esp_016613_2570_red-0034,esp_016613_2570,esp_016613_2570_red-0034_patch_duplication_0.3,1,patch_duplication,0.3,0.2869004011154175,0.8665669560432434
pixel_spectral_mean,esp_016613_2570_red-0034,esp_016613_2570,esp_016613_2570_red-0034_patch_duplication_0.5,1,patch_duplication,0.5,0.29124513268470764,0.8665669560432434
pixel_spectral_mean,esp_016613_2570_red-0034,esp_016613_2570,esp_016613_2570_red-0034_foreign_content_0.15,1,foreign_content,0.15,0.14609885215759277,0.8665669560432434
pixel_spectral_mean,esp_016613_2570_red-0034,esp_016613_2570,esp_016613_2570_red-0034_foreign_content_0.3,1,foreign_content,0.3,0.05418604612350464,0.8665669560432434
pixel_spectral_mean,esp_016613_2570_red-0034,esp_016613_2570,esp_016613_2570_red-0034_foreign_content_0.5,1,foreign_content,0.5,0.2529260516166687,0.8665669560432434
pixel_spectral_mean,esp_017395_1700_red-0007,esp_017395_1700,esp_017395_1700_red-0007_clean,0,clean,0.0,-0.33464235067367554,0.8665669560432434
pixel_spectral_mean,esp_017395_1700_red-0007,esp_017395_1700,esp_017395_1700_red-0007_stripes_0.15,1,stripes,0.15,1.4536906480789185,0.8665669560432434
pixel_spectral_mean,esp_017395_1700_red-0007,esp_017395_1700,esp_017395_1700_red-0007_stripes_0.3,1,stripes,0.3,1.5516815185546875,0.8665669560432434
pixel_spectral_mean,esp_017395_1700_red-0007,esp_017395_1700,esp_017395_1700_red-0007_stripes_0.5,1,stripes,0.5,1.511169195175171,0.8665669560432434
pixel_spectral_mean,esp_017395_1700_red-0007,esp_017395_1700,esp_017395_1700_red-0007_dead_pixels_0.15,1,dead_pixels,0.15,4.434802532196045,0.8665669560432434
pixel_spectral_mean,esp_017395_1700_red-0007,esp_017395_1700,esp_017395_1700_red-0007_dead_pixels_0.3,1,dead_pixels,0.3,5.026464462280273,0.8665669560432434
pixel_spectral_mean,esp_017395_1700_red-0007,esp_017395_1700,esp_017395_1700_red-0007_dead_pixels_0.5,1,dead_pixels,0.5,5.938390254974365,0.8665669560432434
pixel_spectral_mean,esp_017395_1700_red-0007,esp_017395_1700,esp_017395_1700_red-0007_missing_patch_0.15,1,missing_patch,0.15,0.2079514116048813,0.8665669560432434
pixel_spectral_mean,esp_017395_1700_red-0007,esp_017395_1700,esp_017395_1700_red-0007_missing_patch_0.3,1,missing_patch,0.3,0.2783932089805603,0.8665669560432434
pixel_spectral_mean,esp_017395_1700_red-0007,esp_017395_1700,esp_017395_1700_red-0007_missing_patch_0.5,1,missing_patch,0.5,0.0776195228099823,0.8665669560432434
pixel_spectral_mean,esp_017395_1700_red-0007,esp_017395_1700,esp_017395_1700_red-0007_local_blur_0.15,1,local_blur,0.15,-0.3194088339805603,0.8665669560432434
pixel_spectral_mean,esp_017395_1700_red-0007,esp_017395_1700,esp_017395_1700_red-0007_local_blur_0.3,1,local_blur,0.3,-0.33993756771087646,0.8665669560432434
pixel_spectral_mean,esp_017395_1700_red-0007,esp_017395_1700,esp_017395_1700_red-0007_local_blur_0.5,1,local_blur,0.5,-0.41960376501083374,0.8665669560432434
pixel_spectral_mean,esp_017395_1700_red-0007,esp_017395_1700,esp_017395_1700_red-0007_patch_duplication_0.15,1,patch_duplication,0.15,-0.2752929925918579,0.8665669560432434
pixel_spectral_mean,esp_017395_1700_red-0007,esp_017395_1700,esp_017395_1700_red-0007_patch_duplication_0.3,1,patch_duplication,0.3,-0.4163796305656433,0.8665669560432434
pixel_spectral_mean,esp_017395_1700_red-0007,esp_017395_1700,esp_017395_1700_red-0007_patch_duplication_0.5,1,patch_duplication,0.5,-0.1972200870513916,0.8665669560432434
pixel_spectral_mean,esp_017395_1700_red-0007,esp_017395_1700,esp_017395_1700_red-0007_foreign_content_0.15,1,foreign_content,0.15,-0.4209313988685608,0.8665669560432434
pixel_spectral_mean,esp_017395_1700_red-0007,esp_017395_1700,esp_017395_1700_red-0007_foreign_content_0.3,1,foreign_content,0.3,-0.3075050115585327,0.8665669560432434
pixel_spectral_mean,esp_017395_1700_red-0007,esp_017395_1700,esp_017395_1700_red-0007_foreign_content_0.5,1,foreign_content,0.5,-0.24322845041751862,0.8665669560432434
pixel_spectral_mean,esp_012057_0950_red-0111,esp_012057_0950,esp_012057_0950_red-0111_clean,0,clean,0.0,0.5973734855651855,0.8665669560432434
pixel_spectral_mean,esp_012057_0950_red-0111,esp_012057_0950,esp_012057_0950_red-0111_stripes_0.15,1,stripes,0.15,2.492609977722168,0.8665669560432434
pixel_spectral_mean,esp_012057_0950_red-0111,esp_012057_0950,esp_012057_0950_red-0111_stripes_0.3,1,stripes,0.3,2.421935558319092,0.8665669560432434
pixel_spectral_mean,esp_012057_0950_red-0111,esp_012057_0950,esp_012057_0950_red-0111_stripes_0.5,1,stripes,0.5,2.1252241134643555,0.8665669560432434
pixel_spectral_mean,esp_012057_0950_red-0111,esp_012057_0950,esp_012057_0950_red-0111_dead_pixels_0.15,1,dead_pixels,0.15,4.3882060050964355,0.8665669560432434
pixel_spectral_mean,esp_012057_0950_red-0111,esp_012057_0950,esp_012057_0950_red-0111_dead_pixels_0.3,1,dead_pixels,0.3,4.883652210235596,0.8665669560432434
pixel_spectral_mean,esp_012057_0950_red-0111,esp_012057_0950,esp_012057_0950_red-0111_dead_pixels_0.5,1,dead_pixels,0.5,5.452728748321533,0.8665669560432434
pixel_spectral_mean,esp_012057_0950_red-0111,esp_012057_0950,esp_012057_0950_red-0111_missing_patch_0.15,1,missing_patch,0.15,0.5519249439239502,0.8665669560432434
pixel_spectral_mean,esp_012057_0950_red-0111,esp_012057_0950,esp_012057_0950_red-0111_missing_patch_0.3,1,missing_patch,0.3,0.6660737991333008,0.8665669560432434
pixel_spectral_mean,esp_012057_0950_red-0111,esp_012057_0950,esp_012057_0950_red-0111_missing_patch_0.5,1,missing_patch,0.5,0.5664879083633423,0.8665669560432434
pixel_spectral_mean,esp_012057_0950_red-0111,esp_012057_0950,esp_012057_0950_red-0111_local_blur_0.15,1,local_blur,0.15,0.6168447732925415,0.8665669560432434
pixel_spectral_mean,esp_012057_0950_red-0111,esp_012057_0950,esp_012057_0950_red-0111_local_blur_0.3,1,local_blur,0.3,0.637900173664093,0.8665669560432434
pixel_spectral_mean,esp_012057_0950_red-0111,esp_012057_0950,esp_012057_0950_red-0111_local_blur_0.5,1,local_blur,0.5,0.6763153076171875,0.8665669560432434
pixel_spectral_mean,esp_012057_0950_red-0111,esp_012057_0950,esp_012057_0950_red-0111_patch_duplication_0.15,1,patch_duplication,0.15,0.6975986957550049,0.8665669560432434
pixel_spectral_mean,esp_012057_0950_red-0111,esp_012057_0950,esp_012057_0950_red-0111_patch_duplication_0.3,1,patch_duplication,0.3,0.7243911027908325,0.8665669560432434
pixel_spectral_mean,esp_012057_0950_red-0111,esp_012057_0950,esp_012057_0950_red-0111_patch_duplication_0.5,1,patch_duplication,0.5,0.7168849110603333,0.8665669560432434
pixel_spectral_mean,esp_012057_0950_red-0111,esp_012057_0950,esp_012057_0950_red-0111_foreign_content_0.15,1,foreign_content,0.15,0.6407731771469116,0.8665669560432434
pixel_spectral_mean,esp_012057_0950_red-0111,esp_012057_0950,esp_012057_0950_red-0111_foreign_content_0.3,1,foreign_content,0.3,0.6427199840545654,0.8665669560432434
pixel_spectral_mean,esp_012057_0950_red-0111,esp_012057_0950,esp_012057_0950_red-0111_foreign_content_0.5,1,foreign_content,0.5,0.6691876649856567,0.8665669560432434
pixel_spectral_mean,esp_049651_1050_red-0070,esp_049651_1050,esp_049651_1050_red-0070_clean,0,clean,0.0,-0.05104401707649231,0.8665669560432434
pixel_spectral_mean,esp_049651_1050_red-0070,esp_049651_1050,esp_049651_1050_red-0070_stripes_0.15,1,stripes,0.15,2.173279047012329,0.8665669560432434
pixel_spectral_mean,esp_049651_1050_red-0070,esp_049651_1050,esp_049651_1050_red-0070_stripes_0.3,1,stripes,0.3,2.2298552989959717,0.8665669560432434
pixel_spectral_mean,esp_049651_1050_red-0070,esp_049651_1050,esp_049651_1050_red-0070_stripes_0.5,1,stripes,0.5,2.0841310024261475,0.8665669560432434
pixel_spectral_mean,esp_049651_1050_red-0070,esp_049651_1050,esp_049651_1050_red-0070_dead_pixels_0.15,1,dead_pixels,0.15,2.115265369415283,0.8665669560432434
pixel_spectral_mean,esp_049651_1050_red-0070,esp_049651_1050,esp_049651_1050_red-0070_dead_pixels_0.3,1,dead_pixels,0.3,3.080826759338379,0.8665669560432434
pixel_spectral_mean,esp_049651_1050_red-0070,esp_049651_1050,esp_049651_1050_red-0070_dead_pixels_0.5,1,dead_pixels,0.5,3.8066861629486084,0.8665669560432434
pixel_spectral_mean,esp_049651_1050_red-0070,esp_049651_1050,esp_049651_1050_red-0070_missing_patch_0.15,1,missing_patch,0.15,0.6607497334480286,0.8665669560432434
pixel_spectral_mean,esp_049651_1050_red-0070,esp_049651_1050,esp_049651_1050_red-0070_missing_patch_0.3,1,missing_patch,0.3,0.4936230778694153,0.8665669560432434
pixel_spectral_mean,esp_049651_1050_red-0070,esp_049651_1050,esp_049651_1050_red-0070_missing_patch_0.5,1,missing_patch,0.5,0.5441896915435791,0.8665669560432434
pixel_spectral_mean,esp_049651_1050_red-0070,esp_049651_1050,esp_049651_1050_red-0070_local_blur_0.15,1,local_blur,0.15,-0.07104428112506866,0.8665669560432434
pixel_spectral_mean,esp_049651_1050_red-0070,esp_049651_1050,esp_049651_1050_red-0070_local_blur_0.3,1,local_blur,0.3,-0.07552298903465271,0.8665669560432434
pixel_spectral_mean,esp_049651_1050_red-0070,esp_049651_1050,esp_049651_1050_red-0070_local_blur_0.5,1,local_blur,0.5,-0.12966978549957275,0.8665669560432434
pixel_spectral_mean,esp_049651_1050_red-0070,esp_049651_1050,esp_049651_1050_red-0070_patch_duplication_0.15,1,patch_duplication,0.15,-0.05579216033220291,0.8665669560432434
pixel_spectral_mean,esp_049651_1050_red-0070,esp_049651_1050,esp_049651_1050_red-0070_patch_duplication_0.3,1,patch_duplication,0.3,-0.05029553920030594,0.8665669560432434
pixel_spectral_mean,esp_049651_1050_red-0070,esp_049651_1050,esp_049651_1050_red-0070_patch_duplication_0.5,1,patch_duplication,0.5,-0.316694051027298,0.8665669560432434
pixel_spectral_mean,esp_049651_1050_red-0070,esp_049651_1050,esp_049651_1050_red-0070_foreign_content_0.15,1,foreign_content,0.15,0.08269137144088745,0.8665669560432434
pixel_spectral_mean,esp_049651_1050_red-0070,esp_049651_1050,esp_049651_1050_red-0070_foreign_content_0.3,1,foreign_content,0.3,-0.04360674321651459,0.8665669560432434
pixel_spectral_mean,esp_049651_1050_red-0070,esp_049651_1050,esp_049651_1050_red-0070_foreign_content_0.5,1,foreign_content,0.5,0.022836722433567047,0.8665669560432434
pixel_spectral_mean,psp_006766_1850_red-0101,psp_006766_1850,psp_006766_1850_red-0101_clean,0,clean,0.0,0.05244995653629303,0.8665669560432434
pixel_spectral_mean,psp_006766_1850_red-0101,psp_006766_1850,psp_006766_1850_red-0101_stripes_0.15,1,stripes,0.15,2.0092921257019043,0.8665669560432434
pixel_spectral_mean,psp_006766_1850_red-0101,psp_006766_1850,psp_006766_1850_red-0101_stripes_0.3,1,stripes,0.3,2.0908350944519043,0.8665669560432434
pixel_spectral_mean,psp_006766_1850_red-0101,psp_006766_1850,psp_006766_1850_red-0101_stripes_0.5,1,stripes,0.5,2.0905332565307617,0.8665669560432434
pixel_spectral_mean,psp_006766_1850_red-0101,psp_006766_1850,psp_006766_1850_red-0101_dead_pixels_0.15,1,dead_pixels,0.15,2.477759599685669,0.8665669560432434
pixel_spectral_mean,psp_006766_1850_red-0101,psp_006766_1850,psp_006766_1850_red-0101_dead_pixels_0.3,1,dead_pixels,0.3,3.294360637664795,0.8665669560432434
pixel_spectral_mean,psp_006766_1850_red-0101,psp_006766_1850,psp_006766_1850_red-0101_dead_pixels_0.5,1,dead_pixels,0.5,3.945281505584717,0.8665669560432434
pixel_spectral_mean,psp_006766_1850_red-0101,psp_006766_1850,psp_006766_1850_red-0101_missing_patch_0.15,1,missing_patch,0.15,0.37834736704826355,0.8665669560432434
pixel_spectral_mean,psp_006766_1850_red-0101,psp_006766_1850,psp_006766_1850_red-0101_missing_patch_0.3,1,missing_patch,0.3,0.37247973680496216,0.8665669560432434
pixel_spectral_mean,psp_006766_1850_red-0101,psp_006766_1850,psp_006766_1850_red-0101_missing_patch_0.5,1,missing_patch,0.5,0.6436943411827087,0.8665669560432434
pixel_spectral_mean,psp_006766_1850_red-0101,psp_006766_1850,psp_006766_1850_red-0101_local_blur_0.15,1,local_blur,0.15,-0.027731135487556458,0.8665669560432434
pixel_spectral_mean,psp_006766_1850_red-0101,psp_006766_1850,psp_006766_1850_red-0101_local_blur_0.3,1,local_blur,0.3,-0.024562880396842957,0.8665669560432434
pixel_spectral_mean,psp_006766_1850_red-0101,psp_006766_1850,psp_006766_1850_red-0101_local_blur_0.5,1,local_blur,0.5,-0.029930278658866882,0.8665669560432434
pixel_spectral_mean,psp_006766_1850_red-0101,psp_006766_1850,psp_006766_1850_red-0101_patch_duplication_0.15,1,patch_duplication,0.15,0.03624469041824341,0.8665669560432434
pixel_spectral_mean,psp_006766_1850_red-0101,psp_006766_1850,psp_006766_1850_red-0101_patch_duplication_0.3,1,patch_duplication,0.3,0.035352274775505066,0.8665669560432434
pixel_spectral_mean,psp_006766_1850_red-0101,psp_006766_1850,psp_006766_1850_red-0101_patch_duplication_0.5,1,patch_duplication,0.5,0.027399003505706787,0.8665669560432434
pixel_spectral_mean,psp_006766_1850_red-0101,psp_006766_1850,psp_006766_1850_red-0101_foreign_content_0.15,1,foreign_content,0.15,-0.06451410055160522,0.8665669560432434
pixel_spectral_mean,psp_006766_1850_red-0101,psp_006766_1850,psp_006766_1850_red-0101_foreign_content_0.3,1,foreign_content,0.3,0.30316224694252014,0.8665669560432434
pixel_spectral_mean,psp_006766_1850_red-0101,psp_006766_1850,psp_006766_1850_red-0101_foreign_content_0.5,1,foreign_content,0.5,0.1602606326341629,0.8665669560432434
pixel_spectral_mean,esp_016148_2040_red-0097,esp_016148_2040,esp_016148_2040_red-0097_clean,0,clean,0.0,0.07739926874637604,0.8665669560432434
pixel_spectral_mean,esp_016148_2040_red-0097,esp_016148_2040,esp_016148_2040_red-0097_stripes_0.15,1,stripes,0.15,1.3110321760177612,0.8665669560432434
pixel_spectral_mean,esp_016148_2040_red-0097,esp_016148_2040,esp_016148_2040_red-0097_stripes_0.3,1,stripes,0.3,1.3921146392822266,0.8665669560432434
pixel_spectral_mean,esp_016148_2040_red-0097,esp_016148_2040,esp_016148_2040_red-0097_stripes_0.5,1,stripes,0.5,1.4236042499542236,0.8665669560432434
pixel_spectral_mean,esp_016148_2040_red-0097,esp_016148_2040,esp_016148_2040_red-0097_dead_pixels_0.15,1,dead_pixels,0.15,2.369084596633911,0.8665669560432434
pixel_spectral_mean,esp_016148_2040_red-0097,esp_016148_2040,esp_016148_2040_red-0097_dead_pixels_0.3,1,dead_pixels,0.3,3.6907317638397217,0.8665669560432434
pixel_spectral_mean,esp_016148_2040_red-0097,esp_016148_2040,esp_016148_2040_red-0097_dead_pixels_0.5,1,dead_pixels,0.5,4.598623275756836,0.8665669560432434
pixel_spectral_mean,esp_016148_2040_red-0097,esp_016148_2040,esp_016148_2040_red-0097_missing_patch_0.15,1,missing_patch,0.15,0.7343291640281677,0.8665669560432434
pixel_spectral_mean,esp_016148_2040_red-0097,esp_016148_2040,esp_016148_2040_red-0097_missing_patch_0.3,1,missing_patch,0.3,0.3539935052394867,0.8665669560432434
pixel_spectral_mean,esp_016148_2040_red-0097,esp_016148_2040,esp_016148_2040_red-0097_missing_patch_0.5,1,missing_patch,0.5,0.15561699867248535,0.8665669560432434
pixel_spectral_mean,esp_016148_2040_red-0097,esp_016148_2040,esp_016148_2040_red-0097_local_blur_0.15,1,local_blur,0.15,0.05396442115306854,0.8665669560432434
pixel_spectral_mean,esp_016148_2040_red-0097,esp_016148_2040,esp_016148_2040_red-0097_local_blur_0.3,1,local_blur,0.3,0.03942275047302246,0.8665669560432434
pixel_spectral_mean,esp_016148_2040_red-0097,esp_016148_2040,esp_016148_2040_red-0097_local_blur_0.5,1,local_blur,0.5,0.011294662952423096,0.8665669560432434
pixel_spectral_mean,esp_016148_2040_red-0097,esp_016148_2040,esp_016148_2040_red-0097_patch_duplication_0.15,1,patch_duplication,0.15,0.08557449281215668,0.8665669560432434
pixel_spectral_mean,esp_016148_2040_red-0097,esp_016148_2040,esp_016148_2040_red-0097_patch_duplication_0.3,1,patch_duplication,0.3,0.10588845610618591,0.8665669560432434
pixel_spectral_mean,esp_016148_2040_red-0097,esp_016148_2040,esp_016148_2040_red-0097_patch_duplication_0.5,1,patch_duplication,0.5,0.1515394002199173,0.8665669560432434
pixel_spectral_mean,esp_016148_2040_red-0097,esp_016148_2040,esp_016148_2040_red-0097_foreign_content_0.15,1,foreign_content,0.15,0.19898399710655212,0.8665669560432434
pixel_spectral_mean,esp_016148_2040_red-0097,esp_016148_2040,esp_016148_2040_red-0097_foreign_content_0.3,1,foreign_content,0.3,0.2435646802186966,0.8665669560432434
pixel_spectral_mean,esp_016148_2040_red-0097,esp_016148_2040,esp_016148_2040_red-0097_foreign_content_0.5,1,foreign_content,0.5,-0.1519051343202591,0.8665669560432434
pixel_spectral_mean,esp_011716_0940_red-0008,esp_011716_0940,esp_011716_0940_red-0008_clean,0,clean,0.0,-0.2923084497451782,0.8665669560432434
pixel_spectral_mean,esp_011716_0940_red-0008,esp_011716_0940,esp_011716_0940_red-0008_stripes_0.15,1,stripes,0.15,1.503037691116333,0.8665669560432434
pixel_spectral_mean,esp_011716_0940_red-0008,esp_011716_0940,esp_011716_0940_red-0008_stripes_0.3,1,stripes,0.3,1.7049131393432617,0.8665669560432434
pixel_spectral_mean,esp_011716_0940_red-0008,esp_011716_0940,esp_011716_0940_red-0008_stripes_0.5,1,stripes,0.5,1.7614738941192627,0.8665669560432434
pixel_spectral_mean,esp_011716_0940_red-0008,esp_011716_0940,esp_011716_0940_red-0008_dead_pixels_0.15,1,dead_pixels,0.15,1.4311977624893188,0.8665669560432434
pixel_spectral_mean,esp_011716_0940_red-0008,esp_011716_0940,esp_011716_0940_red-0008_dead_pixels_0.3,1,dead_pixels,0.3,2.2210052013397217,0.8665669560432434
pixel_spectral_mean,esp_011716_0940_red-0008,esp_011716_0940,esp_011716_0940_red-0008_dead_pixels_0.5,1,dead_pixels,0.5,3.5431859493255615,0.8665669560432434
pixel_spectral_mean,esp_011716_0940_red-0008,esp_011716_0940,esp_011716_0940_red-0008_missing_patch_0.15,1,missing_patch,0.15,-0.2830522060394287,0.8665669560432434
pixel_spectral_mean,esp_011716_0940_red-0008,esp_011716_0940,esp_011716_0940_red-0008_missing_patch_0.3,1,missing_patch,0.3,-0.20359152555465698,0.8665669560432434
pixel_spectral_mean,esp_011716_0940_red-0008,esp_011716_0940,esp_011716_0940_red-0008_missing_patch_0.5,1,missing_patch,0.5,-0.04639393836259842,0.8665669560432434
pixel_spectral_mean,esp_011716_0940_red-0008,esp_011716_0940,esp_011716_0940_red-0008_local_blur_0.15,1,local_blur,0.15,-0.36323490738868713,0.8665669560432434
pixel_spectral_mean,esp_011716_0940_red-0008,esp_011716_0940,esp_011716_0940_red-0008_local_blur_0.3,1,local_blur,0.3,-0.534993052482605,0.8665669560432434
pixel_spectral_mean,esp_011716_0940_red-0008,esp_011716_0940,esp_011716_0940_red-0008_local_blur_0.5,1,local_blur,0.5,-0.5450929999351501,0.8665669560432434
pixel_spectral_mean,esp_011716_0940_red-0008,esp_011716_0940,esp_011716_0940_red-0008_patch_duplication_0.15,1,patch_duplication,0.15,-0.2778029441833496,0.8665669560432434
pixel_spectral_mean,esp_011716_0940_red-0008,esp_011716_0940,esp_011716_0940_red-0008_patch_duplication_0.3,1,patch_duplication,0.3,-0.3254907429218292,0.8665669560432434
pixel_spectral_mean,esp_011716_0940_red-0008,esp_011716_0940,esp_011716_0940_red-0008_patch_duplication_0.5,1,patch_duplication,0.5,-0.07635892927646637,0.8665669560432434
pixel_spectral_mean,esp_011716_0940_red-0008,esp_011716_0940,esp_011716_0940_red-0008_foreign_content_0.15,1,foreign_content,0.15,-0.31231027841567993,0.8665669560432434
pixel_spectral_mean,esp_011716_0940_red-0008,esp_011716_0940,esp_011716_0940_red-0008_foreign_content_0.3,1,foreign_content,0.3,-0.1062057763338089,0.8665669560432434
pixel_spectral_mean,esp_011716_0940_red-0008,esp_011716_0940,esp_011716_0940_red-0008_foreign_content_0.5,1,foreign_content,0.5,-0.11551602929830551,0.8665669560432434
pixel_spectral_mean,esp_013141_2105_red-0004,esp_013141_2105,esp_013141_2105_red-0004_clean,0,clean,0.0,-1.2007086277008057,0.8665669560432434
pixel_spectral_mean,esp_013141_2105_red-0004,esp_013141_2105,esp_013141_2105_red-0004_stripes_0.15,1,stripes,0.15,1.4920967817306519,0.8665669560432434
pixel_spectral_mean,esp_013141_2105_red-0004,esp_013141_2105,esp_013141_2105_red-0004_stripes_0.3,1,stripes,0.3,1.7477790117263794,0.8665669560432434
pixel_spectral_mean,esp_013141_2105_red-0004,esp_013141_2105,esp_013141_2105_red-0004_stripes_0.5,1,stripes,0.5,1.84316885471344,0.8665669560432434
pixel_spectral_mean,esp_013141_2105_red-0004,esp_013141_2105,esp_013141_2105_red-0004_dead_pixels_0.15,1,dead_pixels,0.15,3.116288185119629,0.8665669560432434
pixel_spectral_mean,esp_013141_2105_red-0004,esp_013141_2105,esp_013141_2105_red-0004_dead_pixels_0.3,1,dead_pixels,0.3,4.009096622467041,0.8665669560432434
pixel_spectral_mean,esp_013141_2105_red-0004,esp_013141_2105,esp_013141_2105_red-0004_dead_pixels_0.5,1,dead_pixels,0.5,5.003642559051514,0.8665669560432434
pixel_spectral_mean,esp_013141_2105_red-0004,esp_013141_2105,esp_013141_2105_red-0004_missing_patch_0.15,1,missing_patch,0.15,-0.1726248860359192,0.8665669560432434
pixel_spectral_mean,esp_013141_2105_red-0004,esp_013141_2105,esp_013141_2105_red-0004_missing_patch_0.3,1,missing_patch,0.3,0.05232691764831543,0.8665669560432434
pixel_spectral_mean,esp_013141_2105_red-0004,esp_013141_2105,esp_013141_2105_red-0004_missing_patch_0.5,1,missing_patch,0.5,0.01501348614692688,0.8665669560432434
pixel_spectral_mean,esp_013141_2105_red-0004,esp_013141_2105,esp_013141_2105_red-0004_local_blur_0.15,1,local_blur,0.15,-1.2118266820907593,0.8665669560432434
pixel_spectral_mean,esp_013141_2105_red-0004,esp_013141_2105,esp_013141_2105_red-0004_local_blur_0.3,1,local_blur,0.3,-1.2100415229797363,0.8665669560432434
pixel_spectral_mean,esp_013141_2105_red-0004,esp_013141_2105,esp_013141_2105_red-0004_local_blur_0.5,1,local_blur,0.5,-1.212491512298584,0.8665669560432434
pixel_spectral_mean,esp_013141_2105_red-0004,esp_013141_2105,esp_013141_2105_red-0004_patch_duplication_0.15,1,patch_duplication,0.15,-1.2086665630340576,0.8665669560432434
pixel_spectral_mean,esp_013141_2105_red-0004,esp_013141_2105,esp_013141_2105_red-0004_patch_duplication_0.3,1,patch_duplication,0.3,-1.1645102500915527,0.8665669560432434
pixel_spectral_mean,esp_013141_2105_red-0004,esp_013141_2105,esp_013141_2105_red-0004_patch_duplication_0.5,1,patch_duplication,0.5,-0.9907230138778687,0.8665669560432434
pixel_spectral_mean,esp_013141_2105_red-0004,esp_013141_2105,esp_013141_2105_red-0004_foreign_content_0.15,1,foreign_content,0.15,-1.008887529373169,0.8665669560432434
pixel_spectral_mean,esp_013141_2105_red-0004,esp_013141_2105,esp_013141_2105_red-0004_foreign_content_0.3,1,foreign_content,0.3,-0.8503420352935791,0.8665669560432434
pixel_spectral_mean,esp_013141_2105_red-0004,esp_013141_2105,esp_013141_2105_red-0004_foreign_content_0.5,1,foreign_content,0.5,-0.2703399956226349,0.8665669560432434
pixel_spectral_mean,esp_016613_2570_red-0043,esp_016613_2570,esp_016613_2570_red-0043_clean,0,clean,0.0,0.772667407989502,0.8665669560432434
pixel_spectral_mean,esp_016613_2570_red-0043,esp_016613_2570,esp_016613_2570_red-0043_stripes_0.15,1,stripes,0.15,1.8066247701644897,0.8665669560432434
pixel_spectral_mean,esp_016613_2570_red-0043,esp_016613_2570,esp_016613_2570_red-0043_stripes_0.3,1,stripes,0.3,2.1966936588287354,0.8665669560432434
pixel_spectral_mean,esp_016613_2570_red-0043,esp_016613_2570,esp_016613_2570_red-0043_stripes_0.5,1,stripes,0.5,2.5132625102996826,0.8665669560432434
pixel_spectral_mean,esp_016613_2570_red-0043,esp_016613_2570,esp_016613_2570_red-0043_dead_pixels_0.15,1,dead_pixels,0.15,1.5926547050476074,0.8665669560432434
pixel_spectral_mean,esp_016613_2570_red-0043,esp_016613_2570,esp_016613_2570_red-0043_dead_pixels_0.3,1,dead_pixels,0.3,2.229713201522827,0.8665669560432434
pixel_spectral_mean,esp_016613_2570_red-0043,esp_016613_2570,esp_016613_2570_red-0043_dead_pixels_0.5,1,dead_pixels,0.5,3.657482624053955,0.8665669560432434
pixel_spectral_mean,esp_016613_2570_red-0043,esp_016613_2570,esp_016613_2570_red-0043_missing_patch_0.15,1,missing_patch,0.15,1.0412747859954834,0.8665669560432434
pixel_spectral_mean,esp_016613_2570_red-0043,esp_016613_2570,esp_016613_2570_red-0043_missing_patch_0.3,1,missing_patch,0.3,0.5193941593170166,0.8665669560432434
pixel_spectral_mean,esp_016613_2570_red-0043,esp_016613_2570,esp_016613_2570_red-0043_missing_patch_0.5,1,missing_patch,0.5,0.4106636941432953,0.8665669560432434
pixel_spectral_mean,esp_016613_2570_red-0043,esp_016613_2570,esp_016613_2570_red-0043_local_blur_0.15,1,local_blur,0.15,0.768756091594696,0.8665669560432434
pixel_spectral_mean,esp_016613_2570_red-0043,esp_016613_2570,esp_016613_2570_red-0043_local_blur_0.3,1,local_blur,0.3,0.7716317176818848,0.8665669560432434
pixel_spectral_mean,esp_016613_2570_red-0043,esp_016613_2570,esp_016613_2570_red-0043_local_blur_0.5,1,local_blur,0.5,0.6160792708396912,0.8665669560432434
pixel_spectral_mean,esp_016613_2570_red-0043,esp_016613_2570,esp_016613_2570_red-0043_patch_duplication_0.15,1,patch_duplication,0.15,0.7475682497024536,0.8665669560432434
pixel_spectral_mean,esp_016613_2570_red-0043,esp_016613_2570,esp_016613_2570_red-0043_patch_duplication_0.3,1,patch_duplication,0.3,0.8638218641281128,0.8665669560432434
pixel_spectral_mean,esp_016613_2570_red-0043,esp_016613_2570,esp_016613_2570_red-0043_patch_duplication_0.5,1,patch_duplication,0.5,0.6243634223937988,0.8665669560432434
pixel_spectral_mean,esp_016613_2570_red-0043,esp_016613_2570,esp_016613_2570_red-0043_foreign_content_0.15,1,foreign_content,0.15,0.7902644872665405,0.8665669560432434
pixel_spectral_mean,esp_016613_2570_red-0043,esp_016613_2570,esp_016613_2570_red-0043_foreign_content_0.3,1,foreign_content,0.3,0.8217130899429321,0.8665669560432434
pixel_spectral_mean,esp_016613_2570_red-0043,esp_016613_2570,esp_016613_2570_red-0043_foreign_content_0.5,1,foreign_content,0.5,0.8433113694190979,0.8665669560432434
pixel_spectral_mean,esp_017395_1700_red-0049,esp_017395_1700,esp_017395_1700_red-0049_clean,0,clean,0.0,-0.48984038829803467,0.8665669560432434
pixel_spectral_mean,esp_017395_1700_red-0049,esp_017395_1700,esp_017395_1700_red-0049_stripes_0.15,1,stripes,0.15,1.687683343887329,0.8665669560432434
pixel_spectral_mean,esp_017395_1700_red-0049,esp_017395_1700,esp_017395_1700_red-0049_stripes_0.3,1,stripes,0.3,1.7163002490997314,0.8665669560432434
pixel_spectral_mean,esp_017395_1700_red-0049,esp_017395_1700,esp_017395_1700_red-0049_stripes_0.5,1,stripes,0.5,1.573710560798645,0.8665669560432434
pixel_spectral_mean,esp_017395_1700_red-0049,esp_017395_1700,esp_017395_1700_red-0049_dead_pixels_0.15,1,dead_pixels,0.15,2.356886863708496,0.8665669560432434
pixel_spectral_mean,esp_017395_1700_red-0049,esp_017395_1700,esp_017395_1700_red-0049_dead_pixels_0.3,1,dead_pixels,0.3,4.103573322296143,0.8665669560432434
pixel_spectral_mean,esp_017395_1700_red-0049,esp_017395_1700,esp_017395_1700_red-0049_dead_pixels_0.5,1,dead_pixels,0.5,4.6215667724609375,0.8665669560432434
pixel_spectral_mean,esp_017395_1700_red-0049,esp_017395_1700,esp_017395_1700_red-0049_missing_patch_0.15,1,missing_patch,0.15,-0.36104533076286316,0.8665669560432434
pixel_spectral_mean,esp_017395_1700_red-0049,esp_017395_1700,esp_017395_1700_red-0049_missing_patch_0.3,1,missing_patch,0.3,0.06497464329004288,0.8665669560432434
pixel_spectral_mean,esp_017395_1700_red-0049,esp_017395_1700,esp_017395_1700_red-0049_missing_patch_0.5,1,missing_patch,0.5,-0.013887938112020493,0.8665669560432434
pixel_spectral_mean,esp_017395_1700_red-0049,esp_017395_1700,esp_017395_1700_red-0049_local_blur_0.15,1,local_blur,0.15,-0.5062581300735474,0.8665669560432434
pixel_spectral_mean,esp_017395_1700_red-0049,esp_017395_1700,esp_017395_1700_red-0049_local_blur_0.3,1,local_blur,0.3,-0.5213714838027954,0.8665669560432434
pixel_spectral_mean,esp_017395_1700_red-0049,esp_017395_1700,esp_017395_1700_red-0049_local_blur_0.5,1,local_blur,0.5,-0.5961662530899048,0.8665669560432434
pixel_spectral_mean,esp_017395_1700_red-0049,esp_017395_1700,esp_017395_1700_red-0049_patch_duplication_0.15,1,patch_duplication,0.15,-0.49994829297065735,0.8665669560432434
pixel_spectral_mean,esp_017395_1700_red-0049,esp_017395_1700,esp_017395_1700_red-0049_patch_duplication_0.3,1,patch_duplication,0.3,-0.48605841398239136,0.8665669560432434
pixel_spectral_mean,esp_017395_1700_red-0049,esp_017395_1700,esp_017395_1700_red-0049_patch_duplication_0.5,1,patch_duplication,0.5,-0.5263135433197021,0.8665669560432434
pixel_spectral_mean,esp_017395_1700_red-0049,esp_017395_1700,esp_017395_1700_red-0049_foreign_content_0.15,1,foreign_content,0.15,-0.3508393168449402,0.8665669560432434
pixel_spectral_mean,esp_017395_1700_red-0049,esp_017395_1700,esp_017395_1700_red-0049_foreign_content_0.3,1,foreign_content,0.3,-0.24218657612800598,0.8665669560432434
pixel_spectral_mean,esp_017395_1700_red-0049,esp_017395_1700,esp_017395_1700_red-0049_foreign_content_0.5,1,foreign_content,0.5,-0.3521849811077118,0.8665669560432434
pixel_spectral_mean,esp_012588_0930_red-0008,esp_012588_0930,esp_012588_0930_red-0008_clean,0,clean,0.0,1.3334506750106812,0.8665669560432434
pixel_spectral_mean,esp_012588_0930_red-0008,esp_012588_0930,esp_012588_0930_red-0008_stripes_0.15,1,stripes,0.15,2.6107306480407715,0.8665669560432434
pixel_spectral_mean,esp_012588_0930_red-0008,esp_012588_0930,esp_012588_0930_red-0008_stripes_0.3,1,stripes,0.3,2.6103618144989014,0.8665669560432434
pixel_spectral_mean,esp_012588_0930_red-0008,esp_012588_0930,esp_012588_0930_red-0008_stripes_0.5,1,stripes,0.5,2.302844524383545,0.8665669560432434
pixel_spectral_mean,esp_012588_0930_red-0008,esp_012588_0930,esp_012588_0930_red-0008_dead_pixels_0.15,1,dead_pixels,0.15,3.857267141342163,0.8665669560432434
pixel_spectral_mean,esp_012588_0930_red-0008,esp_012588_0930,esp_012588_0930_red-0008_dead_pixels_0.3,1,dead_pixels,0.3,4.253145694732666,0.8665669560432434
pixel_spectral_mean,esp_012588_0930_red-0008,esp_012588_0930,esp_012588_0930_red-0008_dead_pixels_0.5,1,dead_pixels,0.5,4.359045028686523,0.8665669560432434
pixel_spectral_mean,esp_012588_0930_red-0008,esp_012588_0930,esp_012588_0930_red-0008_missing_patch_0.15,1,missing_patch,0.15,1.3844298124313354,0.8665669560432434
pixel_spectral_mean,esp_012588_0930_red-0008,esp_012588_0930,esp_012588_0930_red-0008_missing_patch_0.3,1,missing_patch,0.3,1.0943222045898438,0.8665669560432434
pixel_spectral_mean,esp_012588_0930_red-0008,esp_012588_0930,esp_012588_0930_red-0008_missing_patch_0.5,1,missing_patch,0.5,0.843529999256134,0.8665669560432434
pixel_spectral_mean,esp_012588_0930_red-0008,esp_012588_0930,esp_012588_0930_red-0008_local_blur_0.15,1,local_blur,0.15,1.2837556600570679,0.8665669560432434
pixel_spectral_mean,esp_012588_0930_red-0008,esp_012588_0930,esp_012588_0930_red-0008_local_blur_0.3,1,local_blur,0.3,1.2612760066986084,0.8665669560432434
pixel_spectral_mean,esp_012588_0930_red-0008,esp_012588_0930,esp_012588_0930_red-0008_local_blur_0.5,1,local_blur,0.5,1.2964158058166504,0.8665669560432434
pixel_spectral_mean,esp_012588_0930_red-0008,esp_012588_0930,esp_012588_0930_red-0008_patch_duplication_0.15,1,patch_duplication,0.15,1.3978922367095947,0.8665669560432434
pixel_spectral_mean,esp_012588_0930_red-0008,esp_012588_0930,esp_012588_0930_red-0008_patch_duplication_0.3,1,patch_duplication,0.3,1.348449468612671,0.8665669560432434
pixel_spectral_mean,esp_012588_0930_red-0008,esp_012588_0930,esp_012588_0930_red-0008_patch_duplication_0.5,1,patch_duplication,0.5,1.375190258026123,0.8665669560432434
pixel_spectral_mean,esp_012588_0930_red-0008,esp_012588_0930,esp_012588_0930_red-0008_foreign_content_0.15,1,foreign_content,0.15,1.2988901138305664,0.8665669560432434
pixel_spectral_mean,esp_012588_0930_red-0008,esp_012588_0930,esp_012588_0930_red-0008_foreign_content_0.3,1,foreign_content,0.3,1.3311583995819092,0.8665669560432434
pixel_spectral_mean,esp_012588_0930_red-0008,esp_012588_0930,esp_012588_0930_red-0008_foreign_content_0.5,1,foreign_content,0.5,1.2028288841247559,0.8665669560432434
pixel_spectral_mean,esp_049651_1050_red-0030,esp_049651_1050,esp_049651_1050_red-0030_clean,0,clean,0.0,0.2553974688053131,0.8665669560432434
pixel_spectral_mean,esp_049651_1050_red-0030,esp_049651_1050,esp_049651_1050_red-0030_stripes_0.15,1,stripes,0.15,1.904327392578125,0.8665669560432434
pixel_spectral_mean,esp_049651_1050_red-0030,esp_049651_1050,esp_049651_1050_red-0030_stripes_0.3,1,stripes,0.3,2.2347593307495117,0.8665669560432434
pixel_spectral_mean,esp_049651_1050_red-0030,esp_049651_1050,esp_049651_1050_red-0030_stripes_0.5,1,stripes,0.5,2.4323678016662598,0.8665669560432434
pixel_spectral_mean,esp_049651_1050_red-0030,esp_049651_1050,esp_049651_1050_red-0030_dead_pixels_0.15,1,dead_pixels,0.15,2.243588447570801,0.8665669560432434
pixel_spectral_mean,esp_049651_1050_red-0030,esp_049651_1050,esp_049651_1050_red-0030_dead_pixels_0.3,1,dead_pixels,0.3,2.757552146911621,0.8665669560432434
pixel_spectral_mean,esp_049651_1050_red-0030,esp_049651_1050,esp_049651_1050_red-0030_dead_pixels_0.5,1,dead_pixels,0.5,3.9282121658325195,0.8665669560432434
pixel_spectral_mean,esp_049651_1050_red-0030,esp_049651_1050,esp_049651_1050_red-0030_missing_patch_0.15,1,missing_patch,0.15,0.19078993797302246,0.8665669560432434
pixel_spectral_mean,esp_049651_1050_red-0030,esp_049651_1050,esp_049651_1050_red-0030_missing_patch_0.3,1,missing_patch,0.3,0.45528876781463623,0.8665669560432434
pixel_spectral_mean,esp_049651_1050_red-0030,esp_049651_1050,esp_049651_1050_red-0030_missing_patch_0.5,1,missing_patch,0.5,0.37468421459198,0.8665669560432434
pixel_spectral_mean,esp_049651_1050_red-0030,esp_049651_1050,esp_049651_1050_red-0030_local_blur_0.15,1,local_blur,0.15,0.2518320381641388,0.8665669560432434
pixel_spectral_mean,esp_049651_1050_red-0030,esp_049651_1050,esp_049651_1050_red-0030_local_blur_0.3,1,local_blur,0.3,0.24567341804504395,0.8665669560432434
pixel_spectral_mean,esp_049651_1050_red-0030,esp_049651_1050,esp_049651_1050_red-0030_local_blur_0.5,1,local_blur,0.5,0.1299256533384323,0.8665669560432434
pixel_spectral_mean,esp_049651_1050_red-0030,esp_049651_1050,esp_049651_1050_red-0030_patch_duplication_0.15,1,patch_duplication,0.15,0.2614346146583557,0.8665669560432434
pixel_spectral_mean,esp_049651_1050_red-0030,esp_049651_1050,esp_049651_1050_red-0030_patch_duplication_0.3,1,patch_duplication,0.3,0.18095161020755768,0.8665669560432434
pixel_spectral_mean,esp_049651_1050_red-0030,esp_049651_1050,esp_049651_1050_red-0030_patch_duplication_0.5,1,patch_duplication,0.5,0.48978957533836365,0.8665669560432434
pixel_spectral_mean,esp_049651_1050_red-0030,esp_049651_1050,esp_049651_1050_red-0030_foreign_content_0.15,1,foreign_content,0.15,0.22758343815803528,0.8665669560432434
pixel_spectral_mean,esp_049651_1050_red-0030,esp_049651_1050,esp_049651_1050_red-0030_foreign_content_0.3,1,foreign_content,0.3,0.46607348322868347,0.8665669560432434
pixel_spectral_mean,esp_049651_1050_red-0030,esp_049651_1050,esp_049651_1050_red-0030_foreign_content_0.5,1,foreign_content,0.5,0.1983046978712082,0.8665669560432434
pixel_spectral_max,esp_020133_1720_red-0022,esp_020133_1720,esp_020133_1720_red-0022_clean,0,clean,0.0,-0.5663192272186279,1.4081463813781738
pixel_spectral_max,esp_020133_1720_red-0022,esp_020133_1720,esp_020133_1720_red-0022_stripes_0.15,1,stripes,0.15,3.753504753112793,1.4081463813781738
pixel_spectral_max,esp_020133_1720_red-0022,esp_020133_1720,esp_020133_1720_red-0022_stripes_0.3,1,stripes,0.3,4.304048538208008,1.4081463813781738
pixel_spectral_max,esp_020133_1720_red-0022,esp_020133_1720,esp_020133_1720_red-0022_stripes_0.5,1,stripes,0.5,4.55451774597168,1.4081463813781738
pixel_spectral_max,esp_020133_1720_red-0022,esp_020133_1720,esp_020133_1720_red-0022_dead_pixels_0.15,1,dead_pixels,0.15,4.864502906799316,1.4081463813781738
pixel_spectral_max,esp_020133_1720_red-0022,esp_020133_1720,esp_020133_1720_red-0022_dead_pixels_0.3,1,dead_pixels,0.3,6.880460262298584,1.4081463813781738
pixel_spectral_max,esp_020133_1720_red-0022,esp_020133_1720,esp_020133_1720_red-0022_dead_pixels_0.5,1,dead_pixels,0.5,7.015256404876709,1.4081463813781738
pixel_spectral_max,esp_020133_1720_red-0022,esp_020133_1720,esp_020133_1720_red-0022_missing_patch_0.15,1,missing_patch,0.15,0.20868463814258575,1.4081463813781738
pixel_spectral_max,esp_020133_1720_red-0022,esp_020133_1720,esp_020133_1720_red-0022_missing_patch_0.3,1,missing_patch,0.3,0.5448533892631531,1.4081463813781738
pixel_spectral_max,esp_020133_1720_red-0022,esp_020133_1720,esp_020133_1720_red-0022_missing_patch_0.5,1,missing_patch,0.5,0.19018565118312836,1.4081463813781738
pixel_spectral_max,esp_020133_1720_red-0022,esp_020133_1720,esp_020133_1720_red-0022_local_blur_0.15,1,local_blur,0.15,-0.5661396384239197,1.4081463813781738
pixel_spectral_max,esp_020133_1720_red-0022,esp_020133_1720,esp_020133_1720_red-0022_local_blur_0.3,1,local_blur,0.3,-0.580805242061615,1.4081463813781738
pixel_spectral_max,esp_020133_1720_red-0022,esp_020133_1720,esp_020133_1720_red-0022_local_blur_0.5,1,local_blur,0.5,-0.6040143966674805,1.4081463813781738
pixel_spectral_max,esp_020133_1720_red-0022,esp_020133_1720,esp_020133_1720_red-0022_patch_duplication_0.15,1,patch_duplication,0.15,-0.5611104965209961,1.4081463813781738
pixel_spectral_max,esp_020133_1720_red-0022,esp_020133_1720,esp_020133_1720_red-0022_patch_duplication_0.3,1,patch_duplication,0.3,-0.5590556263923645,1.4081463813781738
pixel_spectral_max,esp_020133_1720_red-0022,esp_020133_1720,esp_020133_1720_red-0022_patch_duplication_0.5,1,patch_duplication,0.5,-0.5239324569702148,1.4081463813781738
pixel_spectral_max,esp_020133_1720_red-0022,esp_020133_1720,esp_020133_1720_red-0022_foreign_content_0.15,1,foreign_content,0.15,-0.5234426259994507,1.4081463813781738
pixel_spectral_max,esp_020133_1720_red-0022,esp_020133_1720,esp_020133_1720_red-0022_foreign_content_0.3,1,foreign_content,0.3,-0.3695615530014038,1.4081463813781738
pixel_spectral_max,esp_020133_1720_red-0022,esp_020133_1720,esp_020133_1720_red-0022_foreign_content_0.5,1,foreign_content,0.5,0.03978970646858215,1.4081463813781738
pixel_spectral_max,psp_006766_1850_red-0037,psp_006766_1850,psp_006766_1850_red-0037_clean,0,clean,0.0,1.8335905075073242,1.4081463813781738
pixel_spectral_max,psp_006766_1850_red-0037,psp_006766_1850,psp_006766_1850_red-0037_stripes_0.15,1,stripes,0.15,2.673250198364258,1.4081463813781738
pixel_spectral_max,psp_006766_1850_red-0037,psp_006766_1850,psp_006766_1850_red-0037_stripes_0.3,1,stripes,0.3,3.7991220951080322,1.4081463813781738
pixel_spectral_max,psp_006766_1850_red-0037,psp_006766_1850,psp_006766_1850_red-0037_stripes_0.5,1,stripes,0.5,4.408531188964844,1.4081463813781738
pixel_spectral_max,psp_006766_1850_red-0037,psp_006766_1850,psp_006766_1850_red-0037_dead_pixels_0.15,1,dead_pixels,0.15,5.402934551239014,1.4081463813781738
pixel_spectral_max,psp_006766_1850_red-0037,psp_006766_1850,psp_006766_1850_red-0037_dead_pixels_0.3,1,dead_pixels,0.3,6.328727722167969,1.4081463813781738
pixel_spectral_max,psp_006766_1850_red-0037,psp_006766_1850,psp_006766_1850_red-0037_dead_pixels_0.5,1,dead_pixels,0.5,7.425863265991211,1.4081463813781738
pixel_spectral_max,psp_006766_1850_red-0037,psp_006766_1850,psp_006766_1850_red-0037_missing_patch_0.15,1,missing_patch,0.15,1.737379789352417,1.4081463813781738
pixel_spectral_max,psp_006766_1850_red-0037,psp_006766_1850,psp_006766_1850_red-0037_missing_patch_0.3,1,missing_patch,0.3,1.6581459045410156,1.4081463813781738
pixel_spectral_max,psp_006766_1850_red-0037,psp_006766_1850,psp_006766_1850_red-0037_missing_patch_0.5,1,missing_patch,0.5,1.6355255842208862,1.4081463813781738
pixel_spectral_max,psp_006766_1850_red-0037,psp_006766_1850,psp_006766_1850_red-0037_local_blur_0.15,1,local_blur,0.15,1.8274644613265991,1.4081463813781738
pixel_spectral_max,psp_006766_1850_red-0037,psp_006766_1850,psp_006766_1850_red-0037_local_blur_0.3,1,local_blur,0.3,1.3901461362838745,1.4081463813781738
pixel_spectral_max,psp_006766_1850_red-0037,psp_006766_1850,psp_006766_1850_red-0037_local_blur_0.5,1,local_blur,0.5,1.3473570346832275,1.4081463813781738
pixel_spectral_max,psp_006766_1850_red-0037,psp_006766_1850,psp_006766_1850_red-0037_patch_duplication_0.15,1,patch_duplication,0.15,1.820798397064209,1.4081463813781738
pixel_spectral_max,psp_006766_1850_red-0037,psp_006766_1850,psp_006766_1850_red-0037_patch_duplication_0.3,1,patch_duplication,0.3,1.7952731847763062,1.4081463813781738
pixel_spectral_max,psp_006766_1850_red-0037,psp_006766_1850,psp_006766_1850_red-0037_patch_duplication_0.5,1,patch_duplication,0.5,1.764946699142456,1.4081463813781738
pixel_spectral_max,psp_006766_1850_red-0037,psp_006766_1850,psp_006766_1850_red-0037_foreign_content_0.15,1,foreign_content,0.15,1.8026591539382935,1.4081463813781738
pixel_spectral_max,psp_006766_1850_red-0037,psp_006766_1850,psp_006766_1850_red-0037_foreign_content_0.3,1,foreign_content,0.3,1.731698751449585,1.4081463813781738
pixel_spectral_max,psp_006766_1850_red-0037,psp_006766_1850,psp_006766_1850_red-0037_foreign_content_0.5,1,foreign_content,0.5,1.6423944234848022,1.4081463813781738
pixel_spectral_max,esp_019559_1390_red-0576,esp_019559_1390,esp_019559_1390_red-0576_clean,0,clean,0.0,0.4256705939769745,1.4081463813781738
pixel_spectral_max,esp_019559_1390_red-0576,esp_019559_1390,esp_019559_1390_red-0576_stripes_0.15,1,stripes,0.15,3.7594916820526123,1.4081463813781738
pixel_spectral_max,esp_019559_1390_red-0576,esp_019559_1390,esp_019559_1390_red-0576_stripes_0.3,1,stripes,0.3,3.7937097549438477,1.4081463813781738
pixel_spectral_max,esp_019559_1390_red-0576,esp_019559_1390,esp_019559_1390_red-0576_stripes_0.5,1,stripes,0.5,3.5484116077423096,1.4081463813781738
pixel_spectral_max,esp_019559_1390_red-0576,esp_019559_1390,esp_019559_1390_red-0576_dead_pixels_0.15,1,dead_pixels,0.15,6.785191535949707,1.4081463813781738
pixel_spectral_max,esp_019559_1390_red-0576,esp_019559_1390,esp_019559_1390_red-0576_dead_pixels_0.3,1,dead_pixels,0.3,8.812362670898438,1.4081463813781738
pixel_spectral_max,esp_019559_1390_red-0576,esp_019559_1390,esp_019559_1390_red-0576_dead_pixels_0.5,1,dead_pixels,0.5,8.732503890991211,1.4081463813781738
pixel_spectral_max,esp_019559_1390_red-0576,esp_019559_1390,esp_019559_1390_red-0576_missing_patch_0.15,1,missing_patch,0.15,0.8651421666145325,1.4081463813781738
pixel_spectral_max,esp_019559_1390_red-0576,esp_019559_1390,esp_019559_1390_red-0576_missing_patch_0.3,1,missing_patch,0.3,2.2101752758026123,1.4081463813781738
pixel_spectral_max,esp_019559_1390_red-0576,esp_019559_1390,esp_019559_1390_red-0576_missing_patch_0.5,1,missing_patch,0.5,0.5017836689949036,1.4081463813781738
pixel_spectral_max,esp_019559_1390_red-0576,esp_019559_1390,esp_019559_1390_red-0576_local_blur_0.15,1,local_blur,0.15,0.2911401689052582,1.4081463813781738
pixel_spectral_max,esp_019559_1390_red-0576,esp_019559_1390,esp_019559_1390_red-0576_local_blur_0.3,1,local_blur,0.3,0.23792769014835358,1.4081463813781738
pixel_spectral_max,esp_019559_1390_red-0576,esp_019559_1390,esp_019559_1390_red-0576_local_blur_0.5,1,local_blur,0.5,0.1981019228696823,1.4081463813781738
pixel_spectral_max,esp_019559_1390_red-0576,esp_019559_1390,esp_019559_1390_red-0576_patch_duplication_0.15,1,patch_duplication,0.15,0.4246670603752136,1.4081463813781738
pixel_spectral_max,esp_019559_1390_red-0576,esp_019559_1390,esp_019559_1390_red-0576_patch_duplication_0.3,1,patch_duplication,0.3,0.3964811861515045,1.4081463813781738
pixel_spectral_max,esp_019559_1390_red-0576,esp_019559_1390,esp_019559_1390_red-0576_patch_duplication_0.5,1,patch_duplication,0.5,0.34429123997688293,1.4081463813781738
pixel_spectral_max,esp_019559_1390_red-0576,esp_019559_1390,esp_019559_1390_red-0576_foreign_content_0.15,1,foreign_content,0.15,0.499954491853714,1.4081463813781738
pixel_spectral_max,esp_019559_1390_red-0576,esp_019559_1390,esp_019559_1390_red-0576_foreign_content_0.3,1,foreign_content,0.3,0.25911951065063477,1.4081463813781738
pixel_spectral_max,esp_019559_1390_red-0576,esp_019559_1390,esp_019559_1390_red-0576_foreign_content_0.5,1,foreign_content,0.5,0.22523796558380127,1.4081463813781738
pixel_spectral_max,esp_016781_2055_red-0188,esp_016781_2055,esp_016781_2055_red-0188_clean,0,clean,0.0,0.5769030451774597,1.4081463813781738
pixel_spectral_max,esp_016781_2055_red-0188,esp_016781_2055,esp_016781_2055_red-0188_stripes_0.15,1,stripes,0.15,2.7237584590911865,1.4081463813781738
pixel_spectral_max,esp_016781_2055_red-0188,esp_016781_2055,esp_016781_2055_red-0188_stripes_0.3,1,stripes,0.3,3.4741179943084717,1.4081463813781738
pixel_spectral_max,esp_016781_2055_red-0188,esp_016781_2055,esp_016781_2055_red-0188_stripes_0.5,1,stripes,0.5,3.6922662258148193,1.4081463813781738
pixel_spectral_max,esp_016781_2055_red-0188,esp_016781_2055,esp_016781_2055_red-0188_dead_pixels_0.15,1,dead_pixels,0.15,2.635080337524414,1.4081463813781738
pixel_spectral_max,esp_016781_2055_red-0188,esp_016781_2055,esp_016781_2055_red-0188_dead_pixels_0.3,1,dead_pixels,0.3,4.615080833435059,1.4081463813781738
pixel_spectral_max,esp_016781_2055_red-0188,esp_016781_2055,esp_016781_2055_red-0188_dead_pixels_0.5,1,dead_pixels,0.5,5.322365760803223,1.4081463813781738
pixel_spectral_max,esp_016781_2055_red-0188,esp_016781_2055,esp_016781_2055_red-0188_missing_patch_0.15,1,missing_patch,0.15,0.4990214407444,1.4081463813781738
pixel_spectral_max,esp_016781_2055_red-0188,esp_016781_2055,esp_016781_2055_red-0188_missing_patch_0.3,1,missing_patch,0.3,0.9295074939727783,1.4081463813781738
pixel_spectral_max,esp_016781_2055_red-0188,esp_016781_2055,esp_016781_2055_red-0188_missing_patch_0.5,1,missing_patch,0.5,-0.2693834900856018,1.4081463813781738
pixel_spectral_max,esp_016781_2055_red-0188,esp_016781_2055,esp_016781_2055_red-0188_local_blur_0.15,1,local_blur,0.15,0.5751450657844543,1.4081463813781738
pixel_spectral_max,esp_016781_2055_red-0188,esp_016781_2055,esp_016781_2055_red-0188_local_blur_0.3,1,local_blur,0.3,0.5739147663116455,1.4081463813781738
pixel_spectral_max,esp_016781_2055_red-0188,esp_016781_2055,esp_016781_2055_red-0188_local_blur_0.5,1,local_blur,0.5,0.603753387928009,1.4081463813781738
pixel_spectral_max,esp_016781_2055_red-0188,esp_016781_2055,esp_016781_2055_red-0188_patch_duplication_0.15,1,patch_duplication,0.15,0.40827566385269165,1.4081463813781738
pixel_spectral_max,esp_016781_2055_red-0188,esp_016781_2055,esp_016781_2055_red-0188_patch_duplication_0.3,1,patch_duplication,0.3,1.0789567232131958,1.4081463813781738
pixel_spectral_max,esp_016781_2055_red-0188,esp_016781_2055,esp_016781_2055_red-0188_patch_duplication_0.5,1,patch_duplication,0.5,-0.08587515354156494,1.4081463813781738
pixel_spectral_max,esp_016781_2055_red-0188,esp_016781_2055,esp_016781_2055_red-0188_foreign_content_0.15,1,foreign_content,0.15,0.8359974026679993,1.4081463813781738
pixel_spectral_max,esp_016781_2055_red-0188,esp_016781_2055,esp_016781_2055_red-0188_foreign_content_0.3,1,foreign_content,0.3,0.4308754801750183,1.4081463813781738
pixel_spectral_max,esp_016781_2055_red-0188,esp_016781_2055,esp_016781_2055_red-0188_foreign_content_0.5,1,foreign_content,0.5,1.331534504890442,1.4081463813781738
pixel_spectral_max,esp_016613_2570_red-0034,esp_016613_2570,esp_016613_2570_red-0034_clean,0,clean,0.0,0.33610230684280396,1.4081463813781738
pixel_spectral_max,esp_016613_2570_red-0034,esp_016613_2570,esp_016613_2570_red-0034_stripes_0.15,1,stripes,0.15,3.418795347213745,1.4081463813781738
pixel_spectral_max,esp_016613_2570_red-0034,esp_016613_2570,esp_016613_2570_red-0034_stripes_0.3,1,stripes,0.3,3.8779428005218506,1.4081463813781738
pixel_spectral_max,esp_016613_2570_red-0034,esp_016613_2570,esp_016613_2570_red-0034_stripes_0.5,1,stripes,0.5,4.206027030944824,1.4081463813781738
pixel_spectral_max,esp_016613_2570_red-0034,esp_016613_2570,esp_016613_2570_red-0034_dead_pixels_0.15,1,dead_pixels,0.15,1.7468522787094116,1.4081463813781738
pixel_spectral_max,esp_016613_2570_red-0034,esp_016613_2570,esp_016613_2570_red-0034_dead_pixels_0.3,1,dead_pixels,0.3,3.344508409500122,1.4081463813781738
pixel_spectral_max,esp_016613_2570_red-0034,esp_016613_2570,esp_016613_2570_red-0034_dead_pixels_0.5,1,dead_pixels,0.5,4.12235689163208,1.4081463813781738
pixel_spectral_max,esp_016613_2570_red-0034,esp_016613_2570,esp_016613_2570_red-0034_missing_patch_0.15,1,missing_patch,0.15,0.41739174723625183,1.4081463813781738
pixel_spectral_max,esp_016613_2570_red-0034,esp_016613_2570,esp_016613_2570_red-0034_missing_patch_0.3,1,missing_patch,0.3,0.912736713886261,1.4081463813781738
pixel_spectral_max,esp_016613_2570_red-0034,esp_016613_2570,esp_016613_2570_red-0034_missing_patch_0.5,1,missing_patch,0.5,0.701639711856842,1.4081463813781738
pixel_spectral_max,esp_016613_2570_red-0034,esp_016613_2570,esp_016613_2570_red-0034_local_blur_0.15,1,local_blur,0.15,0.31003537774086,1.4081463813781738
pixel_spectral_max,esp_016613_2570_red-0034,esp_016613_2570,esp_016613_2570_red-0034_local_blur_0.3,1,local_blur,0.3,0.2181040495634079,1.4081463813781738
pixel_spectral_max,esp_016613_2570_red-0034,esp_016613_2570,esp_016613_2570_red-0034_local_blur_0.5,1,local_blur,0.5,0.05481161177158356,1.4081463813781738
pixel_spectral_max,esp_016613_2570_red-0034,esp_016613_2570,esp_016613_2570_red-0034_patch_duplication_0.15,1,patch_duplication,0.15,0.30672621726989746,1.4081463813781738
pixel_spectral_max,esp_016613_2570_red-0034,esp_016613_2570,esp_016613_2570_red-0034_patch_duplication_0.3,1,patch_duplication,0.3,0.309622198343277,1.4081463813781738
pixel_spectral_max,esp_016613_2570_red-0034,esp_016613_2570,esp_016613_2570_red-0034_patch_duplication_0.5,1,patch_duplication,0.5,0.3174489438533783,1.4081463813781738
pixel_spectral_max,esp_016613_2570_red-0034,esp_016613_2570,esp_016613_2570_red-0034_foreign_content_0.15,1,foreign_content,0.15,0.27260124683380127,1.4081463813781738
pixel_spectral_max,esp_016613_2570_red-0034,esp_016613_2570,esp_016613_2570_red-0034_foreign_content_0.3,1,foreign_content,0.3,0.4641740620136261,1.4081463813781738
pixel_spectral_max,esp_016613_2570_red-0034,esp_016613_2570,esp_016613_2570_red-0034_foreign_content_0.5,1,foreign_content,0.5,0.2819864749908447,1.4081463813781738
pixel_spectral_max,esp_017395_1700_red-0007,esp_017395_1700,esp_017395_1700_red-0007_clean,0,clean,0.0,-0.22070325911045074,1.4081463813781738
pixel_spectral_max,esp_017395_1700_red-0007,esp_017395_1700,esp_017395_1700_red-0007_stripes_0.15,1,stripes,0.15,3.0290586948394775,1.4081463813781738
pixel_spectral_max,esp_017395_1700_red-0007,esp_017395_1700,esp_017395_1700_red-0007_stripes_0.3,1,stripes,0.3,2.9997470378875732,1.4081463813781738
pixel_spectral_max,esp_017395_1700_red-0007,esp_017395_1700,esp_017395_1700_red-0007_stripes_0.5,1,stripes,0.5,2.7629897594451904,1.4081463813781738
pixel_spectral_max,esp_017395_1700_red-0007,esp_017395_1700,esp_017395_1700_red-0007_dead_pixels_0.15,1,dead_pixels,0.15,9.395670890808105,1.4081463813781738
pixel_spectral_max,esp_017395_1700_red-0007,esp_017395_1700,esp_017395_1700_red-0007_dead_pixels_0.3,1,dead_pixels,0.3,10.487068176269531,1.4081463813781738
pixel_spectral_max,esp_017395_1700_red-0007,esp_017395_1700,esp_017395_1700_red-0007_dead_pixels_0.5,1,dead_pixels,0.5,11.845755577087402,1.4081463813781738
pixel_spectral_max,esp_017395_1700_red-0007,esp_017395_1700,esp_017395_1700_red-0007_missing_patch_0.15,1,missing_patch,0.15,0.29757964611053467,1.4081463813781738
pixel_spectral_max,esp_017395_1700_red-0007,esp_017395_1700,esp_017395_1700_red-0007_missing_patch_0.3,1,missing_patch,0.3,0.4347502291202545,1.4081463813781738
pixel_spectral_max,esp_017395_1700_red-0007,esp_017395_1700,esp_017395_1700_red-0007_missing_patch_0.5,1,missing_patch,0.5,0.24542036652565002,1.4081463813781738
pixel_spectral_max,esp_017395_1700_red-0007,esp_017395_1700,esp_017395_1700_red-0007_local_blur_0.15,1,local_blur,0.15,-0.21639472246170044,1.4081463813781738
pixel_spectral_max,esp_017395_1700_red-0007,esp_017395_1700,esp_017395_1700_red-0007_local_blur_0.3,1,local_blur,0.3,-0.2772144079208374,1.4081463813781738
pixel_spectral_max,esp_017395_1700_red-0007,esp_017395_1700,esp_017395_1700_red-0007_local_blur_0.5,1,local_blur,0.5,-0.3220018446445465,1.4081463813781738
pixel_spectral_max,esp_017395_1700_red-0007,esp_017395_1700,esp_017395_1700_red-0007_patch_duplication_0.15,1,patch_duplication,0.15,-0.21780961751937866,1.4081463813781738
pixel_spectral_max,esp_017395_1700_red-0007,esp_017395_1700,esp_017395_1700_red-0007_patch_duplication_0.3,1,patch_duplication,0.3,-0.17103728652000427,1.4081463813781738
pixel_spectral_max,esp_017395_1700_red-0007,esp_017395_1700,esp_017395_1700_red-0007_patch_duplication_0.5,1,patch_duplication,0.5,-0.17884576320648193,1.4081463813781738
pixel_spectral_max,esp_017395_1700_red-0007,esp_017395_1700,esp_017395_1700_red-0007_foreign_content_0.15,1,foreign_content,0.15,-0.1826077401638031,1.4081463813781738
pixel_spectral_max,esp_017395_1700_red-0007,esp_017395_1700,esp_017395_1700_red-0007_foreign_content_0.3,1,foreign_content,0.3,0.03594174608588219,1.4081463813781738
pixel_spectral_max,esp_017395_1700_red-0007,esp_017395_1700,esp_017395_1700_red-0007_foreign_content_0.5,1,foreign_content,0.5,0.0020526512525975704,1.4081463813781738
pixel_spectral_max,esp_012057_0950_red-0111,esp_012057_0950,esp_012057_0950_red-0111_clean,0,clean,0.0,1.2406957149505615,1.4081463813781738
pixel_spectral_max,esp_012057_0950_red-0111,esp_012057_0950,esp_012057_0950_red-0111_stripes_0.15,1,stripes,0.15,3.998460531234741,1.4081463813781738
pixel_spectral_max,esp_012057_0950_red-0111,esp_012057_0950,esp_012057_0950_red-0111_stripes_0.3,1,stripes,0.3,3.9815075397491455,1.4081463813781738
pixel_spectral_max,esp_012057_0950_red-0111,esp_012057_0950,esp_012057_0950_red-0111_stripes_0.5,1,stripes,0.5,3.4734113216400146,1.4081463813781738
pixel_spectral_max,esp_012057_0950_red-0111,esp_012057_0950,esp_012057_0950_red-0111_dead_pixels_0.15,1,dead_pixels,0.15,8.921070098876953,1.4081463813781738
pixel_spectral_max,esp_012057_0950_red-0111,esp_012057_0950,esp_012057_0950_red-0111_dead_pixels_0.3,1,dead_pixels,0.3,9.51200008392334,1.4081463813781738
pixel_spectral_max,esp_012057_0950_red-0111,esp_012057_0950,esp_012057_0950_red-0111_dead_pixels_0.5,1,dead_pixels,0.5,10.71326732635498,1.4081463813781738
pixel_spectral_max,esp_012057_0950_red-0111,esp_012057_0950,esp_012057_0950_red-0111_missing_patch_0.15,1,missing_patch,0.15,0.9684010148048401,1.4081463813781738
pixel_spectral_max,esp_012057_0950_red-0111,esp_012057_0950,esp_012057_0950_red-0111_missing_patch_0.3,1,missing_patch,0.3,0.9419536590576172,1.4081463813781738
pixel_spectral_max,esp_012057_0950_red-0111,esp_012057_0950,esp_012057_0950_red-0111_missing_patch_0.5,1,missing_patch,0.5,0.9347651600837708,1.4081463813781738
pixel_spectral_max,esp_012057_0950_red-0111,esp_012057_0950,esp_012057_0950_red-0111_local_blur_0.15,1,local_blur,0.15,1.2406649589538574,1.4081463813781738
pixel_spectral_max,esp_012057_0950_red-0111,esp_012057_0950,esp_012057_0950_red-0111_local_blur_0.3,1,local_blur,0.3,1.240497350692749,1.4081463813781738
pixel_spectral_max,esp_012057_0950_red-0111,esp_012057_0950,esp_012057_0950_red-0111_local_blur_0.5,1,local_blur,0.5,1.2514992952346802,1.4081463813781738
pixel_spectral_max,esp_012057_0950_red-0111,esp_012057_0950,esp_012057_0950_red-0111_patch_duplication_0.15,1,patch_duplication,0.15,1.4962055683135986,1.4081463813781738
pixel_spectral_max,esp_012057_0950_red-0111,esp_012057_0950,esp_012057_0950_red-0111_patch_duplication_0.3,1,patch_duplication,0.3,1.4799495935440063,1.4081463813781738
pixel_spectral_max,esp_012057_0950_red-0111,esp_012057_0950,esp_012057_0950_red-0111_patch_duplication_0.5,1,patch_duplication,0.5,1.2732832431793213,1.4081463813781738
pixel_spectral_max,esp_012057_0950_red-0111,esp_012057_0950,esp_012057_0950_red-0111_foreign_content_0.15,1,foreign_content,0.15,1.2421622276306152,1.4081463813781738
pixel_spectral_max,esp_012057_0950_red-0111,esp_012057_0950,esp_012057_0950_red-0111_foreign_content_0.3,1,foreign_content,0.3,1.2320908308029175,1.4081463813781738
pixel_spectral_max,esp_012057_0950_red-0111,esp_012057_0950,esp_012057_0950_red-0111_foreign_content_0.5,1,foreign_content,0.5,1.191648006439209,1.4081463813781738
pixel_spectral_max,esp_049651_1050_red-0070,esp_049651_1050,esp_049651_1050_red-0070_clean,0,clean,0.0,0.1413797289133072,1.4081463813781738
pixel_spectral_max,esp_049651_1050_red-0070,esp_049651_1050,esp_049651_1050_red-0070_stripes_0.15,1,stripes,0.15,4.219302177429199,1.4081463813781738
pixel_spectral_max,esp_049651_1050_red-0070,esp_049651_1050,esp_049651_1050_red-0070_stripes_0.3,1,stripes,0.3,4.308791637420654,1.4081463813781738
pixel_spectral_max,esp_049651_1050_red-0070,esp_049651_1050,esp_049651_1050_red-0070_stripes_0.5,1,stripes,0.5,3.8757452964782715,1.4081463813781738
pixel_spectral_max,esp_049651_1050_red-0070,esp_049651_1050,esp_049651_1050_red-0070_dead_pixels_0.15,1,dead_pixels,0.15,4.526634693145752,1.4081463813781738
pixel_spectral_max,esp_049651_1050_red-0070,esp_049651_1050,esp_049651_1050_red-0070_dead_pixels_0.3,1,dead_pixels,0.3,5.74690055847168,1.4081463813781738
pixel_spectral_max,esp_049651_1050_red-0070,esp_049651_1050,esp_049651_1050_red-0070_dead_pixels_0.5,1,dead_pixels,0.5,7.357435703277588,1.4081463813781738
pixel_spectral_max,esp_049651_1050_red-0070,esp_049651_1050,esp_049651_1050_red-0070_missing_patch_0.15,1,missing_patch,0.15,1.2098808288574219,1.4081463813781738
pixel_spectral_max,esp_049651_1050_red-0070,esp_049651_1050,esp_049651_1050_red-0070_missing_patch_0.3,1,missing_patch,0.3,0.8815966248512268,1.4081463813781738
pixel_spectral_max,esp_049651_1050_red-0070,esp_049651_1050,esp_049651_1050_red-0070_missing_patch_0.5,1,missing_patch,0.5,0.8505106568336487,1.4081463813781738
pixel_spectral_max,esp_049651_1050_red-0070,esp_049651_1050,esp_049651_1050_red-0070_local_blur_0.15,1,local_blur,0.15,0.13313695788383484,1.4081463813781738
pixel_spectral_max,esp_049651_1050_red-0070,esp_049651_1050,esp_049651_1050_red-0070_local_blur_0.3,1,local_blur,0.3,0.13533559441566467,1.4081463813781738
pixel_spectral_max,esp_049651_1050_red-0070,esp_049651_1050,esp_049651_1050_red-0070_local_blur_0.5,1,local_blur,0.5,0.13474731147289276,1.4081463813781738
pixel_spectral_max,esp_049651_1050_red-0070,esp_049651_1050,esp_049651_1050_red-0070_patch_duplication_0.15,1,patch_duplication,0.15,0.1410190612077713,1.4081463813781738
pixel_spectral_max,esp_049651_1050_red-0070,esp_049651_1050,esp_049651_1050_red-0070_patch_duplication_0.3,1,patch_duplication,0.3,0.12173296511173248,1.4081463813781738
pixel_spectral_max,esp_049651_1050_red-0070,esp_049651_1050,esp_049651_1050_red-0070_patch_duplication_0.5,1,patch_duplication,0.5,-0.03408575803041458,1.4081463813781738
pixel_spectral_max,esp_049651_1050_red-0070,esp_049651_1050,esp_049651_1050_red-0070_foreign_content_0.15,1,foreign_content,0.15,0.1581362783908844,1.4081463813781738
pixel_spectral_max,esp_049651_1050_red-0070,esp_049651_1050,esp_049651_1050_red-0070_foreign_content_0.3,1,foreign_content,0.3,0.15839751064777374,1.4081463813781738
pixel_spectral_max,esp_049651_1050_red-0070,esp_049651_1050,esp_049651_1050_red-0070_foreign_content_0.5,1,foreign_content,0.5,0.22603338956832886,1.4081463813781738
pixel_spectral_max,psp_006766_1850_red-0101,psp_006766_1850,psp_006766_1850_red-0101_clean,0,clean,0.0,0.5582870244979858,1.4081463813781738
pixel_spectral_max,psp_006766_1850_red-0101,psp_006766_1850,psp_006766_1850_red-0101_stripes_0.15,1,stripes,0.15,3.3503618240356445,1.4081463813781738
pixel_spectral_max,psp_006766_1850_red-0101,psp_006766_1850,psp_006766_1850_red-0101_stripes_0.3,1,stripes,0.3,3.4314305782318115,1.4081463813781738
pixel_spectral_max,psp_006766_1850_red-0101,psp_006766_1850,psp_006766_1850_red-0101_stripes_0.5,1,stripes,0.5,3.344264507293701,1.4081463813781738
pixel_spectral_max,psp_006766_1850_red-0101,psp_006766_1850,psp_006766_1850_red-0101_dead_pixels_0.15,1,dead_pixels,0.15,5.362287998199463,1.4081463813781738
pixel_spectral_max,psp_006766_1850_red-0101,psp_006766_1850,psp_006766_1850_red-0101_dead_pixels_0.3,1,dead_pixels,0.3,7.037771701812744,1.4081463813781738
pixel_spectral_max,psp_006766_1850_red-0101,psp_006766_1850,psp_006766_1850_red-0101_dead_pixels_0.5,1,dead_pixels,0.5,8.353069305419922,1.4081463813781738
pixel_spectral_max,psp_006766_1850_red-0101,psp_006766_1850,psp_006766_1850_red-0101_missing_patch_0.15,1,missing_patch,0.15,0.6817643642425537,1.4081463813781738
pixel_spectral_max,psp_006766_1850_red-0101,psp_006766_1850,psp_006766_1850_red-0101_missing_patch_0.3,1,missing_patch,0.3,0.7873987555503845,1.4081463813781738
pixel_spectral_max,psp_006766_1850_red-0101,psp_006766_1850,psp_006766_1850_red-0101_missing_patch_0.5,1,missing_patch,0.5,0.8118746280670166,1.4081463813781738
pixel_spectral_max,psp_006766_1850_red-0101,psp_006766_1850,psp_006766_1850_red-0101_local_blur_0.15,1,local_blur,0.15,0.40181323885917664,1.4081463813781738
pixel_spectral_max,psp_006766_1850_red-0101,psp_006766_1850,psp_006766_1850_red-0101_local_blur_0.3,1,local_blur,0.3,0.40363609790802,1.4081463813781738
pixel_spectral_max,psp_006766_1850_red-0101,psp_006766_1850,psp_006766_1850_red-0101_local_blur_0.5,1,local_blur,0.5,0.4084632098674774,1.4081463813781738
pixel_spectral_max,psp_006766_1850_red-0101,psp_006766_1850,psp_006766_1850_red-0101_patch_duplication_0.15,1,patch_duplication,0.15,0.5491021275520325,1.4081463813781738
pixel_spectral_max,psp_006766_1850_red-0101,psp_006766_1850,psp_006766_1850_red-0101_patch_duplication_0.3,1,patch_duplication,0.3,0.548641562461853,1.4081463813781738
pixel_spectral_max,psp_006766_1850_red-0101,psp_006766_1850,psp_006766_1850_red-0101_patch_duplication_0.5,1,patch_duplication,0.5,0.5556896924972534,1.4081463813781738
pixel_spectral_max,psp_006766_1850_red-0101,psp_006766_1850,psp_006766_1850_red-0101_foreign_content_0.15,1,foreign_content,0.15,0.6140670776367188,1.4081463813781738
pixel_spectral_max,psp_006766_1850_red-0101,psp_006766_1850,psp_006766_1850_red-0101_foreign_content_0.3,1,foreign_content,0.3,0.6423450708389282,1.4081463813781738
pixel_spectral_max,psp_006766_1850_red-0101,psp_006766_1850,psp_006766_1850_red-0101_foreign_content_0.5,1,foreign_content,0.5,0.5739776492118835,1.4081463813781738
pixel_spectral_max,esp_016148_2040_red-0097,esp_016148_2040,esp_016148_2040_red-0097_clean,0,clean,0.0,0.4929698407649994,1.4081463813781738
pixel_spectral_max,esp_016148_2040_red-0097,esp_016148_2040,esp_016148_2040_red-0097_stripes_0.15,1,stripes,0.15,2.8361434936523438,1.4081463813781738
pixel_spectral_max,esp_016148_2040_red-0097,esp_016148_2040,esp_016148_2040_red-0097_stripes_0.3,1,stripes,0.3,2.7549610137939453,1.4081463813781738
pixel_spectral_max,esp_016148_2040_red-0097,esp_016148_2040,esp_016148_2040_red-0097_stripes_0.5,1,stripes,0.5,2.4737448692321777,1.4081463813781738
pixel_spectral_max,esp_016148_2040_red-0097,esp_016148_2040,esp_016148_2040_red-0097_dead_pixels_0.15,1,dead_pixels,0.15,4.256404399871826,1.4081463813781738
pixel_spectral_max,esp_016148_2040_red-0097,esp_016148_2040,esp_016148_2040_red-0097_dead_pixels_0.3,1,dead_pixels,0.3,6.730386257171631,1.4081463813781738
pixel_spectral_max,esp_016148_2040_red-0097,esp_016148_2040,esp_016148_2040_red-0097_dead_pixels_0.5,1,dead_pixels,0.5,8.571337699890137,1.4081463813781738
pixel_spectral_max,esp_016148_2040_red-0097,esp_016148_2040,esp_016148_2040_red-0097_missing_patch_0.15,1,missing_patch,0.15,1.5088801383972168,1.4081463813781738
pixel_spectral_max,esp_016148_2040_red-0097,esp_016148_2040,esp_016148_2040_red-0097_missing_patch_0.3,1,missing_patch,0.3,0.9659265279769897,1.4081463813781738
pixel_spectral_max,esp_016148_2040_red-0097,esp_016148_2040,esp_016148_2040_red-0097_missing_patch_0.5,1,missing_patch,0.5,0.42926472425460815,1.4081463813781738
pixel_spectral_max,esp_016148_2040_red-0097,esp_016148_2040,esp_016148_2040_red-0097_local_blur_0.15,1,local_blur,0.15,0.4705323874950409,1.4081463813781738
pixel_spectral_max,esp_016148_2040_red-0097,esp_016148_2040,esp_016148_2040_red-0097_local_blur_0.3,1,local_blur,0.3,0.46259284019470215,1.4081463813781738
pixel_spectral_max,esp_016148_2040_red-0097,esp_016148_2040,esp_016148_2040_red-0097_local_blur_0.5,1,local_blur,0.5,0.4188896715641022,1.4081463813781738
pixel_spectral_max,esp_016148_2040_red-0097,esp_016148_2040,esp_016148_2040_red-0097_patch_duplication_0.15,1,patch_duplication,0.15,0.5090358853340149,1.4081463813781738
pixel_spectral_max,esp_016148_2040_red-0097,esp_016148_2040,esp_016148_2040_red-0097_patch_duplication_0.3,1,patch_duplication,0.3,0.5465481877326965,1.4081463813781738
pixel_spectral_max,esp_016148_2040_red-0097,esp_016148_2040,esp_016148_2040_red-0097_patch_duplication_0.5,1,patch_duplication,0.5,0.6435218453407288,1.4081463813781738
pixel_spectral_max,esp_016148_2040_red-0097,esp_016148_2040,esp_016148_2040_red-0097_foreign_content_0.15,1,foreign_content,0.15,0.4414438307285309,1.4081463813781738
pixel_spectral_max,esp_016148_2040_red-0097,esp_016148_2040,esp_016148_2040_red-0097_foreign_content_0.3,1,foreign_content,0.3,0.3865852653980255,1.4081463813781738
pixel_spectral_max,esp_016148_2040_red-0097,esp_016148_2040,esp_016148_2040_red-0097_foreign_content_0.5,1,foreign_content,0.5,-0.0655878484249115,1.4081463813781738
pixel_spectral_max,esp_011716_0940_red-0008,esp_011716_0940,esp_011716_0940_red-0008_clean,0,clean,0.0,0.2166496217250824,1.4081463813781738
pixel_spectral_max,esp_011716_0940_red-0008,esp_011716_0940,esp_011716_0940_red-0008_stripes_0.15,1,stripes,0.15,2.7802047729492188,1.4081463813781738
pixel_spectral_max,esp_011716_0940_red-0008,esp_011716_0940,esp_011716_0940_red-0008_stripes_0.3,1,stripes,0.3,3.1437010765075684,1.4081463813781738
pixel_spectral_max,esp_011716_0940_red-0008,esp_011716_0940,esp_011716_0940_red-0008_stripes_0.5,1,stripes,0.5,3.1741092205047607,1.4081463813781738
pixel_spectral_max,esp_011716_0940_red-0008,esp_011716_0940,esp_011716_0940_red-0008_dead_pixels_0.15,1,dead_pixels,0.15,3.6445517539978027,1.4081463813781738
pixel_spectral_max,esp_011716_0940_red-0008,esp_011716_0940,esp_011716_0940_red-0008_dead_pixels_0.3,1,dead_pixels,0.3,4.982414722442627,1.4081463813781738
pixel_spectral_max,esp_011716_0940_red-0008,esp_011716_0940,esp_011716_0940_red-0008_dead_pixels_0.5,1,dead_pixels,0.5,7.306728363037109,1.4081463813781738
pixel_spectral_max,esp_011716_0940_red-0008,esp_011716_0940,esp_011716_0940_red-0008_missing_patch_0.15,1,missing_patch,0.15,0.18590396642684937,1.4081463813781738
pixel_spectral_max,esp_011716_0940_red-0008,esp_011716_0940,esp_011716_0940_red-0008_missing_patch_0.3,1,missing_patch,0.3,0.17847709357738495,1.4081463813781738
pixel_spectral_max,esp_011716_0940_red-0008,esp_011716_0940,esp_011716_0940_red-0008_missing_patch_0.5,1,missing_patch,0.5,0.16239218413829803,1.4081463813781738
pixel_spectral_max,esp_011716_0940_red-0008,esp_011716_0940,esp_011716_0940_red-0008_local_blur_0.15,1,local_blur,0.15,0.09746133536100388,1.4081463813781738
pixel_spectral_max,esp_011716_0940_red-0008,esp_011716_0940,esp_011716_0940_red-0008_local_blur_0.3,1,local_blur,0.3,-0.1124347448348999,1.4081463813781738
pixel_spectral_max,esp_011716_0940_red-0008,esp_011716_0940,esp_011716_0940_red-0008_local_blur_0.5,1,local_blur,0.5,-0.057938721030950546,1.4081463813781738
pixel_spectral_max,esp_011716_0940_red-0008,esp_011716_0940,esp_011716_0940_red-0008_patch_duplication_0.15,1,patch_duplication,0.15,0.2318289577960968,1.4081463813781738
pixel_spectral_max,esp_011716_0940_red-0008,esp_011716_0940,esp_011716_0940_red-0008_patch_duplication_0.3,1,patch_duplication,0.3,0.21685530245304108,1.4081463813781738
pixel_spectral_max,esp_011716_0940_red-0008,esp_011716_0940,esp_011716_0940_red-0008_patch_duplication_0.5,1,patch_duplication,0.5,0.4079563319683075,1.4081463813781738
pixel_spectral_max,esp_011716_0940_red-0008,esp_011716_0940,esp_011716_0940_red-0008_foreign_content_0.15,1,foreign_content,0.15,0.24172593653202057,1.4081463813781738
pixel_spectral_max,esp_011716_0940_red-0008,esp_011716_0940,esp_011716_0940_red-0008_foreign_content_0.3,1,foreign_content,0.3,0.2275559902191162,1.4081463813781738
pixel_spectral_max,esp_011716_0940_red-0008,esp_011716_0940,esp_011716_0940_red-0008_foreign_content_0.5,1,foreign_content,0.5,0.23288904130458832,1.4081463813781738
pixel_spectral_max,esp_013141_2105_red-0004,esp_013141_2105,esp_013141_2105_red-0004_clean,0,clean,0.0,-0.8975359797477722,1.4081463813781738
pixel_spectral_max,esp_013141_2105_red-0004,esp_013141_2105,esp_013141_2105_red-0004_stripes_0.15,1,stripes,0.15,3.782292366027832,1.4081463813781738
pixel_spectral_max,esp_013141_2105_red-0004,esp_013141_2105,esp_013141_2105_red-0004_stripes_0.3,1,stripes,0.3,3.982267141342163,1.4081463813781738
pixel_spectral_max,esp_013141_2105_red-0004,esp_013141_2105,esp_013141_2105_red-0004_stripes_0.5,1,stripes,0.5,3.8449208736419678,1.4081463813781738
pixel_spectral_max,esp_013141_2105_red-0004,esp_013141_2105,esp_013141_2105_red-0004_dead_pixels_0.15,1,dead_pixels,0.15,7.53041410446167,1.4081463813781738
pixel_spectral_max,esp_013141_2105_red-0004,esp_013141_2105,esp_013141_2105_red-0004_dead_pixels_0.3,1,dead_pixels,0.3,8.999011993408203,1.4081463813781738
pixel_spectral_max,esp_013141_2105_red-0004,esp_013141_2105,esp_013141_2105_red-0004_dead_pixels_0.5,1,dead_pixels,0.5,10.418488502502441,1.4081463813781738
pixel_spectral_max,esp_013141_2105_red-0004,esp_013141_2105,esp_013141_2105_red-0004_missing_patch_0.15,1,missing_patch,0.15,0.2592047452926636,1.4081463813781738
pixel_spectral_max,esp_013141_2105_red-0004,esp_013141_2105,esp_013141_2105_red-0004_missing_patch_0.3,1,missing_patch,0.3,0.2044634222984314,1.4081463813781738
pixel_spectral_max,esp_013141_2105_red-0004,esp_013141_2105,esp_013141_2105_red-0004_missing_patch_0.5,1,missing_patch,0.5,0.1752546727657318,1.4081463813781738
pixel_spectral_max,esp_013141_2105_red-0004,esp_013141_2105,esp_013141_2105_red-0004_local_blur_0.15,1,local_blur,0.15,-0.9050252437591553,1.4081463813781738
pixel_spectral_max,esp_013141_2105_red-0004,esp_013141_2105,esp_013141_2105_red-0004_local_blur_0.3,1,local_blur,0.3,-0.9052944779396057,1.4081463813781738
pixel_spectral_max,esp_013141_2105_red-0004,esp_013141_2105,esp_013141_2105_red-0004_local_blur_0.5,1,local_blur,0.5,-0.9089789390563965,1.4081463813781738
pixel_spectral_max,esp_013141_2105_red-0004,esp_013141_2105,esp_013141_2105_red-0004_patch_duplication_0.15,1,patch_duplication,0.15,-0.9015703201293945,1.4081463813781738
pixel_spectral_max,esp_013141_2105_red-0004,esp_013141_2105,esp_013141_2105_red-0004_patch_duplication_0.3,1,patch_duplication,0.3,-0.9042381048202515,1.4081463813781738
pixel_spectral_max,esp_013141_2105_red-0004,esp_013141_2105,esp_013141_2105_red-0004_patch_duplication_0.5,1,patch_duplication,0.5,-0.8041236400604248,1.4081463813781738
pixel_spectral_max,esp_013141_2105_red-0004,esp_013141_2105,esp_013141_2105_red-0004_foreign_content_0.15,1,foreign_content,0.15,-0.6751755475997925,1.4081463813781738
pixel_spectral_max,esp_013141_2105_red-0004,esp_013141_2105,esp_013141_2105_red-0004_foreign_content_0.3,1,foreign_content,0.3,-0.38145026564598083,1.4081463813781738
pixel_spectral_max,esp_013141_2105_red-0004,esp_013141_2105,esp_013141_2105_red-0004_foreign_content_0.5,1,foreign_content,0.5,-0.13905146718025208,1.4081463813781738
pixel_spectral_max,esp_016613_2570_red-0043,esp_016613_2570,esp_016613_2570_red-0043_clean,0,clean,0.0,1.1672419309616089,1.4081463813781738
pixel_spectral_max,esp_016613_2570_red-0043,esp_016613_2570,esp_016613_2570_red-0043_stripes_0.15,1,stripes,0.15,3.3444173336029053,1.4081463813781738
pixel_spectral_max,esp_016613_2570_red-0043,esp_016613_2570,esp_016613_2570_red-0043_stripes_0.3,1,stripes,0.3,4.116668224334717,1.4081463813781738
pixel_spectral_max,esp_016613_2570_red-0043,esp_016613_2570,esp_016613_2570_red-0043_stripes_0.5,1,stripes,0.5,4.656338691711426,1.4081463813781738
pixel_spectral_max,esp_016613_2570_red-0043,esp_016613_2570,esp_016613_2570_red-0043_dead_pixels_0.15,1,dead_pixels,0.15,1.9764333963394165,1.4081463813781738
pixel_spectral_max,esp_016613_2570_red-0043,esp_016613_2570,esp_016613_2570_red-0043_dead_pixels_0.3,1,dead_pixels,0.3,3.6807358264923096,1.4081463813781738
pixel_spectral_max,esp_016613_2570_red-0043,esp_016613_2570,esp_016613_2570_red-0043_dead_pixels_0.5,1,dead_pixels,0.5,5.503829479217529,1.4081463813781738
pixel_spectral_max,esp_016613_2570_red-0043,esp_016613_2570,esp_016613_2570_red-0043_missing_patch_0.15,1,missing_patch,0.15,1.3474738597869873,1.4081463813781738
pixel_spectral_max,esp_016613_2570_red-0043,esp_016613_2570,esp_016613_2570_red-0043_missing_patch_0.3,1,missing_patch,0.3,0.5694532990455627,1.4081463813781738
pixel_spectral_max,esp_016613_2570_red-0043,esp_016613_2570,esp_016613_2570_red-0043_missing_patch_0.5,1,missing_patch,0.5,0.42661982774734497,1.4081463813781738
pixel_spectral_max,esp_016613_2570_red-0043,esp_016613_2570,esp_016613_2570_red-0043_local_blur_0.15,1,local_blur,0.15,1.1593735218048096,1.4081463813781738
pixel_spectral_max,esp_016613_2570_red-0043,esp_016613_2570,esp_016613_2570_red-0043_local_blur_0.3,1,local_blur,0.3,1.1621785163879395,1.4081463813781738
pixel_spectral_max,esp_016613_2570_red-0043,esp_016613_2570,esp_016613_2570_red-0043_local_blur_0.5,1,local_blur,0.5,0.9429601430892944,1.4081463813781738
pixel_spectral_max,esp_016613_2570_red-0043,esp_016613_2570,esp_016613_2570_red-0043_patch_duplication_0.15,1,patch_duplication,0.15,1.1277272701263428,1.4081463813781738
pixel_spectral_max,esp_016613_2570_red-0043,esp_016613_2570,esp_016613_2570_red-0043_patch_duplication_0.3,1,patch_duplication,0.3,1.3852611780166626,1.4081463813781738
pixel_spectral_max,esp_016613_2570_red-0043,esp_016613_2570,esp_016613_2570_red-0043_patch_duplication_0.5,1,patch_duplication,0.5,0.7528172731399536,1.4081463813781738
pixel_spectral_max,esp_016613_2570_red-0043,esp_016613_2570,esp_016613_2570_red-0043_foreign_content_0.15,1,foreign_content,0.15,1.18039870262146,1.4081463813781738
pixel_spectral_max,esp_016613_2570_red-0043,esp_016613_2570,esp_016613_2570_red-0043_foreign_content_0.3,1,foreign_content,0.3,1.1640878915786743,1.4081463813781738
pixel_spectral_max,esp_016613_2570_red-0043,esp_016613_2570,esp_016613_2570_red-0043_foreign_content_0.5,1,foreign_content,0.5,1.172867774963379,1.4081463813781738
pixel_spectral_max,esp_017395_1700_red-0049,esp_017395_1700,esp_017395_1700_red-0049_clean,0,clean,0.0,-0.4519469439983368,1.4081463813781738
pixel_spectral_max,esp_017395_1700_red-0049,esp_017395_1700,esp_017395_1700_red-0049_stripes_0.15,1,stripes,0.15,3.8794875144958496,1.4081463813781738
pixel_spectral_max,esp_017395_1700_red-0049,esp_017395_1700,esp_017395_1700_red-0049_stripes_0.3,1,stripes,0.3,3.7595112323760986,1.4081463813781738
pixel_spectral_max,esp_017395_1700_red-0049,esp_017395_1700,esp_017395_1700_red-0049_stripes_0.5,1,stripes,0.5,3.2369608879089355,1.4081463813781738
pixel_spectral_max,esp_017395_1700_red-0049,esp_017395_1700,esp_017395_1700_red-0049_dead_pixels_0.15,1,dead_pixels,0.15,5.302204132080078,1.4081463813781738
pixel_spectral_max,esp_017395_1700_red-0049,esp_017395_1700,esp_017395_1700_red-0049_dead_pixels_0.3,1,dead_pixels,0.3,8.851228713989258,1.4081463813781738
pixel_spectral_max,esp_017395_1700_red-0049,esp_017395_1700,esp_017395_1700_red-0049_dead_pixels_0.5,1,dead_pixels,0.5,9.424251556396484,1.4081463813781738
pixel_spectral_max,esp_017395_1700_red-0049,esp_017395_1700,esp_017395_1700_red-0049_missing_patch_0.15,1,missing_patch,0.15,-0.13098536431789398,1.4081463813781738
pixel_spectral_max,esp_017395_1700_red-0049,esp_017395_1700,esp_017395_1700_red-0049_missing_patch_0.3,1,missing_patch,0.3,0.13002434372901917,1.4081463813781738
pixel_spectral_max,esp_017395_1700_red-0049,esp_017395_1700,esp_017395_1700_red-0049_missing_patch_0.5,1,missing_patch,0.5,0.0076838405802845955,1.4081463813781738
pixel_spectral_max,esp_017395_1700_red-0049,esp_017395_1700,esp_017395_1700_red-0049_local_blur_0.15,1,local_blur,0.15,-0.48636573553085327,1.4081463813781738
pixel_spectral_max,esp_017395_1700_red-0049,esp_017395_1700,esp_017395_1700_red-0049_local_blur_0.3,1,local_blur,0.3,-0.4648488461971283,1.4081463813781738
pixel_spectral_max,esp_017395_1700_red-0049,esp_017395_1700,esp_017395_1700_red-0049_local_blur_0.5,1,local_blur,0.5,-0.5120469331741333,1.4081463813781738
pixel_spectral_max,esp_017395_1700_red-0049,esp_017395_1700,esp_017395_1700_red-0049_patch_duplication_0.15,1,patch_duplication,0.15,-0.45809704065322876,1.4081463813781738
pixel_spectral_max,esp_017395_1700_red-0049,esp_017395_1700,esp_017395_1700_red-0049_patch_duplication_0.3,1,patch_duplication,0.3,-0.4229474365711212,1.4081463813781738
pixel_spectral_max,esp_017395_1700_red-0049,esp_017395_1700,esp_017395_1700_red-0049_patch_duplication_0.5,1,patch_duplication,0.5,-0.5021070837974548,1.4081463813781738
pixel_spectral_max,esp_017395_1700_red-0049,esp_017395_1700,esp_017395_1700_red-0049_foreign_content_0.15,1,foreign_content,0.15,-0.23789967596530914,1.4081463813781738
pixel_spectral_max,esp_017395_1700_red-0049,esp_017395_1700,esp_017395_1700_red-0049_foreign_content_0.3,1,foreign_content,0.3,-0.16153421998023987,1.4081463813781738
pixel_spectral_max,esp_017395_1700_red-0049,esp_017395_1700,esp_017395_1700_red-0049_foreign_content_0.5,1,foreign_content,0.5,-0.317096471786499,1.4081463813781738
pixel_spectral_max,esp_012588_0930_red-0008,esp_012588_0930,esp_012588_0930_red-0008_clean,0,clean,0.0,1.6556875705718994,1.4081463813781738
pixel_spectral_max,esp_012588_0930_red-0008,esp_012588_0930,esp_012588_0930_red-0008_stripes_0.15,1,stripes,0.15,3.605573892593384,1.4081463813781738
pixel_spectral_max,esp_012588_0930_red-0008,esp_012588_0930,esp_012588_0930_red-0008_stripes_0.3,1,stripes,0.3,3.7505130767822266,1.4081463813781738
pixel_spectral_max,esp_012588_0930_red-0008,esp_012588_0930,esp_012588_0930_red-0008_stripes_0.5,1,stripes,0.5,3.321065664291382,1.4081463813781738
pixel_spectral_max,esp_012588_0930_red-0008,esp_012588_0930,esp_012588_0930_red-0008_dead_pixels_0.15,1,dead_pixels,0.15,6.815385341644287,1.4081463813781738
pixel_spectral_max,esp_012588_0930_red-0008,esp_012588_0930,esp_012588_0930_red-0008_dead_pixels_0.3,1,dead_pixels,0.3,7.520188331604004,1.4081463813781738
pixel_spectral_max,esp_012588_0930_red-0008,esp_012588_0930,esp_012588_0930_red-0008_dead_pixels_0.5,1,dead_pixels,0.5,7.801144599914551,1.4081463813781738
pixel_spectral_max,esp_012588_0930_red-0008,esp_012588_0930,esp_012588_0930_red-0008_missing_patch_0.15,1,missing_patch,0.15,1.4542489051818848,1.4081463813781738
pixel_spectral_max,esp_012588_0930_red-0008,esp_012588_0930,esp_012588_0930_red-0008_missing_patch_0.3,1,missing_patch,0.3,1.4605401754379272,1.4081463813781738
pixel_spectral_max,esp_012588_0930_red-0008,esp_012588_0930,esp_012588_0930_red-0008_missing_patch_0.5,1,missing_patch,0.5,1.4347323179244995,1.4081463813781738
pixel_spectral_max,esp_012588_0930_red-0008,esp_012588_0930,esp_012588_0930_red-0008_local_blur_0.15,1,local_blur,0.15,1.5882680416107178,1.4081463813781738
pixel_spectral_max,esp_012588_0930_red-0008,esp_012588_0930,esp_012588_0930_red-0008_local_blur_0.3,1,local_blur,0.3,1.6138718128204346,1.4081463813781738
pixel_spectral_max,esp_012588_0930_red-0008,esp_012588_0930,esp_012588_0930_red-0008_local_blur_0.5,1,local_blur,0.5,1.7126544713974,1.4081463813781738
pixel_spectral_max,esp_012588_0930_red-0008,esp_012588_0930,esp_012588_0930_red-0008_patch_duplication_0.15,1,patch_duplication,0.15,1.7238576412200928,1.4081463813781738
pixel_spectral_max,esp_012588_0930_red-0008,esp_012588_0930,esp_012588_0930_red-0008_patch_duplication_0.3,1,patch_duplication,0.3,1.6707592010498047,1.4081463813781738
pixel_spectral_max,esp_012588_0930_red-0008,esp_012588_0930,esp_012588_0930_red-0008_patch_duplication_0.5,1,patch_duplication,0.5,1.6783225536346436,1.4081463813781738
pixel_spectral_max,esp_012588_0930_red-0008,esp_012588_0930,esp_012588_0930_red-0008_foreign_content_0.15,1,foreign_content,0.15,1.5794789791107178,1.4081463813781738
pixel_spectral_max,esp_012588_0930_red-0008,esp_012588_0930,esp_012588_0930_red-0008_foreign_content_0.3,1,foreign_content,0.3,1.544244408607483,1.4081463813781738
pixel_spectral_max,esp_012588_0930_red-0008,esp_012588_0930,esp_012588_0930_red-0008_foreign_content_0.5,1,foreign_content,0.5,1.3758060932159424,1.4081463813781738
pixel_spectral_max,esp_049651_1050_red-0030,esp_049651_1050,esp_049651_1050_red-0030_clean,0,clean,0.0,0.4477015733718872,1.4081463813781738
pixel_spectral_max,esp_049651_1050_red-0030,esp_049651_1050,esp_049651_1050_red-0030_stripes_0.15,1,stripes,0.15,3.5680410861968994,1.4081463813781738
pixel_spectral_max,esp_049651_1050_red-0030,esp_049651_1050,esp_049651_1050_red-0030_stripes_0.3,1,stripes,0.3,4.0049028396606445,1.4081463813781738
pixel_spectral_max,esp_049651_1050_red-0030,esp_049651_1050,esp_049651_1050_red-0030_stripes_0.5,1,stripes,0.5,4.114307880401611,1.4081463813781738
pixel_spectral_max,esp_049651_1050_red-0030,esp_049651_1050,esp_049651_1050_red-0030_dead_pixels_0.15,1,dead_pixels,0.15,3.9458727836608887,1.4081463813781738
pixel_spectral_max,esp_049651_1050_red-0030,esp_049651_1050,esp_049651_1050_red-0030_dead_pixels_0.3,1,dead_pixels,0.3,5.1254191398620605,1.4081463813781738
pixel_spectral_max,esp_049651_1050_red-0030,esp_049651_1050,esp_049651_1050_red-0030_dead_pixels_0.5,1,dead_pixels,0.5,7.714820861816406,1.4081463813781738
pixel_spectral_max,esp_049651_1050_red-0030,esp_049651_1050,esp_049651_1050_red-0030_missing_patch_0.15,1,missing_patch,0.15,0.19485707581043243,1.4081463813781738
pixel_spectral_max,esp_049651_1050_red-0030,esp_049651_1050,esp_049651_1050_red-0030_missing_patch_0.3,1,missing_patch,0.3,0.8069629073143005,1.4081463813781738
pixel_spectral_max,esp_049651_1050_red-0030,esp_049651_1050,esp_049651_1050_red-0030_missing_patch_0.5,1,missing_patch,0.5,0.40987616777420044,1.4081463813781738
pixel_spectral_max,esp_049651_1050_red-0030,esp_049651_1050,esp_049651_1050_red-0030_local_blur_0.15,1,local_blur,0.15,0.44326451420783997,1.4081463813781738
pixel_spectral_max,esp_049651_1050_red-0030,esp_049651_1050,esp_049651_1050_red-0030_local_blur_0.3,1,local_blur,0.3,0.43020498752593994,1.4081463813781738
pixel_spectral_max,esp_049651_1050_red-0030,esp_049651_1050,esp_049651_1050_red-0030_local_blur_0.5,1,local_blur,0.5,0.32815587520599365,1.4081463813781738
pixel_spectral_max,esp_049651_1050_red-0030,esp_049651_1050,esp_049651_1050_red-0030_patch_duplication_0.15,1,patch_duplication,0.15,0.46058928966522217,1.4081463813781738
pixel_spectral_max,esp_049651_1050_red-0030,esp_049651_1050,esp_049651_1050_red-0030_patch_duplication_0.3,1,patch_duplication,0.3,0.30268314480781555,1.4081463813781738
pixel_spectral_max,esp_049651_1050_red-0030,esp_049651_1050,esp_049651_1050_red-0030_patch_duplication_0.5,1,patch_duplication,0.5,0.9215999841690063,1.4081463813781738
pixel_spectral_max,esp_049651_1050_red-0030,esp_049651_1050,esp_049651_1050_red-0030_foreign_content_0.15,1,foreign_content,0.15,0.39254042506217957,1.4081463813781738
pixel_spectral_max,esp_049651_1050_red-0030,esp_049651_1050,esp_049651_1050_red-0030_foreign_content_0.3,1,foreign_content,0.3,0.7745078206062317,1.4081463813781738
pixel_spectral_max,esp_049651_1050_red-0030,esp_049651_1050,esp_049651_1050_red-0030_foreign_content_0.5,1,foreign_content,0.5,0.24366576969623566,1.4081463813781738
complete_three_mean,esp_020133_1720_red-0022,esp_020133_1720,esp_020133_1720_red-0022_clean,0,clean,0.0,-0.5237974524497986,0.6986505389213562
complete_three_mean,esp_020133_1720_red-0022,esp_020133_1720,esp_020133_1720_red-0022_stripes_0.15,1,stripes,0.15,1.0455907583236694,0.6986505389213562
complete_three_mean,esp_020133_1720_red-0022,esp_020133_1720,esp_020133_1720_red-0022_stripes_0.3,1,stripes,0.3,1.2142508029937744,0.6986505389213562
complete_three_mean,esp_020133_1720_red-0022,esp_020133_1720,esp_020133_1720_red-0022_stripes_0.5,1,stripes,0.5,1.2715246677398682,0.6986505389213562
complete_three_mean,esp_020133_1720_red-0022,esp_020133_1720,esp_020133_1720_red-0022_dead_pixels_0.15,1,dead_pixels,0.15,1.3350154161453247,0.6986505389213562
complete_three_mean,esp_020133_1720_red-0022,esp_020133_1720,esp_020133_1720_red-0022_dead_pixels_0.3,1,dead_pixels,0.3,1.9632488489151,0.6986505389213562
complete_three_mean,esp_020133_1720_red-0022,esp_020133_1720,esp_020133_1720_red-0022_dead_pixels_0.5,1,dead_pixels,0.5,2.0437610149383545,0.6986505389213562
complete_three_mean,esp_020133_1720_red-0022,esp_020133_1720,esp_020133_1720_red-0022_missing_patch_0.15,1,missing_patch,0.15,0.06160081923007965,0.6986505389213562
complete_three_mean,esp_020133_1720_red-0022,esp_020133_1720,esp_020133_1720_red-0022_missing_patch_0.3,1,missing_patch,0.3,0.46065554022789,0.6986505389213562
complete_three_mean,esp_020133_1720_red-0022,esp_020133_1720,esp_020133_1720_red-0022_missing_patch_0.5,1,missing_patch,0.5,0.4163714647293091,0.6986505389213562
complete_three_mean,esp_020133_1720_red-0022,esp_020133_1720,esp_020133_1720_red-0022_local_blur_0.15,1,local_blur,0.15,-0.4201544225215912,0.6986505389213562
complete_three_mean,esp_020133_1720_red-0022,esp_020133_1720,esp_020133_1720_red-0022_local_blur_0.3,1,local_blur,0.3,-0.3181803226470947,0.6986505389213562
complete_three_mean,esp_020133_1720_red-0022,esp_020133_1720,esp_020133_1720_red-0022_local_blur_0.5,1,local_blur,0.5,-0.32660356163978577,0.6986505389213562
complete_three_mean,esp_020133_1720_red-0022,esp_020133_1720,esp_020133_1720_red-0022_patch_duplication_0.15,1,patch_duplication,0.15,-0.6096557974815369,0.6986505389213562
complete_three_mean,esp_020133_1720_red-0022,esp_020133_1720,esp_020133_1720_red-0022_patch_duplication_0.3,1,patch_duplication,0.3,-0.621272623538971,0.6986505389213562
complete_three_mean,esp_020133_1720_red-0022,esp_020133_1720,esp_020133_1720_red-0022_patch_duplication_0.5,1,patch_duplication,0.5,-0.632840633392334,0.6986505389213562
complete_three_mean,esp_020133_1720_red-0022,esp_020133_1720,esp_020133_1720_red-0022_foreign_content_0.15,1,foreign_content,0.15,-0.5260561108589172,0.6986505389213562
complete_three_mean,esp_020133_1720_red-0022,esp_020133_1720,esp_020133_1720_red-0022_foreign_content_0.3,1,foreign_content,0.3,-0.37439170479774475,0.6986505389213562
complete_three_mean,esp_020133_1720_red-0022,esp_020133_1720,esp_020133_1720_red-0022_foreign_content_0.5,1,foreign_content,0.5,0.09857027977705002,0.6986505389213562
complete_three_mean,psp_006766_1850_red-0037,psp_006766_1850,psp_006766_1850_red-0037_clean,0,clean,0.0,1.1497076749801636,0.6986505389213562
complete_three_mean,psp_006766_1850_red-0037,psp_006766_1850,psp_006766_1850_red-0037_stripes_0.15,1,stripes,0.15,1.7303098440170288,0.6986505389213562
complete_three_mean,psp_006766_1850_red-0037,psp_006766_1850,psp_006766_1850_red-0037_stripes_0.3,1,stripes,0.3,1.824830412864685,0.6986505389213562
complete_three_mean,psp_006766_1850_red-0037,psp_006766_1850,psp_006766_1850_red-0037_stripes_0.5,1,stripes,0.5,1.787017822265625,0.6986505389213562
complete_three_mean,psp_006766_1850_red-0037,psp_006766_1850,psp_006766_1850_red-0037_dead_pixels_0.15,1,dead_pixels,0.15,2.338301181793213,0.6986505389213562
complete_three_mean,psp_006766_1850_red-0037,psp_006766_1850,psp_006766_1850_red-0037_dead_pixels_0.3,1,dead_pixels,0.3,2.6598849296569824,0.6986505389213562
complete_three_mean,psp_006766_1850_red-0037,psp_006766_1850,psp_006766_1850_red-0037_dead_pixels_0.5,1,dead_pixels,0.5,3.0196430683135986,0.6986505389213562
complete_three_mean,psp_006766_1850_red-0037,psp_006766_1850,psp_006766_1850_red-0037_missing_patch_0.15,1,missing_patch,0.15,1.2418924570083618,0.6986505389213562
complete_three_mean,psp_006766_1850_red-0037,psp_006766_1850,psp_006766_1850_red-0037_missing_patch_0.3,1,missing_patch,0.3,1.116328477859497,0.6986505389213562
complete_three_mean,psp_006766_1850_red-0037,psp_006766_1850,psp_006766_1850_red-0037_missing_patch_0.5,1,missing_patch,0.5,1.1281214952468872,0.6986505389213562
complete_three_mean,psp_006766_1850_red-0037,psp_006766_1850,psp_006766_1850_red-0037_local_blur_0.15,1,local_blur,0.15,1.1350622177124023,0.6986505389213562
complete_three_mean,psp_006766_1850_red-0037,psp_006766_1850,psp_006766_1850_red-0037_local_blur_0.3,1,local_blur,0.3,1.0104156732559204,0.6986505389213562
complete_three_mean,psp_006766_1850_red-0037,psp_006766_1850,psp_006766_1850_red-0037_local_blur_0.5,1,local_blur,0.5,1.056756615638733,0.6986505389213562
complete_three_mean,psp_006766_1850_red-0037,psp_006766_1850,psp_006766_1850_red-0037_patch_duplication_0.15,1,patch_duplication,0.15,1.1756469011306763,0.6986505389213562
complete_three_mean,psp_006766_1850_red-0037,psp_006766_1850,psp_006766_1850_red-0037_patch_duplication_0.3,1,patch_duplication,0.3,1.0257850885391235,0.6986505389213562
complete_three_mean,psp_006766_1850_red-0037,psp_006766_1850,psp_006766_1850_red-0037_patch_duplication_0.5,1,patch_duplication,0.5,1.0383297204971313,0.6986505389213562
complete_three_mean,psp_006766_1850_red-0037,psp_006766_1850,psp_006766_1850_red-0037_foreign_content_0.15,1,foreign_content,0.15,1.1471248865127563,0.6986505389213562
complete_three_mean,psp_006766_1850_red-0037,psp_006766_1850,psp_006766_1850_red-0037_foreign_content_0.3,1,foreign_content,0.3,1.163690209388733,0.6986505389213562
complete_three_mean,psp_006766_1850_red-0037,psp_006766_1850,psp_006766_1850_red-0037_foreign_content_0.5,1,foreign_content,0.5,1.2610783576965332,0.6986505389213562
complete_three_mean,esp_019559_1390_red-0576,esp_019559_1390,esp_019559_1390_red-0576_clean,0,clean,0.0,-0.07283937931060791,0.6986505389213562
complete_three_mean,esp_019559_1390_red-0576,esp_019559_1390,esp_019559_1390_red-0576_stripes_0.15,1,stripes,0.15,1.247992753982544,0.6986505389213562
complete_three_mean,esp_019559_1390_red-0576,esp_019559_1390,esp_019559_1390_red-0576_stripes_0.3,1,stripes,0.3,1.161116600036621,0.6986505389213562
complete_three_mean,esp_019559_1390_red-0576,esp_019559_1390,esp_019559_1390_red-0576_stripes_0.5,1,stripes,0.5,1.0173300504684448,0.6986505389213562
complete_three_mean,esp_019559_1390_red-0576,esp_019559_1390,esp_019559_1390_red-0576_dead_pixels_0.15,1,dead_pixels,0.15,2.010155200958252,0.6986505389213562
complete_three_mean,esp_019559_1390_red-0576,esp_019559_1390,esp_019559_1390_red-0576_dead_pixels_0.3,1,dead_pixels,0.3,2.6671664714813232,0.6986505389213562
complete_three_mean,esp_019559_1390_red-0576,esp_019559_1390,esp_019559_1390_red-0576_dead_pixels_0.5,1,dead_pixels,0.5,2.8134307861328125,0.6986505389213562
complete_three_mean,esp_019559_1390_red-0576,esp_019559_1390,esp_019559_1390_red-0576_missing_patch_0.15,1,missing_patch,0.15,0.5092335343360901,0.6986505389213562
complete_three_mean,esp_019559_1390_red-0576,esp_019559_1390,esp_019559_1390_red-0576_missing_patch_0.3,1,missing_patch,0.3,1.2696274518966675,0.6986505389213562
complete_three_mean,esp_019559_1390_red-0576,esp_019559_1390,esp_019559_1390_red-0576_missing_patch_0.5,1,missing_patch,0.5,0.6384811997413635,0.6986505389213562
complete_three_mean,esp_019559_1390_red-0576,esp_019559_1390,esp_019559_1390_red-0576_local_blur_0.15,1,local_blur,0.15,-0.1545840948820114,0.6986505389213562
complete_three_mean,esp_019559_1390_red-0576,esp_019559_1390,esp_019559_1390_red-0576_local_blur_0.3,1,local_blur,0.3,-0.20927655696868896,0.6986505389213562
complete_three_mean,esp_019559_1390_red-0576,esp_019559_1390,esp_019559_1390_red-0576_local_blur_0.5,1,local_blur,0.5,-0.11343348026275635,0.6986505389213562
complete_three_mean,esp_019559_1390_red-0576,esp_019559_1390,esp_019559_1390_red-0576_patch_duplication_0.15,1,patch_duplication,0.15,-0.10947304964065552,0.6986505389213562
complete_three_mean,esp_019559_1390_red-0576,esp_019559_1390,esp_019559_1390_red-0576_patch_duplication_0.3,1,patch_duplication,0.3,0.026338404044508934,0.6986505389213562
complete_three_mean,esp_019559_1390_red-0576,esp_019559_1390,esp_019559_1390_red-0576_patch_duplication_0.5,1,patch_duplication,0.5,0.027186809107661247,0.6986505389213562
complete_three_mean,esp_019559_1390_red-0576,esp_019559_1390,esp_019559_1390_red-0576_foreign_content_0.15,1,foreign_content,0.15,-0.040555525571107864,0.6986505389213562
complete_three_mean,esp_019559_1390_red-0576,esp_019559_1390,esp_019559_1390_red-0576_foreign_content_0.3,1,foreign_content,0.3,-0.10289006680250168,0.6986505389213562
complete_three_mean,esp_019559_1390_red-0576,esp_019559_1390,esp_019559_1390_red-0576_foreign_content_0.5,1,foreign_content,0.5,0.15764065086841583,0.6986505389213562
complete_three_mean,esp_016781_2055_red-0188,esp_016781_2055,esp_016781_2055_red-0188_clean,0,clean,0.0,0.42591753602027893,0.6986505389213562
complete_three_mean,esp_016781_2055_red-0188,esp_016781_2055,esp_016781_2055_red-0188_stripes_0.15,1,stripes,0.15,0.9702670574188232,0.6986505389213562
complete_three_mean,esp_016781_2055_red-0188,esp_016781_2055,esp_016781_2055_red-0188_stripes_0.3,1,stripes,0.3,1.0876193046569824,0.6986505389213562
complete_three_mean,esp_016781_2055_red-0188,esp_016781_2055,esp_016781_2055_red-0188_stripes_0.5,1,stripes,0.5,1.0673273801803589,0.6986505389213562
complete_three_mean,esp_016781_2055_red-0188,esp_016781_2055,esp_016781_2055_red-0188_dead_pixels_0.15,1,dead_pixels,0.15,1.5052618980407715,0.6986505389213562
complete_three_mean,esp_016781_2055_red-0188,esp_016781_2055,esp_016781_2055_red-0188_dead_pixels_0.3,1,dead_pixels,0.3,2.0828099250793457,0.6986505389213562
complete_three_mean,esp_016781_2055_red-0188,esp_016781_2055,esp_016781_2055_red-0188_dead_pixels_0.5,1,dead_pixels,0.5,2.2927756309509277,0.6986505389213562
complete_three_mean,esp_016781_2055_red-0188,esp_016781_2055,esp_016781_2055_red-0188_missing_patch_0.15,1,missing_patch,0.15,0.41438814997673035,0.6986505389213562
complete_three_mean,esp_016781_2055_red-0188,esp_016781_2055,esp_016781_2055_red-0188_missing_patch_0.3,1,missing_patch,0.3,0.5635358691215515,0.6986505389213562
complete_three_mean,esp_016781_2055_red-0188,esp_016781_2055,esp_016781_2055_red-0188_missing_patch_0.5,1,missing_patch,0.5,0.12373686581850052,0.6986505389213562
complete_three_mean,esp_016781_2055_red-0188,esp_016781_2055,esp_016781_2055_red-0188_local_blur_0.15,1,local_blur,0.15,0.42494797706604004,0.6986505389213562
complete_three_mean,esp_016781_2055_red-0188,esp_016781_2055,esp_016781_2055_red-0188_local_blur_0.3,1,local_blur,0.3,0.4229947626590729,0.6986505389213562
complete_three_mean,esp_016781_2055_red-0188,esp_016781_2055,esp_016781_2055_red-0188_local_blur_0.5,1,local_blur,0.5,0.4254817068576813,0.6986505389213562
complete_three_mean,esp_016781_2055_red-0188,esp_016781_2055,esp_016781_2055_red-0188_patch_duplication_0.15,1,patch_duplication,0.15,0.3313901722431183,0.6986505389213562
complete_three_mean,esp_016781_2055_red-0188,esp_016781_2055,esp_016781_2055_red-0188_patch_duplication_0.3,1,patch_duplication,0.3,0.5704938769340515,0.6986505389213562
complete_three_mean,esp_016781_2055_red-0188,esp_016781_2055,esp_016781_2055_red-0188_patch_duplication_0.5,1,patch_duplication,0.5,0.16206137835979462,0.6986505389213562
complete_three_mean,esp_016781_2055_red-0188,esp_016781_2055,esp_016781_2055_red-0188_foreign_content_0.15,1,foreign_content,0.15,0.49692821502685547,0.6986505389213562
complete_three_mean,esp_016781_2055_red-0188,esp_016781_2055,esp_016781_2055_red-0188_foreign_content_0.3,1,foreign_content,0.3,0.41173091530799866,0.6986505389213562
complete_three_mean,esp_016781_2055_red-0188,esp_016781_2055,esp_016781_2055_red-0188_foreign_content_0.5,1,foreign_content,0.5,0.9802252650260925,0.6986505389213562
complete_three_mean,esp_016613_2570_red-0034,esp_016613_2570,esp_016613_2570_red-0034_clean,0,clean,0.0,0.47928038239479065,0.6986505389213562
complete_three_mean,esp_016613_2570_red-0034,esp_016613_2570,esp_016613_2570_red-0034_stripes_0.15,1,stripes,0.15,1.4531034231185913,0.6986505389213562
complete_three_mean,esp_016613_2570_red-0034,esp_016613_2570,esp_016613_2570_red-0034_stripes_0.3,1,stripes,0.3,1.5399662256240845,0.6986505389213562
complete_three_mean,esp_016613_2570_red-0034,esp_016613_2570,esp_016613_2570_red-0034_stripes_0.5,1,stripes,0.5,1.6054223775863647,0.6986505389213562
complete_three_mean,esp_016613_2570_red-0034,esp_016613_2570,esp_016613_2570_red-0034_dead_pixels_0.15,1,dead_pixels,0.15,1.002555012702942,0.6986505389213562
complete_three_mean,esp_016613_2570_red-0034,esp_016613_2570,esp_016613_2570_red-0034_dead_pixels_0.3,1,dead_pixels,0.3,1.610298752784729,0.6986505389213562
complete_three_mean,esp_016613_2570_red-0034,esp_016613_2570,esp_016613_2570_red-0034_dead_pixels_0.5,1,dead_pixels,0.5,1.8158597946166992,0.6986505389213562
complete_three_mean,esp_016613_2570_red-0034,esp_016613_2570,esp_016613_2570_red-0034_missing_patch_0.15,1,missing_patch,0.15,0.6448989510536194,0.6986505389213562
complete_three_mean,esp_016613_2570_red-0034,esp_016613_2570,esp_016613_2570_red-0034_missing_patch_0.3,1,missing_patch,0.3,0.9035269618034363,0.6986505389213562
complete_three_mean,esp_016613_2570_red-0034,esp_016613_2570,esp_016613_2570_red-0034_missing_patch_0.5,1,missing_patch,0.5,0.8274490833282471,0.6986505389213562
complete_three_mean,esp_016613_2570_red-0034,esp_016613_2570,esp_016613_2570_red-0034_local_blur_0.15,1,local_blur,0.15,0.5685380697250366,0.6986505389213562
complete_three_mean,esp_016613_2570_red-0034,esp_016613_2570,esp_016613_2570_red-0034_local_blur_0.3,1,local_blur,0.3,0.5096418857574463,0.6986505389213562
complete_three_mean,esp_016613_2570_red-0034,esp_016613_2570,esp_016613_2570_red-0034_local_blur_0.5,1,local_blur,0.5,0.3460001051425934,0.6986505389213562
complete_three_mean,esp_016613_2570_red-0034,esp_016613_2570,esp_016613_2570_red-0034_patch_duplication_0.15,1,patch_duplication,0.15,0.4710787832736969,0.6986505389213562
complete_three_mean,esp_016613_2570_red-0034,esp_016613_2570,esp_016613_2570_red-0034_patch_duplication_0.3,1,patch_duplication,0.3,0.47215965390205383,0.6986505389213562
complete_three_mean,esp_016613_2570_red-0034,esp_016613_2570,esp_016613_2570_red-0034_patch_duplication_0.5,1,patch_duplication,0.5,0.4755851924419403,0.6986505389213562
complete_three_mean,esp_016613_2570_red-0034,esp_016613_2570,esp_016613_2570_red-0034_foreign_content_0.15,1,foreign_content,0.15,0.39398637413978577,0.6986505389213562
complete_three_mean,esp_016613_2570_red-0034,esp_016613_2570,esp_016613_2570_red-0034_foreign_content_0.3,1,foreign_content,0.3,0.3651711940765381,0.6986505389213562
complete_three_mean,esp_016613_2570_red-0034,esp_016613_2570,esp_016613_2570_red-0034_foreign_content_0.5,1,foreign_content,0.5,0.6059603095054626,0.6986505389213562
complete_three_mean,esp_017395_1700_red-0007,esp_017395_1700,esp_017395_1700_red-0007_clean,0,clean,0.0,-0.23128736019134521,0.6986505389213562
complete_three_mean,esp_017395_1700_red-0007,esp_017395_1700,esp_017395_1700_red-0007_stripes_0.15,1,stripes,0.15,0.8571879863739014,0.6986505389213562
complete_three_mean,esp_017395_1700_red-0007,esp_017395_1700,esp_017395_1700_red-0007_stripes_0.3,1,stripes,0.3,0.7812247276306152,0.6986505389213562
complete_three_mean,esp_017395_1700_red-0007,esp_017395_1700,esp_017395_1700_red-0007_stripes_0.5,1,stripes,0.5,0.6283655762672424,0.6986505389213562
complete_three_mean,esp_017395_1700_red-0007,esp_017395_1700,esp_017395_1700_red-0007_dead_pixels_0.15,1,dead_pixels,0.15,2.8606176376342773,0.6986505389213562
complete_three_mean,esp_017395_1700_red-0007,esp_017395_1700,esp_017395_1700_red-0007_dead_pixels_0.3,1,dead_pixels,0.3,3.3870913982391357,0.6986505389213562
complete_three_mean,esp_017395_1700_red-0007,esp_017395_1700,esp_017395_1700_red-0007_dead_pixels_0.5,1,dead_pixels,0.5,3.9944489002227783,0.6986505389213562
complete_three_mean,esp_017395_1700_red-0007,esp_017395_1700,esp_017395_1700_red-0007_missing_patch_0.15,1,missing_patch,0.15,0.13018293678760529,0.6986505389213562
complete_three_mean,esp_017395_1700_red-0007,esp_017395_1700,esp_017395_1700_red-0007_missing_patch_0.3,1,missing_patch,0.3,0.4263385236263275,0.6986505389213562
complete_three_mean,esp_017395_1700_red-0007,esp_017395_1700,esp_017395_1700_red-0007_missing_patch_0.5,1,missing_patch,0.5,0.315777987241745,0.6986505389213562
complete_three_mean,esp_017395_1700_red-0007,esp_017395_1700,esp_017395_1700_red-0007_local_blur_0.15,1,local_blur,0.15,-0.2209850549697876,0.6986505389213562
complete_three_mean,esp_017395_1700_red-0007,esp_017395_1700,esp_017395_1700_red-0007_local_blur_0.3,1,local_blur,0.3,-0.23515160381793976,0.6986505389213562
complete_three_mean,esp_017395_1700_red-0007,esp_017395_1700,esp_017395_1700_red-0007_local_blur_0.5,1,local_blur,0.5,-0.28935521841049194,0.6986505389213562
complete_three_mean,esp_017395_1700_red-0007,esp_017395_1700,esp_017395_1700_red-0007_patch_duplication_0.15,1,patch_duplication,0.15,-0.30685341358184814,0.6986505389213562
complete_three_mean,esp_017395_1700_red-0007,esp_017395_1700,esp_017395_1700_red-0007_patch_duplication_0.3,1,patch_duplication,0.3,-0.4276527464389801,0.6986505389213562
complete_three_mean,esp_017395_1700_red-0007,esp_017395_1700,esp_017395_1700_red-0007_patch_duplication_0.5,1,patch_duplication,0.5,-0.28831765055656433,0.6986505389213562
complete_three_mean,esp_017395_1700_red-0007,esp_017395_1700,esp_017395_1700_red-0007_foreign_content_0.15,1,foreign_content,0.15,-0.2830750644207001,0.6986505389213562
complete_three_mean,esp_017395_1700_red-0007,esp_017395_1700,esp_017395_1700_red-0007_foreign_content_0.3,1,foreign_content,0.3,-0.17705489695072174,0.6986505389213562
complete_three_mean,esp_017395_1700_red-0007,esp_017395_1700,esp_017395_1700_red-0007_foreign_content_0.5,1,foreign_content,0.5,0.07115162163972855,0.6986505389213562
complete_three_mean,esp_012057_0950_red-0111,esp_012057_0950,esp_012057_0950_red-0111_clean,0,clean,0.0,0.45471298694610596,0.6986505389213562
complete_three_mean,esp_012057_0950_red-0111,esp_012057_0950,esp_012057_0950_red-0111_stripes_0.15,1,stripes,0.15,1.5788484811782837,0.6986505389213562
complete_three_mean,esp_012057_0950_red-0111,esp_012057_0950,esp_012057_0950_red-0111_stripes_0.3,1,stripes,0.3,1.3763436079025269,0.6986505389213562
complete_three_mean,esp_012057_0950_red-0111,esp_012057_0950,esp_012057_0950_red-0111_stripes_0.5,1,stripes,0.5,1.0474555492401123,0.6986505389213562
complete_three_mean,esp_012057_0950_red-0111,esp_012057_0950,esp_012057_0950_red-0111_dead_pixels_0.15,1,dead_pixels,0.15,2.9085543155670166,0.6986505389213562
complete_three_mean,esp_012057_0950_red-0111,esp_012057_0950,esp_012057_0950_red-0111_dead_pixels_0.3,1,dead_pixels,0.3,3.333348512649536,0.6986505389213562
complete_three_mean,esp_012057_0950_red-0111,esp_012057_0950,esp_012057_0950_red-0111_dead_pixels_0.5,1,dead_pixels,0.5,3.5341835021972656,0.6986505389213562
complete_three_mean,esp_012057_0950_red-0111,esp_012057_0950,esp_012057_0950_red-0111_missing_patch_0.15,1,missing_patch,0.15,0.43378946185112,0.6986505389213562
complete_three_mean,esp_012057_0950_red-0111,esp_012057_0950,esp_012057_0950_red-0111_missing_patch_0.3,1,missing_patch,0.3,0.5219983458518982,0.6986505389213562
complete_three_mean,esp_012057_0950_red-0111,esp_012057_0950,esp_012057_0950_red-0111_missing_patch_0.5,1,missing_patch,0.5,0.6500020623207092,0.6986505389213562
complete_three_mean,esp_012057_0950_red-0111,esp_012057_0950,esp_012057_0950_red-0111_local_blur_0.15,1,local_blur,0.15,0.46759867668151855,0.6986505389213562
complete_three_mean,esp_012057_0950_red-0111,esp_012057_0950,esp_012057_0950_red-0111_local_blur_0.3,1,local_blur,0.3,0.48160770535469055,0.6986505389213562
complete_three_mean,esp_012057_0950_red-0111,esp_012057_0950,esp_012057_0950_red-0111_local_blur_0.5,1,local_blur,0.5,0.5072370171546936,0.6986505389213562
complete_three_mean,esp_012057_0950_red-0111,esp_012057_0950,esp_012057_0950_red-0111_patch_duplication_0.15,1,patch_duplication,0.15,0.4636524021625519,0.6986505389213562
complete_three_mean,esp_012057_0950_red-0111,esp_012057_0950,esp_012057_0950_red-0111_patch_duplication_0.3,1,patch_duplication,0.3,0.4413946568965912,0.6986505389213562
complete_three_mean,esp_012057_0950_red-0111,esp_012057_0950,esp_012057_0950_red-0111_patch_duplication_0.5,1,patch_duplication,0.5,0.4391963481903076,0.6986505389213562
complete_three_mean,esp_012057_0950_red-0111,esp_012057_0950,esp_012057_0950_red-0111_foreign_content_0.15,1,foreign_content,0.15,0.49257704615592957,0.6986505389213562
complete_three_mean,esp_012057_0950_red-0111,esp_012057_0950,esp_012057_0950_red-0111_foreign_content_0.3,1,foreign_content,0.3,0.5219548344612122,0.6986505389213562
complete_three_mean,esp_012057_0950_red-0111,esp_012057_0950,esp_012057_0950_red-0111_foreign_content_0.5,1,foreign_content,0.5,0.6667483448982239,0.6986505389213562
complete_three_mean,esp_049651_1050_red-0070,esp_049651_1050,esp_049651_1050_red-0070_clean,0,clean,0.0,-0.4062219560146332,0.6986505389213562
complete_three_mean,esp_049651_1050_red-0070,esp_049651_1050,esp_049651_1050_red-0070_stripes_0.15,1,stripes,0.15,1.064989686012268,0.6986505389213562
complete_three_mean,esp_049651_1050_red-0070,esp_049651_1050,esp_049651_1050_red-0070_stripes_0.3,1,stripes,0.3,1.0855793952941895,0.6986505389213562
complete_three_mean,esp_049651_1050_red-0070,esp_049651_1050,esp_049651_1050_red-0070_stripes_0.5,1,stripes,0.5,0.9755250811576843,0.6986505389213562
complete_three_mean,esp_049651_1050_red-0070,esp_049651_1050,esp_049651_1050_red-0070_dead_pixels_0.15,1,dead_pixels,0.15,1.00078547000885,0.6986505389213562
complete_three_mean,esp_049651_1050_red-0070,esp_049651_1050,esp_049651_1050_red-0070_dead_pixels_0.3,1,dead_pixels,0.3,1.674657940864563,0.6986505389213562
complete_three_mean,esp_049651_1050_red-0070,esp_049651_1050,esp_049651_1050_red-0070_dead_pixels_0.5,1,dead_pixels,0.5,2.1541032791137695,0.6986505389213562
complete_three_mean,esp_049651_1050_red-0070,esp_049651_1050,esp_049651_1050_red-0070_missing_patch_0.15,1,missing_patch,0.15,0.28441229462623596,0.6986505389213562
complete_three_mean,esp_049651_1050_red-0070,esp_049651_1050,esp_049651_1050_red-0070_missing_patch_0.3,1,missing_patch,0.3,0.5330708026885986,0.6986505389213562
complete_three_mean,esp_049651_1050_red-0070,esp_049651_1050,esp_049651_1050_red-0070_missing_patch_0.5,1,missing_patch,0.5,0.5943681001663208,0.6986505389213562
complete_three_mean,esp_049651_1050_red-0070,esp_049651_1050,esp_049651_1050_red-0070_local_blur_0.15,1,local_blur,0.15,0.07773206382989883,0.6986505389213562
complete_three_mean,esp_049651_1050_red-0070,esp_049651_1050,esp_049651_1050_red-0070_local_blur_0.3,1,local_blur,0.3,0.1417892873287201,0.6986505389213562
complete_three_mean,esp_049651_1050_red-0070,esp_049651_1050,esp_049651_1050_red-0070_local_blur_0.5,1,local_blur,0.5,0.10845756530761719,0.6986505389213562
complete_three_mean,esp_049651_1050_red-0070,esp_049651_1050,esp_049651_1050_red-0070_patch_duplication_0.15,1,patch_duplication,0.15,-0.431944340467453,0.6986505389213562
complete_three_mean,esp_049651_1050_red-0070,esp_049651_1050,esp_049651_1050_red-0070_patch_duplication_0.3,1,patch_duplication,0.3,-0.41387131810188293,0.6986505389213562
complete_three_mean,esp_049651_1050_red-0070,esp_049651_1050,esp_049651_1050_red-0070_patch_duplication_0.5,1,patch_duplication,0.5,-0.6197710037231445,0.6986505389213562
complete_three_mean,esp_049651_1050_red-0070,esp_049651_1050,esp_049651_1050_red-0070_foreign_content_0.15,1,foreign_content,0.15,-0.29904672503471375,0.6986505389213562
complete_three_mean,esp_049651_1050_red-0070,esp_049651_1050,esp_049651_1050_red-0070_foreign_content_0.3,1,foreign_content,0.3,-0.3323464095592499,0.6986505389213562
complete_three_mean,esp_049651_1050_red-0070,esp_049651_1050,esp_049651_1050_red-0070_foreign_content_0.5,1,foreign_content,0.5,-0.11510896682739258,0.6986505389213562
complete_three_mean,psp_006766_1850_red-0101,psp_006766_1850,psp_006766_1850_red-0101_clean,0,clean,0.0,-0.1673295497894287,0.6986505389213562
complete_three_mean,psp_006766_1850_red-0101,psp_006766_1850,psp_006766_1850_red-0101_stripes_0.15,1,stripes,0.15,1.0769104957580566,0.6986505389213562
complete_three_mean,psp_006766_1850_red-0101,psp_006766_1850,psp_006766_1850_red-0101_stripes_0.3,1,stripes,0.3,1.0616164207458496,0.6986505389213562
complete_three_mean,psp_006766_1850_red-0101,psp_006766_1850,psp_006766_1850_red-0101_stripes_0.5,1,stripes,0.5,0.9944244027137756,0.6986505389213562
complete_three_mean,psp_006766_1850_red-0101,psp_006766_1850,psp_006766_1850_red-0101_dead_pixels_0.15,1,dead_pixels,0.15,1.416134238243103,0.6986505389213562
complete_three_mean,psp_006766_1850_red-0101,psp_006766_1850,psp_006766_1850_red-0101_dead_pixels_0.3,1,dead_pixels,0.3,1.9777501821517944,0.6986505389213562
complete_three_mean,psp_006766_1850_red-0101,psp_006766_1850,psp_006766_1850_red-0101_dead_pixels_0.5,1,dead_pixels,0.5,2.406987428665161,0.6986505389213562
complete_three_mean,psp_006766_1850_red-0101,psp_006766_1850,psp_006766_1850_red-0101_missing_patch_0.15,1,missing_patch,0.15,0.06968801468610764,0.6986505389213562
complete_three_mean,psp_006766_1850_red-0101,psp_006766_1850,psp_006766_1850_red-0101_missing_patch_0.3,1,missing_patch,0.3,0.2117483764886856,0.6986505389213562
complete_three_mean,psp_006766_1850_red-0101,psp_006766_1850,psp_006766_1850_red-0101_missing_patch_0.5,1,missing_patch,0.5,0.7769848704338074,0.6986505389213562
complete_three_mean,psp_006766_1850_red-0101,psp_006766_1850,psp_006766_1850_red-0101_local_blur_0.15,1,local_blur,0.15,0.008209933526813984,0.6986505389213562
complete_three_mean,psp_006766_1850_red-0101,psp_006766_1850,psp_006766_1850_red-0101_local_blur_0.3,1,local_blur,0.3,0.013553460128605366,0.6986505389213562
complete_three_mean,psp_006766_1850_red-0101,psp_006766_1850,psp_006766_1850_red-0101_local_blur_0.5,1,local_blur,0.5,0.02173326350748539,0.6986505389213562
complete_three_mean,psp_006766_1850_red-0101,psp_006766_1850,psp_006766_1850_red-0101_patch_duplication_0.15,1,patch_duplication,0.15,-0.20105095207691193,0.6986505389213562
complete_three_mean,psp_006766_1850_red-0101,psp_006766_1850,psp_006766_1850_red-0101_patch_duplication_0.3,1,patch_duplication,0.3,-0.20720617473125458,0.6986505389213562
complete_three_mean,psp_006766_1850_red-0101,psp_006766_1850,psp_006766_1850_red-0101_patch_duplication_0.5,1,patch_duplication,0.5,-0.22033490240573883,0.6986505389213562
complete_three_mean,psp_006766_1850_red-0101,psp_006766_1850,psp_006766_1850_red-0101_foreign_content_0.15,1,foreign_content,0.15,-0.2377302199602127,0.6986505389213562
complete_three_mean,psp_006766_1850_red-0101,psp_006766_1850,psp_006766_1850_red-0101_foreign_content_0.3,1,foreign_content,0.3,0.039017755538225174,0.6986505389213562
complete_three_mean,psp_006766_1850_red-0101,psp_006766_1850,psp_006766_1850_red-0101_foreign_content_0.5,1,foreign_content,0.5,0.12396606802940369,0.6986505389213562
complete_three_mean,esp_016148_2040_red-0097,esp_016148_2040,esp_016148_2040_red-0097_clean,0,clean,0.0,0.06661676615476608,0.6986505389213562
complete_three_mean,esp_016148_2040_red-0097,esp_016148_2040,esp_016148_2040_red-0097_stripes_0.15,1,stripes,0.15,0.8313375115394592,0.6986505389213562
complete_three_mean,esp_016148_2040_red-0097,esp_016148_2040,esp_016148_2040_red-0097_stripes_0.3,1,stripes,0.3,0.7927281260490417,0.6986505389213562
complete_three_mean,esp_016148_2040_red-0097,esp_016148_2040,esp_016148_2040_red-0097_stripes_0.5,1,stripes,0.5,0.7058265805244446,0.6986505389213562
complete_three_mean,esp_016148_2040_red-0097,esp_016148_2040,esp_016148_2040_red-0097_dead_pixels_0.15,1,dead_pixels,0.15,1.6313773393630981,0.6986505389213562
complete_three_mean,esp_016148_2040_red-0097,esp_016148_2040,esp_016148_2040_red-0097_dead_pixels_0.3,1,dead_pixels,0.3,2.551953077316284,0.6986505389213562
complete_three_mean,esp_016148_2040_red-0097,esp_016148_2040,esp_016148_2040_red-0097_dead_pixels_0.5,1,dead_pixels,0.5,3.1574432849884033,0.6986505389213562
complete_three_mean,esp_016148_2040_red-0097,esp_016148_2040,esp_016148_2040_red-0097_missing_patch_0.15,1,missing_patch,0.15,0.7388541102409363,0.6986505389213562
complete_three_mean,esp_016148_2040_red-0097,esp_016148_2040,esp_016148_2040_red-0097_missing_patch_0.3,1,missing_patch,0.3,0.6063260436058044,0.6986505389213562
complete_three_mean,esp_016148_2040_red-0097,esp_016148_2040,esp_016148_2040_red-0097_missing_patch_0.5,1,missing_patch,0.5,0.4927174150943756,0.6986505389213562
complete_three_mean,esp_016148_2040_red-0097,esp_016148_2040,esp_016148_2040_red-0097_local_blur_0.15,1,local_blur,0.15,0.143803209066391,0.6986505389213562
complete_three_mean,esp_016148_2040_red-0097,esp_016148_2040,esp_016148_2040_red-0097_local_blur_0.3,1,local_blur,0.3,0.15832336246967316,0.6986505389213562
complete_three_mean,esp_016148_2040_red-0097,esp_016148_2040,esp_016148_2040_red-0097_local_blur_0.5,1,local_blur,0.5,0.17218811810016632,0.6986505389213562
complete_three_mean,esp_016148_2040_red-0097,esp_016148_2040,esp_016148_2040_red-0097_patch_duplication_0.15,1,patch_duplication,0.15,0.03747802972793579,0.6986505389213562
complete_three_mean,esp_016148_2040_red-0097,esp_016148_2040,esp_016148_2040_red-0097_patch_duplication_0.3,1,patch_duplication,0.3,0.04627842828631401,0.6986505389213562
complete_three_mean,esp_016148_2040_red-0097,esp_016148_2040,esp_016148_2040_red-0097_patch_duplication_0.5,1,patch_duplication,0.5,0.07544052600860596,0.6986505389213562
complete_three_mean,esp_016148_2040_red-0097,esp_016148_2040,esp_016148_2040_red-0097_foreign_content_0.15,1,foreign_content,0.15,0.1697075515985489,0.6986505389213562
complete_three_mean,esp_016148_2040_red-0097,esp_016148_2040,esp_016148_2040_red-0097_foreign_content_0.3,1,foreign_content,0.3,0.2715112864971161,0.6986505389213562
complete_three_mean,esp_016148_2040_red-0097,esp_016148_2040,esp_016148_2040_red-0097_foreign_content_0.5,1,foreign_content,0.5,0.2086002677679062,0.6986505389213562
complete_three_mean,esp_011716_0940_red-0008,esp_011716_0940,esp_011716_0940_red-0008_clean,0,clean,0.0,-0.18630005419254303,0.6986505389213562
complete_three_mean,esp_011716_0940_red-0008,esp_011716_0940,esp_011716_0940_red-0008_stripes_0.15,1,stripes,0.15,0.9028420448303223,0.6986505389213562
complete_three_mean,esp_011716_0940_red-0008,esp_011716_0940,esp_011716_0940_red-0008_stripes_0.3,1,stripes,0.3,0.9229544997215271,0.6986505389213562
complete_three_mean,esp_011716_0940_red-0008,esp_011716_0940,esp_011716_0940_red-0008_stripes_0.5,1,stripes,0.5,0.8431540131568909,0.6986505389213562
complete_three_mean,esp_011716_0940_red-0008,esp_011716_0940,esp_011716_0940_red-0008_dead_pixels_0.15,1,dead_pixels,0.15,1.0075193643569946,0.6986505389213562
complete_three_mean,esp_011716_0940_red-0008,esp_011716_0940,esp_011716_0940_red-0008_dead_pixels_0.3,1,dead_pixels,0.3,1.5746461153030396,0.6986505389213562
complete_three_mean,esp_011716_0940_red-0008,esp_011716_0940,esp_011716_0940_red-0008_dead_pixels_0.5,1,dead_pixels,0.5,2.4885895252227783,0.6986505389213562
complete_three_mean,esp_011716_0940_red-0008,esp_011716_0940,esp_011716_0940_red-0008_missing_patch_0.15,1,missing_patch,0.15,-0.1786910742521286,0.6986505389213562
complete_three_mean,esp_011716_0940_red-0008,esp_011716_0940,esp_011716_0940_red-0008_missing_patch_0.3,1,missing_patch,0.3,-0.08393474668264389,0.6986505389213562
complete_three_mean,esp_011716_0940_red-0008,esp_011716_0940,esp_011716_0940_red-0008_missing_patch_0.5,1,missing_patch,0.5,0.2849953770637512,0.6986505389213562
complete_three_mean,esp_011716_0940_red-0008,esp_011716_0940,esp_011716_0940_red-0008_local_blur_0.15,1,local_blur,0.15,-0.17880840599536896,0.6986505389213562
complete_three_mean,esp_011716_0940_red-0008,esp_011716_0940,esp_011716_0940_red-0008_local_blur_0.3,1,local_blur,0.3,-0.2826971113681793,0.6986505389213562
complete_three_mean,esp_011716_0940_red-0008,esp_011716_0940,esp_011716_0940_red-0008_local_blur_0.5,1,local_blur,0.5,-0.27711763978004456,0.6986505389213562
complete_three_mean,esp_011716_0940_red-0008,esp_011716_0940,esp_011716_0940_red-0008_patch_duplication_0.15,1,patch_duplication,0.15,-0.2348310798406601,0.6986505389213562
complete_three_mean,esp_011716_0940_red-0008,esp_011716_0940,esp_011716_0940_red-0008_patch_duplication_0.3,1,patch_duplication,0.3,-0.2527930736541748,0.6986505389213562
complete_three_mean,esp_011716_0940_red-0008,esp_011716_0940,esp_011716_0940_red-0008_patch_duplication_0.5,1,patch_duplication,0.5,-0.0855630412697792,0.6986505389213562
complete_three_mean,esp_011716_0940_red-0008,esp_011716_0940,esp_011716_0940_red-0008_foreign_content_0.15,1,foreign_content,0.15,-0.1788027435541153,0.6986505389213562
complete_three_mean,esp_011716_0940_red-0008,esp_011716_0940,esp_011716_0940_red-0008_foreign_content_0.3,1,foreign_content,0.3,0.01882106065750122,0.6986505389213562
complete_three_mean,esp_011716_0940_red-0008,esp_011716_0940,esp_011716_0940_red-0008_foreign_content_0.5,1,foreign_content,0.5,0.19634537398815155,0.6986505389213562
complete_three_mean,esp_013141_2105_red-0004,esp_013141_2105,esp_013141_2105_red-0004_clean,0,clean,0.0,-0.8296902179718018,0.6986505389213562
complete_three_mean,esp_013141_2105_red-0004,esp_013141_2105,esp_013141_2105_red-0004_stripes_0.15,1,stripes,0.15,0.846034049987793,0.6986505389213562
complete_three_mean,esp_013141_2105_red-0004,esp_013141_2105,esp_013141_2105_red-0004_stripes_0.3,1,stripes,0.3,0.8943880200386047,0.6986505389213562
complete_three_mean,esp_013141_2105_red-0004,esp_013141_2105,esp_013141_2105_red-0004_stripes_0.5,1,stripes,0.5,0.8378713726997375,0.6986505389213562
complete_three_mean,esp_013141_2105_red-0004,esp_013141_2105,esp_013141_2105_red-0004_dead_pixels_0.15,1,dead_pixels,0.15,2.0512518882751465,0.6986505389213562
complete_three_mean,esp_013141_2105_red-0004,esp_013141_2105,esp_013141_2105_red-0004_dead_pixels_0.3,1,dead_pixels,0.3,2.66805362701416,0.6986505389213562
complete_three_mean,esp_013141_2105_red-0004,esp_013141_2105,esp_013141_2105_red-0004_dead_pixels_0.5,1,dead_pixels,0.5,3.3169822692871094,0.6986505389213562
complete_three_mean,esp_013141_2105_red-0004,esp_013141_2105,esp_013141_2105_red-0004_missing_patch_0.15,1,missing_patch,0.15,-0.06960790604352951,0.6986505389213562
complete_three_mean,esp_013141_2105_red-0004,esp_013141_2105,esp_013141_2105_red-0004_missing_patch_0.3,1,missing_patch,0.3,0.33149632811546326,0.6986505389213562
complete_three_mean,esp_013141_2105_red-0004,esp_013141_2105,esp_013141_2105_red-0004_missing_patch_0.5,1,missing_patch,0.5,0.31077635288238525,0.6986505389213562
complete_three_mean,esp_013141_2105_red-0004,esp_013141_2105,esp_013141_2105_red-0004_local_blur_0.15,1,local_blur,0.15,-0.8371474742889404,0.6986505389213562
complete_three_mean,esp_013141_2105_red-0004,esp_013141_2105,esp_013141_2105_red-0004_local_blur_0.3,1,local_blur,0.3,-0.8359332084655762,0.6986505389213562
complete_three_mean,esp_013141_2105_red-0004,esp_013141_2105,esp_013141_2105_red-0004_local_blur_0.5,1,local_blur,0.5,-0.8344048857688904,0.6986505389213562
complete_three_mean,esp_013141_2105_red-0004,esp_013141_2105,esp_013141_2105_red-0004_patch_duplication_0.15,1,patch_duplication,0.15,-0.8994987607002258,0.6986505389213562
complete_three_mean,esp_013141_2105_red-0004,esp_013141_2105,esp_013141_2105_red-0004_patch_duplication_0.3,1,patch_duplication,0.3,-0.8732190132141113,0.6986505389213562
complete_three_mean,esp_013141_2105_red-0004,esp_013141_2105,esp_013141_2105_red-0004_patch_duplication_0.5,1,patch_duplication,0.5,-0.7481964230537415,0.6986505389213562
complete_three_mean,esp_013141_2105_red-0004,esp_013141_2105,esp_013141_2105_red-0004_foreign_content_0.15,1,foreign_content,0.15,-0.6891219019889832,0.6986505389213562
complete_three_mean,esp_013141_2105_red-0004,esp_013141_2105,esp_013141_2105_red-0004_foreign_content_0.3,1,foreign_content,0.3,-0.5386567115783691,0.6986505389213562
complete_three_mean,esp_013141_2105_red-0004,esp_013141_2105,esp_013141_2105_red-0004_foreign_content_0.5,1,foreign_content,0.5,-0.009611745364964008,0.6986505389213562
complete_three_mean,esp_016613_2570_red-0043,esp_016613_2570,esp_016613_2570_red-0043_clean,0,clean,0.0,0.7550728917121887,0.6986505389213562
complete_three_mean,esp_016613_2570_red-0043,esp_016613_2570,esp_016613_2570_red-0043_stripes_0.15,1,stripes,0.15,1.3724371194839478,0.6986505389213562
complete_three_mean,esp_016613_2570_red-0043,esp_016613_2570,esp_016613_2570_red-0043_stripes_0.3,1,stripes,0.3,1.5377987623214722,0.6986505389213562
complete_three_mean,esp_016613_2570_red-0043,esp_016613_2570,esp_016613_2570_red-0043_stripes_0.5,1,stripes,0.5,1.637886881828308,0.6986505389213562
complete_three_mean,esp_016613_2570_red-0043,esp_016613_2570,esp_016613_2570_red-0043_dead_pixels_0.15,1,dead_pixels,0.15,1.3193094730377197,0.6986505389213562
complete_three_mean,esp_016613_2570_red-0043,esp_016613_2570,esp_016613_2570_red-0043_dead_pixels_0.3,1,dead_pixels,0.3,1.7730385065078735,0.6986505389213562
complete_three_mean,esp_016613_2570_red-0043,esp_016613_2570,esp_016613_2570_red-0043_dead_pixels_0.5,1,dead_pixels,0.5,2.724856376647949,0.6986505389213562
complete_three_mean,esp_016613_2570_red-0043,esp_016613_2570,esp_016613_2570_red-0043_missing_patch_0.15,1,missing_patch,0.15,0.9563355445861816,0.6986505389213562
complete_three_mean,esp_016613_2570_red-0043,esp_016613_2570,esp_016613_2570_red-0043_missing_patch_0.3,1,missing_patch,0.3,0.6994668841362,0.6986505389213562
complete_three_mean,esp_016613_2570_red-0043,esp_016613_2570,esp_016613_2570_red-0043_missing_patch_0.5,1,missing_patch,0.5,0.8221862316131592,0.6986505389213562
complete_three_mean,esp_016613_2570_red-0043,esp_016613_2570,esp_016613_2570_red-0043_local_blur_0.15,1,local_blur,0.15,0.8392567038536072,0.6986505389213562
complete_three_mean,esp_016613_2570_red-0043,esp_016613_2570,esp_016613_2570_red-0043_local_blur_0.3,1,local_blur,0.3,0.8537809252738953,0.6986505389213562
complete_three_mean,esp_016613_2570_red-0043,esp_016613_2570,esp_016613_2570_red-0043_local_blur_0.5,1,local_blur,0.5,0.7580547332763672,0.6986505389213562
complete_three_mean,esp_016613_2570_red-0043,esp_016613_2570,esp_016613_2570_red-0043_patch_duplication_0.15,1,patch_duplication,0.15,0.7221382260322571,0.6986505389213562
complete_three_mean,esp_016613_2570_red-0043,esp_016613_2570,esp_016613_2570_red-0043_patch_duplication_0.3,1,patch_duplication,0.3,0.7889153957366943,0.6986505389213562
complete_three_mean,esp_016613_2570_red-0043,esp_016613_2570,esp_016613_2570_red-0043_patch_duplication_0.5,1,patch_duplication,0.5,0.6411635279655457,0.6986505389213562
complete_three_mean,esp_016613_2570_red-0043,esp_016613_2570,esp_016613_2570_red-0043_foreign_content_0.15,1,foreign_content,0.15,0.7747986316680908,0.6986505389213562
complete_three_mean,esp_016613_2570_red-0043,esp_016613_2570,esp_016613_2570_red-0043_foreign_content_0.3,1,foreign_content,0.3,0.8219297528266907,0.6986505389213562
complete_three_mean,esp_016613_2570_red-0043,esp_016613_2570,esp_016613_2570_red-0043_foreign_content_0.5,1,foreign_content,0.5,0.929297149181366,0.6986505389213562
complete_three_mean,esp_017395_1700_red-0049,esp_017395_1700,esp_017395_1700_red-0049_clean,0,clean,0.0,-0.28958943486213684,0.6986505389213562
complete_three_mean,esp_017395_1700_red-0049,esp_017395_1700,esp_017395_1700_red-0049_stripes_0.15,1,stripes,0.15,1.0752454996109009,0.6986505389213562
complete_three_mean,esp_017395_1700_red-0049,esp_017395_1700,esp_017395_1700_red-0049_stripes_0.3,1,stripes,0.3,0.9740046858787537,0.6986505389213562
complete_three_mean,esp_017395_1700_red-0049,esp_017395_1700,esp_017395_1700_red-0049_stripes_0.5,1,stripes,0.5,0.7485330700874329,0.6986505389213562
complete_three_mean,esp_017395_1700_red-0049,esp_017395_1700,esp_017395_1700_red-0049_dead_pixels_0.15,1,dead_pixels,0.15,1.6161383390426636,0.6986505389213562
complete_three_mean,esp_017395_1700_red-0049,esp_017395_1700,esp_017395_1700_red-0049_dead_pixels_0.3,1,dead_pixels,0.3,2.754009485244751,0.6986505389213562
complete_three_mean,esp_017395_1700_red-0049,esp_017395_1700,esp_017395_1700_red-0049_dead_pixels_0.5,1,dead_pixels,0.5,3.0946738719940186,0.6986505389213562
complete_three_mean,esp_017395_1700_red-0049,esp_017395_1700,esp_017395_1700_red-0049_missing_patch_0.15,1,missing_patch,0.15,-0.19285738468170166,0.6986505389213562
complete_three_mean,esp_017395_1700_red-0049,esp_017395_1700,esp_017395_1700_red-0049_missing_patch_0.3,1,missing_patch,0.3,0.13468103110790253,0.6986505389213562
complete_three_mean,esp_017395_1700_red-0049,esp_017395_1700,esp_017395_1700_red-0049_missing_patch_0.5,1,missing_patch,0.5,0.25007790327072144,0.6986505389213562
complete_three_mean,esp_017395_1700_red-0049,esp_017395_1700,esp_017395_1700_red-0049_local_blur_0.15,1,local_blur,0.15,-0.29396915435791016,0.6986505389213562
complete_three_mean,esp_017395_1700_red-0049,esp_017395_1700,esp_017395_1700_red-0049_local_blur_0.3,1,local_blur,0.3,-0.3036826550960541,0.6986505389213562
complete_three_mean,esp_017395_1700_red-0049,esp_017395_1700,esp_017395_1700_red-0049_local_blur_0.5,1,local_blur,0.5,-0.29873812198638916,0.6986505389213562
complete_three_mean,esp_017395_1700_red-0049,esp_017395_1700,esp_017395_1700_red-0049_patch_duplication_0.15,1,patch_duplication,0.15,-0.33808067440986633,0.6986505389213562
complete_three_mean,esp_017395_1700_red-0049,esp_017395_1700,esp_017395_1700_red-0049_patch_duplication_0.3,1,patch_duplication,0.3,-0.3286920487880707,0.6986505389213562
complete_three_mean,esp_017395_1700_red-0049,esp_017395_1700,esp_017395_1700_red-0049_patch_duplication_0.5,1,patch_duplication,0.5,-0.3487449884414673,0.6986505389213562
complete_three_mean,esp_017395_1700_red-0049,esp_017395_1700,esp_017395_1700_red-0049_foreign_content_0.15,1,foreign_content,0.15,-0.19013220071792603,0.6986505389213562
complete_three_mean,esp_017395_1700_red-0049,esp_017395_1700,esp_017395_1700_red-0049_foreign_content_0.3,1,foreign_content,0.3,-0.09289848059415817,0.6986505389213562
complete_three_mean,esp_017395_1700_red-0049,esp_017395_1700,esp_017395_1700_red-0049_foreign_content_0.5,1,foreign_content,0.5,0.0029054880142211914,0.6986505389213562
complete_three_mean,esp_012588_0930_red-0008,esp_012588_0930,esp_012588_0930_red-0008_clean,0,clean,0.0,0.659982442855835,0.6986505389213562
complete_three_mean,esp_012588_0930_red-0008,esp_012588_0930,esp_012588_0930_red-0008_stripes_0.15,1,stripes,0.15,1.4707916975021362,0.6986505389213562
complete_three_mean,esp_012588_0930_red-0008,esp_012588_0930,esp_012588_0930_red-0008_stripes_0.3,1,stripes,0.3,1.401398777961731,0.6986505389213562
complete_three_mean,esp_012588_0930_red-0008,esp_012588_0930,esp_012588_0930_red-0008_stripes_0.5,1,stripes,0.5,1.1162288188934326,0.6986505389213562
complete_three_mean,esp_012588_0930_red-0008,esp_012588_0930,esp_012588_0930_red-0008_dead_pixels_0.15,1,dead_pixels,0.15,2.36045241355896,0.6986505389213562
complete_three_mean,esp_012588_0930_red-0008,esp_012588_0930,esp_012588_0930_red-0008_dead_pixels_0.3,1,dead_pixels,0.3,2.592540979385376,0.6986505389213562
complete_three_mean,esp_012588_0930_red-0008,esp_012588_0930,esp_012588_0930_red-0008_dead_pixels_0.5,1,dead_pixels,0.5,2.660850763320923,0.6986505389213562
complete_three_mean,esp_012588_0930_red-0008,esp_012588_0930,esp_012588_0930_red-0008_missing_patch_0.15,1,missing_patch,0.15,0.6921488642692566,0.6986505389213562
complete_three_mean,esp_012588_0930_red-0008,esp_012588_0930,esp_012588_0930_red-0008_missing_patch_0.3,1,missing_patch,0.3,1.0051132440567017,0.6986505389213562
complete_three_mean,esp_012588_0930_red-0008,esp_012588_0930,esp_012588_0930_red-0008_missing_patch_0.5,1,missing_patch,0.5,0.8498294353485107,0.6986505389213562
complete_three_mean,esp_012588_0930_red-0008,esp_012588_0930,esp_012588_0930_red-0008_local_blur_0.15,1,local_blur,0.15,0.6807181239128113,0.6986505389213562
complete_three_mean,esp_012588_0930_red-0008,esp_012588_0930,esp_012588_0930_red-0008_local_blur_0.3,1,local_blur,0.3,0.8375694155693054,0.6986505389213562
complete_three_mean,esp_012588_0930_red-0008,esp_012588_0930,esp_012588_0930_red-0008_local_blur_0.5,1,local_blur,0.5,1.0263019800186157,0.6986505389213562
complete_three_mean,esp_012588_0930_red-0008,esp_012588_0930,esp_012588_0930_red-0008_patch_duplication_0.15,1,patch_duplication,0.15,0.6295507550239563,0.6986505389213562
complete_three_mean,esp_012588_0930_red-0008,esp_012588_0930,esp_012588_0930_red-0008_patch_duplication_0.3,1,patch_duplication,0.3,0.5630909204483032,0.6986505389213562
complete_three_mean,esp_012588_0930_red-0008,esp_012588_0930,esp_012588_0930_red-0008_patch_duplication_0.5,1,patch_duplication,0.5,0.6340898871421814,0.6986505389213562
complete_three_mean,esp_012588_0930_red-0008,esp_012588_0930,esp_012588_0930_red-0008_foreign_content_0.15,1,foreign_content,0.15,0.6470792889595032,0.6986505389213562
complete_three_mean,esp_012588_0930_red-0008,esp_012588_0930,esp_012588_0930_red-0008_foreign_content_0.3,1,foreign_content,0.3,0.7032797932624817,0.6986505389213562
complete_three_mean,esp_012588_0930_red-0008,esp_012588_0930,esp_012588_0930_red-0008_foreign_content_0.5,1,foreign_content,0.5,0.8582345843315125,0.6986505389213562
complete_three_mean,esp_049651_1050_red-0030,esp_049651_1050,esp_049651_1050_red-0030_clean,0,clean,0.0,-0.05083699896931648,0.6986505389213562
complete_three_mean,esp_049651_1050_red-0030,esp_049651_1050,esp_049651_1050_red-0030_stripes_0.15,1,stripes,0.15,1.0412143468856812,0.6986505389213562
complete_three_mean,esp_049651_1050_red-0030,esp_049651_1050,esp_049651_1050_red-0030_stripes_0.3,1,stripes,0.3,1.249954104423523,0.6986505389213562
complete_three_mean,esp_049651_1050_red-0030,esp_049651_1050,esp_049651_1050_red-0030_stripes_0.5,1,stripes,0.5,1.369484782218933,0.6986505389213562
complete_three_mean,esp_049651_1050_red-0030,esp_049651_1050,esp_049651_1050_red-0030_dead_pixels_0.15,1,dead_pixels,0.15,1.224509358406067,0.6986505389213562
complete_three_mean,esp_049651_1050_red-0030,esp_049651_1050,esp_049651_1050_red-0030_dead_pixels_0.3,1,dead_pixels,0.3,1.6306573152542114,0.6986505389213562
complete_three_mean,esp_049651_1050_red-0030,esp_049651_1050,esp_049651_1050_red-0030_dead_pixels_0.5,1,dead_pixels,0.5,2.3734290599823,0.6986505389213562
complete_three_mean,esp_049651_1050_red-0030,esp_049651_1050,esp_049651_1050_red-0030_missing_patch_0.15,1,missing_patch,0.15,0.07856796681880951,0.6986505389213562
complete_three_mean,esp_049651_1050_red-0030,esp_049651_1050,esp_049651_1050_red-0030_missing_patch_0.3,1,missing_patch,0.3,0.5316736698150635,0.6986505389213562
complete_three_mean,esp_049651_1050_red-0030,esp_049651_1050,esp_049651_1050_red-0030_missing_patch_0.5,1,missing_patch,0.5,0.6138489246368408,0.6986505389213562
complete_three_mean,esp_049651_1050_red-0030,esp_049651_1050,esp_049651_1050_red-0030_local_blur_0.15,1,local_blur,0.15,0.034463126212358475,0.6986505389213562
complete_three_mean,esp_049651_1050_red-0030,esp_049651_1050,esp_049651_1050_red-0030_local_blur_0.3,1,local_blur,0.3,0.06397897750139236,0.6986505389213562
complete_three_mean,esp_049651_1050_red-0030,esp_049651_1050,esp_049651_1050_red-0030_local_blur_0.5,1,local_blur,0.5,-0.00986789632588625,0.6986505389213562
complete_three_mean,esp_049651_1050_red-0030,esp_049651_1050,esp_049651_1050_red-0030_patch_duplication_0.15,1,patch_duplication,0.15,-0.07881098985671997,0.6986505389213562
complete_three_mean,esp_049651_1050_red-0030,esp_049651_1050,esp_049651_1050_red-0030_patch_duplication_0.3,1,patch_duplication,0.3,-0.14311382174491882,0.6986505389213562
complete_three_mean,esp_049651_1050_red-0030,esp_049651_1050,esp_049651_1050_red-0030_patch_duplication_0.5,1,patch_duplication,0.5,0.07392183691263199,0.6986505389213562
complete_three_mean,esp_049651_1050_red-0030,esp_049651_1050,esp_049651_1050_red-0030_foreign_content_0.15,1,foreign_content,0.15,-0.05737339332699776,0.6986505389213562
complete_three_mean,esp_049651_1050_red-0030,esp_049651_1050,esp_049651_1050_red-0030_foreign_content_0.3,1,foreign_content,0.3,0.14005739986896515,0.6986505389213562
complete_three_mean,esp_049651_1050_red-0030,esp_049651_1050,esp_049651_1050_red-0030_foreign_content_0.5,1,foreign_content,0.5,0.09188845008611679,0.6986505389213562
complete_three_max,esp_020133_1720_red-0022,esp_020133_1720,esp_020133_1720_red-0022_clean,0,clean,0.0,0.053097859025001526,1.4081463813781738
complete_three_max,esp_020133_1720_red-0022,esp_020133_1720,esp_020133_1720_red-0022_stripes_0.15,1,stripes,0.15,3.753504753112793,1.4081463813781738
complete_three_max,esp_020133_1720_red-0022,esp_020133_1720,esp_020133_1720_red-0022_stripes_0.3,1,stripes,0.3,4.304048538208008,1.4081463813781738
complete_three_max,esp_020133_1720_red-0022,esp_020133_1720,esp_020133_1720_red-0022_stripes_0.5,1,stripes,0.5,4.55451774597168,1.4081463813781738
complete_three_max,esp_020133_1720_red-0022,esp_020133_1720,esp_020133_1720_red-0022_dead_pixels_0.15,1,dead_pixels,0.15,4.864502906799316,1.4081463813781738
complete_three_max,esp_020133_1720_red-0022,esp_020133_1720,esp_020133_1720_red-0022_dead_pixels_0.3,1,dead_pixels,0.3,6.880460262298584,1.4081463813781738
complete_three_max,esp_020133_1720_red-0022,esp_020133_1720,esp_020133_1720_red-0022_dead_pixels_0.5,1,dead_pixels,0.5,7.015256404876709,1.4081463813781738
complete_three_max,esp_020133_1720_red-0022,esp_020133_1720,esp_020133_1720_red-0022_missing_patch_0.15,1,missing_patch,0.15,0.3951472043991089,1.4081463813781738
complete_three_max,esp_020133_1720_red-0022,esp_020133_1720,esp_020133_1720_red-0022_missing_patch_0.3,1,missing_patch,0.3,0.6692095398902893,1.4081463813781738
complete_three_max,esp_020133_1720_red-0022,esp_020133_1720,esp_020133_1720_red-0022_missing_patch_0.5,1,missing_patch,0.5,0.9332479238510132,1.4081463813781738
complete_three_max,esp_020133_1720_red-0022,esp_020133_1720,esp_020133_1720_red-0022_local_blur_0.15,1,local_blur,0.15,0.36014237999916077,1.4081463813781738
complete_three_max,esp_020133_1720_red-0022,esp_020133_1720,esp_020133_1720_red-0022_local_blur_0.3,1,local_blur,0.3,0.52040696144104,1.4081463813781738
complete_three_max,esp_020133_1720_red-0022,esp_020133_1720,esp_020133_1720_red-0022_local_blur_0.5,1,local_blur,0.5,0.5344830751419067,1.4081463813781738
complete_three_max,esp_020133_1720_red-0022,esp_020133_1720,esp_020133_1720_red-0022_patch_duplication_0.15,1,patch_duplication,0.15,-0.19016332924365997,1.4081463813781738
complete_three_max,esp_020133_1720_red-0022,esp_020133_1720,esp_020133_1720_red-0022_patch_duplication_0.3,1,patch_duplication,0.3,-0.16384999454021454,1.4081463813781738
complete_three_max,esp_020133_1720_red-0022,esp_020133_1720,esp_020133_1720_red-0022_patch_duplication_0.5,1,patch_duplication,0.5,-0.1785723716020584,1.4081463813781738
complete_three_max,esp_020133_1720_red-0022,esp_020133_1720,esp_020133_1720_red-0022_foreign_content_0.15,1,foreign_content,0.15,0.10873337090015411,1.4081463813781738
complete_three_max,esp_020133_1720_red-0022,esp_020133_1720,esp_020133_1720_red-0022_foreign_content_0.3,1,foreign_content,0.3,0.2542167603969574,1.4081463813781738
complete_three_max,esp_020133_1720_red-0022,esp_020133_1720,esp_020133_1720_red-0022_foreign_content_0.5,1,foreign_content,0.5,0.7451335787773132,1.4081463813781738
complete_three_max,psp_006766_1850_red-0037,psp_006766_1850,psp_006766_1850_red-0037_clean,0,clean,0.0,1.8335905075073242,1.4081463813781738
complete_three_max,psp_006766_1850_red-0037,psp_006766_1850,psp_006766_1850_red-0037_stripes_0.15,1,stripes,0.15,2.673250198364258,1.4081463813781738
complete_three_max,psp_006766_1850_red-0037,psp_006766_1850,psp_006766_1850_red-0037_stripes_0.3,1,stripes,0.3,3.7991220951080322,1.4081463813781738
complete_three_max,psp_006766_1850_red-0037,psp_006766_1850,psp_006766_1850_red-0037_stripes_0.5,1,stripes,0.5,4.408531188964844,1.4081463813781738
complete_three_max,psp_006766_1850_red-0037,psp_006766_1850,psp_006766_1850_red-0037_dead_pixels_0.15,1,dead_pixels,0.15,5.402934551239014,1.4081463813781738
complete_three_max,psp_006766_1850_red-0037,psp_006766_1850,psp_006766_1850_red-0037_dead_pixels_0.3,1,dead_pixels,0.3,6.328727722167969,1.4081463813781738
complete_three_max,psp_006766_1850_red-0037,psp_006766_1850,psp_006766_1850_red-0037_dead_pixels_0.5,1,dead_pixels,0.5,7.425863265991211,1.4081463813781738
complete_three_max,psp_006766_1850_red-0037,psp_006766_1850,psp_006766_1850_red-0037_missing_patch_0.15,1,missing_patch,0.15,1.737379789352417,1.4081463813781738
complete_three_max,psp_006766_1850_red-0037,psp_006766_1850,psp_006766_1850_red-0037_missing_patch_0.3,1,missing_patch,0.3,1.6581459045410156,1.4081463813781738
complete_three_max,psp_006766_1850_red-0037,psp_006766_1850,psp_006766_1850_red-0037_missing_patch_0.5,1,missing_patch,0.5,1.6355255842208862,1.4081463813781738
complete_three_max,psp_006766_1850_red-0037,psp_006766_1850,psp_006766_1850_red-0037_local_blur_0.15,1,local_blur,0.15,1.8274644613265991,1.4081463813781738
complete_three_max,psp_006766_1850_red-0037,psp_006766_1850,psp_006766_1850_red-0037_local_blur_0.3,1,local_blur,0.3,1.3901461362838745,1.4081463813781738
complete_three_max,psp_006766_1850_red-0037,psp_006766_1850,psp_006766_1850_red-0037_local_blur_0.5,1,local_blur,0.5,1.3473570346832275,1.4081463813781738
complete_three_max,psp_006766_1850_red-0037,psp_006766_1850,psp_006766_1850_red-0037_patch_duplication_0.15,1,patch_duplication,0.15,1.820798397064209,1.4081463813781738
complete_three_max,psp_006766_1850_red-0037,psp_006766_1850,psp_006766_1850_red-0037_patch_duplication_0.3,1,patch_duplication,0.3,1.7952731847763062,1.4081463813781738
complete_three_max,psp_006766_1850_red-0037,psp_006766_1850,psp_006766_1850_red-0037_patch_duplication_0.5,1,patch_duplication,0.5,1.764946699142456,1.4081463813781738
complete_three_max,psp_006766_1850_red-0037,psp_006766_1850,psp_006766_1850_red-0037_foreign_content_0.15,1,foreign_content,0.15,1.8026591539382935,1.4081463813781738
complete_three_max,psp_006766_1850_red-0037,psp_006766_1850,psp_006766_1850_red-0037_foreign_content_0.3,1,foreign_content,0.3,1.731698751449585,1.4081463813781738
complete_three_max,psp_006766_1850_red-0037,psp_006766_1850,psp_006766_1850_red-0037_foreign_content_0.5,1,foreign_content,0.5,1.6741011142730713,1.4081463813781738
complete_three_max,esp_019559_1390_red-0576,esp_019559_1390,esp_019559_1390_red-0576_clean,0,clean,0.0,0.4256705939769745,1.4081463813781738
complete_three_max,esp_019559_1390_red-0576,esp_019559_1390,esp_019559_1390_red-0576_stripes_0.15,1,stripes,0.15,3.7594916820526123,1.4081463813781738
complete_three_max,esp_019559_1390_red-0576,esp_019559_1390,esp_019559_1390_red-0576_stripes_0.3,1,stripes,0.3,3.7937097549438477,1.4081463813781738
complete_three_max,esp_019559_1390_red-0576,esp_019559_1390,esp_019559_1390_red-0576_stripes_0.5,1,stripes,0.5,3.5484116077423096,1.4081463813781738
complete_three_max,esp_019559_1390_red-0576,esp_019559_1390,esp_019559_1390_red-0576_dead_pixels_0.15,1,dead_pixels,0.15,6.785191535949707,1.4081463813781738
complete_three_max,esp_019559_1390_red-0576,esp_019559_1390,esp_019559_1390_red-0576_dead_pixels_0.3,1,dead_pixels,0.3,8.812362670898438,1.4081463813781738
complete_three_max,esp_019559_1390_red-0576,esp_019559_1390,esp_019559_1390_red-0576_dead_pixels_0.5,1,dead_pixels,0.5,8.732503890991211,1.4081463813781738
complete_three_max,esp_019559_1390_red-0576,esp_019559_1390,esp_019559_1390_red-0576_missing_patch_0.15,1,missing_patch,0.15,0.8651421666145325,1.4081463813781738
complete_three_max,esp_019559_1390_red-0576,esp_019559_1390,esp_019559_1390_red-0576_missing_patch_0.3,1,missing_patch,0.3,2.2101752758026123,1.4081463813781738
complete_three_max,esp_019559_1390_red-0576,esp_019559_1390,esp_019559_1390_red-0576_missing_patch_0.5,1,missing_patch,0.5,0.9671114087104797,1.4081463813781738
complete_three_max,esp_019559_1390_red-0576,esp_019559_1390,esp_019559_1390_red-0576_local_blur_0.15,1,local_blur,0.15,0.2911401689052582,1.4081463813781738
complete_three_max,esp_019559_1390_red-0576,esp_019559_1390,esp_019559_1390_red-0576_local_blur_0.3,1,local_blur,0.3,0.23792769014835358,1.4081463813781738
complete_three_max,esp_019559_1390_red-0576,esp_019559_1390,esp_019559_1390_red-0576_local_blur_0.5,1,local_blur,0.5,0.24287892878055573,1.4081463813781738
complete_three_max,esp_019559_1390_red-0576,esp_019559_1390,esp_019559_1390_red-0576_patch_duplication_0.15,1,patch_duplication,0.15,0.4246670603752136,1.4081463813781738
complete_three_max,esp_019559_1390_red-0576,esp_019559_1390,esp_019559_1390_red-0576_patch_duplication_0.3,1,patch_duplication,0.3,0.3964811861515045,1.4081463813781738
complete_three_max,esp_019559_1390_red-0576,esp_019559_1390,esp_019559_1390_red-0576_patch_duplication_0.5,1,patch_duplication,0.5,0.34429123997688293,1.4081463813781738
complete_three_max,esp_019559_1390_red-0576,esp_019559_1390,esp_019559_1390_red-0576_foreign_content_0.15,1,foreign_content,0.15,0.499954491853714,1.4081463813781738
complete_three_max,esp_019559_1390_red-0576,esp_019559_1390,esp_019559_1390_red-0576_foreign_content_0.3,1,foreign_content,0.3,0.25911951065063477,1.4081463813781738
complete_three_max,esp_019559_1390_red-0576,esp_019559_1390,esp_019559_1390_red-0576_foreign_content_0.5,1,foreign_content,0.5,0.5601478815078735,1.4081463813781738
complete_three_max,esp_016781_2055_red-0188,esp_016781_2055,esp_016781_2055_red-0188_clean,0,clean,0.0,1.0048161745071411,1.4081463813781738
complete_three_max,esp_016781_2055_red-0188,esp_016781_2055,esp_016781_2055_red-0188_stripes_0.15,1,stripes,0.15,2.7237584590911865,1.4081463813781738
complete_three_max,esp_016781_2055_red-0188,esp_016781_2055,esp_016781_2055_red-0188_stripes_0.3,1,stripes,0.3,3.4741179943084717,1.4081463813781738
complete_three_max,esp_016781_2055_red-0188,esp_016781_2055,esp_016781_2055_red-0188_stripes_0.5,1,stripes,0.5,3.6922662258148193,1.4081463813781738
complete_three_max,esp_016781_2055_red-0188,esp_016781_2055,esp_016781_2055_red-0188_dead_pixels_0.15,1,dead_pixels,0.15,2.635080337524414,1.4081463813781738
complete_three_max,esp_016781_2055_red-0188,esp_016781_2055,esp_016781_2055_red-0188_dead_pixels_0.3,1,dead_pixels,0.3,4.615080833435059,1.4081463813781738
complete_three_max,esp_016781_2055_red-0188,esp_016781_2055,esp_016781_2055_red-0188_dead_pixels_0.5,1,dead_pixels,0.5,5.322365760803223,1.4081463813781738
complete_three_max,esp_016781_2055_red-0188,esp_016781_2055,esp_016781_2055_red-0188_missing_patch_0.15,1,missing_patch,0.15,1.0102165937423706,1.4081463813781738
complete_three_max,esp_016781_2055_red-0188,esp_016781_2055,esp_016781_2055_red-0188_missing_patch_0.3,1,missing_patch,0.3,1.0341535806655884,1.4081463813781738
complete_three_max,esp_016781_2055_red-0188,esp_016781_2055,esp_016781_2055_red-0188_missing_patch_0.5,1,missing_patch,0.5,1.073777198791504,1.4081463813781738
complete_three_max,esp_016781_2055_red-0188,esp_016781_2055,esp_016781_2055_red-0188_local_blur_0.15,1,local_blur,0.15,1.0045154094696045,1.4081463813781738
complete_three_max,esp_016781_2055_red-0188,esp_016781_2055,esp_016781_2055_red-0188_local_blur_0.3,1,local_blur,0.3,1.0045011043548584,1.4081463813781738
complete_three_max,esp_016781_2055_red-0188,esp_016781_2055,esp_016781_2055_red-0188_local_blur_0.5,1,local_blur,0.5,1.002982497215271,1.4081463813781738
complete_three_max,esp_016781_2055_red-0188,esp_016781_2055,esp_016781_2055_red-0188_patch_duplication_0.15,1,patch_duplication,0.15,0.8879140615463257,1.4081463813781738
complete_three_max,esp_016781_2055_red-0188,esp_016781_2055,esp_016781_2055_red-0188_patch_duplication_0.3,1,patch_duplication,0.3,1.0789567232131958,1.4081463813781738
complete_three_max,esp_016781_2055_red-0188,esp_016781_2055,esp_016781_2055_red-0188_patch_duplication_0.5,1,patch_duplication,0.5,0.8567616939544678,1.4081463813781738
complete_three_max,esp_016781_2055_red-0188,esp_016781_2055,esp_016781_2055_red-0188_foreign_content_0.15,1,foreign_content,0.15,1.032606601715088,1.4081463813781738
complete_three_max,esp_016781_2055_red-0188,esp_016781_2055,esp_016781_2055_red-0188_foreign_content_0.3,1,foreign_content,0.3,1.1120660305023193,1.4081463813781738
complete_three_max,esp_016781_2055_red-0188,esp_016781_2055,esp_016781_2055_red-0188_foreign_content_0.5,1,foreign_content,0.5,1.4553552865982056,1.4081463813781738
complete_three_max,esp_016613_2570_red-0034,esp_016613_2570,esp_016613_2570_red-0034_clean,0,clean,0.0,0.8375164270401001,1.4081463813781738
complete_three_max,esp_016613_2570_red-0034,esp_016613_2570,esp_016613_2570_red-0034_stripes_0.15,1,stripes,0.15,3.418795347213745,1.4081463813781738
complete_three_max,esp_016613_2570_red-0034,esp_016613_2570,esp_016613_2570_red-0034_stripes_0.3,1,stripes,0.3,3.8779428005218506,1.4081463813781738
complete_three_max,esp_016613_2570_red-0034,esp_016613_2570,esp_016613_2570_red-0034_stripes_0.5,1,stripes,0.5,4.206027030944824,1.4081463813781738
complete_three_max,esp_016613_2570_red-0034,esp_016613_2570,esp_016613_2570_red-0034_dead_pixels_0.15,1,dead_pixels,0.15,1.7468522787094116,1.4081463813781738
complete_three_max,esp_016613_2570_red-0034,esp_016613_2570,esp_016613_2570_red-0034_dead_pixels_0.3,1,dead_pixels,0.3,3.344508409500122,1.4081463813781738
complete_three_max,esp_016613_2570_red-0034,esp_016613_2570,esp_016613_2570_red-0034_dead_pixels_0.5,1,dead_pixels,0.5,4.12235689163208,1.4081463813781738
complete_three_max,esp_016613_2570_red-0034,esp_016613_2570,esp_016613_2570_red-0034_missing_patch_0.15,1,missing_patch,0.15,1.1321903467178345,1.4081463813781738
complete_three_max,esp_016613_2570_red-0034,esp_016613_2570,esp_016613_2570_red-0034_missing_patch_0.3,1,missing_patch,0.3,1.4689267873764038,1.4081463813781738
complete_three_max,esp_016613_2570_red-0034,esp_016613_2570,esp_016613_2570_red-0034_missing_patch_0.5,1,missing_patch,0.5,1.6287915706634521,1.4081463813781738
complete_three_max,esp_016613_2570_red-0034,esp_016613_2570,esp_016613_2570_red-0034_local_blur_0.15,1,local_blur,0.15,1.1215544939041138,1.4081463813781738
complete_three_max,esp_016613_2570_red-0034,esp_016613_2570,esp_016613_2570_red-0034_local_blur_0.3,1,local_blur,0.3,1.1500929594039917,1.4081463813781738
complete_three_max,esp_016613_2570_red-0034,esp_016613_2570,esp_016613_2570_red-0034_local_blur_0.5,1,local_blur,0.5,1.1476629972457886,1.4081463813781738
complete_three_max,esp_016613_2570_red-0034,esp_016613_2570,esp_016613_2570_red-0034_patch_duplication_0.15,1,patch_duplication,0.15,0.8421335816383362,1.4081463813781738
complete_three_max,esp_016613_2570_red-0034,esp_016613_2570,esp_016613_2570_red-0034_patch_duplication_0.3,1,patch_duplication,0.3,0.8426781296730042,1.4081463813781738
complete_three_max,esp_016613_2570_red-0034,esp_016613_2570,esp_016613_2570_red-0034_patch_duplication_0.5,1,patch_duplication,0.5,0.8442652225494385,1.4081463813781738
complete_three_max,esp_016613_2570_red-0034,esp_016613_2570,esp_016613_2570_red-0034_foreign_content_0.15,1,foreign_content,0.15,0.8897614479064941,1.4081463813781738
complete_three_max,esp_016613_2570_red-0034,esp_016613_2570,esp_016613_2570_red-0034_foreign_content_0.3,1,foreign_content,0.3,0.987141489982605,1.4081463813781738
complete_three_max,esp_016613_2570_red-0034,esp_016613_2570,esp_016613_2570_red-0034_foreign_content_0.5,1,foreign_content,0.5,1.3120287656784058,1.4081463813781738
complete_three_max,esp_017395_1700_red-0007,esp_017395_1700,esp_017395_1700_red-0007_clean,0,clean,0.0,-0.02457737922668457,1.4081463813781738
complete_three_max,esp_017395_1700_red-0007,esp_017395_1700,esp_017395_1700_red-0007_stripes_0.15,1,stripes,0.15,3.0290586948394775,1.4081463813781738
complete_three_max,esp_017395_1700_red-0007,esp_017395_1700,esp_017395_1700_red-0007_stripes_0.3,1,stripes,0.3,2.9997470378875732,1.4081463813781738
complete_three_max,esp_017395_1700_red-0007,esp_017395_1700,esp_017395_1700_red-0007_stripes_0.5,1,stripes,0.5,2.7629897594451904,1.4081463813781738
complete_three_max,esp_017395_1700_red-0007,esp_017395_1700,esp_017395_1700_red-0007_dead_pixels_0.15,1,dead_pixels,0.15,9.395670890808105,1.4081463813781738
complete_three_max,esp_017395_1700_red-0007,esp_017395_1700,esp_017395_1700_red-0007_dead_pixels_0.3,1,dead_pixels,0.3,10.487068176269531,1.4081463813781738
complete_three_max,esp_017395_1700_red-0007,esp_017395_1700,esp_017395_1700_red-0007_dead_pixels_0.5,1,dead_pixels,0.5,11.845755577087402,1.4081463813781738
complete_three_max,esp_017395_1700_red-0007,esp_017395_1700,esp_017395_1700_red-0007_missing_patch_0.15,1,missing_patch,0.15,0.29757964611053467,1.4081463813781738
complete_three_max,esp_017395_1700_red-0007,esp_017395_1700,esp_017395_1700_red-0007_missing_patch_0.3,1,missing_patch,0.3,0.7222291231155396,1.4081463813781738
complete_three_max,esp_017395_1700_red-0007,esp_017395_1700,esp_017395_1700_red-0007_missing_patch_0.5,1,missing_patch,0.5,0.7920949459075928,1.4081463813781738
complete_three_max,esp_017395_1700_red-0007,esp_017395_1700,esp_017395_1700_red-0007_local_blur_0.15,1,local_blur,0.15,-0.024137532338500023,1.4081463813781738
complete_three_max,esp_017395_1700_red-0007,esp_017395_1700,esp_017395_1700_red-0007_local_blur_0.3,1,local_blur,0.3,-0.025579672306776047,1.4081463813781738
complete_three_max,esp_017395_1700_red-0007,esp_017395_1700,esp_017395_1700_red-0007_local_blur_0.5,1,local_blur,0.5,-0.028858158737421036,1.4081463813781738
complete_three_max,esp_017395_1700_red-0007,esp_017395_1700,esp_017395_1700_red-0007_patch_duplication_0.15,1,patch_duplication,0.15,-0.21780961751937866,1.4081463813781738
complete_three_max,esp_017395_1700_red-0007,esp_017395_1700,esp_017395_1700_red-0007_patch_duplication_0.3,1,patch_duplication,0.3,-0.17103728652000427,1.4081463813781738
complete_three_max,esp_017395_1700_red-0007,esp_017395_1700,esp_017395_1700_red-0007_patch_duplication_0.5,1,patch_duplication,0.5,-0.17884576320648193,1.4081463813781738
complete_three_max,esp_017395_1700_red-0007,esp_017395_1700,esp_017395_1700_red-0007_foreign_content_0.15,1,foreign_content,0.15,-0.007362385280430317,1.4081463813781738
complete_three_max,esp_017395_1700_red-0007,esp_017395_1700,esp_017395_1700_red-0007_foreign_content_0.3,1,foreign_content,0.3,0.08384530991315842,1.4081463813781738
complete_three_max,esp_017395_1700_red-0007,esp_017395_1700,esp_017395_1700_red-0007_foreign_content_0.5,1,foreign_content,0.5,0.6999117732048035,1.4081463813781738
complete_three_max,esp_012057_0950_red-0111,esp_012057_0950,esp_012057_0950_red-0111_clean,0,clean,0.0,1.2406957149505615,1.4081463813781738
complete_three_max,esp_012057_0950_red-0111,esp_012057_0950,esp_012057_0950_red-0111_stripes_0.15,1,stripes,0.15,3.998460531234741,1.4081463813781738
complete_three_max,esp_012057_0950_red-0111,esp_012057_0950,esp_012057_0950_red-0111_stripes_0.3,1,stripes,0.3,3.9815075397491455,1.4081463813781738
complete_three_max,esp_012057_0950_red-0111,esp_012057_0950,esp_012057_0950_red-0111_stripes_0.5,1,stripes,0.5,3.4734113216400146,1.4081463813781738
complete_three_max,esp_012057_0950_red-0111,esp_012057_0950,esp_012057_0950_red-0111_dead_pixels_0.15,1,dead_pixels,0.15,8.921070098876953,1.4081463813781738
complete_three_max,esp_012057_0950_red-0111,esp_012057_0950,esp_012057_0950_red-0111_dead_pixels_0.3,1,dead_pixels,0.3,9.51200008392334,1.4081463813781738
complete_three_max,esp_012057_0950_red-0111,esp_012057_0950,esp_012057_0950_red-0111_dead_pixels_0.5,1,dead_pixels,0.5,10.71326732635498,1.4081463813781738
complete_three_max,esp_012057_0950_red-0111,esp_012057_0950,esp_012057_0950_red-0111_missing_patch_0.15,1,missing_patch,0.15,0.9684010148048401,1.4081463813781738
complete_three_max,esp_012057_0950_red-0111,esp_012057_0950,esp_012057_0950_red-0111_missing_patch_0.3,1,missing_patch,0.3,0.9419536590576172,1.4081463813781738
complete_three_max,esp_012057_0950_red-0111,esp_012057_0950,esp_012057_0950_red-0111_missing_patch_0.5,1,missing_patch,0.5,0.9347651600837708,1.4081463813781738
complete_three_max,esp_012057_0950_red-0111,esp_012057_0950,esp_012057_0950_red-0111_local_blur_0.15,1,local_blur,0.15,1.2406649589538574,1.4081463813781738
complete_three_max,esp_012057_0950_red-0111,esp_012057_0950,esp_012057_0950_red-0111_local_blur_0.3,1,local_blur,0.3,1.240497350692749,1.4081463813781738
complete_three_max,esp_012057_0950_red-0111,esp_012057_0950,esp_012057_0950_red-0111_local_blur_0.5,1,local_blur,0.5,1.2514992952346802,1.4081463813781738
complete_three_max,esp_012057_0950_red-0111,esp_012057_0950,esp_012057_0950_red-0111_patch_duplication_0.15,1,patch_duplication,0.15,1.4962055683135986,1.4081463813781738
complete_three_max,esp_012057_0950_red-0111,esp_012057_0950,esp_012057_0950_red-0111_patch_duplication_0.3,1,patch_duplication,0.3,1.4799495935440063,1.4081463813781738
complete_three_max,esp_012057_0950_red-0111,esp_012057_0950,esp_012057_0950_red-0111_patch_duplication_0.5,1,patch_duplication,0.5,1.2732832431793213,1.4081463813781738
complete_three_max,esp_012057_0950_red-0111,esp_012057_0950,esp_012057_0950_red-0111_foreign_content_0.15,1,foreign_content,0.15,1.2421622276306152,1.4081463813781738
complete_three_max,esp_012057_0950_red-0111,esp_012057_0950,esp_012057_0950_red-0111_foreign_content_0.3,1,foreign_content,0.3,1.2320908308029175,1.4081463813781738
complete_three_max,esp_012057_0950_red-0111,esp_012057_0950,esp_012057_0950_red-0111_foreign_content_0.5,1,foreign_content,0.5,1.191648006439209,1.4081463813781738
complete_three_max,esp_049651_1050_red-0070,esp_049651_1050,esp_049651_1050_red-0070_clean,0,clean,0.0,0.1413797289133072,1.4081463813781738
complete_three_max,esp_049651_1050_red-0070,esp_049651_1050,esp_049651_1050_red-0070_stripes_0.15,1,stripes,0.15,4.219302177429199,1.4081463813781738
complete_three_max,esp_049651_1050_red-0070,esp_049651_1050,esp_049651_1050_red-0070_stripes_0.3,1,stripes,0.3,4.308791637420654,1.4081463813781738
complete_three_max,esp_049651_1050_red-0070,esp_049651_1050,esp_049651_1050_red-0070_stripes_0.5,1,stripes,0.5,3.8757452964782715,1.4081463813781738
complete_three_max,esp_049651_1050_red-0070,esp_049651_1050,esp_049651_1050_red-0070_dead_pixels_0.15,1,dead_pixels,0.15,4.526634693145752,1.4081463813781738
complete_three_max,esp_049651_1050_red-0070,esp_049651_1050,esp_049651_1050_red-0070_dead_pixels_0.3,1,dead_pixels,0.3,5.74690055847168,1.4081463813781738
complete_three_max,esp_049651_1050_red-0070,esp_049651_1050,esp_049651_1050_red-0070_dead_pixels_0.5,1,dead_pixels,0.5,7.357435703277588,1.4081463813781738
complete_three_max,esp_049651_1050_red-0070,esp_049651_1050,esp_049651_1050_red-0070_missing_patch_0.15,1,missing_patch,0.15,1.2098808288574219,1.4081463813781738
complete_three_max,esp_049651_1050_red-0070,esp_049651_1050,esp_049651_1050_red-0070_missing_patch_0.3,1,missing_patch,0.3,0.8815966248512268,1.4081463813781738
complete_three_max,esp_049651_1050_red-0070,esp_049651_1050,esp_049651_1050_red-0070_missing_patch_0.5,1,missing_patch,0.5,0.8505106568336487,1.4081463813781738
complete_three_max,esp_049651_1050_red-0070,esp_049651_1050,esp_049651_1050_red-0070_local_blur_0.15,1,local_blur,0.15,0.37528476119041443,1.4081463813781738
complete_three_max,esp_049651_1050_red-0070,esp_049651_1050,esp_049651_1050_red-0070_local_blur_0.3,1,local_blur,0.3,0.5764138102531433,1.4081463813781738
complete_three_max,esp_049651_1050_red-0070,esp_049651_1050,esp_049651_1050_red-0070_local_blur_0.5,1,local_blur,0.5,0.5847122669219971,1.4081463813781738
complete_three_max,esp_049651_1050_red-0070,esp_049651_1050,esp_049651_1050_red-0070_patch_duplication_0.15,1,patch_duplication,0.15,0.1410190612077713,1.4081463813781738
complete_three_max,esp_049651_1050_red-0070,esp_049651_1050,esp_049651_1050_red-0070_patch_duplication_0.3,1,patch_duplication,0.3,0.12173296511173248,1.4081463813781738
complete_three_max,esp_049651_1050_red-0070,esp_049651_1050,esp_049651_1050_red-0070_patch_duplication_0.5,1,patch_duplication,0.5,-0.03408575803041458,1.4081463813781738
complete_three_max,esp_049651_1050_red-0070,esp_049651_1050,esp_049651_1050_red-0070_foreign_content_0.15,1,foreign_content,0.15,0.1581362783908844,1.4081463813781738
complete_three_max,esp_049651_1050_red-0070,esp_049651_1050,esp_049651_1050_red-0070_foreign_content_0.3,1,foreign_content,0.3,0.15839751064777374,1.4081463813781738
complete_three_max,esp_049651_1050_red-0070,esp_049651_1050,esp_049651_1050_red-0070_foreign_content_0.5,1,foreign_content,0.5,0.22603338956832886,1.4081463813781738
complete_three_max,psp_006766_1850_red-0101,psp_006766_1850,psp_006766_1850_red-0101_clean,0,clean,0.0,0.5582870244979858,1.4081463813781738
complete_three_max,psp_006766_1850_red-0101,psp_006766_1850,psp_006766_1850_red-0101_stripes_0.15,1,stripes,0.15,3.3503618240356445,1.4081463813781738
complete_three_max,psp_006766_1850_red-0101,psp_006766_1850,psp_006766_1850_red-0101_stripes_0.3,1,stripes,0.3,3.4314305782318115,1.4081463813781738
complete_three_max,psp_006766_1850_red-0101,psp_006766_1850,psp_006766_1850_red-0101_stripes_0.5,1,stripes,0.5,3.344264507293701,1.4081463813781738
complete_three_max,psp_006766_1850_red-0101,psp_006766_1850,psp_006766_1850_red-0101_dead_pixels_0.15,1,dead_pixels,0.15,5.362287998199463,1.4081463813781738
complete_three_max,psp_006766_1850_red-0101,psp_006766_1850,psp_006766_1850_red-0101_dead_pixels_0.3,1,dead_pixels,0.3,7.037771701812744,1.4081463813781738
complete_three_max,psp_006766_1850_red-0101,psp_006766_1850,psp_006766_1850_red-0101_dead_pixels_0.5,1,dead_pixels,0.5,8.353069305419922,1.4081463813781738
complete_three_max,psp_006766_1850_red-0101,psp_006766_1850,psp_006766_1850_red-0101_missing_patch_0.15,1,missing_patch,0.15,0.6817643642425537,1.4081463813781738
complete_three_max,psp_006766_1850_red-0101,psp_006766_1850,psp_006766_1850_red-0101_missing_patch_0.3,1,missing_patch,0.3,0.7873987555503845,1.4081463813781738
complete_three_max,psp_006766_1850_red-0101,psp_006766_1850,psp_006766_1850_red-0101_missing_patch_0.5,1,missing_patch,0.5,1.0435658693313599,1.4081463813781738
complete_three_max,psp_006766_1850_red-0101,psp_006766_1850,psp_006766_1850_red-0101_local_blur_0.15,1,local_blur,0.15,0.40181323885917664,1.4081463813781738
complete_three_max,psp_006766_1850_red-0101,psp_006766_1850,psp_006766_1850_red-0101_local_blur_0.3,1,local_blur,0.3,0.40363609790802,1.4081463813781738
complete_three_max,psp_006766_1850_red-0101,psp_006766_1850,psp_006766_1850_red-0101_local_blur_0.5,1,local_blur,0.5,0.4084632098674774,1.4081463813781738
complete_three_max,psp_006766_1850_red-0101,psp_006766_1850,psp_006766_1850_red-0101_patch_duplication_0.15,1,patch_duplication,0.15,0.5491021275520325,1.4081463813781738
complete_three_max,psp_006766_1850_red-0101,psp_006766_1850,psp_006766_1850_red-0101_patch_duplication_0.3,1,patch_duplication,0.3,0.548641562461853,1.4081463813781738
complete_three_max,psp_006766_1850_red-0101,psp_006766_1850,psp_006766_1850_red-0101_patch_duplication_0.5,1,patch_duplication,0.5,0.5556896924972534,1.4081463813781738
complete_three_max,psp_006766_1850_red-0101,psp_006766_1850,psp_006766_1850_red-0101_foreign_content_0.15,1,foreign_content,0.15,0.6140670776367188,1.4081463813781738
complete_three_max,psp_006766_1850_red-0101,psp_006766_1850,psp_006766_1850_red-0101_foreign_content_0.3,1,foreign_content,0.3,0.6423450708389282,1.4081463813781738
complete_three_max,psp_006766_1850_red-0101,psp_006766_1850,psp_006766_1850_red-0101_foreign_content_0.5,1,foreign_content,0.5,0.5739776492118835,1.4081463813781738
complete_three_max,esp_016148_2040_red-0097,esp_016148_2040,esp_016148_2040_red-0097_clean,0,clean,0.0,0.4929698407649994,1.4081463813781738
complete_three_max,esp_016148_2040_red-0097,esp_016148_2040,esp_016148_2040_red-0097_stripes_0.15,1,stripes,0.15,2.8361434936523438,1.4081463813781738
complete_three_max,esp_016148_2040_red-0097,esp_016148_2040,esp_016148_2040_red-0097_stripes_0.3,1,stripes,0.3,2.7549610137939453,1.4081463813781738
complete_three_max,esp_016148_2040_red-0097,esp_016148_2040,esp_016148_2040_red-0097_stripes_0.5,1,stripes,0.5,2.4737448692321777,1.4081463813781738
complete_three_max,esp_016148_2040_red-0097,esp_016148_2040,esp_016148_2040_red-0097_dead_pixels_0.15,1,dead_pixels,0.15,4.256404399871826,1.4081463813781738
complete_three_max,esp_016148_2040_red-0097,esp_016148_2040,esp_016148_2040_red-0097_dead_pixels_0.3,1,dead_pixels,0.3,6.730386257171631,1.4081463813781738
complete_three_max,esp_016148_2040_red-0097,esp_016148_2040,esp_016148_2040_red-0097_dead_pixels_0.5,1,dead_pixels,0.5,8.571337699890137,1.4081463813781738
complete_three_max,esp_016148_2040_red-0097,esp_016148_2040,esp_016148_2040_red-0097_missing_patch_0.15,1,missing_patch,0.15,1.5088801383972168,1.4081463813781738
complete_three_max,esp_016148_2040_red-0097,esp_016148_2040,esp_016148_2040_red-0097_missing_patch_0.3,1,missing_patch,0.3,1.1109910011291504,1.4081463813781738
complete_three_max,esp_016148_2040_red-0097,esp_016148_2040,esp_016148_2040_red-0097_missing_patch_0.5,1,missing_patch,0.5,1.166918396949768,1.4081463813781738
complete_three_max,esp_016148_2040_red-0097,esp_016148_2040,esp_016148_2040_red-0097_local_blur_0.15,1,local_blur,0.15,0.4705323874950409,1.4081463813781738
complete_three_max,esp_016148_2040_red-0097,esp_016148_2040,esp_016148_2040_red-0097_local_blur_0.3,1,local_blur,0.3,0.46259284019470215,1.4081463813781738
complete_three_max,esp_016148_2040_red-0097,esp_016148_2040,esp_016148_2040_red-0097_local_blur_0.5,1,local_blur,0.5,0.4939750134944916,1.4081463813781738
complete_three_max,esp_016148_2040_red-0097,esp_016148_2040,esp_016148_2040_red-0097_patch_duplication_0.15,1,patch_duplication,0.15,0.5090358853340149,1.4081463813781738
complete_three_max,esp_016148_2040_red-0097,esp_016148_2040,esp_016148_2040_red-0097_patch_duplication_0.3,1,patch_duplication,0.3,0.5465481877326965,1.4081463813781738
complete_three_max,esp_016148_2040_red-0097,esp_016148_2040,esp_016148_2040_red-0097_patch_duplication_0.5,1,patch_duplication,0.5,0.6435218453407288,1.4081463813781738
complete_three_max,esp_016148_2040_red-0097,esp_016148_2040,esp_016148_2040_red-0097_foreign_content_0.15,1,foreign_content,0.15,0.4414438307285309,1.4081463813781738
complete_three_max,esp_016148_2040_red-0097,esp_016148_2040,esp_016148_2040_red-0097_foreign_content_0.3,1,foreign_content,0.3,0.3865852653980255,1.4081463813781738
complete_three_max,esp_016148_2040_red-0097,esp_016148_2040,esp_016148_2040_red-0097_foreign_content_0.5,1,foreign_content,0.5,0.9296110272407532,1.4081463813781738
complete_three_max,esp_011716_0940_red-0008,esp_011716_0940,esp_011716_0940_red-0008_clean,0,clean,0.0,0.2166496217250824,1.4081463813781738
complete_three_max,esp_011716_0940_red-0008,esp_011716_0940,esp_011716_0940_red-0008_stripes_0.15,1,stripes,0.15,2.7802047729492188,1.4081463813781738
complete_three_max,esp_011716_0940_red-0008,esp_011716_0940,esp_011716_0940_red-0008_stripes_0.3,1,stripes,0.3,3.1437010765075684,1.4081463813781738
complete_three_max,esp_011716_0940_red-0008,esp_011716_0940,esp_011716_0940_red-0008_stripes_0.5,1,stripes,0.5,3.1741092205047607,1.4081463813781738
complete_three_max,esp_011716_0940_red-0008,esp_011716_0940,esp_011716_0940_red-0008_dead_pixels_0.15,1,dead_pixels,0.15,3.6445517539978027,1.4081463813781738
complete_three_max,esp_011716_0940_red-0008,esp_011716_0940,esp_011716_0940_red-0008_dead_pixels_0.3,1,dead_pixels,0.3,4.982414722442627,1.4081463813781738
complete_three_max,esp_011716_0940_red-0008,esp_011716_0940,esp_011716_0940_red-0008_dead_pixels_0.5,1,dead_pixels,0.5,7.306728363037109,1.4081463813781738
complete_three_max,esp_011716_0940_red-0008,esp_011716_0940,esp_011716_0940_red-0008_missing_patch_0.15,1,missing_patch,0.15,0.18590396642684937,1.4081463813781738
complete_three_max,esp_011716_0940_red-0008,esp_011716_0940,esp_011716_0940_red-0008_missing_patch_0.3,1,missing_patch,0.3,0.17847709357738495,1.4081463813781738
complete_three_max,esp_011716_0940_red-0008,esp_011716_0940,esp_011716_0940_red-0008_missing_patch_0.5,1,missing_patch,0.5,0.9477739930152893,1.4081463813781738
complete_three_max,esp_011716_0940_red-0008,esp_011716_0940,esp_011716_0940_red-0008_local_blur_0.15,1,local_blur,0.15,0.1900446116924286,1.4081463813781738
complete_three_max,esp_011716_0940_red-0008,esp_011716_0940,esp_011716_0940_red-0008_local_blur_0.3,1,local_blur,0.3,0.2218947410583496,1.4081463813781738
complete_three_max,esp_011716_0940_red-0008,esp_011716_0940,esp_011716_0940_red-0008_local_blur_0.5,1,local_blur,0.5,0.2588331401348114,1.4081463813781738
complete_three_max,esp_011716_0940_red-0008,esp_011716_0940,esp_011716_0940_red-0008_patch_duplication_0.15,1,patch_duplication,0.15,0.2318289577960968,1.4081463813781738
complete_three_max,esp_011716_0940_red-0008,esp_011716_0940,esp_011716_0940_red-0008_patch_duplication_0.3,1,patch_duplication,0.3,0.21685530245304108,1.4081463813781738
complete_three_max,esp_011716_0940_red-0008,esp_011716_0940,esp_011716_0940_red-0008_patch_duplication_0.5,1,patch_duplication,0.5,0.4079563319683075,1.4081463813781738
complete_three_max,esp_011716_0940_red-0008,esp_011716_0940,esp_011716_0940_red-0008_foreign_content_0.15,1,foreign_content,0.15,0.24172593653202057,1.4081463813781738
complete_three_max,esp_011716_0940_red-0008,esp_011716_0940,esp_011716_0940_red-0008_foreign_content_0.3,1,foreign_content,0.3,0.26887473464012146,1.4081463813781738
complete_three_max,esp_011716_0940_red-0008,esp_011716_0940,esp_011716_0940_red-0008_foreign_content_0.5,1,foreign_content,0.5,0.8200681805610657,1.4081463813781738
complete_three_max,esp_013141_2105_red-0004,esp_013141_2105,esp_013141_2105_red-0004_clean,0,clean,0.0,-0.08765328675508499,1.4081463813781738
complete_three_max,esp_013141_2105_red-0004,esp_013141_2105,esp_013141_2105_red-0004_stripes_0.15,1,stripes,0.15,3.782292366027832,1.4081463813781738
complete_three_max,esp_013141_2105_red-0004,esp_013141_2105,esp_013141_2105_red-0004_stripes_0.3,1,stripes,0.3,3.982267141342163,1.4081463813781738
complete_three_max,esp_013141_2105_red-0004,esp_013141_2105,esp_013141_2105_red-0004_stripes_0.5,1,stripes,0.5,3.8449208736419678,1.4081463813781738
complete_three_max,esp_013141_2105_red-0004,esp_013141_2105,esp_013141_2105_red-0004_dead_pixels_0.15,1,dead_pixels,0.15,7.53041410446167,1.4081463813781738
complete_three_max,esp_013141_2105_red-0004,esp_013141_2105,esp_013141_2105_red-0004_dead_pixels_0.3,1,dead_pixels,0.3,8.999011993408203,1.4081463813781738
complete_three_max,esp_013141_2105_red-0004,esp_013141_2105,esp_013141_2105_red-0004_dead_pixels_0.5,1,dead_pixels,0.5,10.418488502502441,1.4081463813781738
complete_three_max,esp_013141_2105_red-0004,esp_013141_2105,esp_013141_2105_red-0004_missing_patch_0.15,1,missing_patch,0.15,0.2592047452926636,1.4081463813781738
complete_three_max,esp_013141_2105_red-0004,esp_013141_2105,esp_013141_2105_red-0004_missing_patch_0.3,1,missing_patch,0.3,0.8898351788520813,1.4081463813781738
complete_three_max,esp_013141_2105_red-0004,esp_013141_2105,esp_013141_2105_red-0004_missing_patch_0.5,1,missing_patch,0.5,0.902302086353302,1.4081463813781738
complete_three_max,esp_013141_2105_red-0004,esp_013141_2105,esp_013141_2105_red-0004_local_blur_0.15,1,local_blur,0.15,-0.08778901398181915,1.4081463813781738
complete_three_max,esp_013141_2105_red-0004,esp_013141_2105,esp_013141_2105_red-0004_local_blur_0.3,1,local_blur,0.3,-0.08771651983261108,1.4081463813781738
complete_three_max,esp_013141_2105_red-0004,esp_013141_2105,esp_013141_2105_red-0004_local_blur_0.5,1,local_blur,0.5,-0.07823142409324646,1.4081463813781738
complete_three_max,esp_013141_2105_red-0004,esp_013141_2105,esp_013141_2105_red-0004_patch_duplication_0.15,1,patch_duplication,0.15,-0.28116312623023987,1.4081463813781738
complete_three_max,esp_013141_2105_red-0004,esp_013141_2105,esp_013141_2105_red-0004_patch_duplication_0.3,1,patch_duplication,0.3,-0.2906365692615509,1.4081463813781738
complete_three_max,esp_013141_2105_red-0004,esp_013141_2105,esp_013141_2105_red-0004_patch_duplication_0.5,1,patch_duplication,0.5,-0.26314330101013184,1.4081463813781738
complete_three_max,esp_013141_2105_red-0004,esp_013141_2105,esp_013141_2105_red-0004_foreign_content_0.15,1,foreign_content,0.15,-0.04959072545170784,1.4081463813781738
complete_three_max,esp_013141_2105_red-0004,esp_013141_2105,esp_013141_2105_red-0004_foreign_content_0.3,1,foreign_content,0.3,0.08471396565437317,1.4081463813781738
complete_three_max,esp_013141_2105_red-0004,esp_013141_2105,esp_013141_2105_red-0004_foreign_content_0.5,1,foreign_content,0.5,0.5118447542190552,1.4081463813781738
complete_three_max,esp_016613_2570_red-0043,esp_016613_2570,esp_016613_2570_red-0043_clean,0,clean,0.0,1.1672419309616089,1.4081463813781738
complete_three_max,esp_016613_2570_red-0043,esp_016613_2570,esp_016613_2570_red-0043_stripes_0.15,1,stripes,0.15,3.3444173336029053,1.4081463813781738
complete_three_max,esp_016613_2570_red-0043,esp_016613_2570,esp_016613_2570_red-0043_stripes_0.3,1,stripes,0.3,4.116668224334717,1.4081463813781738
complete_three_max,esp_016613_2570_red-0043,esp_016613_2570,esp_016613_2570_red-0043_stripes_0.5,1,stripes,0.5,4.656338691711426,1.4081463813781738
complete_three_max,esp_016613_2570_red-0043,esp_016613_2570,esp_016613_2570_red-0043_dead_pixels_0.15,1,dead_pixels,0.15,1.9764333963394165,1.4081463813781738
complete_three_max,esp_016613_2570_red-0043,esp_016613_2570,esp_016613_2570_red-0043_dead_pixels_0.3,1,dead_pixels,0.3,3.6807358264923096,1.4081463813781738
complete_three_max,esp_016613_2570_red-0043,esp_016613_2570,esp_016613_2570_red-0043_dead_pixels_0.5,1,dead_pixels,0.5,5.503829479217529,1.4081463813781738
complete_three_max,esp_016613_2570_red-0043,esp_016613_2570,esp_016613_2570_red-0043_missing_patch_0.15,1,missing_patch,0.15,1.3474738597869873,1.4081463813781738
complete_three_max,esp_016613_2570_red-0043,esp_016613_2570,esp_016613_2570_red-0043_missing_patch_0.3,1,missing_patch,0.3,1.0596121549606323,1.4081463813781738
complete_three_max,esp_016613_2570_red-0043,esp_016613_2570,esp_016613_2570_red-0043_missing_patch_0.5,1,missing_patch,0.5,1.6452312469482422,1.4081463813781738
complete_three_max,esp_016613_2570_red-0043,esp_016613_2570,esp_016613_2570_red-0043_local_blur_0.15,1,local_blur,0.15,1.1593735218048096,1.4081463813781738
complete_three_max,esp_016613_2570_red-0043,esp_016613_2570,esp_016613_2570_red-0043_local_blur_0.3,1,local_blur,0.3,1.1621785163879395,1.4081463813781738
complete_three_max,esp_016613_2570_red-0043,esp_016613_2570,esp_016613_2570_red-0043_local_blur_0.5,1,local_blur,0.5,1.0420057773590088,1.4081463813781738
complete_three_max,esp_016613_2570_red-0043,esp_016613_2570,esp_016613_2570_red-0043_patch_duplication_0.15,1,patch_duplication,0.15,1.1277272701263428,1.4081463813781738
complete_three_max,esp_016613_2570_red-0043,esp_016613_2570,esp_016613_2570_red-0043_patch_duplication_0.3,1,patch_duplication,0.3,1.3852611780166626,1.4081463813781738
complete_three_max,esp_016613_2570_red-0043,esp_016613_2570,esp_016613_2570_red-0043_patch_duplication_0.5,1,patch_duplication,0.5,0.7528172731399536,1.4081463813781738
complete_three_max,esp_016613_2570_red-0043,esp_016613_2570,esp_016613_2570_red-0043_foreign_content_0.15,1,foreign_content,0.15,1.18039870262146,1.4081463813781738
complete_three_max,esp_016613_2570_red-0043,esp_016613_2570,esp_016613_2570_red-0043_foreign_content_0.3,1,foreign_content,0.3,1.1640878915786743,1.4081463813781738
complete_three_max,esp_016613_2570_red-0043,esp_016613_2570,esp_016613_2570_red-0043_foreign_content_0.5,1,foreign_content,0.5,1.172867774963379,1.4081463813781738
complete_three_max,esp_017395_1700_red-0049,esp_017395_1700,esp_017395_1700_red-0049_clean,0,clean,0.0,0.11091246455907822,1.4081463813781738
complete_three_max,esp_017395_1700_red-0049,esp_017395_1700,esp_017395_1700_red-0049_stripes_0.15,1,stripes,0.15,3.8794875144958496,1.4081463813781738
complete_three_max,esp_017395_1700_red-0049,esp_017395_1700,esp_017395_1700_red-0049_stripes_0.3,1,stripes,0.3,3.7595112323760986,1.4081463813781738
complete_three_max,esp_017395_1700_red-0049,esp_017395_1700,esp_017395_1700_red-0049_stripes_0.5,1,stripes,0.5,3.2369608879089355,1.4081463813781738
complete_three_max,esp_017395_1700_red-0049,esp_017395_1700,esp_017395_1700_red-0049_dead_pixels_0.15,1,dead_pixels,0.15,5.302204132080078,1.4081463813781738
complete_three_max,esp_017395_1700_red-0049,esp_017395_1700,esp_017395_1700_red-0049_dead_pixels_0.3,1,dead_pixels,0.3,8.851228713989258,1.4081463813781738
complete_three_max,esp_017395_1700_red-0049,esp_017395_1700,esp_017395_1700_red-0049_dead_pixels_0.5,1,dead_pixels,0.5,9.424251556396484,1.4081463813781738
complete_three_max,esp_017395_1700_red-0049,esp_017395_1700,esp_017395_1700_red-0049_missing_patch_0.15,1,missing_patch,0.15,0.14351849257946014,1.4081463813781738
complete_three_max,esp_017395_1700_red-0049,esp_017395_1700,esp_017395_1700_red-0049_missing_patch_0.3,1,missing_patch,0.3,0.2740938067436218,1.4081463813781738
complete_three_max,esp_017395_1700_red-0049,esp_017395_1700,esp_017395_1700_red-0049_missing_patch_0.5,1,missing_patch,0.5,0.7780095934867859,1.4081463813781738
complete_three_max,esp_017395_1700_red-0049,esp_017395_1700,esp_017395_1700_red-0049_local_blur_0.15,1,local_blur,0.15,0.13060888648033142,1.4081463813781738
complete_three_max,esp_017395_1700_red-0049,esp_017395_1700,esp_017395_1700_red-0049_local_blur_0.3,1,local_blur,0.3,0.1316950023174286,1.4081463813781738
complete_three_max,esp_017395_1700_red-0049,esp_017395_1700,esp_017395_1700_red-0049_local_blur_0.5,1,local_blur,0.5,0.2961181700229645,1.4081463813781738
complete_three_max,esp_017395_1700_red-0049,esp_017395_1700,esp_017395_1700_red-0049_patch_duplication_0.15,1,patch_duplication,0.15,-0.014345480129122734,1.4081463813781738
complete_three_max,esp_017395_1700_red-0049,esp_017395_1700,esp_017395_1700_red-0049_patch_duplication_0.3,1,patch_duplication,0.3,-0.013959328643977642,1.4081463813781738
complete_three_max,esp_017395_1700_red-0049,esp_017395_1700,esp_017395_1700_red-0049_patch_duplication_0.5,1,patch_duplication,0.5,0.006392159033566713,1.4081463813781738
complete_three_max,esp_017395_1700_red-0049,esp_017395_1700,esp_017395_1700_red-0049_foreign_content_0.15,1,foreign_content,0.15,0.1312820017337799,1.4081463813781738
complete_three_max,esp_017395_1700_red-0049,esp_017395_1700,esp_017395_1700_red-0049_foreign_content_0.3,1,foreign_content,0.3,0.20567771792411804,1.4081463813781738
complete_three_max,esp_017395_1700_red-0049,esp_017395_1700,esp_017395_1700_red-0049_foreign_content_0.5,1,foreign_content,0.5,0.7130864262580872,1.4081463813781738
complete_three_max,esp_012588_0930_red-0008,esp_012588_0930,esp_012588_0930_red-0008_clean,0,clean,0.0,1.6556875705718994,1.4081463813781738
complete_three_max,esp_012588_0930_red-0008,esp_012588_0930,esp_012588_0930_red-0008_stripes_0.15,1,stripes,0.15,3.605573892593384,1.4081463813781738
complete_three_max,esp_012588_0930_red-0008,esp_012588_0930,esp_012588_0930_red-0008_stripes_0.3,1,stripes,0.3,3.7505130767822266,1.4081463813781738
complete_three_max,esp_012588_0930_red-0008,esp_012588_0930,esp_012588_0930_red-0008_stripes_0.5,1,stripes,0.5,3.321065664291382,1.4081463813781738
complete_three_max,esp_012588_0930_red-0008,esp_012588_0930,esp_012588_0930_red-0008_dead_pixels_0.15,1,dead_pixels,0.15,6.815385341644287,1.4081463813781738
complete_three_max,esp_012588_0930_red-0008,esp_012588_0930,esp_012588_0930_red-0008_dead_pixels_0.3,1,dead_pixels,0.3,7.520188331604004,1.4081463813781738
complete_three_max,esp_012588_0930_red-0008,esp_012588_0930,esp_012588_0930_red-0008_dead_pixels_0.5,1,dead_pixels,0.5,7.801144599914551,1.4081463813781738
complete_three_max,esp_012588_0930_red-0008,esp_012588_0930,esp_012588_0930_red-0008_missing_patch_0.15,1,missing_patch,0.15,1.4542489051818848,1.4081463813781738
complete_three_max,esp_012588_0930_red-0008,esp_012588_0930,esp_012588_0930_red-0008_missing_patch_0.3,1,missing_patch,0.3,1.4605401754379272,1.4081463813781738
complete_three_max,esp_012588_0930_red-0008,esp_012588_0930,esp_012588_0930_red-0008_missing_patch_0.5,1,missing_patch,0.5,1.4347323179244995,1.4081463813781738
complete_three_max,esp_012588_0930_red-0008,esp_012588_0930,esp_012588_0930_red-0008_local_blur_0.15,1,local_blur,0.15,1.5882680416107178,1.4081463813781738
complete_three_max,esp_012588_0930_red-0008,esp_012588_0930,esp_012588_0930_red-0008_local_blur_0.3,1,local_blur,0.3,1.6138718128204346,1.4081463813781738
complete_three_max,esp_012588_0930_red-0008,esp_012588_0930,esp_012588_0930_red-0008_local_blur_0.5,1,local_blur,0.5,1.7126544713974,1.4081463813781738
complete_three_max,esp_012588_0930_red-0008,esp_012588_0930,esp_012588_0930_red-0008_patch_duplication_0.15,1,patch_duplication,0.15,1.7238576412200928,1.4081463813781738
complete_three_max,esp_012588_0930_red-0008,esp_012588_0930,esp_012588_0930_red-0008_patch_duplication_0.3,1,patch_duplication,0.3,1.6707592010498047,1.4081463813781738
complete_three_max,esp_012588_0930_red-0008,esp_012588_0930,esp_012588_0930_red-0008_patch_duplication_0.5,1,patch_duplication,0.5,1.6783225536346436,1.4081463813781738
complete_three_max,esp_012588_0930_red-0008,esp_012588_0930,esp_012588_0930_red-0008_foreign_content_0.15,1,foreign_content,0.15,1.5794789791107178,1.4081463813781738
complete_three_max,esp_012588_0930_red-0008,esp_012588_0930,esp_012588_0930_red-0008_foreign_content_0.3,1,foreign_content,0.3,1.544244408607483,1.4081463813781738
complete_three_max,esp_012588_0930_red-0008,esp_012588_0930,esp_012588_0930_red-0008_foreign_content_0.5,1,foreign_content,0.5,1.3758060932159424,1.4081463813781738
complete_three_max,esp_049651_1050_red-0030,esp_049651_1050,esp_049651_1050_red-0030_clean,0,clean,0.0,0.4477015733718872,1.4081463813781738
complete_three_max,esp_049651_1050_red-0030,esp_049651_1050,esp_049651_1050_red-0030_stripes_0.15,1,stripes,0.15,3.5680410861968994,1.4081463813781738
complete_three_max,esp_049651_1050_red-0030,esp_049651_1050,esp_049651_1050_red-0030_stripes_0.3,1,stripes,0.3,4.0049028396606445,1.4081463813781738
complete_three_max,esp_049651_1050_red-0030,esp_049651_1050,esp_049651_1050_red-0030_stripes_0.5,1,stripes,0.5,4.114307880401611,1.4081463813781738
complete_three_max,esp_049651_1050_red-0030,esp_049651_1050,esp_049651_1050_red-0030_dead_pixels_0.15,1,dead_pixels,0.15,3.9458727836608887,1.4081463813781738
complete_three_max,esp_049651_1050_red-0030,esp_049651_1050,esp_049651_1050_red-0030_dead_pixels_0.3,1,dead_pixels,0.3,5.1254191398620605,1.4081463813781738
complete_three_max,esp_049651_1050_red-0030,esp_049651_1050,esp_049651_1050_red-0030_dead_pixels_0.5,1,dead_pixels,0.5,7.714820861816406,1.4081463813781738
complete_three_max,esp_049651_1050_red-0030,esp_049651_1050,esp_049651_1050_red-0030_missing_patch_0.15,1,missing_patch,0.15,0.19485707581043243,1.4081463813781738
complete_three_max,esp_049651_1050_red-0030,esp_049651_1050,esp_049651_1050_red-0030_missing_patch_0.3,1,missing_patch,0.3,0.8069629073143005,1.4081463813781738
complete_three_max,esp_049651_1050_red-0030,esp_049651_1050,esp_049651_1050_red-0030_missing_patch_0.5,1,missing_patch,0.5,1.0921783447265625,1.4081463813781738
complete_three_max,esp_049651_1050_red-0030,esp_049651_1050,esp_049651_1050_red-0030_local_blur_0.15,1,local_blur,0.15,0.44326451420783997,1.4081463813781738
complete_three_max,esp_049651_1050_red-0030,esp_049651_1050,esp_049651_1050_red-0030_local_blur_0.3,1,local_blur,0.3,0.43020498752593994,1.4081463813781738
complete_three_max,esp_049651_1050_red-0030,esp_049651_1050,esp_049651_1050_red-0030_local_blur_0.5,1,local_blur,0.5,0.32815587520599365,1.4081463813781738
complete_three_max,esp_049651_1050_red-0030,esp_049651_1050,esp_049651_1050_red-0030_patch_duplication_0.15,1,patch_duplication,0.15,0.46058928966522217,1.4081463813781738
complete_three_max,esp_049651_1050_red-0030,esp_049651_1050,esp_049651_1050_red-0030_patch_duplication_0.3,1,patch_duplication,0.3,0.30268314480781555,1.4081463813781738
complete_three_max,esp_049651_1050_red-0030,esp_049651_1050,esp_049651_1050_red-0030_patch_duplication_0.5,1,patch_duplication,0.5,0.9215999841690063,1.4081463813781738
complete_three_max,esp_049651_1050_red-0030,esp_049651_1050,esp_049651_1050_red-0030_foreign_content_0.15,1,foreign_content,0.15,0.39254042506217957,1.4081463813781738
complete_three_max,esp_049651_1050_red-0030,esp_049651_1050,esp_049651_1050_red-0030_foreign_content_0.3,1,foreign_content,0.3,0.7745078206062317,1.4081463813781738
complete_three_max,esp_049651_1050_red-0030,esp_049651_1050,esp_049651_1050_red-0030_foreign_content_0.5,1,foreign_content,0.5,0.24366576969623566,1.4081463813781738
