path,status,error,format,width,height,mode,channels,frames,label,class_name,original_split,base_id,augmentations,sha256,pixel_sha256,phash,mean,std,group_id,flags,class_id,source_id,supplied_splits,supplied_row_count,supplied_split_row_counts,assigned_split,split_group_id,is_original,origin,is_anomaly,image_path
map-proj-v3_2/ESP_016715_2025_RED-0050.jpg,ok,,JPEG,227.0,227.0,L,1.0,1.0,normal,other,train,esp_016715_2025_red-0050,[],0e7273be403251c198e1ae25ea3d5b7b1f039c7a16506cc9efd7d83c56167829,885d83406e94c2b1d3755ae072b7aca47cc7d64cbfdb59fe15285b60738b9c55,bc1cf84703027c7f,108.88847056997032,17.783074284091864,166ae000831b02f6,[],0.0,esp_016715_2025,['train'],1.0,Counter({'train': 1}),train,69458dd6183b1830,True,hirise_clean,0,C:\Users\deves\OneDrive\Desktop\Projects\TCMD-SS\data\raw\hirise_v3_2\map-proj-v3_2\ESP_016715_2025_RED-0050.jpg
map-proj-v3_2/ESP_016630_1720_RED-0039.jpg,ok,,JPEG,227.0,227.0,L,1.0,1.0,normal,crater,train,esp_016630_1720_red-0039,[],89326691e87f05886201d6841ff46e21728821c1511b4360608d65d29b98e654,d85f687c5f6604222b6776bcf5b6e7b16784baf3ca436fc56942334e98eee6d4,fb4864999366cc99,88.32513730132547,28.52861349449924,ee9335de261c235b,[],1.0,esp_016630_1720,['train'],1.0,Counter({'train': 1}),train,f97a05a287284cd9,True,hirise_clean,0,C:\Users\deves\OneDrive\Desktop\Projects\TCMD-SS\data\raw\hirise_v3_2\map-proj-v3_2\ESP_016630_1720_RED-0039.jpg
map-proj-v3_2/PSP_002455_1320_RED-0069.jpg,ok,,JPEG,227.0,227.0,L,1.0,1.0,normal,dark dune,train,psp_002455_1320_red-0069,[],32bc5a836c74da7d0110575ae72cb7c3952e7019ca614d44b086a0a41fac69b2,7cf58566cd178c71ac4cefce7dfe2f71106ecc02dae2264f7bcef9fa74a428ba,9a8625db32ee0b6c,90.65891051640824,19.513330608588824,0b0920fa7d099981,[],2.0,psp_002455_1320,['train'],1.0,Counter({'train': 1}),train,acb759d8cdabc26b,True,hirise_clean,0,C:\Users\deves\OneDrive\Desktop\Projects\TCMD-SS\data\raw\hirise_v3_2\map-proj-v3_2\PSP_002455_1320_RED-0069.jpg
map-proj-v3_2/ESP_018416_2060_RED-0101.jpg,ok,,JPEG,227.0,227.0,L,1.0,1.0,normal,slope streak,val,esp_018416_2060_red-0101,[],571753140073ca1215c18a4f34c630760b6c18c2a4b7b3037176c604ea7bdd9c,e198a82366ba035927a625e02c2eb8c25e50d3a7921e15ce016d4fe5618322c5,8d47cb356dab9902,200.6023598362088,15.403238733891548,1893573978c61dcd,[],3.0,esp_018416_2060,['val'],1.0,Counter({'val': 1}),train,deb5bd200e2850f3,True,hirise_clean,0,C:\Users\deves\OneDrive\Desktop\Projects\TCMD-SS\data\raw\hirise_v3_2\map-proj-v3_2\ESP_018416_2060_RED-0101.jpg
map-proj-v3_2/ESP_024646_2570_RED-0017.jpg,ok,,JPEG,227.0,227.0,L,1.0,1.0,normal,bright dune,train,esp_024646_2570_red-0017,[],bd41cfbcbe355ecce1e9416d24ceb8ab4983f143450e696733765027e5de56c0,504cf0d148330c16d758b7a2732bb058b2d585442a097b36c19e540fd3c357d9,b6369c1919ce6663,174.1382522463079,15.655414041230848,1951b8261cec7b23,[],4.0,esp_024646_2570,['train'],1.0,Counter({'train': 1}),train,fd0db7f1b6955a04,True,hirise_clean,0,C:\Users\deves\OneDrive\Desktop\Projects\TCMD-SS\data\raw\hirise_v3_2\map-proj-v3_2\ESP_024646_2570_RED-0017.jpg
map-proj-v3_2/ESP_024389_1795_RED-0282.jpg,ok,,JPEG,227.0,227.0,L,1.0,1.0,normal,impact ejecta,train,esp_024389_1795_red-0282,[],6333fbfa7a4c48101938214ab745d22b88b927c835fe8ad8f399e0b3a2e91d9f,6be1d44c4115bdde363e6a41e0b5c2250bc93ff107bcd15b4a0f36ea94a30063,e69499cc669b9964,116.5839042092802,24.50186424092777,c70d8b135778d3ce,[],5.0,esp_024389_1795,['train'],2.0,Counter({'train': 2}),train,447a821e928c5c0f,True,hirise_clean,0,C:\Users\deves\OneDrive\Desktop\Projects\TCMD-SS\data\raw\hirise_v3_2\map-proj-v3_2\ESP_024389_1795_RED-0282.jpg
map-proj-v3_2/ESP_012810_0925_RED-0023.jpg,ok,,JPEG,227.0,227.0,L,1.0,1.0,normal,swiss cheese,train,esp_012810_0925_red-0023,[],693294ca6cc969a4e791dc1eb014e7e82797c1e527ca4a493d04c2a25aadd8d6,896d5a32b97538b8011bce7cbeaa42c0e37d6e28868269538faa6031bef42314,98eaacf55a0af125,123.38056240175436,18.91319445557472,9062f366ec2ce13b,[],6.0,esp_012810_0925,['train'],1.0,Counter({'train': 1}),train,dd45fe812d8c375d,True,hirise_clean,0,C:\Users\deves\OneDrive\Desktop\Projects\TCMD-SS\data\raw\hirise_v3_2\map-proj-v3_2\ESP_012810_0925_RED-0023.jpg
map-proj-v3_2/PSP_003470_0930_RED-0073.jpg,ok,,JPEG,227.0,227.0,L,1.0,1.0,normal,spider,test,psp_003470_0930_red-0073,[],670af2a4dea81fae74c412e4c98cfd851ff199ffd02786ee3ee111dc4b98aea7,6ac1ad9ec910032bce529fac56f6866cde53691784114546c99bbfa41a174c78,ce98332e8cf3a613,23.58242931164975,12.251902144707804,3eff7f51d3c25c50,[],7.0,psp_003470_0930,['test'],1.0,Counter({'test': 1}),train,1e3c8989fe6df1fa,True,hirise_clean,0,C:\Users\deves\OneDrive\Desktop\Projects\TCMD-SS\data\raw\hirise_v3_2\map-proj-v3_2\PSP_003470_0930_RED-0073.jpg
map-proj-v3_2/PSP_008965_1510_RED-0901.jpg,ok,,JPEG,227.0,227.0,L,1.0,1.0,normal,other,test,psp_008965_1510_red-0901,[],8bf6686fb93833fdfa17485fff594ab662302ed730853a16163741b91e67d9d0,0e269f7c5456ce529862a42569c91480a403416ad2e67938ab84c61c54d3e5e8,c356ad52b46992e5,103.20561237361484,26.32943592484773,61ba677e82374233,[],0.0,psp_008965_1510,['test'],1.0,Counter({'test': 1}),train,8ec1c87e1acb9e4e,True,hirise_clean,0,C:\Users\deves\OneDrive\Desktop\Projects\TCMD-SS\data\raw\hirise_v3_2\map-proj-v3_2\PSP_008965_1510_RED-0901.jpg
map-proj-v3_2/PSP_003703_2035_RED-0019.jpg,ok,,JPEG,227.0,227.0,L,1.0,1.0,normal,crater,train,psp_003703_2035_red-0019,[],5f4557f4826451d205f50156e2ebc4897e8883425f7fb87867e16604ef790cf8,adfd912b49d580dbacf629b9e58dcc2b81058e086e56ca41a29fbdaa22f8e51f,eba5649139cd2473,102.48508606803937,45.26581383607606,e89743b1d7b2cafc,[],1.0,psp_003703_2035,['train'],1.0,Counter({'train': 1}),train,77e968939bd59ef1,True,hirise_clean,0,C:\Users\deves\OneDrive\Desktop\Projects\TCMD-SS\data\raw\hirise_v3_2\map-proj-v3_2\PSP_003703_2035_RED-0019.jpg
map-proj-v3_2/ESP_018720_2655_RED-0075.jpg,ok,,JPEG,227.0,227.0,L,1.0,1.0,normal,dark dune,test,esp_018720_2655_red-0075,[],f5c90e70989a9faf501d9d530e40a8149ff1ad263946951ded0eb286691b54c6,164b0fc28d3db58eb561a0dd9549edd35df5bdb6e65fe1cfe4eafdd3ea5a1a3f,f17b4c399ec63224,51.84307865473811,15.2070032400912,67f126776758aa0f,[],2.0,esp_018720_2655,['test'],1.0,Counter({'test': 1}),train,7e7b4f2085af6bfe,True,hirise_clean,0,C:\Users\deves\OneDrive\Desktop\Projects\TCMD-SS\data\raw\hirise_v3_2\map-proj-v3_2\ESP_018720_2655_RED-0075.jpg
map-proj-v3_2/ESP_011289_1950_RED-0237.jpg,ok,,JPEG,227.0,227.0,L,1.0,1.0,normal,slope streak,test,esp_011289_1950_red-0237,[],cb8188f962d4903af62c498da85d2cd267161fa4cdfca668fcdfd7637a92387d,15b1bca9a733fb7d0aaef8a20819d26a6de301c536ff8666a680e06b3f55a442,d67a1b0f061b1c3e,138.89636903491237,78.62178931950449,b1a24f23f19a5756,[],3.0,esp_011289_1950,['test'],1.0,Counter({'test': 1}),train,99c2c4faf44c06e8,True,hirise_clean,0,C:\Users\deves\OneDrive\Desktop\Projects\TCMD-SS\data\raw\hirise_v3_2\map-proj-v3_2\ESP_011289_1950_RED-0237.jpg
map-proj-v3_2/ESP_016758_2570_RED-0038.jpg,ok,,JPEG,227.0,227.0,L,1.0,1.0,normal,bright dune,train,esp_016758_2570_red-0038,[],772245cb42338528806a491996c0bac6f1f7239872b3e3c4864df3b0a7ad6edc,fec8a034f7e737cb25f83b16b1d6dcd308f83fbde574bab5e2a9eb775c4d914f,a3253c7773e4440f,142.6008655320305,64.2610508805815,cb2cc5f087c41789,[],4.0,esp_016758_2570,['train'],1.0,Counter({'train': 1}),train,742528a36b580605,True,hirise_clean,0,C:\Users\deves\OneDrive\Desktop\Projects\TCMD-SS\data\raw\hirise_v3_2\map-proj-v3_2\ESP_016758_2570_RED-0038.jpg
map-proj-v3_2/ESP_018493_1925_RED-0247.jpg,ok,,JPEG,227.0,227.0,L,1.0,1.0,normal,impact ejecta,train,esp_018493_1925_red-0247,[],04f946c84a812631d88fe879d2f2a619bb44630e30880c3aa9bc57b6147cd470,5609776b4499bd059f7ba62d773470d9cb813dd75c0144f92d7d43b1141fd6fa,8fc0f81f07f0fc06,117.20990122067184,20.596378037481905,38c6983134f193c8,[],5.0,esp_018493_1925,['train'],1.0,Counter({'train': 1}),train,8d0a7befa8476aaf,True,hirise_clean,0,C:\Users\deves\OneDrive\Desktop\Projects\TCMD-SS\data\raw\hirise_v3_2\map-proj-v3_2\ESP_018493_1925_RED-0247.jpg
map-proj-v3_2/ESP_012810_0925_RED-0166.jpg,ok,,JPEG,227.0,227.0,L,1.0,1.0,normal,swiss cheese,train,esp_012810_0925_red-0166,[],73aa788d161648545414645ad1fd91858f46183e86b94bffabf44e462f18d6af,54bb774c686314ecb92de54fbbc4089f79e2e9e246d4c27f37c864f2718423ba,c364381f0b80e6ff,96.87059713947484,55.796569940584575,dad93ce1320b4964,[],6.0,esp_012810_0925,['train'],1.0,Counter({'train': 1}),train,dd45fe812d8c375d,True,hirise_clean,0,C:\Users\deves\OneDrive\Desktop\Projects\TCMD-SS\data\raw\hirise_v3_2\map-proj-v3_2\ESP_012810_0925_RED-0166.jpg
map-proj-v3_2/ESP_013049_0950_RED-0160.jpg,ok,,JPEG,227.0,227.0,L,1.0,1.0,normal,spider,train,esp_013049_0950_red-0160,[],cf4ced613dc8531a2135bc08e6631b19426f3839bc5bbeba76670d69489f5f85,711906297272665f52e5b14ff9659a5fade8fb82b77b2710ed97ad9902f5edcf,e36396a44e9c44f3,185.81033980865143,15.0325640633813,000deef12f549418,[],7.0,esp_013049_0950,['train'],2.0,Counter({'train': 2}),train,fd0db7f1b6955a04,True,hirise_clean,0,C:\Users\deves\OneDrive\Desktop\Projects\TCMD-SS\data\raw\hirise_v3_2\map-proj-v3_2\ESP_013049_0950_RED-0160.jpg
map-proj-v3_2/PSP_008965_1510_RED-0139.jpg,ok,,JPEG,227.0,227.0,L,1.0,1.0,normal,other,test,psp_008965_1510_red-0139,[],9fdbffb9ae62eadd78d9eab1136a3b1bc6e918041af56c594f41edc8f44783f9,184317cce8dc0dcc625f25783b4490b91702b90ec7788338edad54c23eb50cd3,b32e6c4cd933266c,120.45572396126452,18.56128872350644,33ef637efc4ec570,[],0.0,psp_008965_1510,['test'],1.0,Counter({'test': 1}),train,8ec1c87e1acb9e4e,True,hirise_clean,0,C:\Users\deves\OneDrive\Desktop\Projects\TCMD-SS\data\raw\hirise_v3_2\map-proj-v3_2\PSP_008965_1510_RED-0139.jpg
map-proj-v3_2/ESP_034557_1510_RED-0129.jpg,ok,,JPEG,227.0,227.0,L,1.0,1.0,normal,crater,val,esp_034557_1510_red-0129,[],dc8f304be4ce5fc362eac096f38a667779fefad741c27eea8fd545cc034d8597,c5cd33c1f20565c40de3b60404dc1d27dbb0c5e371ffb626364ae871b7b51d50,ab68304bf3a6ccc9,134.65662054377148,14.209292070153383,8c65d74d9e4e4f73,[],1.0,esp_034557_1510,['val'],1.0,Counter({'val': 1}),train,a507b3899c76af06,True,hirise_clean,0,C:\Users\deves\OneDrive\Desktop\Projects\TCMD-SS\data\raw\hirise_v3_2\map-proj-v3_2\ESP_034557_1510_RED-0129.jpg
map-proj-v3_2/ESP_018815_2570_RED-0010.jpg,ok,,JPEG,227.0,227.0,L,1.0,1.0,normal,dark dune,test,esp_018815_2570_red-0010,[],b3efc15e46ee5eade7841f1b3e373be2a27f3e6513c5316d9c3e85f06be21572,b6ee47cdbee752fe65e78e816ef38aaf897046284e71388e13271f3a78ceab1a,a671d9996622999b,182.91563973684725,19.856122571181977,0e1cfcc7e82beb2e,[],2.0,esp_018815_2570,['test'],1.0,Counter({'test': 1}),train,79c257808b0fd852,True,hirise_clean,0,C:\Users\deves\OneDrive\Desktop\Projects\TCMD-SS\data\raw\hirise_v3_2\map-proj-v3_2\ESP_018815_2570_RED-0010.jpg
map-proj-v3_2/ESP_018840_1865_RED-0013.jpg,ok,,JPEG,227.0,227.0,L,1.0,1.0,normal,slope streak,train,esp_018840_1865_red-0013,[],a79052a7041f78c4bdf25f597c70aa0f2b848d0b786fb7d04193692a79296fcf,cbc3b7fa6678c3d411ee766d15c162383ab4a324ba6d44cfc544bfade445e9d5,e6ce993366495992,153.88503561101516,33.996050809569255,0ae828b7c6b61853,[],3.0,esp_018840_1865,['train'],1.0,Counter({'train': 1}),train,568a551da03a5d8b,True,hirise_clean,0,C:\Users\deves\OneDrive\Desktop\Projects\TCMD-SS\data\raw\hirise_v3_2\map-proj-v3_2\ESP_018840_1865_RED-0013.jpg
map-proj-v3_2/ESP_016758_2570_RED-0010.jpg,ok,,JPEG,227.0,227.0,L,1.0,1.0,normal,bright dune,train,esp_016758_2570_red-0010,[],13269c25c00511c55668a2babbfa852a0ecb855406ecf2f0c754a8f64b827c45,abdacb5bc3cecfbc40346f3d3c70156fdb0a0c567ebd5e8a8ba77c9e13fef2a9,f72ecc712a44aa78,183.2313066428613,16.831368370061664,ffe9cc40d253e71e,[],4.0,esp_016758_2570,['train'],1.0,Counter({'train': 1}),train,742528a36b580605,True,hirise_clean,0,C:\Users\deves\OneDrive\Desktop\Projects\TCMD-SS\data\raw\hirise_v3_2\map-proj-v3_2\ESP_016758_2570_RED-0010.jpg
map-proj-v3_2/ESP_016095_2655_RED-0036.jpg,ok,,JPEG,227.0,227.0,L,1.0,1.0,normal,impact ejecta,val,esp_016095_2655_red-0036,[],934663730ca71eee697fc02ca4914389d093fe2e55b759bdca4a6df9b529cc66,9889bace8b669b35de4672169c76fa6c4176112a3129f2213a64025c95cdd082,b1f0cc6c339bcc64,155.92545945001842,13.539574793101034,e4d6977db018f97d,[],5.0,esp_016095_2655,['val'],2.0,Counter({'val': 2}),train,5aac0f217c85986f,True,hirise_clean,0,C:\Users\deves\OneDrive\Desktop\Projects\TCMD-SS\data\raw\hirise_v3_2\map-proj-v3_2\ESP_016095_2655_RED-0036.jpg
map-proj-v3_2/ESP_012652_0950_RED-0003.jpg,ok,,JPEG,227.0,227.0,L,1.0,1.0,normal,swiss cheese,val,esp_012652_0950_red-0003,[],8583fadb9b489b5785262a417611ef02a07f48c9cbb25268c0225fc5169068bd,a9b6bd333f098904a967cc2ea7968171a791f280098dd98f0c463b0944fa885f,aaf71b686581751a,70.01467135011353,14.246809714373848,6ad1d429d3ec5e9e,[],6.0,esp_012652_0950,['val'],2.0,Counter({'val': 2}),train,c50d4aa09fb62293,True,hirise_clean,0,C:\Users\deves\OneDrive\Desktop\Projects\TCMD-SS\data\raw\hirise_v3_2\map-proj-v3_2\ESP_012652_0950_RED-0003.jpg
map-proj-v3_2/PSP_003470_0930_RED-0042.jpg,ok,,JPEG,227.0,227.0,L,1.0,1.0,normal,spider,test,psp_003470_0930_red-0042,[],3af450fbd38b5301f84100a6ec7495de061e82af8afbcfec584de50a3d29ce35,a04aea28c912cd989aceaf892257cae58ec48d376e3f5d20bdf9caa1591109c9,8b790445fefc380e,31.11843816103553,13.768425011359538,6be8ef5087b985b0,[],7.0,psp_003470_0930,['test'],1.0,Counter({'test': 1}),train,1e3c8989fe6df1fa,True,hirise_clean,0,C:\Users\deves\OneDrive\Desktop\Projects\TCMD-SS\data\raw\hirise_v3_2\map-proj-v3_2\PSP_003470_0930_RED-0042.jpg
map-proj-v3_2/PSP_008965_1510_RED-0002.jpg,ok,,JPEG,227.0,227.0,L,1.0,1.0,normal,other,test,psp_008965_1510_red-0002,[],478e2f6d6d028d4536b036ccb861ce68920d32735acc05ff18a6c963a48bb2ae,69d0c48070292bb7c77f00a288840f00bd74e0364dec737299796abef8f3162f,dca15a3123be45cd,115.3593510450426,23.44569167097583,e5a1b6878ee2eb99,[],0.0,psp_008965_1510,['test'],1.0,Counter({'test': 1}),train,8ec1c87e1acb9e4e,True,hirise_clean,0,C:\Users\deves\OneDrive\Desktop\Projects\TCMD-SS\data\raw\hirise_v3_2\map-proj-v3_2\PSP_008965_1510_RED-0002.jpg
map-proj-v3_2/ESP_028196_1840_RED-0119.jpg,ok,,JPEG,227.0,227.0,L,1.0,1.0,normal,crater,train,esp_028196_1840_red-0119,[],bdb157828d7936cccb923f6dec319a99c47ed1b4d142baed74d404abbb456b77,c897504d918eddc88d71595d31a7d9078cf9e0c623f6dc3d2798528c6d773e5d,f19f0c803b328dde,149.43189272060394,17.38511147788446,45440da1ebe9a537,[],1.0,esp_028196_1840,['train'],1.0,Counter({'train': 1}),train,27d4cddfac4d7248,True,hirise_clean,0,C:\Users\deves\OneDrive\Desktop\Projects\TCMD-SS\data\raw\hirise_v3_2\map-proj-v3_2\ESP_028196_1840_RED-0119.jpg
map-proj-v3_2/ESP_016095_2655_RED-0024.jpg,ok,,JPEG,227.0,227.0,L,1.0,1.0,normal,dark dune,val,esp_016095_2655_red-0024,[],ec6da8071d92ac59bf64d3ca7f602800eadb9f472e11f97c11b20aa8749afa87,3cd95a3887ad5f705b59673ce575e0bc32c2a919562b4543930f09cb14b3d9b0,91c96638cf4f6456,146.45366686720098,15.07355202113881,87091060241ee1c8,[],2.0,esp_016095_2655,['val'],2.0,Counter({'val': 2}),train,5aac0f217c85986f,True,hirise_clean,0,C:\Users\deves\OneDrive\Desktop\Projects\TCMD-SS\data\raw\hirise_v3_2\map-proj-v3_2\ESP_016095_2655_RED-0024.jpg
map-proj-v3_2/ESP_018416_2060_RED-0243.jpg,ok,,JPEG,227.0,227.0,L,1.0,1.0,normal,slope streak,val,esp_018416_2060_red-0243,[],1677d6f041ac2b83abc52254bec3c6fe295abd1ee1aa7e27712bdeea3d0a89cc,282d033b2fd87c23331a7bcf094d225f9c6f3e0af98198c561dc94dd1e21f7a9,83e0cc7894b82fbe,139.61493527916318,75.06935598443648,83b3d76e4a71dd77,[],3.0,esp_018416_2060,['val'],1.0,Counter({'val': 1}),train,deb5bd200e2850f3,True,hirise_clean,0,C:\Users\deves\OneDrive\Desktop\Projects\TCMD-SS\data\raw\hirise_v3_2\map-proj-v3_2\ESP_018416_2060_RED-0243.jpg
map-proj-v3_2/ESP_024646_2570_RED-0027.jpg,ok,,JPEG,227.0,227.0,L,1.0,1.0,normal,bright dune,train,esp_024646_2570_red-0027,[],7c6df7b576447587aecb635f8eb5814fba0db797fae4327e959392790b38980c,be1f73bb01b1d622a9aff6cd934d486c9a151d35c681b42b4c5a141e987fc833,e46d9bdc91d3a424,162.41396107046518,21.788013979082766,f72af966f87a4ea7,[],4.0,esp_024646_2570,['train'],1.0,Counter({'train': 1}),train,fd0db7f1b6955a04,True,hirise_clean,0,C:\Users\deves\OneDrive\Desktop\Projects\TCMD-SS\data\raw\hirise_v3_2\map-proj-v3_2\ESP_024646_2570_RED-0027.jpg
map-proj-v3_2/ESP_034590_1795_RED-0114.jpg,ok,,JPEG,227.0,227.0,L,1.0,1.0,normal,impact ejecta,train,esp_034590_1795_red-0114,[],4cdb82f91908bc3463868fe3fc07a5e8b08a550a340f99d7f6c35f4d1b33fbe1,a4abba7719b835291589db92d67e050e2c826ffdeb4bf8e1e8fb93aa32334be5,b63a99e626396c92,66.60637699159696,14.267290333282704,5bdeccc028f6cd8b,[],5.0,esp_034590_1795,['train'],2.0,Counter({'train': 2}),train,c55dd6c553dead7b,True,hirise_clean,0,C:\Users\deves\OneDrive\Desktop\Projects\TCMD-SS\data\raw\hirise_v3_2\map-proj-v3_2\ESP_034590_1795_RED-0114.jpg
map-proj-v3_2/ESP_011767_0950_RED-0051.jpg,ok,,JPEG,227.0,227.0,L,1.0,1.0,normal,swiss cheese,val,esp_011767_0950_red-0051,[],7b05ba964fe2a3a015732f0d93e25d6a61cef2b4e2c8e9432a9ee0a29589d3dc,fa2476853f78e6025ad3ba3024c4ab05b7a8ed609ec9bec94420c64893abee60,a7881127391f8ef9,76.87226610258301,19.328140118397293,a24a88daee7b7540,[],6.0,esp_011767_0950,['val'],2.0,Counter({'val': 2}),train,e4fa33ce0e847199,True,hirise_clean,0,C:\Users\deves\OneDrive\Desktop\Projects\TCMD-SS\data\raw\hirise_v3_2\map-proj-v3_2\ESP_011767_0950_RED-0051.jpg
map-proj-v3_2/ESP_013049_0950_RED-0010.jpg,ok,,JPEG,227.0,227.0,L,1.0,1.0,normal,spider,train,esp_013049_0950_red-0010,[],0ec6a111d20b4352f473af100bb42cf147fae190a0eca4db3bf4f82f4899b598,c10caf1262b8dadc9b60ec484c13f1e9b8260398665aec328e0046493581b6c1,d4aa55ab57a94a31,175.55060257330825,32.05533489774016,62f097c920a6235c,[],7.0,esp_013049_0950,['train'],2.0,Counter({'train': 2}),train,fd0db7f1b6955a04,True,hirise_clean,0,C:\Users\deves\OneDrive\Desktop\Projects\TCMD-SS\data\raw\hirise_v3_2\map-proj-v3_2\ESP_013049_0950_RED-0010.jpg
map-proj-v3_2/ESP_034025_1670_RED-0102.jpg,ok,,JPEG,227.0,227.0,L,1.0,1.0,normal,other,train,esp_034025_1670_red-0102,[],31310df6ec151aed148b428d3d3aa51ae48af1130008bbe7a09149a5ff28466f,5e46ec3a224e2d91e3d4573af8174dd628e5f29fb9c45e3db16d327d5ee69ef3,9a92ea9aec64e169,81.60657105707466,18.61741922318189,78d8173a981f334d,[],0.0,esp_034025_1670,['train'],1.0,Counter({'train': 1}),train,58653c94f6bf2cb5,True,hirise_clean,0,C:\Users\deves\OneDrive\Desktop\Projects\TCMD-SS\data\raw\hirise_v3_2\map-proj-v3_2\ESP_034025_1670_RED-0102.jpg
map-proj-v3_2/ESP_016630_1720_RED-0047.jpg,ok,,JPEG,227.0,227.0,L,1.0,1.0,normal,crater,train,esp_016630_1720_red-0047,[],a46f96c0ed81a1074367f91645a6b1725651fb4ae7b5dd35d8df4beea5825287,985722eac1eea5804f471c31001dbe0b26b647d1b1d8f8ea856b0c5c199ab9f9,c30b6c1d937366cc,99.90199693376545,18.82570092098879,1bc8873f70c57578,[],1.0,esp_016630_1720,['train'],1.0,Counter({'train': 1}),train,f97a05a287284cd9,True,hirise_clean,0,C:\Users\deves\OneDrive\Desktop\Projects\TCMD-SS\data\raw\hirise_v3_2\map-proj-v3_2\ESP_016630_1720_RED-0047.jpg
map-proj-v3_2/PSP_002455_1320_RED-0080.jpg,ok,,JPEG,227.0,227.0,L,1.0,1.0,normal,dark dune,train,psp_002455_1320_red-0080,[],515c231053f8f91188dea5c671128cdfff05f42d7c49a229e0f55d925841fc1a,2a67c282751189575f963a6e43c9a73fd2494ba23a2716f8eefea8bbf31b7c97,ca7a399ea62f822a,63.11409109433523,15.96195082980902,9822404fa84e6b09,[],2.0,psp_002455_1320,['train'],1.0,Counter({'train': 1}),train,acb759d8cdabc26b,True,hirise_clean,0,C:\Users\deves\OneDrive\Desktop\Projects\TCMD-SS\data\raw\hirise_v3_2\map-proj-v3_2\PSP_002455_1320_RED-0080.jpg
map-proj-v3_2/ESP_016607_2080_RED-0190.jpg,ok,,JPEG,227.0,227.0,L,1.0,1.0,normal,slope streak,val,esp_016607_2080_red-0190,[],b529217d0bb46da286be4b5b6f69e06e97b7436a81fa3dc1b949aefbf4db53c7,3dc7b25ef848d8ec2ff03117e05f908d6b71144d9aeb5d5ea4ab763c6169cfb5,d64a8fc264493f4d,136.35395602476277,67.12017114553448,a4ba14707eb89d11,[],3.0,esp_016607_2080,['val'],1.0,Counter({'val': 1}),train,a94c9b1b3775c694,True,hirise_clean,0,C:\Users\deves\OneDrive\Desktop\Projects\TCMD-SS\data\raw\hirise_v3_2\map-proj-v3_2\ESP_016607_2080_RED-0190.jpg
map-proj-v3_2/ESP_016576_2570_RED-0019.jpg,ok,,JPEG,227.0,227.0,L,1.0,1.0,normal,bright dune,val,esp_016576_2570_red-0019,[],c2966c34b8463115f60c246bc224c30d5406ee0ee21f811c26498b512a9a800e,5187b79b86ad6315edd45b2ef517eaa52ad6e853a21a0ef148b20daf57b3d11e,d64c6aa6257672a3,161.14846009043453,74.21397018573568,7df9597b6bedb483,[],4.0,esp_016576_2570,['val'],1.0,Counter({'val': 1}),train,fd0db7f1b6955a04,True,hirise_clean,0,C:\Users\deves\OneDrive\Desktop\Projects\TCMD-SS\data\raw\hirise_v3_2\map-proj-v3_2\ESP_016576_2570_RED-0019.jpg
map-proj-v3_2/ESP_012810_0925_RED-0029.jpg,ok,,JPEG,227.0,227.0,L,1.0,1.0,normal,swiss cheese,train,esp_012810_0925_red-0029,[],0c6700d119a63b7947cc75eb607ea7fbe53ea5ffc9261997da8e359be0e6ae54,744cfaa89fea32d8f630d9a4142b7566cfa2744bf77706e791fe0be3f81a05db,bc53b1521b4d22db,126.86353315608686,18.064208678469377,d0228eb01796e71f,[],6.0,esp_012810_0925,['train'],1.0,Counter({'train': 1}),train,dd45fe812d8c375d,True,hirise_clean,0,C:\Users\deves\OneDrive\Desktop\Projects\TCMD-SS\data\raw\hirise_v3_2\map-proj-v3_2\ESP_012810_0925_RED-0029.jpg
map-proj-v3_2/PSP_003470_0930_RED-0090.jpg,ok,,JPEG,227.0,227.0,L,1.0,1.0,normal,spider,test,psp_003470_0930_red-0090,[],76e922cfb2e5538d03aa103379d60bbf65f9027c465a5de4604990f6986ef813,9caba37daeb8946f2820e755938890c7be924cda95e11db78bb2dd164ec004d7,8efa360574d1db28,42.49412951929981,17.906106916653457,71ef101390dd9436,[],7.0,psp_003470_0930,['test'],1.0,Counter({'test': 1}),train,1e3c8989fe6df1fa,True,hirise_clean,0,C:\Users\deves\OneDrive\Desktop\Projects\TCMD-SS\data\raw\hirise_v3_2\map-proj-v3_2\PSP_003470_0930_RED-0090.jpg
map-proj-v3_2/ESP_027802_1685_RED-0015.jpg,ok,,JPEG,227.0,227.0,L,1.0,1.0,normal,other,train,esp_027802_1685_red-0015,[],fb8db783d926b85061e6ca40cb736c0b162fc3d706523d9ce0ac71c85d80faa6,e3cb29fe3304a4cb7537a9de93aa5fb62939d8a3b31e9e7ef3a4e8fbbb9bc776,ec8556c6837e9c29,98.76467620175048,57.83916749223498,4e0408da14cbf79c,[],0.0,esp_027802_1685,['train'],1.0,Counter({'train': 1}),train,05f954ef1369c4ae,True,hirise_clean,0,C:\Users\deves\OneDrive\Desktop\Projects\TCMD-SS\data\raw\hirise_v3_2\map-proj-v3_2\ESP_027802_1685_RED-0015.jpg
map-proj-v3_2/ESP_016607_2080_RED-0052.jpg,ok,,JPEG,227.0,227.0,L,1.0,1.0,normal,crater,val,esp_016607_2080_red-0052,[],3b02fdbfce72e6982e049c27daf857f2a89d76e93ebce8b056dd1fdae62b279c,b5e85597a5476a229138f070aa5a8176d4b7c30eb7f25256ee0678f0195dd608,f2a94fd6302ac3b1,133.94170273050128,18.1538888440117,63d104e3c82d97e9,[],1.0,esp_016607_2080,['val'],1.0,Counter({'val': 1}),train,a94c9b1b3775c694,True,hirise_clean,0,C:\Users\deves\OneDrive\Desktop\Projects\TCMD-SS\data\raw\hirise_v3_2\map-proj-v3_2\ESP_016607_2080_RED-0052.jpg
map-proj-v3_2/ESP_018720_2655_RED-0124.jpg,ok,,JPEG,227.0,227.0,L,1.0,1.0,normal,dark dune,test,esp_018720_2655_red-0124,[],30b47a0b5e24a307f3898b257ffe3aa79744eb820b430400e561b27876926a38,3fdb2e523fca917e1e0963c460f761e0cc1da09a0f63724335e3b245e5a4da34,b568160ddab6b50d,24.502299675910653,10.367053095976,cbbdf891bea9e348,[],2.0,esp_018720_2655,['test'],1.0,Counter({'test': 1}),train,7e7b4f2085af6bfe,True,hirise_clean,0,C:\Users\deves\OneDrive\Desktop\Projects\TCMD-SS\data\raw\hirise_v3_2\map-proj-v3_2\ESP_018720_2655_RED-0124.jpg
map-proj-v3_2/PSP_002776_2025_RED-0076.jpg,ok,,JPEG,227.0,227.0,L,1.0,1.0,normal,slope streak,val,psp_002776_2025_red-0076,[],34c5b027d7aa26a1774131255945e5714db34fbd5fb8fde6b712ab3bc876df77,0331829c195a145016b53898863510e478203df19b899c7b8b50cf49417cdcdc,9b9767d465b45805,169.83486968503172,22.42179268415661,bb8c640ef71fba31,[],3.0,psp_002776_2025,['val'],1.0,Counter({'val': 1}),train,6add78d65b8d95f4,True,hirise_clean,0,C:\Users\deves\OneDrive\Desktop\Projects\TCMD-SS\data\raw\hirise_v3_2\map-proj-v3_2\PSP_002776_2025_RED-0076.jpg
map-proj-v3_2/ESP_016758_2570_RED-0024.jpg,ok,,JPEG,227.0,227.0,L,1.0,1.0,normal,bright dune,train,esp_016758_2570_red-0024,[],c256dbe3c1233aa057022fcf8e6a7293b6a804a4e87398ee1f0ee74d6e03d5ef,ace1c61fb006037ffd6f41b78d8dde98f88d1211710050ed45681bcdaf104e86,900b102d7f3bf8f1,156.92813755361058,58.04515398957979,ea9a6e1f9233d576,[],4.0,esp_016758_2570,['train'],1.0,Counter({'train': 1}),train,742528a36b580605,True,hirise_clean,0,C:\Users\deves\OneDrive\Desktop\Projects\TCMD-SS\data\raw\hirise_v3_2\map-proj-v3_2\ESP_016758_2570_RED-0024.jpg
map-proj-v3_2/ESP_016730_1960_RED-0503.jpg,ok,,JPEG,227.0,227.0,L,1.0,1.0,normal,impact ejecta,train,esp_016730_1960_red-0503,[],717c1ab598d345b8962fc0408eb4542864f5c0691665638c5b4b701ddbe9c75f,cb699774ce87232ad8f87e6fb533f4d79e1dfaf7fc4b97bb537b4aa2f3f0f8ae,bc0b62c6dcd12736,127.5241514486988,15.29691530589746,853a7b5c68f2e0e0,[],5.0,esp_016730_1960,['train'],1.0,Counter({'train': 1}),train,e0601565561c83a6,True,hirise_clean,0,C:\Users\deves\OneDrive\Desktop\Projects\TCMD-SS\data\raw\hirise_v3_2\map-proj-v3_2\ESP_016730_1960_RED-0503.jpg
map-proj-v3_2/ESP_012558_0950_RED-0031.jpg,ok,,JPEG,227.0,227.0,L,1.0,1.0,normal,swiss cheese,val,esp_012558_0950_red-0031,[],04ee9eea0137b84f1216cd876d21d41e2f62892c06416912f65bf1d495ba1641,9374325b74d98da50368f62dc717b0ec8985e0ef20566e98c7079e9da7e727ef,e2691b7a25245b2f,144.94102350132934,16.432648560785434,010129c543979d94,[],6.0,esp_012558_0950,['val'],2.0,Counter({'val': 2}),train,fd0db7f1b6955a04,True,hirise_clean,0,C:\Users\deves\OneDrive\Desktop\Projects\TCMD-SS\data\raw\hirise_v3_2\map-proj-v3_2\ESP_012558_0950_RED-0031.jpg
map-proj-v3_2/ESP_016095_2655_RED-0015.jpg,ok,,JPEG,227.0,227.0,L,1.0,1.0,normal,spider,val,esp_016095_2655_red-0015,[],6354b4558da2ce13441ba1240b1abd3e663c5788fe4c6d6b8422610888d43cd6,d2c32f82b95ec1930eb113b2f2480c961c6fdf7c4e6bb47d35fd054298444b4d,a787c8fc76138964,156.20270139144947,15.396033839344128,17db4eb947112d8e,[],7.0,esp_016095_2655,['val'],2.0,Counter({'val': 2}),train,5aac0f217c85986f,True,hirise_clean,0,C:\Users\deves\OneDrive\Desktop\Projects\TCMD-SS\data\raw\hirise_v3_2\map-proj-v3_2\ESP_016095_2655_RED-0015.jpg
map-proj-v3_2/ESP_019697_2020_RED-0003.jpg,ok,,JPEG,227.0,227.0,L,1.0,1.0,normal,crater,train,esp_019697_2020_red-0003,[],c766773f7721b7db833993a342d242e45de31bc83daa5001a3513fb8334368e4,2a489f9b835f79084098cfce183bdf87387cee47cb7f6e9bb93dfe8d29dc8448,d6b649c95835b616,82.84195307496749,16.013798694979812,10f3835590484a32,[],1.0,esp_019697_2020,['train'],2.0,Counter({'train': 2}),train,8dc310e95be70b1f,True,hirise_clean,0,C:\Users\deves\OneDrive\Desktop\Projects\TCMD-SS\data\raw\hirise_v3_2\map-proj-v3_2\ESP_019697_2020_RED-0003.jpg
map-proj-v3_2/ESP_018720_2655_RED-0093.jpg,ok,,JPEG,227.0,227.0,L,1.0,1.0,normal,dark dune,test,esp_018720_2655_red-0093,[],7378f24a53e51f767cd67bf07edfa9b5f9f94881dbd8e11417e4bb2df21095ac,c9b773b6f41ba888b315cb634573384efad01ef652e74b74c3c16f6a19c1b137,ef36a5519d261133,44.75982456480816,13.952609113336964,3e58273e30374beb,[],2.0,esp_018720_2655,['test'],1.0,Counter({'test': 1}),train,7e7b4f2085af6bfe,True,hirise_clean,0,C:\Users\deves\OneDrive\Desktop\Projects\TCMD-SS\data\raw\hirise_v3_2\map-proj-v3_2\ESP_018720_2655_RED-0093.jpg
map-proj-v3_2/ESP_024646_2570_RED-0037.jpg,ok,,JPEG,227.0,227.0,L,1.0,1.0,normal,bright dune,train,esp_024646_2570_red-0037,[],1c69e4334837b01d42ce4db1c71c4cc31135729ec40ec44cbe5bade2465f4fa9,2438ee4f82d683addb7a932fa74b3e1b34fd2df82a6c53a40d9a6cbd85ad9c7f,942d6bc3b838c3c7,189.4090512138796,24.71788071135697,bf520c9b558b43ea,[],4.0,esp_024646_2570,['train'],1.0,Counter({'train': 1}),train,fd0db7f1b6955a04,True,hirise_clean,0,C:\Users\deves\OneDrive\Desktop\Projects\TCMD-SS\data\raw\hirise_v3_2\map-proj-v3_2\ESP_024646_2570_RED-0037.jpg
map-proj-v3_2/ESP_013049_0950_RED-0209.jpg,ok,,JPEG,227.0,227.0,L,1.0,1.0,normal,spider,train,esp_013049_0950_red-0209,[],dcd8877195e7b79cdffac6d72cbb97bf0379bf99d34f798a436d1ad6f097f72d,1935993f111f6f7fab183d1d6bfa75c58305e9b1b0437fd3e0759cb0619586e9,eac3b8d2166e9d22,161.5945584040055,15.715952423973722,597c300ff4e1efae,[],7.0,esp_013049_0950,['train'],2.0,Counter({'train': 2}),train,fd0db7f1b6955a04,True,hirise_clean,0,C:\Users\deves\OneDrive\Desktop\Projects\TCMD-SS\data\raw\hirise_v3_2\map-proj-v3_2\ESP_013049_0950_RED-0209.jpg
map-proj-v3_2/PSP_008965_1510_RED-0645.jpg,ok,,JPEG,227.0,227.0,L,1.0,1.0,normal,other,test,psp_008965_1510_red-0645,[],f4d7a60467b9b20d21fb1a3e1c70b597653c30f00ebdb2c1bf0d50ceaff689c4,4a873678929b9f2266f97f377ee561c50d2fa660748e65ab74ef9fa696a72251,ee1e9821c951f393,112.23144248869568,17.47778123740732,fa293943399212df,[],0.0,psp_008965_1510,['test'],1.0,Counter({'test': 1}),train,8ec1c87e1acb9e4e,True,hirise_clean,0,C:\Users\deves\OneDrive\Desktop\Projects\TCMD-SS\data\raw\hirise_v3_2\map-proj-v3_2\PSP_008965_1510_RED-0645.jpg
map-proj-v3_2/ESP_011425_1775_RED-0091.jpg,ok,,JPEG,227.0,227.0,L,1.0,1.0,normal,crater,train,esp_011425_1775_red-0091,[],07f81c0a424ccdc1f46a4b2d654dbc0181e77978b91e0fceb463ebb48d1a1877,5a18422bddf6d4232bb4d6651dcb536e64d2554467268172c17b2a497927f6c6,f2a5cd1830cbcf4c,107.8464165809544,19.419180043665964,4475d701bf380d6a,[],1.0,esp_011425_1775,['train'],1.0,Counter({'train': 1}),train,51520df58488ffc4,True,hirise_clean,0,C:\Users\deves\OneDrive\Desktop\Projects\TCMD-SS\data\raw\hirise_v3_2\map-proj-v3_2\ESP_011425_1775_RED-0091.jpg
map-proj-v3_2/ESP_017001_1805_RED-0204.jpg,ok,,JPEG,227.0,227.0,L,1.0,1.0,normal,dark dune,test,esp_017001_1805_red-0204,[],ad7cc71c24aa5cf47a51ef029b6f0770fa234abfee13a08604e1b5255bc347e5,03732603983e15807007240ac51087d8ed6e48030a88472b140fb6d88a31d8ed,b780ba3480ff1376,75.99683673271362,30.844900337247875,7d78ebf9db8a8357,[],2.0,esp_017001_1805,['test'],1.0,Counter({'test': 1}),train,f03fb3a269199b75,True,hirise_clean,0,C:\Users\deves\OneDrive\Desktop\Projects\TCMD-SS\data\raw\hirise_v3_2\map-proj-v3_2\ESP_017001_1805_RED-0204.jpg
map-proj-v3_2/ESP_016758_2570_RED-0017.jpg,ok,,JPEG,227.0,227.0,L,1.0,1.0,normal,bright dune,train,esp_016758_2570_red-0017,[],e2f4ed939552c5a0f4de81b739e4629891f4f64cfeb68c4e636f5355b4e461b2,779e1ff7a4582ac40da51e130368b3e0b8f8018362cb35f8017c0643b0cca617,adb6cf982126c599,180.6254342215064,18.52077707568306,cf335cf689b7cad1,[],4.0,esp_016758_2570,['train'],1.0,Counter({'train': 1}),train,742528a36b580605,True,hirise_clean,0,C:\Users\deves\OneDrive\Desktop\Projects\TCMD-SS\data\raw\hirise_v3_2\map-proj-v3_2\ESP_016758_2570_RED-0017.jpg
map-proj-v3_2/ESP_016730_1960_RED-0345.jpg,ok,,JPEG,227.0,227.0,L,1.0,1.0,normal,impact ejecta,train,esp_016730_1960_red-0345,[],3dcfffaa76fa4f1628dde5242005eac91d937dbab63670e42a2c3cbc03c0991e,89fc4800866df6c0a6f20c07610bcd6e66e2946a576a3e5db9ace7dd12f78fa8,c63635ed268c9963,126.10702711094724,18.579063526850085,c46d6ada3b64d5f0,[],5.0,esp_016730_1960,['train'],1.0,Counter({'train': 1}),train,e0601565561c83a6,True,hirise_clean,0,C:\Users\deves\OneDrive\Desktop\Projects\TCMD-SS\data\raw\hirise_v3_2\map-proj-v3_2\ESP_016730_1960_RED-0345.jpg
map-proj-v3_2/ESP_012215_0935_RED-0198.jpg,ok,,JPEG,227.0,227.0,L,1.0,1.0,normal,swiss cheese,train,esp_012215_0935_red-0198,[],6d2b24c451a99044e0aec783df55b0e9105e7e2dd9608ee08abf0cc9c579a4d4,6c21a51f75f1ba920697ac0a2baed6ea9b78251ec3538aba5f0cf9494fbc2802,f29d144aa5a795ca,105.93048574589066,13.385039743794591,645346f9aad58382,[],6.0,esp_012215_0935,['train'],2.0,Counter({'train': 2}),train,fd0db7f1b6955a04,True,hirise_clean,0,C:\Users\deves\OneDrive\Desktop\Projects\TCMD-SS\data\raw\hirise_v3_2\map-proj-v3_2\ESP_012215_0935_RED-0198.jpg
map-proj-v3_2/ESP_013049_0950_RED-0037.jpg,ok,,JPEG,227.0,227.0,L,1.0,1.0,normal,spider,train,esp_013049_0950_red-0037,[],b6e2c8f23174d02bd533e4b2dca9f368e8c8985af0d92d54adf4ce1fe6550ccb,af5440b0532d161a06f1159a9a8684ec74acc240e938941f29ef394fd57477b0,f6aa5caa56a855a8,181.5848551301209,26.556740744524884,4e7c740697b81ef6,[],7.0,esp_013049_0950,['train'],2.0,Counter({'train': 2}),train,fd0db7f1b6955a04,True,hirise_clean,0,C:\Users\deves\OneDrive\Desktop\Projects\TCMD-SS\data\raw\hirise_v3_2\map-proj-v3_2\ESP_013049_0950_RED-0037.jpg
map-proj-v3_2/ESP_036987_1825_RED-0275.jpg,ok,,JPEG,227.0,227.0,L,1.0,1.0,normal,other,train,esp_036987_1825_red-0275,[],88beac46af1b9bbcd729067553742eb3f2c6ab6c3e417ba67fd5a47d99da31d0,69c029516d6c1b7705ccb96713358322997deec1f25dff9bdd43ee8a9ab0de6b,d12468c3d393afc3,103.34599934017736,14.67746490534857,4f865ece1e02edfe,[],0.0,esp_036987_1825,['train'],1.0,Counter({'train': 1}),train,5480608cf625412c,True,hirise_clean,0,C:\Users\deves\OneDrive\Desktop\Projects\TCMD-SS\data\raw\hirise_v3_2\map-proj-v3_2\ESP_036987_1825_RED-0275.jpg
map-proj-v3_2/PSP_010587_1620_RED-0236.jpg,ok,,JPEG,227.0,227.0,L,1.0,1.0,normal,crater,train,psp_010587_1620_red-0236,[],26c5e89e9fdabf8871e6c683b8746164cb99a165f0edb5da8e70d69e2a335012,d89842f938afbea3e31086ea8ae1ad084f9287b6ca5ba41cdebb5ca92b44ba0d,9dd58a3570039f6c,72.3917599798172,43.03635330263058,74c6df6a77ca15c3,[],1.0,psp_010587_1620,['train'],1.0,Counter({'train': 1}),train,676dcb9cd2e9dcba,True,hirise_clean,0,C:\Users\deves\OneDrive\Desktop\Projects\TCMD-SS\data\raw\hirise_v3_2\map-proj-v3_2\PSP_010587_1620_RED-0236.jpg
map-proj-v3_2/PSP_002455_1320_RED-0113.jpg,ok,,JPEG,227.0,227.0,L,1.0,1.0,normal,dark dune,train,psp_002455_1320_red-0113,[],24883bb0d9b2ef919c0f8983bdc30f466f772285ed5588bd463cf2a5bd0660a0,6a832c1a909a2005fac12cae477185ecef1f021a0d925134837291bb8d5cd4c5,cc2833565d65d6c9,33.70399192687613,25.98130775673377,6a123e7f1c60c8fe,[],2.0,psp_002455_1320,['train'],1.0,Counter({'train': 1}),train,acb759d8cdabc26b,True,hirise_clean,0,C:\Users\deves\OneDrive\Desktop\Projects\TCMD-SS\data\raw\hirise_v3_2\map-proj-v3_2\PSP_002455_1320_RED-0113.jpg
map-proj-v3_2/ESP_016607_2080_RED-0248.jpg,ok,,JPEG,227.0,227.0,L,1.0,1.0,normal,slope streak,val,esp_016607_2080_red-0248,[],492aca04763f4fbfa38caf2f442972f9afec942c157fd67d14e5bbb03b96f982,7d4e2809a23cab01a3f9862f92ed32cdd40f35a04e7ed9537108ad2fe1b88760,84d555557750cec6,198.77049816608124,18.348224351825248,f61fa5cd07df7864,[],3.0,esp_016607_2080,['val'],1.0,Counter({'val': 1}),train,a94c9b1b3775c694,True,hirise_clean,0,C:\Users\deves\OneDrive\Desktop\Projects\TCMD-SS\data\raw\hirise_v3_2\map-proj-v3_2\ESP_016607_2080_RED-0248.jpg
map-proj-v3_2/ESP_016758_2570_RED-0027.jpg,ok,,JPEG,227.0,227.0,L,1.0,1.0,normal,bright dune,train,esp_016758_2570_red-0027,[],11e3f49c98eb18dc306fd70844d401f572756d7673158126717c6728b16e3995,d40240a989f53d5f2bb7785060fa8501f7645595b381585381f0f8db7a065a32,d5558873555588bb,186.59240427720312,22.74512105652365,a103292b945384dd,[],4.0,esp_016758_2570,['train'],1.0,Counter({'train': 1}),train,742528a36b580605,True,hirise_clean,0,C:\Users\deves\OneDrive\Desktop\Projects\TCMD-SS\data\raw\hirise_v3_2\map-proj-v3_2\ESP_016758_2570_RED-0027.jpg
map-proj-v3_2/ESP_016773_2010_RED-0041.jpg,ok,,JPEG,227.0,227.0,L,1.0,1.0,normal,impact ejecta,train,esp_016773_2010_red-0041,[],c054db8f7ab6cedd6244ff84f818c2f208d54e4bc3ed4840bca6a10fbd719d9a,134040af1db6370c452eaa6298dab5d14805e17e903825c14ce22c82cd093350,e08d9c217778374d,104.90981777251643,20.01919934834161,c342fe42f1b86c8c,[],5.0,esp_016773_2010,['train'],1.0,Counter({'train': 1}),train,5d8aa8a5bf819576,True,hirise_clean,0,C:\Users\deves\OneDrive\Desktop\Projects\TCMD-SS\data\raw\hirise_v3_2\map-proj-v3_2\ESP_016773_2010_RED-0041.jpg
map-proj-v3_2/PSP_006615_1910_RED-0368.jpg,ok,,JPEG,227.0,227.0,L,1.0,1.0,normal,swiss cheese,val,psp_006615_1910_red-0368,[],cabf3bcc51ac6ff49694f17d24e42e05d0d89579d3bb578b3ddf988e48562ad5,b010d3a3185e94df4c6c620c5df8263fd234c187200530826cb182461bf2fd90,bc1fcb0694d5632a,149.50878146286558,16.20069569565677,908d43f6be61c4e8,[],6.0,psp_006615_1910,['val'],1.0,Counter({'val': 1}),train,038fe7e62470ab5e,True,hirise_clean,0,C:\Users\deves\OneDrive\Desktop\Projects\TCMD-SS\data\raw\hirise_v3_2\map-proj-v3_2\PSP_006615_1910_RED-0368.jpg
map-proj-v3_2/PSP_003470_0930_RED-0148.jpg,ok,,JPEG,227.0,227.0,L,1.0,1.0,normal,spider,test,psp_003470_0930_red-0148,[],facc21a94ce33cb7b9e0a55c8b851bfc5fb51d5acb768286d9755962a8d77701,edd2aa182fb490dc1a7f37c09e160d91e2be494f59f6648c1fc1e709596ae4ff,881f737069c766b8,35.978109414116325,23.196204683692287,58d5f1f42d9732a4,[],7.0,psp_003470_0930,['test'],1.0,Counter({'test': 1}),train,1e3c8989fe6df1fa,True,hirise_clean,0,C:\Users\deves\OneDrive\Desktop\Projects\TCMD-SS\data\raw\hirise_v3_2\map-proj-v3_2\PSP_003470_0930_RED-0148.jpg
map-proj-v3_2/PSP_010587_1620_RED-0010.jpg,ok,,JPEG,227.0,227.0,L,1.0,1.0,normal,other,train,psp_010587_1620_red-0010,[],8c4a5c686e7fefef223aad6f0487c85e517ff461f0600692902f9e542043d749,ce1536d7bd0e75a800dc309b49eef134ce0056bc3ac66f8a4e56aedade736727,8f63b0a6387366c9,64.78268547808031,41.087452866463785,f40e573a541d449e,[],0.0,psp_010587_1620,['train'],1.0,Counter({'train': 1}),train,676dcb9cd2e9dcba,True,hirise_clean,0,C:\Users\deves\OneDrive\Desktop\Projects\TCMD-SS\data\raw\hirise_v3_2\map-proj-v3_2\PSP_010587_1620_RED-0010.jpg
map-proj-v3_2/ESP_016730_1960_RED-0216.jpg,ok,,JPEG,227.0,227.0,L,1.0,1.0,normal,crater,train,esp_016730_1960_red-0216,[],c7e5b272340939f2057d41b43924e889eeacd7004e5d4fc1be9e65b5bdcb9b48,1d6914ae510042a984c3b09b3be57056f28e0199b0f2f9f0ef2e4ad261a2370d,c6e61afb4c91ab84,123.70216771138584,21.261911873166337,48dddb1e33e53b98,[],1.0,esp_016730_1960,['train'],1.0,Counter({'train': 1}),train,e0601565561c83a6,True,hirise_clean,0,C:\Users\deves\OneDrive\Desktop\Projects\TCMD-SS\data\raw\hirise_v3_2\map-proj-v3_2\ESP_016730_1960_RED-0216.jpg
map-proj-v3_2/ESP_018720_2655_RED-0159.jpg,ok,,JPEG,227.0,227.0,L,1.0,1.0,normal,dark dune,test,esp_018720_2655_red-0159,[],c443264f0305ed638dc87447d73a834911069bb8ecd3d1495f7a2874da768cdf,1f6d4bce07d07d1535ca228857f51fa947da0bb54a13367e8639804f77797373,c43f03e1f9ce1703,17.815618389644666,10.785995412162318,ce7ebfc04b174806,[],2.0,esp_018720_2655,['test'],1.0,Counter({'test': 1}),train,7e7b4f2085af6bfe,True,hirise_clean,0,C:\Users\deves\OneDrive\Desktop\Projects\TCMD-SS\data\raw\hirise_v3_2\map-proj-v3_2\ESP_018720_2655_RED-0159.jpg
map-proj-v3_2/ESP_011289_1950_RED-0066.jpg,ok,,JPEG,227.0,227.0,L,1.0,1.0,normal,slope streak,test,esp_011289_1950_red-0066,[],9686be2d823f08d96610224e5c6d79f6e926228bf5f414edbdb5e9363323cd38,412f989e0d231641fc2041d8d93b2f03cbd36b65ad5696e9dfa69a95ff0f2925,b885eed8c38ce386,71.15758116788605,20.64003279671848,8b169b44b5abb3cb,[],3.0,esp_011289_1950,['test'],1.0,Counter({'test': 1}),train,99c2c4faf44c06e8,True,hirise_clean,0,C:\Users\deves\OneDrive\Desktop\Projects\TCMD-SS\data\raw\hirise_v3_2\map-proj-v3_2\ESP_011289_1950_RED-0066.jpg
map-proj-v3_2/ESP_016576_2570_RED-0024.jpg,ok,,JPEG,227.0,227.0,L,1.0,1.0,normal,bright dune,val,esp_016576_2570_red-0024,[],878dda9085978d27dd7947be133d921c53e58acc1903418ff69c889456fdbdcb,e46f3e301f394e0bfa606753a666fa1710f665a689210b47105582401e955cd9,d1525b4a292b6dcd,173.90019212482292,49.06349366015308,f6dbb85bb664d11a,[],4.0,esp_016576_2570,['val'],1.0,Counter({'val': 1}),train,fd0db7f1b6955a04,True,hirise_clean,0,C:\Users\deves\OneDrive\Desktop\Projects\TCMD-SS\data\raw\hirise_v3_2\map-proj-v3_2\ESP_016576_2570_RED-0024.jpg
map-proj-v3_2/ESP_013161_1715_RED-0065.jpg,ok,,JPEG,227.0,227.0,L,1.0,1.0,normal,impact ejecta,test,esp_013161_1715_red-0065,[],e7a85b53bf6deed9f7f69acf69cbafd5557b98200fb13fe2520a1f27393b2863,e0e553382954fed19d16febae9e1aa46b11f504e950dbbbc7946db81596d07ad,f30c8c3363cc9373,142.18861223776904,32.6171416657002,8c648377c06d8003,[],5.0,esp_013161_1715,['test'],1.0,Counter({'test': 1}),train,5fbc3e4e88fe28f2,True,hirise_clean,0,C:\Users\deves\OneDrive\Desktop\Projects\TCMD-SS\data\raw\hirise_v3_2\map-proj-v3_2\ESP_013161_1715_RED-0065.jpg
map-proj-v3_2/ESP_012810_0925_RED-0063.jpg,ok,,JPEG,227.0,227.0,L,1.0,1.0,normal,swiss cheese,train,esp_012810_0925_red-0063,[],f58c0b70249a8e94ec93c50befd1ae8b77498b287a57cab1a4ff897aa5407f9b,ca5766116ed66725a9680d85c7ea29fc009346bfb998ec5d127934b6aa9099c5,d7da484022fab9e5,124.1442488695686,15.62966714129104,312cbc60beb977fd,[],6.0,esp_012810_0925,['train'],1.0,Counter({'train': 1}),train,dd45fe812d8c375d,True,hirise_clean,0,C:\Users\deves\OneDrive\Desktop\Projects\TCMD-SS\data\raw\hirise_v3_2\map-proj-v3_2\ESP_012810_0925_RED-0063.jpg
map-proj-v3_2/PSP_003470_0930_RED-0017.jpg,ok,,JPEG,227.0,227.0,L,1.0,1.0,normal,spider,test,psp_003470_0930_red-0017,[],cf5ce4e5932f65b08eef8247f4c773dc077d5540da3e5dfbadcd2afef40afc8d,206fe94480c75fbabfdbf1fcfaf3f7298ae494d8ce7c79e596f428cf41b040b0,d0e44c9a8e4f1f2e,32.693939335131674,15.7845117301175,86d49eabc32cc84a,[],7.0,psp_003470_0930,['test'],1.0,Counter({'test': 1}),train,1e3c8989fe6df1fa,True,hirise_clean,0,C:\Users\deves\OneDrive\Desktop\Projects\TCMD-SS\data\raw\hirise_v3_2\map-proj-v3_2\PSP_003470_0930_RED-0017.jpg
map-proj-v3_2/ESP_029014_2150_RED-0546.jpg,ok,,JPEG,227.0,227.0,L,1.0,1.0,normal,other,train,esp_029014_2150_red-0546,[],7ca6106351a896f804695bb4acc5b8ae76aadd18a53a55145cc12a317d020b36,698b9c19c3049f3b05a76d03cdfb3b8ed8c75400523b20f60a02e3adcffd775b,fc4ab14f13151b8d,115.74928680936948,21.931453391734536,bd2de86ed71f39e2,[],0.0,esp_029014_2150,['train'],1.0,Counter({'train': 1}),train,8a3c833fbfa12cda,True,hirise_clean,0,C:\Users\deves\OneDrive\Desktop\Projects\TCMD-SS\data\raw\hirise_v3_2\map-proj-v3_2\ESP_029014_2150_RED-0546.jpg
map-proj-v3_2/PSP_007489_1965_RED-0013.jpg,ok,,JPEG,227.0,227.0,L,1.0,1.0,normal,crater,test,psp_007489_1965_red-0013,[],1fd7f901cf83be7b8a820f47e7c786578381bbc269ba388cb1e33afdec5152d8,2a387d3af40cabc619c8caa6ea9977879d72db6f6079fa467d86616affaadacb,bb87264c9b33cc8c,159.27056608899844,14.195602921334602,4270d9b17245c614,[],1.0,psp_007489_1965,['test'],1.0,Counter({'test': 1}),train,9704981069368e8e,True,hirise_clean,0,C:\Users\deves\OneDrive\Desktop\Projects\TCMD-SS\data\raw\hirise_v3_2\map-proj-v3_2\PSP_007489_1965_RED-0013.jpg
map-proj-v3_2/ESP_018735_2815_RED-0048.jpg,ok,,JPEG,227.0,227.0,L,1.0,1.0,normal,dark dune,val,esp_018735_2815_red-0048,[],f6b51ddefc8a3e1277ffc0f392626aa757f52ad9b8edcb75338c167ae8a88ac8,589e3a06151502122183f4a4a6cbebbff9336c2c4d2986c702bc0a09af2d818e,823c79c2663deec4,23.896291408721304,17.283173952447576,74c7ad81b4ad2c97,[],2.0,esp_018735_2815,['val'],1.0,Counter({'val': 1}),train,cb8e14a21db6edcc,True,hirise_clean,0,C:\Users\deves\OneDrive\Desktop\Projects\TCMD-SS\data\raw\hirise_v3_2\map-proj-v3_2\ESP_018735_2815_RED-0048.jpg
map-proj-v3_2/ESP_016607_2080_RED-0200.jpg,ok,,JPEG,227.0,227.0,L,1.0,1.0,normal,slope streak,val,esp_016607_2080_red-0200,[],b84daf5db04024ac6e0b61368598d942a247140382ba7f0e6570b624a559a866,9b51d22dca8b38b7fc6eaf029cb4b47e6076dda263b3c21e4913839d1bd106a5,d5554a51e64cb94b,156.87603097285023,42.253638289338646,461b60e140724820,[],3.0,esp_016607_2080,['val'],1.0,Counter({'val': 1}),train,a94c9b1b3775c694,True,hirise_clean,0,C:\Users\deves\OneDrive\Desktop\Projects\TCMD-SS\data\raw\hirise_v3_2\map-proj-v3_2\ESP_016607_2080_RED-0200.jpg
map-proj-v3_2/ESP_024646_2570_RED-0016.jpg,ok,,JPEG,227.0,227.0,L,1.0,1.0,normal,bright dune,train,esp_024646_2570_red-0016,[],b031613c2aaa66b2f4ecefe55fd9dd80d176f8917320b1b35c01b32c688d191f,6a20a072588abd1228a664f2cc025440ecf5c7a898d3d67f0ba50e539c6aa356,f26bdc096988e339,174.04737138310466,15.125701490870028,8a8d1faf693294ec,[],4.0,esp_024646_2570,['train'],1.0,Counter({'train': 1}),train,fd0db7f1b6955a04,True,hirise_clean,0,C:\Users\deves\OneDrive\Desktop\Projects\TCMD-SS\data\raw\hirise_v3_2\map-proj-v3_2\ESP_024646_2570_RED-0016.jpg
map-proj-v3_2/ESP_034590_1795_RED-0104.jpg,ok,,JPEG,227.0,227.0,L,1.0,1.0,normal,impact ejecta,train,esp_034590_1795_red-0104,[],012b681cd06766973433df660ae5169e165f0464e436c673a2cb3f93ddcd905d,86789bf12f6754bb8179d8ffb9c7ce49c27def872cd86fbfc060c1bea2a5af84,b391c443bf5cd183,68.89910535814784,16.120012683568685,9cf1fec9ffc2e042,[],5.0,esp_034590_1795,['train'],2.0,Counter({'train': 2}),train,c55dd6c553dead7b,True,hirise_clean,0,C:\Users\deves\OneDrive\Desktop\Projects\TCMD-SS\data\raw\hirise_v3_2\map-proj-v3_2\ESP_034590_1795_RED-0104.jpg
map-proj-v3_2/ESP_012571_0930_RED-0006.jpg,ok,,JPEG,227.0,227.0,L,1.0,1.0,normal,swiss cheese,train,esp_012571_0930_red-0006,[],a135307f0e6e00e4006ade260b030792aa7865e37b20278881cae069403ddd6d,105f7d0a11d5b7577fda31280b14b3de21330e2aa49638508c2423532da13bf1,d4b36ad22dea3289,109.2790273438258,46.44223859631356,2f467225f0f07eb0,[],6.0,esp_012571_0930,['train'],2.0,Counter({'train': 2}),train,baaa4f3acd016a83,True,hirise_clean,0,C:\Users\deves\OneDrive\Desktop\Projects\TCMD-SS\data\raw\hirise_v3_2\map-proj-v3_2\ESP_012571_0930_RED-0006.jpg
map-proj-v3_2/PSP_003470_0930_RED-0034.jpg,ok,,JPEG,227.0,227.0,L,1.0,1.0,normal,spider,test,psp_003470_0930_red-0034,[],4d787a7e35bfe10ad93647e0a25734656b7bc67b67d533d977bc2f80e5bb867e,172dc7378f1864c5496fdb87064ac9dd0fa44db6a10ce74ec52380fbff71de4d,9c39223b26da9db1,29.03568864134759,15.756787013433842,dc02e8e7125ec60f,[],7.0,psp_003470_0930,['test'],1.0,Counter({'test': 1}),train,1e3c8989fe6df1fa,True,hirise_clean,0,C:\Users\deves\OneDrive\Desktop\Projects\TCMD-SS\data\raw\hirise_v3_2\map-proj-v3_2\PSP_003470_0930_RED-0034.jpg
map-proj-v3_2/ESP_027802_1685_RED-0412.jpg,ok,,JPEG,227.0,227.0,L,1.0,1.0,normal,other,train,esp_027802_1685_red-0412,[],2f2f368a4377b76dd0da0c18354e06ff86af6057efc9b9e5bf85dcd3d0b710e5,168ae3593aa829ed0c08d90a5e64027de49128926bfd73cf785ed60f18372bc5,87c5b96bc2a8c83b,135.91998680354752,15.448868213327982,e04e857b4fd4c0b0,[],0.0,esp_027802_1685,['train'],1.0,Counter({'train': 1}),train,05f954ef1369c4ae,True,hirise_clean,0,C:\Users\deves\OneDrive\Desktop\Projects\TCMD-SS\data\raw\hirise_v3_2\map-proj-v3_2\ESP_027802_1685_RED-0412.jpg
map-proj-v3_2/ESP_018720_2655_RED-0132.jpg,ok,,JPEG,227.0,227.0,L,1.0,1.0,normal,dark dune,test,esp_018720_2655_red-0132,[],cfd38fb981e7fbc6eabfcedbdb5639e4f754dd48dab18daa62f36bf98e9a8bc5,3bb90f2e3f16b6891a8a5aa96ba427d81f34755c5b21445c7461788fe00285c3,cac1ed0c15969c3f,27.362456092685672,11.246211501592922,683dd396ad537b22,[],2.0,esp_018720_2655,['test'],1.0,Counter({'test': 1}),train,7e7b4f2085af6bfe,True,hirise_clean,0,C:\Users\deves\OneDrive\Desktop\Projects\TCMD-SS\data\raw\hirise_v3_2\map-proj-v3_2\ESP_018720_2655_RED-0132.jpg
map-proj-v3_2/ESP_018416_2060_RED-0114.jpg,ok,,JPEG,227.0,227.0,L,1.0,1.0,normal,slope streak,val,esp_018416_2060_red-0114,[],794589b57f3b606223d490d31233b6be1607e6cc9f972e4ef383e0450a4ab2a9,d706b8bd2e660e79bf9491959644d71e4f724f29ad3238f8ddc9efa4d44c32c6,b419c4a764b39dc6,204.0870383667449,15.856288696439812,52488f3f7f803603,[],3.0,esp_018416_2060,['val'],1.0,Counter({'val': 1}),train,deb5bd200e2850f3,True,hirise_clean,0,C:\Users\deves\OneDrive\Desktop\Projects\TCMD-SS\data\raw\hirise_v3_2\map-proj-v3_2\ESP_018416_2060_RED-0114.jpg
map-proj-v3_2/ESP_016758_2570_RED-0031.jpg,ok,,JPEG,227.0,227.0,L,1.0,1.0,normal,bright dune,train,esp_016758_2570_red-0031,[],943cefb091984f02a901f369ebaa94196a3a12510146f4d08739216e2b37cb5f,b50515f301fb7ed3349d4e881aadedca477cf37a03f7876b2c54edf4eac9ddca,f1c68c5733a85627,175.50720953249626,19.84192590332208,902adae03792784c,[],4.0,esp_016758_2570,['train'],1.0,Counter({'train': 1}),train,742528a36b580605,True,hirise_clean,0,C:\Users\deves\OneDrive\Desktop\Projects\TCMD-SS\data\raw\hirise_v3_2\map-proj-v3_2\ESP_016758_2570_RED-0031.jpg
map-proj-v3_2/ESP_016773_2010_RED-0045.jpg,ok,,JPEG,227.0,227.0,L,1.0,1.0,normal,impact ejecta,train,esp_016773_2010_red-0045,[],80819d275b411f758940b909b6c798e914229fa17cf63fe2296113dba72e60f9,fa5004760ac42a0b55fdfbf887e4af601478a3b9fb4255246f783e5eaaadc63f,e4c69b718c623b93,125.16759494653496,12.094187674172334,1330cd0894adf787,[],5.0,esp_016773_2010,['train'],1.0,Counter({'train': 1}),train,5d8aa8a5bf819576,True,hirise_clean,0,C:\Users\deves\OneDrive\Desktop\Projects\TCMD-SS\data\raw\hirise_v3_2\map-proj-v3_2\ESP_016773_2010_RED-0045.jpg
map-proj-v3_2/PSP_002804_0930_RED-0015.jpg,ok,,JPEG,227.0,227.0,L,1.0,1.0,normal,swiss cheese,val,psp_002804_0930_red-0015,[],492ebedfe3af94ddc68d931740776e76ef288a00a4d67c8f0c0c3f44f366a379,3cfd82c66087f674de0c5e6991f357812caa17a6860bf5458aa5f5efa740a371,810103071f0fff7f,97.4527159463603,21.9450633827716,08a35605c6339912,['group_label_conflict'],6.0,psp_002804_0930,['val'],1.0,Counter({'val': 1}),train,fd0db7f1b6955a04,True,hirise_clean,0,C:\Users\deves\OneDrive\Desktop\Projects\TCMD-SS\data\raw\hirise_v3_2\map-proj-v3_2\PSP_002804_0930_RED-0015.jpg
map-proj-v3_2/ESP_016095_2655_RED-0040.jpg,ok,,JPEG,227.0,227.0,L,1.0,1.0,normal,spider,val,esp_016095_2655_red-0040,[],a86c86fa4881891ffca3e5d41bd5cb2bef43a2667b38489e9922c6a40595a347,7cc828dc1cad1dc289ae54b3df8fa214bb86ee97996c464a01011c4f66010c33,f352dc5473914c66,151.15170098391198,17.707005114007515,5e46688955c04c03,[],7.0,esp_016095_2655,['val'],2.0,Counter({'val': 2}),train,5aac0f217c85986f,True,hirise_clean,0,C:\Users\deves\OneDrive\Desktop\Projects\TCMD-SS\data\raw\hirise_v3_2\map-proj-v3_2\ESP_016095_2655_RED-0040.jpg
map-proj-v3_2/ESP_027417_2200_RED-0037.jpg,ok,,JPEG,227.0,227.0,L,1.0,1.0,normal,other,train,esp_027417_2200_red-0037,[],9a41486a7d27753e26b4b780a264e124d16e6aa320d389f197ef4ee900eef7f6,8423457a4d856cfa00799a7534255d758f9f040e86434d3685ec26e8b84d70f8,a6ecf1134bed208b,99.32696151681576,12.309328126874313,6e3300ba3134caea,[],0.0,esp_027417_2200,['train'],1.0,Counter({'train': 1}),train,f7012c8853c07510,True,hirise_clean,0,C:\Users\deves\OneDrive\Desktop\Projects\TCMD-SS\data\raw\hirise_v3_2\map-proj-v3_2\ESP_027417_2200_RED-0037.jpg
map-proj-v3_2/ESP_029793_2005_RED-0151.jpg,ok,,JPEG,227.0,227.0,L,1.0,1.0,normal,crater,train,esp_029793_2005_red-0151,[],e0762abfb06fc0a95c2f928b91679b15e6316898bb6ed09d8ca4c64e6526f7b7,7c2b0aeea80afe26717330be08530d4e9ed32307c5119f1368d773b6a19a3e6f,dbe86ce6730d9422,91.13328417007898,16.52355470604952,97ecae90c1512789,[],1.0,esp_029793_2005,['train'],2.0,Counter({'train': 2}),train,9ff1586d1582faa2,True,hirise_clean,0,C:\Users\deves\OneDrive\Desktop\Projects\TCMD-SS\data\raw\hirise_v3_2\map-proj-v3_2\ESP_029793_2005_RED-0151.jpg
map-proj-v3_2/PSP_002455_1320_RED-0081.jpg,ok,,JPEG,227.0,227.0,L,1.0,1.0,normal,dark dune,train,psp_002455_1320_red-0081,[],6ff698a8705b9f84a8e3090acece742c5355cb64dcab00ca81f8ba9de11a6961,5f0a8ef2ea5ba3d4503e2879345c7f5b539ff1c5584e9b6f1d78301aa0b8a02a,8e533246684fd95b,57.8518504143298,37.865975170962464,013d4f35a2ff3701,[],2.0,psp_002455_1320,['train'],1.0,Counter({'train': 1}),train,acb759d8cdabc26b,True,hirise_clean,0,C:\Users\deves\OneDrive\Desktop\Projects\TCMD-SS\data\raw\hirise_v3_2\map-proj-v3_2\PSP_002455_1320_RED-0081.jpg
map-proj-v3_2/ESP_011289_1950_RED-0044.jpg,ok,,JPEG,227.0,227.0,L,1.0,1.0,normal,slope streak,test,esp_011289_1950_red-0044,[],d7bbb63228485c37fbf190d7e82390681a210eed62e330265d36f8a32c5961d8,d77baaef55dded98a125b2b3a7b4980745f0fdd67bbaac090af80388dcfc58c9,ea3792c1643a9f45,117.95953734790118,30.677302834886856,43917e281a7ca70d,[],3.0,esp_011289_1950,['test'],1.0,Counter({'test': 1}),train,99c2c4faf44c06e8,True,hirise_clean,0,C:\Users\deves\OneDrive\Desktop\Projects\TCMD-SS\data\raw\hirise_v3_2\map-proj-v3_2\ESP_011289_1950_RED-0044.jpg
map-proj-v3_2/ESP_024646_2570_RED-0011.jpg,ok,,JPEG,227.0,227.0,L,1.0,1.0,normal,bright dune,train,esp_024646_2570_red-0011,[],76af7e125391cb60566a87bd13495136c2af5e87ea3d5db40bb260e2d0682a90,46efaefa42eb9d7226ba98a2c66ea343985bd9c579d0bd6e2a8354ab58dc95b3,84f31dc17c0730df,150.66151099380932,52.116008721798806,7985ba26904bea08,['group_label_conflict'],4.0,esp_024646_2570,['train'],1.0,Counter({'train': 1}),train,fd0db7f1b6955a04,True,hirise_clean,0,C:\Users\deves\OneDrive\Desktop\Projects\TCMD-SS\data\raw\hirise_v3_2\map-proj-v3_2\ESP_024646_2570_RED-0011.jpg
map-proj-v3_2/ESP_019697_2020_RED-0072.jpg,ok,,JPEG,227.0,227.0,L,1.0,1.0,normal,impact ejecta,train,esp_019697_2020_red-0072,[],34fa15cd80f7a463c5ea2157ab4eab402ca3f5a4d862342e90a0b3df3aa43ec8,3c8f964d388d86e7b78996ff454f50c4ee66e5cae4aca58033ecba3db5f6746e,9f9031cc877a0e3b,101.48246618409053,25.696327293140065,7a6463049643dd1e,[],5.0,esp_019697_2020,['train'],2.0,Counter({'train': 2}),train,8dc310e95be70b1f,True,hirise_clean,0,C:\Users\deves\OneDrive\Desktop\Projects\TCMD-SS\data\raw\hirise_v3_2\map-proj-v3_2\ESP_019697_2020_RED-0072.jpg
map-proj-v3_2/ESP_012637_0935_RED-0277.jpg,ok,,JPEG,227.0,227.0,L,1.0,1.0,normal,swiss cheese,train,esp_012637_0935_red-0277,[],9e88240b484621c8cd80f813a3d2977dd50692f01dd4fb5a5d842c822e235f50,3532f63615b1908da24d69ce21ac5cff085916c6739c6ea8b2dec1efe499f130,f3bec9c4a9a8aa0c,119.4547924469716,16.878107664355813,105cbd047a182b2d,[],6.0,esp_012637_0935,['train'],2.0,Counter({'train': 2}),train,fd0db7f1b6955a04,True,hirise_clean,0,C:\Users\deves\OneDrive\Desktop\Projects\TCMD-SS\data\raw\hirise_v3_2\map-proj-v3_2\ESP_012637_0935_RED-0277.jpg
map-proj-v3_2/PSP_003470_0930_RED-0106.jpg,ok,,JPEG,227.0,227.0,L,1.0,1.0,normal,spider,test,psp_003470_0930_red-0106,[],311e7de794ea02104c4b288ab3745665139519d10a6ff501cccbbd7cf1feff29,398cf4d7c7902c883a26279f4e77661da7a938b08e66538b6aeff3e4780211e3,99d5351302acf65b,43.54371324885016,18.08045428800153,e909d3bf7a08b157,[],7.0,psp_003470_0930,['test'],1.0,Counter({'test': 1}),train,1e3c8989fe6df1fa,True,hirise_clean,0,C:\Users\deves\OneDrive\Desktop\Projects\TCMD-SS\data\raw\hirise_v3_2\map-proj-v3_2\PSP_003470_0930_RED-0106.jpg
map-proj-v3_2/ESP_018735_2815_RED-0070.jpg,ok,,JPEG,227.0,227.0,L,1.0,1.0,normal,dark dune,val,esp_018735_2815_red-0070,[],7acf67c14acdf2ae08871ff5a0f1f72102d769ecb1f18d136cb03c4ba6a632de,9e7beac65e41f06e9837b2ac5227f6718e70491a2255ef3b7c13c400142efb8a,96196f24d699fb04,78.0615963826195,56.34129227743973,905d1fd3c7e08e95,[],2.0,esp_018735_2815,['val'],1.0,Counter({'val': 1}),train,cb8e14a21db6edcc,True,hirise_clean,0,C:\Users\deves\OneDrive\Desktop\Projects\TCMD-SS\data\raw\hirise_v3_2\map-proj-v3_2\ESP_018735_2815_RED-0070.jpg
map-proj-v3_2/ESP_016624_1925_RED-0045.jpg,ok,,JPEG,227.0,227.0,L,1.0,1.0,normal,slope streak,train,esp_016624_1925_red-0045,[],abe7cd08a97bbbca6673cbadab684ea5784d16e81f26f871de24ac1c0a84f9af,bdcc7a4fea151598f205d8c3abb2703ad3b30a6806730a193369e9baa742e8a7,9554ea556a52926f,159.22800752974052,54.768876583473066,5bcecae0bf03bc65,[],3.0,esp_016624_1925,['train'],1.0,Counter({'train': 1}),train,77ef49a520fc7afb,True,hirise_clean,0,C:\Users\deves\OneDrive\Desktop\Projects\TCMD-SS\data\raw\hirise_v3_2\map-proj-v3_2\ESP_016624_1925_RED-0045.jpg
map-proj-v3_2/ESP_016576_2570_RED-0005.jpg,ok,,JPEG,227.0,227.0,L,1.0,1.0,normal,bright dune,val,esp_016576_2570_red-0005,[],bace5d71ccf6e7e9727a7c6b078c608ad56f8d46bd41b17ab1b975126142b4a2,f2b2d08a3fac957f2c881114d2ad0b911fe437aff448e35337711665a3e29481,d4b348d225ab76c5,171.13072250577343,72.24431679938589,527ee8c1afc2aa91,[],4.0,esp_016576_2570,['val'],1.0,Counter({'val': 1}),train,fd0db7f1b6955a04,True,hirise_clean,0,C:\Users\deves\OneDrive\Desktop\Projects\TCMD-SS\data\raw\hirise_v3_2\map-proj-v3_2\ESP_016576_2570_RED-0005.jpg
map-proj-v3_2/ESP_022893_1860_RED-0121.jpg,ok,,JPEG,227.0,227.0,L,1.0,1.0,normal,impact ejecta,val,esp_022893_1860_red-0121,[],84b3dd39847e8f8c47b35b041b1dba0e54d5efa90b870c95d4c6a9892e28d06e,3fdcea7cc40cfd566a49745001fabe59ebc6533f869a414965240428f9f5f472,e6e319586e2b29c9,126.79683285140406,21.79365726812465,61c21c2a35f1c1b1,[],5.0,esp_022893_1860,['val'],2.0,Counter({'val': 2}),train,d40b5cb43cc91269,True,hirise_clean,0,C:\Users\deves\OneDrive\Desktop\Projects\TCMD-SS\data\raw\hirise_v3_2\map-proj-v3_2\ESP_022893_1860_RED-0121.jpg
map-proj-v3_2/ESP_012810_0925_RED-0049.jpg,ok,,JPEG,227.0,227.0,L,1.0,1.0,normal,swiss cheese,train,esp_012810_0925_red-0049,[],e61f1864f089822744ce62fe1f9a775cc989201fa49ae50092eeac61238f2863,16cf64023c2ee484ecdfb6303517600a45b5e3d05263fc16ab0981100885a5d0,b8dccf61388e6331,123.80801102291912,16.321456688597596,7f11faf7f67c9197,[],6.0,esp_012810_0925,['train'],1.0,Counter({'train': 1}),train,dd45fe812d8c375d,True,hirise_clean,0,C:\Users\deves\OneDrive\Desktop\Projects\TCMD-SS\data\raw\hirise_v3_2\map-proj-v3_2\ESP_012810_0925_RED-0049.jpg
map-proj-v3_2/PSP_003470_0930_RED-0035.jpg,ok,,JPEG,227.0,227.0,L,1.0,1.0,normal,spider,test,psp_003470_0930_red-0035,[],62055a5a44f02632ae523adce3a62b3c6aabe0d8cc2ce5fb49396fc3cb8320f2,27dfed82533c0ba62d207218733b9871fc165c4b99b6ba5bffab4570da2a40b5,9c31662eec317399,28.19189194434202,12.605020469025666,311af987f3d2c3dd,[],7.0,psp_003470_0930,['test'],1.0,Counter({'test': 1}),train,1e3c8989fe6df1fa,True,hirise_clean,0,C:\Users\deves\OneDrive\Desktop\Projects\TCMD-SS\data\raw\hirise_v3_2\map-proj-v3_2\PSP_003470_0930_RED-0035.jpg
map-proj-v3_2/ESP_018416_2060_RED-0129.jpg,ok,,JPEG,227.0,227.0,L,1.0,1.0,normal,other,val,esp_018416_2060_red-0129,[],d953b40248a421a23e73a74a6e8abe140bcd9f4c4dd05b9aa611bdb12d5fd49a,210966af63a78c7a65deacf7a57d8ef439fdf4d4f57788d3a8a708809e85f273,9c7af42a505555b5,191.2053989015894,19.6410560176532,e8f04a8a9a6d1049,[],0.0,esp_018416_2060,['val'],1.0,Counter({'val': 1}),train,deb5bd200e2850f3,True,hirise_clean,0,C:\Users\deves\OneDrive\Desktop\Projects\TCMD-SS\data\raw\hirise_v3_2\map-proj-v3_2\ESP_018416_2060_RED-0129.jpg
map-proj-v3_2/ESP_016607_2080_RED-0260.jpg,ok,,JPEG,227.0,227.0,L,1.0,1.0,normal,crater,val,esp_016607_2080_red-0260,[],19d99cdd779d8d8cfa697cd7b42e2c706b250d7504953ad27ec6b036887ba97c,a62e39ed07b62aa3053fb3c7780ee76cf90cb3805e7d0251d88ce74fb70adede,a413d32d585ca6e7,143.4350948009859,10.955796727472835,eb66b99ae4c0cb67,[],1.0,esp_016607_2080,['val'],1.0,Counter({'val': 1}),train,a94c9b1b3775c694,True,hirise_clean,0,C:\Users\deves\OneDrive\Desktop\Projects\TCMD-SS\data\raw\hirise_v3_2\map-proj-v3_2\ESP_016607_2080_RED-0260.jpg
map-proj-v3_2/ESP_036217_2580_RED-0008.jpg,ok,,JPEG,227.0,227.0,L,1.0,1.0,normal,dark dune,train,esp_036217_2580_red-0008,[],3a83d09d00f5ca9a3a2942edfe4c2d9855f7dc9ead6efc6343979083b812c22a,5dd400c46beab3928efbd9b1ab12af55f3831db83a3b828574e93fad3e212d08,f666991926663593,169.86434823109315,21.595609520513776,d6b79e9c83e8d7db,[],2.0,esp_036217_2580,['train'],1.0,Counter({'train': 1}),train,6f4990db59226a1f,True,hirise_clean,0,C:\Users\deves\OneDrive\Desktop\Projects\TCMD-SS\data\raw\hirise_v3_2\map-proj-v3_2\ESP_036217_2580_RED-0008.jpg
map-proj-v3_2/ESP_016715_2025_RED-0100.jpg,ok,,JPEG,227.0,227.0,L,1.0,1.0,normal,slope streak,train,esp_016715_2025_red-0100,[],5462511e4d1ee3a8d52b3ffdce249a4edc25b425a3f6aa3b650201cf00870819,d77bac9042bff021fcfe1c87c59abe01a4ce69b4b9349a80946eebd78441ec71,d5a5aaa26aaad874,174.03027421451998,33.49344241349629,12bae87b5b9a78de,[],3.0,esp_016715_2025,['train'],1.0,Counter({'train': 1}),train,69458dd6183b1830,True,hirise_clean,0,C:\Users\deves\OneDrive\Desktop\Projects\TCMD-SS\data\raw\hirise_v3_2\map-proj-v3_2\ESP_016715_2025_RED-0100.jpg
map-proj-v3_2/ESP_016758_2570_RED-0026.jpg,ok,,JPEG,227.0,227.0,L,1.0,1.0,normal,bright dune,train,esp_016758_2570_red-0026,[],4a456d79d538d44e148b7f7e6aa16db1cc0513d496c87a37635cf2e3cc77522b,4b2595ff1601f90d06b719f17119fd81d4683fd1dd1f0060509ad6733c5baf1f,b033fb2738512676,186.0700576374469,21.90527431353557,e153c6c4565ae20f,[],4.0,esp_016758_2570,['train'],1.0,Counter({'train': 1}),train,742528a36b580605,True,hirise_clean,0,C:\Users\deves\OneDrive\Desktop\Projects\TCMD-SS\data\raw\hirise_v3_2\map-proj-v3_2\ESP_016758_2570_RED-0026.jpg
map-proj-v3_2/ESP_011425_1775_RED-0060.jpg,ok,,JPEG,227.0,227.0,L,1.0,1.0,normal,impact ejecta,train,esp_011425_1775_red-0060,[],6cbbb2db9e994296480d345e12624d71f388ef0114ce9c3d1db25b542f50cb13,f738e758137a1548ec6f94fd067a135c2cf62170adb43145a8ce4e465c298eac,a73099ef2d121acd,51.67136952007608,19.39348097127329,9eee0521f3482f9a,[],5.0,esp_011425_1775,['train'],1.0,Counter({'train': 1}),train,51520df58488ffc4,True,hirise_clean,0,C:\Users\deves\OneDrive\Desktop\Projects\TCMD-SS\data\raw\hirise_v3_2\map-proj-v3_2\ESP_011425_1775_RED-0060.jpg
map-proj-v3_2/ESP_012810_0925_RED-0012.jpg,ok,,JPEG,227.0,227.0,L,1.0,1.0,normal,swiss cheese,train,esp_012810_0925_red-0012,[],da753a2cd58b0c82e2f61ea31cfdc9fac044832631390e8a15606003024ac7a5,ac612421808afade5bc27127d4419ba5d960f8da2467608082a685c5a8bb93b1,d1fccf70148aa15d,125.92897203516466,17.82896288389636,93d4994f2e6d1e4c,[],6.0,esp_012810_0925,['train'],1.0,Counter({'train': 1}),train,dd45fe812d8c375d,True,hirise_clean,0,C:\Users\deves\OneDrive\Desktop\Projects\TCMD-SS\data\raw\hirise_v3_2\map-proj-v3_2\ESP_012810_0925_RED-0012.jpg
map-proj-v3_2/PSP_003470_0930_RED-0069.jpg,ok,,JPEG,227.0,227.0,L,1.0,1.0,normal,spider,test,psp_003470_0930_red-0069,[],d0a6f29b5c86ec72cd19c8e4872631c0c6bb398dacdaf43156d2c9877a574944,620cc0ec957a76f7ca7e936f368b950e3c9ddc669af81ac03365ba5b3605c486,df4c29361ff0402f,29.02903219546275,14.249996598975258,8bac4eba2938d830,[],7.0,psp_003470_0930,['test'],1.0,Counter({'test': 1}),train,1e3c8989fe6df1fa,True,hirise_clean,0,C:\Users\deves\OneDrive\Desktop\Projects\TCMD-SS\data\raw\hirise_v3_2\map-proj-v3_2\PSP_003470_0930_RED-0069.jpg
map-proj-v3_2/ESP_016624_1925_RED-0016.jpg,ok,,JPEG,227.0,227.0,L,1.0,1.0,normal,other,train,esp_016624_1925_red-0016,[],f9580545a913b50219ca5fcc959e901273648242d7787754aed28cb25fd481ca,8b43099eeb2b98f7ffae6c275472e7253ed132339dde7a603a29be1fcb2e990f,a76bd3f8d88a2611,163.62818995128956,13.01184043273983,fbdfd8965a891748,[],0.0,esp_016624_1925,['train'],1.0,Counter({'train': 1}),train,77ef49a520fc7afb,True,hirise_clean,0,C:\Users\deves\OneDrive\Desktop\Projects\TCMD-SS\data\raw\hirise_v3_2\map-proj-v3_2\ESP_016624_1925_RED-0016.jpg
map-proj-v3_2/ESP_034557_1510_RED-0533.jpg,ok,,JPEG,227.0,227.0,L,1.0,1.0,normal,crater,val,esp_034557_1510_red-0533,[],8d0bd61301ce4686d0cd88c4c2f748b36c8ffe8328215d482aa96a906a170b83,3016503c33382d1b4c2ff039b931d4ab04a4811bbe771146a8923681fc77efa3,c40dd9b66cd8b12b,115.9459139513672,15.334295077591428,ba94b9e6a9eef99c,[],1.0,esp_034557_1510,['val'],1.0,Counter({'val': 1}),train,a507b3899c76af06,True,hirise_clean,0,C:\Users\deves\OneDrive\Desktop\Projects\TCMD-SS\data\raw\hirise_v3_2\map-proj-v3_2\ESP_034557_1510_RED-0533.jpg
map-proj-v3_2/PSP_002455_1320_RED-0070.jpg,ok,,JPEG,227.0,227.0,L,1.0,1.0,normal,dark dune,train,psp_002455_1320_red-0070,[],796eef50ad069e98c27773188bd18203b9788f9947e7ae20850297271e518b1e,79751ac465a2f9be14873130e7c2039d48b2a8b773939483bfe80bdd3e2b3ca8,8fc3b1e6206d65e8,67.16130722505774,42.30947759265517,8f49a251cfa15c59,[],2.0,psp_002455_1320,['train'],1.0,Counter({'train': 1}),train,acb759d8cdabc26b,True,hirise_clean,0,C:\Users\deves\OneDrive\Desktop\Projects\TCMD-SS\data\raw\hirise_v3_2\map-proj-v3_2\PSP_002455_1320_RED-0070.jpg
map-proj-v3_2/ESP_024646_2570_RED-0020.jpg,ok,,JPEG,227.0,227.0,L,1.0,1.0,normal,bright dune,train,esp_024646_2570_red-0020,[],b17b07d0fdcc91d74b7a1e8524909b982c9dc1ed331b11f3548383692ae06916,cc8f8cc9d5571fc1ad19b9950aa899d34421d6670e70a920b7a7f05b1b5da6c5,d6955c8c23abaacc,171.49496400085388,19.50067010810408,18f8ff7579229276,[],4.0,esp_024646_2570,['train'],1.0,Counter({'train': 1}),train,fd0db7f1b6955a04,True,hirise_clean,0,C:\Users\deves\OneDrive\Desktop\Projects\TCMD-SS\data\raw\hirise_v3_2\map-proj-v3_2\ESP_024646_2570_RED-0020.jpg
map-proj-v3_2/ESP_016730_1960_RED-0519.jpg,ok,,JPEG,227.0,227.0,L,1.0,1.0,normal,impact ejecta,train,esp_016730_1960_red-0519,[],d2782b4b6eff9663d6e81bcca1860e0f3dfaf681b506c31e1da81ae4b99b28a9,551773ef726bc66f2839fb797990b9322abde65a4e1ca46329ea60a1b9360489,d5556243cfd89866,124.16771138582158,32.39715046585186,b381c77ba60bc7c2,[],5.0,esp_016730_1960,['train'],1.0,Counter({'train': 1}),train,e0601565561c83a6,True,hirise_clean,0,C:\Users\deves\OneDrive\Desktop\Projects\TCMD-SS\data\raw\hirise_v3_2\map-proj-v3_2\ESP_016730_1960_RED-0519.jpg
map-proj-v3_2/ESP_012810_0925_RED-0026.jpg,ok,,JPEG,227.0,227.0,L,1.0,1.0,normal,swiss cheese,train,esp_012810_0925_red-0026,[],5eeb40cb476571493b160692cecf179e760b5f9fb16b14c27778ff30e800954a,fdaf0a7e35994d3c35f7a7a0c6e885fa3102fce56ba623e6e24a1b808e3920ae,f057613074d7939c,122.55483320072192,18.91894178694612,7a4bc94c96ec162a,[],6.0,esp_012810_0925,['train'],1.0,Counter({'train': 1}),train,dd45fe812d8c375d,True,hirise_clean,0,C:\Users\deves\OneDrive\Desktop\Projects\TCMD-SS\data\raw\hirise_v3_2\map-proj-v3_2\ESP_012810_0925_RED-0026.jpg
map-proj-v3_2/PSP_003470_0930_RED-0075.jpg,ok,,JPEG,227.0,227.0,L,1.0,1.0,normal,spider,test,psp_003470_0930_red-0075,[],f856e3783a558313af301d9726f85c58a367595447e151b7cd53829e63648b3d,91e11edd71252cb3ebb140763855e6dadeffc944c64a2b4bc3bf87dd23d92469,c6bc672553526369,49.01981408527237,15.773046869442606,7b86af21d0118b86,[],7.0,psp_003470_0930,['test'],1.0,Counter({'test': 1}),train,1e3c8989fe6df1fa,True,hirise_clean,0,C:\Users\deves\OneDrive\Desktop\Projects\TCMD-SS\data\raw\hirise_v3_2\map-proj-v3_2\PSP_003470_0930_RED-0075.jpg
map-proj-v3_2/ESP_016630_1720_RED-0010.jpg,ok,,JPEG,227.0,227.0,L,1.0,1.0,normal,crater,train,esp_016630_1720_red-0010,[],c38e5346ea91aa53d8566ec62c8c50db5b9d5b5ba2e1ad6ac5306987de1de630,7a9e27f7705d2f80c2210ede8542ec4d17b353e305aeab429b0fad9dfba70ac2,83ac58b3664d9b72,81.23544023753614,11.700922876845608,c9ecc844d8966c39,[],1.0,esp_016630_1720,['train'],1.0,Counter({'train': 1}),train,f97a05a287284cd9,True,hirise_clean,0,C:\Users\deves\OneDrive\Desktop\Projects\TCMD-SS\data\raw\hirise_v3_2\map-proj-v3_2\ESP_016630_1720_RED-0010.jpg
map-proj-v3_2/ESP_018321_2565_RED-0024.jpg,ok,,JPEG,227.0,227.0,L,1.0,1.0,normal,dark dune,train,esp_018321_2565_red-0024,[],beacc07005c7ad18088df1914fea7bd5b2ae49468526c05628721d0924f16551,3de38c54940e6ecc6f6acfc597aca22a00ff1b153f1e71370707922af71111d2,f66acdca72385226,60.91298103980283,13.194824528606311,2261abe5f897da7f,[],2.0,esp_018321_2565,['train'],1.0,Counter({'train': 1}),train,a981f117e9b1dfe1,True,hirise_clean,0,C:\Users\deves\OneDrive\Desktop\Projects\TCMD-SS\data\raw\hirise_v3_2\map-proj-v3_2\ESP_018321_2565_RED-0024.jpg
map-proj-v3_2/ESP_018416_2060_RED-0278.jpg,ok,,JPEG,227.0,227.0,L,1.0,1.0,normal,slope streak,val,esp_018416_2060_red-0278,[],809dd7e1e7366963060a3f85f5832e076cb642bf005016501383e4b75793c85c,27dc2ef605589cc31aed98492b6d8b5196f9f486041a1abe0cecae87bacd2c56,8a0fcd133e9b86c3,217.45931417260184,13.65078395201764,50084097c32946da,[],3.0,esp_018416_2060,['val'],1.0,Counter({'val': 1}),train,deb5bd200e2850f3,True,hirise_clean,0,C:\Users\deves\OneDrive\Desktop\Projects\TCMD-SS\data\raw\hirise_v3_2\map-proj-v3_2\ESP_018416_2060_RED-0278.jpg
map-proj-v3_2/ESP_016576_2570_RED-0004.jpg,ok,,JPEG,227.0,227.0,L,1.0,1.0,normal,bright dune,val,esp_016576_2570_red-0004,[],702dec86e56eeae91a25a96ae46181f9d95f40cc566bba6e4960b0788ce685dc,ce8ef70e8bfb91f5281c9ef0f8545b9543fe316da8386e973efe63de2d550735,e7e99c993124269b,186.13867919035883,20.57519016106762,adfedf1fa4011ad5,[],4.0,esp_016576_2570,['val'],1.0,Counter({'val': 1}),train,fd0db7f1b6955a04,True,hirise_clean,0,C:\Users\deves\OneDrive\Desktop\Projects\TCMD-SS\data\raw\hirise_v3_2\map-proj-v3_2\ESP_016576_2570_RED-0004.jpg
map-proj-v3_2/ESP_034590_1795_RED-0164.jpg,ok,,JPEG,227.0,227.0,L,1.0,1.0,normal,impact ejecta,train,esp_034590_1795_red-0164,[],60bea16741ce447168c44a626091c47d286ed90cf6657da2ecd037c6ec704728,9ee42b0b6f682698364eff7be70f226189c27cd31cad2d40dc1254d7390c6e0a,cc79338cf8338ccc,80.6575520580644,17.710842830485586,0651ab54a4fffd67,[],5.0,esp_034590_1795,['train'],2.0,Counter({'train': 2}),train,c55dd6c553dead7b,True,hirise_clean,0,C:\Users\deves\OneDrive\Desktop\Projects\TCMD-SS\data\raw\hirise_v3_2\map-proj-v3_2\ESP_034590_1795_RED-0164.jpg
map-proj-v3_2/ESP_012810_0925_RED-0112.jpg,ok,,JPEG,227.0,227.0,L,1.0,1.0,normal,swiss cheese,train,esp_012810_0925_red-0112,[],e7cdb03ae0c13970d672a850d996abe944046996a735cca4afadc87429857672,63b1ade742cd504ddb7ca3217872b273498720b9e25b2462d81c48b4706f10b5,e2bb19646603f9d8,122.13464262842282,12.201876476370614,0907558b4a93ed58,[],6.0,esp_012810_0925,['train'],1.0,Counter({'train': 1}),train,dd45fe812d8c375d,True,hirise_clean,0,C:\Users\deves\OneDrive\Desktop\Projects\TCMD-SS\data\raw\hirise_v3_2\map-proj-v3_2\ESP_012810_0925_RED-0112.jpg
map-proj-v3_2/ESP_013049_0950_RED-0050.jpg,ok,,JPEG,227.0,227.0,L,1.0,1.0,normal,spider,train,esp_013049_0950_red-0050,[],140ff2b32e40e8606e802375f472ca9a1567e9572f60f712a7210bc57f156d43,ddb4b77efb35cf5f37fce690c23bd021df65c60f54ee2e5264f69bec7d4f6a30,a31558d676cc5953,174.1536998583322,19.45728690350154,eec8c02b4704716a,[],7.0,esp_013049_0950,['train'],2.0,Counter({'train': 2}),train,fd0db7f1b6955a04,True,hirise_clean,0,C:\Users\deves\OneDrive\Desktop\Projects\TCMD-SS\data\raw\hirise_v3_2\map-proj-v3_2\ESP_013049_0950_RED-0050.jpg
map-proj-v3_2/PSP_010587_1620_RED-0128.jpg,ok,,JPEG,227.0,227.0,L,1.0,1.0,normal,other,train,psp_010587_1620_red-0128,[],fff11691fc479930edb1c320f071a4585c7279ea1e26818af40d6d3d76707db0,32a36f0f1d223bde8d9d99ae715f403adc4c2bf350c4de7a0e231d7549bf036e,ecc09f3c63386c0f,101.9770614605368,16.266312613932804,2c730ddb85dd4caf,[],0.0,psp_010587_1620,['train'],1.0,Counter({'train': 1}),train,676dcb9cd2e9dcba,True,hirise_clean,0,C:\Users\deves\OneDrive\Desktop\Projects\TCMD-SS\data\raw\hirise_v3_2\map-proj-v3_2\PSP_010587_1620_RED-0128.jpg
map-proj-v3_2/ESP_034557_1510_RED-0249.jpg,ok,,JPEG,227.0,227.0,L,1.0,1.0,normal,crater,val,esp_034557_1510_red-0249,[],547967f60b85f959c4badc7801e0bc8cc8a2b8d62d1594d2705df9ffe0dbb935,eff906ebdb24f38ea0b66b8671a5c348888c60a61366fd4ce9a7a9a3c057ab96,d54c1b334c8933e7,129.41751246870697,14.66691488686276,255a4497e749e970,[],1.0,esp_034557_1510,['val'],1.0,Counter({'val': 1}),train,a507b3899c76af06,True,hirise_clean,0,C:\Users\deves\OneDrive\Desktop\Projects\TCMD-SS\data\raw\hirise_v3_2\map-proj-v3_2\ESP_034557_1510_RED-0249.jpg
map-proj-v3_2/ESP_014429_1940_RED-0017.jpg,ok,,JPEG,227.0,227.0,L,1.0,1.0,normal,dark dune,train,esp_014429_1940_red-0017,[],c10b039faa9f20f4f0b4dc50f0668604a0c0e000a57818e58d394eb0f394a8b8,221d0cb6a530cc169f06e4212d1d229ec67d91e7afbb5bfbca0a14242edbaf73,dac22bb517949c53,76.57984824079645,13.572580498226506,8001dc7ae6c5bd84,[],2.0,esp_014429_1940,['train'],1.0,Counter({'train': 1}),train,6105a7ec37f5123b,True,hirise_clean,0,C:\Users\deves\OneDrive\Desktop\Projects\TCMD-SS\data\raw\hirise_v3_2\map-proj-v3_2\ESP_014429_1940_RED-0017.jpg
map-proj-v3_2/ESP_018416_2060_RED-0238.jpg,ok,,JPEG,227.0,227.0,L,1.0,1.0,normal,slope streak,val,esp_018416_2060_red-0238,[],035ad3e03f9c30e1ed1a483cc8d06b8c90fbca668e734ffa21a6f6c59179eae1,7c0901e9c003dbc7c7d2124bf1fa78c7e304f1464f1cc71779177efa6a6756be,c455b296b1ad5da4,169.57204680859323,44.73744007901831,92a74fcfde8e3cfb,[],3.0,esp_018416_2060,['val'],1.0,Counter({'val': 1}),train,deb5bd200e2850f3,True,hirise_clean,0,C:\Users\deves\OneDrive\Desktop\Projects\TCMD-SS\data\raw\hirise_v3_2\map-proj-v3_2\ESP_018416_2060_RED-0238.jpg
map-proj-v3_2/ESP_024646_2570_RED-0003.jpg,ok,,JPEG,227.0,227.0,L,1.0,1.0,normal,bright dune,train,esp_024646_2570_red-0003,[],4c7d4fe43226ad56faa4628e486930809f8fb51563f9658824424fc9fda8da9f,c2236094270c1993e295e26e31c0b533a9c9c9f340aae73d983deafe08db7bdf,e0ff88cf207680cf,166.2556424537639,17.541852113119365,1d0e0d56c8c07bcc,[],4.0,esp_024646_2570,['train'],1.0,Counter({'train': 1}),train,fd0db7f1b6955a04,True,hirise_clean,0,C:\Users\deves\OneDrive\Desktop\Projects\TCMD-SS\data\raw\hirise_v3_2\map-proj-v3_2\ESP_024646_2570_RED-0003.jpg
map-proj-v3_2/ESP_011422_0930_RED-0252.jpg,ok,,JPEG,227.0,227.0,L,1.0,1.0,normal,impact ejecta,train,esp_011422_0930_red-0252,[],b0e7f7a4f438ce9ace8a48f6ba6f134953919e7de2ec6e01d4adfb2100eefc79,256eb3190e7121988c21755d07be047270aeb68577df978dac29ed1efe9ddcec,96a95494be56ac47,159.221409303499,21.58103017067593,e4154b69b0d8eef8,[],5.0,esp_011422_0930,['train'],2.0,Counter({'train': 2}),train,60b094db7acfdf6c,True,hirise_clean,0,C:\Users\deves\OneDrive\Desktop\Projects\TCMD-SS\data\raw\hirise_v3_2\map-proj-v3_2\ESP_011422_0930_RED-0252.jpg
map-proj-v3_2/ESP_012810_0925_RED-0083.jpg,ok,,JPEG,227.0,227.0,L,1.0,1.0,normal,swiss cheese,train,esp_012810_0925_red-0083,[],e42ba4cee3417c8445e8e98756f3f7bf0be7331316fbb320092379d75ea23ec0,bf7b870e2e6ec6d7efc92bd6c09a4dbf89126ab083715d1be4e8f3fa9a256485,f3c1c17e27285897,127.9678433503464,11.724912472258652,f09f9c7d37ed9862,[],6.0,esp_012810_0925,['train'],1.0,Counter({'train': 1}),train,dd45fe812d8c375d,True,hirise_clean,0,C:\Users\deves\OneDrive\Desktop\Projects\TCMD-SS\data\raw\hirise_v3_2\map-proj-v3_2\ESP_012810_0925_RED-0083.jpg
map-proj-v3_2/ESP_011341_0980_RED-0010.jpg,ok,,JPEG,227.0,227.0,L,1.0,1.0,normal,spider,val,esp_011341_0980_red-0010,[],ce455002f7b82b36539dc31dfc12ebc8872efd64069351ac4104a98891c5fe64,feb353400b3cf3922ff9a5126cb4ac2c90bcc741e722b734bae80912818533bc,e7b84ad425c853cd,131.85707077567972,62.9380761295651,34b3f5bdf7c7b862,[],7.0,esp_011341_0980,['val'],2.0,Counter({'val': 2}),train,dfcfaa177f950c1d,True,hirise_clean,0,C:\Users\deves\OneDrive\Desktop\Projects\TCMD-SS\data\raw\hirise_v3_2\map-proj-v3_2\ESP_011341_0980_RED-0010.jpg
map-proj-v3_2/ESP_025050_1680_RED-0033.jpg,ok,,JPEG,227.0,227.0,L,1.0,1.0,normal,other,train,esp_025050_1680_red-0033,[],c7af04d8780ee0ec1e029c42ceacf09d47fe368190128c2e391a607b6c67c368,6d51cfdf1c066e77919b6fe5dbe540e0667dd872ce601306508dfb79bd8f3d4b,e39cb3272c4873c3,166.29162219332804,17.889954511385184,2826975a49af829d,[],0.0,esp_025050_1680,['train'],1.0,Counter({'train': 1}),train,77e968939bd59ef1,True,hirise_clean,0,C:\Users\deves\OneDrive\Desktop\Projects\TCMD-SS\data\raw\hirise_v3_2\map-proj-v3_2\ESP_025050_1680_RED-0033.jpg
map-proj-v3_2/ESP_017038_1790_RED-0089.jpg,ok,,JPEG,227.0,227.0,L,1.0,1.0,normal,crater,train,esp_017038_1790_red-0089,[],e13bc7e3cddcc9bd37995a73c94fc7f9e2b59451ab1c083777610edc771f8d12,079e2b31311d1da1c42d75d1875ee041b690ec4b27299f4c9f2ac19815c2a5fa,d0b1e5cd963459b2,103.1999068485707,18.208979071154232,c6f92be2710665a7,[],1.0,esp_017038_1790,['train'],2.0,Counter({'train': 2}),train,9b8078ff931e000e,True,hirise_clean,0,C:\Users\deves\OneDrive\Desktop\Projects\TCMD-SS\data\raw\hirise_v3_2\map-proj-v3_2\ESP_017038_1790_RED-0089.jpg
map-proj-v3_2/ESP_018321_2565_RED-0017.jpg,ok,,JPEG,227.0,227.0,L,1.0,1.0,normal,dark dune,train,esp_018321_2565_red-0017,[],a9440f69ad0ecb631609b108db81279655fdf423078717cfbf0f59a3b6b5d3f6,3cd15763376c53156458d90781f4d5a78edd6dacb440d05ce2b4c95f940f0b3c,d59556d23a70866d,46.22105998563916,29.746852170740286,ceed431b3a508d66,[],2.0,esp_018321_2565,['train'],1.0,Counter({'train': 1}),train,a981f117e9b1dfe1,True,hirise_clean,0,C:\Users\deves\OneDrive\Desktop\Projects\TCMD-SS\data\raw\hirise_v3_2\map-proj-v3_2\ESP_018321_2565_RED-0017.jpg
map-proj-v3_2/PSP_002776_2025_RED-0098.jpg,ok,,JPEG,227.0,227.0,L,1.0,1.0,normal,slope streak,val,psp_002776_2025_red-0098,[],0233a2da4d979b5d23cd6a6ee3b2dc997a299645fc9313e9bd4dcba9d48475d9,d88ab8f201d239ed84b2bcbdd60faa337c46de5f3675c98f75af21688c60f9f9,db6d8c393ccc7130,153.3605542510043,101.35287969738944,99837b7474b73cad,[],3.0,psp_002776_2025,['val'],1.0,Counter({'val': 1}),train,6add78d65b8d95f4,True,hirise_clean,0,C:\Users\deves\OneDrive\Desktop\Projects\TCMD-SS\data\raw\hirise_v3_2\map-proj-v3_2\PSP_002776_2025_RED-0098.jpg
map-proj-v3_2/ESP_016758_2570_RED-0002.jpg,ok,,JPEG,227.0,227.0,L,1.0,1.0,normal,bright dune,train,esp_016758_2570_red-0002,[],ca56bd0eb266b505e68a88b103d0112bb42ac3aa6ce9adc5de8d1e07ca5ab631,2615ceabc88921432df537ee3f1bf1c9c9c61b7537be9abd40f4f87202c6fac4,b1265a3b666f6146,173.50222204971956,25.80166395836404,b8d2a0b53625064c,[],4.0,esp_016758_2570,['train'],1.0,Counter({'train': 1}),train,742528a36b580605,True,hirise_clean,0,C:\Users\deves\OneDrive\Desktop\Projects\TCMD-SS\data\raw\hirise_v3_2\map-proj-v3_2\ESP_016758_2570_RED-0002.jpg
map-proj-v3_2/ESP_012810_0925_RED-0109.jpg,ok,,JPEG,227.0,227.0,L,1.0,1.0,normal,swiss cheese,train,esp_012810_0925_red-0109,[],f972cb9cdccbd2b558d5fd401157ca452b26538eff939ac20c14eb585f740d55,c483327be7209449135b0f5ba3b2f23c524db5c36e7627970e7a91c3fbefb993,b78fe22a61d9c0f0,121.9418773894312,15.65154712777284,60a3ffc37255fad3,[],6.0,esp_012810_0925,['train'],1.0,Counter({'train': 1}),train,dd45fe812d8c375d,True,hirise_clean,0,C:\Users\deves\OneDrive\Desktop\Projects\TCMD-SS\data\raw\hirise_v3_2\map-proj-v3_2\ESP_012810_0925_RED-0109.jpg
map-proj-v3_2/ESP_013049_0950_RED-0040.jpg,ok,,JPEG,227.0,227.0,L,1.0,1.0,normal,spider,train,esp_013049_0950_red-0040,[],eaeaa31b1c43ab2bf1c2b92c7ae35af3af1892f29c1a07433a492d7b3dce03da,c885abbe9150f1326275259fee53b025590dfc816bd860d3279f7e4f08c51434,b7afd8c81b176288,185.81132954258769,15.99853215834218,a30e0b13a3b463a7,[],7.0,esp_013049_0950,['train'],2.0,Counter({'train': 2}),train,fd0db7f1b6955a04,True,hirise_clean,0,C:\Users\deves\OneDrive\Desktop\Projects\TCMD-SS\data\raw\hirise_v3_2\map-proj-v3_2\ESP_013049_0950_RED-0040.jpg
map-proj-v3_2/PSP_008965_1510_RED-0541.jpg,ok,,JPEG,227.0,227.0,L,1.0,1.0,normal,other,test,psp_008965_1510_red-0541,[],1bfd936d95559203e7dd299712081f9f536ef8fe6fe2b2f6c3d83b98d96d539e,1e9dfa2dc6d8b7defd737bbbb612c66e8df402f9ad7a1dade186608038bedf9e,f400050ffef1e2c7,113.52287061654604,19.72049904476154,fd6a1830d70fe8c8,[],0.0,psp_008965_1510,['test'],1.0,Counter({'test': 1}),train,8ec1c87e1acb9e4e,True,hirise_clean,0,C:\Users\deves\OneDrive\Desktop\Projects\TCMD-SS\data\raw\hirise_v3_2\map-proj-v3_2\PSP_008965_1510_RED-0541.jpg
map-proj-v3_2/ESP_016773_2010_RED-0154.jpg,ok,,JPEG,227.0,227.0,L,1.0,1.0,normal,crater,train,esp_016773_2010_red-0154,[],7be232e961847be60c9bfaa5e80f84ff607780a0dbff91147b593a2b5f14f474,db8f76278aa56f183442b60f4f7120f4d5b3d50ed500276d7ce8dbf8b7d6b587,e385cc313344f937,133.70632071260843,13.538776454286149,f14cf897b7430544,[],1.0,esp_016773_2010,['train'],1.0,Counter({'train': 1}),train,5d8aa8a5bf819576,True,hirise_clean,0,C:\Users\deves\OneDrive\Desktop\Projects\TCMD-SS\data\raw\hirise_v3_2\map-proj-v3_2\ESP_016773_2010_RED-0154.jpg
map-proj-v3_2/ESP_018720_2655_RED-0076.jpg,ok,,JPEG,227.0,227.0,L,1.0,1.0,normal,dark dune,test,esp_018720_2655_red-0076,[],03cdbe5b887774bed3c3c15e12bf51ddca4a31af1bbd0d4b91fa8ca8b81112e2,4d76792820e3540f9b0bd8964eca94bb469003e88a90bc9dcf165d1d02e089c8,80efd8214f9db2a5,55.76273554697355,11.783910578502322,41a25ea8c73fc899,[],2.0,esp_018720_2655,['test'],1.0,Counter({'test': 1}),train,7e7b4f2085af6bfe,True,hirise_clean,0,C:\Users\deves\OneDrive\Desktop\Projects\TCMD-SS\data\raw\hirise_v3_2\map-proj-v3_2\ESP_018720_2655_RED-0076.jpg
map-proj-v3_2/ESP_016715_2025_RED-0060.jpg,ok,,JPEG,227.0,227.0,L,1.0,1.0,normal,slope streak,train,esp_016715_2025_red-0060,[],f747ab9c68afce397e5ff3ae09072cdf14254607718190c442d5f9675f4cd1b4,6f2a1c443f57dc978168797e53c6b3c7616538ec4e491514e3c616e6a42b58b6,c489b3e20df2c1fc,177.32393409536377,20.556934838454392,215dfd28b504a7ae,[],3.0,esp_016715_2025,['train'],1.0,Counter({'train': 1}),train,69458dd6183b1830,True,hirise_clean,0,C:\Users\deves\OneDrive\Desktop\Projects\TCMD-SS\data\raw\hirise_v3_2\map-proj-v3_2\ESP_016715_2025_RED-0060.jpg
map-proj-v3_2/ESP_016576_2570_RED-0017.jpg,ok,,JPEG,227.0,227.0,L,1.0,1.0,normal,bright dune,val,esp_016576_2570_red-0017,[],e138ae18a0ab897de3f2f6b9a5b9c2d042078d2c1d4dd6120f90aa413754c1fe,ced4a8a3530c06627d61775f78215e43e755f42c6297cecd084bc742e8e233f5,d5495aad2ba58956,163.46783364707252,75.25410090723793,7243df2fca42c2b4,[],4.0,esp_016576_2570,['val'],1.0,Counter({'val': 1}),train,fd0db7f1b6955a04,True,hirise_clean,0,C:\Users\deves\OneDrive\Desktop\Projects\TCMD-SS\data\raw\hirise_v3_2\map-proj-v3_2\ESP_016576_2570_RED-0017.jpg
map-proj-v3_2/ESP_013161_1715_RED-0081.jpg,ok,,JPEG,227.0,227.0,L,1.0,1.0,normal,impact ejecta,test,esp_013161_1715_red-0081,[],75060005c61c8da5e78dfacf76d2d515abf00519788aed225f8696f0d0a911a7,ab6caee28e0f9aa5d488b7e1b3ba9affece894efaff3f9571298f7019372b8d6,f133da093932c66e,140.69642337324612,14.93222876516682,f472ccd71c34732e,[],5.0,esp_013161_1715,['test'],1.0,Counter({'test': 1}),train,5fbc3e4e88fe28f2,True,hirise_clean,0,C:\Users\deves\OneDrive\Desktop\Projects\TCMD-SS\data\raw\hirise_v3_2\map-proj-v3_2\ESP_013161_1715_RED-0081.jpg
map-proj-v3_2/ESP_012298_0930_RED-0462.jpg,ok,,JPEG,227.0,227.0,L,1.0,1.0,normal,swiss cheese,train,esp_012298_0930_red-0462,[],39c19a55ff34bf97ef0df331d73fe9ce80dc8c6140071616d9bfa2fba86478a4,9aaa29271e31245f2d6cf7d5c9095a6ba056c34b10ae51bdce28e6e33d8bc55c,8001031fbf7f5e3c,93.27964835335442,25.988714982349887,5ad9c59b94ec7c91,[],6.0,esp_012298_0930,['train'],2.0,Counter({'train': 2}),train,fd0db7f1b6955a04,True,hirise_clean,0,C:\Users\deves\OneDrive\Desktop\Projects\TCMD-SS\data\raw\hirise_v3_2\map-proj-v3_2\ESP_012298_0930_RED-0462.jpg
map-proj-v3_2/ESP_013049_0950_RED-0161.jpg,ok,,JPEG,227.0,227.0,L,1.0,1.0,normal,spider,train,esp_013049_0950_red-0161,[],545b0808cd05a0f0bed20460aedba90633ac99e2ced047e7dd65e1d1074cfca3,78b0e8146aa1e27dab7e555d6c0eabcf6ec295fbab243bafc83f180eff090a9b,831d1d39f8716347,156.47384967688097,58.58649303804848,890f5eb85d836861,[],7.0,esp_013049_0950,['train'],2.0,Counter({'train': 2}),train,fd0db7f1b6955a04,True,hirise_clean,0,C:\Users\deves\OneDrive\Desktop\Projects\TCMD-SS\data\raw\hirise_v3_2\map-proj-v3_2\ESP_013049_0950_RED-0161.jpg
map-proj-v3_2/PSP_008027_2070_RED-0452.jpg,ok,,JPEG,227.0,227.0,L,1.0,1.0,normal,other,test,psp_008027_2070_red-0452,[],2c1e984ce2ac76f29bc0f0d9e50ed29541704c4774512174e6f5f281b89111b8,1674e0b1182decb6ee5a1f941dc1fa1306f198d40463103e2c27fee829a70f8b,883467257cb155bd,146.1734945370568,18.72298779210192,367fe6986d4e0c52,[],0.0,psp_008027_2070,['test'],1.0,Counter({'test': 1}),train,f05ce6c3a3d5a252,True,hirise_clean,0,C:\Users\deves\OneDrive\Desktop\Projects\TCMD-SS\data\raw\hirise_v3_2\map-proj-v3_2\PSP_008027_2070_RED-0452.jpg
map-proj-v3_2/ESP_017038_1790_RED-0074.jpg,ok,,JPEG,227.0,227.0,L,1.0,1.0,normal,crater,train,esp_017038_1790_red-0074,[],6e46a085d480f669b04d3ac8e84c69015f0046c27ff9bf2f46143e29d6a050d2,33db5c9fbdb9affe66829e1d8644fccc0a0cc83bd5590bd2c982babcf66b3c55,c193264c3b67ce99,98.39127481612296,19.111946342211887,8dc910e5450f9989,[],1.0,esp_017038_1790,['train'],2.0,Counter({'train': 2}),train,9b8078ff931e000e,True,hirise_clean,0,C:\Users\deves\OneDrive\Desktop\Projects\TCMD-SS\data\raw\hirise_v3_2\map-proj-v3_2\ESP_017038_1790_RED-0074.jpg
map-proj-v3_2/ESP_013827_0950_RED-0033.jpg,ok,,JPEG,227.0,227.0,L,1.0,1.0,normal,dark dune,train,esp_013827_0950_red-0033,[],28f79ca5fb701f57b9fb7487c2ae97c9e93f3446b5d72dc7da3e6de9cdbd1bdb,939ac1df328f590ad8828c70cabeefbab7f39507c5fab630f5d3937e568eabaa,fe80614b7b07291f,38.44074210638669,12.962475011652575,76ca2d8a00a7d497,[],2.0,esp_013827_0950,['train'],2.0,Counter({'train': 2}),train,65825508c0fb90ae,True,hirise_clean,0,C:\Users\deves\OneDrive\Desktop\Projects\TCMD-SS\data\raw\hirise_v3_2\map-proj-v3_2\ESP_013827_0950_RED-0033.jpg
map-proj-v3_2/ESP_018416_2060_RED-0224.jpg,ok,,JPEG,227.0,227.0,L,1.0,1.0,normal,slope streak,val,esp_018416_2060_red-0224,[],08cdc6c8039cd6ab36ec9533facb5104f9988e41fe881f4278202e844feb14c5,39bda4a8b5819b307a5bed3a32383396e32f44d41de84c4987f8e3f240e5b012,944598156ed1d3fa,193.5148557123173,17.346781947987484,888d9a8d71cad03e,[],3.0,esp_018416_2060,['val'],1.0,Counter({'val': 1}),train,deb5bd200e2850f3,True,hirise_clean,0,C:\Users\deves\OneDrive\Desktop\Projects\TCMD-SS\data\raw\hirise_v3_2\map-proj-v3_2\ESP_018416_2060_RED-0224.jpg
map-proj-v3_2/ESP_016758_2570_RED-0041.jpg,ok,,JPEG,227.0,227.0,L,1.0,1.0,normal,bright dune,train,esp_016758_2570_red-0041,[],b11ec90ca7fea74df5c7a25c0779d444d01ea9582b11bd5436a7519c90baf23e,7970ed833dc59dd4b778172b0ea039b0760df1fb13547c5d62f4e81749bc4cfe,c56ea456bb113b13,121.3838032952318,83.94879737487125,3870568f1d430e98,[],4.0,esp_016758_2570,['train'],1.0,Counter({'train': 1}),train,742528a36b580605,True,hirise_clean,0,C:\Users\deves\OneDrive\Desktop\Projects\TCMD-SS\data\raw\hirise_v3_2\map-proj-v3_2\ESP_016758_2570_RED-0041.jpg
map-proj-v3_2/ESP_011622_0945_RED-0013.jpg,ok,,JPEG,227.0,227.0,L,1.0,1.0,normal,swiss cheese,train,esp_011622_0945_red-0013,[],17db5ae6920f1d97e8884a76c2e547924049f998620e00a7247409a6e16110d1,2b31a7f8373fcd4d59d9e1f2f91da9cdf4a88d196be9e1c3ddf1347c31ee4750,d81dcf6ba1e12d14,76.12361970928991,17.87363410783072,fd957990281eec49,[],6.0,esp_011622_0945,['train'],2.0,Counter({'train': 2}),train,d3459fcd75ce00f0,True,hirise_clean,0,C:\Users\deves\OneDrive\Desktop\Projects\TCMD-SS\data\raw\hirise_v3_2\map-proj-v3_2\ESP_011622_0945_RED-0013.jpg
map-proj-v3_2/ESP_011341_0980_RED-0005.jpg,ok,,JPEG,227.0,227.0,L,1.0,1.0,normal,spider,val,esp_011341_0980_red-0005,[],d9bf12bac75e25e7893bb3558e5cd70ab6ee2b0f4151bb82e073fc32e2c09d6e,5309d525f7518d1441291a5b6bb19ac3c19772dde5138e6547a8e31543f89b87,dc8168dd316c5b56,121.38698596906596,65.42821359750657,e476102d559f8ddf,[],7.0,esp_011341_0980,['val'],2.0,Counter({'val': 2}),train,dfcfaa177f950c1d,True,hirise_clean,0,C:\Users\deves\OneDrive\Desktop\Projects\TCMD-SS\data\raw\hirise_v3_2\map-proj-v3_2\ESP_011341_0980_RED-0005.jpg
map-proj-v3_2/ESP_016814_2125_RED-0033.jpg,ok,,JPEG,227.0,227.0,L,1.0,1.0,normal,other,train,esp_016814_2125_red-0033,[],be528e815ab71bed22fe195739f46e3da907367cc6c66ae5c70d952f8e4c118e,b8d1c5668c4be45acd17dda27336a632a91889b8ce3311d108e22c281fc1f7b6,8a8999a0c59dac7f,146.12354208309884,15.214699334614256,17cea9adb6a3c253,[],0.0,esp_016814_2125,['train'],1.0,Counter({'train': 1}),train,894125595e9c2acc,True,hirise_clean,0,C:\Users\deves\OneDrive\Desktop\Projects\TCMD-SS\data\raw\hirise_v3_2\map-proj-v3_2\ESP_016814_2125_RED-0033.jpg
map-proj-v3_2/PSP_002455_1320_RED-0078.jpg,ok,,JPEG,227.0,227.0,L,1.0,1.0,normal,dark dune,train,psp_002455_1320_red-0078,[],878b6079183578598cdc28ae69a53970686f29d4ec47b4512794500978d9f61a,13b3bd719c8ae257fc2bc8edc806c630567e5bf1fc8cd3a76f4daaad4195e48f,cb641cf99b648b98,36.14737332375944,33.312206415307834,e10f208c1a65ca3f,[],2.0,psp_002455_1320,['train'],1.0,Counter({'train': 1}),train,acb759d8cdabc26b,True,hirise_clean,0,C:\Users\deves\OneDrive\Desktop\Projects\TCMD-SS\data\raw\hirise_v3_2\map-proj-v3_2\PSP_002455_1320_RED-0078.jpg
map-proj-v3_2/ESP_016758_2570_RED-0042.jpg,ok,,JPEG,227.0,227.0,L,1.0,1.0,normal,bright dune,train,esp_016758_2570_red-0042,[],f519248fa5da576a92e1cfad0792d24ea9ff54d4a87236a16d0b2151dfadfe54,ff2e6bc82d4a0e47fc6fe2759efbcdb1bc99c8d14dfd86bb8193a25750cbac57,d05b4aad7d04ef50,156.43674435754625,66.21080072545948,f6a5d45f5f2ee68d,[],4.0,esp_016758_2570,['train'],1.0,Counter({'train': 1}),train,742528a36b580605,True,hirise_clean,0,C:\Users\deves\OneDrive\Desktop\Projects\TCMD-SS\data\raw\hirise_v3_2\map-proj-v3_2\ESP_016758_2570_RED-0042.jpg
map-proj-v3_2/ESP_018586_1735_RED-0048.jpg,ok,,JPEG,227.0,227.0,L,1.0,1.0,normal,impact ejecta,train,esp_018586_1735_red-0048,[],1f2433950b4a2a144cef4d9d470b6ab757d70869af4085deb73f19b4677a0629,6d4eb30d6d936c9d98e528dfb9eeee2f13841050fa3a5003e852b4a851d6805e,b7d0cd2c32e9cc8a,93.04372295212404,16.969287932914614,9707dabbdab92dbb,[],5.0,esp_018586_1735,['train'],1.0,Counter({'train': 1}),train,99c16e6b663a5bef,True,hirise_clean,0,C:\Users\deves\OneDrive\Desktop\Projects\TCMD-SS\data\raw\hirise_v3_2\map-proj-v3_2\ESP_018586_1735_RED-0048.jpg
map-proj-v3_2/PSP_002804_0930_RED-0025.jpg,ok,,JPEG,227.0,227.0,L,1.0,1.0,normal,swiss cheese,val,psp_002804_0930_red-0025,[],0999fa11cce755551712252c5de49cb83fa57e034a19e9f653cb7cfb5c50cf4a,1ae2e7cc4af54094344455fe81cd68ba29e50aca5b86005a7e509b2ee272278e,e6048df09eb037d3,98.9396068233422,14.644750186907096,60fa4771617bf888,[],6.0,psp_002804_0930,['val'],1.0,Counter({'val': 1}),train,fd0db7f1b6955a04,True,hirise_clean,0,C:\Users\deves\OneDrive\Desktop\Projects\TCMD-SS\data\raw\hirise_v3_2\map-proj-v3_2\PSP_002804_0930_RED-0025.jpg
map-proj-v3_2/PSP_003470_0930_RED-0099.jpg,ok,,JPEG,227.0,227.0,L,1.0,1.0,normal,spider,test,psp_003470_0930_red-0099,[],c3d82fb0e37f32b27958b6f17498429d32d63bb08e1c0b4492e52ad4c429d7a8,5145834d968d5d6d2b6be40d3a4be046d27f31dd9e10edaec427e5a059d3c5aa,d7b5e508d3c4650e,41.63696171088125,28.9166779534839,d39374b61eedd317,[],7.0,psp_003470_0930,['test'],1.0,Counter({'test': 1}),train,1e3c8989fe6df1fa,True,hirise_clean,0,C:\Users\deves\OneDrive\Desktop\Projects\TCMD-SS\data\raw\hirise_v3_2\map-proj-v3_2\PSP_003470_0930_RED-0099.jpg
map-proj-v3_2/PSP_001481_1875_RED-0186.jpg,ok,,JPEG,227.0,227.0,L,1.0,1.0,normal,other,train,psp_001481_1875_red-0186,[],e65d4533d167f0703da2b3b75f5e7fcb4b76b97dc5637ef81c58af6fdb5a2395,2ef8a7000608e776fda0dc3384ec174e233e86520e7cb1914f213ee850e65531,c4236fd9a645475a,199.70894059655728,14.007992309149772,d55791d2c9275b98,[],0.0,psp_001481_1875,['train'],1.0,Counter({'train': 1}),train,1be3cb12eb9eb046,True,hirise_clean,0,C:\Users\deves\OneDrive\Desktop\Projects\TCMD-SS\data\raw\hirise_v3_2\map-proj-v3_2\PSP_001481_1875_RED-0186.jpg
map-proj-v3_2/ESP_026334_1755_RED-0080.jpg,ok,,JPEG,227.0,227.0,L,1.0,1.0,normal,crater,train,esp_026334_1755_red-0080,[],837213086a0fe7e471f7853035aecaf68cafb471d4bb0e0c3e4baeb6f7db4dd8,1d3978a3cea5343d42cd0b61e287fbd48de61d70c770d4df60e18ce6803b155c,a0c89f3e60e79c59,107.5097129771585,64.08095890933555,807556db9c02f09f,[],1.0,esp_026334_1755,['train'],1.0,Counter({'train': 1}),train,7df8ad68f93a40fe,True,hirise_clean,0,C:\Users\deves\OneDrive\Desktop\Projects\TCMD-SS\data\raw\hirise_v3_2\map-proj-v3_2\ESP_026334_1755_RED-0080.jpg
map-proj-v3_2/ESP_018416_2060_RED-0082.jpg,ok,,JPEG,227.0,227.0,L,1.0,1.0,normal,slope streak,val,esp_018416_2060_red-0082,[],b2b95f27af609fc5e6a5c056751727aa52b048811efc2279422f9ad590e5d7b2,07efd5e23b4778dba683f63d50d0be875c35169fb33bea1f14a9adc846ce869e,a4b2cb5d321786e5,204.54912767567777,13.496677214026178,d7a790f6dfc31cd0,[],3.0,esp_018416_2060,['val'],1.0,Counter({'val': 1}),train,deb5bd200e2850f3,True,hirise_clean,0,C:\Users\deves\OneDrive\Desktop\Projects\TCMD-SS\data\raw\hirise_v3_2\map-proj-v3_2\ESP_018416_2060_RED-0082.jpg
map-proj-v3_2/ESP_016576_2570_RED-0002.jpg,ok,,JPEG,227.0,227.0,L,1.0,1.0,normal,bright dune,val,esp_016576_2570_red-0002,[],72b3214ba2480755944672b397e3c39bded9f0fb1ea2688094c15941afc36755,382aee93028ee0d2d9cfba6a510a18d39483f0e548370f98296bf67a7e21188f,d5b56cd2258972c5,168.76391934638747,72.60653605545836,2e67892b2fafbac8,['group_label_conflict'],4.0,esp_016576_2570,['val'],1.0,Counter({'val': 1}),train,fd0db7f1b6955a04,True,hirise_clean,0,C:\Users\deves\OneDrive\Desktop\Projects\TCMD-SS\data\raw\hirise_v3_2\map-proj-v3_2\ESP_016576_2570_RED-0002.jpg
map-proj-v3_2/ESP_018731_1770_RED-0049.jpg,ok,,JPEG,227.0,227.0,L,1.0,1.0,normal,impact ejecta,train,esp_018731_1770_red-0049,[],02faead8c5e130e6d931646615f1e80cc9046351ece0a54d4a1046060172b8d5,be244a5c592328b972b13f0a47bb761612c2dc4001ee8c310e5cc1aa24e45d1a,e5d89a923c65ccd1,109.17436783170642,20.748891338622183,2f87931fdc012c23,[],5.0,esp_018731_1770,['train'],1.0,Counter({'train': 1}),train,b1ee345e2d208590,True,hirise_clean,0,C:\Users\deves\OneDrive\Desktop\Projects\TCMD-SS\data\raw\hirise_v3_2\map-proj-v3_2\ESP_018731_1770_RED-0049.jpg
map-proj-v3_2/ESP_012810_0925_RED-0120.jpg,ok,,JPEG,227.0,227.0,L,1.0,1.0,normal,swiss cheese,train,esp_012810_0925_red-0120,[],4c319a372575eafc0265d45db88109aa79b47a0f46c633d526b66dc1fe9730e6,143cda99c7c32e337781f45412d598e36dfa8a3148ac8855e0280b03f684bd59,95d5d7d24a9b8988,124.42380019018417,19.650631442844805,8772324ba378ed6a,[],6.0,esp_012810_0925,['train'],1.0,Counter({'train': 1}),train,dd45fe812d8c375d,True,hirise_clean,0,C:\Users\deves\OneDrive\Desktop\Projects\TCMD-SS\data\raw\hirise_v3_2\map-proj-v3_2\ESP_012810_0925_RED-0120.jpg
map-proj-v3_2/ESP_013049_0950_RED-0069.jpg,ok,,JPEG,227.0,227.0,L,1.0,1.0,normal,spider,train,esp_013049_0950_red-0069,[],0646df3c017930410b8a7bd75e56f3d200f0718b055a47bd3105c840509a3080,fde1832d5132000b8e73d71daa372f1dbb60415e238827a6dd299279c4f90ffb,82f4dc44765697d8,181.48046730967027,16.975392719232072,5e0883544cbcf17c,[],7.0,esp_013049_0950,['train'],2.0,Counter({'train': 2}),train,fd0db7f1b6955a04,True,hirise_clean,0,C:\Users\deves\OneDrive\Desktop\Projects\TCMD-SS\data\raw\hirise_v3_2\map-proj-v3_2\ESP_013049_0950_RED-0069.jpg
map-proj-v3_2/ESP_029014_2150_RED-0229.jpg,ok,,JPEG,227.0,227.0,L,1.0,1.0,normal,other,train,esp_029014_2150_red-0229,[],cda6cad8929b48b20bfe5ee5817f947efe078aa0fff76d9fd2b11e65078be91b,b34993d5edcfd181f9895d0937abe8a8c8c435992da144d5d86cb644fcd84206,8fe3708bc8e99331,86.87812688000932,56.29624241998471,90448cb643a0eadc,[],0.0,esp_029014_2150,['train'],1.0,Counter({'train': 1}),train,8a3c833fbfa12cda,True,hirise_clean,0,C:\Users\deves\OneDrive\Desktop\Projects\TCMD-SS\data\raw\hirise_v3_2\map-proj-v3_2\ESP_029014_2150_RED-0229.jpg
map-proj-v3_2/ESP_034557_1510_RED-0066.jpg,ok,,JPEG,227.0,227.0,L,1.0,1.0,normal,crater,val,esp_034557_1510_red-0066,[],0bfabcaa9e2ce33be2a98755e459cbbc782543958e7ee2cd78a345565088b884,341b0a08935cbdcb71b22370834483d40cf8d30b80920dabc0b4773a8464420f,a66ed1b64cd9a047,149.6366317995692,17.956681134465928,e209ba9c36268adb,[],1.0,esp_034557_1510,['val'],1.0,Counter({'val': 1}),train,a507b3899c76af06,True,hirise_clean,0,C:\Users\deves\OneDrive\Desktop\Projects\TCMD-SS\data\raw\hirise_v3_2\map-proj-v3_2\ESP_034557_1510_RED-0066.jpg
map-proj-v3_2/ESP_018720_2655_RED-0042.jpg,ok,,JPEG,227.0,227.0,L,1.0,1.0,normal,dark dune,test,esp_018720_2655_red-0042,[],971a1a1ef4c25d8cf810af4895bb18177e51b3178121848ea4abee1392442e0b,7a06bdb6c3d5a8b5cfe9ad57288ff9b927b4400e79f40646a9ac0a54b2a8b1d9,da69052ed068f93e,30.149081099963126,21.897578508942505,c47552474b5d63c2,[],2.0,esp_018720_2655,['test'],1.0,Counter({'test': 1}),train,7e7b4f2085af6bfe,True,hirise_clean,0,C:\Users\deves\OneDrive\Desktop\Projects\TCMD-SS\data\raw\hirise_v3_2\map-proj-v3_2\ESP_018720_2655_RED-0042.jpg
map-proj-v3_2/ESP_018416_2060_RED-0226.jpg,ok,,JPEG,227.0,227.0,L,1.0,1.0,normal,slope streak,val,esp_018416_2060_red-0226,[],4ff9d708050982ac598de4ff447b77613bff0f1cc23353591ae6e75bb0ee46bc,e12207c49727b28c5c8250b302f5051ec70753322b7275ed5873d7a928dd8f8b,82a198af675d9da4,189.01542820547647,14.434319000008868,2e2113d48de8a301,[],3.0,esp_018416_2060,['val'],1.0,Counter({'val': 1}),train,deb5bd200e2850f3,True,hirise_clean,0,C:\Users\deves\OneDrive\Desktop\Projects\TCMD-SS\data\raw\hirise_v3_2\map-proj-v3_2\ESP_018416_2060_RED-0226.jpg
map-proj-v3_2/ESP_024646_2570_RED-0036.jpg,ok,,JPEG,227.0,227.0,L,1.0,1.0,normal,bright dune,train,esp_024646_2570_red-0036,[],51af257973bcb3cebe9e250d07ee4dccbf7ac7c46b6c36193c541fb3b063926d,5311e5ad2e2503fbcb0e6e565df83008a8dfd5cb384908a38877a40ea12ffd75,b3674dd913a42caa,189.6993925750548,20.68541763105421,1704d07eacf0105c,[],4.0,esp_024646_2570,['train'],1.0,Counter({'train': 1}),train,fd0db7f1b6955a04,True,hirise_clean,0,C:\Users\deves\OneDrive\Desktop\Projects\TCMD-SS\data\raw\hirise_v3_2\map-proj-v3_2\ESP_024646_2570_RED-0036.jpg
map-proj-v3_2/ESP_011422_0930_RED-0164.jpg,ok,,JPEG,227.0,227.0,L,1.0,1.0,normal,impact ejecta,train,esp_011422_0930_red-0164,[],ac13ad7bbb1bc2815a0c9dc9ac3c06f30c338f771fb8a09f037723a589a88ac8,6e17d7054ae1457f9b72f44df24979e76c1a291d922d9a07242edff778cca852,b36b8063513ce69b,126.2328203535873,16.468164664065725,1b2d306782aa4655,[],5.0,esp_011422_0930,['train'],2.0,Counter({'train': 2}),train,60b094db7acfdf6c,True,hirise_clean,0,C:\Users\deves\OneDrive\Desktop\Projects\TCMD-SS\data\raw\hirise_v3_2\map-proj-v3_2\ESP_011422_0930_RED-0164.jpg
map-proj-v3_2/ESP_012298_0930_RED-0030.jpg,ok,,JPEG,227.0,227.0,L,1.0,1.0,normal,swiss cheese,train,esp_012298_0930_red-0030,[],9558d7aa5d2df638ffd7083d75742dbe161a872046d66ae1ba5496f730e9ed93,f05298e73a7c227748e54b761e9f5ba7822bad8ba67e1d1df42222671162e1a9,d5ad4a546da2271e,97.76898445535524,36.66393876668331,a23b33d44e9010a0,[],6.0,esp_012298_0930,['train'],2.0,Counter({'train': 2}),train,fd0db7f1b6955a04,True,hirise_clean,0,C:\Users\deves\OneDrive\Desktop\Projects\TCMD-SS\data\raw\hirise_v3_2\map-proj-v3_2\ESP_012298_0930_RED-0030.jpg
map-proj-v3_2/ESP_013049_0950_RED-0097.jpg,ok,,JPEG,227.0,227.0,L,1.0,1.0,normal,spider,train,esp_013049_0950_red-0097,[],e9c320436350f8d420aafdc490506d15646c357ea668a7d8f7c35b79c451f11e,6e0a4ab209cc16a1af671fbd1bbf4f64b836665a21d842d464d0b847518dfd7e,b1e9c69e33128cab,176.50606454617787,18.309102665204573,ab8b2daa965c8970,[],7.0,esp_013049_0950,['train'],2.0,Counter({'train': 2}),train,fd0db7f1b6955a04,True,hirise_clean,0,C:\Users\deves\OneDrive\Desktop\Projects\TCMD-SS\data\raw\hirise_v3_2\map-proj-v3_2\ESP_013049_0950_RED-0097.jpg
map-proj-v3_2/ESP_035814_1550_RED-0208.jpg,ok,,JPEG,227.0,227.0,L,1.0,1.0,normal,other,test,esp_035814_1550_red-0208,[],953a2c9ee60ee2b2e20e3bd250e1d1a297312334c8432cf33994d698b80012c2,c2c4d298f87b4e4126ecf515ca10b59a7d7dccd4019af1c9399daf27bf4916eb,d24b616dc99bb226,117.877816375245,63.494317826713726,09b71351a4210986,[],0.0,esp_035814_1550,['test'],1.0,Counter({'test': 1}),train,86a5cd4e2a9e92ab,True,hirise_clean,0,C:\Users\deves\OneDrive\Desktop\Projects\TCMD-SS\data\raw\hirise_v3_2\map-proj-v3_2\ESP_035814_1550_RED-0208.jpg
map-proj-v3_2/ESP_036217_2580_RED-0007.jpg,ok,,JPEG,227.0,227.0,L,1.0,1.0,normal,dark dune,train,esp_036217_2580_red-0007,[],c04919a0d44b174f045743bfd9896fb674a7f64b7b309caada48f0b044f3236d,8eabe051a7f5cd71c37fb322c72ca68db87d9baa2a83c90db53770ffd606bb09,82e57a8c219c6fe9,119.94690368530344,61.28737126033007,4db3a6fe122e1745,[],2.0,esp_036217_2580,['train'],1.0,Counter({'train': 1}),train,6f4990db59226a1f,True,hirise_clean,0,C:\Users\deves\OneDrive\Desktop\Projects\TCMD-SS\data\raw\hirise_v3_2\map-proj-v3_2\ESP_036217_2580_RED-0007.jpg
map-proj-v3_2/ESP_018416_2060_RED-0267.jpg,ok,,JPEG,227.0,227.0,L,1.0,1.0,normal,slope streak,val,esp_018416_2060_red-0267,[],84e9f7f3a8ed921b70dff648b66b43ef065b140f3c5f72eb46e60f182c650e51,2c019df8fe7cf533b6f20adca6eb5fc8af11caa5dccf9e28f6aec9d1f234f067,db698d68659ac964,132.25989248772535,84.20007006173442,3cefd7f790826c2b,[],3.0,esp_018416_2060,['val'],1.0,Counter({'val': 1}),train,deb5bd200e2850f3,True,hirise_clean,0,C:\Users\deves\OneDrive\Desktop\Projects\TCMD-SS\data\raw\hirise_v3_2\map-proj-v3_2\ESP_018416_2060_RED-0267.jpg
map-proj-v3_2/ESP_024646_2570_RED-0001.jpg,ok,,JPEG,227.0,227.0,L,1.0,1.0,normal,bright dune,train,esp_024646_2570_red-0001,[],6d9c585d8e1271048fde8386b8c0bfe93dd3fd07b03f4cffbf0b739c96ae7cde,76c71d675b598fb074e1e611f2320197d325543ec2d83d3633f285d0b3c20530,81e43b8e61f89f89,132.1509247220012,62.99212849871143,6f8bf6f89ae9ae82,['group_label_conflict'],4.0,esp_024646_2570,['train'],1.0,Counter({'train': 1}),train,fd0db7f1b6955a04,True,hirise_clean,0,C:\Users\deves\OneDrive\Desktop\Projects\TCMD-SS\data\raw\hirise_v3_2\map-proj-v3_2\ESP_024646_2570_RED-0001.jpg
map-proj-v3_2/ESP_012810_0925_RED-0081.jpg,ok,,JPEG,227.0,227.0,L,1.0,1.0,normal,swiss cheese,train,esp_012810_0925_red-0081,[],daf0a0e75310f969f2f52bce9f6af42591767f0adc11fa42ed40d785e439190b,65995761255f69801cd0e0e91150d720a17d987702a949d8aa74bbced4b2c397,da42e9653136bd1c,124.7475790331658,17.72741072592145,ea4fb9517f0ed4fa,[],6.0,esp_012810_0925,['train'],1.0,Counter({'train': 1}),train,dd45fe812d8c375d,True,hirise_clean,0,C:\Users\deves\OneDrive\Desktop\Projects\TCMD-SS\data\raw\hirise_v3_2\map-proj-v3_2\ESP_012810_0925_RED-0081.jpg
map-proj-v3_2/PSP_003470_0930_RED-0072.jpg,ok,,JPEG,227.0,227.0,L,1.0,1.0,normal,spider,test,psp_003470_0930_red-0072,[],0e4e00952cdc9a4ce161abea60ac435aa4fac193eccc8bbe620b2c8e9a8771b3,13ffce12a98bca0f273b035e7bc50cb4f2aaaff3760eb393dcec60c003b31cd6,9e87c2f00b792f2a,47.452948824933536,15.6926787886709,30317021cac9a3c8,[],7.0,psp_003470_0930,['test'],1.0,Counter({'test': 1}),train,1e3c8989fe6df1fa,True,hirise_clean,0,C:\Users\deves\OneDrive\Desktop\Projects\TCMD-SS\data\raw\hirise_v3_2\map-proj-v3_2\PSP_003470_0930_RED-0072.jpg
map-proj-v3_2/PSP_006615_1910_RED-0422.jpg,ok,,JPEG,227.0,227.0,L,1.0,1.0,normal,other,val,psp_006615_1910_red-0422,[],cbfd5f70bbaca1eb9c227e8b5c9a31f7fdae12e7b01eb42aecc1800a78d5c01a,fbb4a24f23d13f566348677dc3b0fdc06d64731ce5ddcc57da302e72890d4825,c97c8e711bcd6438,150.42395544256632,21.270801038897883,287ef813b96ebbe3,[],0.0,psp_006615_1910,['val'],1.0,Counter({'val': 1}),train,038fe7e62470ab5e,True,hirise_clean,0,C:\Users\deves\OneDrive\Desktop\Projects\TCMD-SS\data\raw\hirise_v3_2\map-proj-v3_2\PSP_006615_1910_RED-0422.jpg
map-proj-v3_2/ESP_018720_2655_RED-0102.jpg,ok,,JPEG,227.0,227.0,L,1.0,1.0,normal,dark dune,test,esp_018720_2655_red-0102,[],6bf753aa6d0f1577d5849b4f5eb0bfda17732bfb4648a8d2ed038542120aa907,013d02173199c03695479d6b2768ebfb7c4567d4a87d887c1fd9f2512dbaf139,9f700289b9d3dc71,44.563546740670304,15.057514997739592,76605033b7f48a14,[],2.0,esp_018720_2655,['test'],1.0,Counter({'test': 1}),train,7e7b4f2085af6bfe,True,hirise_clean,0,C:\Users\deves\OneDrive\Desktop\Projects\TCMD-SS\data\raw\hirise_v3_2\map-proj-v3_2\ESP_018720_2655_RED-0102.jpg
map-proj-v3_2/ESP_016715_2025_RED-0137.jpg,ok,,JPEG,227.0,227.0,L,1.0,1.0,normal,slope streak,train,esp_016715_2025_red-0137,[],807fe11d13cf3c36eb6fa59926e63ab6347c330299035232c13dce45516500f1,ec5f39113d96e909bbd381c6b3cc3dcf909b750363c05a3ea8bca8003a4c457f,98b983d4706b87b5,195.6741252498593,23.51874323964346,c520cc6a371d5108,[],3.0,esp_016715_2025,['train'],1.0,Counter({'train': 1}),train,69458dd6183b1830,True,hirise_clean,0,C:\Users\deves\OneDrive\Desktop\Projects\TCMD-SS\data\raw\hirise_v3_2\map-proj-v3_2\ESP_016715_2025_RED-0137.jpg
map-proj-v3_2/ESP_016758_2570_RED-0040.jpg,ok,,JPEG,227.0,227.0,L,1.0,1.0,normal,bright dune,train,esp_016758_2570_red-0040,[],b4d0457be5bf8fb50772889517ac772ac2723ac29f6108b4e6f7c881f194e1d9,d187667f213c50eb3a7e662a48ce3b42bcca24c0f20b41af2e0b11ab102f4604,b306cc7933a6ce19,180.8768266413088,16.299532812629884,4459b592ef3c20ee,[],4.0,esp_016758_2570,['train'],1.0,Counter({'train': 1}),train,742528a36b580605,True,hirise_clean,0,C:\Users\deves\OneDrive\Desktop\Projects\TCMD-SS\data\raw\hirise_v3_2\map-proj-v3_2\ESP_016758_2570_RED-0040.jpg
map-proj-v3_2/ESP_013049_0950_RED-0218.jpg,ok,,JPEG,227.0,227.0,L,1.0,1.0,normal,spider,train,esp_013049_0950_red-0218,[],70dc1f40cfa5ecbc9790c35a1615c083a288a2e01d6f677b7149e2cc38d3ea30,131d1231f63d0fb354514063862a8b6452e1be9ee72c3dc1251499a93b6dad43,810106071f1f7fbf,176.208795047449,37.69171505832301,e7eeec50585a9cf1,[],7.0,esp_013049_0950,['train'],2.0,Counter({'train': 2}),train,fd0db7f1b6955a04,True,hirise_clean,0,C:\Users\deves\OneDrive\Desktop\Projects\TCMD-SS\data\raw\hirise_v3_2\map-proj-v3_2\ESP_013049_0950_RED-0218.jpg
map-proj-v3_2/ESP_027199_1975_RED-0266.jpg,ok,,JPEG,227.0,227.0,L,1.0,1.0,normal,other,test,esp_027199_1975_red-0266,[],44a1c7bf21345b8313afa508075b9cdda6826000a48eaa43294ed0a5ae982422,df607439d16afdb835e1216ba753cd5a9cfe756b6558aa4b7ac31bc1e3bc23a9,a3b27b98469b6c32,123.48890915794988,19.24702217470444,79d2b98d2c2bd6a6,[],0.0,esp_027199_1975,['test'],1.0,Counter({'test': 1}),train,5be88415003875de,True,hirise_clean,0,C:\Users\deves\OneDrive\Desktop\Projects\TCMD-SS\data\raw\hirise_v3_2\map-proj-v3_2\ESP_027199_1975_RED-0266.jpg
map-proj-v3_2/ESP_034590_1795_RED-0251.jpg,ok,,JPEG,227.0,227.0,L,1.0,1.0,normal,crater,train,esp_034590_1795_red-0251,[],38cc73873e54652024732fca693b65016f3133a17e2e65a8b6457088173d7f4c,713d56b8c3ae56aad05b3ab0c75de6bb817a89ec0983458149b21c79dc021405,e87cb599c66c2913,58.60092375167382,13.600473423075476,9d337f7ee679056c,[],1.0,esp_034590_1795,['train'],2.0,Counter({'train': 2}),train,c55dd6c553dead7b,True,hirise_clean,0,C:\Users\deves\OneDrive\Desktop\Projects\TCMD-SS\data\raw\hirise_v3_2\map-proj-v3_2\ESP_034590_1795_RED-0251.jpg
map-proj-v3_2/ESP_018720_2655_RED-0092.jpg,ok,,JPEG,227.0,227.0,L,1.0,1.0,normal,dark dune,test,esp_018720_2655_red-0092,[],4ec82f7ecc5a6de95bfd62b4d5451a3fbde2a0bd71de1664ae5c7a451242c1ef,90f9f8e8a73f8492e3cee6572cf2a4f4432f87fd2757293407097b188ca61d43,d0196477fc0d9371,27.273942828310272,22.735107514244287,aa017b64577604e6,[],2.0,esp_018720_2655,['test'],1.0,Counter({'test': 1}),train,7e7b4f2085af6bfe,True,hirise_clean,0,C:\Users\deves\OneDrive\Desktop\Projects\TCMD-SS\data\raw\hirise_v3_2\map-proj-v3_2\ESP_018720_2655_RED-0092.jpg
map-proj-v3_2/ESP_016624_1925_RED-0029.jpg,ok,,JPEG,227.0,227.0,L,1.0,1.0,normal,slope streak,train,esp_016624_1925_red-0029,[],c7e38ec4035ebc469d308f38a68869ee3b447f18664bef69392b8c5ff2a9fa16,56ffaed71d7688d66e91b136243948f3f5c4d2ba7d60486bc956918fbf502cfc,8f30bd06a27d56ca,194.13786411535253,8.818122990976288,f2a896882787dc60,[],3.0,esp_016624_1925,['train'],1.0,Counter({'train': 1}),train,77ef49a520fc7afb,True,hirise_clean,0,C:\Users\deves\OneDrive\Desktop\Projects\TCMD-SS\data\raw\hirise_v3_2\map-proj-v3_2\ESP_016624_1925_RED-0029.jpg
map-proj-v3_2/ESP_016758_2570_RED-0012.jpg,ok,,JPEG,227.0,227.0,L,1.0,1.0,normal,bright dune,train,esp_016758_2570_red-0012,[],2dc8b61ccec1930e485360948ef2fc8faf1b9edea289c156d70415528149e7b9,134049309e2a68e9d9f7ef7398c65721e9c9bb7d87bba26da4e54ec991c32ec8,d0a95fae4ab54895,177.37623474160182,38.87200379971536,77926347451d9760,[],4.0,esp_016758_2570,['train'],1.0,Counter({'train': 1}),train,742528a36b580605,True,hirise_clean,0,C:\Users\deves\OneDrive\Desktop\Projects\TCMD-SS\data\raw\hirise_v3_2\map-proj-v3_2\ESP_016758_2570_RED-0012.jpg
map-proj-v3_2/ESP_018493_1925_RED-0290.jpg,ok,,JPEG,227.0,227.0,L,1.0,1.0,normal,impact ejecta,train,esp_018493_1925_red-0290,[],0dbee43571de4e04488cd3f75a724a6408498997e75d72f856f116bbca76dc70,d3ecfa00837c6a97e03a9903121be7ccb3288a37d3b544dcce0cf3e3f5b00cd2,b60244f4f4fc630f,131.25158648528014,12.411880344132076,4fd4672b20afa4f9,[],5.0,esp_018493_1925,['train'],1.0,Counter({'train': 1}),train,8d0a7befa8476aaf,True,hirise_clean,0,C:\Users\deves\OneDrive\Desktop\Projects\TCMD-SS\data\raw\hirise_v3_2\map-proj-v3_2\ESP_018493_1925_RED-0290.jpg
map-proj-v3_2/ESP_013049_0950_RED-0208.jpg,ok,,JPEG,227.0,227.0,L,1.0,1.0,normal,spider,train,esp_013049_0950_red-0208,[],bb749b5513565aa39a7a657d977d2981999e66253b9037780eba7db6d0e4e314,8141faed454d95830a17a220adeee19df2eea041539c9db0aee233aa0ead8750,b6a489ec7289dd34,175.67464922664908,17.845199191990158,9afe7c0ecac7e6e9,[],7.0,esp_013049_0950,['train'],2.0,Counter({'train': 2}),train,fd0db7f1b6955a04,True,hirise_clean,0,C:\Users\deves\OneDrive\Desktop\Projects\TCMD-SS\data\raw\hirise_v3_2\map-proj-v3_2\ESP_013049_0950_RED-0208.jpg
map-proj-v3_2/ESP_019697_2020_RED-0024.jpg,ok,,JPEG,227.0,227.0,L,1.0,1.0,normal,crater,train,esp_019697_2020_red-0024,[],fd0fb5c511e57e1854b646a31cf328a01ca9101aacc6ed6f97be99294c5145cd,6a6300267eee4ef8994980648c9ae29145e9e932beb296ffb938d8499de828d7,f724c8c833b1ad74,96.20634982243008,15.876701414857324,fe63906441dcf926,[],1.0,esp_019697_2020,['train'],2.0,Counter({'train': 2}),train,8dc310e95be70b1f,True,hirise_clean,0,C:\Users\deves\OneDrive\Desktop\Projects\TCMD-SS\data\raw\hirise_v3_2\map-proj-v3_2\ESP_019697_2020_RED-0024.jpg
map-proj-v3_2/PSP_002455_1320_RED-0099.jpg,ok,,JPEG,227.0,227.0,L,1.0,1.0,normal,dark dune,train,psp_002455_1320_red-0099,[],d7d99c0d560707e263ed3d5ae6f7cf3477b90a50715bfb195a2d185679bd0381,5cc6e9240288155db17c3d6d0a9d6f350fb7ccb97121f08f4ec34271c67970b6,e71bc874b1326f14,53.89799918492499,17.444031638947607,27499b2a8e94cbb6,[],2.0,psp_002455_1320,['train'],1.0,Counter({'train': 1}),train,acb759d8cdabc26b,True,hirise_clean,0,C:\Users\deves\OneDrive\Desktop\Projects\TCMD-SS\data\raw\hirise_v3_2\map-proj-v3_2\PSP_002455_1320_RED-0099.jpg
map-proj-v3_2/ESP_018840_1865_RED-0004.jpg,ok,,JPEG,227.0,227.0,L,1.0,1.0,normal,slope streak,train,esp_018840_1865_red-0004,[],d219be29230b4eb6a6b900b8fa247bca937937279168dce4d4c6e318e3f33bcc,7747d668645ee68fc8511ef0d77850f18ad2d1c1ed3df2dc2e211f94eb2ba688,80057c4f7cdb5867,214.06045139630112,14.006446129320748,c64cb88027aa33dc,[],3.0,esp_018840_1865,['train'],1.0,Counter({'train': 1}),train,568a551da03a5d8b,True,hirise_clean,0,C:\Users\deves\OneDrive\Desktop\Projects\TCMD-SS\data\raw\hirise_v3_2\map-proj-v3_2\ESP_018840_1865_RED-0004.jpg
map-proj-v3_2/ESP_016576_2570_RED-0023.jpg,ok,,JPEG,227.0,227.0,L,1.0,1.0,normal,bright dune,val,esp_016576_2570_red-0023,[],60c1d089101f45a63471fc8f753fa0e34b83e6f6eaa364251dad099c624adee9,a6c079038d2d28a27787e8d56bdec8d95cd9201f7ed3bd78babec5a83850d253,d54b6aa537522b19,145.3132604940907,77.91402830811647,cab559beac67fea2,[],4.0,esp_016576_2570,['val'],1.0,Counter({'val': 1}),train,fd0db7f1b6955a04,True,hirise_clean,0,C:\Users\deves\OneDrive\Desktop\Projects\TCMD-SS\data\raw\hirise_v3_2\map-proj-v3_2\ESP_016576_2570_RED-0023.jpg
map-proj-v3_2/ESP_016095_2655_RED-0047.jpg,ok,,JPEG,227.0,227.0,L,1.0,1.0,normal,impact ejecta,val,esp_016095_2655_red-0047,[],2f2f3818cdb75ec3bfc0c8d89992283700108e8d432c838b26389e26e1527af2,1b146e4fc5d4e4d7586373e0736878c7d1a435d0fd08198cea2a5dffbad7c3bf,b9b1ce4c71938c6c,162.11484794969823,16.527434563919535,9127e0625375e9fb,[],5.0,esp_016095_2655,['val'],2.0,Counter({'val': 2}),train,5aac0f217c85986f,True,hirise_clean,0,C:\Users\deves\OneDrive\Desktop\Projects\TCMD-SS\data\raw\hirise_v3_2\map-proj-v3_2\ESP_016095_2655_RED-0047.jpg
map-proj-v3_2/PSP_005728_0935_RED-0001.jpg,ok,,JPEG,227.0,227.0,L,1.0,1.0,normal,swiss cheese,train,psp_005728_0935_red-0001,[],caa0ddca271b037b0038f3e4dde5fabd86c3d0e321500d19f3e5640a705918a8,73760c3c7ece8012ae3f5328c4cc2810bbd8aa69b0cdfc2c349346c8ab69249e,80c9761e46b1fca7,126.8687535174368,74.02063275882826,70a8469ef00905de,[],6.0,psp_005728_0935,['train'],1.0,Counter({'train': 1}),train,f4d20cb4c69763d4,True,hirise_clean,0,C:\Users\deves\OneDrive\Desktop\Projects\TCMD-SS\data\raw\hirise_v3_2\map-proj-v3_2\PSP_005728_0935_RED-0001.jpg
map-proj-v3_2/PSP_003470_0930_RED-0114.jpg,ok,,JPEG,227.0,227.0,L,1.0,1.0,normal,spider,test,psp_003470_0930_red-0114,[],36d62f775dc8fa8b0af684f583e8a4e619a75eee7bf33391f61343802116f6e3,20717831bd097ac89ab7684ca4b2a210b2a48ac5afb78a93688c9f4ced53ba7f,ac72f0d1818b35dd,48.516020105183486,18.02988016406336,de1edb124f6fd829,[],7.0,psp_003470_0930,['test'],1.0,Counter({'test': 1}),train,1e3c8989fe6df1fa,True,hirise_clean,0,C:\Users\deves\OneDrive\Desktop\Projects\TCMD-SS\data\raw\hirise_v3_2\map-proj-v3_2\PSP_003470_0930_RED-0114.jpg
map-proj-v3_2/ESP_016802_2190_RED-0093.jpg,ok,,JPEG,227.0,227.0,L,1.0,1.0,normal,other,train,esp_016802_2190_red-0093,[],b0570d025ec7a6a232bbfdfc5bfc09d9e9be08e903890781f5e21d62fc9545d5,478e1e7a74611ddbcebb0cbcf492a1905bcfd06b143245671ace46c9cdcb626c,cc8c33c33173a0df,136.67006928137553,15.609192019580563,93ccd1d727bc8a19,[],0.0,esp_016802_2190,['train'],1.0,Counter({'train': 1}),train,d54859b428dd5c33,True,hirise_clean,0,C:\Users\deves\OneDrive\Desktop\Projects\TCMD-SS\data\raw\hirise_v3_2\map-proj-v3_2\ESP_016802_2190_RED-0093.jpg
map-proj-v3_2/PSP_003703_2035_RED-0097.jpg,ok,,JPEG,227.0,227.0,L,1.0,1.0,normal,crater,train,psp_003703_2035_red-0097,[],051e1f4baeee970a502523f3436854b49f82197140ceec6baa475c90017dfb13,4f29d36f5315dbb213611e37a949d2ffbe8efa8b1438dfd0fac5016e4bfc1ff7,95ea8e54b319a8d6,104.81979079741504,30.277555978581084,3cb051bf9bb71f6e,[],1.0,psp_003703_2035,['train'],1.0,Counter({'train': 1}),train,77e968939bd59ef1,True,hirise_clean,0,C:\Users\deves\OneDrive\Desktop\Projects\TCMD-SS\data\raw\hirise_v3_2\map-proj-v3_2\PSP_003703_2035_RED-0097.jpg
map-proj-v3_2/ESP_018720_2655_RED-0027.jpg,ok,,JPEG,227.0,227.0,L,1.0,1.0,normal,dark dune,test,esp_018720_2655_red-0027,[],e2c0ead2043e5244f4c5cf777b98ef5ed117dfdcd4f289ef3cce3134e010369b,b83f0ecc0c23d62e8b8090afcfb6444fde4e2727aa199b1694055ba94c9a26d9,f372464679314dc9,71.58469987773874,15.98604338102895,8f45ca88b9a1da61,[],2.0,esp_018720_2655,['test'],1.0,Counter({'test': 1}),train,7e7b4f2085af6bfe,True,hirise_clean,0,C:\Users\deves\OneDrive\Desktop\Projects\TCMD-SS\data\raw\hirise_v3_2\map-proj-v3_2\ESP_018720_2655_RED-0027.jpg
map-proj-v3_2/ESP_016758_2570_RED-0011.jpg,ok,,JPEG,227.0,227.0,L,1.0,1.0,normal,bright dune,train,esp_016758_2570_red-0011,[],88959f907edd8394e71f97b1c70ba1e0c766ea7fc892ea694da426947e0e222c,2e378dd9be201974e72c3e73dcdca965132322ec022ea93bf201a12c6c2125ce,f285cab53354ac5a,182.9125346892041,23.782815753671628,fe5d7042da4c5cd4,[],4.0,esp_016758_2570,['train'],1.0,Counter({'train': 1}),train,742528a36b580605,True,hirise_clean,0,C:\Users\deves\OneDrive\Desktop\Projects\TCMD-SS\data\raw\hirise_v3_2\map-proj-v3_2\ESP_016758_2570_RED-0011.jpg
map-proj-v3_2/ESP_013161_1715_RED-0058.jpg,ok,,JPEG,227.0,227.0,L,1.0,1.0,normal,impact ejecta,test,esp_013161_1715_red-0058,[],7ae285b0ec1ca2ca31982b00c8b1bd2cfe5a84e23a2a6cf17628dd184b3d5048,c6d4d024ebe359aacb805d87de86c4b541bc830f50e3eb8c002d964e5d7557e6,e24d4d68c97f7058,163.15608686370783,14.053561907541548,8fbf9051264177a7,[],5.0,esp_013161_1715,['test'],1.0,Counter({'test': 1}),train,5fbc3e4e88fe28f2,True,hirise_clean,0,C:\Users\deves\OneDrive\Desktop\Projects\TCMD-SS\data\raw\hirise_v3_2\map-proj-v3_2\ESP_013161_1715_RED-0058.jpg
map-proj-v3_2/ESP_012810_0925_RED-0124.jpg,ok,,JPEG,227.0,227.0,L,1.0,1.0,normal,swiss cheese,train,esp_012810_0925_red-0124,[],683e65be28185eda2db57fb531da9ba43cd5753b666bf04711c3d6ef0d873a8f,bc6d00ec4311691e9f3adb9c35761020d928195d546cb29638de141b4fcb662c,818094ccfe7fa9cc,122.51460342719632,16.693406544496256,3ca904fdd46ff895,[],6.0,esp_012810_0925,['train'],1.0,Counter({'train': 1}),train,dd45fe812d8c375d,True,hirise_clean,0,C:\Users\deves\OneDrive\Desktop\Projects\TCMD-SS\data\raw\hirise_v3_2\map-proj-v3_2\ESP_012810_0925_RED-0124.jpg
map-proj-v3_2/ESP_013049_0950_RED-0075.jpg,ok,,JPEG,227.0,227.0,L,1.0,1.0,normal,spider,train,esp_013049_0950_red-0075,[],6d73309566570608d6f6b9ad8ed773318368e7fc24ca3f9d4beb29dde6b08065,f1524c07d325b49bb394214f5dc271ec20f77b198033d754c54179fa4703965e,860ed8b026cdf937,171.190630518737,17.80856847775724,729a144481f86c37,[],7.0,esp_013049_0950,['train'],2.0,Counter({'train': 2}),train,fd0db7f1b6955a04,True,hirise_clean,0,C:\Users\deves\OneDrive\Desktop\Projects\TCMD-SS\data\raw\hirise_v3_2\map-proj-v3_2\ESP_013049_0950_RED-0075.jpg
map-proj-v3_2/ESP_025151_1570_RED-0099.jpg,ok,,JPEG,227.0,227.0,L,1.0,1.0,normal,other,train,esp_025151_1570_red-0099,[],b916dc0a98a61dd9eeae06ffa328c3ed4441c7871acde80583aff04b5b769dd6,f35daf6726e80c5dc503965393fa45de6b3a347e3a23e43362ea56cab7487e62,f8c837f4cc992266,64.57922723126784,21.09902262077069,574c0dbf7b739905,[],0.0,esp_025151_1570,['train'],1.0,Counter({'train': 1}),train,24206087cc341bd3,True,hirise_clean,0,C:\Users\deves\OneDrive\Desktop\Projects\TCMD-SS\data\raw\hirise_v3_2\map-proj-v3_2\ESP_025151_1570_RED-0099.jpg
map-proj-v3_2/ESP_028196_1840_RED-0345.jpg,ok,,JPEG,227.0,227.0,L,1.0,1.0,normal,crater,train,esp_028196_1840_red-0345,[],d56cc262ecd16d0535cd78472751bd8f95ddf904ac105e3e3960cbf26ecd3900,285f56d7bc86bd153df89c9e0e6baf1862e37366ed259bca6c7a7b2816c6c836,d353c688b97b6682,120.94620504958372,17.343636884659368,916e83007c9e58cb,[],1.0,esp_028196_1840,['train'],1.0,Counter({'train': 1}),train,27d4cddfac4d7248,True,hirise_clean,0,C:\Users\deves\OneDrive\Desktop\Projects\TCMD-SS\data\raw\hirise_v3_2\map-proj-v3_2\ESP_028196_1840_RED-0345.jpg
map-proj-v3_2/ESP_018720_2655_RED-0136.jpg,ok,,JPEG,227.0,227.0,L,1.0,1.0,normal,dark dune,test,esp_018720_2655_red-0136,[],ee5d37cd52e84a329baf83763849ec59664e5595cd6554534d5aaf2dee37029c,a462e75c9eae6e3a2821c61e92c315b4c3d6226243c1e2b3d39800c9bd9ada79,c82936cc917a4dbe,26.04112247472297,10.61045005461444,6e4e61942b5a55e0,[],2.0,esp_018720_2655,['test'],1.0,Counter({'test': 1}),train,7e7b4f2085af6bfe,True,hirise_clean,0,C:\Users\deves\OneDrive\Desktop\Projects\TCMD-SS\data\raw\hirise_v3_2\map-proj-v3_2\ESP_018720_2655_RED-0136.jpg
map-proj-v3_2/PSP_006615_1910_RED-0332.jpg,ok,,JPEG,227.0,227.0,L,1.0,1.0,normal,slope streak,val,psp_006615_1910_red-0332,[],cae741c8c2d22058c456e0bb3b02f1b4161c7205b146fe73c32f839a372afa26,9d7e01749710fd0985f4cb685295f24b062f1bf981c535c365bf791658172798,9ccecece66c38123,85.51953269032971,66.70610009520458,98c5f3410da6ee9c,[],3.0,psp_006615_1910,['val'],1.0,Counter({'val': 1}),train,038fe7e62470ab5e,True,hirise_clean,0,C:\Users\deves\OneDrive\Desktop\Projects\TCMD-SS\data\raw\hirise_v3_2\map-proj-v3_2\PSP_006615_1910_RED-0332.jpg
map-proj-v3_2/ESP_024646_2570_RED-0035.jpg,ok,,JPEG,227.0,227.0,L,1.0,1.0,normal,bright dune,train,esp_024646_2570_red-0035,[],39fd4585b71d26b9e09475b9385bd17c74cf1a3568b4eb9f4a8a66771240d9a9,acea002b548e48077a2e2814ab0b24d9d474f1d083cecd4e2ad1b70c612d0470,e752cacc733388cc,196.60715325350773,13.563318363312325,9d5420dee9dcc955,[],4.0,esp_024646_2570,['train'],1.0,Counter({'train': 1}),train,fd0db7f1b6955a04,True,hirise_clean,0,C:\Users\deves\OneDrive\Desktop\Projects\TCMD-SS\data\raw\hirise_v3_2\map-proj-v3_2\ESP_024646_2570_RED-0035.jpg
map-proj-v3_2/ESP_016095_2655_RED-0046.jpg,ok,,JPEG,227.0,227.0,L,1.0,1.0,normal,impact ejecta,val,esp_016095_2655_red-0046,[],7cd3652ae2565fc20770d73b652c2ef0c4cfad8058d91fe6cde9b8c3078dfbdf,ad039d42fd58f19ad8d5f8f7de98debc3d52252a02e46e868dfc4e72e7d20197,a3fb986c3613998c,164.46775602088144,19.616788403060603,6a6d5a53f9bf4a24,[],5.0,esp_016095_2655,['val'],2.0,Counter({'val': 2}),train,5aac0f217c85986f,True,hirise_clean,0,C:\Users\deves\OneDrive\Desktop\Projects\TCMD-SS\data\raw\hirise_v3_2\map-proj-v3_2\ESP_016095_2655_RED-0046.jpg
map-proj-v3_2/ESP_012298_0930_RED-0532.jpg,ok,,JPEG,227.0,227.0,L,1.0,1.0,normal,swiss cheese,train,esp_012298_0930_red-0532,[],39112590e7356bd3edf2886eac149e30f4387757d1e7c90a3bc3fd54b9f613ca,f02938752f67d1fc6835e0cbcacf7a4c18923552dc6e1c6f397df42edde2ba4b,af8ae85993b0139d,97.32535077335092,18.464503492727644,819cf2038462385f,[],6.0,esp_012298_0930,['train'],2.0,Counter({'train': 2}),train,fd0db7f1b6955a04,True,hirise_clean,0,C:\Users\deves\OneDrive\Desktop\Projects\TCMD-SS\data\raw\hirise_v3_2\map-proj-v3_2\ESP_012298_0930_RED-0532.jpg
map-proj-v3_2/ESP_016095_2655_RED-0041.jpg,ok,,JPEG,227.0,227.0,L,1.0,1.0,normal,spider,val,esp_016095_2655_red-0041,[],8046556f5d5b3c81f53031c8bd336e5105bdcb626212954d834f185e6b549c9a,9f3f5187996297882d28e07244bec950fcc5e8fe580057cc152f25e3b33c351b,a1ff88fd23909964,157.68854431485184,18.73622010937792,13f74a60594e2f16,[],7.0,esp_016095_2655,['val'],2.0,Counter({'val': 2}),train,5aac0f217c85986f,True,hirise_clean,0,C:\Users\deves\OneDrive\Desktop\Projects\TCMD-SS\data\raw\hirise_v3_2\map-proj-v3_2\ESP_016095_2655_RED-0041.jpg
map-proj-v3_2/ESP_017770_1990_RED-0058.jpg,ok,,JPEG,227.0,227.0,L,1.0,1.0,normal,crater,train,esp_017770_1990_red-0058,[],ea44dff5e28fff361d288d4265972300f2798d50a7ba5a4a44a80bf7452056a9,632df128326ce98ce570db15b970b80a8e47ca536e2451bf8b401a5e2cd97b2c,c78459a366992ad7,117.19885889499118,42.77726516103881,fc4bbd93a18ad8b9,[],1.0,esp_017770_1990,['train'],1.0,Counter({'train': 1}),train,f345152edef783a2,True,hirise_clean,0,C:\Users\deves\OneDrive\Desktop\Projects\TCMD-SS\data\raw\hirise_v3_2\map-proj-v3_2\ESP_017770_1990_RED-0058.jpg
map-proj-v3_2/ESP_018720_2655_RED-0089.jpg,ok,,JPEG,227.0,227.0,L,1.0,1.0,normal,dark dune,test,esp_018720_2655_red-0089,[],ed29da93f94c2414ec350898f0aae5537ff9961fb31571ce414117203f214494,9830835f6a42390f2591d8f106fd0a3009ba6479fee27c8774f1961291a70de7,e7f09973378c6620,59.95288090201634,9.184747980604286,0a9be65bfa425d6d,[],2.0,esp_018720_2655,['test'],1.0,Counter({'test': 1}),train,7e7b4f2085af6bfe,True,hirise_clean,0,C:\Users\deves\OneDrive\Desktop\Projects\TCMD-SS\data\raw\hirise_v3_2\map-proj-v3_2\ESP_018720_2655_RED-0089.jpg
map-proj-v3_2/ESP_018416_2060_RED-0043.jpg,ok,,JPEG,227.0,227.0,L,1.0,1.0,normal,slope streak,val,esp_018416_2060_red-0043,[],4f3a2b50563a5afc522789d36c8bf793fbb7416e954a52201d4a230b60b407ac,8ac697656fca8b03c5f95c9eacaa0fcff842b7f35bf4e6f2ed3ca8c1d6a9b234,a360893fe6502f6d,113.7847619786916,25.368588635430203,4934ed3f70bfa379,[],3.0,esp_018416_2060,['val'],1.0,Counter({'val': 1}),train,deb5bd200e2850f3,True,hirise_clean,0,C:\Users\deves\OneDrive\Desktop\Projects\TCMD-SS\data\raw\hirise_v3_2\map-proj-v3_2\ESP_018416_2060_RED-0043.jpg
map-proj-v3_2/ESP_016758_2570_RED-0014.jpg,ok,,JPEG,227.0,227.0,L,1.0,1.0,normal,bright dune,train,esp_016758_2570_red-0014,[],32ac33a92efef707807b2b8ecc965202643211e31e34d02340d3257b6ea4d504,4273cadb914f95c3bae34a0c1be8bd53d06192eeb441dcfce26178d9cbef6f17,c6ba679531d831c9,162.65551437054862,69.24374982495605,221ae22e14e796d1,[],4.0,esp_016758_2570,['train'],1.0,Counter({'train': 1}),train,742528a36b580605,True,hirise_clean,0,C:\Users\deves\OneDrive\Desktop\Projects\TCMD-SS\data\raw\hirise_v3_2\map-proj-v3_2\ESP_016758_2570_RED-0014.jpg
map-proj-v3_2/ESP_012215_0935_RED-0286.jpg,ok,,JPEG,227.0,227.0,L,1.0,1.0,normal,swiss cheese,train,esp_012215_0935_red-0286,[],7e7fb7e4a3757a6e585d026e69853509a3d3af78d71e7cb959341d2e853d33d0,6f5746f9606d56dfcff92be92e2d8654b796d1d3325381cdb2e4b048694603f3,c2cf9f1965661a4a,107.96225426458888,16.847292702720534,8e72ee3a87b0eb9a,[],6.0,esp_012215_0935,['train'],2.0,Counter({'train': 2}),train,fd0db7f1b6955a04,True,hirise_clean,0,C:\Users\deves\OneDrive\Desktop\Projects\TCMD-SS\data\raw\hirise_v3_2\map-proj-v3_2\ESP_012215_0935_RED-0286.jpg
map-proj-v3_2/ESP_013049_0950_RED-0178.jpg,ok,,JPEG,227.0,227.0,L,1.0,1.0,normal,spider,train,esp_013049_0950_red-0178,[],2141302d1546fc5c9c4085037b2dafa35e0a9d11d67e32ad4762386355278032,7943370f082ccfd9e063259645237a90ae7d6c77bac7219c739a4308e1a14521,bc368237878cc66b,183.6468590502436,16.144773380483795,1f9fc07e87c164f9,[],7.0,esp_013049_0950,['train'],2.0,Counter({'train': 2}),train,fd0db7f1b6955a04,True,hirise_clean,0,C:\Users\deves\OneDrive\Desktop\Projects\TCMD-SS\data\raw\hirise_v3_2\map-proj-v3_2\ESP_013049_0950_RED-0178.jpg
map-proj-v3_2/ESP_026225_1710_RED-0034.jpg,ok,,JPEG,227.0,227.0,L,1.0,1.0,normal,other,train,esp_026225_1710_red-0034,[],109f38a7d86ba0ba2b8fd85d5078b80d25e0dc00b39ecab162e35825acbc001d,83e64a57216d305c008c0f584e3c916af7e7be08627c73398d931178f322f748,e693316db362cc13,90.61734169108658,32.3626813104105,6819e806e17ca583,[],0.0,esp_026225_1710,['train'],1.0,Counter({'train': 1}),train,4e4f7e0ea2cec4ad,True,hirise_clean,0,C:\Users\deves\OneDrive\Desktop\Projects\TCMD-SS\data\raw\hirise_v3_2\map-proj-v3_2\ESP_026225_1710_RED-0034.jpg
map-proj-v3_2/PSP_002455_1320_RED-0058.jpg,ok,,JPEG,227.0,227.0,L,1.0,1.0,normal,dark dune,train,psp_002455_1320_red-0058,[],3ec2acefa1bad61a532b7d13d53efd311c0915ef8acaa957d62692ac8fda7895,17332e3adaea246cedeaa32c1e08181e71e6e7168ae8438f95a1c9f169d99934,807f0f5c9d30b1e9,86.48541597935143,26.564722369522794,5d6c326508381c51,[],2.0,psp_002455_1320,['train'],1.0,Counter({'train': 1}),train,acb759d8cdabc26b,True,hirise_clean,0,C:\Users\deves\OneDrive\Desktop\Projects\TCMD-SS\data\raw\hirise_v3_2\map-proj-v3_2\PSP_002455_1320_RED-0058.jpg
map-proj-v3_2/ESP_018416_2060_RED-0087.jpg,ok,,JPEG,227.0,227.0,L,1.0,1.0,normal,slope streak,val,esp_018416_2060_red-0087,[],67f1a1c4e359c34764cba950c73db4f2fddf90fc2cc18fdb1aaf9afd88e44d96,8182b060d7dd71e4cc1e8e5a5caf5889d8443d80c35a03c48abc30e1b4bce853,a49bca792211cf67,195.9160472743504,16.493523158124063,89939c6bda2c80ad,[],3.0,esp_018416_2060,['val'],1.0,Counter({'val': 1}),train,deb5bd200e2850f3,True,hirise_clean,0,C:\Users\deves\OneDrive\Desktop\Projects\TCMD-SS\data\raw\hirise_v3_2\map-proj-v3_2\ESP_018416_2060_RED-0087.jpg
map-proj-v3_2/ESP_016758_2570_RED-0008.jpg,ok,,JPEG,227.0,227.0,L,1.0,1.0,normal,bright dune,train,esp_016758_2570_red-0008,[],dc323f0bb6f07ab15d92134804063c1adf5cf4ded9aad4b13184bb0a6f5de0f6,d04c60657e5aa4615fa3c3368ba6fe1db11c1d0b951ea60493b48d16d60fca0a,b3018c0331ede6fe,183.96126453065264,24.15618538912484,c943901c49cff65f,[],4.0,esp_016758_2570,['train'],1.0,Counter({'train': 1}),train,742528a36b580605,True,hirise_clean,0,C:\Users\deves\OneDrive\Desktop\Projects\TCMD-SS\data\raw\hirise_v3_2\map-proj-v3_2\ESP_016758_2570_RED-0008.jpg
map-proj-v3_2/ESP_016095_2655_RED-0052.jpg,ok,,JPEG,227.0,227.0,L,1.0,1.0,normal,impact ejecta,val,esp_016095_2655_red-0052,[],20be71d5bf411b731dbd881a71a45ef034fae021be292304a59a808c4826caf7,59eae7858488abe82b2e6f90c2a351ec6c89826622d07a5828b8bcc5337ee230,e792986c6693996c,175.17863727221564,18.043042202597825,30b93e724a0e7b30,[],5.0,esp_016095_2655,['val'],2.0,Counter({'val': 2}),train,5aac0f217c85986f,True,hirise_clean,0,C:\Users\deves\OneDrive\Desktop\Projects\TCMD-SS\data\raw\hirise_v3_2\map-proj-v3_2\ESP_016095_2655_RED-0052.jpg
map-proj-v3_2/ESP_012637_0935_RED-0320.jpg,ok,,JPEG,227.0,227.0,L,1.0,1.0,normal,swiss cheese,train,esp_012637_0935_red-0320,[],bb0cc18ed98204dc75cae060aaac242a64d3dd93a675310db23bca68cefe5083,2f342557e5d6afb350fe029113b304262bc76d554268e5eaad0b9ccaeec92cae,c37edc0f21a0349f,115.0699800112558,17.976568405178565,b654561afed7484a,[],6.0,esp_012637_0935,['train'],2.0,Counter({'train': 2}),train,fd0db7f1b6955a04,True,hirise_clean,0,C:\Users\deves\OneDrive\Desktop\Projects\TCMD-SS\data\raw\hirise_v3_2\map-proj-v3_2\ESP_012637_0935_RED-0320.jpg
map-proj-v3_2/PSP_003470_0930_RED-0131.jpg,ok,,JPEG,227.0,227.0,L,1.0,1.0,normal,spider,test,psp_003470_0930_red-0131,[],e874155b303a761c343d39125c2d9f87d24fc7fc2a37e551eeee88883f41162d,842b722d07272e6b43ab2d9cc740a0ea9036d51b7fc3a170ae5578cd1047b766,9f3043fd498de708,43.09600419181432,16.24630666637056,5d9ce19424d6c6fa,[],7.0,psp_003470_0930,['test'],1.0,Counter({'test': 1}),train,1e3c8989fe6df1fa,True,hirise_clean,0,C:\Users\deves\OneDrive\Desktop\Projects\TCMD-SS\data\raw\hirise_v3_2\map-proj-v3_2\PSP_003470_0930_RED-0131.jpg
map-proj-v3_2/ESP_016730_1960_RED-0342.jpg,ok,,JPEG,227.0,227.0,L,1.0,1.0,normal,other,train,esp_016730_1960_red-0342,[],93db0f1968006d25194f6182b90988673e8a24ced93ab00543cbd5b7feea8cc3,276ab32d0b421f110e02f6821e7b586c3c24ccf30483080ab7b455cf3934086a,c48d7b3335ccd990,124.38818917502763,18.59889985197035,cccc525d4f6cda74,[],0.0,esp_016730_1960,['train'],1.0,Counter({'train': 1}),train,e0601565561c83a6,True,hirise_clean,0,C:\Users\deves\OneDrive\Desktop\Projects\TCMD-SS\data\raw\hirise_v3_2\map-proj-v3_2\ESP_016730_1960_RED-0342.jpg
map-proj-v3_2/ESP_018720_2655_RED-0069.jpg,ok,,JPEG,227.0,227.0,L,1.0,1.0,normal,dark dune,test,esp_018720_2655_red-0069,[],69416c6e3b2ea7287bbd91c7663363f23dfcb697146e4ce52c697dc88a168351,285f7c63d3e7fea8707b35e3ad73cfa6a1ebec7d338f335a4744da49e9b7f0d9,bf80d20f6c1bb187,52.56979564905199,13.522624156769178,314176d33d337382,[],2.0,esp_018720_2655,['test'],1.0,Counter({'test': 1}),train,7e7b4f2085af6bfe,True,hirise_clean,0,C:\Users\deves\OneDrive\Desktop\Projects\TCMD-SS\data\raw\hirise_v3_2\map-proj-v3_2\ESP_018720_2655_RED-0069.jpg
map-proj-v3_2/ESP_016715_2025_RED-0161.jpg,ok,,JPEG,227.0,227.0,L,1.0,1.0,normal,slope streak,train,esp_016715_2025_red-0161,[],a8a8c532903f38a29d48ccddc59b5d67a2e640b78f4d11ae0157e1198a2fa349,212dc9a0043a9da28219181a5159793328bb69bcf4eb8b74a64f1d66b37eb74a,926aad14acde3a33,159.76700498748278,39.75167798392898,3666256cb4556e50,[],3.0,esp_016715_2025,['train'],1.0,Counter({'train': 1}),train,69458dd6183b1830,True,hirise_clean,0,C:\Users\deves\OneDrive\Desktop\Projects\TCMD-SS\data\raw\hirise_v3_2\map-proj-v3_2\ESP_016715_2025_RED-0161.jpg
map-proj-v3_2/ESP_024646_2570_RED-0002.jpg,ok,,JPEG,227.0,227.0,L,1.0,1.0,normal,bright dune,train,esp_024646_2570_red-0002,[],cd8d9a01a5bf4e20151ed676cff1678dc45461482dd76299b47da7ccf8cd1bd9,302478381dcec9dbe78c81ac92dfa2cc3e0d091d8bf77811823a130136676658,b0f784fd00f700dd,158.66805100040753,14.747082117749194,c775360377b78763,[],4.0,esp_024646_2570,['train'],1.0,Counter({'train': 1}),train,fd0db7f1b6955a04,True,hirise_clean,0,C:\Users\deves\OneDrive\Desktop\Projects\TCMD-SS\data\raw\hirise_v3_2\map-proj-v3_2\ESP_024646_2570_RED-0002.jpg
map-proj-v3_2/ESP_016095_2655_RED-0032.jpg,ok,,JPEG,227.0,227.0,L,1.0,1.0,normal,impact ejecta,val,esp_016095_2655_red-0032,[],02bab558ce5d34376eb5ef9691e7a52d3672da17d61b3dd9aaaa2f0348fe2714,0b08a8adebeed1bcf14448b2d04c063246a8b8b8c0f43a623df56068b09bf907,b151cece319bcc64,143.62498787090763,13.34497084026124,989392c1316a8307,[],5.0,esp_016095_2655,['val'],2.0,Counter({'val': 2}),train,5aac0f217c85986f,True,hirise_clean,0,C:\Users\deves\OneDrive\Desktop\Projects\TCMD-SS\data\raw\hirise_v3_2\map-proj-v3_2\ESP_016095_2655_RED-0032.jpg
map-proj-v3_2/ESP_012298_0930_RED-0383.jpg,ok,,JPEG,227.0,227.0,L,1.0,1.0,normal,swiss cheese,train,esp_012298_0930_red-0383,[],12bc3412c7a312ac65180ce8ea9cecf4ebebe07d53b60258949d334c4e317225,453fd8e8ca5cebde88e2569405cc732dbbd433a234c7154bcc18ee21ff7c09d4,9e5717c5ea29aa82,106.39748491140912,19.30560270379179,932bfd52c7ed9548,[],6.0,esp_012298_0930,['train'],2.0,Counter({'train': 2}),train,fd0db7f1b6955a04,True,hirise_clean,0,C:\Users\deves\OneDrive\Desktop\Projects\TCMD-SS\data\raw\hirise_v3_2\map-proj-v3_2\ESP_012298_0930_RED-0383.jpg
map-proj-v3_2/PSP_003470_0930_RED-0036.jpg,ok,,JPEG,227.0,227.0,L,1.0,1.0,normal,spider,test,psp_003470_0930_red-0036,[],ef60242e8e2278d9565b847a54b653383cb2e9b6a54eb5317a80a9208e30fdf1,2b3d0355ff70158c2f4bf7628492e2e5ee0630bd2b80e766cdec55b57375e17b,896766ccd931663c,24.04836111704089,12.137029568123086,bc7b6da3be60167c,[],7.0,psp_003470_0930,['test'],1.0,Counter({'test': 1}),train,1e3c8989fe6df1fa,True,hirise_clean,0,C:\Users\deves\OneDrive\Desktop\Projects\TCMD-SS\data\raw\hirise_v3_2\map-proj-v3_2\PSP_003470_0930_RED-0036.jpg
map-proj-v3_2/ESP_018586_1735_RED-0082.jpg,ok,,JPEG,227.0,227.0,L,1.0,1.0,normal,other,train,esp_018586_1735_red-0082,[],9d4fa2c8a265c418b88b68eb658e1d09e22f55bdde8128020c7ac641f5b4443a,d9f35a4927d828e58354f92cc857b9a3530725d776ff0d512a3757239044e00d,8d55948d1937ae5c,110.91344679694927,18.37610057287568,cda964a3bb6a2bc5,[],0.0,esp_018586_1735,['train'],1.0,Counter({'train': 1}),train,99c16e6b663a5bef,True,hirise_clean,0,C:\Users\deves\OneDrive\Desktop\Projects\TCMD-SS\data\raw\hirise_v3_2\map-proj-v3_2\ESP_018586_1735_RED-0082.jpg
map-proj-v3_2/ESP_011425_1775_RED-0101.jpg,ok,,JPEG,227.0,227.0,L,1.0,1.0,normal,crater,train,esp_011425_1775_red-0101,[],009746db99ca7cbbee03c02ac9a2f0f2ba3a309d426a59613598d50d0369b2e0,a4a70f49ee1852a4b19cbb6d53edd63a34ccbc8ecad4ffbfb3e477c9e08003d7,8703583727ce9c79,100.9604688621941,16.620409475140928,5e1529d7ca5f8561,[],1.0,esp_011425_1775,['train'],1.0,Counter({'train': 1}),train,51520df58488ffc4,True,hirise_clean,0,C:\Users\deves\OneDrive\Desktop\Projects\TCMD-SS\data\raw\hirise_v3_2\map-proj-v3_2\ESP_011425_1775_RED-0101.jpg
map-proj-v3_2/ESP_018720_2655_RED-0091.jpg,ok,,JPEG,227.0,227.0,L,1.0,1.0,normal,dark dune,test,esp_018720_2655_red-0091,[],da29bede0f785a8b743e2a3b8c8c65af41e9937c372d8a0532b6f3394a44c33e,be863faa50c0acac63e9a65bd98cedb852f11bc870f4a9113c7577790e8d81c8,b8bde631c19c2745,36.35956451706806,11.412674578711396,7f9da179fe83e842,[],2.0,esp_018720_2655,['test'],1.0,Counter({'test': 1}),train,7e7b4f2085af6bfe,True,hirise_clean,0,C:\Users\deves\OneDrive\Desktop\Projects\TCMD-SS\data\raw\hirise_v3_2\map-proj-v3_2\ESP_018720_2655_RED-0091.jpg
map-proj-v3_2/ESP_018416_2060_RED-0137.jpg,ok,,JPEG,227.0,227.0,L,1.0,1.0,normal,slope streak,val,esp_018416_2060_red-0137,[],75f37ce1e093f2dbd20e4b9d0108dc18fe28ad4abf80e76a09ab33026e63f802,e2ab612bcaaac8422b8bfb9d3ed05709489afe787859f6befac0c8fce6eb6bc8,8b5cb96b82565479,191.97387878670264,16.952112444745197,e9b63f3195790cdb,[],3.0,esp_018416_2060,['val'],1.0,Counter({'val': 1}),train,deb5bd200e2850f3,True,hirise_clean,0,C:\Users\deves\OneDrive\Desktop\Projects\TCMD-SS\data\raw\hirise_v3_2\map-proj-v3_2\ESP_018416_2060_RED-0137.jpg
map-proj-v3_2/ESP_024646_2570_RED-0019.jpg,ok,,JPEG,227.0,227.0,L,1.0,1.0,normal,bright dune,train,esp_024646_2570_red-0019,[],11ad9f4befd481de2641090be08c8aef5d72cd0efd4252ab91da7c5facebd3ef,17eac829d234576fe1179f233c5fdf867aba0645bf2dc5244faea5e4821c9a80,87721fb92270d8f8,172.26530691455298,22.36270706289882,fa93213c5f8a2595,[],4.0,esp_024646_2570,['train'],1.0,Counter({'train': 1}),train,fd0db7f1b6955a04,True,hirise_clean,0,C:\Users\deves\OneDrive\Desktop\Projects\TCMD-SS\data\raw\hirise_v3_2\map-proj-v3_2\ESP_024646_2570_RED-0019.jpg
map-proj-v3_2/ESP_012298_0930_RED-0534.jpg,ok,,JPEG,227.0,227.0,L,1.0,1.0,normal,swiss cheese,train,esp_012298_0930_red-0534,[],ad6d3c952e9968bc3373fe56575fd1af9d661228fce455243ab488987f0bfcff,13adc4db0d5c478d855acf4a1bce4f085a2268ef4cc42a6bb15126e51e005ee1,a15ab14b965aba53,97.48675503114752,16.168167412903635,526f586279fc390f,['group_label_conflict'],6.0,esp_012298_0930,['train'],2.0,Counter({'train': 2}),train,fd0db7f1b6955a04,True,hirise_clean,0,C:\Users\deves\OneDrive\Desktop\Projects\TCMD-SS\data\raw\hirise_v3_2\map-proj-v3_2\ESP_012298_0930_RED-0534.jpg
map-proj-v3_2/ESP_013049_0950_RED-0143.jpg,ok,,JPEG,227.0,227.0,L,1.0,1.0,normal,spider,train,esp_013049_0950_red-0143,[],3a316e13fd64be8018574dcd2ecb2537e8a284dde326414874f3ad69c022a262,a96af585b9cfbca867fbfe0b55743842329a6d399a483ab4f4f1ef9846c94e08,d247bc7272cc6235,186.9767121426769,15.624503053408068,dc1155eb235b82d7,[],7.0,esp_013049_0950,['train'],2.0,Counter({'train': 2}),train,fd0db7f1b6955a04,True,hirise_clean,0,C:\Users\deves\OneDrive\Desktop\Projects\TCMD-SS\data\raw\hirise_v3_2\map-proj-v3_2\ESP_013049_0950_RED-0143.jpg
map-proj-v3_2/ESP_026247_1650_RED-0270.jpg,ok,,JPEG,227.0,227.0,L,1.0,1.0,normal,crater,train,esp_026247_1650_red-0270,[],e5f214ecb00be602d9d8339db3b13228525b1338b7db1002e98d20dfbe832372,d9abf3cd75b48a9261fd674ea90dcd0d8069c3014228826e5211bbbb12f106b1,99666499732ecd1a,146.8089619437598,23.967115482848392,6084da3f24cbe7c8,[],1.0,esp_026247_1650,['train'],1.0,Counter({'train': 1}),train,8a3ee021d94736be,True,hirise_clean,0,C:\Users\deves\OneDrive\Desktop\Projects\TCMD-SS\data\raw\hirise_v3_2\map-proj-v3_2\ESP_026247_1650_RED-0270.jpg
map-proj-v3_2/ESP_018720_2655_RED-0051.jpg,ok,,JPEG,227.0,227.0,L,1.0,1.0,normal,dark dune,test,esp_018720_2655_red-0051,[],d54560c64275b7c19312ba5762f94297a96726ae8fa9f954aea86ee7ac459b90,269c1ab53a7c6cfffbc03411daa3ee0087818868ba7d2cc8d08477bcfcb4b993,e458334b5353be32,57.04075375031535,12.453971547544077,a90b01db2a23a7ce,[],2.0,esp_018720_2655,['test'],1.0,Counter({'test': 1}),train,7e7b4f2085af6bfe,True,hirise_clean,0,C:\Users\deves\OneDrive\Desktop\Projects\TCMD-SS\data\raw\hirise_v3_2\map-proj-v3_2\ESP_018720_2655_RED-0051.jpg
map-proj-v3_2/PSP_010461_1845_RED-0110.jpg,ok,,JPEG,227.0,227.0,L,1.0,1.0,normal,slope streak,val,psp_010461_1845_red-0110,[],9798b5e22a0c1ccd2a85c634c51ac0b138edf3ff01cedadde38d8ba6ba6081ce,b46a3068c9e402f5c5bc76ddb544d29528e59713e115fda597c1d95b79ca0e95,acfbc3b168c48c2d,185.895980903957,24.13526752568653,9c30b9af9e40be82,[],3.0,psp_010461_1845,['val'],1.0,Counter({'val': 1}),train,f49280728816569d,True,hirise_clean,0,C:\Users\deves\OneDrive\Desktop\Projects\TCMD-SS\data\raw\hirise_v3_2\map-proj-v3_2\PSP_010461_1845_RED-0110.jpg
map-proj-v3_2/ESP_016576_2570_RED-0018.jpg,ok,,JPEG,227.0,227.0,L,1.0,1.0,normal,bright dune,val,esp_016576_2570_red-0018,[],4ad97547cfd60e5f4e5e40fb894856b121d901fc2bc96d813c8ff97f12a114a6,30575b9fe594c2c7e71dd90482da9d43523fa960c4b092df7a5002e45fef7110,88f51ec2780770fe,168.38112519163963,61.71524016390798,08aca7ff7e5525dd,[],4.0,esp_016576_2570,['val'],1.0,Counter({'val': 1}),train,fd0db7f1b6955a04,True,hirise_clean,0,C:\Users\deves\OneDrive\Desktop\Projects\TCMD-SS\data\raw\hirise_v3_2\map-proj-v3_2\ESP_016576_2570_RED-0018.jpg
map-proj-v3_2/ESP_029793_2005_RED-0119.jpg,ok,,JPEG,227.0,227.0,L,1.0,1.0,normal,impact ejecta,train,esp_029793_2005_red-0119,[],ce9c1c95a2056e5755e8d60ab2379654564983802628bc29be2246b1cb756404,9a1e460283574dca9737d08cf303f16f4e462e77dcb0c612250b87375cff29a4,dae2229acb6e6a2a,79.7540026004774,23.45283087388848,860334464108ed64,[],5.0,esp_029793_2005,['train'],2.0,Counter({'train': 2}),train,9ff1586d1582faa2,True,hirise_clean,0,C:\Users\deves\OneDrive\Desktop\Projects\TCMD-SS\data\raw\hirise_v3_2\map-proj-v3_2\ESP_029793_2005_RED-0119.jpg
map-proj-v3_2/ESP_012810_0925_RED-0140.jpg,ok,,JPEG,227.0,227.0,L,1.0,1.0,normal,swiss cheese,train,esp_012810_0925_red-0140,[],e5dbbb28fa6dac547f26bd857895c2114077572bf429e8b1b5bd947c8b986e53,9fc80858ff4b65051972ea8f81d19444f149f70ca8c192735b0e304bb58b34f6,b4319cd4f693586a,132.06085893380427,13.810720334759832,d5563f4cb8055b9c,[],6.0,esp_012810_0925,['train'],1.0,Counter({'train': 1}),train,dd45fe812d8c375d,True,hirise_clean,0,C:\Users\deves\OneDrive\Desktop\Projects\TCMD-SS\data\raw\hirise_v3_2\map-proj-v3_2\ESP_012810_0925_RED-0140.jpg
map-proj-v3_2/ESP_013049_0950_RED-0188.jpg,ok,,JPEG,227.0,227.0,L,1.0,1.0,normal,spider,train,esp_013049_0950_red-0188,[],88f7f0232ef22cd71e469e809fcd243ed3e522a5d9c1e92c215641fee95020f9,24cc0e01a52d18d1b6890bb888a2e349899608561d8a039a1182fa9e21917529,f43893f399da2264,182.94028605251413,14.835503589181627,51cb66b84a3704aa,[],7.0,esp_013049_0950,['train'],2.0,Counter({'train': 2}),train,fd0db7f1b6955a04,True,hirise_clean,0,C:\Users\deves\OneDrive\Desktop\Projects\TCMD-SS\data\raw\hirise_v3_2\map-proj-v3_2\ESP_013049_0950_RED-0188.jpg
map-proj-v3_2/ESP_026225_1710_RED-0012.jpg,ok,,JPEG,227.0,227.0,L,1.0,1.0,normal,other,train,esp_026225_1710_red-0012,[],31f3ece17c7b2ddd0490f89d6246f36c156d32964990052ee31018596acf4515,ffa788dac0f471bd3032695cc3a001eaeb90b1306621f693a2f8573f190c7e1e,c9146ada65da64cb,167.21149255758894,18.69147741286674,c69cc20f543275b3,[],0.0,esp_026225_1710,['train'],1.0,Counter({'train': 1}),train,4e4f7e0ea2cec4ad,True,hirise_clean,0,C:\Users\deves\OneDrive\Desktop\Projects\TCMD-SS\data\raw\hirise_v3_2\map-proj-v3_2\ESP_026225_1710_RED-0012.jpg
map-proj-v3_2/PSP_002455_1320_RED-0111.jpg,ok,,JPEG,227.0,227.0,L,1.0,1.0,normal,dark dune,train,psp_002455_1320_red-0111,[],9db1c65554576287e28c786417d15f50c4db3141f77b8aa31372a0392b019f15,7365eafd96ce9fdd56fbe1b81e08a46e3dbe9436363bb7da62427bd7e209c8eb,ed191956077d1137,51.72465990025034,27.13159942098028,787211a1a5601776,[],2.0,psp_002455_1320,['train'],1.0,Counter({'train': 1}),train,acb759d8cdabc26b,True,hirise_clean,0,C:\Users\deves\OneDrive\Desktop\Projects\TCMD-SS\data\raw\hirise_v3_2\map-proj-v3_2\PSP_002455_1320_RED-0111.jpg
map-proj-v3_2/ESP_016576_2570_RED-0015.jpg,ok,,JPEG,227.0,227.0,L,1.0,1.0,normal,bright dune,val,esp_016576_2570_red-0015,[],dcf7156fafd776b1ca7eb837e4c696203f26dd0f93569b2b55725c0efe3fa36c,4d0c6d5b73956f5150133492589c8fa6487ba71de791fd5c336643ac4c8daed5,a96dd616a46749d1,194.43274660870577,20.106188815541973,2caee859137dde02,[],4.0,esp_016576_2570,['val'],1.0,Counter({'val': 1}),train,fd0db7f1b6955a04,True,hirise_clean,0,C:\Users\deves\OneDrive\Desktop\Projects\TCMD-SS\data\raw\hirise_v3_2\map-proj-v3_2\ESP_016576_2570_RED-0015.jpg
map-proj-v3_2/PSP_005728_0935_RED-0019.jpg,ok,,JPEG,227.0,227.0,L,1.0,1.0,normal,swiss cheese,train,psp_005728_0935_red-0019,[],b09b7b7c31e31fc00833e4b34cad0042a3ef219be9d11280f02e47e95dbc8777,6445d2c6b1183b062530f043cf854fb8976cf7c372d9c5342d117594e824852d,80fd03e81ff06f91,156.73077296279766,26.159926405947164,5d4b06e6ab28865a,[],6.0,psp_005728_0935,['train'],1.0,Counter({'train': 1}),train,f4d20cb4c69763d4,True,hirise_clean,0,C:\Users\deves\OneDrive\Desktop\Projects\TCMD-SS\data\raw\hirise_v3_2\map-proj-v3_2\PSP_005728_0935_RED-0019.jpg
map-proj-v3_2/ESP_013049_0950_RED-0117.jpg,ok,,JPEG,227.0,227.0,L,1.0,1.0,normal,spider,train,esp_013049_0950_red-0117,[],a00bd32f53298d83cacece731cf5ff515b8edb1887e92e5be198b1d8ac68dc90,43543ff81e6e1e7e108cd738014c32fa41bb22e19e5af948fe53f8d51aa7f9cb,b1af58c6ec32a943,188.7021871179336,16.043757580442428,90e08057f46e4bb2,[],7.0,esp_013049_0950,['train'],2.0,Counter({'train': 2}),train,fd0db7f1b6955a04,True,hirise_clean,0,C:\Users\deves\OneDrive\Desktop\Projects\TCMD-SS\data\raw\hirise_v3_2\map-proj-v3_2\ESP_013049_0950_RED-0117.jpg
map-proj-v3_2/ESP_027475_2310_RED-0206.jpg,ok,,JPEG,227.0,227.0,L,1.0,1.0,normal,other,train,esp_027475_2310_red-0206,[],dc8b8f39caa0274deba85311ee1e2ce003dd6fc1245f3ebd44b02c95ac0c93cc,7497f92d702a22509e5ca97a00910f83a5f380f407ce95d7ab36044d92bf32ed,d44ae9186ec71bc9,101.74323196646549,49.366732744745576,9ac5b2607e03d460,[],0.0,esp_027475_2310,['train'],1.0,Counter({'train': 1}),train,e1861d4b6a3fdde7,True,hirise_clean,0,C:\Users\deves\OneDrive\Desktop\Projects\TCMD-SS\data\raw\hirise_v3_2\map-proj-v3_2\ESP_027475_2310_RED-0206.jpg
map-proj-v3_2/ESP_034557_1510_RED-0075.jpg,ok,,JPEG,227.0,227.0,L,1.0,1.0,normal,crater,val,esp_034557_1510_red-0075,[],d78bfcfc02446d96d63fac0ff0e8ac46ed972e3c93a126f306bf72c76fe51896,6869d1cd63f678b891be921f1e9caae09ed83eb741ae89642aa5af1e97d09c64,8bee384fd9463449,140.57233790680976,13.58344639339181,0c8c00f6aa2cdafc,[],1.0,esp_034557_1510,['val'],1.0,Counter({'val': 1}),train,a507b3899c76af06,True,hirise_clean,0,C:\Users\deves\OneDrive\Desktop\Projects\TCMD-SS\data\raw\hirise_v3_2\map-proj-v3_2\ESP_034557_1510_RED-0075.jpg
map-proj-v3_2/ESP_018720_2655_RED-0148.jpg,ok,,JPEG,227.0,227.0,L,1.0,1.0,normal,dark dune,test,esp_018720_2655_red-0148,[],fc34b61dadf9ed727960a8445d54826751dfe06b6e244c2d6c81e4702c9b9198,26ba6087a42884b72e02072ebfff3228927e724320f8f994762f52da7f7c6c07,964a7913decc3293,15.78678025965961,15.169974585085,0aa9afa7699de969,[],2.0,esp_018720_2655,['test'],1.0,Counter({'test': 1}),train,7e7b4f2085af6bfe,True,hirise_clean,0,C:\Users\deves\OneDrive\Desktop\Projects\TCMD-SS\data\raw\hirise_v3_2\map-proj-v3_2\ESP_018720_2655_RED-0148.jpg
map-proj-v3_2/ESP_016715_2025_RED-0095.jpg,ok,,JPEG,227.0,227.0,L,1.0,1.0,normal,slope streak,train,esp_016715_2025_red-0095,[],b80bc2cb4014e945f12f79408c7cdc0725e77e8b12c92b08170f0eee66aec827,bb7dcda08ac81ec22b1d5b6f743177cca4d2d34068148be387a84e58fda9c43d,83f05ed03ce1dbb0,184.6983252149275,83.9021862007122,74e04d7d35196d8f,[],3.0,esp_016715_2025,['train'],1.0,Counter({'train': 1}),train,69458dd6183b1830,True,hirise_clean,0,C:\Users\deves\OneDrive\Desktop\Projects\TCMD-SS\data\raw\hirise_v3_2\map-proj-v3_2\ESP_016715_2025_RED-0095.jpg
map-proj-v3_2/ESP_016576_2570_RED-0020.jpg,ok,,JPEG,227.0,227.0,L,1.0,1.0,normal,bright dune,val,esp_016576_2570_red-0020,[],344278e892a358cc55d68a522cb75c45d02688f77537378d7d4a773cac3175c5,948359d7f7a6ce000d717b65c97fc68809291ff2d4dff108421b093d87d18461,a1ec1933deb36644,195.05008829979235,17.151170813979142,97c2de79e4f91e72,[],4.0,esp_016576_2570,['val'],1.0,Counter({'val': 1}),train,fd0db7f1b6955a04,True,hirise_clean,0,C:\Users\deves\OneDrive\Desktop\Projects\TCMD-SS\data\raw\hirise_v3_2\map-proj-v3_2\ESP_016576_2570_RED-0020.jpg
map-proj-v3_2/ESP_012560_1660_RED-0038.jpg,ok,,JPEG,227.0,227.0,L,1.0,1.0,normal,impact ejecta,train,esp_012560_1660_red-0038,[],71937ddd632b104e6e28b77ce08dc8c30af2c5c6c829d3ed2cd1772dff4e53d5,e40d1b4e5826dda724d20fa0956090345c6001827e774edd1944dbd655bf9b11,c3d56c139038d3cf,109.73857439500088,32.568406575476665,1fcbdd65c5820e73,[],5.0,esp_012560_1660,['train'],1.0,Counter({'train': 1}),train,af67ce69419eb52d,True,hirise_clean,0,C:\Users\deves\OneDrive\Desktop\Projects\TCMD-SS\data\raw\hirise_v3_2\map-proj-v3_2\ESP_012560_1660_RED-0038.jpg
map-proj-v3_2/ESP_012810_0925_RED-0150.jpg,ok,,JPEG,227.0,227.0,L,1.0,1.0,normal,swiss cheese,train,esp_012810_0925_red-0150,[],ca9688459de5613d289371d978fe0b0a962e6c3d4175e54a1b381f05192829e8,e84f6503df6f58ee87baca17e29c77daeac65477fb3d0d151104b8f9eead8e17,8430d1dfc47eaa5a,128.49657474431874,17.76157241533491,2aeb467263477104,[],6.0,esp_012810_0925,['train'],1.0,Counter({'train': 1}),train,dd45fe812d8c375d,True,hirise_clean,0,C:\Users\deves\OneDrive\Desktop\Projects\TCMD-SS\data\raw\hirise_v3_2\map-proj-v3_2\ESP_012810_0925_RED-0150.jpg
map-proj-v3_2/PSP_003470_0930_RED-0055.jpg,ok,,JPEG,227.0,227.0,L,1.0,1.0,normal,spider,test,psp_003470_0930_red-0055,[],e035cbfb3a396bc9a927028004e5c85aa8878baf328dffc357d9273d26f63048,23468f864ca1a62edba8b0a7700aadd21a2b4dfb43b8bfc23ca769439d7fec7a,a815643fd83b742e,28.243688020338062,13.947440595955864,d721a73a8d258973,[],7.0,psp_003470_0930,['test'],1.0,Counter({'test': 1}),train,1e3c8989fe6df1fa,True,hirise_clean,0,C:\Users\deves\OneDrive\Desktop\Projects\TCMD-SS\data\raw\hirise_v3_2\map-proj-v3_2\PSP_003470_0930_RED-0055.jpg
map-proj-v3_2/PSP_003703_2035_RED-0090.jpg,ok,,JPEG,227.0,227.0,L,1.0,1.0,normal,other,train,psp_003703_2035_red-0090,[],137bd92a46991c5dd3e4f258c323286b313dd20668afa31b6bf486331ed5b0c4,d3e71c105199f7661c2b78fb7c1a53777a43ced411af06c9a3b90ee7937cbdc8,a6b389a616f1d98c,134.80088881988783,21.123333372814454,a0014c48429bfa2b,[],0.0,psp_003703_2035,['train'],1.0,Counter({'train': 1}),train,77e968939bd59ef1,True,hirise_clean,0,C:\Users\deves\OneDrive\Desktop\Projects\TCMD-SS\data\raw\hirise_v3_2\map-proj-v3_2\PSP_003703_2035_RED-0090.jpg
map-proj-v3_2/ESP_013799_1755_RED-0047.jpg,ok,,JPEG,227.0,227.0,L,1.0,1.0,normal,crater,test,esp_013799_1755_red-0047,[],e0adb4ec55ef0033d63bd35c1381bfe86d224bbe52af65d5bfc4489efed72937,1c32dd856169b0ddfb7cdd56d37f04dc2bb88d64b4fe40e4b354f204635fa059,b380d4e67399cc66,169.4998156377962,20.35064748451601,0d10abf6ca300ac1,[],1.0,esp_013799_1755,['test'],1.0,Counter({'test': 1}),train,a883b80d6bcaf24e,True,hirise_clean,0,C:\Users\deves\OneDrive\Desktop\Projects\TCMD-SS\data\raw\hirise_v3_2\map-proj-v3_2\ESP_013799_1755_RED-0047.jpg
map-proj-v3_2/PSP_002455_1320_RED-0110.jpg,ok,,JPEG,227.0,227.0,L,1.0,1.0,normal,dark dune,train,psp_002455_1320_red-0110,[],b0d45b1c76d67bd4a730f2f7be4234cbb450bd35fcb13fa475824cadf6de2960,d46009f2c36accc8e945bdb74414d31b73a2b390b30add5c246c0c3e493f4934,e41b4ed7f1b1060d,30.49806904849696,25.559961112266848,8dbc9167f3f55e47,[],2.0,psp_002455_1320,['train'],1.0,Counter({'train': 1}),train,acb759d8cdabc26b,True,hirise_clean,0,C:\Users\deves\OneDrive\Desktop\Projects\TCMD-SS\data\raw\hirise_v3_2\map-proj-v3_2\PSP_002455_1320_RED-0110.jpg
map-proj-v3_2/ESP_018416_2060_RED-0214.jpg,ok,,JPEG,227.0,227.0,L,1.0,1.0,normal,slope streak,val,esp_018416_2060_red-0214,[],ec75199f422f056553dde970099559079831cfbba56a2bdf7b820f9d28a5d940,da65f37d9d21ee6e4ed078708cb1990a16bf77d95b362f982e924d1f86f480f3,9ee7483145a8bb55,129.25298375671952,88.0067247848812,442c87912dce262b,[],3.0,esp_018416_2060,['val'],1.0,Counter({'val': 1}),train,deb5bd200e2850f3,True,hirise_clean,0,C:\Users\deves\OneDrive\Desktop\Projects\TCMD-SS\data\raw\hirise_v3_2\map-proj-v3_2\ESP_018416_2060_RED-0214.jpg
map-proj-v3_2/ESP_016758_2570_RED-0035.jpg,ok,,JPEG,227.0,227.0,L,1.0,1.0,normal,bright dune,train,esp_016758_2570_red-0035,[],195c21be755149763c2b784e3590c04420749f7843e602ad77f53b74e1b9ca25,5871639813ae43975a626e65ef7eae4d63fe30ba3d9374b80d7179d4ad52f3f7,b370cc0ecc3333ec,189.67358186652177,24.44103508101433,bcb41765727e5f6b,[],4.0,esp_016758_2570,['train'],1.0,Counter({'train': 1}),train,742528a36b580605,True,hirise_clean,0,C:\Users\deves\OneDrive\Desktop\Projects\TCMD-SS\data\raw\hirise_v3_2\map-proj-v3_2\ESP_016758_2570_RED-0035.jpg
map-proj-v3_2/ESP_012298_0930_RED-0424.jpg,ok,,JPEG,227.0,227.0,L,1.0,1.0,normal,swiss cheese,train,esp_012298_0930_red-0424,[],b561e8cbc0e71eeaddb45383cc222c516405caf0f3bd57ff6a22d119f26adcb1,c20da8811064fd0fb4b44497db3427151b16f9513ae3904175c4723f96305725,b8da3c4d973930ac,99.64548118535194,17.42736157766894,2c56c444a34b272e,[],6.0,esp_012298_0930,['train'],2.0,Counter({'train': 2}),train,fd0db7f1b6955a04,True,hirise_clean,0,C:\Users\deves\OneDrive\Desktop\Projects\TCMD-SS\data\raw\hirise_v3_2\map-proj-v3_2\ESP_012298_0930_RED-0424.jpg
map-proj-v3_2/ESP_016517_2655_RED-0026.jpg,ok,,JPEG,227.0,227.0,L,1.0,1.0,normal,spider,train,esp_016517_2655_red-0026,[],6ed51aa76733722bda6931cd96ffd75fb7d98bc4d7d7df3152a7ca5ab0dccfcc,3e82b94e701aebeb50e5d8d8433df9eca6a096dee514176f3349fed944e19089,943637e46026cfcd,87.33493760794892,45.6780659959351,5a0289a4aaacf83c,[],7.0,esp_016517_2655,['train'],2.0,Counter({'train': 2}),train,fd0db7f1b6955a04,True,hirise_clean,0,C:\Users\deves\OneDrive\Desktop\Projects\TCMD-SS\data\raw\hirise_v3_2\map-proj-v3_2\ESP_016517_2655_RED-0026.jpg
map-proj-v3_2/ESP_016607_2080_RED-0002.jpg,ok,,JPEG,227.0,227.0,L,1.0,1.0,normal,crater,val,esp_016607_2080_red-0002,[],2a0a682c4bc5f550d1d38c90fd6aeb6449516a0b2e4359efdc130545bfa9d270,4adb18957e5b68a2c7f9c0a3480afed0db7ddd4458715c6b3767ef002fbb858c,d38c6cd0326f963c,103.2752430670108,59.49765306241893,8a5eb4b284508e69,[],1.0,esp_016607_2080,['val'],1.0,Counter({'val': 1}),train,a94c9b1b3775c694,True,hirise_clean,0,C:\Users\deves\OneDrive\Desktop\Projects\TCMD-SS\data\raw\hirise_v3_2\map-proj-v3_2\ESP_016607_2080_RED-0002.jpg
map-proj-v3_2/ESP_018720_2655_RED-0096.jpg,ok,,JPEG,227.0,227.0,L,1.0,1.0,normal,dark dune,test,esp_018720_2655_red-0096,[],9e61a47eb9e01e0039d66604373621d3fb561b620108e47297082313f3457c21,ee07c5740f96ddcdf096f58ff12b9bd341ef5a2fa4458a7b418f9bd8f65ba220,f3398a758c33311b,57.3692483844049,12.34457236610232,ce4c222a5fed2d8c,[],2.0,esp_018720_2655,['test'],1.0,Counter({'test': 1}),train,7e7b4f2085af6bfe,True,hirise_clean,0,C:\Users\deves\OneDrive\Desktop\Projects\TCMD-SS\data\raw\hirise_v3_2\map-proj-v3_2\ESP_018720_2655_RED-0096.jpg
map-proj-v3_2/ESP_011289_1950_RED-0170.jpg,ok,,JPEG,227.0,227.0,L,1.0,1.0,normal,slope streak,test,esp_011289_1950_red-0170,[],131f6e66a9a9c4a43fc0f15f6a75883396cdc3ccdc8dc7bd763fb29ab04cd67c,bff8571afff8eb73cd821a0cd7e297d04b0cb934948d87fbe2168c4c0c78aa77,81f5d59575c1ca92,200.2663354615848,19.9623745190643,52b826d2a3acc46e,[],3.0,esp_011289_1950,['test'],1.0,Counter({'test': 1}),train,99c2c4faf44c06e8,True,hirise_clean,0,C:\Users\deves\OneDrive\Desktop\Projects\TCMD-SS\data\raw\hirise_v3_2\map-proj-v3_2\ESP_011289_1950_RED-0170.jpg
map-proj-v3_2/ESP_016576_2570_RED-0016.jpg,ok,,JPEG,227.0,227.0,L,1.0,1.0,normal,bright dune,val,esp_016576_2570_red-0016,[],fa7e6b1b60467a650bb6073d9f901ef803a7cf47e9a280e353147e383a78ab39,8ab7755906307cfacf717be54fa202e66d2621505da2b31979cda69ebfe238d3,f643c970675b06cc,195.6109569368705,17.344912977715847,5273e991828bf7f3,[],4.0,esp_016576_2570,['val'],1.0,Counter({'val': 1}),train,fd0db7f1b6955a04,True,hirise_clean,0,C:\Users\deves\OneDrive\Desktop\Projects\TCMD-SS\data\raw\hirise_v3_2\map-proj-v3_2\ESP_016576_2570_RED-0016.jpg
map-proj-v3_2/ESP_017038_1790_RED-0097.jpg,ok,,JPEG,227.0,227.0,L,1.0,1.0,normal,impact ejecta,train,esp_017038_1790_red-0097,[],bbc37d14376cfdea665b3efc92e7add3ed8b7b87acc3097d7751baab2cf72184,ec4b6c133886d22a6471aad32538bb02c5fd4d7fc59c3c6afbbf12a3c611b0dc,a14b9dba34a6c339,89.20163403132217,27.852908119656234,c1c79e90c2eeb3b7,[],5.0,esp_017038_1790,['train'],2.0,Counter({'train': 2}),train,9b8078ff931e000e,True,hirise_clean,0,C:\Users\deves\OneDrive\Desktop\Projects\TCMD-SS\data\raw\hirise_v3_2\map-proj-v3_2\ESP_017038_1790_RED-0097.jpg
map-proj-v3_2/ESP_012810_0925_RED-0030.jpg,ok,,JPEG,227.0,227.0,L,1.0,1.0,normal,swiss cheese,train,esp_012810_0925_red-0030,[],52d8872fb9ddde7521d85bd464f340532b3b29e7ddd00d7640fc2570e8bcc4eb,6ba9eb3551a977e34d199060f109ac2f551819a31f9c73df1c17241ed8348ce0,abc92ca416f514e7,120.95194938772342,33.67715674499186,d8f233bcea5dd987,[],6.0,esp_012810_0925,['train'],1.0,Counter({'train': 1}),train,dd45fe812d8c375d,True,hirise_clean,0,C:\Users\deves\OneDrive\Desktop\Projects\TCMD-SS\data\raw\hirise_v3_2\map-proj-v3_2\ESP_012810_0925_RED-0030.jpg
map-proj-v3_2/PSP_003470_0930_RED-0143.jpg,ok,,JPEG,227.0,227.0,L,1.0,1.0,normal,spider,test,psp_003470_0930_red-0143,[],a3e1bb5b0ca70bd21e26eabff6597f19b35cf990fc01ea73bff21cd6ae9e4517,09cf654289b72f59a65229012f37be5dd31591c0bfde8a6ce6833aa109fa2c40,ace4361b80bcf25d,38.17648314541327,13.265686583587868,ae8d5cd1c9dd7e96,[],7.0,psp_003470_0930,['test'],1.0,Counter({'test': 1}),train,1e3c8989fe6df1fa,True,hirise_clean,0,C:\Users\deves\OneDrive\Desktop\Projects\TCMD-SS\data\raw\hirise_v3_2\map-proj-v3_2\PSP_003470_0930_RED-0143.jpg
map-proj-v3_2/ESP_017001_1805_RED-0294.jpg,ok,,JPEG,227.0,227.0,L,1.0,1.0,normal,other,test,esp_017001_1805_red-0294,[],44aa32cc186c11038597a6008c45bca86f350abd520ef914bea7152d687ecd87,baddfabd2036e032c8bed747ac0a5e1f027f0c2803bac6348765852e307da88d,ce4ec2968ccd658e,201.3111257738361,13.301248396432712,6477985560d409d6,[],0.0,esp_017001_1805,['test'],1.0,Counter({'test': 1}),train,f03fb3a269199b75,True,hirise_clean,0,C:\Users\deves\OneDrive\Desktop\Projects\TCMD-SS\data\raw\hirise_v3_2\map-proj-v3_2\ESP_017001_1805_RED-0294.jpg
map-proj-v3_2/ESP_018720_2655_RED-0155.jpg,ok,,JPEG,227.0,227.0,L,1.0,1.0,normal,dark dune,test,esp_018720_2655_red-0155,[],64b542f8c4d44c977ab2db3a5e9e4d55408d55c1ed758d53aeb49d3b9b092ae3,6d769bda41ba6dfb8935ffded7ea1d14c0c790e410fe52569088b01665e9c767,8f503a6546b9d2da,20.006016029808457,17.055477919969086,1fe1811233c50163,[],2.0,esp_018720_2655,['test'],1.0,Counter({'test': 1}),train,7e7b4f2085af6bfe,True,hirise_clean,0,C:\Users\deves\OneDrive\Desktop\Projects\TCMD-SS\data\raw\hirise_v3_2\map-proj-v3_2\ESP_018720_2655_RED-0155.jpg
map-proj-v3_2/ESP_018840_1865_RED-0003.jpg,ok,,JPEG,227.0,227.0,L,1.0,1.0,normal,slope streak,train,esp_018840_1865_red-0003,[],06eaf335ddcfc5fa08147195c8538d5d4186d83765c188543b7fb4956fdaa184,f08b8b26db293818b7f9b955e9823c5a70420ec51ba43d936de2c7bda7663efc,843e78267497517e,204.00523976789768,22.36156525638085,3da76fa9a230dc05,[],3.0,esp_018840_1865,['train'],1.0,Counter({'train': 1}),train,568a551da03a5d8b,True,hirise_clean,0,C:\Users\deves\OneDrive\Desktop\Projects\TCMD-SS\data\raw\hirise_v3_2\map-proj-v3_2\ESP_018840_1865_RED-0003.jpg
map-proj-v3_2/ESP_016758_2570_RED-0019.jpg,ok,,JPEG,227.0,227.0,L,1.0,1.0,normal,bright dune,train,esp_016758_2570_red-0019,[],b2e3705dcb2057a0c5db0f540fd8144b04dc593b7e9e2f0be7e588b928dfcb58,d1baeca22ba609a02c99a4d794cbca00495739891c3da9e24a6dfe6afb526ffc,d3074af87a568d4a,185.1707388072736,22.62225839605484,2eb5d8bee5d90c18,[],4.0,esp_016758_2570,['train'],1.0,Counter({'train': 1}),train,742528a36b580605,True,hirise_clean,0,C:\Users\deves\OneDrive\Desktop\Projects\TCMD-SS\data\raw\hirise_v3_2\map-proj-v3_2\ESP_016758_2570_RED-0019.jpg
map-proj-v3_2/ESP_012560_1660_RED-0054.jpg,ok,,JPEG,227.0,227.0,L,1.0,1.0,normal,impact ejecta,train,esp_012560_1660_red-0054,[],369a1cb3b0e39be1f9ce4902ed6e44f54abbe219780d539584e8de27c55fe754,5cdcff3d38225fb0c2353afd6cfb95ea1706790b583bf3c6debedd0a7d640cfc,bd7086d92d6660f8,91.25358535970037,22.593133401168902,0cf2c60413f81403,[],5.0,esp_012560_1660,['train'],1.0,Counter({'train': 1}),train,af67ce69419eb52d,True,hirise_clean,0,C:\Users\deves\OneDrive\Desktop\Projects\TCMD-SS\data\raw\hirise_v3_2\map-proj-v3_2\ESP_012560_1660_RED-0054.jpg
map-proj-v3_2/ESP_012298_0930_RED-0496.jpg,ok,,JPEG,227.0,227.0,L,1.0,1.0,normal,swiss cheese,train,esp_012298_0930_red-0496,[],0b409bfd997a71a650c8d5b757f35f2f9c5fad92efa46e3d23ac9f4f952d08a1,36101370867ecf533ffb061c86a9d8d33b7e82f4fa0351e5c00478a7568422fa,d9515b535a426b6a,97.36664790700382,24.97356630857084,e6cfb8eed2054000,[],6.0,esp_012298_0930,['train'],2.0,Counter({'train': 2}),train,fd0db7f1b6955a04,True,hirise_clean,0,C:\Users\deves\OneDrive\Desktop\Projects\TCMD-SS\data\raw\hirise_v3_2\map-proj-v3_2\ESP_012298_0930_RED-0496.jpg
map-proj-v3_2/ESP_013049_0950_RED-0211.jpg,ok,,JPEG,227.0,227.0,L,1.0,1.0,normal,spider,train,esp_013049_0950_red-0211,[],0dbb34b05daf8624b6a5afc850346c38fbdcaca0311b660eca21956f03847f24,f7e0826299a0e450b0f061babb7d6fc11bbbbd810aacff5d4e244b90b7f7824f,83193978f00267ff,150.556172252518,64.41259738712886,294323cd2564d6da,[],7.0,esp_013049_0950,['train'],2.0,Counter({'train': 2}),train,fd0db7f1b6955a04,True,hirise_clean,0,C:\Users\deves\OneDrive\Desktop\Projects\TCMD-SS\data\raw\hirise_v3_2\map-proj-v3_2\ESP_013049_0950_RED-0211.jpg
map-proj-v3_2/ESP_017770_1990_RED-0418.jpg,ok,,JPEG,227.0,227.0,L,1.0,1.0,normal,other,train,esp_017770_1990_red-0418,[],3e1a277b6cdd85105f591788e67b4438c9692932067bd389b6c0677bc17e0e9f,b8de51bed1a01d6a40c26ba2683bec3c0a930da80ded3b05ffc2f53a4b6090d1,d555546a533e48cd,130.87174212579325,31.573646803927524,3e71e8fdfeb6de16,[],0.0,esp_017770_1990,['train'],1.0,Counter({'train': 1}),train,f345152edef783a2,True,hirise_clean,0,C:\Users\deves\OneDrive\Desktop\Projects\TCMD-SS\data\raw\hirise_v3_2\map-proj-v3_2\ESP_017770_1990_RED-0418.jpg
map-proj-v3_2/ESP_018931_1905_RED-0135.jpg,ok,,JPEG,227.0,227.0,L,1.0,1.0,normal,crater,train,esp_018931_1905_red-0135,[],119f56078124405e1b697f9f599f0fdb64943bf8e3fe734f27346f66e109a3bb,cf28d82af8ef73c52df9368bba40edb411b4d491fed7929eb9b364834a4004ad,c34a0cbdb3326ccd,145.24677366143337,11.51609598137314,50726fdf2d26daac,[],1.0,esp_018931_1905,['train'],1.0,Counter({'train': 1}),train,50f965e63432c45b,True,hirise_clean,0,C:\Users\deves\OneDrive\Desktop\Projects\TCMD-SS\data\raw\hirise_v3_2\map-proj-v3_2\ESP_018931_1905_RED-0135.jpg
map-proj-v3_2/ESP_018720_2655_RED-0066.jpg,ok,,JPEG,227.0,227.0,L,1.0,1.0,normal,dark dune,test,esp_018720_2655_red-0066,[],2d7a76d0ea18bcb0fea9d4db38d9983f772e8e863ebfd3f8fc0a2148874ba03f,522650e5f3902b03602715968840d238e922e9c6304598080b18476a9c65aa08,91ee09bb666418f3,58.2941644510858,9.372210258138413,b06db6a2d62c95d5,[],2.0,esp_018720_2655,['test'],1.0,Counter({'test': 1}),train,7e7b4f2085af6bfe,True,hirise_clean,0,C:\Users\deves\OneDrive\Desktop\Projects\TCMD-SS\data\raw\hirise_v3_2\map-proj-v3_2\ESP_018720_2655_RED-0066.jpg
map-proj-v3_2/ESP_011289_1950_RED-0193.jpg,ok,,JPEG,227.0,227.0,L,1.0,1.0,normal,slope streak,test,esp_011289_1950_red-0193,[],3573099d1d0398605d3d1f028ff3def33d37c2f7c81fb22dc467b53a3ce73a6f,a2380ebfca76c9b5fb3b79fcb2c131b01135fbcb71ba501e74aa93ef0424152e,9456d2526a6d999b,194.31052417085525,20.57719781073532,cd7440bd63b210a8,[],3.0,esp_011289_1950,['test'],1.0,Counter({'test': 1}),train,99c2c4faf44c06e8,True,hirise_clean,0,C:\Users\deves\OneDrive\Desktop\Projects\TCMD-SS\data\raw\hirise_v3_2\map-proj-v3_2\ESP_011289_1950_RED-0193.jpg
map-proj-v3_2/ESP_016758_2570_RED-0006.jpg,ok,,JPEG,227.0,227.0,L,1.0,1.0,normal,bright dune,train,esp_016758_2570_red-0006,[],3aeb5b3c558b4b2299aa2dc49d3d268c52a2b6b74f63b368d73b6319e58b9c06,b8da4c5ef8f1e03a1762c5d2d472a1ee64cd51076d2136309e43f426bece5c70,d72b5caa71668643,176.3301635971977,24.05084786326772,0e3ce7cd857fde5a,[],4.0,esp_016758_2570,['train'],1.0,Counter({'train': 1}),train,742528a36b580605,True,hirise_clean,0,C:\Users\deves\OneDrive\Desktop\Projects\TCMD-SS\data\raw\hirise_v3_2\map-proj-v3_2\ESP_016758_2570_RED-0006.jpg
map-proj-v3_2/ESP_016730_1960_RED-0468.jpg,ok,,JPEG,227.0,227.0,L,1.0,1.0,normal,impact ejecta,train,esp_016730_1960_red-0468,[],cd5eafdc10d85d30fbcaeabf83f6b0d59833b61709fd95a3d615b7efb624ea17,0235f19f41ed801086b643d99f8df5f0712dcbae230789275a704babbd034a8d,c686d9197666e499,128.20437035455762,21.42119611490432,4ab95a142969a09e,[],5.0,esp_016730_1960,['train'],1.0,Counter({'train': 1}),train,e0601565561c83a6,True,hirise_clean,0,C:\Users\deves\OneDrive\Desktop\Projects\TCMD-SS\data\raw\hirise_v3_2\map-proj-v3_2\ESP_016730_1960_RED-0468.jpg
map-proj-v3_2/ESP_012333_0945_RED-0094.jpg,ok,,JPEG,227.0,227.0,L,1.0,1.0,normal,swiss cheese,train,esp_012333_0945_red-0094,[],0858e24c4a40569230b57e5d9735382cde310df2efdca444fbade6b51a7a637f,7060795e89b016286e919fbd69cf75e471ce99dfbbc35eb283c422bde66e04b2,f0e08cbf7200ccf7,117.84808554406256,16.135392346441105,ebf11b35236210df,[],6.0,esp_012333_0945,['train'],2.0,Counter({'train': 2}),train,a14ecf49257883f9,True,hirise_clean,0,C:\Users\deves\OneDrive\Desktop\Projects\TCMD-SS\data\raw\hirise_v3_2\map-proj-v3_2\ESP_012333_0945_RED-0094.jpg
map-proj-v3_2/PSP_003470_0930_RED-0110.jpg,ok,,JPEG,227.0,227.0,L,1.0,1.0,normal,spider,test,psp_003470_0930_red-0110,[],f2d533d16a2d51e202bfd075306f68c8caf75721dfe800ed8b3da4353c24afcf,6f350b14e9c8e82dc5906049df3fe34beea2a862e9084b899b57916d16dcfae2,8d756be511957264,45.22505773447961,16.347825314873877,3a4abcba3ead1a5d,[],7.0,psp_003470_0930,['test'],1.0,Counter({'test': 1}),train,1e3c8989fe6df1fa,True,hirise_clean,0,C:\Users\deves\OneDrive\Desktop\Projects\TCMD-SS\data\raw\hirise_v3_2\map-proj-v3_2\PSP_003470_0930_RED-0110.jpg
map-proj-v3_2/ESP_028196_1840_RED-0144.jpg,ok,,JPEG,227.0,227.0,L,1.0,1.0,normal,other,train,esp_028196_1840_red-0144,[],8ad32ffe0364847bdcfe6168353cfcb9c49129da06e47ca2672ad2a4eead3e4e,fe05a6da344d2e35b4c62d4998eb2290d80883078439d1cef10a6a89677d6967,a952e30e56fb4c31,160.59240427720312,15.236040751562353,6a701594746f55bf,[],0.0,esp_028196_1840,['train'],1.0,Counter({'train': 1}),train,27d4cddfac4d7248,True,hirise_clean,0,C:\Users\deves\OneDrive\Desktop\Projects\TCMD-SS\data\raw\hirise_v3_2\map-proj-v3_2\ESP_028196_1840_RED-0144.jpg
map-proj-v3_2/PSP_006615_1910_RED-0033.jpg,ok,,JPEG,227.0,227.0,L,1.0,1.0,normal,crater,val,psp_006615_1910_red-0033,[],219d68c51e7b8befee5815044ad7f40d830f503e508d1854d47db65d985c7d81,42e692774966794f5d29f365b84040ed79d1e4e2416a0cdb7c04f42c18531ffe,c3bc5ca253ac4cb3,137.38250305653128,24.14691028889105,cca1831146f43aa8,[],1.0,psp_006615_1910,['val'],1.0,Counter({'val': 1}),train,038fe7e62470ab5e,True,hirise_clean,0,C:\Users\deves\OneDrive\Desktop\Projects\TCMD-SS\data\raw\hirise_v3_2\map-proj-v3_2\PSP_006615_1910_RED-0033.jpg
map-proj-v3_2/PSP_002455_1320_RED-0084.jpg,ok,,JPEG,227.0,227.0,L,1.0,1.0,normal,dark dune,train,psp_002455_1320_red-0084,[],d75292f50675b70738c55ca69a819a78b526c26a33c182d43c8d78078180ff23,e91e1ac4a5f404512f9eee86977c1a0745523c55d97895b37b4401b069923128,c13e0e4493b06dfb,59.491005065108965,19.489933778626668,85167f0496d07ae8,[],2.0,psp_002455_1320,['train'],1.0,Counter({'train': 1}),train,acb759d8cdabc26b,True,hirise_clean,0,C:\Users\deves\OneDrive\Desktop\Projects\TCMD-SS\data\raw\hirise_v3_2\map-proj-v3_2\PSP_002455_1320_RED-0084.jpg
map-proj-v3_2/ESP_016715_2025_RED-0103.jpg,ok,,JPEG,227.0,227.0,L,1.0,1.0,normal,slope streak,train,esp_016715_2025_red-0103,[],3ea79546e4a3ff336c38418e036b2d2defcc7dcee1b28c618c5977a8dde6e886,2a8c5bbf1bf936dbb0fff6b20e155afa83c51d9089e6e794b8accaf54f849a5b,80f0df70c1c05f7e,194.41126356032527,78.88802709787764,bc048ae65235bb3a,[],3.0,esp_016715_2025,['train'],1.0,Counter({'train': 1}),train,69458dd6183b1830,True,hirise_clean,0,C:\Users\deves\OneDrive\Desktop\Projects\TCMD-SS\data\raw\hirise_v3_2\map-proj-v3_2\ESP_016715_2025_RED-0103.jpg
map-proj-v3_2/ESP_024646_2570_RED-0013.jpg,ok,,JPEG,227.0,227.0,L,1.0,1.0,normal,bright dune,train,esp_024646_2570_red-0013,[],39f4ee81e82476031bd2965f3275671f2ae998f9baa3b18964829aed7fa44f18,c497387a67d3877c973f7bd5d41c01edf112488ed2e7b3aa2fb311c8f24b8d1a,84f31ec17c8730de,153.75631197966194,51.69913030148379,7985ba26904bea08,['group_label_conflict'],4.0,esp_024646_2570,['train'],1.0,Counter({'train': 1}),train,fd0db7f1b6955a04,True,hirise_clean,0,C:\Users\deves\OneDrive\Desktop\Projects\TCMD-SS\data\raw\hirise_v3_2\map-proj-v3_2\ESP_024646_2570_RED-0013.jpg
map-proj-v3_2/ESP_013799_1755_RED-0028.jpg,ok,,JPEG,227.0,227.0,L,1.0,1.0,normal,impact ejecta,test,esp_013799_1755_red-0028,[],a2add87b07893183d0400b9fb47c3b83cc57c494a4cc6c487c3d6c50cbb28204,5cbc17f05833f1fafc2684eea870242ce8761e28f8b2b6c3c7a0b64b8bdbce12,b699d96472d88a72,105.22251547672184,30.892515372123423,4c9b30774aa0ee17,[],5.0,esp_013799_1755,['test'],1.0,Counter({'test': 1}),train,a883b80d6bcaf24e,True,hirise_clean,0,C:\Users\deves\OneDrive\Desktop\Projects\TCMD-SS\data\raw\hirise_v3_2\map-proj-v3_2\ESP_013799_1755_RED-0028.jpg
map-proj-v3_2/PSP_002804_0930_RED-0031.jpg,ok,,JPEG,227.0,227.0,L,1.0,1.0,normal,swiss cheese,val,psp_002804_0930_red-0031,[],b3cd5d05a15dfd26496cec53b80a27cb10bdaa9cdb0bcac6838cfd1192026775,7b78b21535503fd359827f75960685ed9c2c19598bf56a3ea0b0364be5920aea,83070f1f3efe9828,90.34223446991015,28.184811915634533,562f9952c6cb503b,[],6.0,psp_002804_0930,['val'],1.0,Counter({'val': 1}),train,fd0db7f1b6955a04,True,hirise_clean,0,C:\Users\deves\OneDrive\Desktop\Projects\TCMD-SS\data\raw\hirise_v3_2\map-proj-v3_2\PSP_002804_0930_RED-0031.jpg
map-proj-v3_2/ESP_013049_0950_RED-0125.jpg,ok,,JPEG,227.0,227.0,L,1.0,1.0,normal,spider,train,esp_013049_0950_red-0125,[],0737f14b934d4067b284fb32d09e386ef2c24d314aea53e1cd838812dc21b456,88f5c8f990b331f875904c5c7bc16d9f09c2951eba93bdbf73af6880ed695848,d49466da338d3b86,131.0633623784665,69.7621785361663,11e2595b30101ee8,[],7.0,esp_013049_0950,['train'],2.0,Counter({'train': 2}),train,fd0db7f1b6955a04,True,hirise_clean,0,C:\Users\deves\OneDrive\Desktop\Projects\TCMD-SS\data\raw\hirise_v3_2\map-proj-v3_2\ESP_013049_0950_RED-0125.jpg
map-proj-v3_2/PSP_010021_1835_RED-0056.jpg,ok,,JPEG,227.0,227.0,L,1.0,1.0,normal,crater,train,psp_010021_1835_red-0056,[],35735e617607b31c4d208c02ad4373c5e710f6f84edecda58b335813d85135e5,e0565467cd0baaf58304884075d383e844860b6b51cedc535af4a063d4b59818,a64959bb13a66e4c,133.65042985503308,17.72243476273833,b7b0addbaf7a4166,[],1.0,psp_010021_1835,['train'],1.0,Counter({'train': 1}),train,982712ee1802927d,True,hirise_clean,0,C:\Users\deves\OneDrive\Desktop\Projects\TCMD-SS\data\raw\hirise_v3_2\map-proj-v3_2\PSP_010021_1835_RED-0056.jpg
map-proj-v3_2/ESP_018720_2655_RED-0071.jpg,ok,,JPEG,227.0,227.0,L,1.0,1.0,normal,dark dune,test,esp_018720_2655_red-0071,[],894a8e9a8add47f12d0484ff3ebb75ad215f5fc9ddcd396883d617509bae0835,8087639344f4b00d0ea2ff5028124ec0b7ee74fb655a16d8d7a424d80e60bb92,e27a369af2f4d180,47.184575675833024,16.079460201160753,7cf48428bd9e64ee,[],2.0,esp_018720_2655,['test'],1.0,Counter({'test': 1}),train,7e7b4f2085af6bfe,True,hirise_clean,0,C:\Users\deves\OneDrive\Desktop\Projects\TCMD-SS\data\raw\hirise_v3_2\map-proj-v3_2\ESP_018720_2655_RED-0071.jpg
map-proj-v3_2/ESP_014156_1865_RED-0058.jpg,ok,,JPEG,227.0,227.0,L,1.0,1.0,normal,slope streak,val,esp_014156_1865_red-0058,[],38b3b6240778e364422e92f1f3f19eebf2782a51219d4e223e01c13ded42f01f,7db6a5f813083f5c2abfb2d2b7c9f72633da19105e94a50a3d83392b18654074,ff00e603e833b15d,38.60476624813212,20.90118394202897,5de588ecf12142bf,[],3.0,esp_014156_1865,['val'],1.0,Counter({'val': 1}),train,6d308dda406f0940,True,hirise_clean,0,C:\Users\deves\OneDrive\Desktop\Projects\TCMD-SS\data\raw\hirise_v3_2\map-proj-v3_2\ESP_014156_1865_RED-0058.jpg
map-proj-v3_2/ESP_016758_2570_RED-0032.jpg,ok,,JPEG,227.0,227.0,L,1.0,1.0,normal,bright dune,train,esp_016758_2570_red-0032,[],e62c6523de2f0d7dab4bdae07123fb6cb3d31c700a99e72e370fed880d24e6db,e1a5146e9d30fef4cd6cbbff97b42d4ccd8ef99218c2cc48c7eaf030d56a5564,f18fcc33233cc638,180.3701993052456,15.234631824633569,3eccb55cc08b4649,[],4.0,esp_016758_2570,['train'],1.0,Counter({'train': 1}),train,742528a36b580605,True,hirise_clean,0,C:\Users\deves\OneDrive\Desktop\Projects\TCMD-SS\data\raw\hirise_v3_2\map-proj-v3_2\ESP_016758_2570_RED-0032.jpg
map-proj-v3_2/ESP_022893_1860_RED-0370.jpg,ok,,JPEG,227.0,227.0,L,1.0,1.0,normal,impact ejecta,val,esp_022893_1860_red-0370,[],60b4011b6b45df4412de2fa0c08d17863f0860f1775ec24371e88451cc3ddd20,3dbfdc9f028d9e81359fc02d7066ea14bcfd283ef5c0eab91f74d20d49acb13b,f3a4d937ca91324c,162.5874944206175,20.54708940614212,2cde43d5c4901e97,[],5.0,esp_022893_1860,['val'],2.0,Counter({'val': 2}),train,d40b5cb43cc91269,True,hirise_clean,0,C:\Users\deves\OneDrive\Desktop\Projects\TCMD-SS\data\raw\hirise_v3_2\map-proj-v3_2\ESP_022893_1860_RED-0370.jpg
map-proj-v3_2/ESP_014380_0945_RED-0013.jpg,ok,,JPEG,227.0,227.0,L,1.0,1.0,normal,swiss cheese,train,esp_014380_0945_red-0013,[],ab93824eac768dd463e0266a63f83fe2a7d777797e3963b739d5c30d28daf4e9,a681fb2f1149c97a36c7bc2e3553ce024c7af58ef9c33052a4a7541881741a9f,d5f487f803d816f0,120.79793902462691,15.211596083900972,6db695530a388d84,[],6.0,esp_014380_0945,['train'],1.0,Counter({'train': 1}),train,641f51677894182c,True,hirise_clean,0,C:\Users\deves\OneDrive\Desktop\Projects\TCMD-SS\data\raw\hirise_v3_2\map-proj-v3_2\ESP_014380_0945_RED-0013.jpg
map-proj-v3_2/PSP_003470_0930_RED-0007.jpg,ok,,JPEG,227.0,227.0,L,1.0,1.0,normal,spider,test,psp_003470_0930_red-0007,[],5e8ea8bf414ccdfddb8448173fc48f0cb13d07b86f66203dc47babf9cde8aea7,ebd31629c32534b21f7afbbf331d7fd5431c3f4995ea9671b3d2d88b10a91eb0,9d4964d6c915c8dd,33.27332181878166,14.64701634215591,f507cfe92c5716c0,[],7.0,psp_003470_0930,['test'],1.0,Counter({'test': 1}),train,1e3c8989fe6df1fa,True,hirise_clean,0,C:\Users\deves\OneDrive\Desktop\Projects\TCMD-SS\data\raw\hirise_v3_2\map-proj-v3_2\PSP_003470_0930_RED-0007.jpg
map-proj-v3_2/ESP_034557_1510_RED-0346.jpg,ok,,JPEG,227.0,227.0,L,1.0,1.0,normal,other,val,esp_034557_1510_red-0346,[],b6efff9554529c925dce7f856b2f70599d3e4fd9c992977f49021e03e33bf1cf,1b9c57336b29a0b705f461fb6bde3eec6928d50ba34e2f935b58bbd28c3a20a0,c2a54bbbf2946a94,114.9041704671156,16.302038621895303,40d91c828e7a100a,[],0.0,esp_034557_1510,['val'],1.0,Counter({'val': 1}),train,a507b3899c76af06,True,hirise_clean,0,C:\Users\deves\OneDrive\Desktop\Projects\TCMD-SS\data\raw\hirise_v3_2\map-proj-v3_2\ESP_034557_1510_RED-0346.jpg
map-proj-v3_2/ESP_019697_2020_RED-0017.jpg,ok,,JPEG,227.0,227.0,L,1.0,1.0,normal,crater,train,esp_019697_2020_red-0017,[],e3c81c35147e30874ab3cbc36a6e39dfdb26adb4c3efe7c0bd5fb31c61a9955a,f217bf2bd864e32d2d2923e60e9bb6001c946bf6fafac5ccbfc7730aaf67443c,d1ac84be13b3be84,90.09833297754662,17.40822950106285,c8b433eefbb1e3b5,[],1.0,esp_019697_2020,['train'],2.0,Counter({'train': 2}),train,8dc310e95be70b1f,True,hirise_clean,0,C:\Users\deves\OneDrive\Desktop\Projects\TCMD-SS\data\raw\hirise_v3_2\map-proj-v3_2\ESP_019697_2020_RED-0017.jpg
map-proj-v3_2/ESP_018720_2655_RED-0081.jpg,ok,,JPEG,227.0,227.0,L,1.0,1.0,normal,dark dune,test,esp_018720_2655_red-0081,[],6245a2421c70a8f01a614a98186fbb203be12199cabc725bbfa16ecdad1a3e82,4a280b97e0ed2311d3b339734f38575b5b519d492454849cce35ae8b9de1f14b,fa4ba36c5b8430d3,38.864988647169554,13.359540341340107,be2092a3735da713,[],2.0,esp_018720_2655,['test'],1.0,Counter({'test': 1}),train,7e7b4f2085af6bfe,True,hirise_clean,0,C:\Users\deves\OneDrive\Desktop\Projects\TCMD-SS\data\raw\hirise_v3_2\map-proj-v3_2\ESP_018720_2655_RED-0081.jpg
map-proj-v3_2/ESP_011289_1950_RED-0102.jpg,ok,,JPEG,227.0,227.0,L,1.0,1.0,normal,slope streak,test,esp_011289_1950_red-0102,[],8844090b33e9b461ea9d915f98202f9c05a6ff949f39d2bee85e539046bbe355,858026bd8d3745d265c76c69ea04e968bb0e402f4b5da26f2b9993625a1efe4b,c762b159a6562e17,186.5905994682606,31.467033831249783,c0025de926e6e6e6,[],3.0,esp_011289_1950,['test'],1.0,Counter({'test': 1}),train,99c2c4faf44c06e8,True,hirise_clean,0,C:\Users\deves\OneDrive\Desktop\Projects\TCMD-SS\data\raw\hirise_v3_2\map-proj-v3_2\ESP_011289_1950_RED-0102.jpg
map-proj-v3_2/ESP_024646_2570_RED-0029.jpg,ok,,JPEG,227.0,227.0,L,1.0,1.0,normal,bright dune,train,esp_024646_2570_red-0029,[],cde96619631e9f979d57b2104e95df67ffced95dd143d0565b9107bdac94d1eb,451df0deb67530b8c7e86a8fd75a7223ae951b0527416231738fd95f530f6b89,c54e6ea47652aa33,124.49170370082868,63.00714516322657,779137ccb70b0ab1,[],4.0,esp_024646_2570,['train'],1.0,Counter({'train': 1}),train,fd0db7f1b6955a04,True,hirise_clean,0,C:\Users\deves\OneDrive\Desktop\Projects\TCMD-SS\data\raw\hirise_v3_2\map-proj-v3_2\ESP_024646_2570_RED-0029.jpg
map-proj-v3_2/ESP_016773_2010_RED-0069.jpg,ok,,JPEG,227.0,227.0,L,1.0,1.0,normal,impact ejecta,train,esp_016773_2010_red-0069,[],66deb1753984a0d37c412955cf51c25acec61f43e9e5e96840d6b4b86f90d4cc,9cb56be7f140b224c321bb0c52465e425bab998c75bb1e3d7edde072b1ecfeee,d5c5363678c9523c,106.83448155407636,37.79679494288178,3adb074eedc70315,[],5.0,esp_016773_2010,['train'],1.0,Counter({'train': 1}),train,5d8aa8a5bf819576,True,hirise_clean,0,C:\Users\deves\OneDrive\Desktop\Projects\TCMD-SS\data\raw\hirise_v3_2\map-proj-v3_2\ESP_016773_2010_RED-0069.jpg
map-proj-v3_2/ESP_012810_0925_RED-0087.jpg,ok,,JPEG,227.0,227.0,L,1.0,1.0,normal,swiss cheese,train,esp_012810_0925_red-0087,[],227f6b499e9dae0517fd31492f17a4fc6e89ec8c9883a69cfc4a8a48f62d7706,3c75b5f3dba50b847a60c4c6f1f7e570fe7b18740c9276e33974c1e8a94a6d96,93807e973c86719e,123.26348269906266,15.7542338367135,6fd0e2ed3fd80fa9,[],6.0,esp_012810_0925,['train'],1.0,Counter({'train': 1}),train,dd45fe812d8c375d,True,hirise_clean,0,C:\Users\deves\OneDrive\Desktop\Projects\TCMD-SS\data\raw\hirise_v3_2\map-proj-v3_2\ESP_012810_0925_RED-0087.jpg
map-proj-v3_2/ESP_013049_0950_RED-0158.jpg,ok,,JPEG,227.0,227.0,L,1.0,1.0,normal,spider,train,esp_013049_0950_red-0158,[],9e7e733485b81cf3ea78462bcf86b773337e5278648da54854361f33ddf72f41,7217bd8dfff907899aa7d5861c76fb11d1e5e202e2d3b41b2563ff3f3b800026,d5aa55a9552b55a8,162.63474936443555,22.64382342682784,526f586279fc390f,['group_label_conflict'],7.0,esp_013049_0950,['train'],2.0,Counter({'train': 2}),train,fd0db7f1b6955a04,True,hirise_clean,0,C:\Users\deves\OneDrive\Desktop\Projects\TCMD-SS\data\raw\hirise_v3_2\map-proj-v3_2\ESP_013049_0950_RED-0158.jpg
map-proj-v3_2/ESP_016568_1710_RED-0061.jpg,ok,,JPEG,227.0,227.0,L,1.0,1.0,normal,other,val,esp_016568_1710_red-0061,[],e92181cf405d6d8ec142efd36da9682ef18253ac2634e404374deed4568c669a,8f796135b6d0b839ebf7b83e453dada93122d06c75c64456fa9a8917e6669ac0,e5f83064f182dd63,157.09313202274447,19.11857835754954,0bea71bc9cf55949,[],0.0,esp_016568_1710,['val'],1.0,Counter({'val': 1}),train,757b0c7c8b6bbbee,True,hirise_clean,0,C:\Users\deves\OneDrive\Desktop\Projects\TCMD-SS\data\raw\hirise_v3_2\map-proj-v3_2\ESP_016568_1710_RED-0061.jpg
map-proj-v3_2/PSP_003703_2035_RED-0108.jpg,ok,,JPEG,227.0,227.0,L,1.0,1.0,normal,crater,train,psp_003703_2035_red-0108,[],327824703910f9ac594a3b75c3a13c2db6e828581cb5a8fdebd68b59ce61e91a,0171ff6b18e10c348481de8c1ef10c21a3c04cb418562b80032f58af91d83947,98dc477398cc6791,126.69097013332298,17.48603433195337,e3a523f8090ecfd9,[],1.0,psp_003703_2035,['train'],1.0,Counter({'train': 1}),train,77e968939bd59ef1,True,hirise_clean,0,C:\Users\deves\OneDrive\Desktop\Projects\TCMD-SS\data\raw\hirise_v3_2\map-proj-v3_2\PSP_003703_2035_RED-0108.jpg
map-proj-v3_2/ESP_018815_2570_RED-0012.jpg,ok,,JPEG,227.0,227.0,L,1.0,1.0,normal,dark dune,test,esp_018815_2570_red-0012,[],1a808655f2a3d36ac0820b28a7ed45052602ac46ec779c54d40f5758c88572e4,3798a19e10a555025907b3a65ceddd88cfbfba54d1fad66dd1ff5b699558c112,87021b3b3df9f260,139.2772031283355,51.03044614602906,2a723b9e306ea74c,[],2.0,esp_018815_2570,['test'],1.0,Counter({'test': 1}),train,79c257808b0fd852,True,hirise_clean,0,C:\Users\deves\OneDrive\Desktop\Projects\TCMD-SS\data\raw\hirise_v3_2\map-proj-v3_2\ESP_018815_2570_RED-0012.jpg
map-proj-v3_2/ESP_016607_2080_RED-0261.jpg,ok,,JPEG,227.0,227.0,L,1.0,1.0,normal,slope streak,val,esp_016607_2080_red-0261,[],2a9be9ccdd9ac01d539bc15ba8ca76862170c37a5c85301d12087dba9431be04,7c5d0d05b23dfdfcb369dba6cadf3529e832c606858246503e1584c6ab2d2b0f,da6937092cc78973,127.47594558404006,78.67549417584866,8d287000100ae073,[],3.0,esp_016607_2080,['val'],1.0,Counter({'val': 1}),train,a94c9b1b3775c694,True,hirise_clean,0,C:\Users\deves\OneDrive\Desktop\Projects\TCMD-SS\data\raw\hirise_v3_2\map-proj-v3_2\ESP_016607_2080_RED-0261.jpg
map-proj-v3_2/ESP_016758_2570_RED-0036.jpg,ok,,JPEG,227.0,227.0,L,1.0,1.0,normal,bright dune,train,esp_016758_2570_red-0036,[],2baba630017ad6fbd7acb900236c781c9e91df1afb504dcf869531bbf51c1b3e,444d4ab5e84ba4123e32a2efcc3ed2134f7f754ba29ba1017e414158f4ed42ec,8432173e75e1e547,148.82766985580935,64.26311101656084,22c15c83621f12f4,[],4.0,esp_016758_2570,['train'],1.0,Counter({'train': 1}),train,742528a36b580605,True,hirise_clean,0,C:\Users\deves\OneDrive\Desktop\Projects\TCMD-SS\data\raw\hirise_v3_2\map-proj-v3_2\ESP_016758_2570_RED-0036.jpg
map-proj-v3_2/ESP_034590_1795_RED-0140.jpg,ok,,JPEG,227.0,227.0,L,1.0,1.0,normal,impact ejecta,train,esp_034590_1795_red-0140,[],fb0fb31c09d86a8c0b6aa2a286598926ba1de13d8dce1656c1325ae1433f6767,2b52e2b9e81b153a5edd24153a16040c3c94cab6c008c0a298cdf930431de5c9,a2f3d076440c9edb,87.35088979021522,13.634481906266885,7806b51d329a5a22,[],5.0,esp_034590_1795,['train'],2.0,Counter({'train': 2}),train,c55dd6c553dead7b,True,hirise_clean,0,C:\Users\deves\OneDrive\Desktop\Projects\TCMD-SS\data\raw\hirise_v3_2\map-proj-v3_2\ESP_034590_1795_RED-0140.jpg
map-proj-v3_2/ESP_013049_0950_RED-0165.jpg,ok,,JPEG,227.0,227.0,L,1.0,1.0,normal,spider,train,esp_013049_0950_red-0165,[],febfc1ae9481ad2f80aeb3ce4fd060af9a2bc9892b4e1de72088b7f12b434d01,d75c5aaa54045070f824030a34275e59deb06cbb781d9610ed63c3fccdfd5a30,d5ae4b952996259a,153.58722272894877,49.346034814593615,c9a02579d6798f22,[],7.0,esp_013049_0950,['train'],2.0,Counter({'train': 2}),train,fd0db7f1b6955a04,True,hirise_clean,0,C:\Users\deves\OneDrive\Desktop\Projects\TCMD-SS\data\raw\hirise_v3_2\map-proj-v3_2\ESP_013049_0950_RED-0165.jpg
map-proj-v3_2/ESP_027199_1975_RED-0143.jpg,ok,,JPEG,227.0,227.0,L,1.0,1.0,normal,other,test,esp_027199_1975_red-0143,[],b84a2c76f8e51695e20c2c802c9d5e998f550ecef04d8dba0e728ba7198fbbb8,2e414dda8153f9d2b9ede96f42eec9e7ddb7b8027a336b15be3270f4d3377121,b42109c773dc8b7a,128.62541481495856,19.10606955959684,be2f49852eab62d5,[],0.0,esp_027199_1975,['test'],1.0,Counter({'test': 1}),train,5be88415003875de,True,hirise_clean,0,C:\Users\deves\OneDrive\Desktop\Projects\TCMD-SS\data\raw\hirise_v3_2\map-proj-v3_2\ESP_027199_1975_RED-0143.jpg
map-proj-v3_2/ESP_018731_1770_RED-0052.jpg,ok,,JPEG,227.0,227.0,L,1.0,1.0,normal,crater,train,esp_018731_1770_red-0052,[],7ae24dc944d8477ca082efa3498fa266c2a752fa82078c5796b17593d44f907d,015549996a5622cdaa44a8690d6a2eb4446dadbad93a929d329829911c54c0e4,ca913167ce2c99b3,118.2704496497118,26.47578229150937,937d93be9e035ec4,[],1.0,esp_018731_1770,['train'],1.0,Counter({'train': 1}),train,b1ee345e2d208590,True,hirise_clean,0,C:\Users\deves\OneDrive\Desktop\Projects\TCMD-SS\data\raw\hirise_v3_2\map-proj-v3_2\ESP_018731_1770_RED-0052.jpg
map-proj-v3_2/PSP_002455_1320_RED-0064.jpg,ok,,JPEG,227.0,227.0,L,1.0,1.0,normal,dark dune,train,psp_002455_1320_red-0064,[],a5aaf81e88be61991ab28a4b6545dcb971bb17b8abb7c26a834a32bf4ebf765e,60ab6a0da77ca236f96645fed59ae2666235b13ad20605db210c8f4974a19507,90e97b30936733a3,78.99043257194978,31.106042959218705,b2ecaa22fe8da255,[],2.0,psp_002455_1320,['train'],1.0,Counter({'train': 1}),train,acb759d8cdabc26b,True,hirise_clean,0,C:\Users\deves\OneDrive\Desktop\Projects\TCMD-SS\data\raw\hirise_v3_2\map-proj-v3_2\PSP_002455_1320_RED-0064.jpg
map-proj-v3_2/ESP_011289_1950_RED-0235.jpg,ok,,JPEG,227.0,227.0,L,1.0,1.0,normal,slope streak,test,esp_011289_1950_red-0235,[],343a95be0d1563a41dfe209af1071f041cfd90ed1ad078ccf12df299386746ff,d6c0ca78911b8a59516f9f602411a2127262e1727f07a4a855c546f9017c19d1,95352a092c7a7f6a,185.96566981699627,70.3171709944794,f505fafe2d987276,[],3.0,esp_011289_1950,['test'],1.0,Counter({'test': 1}),train,99c2c4faf44c06e8,True,hirise_clean,0,C:\Users\deves\OneDrive\Desktop\Projects\TCMD-SS\data\raw\hirise_v3_2\map-proj-v3_2\ESP_011289_1950_RED-0235.jpg
map-proj-v3_2/ESP_024646_2570_RED-0018.jpg,ok,,JPEG,227.0,227.0,L,1.0,1.0,normal,bright dune,train,esp_024646_2570_red-0018,[],52a7ba38ed0ce029ec95542148f58772ef9965156de290dc003b63a9348a4835,b47f8731e78be2f7192fa746d5fded061cf0712a15bca91e5b22ab4b452e02df,bfe19c8ce4333360,173.65891051640824,14.36783517032204,9cce3e3e12eedc94,[],4.0,esp_024646_2570,['train'],1.0,Counter({'train': 1}),train,fd0db7f1b6955a04,True,hirise_clean,0,C:\Users\deves\OneDrive\Desktop\Projects\TCMD-SS\data\raw\hirise_v3_2\map-proj-v3_2\ESP_024646_2570_RED-0018.jpg
map-proj-v3_2/ESP_017770_1990_RED-0391.jpg,ok,,JPEG,227.0,227.0,L,1.0,1.0,normal,impact ejecta,train,esp_017770_1990_red-0391,[],b47a9a7908a89b9335af7ffc192bcecc09a68031c2ad09b7f337e2117a434460,752f1936b511d7ce8319200c84fa94161b05d7a332d5754772fe5606b735c7ad,80ff1fd292d3252c,127.80750645267712,31.286772121969232,e8c86ebdab1ca039,[],5.0,esp_017770_1990,['train'],1.0,Counter({'train': 1}),train,f345152edef783a2,True,hirise_clean,0,C:\Users\deves\OneDrive\Desktop\Projects\TCMD-SS\data\raw\hirise_v3_2\map-proj-v3_2\ESP_017770_1990_RED-0391.jpg
map-proj-v3_2/ESP_012558_0950_RED-0058.jpg,ok,,JPEG,227.0,227.0,L,1.0,1.0,normal,swiss cheese,val,esp_012558_0950_red-0058,[],867da0b2db83349936f3f1db7fd85c80a06060ae29076c7bc8e62858c912e9ff,bf9ece5d9daf34b71599a0463ba39c6902cf6f788a921ebc22e271ee677291fb,e46630f2b30d07bb,126.6540782860137,14.213632286194263,694d1d23c71f46e2,[],6.0,esp_012558_0950,['val'],2.0,Counter({'val': 2}),train,fd0db7f1b6955a04,True,hirise_clean,0,C:\Users\deves\OneDrive\Desktop\Projects\TCMD-SS\data\raw\hirise_v3_2\map-proj-v3_2\ESP_012558_0950_RED-0058.jpg
map-proj-v3_2/PSP_003470_0930_RED-0057.jpg,ok,,JPEG,227.0,227.0,L,1.0,1.0,normal,spider,test,psp_003470_0930_red-0057,[],cb02beafd0e425a25d3859bb1c38989e41a206f99eb24863868d11ec2eaeb092,8a15f2e9645d8b0881a7f71aeaf4f06808b7221a437029a8df95bbfd88a60761,8fb431869e787266,24.16239399173281,18.39259704702832,1834bcd90fcbaa30,[],7.0,psp_003470_0930,['test'],1.0,Counter({'test': 1}),train,1e3c8989fe6df1fa,True,hirise_clean,0,C:\Users\deves\OneDrive\Desktop\Projects\TCMD-SS\data\raw\hirise_v3_2\map-proj-v3_2\PSP_003470_0930_RED-0057.jpg
map-proj-v3_2/PSP_008965_1510_RED-0912.jpg,ok,,JPEG,227.0,227.0,L,1.0,1.0,normal,other,test,psp_008965_1510_red-0912,[],000805f9084da699d0fe30293c00ddb13baf49d04ce6862f86defb88af450c72,7008564b28888835a95f7c5e34a212b409bb5577f4a32ab2f3fddcf601ead26e,c3e54a97cb842976,91.60049680762287,19.496696415865056,d7ef4b87f39d7883,[],0.0,psp_008965_1510,['test'],1.0,Counter({'test': 1}),train,8ec1c87e1acb9e4e,True,hirise_clean,0,C:\Users\deves\OneDrive\Desktop\Projects\TCMD-SS\data\raw\hirise_v3_2\map-proj-v3_2\PSP_008965_1510_RED-0912.jpg
map-proj-v3_2/ESP_018720_2655_RED-0140.jpg,ok,,JPEG,227.0,227.0,L,1.0,1.0,normal,dark dune,test,esp_018720_2655_red-0140,[],95aa84d2c78119d1eab543df9eea74a785e63176c35832d921ecd908121fd100,d83890af599d8adaf4cd6ac838061a1545c027ea93c1fe267dd46a5944868fb2,cf34b71b0e635922,33.08220613635041,20.71639558580081,b640af691e54e53a,[],2.0,esp_018720_2655,['test'],1.0,Counter({'test': 1}),train,7e7b4f2085af6bfe,True,hirise_clean,0,C:\Users\deves\OneDrive\Desktop\Projects\TCMD-SS\data\raw\hirise_v3_2\map-proj-v3_2\ESP_018720_2655_RED-0140.jpg
map-proj-v3_2/ESP_018416_2060_RED-0078.jpg,ok,,JPEG,227.0,227.0,L,1.0,1.0,normal,slope streak,val,esp_018416_2060_red-0078,[],dd57a6f97f9026786ddc6888e519f90355be5f341816b7072acdc7b451749738,5cab9d5061ec26c049d3f336a246627132eaa0fe7c5c7a9ea888d7f0843c4f4a,f1db5c3563904476,200.95231811213105,14.351800803213727,c4ef7a5b66930a23,[],3.0,esp_018416_2060,['val'],1.0,Counter({'val': 1}),train,deb5bd200e2850f3,True,hirise_clean,0,C:\Users\deves\OneDrive\Desktop\Projects\TCMD-SS\data\raw\hirise_v3_2\map-proj-v3_2\ESP_018416_2060_RED-0078.jpg
map-proj-v3_2/ESP_016758_2570_RED-0037.jpg,ok,,JPEG,227.0,227.0,L,1.0,1.0,normal,bright dune,train,esp_016758_2570_red-0037,[],b42f80a1b8654ed0bad1719b0651e76ca2d43a2bd4239f5130d6bf95f89b05f1,b01c13510d56585988ac6b7ac1d5643c46b2024701bdf2ef94f176968c075d58,b365ccc6d23133cc,185.52737293562848,19.68848472475572,08cd32728edac0d4,[],4.0,esp_016758_2570,['train'],1.0,Counter({'train': 1}),train,742528a36b580605,True,hirise_clean,0,C:\Users\deves\OneDrive\Desktop\Projects\TCMD-SS\data\raw\hirise_v3_2\map-proj-v3_2\ESP_016758_2570_RED-0037.jpg
map-proj-v3_2/ESP_030993_1960_RED-0062.jpg,ok,,JPEG,227.0,227.0,L,1.0,1.0,normal,impact ejecta,train,esp_030993_1960_red-0062,[],f78d0cab6bf351ad8d17017b5a2beb3ca25f1808a5cbd0aabf5a9686f2378197,130c26526aad7567a01cd22a0b40447723b1f9e748bfc48a7f1ae37d7b3b2c09,9a7666c84e99d934,99.32791243765648,22.941919340277423,4e0aed6bd8e5ea3a,[],5.0,esp_030993_1960,['train'],2.0,Counter({'train': 2}),train,5ad20aede505a5be,True,hirise_clean,0,C:\Users\deves\OneDrive\Desktop\Projects\TCMD-SS\data\raw\hirise_v3_2\map-proj-v3_2\ESP_030993_1960_RED-0062.jpg
map-proj-v3_2/ESP_012810_0925_RED-0134.jpg,ok,,JPEG,227.0,227.0,L,1.0,1.0,normal,swiss cheese,train,esp_012810_0925_red-0134,[],687c0050cd38b5aa48b4de5df2657d38126283d6c440d2650d5b031d4d26f8cb,82f6962e9a70f704e856189062886909ff25d293de380ac2d245c40caca45558,a684f2590c7abb4b,123.69112538570512,15.530589405245692,3d31e2cc7c57a85c,[],6.0,esp_012810_0925,['train'],1.0,Counter({'train': 1}),train,dd45fe812d8c375d,True,hirise_clean,0,C:\Users\deves\OneDrive\Desktop\Projects\TCMD-SS\data\raw\hirise_v3_2\map-proj-v3_2\ESP_012810_0925_RED-0134.jpg
map-proj-v3_2/PSP_003470_0930_RED-0080.jpg,ok,,JPEG,227.0,227.0,L,1.0,1.0,normal,spider,test,psp_003470_0930_red-0080,[],21f894530db8104e52b451c696f0d37d00ea6e270f1bd3c549bb230550280b73,fc3c042975079c53758974b8131726a4e5d22c536705822fe2803c3f20d75e2c,86d97926d65c24e3,21.29761881658872,12.868312483047708,6c851f4a80095b8f,[],7.0,psp_003470_0930,['test'],1.0,Counter({'test': 1}),train,1e3c8989fe6df1fa,True,hirise_clean,0,C:\Users\deves\OneDrive\Desktop\Projects\TCMD-SS\data\raw\hirise_v3_2\map-proj-v3_2\PSP_003470_0930_RED-0080.jpg
map-proj-v3_2/ESP_025050_1680_RED-0037.jpg,ok,,JPEG,227.0,227.0,L,1.0,1.0,normal,other,train,esp_025050_1680_red-0037,[],fdffea9226ce03438095afb82f5b617e66b091bfc17bcc2f07ddbd3500d1d75c,4b917cefd6f672754ddf0e49a6e9f9d5c911ca19d12f44a9d3b8d19d757e8d51,b12ecab978736246,169.7870907644239,15.159690100363935,b239c7a43c39c72c,[],0.0,esp_025050_1680,['train'],1.0,Counter({'train': 1}),train,77e968939bd59ef1,True,hirise_clean,0,C:\Users\deves\OneDrive\Desktop\Projects\TCMD-SS\data\raw\hirise_v3_2\map-proj-v3_2\ESP_025050_1680_RED-0037.jpg
map-proj-v3_2/ESP_013799_1755_RED-0051.jpg,ok,,JPEG,227.0,227.0,L,1.0,1.0,normal,crater,test,esp_013799_1755_red-0051,[],4cbdb078c70e50bd60f5c1dfa4636382b20592f2e9acb0f2930efd3f25bb8744,d7b3cb2529e577adf8dfb74d21662d444c3363357e4463558693b5f486505538,eb7c8c2273c9cc32,174.43717130159715,20.838504217236384,22fcbd1102406698,[],1.0,esp_013799_1755,['test'],1.0,Counter({'test': 1}),train,a883b80d6bcaf24e,True,hirise_clean,0,C:\Users\deves\OneDrive\Desktop\Projects\TCMD-SS\data\raw\hirise_v3_2\map-proj-v3_2\ESP_013799_1755_RED-0051.jpg
map-proj-v3_2/ESP_014429_1940_RED-0069.jpg,ok,,JPEG,227.0,227.0,L,1.0,1.0,normal,dark dune,train,esp_014429_1940_red-0069,[],3c1cb868c10e9228c10ae7d8c990a85bb567759c6a27ab6c9ddefebd77879310,95926c8c71608c83d023859096095b26edfb089aad0cf3823b1dc65fc140ea74,d45eb696159242eb,65.08525296435018,15.04254575672638,7ffe187bf2cddfe6,[],2.0,esp_014429_1940,['train'],1.0,Counter({'train': 1}),train,6105a7ec37f5123b,True,hirise_clean,0,C:\Users\deves\OneDrive\Desktop\Projects\TCMD-SS\data\raw\hirise_v3_2\map-proj-v3_2\ESP_014429_1940_RED-0069.jpg
map-proj-v3_2/ESP_016624_1925_RED-0018.jpg,ok,,JPEG,227.0,227.0,L,1.0,1.0,normal,slope streak,train,esp_016624_1925_red-0018,[],6e27a67fdaf910e78760eb6594771662e3cf1460c8eb2a265b4e70bd20ddd884,35785b2139ba9d23da5049e77dfb2a652e7b39e933f873070e28bbd7378c38e7,83fcdf00ee027e13,180.21054163674825,13.2979774970154,10490249224750b2,[],3.0,esp_016624_1925,['train'],1.0,Counter({'train': 1}),train,77ef49a520fc7afb,True,hirise_clean,0,C:\Users\deves\OneDrive\Desktop\Projects\TCMD-SS\data\raw\hirise_v3_2\map-proj-v3_2\ESP_016624_1925_RED-0018.jpg
map-proj-v3_2/ESP_018192_1985_RED-0385.jpg,ok,,JPEG,227.0,227.0,L,1.0,1.0,normal,impact ejecta,test,esp_018192_1985_red-0385,[],132d524af95c77ddc7a291c1724a616348ebe0b5eb1b355884f3521b3fc11724,95083564ac8b241cfe68fc5fa27dd5a3232010bffe6d08d5bc26082374b0b832,9515141f153b333f,125.32841700789848,29.842140384998658,5b5920246db8ca67,[],5.0,esp_018192_1985,['test'],1.0,Counter({'test': 1}),train,eee3231c74babe52,True,hirise_clean,0,C:\Users\deves\OneDrive\Desktop\Projects\TCMD-SS\data\raw\hirise_v3_2\map-proj-v3_2\ESP_018192_1985_RED-0385.jpg
map-proj-v3_2/ESP_012215_0935_RED-0151.jpg,ok,,JPEG,227.0,227.0,L,1.0,1.0,normal,swiss cheese,train,esp_012215_0935_red-0151,[],b2ec28f2db7adddb3cfd1b6d1abe7ea25b30a06460a723df9ae8fd36c4ebb5ec,bcf771c1090c7d994befa9949cc5461e8b908fe6d5d5c2ae4b8bacf4887477f7,c54e6e273652b331,83.27174988841234,43.39617228009375,5949d46f7078256d,[],6.0,esp_012215_0935,['train'],2.0,Counter({'train': 2}),train,fd0db7f1b6955a04,True,hirise_clean,0,C:\Users\deves\OneDrive\Desktop\Projects\TCMD-SS\data\raw\hirise_v3_2\map-proj-v3_2\ESP_012215_0935_RED-0151.jpg
map-proj-v3_2/ESP_016095_2655_RED-0054.jpg,ok,,JPEG,227.0,227.0,L,1.0,1.0,normal,spider,val,esp_016095_2655_red-0054,[],62991dfaa19ef6b8cd269c6a0f139918e879fb529fb1800523a10ca208798d3e,f6488bf4ad455e03fe5546a69eb2a974e2b7dba1dd3a582ae31e622dacd06fd3,a42477f1614dccec,132.72413592346058,76.80682239129169,9690591aacff044a,[],7.0,esp_016095_2655,['val'],2.0,Counter({'val': 2}),train,5aac0f217c85986f,True,hirise_clean,0,C:\Users\deves\OneDrive\Desktop\Projects\TCMD-SS\data\raw\hirise_v3_2\map-proj-v3_2\ESP_016095_2655_RED-0054.jpg
map-proj-v3_2/ESP_014429_1940_RED-0154.jpg,ok,,JPEG,227.0,227.0,L,1.0,1.0,normal,other,train,esp_014429_1940_red-0154,[],1650262a793e437176624a50752fd0aa1ed91a8b08a6a3688c71ad125372162b,b247ae84d089c768feaab9b34f3e7873da17731c28a1015468d9ac6249480418,f3cdb271c9338891,139.33984746453453,15.137282213086964,b134f873586dbaa9,[],0.0,esp_014429_1940,['train'],1.0,Counter({'train': 1}),train,6105a7ec37f5123b,True,hirise_clean,0,C:\Users\deves\OneDrive\Desktop\Projects\TCMD-SS\data\raw\hirise_v3_2\map-proj-v3_2\ESP_014429_1940_RED-0154.jpg
map-proj-v3_2/ESP_034557_1510_RED-0300.jpg,ok,,JPEG,227.0,227.0,L,1.0,1.0,normal,crater,val,esp_034557_1510_red-0300,[],6d4c59e03e845b8dc20ec9449d95a3d09804e98a9c7f3077fa88fcad980a829a,3c07f752d6fbc9d517db940a9faf1c36affa66964797f6f55877d6635427317a,d24bb66c193366cc,92.88117370800909,53.43596671618225,0b99ad9f0ceacea5,[],1.0,esp_034557_1510,['val'],1.0,Counter({'val': 1}),train,a507b3899c76af06,True,hirise_clean,0,C:\Users\deves\OneDrive\Desktop\Projects\TCMD-SS\data\raw\hirise_v3_2\map-proj-v3_2\ESP_034557_1510_RED-0300.jpg
map-proj-v3_2/ESP_018815_2570_RED-0009.jpg,ok,,JPEG,227.0,227.0,L,1.0,1.0,normal,dark dune,test,esp_018815_2570_red-0009,[],9d85751414c5cdf5b930b7a71f9005e2398837e4bfaaa57ebb3e7c970c5e1aed,d73f6cdbbf1e2e2978966339135a1a09c83a64f95fc696da39bab4a7be90a8ff,9056cba1385e547f,170.63601079004056,19.588223013432422,897e74500113a8ba,[],2.0,esp_018815_2570,['test'],1.0,Counter({'test': 1}),train,79c257808b0fd852,True,hirise_clean,0,C:\Users\deves\OneDrive\Desktop\Projects\TCMD-SS\data\raw\hirise_v3_2\map-proj-v3_2\ESP_018815_2570_RED-0009.jpg
map-proj-v3_2/ESP_018840_1865_RED-0058.jpg,ok,,JPEG,227.0,227.0,L,1.0,1.0,normal,slope streak,train,esp_018840_1865_red-0058,[],306581efbac75445cc8f0d20fe66abc8f537ddd76028f911017b9aceb65b844b,d304ce19cd37d944546b3b9911aa18cdd1b4d2045409370300cfb3fa4261fdc3,f7821e6df5104e46,141.39923150070834,16.74585746255505,21040395095ae5a7,[],3.0,esp_018840_1865,['train'],1.0,Counter({'train': 1}),train,568a551da03a5d8b,True,hirise_clean,0,C:\Users\deves\OneDrive\Desktop\Projects\TCMD-SS\data\raw\hirise_v3_2\map-proj-v3_2\ESP_018840_1865_RED-0058.jpg
map-proj-v3_2/ESP_012810_0925_RED-0084.jpg,ok,,JPEG,227.0,227.0,L,1.0,1.0,normal,swiss cheese,train,esp_012810_0925_red-0084,[],644fc482452ee0affe0ec8fb5a681261115f91cf3be1bf15a36feedaefbd7312,6df6cfae21f2327a9f0c3dc4b944b672725e32d39a1d8280709a1ed86f068968,81ae16c27f40fe35,126.9008325408993,22.27950355123454,3b4db6cee515993d,[],6.0,esp_012810_0925,['train'],1.0,Counter({'train': 1}),train,dd45fe812d8c375d,True,hirise_clean,0,C:\Users\deves\OneDrive\Desktop\Projects\TCMD-SS\data\raw\hirise_v3_2\map-proj-v3_2\ESP_012810_0925_RED-0084.jpg
map-proj-v3_2/ESP_011422_0930_RED-0201.jpg,ok,,JPEG,227.0,227.0,L,1.0,1.0,normal,spider,train,esp_011422_0930_red-0201,[],35aff81da487d4a4d593a0dc459e8c49de74d714c08c3424a03d278e05486ac9,e2bf24cb0b36437ef5494b54d0cdeea316f448481db273c3ad60b8ff9a278597,d2b58db431fcc262,105.49672999670088,56.31227885023213,a13ffaabf7697b2e,[],7.0,esp_011422_0930,['train'],2.0,Counter({'train': 2}),train,60b094db7acfdf6c,True,hirise_clean,0,C:\Users\deves\OneDrive\Desktop\Projects\TCMD-SS\data\raw\hirise_v3_2\map-proj-v3_2\ESP_011422_0930_RED-0201.jpg
map-proj-v3_2/ESP_016572_1875_RED-0053.jpg,ok,,JPEG,227.0,227.0,L,1.0,1.0,normal,crater,train,esp_016572_1875_red-0053,[],c690e881b5e4189e920195119a8ba6dab63a2cc754f9d9fbd82721655056251c,c59b8c8a660bc4a2d30d87d50660aa297c3f70edb77c73cdb653cdfed986a114,f7091ab16166ecd8,184.3515884259349,18.62099335783317,f71627618920e819,[],1.0,esp_016572_1875,['train'],1.0,Counter({'train': 1}),train,c0ff2104a7ae8de6,True,hirise_clean,0,C:\Users\deves\OneDrive\Desktop\Projects\TCMD-SS\data\raw\hirise_v3_2\map-proj-v3_2\ESP_016572_1875_RED-0053.jpg
map-proj-v3_2/ESP_018720_2655_RED-0043.jpg,ok,,JPEG,227.0,227.0,L,1.0,1.0,normal,dark dune,test,esp_018720_2655_red-0043,[],c02ba176063b173179bfae28757dd174edf336621c0e06f68f11a80c33041034,f6394a2a6673f40eaad95e695c1de72bee51af4c45999573b92f7c998c83f5df,cf7a82c89911b7aa,52.00147489763046,16.300619020156606,8400ee4873fa413b,[],2.0,esp_018720_2655,['test'],1.0,Counter({'test': 1}),train,7e7b4f2085af6bfe,True,hirise_clean,0,C:\Users\deves\OneDrive\Desktop\Projects\TCMD-SS\data\raw\hirise_v3_2\map-proj-v3_2\ESP_018720_2655_RED-0043.jpg
map-proj-v3_2/ESP_014156_1865_RED-0112.jpg,ok,,JPEG,227.0,227.0,L,1.0,1.0,normal,slope streak,val,esp_014156_1865_red-0112,[],d933343024dc418c1c22995958ff049d334a9ee81006d94495bc4e305ea93f5d,35fa89e3a7686ead57a1f2564144c75ee4a7d593c196403ab9e8cca3ffbeb889,82fa2fa0bf120de5,92.92906906790353,19.02520094561528,fbbe03f887b7b95e,[],3.0,esp_014156_1865,['val'],1.0,Counter({'val': 1}),train,6d308dda406f0940,True,hirise_clean,0,C:\Users\deves\OneDrive\Desktop\Projects\TCMD-SS\data\raw\hirise_v3_2\map-proj-v3_2\ESP_014156_1865_RED-0112.jpg
map-proj-v3_2/PSP_005728_0935_RED-0007.jpg,ok,,JPEG,227.0,227.0,L,1.0,1.0,normal,swiss cheese,train,psp_005728_0935_red-0007,[],10843c0765df6eccb3105cc4e8b2ad16ba2f6e9c70ad67ef2b0fda5710695642,e6e07c7bdceee400b46e512e3bab64632ccaa8817cbde374e4a74f0e0f647e29,e6bb7101e83b187a,160.81674396941528,17.943704412373826,ef2275c7502d5a87,[],6.0,psp_005728_0935,['train'],1.0,Counter({'train': 1}),train,f4d20cb4c69763d4,True,hirise_clean,0,C:\Users\deves\OneDrive\Desktop\Projects\TCMD-SS\data\raw\hirise_v3_2\map-proj-v3_2\PSP_005728_0935_RED-0007.jpg
map-proj-v3_2/PSP_003470_0930_RED-0051.jpg,ok,,JPEG,227.0,227.0,L,1.0,1.0,normal,spider,test,psp_003470_0930_red-0051,[],0800e5d64638beff56165f528ea98be4b2eb16125aa0c43896c74f207cfcfc6f,f0171391a40f52d38c2210a549c2dc789eda527e2df61b61a24a616acd08689e,94e4b14c9a2f4b6e,29.8415067243688,15.321216417850664,1d33b25553e8f4a8,[],7.0,psp_003470_0930,['test'],1.0,Counter({'test': 1}),train,1e3c8989fe6df1fa,True,hirise_clean,0,C:\Users\deves\OneDrive\Desktop\Projects\TCMD-SS\data\raw\hirise_v3_2\map-proj-v3_2\PSP_003470_0930_RED-0051.jpg
map-proj-v3_2/ESP_016517_2655_RED-0020.jpg,ok,,JPEG,227.0,227.0,L,1.0,1.0,normal,dark dune,train,esp_016517_2655_red-0020,[],5d50a9852a06dc410753182494c7659bc1da35f8cc749984eea96e0d3d989c8b,abdb9c7ff1f86cdc5b11b10d7bae14a340e4dca6f2c72bbc4e675fa7c11363c1,a488e13d8fec07f1,134.14731510411613,14.370340299944592,3af21aa9b000ffd2,[],2.0,esp_016517_2655,['train'],2.0,Counter({'train': 2}),train,fd0db7f1b6955a04,True,hirise_clean,0,C:\Users\deves\OneDrive\Desktop\Projects\TCMD-SS\data\raw\hirise_v3_2\map-proj-v3_2\ESP_016517_2655_RED-0020.jpg
map-proj-v3_2/ESP_018416_2060_RED-0250.jpg,ok,,JPEG,227.0,227.0,L,1.0,1.0,normal,slope streak,val,esp_018416_2060_red-0250,[],1919882060505223b97e57a3b1f82509a45cf5bef8fd64d67c0822115c8cf8c1,d81762540e4a4e3285e84164217ef6d3ca558d384652265acd86ea7a3aadbf80,90996fdaf9239826,175.01665081798598,18.22276486645702,ecafe9c790aee8a0,[],3.0,esp_018416_2060,['val'],1.0,Counter({'val': 1}),train,deb5bd200e2850f3,True,hirise_clean,0,C:\Users\deves\OneDrive\Desktop\Projects\TCMD-SS\data\raw\hirise_v3_2\map-proj-v3_2\ESP_018416_2060_RED-0250.jpg
map-proj-v3_2/ESP_012298_0930_RED-0541.jpg,ok,,JPEG,227.0,227.0,L,1.0,1.0,normal,swiss cheese,train,esp_012298_0930_red-0541,[],7f6de03e97c85cf20d4d6ea2d6ee1bbf42165e949338fb31fa9fdace0dd006de,c0f057648cb5475cc75bb4313582cb3a13853cef429dc3f998e8e0714127541c,813ff003f724ef84,69.64156106270255,44.22021376757231,8926b2653d9a7dd5,[],6.0,esp_012298_0930,['train'],2.0,Counter({'train': 2}),train,fd0db7f1b6955a04,True,hirise_clean,0,C:\Users\deves\OneDrive\Desktop\Projects\TCMD-SS\data\raw\hirise_v3_2\map-proj-v3_2\ESP_012298_0930_RED-0541.jpg
map-proj-v3_2/ESP_013049_0950_RED-0102.jpg,ok,,JPEG,227.0,227.0,L,1.0,1.0,normal,spider,train,esp_013049_0950_red-0102,[],de63e4932d0f2efdd3e9ba42a4276199b2ce30bbcdcbaa27f0a1a459bc45dc14,1b3ba112313dd9e983eae270107765d48783ae62d7e24fb41c2c43cbe9527b53,bd8f1c2316caeac2,173.2419608375866,20.864362195315834,d815cac9a53ad653,[],7.0,esp_013049_0950,['train'],2.0,Counter({'train': 2}),train,fd0db7f1b6955a04,True,hirise_clean,0,C:\Users\deves\OneDrive\Desktop\Projects\TCMD-SS\data\raw\hirise_v3_2\map-proj-v3_2\ESP_013049_0950_RED-0102.jpg
map-proj-v3_2/ESP_012677_1395_RED-0039.jpg,ok,,JPEG,227.0,227.0,L,1.0,1.0,normal,other,train,esp_012677_1395_red-0039,[],92539846b1f1d7ff701ad6316398ba90f9392fc9a1e1442306287231e75a2e6c,6829b5ec1ab33e44e1a1d79b55fde1cdf7d303c0528fcbd1f5a014ec451c4acf,b7b2d590449e1b56,119.69842224766636,18.840353135769977,205a23fa018d46c0,[],0.0,esp_012677_1395,['train'],1.0,Counter({'train': 1}),train,8e0dc6214efba32a,True,hirise_clean,0,C:\Users\deves\OneDrive\Desktop\Projects\TCMD-SS\data\raw\hirise_v3_2\map-proj-v3_2\ESP_012677_1395_RED-0039.jpg
map-proj-v3_2/ESP_014429_1940_RED-0028.jpg,ok,,JPEG,227.0,227.0,L,1.0,1.0,normal,dark dune,train,esp_014429_1940_red-0028,[],2c387637d54d0ecd3c7622a5389fb30b034b8143a924d68a3096a55c7fd6e1c5,c8a21778d5593c557b4ceaf8cfe93ea483781fac4d4abb0ec2daaddaee1531f3,f2c24b9134ce3a76,35.829979234993885,21.36618621764585,3decd97cd3f8cff6,[],2.0,esp_014429_1940,['train'],1.0,Counter({'train': 1}),train,6105a7ec37f5123b,True,hirise_clean,0,C:\Users\deves\OneDrive\Desktop\Projects\TCMD-SS\data\raw\hirise_v3_2\map-proj-v3_2\ESP_014429_1940_RED-0028.jpg
map-proj-v3_2/ESP_018416_2060_RED-0083.jpg,ok,,JPEG,227.0,227.0,L,1.0,1.0,normal,slope streak,val,esp_018416_2060_red-0083,[],b401734ac87b5efe7256326b9fb6b6ca06a03e9155e4545cef48d60cd8ed3f5e,47ca22bccabb47fdad8821cb90af4b6dd93b2bc48f4e70d9ff756d2167e09a26,a53daa82c8d2cf66,194.4870849424596,16.132504835259923,461dc94ecd932ac7,[],3.0,esp_018416_2060,['val'],1.0,Counter({'val': 1}),train,deb5bd200e2850f3,True,hirise_clean,0,C:\Users\deves\OneDrive\Desktop\Projects\TCMD-SS\data\raw\hirise_v3_2\map-proj-v3_2\ESP_018416_2060_RED-0083.jpg
map-proj-v3_2/ESP_011767_0950_RED-0050.jpg,ok,,JPEG,227.0,227.0,L,1.0,1.0,normal,swiss cheese,val,esp_011767_0950_red-0050,[],77a013c30ceed592bbdb00f64c000292737cdb89ef9517aa884234c3a8d222eb,f3c5e7cc20f6e296dc3feedcfcb8b50adaa174e7a63d2570dc22e9f649ac53a2,8d1b7861437f24f2,58.79772555260145,35.70632409450519,56c07eb351a0e2cd,[],6.0,esp_011767_0950,['val'],2.0,Counter({'val': 2}),train,e4fa33ce0e847199,True,hirise_clean,0,C:\Users\deves\OneDrive\Desktop\Projects\TCMD-SS\data\raw\hirise_v3_2\map-proj-v3_2\ESP_011767_0950_RED-0050.jpg
map-proj-v3_2/ESP_013049_0950_RED-0015.jpg,ok,,JPEG,227.0,227.0,L,1.0,1.0,normal,spider,train,esp_013049_0950_red-0015,[],9bffa20bf9b322fe9c61372ad10649b29646ccfa5dd228afc2c1559bc4aa6ba6,6913d01ad626a474a3b5e574ebb13172ec792d86dbecefff773b5473ec8be189,8f9f2d13940d9b64,178.69980011255797,20.679166382981663,d65cbb16d3f17e36,[],7.0,esp_013049_0950,['train'],2.0,Counter({'train': 2}),train,fd0db7f1b6955a04,True,hirise_clean,0,C:\Users\deves\OneDrive\Desktop\Projects\TCMD-SS\data\raw\hirise_v3_2\map-proj-v3_2\ESP_013049_0950_RED-0015.jpg
map-proj-v3_2/PSP_008965_1510_RED-0654.jpg,ok,,JPEG,227.0,227.0,L,1.0,1.0,normal,crater,test,psp_008965_1510_red-0654,[],4a2b4f6c68780c2d81ddd3130b9276284f18577eeaff2434e48c9eb8d23833e6,039b05919eedbf261f81fb7ebd2c685d358f74ddecadfde4349f088283796d4e,a953c68c3972c6cd,117.21376312367794,18.61794008820524,73623999f1fd6439,[],1.0,psp_008965_1510,['test'],1.0,Counter({'test': 1}),train,8ec1c87e1acb9e4e,True,hirise_clean,0,C:\Users\deves\OneDrive\Desktop\Projects\TCMD-SS\data\raw\hirise_v3_2\map-proj-v3_2\PSP_008965_1510_RED-0654.jpg
map-proj-v3_2/ESP_018720_2655_RED-0160.jpg,ok,,JPEG,227.0,227.0,L,1.0,1.0,normal,dark dune,test,esp_018720_2655_red-0160,[],6e5a56a713c913e4fcb6b54454aa1ef51a207ac471e116baa78e3fe811570529,129aa4b1b82bd977db45dc9c6a3b031b2965ed52a1adcfdd516283a4428ad51d,991e636c545253db,19.423625531254245,18.810124765518985,a79c5a6d18d0b66b,[],2.0,esp_018720_2655,['test'],1.0,Counter({'test': 1}),train,7e7b4f2085af6bfe,True,hirise_clean,0,C:\Users\deves\OneDrive\Desktop\Projects\TCMD-SS\data\raw\hirise_v3_2\map-proj-v3_2\ESP_018720_2655_RED-0160.jpg
map-proj-v3_2/ESP_011289_1950_RED-0176.jpg,ok,,JPEG,227.0,227.0,L,1.0,1.0,normal,slope streak,test,esp_011289_1950_red-0176,[],6643803ffba766f115ac863cd0ba2abcdc860b7012064f4b81329e78508a411f,1c601fdbad0a2bc4cc670b8b3e317b56fbd7f4533ab61f9d0eba4aaedc144891,cc6633e1738d3631,109.27227386520212,98.7509802405143,0156f32c1a5200b0,[],3.0,esp_011289_1950,['test'],1.0,Counter({'test': 1}),train,99c2c4faf44c06e8,True,hirise_clean,0,C:\Users\deves\OneDrive\Desktop\Projects\TCMD-SS\data\raw\hirise_v3_2\map-proj-v3_2\ESP_011289_1950_RED-0176.jpg
map-proj-v3_2/ESP_011661_0930_RED-0131.jpg,ok,,JPEG,227.0,227.0,L,1.0,1.0,normal,swiss cheese,val,esp_011661_0930_red-0131,[],e3114a232a73dbb613196f83106a0b13ae30f43c1fcbe64f145e5095b9ec169c,0f6760ce03de8b0624d3cfb0587613fd52263e83393c3351cbdda970ddcd7d4a,8c4d76a492d6b2ab,71.86749209183178,13.766270472457563,d024354675a6ba02,[],6.0,esp_011661_0930,['val'],2.0,Counter({'val': 2}),train,d32aad3ef9d09cb3,True,hirise_clean,0,C:\Users\deves\OneDrive\Desktop\Projects\TCMD-SS\data\raw\hirise_v3_2\map-proj-v3_2\ESP_011661_0930_RED-0131.jpg
map-proj-v3_2/ESP_011341_0980_RED-0058.jpg,ok,,JPEG,227.0,227.0,L,1.0,1.0,normal,spider,val,esp_011341_0980_red-0058,[],e8aff4791f9327c6d085ec69f071ee1cc8a70541be2126a36e7675d8206dbf1f,4151e3e665a4ed8ce5207a13ab892bcd4220d269023cbd7a6dd9e63593b74127,ebcb2a6a4b48686b,195.1440548040909,16.862552097528127,aac8ab4ecb90d3e9,[],7.0,esp_011341_0980,['val'],2.0,Counter({'val': 2}),train,dfcfaa177f950c1d,True,hirise_clean,0,C:\Users\deves\OneDrive\Desktop\Projects\TCMD-SS\data\raw\hirise_v3_2\map-proj-v3_2\ESP_011341_0980_RED-0058.jpg
map-proj-v3_2/ESP_026334_1755_RED-0003.jpg,ok,,JPEG,227.0,227.0,L,1.0,1.0,normal,other,train,esp_026334_1755_red-0003,[],109f38aaca2d6eeeea02488b741a88f3445ec6814c0cd944aca4caf73940c0de,1cd50679bd960aa585732de18e630e07bb7be9745f4cb1a2b48ea0acb823382e,e2a363d70b60972e,84.82475887364397,50.603749837492266,ff8cf19c0d258df7,[],0.0,esp_026334_1755,['train'],1.0,Counter({'train': 1}),train,7df8ad68f93a40fe,True,hirise_clean,0,C:\Users\deves\OneDrive\Desktop\Projects\TCMD-SS\data\raw\hirise_v3_2\map-proj-v3_2\ESP_026334_1755_RED-0003.jpg
map-proj-v3_2/ESP_016095_2655_RED-0013.jpg,ok,,JPEG,227.0,227.0,L,1.0,1.0,normal,dark dune,val,esp_016095_2655_red-0013,[],376355fd301e32c9706db4b3a2b08f64570f0d290cc9ac84b1d61b73902813c6,d9fc5357670dd538963a3f103b62d3cb096a3747d8759c1ce647e4e7256889e6,afa465fcc2b88632,131.92448912262998,17.566785749221356,f380b67ccdb6d8a6,[],2.0,esp_016095_2655,['val'],2.0,Counter({'val': 2}),train,5aac0f217c85986f,True,hirise_clean,0,C:\Users\deves\OneDrive\Desktop\Projects\TCMD-SS\data\raw\hirise_v3_2\map-proj-v3_2\ESP_016095_2655_RED-0013.jpg
map-proj-v3_2/ESP_016715_2025_RED-0082.jpg,ok,,JPEG,227.0,227.0,L,1.0,1.0,normal,slope streak,train,esp_016715_2025_red-0082,[],7c62889b78bfab74ac7250828b3aae62179e7cb0b2eaae5959519ebd74ec83aa,719aee3f843ee6071d1986baca954ffed849d8d1adc237c9c483b3b264f987a5,bf6c05b054b95b34,133.67319373556637,42.51963542300209,0561a537d5dcc9dd,[],3.0,esp_016715_2025,['train'],1.0,Counter({'train': 1}),train,69458dd6183b1830,True,hirise_clean,0,C:\Users\deves\OneDrive\Desktop\Projects\TCMD-SS\data\raw\hirise_v3_2\map-proj-v3_2\ESP_016715_2025_RED-0082.jpg
map-proj-v3_2/ESP_012637_0935_RED-0346.jpg,ok,,JPEG,227.0,227.0,L,1.0,1.0,normal,swiss cheese,train,esp_012637_0935_red-0346,[],d81696eea552e260a0c607ca258d9c2d5454443bd4cdfcbe44dba82e457b6576,82e3d5d2b0e96460b232bf420721ca24d560099506a97d7eae0f9975f109efab,e0e44f1e6358ec72,120.0059189970696,14.980763665179513,8933bdb13061a1f2,[],6.0,esp_012637_0935,['train'],2.0,Counter({'train': 2}),train,fd0db7f1b6955a04,True,hirise_clean,0,C:\Users\deves\OneDrive\Desktop\Projects\TCMD-SS\data\raw\hirise_v3_2\map-proj-v3_2\ESP_012637_0935_RED-0346.jpg
map-proj-v3_2/PSP_003470_0930_RED-0033.jpg,ok,,JPEG,227.0,227.0,L,1.0,1.0,normal,spider,test,psp_003470_0930_red-0033,[],5322b3d4d64865f7da4e0bdd83549da6418d3b9f08cb52760cce19b319aeb763,991150503f744631e6d2257ef4ef81cbe21b1a64c3c36d35fb7d78a82397b59e,de10238f8f7125cd,32.4486793844243,14.44603253546394,de454a83a891c099,[],7.0,psp_003470_0930,['test'],1.0,Counter({'test': 1}),train,1e3c8989fe6df1fa,True,hirise_clean,0,C:\Users\deves\OneDrive\Desktop\Projects\TCMD-SS\data\raw\hirise_v3_2\map-proj-v3_2\PSP_003470_0930_RED-0033.jpg
map-proj-v3_2/ESP_025151_1570_RED-0297.jpg,ok,,JPEG,227.0,227.0,L,1.0,1.0,normal,other,train,esp_025151_1570_red-0297,[],71ac92db9a07c915fbd425632305f66112dc6bdbed26cd71545a398563f43d8f,1d94ac6f938ea65e84153c89362d180ab74fd3a8199ac5cf1581f5da75dd1eb4,c4bf77c027489366,103.58481631702536,16.657233841005947,17807e97d84a8e18,[],0.0,esp_025151_1570,['train'],1.0,Counter({'train': 1}),train,24206087cc341bd3,True,hirise_clean,0,C:\Users\deves\OneDrive\Desktop\Projects\TCMD-SS\data\raw\hirise_v3_2\map-proj-v3_2\ESP_025151_1570_RED-0297.jpg
map-proj-v3_2/ESP_016802_2190_RED-0097.jpg,ok,,JPEG,227.0,227.0,L,1.0,1.0,normal,crater,train,esp_016802_2190_red-0097,[],7090582674d01eb12abbe518ac7ba4e318416b85cc3fe28a9428b6a39317227a,cfb8e1e37119ca479ec361c06530073777d9163446f74c1505bdc2ae06001713,89af665a990ea6b1,132.31954821556792,15.00057268863644,fc735efb0e413932,[],1.0,esp_016802_2190,['train'],1.0,Counter({'train': 1}),train,d54859b428dd5c33,True,hirise_clean,0,C:\Users\deves\OneDrive\Desktop\Projects\TCMD-SS\data\raw\hirise_v3_2\map-proj-v3_2\ESP_016802_2190_RED-0097.jpg
map-proj-v3_2/ESP_014429_1940_RED-0081.jpg,ok,,JPEG,227.0,227.0,L,1.0,1.0,normal,dark dune,train,esp_014429_1940_red-0081,[],a7038d2b90e7fe03df0d699a3b5361823c69cd84c343d1f7ed985e668b5cf645,32b7bf473e648ba80b3c5dfb0d737239906636c891e781b284b75f8e6fca7c0b,d249199c25c3cecf,24.14572376719905,16.36053172710963,2357dbe6936cfbe2,[],2.0,esp_014429_1940,['train'],1.0,Counter({'train': 1}),train,6105a7ec37f5123b,True,hirise_clean,0,C:\Users\deves\OneDrive\Desktop\Projects\TCMD-SS\data\raw\hirise_v3_2\map-proj-v3_2\ESP_014429_1940_RED-0081.jpg
map-proj-v3_2/ESP_016715_2025_RED-0140.jpg,ok,,JPEG,227.0,227.0,L,1.0,1.0,normal,slope streak,train,esp_016715_2025_red-0140,[],2e080beb90615e22483e6cea216de26a2f2a8ed7fdbeab98bd5f3e43863585f4,ddece2c038d40889bb750cbea820da54ab1b37e6e666d9a8dd765db93747a50e,e6ca18f0866fd923,87.73605154379088,20.23491404325524,92590d88717fd7af,[],3.0,esp_016715_2025,['train'],1.0,Counter({'train': 1}),train,69458dd6183b1830,True,hirise_clean,0,C:\Users\deves\OneDrive\Desktop\Projects\TCMD-SS\data\raw\hirise_v3_2\map-proj-v3_2\ESP_016715_2025_RED-0140.jpg
map-proj-v3_2/ESP_013049_0950_RED-0007.jpg,ok,,JPEG,227.0,227.0,L,1.0,1.0,normal,spider,train,esp_013049_0950_red-0007,[],32fdec1808e352569bcbb6f504e038637fb7425e64840c30d1b94a0f73531027,f27c5ccee059b12137aef6f611230ba00ad4d07032ce9d5d3bb44a6e53931fad,86cb759b0f934896,126.15119641366998,82.48756579106269,2dd5b97f126c820c,[],7.0,esp_013049_0950,['train'],2.0,Counter({'train': 2}),train,fd0db7f1b6955a04,True,hirise_clean,0,C:\Users\deves\OneDrive\Desktop\Projects\TCMD-SS\data\raw\hirise_v3_2\map-proj-v3_2\ESP_013049_0950_RED-0007.jpg
map-proj-v3_2/ESP_017541_1600_RED-0344.jpg,ok,,JPEG,227.0,227.0,L,1.0,1.0,normal,other,train,esp_017541_1600_red-0344,[],79dbba596ece3c574401c32140507297391e03d1736cf1d0cc736609fdf7a6cb,3edccf97cbc5110c3164df90d3b6e648e4337da639b8a240a1158aaebd9bb26e,c6339987cecc8d98,112.99173281065032,17.93230908225886,6f9acdfbb23dfaae,[],0.0,esp_017541_1600,['train'],1.0,Counter({'train': 1}),train,fb7e46b898b3b78e,True,hirise_clean,0,C:\Users\deves\OneDrive\Desktop\Projects\TCMD-SS\data\raw\hirise_v3_2\map-proj-v3_2\ESP_017541_1600_RED-0344.jpg
map-proj-v3_2/PSP_008965_1510_RED-0890.jpg,ok,,JPEG,227.0,227.0,L,1.0,1.0,normal,crater,test,psp_008965_1510_red-0890,[],1353b6e083cb11a83c7a57c3cd28bb18903adb46aaf6f247d806407b5d85ec91,a457ed88045f62cf5f97a72d7c1ed0756fab05919f5f6ac152213e8ae8b55fbd,bb7ce41831e6ccc8,93.9256729220439,19.563085215664177,343922f7480856b2,[],1.0,psp_008965_1510,['test'],1.0,Counter({'test': 1}),train,8ec1c87e1acb9e4e,True,hirise_clean,0,C:\Users\deves\OneDrive\Desktop\Projects\TCMD-SS\data\raw\hirise_v3_2\map-proj-v3_2\PSP_008965_1510_RED-0890.jpg
map-proj-v3_2/ESP_018321_2565_RED-0034.jpg,ok,,JPEG,227.0,227.0,L,1.0,1.0,normal,dark dune,train,esp_018321_2565_red-0034,[],730fc7f630854c013d8ccb40d105bc074a5de08e27d48b712912ed2dd20ca6ef,2c4fd88776e61bbb1b0ac438f1637aa41e027a2b807f75a835f1ff540a922f71,d74a69f9831ee01c,47.0106541947253,25.526172812891843,3d77a14e27d1865c,[],2.0,esp_018321_2565,['train'],1.0,Counter({'train': 1}),train,a981f117e9b1dfe1,True,hirise_clean,0,C:\Users\deves\OneDrive\Desktop\Projects\TCMD-SS\data\raw\hirise_v3_2\map-proj-v3_2\ESP_018321_2565_RED-0034.jpg
map-proj-v3_2/ESP_014156_1865_RED-0023.jpg,ok,,JPEG,227.0,227.0,L,1.0,1.0,normal,slope streak,val,esp_014156_1865_red-0023,[],b2c056d0ca7c3560064393ab6f73321bc131d46f4781ee883a1c7005cc25e3f8,a0e91aaf78272d3761dc179552f2f9f143d5c3686c1ea597346800fd48cf3178,a8afb7f333190c06,35.21896407848008,14.641461031962244,2db219dcddbef4db,[],3.0,esp_014156_1865,['val'],1.0,Counter({'val': 1}),train,6d308dda406f0940,True,hirise_clean,0,C:\Users\deves\OneDrive\Desktop\Projects\TCMD-SS\data\raw\hirise_v3_2\map-proj-v3_2\ESP_014156_1865_RED-0023.jpg
map-proj-v3_2/ESP_011697_0980_RED-0032.jpg,ok,,JPEG,227.0,227.0,L,1.0,1.0,normal,spider,train,esp_011697_0980_red-0032,[],98e0925f56f978ae3285052a346dbf8aff73c712c652e7b951d6dd7ad287ecd0,2db635e7eba7177c7a30e3ab4c4dc04b980d2bbee183c7128c2306c3a648d9a9,a5a0fb2a37935709,175.42766209319024,17.229829330986174,aa96f239e83d47d1,[],7.0,esp_011697_0980,['train'],2.0,Counter({'train': 2}),train,7d1f613ed8988950,True,hirise_clean,0,C:\Users\deves\OneDrive\Desktop\Projects\TCMD-SS\data\raw\hirise_v3_2\map-proj-v3_2\ESP_011697_0980_RED-0032.jpg
map-proj-v3_2/PSP_010021_1835_RED-0027.jpg,ok,,JPEG,227.0,227.0,L,1.0,1.0,normal,other,train,psp_010021_1835_red-0027,[],370dd1a4e36bce7664f3bb14a5bff9c39e6fb56914db1e6e9242eb089efea0e9,85cd9ffdacc9668ffd2f801dd06aa4cafe054978552f55528699b2bca0b893dc,b21b363862cf9d32,145.41764831454134,21.475100312865266,53f0cfd7fb280b1d,[],0.0,psp_010021_1835,['train'],1.0,Counter({'train': 1}),train,982712ee1802927d,True,hirise_clean,0,C:\Users\deves\OneDrive\Desktop\Projects\TCMD-SS\data\raw\hirise_v3_2\map-proj-v3_2\PSP_010021_1835_RED-0027.jpg
map-proj-v3_2/ESP_029793_2005_RED-0104.jpg,ok,,JPEG,227.0,227.0,L,1.0,1.0,normal,crater,train,esp_029793_2005_red-0104,[],4f91ee625b903a355fd852ec601c50f95aae5d4d85dfc0b0832b4f25702bb057,d9cb3142ee1f041f134c48a42d7053460343df9fbf957b2c09551246cbb62a3d,93e92c33338dcd64,80.16745910070058,19.135554809992826,e942e33e5a6fab27,[],1.0,esp_029793_2005,['train'],2.0,Counter({'train': 2}),train,9ff1586d1582faa2,True,hirise_clean,0,C:\Users\deves\OneDrive\Desktop\Projects\TCMD-SS\data\raw\hirise_v3_2\map-proj-v3_2\ESP_029793_2005_RED-0104.jpg
map-proj-v3_2/PSP_002455_1320_RED-0074.jpg,ok,,JPEG,227.0,227.0,L,1.0,1.0,normal,dark dune,train,psp_002455_1320_red-0074,[],eec285aeb6bbcb207d67bfdffddef4526570ea86e65e38a7ab019fc2f3b513a8,8e94a8b2f5e4e1a17db7d66f8f5b449ed6e7d1284b4a7ba0f003287b9c7cf14d,dae1cf9eba128432,56.77040113334239,23.244137044882848,7e29ea087618df9b,[],2.0,psp_002455_1320,['train'],1.0,Counter({'train': 1}),train,acb759d8cdabc26b,True,hirise_clean,0,C:\Users\deves\OneDrive\Desktop\Projects\TCMD-SS\data\raw\hirise_v3_2\map-proj-v3_2\PSP_002455_1320_RED-0074.jpg
map-proj-v3_2/ESP_016715_2025_RED-0233.jpg,ok,,JPEG,227.0,227.0,L,1.0,1.0,normal,slope streak,train,esp_016715_2025_red-0233,[],c2d55b6504bc23e2232e3092aed7229e49d842df61882a9d89a9a8af6f08889c,cbccc1c3fe658fc68126219126e7e5827862dc5fe3639040bbd7663332f683e2,a425993dc66b994d,82.10576568534223,16.660259216702144,e6c35f500e95489e,[],3.0,esp_016715_2025,['train'],1.0,Counter({'train': 1}),train,69458dd6183b1830,True,hirise_clean,0,C:\Users\deves\OneDrive\Desktop\Projects\TCMD-SS\data\raw\hirise_v3_2\map-proj-v3_2\ESP_016715_2025_RED-0233.jpg
map-proj-v3_2/ESP_012637_0935_RED-0176.jpg,ok,,JPEG,227.0,227.0,L,1.0,1.0,normal,swiss cheese,train,esp_012637_0935_red-0176,[],62030590044dea94429f963b8a57d160528c563be3f19a8333028208603c00ab,a9ced1e75076f3cce020776d3695ec04d4e68f29ef969ac3d2bd12fe4664d25f,bc32aeb05d8e4c66,118.75937821420948,18.43933599579037,f2c47c2674b7f5b3,[],6.0,esp_012637_0935,['train'],2.0,Counter({'train': 2}),train,fd0db7f1b6955a04,True,hirise_clean,0,C:\Users\deves\OneDrive\Desktop\Projects\TCMD-SS\data\raw\hirise_v3_2\map-proj-v3_2\ESP_012637_0935_RED-0176.jpg
map-proj-v3_2/PSP_003470_0930_RED-0113.jpg,ok,,JPEG,227.0,227.0,L,1.0,1.0,normal,spider,test,psp_003470_0930_red-0113,[],7ba3d981406eacdefb34e9ac7c8bfeb1c6d1c3aa402f709f43c42a604763dece,e93a2050d8b32bf25173ba3428bbc697bc958f982b1549e9010379aacd69d5a6,dcb56cc8064d595e,43.74526965398125,28.863789918882823,3ce8f693c3f88495,[],7.0,psp_003470_0930,['test'],1.0,Counter({'test': 1}),train,1e3c8989fe6df1fa,True,hirise_clean,0,C:\Users\deves\OneDrive\Desktop\Projects\TCMD-SS\data\raw\hirise_v3_2\map-proj-v3_2\PSP_003470_0930_RED-0113.jpg
map-proj-v3_2/ESP_017770_1990_RED-0223.jpg,ok,,JPEG,227.0,227.0,L,1.0,1.0,normal,other,train,esp_017770_1990_red-0223,[],f2153f0f638e2f5dd8e838d986592e02dcd20474c4f58ccb50e40fec1a89fa80,c7b7c2191731e851ad5cb9eb049f3d4be2e6a1f670b457a9b76d4d02a15b3920,d5554ad4614bde94,128.05532806769003,35.30223955718251,adc9827fc565aae6,[],0.0,esp_017770_1990,['train'],1.0,Counter({'train': 1}),train,f345152edef783a2,True,hirise_clean,0,C:\Users\deves\OneDrive\Desktop\Projects\TCMD-SS\data\raw\hirise_v3_2\map-proj-v3_2\ESP_017770_1990_RED-0223.jpg
map-proj-v3_2/ESP_018493_1925_RED-0338.jpg,ok,,JPEG,227.0,227.0,L,1.0,1.0,normal,crater,train,esp_018493_1925_red-0338,[],7dea0b5d36cee9c687238455f112d78543b0730b2e7f394bdd557f74858c3fa0,ef06a2079a72e4c334b0d3f580bb74ba812fbd5aa46cbdc37825773795b8864c,8b0e2e7f5b0cce90,128.26845077529157,18.57030236572631,04efec7dda130701,[],1.0,esp_018493_1925,['train'],1.0,Counter({'train': 1}),train,8d0a7befa8476aaf,True,hirise_clean,0,C:\Users\deves\OneDrive\Desktop\Projects\TCMD-SS\data\raw\hirise_v3_2\map-proj-v3_2\ESP_018493_1925_RED-0338.jpg
map-proj-v3_2/ESP_026247_1650_RED-0170.jpg,ok,,JPEG,227.0,227.0,L,1.0,1.0,normal,dark dune,train,esp_026247_1650_red-0170,[],bc74cc800fb492210246b86db5969577f2b7eb2a4d744d560659127395335945,42d1c11a3fd592476cd7ba5d58172b800559417977241c35574c1feb8411673a,807f7083de1ae5e1,83.2969395874168,32.31594641862761,0901f99ae7921af5,[],2.0,esp_026247_1650,['train'],1.0,Counter({'train': 1}),train,8a3ee021d94736be,True,hirise_clean,0,C:\Users\deves\OneDrive\Desktop\Projects\TCMD-SS\data\raw\hirise_v3_2\map-proj-v3_2\ESP_026247_1650_RED-0170.jpg
map-proj-v3_2/ESP_018416_2060_RED-0035.jpg,ok,,JPEG,227.0,227.0,L,1.0,1.0,normal,slope streak,val,esp_018416_2060_red-0035,[],32988ff55497bb08c3616f136ce436d599dbc710487b230efad5c193f5962e02,ac26aa7d842d69f174f740e7007702294d7977b1b261d37a0e857fa9860fdd62,9425ca7573a52d4b,198.43773409148247,21.65107417611718,917307ed55237c8b,[],3.0,esp_018416_2060,['val'],1.0,Counter({'val': 1}),train,deb5bd200e2850f3,True,hirise_clean,0,C:\Users\deves\OneDrive\Desktop\Projects\TCMD-SS\data\raw\hirise_v3_2\map-proj-v3_2\ESP_018416_2060_RED-0035.jpg
map-proj-v3_2/ESP_012637_0935_RED-0404.jpg,ok,,JPEG,227.0,227.0,L,1.0,1.0,normal,swiss cheese,train,esp_012637_0935_red-0404,[],4580bc301fcd62b3c63c6055d5802e73a8a5125fa9ab966b797e61c41a08c9e8,3a37f4eb1be64310a12acf80d16c3a718b2d4079659e9ca259d020a306aa043c,acd2e789069a4dae,122.71256962099012,16.744307298492064,a50df3ccdce546b9,[],6.0,esp_012637_0935,['train'],2.0,Counter({'train': 2}),train,fd0db7f1b6955a04,True,hirise_clean,0,C:\Users\deves\OneDrive\Desktop\Projects\TCMD-SS\data\raw\hirise_v3_2\map-proj-v3_2\ESP_012637_0935_RED-0404.jpg
map-proj-v3_2/PSP_003470_0930_RED-0059.jpg,ok,,JPEG,227.0,227.0,L,1.0,1.0,normal,spider,test,psp_003470_0930_red-0059,[],0ba622b39713a63a0764b4c2ecaf963e218c8ccbfa969a706467fdaed13b4292,2fd7f021e40c9a5edaf50ee7814b4a026e3c9adf013098fed913ce34f3434425,db046625fd113fc4,28.521609190941025,15.078871213844169,4aea2e589b2e446f,[],7.0,psp_003470_0930,['test'],1.0,Counter({'test': 1}),train,1e3c8989fe6df1fa,True,hirise_clean,0,C:\Users\deves\OneDrive\Desktop\Projects\TCMD-SS\data\raw\hirise_v3_2\map-proj-v3_2\PSP_003470_0930_RED-0059.jpg
map-proj-v3_2/ESP_025151_1570_RED-0095.jpg,ok,,JPEG,227.0,227.0,L,1.0,1.0,normal,other,train,esp_025151_1570_red-0095,[],b5b96f22a1496c136509a87a7479cd9d942215f116f69cdc48f008ae89236f5d,2606e936c08f309bd09751fe59c996c14ca88251afa53674bd2a24cebada2343,80d8b765ef4a5a52,62.48017621145375,29.22032840728554,dba2d1637a11b79c,[],0.0,esp_025151_1570,['train'],1.0,Counter({'train': 1}),train,24206087cc341bd3,True,hirise_clean,0,C:\Users\deves\OneDrive\Desktop\Projects\TCMD-SS\data\raw\hirise_v3_2\map-proj-v3_2\ESP_025151_1570_RED-0095.jpg
map-proj-v3_2/ESP_028196_1840_RED-0257.jpg,ok,,JPEG,227.0,227.0,L,1.0,1.0,normal,crater,train,esp_028196_1840_red-0257,[],e1da89b3091f8cdf1ea31d8adc1febc83b4caa716aff7438f7f1f9e1f6937c3f,1f54e8f6a631ddf846b50dfa16ca41fb276d0734eaf24caff0ec864e79f7b26d,c99abc58b369c4c5,101.15841564944012,15.71116075782926,50fdaa9ed832df83,[],1.0,esp_028196_1840,['train'],1.0,Counter({'train': 1}),train,27d4cddfac4d7248,True,hirise_clean,0,C:\Users\deves\OneDrive\Desktop\Projects\TCMD-SS\data\raw\hirise_v3_2\map-proj-v3_2\ESP_028196_1840_RED-0257.jpg
map-proj-v3_2/ESP_017001_1805_RED-0197.jpg,ok,,JPEG,227.0,227.0,L,1.0,1.0,normal,dark dune,test,esp_017001_1805_red-0197,[],79e1b7ac78b1c00df35193c03bcf105c0a856cb3d720df3e5c4526f67d96cbe0,d27042a26f1b49fc924f1d95284f5a5f7ec86badbe4a3f06bc22139dccd9a4a2,83c1312ebc63972f,63.0403462128122,47.08998133017276,fce568f8bde44132,[],2.0,esp_017001_1805,['test'],1.0,Counter({'test': 1}),train,f03fb3a269199b75,True,hirise_clean,0,C:\Users\deves\OneDrive\Desktop\Projects\TCMD-SS\data\raw\hirise_v3_2\map-proj-v3_2\ESP_017001_1805_RED-0197.jpg
map-proj-v3_2/ESP_016715_2025_RED-0085.jpg,ok,,JPEG,227.0,227.0,L,1.0,1.0,normal,slope streak,train,esp_016715_2025_red-0085,[],df7b7132f1410c8977fe11832b11297bff5689a7317651c2b2f9ec6101f96ad9,de1b25a001c9214e27a16d8f980576fdeeb34e77fe3769512704ee24e0ef4342,89378c87e2635b96,93.04069553067204,20.20991916286331,62605024c3e6d9dc,[],3.0,esp_016715_2025,['train'],1.0,Counter({'train': 1}),train,69458dd6183b1830,True,hirise_clean,0,C:\Users\deves\OneDrive\Desktop\Projects\TCMD-SS\data\raw\hirise_v3_2\map-proj-v3_2\ESP_016715_2025_RED-0085.jpg
map-proj-v3_2/ESP_012810_0925_RED-0034.jpg,ok,,JPEG,227.0,227.0,L,1.0,1.0,normal,swiss cheese,train,esp_012810_0925_red-0034,[],6b1ad401d8eabc42bbf933bfcf0c994130c08dc2231c959ca678d90673c26a1a,23797bb0cdc5f0b1da5b2c9f62772da0b3355aea3bc047ffab6f42c24c983441,9ac3c1689cee2799,124.14483106600169,14.322990434730857,82a226dd8f3055ba,[],6.0,esp_012810_0925,['train'],1.0,Counter({'train': 1}),train,dd45fe812d8c375d,True,hirise_clean,0,C:\Users\deves\OneDrive\Desktop\Projects\TCMD-SS\data\raw\hirise_v3_2\map-proj-v3_2\ESP_012810_0925_RED-0034.jpg
map-proj-v3_2/ESP_013049_0950_RED-0032.jpg,ok,,JPEG,227.0,227.0,L,1.0,1.0,normal,spider,train,esp_013049_0950_red-0032,[],2aed20f476f546c0f0215d3e12e9e507b46333194f17bb9c9b9fcdd6fb13df3c,72a587333b2ac603f12139d1e784550ef25eb0ffb4095cd2be189a0a08814471,c66bda7266989c23,185.2302780958296,19.343884475503373,450bf9c7acb2c0fb,[],7.0,esp_013049_0950,['train'],2.0,Counter({'train': 2}),train,fd0db7f1b6955a04,True,hirise_clean,0,C:\Users\deves\OneDrive\Desktop\Projects\TCMD-SS\data\raw\hirise_v3_2\map-proj-v3_2\ESP_013049_0950_RED-0032.jpg
map-proj-v3_2/ESP_016624_1925_RED-0033.jpg,ok,,JPEG,227.0,227.0,L,1.0,1.0,normal,other,train,esp_016624_1925_red-0033,[],0fb5f7cf781a86e830e1647c2cbf7201496de185e6f18e0e7e7018eca991d159,da7fea727135487258ebd53c24dabf7cbca7fc40b9c1a74a06e7433942aaedfa,e3d29c647325649b,119.84040055114596,10.447882551199438,8cd40dba3a9f4baf,[],0.0,esp_016624_1925,['train'],1.0,Counter({'train': 1}),train,77ef49a520fc7afb,True,hirise_clean,0,C:\Users\deves\OneDrive\Desktop\Projects\TCMD-SS\data\raw\hirise_v3_2\map-proj-v3_2\ESP_016624_1925_RED-0033.jpg
map-proj-v3_2/ESP_034737_2090_RED-0149.jpg,ok,,JPEG,227.0,227.0,L,1.0,1.0,normal,crater,train,esp_034737_2090_red-0149,[],bc8e8d1391c7f0c7e6ef3ec2f01cd28423ea62597c513e272b2ae6968816940b,920449cf6510fd62476514daa6cdf6ea2ca520bc06e18d5dd95b636048221089,95c696975358696a,133.10578509189,14.520123418078466,09e8b9393d36bb3c,[],1.0,esp_034737_2090,['train'],1.0,Counter({'train': 1}),train,6c50a387440394ea,True,hirise_clean,0,C:\Users\deves\OneDrive\Desktop\Projects\TCMD-SS\data\raw\hirise_v3_2\map-proj-v3_2\ESP_034737_2090_RED-0149.jpg
map-proj-v3_2/ESP_018321_2565_RED-0066.jpg,ok,,JPEG,227.0,227.0,L,1.0,1.0,normal,dark dune,train,esp_018321_2565_red-0066,[],87c4e51eea3b503feba12f3636709006381491fdbe98b6e79e867895f9eed039,40d566c641c4d8450bb710c1baac110ae1644209021ebd5e71331875d6c2ab3d,ade366a0efc61c30,39.72130256748627,15.20053779838083,755c9c2611c9337a,[],2.0,esp_018321_2565,['train'],1.0,Counter({'train': 1}),train,a981f117e9b1dfe1,True,hirise_clean,0,C:\Users\deves\OneDrive\Desktop\Projects\TCMD-SS\data\raw\hirise_v3_2\map-proj-v3_2\ESP_018321_2565_RED-0066.jpg
map-proj-v3_2/ESP_016715_2025_RED-0042.jpg,ok,,JPEG,227.0,227.0,L,1.0,1.0,normal,slope streak,train,esp_016715_2025_red-0042,[],7c30713953f4de4b4070f3fdfd60bdc0371665cbe5dcddffe1788d5bc487124d,0a6e465e1add8538495a56dadb26df3912c60fa6365e5cff4e0572c5f6af784c,b20c3d34b4ec8d97,83.94273127753304,17.214419474575653,36a1ff54d0439742,[],3.0,esp_016715_2025,['train'],1.0,Counter({'train': 1}),train,69458dd6183b1830,True,hirise_clean,0,C:\Users\deves\OneDrive\Desktop\Projects\TCMD-SS\data\raw\hirise_v3_2\map-proj-v3_2\ESP_016715_2025_RED-0042.jpg
map-proj-v3_2/ESP_011661_0930_RED-0110.jpg,ok,,JPEG,227.0,227.0,L,1.0,1.0,normal,swiss cheese,val,esp_011661_0930_red-0110,[],70521f86d5e8928b853e283b760ea0a87e027de475fe50950b78ea87e4fe31df,381cd5e3491a56ead50240b6658643bbd9f7c39b57a94c7c74bfaa08c137838b,c9bd06b671c610ee,72.69277494226552,14.44210447983861,f73d4da2ed08af46,[],6.0,esp_011661_0930,['val'],2.0,Counter({'val': 2}),train,d32aad3ef9d09cb3,True,hirise_clean,0,C:\Users\deves\OneDrive\Desktop\Projects\TCMD-SS\data\raw\hirise_v3_2\map-proj-v3_2\ESP_011661_0930_RED-0110.jpg
map-proj-v3_2/ESP_013049_0950_RED-0063.jpg,ok,,JPEG,227.0,227.0,L,1.0,1.0,normal,spider,train,esp_013049_0950_red-0063,[],69da9ae996982e9431b96e6d621caa697abc97a0973e828bbff15596b8a01d01,aa06ceae814be94eeeb68ff872080de7ce3715e852225837f128f1f09875f178,b17cdc313dcc0b32,178.19850957713132,20.092983045323944,7b22a610e19acf49,[],7.0,esp_013049_0950,['train'],2.0,Counter({'train': 2}),train,fd0db7f1b6955a04,True,hirise_clean,0,C:\Users\deves\OneDrive\Desktop\Projects\TCMD-SS\data\raw\hirise_v3_2\map-proj-v3_2\ESP_013049_0950_RED-0063.jpg
map-proj-v3_2/ESP_034737_2090_RED-0194.jpg,ok,,JPEG,227.0,227.0,L,1.0,1.0,normal,other,train,esp_034737_2090_red-0194,[],999f341618f98136ebb07e4188e72aef5bfebffdacdb245918e6e2a8b25ccf39,1438d86972d6572dd79a32a0ed2f64ed44dd7c71a5927cba2a390a092ceda981,ca1b706ec0fb6949,136.7839469036853,14.241735261080068,cea9ad1d236cc596,[],0.0,esp_034737_2090,['train'],1.0,Counter({'train': 1}),train,6c50a387440394ea,True,hirise_clean,0,C:\Users\deves\OneDrive\Desktop\Projects\TCMD-SS\data\raw\hirise_v3_2\map-proj-v3_2\ESP_034737_2090_RED-0194.jpg
map-proj-v3_2/ESP_016607_2080_RED-0262.jpg,ok,,JPEG,227.0,227.0,L,1.0,1.0,normal,crater,val,esp_016607_2080_red-0262,[],281375b336c6ab537150721454adb1832ca17934c990fe1812218a3d6b520429,b0068ae89251c73fcddbc3c73e22cb02d2c830912c1878230880be1b8330e181,f328ccdb3304ef41,142.48287372159368,20.03173031496729,59d733b9c4e3ebb6,[],1.0,esp_016607_2080,['val'],1.0,Counter({'val': 1}),train,a94c9b1b3775c694,True,hirise_clean,0,C:\Users\deves\OneDrive\Desktop\Projects\TCMD-SS\data\raw\hirise_v3_2\map-proj-v3_2\ESP_016607_2080_RED-0262.jpg
map-proj-v3_2/ESP_018720_2655_RED-0147.jpg,ok,,JPEG,227.0,227.0,L,1.0,1.0,normal,dark dune,test,esp_018720_2655_red-0147,[],b09679b73f0083c72960ce5e8272f03e95fcde0b6ba63faaa1cc04dd66568fb2,03eb4fc0587310895c57e700c6eb2a6e5d5f899f7e509ef98c76bd2ddf86d8d2,e5a1f15bc90cbe12,23.2401948417396,12.99254060165899,5a7a45c50040e26a,[],2.0,esp_018720_2655,['test'],1.0,Counter({'test': 1}),train,7e7b4f2085af6bfe,True,hirise_clean,0,C:\Users\deves\OneDrive\Desktop\Projects\TCMD-SS\data\raw\hirise_v3_2\map-proj-v3_2\ESP_018720_2655_RED-0147.jpg
map-proj-v3_2/ESP_016715_2025_RED-0105.jpg,ok,,JPEG,227.0,227.0,L,1.0,1.0,normal,slope streak,train,esp_016715_2025_red-0105,[],b267d809b115fc6af527b49bf43d6511b3f3db611cab31831e75f9bd63c4842f,41760afaa791ed7245fce05814f095fa16fcd9f867fc59d20bbf81f3aa42acb5,80f8df701f3fc0c8,198.15346697975892,74.61902623272984,ca7d84cb77183f3e,[],3.0,esp_016715_2025,['train'],1.0,Counter({'train': 1}),train,69458dd6183b1830,True,hirise_clean,0,C:\Users\deves\OneDrive\Desktop\Projects\TCMD-SS\data\raw\hirise_v3_2\map-proj-v3_2\ESP_016715_2025_RED-0105.jpg
map-proj-v3_2/ESP_012294_0935_RED-0149.jpg,ok,,JPEG,227.0,227.0,L,1.0,1.0,normal,swiss cheese,train,esp_012294_0935_red-0149,[],3108102e0c83a05735cbd25465fd93b98eed033b0ffa6c7f30c31b66ae30f65e,f87142c48d80df53312bf66397f91de8e5d61610b2bd659881628eea9347c04c,ea1ae476370ce256,104.3618738962526,18.32384726607944,b834141cab399414,[],6.0,esp_012294_0935,['train'],2.0,Counter({'train': 2}),train,266cd71437e2bee8,True,hirise_clean,0,C:\Users\deves\OneDrive\Desktop\Projects\TCMD-SS\data\raw\hirise_v3_2\map-proj-v3_2\ESP_012294_0935_RED-0149.jpg
map-proj-v3_2/PSP_003470_0930_RED-0004.jpg,ok,,JPEG,227.0,227.0,L,1.0,1.0,normal,spider,test,psp_003470_0930_red-0004,[],c1995450bedd14f7042fa6cbee110cacc10320565c0f131c7e68e4ee77c66a50,3d237c481195f426cd6bde29d749dc9651da2715a2b6fdcb3df756d99f8326f4,98e37706c68d3359,26.0735120029498,16.678027516651955,3c8c3d44ddb01089,[],7.0,psp_003470_0930,['test'],1.0,Counter({'test': 1}),train,1e3c8989fe6df1fa,True,hirise_clean,0,C:\Users\deves\OneDrive\Desktop\Projects\TCMD-SS\data\raw\hirise_v3_2\map-proj-v3_2\PSP_003470_0930_RED-0004.jpg
map-proj-v3_2/ESP_011289_1950_RED-0104.jpg,ok,,JPEG,227.0,227.0,L,1.0,1.0,normal,other,test,esp_011289_1950_red-0104,[],22d431dcbd1f9a649a94b098235ab8aa5c810921431f4c1a5061ef4c976e108d,a423af318b9b9f8d27b854ea408634f569f2347887d4d094e7eca58b40fb0a15,c26d1cc964369bcd,141.09883754778863,24.15982720317913,31008d37089d6974,[],0.0,esp_011289_1950,['test'],1.0,Counter({'test': 1}),train,99c2c4faf44c06e8,True,hirise_clean,0,C:\Users\deves\OneDrive\Desktop\Projects\TCMD-SS\data\raw\hirise_v3_2\map-proj-v3_2\ESP_011289_1950_RED-0104.jpg
map-proj-v3_2/PSP_002455_1320_RED-0106.jpg,ok,,JPEG,227.0,227.0,L,1.0,1.0,normal,dark dune,train,psp_002455_1320_red-0106,[],0fb157111c2f4840639289511525b7972b3600893313875db2e405c7cd4ba170,364d20158ea6e1ace5ca682b71b39537e5a0e1565ca34e28df045beaec24a45b,95354a97c9724dd2,49.4785654679889,27.612973861539587,24b60b7cc15a6baa,[],2.0,psp_002455_1320,['train'],1.0,Counter({'train': 1}),train,acb759d8cdabc26b,True,hirise_clean,0,C:\Users\deves\OneDrive\Desktop\Projects\TCMD-SS\data\raw\hirise_v3_2\map-proj-v3_2\PSP_002455_1320_RED-0106.jpg
map-proj-v3_2/ESP_011289_1950_RED-0139.jpg,ok,,JPEG,227.0,227.0,L,1.0,1.0,normal,slope streak,test,esp_011289_1950_red-0139,[],cb7c3ba1afe24c2ab89e777729d5c2caf242bb5c6a09abb2fbb7c008521596de,2ccec071d3526c452aa1f346c729308c2442d824a7eb233be046ea38f0417479,c816bbc466b3d30e,100.26810145743174,15.55019104154127,a819aeacd9c0de7f,[],3.0,esp_011289_1950,['test'],1.0,Counter({'test': 1}),train,99c2c4faf44c06e8,True,hirise_clean,0,C:\Users\deves\OneDrive\Desktop\Projects\TCMD-SS\data\raw\hirise_v3_2\map-proj-v3_2\ESP_011289_1950_RED-0139.jpg
map-proj-v3_2/ESP_012637_0935_RED-0056.jpg,ok,,JPEG,227.0,227.0,L,1.0,1.0,normal,swiss cheese,train,esp_012637_0935_red-0056,[],b058c3f50a3bf55442f99ccc1614891d018723cf160c0607766bdd562559dda8,c59ea6ec4c07b31c89e26e9d3c6c78840067dbca923f811a2633baa9242d8504,c94927bd9c54f642,117.12402724679306,21.66506044544065,5a373ce9762ac106,[],6.0,esp_012637_0935,['train'],2.0,Counter({'train': 2}),train,fd0db7f1b6955a04,True,hirise_clean,0,C:\Users\deves\OneDrive\Desktop\Projects\TCMD-SS\data\raw\hirise_v3_2\map-proj-v3_2\ESP_012637_0935_RED-0056.jpg
map-proj-v3_2/ESP_013049_0950_RED-0238.jpg,ok,,JPEG,227.0,227.0,L,1.0,1.0,normal,spider,train,esp_013049_0950_red-0238,[],89a73f0b936860d7058d7b340f291c879d2c96a612ef44463781e6b26a723a4c,9c9b0854c629ab9a0f729b54f5637715efbfc9296f283ad28b6fb8ba8c113ff8,96333de0076eec68,135.18841817229134,74.98491579801788,09b3fe04e5a66aef,[],7.0,esp_013049_0950,['train'],2.0,Counter({'train': 2}),train,fd0db7f1b6955a04,True,hirise_clean,0,C:\Users\deves\OneDrive\Desktop\Projects\TCMD-SS\data\raw\hirise_v3_2\map-proj-v3_2\ESP_013049_0950_RED-0238.jpg
map-proj-v3_2/ESP_027802_1685_RED-0324.jpg,ok,,JPEG,227.0,227.0,L,1.0,1.0,normal,other,train,esp_027802_1685_red-0324,[],93f00191f76d07400000a779077c6faab3f1e95e6764d72fb63e46a51832ddea,77678d731057bb7fb216b4023aadfdbe4161c2ca81181c464f653f93659a5793,ee811b62ce1bb332,125.33868307166838,11.342327717375577,e89f54a36f71ed6c,[],0.0,esp_027802_1685,['train'],1.0,Counter({'train': 1}),train,05f954ef1369c4ae,True,hirise_clean,0,C:\Users\deves\OneDrive\Desktop\Projects\TCMD-SS\data\raw\hirise_v3_2\map-proj-v3_2\ESP_027802_1685_RED-0324.jpg
map-proj-v3_2/ESP_011425_1775_RED-0004.jpg,ok,,JPEG,227.0,227.0,L,1.0,1.0,normal,crater,train,esp_011425_1775_red-0004,[],7e4e65f4df9bf18d63dbed6eec3b6a84293bdb3417469772b7c58c055d42c7b3,fd1475519a535022cbbf7c81794ffcd3c42a20cc5f1a0566a1a3b919c9e8b53c,93836c9939d3275c,92.68025771895438,43.05747062558242,698891e14e694771,[],1.0,esp_011425_1775,['train'],1.0,Counter({'train': 1}),train,51520df58488ffc4,True,hirise_clean,0,C:\Users\deves\OneDrive\Desktop\Projects\TCMD-SS\data\raw\hirise_v3_2\map-proj-v3_2\ESP_011425_1775_RED-0004.jpg
map-proj-v3_2/ESP_018720_2655_RED-0056.jpg,ok,,JPEG,227.0,227.0,L,1.0,1.0,normal,dark dune,test,esp_018720_2655_red-0056,[],23b3542499383dbca1df81dc98fa2c82fda0293b618eb63178ff4e37e1b1f3ec,934e06ac351335e0e53fbc9560916e8d4e0ec5b1993538ad8f96ccdc4e0af537,f84a1b706d1c3b36,56.02592714781967,11.91462230684761,e2a66d1f92a7f853,[],2.0,esp_018720_2655,['test'],1.0,Counter({'test': 1}),train,7e7b4f2085af6bfe,True,hirise_clean,0,C:\Users\deves\OneDrive\Desktop\Projects\TCMD-SS\data\raw\hirise_v3_2\map-proj-v3_2\ESP_018720_2655_RED-0056.jpg
map-proj-v3_2/ESP_018416_2060_RED-0286.jpg,ok,,JPEG,227.0,227.0,L,1.0,1.0,normal,slope streak,val,esp_018416_2060_red-0286,[],5bf674a118804fac24ba4dcb4ecd0cc5744e52cbc7c8a4d8ab0f1930f523f3f6,71e2ae46b7f1b8458482dfb29bf75133c8f2a400bb15d3f6bc5336406a6ab999,823e9c4b26955b2f,174.45941120534067,15.791751168468757,dc995725566556cb,[],3.0,esp_018416_2060,['val'],1.0,Counter({'val': 1}),train,deb5bd200e2850f3,True,hirise_clean,0,C:\Users\deves\OneDrive\Desktop\Projects\TCMD-SS\data\raw\hirise_v3_2\map-proj-v3_2\ESP_018416_2060_RED-0286.jpg
map-proj-v3_2/ESP_012298_0930_RED-0384.jpg,ok,,JPEG,227.0,227.0,L,1.0,1.0,normal,swiss cheese,train,esp_012298_0930_red-0384,[],d609f07b0f36db159eb517d5e5d9f9634a190b7546f9ece8e6ab16190fd83b2e,cfab49a4da1a9e7a73e0fe29eb90f50a182e4fc5019f0f17565f5ef027149958,858fa8ec9c7462dc,101.33600496807622,16.81766421616872,e65ed1c93a8f63b7,[],6.0,esp_012298_0930,['train'],2.0,Counter({'train': 2}),train,fd0db7f1b6955a04,True,hirise_clean,0,C:\Users\deves\OneDrive\Desktop\Projects\TCMD-SS\data\raw\hirise_v3_2\map-proj-v3_2\ESP_012298_0930_RED-0384.jpg
map-proj-v3_2/ESP_016095_2655_RED-0035.jpg,ok,,JPEG,227.0,227.0,L,1.0,1.0,normal,spider,val,esp_016095_2655_red-0035,[],cd088b1a0a6dd64681617a11eec6a7d196b2827b633158e457dc2c17febe52ee,44a946e1db17c695b631293a6d975dbd8a37854396798424119eac57a66b1925,c56aa5567ab37122,117.07487046129364,72.28980866187835,efe2a2c1cea26065,[],7.0,esp_016095_2655,['val'],2.0,Counter({'val': 2}),train,5aac0f217c85986f,True,hirise_clean,0,C:\Users\deves\OneDrive\Desktop\Projects\TCMD-SS\data\raw\hirise_v3_2\map-proj-v3_2\ESP_016095_2655_RED-0035.jpg
map-proj-v3_2/ESP_019207_2450_RED-0012.jpg,ok,,JPEG,227.0,227.0,L,1.0,1.0,normal,other,val,esp_019207_2450_red-0012,[],50e1d914b693b4f9e2dd20bbaea1a43e5d034b6de50cb86ee0348579db201f94,8d2b90f90b6a466823d3da579b37de0c8ed1335c9e06b6a2558fd87046198865,dcac33bf0a7e6240,41.42581847115217,16.988895651701956,9c07a47471a76b59,[],0.0,esp_019207_2450,['val'],1.0,Counter({'val': 1}),train,484ed8d0e232cc3e,True,hirise_clean,0,C:\Users\deves\OneDrive\Desktop\Projects\TCMD-SS\data\raw\hirise_v3_2\map-proj-v3_2\ESP_019207_2450_RED-0012.jpg
map-proj-v3_2/ESP_014429_1940_RED-0079.jpg,ok,,JPEG,227.0,227.0,L,1.0,1.0,normal,dark dune,train,esp_014429_1940_red-0079,[],ce66dfc8df86643db1c7af1b5157d39984ba62db2475fae5ce37efbefcd54c65,63500f106a13cac6eb4caf2acd679780dba5f4528e5354be28e771c82c22eb13,b331ccee631bb844,63.65413650565701,14.26108292889685,216b1c41a8d19760,[],2.0,esp_014429_1940,['train'],1.0,Counter({'train': 1}),train,6105a7ec37f5123b,True,hirise_clean,0,C:\Users\deves\OneDrive\Desktop\Projects\TCMD-SS\data\raw\hirise_v3_2\map-proj-v3_2\ESP_014429_1940_RED-0079.jpg
map-proj-v3_2/ESP_011289_1950_RED-0200.jpg,ok,,JPEG,227.0,227.0,L,1.0,1.0,normal,slope streak,test,esp_011289_1950_red-0200,[],85047918cfa9a0cb31c5afe7c3c0b615259bd5d0f32add25ae0c46610c1efbcd,e9bdeaf68b779e059a93e3ddc9dc243370451f213883ab101e21a29ec6467982,c96db00cf6e3073c,124.13268256709814,91.4951418287893,0e3aff26df9ad8d4,[],3.0,esp_011289_1950,['test'],1.0,Counter({'test': 1}),train,99c2c4faf44c06e8,True,hirise_clean,0,C:\Users\deves\OneDrive\Desktop\Projects\TCMD-SS\data\raw\hirise_v3_2\map-proj-v3_2\ESP_011289_1950_RED-0200.jpg
map-proj-v3_2/PSP_002804_0930_RED-0021.jpg,ok,,JPEG,227.0,227.0,L,1.0,1.0,normal,swiss cheese,val,psp_002804_0930_red-0021,[],92c48a50428af0621791340c87e00ea1485a09a2d0e4b11c28bce75f60b138de,a7ebba88fd762245d07299dc6532c84a5b6df18035059f130020c567b9645e5f,d5b368da34e922cc,84.45236662850046,41.11087218855449,e4cd8876b23aae54,[],6.0,psp_002804_0930,['val'],1.0,Counter({'val': 1}),train,fd0db7f1b6955a04,True,hirise_clean,0,C:\Users\deves\OneDrive\Desktop\Projects\TCMD-SS\data\raw\hirise_v3_2\map-proj-v3_2\PSP_002804_0930_RED-0021.jpg
map-proj-v3_2/ESP_013049_0950_RED-0119.jpg,ok,,JPEG,227.0,227.0,L,1.0,1.0,normal,spider,train,esp_013049_0950_red-0119,[],f3437be3c46f084e3d994217c3855e0ca39554f1466ababbeb8870c13869cc79,0530287a8182c99ad901164950133a961342452078a4083471f1f9a859ba4d22,878499f2700b9d6f,177.2202643171806,18.505664664565987,bd18ccfe3d07690c,[],7.0,esp_013049_0950,['train'],2.0,Counter({'train': 2}),train,fd0db7f1b6955a04,True,hirise_clean,0,C:\Users\deves\OneDrive\Desktop\Projects\TCMD-SS\data\raw\hirise_v3_2\map-proj-v3_2\ESP_013049_0950_RED-0119.jpg
map-proj-v3_2/ESP_018192_1985_RED-0100.jpg,ok,,JPEG,227.0,227.0,L,1.0,1.0,normal,other,test,esp_018192_1985_red-0100,[],8931d0ee9bf4a1a83483cb7985229428d800133d06aaff2a5df7cc66558d6d08,b8753c69b9ac13c594f826d5880be4fce0f053508310bd84e7f743cdcba964a7,a5a50bdbd182237e,128.47353917211666,17.65395303293548,716c598a5f00e639,[],0.0,esp_018192_1985,['test'],1.0,Counter({'test': 1}),train,eee3231c74babe52,True,hirise_clean,0,C:\Users\deves\OneDrive\Desktop\Projects\TCMD-SS\data\raw\hirise_v3_2\map-proj-v3_2\ESP_018192_1985_RED-0100.jpg
map-proj-v3_2/ESP_027802_1685_RED-0273.jpg,ok,,JPEG,227.0,227.0,L,1.0,1.0,normal,crater,train,esp_027802_1685_red-0273,[],e63878eee87747444ebe1c6d4aafe27063d24cce27dbfdcb668a538557f39ae8,9692b01d7d720bcbf29a5ac702cb34e855c31cfc6902653d07b4f9b627711db7,91a51cbb23eecc19,163.7702070678647,14.734843237370496,15acba7bdeae6e55,[],1.0,esp_027802_1685,['train'],1.0,Counter({'train': 1}),train,05f954ef1369c4ae,True,hirise_clean,0,C:\Users\deves\OneDrive\Desktop\Projects\TCMD-SS\data\raw\hirise_v3_2\map-proj-v3_2\ESP_027802_1685_RED-0273.jpg
map-proj-v3_2/ESP_018735_2815_RED-0042.jpg,ok,,JPEG,227.0,227.0,L,1.0,1.0,normal,dark dune,val,esp_018735_2815_red-0042,[],423ee95270ab2a38cb699e42e96ce94e5bcf2edeb36919cbf41576095f970bf0,fdc2ce1c813c814ad447d9909ac5317f5ead65ebaa5dbe9f87e78de7d9015953,b2963986d8b35cd2,39.437035455762775,15.786760170725511,e2b6bcddcf2fc7f1,[],2.0,esp_018735_2815,['val'],1.0,Counter({'val': 1}),train,cb8e14a21db6edcc,True,hirise_clean,0,C:\Users\deves\OneDrive\Desktop\Projects\TCMD-SS\data\raw\hirise_v3_2\map-proj-v3_2\ESP_018735_2815_RED-0042.jpg
map-proj-v3_2/ESP_016624_1925_RED-0031.jpg,ok,,JPEG,227.0,227.0,L,1.0,1.0,normal,slope streak,train,esp_016624_1925_red-0031,[],5564022d5eb5aeed4db48cb314365786995a1200c898b2d1e409ff2f34bd2a95,28a3db5f7e91717484e3c9de8ae2b5893047bbcdb9b64437fcae18d564d14841,d24ac962f178bc4e,157.56638009664462,79.34919367577872,3bcbd24b41883e3c,[],3.0,esp_016624_1925,['train'],1.0,Counter({'train': 1}),train,77ef49a520fc7afb,True,hirise_clean,0,C:\Users\deves\OneDrive\Desktop\Projects\TCMD-SS\data\raw\hirise_v3_2\map-proj-v3_2\ESP_016624_1925_RED-0031.jpg
map-proj-v3_2/ESP_012810_0925_RED-0142.jpg,ok,,JPEG,227.0,227.0,L,1.0,1.0,normal,swiss cheese,train,esp_012810_0925_red-0142,[],293d583791063104693b55f7723ed8c2bc6fc99432449283fe149e7eba6ceb54,92343f385e0ecf0ab328fe7624d8bc693b15dad7a7f60e51acbddfcb94ac4d85,e623bb0d6037917c,127.9175415785286,15.59308376096802,ca187f9c329a8aca,[],6.0,esp_012810_0925,['train'],1.0,Counter({'train': 1}),train,dd45fe812d8c375d,True,hirise_clean,0,C:\Users\deves\OneDrive\Desktop\Projects\TCMD-SS\data\raw\hirise_v3_2\map-proj-v3_2\ESP_012810_0925_RED-0142.jpg
map-proj-v3_2/ESP_011491_0985_RED-0021.jpg,ok,,JPEG,227.0,227.0,L,1.0,1.0,normal,spider,val,esp_011491_0985_red-0021,[],11b1d902af9115ef30100ba925935066ec57caeaf658e4ea7951822b80f2ca2e,58619e124317bd3e94390d4086f5746f976ea584543b11fda5adbaeb91c7fd07,e579162a2f8594d6,61.28644064507365,35.9610931423692,31288426f79810ea,[],7.0,esp_011491_0985,['val'],2.0,Counter({'val': 2}),train,0fc1f47b6a8edd7a,True,hirise_clean,0,C:\Users\deves\OneDrive\Desktop\Projects\TCMD-SS\data\raw\hirise_v3_2\map-proj-v3_2\ESP_011491_0985_RED-0021.jpg
map-proj-v3_2/ESP_034557_1510_RED-0525.jpg,ok,,JPEG,227.0,227.0,L,1.0,1.0,normal,other,val,esp_034557_1510_red-0525,[],e6be37bb46244896023314df06ab97b1dfb9c34b25e8a3d9ad8a91fd06f53794,41fb6fe9b1fac6ccb5877b5be2c3b7e7673be8214ae6672cb866c0a0cc9a18d0,ec7473a463dec04c,117.89766927361292,15.011467738911174,651903414c578264,[],0.0,esp_034557_1510,['val'],1.0,Counter({'val': 1}),train,a507b3899c76af06,True,hirise_clean,0,C:\Users\deves\OneDrive\Desktop\Projects\TCMD-SS\data\raw\hirise_v3_2\map-proj-v3_2\ESP_034557_1510_RED-0525.jpg
map-proj-v3_2/ESP_034557_1510_RED-0081.jpg,ok,,JPEG,227.0,227.0,L,1.0,1.0,normal,crater,val,esp_034557_1510_red-0081,[],21c7f41b78b85bbb9e43f8ad4828475cc6935f3935b2c7eba9a783da672c33fc,50be37c1ae246efa939b3122e754081f525799727e410d934f07f7b5f75a7a74,a361dc39b2e4899b,139.0619651070271,15.033759254315612,f91950a7ee6d014e,[],1.0,esp_034557_1510,['val'],1.0,Counter({'val': 1}),train,a507b3899c76af06,True,hirise_clean,0,C:\Users\deves\OneDrive\Desktop\Projects\TCMD-SS\data\raw\hirise_v3_2\map-proj-v3_2\ESP_034557_1510_RED-0081.jpg
map-proj-v3_2/ESP_018720_2655_RED-0035.jpg,ok,,JPEG,227.0,227.0,L,1.0,1.0,normal,dark dune,test,esp_018720_2655_red-0035,[],31c59b671ec315267b1d68c3ff8f5a4d4c5dc97b54cb8fd46038c3fbf9406b69,066adcd1f1861334b5adb1bbec77bf45de2cf8f3fd150cfae2967fa195fa341d,fb138669b9925361,58.00108676667507,19.80675329683777,3ce39be78a445223,[],2.0,esp_018720_2655,['test'],1.0,Counter({'test': 1}),train,7e7b4f2085af6bfe,True,hirise_clean,0,C:\Users\deves\OneDrive\Desktop\Projects\TCMD-SS\data\raw\hirise_v3_2\map-proj-v3_2\ESP_018720_2655_RED-0035.jpg
map-proj-v3_2/ESP_016715_2025_RED-0136.jpg,ok,,JPEG,227.0,227.0,L,1.0,1.0,normal,slope streak,train,esp_016715_2025_red-0136,[],89b1445fcdd8b1859b79cbd62e4cde9e97a5d9a56a8cdfa071a7547308648db3,a8d95aa5bdac507296cb6fd920d9e8e3310ab9e9037a667ac1e419e654f13d8d,b8b5c30f3dfc9011,102.35853597003629,28.240897888191967,5e31bfd91603ba7d,[],3.0,esp_016715_2025,['train'],1.0,Counter({'train': 1}),train,69458dd6183b1830,True,hirise_clean,0,C:\Users\deves\OneDrive\Desktop\Projects\TCMD-SS\data\raw\hirise_v3_2\map-proj-v3_2\ESP_016715_2025_RED-0136.jpg
map-proj-v3_2/PSP_003470_0930_RED-0023.jpg,ok,,JPEG,227.0,227.0,L,1.0,1.0,normal,spider,test,psp_003470_0930_red-0023,[],c34ffc320a7d71d17a93ffe43b37dfb1017302b5cfaa4f50a2f924960bce8d62,1475db8aa4e1069e2b55a4303e3c675139439f05fc14cc25249c646d4184b5c8,8e37614eccd266cc,30.22315589279823,14.619033452142617,48cecec845fa0f90,[],7.0,psp_003470_0930,['test'],1.0,Counter({'test': 1}),train,1e3c8989fe6df1fa,True,hirise_clean,0,C:\Users\deves\OneDrive\Desktop\Projects\TCMD-SS\data\raw\hirise_v3_2\map-proj-v3_2\PSP_003470_0930_RED-0023.jpg
map-proj-v3_2/ESP_027564_1655_RED-0209.jpg,ok,,JPEG,227.0,227.0,L,1.0,1.0,normal,other,test,esp_027564_1655_red-0209,[],9cb3522c8302e36e7067e76586fbbeb5ea520a7ba53cb25da6bf9dbc86c833a1,291afea1997dcfc4caeb81278bbd0783031e0f3309267f906f7e63dae78ab008,8ec33163cc997366,33.84975450717072,34.419392438829426,f6825f7e60dfcb9b,[],0.0,esp_027564_1655,['test'],1.0,Counter({'test': 1}),train,b85e5745b8828e78,True,hirise_clean,0,C:\Users\deves\OneDrive\Desktop\Projects\TCMD-SS\data\raw\hirise_v3_2\map-proj-v3_2\ESP_027564_1655_RED-0209.jpg
map-proj-v3_2/ESP_016572_1875_RED-0026.jpg,ok,,JPEG,227.0,227.0,L,1.0,1.0,normal,crater,train,esp_016572_1875_red-0026,[],9a8cec4b3e0493f3c6e5a3c1488aab03c39a3b01c205f96a20dc9996dac85155,5e53f9b6f6273baed66bf3ef4515a228127621bc1480ba53270fa2ea5fd107c3,a313ccc47367c68d,167.46358361311107,29.034132397593737,c9a84cef28caaacd,[],1.0,esp_016572_1875,['train'],1.0,Counter({'train': 1}),train,c0ff2104a7ae8de6,True,hirise_clean,0,C:\Users\deves\OneDrive\Desktop\Projects\TCMD-SS\data\raw\hirise_v3_2\map-proj-v3_2\ESP_016572_1875_RED-0026.jpg
map-proj-v3_2/ESP_018720_2655_RED-0108.jpg,ok,,JPEG,227.0,227.0,L,1.0,1.0,normal,dark dune,test,esp_018720_2655_red-0108,[],8c9c4fb7213fd5a3944e865a3a43465a54bc013cd0f60822506309218ee6628d,07d95388ae996e1906374d339f9d9b149ad64265bf26b82b4403f3c1a290b939,e96a319d4e46172b,45.44999902967261,14.763853952857495,c745528cf74a85cd,[],2.0,esp_018720_2655,['test'],1.0,Counter({'test': 1}),train,7e7b4f2085af6bfe,True,hirise_clean,0,C:\Users\deves\OneDrive\Desktop\Projects\TCMD-SS\data\raw\hirise_v3_2\map-proj-v3_2\ESP_018720_2655_RED-0108.jpg
map-proj-v3_2/ESP_016715_2025_RED-0038.jpg,ok,,JPEG,227.0,227.0,L,1.0,1.0,normal,slope streak,train,esp_016715_2025_red-0038,[],05f54d7783f52bb9acf92c6b08dd908a79a0861022d35eefc36e2eaef93cce8e,31701911211a22966903bf556b06472cdfd5497f28c4ea4d838b5188f3c1b635,9c38814a27d27d7e,103.63707815016788,16.42505208913641,8b93f2068936bf53,[],3.0,esp_016715_2025,['train'],1.0,Counter({'train': 1}),train,69458dd6183b1830,True,hirise_clean,0,C:\Users\deves\OneDrive\Desktop\Projects\TCMD-SS\data\raw\hirise_v3_2\map-proj-v3_2\ESP_016715_2025_RED-0038.jpg
map-proj-v3_2/ESP_012810_0925_RED-0086.jpg,ok,,JPEG,227.0,227.0,L,1.0,1.0,normal,swiss cheese,train,esp_012810_0925_red-0086,[],3acef1ae466aa829a3240516d6583862cfec7c1b2f77875ce38eb99b8a5b5668,c78185424a80027f3d17fc814a1db2dae37fcdc23e119351370012d3bf823293,e4f24a2ca7d3b1d0,123.13223621649944,13.699332038970846,88647ea935073ada,[],6.0,esp_012810_0925,['train'],1.0,Counter({'train': 1}),train,dd45fe812d8c375d,True,hirise_clean,0,C:\Users\deves\OneDrive\Desktop\Projects\TCMD-SS\data\raw\hirise_v3_2\map-proj-v3_2\ESP_012810_0925_RED-0086.jpg
map-proj-v3_2/ESP_013049_0950_RED-0086.jpg,ok,,JPEG,227.0,227.0,L,1.0,1.0,normal,spider,train,esp_013049_0950_red-0086,[],745d68ea6d25f088348fb8fb7c664f83417aa4b708574877d8c7e0356f9b073d,37680837148ead807f3ca7b3d7e38246548f56d8ee6f99446aa5cd265c8ea965,a33f90076ec49778,178.87783578179278,16.447445542369984,cbf80d3ec8c36d1c,[],7.0,esp_013049_0950,['train'],2.0,Counter({'train': 2}),train,fd0db7f1b6955a04,True,hirise_clean,0,C:\Users\deves\OneDrive\Desktop\Projects\TCMD-SS\data\raw\hirise_v3_2\map-proj-v3_2\ESP_013049_0950_RED-0086.jpg
map-proj-v3_2/ESP_016773_2010_RED-0001.jpg,ok,,JPEG,227.0,227.0,L,1.0,1.0,normal,other,train,esp_016773_2010_red-0001,[],4f94bbcd0af6ecb79ca6cbf3c007905f4d2d8060f1b20036ca42fcb1b9cf3392,1abde361a1a13db37c93a852a475bf3e6001da89695847e8d843d9e2606df152,f6da9b7ec8383060,142.22133167730792,13.406325528347642,541e743801610eee,[],0.0,esp_016773_2010,['train'],1.0,Counter({'train': 1}),train,5d8aa8a5bf819576,True,hirise_clean,0,C:\Users\deves\OneDrive\Desktop\Projects\TCMD-SS\data\raw\hirise_v3_2\map-proj-v3_2\ESP_016773_2010_RED-0001.jpg
map-proj-v3_2/PSP_008965_1510_RED-0239.jpg,ok,,JPEG,227.0,227.0,L,1.0,1.0,normal,crater,test,psp_008965_1510_red-0239,[],d1bfbba9c5c8cc62dabff4c00f5c0ab3bfca269d75ed6b47559718beeab5a66c,2246544df357516e265414a9df0e7dd535cf4a688be8891f205086f899a6aabf,8af292c74c91f2c7,115.53721205534748,18.444595075573524,5e7be2a0b7420363,[],1.0,psp_008965_1510,['test'],1.0,Counter({'test': 1}),train,8ec1c87e1acb9e4e,True,hirise_clean,0,C:\Users\deves\OneDrive\Desktop\Projects\TCMD-SS\data\raw\hirise_v3_2\map-proj-v3_2\PSP_008965_1510_RED-0239.jpg
map-proj-v3_2/ESP_016517_2655_RED-0013.jpg,ok,,JPEG,227.0,227.0,L,1.0,1.0,normal,dark dune,train,esp_016517_2655_red-0013,[],a64b04300db3513262ef7f3e4aa0e595339584343c4c61d3969342b05abe5d35,517e5338342ac9bb3415cb967dfecbd53f8456f0dc0ddc8956b26f19ed8f05b7,df22603f8a4563b3,135.70938694715596,14.074069502081784,8423d1ab9ab9cdd6,[],2.0,esp_016517_2655,['train'],2.0,Counter({'train': 2}),train,fd0db7f1b6955a04,True,hirise_clean,0,C:\Users\deves\OneDrive\Desktop\Projects\TCMD-SS\data\raw\hirise_v3_2\map-proj-v3_2\ESP_016517_2655_RED-0013.jpg
map-proj-v3_2/ESP_011289_1950_RED-0228.jpg,ok,,JPEG,227.0,227.0,L,1.0,1.0,normal,slope streak,test,esp_011289_1950_red-0228,[],4e63e6a283fb5891eb6b3c86922fdb3ea549886bf0a3f8f6c3117e2f17a31b6e,f8407e57da1d260fc2bd93727514d416d709ce175f8dab1463a04d16cffa079b,8ec2db1a72c61cf1,211.02823652700425,18.08647052345773,c81b7950cc84f716,[],3.0,esp_011289_1950,['test'],1.0,Counter({'test': 1}),train,99c2c4faf44c06e8,True,hirise_clean,0,C:\Users\deves\OneDrive\Desktop\Projects\TCMD-SS\data\raw\hirise_v3_2\map-proj-v3_2\ESP_011289_1950_RED-0228.jpg
map-proj-v3_2/ESP_012298_0930_RED-0481.jpg,ok,,JPEG,227.0,227.0,L,1.0,1.0,normal,swiss cheese,train,esp_012298_0930_red-0481,[],8bffb231e881f3cc08bcd446d15661f18d91ab1acb310731176f65033ad5c059,8a9406cd09076bbe1a3c9187267ae308ace5ea72a4d35d5c290453962e92416a,8f368c906cf3aa4e,100.3401967823944,16.90263670802665,db8bcf78664d8210,[],6.0,esp_012298_0930,['train'],2.0,Counter({'train': 2}),train,fd0db7f1b6955a04,True,hirise_clean,0,C:\Users\deves\OneDrive\Desktop\Projects\TCMD-SS\data\raw\hirise_v3_2\map-proj-v3_2\ESP_012298_0930_RED-0481.jpg
map-proj-v3_2/ESP_013049_0950_RED-0236.jpg,ok,,JPEG,227.0,227.0,L,1.0,1.0,normal,spider,train,esp_013049_0950_red-0236,[],86f43ac1c9a1deb06e94d1564775b4358a234fa6f3d44bf564069d8ddad76129,3989e43be9b6e29cee5a3dc750a37102f1371bd830892aef6fc1e56d6e46dde4,d5555455565352da,157.32482679656115,29.20756242000633,08a35605c6339912,['group_label_conflict'],7.0,esp_013049_0950,['train'],2.0,Counter({'train': 2}),train,fd0db7f1b6955a04,True,hirise_clean,0,C:\Users\deves\OneDrive\Desktop\Projects\TCMD-SS\data\raw\hirise_v3_2\map-proj-v3_2\ESP_013049_0950_RED-0236.jpg
map-proj-v3_2/ESP_029014_2150_RED-0653.jpg,ok,,JPEG,227.0,227.0,L,1.0,1.0,normal,other,train,esp_029014_2150_red-0653,[],297524ca7acc44825d34172183a4588eb9cbe590f4d831ff4d778bd33613a408,37e7f41673ce03241441b808b4d0af56b4f7748d08300e7811105d7f01f9affc,e662b098c4eec54f,125.0438782045062,20.17121390859474,41c18e3309fb9a78,[],0.0,esp_029014_2150,['train'],1.0,Counter({'train': 1}),train,8a3c833fbfa12cda,True,hirise_clean,0,C:\Users\deves\OneDrive\Desktop\Projects\TCMD-SS\data\raw\hirise_v3_2\map-proj-v3_2\ESP_029014_2150_RED-0653.jpg
map-proj-v3_2/ESP_034181_1695_RED-0018.jpg,ok,,JPEG,227.0,227.0,L,1.0,1.0,normal,crater,val,esp_034181_1695_red-0018,[],8d098a69f6cd41613db04ffa3348ae1018f33180023cab5466f8b0fdde76b0b5,ef3e5010ea6da2447fb4b4cddf5f47c7d388203067dfcfb27ea7bee2de8d5b0b,f471d9c4671ab431,110.29771584932756,20.72931338115657,dd91939b1d3b7c20,[],1.0,esp_034181_1695,['val'],1.0,Counter({'val': 1}),train,92d5fe76272a0364,True,hirise_clean,0,C:\Users\deves\OneDrive\Desktop\Projects\TCMD-SS\data\raw\hirise_v3_2\map-proj-v3_2\ESP_034181_1695_RED-0018.jpg
map-proj-v3_2/ESP_018720_2655_RED-0038.jpg,ok,,JPEG,227.0,227.0,L,1.0,1.0,normal,dark dune,test,esp_018720_2655_red-0038,[],d2fdfa3460f52d7e268b3c146f602f2122f56985528f54fe6740b89678b1add9,19668e4249119432c6fd4a519b534063e1f4f404f5c5dfdfdebbabe67d9bf7e7,ed17af983429c28b,45.21296745521939,15.63576002318959,3f9c2f82c6f82c58,[],2.0,esp_018720_2655,['test'],1.0,Counter({'test': 1}),train,7e7b4f2085af6bfe,True,hirise_clean,0,C:\Users\deves\OneDrive\Desktop\Projects\TCMD-SS\data\raw\hirise_v3_2\map-proj-v3_2\ESP_018720_2655_RED-0038.jpg
map-proj-v3_2/ESP_018840_1865_RED-0059.jpg,ok,,JPEG,227.0,227.0,L,1.0,1.0,normal,slope streak,train,esp_018840_1865_red-0059,[],03041eae73eb2b3182c8bc833f7929ea3a528f6ef12e166f49e430f382daf6d3,ed7b9f627df9bb6104b229bd6e33584ee546a7e480533ac30c2e0cc8d3dc8db2,9a362a4a35696b6d,150.5353684333094,62.47291431816581,2060d5cf0d2035af,[],3.0,esp_018840_1865,['train'],1.0,Counter({'train': 1}),train,568a551da03a5d8b,True,hirise_clean,0,C:\Users\deves\OneDrive\Desktop\Projects\TCMD-SS\data\raw\hirise_v3_2\map-proj-v3_2\ESP_018840_1865_RED-0059.jpg
map-proj-v3_2/ESP_012810_0925_RED-0028.jpg,ok,,JPEG,227.0,227.0,L,1.0,1.0,normal,swiss cheese,train,esp_012810_0925_red-0028,[],b51c4ff656ab40bf76240bf94db411c0f5e5b66aa7effc3e7b835a562a74e3c8,30d866a2f92595beeeadc65c244582aee87ff6fad5a86a04a8c8bccb2db23091,e63c84fe07719ec0,125.51895049389664,13.901993324776075,a71d0a521332e445,[],6.0,esp_012810_0925,['train'],1.0,Counter({'train': 1}),train,dd45fe812d8c375d,True,hirise_clean,0,C:\Users\deves\OneDrive\Desktop\Projects\TCMD-SS\data\raw\hirise_v3_2\map-proj-v3_2\ESP_012810_0925_RED-0028.jpg
map-proj-v3_2/ESP_013049_0950_RED-0013.jpg,ok,,JPEG,227.0,227.0,L,1.0,1.0,normal,spider,train,esp_013049_0950_red-0013,[],d735e9ddd4758df2b7b346ab14b6d14b405353b14de2d5dc39cfcfd13503a67d,be7b4ff0e42fefb63b16335d234bce0cb7d47850f13d472f79320a4f3a02df49,84e63d8770de6398,150.34720254613907,61.68867717309994,2e67892b2fafbac8,['group_label_conflict'],7.0,esp_013049_0950,['train'],2.0,Counter({'train': 2}),train,fd0db7f1b6955a04,True,hirise_clean,0,C:\Users\deves\OneDrive\Desktop\Projects\TCMD-SS\data\raw\hirise_v3_2\map-proj-v3_2\ESP_013049_0950_RED-0013.jpg
map-proj-v3_2/ESP_025151_1570_RED-0299.jpg,ok,,JPEG,227.0,227.0,L,1.0,1.0,normal,other,train,esp_025151_1570_red-0299,[],f506ee431e1277d6af5df357801f3e2740fa206ef6429b88d1e65be24a058190,6fd2d603f45b2f148b1776305d0b84c3bf0e0c9a2c15da097a890b11ea93adb6,c7c3a3c7c983171c,95.72013817462012,20.02618321060387,7d335e69028a9051,[],0.0,esp_025151_1570,['train'],1.0,Counter({'train': 1}),train,24206087cc341bd3,True,hirise_clean,0,C:\Users\deves\OneDrive\Desktop\Projects\TCMD-SS\data\raw\hirise_v3_2\map-proj-v3_2\ESP_025151_1570_RED-0299.jpg
map-proj-v3_2/ESP_016607_2080_RED-0273.jpg,ok,,JPEG,227.0,227.0,L,1.0,1.0,normal,crater,val,esp_016607_2080_red-0273,[],9113d375fa9f33709e5a8da834d29aa2a650b0de4ac1a5de59a7bf15ad256455,8ff15159cf6455e7e46ae0a64314c2ae8e1fa00d6c96362524b0a2f3def48935,c7365934374ed618,145.7052145393856,12.895006976744776,a72ca88aff9f66da,[],1.0,esp_016607_2080,['val'],1.0,Counter({'val': 1}),train,a94c9b1b3775c694,True,hirise_clean,0,C:\Users\deves\OneDrive\Desktop\Projects\TCMD-SS\data\raw\hirise_v3_2\map-proj-v3_2\ESP_016607_2080_RED-0273.jpg
map-proj-v3_2/ESP_018720_2655_RED-0070.jpg,ok,,JPEG,227.0,227.0,L,1.0,1.0,normal,dark dune,test,esp_018720_2655_red-0070,[],e13f9709ae4d20d0d569a079feacfa39d696a8a3b9d6052362c3a728f88176f6,e8df8b6a18b15f64f67846fb03f7e4d051cd07722037703678a8dd3ae93af85d,9824a6c77fac42cd,55.19173669195987,15.178771701129582,d838ed14ed99c549,[],2.0,esp_018720_2655,['test'],1.0,Counter({'test': 1}),train,7e7b4f2085af6bfe,True,hirise_clean,0,C:\Users\deves\OneDrive\Desktop\Projects\TCMD-SS\data\raw\hirise_v3_2\map-proj-v3_2\ESP_018720_2655_RED-0070.jpg
map-proj-v3_2/ESP_018416_2060_RED-0193.jpg,ok,,JPEG,227.0,227.0,L,1.0,1.0,normal,slope streak,val,esp_018416_2060_red-0193,[],fab1cb8124bd6f3756011056f5cae3ace0cd3932f5663c3e002e17f16b9a885f,d6012d6091aedae134d8efdc08c5c9e008863ded0201f8b1feb30a64f93e1a6c,c495b326e0af0de9,205.627646567952,21.40589361659432,d3ac014cc91abb26,[],3.0,esp_018416_2060,['val'],1.0,Counter({'val': 1}),train,deb5bd200e2850f3,True,hirise_clean,0,C:\Users\deves\OneDrive\Desktop\Projects\TCMD-SS\data\raw\hirise_v3_2\map-proj-v3_2\ESP_018416_2060_RED-0193.jpg
map-proj-v3_2/ESP_011661_0930_RED-0021.jpg,ok,,JPEG,227.0,227.0,L,1.0,1.0,normal,swiss cheese,val,esp_011661_0930_red-0021,[],9de8c9600b62fd555b4eb08063a75dd20ad84d56ef48b6c18faf46e8aefd1357,9a4a023ffc5b890a94aed23cdc134df496a762b1633865cc76c6a1b5631e8846,93c174b86e9349b6,45.47841021560674,33.08434868331547,fea95f379a391ff7,[],6.0,esp_011661_0930,['val'],2.0,Counter({'val': 2}),train,d32aad3ef9d09cb3,True,hirise_clean,0,C:\Users\deves\OneDrive\Desktop\Projects\TCMD-SS\data\raw\hirise_v3_2\map-proj-v3_2\ESP_011661_0930_RED-0021.jpg
map-proj-v3_2/ESP_013049_0950_RED-0088.jpg,ok,,JPEG,227.0,227.0,L,1.0,1.0,normal,spider,train,esp_013049_0950_red-0088,[],389de6f3f40b520102951e20c21ffda077f1e3e855fa3b624ecf17a24c251dd1,b0c666429207ac10c68644ecfb4d7e3d791ff7daa12adeba8fed7f91c243f633,d5aa55ab55a855a8,184.6759106522541,24.965033167516232,526f586279fc390f,['group_label_conflict'],7.0,esp_013049_0950,['train'],2.0,Counter({'train': 2}),train,fd0db7f1b6955a04,True,hirise_clean,0,C:\Users\deves\OneDrive\Desktop\Projects\TCMD-SS\data\raw\hirise_v3_2\map-proj-v3_2\ESP_013049_0950_RED-0088.jpg
map-proj-v3_2/PSP_008965_1510_RED-0134.jpg,ok,,JPEG,227.0,227.0,L,1.0,1.0,normal,other,test,psp_008965_1510_red-0134,[],a4abe99760bed8ead4a0d8690d062465aa64324b480512f66041ec2e36be286b,96e8f1eeb0f41cb332fdc4785c9ddde36e49f4cb9f4a4bd6171ee43b84e280d8,e9f2d49d51849d31,119.43684139028508,17.316463216130522,73ac0889928006c7,[],0.0,psp_008965_1510,['test'],1.0,Counter({'test': 1}),train,8ec1c87e1acb9e4e,True,hirise_clean,0,C:\Users\deves\OneDrive\Desktop\Projects\TCMD-SS\data\raw\hirise_v3_2\map-proj-v3_2\PSP_008965_1510_RED-0134.jpg
map-proj-v3_2/ESP_034557_1510_RED-0381.jpg,ok,,JPEG,227.0,227.0,L,1.0,1.0,normal,crater,val,esp_034557_1510_red-0381,[],d772e1812d8f78a2e8708f17fc8b6fcdfc65e05a1e576e8c4fd6245cdb798581,d69882d45cd5f47cba3465fa3ad370b03f2e9f6d683ec8f35666ca2764591d12,aeead080953f3c78,117.76337596304994,17.517824759548883,9884d70e97659496,[],1.0,esp_034557_1510,['val'],1.0,Counter({'val': 1}),train,a507b3899c76af06,True,hirise_clean,0,C:\Users\deves\OneDrive\Desktop\Projects\TCMD-SS\data\raw\hirise_v3_2\map-proj-v3_2\ESP_034557_1510_RED-0381.jpg
map-proj-v3_2/ESP_018720_2655_RED-0045.jpg,ok,,JPEG,227.0,227.0,L,1.0,1.0,normal,dark dune,test,esp_018720_2655_red-0045,[],93b1d1094984ebc2db39b39cc048970e36f67a869963f3af8219a15a0829b4dc,47e707309b41efa9dfed4af0f3a135b324aec2aff2bdada3f9a15f407f4ef84a,e765d849699b9232,64.07723806012149,11.637968299019798,4f0c3b7aa9ec49d3,[],2.0,esp_018720_2655,['test'],1.0,Counter({'test': 1}),train,7e7b4f2085af6bfe,True,hirise_clean,0,C:\Users\deves\OneDrive\Desktop\Projects\TCMD-SS\data\raw\hirise_v3_2\map-proj-v3_2\ESP_018720_2655_RED-0045.jpg
map-proj-v3_2/ESP_012810_0925_RED-0113.jpg,ok,,JPEG,227.0,227.0,L,1.0,1.0,normal,swiss cheese,train,esp_012810_0925_red-0113,[],1c5133e0eea71207aefcc5dcb117c4fe45b3333272c0c9b301c2622d58856a2f,fbc4b9730a3c21dc479f56be317188a70a7a4835533f73375403e4a26b3c29a8,e67959cee9083c85,122.8501426381261,17.86600186979328,68fa0075691a9deb,[],6.0,esp_012810_0925,['train'],1.0,Counter({'train': 1}),train,dd45fe812d8c375d,True,hirise_clean,0,C:\Users\deves\OneDrive\Desktop\Projects\TCMD-SS\data\raw\hirise_v3_2\map-proj-v3_2\ESP_012810_0925_RED-0113.jpg
map-proj-v3_2/ESP_013049_0950_RED-0152.jpg,ok,,JPEG,227.0,227.0,L,1.0,1.0,normal,spider,train,esp_013049_0950_red-0152,[],a11feb88c0c208943ba2118a7e8e76dfdf5df44784d6d331e50904dc46c76fbd,5374dda1a21332309ad88e3cec5f7e03736a6bf5b37ca51d1a44380b4fdbbe36,e723fad9824664d4,184.51219701527296,14.6229766485115,d52fffb943972824,[],7.0,esp_013049_0950,['train'],2.0,Counter({'train': 2}),train,fd0db7f1b6955a04,True,hirise_clean,0,C:\Users\deves\OneDrive\Desktop\Projects\TCMD-SS\data\raw\hirise_v3_2\map-proj-v3_2\ESP_013049_0950_RED-0152.jpg
map-proj-v3_2/ESP_034557_1510_RED-0150.jpg,ok,,JPEG,227.0,227.0,L,1.0,1.0,normal,other,val,esp_034557_1510_red-0150,[],447b2051372e99c3d3b4680e2cc1a2a1545023f93c4168ae74f49285b361226e,517c646df8fa1dc4d38f21c5a26cf9bc22da134eb6fe55bcf8734e0e75a6ab5a,ac4c521cad474d9f,143.83506375050942,16.372091983885536,6263f0b4822e9898,[],0.0,esp_034557_1510,['val'],1.0,Counter({'val': 1}),train,a507b3899c76af06,True,hirise_clean,0,C:\Users\deves\OneDrive\Desktop\Projects\TCMD-SS\data\raw\hirise_v3_2\map-proj-v3_2\ESP_034557_1510_RED-0150.jpg
map-proj-v3_2/PSP_002776_2025_RED-0080.jpg,ok,,JPEG,227.0,227.0,L,1.0,1.0,normal,crater,val,psp_002776_2025_red-0080,[],6990a73dcb63adc9fb2af26d28050e7e4a552a73d28b296f9131cfa2df4db7c0,290bc309d3aa3c28a8d90f4ea65f9482af2f7b1cc544a69ef79076e94d841847,e67499c905f585d4,137.6011178171515,18.150754526458424,2b43c0097317de4f,[],1.0,psp_002776_2025,['val'],1.0,Counter({'val': 1}),train,6add78d65b8d95f4,True,hirise_clean,0,C:\Users\deves\OneDrive\Desktop\Projects\TCMD-SS\data\raw\hirise_v3_2\map-proj-v3_2\PSP_002776_2025_RED-0080.jpg
map-proj-v3_2/ESP_018720_2655_RED-0114.jpg,ok,,JPEG,227.0,227.0,L,1.0,1.0,normal,dark dune,test,esp_018720_2655_red-0114,[],febff55c5c33da70e2a62ccfe7b80ebbfe891af082aa0e9f76ea83bd26cbd69c,67c1895e15e55be6f8d9f6c2e49c43dac66ca0300d8ee0c955c7654c87ea7631,e24a98736b4b4a4f,48.01387568165499,10.763122565892566,059d99b973bdfc78,[],2.0,esp_018720_2655,['test'],1.0,Counter({'test': 1}),train,7e7b4f2085af6bfe,True,hirise_clean,0,C:\Users\deves\OneDrive\Desktop\Projects\TCMD-SS\data\raw\hirise_v3_2\map-proj-v3_2\ESP_018720_2655_RED-0114.jpg
map-proj-v3_2/ESP_016715_2025_RED-0077.jpg,ok,,JPEG,227.0,227.0,L,1.0,1.0,normal,slope streak,train,esp_016715_2025_red-0077,[],f5397b82b09ffec582738214d2d97a6c7761f7e75f61a98979cb5527d363dc6b,f973adb8a13bbec37aee75b046bd312ecd77d9f954c6b7ef3fc5e0aef73e020c,a265d836c1b9da0f,149.40794504065673,22.53922367775372,fb8cfe8d6bb8849f,[],3.0,esp_016715_2025,['train'],1.0,Counter({'train': 1}),train,69458dd6183b1830,True,hirise_clean,0,C:\Users\deves\OneDrive\Desktop\Projects\TCMD-SS\data\raw\hirise_v3_2\map-proj-v3_2\ESP_016715_2025_RED-0077.jpg
map-proj-v3_2/ESP_012810_0925_RED-0101.jpg,ok,,JPEG,227.0,227.0,L,1.0,1.0,normal,swiss cheese,train,esp_012810_0925_red-0101,[],d5209e127783c001a2622fd9b1fb64a2bb740d3ceb7a5aa40ef08e2caefb2322,7394d29f9d6c5ba31bfa865b90c9e6c4bbd858558219414f5352662e2218c01c,f02e894d14cee6e3,123.04341244735974,14.461719665446138,69454860e1c3296a,[],6.0,esp_012810_0925,['train'],1.0,Counter({'train': 1}),train,dd45fe812d8c375d,True,hirise_clean,0,C:\Users\deves\OneDrive\Desktop\Projects\TCMD-SS\data\raw\hirise_v3_2\map-proj-v3_2\ESP_012810_0925_RED-0101.jpg
map-proj-v3_2/ESP_013049_0950_RED-0108.jpg,ok,,JPEG,227.0,227.0,L,1.0,1.0,normal,spider,train,esp_013049_0950_red-0108,[],0b7bc091cac6f8df0588181d50e3918662d332e28dde560e1fe327a68537e120,d439e411ba8b2d8c10e30d53f6b4e8cc32ebef8bb554fdb6e72f98cc86014d58,e3ac083375243afb,189.91612490054143,16.042939704892614,35720113c0af7caf,[],7.0,esp_013049_0950,['train'],2.0,Counter({'train': 2}),train,fd0db7f1b6955a04,True,hirise_clean,0,C:\Users\deves\OneDrive\Desktop\Projects\TCMD-SS\data\raw\hirise_v3_2\map-proj-v3_2\ESP_013049_0950_RED-0108.jpg
map-proj-v3_2/ESP_017770_1990_RED-0277.jpg,ok,,JPEG,227.0,227.0,L,1.0,1.0,normal,other,train,esp_017770_1990_red-0277,[],dd96c953f3a05f9b10142591fc7db10515824a0a3955b1a365e3c094cd28d7fb,19a9397899bad026690aaebf016ddbec5cd7cc31e15c090c79f23667a2f99041,8f3419d976072d99,136.4905975276058,17.58211298935843,ab39a42440a6a993,[],0.0,esp_017770_1990,['train'],1.0,Counter({'train': 1}),train,f345152edef783a2,True,hirise_clean,0,C:\Users\deves\OneDrive\Desktop\Projects\TCMD-SS\data\raw\hirise_v3_2\map-proj-v3_2\ESP_017770_1990_RED-0277.jpg
map-proj-v3_2/ESP_027802_1685_RED-0233.jpg,ok,,JPEG,227.0,227.0,L,1.0,1.0,normal,crater,train,esp_027802_1685_red-0233,[],bf999151d76f90abfbd869137e8dd8332aedd04b48342801e7d4d31d4764bbfc,f645d258328c0e6327aed96425ca4af04377ffe93b77b5322c496ef487fc1a5e,8bf68e199326b439,128.71633449125736,11.590197577030706,a35ede1a055caa76,[],1.0,esp_027802_1685,['train'],1.0,Counter({'train': 1}),train,05f954ef1369c4ae,True,hirise_clean,0,C:\Users\deves\OneDrive\Desktop\Projects\TCMD-SS\data\raw\hirise_v3_2\map-proj-v3_2\ESP_027802_1685_RED-0233.jpg
map-proj-v3_2/ESP_018720_2655_RED-0145.jpg,ok,,JPEG,227.0,227.0,L,1.0,1.0,normal,dark dune,test,esp_018720_2655_red-0145,[],d240c2ea2febc7fa96e087d4623310eff6df17e9d985ae6f006b5c6b3d479d0b,dbf70db002863b6fb70dd3bb6c7307bde39bfbbec1a37b13098df2592d7e0953,ec2a19547553c74e,20.86487220788294,14.952809974532462,8d49a0cb217bb472,[],2.0,esp_018720_2655,['test'],1.0,Counter({'test': 1}),train,7e7b4f2085af6bfe,True,hirise_clean,0,C:\Users\deves\OneDrive\Desktop\Projects\TCMD-SS\data\raw\hirise_v3_2\map-proj-v3_2\ESP_018720_2655_RED-0145.jpg
map-proj-v3_2/ESP_018416_2060_RED-0281.jpg,ok,,JPEG,227.0,227.0,L,1.0,1.0,normal,slope streak,val,esp_018416_2060_red-0281,[],39c6e8e2845c54fc8473a88005e08f03b402320db25b18f3265a86387b21e0c6,865f561e217346542d1bde20c66f284f27b44b362c9171c9726c699e05eba70a,85c1fdec2c87d2e0,219.52279299035496,15.15165912231656,f3b0f5060a98b438,[],3.0,esp_018416_2060,['val'],1.0,Counter({'val': 1}),train,deb5bd200e2850f3,True,hirise_clean,0,C:\Users\deves\OneDrive\Desktop\Projects\TCMD-SS\data\raw\hirise_v3_2\map-proj-v3_2\ESP_018416_2060_RED-0281.jpg
map-proj-v3_2/ESP_012298_0930_RED-0257.jpg,ok,,JPEG,227.0,227.0,L,1.0,1.0,normal,swiss cheese,train,esp_012298_0930_red-0257,[],55de6193f81996d1e6e33b90681c65bb095810b2e4400b0d9eae3ace6146a482,0e86431b792efd3c95fd3b2eba756ca1ee4bff13281176d76db8521fca80c717,edc28c3972a25f38,101.37336257253196,13.128119822712977,6db6a18a5c2c43ed,[],6.0,esp_012298_0930,['train'],2.0,Counter({'train': 2}),train,fd0db7f1b6955a04,True,hirise_clean,0,C:\Users\deves\OneDrive\Desktop\Projects\TCMD-SS\data\raw\hirise_v3_2\map-proj-v3_2\ESP_012298_0930_RED-0257.jpg
map-proj-v3_2/ESP_013049_0950_RED-0240.jpg,ok,,JPEG,227.0,227.0,L,1.0,1.0,normal,spider,train,esp_013049_0950_red-0240,[],592f6a502308e0d3c70fa47bae026d37de30cb99a83cc69f6a9e550ea8c51c45,f89b9cfe206e203245e84f4a95d860ec16ca6a789015faf9a95d50b1089caacc,911f1f7a78612167,133.09012400784025,65.7237508949447,13102d4e06ed42b4,[],7.0,esp_013049_0950,['train'],2.0,Counter({'train': 2}),train,fd0db7f1b6955a04,True,hirise_clean,0,C:\Users\deves\OneDrive\Desktop\Projects\TCMD-SS\data\raw\hirise_v3_2\map-proj-v3_2\ESP_013049_0950_RED-0240.jpg
map-proj-v3_2/PSP_006615_1910_RED-0226.jpg,ok,,JPEG,227.0,227.0,L,1.0,1.0,normal,other,val,psp_006615_1910_red-0226,[],58ae6312e36dc3c31f8cb994f50a4f66bb388809140e33ba3eaf192d1e52ff02,cdde288c9ee165218aadb8e5b49faceeb2000f8bd7d602ca4f24307da64e709e,dda671a2ea705287,134.94030545906188,22.628619562989616,87aea007e325da07,[],0.0,psp_006615_1910,['val'],1.0,Counter({'val': 1}),train,038fe7e62470ab5e,True,hirise_clean,0,C:\Users\deves\OneDrive\Desktop\Projects\TCMD-SS\data\raw\hirise_v3_2\map-proj-v3_2\PSP_006615_1910_RED-0226.jpg
map-proj-v3_2/PSP_002776_2025_RED-0090.jpg,ok,,JPEG,227.0,227.0,L,1.0,1.0,normal,crater,val,psp_002776_2025_red-0090,[],f9a63c27b7491891b15b863fa810bcf149094f96fb5d0413ee9a43dc495bc1ca,393dc88f09aa3984ec03159231cf01447944ae2944280f8398f6b83973fe3719,e4729b4866b78d64,137.12080575986337,13.073081159067812,97a271369a3b32f2,[],1.0,psp_002776_2025,['val'],1.0,Counter({'val': 1}),train,6add78d65b8d95f4,True,hirise_clean,0,C:\Users\deves\OneDrive\Desktop\Projects\TCMD-SS\data\raw\hirise_v3_2\map-proj-v3_2\PSP_002776_2025_RED-0090.jpg
map-proj-v3_2/ESP_014429_1940_RED-0032.jpg,ok,,JPEG,227.0,227.0,L,1.0,1.0,normal,dark dune,train,esp_014429_1940_red-0032,[],f5f0757d9bc074c090b3e57cc1aa728cd6852343173038e95b8f2fb8c2422b7a,c520e6ea1580111c0dc2b004ca7556814afd48cb4cc61f8090dd33b350e7f0bc,f2d98eac09263799,37.449222767761846,14.558819816122227,e33b818363c47f3e,[],2.0,esp_014429_1940,['train'],1.0,Counter({'train': 1}),train,6105a7ec37f5123b,True,hirise_clean,0,C:\Users\deves\OneDrive\Desktop\Projects\TCMD-SS\data\raw\hirise_v3_2\map-proj-v3_2\ESP_014429_1940_RED-0032.jpg
map-proj-v3_2/PSP_002776_2025_RED-0113.jpg,ok,,JPEG,227.0,227.0,L,1.0,1.0,normal,slope streak,val,psp_002776_2025_red-0113,[],38e2c488327ee102564070483770215fa7fe166dd5c681dd14c9e0604817fc64,8baba0a19b58b136334ce7098f4736513d8886a6032778bc8327a86fbf818c2f,80de69f316555157,188.97593588076617,23.59298888611152,3b985ee29ce80be6,[],3.0,psp_002776_2025,['val'],1.0,Counter({'val': 1}),train,6add78d65b8d95f4,True,hirise_clean,0,C:\Users\deves\OneDrive\Desktop\Projects\TCMD-SS\data\raw\hirise_v3_2\map-proj-v3_2\PSP_002776_2025_RED-0113.jpg
map-proj-v3_2/ESP_012810_0925_RED-0139.jpg,ok,,JPEG,227.0,227.0,L,1.0,1.0,normal,swiss cheese,train,esp_012810_0925_red-0139,[],b17c6ae7d9ec86bf7e227dbe9d8fb04df6fdc2c80dad13721b11db9d562cde40,13d50c790a965f51b4af08999601c56f5f0a5275563388798a493292a22f1f19,97e23b81f4d258c9,129.6234547536339,13.54108414064211,9c730b11f8f000b0,[],6.0,esp_012810_0925,['train'],1.0,Counter({'train': 1}),train,dd45fe812d8c375d,True,hirise_clean,0,C:\Users\deves\OneDrive\Desktop\Projects\TCMD-SS\data\raw\hirise_v3_2\map-proj-v3_2\ESP_012810_0925_RED-0139.jpg
map-proj-v3_2/ESP_013049_0950_RED-0230.jpg,ok,,JPEG,227.0,227.0,L,1.0,1.0,normal,spider,train,esp_013049_0950_red-0230,[],34f54657ea84873d2e095d2ebd9f90291e8b733b23b4eff5f6bae0d517030724,2befe9e344d6e186250e83747f668597f5bb41ddbeb56b4a6a9bb8fc3528d974,c340060b0f2f3fbf,153.99747714879,52.91603874622516,8181e358897b56b0,[],7.0,esp_013049_0950,['train'],2.0,Counter({'train': 2}),train,fd0db7f1b6955a04,True,hirise_clean,0,C:\Users\deves\OneDrive\Desktop\Projects\TCMD-SS\data\raw\hirise_v3_2\map-proj-v3_2\ESP_013049_0950_RED-0230.jpg
map-proj-v3_2/ESP_013161_1715_RED-0047.jpg,ok,,JPEG,227.0,227.0,L,1.0,1.0,normal,crater,test,esp_013161_1715_red-0047,[],8c5aa16458d8060026a0b106e4fe864a7ce03607b6547ae53ef0f0198d5c5fb2,8bb9ea81729a443c647a89fcde109767e53fb4c63fb90fc5e0c1d1e5d0294f29,e478989c676e9392,165.31826738341516,21.746744297865696,01d0fe2b6a8be943,[],1.0,esp_013161_1715,['test'],1.0,Counter({'test': 1}),train,5fbc3e4e88fe28f2,True,hirise_clean,0,C:\Users\deves\OneDrive\Desktop\Projects\TCMD-SS\data\raw\hirise_v3_2\map-proj-v3_2\ESP_013161_1715_RED-0047.jpg
map-proj-v3_2/ESP_018720_2655_RED-0162.jpg,ok,,JPEG,227.0,227.0,L,1.0,1.0,normal,dark dune,test,esp_018720_2655_red-0162,[],0b676a442902416e51c5cb4346ba8b6aab66cf3069f68db5a46c26ab579530bd,c7afe06624bb1f0fd9d8e9acf98fc1d9af87a8e0f2f5e3c340f46e33d1169140,9e3203096c87f36f,13.956238234780416,12.37350937098932,196546114ef7b2df,[],2.0,esp_018720_2655,['test'],1.0,Counter({'test': 1}),train,7e7b4f2085af6bfe,True,hirise_clean,0,C:\Users\deves\OneDrive\Desktop\Projects\TCMD-SS\data\raw\hirise_v3_2\map-proj-v3_2\ESP_018720_2655_RED-0162.jpg
map-proj-v3_2/ESP_012652_0950_RED-0126.jpg,ok,,JPEG,227.0,227.0,L,1.0,1.0,normal,swiss cheese,val,esp_012652_0950_red-0126,[],d51e1e244bbfa8b7b30eb63b6dc23311a48a9f60e622b0b074d6323a7fc8ab4b,41b88632ef6a15ce3ab5b87b90b7e19192f5875471b4223390ea2e6cb090bcdd,a4851a8de4e6f0fc,75.91988977080867,17.973534435148824,478bd99ec08186dd,[],6.0,esp_012652_0950,['val'],2.0,Counter({'val': 2}),train,c50d4aa09fb62293,True,hirise_clean,0,C:\Users\deves\OneDrive\Desktop\Projects\TCMD-SS\data\raw\hirise_v3_2\map-proj-v3_2\ESP_012652_0950_RED-0126.jpg
map-proj-v3_2/ESP_011348_0950_RED-0005.jpg,ok,,JPEG,227.0,227.0,L,1.0,1.0,normal,spider,train,esp_011348_0950_red-0005,[],d0a8c223b51c9473dda0908aaa781dffa3bb24fe2b6a63f018c910014d9b717f,e7b86bf12a8b7b12656048ca3192d3e44d197d3e5b43c7cf549c720c13f57adb,811b3f70610367fe,117.69248384404898,54.32837508915501,c4530702acb7bea1,['group_label_conflict'],7.0,esp_011348_0950,['train'],2.0,Counter({'train': 2}),train,6f4990db59226a1f,True,hirise_clean,0,C:\Users\deves\OneDrive\Desktop\Projects\TCMD-SS\data\raw\hirise_v3_2\map-proj-v3_2\ESP_011348_0950_RED-0005.jpg
map-proj-v3_2/ESP_036804_2345_RED-0287.jpg,ok,,JPEG,227.0,227.0,L,1.0,1.0,normal,other,train,esp_036804_2345_red-0287,[],cee1135f83c84763497b46736a02265dbfcaccd5ab90ef6ba1cecac9de0b2a84,3bb4202b3ecab38c4ad1243bb09ea75d4037a89ed32fc35952228cf3216a1f0e,d555329a4c1733f8,109.1854683770304,26.298871912558752,e0c65e1d8fb4a4e2,[],0.0,esp_036804_2345,['train'],1.0,Counter({'train': 1}),train,b334f4f0d374317a,True,hirise_clean,0,C:\Users\deves\OneDrive\Desktop\Projects\TCMD-SS\data\raw\hirise_v3_2\map-proj-v3_2\ESP_036804_2345_RED-0287.jpg
map-proj-v3_2/ESP_019697_2020_RED-0087.jpg,ok,,JPEG,227.0,227.0,L,1.0,1.0,normal,crater,train,esp_019697_2020_red-0087,[],f3511329478dc418a7fb16910b429db4999f7be6dc31ce753e78f84a036f7cc7,cf500565edf7d76157f2d40ca74d41a5383e1458b48fefc1d01c7232a70aacc5,ccb1738cc8db2726,92.12942226707293,22.50106070796188,591149158759ebc3,[],1.0,esp_019697_2020,['train'],2.0,Counter({'train': 2}),train,8dc310e95be70b1f,True,hirise_clean,0,C:\Users\deves\OneDrive\Desktop\Projects\TCMD-SS\data\raw\hirise_v3_2\map-proj-v3_2\ESP_019697_2020_RED-0087.jpg
map-proj-v3_2/ESP_018720_2655_RED-0068.jpg,ok,,JPEG,227.0,227.0,L,1.0,1.0,normal,dark dune,test,esp_018720_2655_red-0068,[],402ed633b889c63f834b0d09b373d6f245bbaacc498f6165718dc9d6cf44cd0b,bfba8dc3f5c422de14c7aa6d09e3e4ef9dd8bd11f794577645ea6744107f2769,cd28b166da318a5f,38.99505133031885,12.05395322675241,a4f8f7ac94fb9683,[],2.0,esp_018720_2655,['test'],1.0,Counter({'test': 1}),train,7e7b4f2085af6bfe,True,hirise_clean,0,C:\Users\deves\OneDrive\Desktop\Projects\TCMD-SS\data\raw\hirise_v3_2\map-proj-v3_2\ESP_018720_2655_RED-0068.jpg
map-proj-v3_2/ESP_018416_2060_RED-0132.jpg,ok,,JPEG,227.0,227.0,L,1.0,1.0,normal,slope streak,val,esp_018416_2060_red-0132,[],f80c2bf8b92c6a593f74033e949b906001b29ec55315562bde6ca5790638e4cf,bacccb5bb6610893c8ace17356389fd7e9e198081e763f54e0244d2bf8971f7c,ec7a8123a69dba0b,198.4356964039667,14.866097584166218,06c8c45356753876,[],3.0,esp_018416_2060,['val'],1.0,Counter({'val': 1}),train,deb5bd200e2850f3,True,hirise_clean,0,C:\Users\deves\OneDrive\Desktop\Projects\TCMD-SS\data\raw\hirise_v3_2\map-proj-v3_2\ESP_018416_2060_RED-0132.jpg
map-proj-v3_2/ESP_012298_0930_RED-0333.jpg,ok,,JPEG,227.0,227.0,L,1.0,1.0,normal,swiss cheese,train,esp_012298_0930_red-0333,[],ef2ad5a3644b876b4ae1b025f9c2f4c3e023f707c2fec726c116454e70c437ac,fdba5e3b067b3b551fa3202c2b24de9fb05f43a9078cbc73454b9e18da7650b1,c051d5b1a30aee7b,98.2739234217625,16.310112413618196,fd841a1a1a30663c,[],6.0,esp_012298_0930,['train'],2.0,Counter({'train': 2}),train,fd0db7f1b6955a04,True,hirise_clean,0,C:\Users\deves\OneDrive\Desktop\Projects\TCMD-SS\data\raw\hirise_v3_2\map-proj-v3_2\ESP_012298_0930_RED-0333.jpg
map-proj-v3_2/PSP_003470_0930_RED-0109.jpg,ok,,JPEG,227.0,227.0,L,1.0,1.0,normal,spider,test,psp_003470_0930_red-0109,[],425ab24e218991dcdf7b2e11c3b30baea3a8136521ca49d453988de8077e9714,834214e0203dc1d3e2d7980989976b74a17030640acefd8303d7ea4879ad420a,9b7166ca99336646,16.07287158687341,11.927865247426856,dbe2ac6730ca2635,[],7.0,psp_003470_0930,['test'],1.0,Counter({'test': 1}),train,1e3c8989fe6df1fa,True,hirise_clean,0,C:\Users\deves\OneDrive\Desktop\Projects\TCMD-SS\data\raw\hirise_v3_2\map-proj-v3_2\PSP_003470_0930_RED-0109.jpg
map-proj-v3_2/ESP_019207_2450_RED-0094.jpg,ok,,JPEG,227.0,227.0,L,1.0,1.0,normal,other,val,esp_019207_2450_red-0094,[],6e844597c035fce6a3eb5723d7104fb53a75aa0a95cf8b49c30d72de97c2c30b,caef38c35f790502371c27b9b91eb9c839e7edddec0fb6a5e068248559e59d46,8c51b3d911be49ba,87.24264006675853,14.880905515905356,c0ae6c340e47d1e1,[],0.0,esp_019207_2450,['val'],1.0,Counter({'val': 1}),train,484ed8d0e232cc3e,True,hirise_clean,0,C:\Users\deves\OneDrive\Desktop\Projects\TCMD-SS\data\raw\hirise_v3_2\map-proj-v3_2\ESP_019207_2450_RED-0094.jpg
map-proj-v3_2/ESP_016607_2080_RED-0138.jpg,ok,,JPEG,227.0,227.0,L,1.0,1.0,normal,crater,val,esp_016607_2080_red-0138,[],31bf00a96a9bc106f94f2cae9af9259173b1ce9e165b9fa153c733434d894342,be0450f4d3b600cb06f5da54a3eced4618ae6a7c2ece0d6ac389aca22981f46e,db99e4c33030e9cb,139.33427778532476,13.875914297676228,6f203e4a2a4d70fc,[],1.0,esp_016607_2080,['val'],1.0,Counter({'val': 1}),train,a94c9b1b3775c694,True,hirise_clean,0,C:\Users\deves\OneDrive\Desktop\Projects\TCMD-SS\data\raw\hirise_v3_2\map-proj-v3_2\ESP_016607_2080_RED-0138.jpg
map-proj-v3_2/ESP_018321_2565_RED-0068.jpg,ok,,JPEG,227.0,227.0,L,1.0,1.0,normal,dark dune,train,esp_018321_2565_red-0068,[],095a3323df05c5a2a8d7b818fa6c471c4e5025bc64e2762d7f2ffa2dfa0520ff,38cda679d35126a8317e88f38e350954ed9d83320e66b1e6d98b6f17f237954d,aacd250d1de91b36,36.00496807622892,14.541222795847148,ce8e739d3ce4346b,[],2.0,esp_018321_2565,['train'],1.0,Counter({'train': 1}),train,a981f117e9b1dfe1,True,hirise_clean,0,C:\Users\deves\OneDrive\Desktop\Projects\TCMD-SS\data\raw\hirise_v3_2\map-proj-v3_2\ESP_018321_2565_RED-0068.jpg
map-proj-v3_2/ESP_018416_2060_RED-0285.jpg,ok,,JPEG,227.0,227.0,L,1.0,1.0,normal,slope streak,val,esp_018416_2060_red-0285,[],5c984585accb3f13d56de9332423b2e5584e509bce419d5ddabafff18ef03ddb,95d7ad6487f4976e923e787851b06ec75aadb0cb934eeb4d81d01b9855a580fb,a297c4683d9e66b2,186.32897979778377,15.3409573822075,362cd6b428bb7fee,[],3.0,esp_018416_2060,['val'],1.0,Counter({'val': 1}),train,deb5bd200e2850f3,True,hirise_clean,0,C:\Users\deves\OneDrive\Desktop\Projects\TCMD-SS\data\raw\hirise_v3_2\map-proj-v3_2\ESP_018416_2060_RED-0285.jpg
map-proj-v3_2/PSP_003470_0930_RED-0146.jpg,ok,,JPEG,227.0,227.0,L,1.0,1.0,normal,spider,test,psp_003470_0930_red-0146,[],e2b4e5f0e5ac8fa3363c73aac5313461841f6bfd053ca9db4be4430f9675a54f,80854d287e599e92fffa2dbb12655fe8e6f3a362bd290ee36474412662f11630,9d35b5b183e63258,34.35368433309399,22.73316297845537,30e9c29c18c58ba0,[],7.0,psp_003470_0930,['test'],1.0,Counter({'test': 1}),train,1e3c8989fe6df1fa,True,hirise_clean,0,C:\Users\deves\OneDrive\Desktop\Projects\TCMD-SS\data\raw\hirise_v3_2\map-proj-v3_2\PSP_003470_0930_RED-0146.jpg
map-proj-v3_2/ESP_016730_1960_RED-0494.jpg,ok,,JPEG,227.0,227.0,L,1.0,1.0,normal,other,train,esp_016730_1960_red-0494,[],082c570730cb28f2ff66e290897fe049ebe0e85b86c197d43fc24cd2aba54a36,93882bd4f650f74aa0cc5bfb6d998e17f60036663b0473d516ee9aa02bf0a398,e342dc99acb2b364,126.22563993091268,16.374150960129413,81d62dda5b474755,[],0.0,esp_016730_1960,['train'],1.0,Counter({'train': 1}),train,e0601565561c83a6,True,hirise_clean,0,C:\Users\deves\OneDrive\Desktop\Projects\TCMD-SS\data\raw\hirise_v3_2\map-proj-v3_2\ESP_016730_1960_RED-0494.jpg
map-proj-v3_2/ESP_050115_2005_RED-0097.jpg,ok,,JPEG,227.0,227.0,L,1.0,1.0,normal,crater,train,esp_050115_2005_red-0097,[],453e62c7d1800694d64eb58784aa26869e949a6a79a9729b4a49e5be657acf9a,d8c8a1acb80cbbac79efaa417ee2510b19aaea0ac6a73fca3b3bee4631871818,e413d37c8ce2398d,124.69981951910574,16.2669138540267,5a16d31fd4853578,[],1.0,esp_050115_2005,['train'],2.0,Counter({'train': 2}),train,82236948588ae101,True,hirise_clean,0,C:\Users\deves\OneDrive\Desktop\Projects\TCMD-SS\data\raw\hirise_v3_2\map-proj-v3_2\ESP_050115_2005_RED-0097.jpg
map-proj-v3_2/ESP_018720_2655_RED-0118.jpg,ok,,JPEG,227.0,227.0,L,1.0,1.0,normal,dark dune,test,esp_018720_2655_red-0118,[],aeb578c38b13e861edca91e9ef541311a6271aaa95855abfb369899f0a94412c,39f5670c2629b99fc6953875c8400db5ef674c56880fb40928f89ce883cf9a18,9792421bd9fce2c8,26.60274796716412,10.939822631308235,28f2f52051e11d12,[],2.0,esp_018720_2655,['test'],1.0,Counter({'test': 1}),train,7e7b4f2085af6bfe,True,hirise_clean,0,C:\Users\deves\OneDrive\Desktop\Projects\TCMD-SS\data\raw\hirise_v3_2\map-proj-v3_2\ESP_018720_2655_RED-0118.jpg
map-proj-v3_2/PSP_005441_1970_RED-0062.jpg,ok,,JPEG,227.0,227.0,L,1.0,1.0,normal,slope streak,train,psp_005441_1970_red-0062,[],5c535b2f6d4a3a6e699697d5035807433f26da4e485fd37f633805abb4c5bbb5,3fe6b384358217296ca3cbef754601cc5a1c09af37e528afddbce2421d6440e7,b3415c8ec6e3293d,159.2903219546275,28.61566071276832,59d4ee5646a6c346,[],3.0,psp_005441_1970,['train'],1.0,Counter({'train': 1}),train,24206087cc341bd3,True,hirise_clean,0,C:\Users\deves\OneDrive\Desktop\Projects\TCMD-SS\data\raw\hirise_v3_2\map-proj-v3_2\PSP_005441_1970_RED-0062.jpg
map-proj-v3_2/ESP_012298_0930_RED-0072.jpg,ok,,JPEG,227.0,227.0,L,1.0,1.0,normal,swiss cheese,train,esp_012298_0930_red-0072,[],519c0644b73b2f0654f925cc86b78996a42a377f3b44ed1c0ab01e7aae3dde36,eb3abf01a662b694c25285cc8f280ffdf562d5956ca25bbd42afd0e5ae73a6bd,83720ff98236e03f,107.00473519765568,18.05770497091541,ba7b99a947e5c334,[],6.0,esp_012298_0930,['train'],2.0,Counter({'train': 2}),train,fd0db7f1b6955a04,True,hirise_clean,0,C:\Users\deves\OneDrive\Desktop\Projects\TCMD-SS\data\raw\hirise_v3_2\map-proj-v3_2\ESP_012298_0930_RED-0072.jpg
map-proj-v3_2/ESP_013049_0950_RED-0067.jpg,ok,,JPEG,227.0,227.0,L,1.0,1.0,normal,spider,train,esp_013049_0950_red-0067,[],20d44b806a93e0bd198a71f597e7fd5d6a520e91e866e0739b5a21d0542e2877,cff5d8906dda5763f3f9962051aa360e5ac16bc290622130dff6355a446d75bf,d5b36cd2248972d5,153.2731665663995,66.63697635238627,2e67892b2fafbac8,['group_label_conflict'],7.0,esp_013049_0950,['train'],2.0,Counter({'train': 2}),train,fd0db7f1b6955a04,True,hirise_clean,0,C:\Users\deves\OneDrive\Desktop\Projects\TCMD-SS\data\raw\hirise_v3_2\map-proj-v3_2\ESP_013049_0950_RED-0067.jpg
map-proj-v3_2/PSP_006961_2195_RED-0253.jpg,ok,,JPEG,227.0,227.0,L,1.0,1.0,normal,other,train,psp_006961_2195_red-0253,[],ed1c4107f19981d03efb6f8d2ac1079ca680acab4b576a3479f6cf466b7064f7,224b86c801d9b431868ed0248fe56d00ca62867e6ffda47b60f009f3f0eb8787,a6fc988d67a34067,183.812144617594,20.21898278928123,8c0e5dbee86e0d4a,[],0.0,psp_006961_2195,['train'],1.0,Counter({'train': 1}),train,77e968939bd59ef1,True,hirise_clean,0,C:\Users\deves\OneDrive\Desktop\Projects\TCMD-SS\data\raw\hirise_v3_2\map-proj-v3_2\PSP_006961_2195_RED-0253.jpg
map-proj-v3_2/ESP_013799_1755_RED-0049.jpg,ok,,JPEG,227.0,227.0,L,1.0,1.0,normal,crater,test,esp_013799_1755_red-0049,[],32cb9c75a88e3b6f428eb040f4867706deb6e6eef8f5963a7d0db314d0057e4d,1fc00fb781bdd6f272f1e73014559d29e4a5e9f34953149b2cc78175174d423e,c37b8c463399cc66,176.69166876904268,19.51014797088541,da11aff1d44e305f,[],1.0,esp_013799_1755,['test'],1.0,Counter({'test': 1}),train,a883b80d6bcaf24e,True,hirise_clean,0,C:\Users\deves\OneDrive\Desktop\Projects\TCMD-SS\data\raw\hirise_v3_2\map-proj-v3_2\ESP_013799_1755_RED-0049.jpg
map-proj-v3_2/PSP_002455_1320_RED-0108.jpg,ok,,JPEG,227.0,227.0,L,1.0,1.0,normal,dark dune,train,psp_002455_1320_red-0108,[],9402c64f1c5da45328b17af76d85c14921a25f5adf8e16966f8274647a0bd0a0,fcf5940557fc7111091b9380d130e0ed1448190570eec17f32517bf979949563,d8d6f1f846b23584,43.90230743852976,23.554698302838418,ab00e7599d170ffa,[],2.0,psp_002455_1320,['train'],1.0,Counter({'train': 1}),train,acb759d8cdabc26b,True,hirise_clean,0,C:\Users\deves\OneDrive\Desktop\Projects\TCMD-SS\data\raw\hirise_v3_2\map-proj-v3_2\PSP_002455_1320_RED-0108.jpg
map-proj-v3_2/ESP_018416_2060_RED-0296.jpg,ok,,JPEG,227.0,227.0,L,1.0,1.0,normal,slope streak,val,esp_018416_2060_red-0296,[],ee34434a34477483b78c2cf67e785d5ffc8ec59d01ef8380d1c486a9753d4c23,13ed8919b0ed56d592844baa5cd19451306a4bfc5f28d14adf1dd4c2da4b7ef0,b03b4ec5f3992c26,130.540278289895,96.12241513540552,0ad442752ca6d015,[],3.0,esp_018416_2060,['val'],1.0,Counter({'val': 1}),train,deb5bd200e2850f3,True,hirise_clean,0,C:\Users\deves\OneDrive\Desktop\Projects\TCMD-SS\data\raw\hirise_v3_2\map-proj-v3_2\ESP_018416_2060_RED-0296.jpg
map-proj-v3_2/ESP_012637_0935_RED-0102.jpg,ok,,JPEG,227.0,227.0,L,1.0,1.0,normal,swiss cheese,train,esp_012637_0935_red-0102,[],32e9ee88655e4562d7f8f4f65cfefb3a245077f1341c9fcae8d9f0a91ca91cf3,b431a1d7ff3f0cbcecccaa21e57dd6b5b5ef22e321835dcdccc55b5cbf36f670,81c13e8f47987cd3,94.0250926662656,53.48514454768194,83dfac0849558172,[],6.0,esp_012637_0935,['train'],2.0,Counter({'train': 2}),train,fd0db7f1b6955a04,True,hirise_clean,0,C:\Users\deves\OneDrive\Desktop\Projects\TCMD-SS\data\raw\hirise_v3_2\map-proj-v3_2\ESP_012637_0935_RED-0102.jpg
map-proj-v3_2/ESP_016095_2655_RED-0008.jpg,ok,,JPEG,227.0,227.0,L,1.0,1.0,normal,spider,val,esp_016095_2655_red-0008,[],28fe2d7e4643c313de4a85eb9e73008dea3d00b516f0cd1fce00fb53d0269873,8c72596fe24dab2eb9ecf0996220696218095897285ac68c943b42b06b94f315,e59d69ce32ad1846,126.95812066991402,68.784960519137,5ca5add2c7176973,[],7.0,esp_016095_2655,['val'],2.0,Counter({'val': 2}),train,5aac0f217c85986f,True,hirise_clean,0,C:\Users\deves\OneDrive\Desktop\Projects\TCMD-SS\data\raw\hirise_v3_2\map-proj-v3_2\ESP_016095_2655_RED-0008.jpg
map-proj-v3_2/ESP_028551_2515_RED-0026.jpg,ok,,JPEG,227.0,227.0,L,1.0,1.0,normal,other,train,esp_028551_2515_red-0026,[],ed2fea0637887ff956c034ad331a2d43e6dc89070ff772c96fcd49b239b2dbc8,79ba53699584426809c6661a8ade826013481aeeaf970869bb6d8a5f4adc3de0,d79d3db425cc00b9,98.94909662520136,22.389005936049884,4b24ece017a973cb,[],0.0,esp_028551_2515,['train'],1.0,Counter({'train': 1}),train,be244572b8fdb9be,True,hirise_clean,0,C:\Users\deves\OneDrive\Desktop\Projects\TCMD-SS\data\raw\hirise_v3_2\map-proj-v3_2\ESP_028551_2515_RED-0026.jpg
map-proj-v3_2/PSP_008965_1510_RED-0690.jpg,ok,,JPEG,227.0,227.0,L,1.0,1.0,normal,crater,test,psp_008965_1510_red-0690,[],d2891897800bf1b3a2a88547aca8343c12f61ab359e5a981aa1f925bc5cba2c0,388fd4f25da383120edcfa1f848dbf90631e30c7ed8022fb54b8edfea5c30077,c2e50d13f2644ddb,128.7688874226164,21.17232803080332,ae7a3c61a27d48f5,[],1.0,psp_008965_1510,['test'],1.0,Counter({'test': 1}),train,8ec1c87e1acb9e4e,True,hirise_clean,0,C:\Users\deves\OneDrive\Desktop\Projects\TCMD-SS\data\raw\hirise_v3_2\map-proj-v3_2\PSP_008965_1510_RED-0690.jpg
map-proj-v3_2/ESP_018720_2655_RED-0031.jpg,ok,,JPEG,227.0,227.0,L,1.0,1.0,normal,dark dune,test,esp_018720_2655_red-0031,[],5840c7d012af4709baffa55ac2edcf4ae825b19675b389bb063aafc7eecc1da7,b35765430865f3879401c111f2c4df7e018d9c28ef836a1ff33261cee7467118,d5468e3e98336a78,46.32034388402647,21.594201894583584,0d5cae16e4dedbce,[],2.0,esp_018720_2655,['test'],1.0,Counter({'test': 1}),train,7e7b4f2085af6bfe,True,hirise_clean,0,C:\Users\deves\OneDrive\Desktop\Projects\TCMD-SS\data\raw\hirise_v3_2\map-proj-v3_2\ESP_018720_2655_RED-0031.jpg
map-proj-v3_2/ESP_011289_1950_RED-0131.jpg,ok,,JPEG,227.0,227.0,L,1.0,1.0,normal,slope streak,test,esp_011289_1950_red-0131,[],3f306855edea88fc587d2fdbdb31b574a319df0251bed6b78abc672fa93af207,a6702910c74a18c7ac6edf62ef11e8ec1ee744db312d98c983128212d6090a6a,807837b4bd613d96,135.9186671582992,56.88800836231595,2f98d501fdf96232,[],3.0,esp_011289_1950,['test'],1.0,Counter({'test': 1}),train,99c2c4faf44c06e8,True,hirise_clean,0,C:\Users\deves\OneDrive\Desktop\Projects\TCMD-SS\data\raw\hirise_v3_2\map-proj-v3_2\ESP_011289_1950_RED-0131.jpg
map-proj-v3_2/ESP_012810_0925_RED-0128.jpg,ok,,JPEG,227.0,227.0,L,1.0,1.0,normal,swiss cheese,train,esp_012810_0925_red-0128,[],dd432e9aa56da18291c940c923dec2c17fee8a94375ba5095d105a345fc0bbf8,efff01bb59b4832bf45be925bfcdca0a651de8bc1ca87f212f13e47e57b99d91,d39ad44a695d2467,129.63474936443555,15.865882402602312,a6a38bc85e82d4dc,[],6.0,esp_012810_0925,['train'],1.0,Counter({'train': 1}),train,dd45fe812d8c375d,True,hirise_clean,0,C:\Users\deves\OneDrive\Desktop\Projects\TCMD-SS\data\raw\hirise_v3_2\map-proj-v3_2\ESP_012810_0925_RED-0128.jpg
map-proj-v3_2/ESP_013049_0950_RED-0059.jpg,ok,,JPEG,227.0,227.0,L,1.0,1.0,normal,spider,train,esp_013049_0950_red-0059,[],f95ad298052a33c0df748c96a25f883ea820d24aa1fa363a9a18ede3c225a926,dbd5730ce79d7336d3e2e98aa6dc62130c8d0d7cd9ec81a515453098dc721c30,e3628c967bca6e22,183.1134894913544,14.651660729457356,5d4e50f65e0d6f52,[],7.0,esp_013049_0950,['train'],2.0,Counter({'train': 2}),train,fd0db7f1b6955a04,True,hirise_clean,0,C:\Users\deves\OneDrive\Desktop\Projects\TCMD-SS\data\raw\hirise_v3_2\map-proj-v3_2\ESP_013049_0950_RED-0059.jpg
map-proj-v3_2/PSP_001481_1875_RED-0175.jpg,ok,,JPEG,227.0,227.0,L,1.0,1.0,normal,other,train,psp_001481_1875_red-0175,[],a35ffe31dfa96d85226bc392c8c5499ade982922c8b16ffcdbacdd637f6eaab7,efe8fcbdc076ebb5b1ee54818f94109eac79ecec80101b9d165bf4a037269d6e,db907757c8d22c61,172.05014651943566,15.23083551452414,74fad567979cb014,[],0.0,psp_001481_1875,['train'],1.0,Counter({'train': 1}),train,1be3cb12eb9eb046,True,hirise_clean,0,C:\Users\deves\OneDrive\Desktop\Projects\TCMD-SS\data\raw\hirise_v3_2\map-proj-v3_2\PSP_001481_1875_RED-0175.jpg
map-proj-v3_2/PSP_003703_2035_RED-0159.jpg,ok,,JPEG,227.0,227.0,L,1.0,1.0,normal,crater,train,psp_003703_2035_red-0159,[],af3790a3b9c773769583015d493493916f18d4995481661d643c04ecc1b0b334,0371d49154b6efbf7cc3dedb55d6be74f21ae27e2a172873fb61e6db4bb491ba,a2eb8cec329b9866,109.71159929360168,14.316124039022332,d27c5c54d9dbb9d2,[],1.0,psp_003703_2035,['train'],1.0,Counter({'train': 1}),train,77e968939bd59ef1,True,hirise_clean,0,C:\Users\deves\OneDrive\Desktop\Projects\TCMD-SS\data\raw\hirise_v3_2\map-proj-v3_2\PSP_003703_2035_RED-0159.jpg
map-proj-v3_2/ESP_014429_1940_RED-0092.jpg,ok,,JPEG,227.0,227.0,L,1.0,1.0,normal,dark dune,train,esp_014429_1940_red-0092,[],8b38c4b06efc0e7d05a9a9ee827dc22b642873243b584039eb029b3cbef78a39,ba0d9bbbcbb2c01a6381f4853ab0645be7995a592cd4cc1ba48fb1310fa5348a,b2d9c92670d9cc8e,57.95604416930272,11.960920667043666,5e296ec01f08d65b,[],2.0,esp_014429_1940,['train'],1.0,Counter({'train': 1}),train,6105a7ec37f5123b,True,hirise_clean,0,C:\Users\deves\OneDrive\Desktop\Projects\TCMD-SS\data\raw\hirise_v3_2\map-proj-v3_2\ESP_014429_1940_RED-0092.jpg
map-proj-v3_2/ESP_014156_1865_RED-0066.jpg,ok,,JPEG,227.0,227.0,L,1.0,1.0,normal,slope streak,val,esp_014156_1865_red-0066,[],8020dc3526b7a19a4641c7439518393e0b557c98a0c7a0560efc2c4230995ed8,60039a193f42e910505886a3fc2f6a827b2d397d1430499e3c2d86df0291e67c,a7a634d8c9769b84,38.59851733975043,15.541392032966588,c11f619476ddfdb3,[],3.0,esp_014156_1865,['val'],1.0,Counter({'val': 1}),train,6d308dda406f0940,True,hirise_clean,0,C:\Users\deves\OneDrive\Desktop\Projects\TCMD-SS\data\raw\hirise_v3_2\map-proj-v3_2\ESP_014156_1865_RED-0066.jpg
map-proj-v3_2/ESP_012810_0925_RED-0133.jpg,ok,,JPEG,227.0,227.0,L,1.0,1.0,normal,swiss cheese,train,esp_012810_0925_red-0133,[],c40235a750a28d5b6fe6cdade01fa6fdaac3ded8326bb5e28744df70026e634d,8900ca1bd609f6917905850e7de39e430e2ec1d754136f45d1a6773f21a18809,9c8ec75518c66793,128.0694172213705,13.233212318158794,4b978abb81f1d957,[],6.0,esp_012810_0925,['train'],1.0,Counter({'train': 1}),train,dd45fe812d8c375d,True,hirise_clean,0,C:\Users\deves\OneDrive\Desktop\Projects\TCMD-SS\data\raw\hirise_v3_2\map-proj-v3_2\ESP_012810_0925_RED-0133.jpg
map-proj-v3_2/ESP_013049_0950_RED-0076.jpg,ok,,JPEG,227.0,227.0,L,1.0,1.0,normal,spider,train,esp_013049_0950_red-0076,[],5cb462ef64cb827e72cc8aa0aeae74bed7ede6c14fbe74f9dbef9b458a3f3818,4fe69aecf2cb8df2cf38dbf22819281661d72443f74b5cf2c4933e29bccf4f97,f1f18ec6390fc40b,181.80183974072847,17.105231418179685,be07e6cd426cc3d2,[],7.0,esp_013049_0950,['train'],2.0,Counter({'train': 2}),train,fd0db7f1b6955a04,True,hirise_clean,0,C:\Users\deves\OneDrive\Desktop\Projects\TCMD-SS\data\raw\hirise_v3_2\map-proj-v3_2\ESP_013049_0950_RED-0076.jpg
map-proj-v3_2/ESP_034181_1695_RED-0007.jpg,ok,,JPEG,227.0,227.0,L,1.0,1.0,normal,other,val,esp_034181_1695_red-0007,[],5be36d7e3b58fa39a259ff9d721c7f413119057be46a9564e24516d5d6801dd7,aa1b4629ca82c908aaacf97b148012b4d95504f4bdeb7a1bc558b8a54987cb74,ad3eba51e6cc9830,93.49147082225542,25.85347166168302,280d8feecdf57b42,[],0.0,esp_034181_1695,['val'],1.0,Counter({'val': 1}),train,92d5fe76272a0364,True,hirise_clean,0,C:\Users\deves\OneDrive\Desktop\Projects\TCMD-SS\data\raw\hirise_v3_2\map-proj-v3_2\ESP_034181_1695_RED-0007.jpg
map-proj-v3_2/ESP_011289_1950_RED-0146.jpg,ok,,JPEG,227.0,227.0,L,1.0,1.0,normal,crater,test,esp_011289_1950_red-0146,[],19ede3fea0a508ac43b8e52782e778f4532fa91881639cfb769cb4048ba93834,8f563cbaeb482b2f98e8743fb21a2276318a32f71aa2e2059fe41dc1413c5cfc,c68c93b316ad74ac,188.7801432203225,26.52893730250973,be1950f978ecfd66,[],1.0,esp_011289_1950,['test'],1.0,Counter({'test': 1}),train,99c2c4faf44c06e8,True,hirise_clean,0,C:\Users\deves\OneDrive\Desktop\Projects\TCMD-SS\data\raw\hirise_v3_2\map-proj-v3_2\ESP_011289_1950_RED-0146.jpg
map-proj-v3_2/ESP_018720_2655_RED-0126.jpg,ok,,JPEG,227.0,227.0,L,1.0,1.0,normal,dark dune,test,esp_018720_2655_red-0126,[],3a39e8f3bafea356f209348d140c11e1d13408ea287b5e6985c57ecd96cafbe6,46e0929402e8a2639acda179c8d14ae77451776c39ac2e2768f5b8e5ec1381b3,994be03fde982c70,37.18853461157795,16.19490954931144,b0a5c17888e4998b,[],2.0,esp_018720_2655,['test'],1.0,Counter({'test': 1}),train,7e7b4f2085af6bfe,True,hirise_clean,0,C:\Users\deves\OneDrive\Desktop\Projects\TCMD-SS\data\raw\hirise_v3_2\map-proj-v3_2\ESP_018720_2655_RED-0126.jpg
map-proj-v3_2/ESP_011289_1950_RED-0212.jpg,ok,,JPEG,227.0,227.0,L,1.0,1.0,normal,slope streak,test,esp_011289_1950_red-0212,[],7967974801849dfa79a8d81e53316669e7dd38edf120a88ae77026ddd87529ec,cb774512fc6a6c3b55bc13a8647bd2471f568be7b4b46597b3ac3abb36b91267,e4f4c89b64449d9b,204.4046653340837,12.956145544029066,8cbead0079c8b96d,[],3.0,esp_011289_1950,['test'],1.0,Counter({'test': 1}),train,99c2c4faf44c06e8,True,hirise_clean,0,C:\Users\deves\OneDrive\Desktop\Projects\TCMD-SS\data\raw\hirise_v3_2\map-proj-v3_2\ESP_011289_1950_RED-0212.jpg
map-proj-v3_2/ESP_012215_0935_RED-0371.jpg,ok,,JPEG,227.0,227.0,L,1.0,1.0,normal,swiss cheese,train,esp_012215_0935_red-0371,[],6ff16a5bff654067e729271cfa6e3f4ae15cab178cc254085c689f1d370df60d,8c57f73f65d3c5446b851ec4ea5262cdd199866190dc9c1b05ee02af28ae926f,89193f7262236776,88.11740961400376,43.641384814298455,3a13ce547aae49b9,[],6.0,esp_012215_0935,['train'],2.0,Counter({'train': 2}),train,fd0db7f1b6955a04,True,hirise_clean,0,C:\Users\deves\OneDrive\Desktop\Projects\TCMD-SS\data\raw\hirise_v3_2\map-proj-v3_2\ESP_012215_0935_RED-0371.jpg
map-proj-v3_2/ESP_011842_0980_RED-0042.jpg,ok,,JPEG,227.0,227.0,L,1.0,1.0,normal,spider,train,esp_011842_0980_red-0042,[],e0633ad84ccb5ec56958eb063ac61688ed1bcdc3ad717018d30ac591409a2170,3c82ada1992ff99fa2713e15901229a893649ac94faf4dd0bd02aa4b78f9126a,cd9e72cd35aa1864,123.36658968736052,67.96263600034384,f733321a7275d2e5,[],7.0,esp_011842_0980,['train'],2.0,Counter({'train': 2}),train,c6cb2d045a25e651,True,hirise_clean,0,C:\Users\deves\OneDrive\Desktop\Projects\TCMD-SS\data\raw\hirise_v3_2\map-proj-v3_2\ESP_011842_0980_RED-0042.jpg
map-proj-v3_2/ESP_017001_1805_RED-0345.jpg,ok,,JPEG,227.0,227.0,L,1.0,1.0,normal,other,test,esp_017001_1805_red-0345,[],9c22ae3b2144abff09bf029bb070d59410e02a28fdb249d53e6c125192fb88f9,7e9ea197609b0cf070e09474767a7d9a0cee8ce5d0251f69409432ddd84e5e5d,87c1b8709e962e7c,95.07921752799396,64.97595257576124,fcf5ed7173a77c4a,[],0.0,esp_017001_1805,['test'],1.0,Counter({'test': 1}),train,f03fb3a269199b75,True,hirise_clean,0,C:\Users\deves\OneDrive\Desktop\Projects\TCMD-SS\data\raw\hirise_v3_2\map-proj-v3_2\ESP_017001_1805_RED-0345.jpg
map-proj-v3_2/ESP_035814_1550_RED-0174.jpg,ok,,JPEG,227.0,227.0,L,1.0,1.0,normal,crater,test,esp_035814_1550_red-0174,[],7c7ea168de6bb286d68c3845e587f77a99b5515235a07bc5e7347d31c3831c32,8cf445865860e53ac7607fb38132b4dd889807e04fdddf95db74d99e758a20a5,cc58b3a2cf1d34e8,123.19988744202294,15.139356770119884,971c392b6bc32984,[],1.0,esp_035814_1550,['test'],1.0,Counter({'test': 1}),train,86a5cd4e2a9e92ab,True,hirise_clean,0,C:\Users\deves\OneDrive\Desktop\Projects\TCMD-SS\data\raw\hirise_v3_2\map-proj-v3_2\ESP_035814_1550_RED-0174.jpg
map-proj-v3_2/ESP_018720_2655_RED-0101.jpg,ok,,JPEG,227.0,227.0,L,1.0,1.0,normal,dark dune,test,esp_018720_2655_red-0101,[],4c3490f70f7b01e88af0b8a4df477942969120f7bf256818006c42efbef5d324,f48b59830d4986b8172851589e5fdd7860bcff4a5173fdb9cd7d714727dedd14,d36d2c1cdae4c439,16.13169283316191,15.490152169347589,06589914fd11e24f,[],2.0,esp_018720_2655,['test'],1.0,Counter({'test': 1}),train,7e7b4f2085af6bfe,True,hirise_clean,0,C:\Users\deves\OneDrive\Desktop\Projects\TCMD-SS\data\raw\hirise_v3_2\map-proj-v3_2\ESP_018720_2655_RED-0101.jpg
map-proj-v3_2/ESP_018416_2060_RED-0293.jpg,ok,,JPEG,227.0,227.0,L,1.0,1.0,normal,slope streak,val,esp_018416_2060_red-0293,[],42a001550c7222d0fceb76f6b0113ef10d36bf2f0bdaf0bbd6e1ba65d160162f,7055c962219accd5fbfba3beda70ab1593583c64f29ddfdd08c006921342022c,c35accce62a15cce,214.3277377787265,13.486531544674229,386261bee7222137,[],3.0,esp_018416_2060,['val'],1.0,Counter({'val': 1}),train,deb5bd200e2850f3,True,hirise_clean,0,C:\Users\deves\OneDrive\Desktop\Projects\TCMD-SS\data\raw\hirise_v3_2\map-proj-v3_2\ESP_018416_2060_RED-0293.jpg
map-proj-v3_2/ESP_012810_0925_RED-0066.jpg,ok,,JPEG,227.0,227.0,L,1.0,1.0,normal,swiss cheese,train,esp_012810_0925_red-0066,[],0368d55f11f6ed62e1eaa67cfad1aca0e1522732825123949cda85342aa73b9a,e30cf4d595018d9eee4b9bf20e7685dc917bbfe81d599f9efc0e71f344eb9041,b5a60694d4e27fc4,125.5176502551961,14.437020775954574,1a89f17fcc3199dc,[],6.0,esp_012810_0925,['train'],1.0,Counter({'train': 1}),train,dd45fe812d8c375d,True,hirise_clean,0,C:\Users\deves\OneDrive\Desktop\Projects\TCMD-SS\data\raw\hirise_v3_2\map-proj-v3_2\ESP_012810_0925_RED-0066.jpg
map-proj-v3_2/ESP_013049_0950_RED-0233.jpg,ok,,JPEG,227.0,227.0,L,1.0,1.0,normal,spider,train,esp_013049_0950_red-0233,[],9456aa3231ac95929a014cc40f4054d089eef92174b9b3db4818599f37f7637a,5bf6a724d88b9518d3e7082b8c431a0e7c2cf09eea7da053c548a9e88beb62db,d1515a6b292d25f5,146.5648663859186,50.05722577335011,7985ba26904bea08,['group_label_conflict'],7.0,esp_013049_0950,['train'],2.0,Counter({'train': 2}),train,fd0db7f1b6955a04,True,hirise_clean,0,C:\Users\deves\OneDrive\Desktop\Projects\TCMD-SS\data\raw\hirise_v3_2\map-proj-v3_2\ESP_013049_0950_RED-0233.jpg
map-proj-v3_2/ESP_016730_1960_RED-0600.jpg,ok,,JPEG,227.0,227.0,L,1.0,1.0,normal,other,train,esp_016730_1960_red-0600,[],26652edc766bbd1ff73075bb83dd2b37f04a4e62c5248cb9dd19e75a4eec30ef,f3696e2b016b9aad9a0bebf0fbe9a4aa6db21f8f9120042b5f090b5737ed9c2a,e727c3072794f03c,136.8348114653884,23.44490905308758,ce9b70d31804e240,[],0.0,esp_016730_1960,['train'],1.0,Counter({'train': 1}),train,e0601565561c83a6,True,hirise_clean,0,C:\Users\deves\OneDrive\Desktop\Projects\TCMD-SS\data\raw\hirise_v3_2\map-proj-v3_2\ESP_016730_1960_RED-0600.jpg
map-proj-v3_2/ESP_016572_1875_RED-0050.jpg,ok,,JPEG,227.0,227.0,L,1.0,1.0,normal,crater,train,esp_016572_1875_red-0050,[],2de57ef5c95fb11f2300ab2ecc32a0b4d47f2ea6fa6b5bb106b41c912b26aa4c,a94b2d6d1c87a5e7a9dce07dd4843d3ad8ef36986f001f1da2fbd86f025037d0,8d98f3ffd861c011,179.15218614760622,15.682462103185738,bfd976056b05b059,[],1.0,esp_016572_1875,['train'],1.0,Counter({'train': 1}),train,c0ff2104a7ae8de6,True,hirise_clean,0,C:\Users\deves\OneDrive\Desktop\Projects\TCMD-SS\data\raw\hirise_v3_2\map-proj-v3_2\ESP_016572_1875_RED-0050.jpg
map-proj-v3_2/ESP_018720_2655_RED-0017.jpg,ok,,JPEG,227.0,227.0,L,1.0,1.0,normal,dark dune,test,esp_018720_2655_red-0017,[],c0b774e81e829fc90f1389cfe72300d266ea4b1c19fb167e9324c49541aee074,53fa1e6ca34645db22bd5cf6140c5924b21a13449a1f7da91289fff3974f1cad,8f3dd9dc184949ca,66.1876225038328,22.421599741008887,c794d537253378b7,[],2.0,esp_018720_2655,['test'],1.0,Counter({'test': 1}),train,7e7b4f2085af6bfe,True,hirise_clean,0,C:\Users\deves\OneDrive\Desktop\Projects\TCMD-SS\data\raw\hirise_v3_2\map-proj-v3_2\ESP_018720_2655_RED-0017.jpg
map-proj-v3_2/ESP_011289_1950_RED-0230.jpg,ok,,JPEG,227.0,227.0,L,1.0,1.0,normal,slope streak,test,esp_011289_1950_red-0230,[],48947ef41319870482b7fac58da5fa70e993953769971671b3606ba71119a5b9,d32b99e79ad2e4c7cd29e23c0583cf0f1216c7b6c54832e1249c1ad736b25931,92a56c5d197ac62e,221.25265384540745,18.63913962728089,b3dc048191734a48,[],3.0,esp_011289_1950,['test'],1.0,Counter({'test': 1}),train,99c2c4faf44c06e8,True,hirise_clean,0,C:\Users\deves\OneDrive\Desktop\Projects\TCMD-SS\data\raw\hirise_v3_2\map-proj-v3_2\ESP_011289_1950_RED-0230.jpg
map-proj-v3_2/ESP_012298_0930_RED-0156.jpg,ok,,JPEG,227.0,227.0,L,1.0,1.0,normal,swiss cheese,train,esp_012298_0930_red-0156,[],ef7a21e6b00f8c67571f79b4621dfec3808bebce9f13bef26ef81fa846c3b7ea,e3711d2384ab64a6902dcec62690f62a6bb38a91a65bee744631dafd43fdb9ff,b4b339a21654bdf0,98.73026839255564,16.55853672500233,939d52f946d010e9,[],6.0,esp_012298_0930,['train'],2.0,Counter({'train': 2}),train,fd0db7f1b6955a04,True,hirise_clean,0,C:\Users\deves\OneDrive\Desktop\Projects\TCMD-SS\data\raw\hirise_v3_2\map-proj-v3_2\ESP_012298_0930_RED-0156.jpg
map-proj-v3_2/ESP_016095_2655_RED-0051.jpg,ok,,JPEG,227.0,227.0,L,1.0,1.0,normal,spider,val,esp_016095_2655_red-0051,[],25cb0eea3a043579ab97be93b4d41d926d65c54b2042782199d10549427ccd9e,fc0f6c80f9c3a69cc3552bee88e7bcf1e09f031e0c03c546258358c363c628a2,8ef31d07104e7b1e,134.0904539191523,61.67937758165925,146034c0745fcafa,[],7.0,esp_016095_2655,['val'],2.0,Counter({'val': 2}),train,5aac0f217c85986f,True,hirise_clean,0,C:\Users\deves\OneDrive\Desktop\Projects\TCMD-SS\data\raw\hirise_v3_2\map-proj-v3_2\ESP_016095_2655_RED-0051.jpg
map-proj-v3_2/ESP_013161_1715_RED-0018.jpg,ok,,JPEG,227.0,227.0,L,1.0,1.0,normal,other,test,esp_013161_1715_red-0018,[],0ce1c89ae34b2574a47974f420e344ed799f2b847bdbd9d0f9360e91342b67f7,72cb24498f5595c8b7635dfa4a71f3560482aa2aa9a0f11fd501f60c8aeffe3b,87d0cd6551d9ba51,89.554406256671,53.10397874729623,d792f17bbf9048e9,[],0.0,esp_013161_1715,['test'],1.0,Counter({'test': 1}),train,5fbc3e4e88fe28f2,True,hirise_clean,0,C:\Users\deves\OneDrive\Desktop\Projects\TCMD-SS\data\raw\hirise_v3_2\map-proj-v3_2\ESP_013161_1715_RED-0018.jpg
map-proj-v3_2/ESP_016630_1720_RED-0044.jpg,ok,,JPEG,227.0,227.0,L,1.0,1.0,normal,crater,train,esp_016630_1720_red-0044,[],375e99fb406af6ba3d09c8e28a1abe09ffce9e0fa554cd60b6d59b7859506620,78a5fc27f8a1f82b6d1f31d2d9ec8cab4566a32efdcb4395955fb08aa3214e70,8b56ae9923671c99,82.54130683692678,14.22567459023836,d26f88c2c1ef485f,[],1.0,esp_016630_1720,['train'],1.0,Counter({'train': 1}),train,f97a05a287284cd9,True,hirise_clean,0,C:\Users\deves\OneDrive\Desktop\Projects\TCMD-SS\data\raw\hirise_v3_2\map-proj-v3_2\ESP_016630_1720_RED-0044.jpg
map-proj-v3_2/ESP_018720_2655_RED-0157.jpg,ok,,JPEG,227.0,227.0,L,1.0,1.0,normal,dark dune,test,esp_018720_2655_red-0157,[],b07240b892c3eeef11acc6cc0ad5824d389776dddd10ffbb46620aa985075d21,886fac81e85604028980fdad62cc6006eada2b27ae786dfba5b793bab9879444,9d0a2456dad54bf4,17.333307457936307,13.457974896958104,480edb7109d470df,[],2.0,esp_018720_2655,['test'],1.0,Counter({'test': 1}),train,7e7b4f2085af6bfe,True,hirise_clean,0,C:\Users\deves\OneDrive\Desktop\Projects\TCMD-SS\data\raw\hirise_v3_2\map-proj-v3_2\ESP_018720_2655_RED-0157.jpg
map-proj-v3_2/ESP_016607_2080_RED-0209.jpg,ok,,JPEG,227.0,227.0,L,1.0,1.0,normal,slope streak,val,esp_016607_2080_red-0209,[],262cb8cfe9b6348f490ac89de532c78181f21ab794e6eda888da516334e82524,b11ebfc65105904f292b78290a4758c470974f2b1d88d637352d8a7678e1f163,f3809c89f09f6876,131.44177065341847,15.803654869850504,a5122a9bc182c0b1,[],3.0,esp_016607_2080,['val'],1.0,Counter({'val': 1}),train,a94c9b1b3775c694,True,hirise_clean,0,C:\Users\deves\OneDrive\Desktop\Projects\TCMD-SS\data\raw\hirise_v3_2\map-proj-v3_2\ESP_016607_2080_RED-0209.jpg
map-proj-v3_2/ESP_012810_0925_RED-0099.jpg,ok,,JPEG,227.0,227.0,L,1.0,1.0,normal,swiss cheese,train,esp_012810_0925_red-0099,[],d497dfc7230ff4dba35a91e07505ed0c5706282883c12bffcfcb4b25a77f349d,65fe13f4f8f78ee7a29c861b7b6ccc07496e7d4f23ba284528cbbf44b9ead989,fc94d6b3996884aa,121.98041879330086,13.521599453460428,86cd2d2e7c6bb054,[],6.0,esp_012810_0925,['train'],1.0,Counter({'train': 1}),train,dd45fe812d8c375d,True,hirise_clean,0,C:\Users\deves\OneDrive\Desktop\Projects\TCMD-SS\data\raw\hirise_v3_2\map-proj-v3_2\ESP_012810_0925_RED-0099.jpg
map-proj-v3_2/ESP_013049_0950_RED-0071.jpg,ok,,JPEG,227.0,227.0,L,1.0,1.0,normal,spider,train,esp_013049_0950_red-0071,[],83664c157d6d0d73ba9980e885657da1c510400d0eae6a0d6896f05d6ba64fde,5cc8436fb15fcdf727997bbdf86b347e82139196dd17d528a68793bcaef1abe3,e084ddb15b34ee23,181.41229210735705,14.37309572942702,0d8d0067ea334f48,[],7.0,esp_013049_0950,['train'],2.0,Counter({'train': 2}),train,fd0db7f1b6955a04,True,hirise_clean,0,C:\Users\deves\OneDrive\Desktop\Projects\TCMD-SS\data\raw\hirise_v3_2\map-proj-v3_2\ESP_013049_0950_RED-0071.jpg
map-proj-v3_2/ESP_016715_2025_RED-0133.jpg,ok,,JPEG,227.0,227.0,L,1.0,1.0,normal,other,train,esp_016715_2025_red-0133,[],7b5e12bb5ecd8907f8a8212681ef18f0aa32f8bfe6bfb8ab4751856d7ab5e7dc,68a958a1c5480bfecdc5d2edc5a9a3bcf5644e445e7a589eff3658f7a63e8d06,a6f8992764993366,145.7307923693454,16.58224772758377,391e1a956ae1276f,[],0.0,esp_016715_2025,['train'],1.0,Counter({'train': 1}),train,69458dd6183b1830,True,hirise_clean,0,C:\Users\deves\OneDrive\Desktop\Projects\TCMD-SS\data\raw\hirise_v3_2\map-proj-v3_2\ESP_016715_2025_RED-0133.jpg
map-proj-v3_2/ESP_027564_1655_RED-0063.jpg,ok,,JPEG,227.0,227.0,L,1.0,1.0,normal,crater,test,esp_027564_1655_red-0063,[],ba0553c3e5d35d60ab4880f604faff465a524a7a487c607fdb462eb19a5812d5,d572c20b4a85e18353a0c3a5980c8d0618e137f1ccf770ef6dd82d4f322650e5,d9cbced9d1240d98,162.81045624793805,13.985444263529844,72899ad6d3f70d6b,[],1.0,esp_027564_1655,['test'],1.0,Counter({'test': 1}),train,b85e5745b8828e78,True,hirise_clean,0,C:\Users\deves\OneDrive\Desktop\Projects\TCMD-SS\data\raw\hirise_v3_2\map-proj-v3_2\ESP_027564_1655_RED-0063.jpg
map-proj-v3_2/ESP_018720_2655_RED-0083.jpg,ok,,JPEG,227.0,227.0,L,1.0,1.0,normal,dark dune,test,esp_018720_2655_red-0083,[],9610604a4d4ed6aa91335e1c24c8e22427be95460cab5540cdfb5bcb86a7db0e,633cc18d817ed0ef349b662ac5bcf1d7f02881fee3d7968176e4165dd4c9aa94,ee2f8d49a2d2d0b4,52.13118826291991,14.47625968602149,243613cc5f6eb601,[],2.0,esp_018720_2655,['test'],1.0,Counter({'test': 1}),train,7e7b4f2085af6bfe,True,hirise_clean,0,C:\Users\deves\OneDrive\Desktop\Projects\TCMD-SS\data\raw\hirise_v3_2\map-proj-v3_2\ESP_018720_2655_RED-0083.jpg
map-proj-v3_2/ESP_016624_1925_RED-0025.jpg,ok,,JPEG,227.0,227.0,L,1.0,1.0,normal,slope streak,train,esp_016624_1925_red-0025,[],e8c446feb57e7922ac2216ef5482fdd086fe9ab41004785df89fe195a9b2d7b5,87cf989a0a05816f316996d30522b51c94cc3b0b1be08788fd53aeb46a1baeae,d24bad4aef4f0419,152.8844340080343,85.53927352730979,d36c46abce2af19f,[],3.0,esp_016624_1925,['train'],1.0,Counter({'train': 1}),train,77ef49a520fc7afb,True,hirise_clean,0,C:\Users\deves\OneDrive\Desktop\Projects\TCMD-SS\data\raw\hirise_v3_2\map-proj-v3_2\ESP_016624_1925_RED-0025.jpg
map-proj-v3_2/ESP_012298_0930_RED-0260.jpg,ok,,JPEG,227.0,227.0,L,1.0,1.0,normal,swiss cheese,train,esp_012298_0930_red-0260,[],dea614c182a613bdec61faf0a8322e96e7755b441ca3eb1210625eae6087f12a,3387d7c88e7c2608f7a4b56a93753be84036130267483757c65bb27d2c6084a4,f2147911bba238f9,104.28110384443713,17.759361681610677,546b5776a572c20c,[],6.0,esp_012298_0930,['train'],2.0,Counter({'train': 2}),train,fd0db7f1b6955a04,True,hirise_clean,0,C:\Users\deves\OneDrive\Desktop\Projects\TCMD-SS\data\raw\hirise_v3_2\map-proj-v3_2\ESP_012298_0930_RED-0260.jpg
map-proj-v3_2/PSP_003470_0930_RED-0018.jpg,ok,,JPEG,227.0,227.0,L,1.0,1.0,normal,spider,test,psp_003470_0930_red-0018,[],efb3aecb10ee5764cf3189601c92c7a2170ab21c39661ec9746c18b6946b2ba7,2f0ea5c2fd443133c616cdf3bb45ece2f97efd7f9f29435e3f3ac189363c1f9f,89f337b823279c98,26.60530963146966,15.813080020164715,8e140569a25c5d40,[],7.0,psp_003470_0930,['test'],1.0,Counter({'test': 1}),train,1e3c8989fe6df1fa,True,hirise_clean,0,C:\Users\deves\OneDrive\Desktop\Projects\TCMD-SS\data\raw\hirise_v3_2\map-proj-v3_2\PSP_003470_0930_RED-0018.jpg
map-proj-v3_2/ESP_016802_2190_RED-0030.jpg,ok,,JPEG,227.0,227.0,L,1.0,1.0,normal,other,train,esp_016802_2190_red-0030,[],754f4c646d26c48daa95f7ec2cc275f438708c6d42927f9d2ec94e301d499bf6,6902474049cdeaacf2cace4ec71964c3b16a7b7d5c05faf7551cc78daf562676,932c4ec9129ca73f,146.16383007626774,15.791059027113317,246b5404bd9fc075,[],0.0,esp_016802_2190,['train'],1.0,Counter({'train': 1}),train,d54859b428dd5c33,True,hirise_clean,0,C:\Users\deves\OneDrive\Desktop\Projects\TCMD-SS\data\raw\hirise_v3_2\map-proj-v3_2\ESP_016802_2190_RED-0030.jpg
map-proj-v3_2/ESP_018720_2655_RED-0041.jpg,ok,,JPEG,227.0,227.0,L,1.0,1.0,normal,dark dune,test,esp_018720_2655_red-0041,[],b862bd02b29a63e5d82509ad3b171da414572bb3c6a3d77bad19add84b1ca729,d2219e041820bf4084d7b6a1fbf2fd54e0edaeaede7e61db23f4425b21383627,a323cada092d6ddc,54.75151856236294,14.708546188264725,82ab5a0685364474,[],2.0,esp_018720_2655,['test'],1.0,Counter({'test': 1}),train,7e7b4f2085af6bfe,True,hirise_clean,0,C:\Users\deves\OneDrive\Desktop\Projects\TCMD-SS\data\raw\hirise_v3_2\map-proj-v3_2\ESP_018720_2655_RED-0041.jpg
map-proj-v3_2/ESP_011289_1950_RED-0009.jpg,ok,,JPEG,227.0,227.0,L,1.0,1.0,normal,slope streak,test,esp_011289_1950_red-0009,[],4b7c79ffbd0184a745eadb71b93b068da43effa3e83abbb0c313ad637c3b5137,217292f42b70cd3593f84ab65577a8dde46b8c0054e1edd7aa15b9fd5422ea5d,afa050946edfa05d,47.9411205340682,36.66998386710635,5d94c7f5f67281d4,[],3.0,esp_011289_1950,['test'],1.0,Counter({'test': 1}),train,99c2c4faf44c06e8,True,hirise_clean,0,C:\Users\deves\OneDrive\Desktop\Projects\TCMD-SS\data\raw\hirise_v3_2\map-proj-v3_2\ESP_011289_1950_RED-0009.jpg
map-proj-v3_2/ESP_012333_0945_RED-0124.jpg,ok,,JPEG,227.0,227.0,L,1.0,1.0,normal,swiss cheese,train,esp_012333_0945_red-0124,[],19a5556b4545ba38841716c9d7ac2a11ae85f2d27eacc4569646f88214e3cbb6,a0261b6412e7828a71805cdc745d79955e9c5d9f3f31d5d62de6f82fb8b1c359,970376d499bb264c,108.01230375128569,9.335522296350987,953230c215030e88,[],6.0,esp_012333_0945,['train'],2.0,Counter({'train': 2}),train,a14ecf49257883f9,True,hirise_clean,0,C:\Users\deves\OneDrive\Desktop\Projects\TCMD-SS\data\raw\hirise_v3_2\map-proj-v3_2\ESP_012333_0945_RED-0124.jpg
map-proj-v3_2/PSP_003470_0930_RED-0041.jpg,ok,,JPEG,227.0,227.0,L,1.0,1.0,normal,spider,test,psp_003470_0930_red-0041,[],41ef1292594ed60666b0fb554ab73fa4e5ca8fed747f7b3bbae33facb5c817ab,c7f93486b1ae027171978ef93ba41026cbbe722ee47d687f2d7bb9d50d4ba5fa,894363cfd97321ca,28.878146286557083,13.599232307053644,9254b5f3717f699a,[],7.0,psp_003470_0930,['test'],1.0,Counter({'test': 1}),train,1e3c8989fe6df1fa,True,hirise_clean,0,C:\Users\deves\OneDrive\Desktop\Projects\TCMD-SS\data\raw\hirise_v3_2\map-proj-v3_2\PSP_003470_0930_RED-0041.jpg
map-proj-v3_2/PSP_006961_2195_RED-0147.jpg,ok,,JPEG,227.0,227.0,L,1.0,1.0,normal,other,train,psp_006961_2195_red-0147,[],fe38c82aac79eb717ef0a10074cb4806c1aa3aec2ff8d99d95655ec67eb14d12,70e1d36b7722214745bb4dda9bc17c0122a3d6cd1bdc004533d04d11f0a5d462,d55554d25389cc6d,138.7660346600943,33.44641913821753,8ebcf0db331010ef,[],0.0,psp_006961_2195,['train'],1.0,Counter({'train': 1}),train,77e968939bd59ef1,True,hirise_clean,0,C:\Users\deves\OneDrive\Desktop\Projects\TCMD-SS\data\raw\hirise_v3_2\map-proj-v3_2\PSP_006961_2195_RED-0147.jpg
map-proj-v3_2/ESP_019697_2020_RED-0021.jpg,ok,,JPEG,227.0,227.0,L,1.0,1.0,normal,crater,train,esp_019697_2020_red-0021,[],39aabf34ce29e7a9924e876ea31aa2d0322d61b88b7c8c497f1f6489d10d3581,13a8d270e5d4c95953c15319c8c33665b79a580e4276433e87b198f6a80c04d3,ed22d6a48959e6cc,84.78383046439869,14.1050603454413,505600cf6b5381fe,[],1.0,esp_019697_2020,['train'],2.0,Counter({'train': 2}),train,8dc310e95be70b1f,True,hirise_clean,0,C:\Users\deves\OneDrive\Desktop\Projects\TCMD-SS\data\raw\hirise_v3_2\map-proj-v3_2\ESP_019697_2020_RED-0021.jpg
map-proj-v3_2/ESP_018321_2565_RED-0023.jpg,ok,,JPEG,227.0,227.0,L,1.0,1.0,normal,dark dune,train,esp_018321_2565_red-0023,[],888cd8a618cb9a6a4265d1ad1304ba287636132106e39650aa4abdc388cd5731,8e50fd98ebb4cb4e81e1c228d5b819583d567fd5464e06ecf3cab2a1ac083f17,af079c90f16c499b,60.4339304081197,12.44752716817698,26b822c8cec192e1,[],2.0,esp_018321_2565,['train'],1.0,Counter({'train': 1}),train,a981f117e9b1dfe1,True,hirise_clean,0,C:\Users\deves\OneDrive\Desktop\Projects\TCMD-SS\data\raw\hirise_v3_2\map-proj-v3_2\ESP_018321_2565_RED-0023.jpg
map-proj-v3_2/ESP_012810_0925_RED-0141.jpg,ok,,JPEG,227.0,227.0,L,1.0,1.0,normal,swiss cheese,train,esp_012810_0925_red-0141,[],4f233956522ea3716bdfe9e2e0f1e974ae52e9da7c92a11e078a8c361fb1532a,1a7cd84933d4c0fd7d12c3902a6ae67b334e287cd006e2db7eb1b6b280a74958,d88be17c87a1f03c,127.53232160530963,21.74545832934132,9711a411cc44531f,[],6.0,esp_012810_0925,['train'],1.0,Counter({'train': 1}),train,dd45fe812d8c375d,True,hirise_clean,0,C:\Users\deves\OneDrive\Desktop\Projects\TCMD-SS\data\raw\hirise_v3_2\map-proj-v3_2\ESP_012810_0925_RED-0141.jpg
map-proj-v3_2/PSP_003470_0930_RED-0127.jpg,ok,,JPEG,227.0,227.0,L,1.0,1.0,normal,spider,test,psp_003470_0930_red-0127,[],0c41d0280a52b65279c10357d112de85a8b8bf08449f681ec422d8d915d96268,798f394d9abd217e1966c272f3b9b9ac6bee59063ccaa8c84d2b302088590295,8af2a23c9de0663b,41.47716819654951,16.794928366147502,ef285f69b8b9452e,[],7.0,psp_003470_0930,['test'],1.0,Counter({'test': 1}),train,1e3c8989fe6df1fa,True,hirise_clean,0,C:\Users\deves\OneDrive\Desktop\Projects\TCMD-SS\data\raw\hirise_v3_2\map-proj-v3_2\PSP_003470_0930_RED-0127.jpg
map-proj-v3_2/ESP_034737_2090_RED-0119.jpg,ok,,JPEG,227.0,227.0,L,1.0,1.0,normal,other,train,esp_034737_2090_red-0119,[],2eea1f47395b8641ebd5cce5f32f431148f8376d1e2422c0211822ab4d82f67d,419bcd4145f974f784d48c686068f20175c51c2de9e6eb6e15f4307fdff0b315,abe32593ea2d115a,128.3747986570669,13.673618881492535,0139ff917477f57e,[],0.0,esp_034737_2090,['train'],1.0,Counter({'train': 1}),train,6c50a387440394ea,True,hirise_clean,0,C:\Users\deves\OneDrive\Desktop\Projects\TCMD-SS\data\raw\hirise_v3_2\map-proj-v3_2\ESP_034737_2090_RED-0119.jpg
map-proj-v3_2/ESP_018720_2655_RED-0110.jpg,ok,,JPEG,227.0,227.0,L,1.0,1.0,normal,dark dune,test,esp_018720_2655_red-0110,[],42249f99138688e279a2715be8aec24ac5457a6a370da1ba5ff35e9291aa20b1,2752eff75f2ea218e4943e832bcbc7874ae1170ac12f38e8b78633edd2920679,e93a1b4c6e473361,48.139707737390594,14.051708377812416,a66762cc5a3b50d7,[],2.0,esp_018720_2655,['test'],1.0,Counter({'test': 1}),train,7e7b4f2085af6bfe,True,hirise_clean,0,C:\Users\deves\OneDrive\Desktop\Projects\TCMD-SS\data\raw\hirise_v3_2\map-proj-v3_2\ESP_018720_2655_RED-0110.jpg
map-proj-v3_2/ESP_012558_0950_RED-0021.jpg,ok,,JPEG,227.0,227.0,L,1.0,1.0,normal,swiss cheese,val,esp_012558_0950_red-0021,[],12fe833b60715bc6c15021d45d2083cdffca0682f7871e01f7781c83e9eb70a3,a6409c9fc4778b8e395a937a6d273baff1aba2ac12068f8280ae928accff1ab7,d75556525a5a6a2a,143.07636476547188,30.759342894039616,08a35605c6339912,['group_label_conflict'],6.0,esp_012558_0950,['val'],2.0,Counter({'val': 2}),train,fd0db7f1b6955a04,True,hirise_clean,0,C:\Users\deves\OneDrive\Desktop\Projects\TCMD-SS\data\raw\hirise_v3_2\map-proj-v3_2\ESP_012558_0950_RED-0021.jpg
map-proj-v3_2/ESP_013049_0950_RED-0043.jpg,ok,,JPEG,227.0,227.0,L,1.0,1.0,normal,spider,train,esp_013049_0950_red-0043,[],def5cf2c3b5347fb3ec74cd3fb7b922573c6cce31b4b87f611eddf4192cc1566,d2e4f71ba99ba55002a95a416c94ccef9f04ab2ca17b15885fac95586de63457,f237cdd872c40c95,183.55141764831453,17.629289978406632,8ecb633024a1b389,[],7.0,esp_013049_0950,['train'],2.0,Counter({'train': 2}),train,fd0db7f1b6955a04,True,hirise_clean,0,C:\Users\deves\OneDrive\Desktop\Projects\TCMD-SS\data\raw\hirise_v3_2\map-proj-v3_2\ESP_013049_0950_RED-0043.jpg
map-proj-v3_2/PSP_006961_2195_RED-0025.jpg,ok,,JPEG,227.0,227.0,L,1.0,1.0,normal,other,train,psp_006961_2195_red-0025,[],3b6cad2061bbb1acbeb76e33850ac69e0b7f32192a9204c8a3a07c153840584a,eaa38d860cee6e4751cd5a2c8406b50b7766a00d9ab2929fa3d5f0d701d35b8f,e96a982506f6926f,135.2184401016903,16.657018117327944,a5079df9492bcf4f,[],0.0,psp_006961_2195,['train'],1.0,Counter({'train': 1}),train,77e968939bd59ef1,True,hirise_clean,0,C:\Users\deves\OneDrive\Desktop\Projects\TCMD-SS\data\raw\hirise_v3_2\map-proj-v3_2\PSP_006961_2195_RED-0025.jpg
map-proj-v3_2/ESP_018321_2565_RED-0030.jpg,ok,,JPEG,227.0,227.0,L,1.0,1.0,normal,dark dune,train,esp_018321_2565_red-0030,[],c427db9c11d1f4f56448f8165da6f1da079ff5330cabcb5b50f1ba7e6d7c1ec4,6e982df3c6841ac12f96aba1b30da8e9b6bf8062b3ea6131254d1cf6f37b090b,a47dc99b62c5cd11,55.536979176774246,12.87944946950894,33b95718dc4c313c,[],2.0,esp_018321_2565,['train'],1.0,Counter({'train': 1}),train,a981f117e9b1dfe1,True,hirise_clean,0,C:\Users\deves\OneDrive\Desktop\Projects\TCMD-SS\data\raw\hirise_v3_2\map-proj-v3_2\ESP_018321_2565_RED-0030.jpg
map-proj-v3_2/ESP_012810_0925_RED-0135.jpg,ok,,JPEG,227.0,227.0,L,1.0,1.0,normal,swiss cheese,train,esp_012810_0925_red-0135,[],16f792d5d743ad0cb0290f4334c0772bc9ef1f80d39345d7cf08190e48cf60d2,884341e3227eb3a7e78686264f6de6552660b9ad5ec85936dfa4fa55fa631069,b08f41fd1792535a,126.84878417978226,17.252545537145583,b7af31487182aae9,[],6.0,esp_012810_0925,['train'],1.0,Counter({'train': 1}),train,dd45fe812d8c375d,True,hirise_clean,0,C:\Users\deves\OneDrive\Desktop\Projects\TCMD-SS\data\raw\hirise_v3_2\map-proj-v3_2\ESP_012810_0925_RED-0135.jpg
map-proj-v3_2/ESP_016095_2655_RED-0031.jpg,ok,,JPEG,227.0,227.0,L,1.0,1.0,normal,spider,val,esp_016095_2655_red-0031,[],cca4e0369ad6c1f7d0577aed97f602c209d9c2940a83a0ec7f188de05d7e65e3,4e7bc3f6a8dda660dd621f8976bce5e964bf86e91aca8e938aae97083e7585c8,bb69c6ca24b309e6,144.77274932562247,11.640671287311234,5d8f4c899a2058cd,[],7.0,esp_016095_2655,['val'],2.0,Counter({'val': 2}),train,5aac0f217c85986f,True,hirise_clean,0,C:\Users\deves\OneDrive\Desktop\Projects\TCMD-SS\data\raw\hirise_v3_2\map-proj-v3_2\ESP_016095_2655_RED-0031.jpg
map-proj-v3_2/ESP_013671_1895_RED-0118.jpg,ok,,JPEG,227.0,227.0,L,1.0,1.0,normal,other,train,esp_013671_1895_red-0118,[],09eb74aaa688f316a72a7484ca75d7f1db5f4212f34b714c31ec0da2e718c097,fa384e7bcc05cebdbe2da899e1b03adaf5e5423a977dd82441640e6083e7d585,adb21904e63733ad,181.7419123212172,15.552989737097722,c16f5b62b8558fc3,[],0.0,esp_013671_1895,['train'],1.0,Counter({'train': 1}),train,0e0ec02d0073855b,True,hirise_clean,0,C:\Users\deves\OneDrive\Desktop\Projects\TCMD-SS\data\raw\hirise_v3_2\map-proj-v3_2\ESP_013671_1895_RED-0118.jpg
map-proj-v3_2/ESP_013799_1755_RED-0012.jpg,ok,,JPEG,227.0,227.0,L,1.0,1.0,normal,crater,test,esp_013799_1755_red-0012,[],488c626e4e91159c9051b6405d4cd26d487b4a48a76fadba45a9e5c0c7cf8d18,60d5556547d2deae8ca58f7ebd94a7ca9983455b6a715b9448d4974a347ff25e,f3b05caa339ccc23,147.89002309379185,18.051852793906665,ef20447cab830fa8,[],1.0,esp_013799_1755,['test'],1.0,Counter({'test': 1}),train,a883b80d6bcaf24e,True,hirise_clean,0,C:\Users\deves\OneDrive\Desktop\Projects\TCMD-SS\data\raw\hirise_v3_2\map-proj-v3_2\ESP_013799_1755_RED-0012.jpg
map-proj-v3_2/PSP_002455_1320_RED-0083.jpg,ok,,JPEG,227.0,227.0,L,1.0,1.0,normal,dark dune,train,psp_002455_1320_red-0083,[],dab0df33ec194777de0b6b31209f3a5be03d20698b30ad475dec30bf69b96929,ca3f8f06110efc0880ddf4362b5a5c036418a01bede3230808147e30657a526f,d4e5255982f63dd0,90.3870830018048,13.967633524843958,65b97f16895d7461,[],2.0,psp_002455_1320,['train'],1.0,Counter({'train': 1}),train,acb759d8cdabc26b,True,hirise_clean,0,C:\Users\deves\OneDrive\Desktop\Projects\TCMD-SS\data\raw\hirise_v3_2\map-proj-v3_2\PSP_002455_1320_RED-0083.jpg
map-proj-v3_2/ESP_013049_0950_RED-0012.jpg,ok,,JPEG,227.0,227.0,L,1.0,1.0,normal,spider,train,esp_013049_0950_red-0012,[],422eb8baba67bb21b532dbbb36a348534e4a6d2af06776cc6189bc9a04091688,a29f0a3830cba7ee6cd79ed3b5836072c15bde0ce82ac28ce0bdf4dc242637da,d7ae51ad7a04ea14,173.89493295037747,40.594685969044406,d2ffbff188c05ba1,[],7.0,esp_013049_0950,['train'],2.0,Counter({'train': 2}),train,fd0db7f1b6955a04,True,hirise_clean,0,C:\Users\deves\OneDrive\Desktop\Projects\TCMD-SS\data\raw\hirise_v3_2\map-proj-v3_2\ESP_013049_0950_RED-0012.jpg
map-proj-v3_2/ESP_017770_1990_RED-0460.jpg,ok,,JPEG,227.0,227.0,L,1.0,1.0,normal,crater,train,esp_017770_1990_red-0460,[],d4c1b5dbb0dcc69014d7d93974e8cc770d2119869d036bf9a2c764412698c8af,890560b5dc8ef012688b7d780311a322988d643682a3365e2e61d4c8527b2da6,a0ddfa6060dc9e59,136.8094277009063,19.80448623660867,77c0aee1006b6011,[],1.0,esp_017770_1990,['train'],1.0,Counter({'train': 1}),train,f345152edef783a2,True,hirise_clean,0,C:\Users\deves\OneDrive\Desktop\Projects\TCMD-SS\data\raw\hirise_v3_2\map-proj-v3_2\ESP_017770_1990_RED-0460.jpg
map-proj-v3_2/ESP_018720_2655_RED-0120.jpg,ok,,JPEG,227.0,227.0,L,1.0,1.0,normal,dark dune,test,esp_018720_2655_red-0120,[],88a357ca8eed3416d132879aa0d421c4cd1c50a5d4abc0eb4d7a4f86539207b9,661532e7178030cf2cb2bfdd1755766c453823667b8cd9cc531379f6ab828452,f832073cd85f4a4e,24.266665372896817,14.27175494506944,810cce91a560c9bf,[],2.0,esp_018720_2655,['test'],1.0,Counter({'test': 1}),train,7e7b4f2085af6bfe,True,hirise_clean,0,C:\Users\deves\OneDrive\Desktop\Projects\TCMD-SS\data\raw\hirise_v3_2\map-proj-v3_2\ESP_018720_2655_RED-0120.jpg
map-proj-v3_2/ESP_012810_0925_RED-0080.jpg,ok,,JPEG,227.0,227.0,L,1.0,1.0,normal,swiss cheese,train,esp_012810_0925_red-0080,[],d4752883894ae792ff8f9d83fe33e952cbe9d220b66c55bdac879068072b239f,b949e55f49bae041591a0992620977417969bd61b82e8ae39418ad4c847301db,cb3d05d3e93498cc,123.02561664305536,16.48357384665006,a6d52a759ecad7b9,[],6.0,esp_012810_0925,['train'],1.0,Counter({'train': 1}),train,dd45fe812d8c375d,True,hirise_clean,0,C:\Users\deves\OneDrive\Desktop\Projects\TCMD-SS\data\raw\hirise_v3_2\map-proj-v3_2\ESP_012810_0925_RED-0080.jpg
map-proj-v3_2/ESP_012838_0950_RED-0003.jpg,ok,,JPEG,227.0,227.0,L,1.0,1.0,normal,spider,train,esp_012838_0950_red-0003,[],ed99429c971fe8c93c9e3ae674b48a28a1959f222dc82f2683884c44b506e44d,58d56544c1f035d3ddbab1e2c15d321ded85340069ccd5c6c3dab146b56efda4,81ff00ff03fc07a1,119.92755535717752,25.79524006902213,25b93aaf52b2a2c5,[],7.0,esp_012838_0950,['train'],2.0,Counter({'train': 2}),train,5e44ffa17889bb29,True,hirise_clean,0,C:\Users\deves\OneDrive\Desktop\Projects\TCMD-SS\data\raw\hirise_v3_2\map-proj-v3_2\ESP_012838_0950_RED-0003.jpg
map-proj-v3_2/PSP_008965_1510_RED-0369.jpg,ok,,JPEG,227.0,227.0,L,1.0,1.0,normal,other,test,psp_008965_1510_red-0369,[],77aa9cb56b06489dbeca359ce494dd3297bc75ccbdf27c6825d4ec2a3ca500b3,b0cb972a424f6c271d7240d3b45ccd1a40249fd7c35375b1e94ff6b62c3597b6,b2f4ad0ad6ac4c99,110.64623804071492,19.534092890580173,c8306fec177ff819,[],0.0,psp_008965_1510,['test'],1.0,Counter({'test': 1}),train,8ec1c87e1acb9e4e,True,hirise_clean,0,C:\Users\deves\OneDrive\Desktop\Projects\TCMD-SS\data\raw\hirise_v3_2\map-proj-v3_2\PSP_008965_1510_RED-0369.jpg
map-proj-v3_2/ESP_019697_2020_RED-0055.jpg,ok,,JPEG,227.0,227.0,L,1.0,1.0,normal,crater,train,esp_019697_2020_red-0055,[],1181e6decae02e2cc8271153ae37f9fbcce398c085dee6e4cc67d21611fd8183,185cd619c5a585a3fe9cb0886817e60e12164a0ac7d215fe46a86037feb9a772,db694d0b36ccc8c9,62.618855401812574,44.40475060863361,4d3e5d5a99d8df30,[],1.0,esp_019697_2020,['train'],2.0,Counter({'train': 2}),train,8dc310e95be70b1f,True,hirise_clean,0,C:\Users\deves\OneDrive\Desktop\Projects\TCMD-SS\data\raw\hirise_v3_2\map-proj-v3_2\ESP_019697_2020_RED-0055.jpg
map-proj-v3_2/ESP_016517_2655_RED-0001.jpg,ok,,JPEG,227.0,227.0,L,1.0,1.0,normal,dark dune,train,esp_016517_2655_red-0001,[],9e4f1dadda906589d7411277674de3e7c0886a17015878c97e617cb1d0acf86a,a46c812ea6b59663091ada8b8d66ec539f99cd43486b05427fc2000bd90de84d,d4af57b1588c6295,123.2974441576588,26.91771630603694,08a35605c6339912,['group_label_conflict'],2.0,esp_016517_2655,['train'],2.0,Counter({'train': 2}),train,fd0db7f1b6955a04,True,hirise_clean,0,C:\Users\deves\OneDrive\Desktop\Projects\TCMD-SS\data\raw\hirise_v3_2\map-proj-v3_2\ESP_016517_2655_RED-0001.jpg
map-proj-v3_2/ESP_014380_0945_RED-0003.jpg,ok,,JPEG,227.0,227.0,L,1.0,1.0,normal,swiss cheese,train,esp_014380_0945_red-0003,[],ed66ce3ebc6964705dfa04bb8de4b42fe4938800a10c89271f0748523264a47d,b9180a32f402f71f7956499a2ee0e79e144d6876a1074b83b32c7cab9f6aab46,d7f489f96107e01c,146.28605251411827,13.76848097815312,9e1c1c161c89455b,[],6.0,esp_014380_0945,['train'],1.0,Counter({'train': 1}),train,641f51677894182c,True,hirise_clean,0,C:\Users\deves\OneDrive\Desktop\Projects\TCMD-SS\data\raw\hirise_v3_2\map-proj-v3_2\ESP_014380_0945_RED-0003.jpg
map-proj-v3_2/PSP_003470_0930_RED-0070.jpg,ok,,JPEG,227.0,227.0,L,1.0,1.0,normal,spider,test,psp_003470_0930_red-0070,[],146d955d3509e8e608ebca6218ebbdbf7b1a25369863e68638775409013209d4,c155855ac4c62f9384e0eb43afab017a360a35b3322b605cb7d5694c30f64d0f,8e2776bacd82b285,43.21409303499001,15.071821899129487,423df142a9f1243c,[],7.0,psp_003470_0930,['test'],1.0,Counter({'test': 1}),train,1e3c8989fe6df1fa,True,hirise_clean,0,C:\Users\deves\OneDrive\Desktop\Projects\TCMD-SS\data\raw\hirise_v3_2\map-proj-v3_2\PSP_003470_0930_RED-0070.jpg
map-proj-v3_2/ESP_027802_1685_RED-0410.jpg,ok,,JPEG,227.0,227.0,L,1.0,1.0,normal,crater,train,esp_027802_1685_red-0410,[],69cbc55f72ac050dbd2ca42657f9c413ad15a631b5c0d82e134e20aaac1abc0d,b818ca9e863283cabec6d3431852e70b6b3c2c4245ab75804047791ef19ceb31,f5f989176e4a1ac0,135.87317821032818,17.300253410417785,79d0fe58654e4b26,[],1.0,esp_027802_1685,['train'],1.0,Counter({'train': 1}),train,05f954ef1369c4ae,True,hirise_clean,0,C:\Users\deves\OneDrive\Desktop\Projects\TCMD-SS\data\raw\hirise_v3_2\map-proj-v3_2\ESP_027802_1685_RED-0410.jpg
map-proj-v3_2/ESP_014429_1940_RED-0137.jpg,ok,,JPEG,227.0,227.0,L,1.0,1.0,normal,dark dune,train,esp_014429_1940_red-0137,[],065416905cd0e986d40f3a7161a524d5f0e240875f06c30d6826c0c732973a6f,ff05cee1324d676100b7d41a92c18a77b6626e6e787022d9e2e0d6172f1cb923,d5f97807e19ccf00,64.86460051621417,16.24429989748219,af156213822ad510,[],2.0,esp_014429_1940,['train'],1.0,Counter({'train': 1}),train,6105a7ec37f5123b,True,hirise_clean,0,C:\Users\deves\OneDrive\Desktop\Projects\TCMD-SS\data\raw\hirise_v3_2\map-proj-v3_2\ESP_014429_1940_RED-0137.jpg
map-proj-v3_2/ESP_013049_0950_RED-0089.jpg,ok,,JPEG,227.0,227.0,L,1.0,1.0,normal,spider,train,esp_013049_0950_red-0089,[],384ef7bfd94c0eb81aadcf05632dcac5d96d33e1e587f2d7e3e37ce83ef61303,d0b36019262e6047ec59613bf3566f1671b29cb553c92ddd78f46469d3182c2d,841bfe9e1008ffac,173.17203904597412,18.99580510468511,4f163affb65351b9,[],7.0,esp_013049_0950,['train'],2.0,Counter({'train': 2}),train,fd0db7f1b6955a04,True,hirise_clean,0,C:\Users\deves\OneDrive\Desktop\Projects\TCMD-SS\data\raw\hirise_v3_2\map-proj-v3_2\ESP_013049_0950_RED-0089.jpg
map-proj-v3_2/ESP_034557_1510_RED-0326.jpg,ok,,JPEG,227.0,227.0,L,1.0,1.0,normal,other,val,esp_034557_1510_red-0326,[],7cc149693c7689007dba2d22da97ad45b6a40cc27efb192afb4f8b9bfe65d793,748318c50d45627b5b43c7e07ee174d118ef58b8bd055a9b2b13a2ed46fb33be,aee853b2ad446e4c,120.67080673019076,16.428553092792594,00999fe7c7bd6ba8,[],0.0,esp_034557_1510,['val'],1.0,Counter({'val': 1}),train,a507b3899c76af06,True,hirise_clean,0,C:\Users\deves\OneDrive\Desktop\Projects\TCMD-SS\data\raw\hirise_v3_2\map-proj-v3_2\ESP_034557_1510_RED-0326.jpg
map-proj-v3_2/ESP_034557_1510_RED-0156.jpg,ok,,JPEG,227.0,227.0,L,1.0,1.0,normal,crater,val,esp_034557_1510_red-0156,[],3dbd2dadb024dd396629b593a1fd40f60912c0a4fa35fd38eb91595bd113f5f1,9197f59adab764e6b0f4f48d49f92a7e0cde304619ee68cd6943e7c75c829df9,f10e8cd9b336ec88,137.70731044654465,16.243706936031295,937fccfe12946095,[],1.0,esp_034557_1510,['val'],1.0,Counter({'val': 1}),train,a507b3899c76af06,True,hirise_clean,0,C:\Users\deves\OneDrive\Desktop\Projects\TCMD-SS\data\raw\hirise_v3_2\map-proj-v3_2\ESP_034557_1510_RED-0156.jpg
map-proj-v3_2/ESP_018720_2655_RED-0060.jpg,ok,,JPEG,227.0,227.0,L,1.0,1.0,normal,dark dune,test,esp_018720_2655_red-0060,[],7a2fd609104d65ac248f51cc84ae4d919b02d78610713749f5827c451ded3c2e,412d675089d40c1a2794f1b2bc240d660595548a2d8b899bca8b3a33e944223d,ac90ef6fc45ab068,48.907314327854216,12.92313505957778,98bf2038ebb39e9d,[],2.0,esp_018720_2655,['test'],1.0,Counter({'test': 1}),train,7e7b4f2085af6bfe,True,hirise_clean,0,C:\Users\deves\OneDrive\Desktop\Projects\TCMD-SS\data\raw\hirise_v3_2\map-proj-v3_2\ESP_018720_2655_RED-0060.jpg
map-proj-v3_2/ESP_012810_0925_RED-0132.jpg,ok,,JPEG,227.0,227.0,L,1.0,1.0,normal,swiss cheese,train,esp_012810_0925_red-0132,[],d1b1b8cc16e57460e6a316c61251f0940364b0ba1af4d94a5f5f3f3910c885cc,9fde8fee21804af3cb3d734f3dc96316bf80e01cdde2906f49ce8a71c7686bab,879ca63896976399,100.00553086611424,59.126270648824416,f217cac5a2143ea1,[],6.0,esp_012810_0925,['train'],1.0,Counter({'train': 1}),train,dd45fe812d8c375d,True,hirise_clean,0,C:\Users\deves\OneDrive\Desktop\Projects\TCMD-SS\data\raw\hirise_v3_2\map-proj-v3_2\ESP_012810_0925_RED-0132.jpg
map-proj-v3_2/PSP_003470_0930_RED-0043.jpg,ok,,JPEG,227.0,227.0,L,1.0,1.0,normal,spider,test,psp_003470_0930_red-0043,[],7a17fa8e4dc7a05b48c18fd2f2fd60cf2a3964f0618fad59caec5ce4c11d3792,19863a48c579695a829c3a3f48a2d60594889509cfdaf170ea9f695db9267ea9,c61c236fc4bd1ac6,25.97539249742864,16.515249174352107,4d3ebb420696b4d4,[],7.0,psp_003470_0930,['test'],1.0,Counter({'test': 1}),train,1e3c8989fe6df1fa,True,hirise_clean,0,C:\Users\deves\OneDrive\Desktop\Projects\TCMD-SS\data\raw\hirise_v3_2\map-proj-v3_2\PSP_003470_0930_RED-0043.jpg
map-proj-v3_2/ESP_011386_2065_RED-0007.jpg,ok,,JPEG,227.0,227.0,L,1.0,1.0,normal,other,train,esp_011386_2065_red-0007,[],658b4bac8ae6874ce40e66654be5437d0b5fdc6b1c86a70a29297c5c4f52615e,fc1e9afc188fe7c7b39fa1d6956f198bb3886bae044982490d070b5626cde2f0,cc1d73237384c74e,138.56478875972752,14.829955288074652,21c829c378cd9f5a,[],0.0,esp_011386_2065,['train'],1.0,Counter({'train': 1}),train,6bf4b77f24a762fb,True,hirise_clean,0,C:\Users\deves\OneDrive\Desktop\Projects\TCMD-SS\data\raw\hirise_v3_2\map-proj-v3_2\ESP_011386_2065_RED-0007.jpg
map-proj-v3_2/ESP_018720_2655_RED-0078.jpg,ok,,JPEG,227.0,227.0,L,1.0,1.0,normal,dark dune,test,esp_018720_2655_red-0078,[],6fd118b0494929c4f541a336cd522aa4662f0b8ecbbbb5ba39087cb7e04b1138,28983347c51618db74871d2292dff8c192a2c20dc237a9d8c978417b3bb9d71e,84b2cd9a3067ce9d,54.62768538104756,12.453940169497091,8e43e8f045a8e321,[],2.0,esp_018720_2655,['test'],1.0,Counter({'test': 1}),train,7e7b4f2085af6bfe,True,hirise_clean,0,C:\Users\deves\OneDrive\Desktop\Projects\TCMD-SS\data\raw\hirise_v3_2\map-proj-v3_2\ESP_018720_2655_RED-0078.jpg
map-proj-v3_2/ESP_012307_0940_RED-0125.jpg,ok,,JPEG,227.0,227.0,L,1.0,1.0,normal,swiss cheese,train,esp_012307_0940_red-0125,[],83100479a65df18e571bd8c5d39e65719cd73092779d28d3e8309f9f7bb9f34a,3e191d27cef58db94d708a3ed612026206339045ec1b8b82d8f2cc1442ee2c8c,d959702659337659,109.24395971200684,12.365980247973154,b8673eda43f7f1cc,[],6.0,esp_012307_0940,['train'],2.0,Counter({'train': 2}),train,d153f6c561789e4c,True,hirise_clean,0,C:\Users\deves\OneDrive\Desktop\Projects\TCMD-SS\data\raw\hirise_v3_2\map-proj-v3_2\ESP_012307_0940_RED-0125.jpg
map-proj-v3_2/PSP_003470_0930_RED-0086.jpg,ok,,JPEG,227.0,227.0,L,1.0,1.0,normal,spider,test,psp_003470_0930_red-0086,[],94c018038a3c46445e70a84207283fa0700a86abdf760649bc93768935a222ee,7b72e7a0d68b79bf4d927d7f787115a36a669d5383f55f50d79720bf5d64535e,a7e8247ac9972a8e,35.73331522055542,15.400463467862076,94fab0957ff65461,[],7.0,psp_003470_0930,['test'],1.0,Counter({'test': 1}),train,1e3c8989fe6df1fa,True,hirise_clean,0,C:\Users\deves\OneDrive\Desktop\Projects\TCMD-SS\data\raw\hirise_v3_2\map-proj-v3_2\PSP_003470_0930_RED-0086.jpg
map-proj-v3_2/ESP_025151_1570_RED-0123.jpg,ok,,JPEG,227.0,227.0,L,1.0,1.0,normal,other,train,esp_025151_1570_red-0123,[],6cef9f6854a1f4cee3fe055d62b2bb0c4aca648222fb60b26ad0393ad7a34f15,149f17f5f879bec670e24aa3001f5c4b5a8e60daf3e565a385c0f23c490436ee,81d0b66c9d3db8e2,48.2059034718314,31.777484523799625,53244170853fc098,[],0.0,esp_025151_1570,['train'],1.0,Counter({'train': 1}),train,24206087cc341bd3,True,hirise_clean,0,C:\Users\deves\OneDrive\Desktop\Projects\TCMD-SS\data\raw\hirise_v3_2\map-proj-v3_2\ESP_025151_1570_RED-0123.jpg
map-proj-v3_2/PSP_007489_1965_RED-0001.jpg,ok,,JPEG,227.0,227.0,L,1.0,1.0,normal,crater,test,psp_007489_1965_red-0001,[],d148ff159a87025391e94547723fb6a4f9e290ced27f6773a93302995b80dc8f,5ccf7b9a0bd9295572dddbfd3363f020418f91ea52fa7c7748e8970bd8bb2257,f98d678038d42bd3,139.04255855925788,54.87283725959572,cba9c0c6d45f6927,[],1.0,psp_007489_1965,['test'],1.0,Counter({'test': 1}),train,9704981069368e8e,True,hirise_clean,0,C:\Users\deves\OneDrive\Desktop\Projects\TCMD-SS\data\raw\hirise_v3_2\map-proj-v3_2\PSP_007489_1965_RED-0001.jpg
map-proj-v3_2/ESP_036217_2580_RED-0003.jpg,ok,,JPEG,227.0,227.0,L,1.0,1.0,normal,dark dune,train,esp_036217_2580_red-0003,[],c94f7588e1bb6a9ad8323cd5548e5f8bf2e6f2cb3812d02a5c13e8abbf65554b,02e1e970d10c7d44152aba87a7f8f8a99480150f1f66ff37e0594ad9cb2b4002,8fbfd810274e25a3,145.19375497292788,32.15070555392723,1ecb4634982bf17a,[],2.0,esp_036217_2580,['train'],1.0,Counter({'train': 1}),train,6f4990db59226a1f,True,hirise_clean,0,C:\Users\deves\OneDrive\Desktop\Projects\TCMD-SS\data\raw\hirise_v3_2\map-proj-v3_2\ESP_036217_2580_RED-0003.jpg
map-proj-v3_2/ESP_013049_0950_RED-0118.jpg,ok,,JPEG,227.0,227.0,L,1.0,1.0,normal,spider,train,esp_013049_0950_red-0118,[],0e29c6b2b53789fab5c028f2dde28c90430504548316f599a6138932559578cf,a81412b38d3c103edc202c9340a12ed847feb49d55476ed510d2085b7cf42bf2,a5addcd223cef810,175.19119330862233,17.420991202961265,5383ebc12b44d8fd,[],7.0,esp_013049_0950,['train'],2.0,Counter({'train': 2}),train,fd0db7f1b6955a04,True,hirise_clean,0,C:\Users\deves\OneDrive\Desktop\Projects\TCMD-SS\data\raw\hirise_v3_2\map-proj-v3_2\ESP_013049_0950_RED-0118.jpg
map-proj-v3_2/PSP_009754_2205_RED-0014.jpg,ok,,JPEG,227.0,227.0,L,1.0,1.0,normal,other,train,psp_009754_2205_red-0014,[],9451219aa8242a14af338b34bbe1dfe4e8e041f9ee91f58dcea773e8577a49eb,5aaac8ebfecf98bd07cf4683e827b83b144dbfe26defdfa2e508575ca6ecea0e,c1cf9d220aacfa56,94.47930291680412,19.67177456264513,24e3009e49775f4c,[],0.0,psp_009754_2205,['train'],1.0,Counter({'train': 1}),train,9c9118634e4682a6,True,hirise_clean,0,C:\Users\deves\OneDrive\Desktop\Projects\TCMD-SS\data\raw\hirise_v3_2\map-proj-v3_2\PSP_009754_2205_RED-0014.jpg
map-proj-v3_2/PSP_008965_1510_RED-0800.jpg,ok,,JPEG,227.0,227.0,L,1.0,1.0,normal,crater,test,psp_008965_1510_red-0800,[],75cd2b5d0f3b06b5779394ffecbe01d967aec52f70b10e63b519a94c010ec6eb,9119d9986512f6e64b400ffd94d6377ead56a406cf0b90dd4bbdac7d6ee32bdd,b3e0cdda90719336,125.1863610782278,35.37915367871232,32a0403619c1b5d5,[],1.0,psp_008965_1510,['test'],1.0,Counter({'test': 1}),train,8ec1c87e1acb9e4e,True,hirise_clean,0,C:\Users\deves\OneDrive\Desktop\Projects\TCMD-SS\data\raw\hirise_v3_2\map-proj-v3_2\PSP_008965_1510_RED-0800.jpg
map-proj-v3_2/ESP_018720_2655_RED-0046.jpg,ok,,JPEG,227.0,227.0,L,1.0,1.0,normal,dark dune,test,esp_018720_2655_red-0046,[],ff880099cf92e19ec9c5c09e87b14570e6af7d18e2b4983bad2d591d23d3bd73,c026c25619b2da092d068087cef24cd352741a2d5edba42ecbe5ebdc8edf0278,bd12b26ec131639e,40.07667527023618,13.899625801823396,357fa006274aad01,[],2.0,esp_018720_2655,['test'],1.0,Counter({'test': 1}),train,7e7b4f2085af6bfe,True,hirise_clean,0,C:\Users\deves\OneDrive\Desktop\Projects\TCMD-SS\data\raw\hirise_v3_2\map-proj-v3_2\ESP_018720_2655_RED-0046.jpg
map-proj-v3_2/ESP_012810_0925_RED-0043.jpg,ok,,JPEG,227.0,227.0,L,1.0,1.0,normal,swiss cheese,train,esp_012810_0925_red-0043,[],f1c7b53a55f6ce8371893baa11a44b62ab8abc881e43d56099931175710918d1,6f42f8928cfb955bdbc01cad7db2cd827fdbdee0a3b2da9a4adcc1ba6ef156d9,90545673d9d47699,121.57455025325544,13.271552155988491,f6b3d7cb7b0018dc,[],6.0,esp_012810_0925,['train'],1.0,Counter({'train': 1}),train,dd45fe812d8c375d,True,hirise_clean,0,C:\Users\deves\OneDrive\Desktop\Projects\TCMD-SS\data\raw\hirise_v3_2\map-proj-v3_2\ESP_012810_0925_RED-0043.jpg
map-proj-v3_2/ESP_013049_0950_RED-0058.jpg,ok,,JPEG,227.0,227.0,L,1.0,1.0,normal,spider,train,esp_013049_0950_red-0058,[],295e0ac46d965eb6cb42b4f5c4770e13892c432472f727f50b937caa637d59d5,4f9c9cbb6c51950d1009bff682720f3e867d027599dff38070f29d641cd78697,e627999d72e49861,177.11830231520116,17.078390568870333,1a255c90f861cbe4,[],7.0,esp_013049_0950,['train'],2.0,Counter({'train': 2}),train,fd0db7f1b6955a04,True,hirise_clean,0,C:\Users\deves\OneDrive\Desktop\Projects\TCMD-SS\data\raw\hirise_v3_2\map-proj-v3_2\ESP_013049_0950_RED-0058.jpg
map-proj-v3_2/PSP_008965_1510_RED-0245.jpg,ok,,JPEG,227.0,227.0,L,1.0,1.0,normal,other,test,psp_008965_1510_red-0245,[],8543fc5b83d0d6c2b34f023b0c975437acb892005c3c60ade40f8010072f76b2,3a464400fdfc6ec2d57fdeb54e24d1cb11b2518c16759fa75a53eac6dbd9cea2,e96edcf884a54c8c,126.78676085311184,16.429450852938324,56ca7ee5baa4504a,[],0.0,psp_008965_1510,['test'],1.0,Counter({'test': 1}),train,8ec1c87e1acb9e4e,True,hirise_clean,0,C:\Users\deves\OneDrive\Desktop\Projects\TCMD-SS\data\raw\hirise_v3_2\map-proj-v3_2\PSP_008965_1510_RED-0245.jpg
map-proj-v3_2/ESP_026225_1710_RED-0057.jpg,ok,,JPEG,227.0,227.0,L,1.0,1.0,normal,crater,train,esp_026225_1710_red-0057,[],2ee743bb20f42f8308745cfb6596578bdfde7d70cea251c17aff5904f7da604e,b90a81581428f11d3f8b71aabc7e3945644d877031e7f138e57f53a02ed788f0,f3cc88916366ad9a,130.9745386093268,18.44225056979776,a3a8003c3642959b,[],1.0,esp_026225_1710,['train'],1.0,Counter({'train': 1}),train,4e4f7e0ea2cec4ad,True,hirise_clean,0,C:\Users\deves\OneDrive\Desktop\Projects\TCMD-SS\data\raw\hirise_v3_2\map-proj-v3_2\ESP_026225_1710_RED-0057.jpg
map-proj-v3_2/ESP_018720_2655_RED-0105.jpg,ok,,JPEG,227.0,227.0,L,1.0,1.0,normal,dark dune,test,esp_018720_2655_red-0105,[],61097b053622295e8c60fb2bffee68a347714161f2690b46b71146d3ea6b6b57,a8ca6cca9fc3cfb65ad3b2e41dc630fed61e6ef19d79cc5cbe2772e69d308b2f,a308c9f963cc1b6e,50.29348522191388,11.324930189646416,bfd9c2ba52eef22d,[],2.0,esp_018720_2655,['test'],1.0,Counter({'test': 1}),train,7e7b4f2085af6bfe,True,hirise_clean,0,C:\Users\deves\OneDrive\Desktop\Projects\TCMD-SS\data\raw\hirise_v3_2\map-proj-v3_2\ESP_018720_2655_RED-0105.jpg
map-proj-v3_2/ESP_012810_0925_RED-0121.jpg,ok,,JPEG,227.0,227.0,L,1.0,1.0,normal,swiss cheese,train,esp_012810_0925_red-0121,[],308e8719a35eedcda42b20475f01a5c265be762e3fc51c6c7ff62af6201cdf0a,fa59f5c444c11786e0f838a0238137e2e9d2143e8e9f2df43f24ab91900bd298,d585179adeca6191,123.60618292611927,17.015839933260924,52992be3064a539c,[],6.0,esp_012810_0925,['train'],1.0,Counter({'train': 1}),train,dd45fe812d8c375d,True,hirise_clean,0,C:\Users\deves\OneDrive\Desktop\Projects\TCMD-SS\data\raw\hirise_v3_2\map-proj-v3_2\ESP_012810_0925_RED-0121.jpg
map-proj-v3_2/PSP_003470_0930_RED-0067.jpg,ok,,JPEG,227.0,227.0,L,1.0,1.0,normal,spider,test,psp_003470_0930_red-0067,[],e2d6fc114e9ae141ddf266a29fa3283e4d9e525d7d53cfdba781d3f7c0d8ff6a,7cd5571e9ea557ae07b371785645450cbfb68852fd06b1241a933ddc87556d52,ccfb66b4bb622604,25.08698014710163,13.498648593329522,9a129e92bc5df527,[],7.0,psp_003470_0930,['test'],1.0,Counter({'test': 1}),train,1e3c8989fe6df1fa,True,hirise_clean,0,C:\Users\deves\OneDrive\Desktop\Projects\TCMD-SS\data\raw\hirise_v3_2\map-proj-v3_2\PSP_003470_0930_RED-0067.jpg
map-proj-v3_2/PSP_007489_1965_RED-0012.jpg,ok,,JPEG,227.0,227.0,L,1.0,1.0,normal,crater,test,psp_007489_1965_red-0012,[],63356eb74696449bd8c22f4e746365ee5feaccb6f121728213b7aa66547704dd,8c3b71bbae2056bd2674d6ca88ed06575957cb9d8d804b01ba31b1a67702c4fc,e4ee5b91a74a1469,161.49385782763105,10.568946021265994,710c36e630e6a186,[],1.0,psp_007489_1965,['test'],1.0,Counter({'test': 1}),train,9704981069368e8e,True,hirise_clean,0,C:\Users\deves\OneDrive\Desktop\Projects\TCMD-SS\data\raw\hirise_v3_2\map-proj-v3_2\PSP_007489_1965_RED-0012.jpg
map-proj-v3_2/PSP_002455_1320_RED-0089.jpg,ok,,JPEG,227.0,227.0,L,1.0,1.0,normal,dark dune,train,psp_002455_1320_red-0089,[],d9113e8303cf8d4d044be165f5a689d0a95414b9492578b7077203cea15fb0ee,c0359baf345c595d7829f39c8e5c66cf6efe7f2b5efbb794508556a54fc86d7a,ca613a8d574619bb,65.57724776339536,24.43129657924027,9b2f7ffec58330a3,[],2.0,psp_002455_1320,['train'],1.0,Counter({'train': 1}),train,acb759d8cdabc26b,True,hirise_clean,0,C:\Users\deves\OneDrive\Desktop\Projects\TCMD-SS\data\raw\hirise_v3_2\map-proj-v3_2\PSP_002455_1320_RED-0089.jpg
map-proj-v3_2/ESP_012810_0925_RED-0071.jpg,ok,,JPEG,227.0,227.0,L,1.0,1.0,normal,swiss cheese,train,esp_012810_0925_red-0071,[],b71e7a6ecb77bb01cab83728f4a0bf0d1cb9d704465bb4491009548c18265c17,cbec7042261207a567962acf985db694414579e603adc454bdf19b90cf5a38be,da4a6d3594b436d2,125.60882221661588,16.21246886152178,0065a03fe89885e2,[],6.0,esp_012810_0925,['train'],1.0,Counter({'train': 1}),train,dd45fe812d8c375d,True,hirise_clean,0,C:\Users\deves\OneDrive\Desktop\Projects\TCMD-SS\data\raw\hirise_v3_2\map-proj-v3_2\ESP_012810_0925_RED-0071.jpg
map-proj-v3_2/ESP_013049_0950_RED-0235.jpg,ok,,JPEG,227.0,227.0,L,1.0,1.0,normal,spider,train,esp_013049_0950_red-0235,[],a5c01a576b283358dd4cdfb8ca89d5d7571e5e5558506b428e51c87e42a980bb,1d79adfb1606e962176d2e947f2c10d680030c47601970b4846eeab95a7266c7,863e77e40dfc6809,126.90073550816044,81.79704499156257,d57cb81afb646218,[],7.0,esp_013049_0950,['train'],2.0,Counter({'train': 2}),train,fd0db7f1b6955a04,True,hirise_clean,0,C:\Users\deves\OneDrive\Desktop\Projects\TCMD-SS\data\raw\hirise_v3_2\map-proj-v3_2\ESP_013049_0950_RED-0235.jpg
map-proj-v3_2/ESP_025758_1475_RED-0232.jpg,ok,,JPEG,227.0,227.0,L,1.0,1.0,normal,other,val,esp_025758_1475_red-0232,[],db8ef07941f240133cba7b4d569be9fa65a010c2203dea41335d4096e281323c,c6b953ac0235b26fca1ef1518f756b112e5d207bd9a6acce5109df3bab1ea0f6,8d80d236edc99b72,107.45710182615616,15.665958505202248,c82cc579d3a92ebb,[],0.0,esp_025758_1475,['val'],1.0,Counter({'val': 1}),train,7665d7e7795c2195,True,hirise_clean,0,C:\Users\deves\OneDrive\Desktop\Projects\TCMD-SS\data\raw\hirise_v3_2\map-proj-v3_2\ESP_025758_1475_RED-0232.jpg
map-proj-v3_2/ESP_036217_2580_RED-0005.jpg,ok,,JPEG,227.0,227.0,L,1.0,1.0,normal,dark dune,train,esp_036217_2580_red-0005,[],3244cf3c8e2084cc0a61af959f6576a1b0a1dca484dd9f3bf52911f8055e2797,1bc717f426ed09b9e4e14f3909a2eb81af7a4367991796619607d7b61e4ebff7,92e5381f22d8579d,114.60633817850145,61.217716661742585,ee3c4106f4e4a08a,[],2.0,esp_036217_2580,['train'],1.0,Counter({'train': 1}),train,6f4990db59226a1f,True,hirise_clean,0,C:\Users\deves\OneDrive\Desktop\Projects\TCMD-SS\data\raw\hirise_v3_2\map-proj-v3_2\ESP_036217_2580_RED-0005.jpg
map-proj-v3_2/ESP_012810_0925_RED-0122.jpg,ok,,JPEG,227.0,227.0,L,1.0,1.0,normal,swiss cheese,train,esp_012810_0925_red-0122,[],3785c6934dabf401c576b4bf08bb1ebf4882ddae741368fcfc8cf9ddeb74841c,28e1625d6da89a61a0362b968164bb92207a7fa8c0aabb60264662c7b23e5541,b8ef4c67909f07c0,123.83426808205088,16.26535919637573,8471e261fc3e39d0,[],6.0,esp_012810_0925,['train'],1.0,Counter({'train': 1}),train,dd45fe812d8c375d,True,hirise_clean,0,C:\Users\deves\OneDrive\Desktop\Projects\TCMD-SS\data\raw\hirise_v3_2\map-proj-v3_2\ESP_012810_0925_RED-0122.jpg
map-proj-v3_2/ESP_013049_0950_RED-0122.jpg,ok,,JPEG,227.0,227.0,L,1.0,1.0,normal,spider,train,esp_013049_0950_red-0122,[],f5c4e091cb9fc308aceda00c3623e40e8a627e31a5e156996510c796693317b4,13d6c9a0069a47fec33bea6d33ebb7b31d6e5488e5dd5af127f9c4d29cb1058d,f2a79c6a27599864,192.60659046362244,15.64971931517504,f8aae55435000c22,[],7.0,esp_013049_0950,['train'],2.0,Counter({'train': 2}),train,fd0db7f1b6955a04,True,hirise_clean,0,C:\Users\deves\OneDrive\Desktop\Projects\TCMD-SS\data\raw\hirise_v3_2\map-proj-v3_2\ESP_013049_0950_RED-0122.jpg
map-proj-v3_2/ESP_017770_1990_RED-0266.jpg,ok,,JPEG,227.0,227.0,L,1.0,1.0,normal,other,train,esp_017770_1990_red-0266,[],0eb8478d9c0afc5630a9a22f58a106dbf72bfb48ee213a877350346d262e4082,c9f974373ee2cf3f343cbe73cdad2c8a8eec9b46f172b008bc14a166e80c6a37,e0c0992d2d5f5e59,132.68115042015177,21.474871008549552,8bb4da6c0d0e039e,[],0.0,esp_017770_1990,['train'],1.0,Counter({'train': 1}),train,f345152edef783a2,True,hirise_clean,0,C:\Users\deves\OneDrive\Desktop\Projects\TCMD-SS\data\raw\hirise_v3_2\map-proj-v3_2\ESP_017770_1990_RED-0266.jpg
map-proj-v3_2/ESP_012282_0955_RED-0045.jpg,ok,,JPEG,227.0,227.0,L,1.0,1.0,normal,dark dune,val,esp_012282_0955_red-0045,[],5a69a26a073a9799b5320366bdaca1c54baeb8fd8c3307adb269669a32dbaa64,2b2505a9b37c13292b7f7a12d1872e9cc76e0630f47ffd24b06f89eff5ee7d75,ac2ccc64b6bbaca4,68.48485318946612,11.88391327907406,e4b90ade3aff42ce,[],2.0,esp_012282_0955,['val'],2.0,Counter({'val': 2}),train,7801a3b8a424003f,True,hirise_clean,0,C:\Users\deves\OneDrive\Desktop\Projects\TCMD-SS\data\raw\hirise_v3_2\map-proj-v3_2\ESP_012282_0955_RED-0045.jpg
map-proj-v3_2/ESP_012810_0925_RED-0060.jpg,ok,,JPEG,227.0,227.0,L,1.0,1.0,normal,swiss cheese,train,esp_012810_0925_red-0060,[],29b36a2922d41106cc30f7617c68bf74ebec3b5ca8b980dd3b7c4a136d36265d,21c7a1f8abee9af5592ef400761fe5b8e86b421d588931521fea47da9de0f91f,97a49318cd6d7692,122.47619786916106,10.757432389801735,7452724b244741e9,[],6.0,esp_012810_0925,['train'],1.0,Counter({'train': 1}),train,dd45fe812d8c375d,True,hirise_clean,0,C:\Users\deves\OneDrive\Desktop\Projects\TCMD-SS\data\raw\hirise_v3_2\map-proj-v3_2\ESP_012810_0925_RED-0060.jpg
map-proj-v3_2/ESP_013049_0950_RED-0060.jpg,ok,,JPEG,227.0,227.0,L,1.0,1.0,normal,spider,train,esp_013049_0950_red-0060,[],a908e8e1be88676083a783eaf7108cd6205325a9a2b098e99eef101dec637762,644b8f3b758fa8ccc5d82dbbb00519756df553e28985702b5790f27f5ef3ad2f,927ed915e700fda0,176.94832036329058,21.185078078165443,d38f7eea760225af,[],7.0,esp_013049_0950,['train'],2.0,Counter({'train': 2}),train,fd0db7f1b6955a04,True,hirise_clean,0,C:\Users\deves\OneDrive\Desktop\Projects\TCMD-SS\data\raw\hirise_v3_2\map-proj-v3_2\ESP_013049_0950_RED-0060.jpg
map-proj-v3_2/PSP_008965_1510_RED-0301.jpg,ok,,JPEG,227.0,227.0,L,1.0,1.0,normal,other,test,psp_008965_1510_red-0301,[],1d9d9443397da2f4bced4aa2d50481aaaf8d5d6e74f23052b140486e28e8e277,8b67c139c3101adf1fe3e384735ac37c3a5f23201ed8670f925b694842ebe413,d2ca2d49c93b33e2,96.57402627646567,52.13499024754224,c8a4ff0a5088fc32,[],0.0,psp_008965_1510,['test'],1.0,Counter({'test': 1}),train,8ec1c87e1acb9e4e,True,hirise_clean,0,C:\Users\deves\OneDrive\Desktop\Projects\TCMD-SS\data\raw\hirise_v3_2\map-proj-v3_2\PSP_008965_1510_RED-0301.jpg
map-proj-v3_2/ESP_019697_2020_RED-0093.jpg,ok,,JPEG,227.0,227.0,L,1.0,1.0,normal,crater,train,esp_019697_2020_red-0093,[],8499610bd5ad1130d82a4a01b1507d1148e38bf9e576898faa4d0167193bb303,0d46331f11deb2e20b535ddf579e9990f1cc7dbe0a330b155f2cfdd60403d639,931a6d6590d85bb3,96.98767684216656,30.42788301915464,699c883457050c8a,[],1.0,esp_019697_2020,['train'],2.0,Counter({'train': 2}),train,8dc310e95be70b1f,True,hirise_clean,0,C:\Users\deves\OneDrive\Desktop\Projects\TCMD-SS\data\raw\hirise_v3_2\map-proj-v3_2\ESP_019697_2020_RED-0093.jpg
map-proj-v3_2/ESP_018815_2570_RED-0000.jpg,ok,,JPEG,227.0,227.0,L,1.0,1.0,normal,dark dune,test,esp_018815_2570_red-0000,[],4a607a078e95b105c64bc2dc922a60ffbd0bf95114197f89ebc679f7e02a5de9,f05278d0058b850e532b1c26fddc614e627ef70df3a254b3719266bcb5503ac6,e20c21e6e7cccbc6,115.80665256457527,22.760385300741888,98a8dc6cacc197ee,[],2.0,esp_018815_2570,['test'],1.0,Counter({'test': 1}),train,79c257808b0fd852,True,hirise_clean,0,C:\Users\deves\OneDrive\Desktop\Projects\TCMD-SS\data\raw\hirise_v3_2\map-proj-v3_2\ESP_018815_2570_RED-0000.jpg
map-proj-v3_2/ESP_012294_0935_RED-0124.jpg,ok,,JPEG,227.0,227.0,L,1.0,1.0,normal,swiss cheese,train,esp_012294_0935_red-0124,[],6b5f0c5778bc7c50de92a5b8ef005208ba506b0358d999efda08135a71205b3b,372c82be527f6216f31afb17bc50f4d597f9a3f21daf2a19d492d7b0a4f90975,eb3ff6cd18f30004,107.3791457237672,12.752959016276996,018fd5c49626d30a,[],6.0,esp_012294_0935,['train'],2.0,Counter({'train': 2}),train,266cd71437e2bee8,True,hirise_clean,0,C:\Users\deves\OneDrive\Desktop\Projects\TCMD-SS\data\raw\hirise_v3_2\map-proj-v3_2\ESP_012294_0935_RED-0124.jpg
map-proj-v3_2/ESP_011341_0980_RED-0004.jpg,ok,,JPEG,227.0,227.0,L,1.0,1.0,normal,spider,val,esp_011341_0980_red-0004,[],9f954585f100856973f0a29bd3be9450a3c859f010fd488018eda1d366d9e600,f7a994d1cf460a37afc13de0e30ebe9a2d1b3b27f50d3903626c672b9139a67d,e69b694eb1ad1846,118.72306856333329,64.15392535499328,378bf2d8fc458938,[],7.0,esp_011341_0980,['val'],2.0,Counter({'val': 2}),train,dfcfaa177f950c1d,True,hirise_clean,0,C:\Users\deves\OneDrive\Desktop\Projects\TCMD-SS\data\raw\hirise_v3_2\map-proj-v3_2\ESP_011341_0980_RED-0004.jpg
map-proj-v3_2/ESP_018720_2655_RED-0023.jpg,ok,,JPEG,227.0,227.0,L,1.0,1.0,normal,dark dune,test,esp_018720_2655_red-0023,[],3c8ffdc0e35a1ebaf726b6a26481094f58e8c0e98b2dd2e7dbcbec6818145d5f,9206639752e2fb78e6eb11113050597f72536f8d8f18017228c2ecf7ba113e25,bffa6241810da697,47.618428457761645,12.091925665953356,406e37ad26a95e4a,[],2.0,esp_018720_2655,['test'],1.0,Counter({'test': 1}),train,7e7b4f2085af6bfe,True,hirise_clean,0,C:\Users\deves\OneDrive\Desktop\Projects\TCMD-SS\data\raw\hirise_v3_2\map-proj-v3_2\ESP_018720_2655_RED-0023.jpg
map-proj-v3_2/ESP_011661_0930_RED-0026.jpg,ok,,JPEG,227.0,227.0,L,1.0,1.0,normal,swiss cheese,val,esp_011661_0930_red-0026,[],3f82feedcd1cd94ad7d325b96942dc7cba941c34da50b56aa12c6e84412ce63f,1717ed407303fb4d327ed0a66cf592538cb40631e0b5e705c18e4697f349d3dd,e1ba4ec2b3b8a631,69.79308738768461,18.09681436950793,567b5d1fec28ee06,[],6.0,esp_011661_0930,['val'],2.0,Counter({'val': 2}),train,d32aad3ef9d09cb3,True,hirise_clean,0,C:\Users\deves\OneDrive\Desktop\Projects\TCMD-SS\data\raw\hirise_v3_2\map-proj-v3_2\ESP_011661_0930_RED-0026.jpg
map-proj-v3_2/PSP_003470_0930_RED-0116.jpg,ok,,JPEG,227.0,227.0,L,1.0,1.0,normal,spider,test,psp_003470_0930_red-0116,[],0d55ec65a6434b4ee9a72515994bdc37f06e8826028766de1a41fecde27f3dd0,b34c282c5258bcd80ab8ebcd16c9b7fcb5401a4d8b68f95ded7a8260f53d3608,b3f90a257a95164e,47.068272235052106,15.97843924306254,e5698618154a5a66,[],7.0,psp_003470_0930,['test'],1.0,Counter({'test': 1}),train,1e3c8989fe6df1fa,True,hirise_clean,0,C:\Users\deves\OneDrive\Desktop\Projects\TCMD-SS\data\raw\hirise_v3_2\map-proj-v3_2\PSP_003470_0930_RED-0116.jpg
map-proj-v3_2/PSP_001481_1875_RED-0022.jpg,ok,,JPEG,227.0,227.0,L,1.0,1.0,normal,other,train,psp_001481_1875_red-0022,[],829e9472efd54bd495f518cb12818e6e14b96eb9167f1c69cf84e4aef4a3386a,adedd0e9564d674c481f69611d57115e63b4cc115ab9cdccfd8e243765b3b053,ab506b240aede47e,41.60992838983873,16.8239053745488,28988c08e4716725,[],0.0,psp_001481_1875,['train'],1.0,Counter({'train': 1}),train,1be3cb12eb9eb046,True,hirise_clean,0,C:\Users\deves\OneDrive\Desktop\Projects\TCMD-SS\data\raw\hirise_v3_2\map-proj-v3_2\PSP_001481_1875_RED-0022.jpg
map-proj-v3_2/ESP_034181_1695_RED-0006.jpg,ok,,JPEG,227.0,227.0,L,1.0,1.0,normal,crater,val,esp_034181_1695_red-0006,[],820089faa1e5de8cddde1325c2280de7129d9ee298d0de12d6eaa7121f6aa1f1,7b523dd727f0b0270324a424bf9df3d4b46b465d3d58990fdcd841f840af7000,b1fece903166664c,103.00042694405091,18.87926052872558,1f6a8d1b84fd09a1,[],1.0,esp_034181_1695,['val'],1.0,Counter({'val': 1}),train,92d5fe76272a0364,True,hirise_clean,0,C:\Users\deves\OneDrive\Desktop\Projects\TCMD-SS\data\raw\hirise_v3_2\map-proj-v3_2\ESP_034181_1695_RED-0006.jpg
map-proj-v3_2/ESP_018720_2655_RED-0052.jpg,ok,,JPEG,227.0,227.0,L,1.0,1.0,normal,dark dune,test,esp_018720_2655_red-0052,[],fd9d78bfadf93492f7ba829e4fc37d30ffc731783163a665b57d5f4dae8be245,eb4646c31235fa60194ff1ecb6d43a8b2c7e916991fa480e1de65a8d40e8cdf9,e903977cc407ee8c,36.75151856236294,12.840281831121144,86f0917f475b408f,[],2.0,esp_018720_2655,['test'],1.0,Counter({'test': 1}),train,7e7b4f2085af6bfe,True,hirise_clean,0,C:\Users\deves\OneDrive\Desktop\Projects\TCMD-SS\data\raw\hirise_v3_2\map-proj-v3_2\ESP_018720_2655_RED-0052.jpg
map-proj-v3_2/PSP_002804_0930_RED-0018.jpg,ok,,JPEG,227.0,227.0,L,1.0,1.0,normal,swiss cheese,val,psp_002804_0930_red-0018,[],326d35ebc6e878d11bfcc97a7fa4ba332c98cf8655ab2dc223518e62ed2b481c,69118542195ade9070920c6d7a14ce189a14b54f2c9715d3d8af94a035e647fb,ca4c5574d4cb84dd,96.76419103805624,17.55178180815124,d6dbc40649e1569d,[],6.0,psp_002804_0930,['val'],1.0,Counter({'val': 1}),train,fd0db7f1b6955a04,True,hirise_clean,0,C:\Users\deves\OneDrive\Desktop\Projects\TCMD-SS\data\raw\hirise_v3_2\map-proj-v3_2\PSP_002804_0930_RED-0018.jpg
map-proj-v3_2/ESP_013049_0950_RED-0173.jpg,ok,,JPEG,227.0,227.0,L,1.0,1.0,normal,spider,train,esp_013049_0950_red-0173,[],ffa06eb676500eba0b04419723138447d4ce3dbe90ffcfbbb5b6d487697bb1c0,75d47135b789858e5d4754645a6eea8c7fdb27bae9887cf70fd42bf3ca763a9f,d6aa55aa56a55b21,166.09012400784025,28.97748517345106,65bf94d465505633,[],7.0,esp_013049_0950,['train'],2.0,Counter({'train': 2}),train,fd0db7f1b6955a04,True,hirise_clean,0,C:\Users\deves\OneDrive\Desktop\Projects\TCMD-SS\data\raw\hirise_v3_2\map-proj-v3_2\ESP_013049_0950_RED-0173.jpg
map-proj-v3_2/ESP_037610_1845_RED-0243.jpg,ok,,JPEG,227.0,227.0,L,1.0,1.0,normal,other,test,esp_037610_1845_red-0243,[],ce525abd5bc78846aa46fbdba3455566cad2413767db38525a0dd4bbee1c3d4b,b274538a6aa285741c3be23af8af9ea7da3b823cdfc8cf2a9a126b9149efc7e4,a8486793c873ced5,128.222923014225,17.222792625819128,185e67234e8c00cb,[],0.0,esp_037610_1845,['test'],1.0,Counter({'test': 1}),train,84515c5e5010cfb3,True,hirise_clean,0,C:\Users\deves\OneDrive\Desktop\Projects\TCMD-SS\data\raw\hirise_v3_2\map-proj-v3_2\ESP_037610_1845_RED-0243.jpg
map-proj-v3_2/PSP_003703_2035_RED-0027.jpg,ok,,JPEG,227.0,227.0,L,1.0,1.0,normal,crater,train,psp_003703_2035_red-0027,[],832c378566fa2fb8d4afbf1bc2ed246a14dc513c84e972ee83870d52fcf72c86,493d42dab2955dedde1f0ccc4e95acbb8ca99d3dc514072ee319d366fa3f1ce8,a6db492c16cba96c,125.26998389256536,17.004374463055896,f3e938647d8b1bf5,[],1.0,psp_003703_2035,['train'],1.0,Counter({'train': 1}),train,77e968939bd59ef1,True,hirise_clean,0,C:\Users\deves\OneDrive\Desktop\Projects\TCMD-SS\data\raw\hirise_v3_2\map-proj-v3_2\PSP_003703_2035_RED-0027.jpg
map-proj-v3_2/ESP_036217_2580_RED-0004.jpg,ok,,JPEG,227.0,227.0,L,1.0,1.0,normal,dark dune,train,esp_036217_2580_red-0004,[],2914341d8e38f1c78be09ff94836b6444442926bbc18ae1a46f88bf04acdb5a8,44a424c2ebff2c5c3a5f834da09de96ffc64fbca485658f0a91ce0e08370eedd,c44c492ba6547e6f,113.1505559975936,51.874095758465245,30e8b61a80b43a3c,[],2.0,esp_036217_2580,['train'],1.0,Counter({'train': 1}),train,6f4990db59226a1f,True,hirise_clean,0,C:\Users\deves\OneDrive\Desktop\Projects\TCMD-SS\data\raw\hirise_v3_2\map-proj-v3_2\ESP_036217_2580_RED-0004.jpg
map-proj-v3_2/PSP_002804_0930_RED-0051.jpg,ok,,JPEG,227.0,227.0,L,1.0,1.0,normal,swiss cheese,val,psp_002804_0930_red-0051,[],dde0cefd81945241e62e2d8e8948a0590f555d15fbe60cc0896cfe02fbbce009,1eff94a8c55ddc2bd516940c7eb8dd20c7f954c159426c7e0f72f570f25d454f,85913e68431fbea6,65.39304081196995,59.05940934270278,369f42f604560d77,[],6.0,psp_002804_0930,['val'],1.0,Counter({'val': 1}),train,fd0db7f1b6955a04,True,hirise_clean,0,C:\Users\deves\OneDrive\Desktop\Projects\TCMD-SS\data\raw\hirise_v3_2\map-proj-v3_2\PSP_002804_0930_RED-0051.jpg
map-proj-v3_2/ESP_016095_2655_RED-0049.jpg,ok,,JPEG,227.0,227.0,L,1.0,1.0,normal,spider,val,esp_016095_2655_red-0049,[],5cadfff60dc495a892505759500ccf55418f2b23e51739823e2f8850ffe07432,310a925cd2dc07b11714a0d3c4ad08e2339aa32aee010b1cb0f6ecb0cbc9b8e6,a3320938699dcdee,159.54012303751287,21.23138586908781,367e0277051f98d2,[],7.0,esp_016095_2655,['val'],2.0,Counter({'val': 2}),train,5aac0f217c85986f,True,hirise_clean,0,C:\Users\deves\OneDrive\Desktop\Projects\TCMD-SS\data\raw\hirise_v3_2\map-proj-v3_2\ESP_016095_2655_RED-0049.jpg
map-proj-v3_2/PSP_003703_2035_RED-0044.jpg,ok,,JPEG,227.0,227.0,L,1.0,1.0,normal,crater,train,psp_003703_2035_red-0044,[],0e41cd960f7241fdfeaf20e9b7e82cc14fdf829d77789495c0c3fa569046deef,17d67803b60fe50cbb826aaa7bbb78e6c52390cb333e8555740faa85c772e232,fb05467613896d27,124.06730190766363,16.941147429172865,40fa4fb52f7959a0,[],1.0,psp_003703_2035,['train'],1.0,Counter({'train': 1}),train,77e968939bd59ef1,True,hirise_clean,0,C:\Users\deves\OneDrive\Desktop\Projects\TCMD-SS\data\raw\hirise_v3_2\map-proj-v3_2\PSP_003703_2035_RED-0044.jpg
map-proj-v3_2/ESP_014429_1940_RED-0134.jpg,ok,,JPEG,227.0,227.0,L,1.0,1.0,normal,dark dune,train,esp_014429_1940_red-0134,[],2d17a295f9b7e5aeda24e059619bceb30a99b0444a234a6296f8f0d117fed4d6,bac60e37172adc109c1456ec5d522a332e64a2d7a0d0e2ac7dbfa0bebbfc0cdc,c148c9ce6cf09bad,55.68536164101768,14.354430544801028,b41ad9d7749032cd,[],2.0,esp_014429_1940,['train'],1.0,Counter({'train': 1}),train,6105a7ec37f5123b,True,hirise_clean,0,C:\Users\deves\OneDrive\Desktop\Projects\TCMD-SS\data\raw\hirise_v3_2\map-proj-v3_2\ESP_014429_1940_RED-0134.jpg
map-proj-v3_2/ESP_012810_0925_RED-0090.jpg,ok,,JPEG,227.0,227.0,L,1.0,1.0,normal,swiss cheese,train,esp_012810_0925_red-0090,[],06ba8a5f8c346073804517e4272527e8782408c5ddf3849f6631726ad73a356b,c3b8b692a65955cb23d5d09416d4fe711614e8d601cf3c2292d6222d62f44f34,b59c4ef11c06f82e,123.12053406819462,14.45343659194997,1abb86f5f15372f9,[],6.0,esp_012810_0925,['train'],1.0,Counter({'train': 1}),train,dd45fe812d8c375d,True,hirise_clean,0,C:\Users\deves\OneDrive\Desktop\Projects\TCMD-SS\data\raw\hirise_v3_2\map-proj-v3_2\ESP_012810_0925_RED-0090.jpg
map-proj-v3_2/ESP_012081_0930_RED-0005.jpg,ok,,JPEG,227.0,227.0,L,1.0,1.0,normal,spider,train,esp_012081_0930_red-0005,[],817f456efa4cbea958d6e7b5a5a61c40efdb871c0c10a3b7410d13571f51d875,3af7824319b0d68f0f9e1ba7829c07904b854837589719bd40857d2eed649876,8f3cb829ed978621,60.28463583613111,41.39621963022474,f9a64d0605c2c7bf,[],7.0,esp_012081_0930,['train'],2.0,Counter({'train': 2}),train,67ac938dda18ba82,True,hirise_clean,0,C:\Users\deves\OneDrive\Desktop\Projects\TCMD-SS\data\raw\hirise_v3_2\map-proj-v3_2\ESP_012081_0930_RED-0005.jpg
map-proj-v3_2/ESP_022998_0980_RED-0106.jpg,ok,,JPEG,227.0,227.0,L,1.0,1.0,normal,other,train,esp_022998_0980_red-0106,[],db9d5aa7222982d6844a0e25cebd79a62deabf8852810428d0e14dbb509ebe8c,b17f91b492f302fcb7ebd8930c0271affd06388595110245a6ec684bfb36ab87,ac9120916cf67f9a,105.18172291331096,18.022211292694085,a7e79f50bb9ad5ed,[],0.0,esp_022998_0980,['train'],1.0,Counter({'train': 1}),train,1280afd10477bff9,True,hirise_clean,0,C:\Users\deves\OneDrive\Desktop\Projects\TCMD-SS\data\raw\hirise_v3_2\map-proj-v3_2\ESP_022998_0980_RED-0106.jpg
map-proj-v3_2/ESP_028196_1840_RED-0430.jpg,ok,,JPEG,227.0,227.0,L,1.0,1.0,normal,crater,train,esp_028196_1840_red-0430,[],860fcae4616c9bd8ea3d3cad6f594e679852c09380bd96e8adb5f3479933ed63,4c9d24e015a70678f923bbc022257c005196a1139950f5bdd265e27d658c826f,c9b3264c9930f78d,126.9355702614062,17.768893851960296,d1d28a6119d07c1d,[],1.0,esp_028196_1840,['train'],1.0,Counter({'train': 1}),train,27d4cddfac4d7248,True,hirise_clean,0,C:\Users\deves\OneDrive\Desktop\Projects\TCMD-SS\data\raw\hirise_v3_2\map-proj-v3_2\ESP_028196_1840_RED-0430.jpg
map-proj-v3_2/PSP_002455_1320_RED-0104.jpg,ok,,JPEG,227.0,227.0,L,1.0,1.0,normal,dark dune,train,psp_002455_1320_red-0104,[],367c51036c3369e385b8bc5faac56a24e187f2b7ea2a81dbe9401f396ac6c1c7,eaea96f12c37dcfda1a31dc439148e053669313c4698d9db283f8fac85a91943,de69983c4d9c1c69,37.653127365173006,28.82908308844541,3f141c3d144d1d22,[],2.0,psp_002455_1320,['train'],1.0,Counter({'train': 1}),train,acb759d8cdabc26b,True,hirise_clean,0,C:\Users\deves\OneDrive\Desktop\Projects\TCMD-SS\data\raw\hirise_v3_2\map-proj-v3_2\PSP_002455_1320_RED-0104.jpg
map-proj-v3_2/ESP_012282_0955_RED-0079.jpg,ok,,JPEG,227.0,227.0,L,1.0,1.0,normal,swiss cheese,val,esp_012282_0955_red-0079,[],c20bb421a3a42fc91c899a7f1f90e19f42ccb69720e4043d57b8314bd72e782a,93564a3a49dacba8c6414e7d7a2dee51e0b94aa46ab90ba56a5f71fffc5ff903,92f15c43789bcd46,68.4995633526752,14.980445662910553,6327059f37b7d979,[],6.0,esp_012282_0955,['val'],2.0,Counter({'val': 2}),train,7801a3b8a424003f,True,hirise_clean,0,C:\Users\deves\OneDrive\Desktop\Projects\TCMD-SS\data\raw\hirise_v3_2\map-proj-v3_2\ESP_012282_0955_RED-0079.jpg
map-proj-v3_2/PSP_003470_0930_RED-0105.jpg,ok,,JPEG,227.0,227.0,L,1.0,1.0,normal,spider,test,psp_003470_0930_red-0105,[],f7a860c372356a310afc09fdd56abbfb1e84644ab7009379c59498e65ddd0358,094755fcc675af4f8ec70521fc0b91614f6105711375dbe0df045a4da79acac7,983d32e16b6ee648,18.0725028624658,16.097824776406636,9533ee2553f2f2af,[],7.0,psp_003470_0930,['test'],1.0,Counter({'test': 1}),train,1e3c8989fe6df1fa,True,hirise_clean,0,C:\Users\deves\OneDrive\Desktop\Projects\TCMD-SS\data\raw\hirise_v3_2\map-proj-v3_2\PSP_003470_0930_RED-0105.jpg
map-proj-v3_2/ESP_027802_1685_RED-0045.jpg,ok,,JPEG,227.0,227.0,L,1.0,1.0,normal,other,train,esp_027802_1685_red-0045,[],a6d59659dcb7c11a04a1f3193b7d1a83f73475630f9c83606d3ce1e1c3b4e407,701ab27f23f41562173c80d51f7044b1883fd100c699dda227cda3ca27165aa3,e3dd9ca1602dcb19,126.27662093190244,14.901260561659562,aecb2e3f9fab3699,[],0.0,esp_027802_1685,['train'],1.0,Counter({'train': 1}),train,05f954ef1369c4ae,True,hirise_clean,0,C:\Users\deves\OneDrive\Desktop\Projects\TCMD-SS\data\raw\hirise_v3_2\map-proj-v3_2\ESP_027802_1685_RED-0045.jpg
map-proj-v3_2/ESP_017001_1805_RED-0172.jpg,ok,,JPEG,227.0,227.0,L,1.0,1.0,normal,dark dune,test,esp_017001_1805_red-0172,[],86ec6a8bd539f09a41bebacfbd774e6b0dff45cd716712977a5a51992b226d24,e2a77eb12bf54f5b9cc304d46f6c67d021b0fe9fd8d696babeb42882da785fe2,8060c7dc72f5c99b,96.8280191736692,56.683140681331366,75789fd969629c85,[],2.0,esp_017001_1805,['test'],1.0,Counter({'test': 1}),train,f03fb3a269199b75,True,hirise_clean,0,C:\Users\deves\OneDrive\Desktop\Projects\TCMD-SS\data\raw\hirise_v3_2\map-proj-v3_2\ESP_017001_1805_RED-0172.jpg
map-proj-v3_2/ESP_011661_0930_RED-0094.jpg,ok,,JPEG,227.0,227.0,L,1.0,1.0,normal,swiss cheese,val,esp_011661_0930_red-0094,[],90d0f714b346bc686e463d34428a73e5f982d4c3029f6ef7e21767f571f976ce,77beb7c6128e041f703d2b21f6dd211f883802d85e05b49efffaa0860e419894,83e2ea74ac4d5595,70.05719109627589,12.796666413882228,7a6669da3db6f483,[],6.0,esp_011661_0930,['val'],2.0,Counter({'val': 2}),train,d32aad3ef9d09cb3,True,hirise_clean,0,C:\Users\deves\OneDrive\Desktop\Projects\TCMD-SS\data\raw\hirise_v3_2\map-proj-v3_2\ESP_011661_0930_RED-0094.jpg
map-proj-v3_2/PSP_003470_0930_RED-0040.jpg,ok,,JPEG,227.0,227.0,L,1.0,1.0,normal,spider,test,psp_003470_0930_red-0040,[],1a79f2ef0a81b5f73a2e0a0d00c196bb2f8ea5ff13f601d4bf5a7ee07219d555,17f40d1660019f53833b8c6b6511111eef4f354c96e377df2b57e52f63d2faf2,9b2c6c8c8a366dcb,26.051893108734888,12.043878228037,89995736bb8c4f87,[],7.0,psp_003470_0930,['test'],1.0,Counter({'test': 1}),train,1e3c8989fe6df1fa,True,hirise_clean,0,C:\Users\deves\OneDrive\Desktop\Projects\TCMD-SS\data\raw\hirise_v3_2\map-proj-v3_2\PSP_003470_0930_RED-0040.jpg
map-proj-v3_2/ESP_018720_2655_RED-0127.jpg,ok,,JPEG,227.0,227.0,L,1.0,1.0,normal,dark dune,test,esp_018720_2655_red-0127,[],945af839f407d108b14681f29096a28c92b2874169b700d2cda9cadd764ba5c1,2d3f4e9e551e773c7459c7f115bc1f3cc634c8d659d97b6db28d198e2b107865,a825b1adad9f019d,25.76795590832347,11.719434890883312,5aa8a63710d310f6,[],2.0,esp_018720_2655,['test'],1.0,Counter({'test': 1}),train,7e7b4f2085af6bfe,True,hirise_clean,0,C:\Users\deves\OneDrive\Desktop\Projects\TCMD-SS\data\raw\hirise_v3_2\map-proj-v3_2\ESP_018720_2655_RED-0127.jpg
map-proj-v3_2/ESP_011842_0980_RED-0069.jpg,ok,,JPEG,227.0,227.0,L,1.0,1.0,normal,spider,train,esp_011842_0980_red-0069,[],80dff987172bf30bc4f8470ee1aee66a11f89536cff633e96142b790ca2a981d,31182270c955187f6e8b88238d4a763493a0c7fa3ebb1c0c099480377fc5dbf4,b2362d6d61450d7d,126.79646412699644,71.20267483106605,6d001b9a00264eb7,[],7.0,esp_011842_0980,['train'],2.0,Counter({'train': 2}),train,c6cb2d045a25e651,True,hirise_clean,0,C:\Users\deves\OneDrive\Desktop\Projects\TCMD-SS\data\raw\hirise_v3_2\map-proj-v3_2\ESP_011842_0980_RED-0069.jpg
map-proj-v3_2/PSP_006961_2195_RED-0098.jpg,ok,,JPEG,227.0,227.0,L,1.0,1.0,normal,other,train,psp_006961_2195_red-0098,[],e5566297a9104c7c66a815eddfce23f54ead20b6e94ae6db0a783cb9dd991f9c,26b8db514c4d13aa87d267b26e1aa2e96ffbe3367ee6c40f28e225993e22f99a,91e9747b15c2c9e8,143.53106017970464,19.27939962805103,a4e96a57362b6d7c,[],0.0,psp_006961_2195,['train'],1.0,Counter({'train': 1}),train,77e968939bd59ef1,True,hirise_clean,0,C:\Users\deves\OneDrive\Desktop\Projects\TCMD-SS\data\raw\hirise_v3_2\map-proj-v3_2\PSP_006961_2195_RED-0098.jpg
map-proj-v3_2/PSP_008965_1510_RED-0813.jpg,ok,,JPEG,227.0,227.0,L,1.0,1.0,normal,crater,test,psp_008965_1510_red-0813,[],b46343249ad744ee6bd0560e1e357412b72148f57144d507a3d95f7d8fc8dd08,281bd7e41194e95d4ac5a2108f265006259489836732c9bb66df3162b28424d1,d3d71ac81b366cc8,127.2759999223738,20.74120283829971,d8c2a44136725a89,[],1.0,psp_008965_1510,['test'],1.0,Counter({'test': 1}),train,8ec1c87e1acb9e4e,True,hirise_clean,0,C:\Users\deves\OneDrive\Desktop\Projects\TCMD-SS\data\raw\hirise_v3_2\map-proj-v3_2\PSP_008965_1510_RED-0813.jpg
map-proj-v3_2/ESP_018815_2570_RED-0004.jpg,ok,,JPEG,227.0,227.0,L,1.0,1.0,normal,dark dune,test,esp_018815_2570_red-0004,[],abb855193db81ac9c1ae05ed7c656a54692a792b4876ffc9961f29f5af95a6b6,a72ea65d12d9dce3796c017d64c5ae5d9428ab8eb34351a5c4ce3710ed8c0d1e,d83ce7271990326f,155.91713404102543,19.89925730650776,c317dd1c9fb94eed,[],2.0,esp_018815_2570,['test'],1.0,Counter({'test': 1}),train,79c257808b0fd852,True,hirise_clean,0,C:\Users\deves\OneDrive\Desktop\Projects\TCMD-SS\data\raw\hirise_v3_2\map-proj-v3_2\ESP_018815_2570_RED-0004.jpg
map-proj-v3_2/PSP_005728_0935_RED-0013.jpg,ok,,JPEG,227.0,227.0,L,1.0,1.0,normal,swiss cheese,train,psp_005728_0935_red-0013,[],19a217d89d444106959bd5106ddfde26f61346423e6a31d811c031266394c0b5,90387dc3b9b654517a81e042d0fd88f729337f09b3ecb2e67e69a012bfc33c18,8f0f170d1f551d15,155.52486949096624,17.19591230335398,460920e91e20ea8d,[],6.0,psp_005728_0935,['train'],1.0,Counter({'train': 1}),train,f4d20cb4c69763d4,True,hirise_clean,0,C:\Users\deves\OneDrive\Desktop\Projects\TCMD-SS\data\raw\hirise_v3_2\map-proj-v3_2\PSP_005728_0935_RED-0013.jpg
map-proj-v3_2/PSP_003470_0930_RED-0144.jpg,ok,,JPEG,227.0,227.0,L,1.0,1.0,normal,spider,test,psp_003470_0930_red-0144,[],0dea4ec5aa84e6852aaab3867a172534b6c6cb232bd6d15e8e99b771f00dcda5,d337c885a6af7c168065647059bc95e0578215610bccbbc75781aaa617b3a933,c69f42e08fc2a673,40.69644277979391,13.70418929544562,e8b8193004a1bd14,[],7.0,psp_003470_0930,['test'],1.0,Counter({'test': 1}),train,1e3c8989fe6df1fa,True,hirise_clean,0,C:\Users\deves\OneDrive\Desktop\Projects\TCMD-SS\data\raw\hirise_v3_2\map-proj-v3_2\PSP_003470_0930_RED-0144.jpg
map-proj-v3_2/ESP_027802_1685_RED-0064.jpg,ok,,JPEG,227.0,227.0,L,1.0,1.0,normal,other,train,esp_027802_1685_red-0064,[],c28b8fa87a6d6da707a5493c564c5a7e192a073e02588a516fd6b561513f797c,0fe0f71f13174355464249a80c6e9176b7f4e1908fc635d4a0956b3d05b584fc,c5c259b3e555226d,125.28290865337964,15.516950494132892,ddc1bc2d369eed7b,[],0.0,esp_027802_1685,['train'],1.0,Counter({'train': 1}),train,05f954ef1369c4ae,True,hirise_clean,0,C:\Users\deves\OneDrive\Desktop\Projects\TCMD-SS\data\raw\hirise_v3_2\map-proj-v3_2\ESP_027802_1685_RED-0064.jpg
map-proj-v3_2/ESP_034590_1795_RED-0125.jpg,ok,,JPEG,227.0,227.0,L,1.0,1.0,normal,crater,train,esp_034590_1795_red-0125,[],63bcef799cf43ffff826d2a413020111363271e2d63a9cd0103aba04e33e356e,67a810d080e2aacebfdbe7826dea992cf5ad73e34df159196aebce14eb8bc258,f0446c6ad2d1d99b,87.81643346465097,18.075904270710986,780c569614fb6f53,[],1.0,esp_034590_1795,['train'],2.0,Counter({'train': 2}),train,c55dd6c553dead7b,True,hirise_clean,0,C:\Users\deves\OneDrive\Desktop\Projects\TCMD-SS\data\raw\hirise_v3_2\map-proj-v3_2\ESP_034590_1795_RED-0125.jpg
map-proj-v3_2/ESP_014429_1940_RED-0115.jpg,ok,,JPEG,227.0,227.0,L,1.0,1.0,normal,dark dune,train,esp_014429_1940_red-0115,[],3124beef426a11df0f330f120440d9292f089dbff6c80ecd50a764283210235e,084dc6d7edaa7116ea27bcad4203ec78bbc23202dbbebc18382ab1a6ad20bd78,b31d8f0736811bf4,58.06623454753634,11.708214322732983,1622ebe9e2b8cce3,[],2.0,esp_014429_1940,['train'],1.0,Counter({'train': 1}),train,6105a7ec37f5123b,True,hirise_clean,0,C:\Users\deves\OneDrive\Desktop\Projects\TCMD-SS\data\raw\hirise_v3_2\map-proj-v3_2\ESP_014429_1940_RED-0115.jpg
map-proj-v3_2/ESP_011767_0950_RED-0036.jpg,ok,,JPEG,227.0,227.0,L,1.0,1.0,normal,swiss cheese,val,esp_011767_0950_red-0036,[],5e0df3d194120870813c459134b8bee6f552ff1cce75d6c3b8aaa9965375c1da,a2addc8f65f32b026cbd38dc6fc3b169655237fee4ddc1fa17481cb51f785431,f94ff63081a2435d,61.37968910710474,16.058631573582442,9fdc79991a92032f,[],6.0,esp_011767_0950,['val'],2.0,Counter({'val': 2}),train,e4fa33ce0e847199,True,hirise_clean,0,C:\Users\deves\OneDrive\Desktop\Projects\TCMD-SS\data\raw\hirise_v3_2\map-proj-v3_2\ESP_011767_0950_RED-0036.jpg
map-proj-v3_2/ESP_013049_0950_RED-0162.jpg,ok,,JPEG,227.0,227.0,L,1.0,1.0,normal,spider,train,esp_013049_0950_red-0162,[],ccc40ee2fb710c641782700154bf1b0575635d19e3c366e6d57964d571d382ef,be3f5fc31a34046f167b6384374f1f90d40804c98e0a44544fe30285d00b9cc9,ab78e5d21af902a6,185.6075996041064,15.37498305373246,044dfd97b9ce12b2,[],7.0,esp_013049_0950,['train'],2.0,Counter({'train': 2}),train,fd0db7f1b6955a04,True,hirise_clean,0,C:\Users\deves\OneDrive\Desktop\Projects\TCMD-SS\data\raw\hirise_v3_2\map-proj-v3_2\ESP_013049_0950_RED-0162.jpg
map-proj-v3_2/ESP_013161_1715_RED-0119.jpg,ok,,JPEG,227.0,227.0,L,1.0,1.0,normal,crater,test,esp_013161_1715_red-0119,[],235b153675cbdc2feb664df14a0dc72bef890aa54c8f920589e3a2fdf44164b7,1abe75c69abe1919b7a80d6fa669fdaa3d7190959d856ed3000f205a1deae455,f61c99b3664ccca1,184.9995342428536,16.196776772157293,eac800c5fc03cd41,[],1.0,esp_013161_1715,['test'],1.0,Counter({'test': 1}),train,5fbc3e4e88fe28f2,True,hirise_clean,0,C:\Users\deves\OneDrive\Desktop\Projects\TCMD-SS\data\raw\hirise_v3_2\map-proj-v3_2\ESP_013161_1715_RED-0119.jpg
map-proj-v3_2/ESP_018720_2655_RED-0119.jpg,ok,,JPEG,227.0,227.0,L,1.0,1.0,normal,dark dune,test,esp_018720_2655_red-0119,[],a82e14f3bf0d28ae802be6897a2d8d14412afe0b2a0ab8c665adfa375ecddc48,d3c8bdae1c75470bb2b28508effc3dcfe39f1426f359a023e63dc2325d7f796d,8f52d2a89983bd5a,26.233421956568147,15.703593626180943,5841158105d5a57a,[],2.0,esp_018720_2655,['test'],1.0,Counter({'test': 1}),train,7e7b4f2085af6bfe,True,hirise_clean,0,C:\Users\deves\OneDrive\Desktop\Projects\TCMD-SS\data\raw\hirise_v3_2\map-proj-v3_2\ESP_018720_2655_RED-0119.jpg
map-proj-v3_2/ESP_012294_0935_RED-0130.jpg,ok,,JPEG,227.0,227.0,L,1.0,1.0,normal,swiss cheese,train,esp_012294_0935_red-0130,[],ea998f6090fbf41f55b038fdc122f05751d30dcfcb61651267affbd819ebf150,7c6ef6ead77fa1fd2ee3e58d3e0fdfb9b611157e4800a97e15927b3d946d2d98,a3fc6307ea179ca0,105.37836946185644,18.541011287086526,47f7cb9631f9aa10,[],6.0,esp_012294_0935,['train'],2.0,Counter({'train': 2}),train,266cd71437e2bee8,True,hirise_clean,0,C:\Users\deves\OneDrive\Desktop\Projects\TCMD-SS\data\raw\hirise_v3_2\map-proj-v3_2\ESP_012294_0935_RED-0130.jpg
map-proj-v3_2/ESP_013049_0950_RED-0169.jpg,ok,,JPEG,227.0,227.0,L,1.0,1.0,normal,spider,train,esp_013049_0950_red-0169,[],56b5044ac9a96f18b17598b0248f112cc3c48e78b25e4f13fc70f5486b02eeac,2c0a90de49d178b66c30b4ce450281cb425babfce6fef915e69b84b5d436738b,d5aa55aa56ab43a1,161.9828640183198,27.65857052857754,526f586279fc390f,['group_label_conflict'],7.0,esp_013049_0950,['train'],2.0,Counter({'train': 2}),train,fd0db7f1b6955a04,True,hirise_clean,0,C:\Users\deves\OneDrive\Desktop\Projects\TCMD-SS\data\raw\hirise_v3_2\map-proj-v3_2\ESP_013049_0950_RED-0169.jpg
map-proj-v3_2/ESP_025050_1680_RED-0074.jpg,ok,,JPEG,227.0,227.0,L,1.0,1.0,normal,other,train,esp_025050_1680_red-0074,[],71c3f0f91d096883fb6f047859dc9e97cb52f11eefed3ca2a49e69e12dbda089,4c47329324494b2c927d90cfa840313df610c99eaa6d34d528c3a1f5f143cdfc,a0ee1901fe76ae91,148.91214655824876,27.11581866498818,cd4bae2252ab7ccb,[],0.0,esp_025050_1680,['train'],1.0,Counter({'train': 1}),train,77e968939bd59ef1,True,hirise_clean,0,C:\Users\deves\OneDrive\Desktop\Projects\TCMD-SS\data\raw\hirise_v3_2\map-proj-v3_2\ESP_025050_1680_RED-0074.jpg
map-proj-v3_2/ESP_017541_1600_RED-0000.jpg,ok,,JPEG,227.0,227.0,L,1.0,1.0,normal,crater,train,esp_017541_1600_red-0000,[],00533a42fe050b621616a43524448a1cd0eb6246b2ec129cb3fb43a137b28f62,dac82988958c9f6f4399c404e704fb92804d1ce65cecc5a631b3956a04808f42,eb8f5c803bd00cdd,52.57575345921714,26.465034269729177,3025ea600b54aa94,[],1.0,esp_017541_1600,['train'],1.0,Counter({'train': 1}),train,fb7e46b898b3b78e,True,hirise_clean,0,C:\Users\deves\OneDrive\Desktop\Projects\TCMD-SS\data\raw\hirise_v3_2\map-proj-v3_2\ESP_017541_1600_RED-0000.jpg
map-proj-v3_2/PSP_002455_1320_RED-0112.jpg,ok,,JPEG,227.0,227.0,L,1.0,1.0,normal,dark dune,train,psp_002455_1320_red-0112,[],feaf9484ccb8e623327d4486aaaa5b7365bddbe49f92c14900a936a3befafd01,d5e054773283a43612a121714c3b0071d730285971c270ff398a23cd758932ca,8c312666666ccddd,31.204409167653168,19.74479020030079,a0218bdce7cd5181,[],2.0,psp_002455_1320,['train'],1.0,Counter({'train': 1}),train,acb759d8cdabc26b,True,hirise_clean,0,C:\Users\deves\OneDrive\Desktop\Projects\TCMD-SS\data\raw\hirise_v3_2\map-proj-v3_2\PSP_002455_1320_RED-0112.jpg
map-proj-v3_2/ESP_012810_0925_RED-0054.jpg,ok,,JPEG,227.0,227.0,L,1.0,1.0,normal,swiss cheese,train,esp_012810_0925_red-0054,[],769de097dba0005d2c0e881a80d16102140457d62411bda216ec60090e432264,a26bfd06d8660225700a9724a6a05759582e06b8c39334bbb671532460236e47,c97cc328bd9cc5d0,122.27110947233597,16.01560411004323,2f1bc85a55f616e3,[],6.0,esp_012810_0925,['train'],1.0,Counter({'train': 1}),train,dd45fe812d8c375d,True,hirise_clean,0,C:\Users\deves\OneDrive\Desktop\Projects\TCMD-SS\data\raw\hirise_v3_2\map-proj-v3_2\ESP_012810_0925_RED-0054.jpg
map-proj-v3_2/ESP_013049_0950_RED-0073.jpg,ok,,JPEG,227.0,227.0,L,1.0,1.0,normal,spider,train,esp_013049_0950_red-0073,[],5e269f5336145f1f59368076c3f1207732433642bbbe58765d1a8878d6797f5c,7c9060aa0c53ebf7f812548b88e027896d938655b73b08596a734b6e6ac82b94,b2259d7aa58dc934,167.54825438102816,18.912969276864427,1f244a94a0a416d2,[],7.0,esp_013049_0950,['train'],2.0,Counter({'train': 2}),train,fd0db7f1b6955a04,True,hirise_clean,0,C:\Users\deves\OneDrive\Desktop\Projects\TCMD-SS\data\raw\hirise_v3_2\map-proj-v3_2\ESP_013049_0950_RED-0073.jpg
map-proj-v3_2/ESP_030082_1615_RED-0007.jpg,ok,,JPEG,227.0,227.0,L,1.0,1.0,normal,other,val,esp_030082_1615_red-0007,[],8e816de55e030f1e380430cab4897debf5b826b571ecd5cb6249b3e1d31bf5c2,b5a507745670fa7abaf3021ae4509ea8e0547a6003cae7de35d898c2bfdb4315,83ad2db58a6de590,44.82198373731297,33.269109810480295,40909331728705da,[],0.0,esp_030082_1615,['val'],1.0,Counter({'val': 1}),train,14f5ef8820a7a84a,True,hirise_clean,0,C:\Users\deves\OneDrive\Desktop\Projects\TCMD-SS\data\raw\hirise_v3_2\map-proj-v3_2\ESP_030082_1615_RED-0007.jpg
map-proj-v3_2/ESP_011425_1775_RED-0014.jpg,ok,,JPEG,227.0,227.0,L,1.0,1.0,normal,crater,train,esp_011425_1775_red-0014,[],912e5d7dd335daee0775af96a1dc64e48331f92d7b606efefaf3c94de6038113,c536836c9b36636161413b00171d988aa8fcb8c49508721d1c188381c2b85659,b2e849175edeb121,127.77835781792776,17.482519485008023,540565a15c0e5669,[],1.0,esp_011425_1775,['train'],1.0,Counter({'train': 1}),train,51520df58488ffc4,True,hirise_clean,0,C:\Users\deves\OneDrive\Desktop\Projects\TCMD-SS\data\raw\hirise_v3_2\map-proj-v3_2\ESP_011425_1775_RED-0014.jpg
map-proj-v3_2/ESP_018321_2565_RED-0053.jpg,ok,,JPEG,227.0,227.0,L,1.0,1.0,normal,dark dune,train,esp_018321_2565_red-0053,[],b3c7bebaefcb13979e6d40005cbedd5c7d725f451c9bb70ce4f34caf37028d60,f9bc85f6187a262e01b7044a1a34b18cbd56a89a42f4bfadf7ce9becb971b8c6,813b63152ddb7266,43.21591725048031,14.589261348521918,f6563fb0ed873d49,[],2.0,esp_018321_2565,['train'],1.0,Counter({'train': 1}),train,a981f117e9b1dfe1,True,hirise_clean,0,C:\Users\deves\OneDrive\Desktop\Projects\TCMD-SS\data\raw\hirise_v3_2\map-proj-v3_2\ESP_018321_2565_RED-0053.jpg
map-proj-v3_2/ESP_012810_0925_RED-0100.jpg,ok,,JPEG,227.0,227.0,L,1.0,1.0,normal,swiss cheese,train,esp_012810_0925_red-0100,[],04ac4c4e30dba1f4d4b6899fa48eb4bb22ac7acbe93880170cab89569d990177,0070412bdfa701cedd7777c1cce20d14e179379a9f0dcd8e866eea0bfc046b75,92f09c87717c7784,122.76405519222186,15.618858944896544,b875bd5c36cd263f,[],6.0,esp_012810_0925,['train'],1.0,Counter({'train': 1}),train,dd45fe812d8c375d,True,hirise_clean,0,C:\Users\deves\OneDrive\Desktop\Projects\TCMD-SS\data\raw\hirise_v3_2\map-proj-v3_2\ESP_012810_0925_RED-0100.jpg
map-proj-v3_2/PSP_003470_0930_RED-0094.jpg,ok,,JPEG,227.0,227.0,L,1.0,1.0,normal,spider,test,psp_003470_0930_red-0094,[],6f21e86c3b95830e7034d8767811f7de634e3ba5704dd72a74f8d91bea0437b1,9cb984507181c8d0117c8c712b0b57a81eb6eda121e0869c20406e1762e82ca6,983176ce9bb32466,17.063168312988804,13.11287436027141,7834f4e5e0a3b863,[],7.0,psp_003470_0930,['test'],1.0,Counter({'test': 1}),train,1e3c8989fe6df1fa,True,hirise_clean,0,C:\Users\deves\OneDrive\Desktop\Projects\TCMD-SS\data\raw\hirise_v3_2\map-proj-v3_2\PSP_003470_0930_RED-0094.jpg
map-proj-v3_2/ESP_016630_1720_RED-0055.jpg,ok,,JPEG,227.0,227.0,L,1.0,1.0,normal,other,train,esp_016630_1720_red-0055,[],57b71607dcc238f64a88afa39c4e6d99db124c4e8f57b3a7a32abed5ed1ef454,e946e2dbe4d858019080d75f9280f0b2d93dd6738128b26cd0e777c88a3c3264,c62cb9b366c8b163,80.08575753459218,15.181893808703572,134d7b7eab6d06b0,[],0.0,esp_016630_1720,['train'],1.0,Counter({'train': 1}),train,f97a05a287284cd9,True,hirise_clean,0,C:\Users\deves\OneDrive\Desktop\Projects\TCMD-SS\data\raw\hirise_v3_2\map-proj-v3_2\ESP_016630_1720_RED-0055.jpg
map-proj-v3_2/ESP_018720_2655_RED-0064.jpg,ok,,JPEG,227.0,227.0,L,1.0,1.0,normal,dark dune,test,esp_018720_2655_red-0064,[],a06e5ea17be8f8d561393772da0ac6f40c257e04efceb05c3190024ff3fc7b69,4384f1a7968b14d412878a0e97f53d6781c562dee9493681d40ee832250faaca,da0de60cddf064c6,27.068776805294107,20.732489866375094,8631134d17c919ce,[],2.0,esp_018720_2655,['test'],1.0,Counter({'test': 1}),train,7e7b4f2085af6bfe,True,hirise_clean,0,C:\Users\deves\OneDrive\Desktop\Projects\TCMD-SS\data\raw\hirise_v3_2\map-proj-v3_2\ESP_018720_2655_RED-0064.jpg
map-proj-v3_2/ESP_012215_0935_RED-0362.jpg,ok,,JPEG,227.0,227.0,L,1.0,1.0,normal,swiss cheese,train,esp_012215_0935_red-0362,[],4511d362f3d76aee78f4dd02a043cf1c7a591b7eefa6f57c1352017b63454bf4,09fad0c9a031f6736bd55cd4977fbe520cca1492267b5cedf2ec7c96b143d374,b43b28567c4693dc,107.01934832812591,20.443733470902195,22cfb1e219453531,[],6.0,esp_012215_0935,['train'],2.0,Counter({'train': 2}),train,fd0db7f1b6955a04,True,hirise_clean,0,C:\Users\deves\OneDrive\Desktop\Projects\TCMD-SS\data\raw\hirise_v3_2\map-proj-v3_2\ESP_012215_0935_RED-0362.jpg
map-proj-v3_2/ESP_013049_0950_RED-0214.jpg,ok,,JPEG,227.0,227.0,L,1.0,1.0,normal,spider,train,esp_013049_0950_red-0214,[],6b3ffc061fd8265c6bd5b58a8805f454e2eb33299049cb641b7cb57c2d889e6f,cf0e4c5fa36dc3e5a18d4e0e2511bdc3fb92e654086d2f6b4a4e940369f54652,f5b32ddcc4884356,155.77482582623378,17.95066904397588,86e6ed61eef246b5,[],7.0,esp_013049_0950,['train'],2.0,Counter({'train': 2}),train,fd0db7f1b6955a04,True,hirise_clean,0,C:\Users\deves\OneDrive\Desktop\Projects\TCMD-SS\data\raw\hirise_v3_2\map-proj-v3_2\ESP_013049_0950_RED-0214.jpg
map-proj-v3_2/ESP_026225_1710_RED-0009.jpg,ok,,JPEG,227.0,227.0,L,1.0,1.0,normal,other,train,esp_026225_1710_red-0009,[],4406f7a18e5de395b8dd1e7b4e71b708369d112e36d776c0d791eaf61ad81c3f,34911b85875de9cc844e7ba375981e797d04e848964383aaba0be27078d2deec,e6ea9f35cc14a215,164.26462768538104,14.912519288095758,8d8afdf9b50e4781,[],0.0,esp_026225_1710,['train'],1.0,Counter({'train': 1}),train,4e4f7e0ea2cec4ad,True,hirise_clean,0,C:\Users\deves\OneDrive\Desktop\Projects\TCMD-SS\data\raw\hirise_v3_2\map-proj-v3_2\ESP_026225_1710_RED-0009.jpg
map-proj-v3_2/ESP_016607_2080_RED-0023.jpg,ok,,JPEG,227.0,227.0,L,1.0,1.0,normal,crater,val,esp_016607_2080_red-0023,[],028f304f33a3f200b5dceb7728eb5ed1a47f907e97c8f85eb5c02480f2f74c7e,97907e8de69344384d306292fc3e498ea43c0a440f83a4ecf1429d1f551cf1c2,8fc3f20f05764e31,133.991422305886,10.89970775720512,918e4e9a5a4d4dc7,[],1.0,esp_016607_2080,['val'],1.0,Counter({'val': 1}),train,a94c9b1b3775c694,True,hirise_clean,0,C:\Users\deves\OneDrive\Desktop\Projects\TCMD-SS\data\raw\hirise_v3_2\map-proj-v3_2\ESP_016607_2080_RED-0023.jpg
map-proj-v3_2/ESP_014429_1940_RED-0031.jpg,ok,,JPEG,227.0,227.0,L,1.0,1.0,normal,dark dune,train,esp_014429_1940_red-0031,[],14d8fcb0cb5127f5af25a8958650307eb84a8da71cd3623779e147fea5b5042a,e445e544cd1e07cf7191bc8b5896be7bfaad11b246bf5e973e35f6d0b0b97bf7,ceb591bf53482466,43.37489568980574,14.62414393018819,8df33325444e03da,[],2.0,esp_014429_1940,['train'],1.0,Counter({'train': 1}),train,6105a7ec37f5123b,True,hirise_clean,0,C:\Users\deves\OneDrive\Desktop\Projects\TCMD-SS\data\raw\hirise_v3_2\map-proj-v3_2\ESP_014429_1940_RED-0031.jpg
map-proj-v3_2/ESP_012307_0940_RED-0116.jpg,ok,,JPEG,227.0,227.0,L,1.0,1.0,normal,swiss cheese,train,esp_012307_0940_red-0116,[],98e3f7d706e2954fe1732a6092b3d357dc884adc1b0e1351768be81333b1b08e,a42d4f2e573addb9f2a0ca6d4cba62de3ebf56cffe372351029db1d880d3e069,8d2d762f41f00ef4,104.66702245337576,14.387753392214954,90141f42c36f51ae,[],6.0,esp_012307_0940,['train'],2.0,Counter({'train': 2}),train,d153f6c561789e4c,True,hirise_clean,0,C:\Users\deves\OneDrive\Desktop\Projects\TCMD-SS\data\raw\hirise_v3_2\map-proj-v3_2\ESP_012307_0940_RED-0116.jpg
map-proj-v3_2/ESP_013049_0950_RED-0112.jpg,ok,,JPEG,227.0,227.0,L,1.0,1.0,normal,spider,train,esp_013049_0950_red-0112,[],c8f49da9f7e4a4559049b8c09396be0fc743874d85ad8b2c81a7539b132d9516,4ff9ea008c1669ecb5ed5d9ed3efbc01713660bf8551883f1523a79cd7b9aab4,d7b16ed934a93244,153.09392769120302,73.05010837206964,6f8bf6f89ae9ae82,['group_label_conflict'],7.0,esp_013049_0950,['train'],2.0,Counter({'train': 2}),train,fd0db7f1b6955a04,True,hirise_clean,0,C:\Users\deves\OneDrive\Desktop\Projects\TCMD-SS\data\raw\hirise_v3_2\map-proj-v3_2\ESP_013049_0950_RED-0112.jpg
map-proj-v3_2/ESP_026225_1710_RED-0082.jpg,ok,,JPEG,227.0,227.0,L,1.0,1.0,normal,other,train,esp_026225_1710_red-0082,[],04e5acbf159a95397e7ac04de2b9706cbe83de01860f3c461b58837ffbabee51,06df9be87f2444a1ad911940ff1f7f7f23b69ea96cf0e84563096fbc06ddaebb,a8681933737363c7,86.61349919462826,22.60815289029924,a197334f0b5c38fd,[],0.0,esp_026225_1710,['train'],1.0,Counter({'train': 1}),train,4e4f7e0ea2cec4ad,True,hirise_clean,0,C:\Users\deves\OneDrive\Desktop\Projects\TCMD-SS\data\raw\hirise_v3_2\map-proj-v3_2\ESP_026225_1710_RED-0082.jpg
map-proj-v3_2/PSP_007489_1965_RED-0072.jpg,ok,,JPEG,227.0,227.0,L,1.0,1.0,normal,crater,test,psp_007489_1965_red-0072,[],a0ff43996b0c5a6d73a6a54b5729e38f6a2b9f857cfa1f2c2fde06f16fe1b3c4,ddf20c10cf1349c7810aa4f5d01cc0798f33db005795a989a6e778311a50b2e0,bf087723fc80fb10,117.05393079625064,68.06421977850401,f365e61335d3c029,[],1.0,psp_007489_1965,['test'],1.0,Counter({'test': 1}),train,9704981069368e8e,True,hirise_clean,0,C:\Users\deves\OneDrive\Desktop\Projects\TCMD-SS\data\raw\hirise_v3_2\map-proj-v3_2\PSP_007489_1965_RED-0072.jpg
map-proj-v3_2/ESP_018815_2570_RED-0003.jpg,ok,,JPEG,227.0,227.0,L,1.0,1.0,normal,dark dune,test,esp_018815_2570_red-0003,[],c9c512c672de5eedf7d5f6dc10776a5ac25ce4397df4abfaf8dc611095a04365,b9359f75ab5a2377af09dc9a5b84487033872c60312c94f44aa574f7756efbe2,a375dc9c6323989c,170.480156804906,14.973619450264716,cb21eafa0395816e,[],2.0,esp_018815_2570,['test'],1.0,Counter({'test': 1}),train,79c257808b0fd852,True,hirise_clean,0,C:\Users\deves\OneDrive\Desktop\Projects\TCMD-SS\data\raw\hirise_v3_2\map-proj-v3_2\ESP_018815_2570_RED-0003.jpg
map-proj-v3_2/ESP_012810_0925_RED-0070.jpg,ok,,JPEG,227.0,227.0,L,1.0,1.0,normal,swiss cheese,train,esp_012810_0925_red-0070,[],2d120c517598ac6d17069b8718602c2551dfe3f8430de42cd0b2553fa1fb0af6,0a88a0ec1117b1656a05af08865a31e025e08b6cf4002f8a9a9bdad13d687cab,95b38cc16c33d8e6,126.87655494964,10.52782309929497,92b501581ed3ac7b,[],6.0,esp_012810_0925,['train'],1.0,Counter({'train': 1}),train,dd45fe812d8c375d,True,hirise_clean,0,C:\Users\deves\OneDrive\Desktop\Projects\TCMD-SS\data\raw\hirise_v3_2\map-proj-v3_2\ESP_012810_0925_RED-0070.jpg
map-proj-v3_2/ESP_011341_0980_RED-0062.jpg,ok,,JPEG,227.0,227.0,L,1.0,1.0,normal,spider,val,esp_011341_0980_red-0062,[],5fafed0c878ca8e6742353f9237870541f30753303e74457f2680760ead0dee9,d2be00192be90f315dc1dc2dc129a56b597c8bf391bfbfe74047fe3d9e27e862,a63738e564454d7c,135.72409711036505,75.3873922631376,23c947c1dc14a052,[],7.0,esp_011341_0980,['val'],2.0,Counter({'val': 2}),train,dfcfaa177f950c1d,True,hirise_clean,0,C:\Users\deves\OneDrive\Desktop\Projects\TCMD-SS\data\raw\hirise_v3_2\map-proj-v3_2\ESP_011341_0980_RED-0062.jpg
map-proj-v3_2/ESP_018192_1985_RED-0039.jpg,ok,,JPEG,227.0,227.0,L,1.0,1.0,normal,other,test,esp_018192_1985_red-0039,[],9a66ed3539e8968a750719ef1e869dd1ca3ce671c1af7176b850795a02a18ceb,ff005781b3818ff5071c7d56b116c564376374b4001b79f96c8a21e678c20553,c6cb4f8f84099aae,124.37996079877352,20.957618035492708,6d46a0f2f0b733d4,[],0.0,esp_018192_1985,['test'],1.0,Counter({'test': 1}),train,eee3231c74babe52,True,hirise_clean,0,C:\Users\deves\OneDrive\Desktop\Projects\TCMD-SS\data\raw\hirise_v3_2\map-proj-v3_2\ESP_018192_1985_RED-0039.jpg
map-proj-v3_2/ESP_029793_2005_RED-0080.jpg,ok,,JPEG,227.0,227.0,L,1.0,1.0,normal,crater,train,esp_029793_2005_red-0080,[],71878becdb92e4c395eeee0370879972d904def905cf291002440f6af903f094,8765d8332e118563cef06dba517e488e97c579a3adac95368234a2d0af881444,8b56ad59763213cc,85.82780570164374,16.5861488652602,fd2d76984f0aee1b,[],1.0,esp_029793_2005,['train'],2.0,Counter({'train': 2}),train,9ff1586d1582faa2,True,hirise_clean,0,C:\Users\deves\OneDrive\Desktop\Projects\TCMD-SS\data\raw\hirise_v3_2\map-proj-v3_2\ESP_029793_2005_RED-0080.jpg
map-proj-v3_2/ESP_018720_2655_RED-0084.jpg,ok,,JPEG,227.0,227.0,L,1.0,1.0,normal,dark dune,test,esp_018720_2655_red-0084,[],a8139f57bf25ccaff031fcd1b9c94dfff4bf92c4386fa018f1dee2ff07c91795,7a9624623252f4c6e1d5c6c8bf36b51fb0b6f30a34a9799f87564874a0b28568,bdcdc42f993c1033,47.11123833181316,13.308605823127571,2e704387b8ee8ffe,[],2.0,esp_018720_2655,['test'],1.0,Counter({'test': 1}),train,7e7b4f2085af6bfe,True,hirise_clean,0,C:\Users\deves\OneDrive\Desktop\Projects\TCMD-SS\data\raw\hirise_v3_2\map-proj-v3_2\ESP_018720_2655_RED-0084.jpg
map-proj-v3_2/ESP_012298_0930_RED-0023.jpg,ok,,JPEG,227.0,227.0,L,1.0,1.0,normal,swiss cheese,train,esp_012298_0930_red-0023,[],2bb5809a84ac83d283e5ccd812dd04f63a2746e6c06e01fcbfe1497ff3a0b397,2583c81b3d1ff0a68ba62e82faa9c7dae943b15935c387d17960280e67d2e667,8aea007f40f9a3fa,103.77230297502378,21.36265451287548,998d2e0c8b043536,[],6.0,esp_012298_0930,['train'],2.0,Counter({'train': 2}),train,fd0db7f1b6955a04,True,hirise_clean,0,C:\Users\deves\OneDrive\Desktop\Projects\TCMD-SS\data\raw\hirise_v3_2\map-proj-v3_2\ESP_012298_0930_RED-0023.jpg
map-proj-v3_2/PSP_003470_0930_RED-0039.jpg,ok,,JPEG,227.0,227.0,L,1.0,1.0,normal,spider,test,psp_003470_0930_red-0039,[],67b7046985b346f9af4dd0d5f75e15495225550dbf895414372b53b2f3cd9626,8205e77e477b72772c2298c962c9331580da3155fb737c2b7cffd92ff1b4b313,dfd72048b333c0ce,25.504162704496498,15.76039280942891,1d15b77e4fe98243,[],7.0,psp_003470_0930,['test'],1.0,Counter({'test': 1}),train,1e3c8989fe6df1fa,True,hirise_clean,0,C:\Users\deves\OneDrive\Desktop\Projects\TCMD-SS\data\raw\hirise_v3_2\map-proj-v3_2\PSP_003470_0930_RED-0039.jpg
map-proj-v3_2/PSP_008027_2070_RED-0467.jpg,ok,,JPEG,227.0,227.0,L,1.0,1.0,normal,other,test,psp_008027_2070_red-0467,[],9bc7b6e3c3d817d22839959537b68c1b83812fbb56e385810f0dc27e5f165215,0485a1c63573cf246309d7a3830e6574a91aa59835cd60ed423d9a8939262aa7,96231d7457316ed1,153.99662326068815,18.234094507175367,ade3f6d125e99568,[],0.0,psp_008027_2070,['test'],1.0,Counter({'test': 1}),train,f05ce6c3a3d5a252,True,hirise_clean,0,C:\Users\deves\OneDrive\Desktop\Projects\TCMD-SS\data\raw\hirise_v3_2\map-proj-v3_2\PSP_008027_2070_RED-0467.jpg
map-proj-v3_2/ESP_011386_2065_RED-0076.jpg,ok,,JPEG,227.0,227.0,L,1.0,1.0,normal,crater,train,esp_011386_2065_red-0076,[],e2d24c0be2df6d72e6f889f6dfd921354c532d1df8d1086b0a6338273282c486,ac10851097131f193c79764d579ce3e1878f79b9c90ca65aa4c86921a3dff506,b1b1ce4672896c67,136.58811543014613,16.310304924458688,96d56bacbf4c3da1,[],1.0,esp_011386_2065,['train'],1.0,Counter({'train': 1}),train,6bf4b77f24a762fb,True,hirise_clean,0,C:\Users\deves\OneDrive\Desktop\Projects\TCMD-SS\data\raw\hirise_v3_2\map-proj-v3_2\ESP_011386_2065_RED-0076.jpg
map-proj-v3_2/ESP_012810_0925_RED-0010.jpg,ok,,JPEG,227.0,227.0,L,1.0,1.0,normal,swiss cheese,train,esp_012810_0925_red-0010,[],3d974ae9b26e23b76abb12692b71e5ba31c5e4c007be2e511cd088fcdcedf4df,800aa1399b4a4612395fa8fae2dd954490a8af737ded0f7a9c3635223face7a6,b6db09f65302ca4b,102.67082613673854,55.120175464087744,3e813d10e12ede81,[],6.0,esp_012810_0925,['train'],1.0,Counter({'train': 1}),train,dd45fe812d8c375d,True,hirise_clean,0,C:\Users\deves\OneDrive\Desktop\Projects\TCMD-SS\data\raw\hirise_v3_2\map-proj-v3_2\ESP_012810_0925_RED-0010.jpg
map-proj-v3_2/ESP_013049_0950_RED-0134.jpg,ok,,JPEG,227.0,227.0,L,1.0,1.0,normal,spider,train,esp_013049_0950_red-0134,[],d4eea96285be56ade184a3102ee5587ce83fc6b0a171315390119dd49c065a85,fa6d161d95bf89282fdfc4d2352335411ecc53418d6691e5bf8b5a375f883d0f,f77248881fa3a8dc,190.3784276814997,15.926488116917042,3923b30ce6a7c406,[],7.0,esp_013049_0950,['train'],2.0,Counter({'train': 2}),train,fd0db7f1b6955a04,True,hirise_clean,0,C:\Users\deves\OneDrive\Desktop\Projects\TCMD-SS\data\raw\hirise_v3_2\map-proj-v3_2\ESP_013049_0950_RED-0134.jpg
map-proj-v3_2/ESP_025758_1475_RED-0218.jpg,ok,,JPEG,227.0,227.0,L,1.0,1.0,normal,other,val,esp_025758_1475_red-0218,[],b55dadcc0702d07d24da29865b72a275f5319079a8d71cbd977bcfd347c9f6a0,4265d7626a209e3b7b363a4b1fd8b833dd99f9c721a41468eecc3932ffa80acd,b8acf4237ac49933,99.08399153874517,15.21250845354349,c947f2dfa0f9ce22,[],0.0,esp_025758_1475,['val'],1.0,Counter({'val': 1}),train,7665d7e7795c2195,True,hirise_clean,0,C:\Users\deves\OneDrive\Desktop\Projects\TCMD-SS\data\raw\hirise_v3_2\map-proj-v3_2\ESP_025758_1475_RED-0218.jpg
map-proj-v3_2/PSP_008965_1510_RED-0497.jpg,ok,,JPEG,227.0,227.0,L,1.0,1.0,normal,crater,test,psp_008965_1510_red-0497,[],91f8092bbeadf833edb4742841ca4508fc0f975b6c6e2cf6fe34ed4eccb74100,ed8c932221b1f9bd407d8b32e1d33840aab054aae4e8bf94a2f2b2ed7ae380e6,b367ced10306ec99,113.11480913660267,23.870586542508,ea5d1bf7c48188cd,[],1.0,psp_008965_1510,['test'],1.0,Counter({'test': 1}),train,8ec1c87e1acb9e4e,True,hirise_clean,0,C:\Users\deves\OneDrive\Desktop\Projects\TCMD-SS\data\raw\hirise_v3_2\map-proj-v3_2\PSP_008965_1510_RED-0497.jpg
map-proj-v3_2/ESP_012810_0925_RED-0107.jpg,ok,,JPEG,227.0,227.0,L,1.0,1.0,normal,swiss cheese,train,esp_012810_0925_red-0107,[],174e56a1a5027f04bce7dd0f28a6c1eb799f04ecaa35d904d5590add585e9165,297fb3ab90372dd5660a96ce2072b99f92e7fcd0392cb8afd9fe70dd861430a4,f0da07674c946e69,124.18797182169264,13.808986345202555,9d94d6205b2f1656,[],6.0,esp_012810_0925,['train'],1.0,Counter({'train': 1}),train,dd45fe812d8c375d,True,hirise_clean,0,C:\Users\deves\OneDrive\Desktop\Projects\TCMD-SS\data\raw\hirise_v3_2\map-proj-v3_2\ESP_012810_0925_RED-0107.jpg
map-proj-v3_2/ESP_013049_0950_RED-0123.jpg,ok,,JPEG,227.0,227.0,L,1.0,1.0,normal,spider,train,esp_013049_0950_red-0123,[],9e1f20ef55ee18268d7c15840ecd8c9e1340551258116248edfb373ce15e7103,cf4ec0a04bb2128602ace6a8eeae0c1208a2e2eddcb2a84cfe875bf3e057311a,a6f78491cc8b7ac8,185.331230957325,15.211739230663705,576cba7b0fd5c75b,[],7.0,esp_013049_0950,['train'],2.0,Counter({'train': 2}),train,fd0db7f1b6955a04,True,hirise_clean,0,C:\Users\deves\OneDrive\Desktop\Projects\TCMD-SS\data\raw\hirise_v3_2\map-proj-v3_2\ESP_013049_0950_RED-0123.jpg
map-proj-v3_2/ESP_034557_1510_RED-0132.jpg,ok,,JPEG,227.0,227.0,L,1.0,1.0,normal,other,val,esp_034557_1510_red-0132,[],06cd8edcb0a00f83d2f6fe6210a579005f558999dd22753c14ba45affcf6cf32,642f6288df709f550f0c57af58c2fc66e018b7a4dfddf40e49274ae75e23e2d9,9a183c7acdb0f2e4,131.7068446893982,17.099662201230316,c238f3af3cdcd3f2,[],0.0,esp_034557_1510,['val'],1.0,Counter({'val': 1}),train,a507b3899c76af06,True,hirise_clean,0,C:\Users\deves\OneDrive\Desktop\Projects\TCMD-SS\data\raw\hirise_v3_2\map-proj-v3_2\ESP_034557_1510_RED-0132.jpg
map-proj-v3_2/ESP_016730_1960_RED-0584.jpg,ok,,JPEG,227.0,227.0,L,1.0,1.0,normal,crater,train,esp_016730_1960_red-0584,[],020d655f8054e2d5b34124b5691c4ddf695df918367ba0f756fb592d2052c157,abf915b56cb26f2a512187965f64af8ba5d2140b1cd7cb07ad9c378052e99591,ee6c88fefc61a820,132.15740650895611,19.65817965034908,8418d37350d82799,[],1.0,esp_016730_1960,['train'],1.0,Counter({'train': 1}),train,e0601565561c83a6,True,hirise_clean,0,C:\Users\deves\OneDrive\Desktop\Projects\TCMD-SS\data\raw\hirise_v3_2\map-proj-v3_2\ESP_016730_1960_RED-0584.jpg
map-proj-v3_2/ESP_012637_0935_RED-0236.jpg,ok,,JPEG,227.0,227.0,L,1.0,1.0,normal,swiss cheese,train,esp_012637_0935_red-0236,[],e83006af21e50b5790b3226f5512645586b1e02ff7ca5b7bc87cd085eb390874,d0e8c3e7cb56f562d9d57dd5dbbc9b0496f6901bb4f74c152d40d87c9234e1f4,84e8761d0791ecd7,93.9459721710105,55.471676580463296,b6bea76c3a8e27cf,[],6.0,esp_012637_0935,['train'],2.0,Counter({'train': 2}),train,fd0db7f1b6955a04,True,hirise_clean,0,C:\Users\deves\OneDrive\Desktop\Projects\TCMD-SS\data\raw\hirise_v3_2\map-proj-v3_2\ESP_012637_0935_RED-0236.jpg
map-proj-v3_2/ESP_013049_0950_RED-0030.jpg,ok,,JPEG,227.0,227.0,L,1.0,1.0,normal,spider,train,esp_013049_0950_red-0030,[],debf4c0c23e9c360fb2d5cce059b3dbcc1fbc1650741d5ce4bac831e96e37411,51c87c837bf19fa60be3ce8caeb5871ce927ef1d5aa207082434b32752785b2e,e21e58f0f4e52707,187.991674591007,19.641207867298693,7368286472e15833,[],7.0,esp_013049_0950,['train'],2.0,Counter({'train': 2}),train,fd0db7f1b6955a04,True,hirise_clean,0,C:\Users\deves\OneDrive\Desktop\Projects\TCMD-SS\data\raw\hirise_v3_2\map-proj-v3_2\ESP_013049_0950_RED-0030.jpg
map-proj-v3_2/ESP_016773_2010_RED-0029.jpg,ok,,JPEG,227.0,227.0,L,1.0,1.0,normal,other,train,esp_016773_2010_red-0029,[],c5c88a06353b41bc48628282623a475caced1569d8218e73e53ca1814654bdef,21e1da9aa050299761770941f21749af3e638bee3c8fd7b315be0de2aca398b1,e9d23372cc193366,144.13489491354383,15.827902235915506,3fcea905cf4d9ce4,[],0.0,esp_016773_2010,['train'],1.0,Counter({'train': 1}),train,5d8aa8a5bf819576,True,hirise_clean,0,C:\Users\deves\OneDrive\Desktop\Projects\TCMD-SS\data\raw\hirise_v3_2\map-proj-v3_2\ESP_016773_2010_RED-0029.jpg
map-proj-v3_2/ESP_016802_2190_RED-0131.jpg,ok,,JPEG,227.0,227.0,L,1.0,1.0,normal,crater,train,esp_016802_2190_red-0131,[],08c42ad7ef48ec7a2915133b037ec2cb24845875c74955e076a3f3d3b372743c,ed3e448ed2a4df7257776882498123469cdadd7080f0c73fbe4e5488dfd7417d,f33f868839466695,123.03582448718196,11.549477813859829,8f2afafe984b7230,[],1.0,esp_016802_2190,['train'],1.0,Counter({'train': 1}),train,d54859b428dd5c33,True,hirise_clean,0,C:\Users\deves\OneDrive\Desktop\Projects\TCMD-SS\data\raw\hirise_v3_2\map-proj-v3_2\ESP_016802_2190_RED-0131.jpg
map-proj-v3_2/ESP_012637_0935_RED-0380.jpg,ok,,JPEG,227.0,227.0,L,1.0,1.0,normal,swiss cheese,train,esp_012637_0935_red-0380,[],163fc3eab07543090e414b0c4db2a6076022c8108187f376609b4acf2454e0ab,7ac9854359791f0969463ad0aa2859c8db1bdf793b3d6202cca179de8b777f74,d3adc292c8b7b512,120.85831279473696,15.625423694208145,5a74d6ffce3e1d10,[],6.0,esp_012637_0935,['train'],2.0,Counter({'train': 2}),train,fd0db7f1b6955a04,True,hirise_clean,0,C:\Users\deves\OneDrive\Desktop\Projects\TCMD-SS\data\raw\hirise_v3_2\map-proj-v3_2\ESP_012637_0935_RED-0380.jpg
map-proj-v3_2/ESP_016607_2080_RED-0014.jpg,ok,,JPEG,227.0,227.0,L,1.0,1.0,normal,crater,val,esp_016607_2080_red-0014,[],e03de514e3c3d7e70db8b8caaf3c9688d1a0ca504bf93fd19dd18d6a977fdadc,b5a6824e0a367a5ccab794745f455a6ceafabd7aec7c91418f390c87baa854c3,a506590ea67d54f5,133.9762463855305,12.348154293946637,b6ea5681accd9637,[],1.0,esp_016607_2080,['val'],1.0,Counter({'val': 1}),train,a94c9b1b3775c694,True,hirise_clean,0,C:\Users\deves\OneDrive\Desktop\Projects\TCMD-SS\data\raw\hirise_v3_2\map-proj-v3_2\ESP_016607_2080_RED-0014.jpg
map-proj-v3_2/ESP_012810_0925_RED-0058.jpg,ok,,JPEG,227.0,227.0,L,1.0,1.0,normal,swiss cheese,train,esp_012810_0925_red-0058,[],1b24fb1468d92e44418c96855141d8d4390db05907cab6d28776e1fb28e604d9,590e10088846f854a67914447d26698b4210aa480c772c8dd8c394df64719051,a4b55d4c626b299d,126.91707582138211,14.278896061375514,040bd8904382cce3,[],6.0,esp_012810_0925,['train'],1.0,Counter({'train': 1}),train,dd45fe812d8c375d,True,hirise_clean,0,C:\Users\deves\OneDrive\Desktop\Projects\TCMD-SS\data\raw\hirise_v3_2\map-proj-v3_2\ESP_012810_0925_RED-0058.jpg
map-proj-v3_2/ESP_037610_1845_RED-0314.jpg,ok,,JPEG,227.0,227.0,L,1.0,1.0,normal,other,test,esp_037610_1845_red-0314,[],8f3ef5980495c32d6c53118846fbe41008a0769beff409917b15e0b420a9db2a,d2b6ae58cc0ab50eca96df851e5227e6948771dc8216082e4fa0f78eb9b79735,8386f6ea8c6072f9,121.15534941489258,15.12778372525466,1f52aabcb62c63aa,[],0.0,esp_037610_1845,['test'],1.0,Counter({'test': 1}),train,84515c5e5010cfb3,True,hirise_clean,0,C:\Users\deves\OneDrive\Desktop\Projects\TCMD-SS\data\raw\hirise_v3_2\map-proj-v3_2\ESP_037610_1845_RED-0314.jpg
map-proj-v3_2/ESP_016802_2190_RED-0271.jpg,ok,,JPEG,227.0,227.0,L,1.0,1.0,normal,crater,train,esp_016802_2190_red-0271,[],00b6245fbab17151dba97105e16629770a8264c3c7f2a95ca07bfcee0d48cb93,4554fcca567bd681a3d2965faeaced142ae46073d6a7293cf284a0453e6333b5,d92b4686d90d6ec6,141.5251023695395,15.834769609487632,f0d7d32f0a818ef2,[],1.0,esp_016802_2190,['train'],1.0,Counter({'train': 1}),train,d54859b428dd5c33,True,hirise_clean,0,C:\Users\deves\OneDrive\Desktop\Projects\TCMD-SS\data\raw\hirise_v3_2\map-proj-v3_2\ESP_016802_2190_RED-0271.jpg
map-proj-v3_2/ESP_012810_0925_RED-0115.jpg,ok,,JPEG,227.0,227.0,L,1.0,1.0,normal,swiss cheese,train,esp_012810_0925_red-0115,[],93a04bbdb787fce5f8ac73f2d6597a245273d7f881e7dc3e8cf3286961e28f12,f20d8978d3640e774e665df0ea03406aa269e8cf0a0efffd5f6d842f6a58d165,f148ec81f2b69a8e,128.49570144966913,17.343268981948228,a7226fedb1cba085,[],6.0,esp_012810_0925,['train'],1.0,Counter({'train': 1}),train,dd45fe812d8c375d,True,hirise_clean,0,C:\Users\deves\OneDrive\Desktop\Projects\TCMD-SS\data\raw\hirise_v3_2\map-proj-v3_2\ESP_012810_0925_RED-0115.jpg
map-proj-v3_2/ESP_016715_2025_RED-0099.jpg,ok,,JPEG,227.0,227.0,L,1.0,1.0,normal,other,train,esp_016715_2025_red-0099,[],db4798c35745fe54a38ed170222d6c63afaa0e77e75b72330e223caf0a10a367,9ae3d12965b7c146c3b4f6386167e7d289b1b73b7561bba2b52856214d2d4831,d5568a526acd62dc,215.172388363834,69.70935795868762,f4f9d4bd771c9971,[],0.0,esp_016715_2025,['train'],1.0,Counter({'train': 1}),train,69458dd6183b1830,True,hirise_clean,0,C:\Users\deves\OneDrive\Desktop\Projects\TCMD-SS\data\raw\hirise_v3_2\map-proj-v3_2\ESP_016715_2025_RED-0099.jpg
map-proj-v3_2/PSP_003703_2035_RED-0004.jpg,ok,,JPEG,227.0,227.0,L,1.0,1.0,normal,crater,train,psp_003703_2035_red-0004,[],a9013cfe3f51b1e866ebbd0944189e828df8ea0905a347e3beb47fc32b9c5604,b535f67f74ecbd575fac038e955bcd2a6de42ba727bd8bc29d1f707f5d04062c,fe83719c1ec2305b,114.16922509654758,49.639290858169005,4f3903e85dc8ad51,[],1.0,psp_003703_2035,['train'],1.0,Counter({'train': 1}),train,77e968939bd59ef1,True,hirise_clean,0,C:\Users\deves\OneDrive\Desktop\Projects\TCMD-SS\data\raw\hirise_v3_2\map-proj-v3_2\PSP_003703_2035_RED-0004.jpg
map-proj-v3_2/ESP_012298_0930_RED-0287.jpg,ok,,JPEG,227.0,227.0,L,1.0,1.0,normal,swiss cheese,train,esp_012298_0930_red-0287,[],551446fa9209dfdd71c6c6eb4e85171dd8967bd1f8b6c516487eaa31a7ca71c4,abca7595fcc6982f0e4d9a46d401204e80b1acd0fda9b2eec0be919cc3bd46d3,cc1cc950bbbb85c9,100.8243513361408,16.78098251176344,0a0e0154a33c77ec,[],6.0,esp_012298_0930,['train'],2.0,Counter({'train': 2}),train,fd0db7f1b6955a04,True,hirise_clean,0,C:\Users\deves\OneDrive\Desktop\Projects\TCMD-SS\data\raw\hirise_v3_2\map-proj-v3_2\ESP_012298_0930_RED-0287.jpg
map-proj-v3_2/ESP_037610_1845_RED-0304.jpg,ok,,JPEG,227.0,227.0,L,1.0,1.0,normal,other,test,esp_037610_1845_red-0304,[],52f94f0de7bbf63f67676036789878f03844590a17bd45a08b8f3f4f84c06009,a6e8e50b141cb604f84f743625806e974a6cdf0f4c53bcb1d9bcfbc3ad020741,b91bb17399873c90,126.48572648411574,18.38689776732036,829464196c5ff62d,[],0.0,esp_037610_1845,['test'],1.0,Counter({'test': 1}),train,84515c5e5010cfb3,True,hirise_clean,0,C:\Users\deves\OneDrive\Desktop\Projects\TCMD-SS\data\raw\hirise_v3_2\map-proj-v3_2\ESP_037610_1845_RED-0304.jpg
map-proj-v3_2/ESP_018493_1925_RED-0001.jpg,ok,,JPEG,227.0,227.0,L,1.0,1.0,normal,crater,train,esp_018493_1925_red-0001,[],066a67836ae77255236aa963e1e8bada8813773471e8f1428bbad63ecf5ad54f,ad8bcfa9143120e916183ab00e59c629e03e4893ee396ff664c6de4b9e45bbaa,f9a35684799326c9,121.58209940033768,40.10617226834132,e4e4eaeeaed28cf1,[],1.0,esp_018493_1925,['train'],1.0,Counter({'train': 1}),train,8d0a7befa8476aaf,True,hirise_clean,0,C:\Users\deves\OneDrive\Desktop\Projects\TCMD-SS\data\raw\hirise_v3_2\map-proj-v3_2\ESP_018493_1925_RED-0001.jpg
map-proj-v3_2/ESP_012637_0935_RED-0001.jpg,ok,,JPEG,227.0,227.0,L,1.0,1.0,normal,swiss cheese,train,esp_012637_0935_red-0001,[],52c52baa14ca64207ee67a0bdbb9c47811b94b9698499b4c5d6cde9c97e89b24,0fb019c2f17c80d6f5e03effa456bc3bb81a9df39b5eef14cc93178ad2196110,d09c2e4873e439ee,92.2789691241825,52.542308183895614,90b900292391fe02,[],6.0,esp_012637_0935,['train'],2.0,Counter({'train': 2}),train,fd0db7f1b6955a04,True,hirise_clean,0,C:\Users\deves\OneDrive\Desktop\Projects\TCMD-SS\data\raw\hirise_v3_2\map-proj-v3_2\ESP_012637_0935_RED-0001.jpg
map-proj-v3_2/ESP_028208_1950_RED-0158.jpg,ok,,JPEG,227.0,227.0,L,1.0,1.0,normal,crater,val,esp_028208_1950_red-0158,[],534b80f4ae9067f4ff040334817246b7cc1c82ca94e0e439bc59494f026bba52,1ac0b96707369c442e667b80637771c76696af411058980d7720899671c34f36,89fc34d7d183c28e,70.78274369772362,19.250735798148845,10751a4f4ecf102b,[],1.0,esp_028208_1950,['val'],1.0,Counter({'val': 1}),train,caa31345d8c9fb0e,True,hirise_clean,0,C:\Users\deves\OneDrive\Desktop\Projects\TCMD-SS\data\raw\hirise_v3_2\map-proj-v3_2\ESP_028208_1950_RED-0158.jpg
map-proj-v3_2/ESP_011622_0945_RED-0019.jpg,ok,,JPEG,227.0,227.0,L,1.0,1.0,normal,swiss cheese,train,esp_011622_0945_red-0019,[],d807a17103684acc4a9f793aabb3eb4be96d52159201bf94f744989332c7c38b,b09e64526c1ca7d182329ac69101f073445399370d178e0df55cf235d991a3c3,d96e304ba19cf686,74.7144132430282,15.788303683436634,b2745ad6909d44c5,[],6.0,esp_011622_0945,['train'],2.0,Counter({'train': 2}),train,d3459fcd75ce00f0,True,hirise_clean,0,C:\Users\deves\OneDrive\Desktop\Projects\TCMD-SS\data\raw\hirise_v3_2\map-proj-v3_2\ESP_011622_0945_RED-0019.jpg
map-proj-v3_2/PSP_008932_1645_RED-0123.jpg,ok,,JPEG,227.0,227.0,L,1.0,1.0,normal,other,train,psp_008932_1645_red-0123,[],43a8cf879fad4942aec4b804cddbc25c123f37b654ea1fb50b59cbdff4e777a1,6f635b8ce43d818b8f71a8018431c4187d3511b9f976468e069c676f29584ec4,b51e8b691e0e9c1e,144.78101651497215,15.865461857083725,a5180106950996cc,[],0.0,psp_008932_1645,['train'],1.0,Counter({'train': 1}),train,cff81f0fbcdb29c8,True,hirise_clean,0,C:\Users\deves\OneDrive\Desktop\Projects\TCMD-SS\data\raw\hirise_v3_2\map-proj-v3_2\PSP_008932_1645_RED-0123.jpg
map-proj-v3_2/ESP_034590_1795_RED-0122.jpg,ok,,JPEG,227.0,227.0,L,1.0,1.0,normal,crater,train,esp_034590_1795_red-0122,[],010eb6bf40e5bc60375fc4b95587ae7890b6ddd1f11a6fc03c450c4c4896f321,3c4ca9d71a95c9f04c52c1f8924ca4fc292bc48fbdd07a8a0c31551441aa3437,c87425cdd87d3323,73.28748859865318,24.315081289025947,912f22dd3106128d,[],1.0,esp_034590_1795,['train'],2.0,Counter({'train': 2}),train,c55dd6c553dead7b,True,hirise_clean,0,C:\Users\deves\OneDrive\Desktop\Projects\TCMD-SS\data\raw\hirise_v3_2\map-proj-v3_2\ESP_034590_1795_RED-0122.jpg
map-proj-v3_2/ESP_011610_0935_RED-0046.jpg,ok,,JPEG,227.0,227.0,L,1.0,1.0,normal,swiss cheese,val,esp_011610_0935_red-0046,[],32802a2ed66fd3f2e0da1fe8b8a138c94164a02151c9ca35887f1ebedd9d9c4a,35cf1b75a6a722a4ad0e80e69a9054e903d318e7721e201aec717d0602f9c8f3,c26eb3baec62c388,78.59715888140659,15.975968669227765,f39315d9619f4206,[],6.0,esp_011610_0935,['val'],2.0,Counter({'val': 2}),train,844f1d8d77c5564d,True,hirise_clean,0,C:\Users\deves\OneDrive\Desktop\Projects\TCMD-SS\data\raw\hirise_v3_2\map-proj-v3_2\ESP_011610_0935_RED-0046.jpg
map-proj-v3_2/ESP_017770_1990_RED-0234.jpg,ok,,JPEG,227.0,227.0,L,1.0,1.0,normal,other,train,esp_017770_1990_red-0234,[],c5374d202347635ea233492bc521c16ab5e3cade93d0fe3d8e040fa9c0fbf3b1,9dfc3a32b97340fac3d6b8d6815cddd42ddd875985db1e8e85e26742ebdeddff,ef57da15a4c9c016,138.52306468202372,20.324345507577497,fcf7cfadf97bfef6,[],0.0,esp_017770_1990,['train'],1.0,Counter({'train': 1}),train,f345152edef783a2,True,hirise_clean,0,C:\Users\deves\OneDrive\Desktop\Projects\TCMD-SS\data\raw\hirise_v3_2\map-proj-v3_2\ESP_017770_1990_RED-0234.jpg
map-proj-v3_2/ESP_027564_1655_RED-0196.jpg,ok,,JPEG,227.0,227.0,L,1.0,1.0,normal,crater,test,esp_027564_1655_red-0196,[],8e421ee7e6d863f6e3d9a1d59379ecaa7b2ac06f6854939ad1fcf717c58b03a4,bc1c350afbe8bc32abd93402b02d7cfcfc1f3c6448130bdc00f9e4de1637ced2,9b32668d993071e7,131.5637990257913,15.741550000294833,72f176ecc372b32e,[],1.0,esp_027564_1655,['test'],1.0,Counter({'test': 1}),train,b85e5745b8828e78,True,hirise_clean,0,C:\Users\deves\OneDrive\Desktop\Projects\TCMD-SS\data\raw\hirise_v3_2\map-proj-v3_2\ESP_027564_1655_RED-0196.jpg
map-proj-v3_2/PSP_002804_0930_RED-0024.jpg,ok,,JPEG,227.0,227.0,L,1.0,1.0,normal,swiss cheese,val,psp_002804_0930_red-0024,[],5f3d8a96166f16c56ce0c889ad6dd8b0e90fec416f049a6b85b1729cacc12cc3,a2d57a09468ae010e6703b5c4c55b58209dcf1e4c27fd4baba5a8846cd0ba7b2,9a24b4a2dfe35ca8,92.91851190591706,12.821297245352271,d651d381e589a022,[],6.0,psp_002804_0930,['val'],1.0,Counter({'val': 1}),train,fd0db7f1b6955a04,True,hirise_clean,0,C:\Users\deves\OneDrive\Desktop\Projects\TCMD-SS\data\raw\hirise_v3_2\map-proj-v3_2\PSP_002804_0930_RED-0024.jpg
map-proj-v3_2/ESP_016715_2025_RED-0061.jpg,ok,,JPEG,227.0,227.0,L,1.0,1.0,normal,other,train,esp_016715_2025_red-0061,[],be0dbd955d7a3a4bed3c6fccd5abde2265ee964cbf28a34491b35f799d2da3f2,350653f787e0aa1feb5d9a7105c607046892ccb549e82f8b3271467f6abc94c0,cbcd39e30cf006ec,111.18205282462304,83.49982045001472,625a4f1e57b26ec2,[],0.0,esp_016715_2025,['train'],1.0,Counter({'train': 1}),train,69458dd6183b1830,True,hirise_clean,0,C:\Users\deves\OneDrive\Desktop\Projects\TCMD-SS\data\raw\hirise_v3_2\map-proj-v3_2\ESP_016715_2025_RED-0061.jpg
map-proj-v3_2/ESP_012810_0925_RED-0149.jpg,ok,,JPEG,227.0,227.0,L,1.0,1.0,normal,swiss cheese,train,esp_012810_0925_red-0149,[],302e71738b299748b59637a4e8b1e06cf7bd83b8fdc7decd22297d81a2f53a99,1d116ce9c5f80bf930477a36f60919bdefdba2c96c28a8df4ea2354497a01544,bc5aa623d1cc6693,128.36486250460905,12.293208049857952,b65770b23088b017,[],6.0,esp_012810_0925,['train'],1.0,Counter({'train': 1}),train,dd45fe812d8c375d,True,hirise_clean,0,C:\Users\deves\OneDrive\Desktop\Projects\TCMD-SS\data\raw\hirise_v3_2\map-proj-v3_2\ESP_012810_0925_RED-0149.jpg
map-proj-v3_2/ESP_026247_1650_RED-0098.jpg,ok,,JPEG,227.0,227.0,L,1.0,1.0,normal,other,train,esp_026247_1650_red-0098,[],77795f0fd9fe10c9b6a2faa50305937a3c368049c6ed27a208c2240d70029a4a,bbc0258828d5d6f73a755d5cfd57e2c10c3b3a560f72364415349e259dfb9995,d64ab14299d33763,108.58240990510198,53.11803782710719,b8b4dc81d151b41f,[],0.0,esp_026247_1650,['train'],1.0,Counter({'train': 1}),train,8a3ee021d94736be,True,hirise_clean,0,C:\Users\deves\OneDrive\Desktop\Projects\TCMD-SS\data\raw\hirise_v3_2\map-proj-v3_2\ESP_026247_1650_RED-0098.jpg
map-proj-v3_2/ESP_035814_1550_RED-0318.jpg,ok,,JPEG,227.0,227.0,L,1.0,1.0,normal,crater,test,esp_035814_1550_red-0318,[],4141d812b6fcfdb8e90a4613067628008818d8f1488b5e010864ee38f88a8a8a,25b36a1c2b2f3c0f6c4edb032692be82f9eaea9beea34317fd57bdd206ef0647,a90fac1d7b164c99,130.57967358186653,15.150351137627998,628fa1897c430796,[],1.0,esp_035814_1550,['test'],1.0,Counter({'test': 1}),train,86a5cd4e2a9e92ab,True,hirise_clean,0,C:\Users\deves\OneDrive\Desktop\Projects\TCMD-SS\data\raw\hirise_v3_2\map-proj-v3_2\ESP_035814_1550_RED-0318.jpg
map-proj-v3_2/ESP_012810_0925_RED-0104.jpg,ok,,JPEG,227.0,227.0,L,1.0,1.0,normal,swiss cheese,train,esp_012810_0925_red-0104,[],6d8a488db3e31f2d4618c6856ebc87ef37bc12cf02601aa3908d22403c715d5d,c732d26e6eb42b4f70e0961b5875e0821668c0d5c4f786dac78fa41860ed4efa,dc7e78ad2436c838,125.59888606415804,13.80900396212472,fd9f3ebff43fca38,[],6.0,esp_012810_0925,['train'],1.0,Counter({'train': 1}),train,dd45fe812d8c375d,True,hirise_clean,0,C:\Users\deves\OneDrive\Desktop\Projects\TCMD-SS\data\raw\hirise_v3_2\map-proj-v3_2\ESP_012810_0925_RED-0104.jpg
map-proj-v3_2/ESP_014156_1865_RED-0062.jpg,ok,,JPEG,227.0,227.0,L,1.0,1.0,normal,other,val,esp_014156_1865_red-0062,[],b63c6796021bc75ce46a28a65dba5e58568dab4ab9a3aa796271ad65008cd398,1d3f6a9de67510bece2273ea0577b8b43fc0538dd7c3fd550d882cb066ea96b5,eca4f3711159ee22,189.02460750257137,16.598779188376653,b87f828b25f00f7c,[],0.0,esp_014156_1865,['val'],1.0,Counter({'val': 1}),train,6d308dda406f0940,True,hirise_clean,0,C:\Users\deves\OneDrive\Desktop\Projects\TCMD-SS\data\raw\hirise_v3_2\map-proj-v3_2\ESP_014156_1865_RED-0062.jpg
map-proj-v3_2/ESP_011505_1755_RED-0070.jpg,ok,,JPEG,227.0,227.0,L,1.0,1.0,normal,crater,train,esp_011505_1755_red-0070,[],54e065c6173bdbb910bd473d41a3b7231523fd981cebbb3de022695911d28784,2d9208366ca1c44660b909422fc63c749957deefb9e519848715242f570d6d13,e9e09e2a334e6c33,97.15529119524928,19.032861778329288,887983ec77ed40fa,[],1.0,esp_011505_1755,['train'],2.0,Counter({'train': 2}),train,ac37582c72eb73f0,True,hirise_clean,0,C:\Users\deves\OneDrive\Desktop\Projects\TCMD-SS\data\raw\hirise_v3_2\map-proj-v3_2\ESP_011505_1755_RED-0070.jpg
map-proj-v3_2/ESP_012282_0955_RED-0067.jpg,ok,,JPEG,227.0,227.0,L,1.0,1.0,normal,swiss cheese,val,esp_012282_0955_red-0067,[],6abd93d27d74c19c52850270dd267e4ec1d639ff2b19cf90357afd38f5882de9,49e3b20c67a838706548f27fced13ee04c26e2870e6dfd3e916e4d330afeb625,8b33cb6c2331e9e4,68.39432164412273,13.918853929892098,8bc9358a3826d618,[],6.0,esp_012282_0955,['val'],2.0,Counter({'val': 2}),train,7801a3b8a424003f,True,hirise_clean,0,C:\Users\deves\OneDrive\Desktop\Projects\TCMD-SS\data\raw\hirise_v3_2\map-proj-v3_2\ESP_012282_0955_RED-0067.jpg
map-proj-v3_2/PSP_008932_1645_RED-0065.jpg,ok,,JPEG,227.0,227.0,L,1.0,1.0,normal,other,train,psp_008932_1645_red-0065,[],2c953caec8e0da8ecf5545d1b0b4676af0fa99743924d609eef66c110d84a852,2775cf906eaaf30c11370d33cc2241c26d06aeb1028e9f9f1191b09e2fb01021,f3389832271f76c4,128.08001319645248,16.136899474436927,3299ab737f46feec,[],0.0,psp_008932_1645,['train'],1.0,Counter({'train': 1}),train,cff81f0fbcdb29c8,True,hirise_clean,0,C:\Users\deves\OneDrive\Desktop\Projects\TCMD-SS\data\raw\hirise_v3_2\map-proj-v3_2\PSP_008932_1645_RED-0065.jpg
map-proj-v3_2/PSP_003703_2035_RED-0195.jpg,ok,,JPEG,227.0,227.0,L,1.0,1.0,normal,crater,train,psp_003703_2035_red-0195,[],a1e99da21d6f7db2a22ed99003de6414ea6c217e2f099dd9c9fe3a7f39bc52b0,de0af34ae0b73568fc8ae0281aaea346b70971fc3d8ad55be44c881024a89dfb,dbcac94d65929a4c,80.53154534339886,51.06499144785867,137680ae91ae7cb5,[],1.0,psp_003703_2035,['train'],1.0,Counter({'train': 1}),train,77e968939bd59ef1,True,hirise_clean,0,C:\Users\deves\OneDrive\Desktop\Projects\TCMD-SS\data\raw\hirise_v3_2\map-proj-v3_2\PSP_003703_2035_RED-0195.jpg
map-proj-v3_2/ESP_012810_0925_RED-0160.jpg,ok,,JPEG,227.0,227.0,L,1.0,1.0,normal,swiss cheese,train,esp_012810_0925_red-0160,[],748628fd69f76c7076d7828505fb23d8f333256c310d0a0c0517d942ab4f636d,cc17cfe76eff8deccb8c969928270d7da12bf223c40bbad864bcb9035ddeca59,f0594f663318acb3,104.26004774010752,52.640385040477966,c2dce0bf8c7836c4,[],6.0,esp_012810_0925,['train'],1.0,Counter({'train': 1}),train,dd45fe812d8c375d,True,hirise_clean,0,C:\Users\deves\OneDrive\Desktop\Projects\TCMD-SS\data\raw\hirise_v3_2\map-proj-v3_2\ESP_012810_0925_RED-0160.jpg
map-proj-v3_2/ESP_019697_2020_RED-0053.jpg,ok,,JPEG,227.0,227.0,L,1.0,1.0,normal,crater,train,esp_019697_2020_red-0053,[],d30e5074346290bfb3a89f9e37536064f888e1af1693079d346da8eb8372a092,9fe90e82829b921ddd8188ebc068e2ba523de827b54cbc268f03563094e184a7,d9b2a6c999f1640e,93.46554367443576,20.22082820170717,4c8ff1183624336a,[],1.0,esp_019697_2020,['train'],2.0,Counter({'train': 2}),train,8dc310e95be70b1f,True,hirise_clean,0,C:\Users\deves\OneDrive\Desktop\Projects\TCMD-SS\data\raw\hirise_v3_2\map-proj-v3_2\ESP_019697_2020_RED-0053.jpg
map-proj-v3_2/ESP_012637_0935_RED-0029.jpg,ok,,JPEG,227.0,227.0,L,1.0,1.0,normal,swiss cheese,train,esp_012637_0935_red-0029,[],a23b9475c23cd62ba5125181975da255eee4ce7473b691a5eda15e027959b0cd,33a4aa9bb0584496ef4e63ff3566d69f26ce6a927683f8b4e6916065b8df3ea8,80fe03fc0ff01fe0,118.72945331754934,27.009670746187584,08a35605c6339912,['group_label_conflict'],6.0,esp_012637_0935,['train'],2.0,Counter({'train': 2}),train,fd0db7f1b6955a04,True,hirise_clean,0,C:\Users\deves\OneDrive\Desktop\Projects\TCMD-SS\data\raw\hirise_v3_2\map-proj-v3_2\ESP_012637_0935_RED-0029.jpg
map-proj-v3_2/ESP_018493_1925_RED-0275.jpg,ok,,JPEG,227.0,227.0,L,1.0,1.0,normal,other,train,esp_018493_1925_red-0275,[],1d54a2d7973971fad8435b25f47151788b873525148a929af48c96adc3cbbe29,dfcf1ceb9e6020f20b0fb83af67ae8e8bd15b2017f72f9ef9287cb888a13aeac,ce9973264c69c98d,138.64497661510993,14.605473722008291,4ec5ff73498811ae,[],0.0,esp_018493_1925,['train'],1.0,Counter({'train': 1}),train,8d0a7befa8476aaf,True,hirise_clean,0,C:\Users\deves\OneDrive\Desktop\Projects\TCMD-SS\data\raw\hirise_v3_2\map-proj-v3_2\ESP_018493_1925_RED-0275.jpg
map-proj-v3_2/ESP_029793_2005_RED-0090.jpg,ok,,JPEG,227.0,227.0,L,1.0,1.0,normal,crater,train,esp_029793_2005_red-0090,[],a621a5d3a6830068a1071b4e2fae36a78e9a6c66584e60ecf1a5063b110c7a45,238b78c6100c2fcaa4f38412d2d1a3445006a3d1d74f98e85b53491e04a243bb,d3943ca353cccd32,83.22284538803392,19.25756303736891,396f1c16010f1ad9,[],1.0,esp_029793_2005,['train'],2.0,Counter({'train': 2}),train,9ff1586d1582faa2,True,hirise_clean,0,C:\Users\deves\OneDrive\Desktop\Projects\TCMD-SS\data\raw\hirise_v3_2\map-proj-v3_2\ESP_029793_2005_RED-0090.jpg
map-proj-v3_2/ESP_012810_0925_RED-0089.jpg,ok,,JPEG,227.0,227.0,L,1.0,1.0,normal,swiss cheese,train,esp_012810_0925_red-0089,[],44305d2710449d069ed20f55639876f8d69fe2b23f8b08d6e0331692e0d33d66,93f1a91e6583cff46cfdd6430ccb22a79c9b9bc6ec82466d3bff6493fcf78dc3,8995df6490b6d626,128.90382114925575,15.872354497180462,70b7217d45e6e3ca,[],6.0,esp_012810_0925,['train'],1.0,Counter({'train': 1}),train,dd45fe812d8c375d,True,hirise_clean,0,C:\Users\deves\OneDrive\Desktop\Projects\TCMD-SS\data\raw\hirise_v3_2\map-proj-v3_2\ESP_012810_0925_RED-0089.jpg
map-proj-v3_2/ESP_018416_2060_RED-0057.jpg,ok,,JPEG,227.0,227.0,L,1.0,1.0,normal,other,val,esp_018416_2060_red-0057,[],68838f8a11e793520fa3d39445d88fcfab9eb79fe38f2d8fcf8022b4072f58eb,65fe40524dcf9aea6a391f69edd7f2962007ac16597d7e66fa3f02418563447a,b38d0d74e38e18f1,154.49581788895574,16.138297003837593,7cd137f05338ff60,[],0.0,esp_018416_2060,['val'],1.0,Counter({'val': 1}),train,deb5bd200e2850f3,True,hirise_clean,0,C:\Users\deves\OneDrive\Desktop\Projects\TCMD-SS\data\raw\hirise_v3_2\map-proj-v3_2\ESP_018416_2060_RED-0057.jpg
map-proj-v3_2/ESP_027802_1685_RED-0384.jpg,ok,,JPEG,227.0,227.0,L,1.0,1.0,normal,crater,train,esp_027802_1685_red-0384,[],8448de3a16af76d98dbc6f1a8208dc27dea1bb296d5376534ec829ea48d7b507,aeabcea167ac6c000f87d0591e3f96bccbfe69edec78b7362f7355bc7baf210f,b10ef9e68aa08f99,143.669021327796,12.24504168994862,60704c525b3ba250,[],1.0,esp_027802_1685,['train'],1.0,Counter({'train': 1}),train,05f954ef1369c4ae,True,hirise_clean,0,C:\Users\deves\OneDrive\Desktop\Projects\TCMD-SS\data\raw\hirise_v3_2\map-proj-v3_2\ESP_027802_1685_RED-0384.jpg
map-proj-v3_2/ESP_012298_0930_RED-0215.jpg,ok,,JPEG,227.0,227.0,L,1.0,1.0,normal,swiss cheese,train,esp_012298_0930_red-0215,[],2b8434114cae8ebfeb1da12dbf151743b2a6d6d1e89373fd442bbdf59bdd5381,e72e83fbb12821396e7f2071dd7ed87c6d637444cfbd0d8e5cbc9414c71a08e4,d76489cd15276a56,101.7308117758932,15.41825619070158,8c209601d1ea9f02,[],6.0,esp_012298_0930,['train'],2.0,Counter({'train': 2}),train,fd0db7f1b6955a04,True,hirise_clean,0,C:\Users\deves\OneDrive\Desktop\Projects\TCMD-SS\data\raw\hirise_v3_2\map-proj-v3_2\ESP_012298_0930_RED-0215.jpg
map-proj-v3_2/ESP_028196_1840_RED-0314.jpg,ok,,JPEG,227.0,227.0,L,1.0,1.0,normal,other,train,esp_028196_1840_red-0314,[],e0c0ffab2768aa6b204b5e30f07cc5a40258de029f9bbb73cc778823bda4e21b,35e74054d08ce15cc3955571e53ba22e41367d9bae6b4118201438b3be5531cd,83e096394bce5673,104.41027382638904,49.570688383275765,f56379f3ec211269,[],0.0,esp_028196_1840,['train'],1.0,Counter({'train': 1}),train,27d4cddfac4d7248,True,hirise_clean,0,C:\Users\deves\OneDrive\Desktop\Projects\TCMD-SS\data\raw\hirise_v3_2\map-proj-v3_2\ESP_028196_1840_RED-0314.jpg
map-proj-v3_2/ESP_012560_1660_RED-0042.jpg,ok,,JPEG,227.0,227.0,L,1.0,1.0,normal,crater,train,esp_012560_1660_red-0042,[],98353679021f3ba687dcac01aa716cca6960c5e9cc30253edc373ff39b6627e8,1edf4d974184a13c6d96c921b8af987b2d81493565982e537ee5d8dbb119cb0c,b930c698996667d9,102.57856740864368,14.211486633786553,7a91976f08fe07c5,[],1.0,esp_012560_1660,['train'],1.0,Counter({'train': 1}),train,af67ce69419eb52d,True,hirise_clean,0,C:\Users\deves\OneDrive\Desktop\Projects\TCMD-SS\data\raw\hirise_v3_2\map-proj-v3_2\ESP_012560_1660_RED-0042.jpg
map-proj-v3_2/ESP_012571_0930_RED-0110.jpg,ok,,JPEG,227.0,227.0,L,1.0,1.0,normal,swiss cheese,train,esp_012571_0930_red-0110,[],c74db5795b407d1a20c9a857af8ed148ada7bc1184012205f276f82f25acda0e,b8b673281a39bf65ee6dc0fe32bfc82312eee03dd51d96b67e19d2126ab73e94,86a99c6236c3cdb3,120.40144384715404,18.087868473168776,5c5e2c5e336a7c11,[],6.0,esp_012571_0930,['train'],2.0,Counter({'train': 2}),train,baaa4f3acd016a83,True,hirise_clean,0,C:\Users\deves\OneDrive\Desktop\Projects\TCMD-SS\data\raw\hirise_v3_2\map-proj-v3_2\ESP_012571_0930_RED-0110.jpg
map-proj-v3_2/PSP_002776_2025_RED-0099.jpg,ok,,JPEG,227.0,227.0,L,1.0,1.0,normal,other,val,psp_002776_2025_red-0099,[],b516d1439e07385661f6801a4a8108818016b689001480259a0cda9c3e23f5f1,0c9ea1708a992880ea089edd48acc086e4b456a35bd0766bb92b2a0e61a116ad,d64ac952f78c9436,182.68014127966777,85.20275900251164,d0b12052d0addb1f,[],0.0,psp_002776_2025,['val'],1.0,Counter({'val': 1}),train,6add78d65b8d95f4,True,hirise_clean,0,C:\Users\deves\OneDrive\Desktop\Projects\TCMD-SS\data\raw\hirise_v3_2\map-proj-v3_2\PSP_002776_2025_RED-0099.jpg
map-proj-v3_2/ESP_013799_1755_RED-0044.jpg,ok,,JPEG,227.0,227.0,L,1.0,1.0,normal,crater,test,esp_013799_1755_red-0044,[],a10d97da97915a3fdc54765852e3f6658db55a5fbb2bd986885b76d3261ba21e,3830d9b63da3b6988d295215457c4312711a1b20bdf6ebf39345f299b5df4503,c1d3c4a6a3c8cc77,153.62467736614337,17.691236843538917,bb646d090148aee1,[],1.0,esp_013799_1755,['test'],1.0,Counter({'test': 1}),train,a883b80d6bcaf24e,True,hirise_clean,0,C:\Users\deves\OneDrive\Desktop\Projects\TCMD-SS\data\raw\hirise_v3_2\map-proj-v3_2\ESP_013799_1755_RED-0044.jpg
map-proj-v3_2/ESP_012810_0925_RED-0154.jpg,ok,,JPEG,227.0,227.0,L,1.0,1.0,normal,swiss cheese,train,esp_012810_0925_red-0154,[],77b89f284e4cc08bfc615ce4c778b3decbb8aa613779bcc0934488a1dd50d26d,4d677f4ebe42a153107e7c9845139d34417e115f8466fdbd2c926766372de17d,93782ea1399db09e,131.77342855479438,21.095971923737338,2cb3db58dc0e94ba,[],6.0,esp_012810_0925,['train'],1.0,Counter({'train': 1}),train,dd45fe812d8c375d,True,hirise_clean,0,C:\Users\deves\OneDrive\Desktop\Projects\TCMD-SS\data\raw\hirise_v3_2\map-proj-v3_2\ESP_012810_0925_RED-0154.jpg
map-proj-v3_2/ESP_016773_2010_RED-0160.jpg,ok,,JPEG,227.0,227.0,L,1.0,1.0,normal,other,train,esp_016773_2010_red-0160,[],75a7887a719a35d339891450f8fec7feaa94f3a655ebe12b1d0a85e10cb2060d,1b426c61e20e674f0c13704fb3386dc48cd229e7910637c54977c0456c6d1ec5,87607c458f3933ce,88.67373711890392,49.799918887665,4b1f4c194552d63e,[],0.0,esp_016773_2010,['train'],1.0,Counter({'train': 1}),train,5d8aa8a5bf819576,True,hirise_clean,0,C:\Users\deves\OneDrive\Desktop\Projects\TCMD-SS\data\raw\hirise_v3_2\map-proj-v3_2\ESP_016773_2010_RED-0160.jpg
map-proj-v3_2/ESP_016607_2080_RED-0013.jpg,ok,,JPEG,227.0,227.0,L,1.0,1.0,normal,crater,val,esp_016607_2080_red-0013,[],8976cf650f789ba544faf156b83f8ea9716e7b524d08623c7e59156841b68658,785f308c0c6ea3b920b323839aaba68624f260b4d15daa23eabd07e57ec2b0cc,8e07f28f8d360f83,134.1538357041666,12.133692141177312,7fcd4122de808093,[],1.0,esp_016607_2080,['val'],1.0,Counter({'val': 1}),train,a94c9b1b3775c694,True,hirise_clean,0,C:\Users\deves\OneDrive\Desktop\Projects\TCMD-SS\data\raw\hirise_v3_2\map-proj-v3_2\ESP_016607_2080_RED-0013.jpg
map-proj-v3_2/ESP_012810_0925_RED-0068.jpg,ok,,JPEG,227.0,227.0,L,1.0,1.0,normal,swiss cheese,train,esp_012810_0925_red-0068,[],601ae678a6f1dfc3c647fae5a8955ed6e246d4f1a2e490ca862a26c474052451,03e369ae1397491ea82a813647a1db7b11b9902fa0af7c234df88c94892cf630,f6bdd66115609456,128.9111568243125,15.850861378422364,29be29f85306dcb3,[],6.0,esp_012810_0925,['train'],1.0,Counter({'train': 1}),train,dd45fe812d8c375d,True,hirise_clean,0,C:\Users\deves\OneDrive\Desktop\Projects\TCMD-SS\data\raw\hirise_v3_2\map-proj-v3_2\ESP_012810_0925_RED-0068.jpg
map-proj-v3_2/PSP_008965_1510_RED-0387.jpg,ok,,JPEG,227.0,227.0,L,1.0,1.0,normal,other,test,psp_008965_1510_red-0387,[],7d8d1a184b0be5180a3b26ba1a2ff78874154ff6f605e50daefeb2a82295821c,d483176fe354d248ff320fa3ea674ed0160e430a118924917c896f94c738f587,f9f8a6e499f020a3,117.05181548254382,19.089024101075257,98c0e9f5a15e34e8,[],0.0,psp_008965_1510,['test'],1.0,Counter({'test': 1}),train,8ec1c87e1acb9e4e,True,hirise_clean,0,C:\Users\deves\OneDrive\Desktop\Projects\TCMD-SS\data\raw\hirise_v3_2\map-proj-v3_2\PSP_008965_1510_RED-0387.jpg
map-proj-v3_2/ESP_012298_0930_RED-0431.jpg,ok,,JPEG,227.0,227.0,L,1.0,1.0,normal,swiss cheese,train,esp_012298_0930_red-0431,[],52b4d508ed625e470fa6d5d9862659f44fbca2be7de29ede10a3566749bcc338,2c43132199e30c7668771a0aabf5bead39a1d2f73cd470bdef4f65085064b1c6,f744a055246879bf,101.557685963244,18.23194309247616,34a832100ace476c,[],6.0,esp_012298_0930,['train'],2.0,Counter({'train': 2}),train,fd0db7f1b6955a04,True,hirise_clean,0,C:\Users\deves\OneDrive\Desktop\Projects\TCMD-SS\data\raw\hirise_v3_2\map-proj-v3_2\ESP_012298_0930_RED-0431.jpg
map-proj-v3_2/ESP_018493_1925_RED-0050.jpg,ok,,JPEG,227.0,227.0,L,1.0,1.0,normal,other,train,esp_018493_1925_red-0050,[],75c2ef796a4caeecdb14e28cdec0c617529f196d914fee2c12e2b21674424b05,9ee802960f2529de52c3a2667f6a9b64dc300c8531ab6c15875b401fe8184c9b,d595559776846d90,122.82274059267596,33.934461685644806,ae5d09d6dd7a96bf,[],0.0,esp_018493_1925,['train'],1.0,Counter({'train': 1}),train,8d0a7befa8476aaf,True,hirise_clean,0,C:\Users\deves\OneDrive\Desktop\Projects\TCMD-SS\data\raw\hirise_v3_2\map-proj-v3_2\ESP_018493_1925_RED-0050.jpg
map-proj-v3_2/ESP_029014_2150_RED-0877.jpg,ok,,JPEG,227.0,227.0,L,1.0,1.0,normal,crater,train,esp_029014_2150_red-0877,[],4259f798df763b63bf3142116513e352550d0632976590191745504613edc54e,d8fdaf7dd387b6ee50f5fee675544bbd19eb7ca264dd223834dfe1f43e051051,c4bf12ef899904ce,131.56463350734538,24.18330036805656,7d283d7a3965579a,[],1.0,esp_029014_2150,['train'],1.0,Counter({'train': 1}),train,8a3c833fbfa12cda,True,hirise_clean,0,C:\Users\deves\OneDrive\Desktop\Projects\TCMD-SS\data\raw\hirise_v3_2\map-proj-v3_2\ESP_029014_2150_RED-0877.jpg
map-proj-v3_2/ESP_012810_0925_RED-0111.jpg,ok,,JPEG,227.0,227.0,L,1.0,1.0,normal,swiss cheese,train,esp_012810_0925_red-0111,[],71356951a02785ff9b1ec35fddee1625cf3c8f85cf00a8aa3e0a82df6f93b6a2,8cf430c90c5d9f00581d2e6453cffa2dac917a2b9bad585a7f9c3651a9168e0e,a192a081d8fc7f2f,121.84123503270004,15.578264890875245,3ff5bf3bb047c7a8,[],6.0,esp_012810_0925,['train'],1.0,Counter({'train': 1}),train,dd45fe812d8c375d,True,hirise_clean,0,C:\Users\deves\OneDrive\Desktop\Projects\TCMD-SS\data\raw\hirise_v3_2\map-proj-v3_2\ESP_012810_0925_RED-0111.jpg
map-proj-v3_2/ESP_028208_1950_RED-0116.jpg,ok,,JPEG,227.0,227.0,L,1.0,1.0,normal,other,val,esp_028208_1950_red-0116,[],bae267eda0e7dc10cf656196c67ea539d01c1a0a8c0842f80e57a8318c7dc045,42528484206215816c4bb3f7e90b20cb8e989814242f9adca676b53ca4ed94aa,882266c1d2dcff35,75.82283762541482,17.239271661763944,ef0ac4c783f1bd46,[],0.0,esp_028208_1950,['val'],1.0,Counter({'val': 1}),train,caa31345d8c9fb0e,True,hirise_clean,0,C:\Users\deves\OneDrive\Desktop\Projects\TCMD-SS\data\raw\hirise_v3_2\map-proj-v3_2\ESP_028208_1950_RED-0116.jpg
map-proj-v3_2/ESP_016630_1720_RED-0009.jpg,ok,,JPEG,227.0,227.0,L,1.0,1.0,normal,crater,train,esp_016630_1720_red-0009,[],daff3c76cf20d1e37a300636e5c9a7bad567fcfd97ccb870061a39af2d620509,61423508673ea38f0f96d430ee1605d83adb6418f68009160504f73c30aadaeb,d95666c99832656d,80.22284538803392,16.629559797136583,2471939b303d1fec,[],1.0,esp_016630_1720,['train'],1.0,Counter({'train': 1}),train,f97a05a287284cd9,True,hirise_clean,0,C:\Users\deves\OneDrive\Desktop\Projects\TCMD-SS\data\raw\hirise_v3_2\map-proj-v3_2\ESP_016630_1720_RED-0009.jpg
map-proj-v3_2/ESP_012810_0925_RED-0027.jpg,ok,,JPEG,227.0,227.0,L,1.0,1.0,normal,swiss cheese,train,esp_012810_0925_red-0027,[],973813b49844141130c65ea55d25c088452157f4abd87bf5d0d62c3224b6e35f,c5a8858f6810760584a9ba8eadacad4336eb19741d5e73d86b8c68ba489262a8,adc133d9cc16f311,122.96200197946789,10.937004680207124,1975b7bfbaef261f,[],6.0,esp_012810_0925,['train'],1.0,Counter({'train': 1}),train,dd45fe812d8c375d,True,hirise_clean,0,C:\Users\deves\OneDrive\Desktop\Projects\TCMD-SS\data\raw\hirise_v3_2\map-proj-v3_2\ESP_012810_0925_RED-0027.jpg
map-proj-v3_2/ESP_027802_1685_RED-0340.jpg,ok,,JPEG,227.0,227.0,L,1.0,1.0,normal,other,train,esp_027802_1685_red-0340,[],0179d63509c25761c3eaecd96fbff4c6378db726b8317e9f9cccdf4b7f841565,546898466d40c125cfd137323bd22c0d7575691e73c5655b634210973ac02b19,c4a90b36e0cbb766,136.35566380096645,11.581537803051726,c573fe176c281234,[],0.0,esp_027802_1685,['train'],1.0,Counter({'train': 1}),train,05f954ef1369c4ae,True,hirise_clean,0,C:\Users\deves\OneDrive\Desktop\Projects\TCMD-SS\data\raw\hirise_v3_2\map-proj-v3_2\ESP_027802_1685_RED-0340.jpg
map-proj-v3_2/ESP_012637_0935_RED-0191.jpg,ok,,JPEG,227.0,227.0,L,1.0,1.0,normal,swiss cheese,train,esp_012637_0935_red-0191,[],a7ae14a5f1473099ddaed3ed7a8334c1344a6b37f50efe1e7163638ec754eed4,40888918021e160b333c3fe15792cbd453824a47428297705961c8278152cb22,d4575b5a4a2aab89,115.31974228104562,33.30500369162935,b63b91517605776f,[],6.0,esp_012637_0935,['train'],2.0,Counter({'train': 2}),train,fd0db7f1b6955a04,True,hirise_clean,0,C:\Users\deves\OneDrive\Desktop\Projects\TCMD-SS\data\raw\hirise_v3_2\map-proj-v3_2\ESP_012637_0935_RED-0191.jpg
map-proj-v3_2/ESP_025151_1570_RED-0338.jpg,ok,,JPEG,227.0,227.0,L,1.0,1.0,normal,other,train,esp_025151_1570_red-0338,[],93b66525a0a63be4741728879c45d1e8c45e5e7f68f437b8c76efc1bb5221db4,08d18b195c222af073b915e60a395918292de780006e296cbe186d1df20086de,80dc3b1f3267b4a9,96.67255331949,38.54802462703209,89d7a30f60e6e838,[],0.0,esp_025151_1570,['train'],1.0,Counter({'train': 1}),train,24206087cc341bd3,True,hirise_clean,0,C:\Users\deves\OneDrive\Desktop\Projects\TCMD-SS\data\raw\hirise_v3_2\map-proj-v3_2\ESP_025151_1570_RED-0338.jpg
map-proj-v3_2/PSP_010587_1620_RED-0130.jpg,ok,,JPEG,227.0,227.0,L,1.0,1.0,normal,crater,train,psp_010587_1620_red-0130,[],6163552ee64410421936f2a448cb3f9a1527ee6abc8540395ea6bac080856c6f,8a96da5529c06e4d7503cb5157062bd9e6b1e8f4b5d231b788d9800659ec29bd,9595257256d66569,111.07345378330648,46.493419405756285,7d8aa53c77d39c4d,[],1.0,psp_010587_1620,['train'],1.0,Counter({'train': 1}),train,676dcb9cd2e9dcba,True,hirise_clean,0,C:\Users\deves\OneDrive\Desktop\Projects\TCMD-SS\data\raw\hirise_v3_2\map-proj-v3_2\PSP_010587_1620_RED-0130.jpg
map-proj-v3_2/ESP_012298_0930_RED-0224.jpg,ok,,JPEG,227.0,227.0,L,1.0,1.0,normal,swiss cheese,train,esp_012298_0930_red-0224,[],0555a07a167893b14ea5849bb85cf3275a7e6fe9b5162f83261041ec2cca46c6,6da2624beb6cd4d56cfa26d0f4436f5d4d6d4e8759d586c6a34254abdc18977d,9fe25c3062d4e91d,101.1935997205457,17.36852992759921,3a4ab1303d755598,[],6.0,esp_012298_0930,['train'],2.0,Counter({'train': 2}),train,fd0db7f1b6955a04,True,hirise_clean,0,C:\Users\deves\OneDrive\Desktop\Projects\TCMD-SS\data\raw\hirise_v3_2\map-proj-v3_2\ESP_012298_0930_RED-0224.jpg
map-proj-v3_2/ESP_026225_1710_RED-0005.jpg,ok,,JPEG,227.0,227.0,L,1.0,1.0,normal,other,train,esp_026225_1710_red-0005,[],99c355b51cee026433504022381f3824da71c89a99744e40620df46d496af574,7d716358e9d6056d801a3db11953f6b7084786e3178c2030aed51391c3eb3cb3,bf86d0d865160d67,209.51660230161656,15.435770095536398,17f4aa33d945599f,[],0.0,esp_026225_1710,['train'],1.0,Counter({'train': 1}),train,4e4f7e0ea2cec4ad,True,hirise_clean,0,C:\Users\deves\OneDrive\Desktop\Projects\TCMD-SS\data\raw\hirise_v3_2\map-proj-v3_2\ESP_026225_1710_RED-0005.jpg
map-proj-v3_2/ESP_012282_0955_RED-0115.jpg,ok,,JPEG,227.0,227.0,L,1.0,1.0,normal,swiss cheese,val,esp_012282_0955_red-0115,[],7c09c4c16f9bfeb81713299ed8d08dbbfb8be7ee8c54ef288a1df92c339d3458,2c35aaa8ce277f66aea468f39ca9cdbc773c4d1097cb826b26195fca1741ef1f,f35b6d24322bb514,60.95105668652604,31.316180926413416,42d805b8f8cfd127,[],6.0,esp_012282_0955,['val'],2.0,Counter({'val': 2}),train,7801a3b8a424003f,True,hirise_clean,0,C:\Users\deves\OneDrive\Desktop\Projects\TCMD-SS\data\raw\hirise_v3_2\map-proj-v3_2\ESP_012282_0955_RED-0115.jpg
map-proj-v3_2/ESP_018192_1985_RED-0151.jpg,ok,,JPEG,227.0,227.0,L,1.0,1.0,normal,other,test,esp_018192_1985_red-0151,[],342d833c89a66f2a311879693354d1c399006961184403e6ed6e4b0f3bafa31a,255852d86e1092ee5133cd35650e2e91136a943211a78b2ec36a1f9bcd5d9aa1,8b624e5af2e04eb5,131.1640241417454,19.2072635015818,ee7f91d618cf71e3,[],0.0,esp_018192_1985,['test'],1.0,Counter({'test': 1}),train,eee3231c74babe52,True,hirise_clean,0,C:\Users\deves\OneDrive\Desktop\Projects\TCMD-SS\data\raw\hirise_v3_2\map-proj-v3_2\ESP_018192_1985_RED-0151.jpg
map-proj-v3_2/PSP_003703_2035_RED-0003.jpg,ok,,JPEG,227.0,227.0,L,1.0,1.0,normal,crater,train,psp_003703_2035_red-0003,[],b8b8f9aefc45f3dcda06a24411f6bffbaa549c3aa137707145ab673153b02c59,211ec90a8bc5f4bacdbfeca6ef0ffe34b754a7d2aa1cdf8851a37aea81139df2,d69219cd2577903e,101.34401987230493,59.02951681075567,2764e0331ab61894,[],1.0,psp_003703_2035,['train'],1.0,Counter({'train': 1}),train,77e968939bd59ef1,True,hirise_clean,0,C:\Users\deves\OneDrive\Desktop\Projects\TCMD-SS\data\raw\hirise_v3_2\map-proj-v3_2\PSP_003703_2035_RED-0003.jpg
map-proj-v3_2/ESP_012298_0930_RED-0017.jpg,ok,,JPEG,227.0,227.0,L,1.0,1.0,normal,swiss cheese,train,esp_012298_0930_red-0017,[],72a5ed10e42d74e85d1eaeab579d738d56fc6f594261367bff95f4eaf1048a54,e6c26235a900d9b458be45e4b82e07e9777637b227406fc7b4a326e8a9c65694,83f70ce13dc37807,99.86859826505464,30.43788958094752,156af8332d8febea,[],6.0,esp_012298_0930,['train'],2.0,Counter({'train': 2}),train,fd0db7f1b6955a04,True,hirise_clean,0,C:\Users\deves\OneDrive\Desktop\Projects\TCMD-SS\data\raw\hirise_v3_2\map-proj-v3_2\ESP_012298_0930_RED-0017.jpg
map-proj-v3_2/ESP_027564_1655_RED-0169.jpg,ok,,JPEG,227.0,227.0,L,1.0,1.0,normal,other,test,esp_027564_1655_red-0169,[],79c3747ff958ef5111d254c2944a650733f80412bcb9e13ba9520e3bea3a93a9,3eefdd72bc651c296c6b817c67456ce4dca1fb3a80f26ba237164a68945fe406,c37b269e9f645029,130.33682004308253,14.927535021465497,325da299f0150dc1,[],0.0,esp_027564_1655,['test'],1.0,Counter({'test': 1}),train,b85e5745b8828e78,True,hirise_clean,0,C:\Users\deves\OneDrive\Desktop\Projects\TCMD-SS\data\raw\hirise_v3_2\map-proj-v3_2\ESP_027564_1655_RED-0169.jpg
map-proj-v3_2/ESP_011767_0950_RED-0047.jpg,ok,,JPEG,227.0,227.0,L,1.0,1.0,normal,swiss cheese,val,esp_011767_0950_red-0047,[],637dc675ac620c046bd6f741757ac727ffbe2157ea4ee5736e69680126ec59af,13938374607262761384093e5feef8658f79a5ff7960326a2216e75ca2466a2b,d455594c525a6aeb,74.11294610801684,22.124161451532167,e80da1aa64752e37,[],6.0,esp_011767_0950,['val'],2.0,Counter({'val': 2}),train,e4fa33ce0e847199,True,hirise_clean,0,C:\Users\deves\OneDrive\Desktop\Projects\TCMD-SS\data\raw\hirise_v3_2\map-proj-v3_2\ESP_011767_0950_RED-0047.jpg
map-proj-v3_2/ESP_025758_1475_RED-0228.jpg,ok,,JPEG,227.0,227.0,L,1.0,1.0,normal,other,val,esp_025758_1475_red-0228,[],903e172048f3c833f3de89b84390813e48736d816c93b25b2f0332a51274b08e,3f5fb00a493adc823591cd0c0c0f1ef39e541ba4c36197753fda1be4725e2c92,8495b721cf983967,109.05051524384328,17.699809825127637,523bcf20025ec6c3,[],0.0,esp_025758_1475,['val'],1.0,Counter({'val': 1}),train,7665d7e7795c2195,True,hirise_clean,0,C:\Users\deves\OneDrive\Desktop\Projects\TCMD-SS\data\raw\hirise_v3_2\map-proj-v3_2\ESP_025758_1475_RED-0228.jpg
map-proj-v3_2/ESP_016630_1720_RED-0016.jpg,ok,,JPEG,227.0,227.0,L,1.0,1.0,normal,crater,train,esp_016630_1720_red-0016,[],2423bc8254e333a20fcbc3c31c1082aff93716cc930bbce86bbd10f866bcf289,b1e71e9b652ec5dcf1462bf0b69fd07c9a7d9ce442a59c05bde88e41c2f26fd2,b3862cb973668c99,82.09687748646394,20.14622378932445,ec867504395228ba,[],1.0,esp_016630_1720,['train'],1.0,Counter({'train': 1}),train,f97a05a287284cd9,True,hirise_clean,0,C:\Users\deves\OneDrive\Desktop\Projects\TCMD-SS\data\raw\hirise_v3_2\map-proj-v3_2\ESP_016630_1720_RED-0016.jpg
map-proj-v3_2/ESP_012294_0935_RED-0084.jpg,ok,,JPEG,227.0,227.0,L,1.0,1.0,normal,swiss cheese,train,esp_012294_0935_red-0084,[],5bdb38528d0bd366746cb3b5b0718f1bb9ec5335008a239e4e26d66b4b0740cb,b450104ba6476440a8d4114ee00769fb2b013b0f28c5abb377c669cb351e2c75,a6ae493c6e7318e8,106.2313066428613,14.711432510274824,d061d5ddd26a5222,[],6.0,esp_012294_0935,['train'],2.0,Counter({'train': 2}),train,266cd71437e2bee8,True,hirise_clean,0,C:\Users\deves\OneDrive\Desktop\Projects\TCMD-SS\data\raw\hirise_v3_2\map-proj-v3_2\ESP_012294_0935_RED-0084.jpg
map-proj-v3_2/PSP_006961_2195_RED-0162.jpg,ok,,JPEG,227.0,227.0,L,1.0,1.0,normal,other,train,psp_006961_2195_red-0162,[],20cb92fabc5ca5d7c7c94536e3e528134692f29bf8b4098c53176e3962e816ab,aae56fe2b860985ab381eae0dcdfcd523d5e64bf0d80260ff321afafbfe68955,f8cc66361ec9e071,81.28772147722641,15.058051189111431,72e5ab42302ff63e,[],0.0,psp_006961_2195,['train'],1.0,Counter({'train': 1}),train,77e968939bd59ef1,True,hirise_clean,0,C:\Users\deves\OneDrive\Desktop\Projects\TCMD-SS\data\raw\hirise_v3_2\map-proj-v3_2\PSP_006961_2195_RED-0162.jpg
map-proj-v3_2/PSP_005441_1970_RED-0008.jpg,ok,,JPEG,227.0,227.0,L,1.0,1.0,normal,crater,train,psp_005441_1970_red-0008,[],bb2e4af6ed20b80864f3ef12433b51a92baf732a67a59b4efd87b7337464f69d,b1ac0e3860f08e6d053fb2a5febbbbc67b5752406bc56defebf3d10c38151e18,f39bce6591c86530,137.36076772302974,32.392908133595654,e1ada04c40cc4b10,[],1.0,psp_005441_1970,['train'],1.0,Counter({'train': 1}),train,24206087cc341bd3,True,hirise_clean,0,C:\Users\deves\OneDrive\Desktop\Projects\TCMD-SS\data\raw\hirise_v3_2\map-proj-v3_2\PSP_005441_1970_RED-0008.jpg
map-proj-v3_2/ESP_012810_0925_RED-0117.jpg,ok,,JPEG,227.0,227.0,L,1.0,1.0,normal,swiss cheese,train,esp_012810_0925_red-0117,[],f231d2573159fbfab85af038edfa19f9c33ce2bf907610f0d1708eb84ada9084,43093790a98cebaf5741f9454ade61c6373a7f1914952b3712bbe07f2c5081db,d4d2994d34c28ed7,124.58553435929282,15.82193486765218,19b7fa65b66be8d7,[],6.0,esp_012810_0925,['train'],1.0,Counter({'train': 1}),train,dd45fe812d8c375d,True,hirise_clean,0,C:\Users\deves\OneDrive\Desktop\Projects\TCMD-SS\data\raw\hirise_v3_2\map-proj-v3_2\ESP_012810_0925_RED-0117.jpg
map-proj-v3_2/PSP_008932_1645_RED-0145.jpg,ok,,JPEG,227.0,227.0,L,1.0,1.0,normal,other,train,psp_008932_1645_red-0145,[],27486af01ea5c231adb58c86c0e4597560da861eba665a78ab58984e69a77762,6658240565e7b8a9db9928f3f37c605481b50a8e9db65ebf2033cc5206108bef,cd41386dbe918c8f,143.76331774340662,17.53266631395777,e796a1527b4cd796,[],0.0,psp_008932_1645,['train'],1.0,Counter({'train': 1}),train,cff81f0fbcdb29c8,True,hirise_clean,0,C:\Users\deves\OneDrive\Desktop\Projects\TCMD-SS\data\raw\hirise_v3_2\map-proj-v3_2\PSP_008932_1645_RED-0145.jpg
map-proj-v3_2/ESP_026334_1755_RED-0079.jpg,ok,,JPEG,227.0,227.0,L,1.0,1.0,normal,crater,train,esp_026334_1755_red-0079,[],bb565215343fc7a02f37a4a6aa515e611ca44708a745fdf4a08950830aa7f93d,493b94d8d87c3dab960209150efa96d1e528a77fb6dd90458bfb4e24f8f02ffe,d566c9fac1b224c6,112.34784296221544,68.94122857474024,2ef732e4ace58e38,[],1.0,esp_026334_1755,['train'],1.0,Counter({'train': 1}),train,7df8ad68f93a40fe,True,hirise_clean,0,C:\Users\deves\OneDrive\Desktop\Projects\TCMD-SS\data\raw\hirise_v3_2\map-proj-v3_2\ESP_026334_1755_RED-0079.jpg
map-proj-v3_2/ESP_011289_1950_RED-0233.jpg,ok,,JPEG,227.0,227.0,L,1.0,1.0,normal,crater,test,esp_011289_1950_red-0233,[],1132106835d4159970a4b7392091d7762f4fe9cba229e961645474153763c478,372714a7c436ac480d6b0c6d4d63343674b3bc5a64b402ee4987c1c80fa27a8c,ac073379ccc3938e,111.236546410759,67.44156753839813,0763caf5ef2a4b8e,[],1.0,esp_011289_1950,['test'],1.0,Counter({'test': 1}),train,99c2c4faf44c06e8,True,hirise_clean,0,C:\Users\deves\OneDrive\Desktop\Projects\TCMD-SS\data\raw\hirise_v3_2\map-proj-v3_2\ESP_011289_1950_RED-0233.jpg
map-proj-v3_2/ESP_012810_0925_RED-0040.jpg,ok,,JPEG,227.0,227.0,L,1.0,1.0,normal,swiss cheese,train,esp_012810_0925_red-0040,[],d21d7cc3e08b78425e10e11a173e7250747299151091563624551195103972bc,7cc09f153afe160300f2df2371f2bff0b9e8d3b1842ad91fe53f7fa9060ef9a4,8d373699cd304dd8,124.63242057870326,13.421566952965696,5d732b9186878439,[],6.0,esp_012810_0925,['train'],1.0,Counter({'train': 1}),train,dd45fe812d8c375d,True,hirise_clean,0,C:\Users\deves\OneDrive\Desktop\Projects\TCMD-SS\data\raw\hirise_v3_2\map-proj-v3_2\ESP_012810_0925_RED-0040.jpg
map-proj-v3_2/PSP_010587_1620_RED-0161.jpg,ok,,JPEG,227.0,227.0,L,1.0,1.0,normal,other,train,psp_010587_1620_red-0161,[],8ef6c4028ade518c9bef119e4b4d09230958a7caadea244649c0020263430840,b9d2645eba8a4c3eae4ebcb66a8bb9700c2af882d87077b1c8f7aaa36ac6b3fc,a72e9d39626cd891,106.18626404548895,23.394279758988464,a24843cb65a88028,[],0.0,psp_010587_1620,['train'],1.0,Counter({'train': 1}),train,676dcb9cd2e9dcba,True,hirise_clean,0,C:\Users\deves\OneDrive\Desktop\Projects\TCMD-SS\data\raw\hirise_v3_2\map-proj-v3_2\PSP_010587_1620_RED-0161.jpg
map-proj-v3_2/ESP_050115_2005_RED-0076.jpg,ok,,JPEG,227.0,227.0,L,1.0,1.0,normal,crater,train,esp_050115_2005_red-0076,[],0c369bd871aef8d7985ede7e4ac403d373607a7902c20b3ae42a83b3db29a23a,65b3dc065d7f9356274e52d2d4a4ba58b316e6033d93a1af5ce27af6e5b0bade,b9388c66339cc771,129.12734576646162,16.857789527966773,b25dddee22231785,[],1.0,esp_050115_2005,['train'],2.0,Counter({'train': 2}),train,82236948588ae101,True,hirise_clean,0,C:\Users\deves\OneDrive\Desktop\Projects\TCMD-SS\data\raw\hirise_v3_2\map-proj-v3_2\ESP_050115_2005_RED-0076.jpg
map-proj-v3_2/ESP_012363_0870_RED-0001.jpg,ok,,JPEG,227.0,227.0,L,1.0,1.0,normal,swiss cheese,train,esp_012363_0870_red-0001,[],a1b4be402ae140bd60ecb604ed18414db6575a87292fd2e1dc965a83f70a1c29,1b9e72561662258bc4a9a8c8cfb4571b7cd69dd7b5617595e40e7410b26c0f9c,d7a85ca54ad50b17,137.32042151021756,36.68704231114905,295c3e7381974fd9,[],6.0,esp_012363_0870,['train'],2.0,Counter({'train': 2}),train,c850ef7b16901864,True,hirise_clean,0,C:\Users\deves\OneDrive\Desktop\Projects\TCMD-SS\data\raw\hirise_v3_2\map-proj-v3_2\ESP_012363_0870_RED-0001.jpg
map-proj-v3_2/PSP_010587_1620_RED-0107.jpg,ok,,JPEG,227.0,227.0,L,1.0,1.0,normal,other,train,psp_010587_1620_red-0107,[],0615caa9f3e14d831dbc70b293e51f341dd14ad1034c96608e6362c560235518,4fb0ebaaa1b82e11dfacf5269fb9e533364a772af95ad2c3836d08e9af4f1fa4,80f0d73a2cf1e29e,91.92790467503735,37.95974460556424,e74e4743acf31f31,[],0.0,psp_010587_1620,['train'],1.0,Counter({'train': 1}),train,676dcb9cd2e9dcba,True,hirise_clean,0,C:\Users\deves\OneDrive\Desktop\Projects\TCMD-SS\data\raw\hirise_v3_2\map-proj-v3_2\PSP_010587_1620_RED-0107.jpg
map-proj-v3_2/ESP_026334_1755_RED-0032.jpg,ok,,JPEG,227.0,227.0,L,1.0,1.0,normal,crater,train,esp_026334_1755_red-0032,[],9ded97546488b98e5c737f4513b1d9a67520ea7184a7de6b311b3f63133a1d9d,5fb163004f4f20e5d24b14c4ff5da5f807b5ccb5631d13ee2abbeab37578ec5a,9133b66c39664e99,105.48403811445982,11.071205146975364,61fb56c5069ca49f,[],1.0,esp_026334_1755,['train'],1.0,Counter({'train': 1}),train,7df8ad68f93a40fe,True,hirise_clean,0,C:\Users\deves\OneDrive\Desktop\Projects\TCMD-SS\data\raw\hirise_v3_2\map-proj-v3_2\ESP_026334_1755_RED-0032.jpg
map-proj-v3_2/ESP_012810_0925_RED-0130.jpg,ok,,JPEG,227.0,227.0,L,1.0,1.0,normal,swiss cheese,train,esp_012810_0925_red-0130,[],a8a15de387bc52b1acf90cc30701c242dd4bf2abf43b35e74dcf38c56262c0c2,96b5efaca4867aaf08b1553069a934fc32ecaffd395e0e6a740385ecbfbff8aa,9a836d2ba53c6572,128.11981602592715,16.658028792858836,b57df5ab0f36c483,[],6.0,esp_012810_0925,['train'],1.0,Counter({'train': 1}),train,dd45fe812d8c375d,True,hirise_clean,0,C:\Users\deves\OneDrive\Desktop\Projects\TCMD-SS\data\raw\hirise_v3_2\map-proj-v3_2\ESP_012810_0925_RED-0130.jpg
map-proj-v3_2/PSP_009304_2405_RED-0032.jpg,ok,,JPEG,227.0,227.0,L,1.0,1.0,normal,other,train,psp_009304_2405_red-0032,[],186bd80623c04367263a646517f683d9a79348bdb834475812bade8bf47662f3,e11afddb67fd8735fd99abe7615ae047848367744853ada20f74ab23cfc0e80f,e6890db933b6622e,164.0618292611927,17.814098317244323,257c38bb422d08b4,[],0.0,psp_009304_2405,['train'],1.0,Counter({'train': 1}),train,b5c32e649d2c30ed,True,hirise_clean,0,C:\Users\deves\OneDrive\Desktop\Projects\TCMD-SS\data\raw\hirise_v3_2\map-proj-v3_2\PSP_009304_2405_RED-0032.jpg
map-proj-v3_2/ESP_028196_1840_RED-0499.jpg,ok,,JPEG,227.0,227.0,L,1.0,1.0,normal,crater,train,esp_028196_1840_red-0499,[],10e5f6d872534566b21b8cba0b73fc18e2ca2519a63d66f36c098389e81a4ace,b19d393f46a852465752dfccb579be8c624d42c38ee8fba08765e9f4ecfe2947,ab44ec487349ccbe,129.09000756855363,12.507519944849898,26590c4ac339347f,[],1.0,esp_028196_1840,['train'],1.0,Counter({'train': 1}),train,27d4cddfac4d7248,True,hirise_clean,0,C:\Users\deves\OneDrive\Desktop\Projects\TCMD-SS\data\raw\hirise_v3_2\map-proj-v3_2\ESP_028196_1840_RED-0499.jpg
map-proj-v3_2/ESP_012810_0925_RED-0153.jpg,ok,,JPEG,227.0,227.0,L,1.0,1.0,normal,swiss cheese,train,esp_012810_0925_red-0153,[],3bce89a8e87417b5711f8c66dd6a7518671e67977967cbf7debdebcef62e385d,9490a367627ead52f5185aa6a26465b3fd1113c19e8a8129266f4e2db4c3b068,80313e4fd8d83e6e,122.95548137941742,39.47737325325701,800e4c7f03235398,[],6.0,esp_012810_0925,['train'],1.0,Counter({'train': 1}),train,dd45fe812d8c375d,True,hirise_clean,0,C:\Users\deves\OneDrive\Desktop\Projects\TCMD-SS\data\raw\hirise_v3_2\map-proj-v3_2\ESP_012810_0925_RED-0153.jpg
map-proj-v3_2/ESP_018192_1985_RED-0406.jpg,ok,,JPEG,227.0,227.0,L,1.0,1.0,normal,other,test,esp_018192_1985_red-0406,[],07daaa871a7ac552f166a25c8b1908c71a75dbb8240eb6c91f04a62cd7f54c23,3c8223602ca39d46573331afc7a0884bc355374a6158178f49a6a71f3d455c0f,ad0b32646dd5d2d1,110.25977604843874,60.27937838913638,3e533e51961dd042,[],0.0,esp_018192_1985,['test'],1.0,Counter({'test': 1}),train,eee3231c74babe52,True,hirise_clean,0,C:\Users\deves\OneDrive\Desktop\Projects\TCMD-SS\data\raw\hirise_v3_2\map-proj-v3_2\ESP_018192_1985_RED-0406.jpg
map-proj-v3_2/ESP_019697_2020_RED-0088.jpg,ok,,JPEG,227.0,227.0,L,1.0,1.0,normal,crater,train,esp_019697_2020_red-0088,[],4bf1e1943bbac6807853c6ad9c04b25e15ae0492bd0befab37379129ecb11cbd,56d573ce7069db7413c66dc27e9f73ff115faac771fc97c92be336da6fd66248,cd2a72d3564cd994,92.28156960158356,26.04325841942041,d1f40ecf1c05245d,[],1.0,esp_019697_2020,['train'],2.0,Counter({'train': 2}),train,8dc310e95be70b1f,True,hirise_clean,0,C:\Users\deves\OneDrive\Desktop\Projects\TCMD-SS\data\raw\hirise_v3_2\map-proj-v3_2\ESP_019697_2020_RED-0088.jpg
map-proj-v3_2/ESP_012810_0925_RED-0119.jpg,ok,,JPEG,227.0,227.0,L,1.0,1.0,normal,swiss cheese,train,esp_012810_0925_red-0119,[],c4d7660d0451c292da67ee5c3f50ab83a5ef4088a3436901d56fcdec9cd8e634,56e0dca1203ec349810fdc2b33e8d6731bb7abd964e4bd062d07f8ca3f315788,ceb4c52a31da8976,131.96809563546742,17.12500178970842,2003eae291a8fec9,[],6.0,esp_012810_0925,['train'],1.0,Counter({'train': 1}),train,dd45fe812d8c375d,True,hirise_clean,0,C:\Users\deves\OneDrive\Desktop\Projects\TCMD-SS\data\raw\hirise_v3_2\map-proj-v3_2\ESP_012810_0925_RED-0119.jpg
map-proj-v3_2/ESP_017770_1990_RED-0419.jpg,ok,,JPEG,227.0,227.0,L,1.0,1.0,normal,other,train,esp_017770_1990_red-0419,[],52d60a3b79b503ff30b73802046843e3ae8fcf867e17a0d461df5524e5da9e38,861b4123105b116044a346b3e031fb55152f9934b1b9446d723de4e1e24aac12,e4c8933c619fb6c4,133.25236274719092,19.783804157012025,5b839ff53bd50047,[],0.0,esp_017770_1990,['train'],1.0,Counter({'train': 1}),train,f345152edef783a2,True,hirise_clean,0,C:\Users\deves\OneDrive\Desktop\Projects\TCMD-SS\data\raw\hirise_v3_2\map-proj-v3_2\ESP_017770_1990_RED-0419.jpg
map-proj-v3_2/ESP_035814_1550_RED-0274.jpg,ok,,JPEG,227.0,227.0,L,1.0,1.0,normal,crater,test,esp_035814_1550_red-0274,[],1635c0c5eb8a89790ba1f380ca04e894db0527214596c61399a850f6f6ea63f5,86b8e82024b55f9f13ef5bff804778febfeb3bd3cbc6067d2c834f1c8be23222,9bce8c9933274e19,140.45663606900968,15.781185199755884,c7d0405e3ec1af50,[],1.0,esp_035814_1550,['test'],1.0,Counter({'test': 1}),train,86a5cd4e2a9e92ab,True,hirise_clean,0,C:\Users\deves\OneDrive\Desktop\Projects\TCMD-SS\data\raw\hirise_v3_2\map-proj-v3_2\ESP_035814_1550_RED-0274.jpg
map-proj-v3_2/ESP_012298_0930_RED-0531.jpg,ok,,JPEG,227.0,227.0,L,1.0,1.0,normal,swiss cheese,train,esp_012298_0930_red-0531,[],6fab38e38e58674e45e834e2be14e78a24bd31be89db8504fe44c01a3be4983a,19239f2dbda9e18a6231db525a0631311db8b95a9fcba978b108b075fcd1c1bf,8003071fff1f3e64,90.46548545479244,27.70020683515317,09ae860f058a8242,[],6.0,esp_012298_0930,['train'],2.0,Counter({'train': 2}),train,fd0db7f1b6955a04,True,hirise_clean,0,C:\Users\deves\OneDrive\Desktop\Projects\TCMD-SS\data\raw\hirise_v3_2\map-proj-v3_2\ESP_012298_0930_RED-0531.jpg
map-proj-v3_2/PSP_003703_2035_RED-0067.jpg,ok,,JPEG,227.0,227.0,L,1.0,1.0,normal,crater,train,psp_003703_2035_red-0067,[],b1bba0a06683eef1414cc51c35c093fd9bbc84094f76b2cf8a58b4033d0b47e9,8343c518ac1126889fcec1423d0212fa402c10bdbf710d7a5879ba82242d5609,f3f8446633994c66,134.91012827728076,18.07145582548324,709eb69f4983f122,['group_label_conflict'],1.0,psp_003703_2035,['train'],1.0,Counter({'train': 1}),train,77e968939bd59ef1,True,hirise_clean,0,C:\Users\deves\OneDrive\Desktop\Projects\TCMD-SS\data\raw\hirise_v3_2\map-proj-v3_2\PSP_003703_2035_RED-0067.jpg
map-proj-v3_2/ESP_012810_0925_RED-0094.jpg,ok,,JPEG,227.0,227.0,L,1.0,1.0,normal,swiss cheese,train,esp_012810_0925_red-0094,[],56fa2ef977cd2df363622f37f032f2b12bbc94145ca00e25269653c2d1f371af,50b7b1a0f3efe3a9fc25a7e8b96a0cdca9322ec1054d1303b16437b6109c6dfc,9696d27a9a6e2790,124.59748879271866,12.23999160052124,29011465f6652c49,[],6.0,esp_012810_0925,['train'],1.0,Counter({'train': 1}),train,dd45fe812d8c375d,True,hirise_clean,0,C:\Users\deves\OneDrive\Desktop\Projects\TCMD-SS\data\raw\hirise_v3_2\map-proj-v3_2\ESP_012810_0925_RED-0094.jpg
map-proj-v3_2/ESP_028208_1950_RED-0080.jpg,ok,,JPEG,227.0,227.0,L,1.0,1.0,normal,other,val,esp_028208_1950_red-0080,[],afc35c5364193b12676b49cb916b46103e9d76c60e49bc3052e068af11ab0827,07fe7e9034a68a5a07f089836680e5d0eb7aaa426ed62c272c08042f68e8156e,d880725959dd953e,81.16342253876458,16.257380130803412,6b84f6448973edbe,[],0.0,esp_028208_1950,['val'],1.0,Counter({'val': 1}),train,caa31345d8c9fb0e,True,hirise_clean,0,C:\Users\deves\OneDrive\Desktop\Projects\TCMD-SS\data\raw\hirise_v3_2\map-proj-v3_2\ESP_028208_1950_RED-0080.jpg
map-proj-v3_2/ESP_013161_1715_RED-0131.jpg,ok,,JPEG,227.0,227.0,L,1.0,1.0,normal,crater,test,esp_013161_1715_red-0131,[],3af8314cd96fa9589c518a674e0a9ebcc9d8b869a40e7d2dcb6b587b471f9c20,b480c853ed3bd0bc43f0c1452fa1f91f15623be29c7a03408a736b61b3e5ca5c,ecb35a0c8e8c4eb3,128.36693900522036,28.328064926827928,a76602fe4db102f4,[],1.0,esp_013161_1715,['test'],1.0,Counter({'test': 1}),train,5fbc3e4e88fe28f2,True,hirise_clean,0,C:\Users\deves\OneDrive\Desktop\Projects\TCMD-SS\data\raw\hirise_v3_2\map-proj-v3_2\ESP_013161_1715_RED-0131.jpg
map-proj-v3_2/ESP_011661_0930_RED-0072.jpg,ok,,JPEG,227.0,227.0,L,1.0,1.0,normal,swiss cheese,val,esp_011661_0930_red-0072,[],955f3d13478d41f6989f5720ef98725dcc015475067b33df42b5c9c63812411c,1c9640aff9affb7996a1a554f6ef5421630b1de3549bda22e8724f3b29738037,88f13ec2f8df21a4,64.81953851229405,27.182593295437574,7a33b8622dcb9947,[],6.0,esp_011661_0930,['val'],2.0,Counter({'val': 2}),train,d32aad3ef9d09cb3,True,hirise_clean,0,C:\Users\deves\OneDrive\Desktop\Projects\TCMD-SS\data\raw\hirise_v3_2\map-proj-v3_2\ESP_011661_0930_RED-0072.jpg
map-proj-v3_2/ESP_021615_1505_RED-0289.jpg,ok,,JPEG,227.0,227.0,L,1.0,1.0,normal,other,train,esp_021615_1505_red-0289,[],c25494ad2b95b1de9f19b2995869cbbf89c44a4d3e336a8e5e00383727bcb799,c0e90f976e9a542f9f62475fdaf0ea7d4d23ad73f1e70058dbc189674df0255a,ac583b62a8bd8778,98.95728618835996,11.657965026332578,559287ee25e98ffc,[],0.0,esp_021615_1505,['train'],1.0,Counter({'train': 1}),train,a0a3dc76a10de588,True,hirise_clean,0,C:\Users\deves\OneDrive\Desktop\Projects\TCMD-SS\data\raw\hirise_v3_2\map-proj-v3_2\ESP_021615_1505_RED-0289.jpg
map-proj-v3_2/ESP_012363_0870_RED-0019.jpg,ok,,JPEG,227.0,227.0,L,1.0,1.0,normal,swiss cheese,train,esp_012363_0870_red-0019,[],bceb07a0ff7ab9ee1a34084d6c67e145be103e93aca40bd19aef36fc16d1b640,45470802ad8b20eca919a25a3a7fba8a3a6d2b38196f899199e763f66bf9072f,d38438e466d8f5f0,124.6031943177628,16.734095562125628,2fb19b14f4b6b600,[],6.0,esp_012363_0870,['train'],2.0,Counter({'train': 2}),train,c850ef7b16901864,True,hirise_clean,0,C:\Users\deves\OneDrive\Desktop\Projects\TCMD-SS\data\raw\hirise_v3_2\map-proj-v3_2\ESP_012363_0870_RED-0019.jpg
map-proj-v3_2/PSP_010021_1835_RED-0091.jpg,ok,,JPEG,227.0,227.0,L,1.0,1.0,normal,other,train,psp_010021_1835_red-0091,[],8c5f639850c9f96ecf01336f30cf7c2b555f3484e7b213741d1bdb44b161d423,5561ead95f2ed39fec05416aa1150d00949154f4ee184ac84c7b954458afd36e,8cd5f36a6a5895a4,128.69681150420152,24.279187378188663,094e15a070bad568,[],0.0,psp_010021_1835,['train'],1.0,Counter({'train': 1}),train,982712ee1802927d,True,hirise_clean,0,C:\Users\deves\OneDrive\Desktop\Projects\TCMD-SS\data\raw\hirise_v3_2\map-proj-v3_2\PSP_010021_1835_RED-0091.jpg
map-proj-v3_2/ESP_034590_1795_RED-0196.jpg,ok,,JPEG,227.0,227.0,L,1.0,1.0,normal,crater,train,esp_034590_1795_red-0196,[],1fc8bcb6da783a6287ad4d3871bac4a5e6508d263a6ba7e1f8a25d1c4f4b9003,4f97d23cf8c49845731b93a3ffd90ef0997c56b24cc50a1ca8ef62e7d868ebf7,da96acd81a6367c2,80.94430320790235,16.930564922921576,af3d627fd456a400,[],1.0,esp_034590_1795,['train'],2.0,Counter({'train': 2}),train,c55dd6c553dead7b,True,hirise_clean,0,C:\Users\deves\OneDrive\Desktop\Projects\TCMD-SS\data\raw\hirise_v3_2\map-proj-v3_2\ESP_034590_1795_RED-0196.jpg
map-proj-v3_2/ESP_012307_0940_RED-0005.jpg,ok,,JPEG,227.0,227.0,L,1.0,1.0,normal,swiss cheese,train,esp_012307_0940_red-0005,[],21cd8682afc9d8533bcd619d92368eb176020743d82e531be3beb26cf313f46d,e1ea8f0633cd95c94492ed9d10c91c4d018705338b1c863665a90cdf199c18d9,a704cc64bba1b7e8,87.36726891653244,11.620507805947296,0fc7f0d72fdfd75b,[],6.0,esp_012307_0940,['train'],2.0,Counter({'train': 2}),train,d153f6c561789e4c,True,hirise_clean,0,C:\Users\deves\OneDrive\Desktop\Projects\TCMD-SS\data\raw\hirise_v3_2\map-proj-v3_2\ESP_012307_0940_RED-0005.jpg
map-proj-v3_2/PSP_010021_1835_RED-0064.jpg,ok,,JPEG,227.0,227.0,L,1.0,1.0,normal,other,train,psp_010021_1835_red-0064,[],1be7bbab05f3ff83d62df76197d0af1600a069a3bcd36e650aac5504d50c8e7e,df37aebdbc663e574acb512e475c5a325c0b90a625df1fe0b80da45849f7da89,cab6085b615f94e9,127.27114828543152,22.351719438068063,83e8d2b957f508c3,[],0.0,psp_010021_1835,['train'],1.0,Counter({'train': 1}),train,982712ee1802927d,True,hirise_clean,0,C:\Users\deves\OneDrive\Desktop\Projects\TCMD-SS\data\raw\hirise_v3_2\map-proj-v3_2\PSP_010021_1835_RED-0064.jpg
map-proj-v3_2/ESP_034590_1795_RED-0021.jpg,ok,,JPEG,227.0,227.0,L,1.0,1.0,normal,crater,train,esp_034590_1795_red-0021,[],6c519b42b205d006ff947fd337c679a0ffd4f86ab7fda84ebe8a99853b661494,d7ce053c697a1486fbc4b666c98cdfbed7a819b37ab29387c5e6efa6a269fbbf,cda221d99e24cde3,91.62531778221972,22.04868523888623,d1b3dc8ebe59f80f,[],1.0,esp_034590_1795,['train'],2.0,Counter({'train': 2}),train,c55dd6c553dead7b,True,hirise_clean,0,C:\Users\deves\OneDrive\Desktop\Projects\TCMD-SS\data\raw\hirise_v3_2\map-proj-v3_2\ESP_034590_1795_RED-0021.jpg
map-proj-v3_2/PSP_002804_0930_RED-0023.jpg,ok,,JPEG,227.0,227.0,L,1.0,1.0,normal,swiss cheese,val,psp_002804_0930_red-0023,[],7a401ec7325d49ae16b46acdb0afaa765aff55557b2e270801aae9d93be3fce9,bb7985d8260d8283d0394924cdd24db4df7b7636e89d89d62116647a8ea87ee5,c5b168d304e93a9f,80.93601661200489,41.00299915966538,fca43e1bab358158,[],6.0,psp_002804_0930,['val'],1.0,Counter({'val': 1}),train,fd0db7f1b6955a04,True,hirise_clean,0,C:\Users\deves\OneDrive\Desktop\Projects\TCMD-SS\data\raw\hirise_v3_2\map-proj-v3_2\PSP_002804_0930_RED-0023.jpg
map-proj-v3_2/ESP_017541_1600_RED-0071.jpg,ok,,JPEG,227.0,227.0,L,1.0,1.0,normal,other,train,esp_017541_1600_red-0071,[],29651c5f678be7f5f664f99d42abbfd338611874de9a3359e3ba9a36c4048b39,02a833e6a88d15c8ec3d501467cd079b47996a315aa1d18271d6cff4887f6415,80e89971efc9896b,66.90727551475868,34.212719535354154,30cfe325ca4f4c26,[],0.0,esp_017541_1600,['train'],1.0,Counter({'train': 1}),train,fb7e46b898b3b78e,True,hirise_clean,0,C:\Users\deves\OneDrive\Desktop\Projects\TCMD-SS\data\raw\hirise_v3_2\map-proj-v3_2\ESP_017541_1600_RED-0071.jpg
map-proj-v3_2/ESP_012363_0870_RED-0028.jpg,ok,,JPEG,227.0,227.0,L,1.0,1.0,normal,swiss cheese,train,esp_012363_0870_red-0028,[],592cfecaa863050396619750801241a46d6a381840eac012ed6b4b4f4b51b324,0184af8610458482044d3fd674c74a689239844836cf0e8e36928d5b70cdac52,f407582bc4c3f96c,121.5661278115236,13.950622315141525,8c7417d3f4ecf497,[],6.0,esp_012363_0870,['train'],2.0,Counter({'train': 2}),train,c850ef7b16901864,True,hirise_clean,0,C:\Users\deves\OneDrive\Desktop\Projects\TCMD-SS\data\raw\hirise_v3_2\map-proj-v3_2\ESP_012363_0870_RED-0028.jpg
map-proj-v3_2/ESP_034737_2090_RED-0242.jpg,ok,,JPEG,227.0,227.0,L,1.0,1.0,normal,other,train,esp_034737_2090_red-0242,[],3e3cda419f3a84ac5000697d925a24cfd13c46b72fc0a104b61ffee122000bde,a32b262337f2deed500ca5484a72ee287137a44a69c7d051dbd22b983c3039b2,ccd562722bc38d36,142.68507054280113,13.807755212024787,52c314c67dba8d72,[],0.0,esp_034737_2090,['train'],1.0,Counter({'train': 1}),train,6c50a387440394ea,True,hirise_clean,0,C:\Users\deves\OneDrive\Desktop\Projects\TCMD-SS\data\raw\hirise_v3_2\map-proj-v3_2\ESP_034737_2090_RED-0242.jpg
map-proj-v3_2/ESP_014429_1940_RED-0283.jpg,ok,,JPEG,227.0,227.0,L,1.0,1.0,normal,crater,train,esp_014429_1940_red-0283,[],48695b330119ba9f5f06e0278876b6e4daeb3869842a5f9e09c6fe9254b45802,eecd4194a945d35446d41bc9340c644a64d3cb2f50cd1f2b1d9b0a45aae58e9e,c9a7348939ccdd70,144.79729860855053,16.425357973557126,c35f89f551983a00,[],1.0,esp_014429_1940,['train'],1.0,Counter({'train': 1}),train,6105a7ec37f5123b,True,hirise_clean,0,C:\Users\deves\OneDrive\Desktop\Projects\TCMD-SS\data\raw\hirise_v3_2\map-proj-v3_2\ESP_014429_1940_RED-0283.jpg
map-proj-v3_2/ESP_012215_0935_RED-0171.jpg,ok,,JPEG,227.0,227.0,L,1.0,1.0,normal,swiss cheese,train,esp_012215_0935_red-0171,[],c934189cdf9997c5a3323221b02616282f15d0cc88377e4ee78cb1541eeb15a3,abd540d6205acb8b747269dd0159c4c734eb226bf1b23f12bf86388752199451,f93d888456b5c4e6,103.1233092045256,15.462820192585252,f2f1b11f3f6a8cbc,[],6.0,esp_012215_0935,['train'],2.0,Counter({'train': 2}),train,fd0db7f1b6955a04,True,hirise_clean,0,C:\Users\deves\OneDrive\Desktop\Projects\TCMD-SS\data\raw\hirise_v3_2\map-proj-v3_2\ESP_012215_0935_RED-0171.jpg
map-proj-v3_2/ESP_025758_1475_RED-0148.jpg,ok,,JPEG,227.0,227.0,L,1.0,1.0,normal,other,val,esp_025758_1475_red-0148,[],88b5f30ac8624bc4fc4cc1a09b1e8577fb630108b4783ca540b8bb1b9c14731e,9217426c0f472872871807de449686d524e6508b509cb59fe1ac7a4a6c2fa516,be63cbdc1532a4c1,101.66382037299384,19.03002800548452,f6a013cdea5820fd,[],0.0,esp_025758_1475,['val'],1.0,Counter({'val': 1}),train,7665d7e7795c2195,True,hirise_clean,0,C:\Users\deves\OneDrive\Desktop\Projects\TCMD-SS\data\raw\hirise_v3_2\map-proj-v3_2\ESP_025758_1475_RED-0148.jpg
map-proj-v3_2/ESP_016624_1925_RED-0121.jpg,ok,,JPEG,227.0,227.0,L,1.0,1.0,normal,crater,train,esp_016624_1925_red-0121,[],ff523cbf9b038e58befd64f0137b6fc01b642c5141e162f3ba022d41a0d6b8db,8dc9650b3a8fbbef935296bfec50a5b4afbc2fa8df980d300b1d7cab3ea29ab4,e39f2c8e59b1244d,101.62869452153156,12.474799307190144,3865291daae394c2,[],1.0,esp_016624_1925,['train'],1.0,Counter({'train': 1}),train,77ef49a520fc7afb,True,hirise_clean,0,C:\Users\deves\OneDrive\Desktop\Projects\TCMD-SS\data\raw\hirise_v3_2\map-proj-v3_2\ESP_016624_1925_RED-0121.jpg
map-proj-v3_2/ESP_012284_0910_RED-0008.jpg,ok,,JPEG,227.0,227.0,L,1.0,1.0,normal,swiss cheese,train,esp_012284_0910_red-0008,[],1698abf6fe39f5ade12fa944219c460912ab8ce18611f2e4c0a4efcc6438669f,8b25043cb9350d932de40afd0043afab22674a8c88b2e34be47fb630ae16950b,c5b96e90a4db5689,107.87228550913078,45.45890017727867,a23589a4f9d203e4,[],6.0,esp_012284_0910,['train'],2.0,Counter({'train': 2}),train,3075e17b9c36137c,True,hirise_clean,0,C:\Users\deves\OneDrive\Desktop\Projects\TCMD-SS\data\raw\hirise_v3_2\map-proj-v3_2\ESP_012284_0910_RED-0008.jpg
map-proj-v3_2/PSP_008027_2070_RED-0510.jpg,ok,,JPEG,227.0,227.0,L,1.0,1.0,normal,other,test,psp_008027_2070_red-0510,[],42c01c183538587b0c26f334c6a78a853b27bbef3d5194a811f69dc95d12228b,49c1ecdc5f3b58f0a5bcae8c2a616c51a610e3e747edf3a900f59de63d846110,fc27fac8b6d12c04,139.28207417182557,19.12032265869741,9574527664ddcf53,[],0.0,psp_008027_2070,['test'],1.0,Counter({'test': 1}),train,f05ce6c3a3d5a252,True,hirise_clean,0,C:\Users\deves\OneDrive\Desktop\Projects\TCMD-SS\data\raw\hirise_v3_2\map-proj-v3_2\PSP_008027_2070_RED-0510.jpg
map-proj-v3_2/ESP_012810_0925_RED-0092.jpg,ok,,JPEG,227.0,227.0,L,1.0,1.0,normal,swiss cheese,train,esp_012810_0925_red-0092,[],207afcd9bb22ceffd832c32df4308cabcd68ac5acfc039b09c5aecc74c3000d6,38eb94b349a706fc273de08102a6c4fbc27d8090d7e9c9651d7792865b544980,d9f1a695d15c5252,125.55064138640375,12.36946208116029,0e280701929fbd81,[],6.0,esp_012810_0925,['train'],1.0,Counter({'train': 1}),train,dd45fe812d8c375d,True,hirise_clean,0,C:\Users\deves\OneDrive\Desktop\Projects\TCMD-SS\data\raw\hirise_v3_2\map-proj-v3_2\ESP_012810_0925_RED-0092.jpg
map-proj-v3_2/ESP_017001_1805_RED-0359.jpg,ok,,JPEG,227.0,227.0,L,1.0,1.0,normal,other,test,esp_017001_1805_red-0359,[],19186c639780c3ad1040989f7eaa7b5a4ee93fe435de31b8a9de2b399cfcc8df,a53a6f02a8f1987fb5193226896aa94cc54b8293550a25421eac34a6dbd34e2d,b09ee87ec378c630,86.11323720623338,21.060391019187403,56676219516ca2b9,[],0.0,esp_017001_1805,['test'],1.0,Counter({'test': 1}),train,f03fb3a269199b75,True,hirise_clean,0,C:\Users\deves\OneDrive\Desktop\Projects\TCMD-SS\data\raw\hirise_v3_2\map-proj-v3_2\ESP_017001_1805_RED-0359.jpg
map-proj-v3_2/ESP_034557_1510_RED-0144.jpg,ok,,JPEG,227.0,227.0,L,1.0,1.0,normal,crater,val,esp_034557_1510_red-0144,[],4798f5252f074530941d528bc4dc058f5109555387e836dcfa881a56585f1fd6,2816d0a24e24248b98232a8e26a4a1765a5b3329d96d9b3440d4ebb07810c93e,f3e5840cf9f3260c,133.98816200586077,17.151812960233958,f0fb0f94c45577e8,[],1.0,esp_034557_1510,['val'],1.0,Counter({'val': 1}),train,a507b3899c76af06,True,hirise_clean,0,C:\Users\deves\OneDrive\Desktop\Projects\TCMD-SS\data\raw\hirise_v3_2\map-proj-v3_2\ESP_034557_1510_RED-0144.jpg
map-proj-v3_2/ESP_016572_1875_RED-0167.jpg,ok,,JPEG,227.0,227.0,L,1.0,1.0,normal,other,train,esp_016572_1875_red-0167,[],a893917183ac9d834a78ed407d8094d0be65d7c4c23e352a771e7d88ae27daaf,6d59fdd41478f3d4710851acbc7b6709883090ba1829205cb0a2466c18eb4aea,d22449dbe437d962,201.83518018979603,16.94618046572589,1c430044f9b68c46,[],0.0,esp_016572_1875,['train'],1.0,Counter({'train': 1}),train,c0ff2104a7ae8de6,True,hirise_clean,0,C:\Users\deves\OneDrive\Desktop\Projects\TCMD-SS\data\raw\hirise_v3_2\map-proj-v3_2\ESP_016572_1875_RED-0167.jpg
map-proj-v3_2/PSP_005466_1730_RED-0056.jpg,ok,,JPEG,227.0,227.0,L,1.0,1.0,normal,other,train,psp_005466_1730_red-0056,[],61ea72a5fb2afbad4277b57fd4e2baecbf9e23dbb850a137126d7b33cb020abb,9bd8ecc0362a1df6d8c015446c64902b269709e12ebbbc7d4c75fb0900a23056,8b349fceb32854a3,183.64792641037087,17.025756767478722,955d23edd78e774c,[],0.0,psp_005466_1730,['train'],1.0,Counter({'train': 1}),train,e9b9d25491ddda3a,True,hirise_clean,0,C:\Users\deves\OneDrive\Desktop\Projects\TCMD-SS\data\raw\hirise_v3_2\map-proj-v3_2\PSP_005466_1730_RED-0056.jpg
map-proj-v3_2/ESP_016802_2190_RED-0542.jpg,ok,,JPEG,227.0,227.0,L,1.0,1.0,normal,crater,train,esp_016802_2190_red-0542,[],253f53c749e1aad90187e3813f362bf6d2633f846d373f4dc15b1ea4c4a61399,1c39f3d003b47b62dd678450637b0771d849566c592e90b89272c7a7d96d51f6,ac62598584f61dbd,22.16788604475149,14.64583449461856,527e06bfa27dc5b3,[],1.0,esp_016802_2190,['train'],1.0,Counter({'train': 1}),train,d54859b428dd5c33,True,hirise_clean,0,C:\Users\deves\OneDrive\Desktop\Projects\TCMD-SS\data\raw\hirise_v3_2\map-proj-v3_2\ESP_016802_2190_RED-0542.jpg
map-proj-v3_2/ESP_012298_0930_RED-0040.jpg,ok,,JPEG,227.0,227.0,L,1.0,1.0,normal,swiss cheese,train,esp_012298_0930_red-0040,[],b34e3c2e76dddb561219c610bd4e5ac25d5d5ee4e6f788d87c5095f2f5590d8e,a49ffa77e8df8232003820f8a887fd2f261bfa710386bb412d18d7b0b46677b4,a7c03fe10e64cf38,103.59252071648974,21.570727902126173,0f54abea58ec3602,[],6.0,esp_012298_0930,['train'],2.0,Counter({'train': 2}),train,fd0db7f1b6955a04,True,hirise_clean,0,C:\Users\deves\OneDrive\Desktop\Projects\TCMD-SS\data\raw\hirise_v3_2\map-proj-v3_2\ESP_012298_0930_RED-0040.jpg
map-proj-v3_2/ESP_036987_1825_RED-0204.jpg,ok,,JPEG,227.0,227.0,L,1.0,1.0,normal,other,train,esp_036987_1825_red-0204,[],9b7454eb87a1243740e69b60494ff9b82b658fbcac697f7b00d74323387fe037,ac4e72d3577a46f8cb7d5d6ce5f6f762c961d2d989fdeac78f6b7f9634fab6c7,f4f6f3a86612a126,103.23006462380408,14.574942684502467,8b2459da859da8bb,[],0.0,esp_036987_1825,['train'],1.0,Counter({'train': 1}),train,5480608cf625412c,True,hirise_clean,0,C:\Users\deves\OneDrive\Desktop\Projects\TCMD-SS\data\raw\hirise_v3_2\map-proj-v3_2\ESP_036987_1825_RED-0204.jpg
map-proj-v3_2/PSP_005728_0935_RED-0015.jpg,ok,,JPEG,227.0,227.0,L,1.0,1.0,normal,swiss cheese,train,psp_005728_0935_red-0015,[],be805b30741f488beda509e322988484f2e0daeefeeab0555fc3061879672a37,a1a4df59f27b675064d78629672ad1eacbc9977ed75b12b3299faf2714f0d580,d46e6a24b652a35b,128.681635583846,68.68041300984493,c78d3434befd4dbf,[],6.0,psp_005728_0935,['train'],1.0,Counter({'train': 1}),train,f4d20cb4c69763d4,True,hirise_clean,0,C:\Users\deves\OneDrive\Desktop\Projects\TCMD-SS\data\raw\hirise_v3_2\map-proj-v3_2\PSP_005728_0935_RED-0015.jpg
map-proj-v3_2/ESP_034025_1670_RED-0010.jpg,ok,,JPEG,227.0,227.0,L,1.0,1.0,normal,other,train,esp_034025_1670_red-0010,[],fb8fe62ae679ff61318f22c951f59b37d7ce1ce3881ee36bfc466638b99039e8,4060889d0eade2d391af6c16063d7b9d6a7c34037ff51a868484c3a2a798bca6,eb5a769491672598,27.98402841118593,17.455374359553137,a138282ed2b91ab4,[],0.0,esp_034025_1670,['train'],1.0,Counter({'train': 1}),train,58653c94f6bf2cb5,True,hirise_clean,0,C:\Users\deves\OneDrive\Desktop\Projects\TCMD-SS\data\raw\hirise_v3_2\map-proj-v3_2\ESP_034025_1670_RED-0010.jpg
map-proj-v3_2/ESP_011505_1755_RED-0072.jpg,ok,,JPEG,227.0,227.0,L,1.0,1.0,normal,crater,train,esp_011505_1755_red-0072,[],04cd91f45177dfb9a943155da91b0de3f0bdae56d72aee6d901accd8a14f4c06,82eb4a2fdc2e5cbc52813b58a03186ec9ff4a628d104b0f09aaec7bdc9ae9282,b3860c31b2eb676c,108.85293718100488,16.830487168707773,de62d8c766593f71,[],1.0,esp_011505_1755,['train'],2.0,Counter({'train': 2}),train,ac37582c72eb73f0,True,hirise_clean,0,C:\Users\deves\OneDrive\Desktop\Projects\TCMD-SS\data\raw\hirise_v3_2\map-proj-v3_2\ESP_011505_1755_RED-0072.jpg
map-proj-v3_2/ESP_012810_0925_RED-0129.jpg,ok,,JPEG,227.0,227.0,L,1.0,1.0,normal,swiss cheese,train,esp_012810_0925_red-0129,[],c5fe3e9ed54fccec4779e0b26d5fa7b899c3e12df8fa642353e629620171da06,6fe5193514ad3620384da96e68aa94bd23d0bc4a94e105bbd62bffc8edd14da6,c1f988e533d8ec32,122.77175959168623,18.83421157254918,267e6f6cc4918d30,[],6.0,esp_012810_0925,['train'],1.0,Counter({'train': 1}),train,dd45fe812d8c375d,True,hirise_clean,0,C:\Users\deves\OneDrive\Desktop\Projects\TCMD-SS\data\raw\hirise_v3_2\map-proj-v3_2\ESP_012810_0925_RED-0129.jpg
map-proj-v3_2/PSP_008965_1510_RED-0724.jpg,ok,,JPEG,227.0,227.0,L,1.0,1.0,normal,other,test,psp_008965_1510_red-0724,[],8837edf151dbea0b317714585bdb162c2f7fa01b23033fadfb947a85901065b7,dea3c1931d144dc6f443cd9b429c26e3d7745d74270666052f54349904bc1d94,8d33606fc992b6e4,120.27894971763472,19.416013764358343,555686f0fca8159c,[],0.0,psp_008965_1510,['test'],1.0,Counter({'test': 1}),train,8ec1c87e1acb9e4e,True,hirise_clean,0,C:\Users\deves\OneDrive\Desktop\Projects\TCMD-SS\data\raw\hirise_v3_2\map-proj-v3_2\PSP_008965_1510_RED-0724.jpg
map-proj-v3_2/ESP_013161_1715_RED-0048.jpg,ok,,JPEG,227.0,227.0,L,1.0,1.0,normal,crater,test,esp_013161_1715_red-0048,[],2cd9ddc7edc278992c153f84f68f06c88f38485184ebc0068d77dd1349d31381,98c4f71917f39431089e424968334ab90e9c6a7a191d2660e1ea4df1cf811b27,e3189cf6714c6633,171.50327000329912,16.881821565729673,1907606b87d0b1ce,[],1.0,esp_013161_1715,['test'],1.0,Counter({'test': 1}),train,5fbc3e4e88fe28f2,True,hirise_clean,0,C:\Users\deves\OneDrive\Desktop\Projects\TCMD-SS\data\raw\hirise_v3_2\map-proj-v3_2\ESP_013161_1715_RED-0048.jpg
map-proj-v3_2/ESP_012810_0925_RED-0064.jpg,ok,,JPEG,227.0,227.0,L,1.0,1.0,normal,swiss cheese,train,esp_012810_0925_red-0064,[],4ebb727b48be3b16a4a3da022f1c2907371aed6dd9df49438a5aabe88dd6eb18,0bc9d16bea41626c8798da7ce08f66d5ee8ea459c423f9cd21dde4a8f23ca927,c07b9bcc1f33190e,123.4510081701566,11.800156739827964,fac78eae024cfc4a,[],6.0,esp_012810_0925,['train'],1.0,Counter({'train': 1}),train,dd45fe812d8c375d,True,hirise_clean,0,C:\Users\deves\OneDrive\Desktop\Projects\TCMD-SS\data\raw\hirise_v3_2\map-proj-v3_2\ESP_012810_0925_RED-0064.jpg
map-proj-v3_2/PSP_006615_1910_RED-0158.jpg,ok,,JPEG,227.0,227.0,L,1.0,1.0,normal,other,val,psp_006615_1910_red-0158,[],f2163f365c34d21ceca89545055d6e360f96a99feccc1a82317e7cd0dd47f944,d53172249fac2c1a388fc0f5b228207e02e6e12668074333e99a2e5f3e0a19dc,cf8e93921a0d3d27,138.38467658988142,22.96410444519213,67301bbea6c15e79,[],0.0,psp_006615_1910,['val'],1.0,Counter({'val': 1}),train,038fe7e62470ab5e,True,hirise_clean,0,C:\Users\deves\OneDrive\Desktop\Projects\TCMD-SS\data\raw\hirise_v3_2\map-proj-v3_2\PSP_006615_1910_RED-0158.jpg
map-proj-v3_2/ESP_011386_2065_RED-0110.jpg,ok,,JPEG,227.0,227.0,L,1.0,1.0,normal,crater,train,esp_011386_2065_red-0110,[],0835745fe98d66322e570ad12fe2bd7b008bf688ee248e5ef5fd359269003686,b3401220af82256e5e2e038279e3f0b794838349682e062b8a1c225ca6e2fd88,b3a0ec7393cce470,143.2272700809253,14.39712242229755,86bbc1ff6d1b775b,[],1.0,esp_011386_2065,['train'],1.0,Counter({'train': 1}),train,6bf4b77f24a762fb,True,hirise_clean,0,C:\Users\deves\OneDrive\Desktop\Projects\TCMD-SS\data\raw\hirise_v3_2\map-proj-v3_2\ESP_011386_2065_RED-0110.jpg
map-proj-v3_2/ESP_012810_0925_RED-0095.jpg,ok,,JPEG,227.0,227.0,L,1.0,1.0,normal,swiss cheese,train,esp_012810_0925_red-0095,[],fe1f2332904655c495e7c6647d2b88b844de76256575e2fb090f01d7bdc01522,739af6caea9b33b1cf40c76c28de81a369b8dd3854d29facca9638c2582fec53,dbda08e83f893c07,126.39564128937104,14.891118382588571,570f814e58c3d285,[],6.0,esp_012810_0925,['train'],1.0,Counter({'train': 1}),train,dd45fe812d8c375d,True,hirise_clean,0,C:\Users\deves\OneDrive\Desktop\Projects\TCMD-SS\data\raw\hirise_v3_2\map-proj-v3_2\ESP_012810_0925_RED-0095.jpg
map-proj-v3_2/ESP_016572_1875_RED-0011.jpg,ok,,JPEG,227.0,227.0,L,1.0,1.0,normal,other,train,esp_016572_1875_red-0011,[],85994d0c0c53528c75c9de79956c77443f2551ec8266df8b5c0e6267b094cbf6,0ad61ef3c8377b15e6c104141f9ba9cc0cf28a5607529368ad160670313ab05c,e1cf989734a5892b,185.71233674241688,18.366205119496776,43b59722b6158c42,[],0.0,esp_016572_1875,['train'],1.0,Counter({'train': 1}),train,c0ff2104a7ae8de6,True,hirise_clean,0,C:\Users\deves\OneDrive\Desktop\Projects\TCMD-SS\data\raw\hirise_v3_2\map-proj-v3_2\ESP_016572_1875_RED-0011.jpg
map-proj-v3_2/ESP_017541_1600_RED-0207.jpg,ok,,JPEG,227.0,227.0,L,1.0,1.0,normal,crater,train,esp_017541_1600_red-0207,[],7152f5c1835d23a1a19f68201db5cbeda42fd84f03632c43edf0d2ac5c978c10,a916011b052a6672a1f781631e65a8b229b8784de098f82c7db7f9e783cd89d8,e9d234f931664c99,91.25870868831144,20.511784388781383,e5f18e681993958a,[],1.0,esp_017541_1600,['train'],1.0,Counter({'train': 1}),train,fb7e46b898b3b78e,True,hirise_clean,0,C:\Users\deves\OneDrive\Desktop\Projects\TCMD-SS\data\raw\hirise_v3_2\map-proj-v3_2\ESP_017541_1600_RED-0207.jpg
map-proj-v3_2/ESP_012810_0925_RED-0042.jpg,ok,,JPEG,227.0,227.0,L,1.0,1.0,normal,swiss cheese,train,esp_012810_0925_red-0042,[],636215951a359e32efef1962e84eee85c9a97ebf5744103702887a77da35a263,b2ac1a78d749c60b285d611ce568f0504f7ada173e006503eea2817b89dce487,f13c92ca223792ed,124.448116594539,12.115728847875976,c4d23c4ee38905b0,[],6.0,esp_012810_0925,['train'],1.0,Counter({'train': 1}),train,dd45fe812d8c375d,True,hirise_clean,0,C:\Users\deves\OneDrive\Desktop\Projects\TCMD-SS\data\raw\hirise_v3_2\map-proj-v3_2\ESP_012810_0925_RED-0042.jpg
map-proj-v3_2/ESP_019263_2650_RED-0002.jpg,ok,,JPEG,227.0,227.0,L,1.0,1.0,normal,other,train,esp_019263_2650_red-0002,[],a7a9ade2d1549b2ad590ad10e4597fbb8f268b8060681aad724c844a90057dc8,00462b97a5686a473374d6432fa53f73d86b715b1a0d10b76e70798b69462e45,9c0747a7030f5b3b,62.707116381066974,13.434739439398106,62291cd87cf46ec4,[],0.0,esp_019263_2650,['train'],1.0,Counter({'train': 1}),train,39b89c61d61d6e27,True,hirise_clean,0,C:\Users\deves\OneDrive\Desktop\Projects\TCMD-SS\data\raw\hirise_v3_2\map-proj-v3_2\ESP_019263_2650_RED-0002.jpg
map-proj-v3_2/ESP_034737_2090_RED-0173.jpg,ok,,JPEG,227.0,227.0,L,1.0,1.0,normal,crater,train,esp_034737_2090_red-0173,[],815c3b8956910959e9722d1d51b00a7c9e3452059c87e1eb166d71fe5fca5c99,960271c5ed8738cee39512c0cbd64b709a9809b1c611a41ef02a8013584224c6,867419db64669bac,126.54689592268431,16.084289204539154,674ec8382511abf7,[],1.0,esp_034737_2090,['train'],1.0,Counter({'train': 1}),train,6c50a387440394ea,True,hirise_clean,0,C:\Users\deves\OneDrive\Desktop\Projects\TCMD-SS\data\raw\hirise_v3_2\map-proj-v3_2\ESP_034737_2090_RED-0173.jpg
map-proj-v3_2/PSP_005728_0935_RED-0023.jpg,ok,,JPEG,227.0,227.0,L,1.0,1.0,normal,swiss cheese,train,psp_005728_0935_red-0023,[],44a6a896a693be9498c1126f0b6ee2b08a544896f6243d7e4003cecc0728e9d2,636fbea063e96929357298e2e1b37d84c61f688887f957b5126579ea574ba4ee,8aae664696d9cad8,168.69873275243066,23.20203850439759,829ef44ca44925bf,[],6.0,psp_005728_0935,['train'],1.0,Counter({'train': 1}),train,f4d20cb4c69763d4,True,hirise_clean,0,C:\Users\deves\OneDrive\Desktop\Projects\TCMD-SS\data\raw\hirise_v3_2\map-proj-v3_2\PSP_005728_0935_RED-0023.jpg
map-proj-v3_2/ESP_029014_2150_RED-0547.jpg,ok,,JPEG,227.0,227.0,L,1.0,1.0,normal,other,train,esp_029014_2150_red-0547,[],acac81d9679b6d46a3ee211562cd545d76c02c797b2db38f72467e3237164a21,9582ff71b3cd9e506176549174278a7e1d5cd7b85165b328c8114fd684860d5c,e3b918a6bc3824e7,125.36379514448174,19.41659043423766,350ea813f731513b,[],0.0,esp_029014_2150,['train'],1.0,Counter({'train': 1}),train,8a3c833fbfa12cda,True,hirise_clean,0,C:\Users\deves\OneDrive\Desktop\Projects\TCMD-SS\data\raw\hirise_v3_2\map-proj-v3_2\ESP_029014_2150_RED-0547.jpg
map-proj-v3_2/ESP_018931_1905_RED-0064.jpg,ok,,JPEG,227.0,227.0,L,1.0,1.0,normal,crater,train,esp_018931_1905_red-0064,[],0cf85b11b7d6e744d58a4ddc7f312ce27bd41b324fd2740facc5a02c3f75b588,212c264010f7a19624946ceffe303997d287496a3bb704d54baaf9d278227c7d,83e1e6e99966c698,96.43119408488424,54.82657807085233,628aea274faf7b19,[],1.0,esp_018931_1905,['train'],1.0,Counter({'train': 1}),train,50f965e63432c45b,True,hirise_clean,0,C:\Users\deves\OneDrive\Desktop\Projects\TCMD-SS\data\raw\hirise_v3_2\map-proj-v3_2\ESP_018931_1905_RED-0064.jpg
map-proj-v3_2/ESP_012637_0935_RED-0053.jpg,ok,,JPEG,227.0,227.0,L,1.0,1.0,normal,swiss cheese,train,esp_012637_0935_red-0053,[],cb8d2066d907b790a9a8f5654d1a25e5cf607d6a1f9f0567258a9214e85e35c6,7970f95fbf4d3177fc40698d40c127b682b6d10b4f1c557c1ad5167202fc1455,f515d97b416c5521,119.97803178792525,18.49511880964061,3fb153a2fe25b839,[],6.0,esp_012637_0935,['train'],2.0,Counter({'train': 2}),train,fd0db7f1b6955a04,True,hirise_clean,0,C:\Users\deves\OneDrive\Desktop\Projects\TCMD-SS\data\raw\hirise_v3_2\map-proj-v3_2\ESP_012637_0935_RED-0053.jpg
map-proj-v3_2/ESP_030082_1615_RED-0596.jpg,ok,,JPEG,227.0,227.0,L,1.0,1.0,normal,other,val,esp_030082_1615_red-0596,[],58ba85007b9bf9ab531cc5b15c122aa9575c264d2335ad344f8828ea928f9d2b,72577352a236e8d11b79a9e57fe67ad699778952514179f7da1a476f2f73061c,c03f2731390a3f6e,74.6964427797939,32.76861986569431,8d8e9eb3ddac5286,[],0.0,esp_030082_1615,['val'],1.0,Counter({'val': 1}),train,14f5ef8820a7a84a,True,hirise_clean,0,C:\Users\deves\OneDrive\Desktop\Projects\TCMD-SS\data\raw\hirise_v3_2\map-proj-v3_2\ESP_030082_1615_RED-0596.jpg
map-proj-v3_2/ESP_012652_0950_RED-0143.jpg,ok,,JPEG,227.0,227.0,L,1.0,1.0,normal,swiss cheese,val,esp_012652_0950_red-0143,[],77e759cc96e41aef67f3ed876206d1149e3bd580239647b863c4c40fd491a635,4b01769d88284592bb9b6e33f98e42313ac590507d2b0cc361c61db12fe965cb,bcd6f0f8182cda43,72.50554056938812,14.32216698539948,c6e2e2165084ef4e,[],6.0,esp_012652_0950,['val'],2.0,Counter({'val': 2}),train,c50d4aa09fb62293,True,hirise_clean,0,C:\Users\deves\OneDrive\Desktop\Projects\TCMD-SS\data\raw\hirise_v3_2\map-proj-v3_2\ESP_012652_0950_RED-0143.jpg
map-proj-v3_2/PSP_010461_1845_RED-0154.jpg,ok,,JPEG,227.0,227.0,L,1.0,1.0,normal,other,val,psp_010461_1845_red-0154,[],191e92489741d4a709a04a366d6a73ad20e40a92d566d1e3fbb7079882899f70,f05abe44befc336d5212085a2b4b800ebdff52acf114b198360645ac1dd87c7f,e376b4435b891c2e,185.48768654544045,18.39072903236008,c6cc3799139e510b,[],0.0,psp_010461_1845,['val'],1.0,Counter({'val': 1}),train,f49280728816569d,True,hirise_clean,0,C:\Users\deves\OneDrive\Desktop\Projects\TCMD-SS\data\raw\hirise_v3_2\map-proj-v3_2\PSP_010461_1845_RED-0154.jpg
map-proj-v3_2/ESP_016607_2080_RED-0171.jpg,ok,,JPEG,227.0,227.0,L,1.0,1.0,normal,crater,val,esp_016607_2080_red-0171,[],63abfa0fc35e03ce4dfeb85b5c907472a78878e62011e1135d147381f6b38c91,3df68f3b300e52c5eabfbf9fbfe01446163aba4656da088833831724b687e045,9906ecf9138ecc33,141.26404548894797,15.720668699043118,50be64b126199f30,[],1.0,esp_016607_2080,['val'],1.0,Counter({'val': 1}),train,a94c9b1b3775c694,True,hirise_clean,0,C:\Users\deves\OneDrive\Desktop\Projects\TCMD-SS\data\raw\hirise_v3_2\map-proj-v3_2\ESP_016607_2080_RED-0171.jpg
map-proj-v3_2/ESP_012810_0925_RED-0061.jpg,ok,,JPEG,227.0,227.0,L,1.0,1.0,normal,swiss cheese,train,esp_012810_0925_red-0061,[],c7a996f3e270d0c35e2186c77012ea1ed411520b2170fc311ac462196538bff2,6a6be4c2ab0df25931d988c107b237aed7d6151b0b506f4dca3fc28e7fe28674,988bc731c8af46f2,124.9117390207456,13.139094670096569,3da5cb92124667f7,[],6.0,esp_012810_0925,['train'],1.0,Counter({'train': 1}),train,dd45fe812d8c375d,True,hirise_clean,0,C:\Users\deves\OneDrive\Desktop\Projects\TCMD-SS\data\raw\hirise_v3_2\map-proj-v3_2\ESP_012810_0925_RED-0061.jpg
map-proj-v3_2/ESP_028208_1950_RED-0083.jpg,ok,,JPEG,227.0,227.0,L,1.0,1.0,normal,other,val,esp_028208_1950_red-0083,[],55046e1f5903688bd52ead52f4e9058485336a5f04b5ae350cc1cd742b679c62,3d1e986f520eb0ec748b0835407dbf2fe3664c421b0c2def7d3690eb7de140f5,ab8aa0bddb017a8e,85.56213006268315,18.116190070037764,0163a14d221687d9,[],0.0,esp_028208_1950,['val'],1.0,Counter({'val': 1}),train,caa31345d8c9fb0e,True,hirise_clean,0,C:\Users\deves\OneDrive\Desktop\Projects\TCMD-SS\data\raw\hirise_v3_2\map-proj-v3_2\ESP_028208_1950_RED-0083.jpg
map-proj-v3_2/ESP_028196_1840_RED-0500.jpg,ok,,JPEG,227.0,227.0,L,1.0,1.0,normal,crater,train,esp_028196_1840_red-0500,[],84bfb97c8109a4098b990e5a2ea997840485368834bf542cc07f3b953e6951cc,17dfd3b918e2edb1eabcdbf385b26b577cad483ac9049b68aca2ed4cea8dfb20,b9b684993366cd13,137.5774806419686,16.496045682306043,403a720f0ad8f62a,[],1.0,esp_028196_1840,['train'],1.0,Counter({'train': 1}),train,27d4cddfac4d7248,True,hirise_clean,0,C:\Users\deves\OneDrive\Desktop\Projects\TCMD-SS\data\raw\hirise_v3_2\map-proj-v3_2\ESP_028196_1840_RED-0500.jpg
map-proj-v3_2/ESP_034025_1670_RED-0076.jpg,ok,,JPEG,227.0,227.0,L,1.0,1.0,normal,other,train,esp_034025_1670_red-0076,[],144ffed02766e041cab8ae33c5e1db9db8dc9fddcfb6ad6ca3d62b5782bdf0cc,0bf731f959073d8c2b707a0cde0e61a343e00286919585ae7647092e5bcb05ea,cd9636f9d181a307,43.21937161598324,17.068659401219406,4e4dfec0faee9c4b,[],0.0,esp_034025_1670,['train'],1.0,Counter({'train': 1}),train,58653c94f6bf2cb5,True,hirise_clean,0,C:\Users\deves\OneDrive\Desktop\Projects\TCMD-SS\data\raw\hirise_v3_2\map-proj-v3_2\ESP_034025_1670_RED-0076.jpg
map-proj-v3_2/ESP_016607_2080_RED-0028.jpg,ok,,JPEG,227.0,227.0,L,1.0,1.0,normal,crater,val,esp_016607_2080_red-0028,[],017f67dadf1826ac2f493a8175bd9b4cc4459f2effaf2a9779169e7a87f129f0,778c84d573628ad8a21739b6c8423a6898fd92536a092c270d28c30268bfe32a,8de970e28d01f65e,133.44091676531662,11.79209198690472,f6267c56bdbd32f3,[],1.0,esp_016607_2080,['val'],1.0,Counter({'val': 1}),train,a94c9b1b3775c694,True,hirise_clean,0,C:\Users\deves\OneDrive\Desktop\Projects\TCMD-SS\data\raw\hirise_v3_2\map-proj-v3_2\ESP_016607_2080_RED-0028.jpg
map-proj-v3_2/ESP_012637_0935_RED-0248.jpg,ok,,JPEG,227.0,227.0,L,1.0,1.0,normal,swiss cheese,train,esp_012637_0935_red-0248,[],822517d49f32649bac68c91a124d2744758df387f75c46bf0a4b4e147b1bfec0,22819d361cfe1f7029c7f5d5cd981a0ed8d00269f1417eaf9939b26131b88f95,8672d84cb6d17c93,121.51384657183334,15.64644247339378,cc7065990b0b8353,[],6.0,esp_012637_0935,['train'],2.0,Counter({'train': 2}),train,fd0db7f1b6955a04,True,hirise_clean,0,C:\Users\deves\OneDrive\Desktop\Projects\TCMD-SS\data\raw\hirise_v3_2\map-proj-v3_2\ESP_012637_0935_RED-0248.jpg
map-proj-v3_2/PSP_008965_1510_RED-0186.jpg,ok,,JPEG,227.0,227.0,L,1.0,1.0,normal,other,test,psp_008965_1510_red-0186,[],ac87aa923c377dbf1c6c83cf655056df586464d0c049e282144dfbb2b3edaf59,216ddfc1eace562a320198a509280f0e036d25358e09386d08740728ee390d10,eacd9962dc387186,118.79066156921346,17.937621080865124,d7de031b719b4c36,[],0.0,psp_008965_1510,['test'],1.0,Counter({'test': 1}),train,8ec1c87e1acb9e4e,True,hirise_clean,0,C:\Users\deves\OneDrive\Desktop\Projects\TCMD-SS\data\raw\hirise_v3_2\map-proj-v3_2\PSP_008965_1510_RED-0186.jpg
map-proj-v3_2/PSP_007489_1965_RED-0015.jpg,ok,,JPEG,227.0,227.0,L,1.0,1.0,normal,crater,test,psp_007489_1965_red-0015,[],36c630ceed333cd677e117b899045668302ab6c7534203a0eea99e07dabf889c,d48bb25a9285aa671e53c91af729a13153bc21895550d9f6fcabf9d98665df27,84645b9fa563e465,163.9485920549593,11.350826003112266,c26da272108eb811,[],1.0,psp_007489_1965,['test'],1.0,Counter({'test': 1}),train,9704981069368e8e,True,hirise_clean,0,C:\Users\deves\OneDrive\Desktop\Projects\TCMD-SS\data\raw\hirise_v3_2\map-proj-v3_2\PSP_007489_1965_RED-0015.jpg
map-proj-v3_2/ESP_012810_0925_RED-0021.jpg,ok,,JPEG,227.0,227.0,L,1.0,1.0,normal,swiss cheese,train,esp_012810_0925_red-0021,[],65f1ffbb482f133a674788fc16835e73ec1bec5a02eeec60e893c923c9ffffb4,6e1f421084348231166016103795aa7ed231b59ee0fcef912553fd543a1257b7,9f010c263b19f3f9,127.4605950047546,16.35730231474716,d6c7a77588a510b3,[],6.0,esp_012810_0925,['train'],1.0,Counter({'train': 1}),train,dd45fe812d8c375d,True,hirise_clean,0,C:\Users\deves\OneDrive\Desktop\Projects\TCMD-SS\data\raw\hirise_v3_2\map-proj-v3_2\ESP_012810_0925_RED-0021.jpg
map-proj-v3_2/ESP_018731_1770_RED-0039.jpg,ok,,JPEG,227.0,227.0,L,1.0,1.0,normal,other,train,esp_018731_1770_red-0039,[],a9d90f8d51c65dcd66ccde3f8e1cdd0bfbc2828f70ba56faffd11659c39cc963,6f15f92aecf3f894cd2ecd00453e9f91b1b4ff3a854c9ec89161de16ee0b7831,e1cf9826c6c93933,117.49859302528674,14.862044324555786,806213a33181253b,[],0.0,esp_018731_1770,['train'],1.0,Counter({'train': 1}),train,b1ee345e2d208590,True,hirise_clean,0,C:\Users\deves\OneDrive\Desktop\Projects\TCMD-SS\data\raw\hirise_v3_2\map-proj-v3_2\ESP_018731_1770_RED-0039.jpg
map-proj-v3_2/ESP_013799_1755_RED-0033.jpg,ok,,JPEG,227.0,227.0,L,1.0,1.0,normal,crater,test,esp_013799_1755_red-0033,[],f52a43a9f62bcd86cc7048a727ea8e0e5d0bf80f4a6da6b7166b2d4acdf1d24b,3f0635c7bfe8e459f5f1abb704f33fad55bc10f09d7bb382ef5f23c74a65b9b2,a3fa8c263399cc72,154.58413708785343,21.98377432102616,acf2eeb6bb57b9ee,[],1.0,esp_013799_1755,['test'],1.0,Counter({'test': 1}),train,a883b80d6bcaf24e,True,hirise_clean,0,C:\Users\deves\OneDrive\Desktop\Projects\TCMD-SS\data\raw\hirise_v3_2\map-proj-v3_2\ESP_013799_1755_RED-0033.jpg
map-proj-v3_2/ESP_012810_0925_RED-0096.jpg,ok,,JPEG,227.0,227.0,L,1.0,1.0,normal,swiss cheese,train,esp_012810_0925_red-0096,[],1c2ac2ab104448ccef5e6dcf8d16486e1748c57d531579acaa3cc21423866e5e,32dce603a2a0b240107a3520a301ebaab40919542ac8d65fd943387e148f8414,a38141c8d87c36ff,123.544819422073,13.86237482414883,b0673dba50919a7b,[],6.0,esp_012810_0925,['train'],1.0,Counter({'train': 1}),train,dd45fe812d8c375d,True,hirise_clean,0,C:\Users\deves\OneDrive\Desktop\Projects\TCMD-SS\data\raw\hirise_v3_2\map-proj-v3_2\ESP_012810_0925_RED-0096.jpg
map-proj-v3_2/PSP_003703_2035_RED-0101.jpg,ok,,JPEG,227.0,227.0,L,1.0,1.0,normal,other,train,psp_003703_2035_red-0101,[],0979070cea42137a40a7bb8ec1add20587e58e3e47c0eeb0a8390c5beb5f3f42,e7aeb4c3d2c74c1673492ad171cd2b5908bc0f9765b7c9232ba1586508904166,c708f316f80ee276,148.48811348949135,18.142652341565835,9716d598ac08bbe7,[],0.0,psp_003703_2035,['train'],1.0,Counter({'train': 1}),train,77e968939bd59ef1,True,hirise_clean,0,C:\Users\deves\OneDrive\Desktop\Projects\TCMD-SS\data\raw\hirise_v3_2\map-proj-v3_2\PSP_003703_2035_RED-0101.jpg
map-proj-v3_2/ESP_034557_1510_RED-0382.jpg,ok,,JPEG,227.0,227.0,L,1.0,1.0,normal,crater,val,esp_034557_1510_red-0382,[],9f3757dfb36f105ad16885f2451b3f3733cc23c2c4f1dd070578671d4cf7cf22,bcccc22310b19a0470b31f15303144d1e0bb1089de4eb5ea73545d236c2d0ce8,e6c8b932664cd993,118.7648508606804,16.37847647384569,a639d77320d31211,[],1.0,esp_034557_1510,['val'],1.0,Counter({'val': 1}),train,a507b3899c76af06,True,hirise_clean,0,C:\Users\deves\OneDrive\Desktop\Projects\TCMD-SS\data\raw\hirise_v3_2\map-proj-v3_2\ESP_034557_1510_RED-0382.jpg
map-proj-v3_2/ESP_012810_0925_RED-0093.jpg,ok,,JPEG,227.0,227.0,L,1.0,1.0,normal,swiss cheese,train,esp_012810_0925_red-0093,[],f8df9849a093d26127c2a830e42d8a6fd8c32b5e456df6f2aca94bdecf335e62,54d049e89283d8b0795d8f8c8cabff838aaaffd23c32c1e1c3eb2edda342b948,96c4352e363b3339,130.4006481786955,16.323726350431304,73a79dcf6b4edcb9,[],6.0,esp_012810_0925,['train'],1.0,Counter({'train': 1}),train,dd45fe812d8c375d,True,hirise_clean,0,C:\Users\deves\OneDrive\Desktop\Projects\TCMD-SS\data\raw\hirise_v3_2\map-proj-v3_2\ESP_012810_0925_RED-0093.jpg
map-proj-v3_2/ESP_017001_1805_RED-0392.jpg,ok,,JPEG,227.0,227.0,L,1.0,1.0,normal,other,test,esp_017001_1805_red-0392,[],f22a174809a4fc309b60320d8d612a524693030da2afff8e11e510c17402f220,0a018b7af15d0ee59952df50d6479c1250a7a760206320b4cfb5e6c57c9f13bb,fd2f1a508d645749,162.01996933765452,9.531002139161304,15d5f7571440df6e,[],0.0,esp_017001_1805,['test'],1.0,Counter({'test': 1}),train,f03fb3a269199b75,True,hirise_clean,0,C:\Users\deves\OneDrive\Desktop\Projects\TCMD-SS\data\raw\hirise_v3_2\map-proj-v3_2\ESP_017001_1805_RED-0392.jpg
map-proj-v3_2/ESP_016802_2190_RED-0087.jpg,ok,,JPEG,227.0,227.0,L,1.0,1.0,normal,crater,train,esp_016802_2190_red-0087,[],ca8b91c7046a3083d0933234c2ed1ad4e52b3ee24586b9fdf640f02523358072,68dd71e4f0505c30e9fa463f164f2c208c9af33f4c7d5cd3e1e9f890bf0e7e55,8fc364cccc9b3866,96.72949213064489,57.9525329710301,7ac6c2c9ff3a0bca,[],1.0,esp_016802_2190,['train'],1.0,Counter({'train': 1}),train,d54859b428dd5c33,True,hirise_clean,0,C:\Users\deves\OneDrive\Desktop\Projects\TCMD-SS\data\raw\hirise_v3_2\map-proj-v3_2\ESP_016802_2190_RED-0087.jpg
map-proj-v3_2/ESP_012637_0935_RED-0107.jpg,ok,,JPEG,227.0,227.0,L,1.0,1.0,normal,swiss cheese,train,esp_012637_0935_red-0107,[],540b473a0dc33a6ea51c1017a1ba700d03da9ab0856ff97db90a94d72c3c9b0f,c67473a65af02ddf0fb81e6b7028cc41eaf95f08dc62f6f5f5e5bc6aa3a9c79e,df71195f24881bc9,118.9621766383978,20.32191932039408,fbe35efc434849e5,[],6.0,esp_012637_0935,['train'],2.0,Counter({'train': 2}),train,fd0db7f1b6955a04,True,hirise_clean,0,C:\Users\deves\OneDrive\Desktop\Projects\TCMD-SS\data\raw\hirise_v3_2\map-proj-v3_2\ESP_012637_0935_RED-0107.jpg
map-proj-v3_2/PSP_003703_2035_RED-0182.jpg,ok,,JPEG,227.0,227.0,L,1.0,1.0,normal,crater,train,psp_003703_2035_red-0182,[],ed744fe508689e500a63a92e7b3cae507828c59a31e729c7c688d93661edd728,82ce9e16111335aa6975ecc08a560d62b7b0684ee79eb5c05935411aafca5a5c,aea3b01dc63037d9,141.465776553009,17.43671317502525,ba5a9c2a4091c845,[],1.0,psp_003703_2035,['train'],1.0,Counter({'train': 1}),train,77e968939bd59ef1,True,hirise_clean,0,C:\Users\deves\OneDrive\Desktop\Projects\TCMD-SS\data\raw\hirise_v3_2\map-proj-v3_2\PSP_003703_2035_RED-0182.jpg
map-proj-v3_2/ESP_012810_0925_RED-0033.jpg,ok,,JPEG,227.0,227.0,L,1.0,1.0,normal,swiss cheese,train,esp_012810_0925_red-0033,[],eb47bc71d249b52d0132e6d3f872cf90b34c2be9f726c24e97af18096ee5639e,4c64579ea99c2b66b12300f03afacd722e65b3bda54c6a3fb13d308f8d2deb4b,ce2c1379351e05cf,125.11587649673,16.061521225502826,563ce43d8108c6af,[],6.0,esp_012810_0925,['train'],1.0,Counter({'train': 1}),train,dd45fe812d8c375d,True,hirise_clean,0,C:\Users\deves\OneDrive\Desktop\Projects\TCMD-SS\data\raw\hirise_v3_2\map-proj-v3_2\ESP_012810_0925_RED-0033.jpg
map-proj-v3_2/ESP_029014_2150_RED-0634.jpg,ok,,JPEG,227.0,227.0,L,1.0,1.0,normal,other,train,esp_029014_2150_red-0634,[],4315c64a0cac328cc99b1a4eec529d5982b8eeb2eb8352d7b39fa7e356b7b75e,807c0c948e2cc35bb29525383c3f94c62c64e4ae618957088c54a849f26b3a02,c0c9dd1e9b65b249,117.39696093461934,20.42730240294588,d7ceff5f52a23d05,[],0.0,esp_029014_2150,['train'],1.0,Counter({'train': 1}),train,8a3c833fbfa12cda,True,hirise_clean,0,C:\Users\deves\OneDrive\Desktop\Projects\TCMD-SS\data\raw\hirise_v3_2\map-proj-v3_2\ESP_029014_2150_RED-0634.jpg
map-proj-v3_2/ESP_034557_1510_RED-0544.jpg,ok,,JPEG,227.0,227.0,L,1.0,1.0,normal,crater,val,esp_034557_1510_red-0544,[],b6e824ff14b3adba27e10a9d6e75a45b8292f238237ad8e22a1280aa40795e2c,1ef670751c43f5c14fbbfd1fedb0599d0457fed75f587876029bf57636b761b3,bb546df304dc9065,113.77428244289624,14.237251424615687,2a61d5fbf9e5f8c0,[],1.0,esp_034557_1510,['val'],1.0,Counter({'val': 1}),train,a507b3899c76af06,True,hirise_clean,0,C:\Users\deves\OneDrive\Desktop\Projects\TCMD-SS\data\raw\hirise_v3_2\map-proj-v3_2\ESP_034557_1510_RED-0544.jpg
map-proj-v3_2/ESP_012558_0950_RED-0080.jpg,ok,,JPEG,227.0,227.0,L,1.0,1.0,normal,swiss cheese,val,esp_012558_0950_red-0080,[],0b03974271e6e4949364bf0ba700e1b53eb8edeee6982a350106e1bf8ba9e4a8,18afe987a760f1d804a0c5c040145f896d3ddd04f0518a387cbcd51e3c1720f1,c567622635523bb9,110.08973587688486,57.267826672307,f4d7f7c90f4d6f2f,[],6.0,esp_012558_0950,['val'],2.0,Counter({'val': 2}),train,fd0db7f1b6955a04,True,hirise_clean,0,C:\Users\deves\OneDrive\Desktop\Projects\TCMD-SS\data\raw\hirise_v3_2\map-proj-v3_2\ESP_012558_0950_RED-0080.jpg
map-proj-v3_2/ESP_018192_1985_RED-0293.jpg,ok,,JPEG,227.0,227.0,L,1.0,1.0,normal,other,test,esp_018192_1985_red-0293,[],6293911f8400ef5c3abfbae5ff17978caad7fdf72417e3fd9ebb7393e7e71a49,35832443c75368905553af3491ac157736e027b2fb1e0a97b8a81df2ab972cf7,f705b64345d3887a,132.16608123580895,21.136780869762926,fffe56ba7fc430ed,[],0.0,esp_018192_1985,['test'],1.0,Counter({'test': 1}),train,eee3231c74babe52,True,hirise_clean,0,C:\Users\deves\OneDrive\Desktop\Projects\TCMD-SS\data\raw\hirise_v3_2\map-proj-v3_2\ESP_018192_1985_RED-0293.jpg
map-proj-v3_2/ESP_016630_1720_RED-0049.jpg,ok,,JPEG,227.0,227.0,L,1.0,1.0,normal,crater,train,esp_016630_1720_red-0049,[],ea50bdf75e97cf57fe1531adcc7c3100ed7d424216d6013974384d4f93ca659e,ddccc6bd862e6e248d6787c5ef32113993e18e232c495669b6965093f67af03d,b319cc13b364cc9b,86.37916513031497,19.866378073855543,f59046afb5f5fc5c,[],1.0,esp_016630_1720,['train'],1.0,Counter({'train': 1}),train,f97a05a287284cd9,True,hirise_clean,0,C:\Users\deves\OneDrive\Desktop\Projects\TCMD-SS\data\raw\hirise_v3_2\map-proj-v3_2\ESP_016630_1720_RED-0049.jpg
map-proj-v3_2/ESP_030082_1615_RED-0314.jpg,ok,,JPEG,227.0,227.0,L,1.0,1.0,normal,other,val,esp_030082_1615_red-0314,[],b63eefc010f114f69e6ce9d9a5cc7317fb5f85b383b24537310f48eaf88162c5,cec9c5d45a2309534f0f7c236fccc568903f279497d2d651508046a0a8ca294b,89b3634e8d39e2e4,70.10287410972462,16.560122163500615,73189cb3cfe9a839,[],0.0,esp_030082_1615,['val'],1.0,Counter({'val': 1}),train,14f5ef8820a7a84a,True,hirise_clean,0,C:\Users\deves\OneDrive\Desktop\Projects\TCMD-SS\data\raw\hirise_v3_2\map-proj-v3_2\ESP_030082_1615_RED-0314.jpg
map-proj-v3_2/ESP_050115_2005_RED-0057.jpg,ok,,JPEG,227.0,227.0,L,1.0,1.0,normal,crater,train,esp_050115_2005_red-0057,[],69d6b461014ef66a9aefa8a49e685e5e96809d004092e0fe9fcbcfe7fb724ecd,7086bd39016f9cb4a03b3d0e387f3a05e17386a8c201c4f0182064c3b3882bb5,d552e3d8ce7319c0,115.4956432300258,46.34843220273288,72d2f2bfcb018968,[],1.0,esp_050115_2005,['train'],2.0,Counter({'train': 2}),train,82236948588ae101,True,hirise_clean,0,C:\Users\deves\OneDrive\Desktop\Projects\TCMD-SS\data\raw\hirise_v3_2\map-proj-v3_2\ESP_050115_2005_RED-0057.jpg
map-proj-v3_2/ESP_012810_0925_RED-0031.jpg,ok,,JPEG,227.0,227.0,L,1.0,1.0,normal,swiss cheese,train,esp_012810_0925_red-0031,[],23d25281e610f0880829e9c04992258d445f0522b6e87699de176ef7d3ef8757,681af5af0542039876b83f0223e2dd3a786a80444e4139d551ee9d5ee3490d51,f53ac0643355f23a,126.5767237866056,19.407066338935053,7805d48ae99ccc83,[],6.0,esp_012810_0925,['train'],1.0,Counter({'train': 1}),train,dd45fe812d8c375d,True,hirise_clean,0,C:\Users\deves\OneDrive\Desktop\Projects\TCMD-SS\data\raw\hirise_v3_2\map-proj-v3_2\ESP_012810_0925_RED-0031.jpg
map-proj-v3_2/ESP_027475_2310_RED-0140.jpg,ok,,JPEG,227.0,227.0,L,1.0,1.0,normal,other,train,esp_027475_2310_red-0140,[],46c139e3a9191c20f03eed98e1aeb6fae183b10819f00e0911ff7fc246e4c33d,60a53554cd1bf26529cbaab54281875d8dcc0505d84788d78b5811c94b19cafe,b52a43fb2630dc72,96.02387005375614,22.65389821179858,c1f9097087418b0a,[],0.0,esp_027475_2310,['train'],1.0,Counter({'train': 1}),train,e1861d4b6a3fdde7,True,hirise_clean,0,C:\Users\deves\OneDrive\Desktop\Projects\TCMD-SS\data\raw\hirise_v3_2\map-proj-v3_2\ESP_027475_2310_RED-0140.jpg
map-proj-v3_2/ESP_028196_1840_RED-0506.jpg,ok,,JPEG,227.0,227.0,L,1.0,1.0,normal,crater,train,esp_028196_1840_red-0506,[],3192af6a587d01c6462f1ce5419fe1ba4d3d4b7e67298866e764070e9f35a568,b4887628617180d568d35376a93d6bbba01bddd85700e7c6615242a25d11ac4b,db846c93b36ccc13,135.32913505016592,17.451958643017086,647741892fd83617,[],1.0,esp_028196_1840,['train'],1.0,Counter({'train': 1}),train,27d4cddfac4d7248,True,hirise_clean,0,C:\Users\deves\OneDrive\Desktop\Projects\TCMD-SS\data\raw\hirise_v3_2\map-proj-v3_2\ESP_028196_1840_RED-0506.jpg
map-proj-v3_2/ESP_012298_0930_RED-0497.jpg,ok,,JPEG,227.0,227.0,L,1.0,1.0,normal,swiss cheese,train,esp_012298_0930_red-0497,[],0256690d0ea04d7fe8be4b6f6bcd62e65fb942be502c8ba6eafbdead4675bd05,5cc9ae9fcbd5dc045a768a1d491088a4c3f8876820ea5bc74451d66d44d52e4f,c52fce99b3471851,100.0740747928351,16.99085549060039,c6556fba2ab0abe2,[],6.0,esp_012298_0930,['train'],2.0,Counter({'train': 2}),train,fd0db7f1b6955a04,True,hirise_clean,0,C:\Users\deves\OneDrive\Desktop\Projects\TCMD-SS\data\raw\hirise_v3_2\map-proj-v3_2\ESP_012298_0930_RED-0497.jpg
map-proj-v3_2/PSP_010587_1620_RED-0142.jpg,ok,,JPEG,227.0,227.0,L,1.0,1.0,normal,other,train,psp_010587_1620_red-0142,[],c53aca9629214fabd96d7fd75c968935431704407a95e772a412c08f78d4e9db,31010f3c7b27c21afdda8e6d1754516cb965ca71fe6116bc397c8bcb7ce2d652,db6d0c6d93390d92,143.78375283820762,94.8856521871118,fb0216a25ace9234,[],0.0,psp_010587_1620,['train'],1.0,Counter({'train': 1}),train,676dcb9cd2e9dcba,True,hirise_clean,0,C:\Users\deves\OneDrive\Desktop\Projects\TCMD-SS\data\raw\hirise_v3_2\map-proj-v3_2\PSP_010587_1620_RED-0142.jpg
map-proj-v3_2/ESP_016730_1960_RED-0509.jpg,ok,,JPEG,227.0,227.0,L,1.0,1.0,normal,crater,train,esp_016730_1960_red-0509,[],04c6b5cf790fce5300135f7e8f1f7a4ce54b9cc13299eaeff1a8470377d2e873,f479df30c9d17cca7e85d4e1959073950fbb3f5e130ed246087449ff81ed0d95,c7b89e7e2107f602,127.68580799161636,20.49408298017176,94cba0caa6654c0d,[],1.0,esp_016730_1960,['train'],1.0,Counter({'train': 1}),train,e0601565561c83a6,True,hirise_clean,0,C:\Users\deves\OneDrive\Desktop\Projects\TCMD-SS\data\raw\hirise_v3_2\map-proj-v3_2\ESP_016730_1960_RED-0509.jpg
map-proj-v3_2/ESP_012810_0925_RED-0038.jpg,ok,,JPEG,227.0,227.0,L,1.0,1.0,normal,swiss cheese,train,esp_012810_0925_red-0038,[],3fb5b10fa5492d5989f97cf8cf79ef869eb3c18ed39acb0c922185bf49eec133,9e72fcbaa2997755ff0e7829ce212755dfcd6d8dfa20323bf547110384872f20,c2782136b595dcda,125.64918783597584,15.18259130013806,ed2689a592103d0d,[],6.0,esp_012810_0925,['train'],1.0,Counter({'train': 1}),train,dd45fe812d8c375d,True,hirise_clean,0,C:\Users\deves\OneDrive\Desktop\Projects\TCMD-SS\data\raw\hirise_v3_2\map-proj-v3_2\ESP_012810_0925_RED-0038.jpg
map-proj-v3_2/ESP_016572_1875_RED-0122.jpg,ok,,JPEG,227.0,227.0,L,1.0,1.0,normal,other,train,esp_016572_1875_red-0122,[],d91b30fcdc26ca5132d003699590533aef8ec003a1b0d7f665880ce2c625818e,5bad644b8a89a66468826a418140503f172ffc43092ca2f16292fb12c1902bda,9e78883743ec7c98,179.34165227347708,17.66547958718104,92a7b5d80da54a09,[],0.0,esp_016572_1875,['train'],1.0,Counter({'train': 1}),train,c0ff2104a7ae8de6,True,hirise_clean,0,C:\Users\deves\OneDrive\Desktop\Projects\TCMD-SS\data\raw\hirise_v3_2\map-proj-v3_2\ESP_016572_1875_RED-0122.jpg
map-proj-v3_2/ESP_034557_1510_RED-0001.jpg,ok,,JPEG,227.0,227.0,L,1.0,1.0,normal,crater,val,esp_034557_1510_red-0001,[],3c8b442becb345b3ff71c9d27b421e5da7d9a6904aea8b4eb772b82b00b55eb3,b62c024513799512270de10a5032bbe6ec3cb0813e5fa747f723426e226eb8e8,b69554a555a65ca9,173.2901861087931,33.90774048469482,1d1a4055a9c019fa,[],1.0,esp_034557_1510,['val'],1.0,Counter({'val': 1}),train,a507b3899c76af06,True,hirise_clean,0,C:\Users\deves\OneDrive\Desktop\Projects\TCMD-SS\data\raw\hirise_v3_2\map-proj-v3_2\ESP_034557_1510_RED-0001.jpg
map-proj-v3_2/ESP_012810_0925_RED-0116.jpg,ok,,JPEG,227.0,227.0,L,1.0,1.0,normal,swiss cheese,train,esp_012810_0925_red-0116,[],1a2a651b4abc1e16c1e9755d9a1bd01cda7df3b538b29bc09c1f1fc47c2e9dd7,9bfba5900669a553d1b10a6a47630d092590bc2a5fe2737512e945d8e6774ed8,83d18a25d6afe0f8,132.59265656232412,15.15890835444491,f40ea84bf2c5a1f1,[],6.0,esp_012810_0925,['train'],1.0,Counter({'train': 1}),train,dd45fe812d8c375d,True,hirise_clean,0,C:\Users\deves\OneDrive\Desktop\Projects\TCMD-SS\data\raw\hirise_v3_2\map-proj-v3_2\ESP_012810_0925_RED-0116.jpg
map-proj-v3_2/ESP_012298_0930_RED-0286.jpg,ok,,JPEG,227.0,227.0,L,1.0,1.0,normal,swiss cheese,train,esp_012298_0930_red-0286,[],739f4f6d61a86241ed86f03fe36c8c03eea48a27c5b06861dc306680c5b2974a,7b67dc61c5339cc13c218e3f1d1ab26c1fa46d9290b1d414f52eb9ddfb9ef838,ac207a64e5ed09f3,102.71967241747366,16.79113805846474,1570f22048f02d0a,[],6.0,esp_012298_0930,['train'],2.0,Counter({'train': 2}),train,fd0db7f1b6955a04,True,hirise_clean,0,C:\Users\deves\OneDrive\Desktop\Projects\TCMD-SS\data\raw\hirise_v3_2\map-proj-v3_2\ESP_012298_0930_RED-0286.jpg
map-proj-v3_2/ESP_035814_1550_RED-0132.jpg,ok,,JPEG,227.0,227.0,L,1.0,1.0,normal,other,test,esp_035814_1550_red-0132,[],8175b098a7a32ec074507acabdc8fc72666adedb6cd542391136873700e9e062,00c6e83079c4a9419638fddb59a7960930e1477c84d3ec57b39ce1f76c27f047,83f036ee4871b3b4,86.28283102718858,45.623622753405066,f677dfe9c52366b4,[],0.0,esp_035814_1550,['test'],1.0,Counter({'test': 1}),train,86a5cd4e2a9e92ab,True,hirise_clean,0,C:\Users\deves\OneDrive\Desktop\Projects\TCMD-SS\data\raw\hirise_v3_2\map-proj-v3_2\ESP_035814_1550_RED-0132.jpg
map-proj-v3_2/ESP_012215_0935_RED-0134.jpg,ok,,JPEG,227.0,227.0,L,1.0,1.0,normal,swiss cheese,train,esp_012215_0935_red-0134,[],2dd92dd088b6a78f02ca542dd296bac4dadc277f7412805f77ca62f92814c46b,4287cbf7335143a774f4c4c2ea7fd1ec3bf6e773a2e6d23c829701fd7ef383f2,aaba12fb1eca6e01,103.79999611869044,19.46846748220501,6a11f15736c79750,[],6.0,esp_012215_0935,['train'],2.0,Counter({'train': 2}),train,fd0db7f1b6955a04,True,hirise_clean,0,C:\Users\deves\OneDrive\Desktop\Projects\TCMD-SS\data\raw\hirise_v3_2\map-proj-v3_2\ESP_012215_0935_RED-0134.jpg
map-proj-v3_2/PSP_005466_1730_RED-0036.jpg,ok,,JPEG,227.0,227.0,L,1.0,1.0,normal,other,train,psp_005466_1730_red-0036,[],415347a0bcd9113ebb30042a814cbb44ad796054acb213466ba9c1f777171c58,cf739e460a6548e3825c7db2485899eed375b47bfa94595a77bf61c89aff4262,eed99b1392763026,143.38325991189427,21.952505015819057,498006710821a94f,[],0.0,psp_005466_1730,['train'],1.0,Counter({'train': 1}),train,e9b9d25491ddda3a,True,hirise_clean,0,C:\Users\deves\OneDrive\Desktop\Projects\TCMD-SS\data\raw\hirise_v3_2\map-proj-v3_2\PSP_005466_1730_RED-0036.jpg
map-proj-v3_2/ESP_034557_1510_RED-0192.jpg,ok,,JPEG,227.0,227.0,L,1.0,1.0,normal,crater,val,esp_034557_1510_red-0192,[],6c1bf0419cc53a461179e99f820bf2ca46815272a96264eaf4b2cc94bcf1e92c,694e7ac3acdc9ebdcbf1b5609e86a331a8ec69b604b80a64c7557673e8d7933b,f01947e78c393387,133.11453744493392,16.270858168963986,2ffd8001f5ac0274,[],1.0,esp_034557_1510,['val'],1.0,Counter({'val': 1}),train,a507b3899c76af06,True,hirise_clean,0,C:\Users\deves\OneDrive\Desktop\Projects\TCMD-SS\data\raw\hirise_v3_2\map-proj-v3_2\ESP_034557_1510_RED-0192.jpg
map-proj-v3_2/ESP_012652_0950_RED-0157.jpg,ok,,JPEG,227.0,227.0,L,1.0,1.0,normal,swiss cheese,val,esp_012652_0950_red-0157,[],f2c6755199856e2a1231850fb432e0195b9d409935482762f2e023c950807b2f,eec6dc1b4c36140c71e34bbc72e995541e9f5b2ef595297b39e191659d78f68a,b92c53f99c823b19,47.01209027926022,37.66587460241211,c4b202909d93e5e9,[],6.0,esp_012652_0950,['val'],2.0,Counter({'val': 2}),train,c50d4aa09fb62293,True,hirise_clean,0,C:\Users\deves\OneDrive\Desktop\Projects\TCMD-SS\data\raw\hirise_v3_2\map-proj-v3_2\ESP_012652_0950_RED-0157.jpg
map-proj-v3_2/ESP_016715_2025_RED-0009.jpg,ok,,JPEG,227.0,227.0,L,1.0,1.0,normal,other,train,esp_016715_2025_red-0009,[],804f032cbd06b9ba2ccd687624cd58e9f1e69882b14f7ad136a277a2bc8080e8,26c533216d0c93cd20dcf47cc2aba2fc422732b8f294c2f288b5d973cb9b066a,d26b9dcc6433194d,138.68353742552736,76.04472001369196,e150d4e785b11dbc,[],0.0,esp_016715_2025,['train'],1.0,Counter({'train': 1}),train,69458dd6183b1830,True,hirise_clean,0,C:\Users\deves\OneDrive\Desktop\Projects\TCMD-SS\data\raw\hirise_v3_2\map-proj-v3_2\ESP_016715_2025_RED-0009.jpg
map-proj-v3_2/ESP_016730_1960_RED-0184.jpg,ok,,JPEG,227.0,227.0,L,1.0,1.0,normal,crater,train,esp_016730_1960_red-0184,[],76322f1eea5b705a4d8748f7b11cdba7e41ed3af3dc0226e4b5733c59efde0ba,6559ac4c7e4ba1db7ae90a5ab3eb35b44806d65d61a20f7093c26f8dec974781,843af982d67672d1,125.73626501581634,22.545695948062235,fa37f272e1ca70ac,[],1.0,esp_016730_1960,['train'],1.0,Counter({'train': 1}),train,e0601565561c83a6,True,hirise_clean,0,C:\Users\deves\OneDrive\Desktop\Projects\TCMD-SS\data\raw\hirise_v3_2\map-proj-v3_2\ESP_016730_1960_RED-0184.jpg
map-proj-v3_2/PSP_002804_0930_RED-0003.jpg,ok,,JPEG,227.0,227.0,L,1.0,1.0,normal,swiss cheese,val,psp_002804_0930_red-0003,[],624ffb28d5f8db964224a9739a9f02433c77cbfd283f6e52ad957045087a3ef0,38064e3ff1b35be3b178249530cf3c7b26a2261b7f5984de52ea246f5cee81ad,de208375dae014fb,88.00970327388461,15.357670525906032,1c07090397157ade,[],6.0,psp_002804_0930,['val'],1.0,Counter({'val': 1}),train,fd0db7f1b6955a04,True,hirise_clean,0,C:\Users\deves\OneDrive\Desktop\Projects\TCMD-SS\data\raw\hirise_v3_2\map-proj-v3_2\PSP_002804_0930_RED-0003.jpg
map-proj-v3_2/ESP_029014_2150_RED-0725.jpg,ok,,JPEG,227.0,227.0,L,1.0,1.0,normal,other,train,esp_029014_2150_red-0725,[],076d99767aed8523bc3d994a2ca53878239e15d335b5cdcc41ee90d90ee1a5dd,74f43386ba7885724ff16c992c7e7899313035dcc31027307694bb796edf1bfc,ea14afb10e6f28a5,124.62114537444934,21.338433108189147,b28560a275d76d7f,[],0.0,esp_029014_2150,['train'],1.0,Counter({'train': 1}),train,8a3c833fbfa12cda,True,hirise_clean,0,C:\Users\deves\OneDrive\Desktop\Projects\TCMD-SS\data\raw\hirise_v3_2\map-proj-v3_2\ESP_029014_2150_RED-0725.jpg
map-proj-v3_2/ESP_016659_1710_RED-0248.jpg,ok,,JPEG,227.0,227.0,L,1.0,1.0,normal,crater,test,esp_016659_1710_red-0248,[],6a11b253ebb0061735ab85ebd3d5e8c3e10aa00d23bf5216dbb2062153c2fc8e,144cb30289a7a3af1ee2c9647b6818d043d29be520653b4eb7bd22690d2ed06e,a1fb84993326ccce,159.44283801354578,15.994619769792951,23ba3322e2128e66,[],1.0,esp_016659_1710,['test'],1.0,Counter({'test': 1}),train,53a50cde7a16c674,True,hirise_clean,0,C:\Users\deves\OneDrive\Desktop\Projects\TCMD-SS\data\raw\hirise_v3_2\map-proj-v3_2\ESP_016659_1710_RED-0248.jpg
map-proj-v3_2/ESP_012810_0925_RED-0076.jpg,ok,,JPEG,227.0,227.0,L,1.0,1.0,normal,swiss cheese,train,esp_012810_0925_red-0076,[],4ff5895209a712bae7a877ae657eeda1c3c7c357c9a0ad88c0732f02d0eb2b35,e905caedecc8597fbb9e7e5649fd12fdec64a1664b5a8a073b6db38adff64971,f59d06623b980f27,125.40879892875856,18.45436108150642,8ed8c3825f185e50,[],6.0,esp_012810_0925,['train'],1.0,Counter({'train': 1}),train,dd45fe812d8c375d,True,hirise_clean,0,C:\Users\deves\OneDrive\Desktop\Projects\TCMD-SS\data\raw\hirise_v3_2\map-proj-v3_2\ESP_012810_0925_RED-0076.jpg
map-proj-v3_2/PSP_008965_1510_RED-0250.jpg,ok,,JPEG,227.0,227.0,L,1.0,1.0,normal,other,test,psp_008965_1510_red-0250,[],889a0666372b88545aa45a1a6f51f95a0bdee09a2704de5927e8d78780719efe,03d1724bc81d721a11a93e0bf7f901c84a5c9abae73c7cf0358d7b7b000ca828,e460901f7f78f870,117.39494265365134,17.615097818000294,5aad4b9967d37a55,[],0.0,psp_008965_1510,['test'],1.0,Counter({'test': 1}),train,8ec1c87e1acb9e4e,True,hirise_clean,0,C:\Users\deves\OneDrive\Desktop\Projects\TCMD-SS\data\raw\hirise_v3_2\map-proj-v3_2\PSP_008965_1510_RED-0250.jpg
map-proj-v3_2/ESP_012282_0955_RED-0058.jpg,ok,,JPEG,227.0,227.0,L,1.0,1.0,normal,swiss cheese,val,esp_012282_0955_red-0058,[],a74b9e2d34c73a6fa3022230ce58b59eb66eff4fa8c320f6c868458836984ce2,d5a81d9ba6333ad20f1f4b6110f7e5c4cf1ef052ec13ad28458ed5d8b816345d,8b63b92dd422732d,72.57781055328067,15.48083954046219,519fcac9b48a7f02,[],6.0,esp_012282_0955,['val'],2.0,Counter({'val': 2}),train,7801a3b8a424003f,True,hirise_clean,0,C:\Users\deves\OneDrive\Desktop\Projects\TCMD-SS\data\raw\hirise_v3_2\map-proj-v3_2\ESP_012282_0955_RED-0058.jpg
map-proj-v3_2/PSP_008932_1645_RED-0205.jpg,ok,,JPEG,227.0,227.0,L,1.0,1.0,normal,other,train,psp_008932_1645_red-0205,[],d916d3745fbd0f888b5cd1e56cd705813ba18b0f7c042bfa9e013a6c22032cfa,61780c18f8279706a3749c7ecd731d05f8f9315cea1c2726f771fc4ee94c3f78,d1ca9a71c3966cc5,44.05930640998273,34.83498741863451,87e61746d2e6a80c,[],0.0,psp_008932_1645,['train'],1.0,Counter({'train': 1}),train,cff81f0fbcdb29c8,True,hirise_clean,0,C:\Users\deves\OneDrive\Desktop\Projects\TCMD-SS\data\raw\hirise_v3_2\map-proj-v3_2\PSP_008932_1645_RED-0205.jpg
map-proj-v3_2/ESP_027564_1655_RED-0043.jpg,ok,,JPEG,227.0,227.0,L,1.0,1.0,normal,crater,test,esp_027564_1655_red-0043,[],c30600a45d49ba2c20a4b3e4d9f748d9e32257baa77b1c4bba009369da133901,2e9aa9f0b2b84c8ca04f6c58a677f18c7feb3519ddaba3a55f84b3214d8002c7,f343cc581323cdda,150.63146965786257,14.699599981251811,6d42f00775a5d2f7,[],1.0,esp_027564_1655,['test'],1.0,Counter({'test': 1}),train,b85e5745b8828e78,True,hirise_clean,0,C:\Users\deves\OneDrive\Desktop\Projects\TCMD-SS\data\raw\hirise_v3_2\map-proj-v3_2\ESP_027564_1655_RED-0043.jpg
map-proj-v3_2/PSP_002804_0930_RED-0036.jpg,ok,,JPEG,227.0,227.0,L,1.0,1.0,normal,swiss cheese,val,psp_002804_0930_red-0036,[],5832af7ab2f474c0c38852ae6fb8dbf5c520a6fa5ac10d3c97dcc7d250a31c71,8daf555b79d96799541cd4fcef2aef4371e7ec345f078503a797223be8d6e9b7,8af52c91ccac8b3b,95.45915892021968,11.746763811816637,d2789b397df17df4,[],6.0,psp_002804_0930,['val'],1.0,Counter({'val': 1}),train,fd0db7f1b6955a04,True,hirise_clean,0,C:\Users\deves\OneDrive\Desktop\Projects\TCMD-SS\data\raw\hirise_v3_2\map-proj-v3_2\PSP_002804_0930_RED-0036.jpg
map-proj-v3_2/ESP_018416_2060_RED-0257.jpg,ok,,JPEG,227.0,227.0,L,1.0,1.0,normal,other,val,esp_018416_2060_red-0257,[],7c193808e2425120026562f5675804d0b93be18f573d80f441716e5f5acd663c,838a6d1c09b3f6f0d4a11ae1f0b46de6c784c2bec4dbfb18fc77b7d1b83ec59c,e60d19f36e810ba7,166.25599177162374,15.373563341511163,ca2b337e9bea5e88,[],0.0,esp_018416_2060,['val'],1.0,Counter({'val': 1}),train,deb5bd200e2850f3,True,hirise_clean,0,C:\Users\deves\OneDrive\Desktop\Projects\TCMD-SS\data\raw\hirise_v3_2\map-proj-v3_2\ESP_018416_2060_RED-0257.jpg
map-proj-v3_2/ESP_019697_2020_RED-0040.jpg,ok,,JPEG,227.0,227.0,L,1.0,1.0,normal,crater,train,esp_019697_2020_red-0040,[],7e0cc845f59531fbd66815b8d2f6283cf296f0b0f646c6aa15585775ee2db69d,7f581248e705db2734ab85f562f593f6a348a49a7ca8235d74b0c9777fd54e78,d1b7a6cf19384543,86.99689495235693,18.617135946301364,92c1044931ed8923,[],1.0,esp_019697_2020,['train'],2.0,Counter({'train': 2}),train,8dc310e95be70b1f,True,hirise_clean,0,C:\Users\deves\OneDrive\Desktop\Projects\TCMD-SS\data\raw\hirise_v3_2\map-proj-v3_2\ESP_019697_2020_RED-0040.jpg
map-proj-v3_2/ESP_012652_0950_RED-0149.jpg,ok,,JPEG,227.0,227.0,L,1.0,1.0,normal,swiss cheese,val,esp_012652_0950_red-0149,[],6c06930c58ba5f9302612b89f89e145bbdb1f76286122008e08d269151794be4,dedbe0dfbb06cf6c765845592c85af27ff15c173db45829a056a3c38d47628cc,b21b0d6472ddc69a,60.47738166857498,36.83310199792294,9a2e2d3edcea024f,[],6.0,esp_012652_0950,['val'],2.0,Counter({'val': 2}),train,c50d4aa09fb62293,True,hirise_clean,0,C:\Users\deves\OneDrive\Desktop\Projects\TCMD-SS\data\raw\hirise_v3_2\map-proj-v3_2\ESP_012652_0950_RED-0149.jpg
map-proj-v3_2/ESP_026225_1710_RED-0093.jpg,ok,,JPEG,227.0,227.0,L,1.0,1.0,normal,other,train,esp_026225_1710_red-0093,[],e8fa87cf355c458aa3fca1ffc90997a02e6e2164b4b4cf5645b29c0566f4dcdd,2386762b4cf57d65929ab08ec5fbf4cf3df2855f04b334ec1685ed85ad392ec2,d5d5cf7af0919120,106.62425042209242,47.42638611283695,713380008190539e,[],0.0,esp_026225_1710,['train'],1.0,Counter({'train': 1}),train,4e4f7e0ea2cec4ad,True,hirise_clean,0,C:\Users\deves\OneDrive\Desktop\Projects\TCMD-SS\data\raw\hirise_v3_2\map-proj-v3_2\ESP_026225_1710_RED-0093.jpg
map-proj-v3_2/ESP_016802_2190_RED-0142.jpg,ok,,JPEG,227.0,227.0,L,1.0,1.0,normal,crater,train,esp_016802_2190_red-0142,[],f69782031f2e64d8f2bc1285434aa964fd94bce954ac04cde32145599ba7113f,6ea8d0a7680025a71d8e31a78a2b1804a1d009b8448e2e8c23313a721d593c9e,b95b06e999662699,122.71660618292611,11.06885732836208,8d108fbce5b7e623,[],1.0,esp_016802_2190,['train'],1.0,Counter({'train': 1}),train,d54859b428dd5c33,True,hirise_clean,0,C:\Users\deves\OneDrive\Desktop\Projects\TCMD-SS\data\raw\hirise_v3_2\map-proj-v3_2\ESP_016802_2190_RED-0142.jpg
