path,status,error,format,width,height,mode,channels,frames,label,class_name,original_split,base_id,augmentations,sha256,pixel_sha256,phash,mean,std,group_id,flags,class_id,source_id,supplied_splits,supplied_row_count,supplied_split_row_counts,assigned_split,split_group_id,is_original,origin,is_anomaly,image_path
map-proj-v3_2/ESP_011623_2100_RED-0001.jpg,ok,,JPEG,227.0,227.0,L,1.0,1.0,normal,other,train,esp_011623_2100_red-0001,[],a813b49ab4c96c486b57ff6c8e33be5a0172ab75a8ad61e2298485137b0832b3,4f4ed9cb2508fe7cdc5e4adc2b018b61808c3e1d3cd58fb9aba711b38c834037,d4aa6ad50de6816b,81.81140716877874,42.912083367369874,5df92d27df10b45a,[],0.0,esp_011623_2100,['train'],1.0,Counter({'train': 1}),val,eb8c04e9d753e391,True,hirise_clean,0,C:\Users\deves\OneDrive\Desktop\Projects\TCMD-SS\data\raw\hirise_v3_2\map-proj-v3_2\ESP_011623_2100_RED-0001.jpg
map-proj-v3_2/ESP_011623_2100_RED-0003.jpg,ok,,JPEG,227.0,227.0,L,1.0,1.0,normal,crater,train,esp_011623_2100_red-0003,[],9e916c9900c76fee968569ff6a738ae220c1d43d1a7ced04625b3c8ffa7b55aa,18c912f2f6b45e91f71dd483d853b71f094dac1f016da13748319c4cd31a37e8,d38d2cd29b4dd40e,76.23910807506452,49.506718659232654,b22e6129d725a9ef,[],1.0,esp_011623_2100,['train'],1.0,Counter({'train': 1}),val,eb8c04e9d753e391,True,hirise_clean,0,C:\Users\deves\OneDrive\Desktop\Projects\TCMD-SS\data\raw\hirise_v3_2\map-proj-v3_2\ESP_011623_2100_RED-0003.jpg
map-proj-v3_2/ESP_011623_2100_RED-0007.jpg,ok,,JPEG,227.0,227.0,L,1.0,1.0,normal,crater,train,esp_011623_2100_red-0007,[],8047c47369b64bc04fc141349d9a440b6f5fc713bbe084e0d920f94bc0a1cd4b,eb86f6bcbed2599f6721e9f651b6ab7a11aca77daef5dbc76d88f5f4da8684f4,da8467d30c6c932f,77.03256418715675,45.38184862412027,5be6d8bc12a72eba,[],1.0,esp_011623_2100,['train'],1.0,Counter({'train': 1}),val,eb8c04e9d753e391,True,hirise_clean,0,C:\Users\deves\OneDrive\Desktop\Projects\TCMD-SS\data\raw\hirise_v3_2\map-proj-v3_2\ESP_011623_2100_RED-0007.jpg
map-proj-v3_2/ESP_011623_2100_RED-0010.jpg,ok,,JPEG,227.0,227.0,L,1.0,1.0,normal,other,train,esp_011623_2100_red-0010,[],2d193510ce90a838ceb27a4be98f780e8206e28c46882e2bd47ac64c6ebf737c,b6a657e7a8cbdb3ac3ebb58c621a958a58a9e5d7f29a94f04c7fe53b275580a7,d6a668c925f49372,79.73098643482311,41.07491607417459,3189ab8a6e31643c,[],0.0,esp_011623_2100,['train'],1.0,Counter({'train': 1}),val,eb8c04e9d753e391,True,hirise_clean,0,C:\Users\deves\OneDrive\Desktop\Projects\TCMD-SS\data\raw\hirise_v3_2\map-proj-v3_2\ESP_011623_2100_RED-0010.jpg
map-proj-v3_2/ESP_011623_2100_RED-0011.jpg,ok,,JPEG,227.0,227.0,L,1.0,1.0,normal,other,train,esp_011623_2100_red-0011,[],17b38525f4286755be4313e4bc2feec9e6f97d45afb6ce75cdd8fc4fdcdae452,03f2d390a0acfbe3d3f1908da3ef87136b6ef7a35f5307709459eba5f5fb5d9f,ccb453a95c8754b3,96.3855692910788,22.08656000476588,6e85f8f21571d1d2,[],0.0,esp_011623_2100,['train'],1.0,Counter({'train': 1}),val,eb8c04e9d753e391,True,hirise_clean,0,C:\Users\deves\OneDrive\Desktop\Projects\TCMD-SS\data\raw\hirise_v3_2\map-proj-v3_2\ESP_011623_2100_RED-0011.jpg
map-proj-v3_2/ESP_011623_2100_RED-0015.jpg,ok,,JPEG,227.0,227.0,L,1.0,1.0,normal,crater,train,esp_011623_2100_red-0015,[],80702887c31cdd22843b67918c018681436e25218fb5b84bdb5475f54111a74f,d0a861896b5a88a8aa35f6fe703eced52d61107b2739d2cde65b1264b0f0f3b8,a80ea3d9ce6719cc,99.70146907566613,18.45125285065055,3de698e5fc16a0ee,[],1.0,esp_011623_2100,['train'],1.0,Counter({'train': 1}),val,eb8c04e9d753e391,True,hirise_clean,0,C:\Users\deves\OneDrive\Desktop\Projects\TCMD-SS\data\raw\hirise_v3_2\map-proj-v3_2\ESP_011623_2100_RED-0015.jpg
map-proj-v3_2/ESP_011623_2100_RED-0024.jpg,ok,,JPEG,227.0,227.0,L,1.0,1.0,normal,other,train,esp_011623_2100_red-0024,[],4d066dbc3d14ecccc653f7ae319a7d8924abccf6fcb84977e05f11d6299decac,a7c13f9009d23f81f727c50e2a97d014a7ec4a2a6f4ba22dcf72c3803dbe6a9d,93d475b3f0145653,99.45752877020706,18.75957209486901,041c1e97d6d19f4b,[],0.0,esp_011623_2100,['train'],1.0,Counter({'train': 1}),val,eb8c04e9d753e391,True,hirise_clean,0,C:\Users\deves\OneDrive\Desktop\Projects\TCMD-SS\data\raw\hirise_v3_2\map-proj-v3_2\ESP_011623_2100_RED-0024.jpg
map-proj-v3_2/ESP_011623_2100_RED-0025.jpg,ok,,JPEG,227.0,227.0,L,1.0,1.0,normal,crater,train,esp_011623_2100_red-0025,[],4c5417004562bbd57ab1569443959eaf0111f5db2782970b9028ef0fd441700b,ad7041a7adbcf98c0dc69847b3c2582ac576240adbaa79cabc75596c39ccff40,8ec333329ccec665,73.51805779269925,53.41256847755951,d8ab93b546eba761,[],1.0,esp_011623_2100,['train'],1.0,Counter({'train': 1}),val,eb8c04e9d753e391,True,hirise_clean,0,C:\Users\deves\OneDrive\Desktop\Projects\TCMD-SS\data\raw\hirise_v3_2\map-proj-v3_2\ESP_011623_2100_RED-0025.jpg
map-proj-v3_2/ESP_011623_2100_RED-0027.jpg,ok,,JPEG,227.0,227.0,L,1.0,1.0,normal,other,train,esp_011623_2100_red-0027,[],66a77d1b3e52f8b2c3af6149a72f25e33fa875fda17f4bc192b0d0b4b10e5198,d7016f9cf27ea15f43ad1679c23acf41b90bb4a0bcfe1aa4a5103b2e36dc0c78,cc8e66d119c4b27b,70.81563779619243,37.64425121706692,2e9a3f6e8bc1690b,[],0.0,esp_011623_2100,['train'],1.0,Counter({'train': 1}),val,eb8c04e9d753e391,True,hirise_clean,0,C:\Users\deves\OneDrive\Desktop\Projects\TCMD-SS\data\raw\hirise_v3_2\map-proj-v3_2\ESP_011623_2100_RED-0027.jpg
map-proj-v3_2/ESP_011623_2100_RED-0032.jpg,ok,,JPEG,227.0,227.0,L,1.0,1.0,normal,crater,train,esp_011623_2100_red-0032,[],b683ac2ff14b811d94a267da75800f6b3a206840cf4a4219324e59d569515de8,162647e06913570b765873acd3689d7c91f776782c193c4ee9d42e68320b331d,ff3c6e911804e633,99.35508160453335,13.738091579166724,0ca78aac05359553,[],1.0,esp_011623_2100,['train'],1.0,Counter({'train': 1}),val,eb8c04e9d753e391,True,hirise_clean,0,C:\Users\deves\OneDrive\Desktop\Projects\TCMD-SS\data\raw\hirise_v3_2\map-proj-v3_2\ESP_011623_2100_RED-0032.jpg
map-proj-v3_2/ESP_011623_2100_RED-0037.jpg,ok,,JPEG,227.0,227.0,L,1.0,1.0,normal,other,train,esp_011623_2100_red-0037,[],48014443d45c0f713cf823c765feefd40f7c372e7696bc649436ae976d9370b0,0ee2b194b4fec4c3ecbc03f4912b269257774596a82723575b0525d85b5d84d2,dfc42600ff02ff05,101.14036756001477,22.09309108098612,950a52de0f9d4c5d,[],0.0,esp_011623_2100,['train'],1.0,Counter({'train': 1}),val,eb8c04e9d753e391,True,hirise_clean,0,C:\Users\deves\OneDrive\Desktop\Projects\TCMD-SS\data\raw\hirise_v3_2\map-proj-v3_2\ESP_011623_2100_RED-0037.jpg
map-proj-v3_2/ESP_011623_2100_RED-0043.jpg,ok,,JPEG,227.0,227.0,L,1.0,1.0,normal,other,train,esp_011623_2100_red-0043,[],e6bfb1433db0fcb352f6aacf4a02102fbf820ba0df3ef43759cc1e7c8a9f5bd1,3111f062e5695152eadb2d5b491f2821f9c422f6bd3054170d3f1e179949a7f4,fb0726c1b9d404fa,100.85047254943818,15.718943750432642,2ac2ddf925570db1,[],0.0,esp_011623_2100,['train'],1.0,Counter({'train': 1}),val,eb8c04e9d753e391,True,hirise_clean,0,C:\Users\deves\OneDrive\Desktop\Projects\TCMD-SS\data\raw\hirise_v3_2\map-proj-v3_2\ESP_011623_2100_RED-0043.jpg
map-proj-v3_2/ESP_011623_2100_RED-0045.jpg,ok,,JPEG,227.0,227.0,L,1.0,1.0,normal,crater,train,esp_011623_2100_red-0045,[],1d32d21973969fd587363273a084358be93f2e6d7993cad8e2eb63c4be21b276,30b0beba88612c048aa694b08772f864f2dde8b487e61c8b9d399e82a4b5fcf3,c71b0976d2994d66,99.18216926390964,24.99173376394232,387827d2d8263088,[],1.0,esp_011623_2100,['train'],1.0,Counter({'train': 1}),val,eb8c04e9d753e391,True,hirise_clean,0,C:\Users\deves\OneDrive\Desktop\Projects\TCMD-SS\data\raw\hirise_v3_2\map-proj-v3_2\ESP_011623_2100_RED-0045.jpg
map-proj-v3_2/ESP_011623_2100_RED-0046.jpg,ok,,JPEG,227.0,227.0,L,1.0,1.0,normal,other,train,esp_011623_2100_red-0046,[],9d64c47531f202efe0b38e8f6c05f7e3c3ea7e7bd7e8d8f6eb937489574a1a63,7b7cd2ff7c2e1a33f0cbe7af9d98a10bcff84488167880f4ef9e0e622f1df2f1,a8bff39ea5b50110,103.05996623260688,17.75609924558901,5d46420004b2349a,[],0.0,esp_011623_2100,['train'],1.0,Counter({'train': 1}),val,eb8c04e9d753e391,True,hirise_clean,0,C:\Users\deves\OneDrive\Desktop\Projects\TCMD-SS\data\raw\hirise_v3_2\map-proj-v3_2\ESP_011623_2100_RED-0046.jpg
map-proj-v3_2/ESP_011623_2100_RED-0053.jpg,ok,,JPEG,227.0,227.0,L,1.0,1.0,normal,crater,train,esp_011623_2100_red-0053,[],30191a8300b0f5e38949f53b69106d43f1aab00999e23e40dbaa88438071e1e8,f78975fa832648337e43c7e2fd2a13b4f488e8a3aafef823327fc6f622282739,d3164c45c47ab3ba,98.72861883599526,20.685441749094693,8048c9e1b1a04e39,[],1.0,esp_011623_2100,['train'],1.0,Counter({'train': 1}),val,eb8c04e9d753e391,True,hirise_clean,0,C:\Users\deves\OneDrive\Desktop\Projects\TCMD-SS\data\raw\hirise_v3_2\map-proj-v3_2\ESP_011623_2100_RED-0053.jpg
map-proj-v3_2/ESP_011623_2100_RED-0057.jpg,ok,,JPEG,227.0,227.0,L,1.0,1.0,normal,other,train,esp_011623_2100_red-0057,[],a40867346c4bee0fde86d6e096ea5279a0bdbe2e007d3c010777c4da6b37c2a9,7495096ab578db7d3667980e56d075a9c7ab4fbf9b5be5482c4aca750b635701,e10776990bd44eb3,102.9605270818374,15.9627188651065,07f1ead5107d935e,[],0.0,esp_011623_2100,['train'],1.0,Counter({'train': 1}),val,eb8c04e9d753e391,True,hirise_clean,0,C:\Users\deves\OneDrive\Desktop\Projects\TCMD-SS\data\raw\hirise_v3_2\map-proj-v3_2\ESP_011623_2100_RED-0057.jpg
map-proj-v3_2/ESP_011623_2100_RED-0062.jpg,ok,,JPEG,227.0,227.0,L,1.0,1.0,normal,crater,train,esp_011623_2100_red-0062,[],af65485484d2228a49ffadcaddd9eca2d4eb644e772c2fb1eb46ff3fdf740983,e6be5c703980e49b4357650fc8e501cbcdd521a2872326efc000b15141812a3a,fa0d1747d261164f,99.77286576490908,15.840916980935202,ab09be4457cc9d8d,[],1.0,esp_011623_2100,['train'],1.0,Counter({'train': 1}),val,eb8c04e9d753e391,True,hirise_clean,0,C:\Users\deves\OneDrive\Desktop\Projects\TCMD-SS\data\raw\hirise_v3_2\map-proj-v3_2\ESP_011623_2100_RED-0062.jpg
map-proj-v3_2/ESP_011623_2100_RED-0069.jpg,ok,,JPEG,227.0,227.0,L,1.0,1.0,normal,other,train,esp_011623_2100_red-0069,[],361712cf02b994b41d1cfda85ecd6088da13f070e8cedf830345f99a5a60f68d,657c66f531e23e8fa32b89e98bebe65874d0ad922eb24c11def6272b4ea67c0c,bc8b319cce66b988,101.51310912301813,15.992787261823292,a141bc4e2632dcd9,[],0.0,esp_011623_2100,['train'],1.0,Counter({'train': 1}),val,eb8c04e9d753e391,True,hirise_clean,0,C:\Users\deves\OneDrive\Desktop\Projects\TCMD-SS\data\raw\hirise_v3_2\map-proj-v3_2\ESP_011623_2100_RED-0069.jpg
map-proj-v3_2/ESP_011623_2100_RED-0070.jpg,ok,,JPEG,227.0,227.0,L,1.0,1.0,normal,other,train,esp_011623_2100_red-0070,[],bb0e6b71d9926f6bf245f96d058231c183b49a554ade7b6edc7e33c9e85fe063,63cc7fedb48d128dba285246e7fdc87be8d5e20b6f59479c21eef54ea876a9f4,bbcf0d40490476df,101.87284829901608,16.422268723075632,525529de7e069333,[],0.0,esp_011623_2100,['train'],1.0,Counter({'train': 1}),val,eb8c04e9d753e391,True,hirise_clean,0,C:\Users\deves\OneDrive\Desktop\Projects\TCMD-SS\data\raw\hirise_v3_2\map-proj-v3_2\ESP_011623_2100_RED-0070.jpg
map-proj-v3_2/ESP_011623_2100_RED-0073.jpg,ok,,JPEG,227.0,227.0,L,1.0,1.0,normal,crater,train,esp_011623_2100_red-0073,[],79a9131a3b1cdd9d7e4b69e53b49435027aae0b915b0bd3d0f897793d1b79d55,6c56284e6dea8cae6b278fcdda7d7a41ce4f9e912252f576a5cc63009f467c07,930d4dc2b2c96f33,98.6203497059908,19.41766465115043,3ad13ab4167d9e9f,[],1.0,esp_011623_2100,['train'],1.0,Counter({'train': 1}),val,eb8c04e9d753e391,True,hirise_clean,0,C:\Users\deves\OneDrive\Desktop\Projects\TCMD-SS\data\raw\hirise_v3_2\map-proj-v3_2\ESP_011623_2100_RED-0073.jpg
map-proj-v3_2/ESP_011623_2100_RED-0077.jpg,ok,,JPEG,227.0,227.0,L,1.0,1.0,normal,other,train,esp_011623_2100_red-0077,[],b64d659120026f05c1affb2421e0fb354734ac8b97021e951151e74e08c5a74e,7ed2bbd4419af5dfe9d91715542c5a03148825869ec50a2a8b23bd16b52dbb97,f18b57548a63539c,89.86791903588271,19.503197741299704,eeddb8fbba4779b7,[],0.0,esp_011623_2100,['train'],1.0,Counter({'train': 1}),val,eb8c04e9d753e391,True,hirise_clean,0,C:\Users\deves\OneDrive\Desktop\Projects\TCMD-SS\data\raw\hirise_v3_2\map-proj-v3_2\ESP_011623_2100_RED-0077.jpg
map-proj-v3_2/ESP_011623_2100_RED-0078.jpg,ok,,JPEG,227.0,227.0,L,1.0,1.0,normal,crater,train,esp_011623_2100_red-0078,[],642c0a2482cfd113c60d1cec0553b7526adba3c337b1a9e5f413f97df4c8a7ea,c6bc2c6f6154d3ce464bade47d5826115ac044f65efd0279e1e6321132f1b999,87e178cb59f33282,79.57932426400667,45.1824211730994,ae2521df45f124dd,[],1.0,esp_011623_2100,['train'],1.0,Counter({'train': 1}),val,eb8c04e9d753e391,True,hirise_clean,0,C:\Users\deves\OneDrive\Desktop\Projects\TCMD-SS\data\raw\hirise_v3_2\map-proj-v3_2\ESP_011623_2100_RED-0078.jpg
map-proj-v3_2/ESP_011623_2100_RED-0079.jpg,ok,,JPEG,227.0,227.0,L,1.0,1.0,normal,crater,train,esp_011623_2100_red-0079,[],24feb13d744b118683952b5252c968d8ddbfa62121a1ca4c990c7938cb1e9aec,9b93124a4346b6318cdeb8ffe4ebea8c8fc413f242c2d13bf99322705fc0fc47,d68849a676996f85,91.670787323643,31.286763927966827,150728380b952c97,[],1.0,esp_011623_2100,['train'],1.0,Counter({'train': 1}),val,eb8c04e9d753e391,True,hirise_clean,0,C:\Users\deves\OneDrive\Desktop\Projects\TCMD-SS\data\raw\hirise_v3_2\map-proj-v3_2\ESP_011623_2100_RED-0079.jpg
map-proj-v3_2/ESP_011623_2100_RED-0083.jpg,ok,,JPEG,227.0,227.0,L,1.0,1.0,normal,other,train,esp_011623_2100_red-0083,[],812354099a4f52680aa21d8b986525bfba64716cdfc13abe83bf117c17103100,f29b2c95c53762b11aff3300de8834f84cb9253d604d3162319ee0f7d0f3e9e8,eee1f304c8ee0077,98.36876322071066,15.667953629320746,83cf8550ac462cdd,[],0.0,esp_011623_2100,['train'],1.0,Counter({'train': 1}),val,eb8c04e9d753e391,True,hirise_clean,0,C:\Users\deves\OneDrive\Desktop\Projects\TCMD-SS\data\raw\hirise_v3_2\map-proj-v3_2\ESP_011623_2100_RED-0083.jpg
map-proj-v3_2/ESP_011623_2100_RED-0086.jpg,ok,,JPEG,227.0,227.0,L,1.0,1.0,normal,crater,train,esp_011623_2100_red-0086,[],64394c385c34221f7485e70183f6672b041f08af7f719b9d3b5ac355139aa925,862ac7777bcc17dfbee62185c879f4927c5de546d7f96f2b4fea87e2fff451de,d0bcdc80f3dec072,93.86623066622678,20.70043580740357,a1ba2db7845b048d,[],1.0,esp_011623_2100,['train'],1.0,Counter({'train': 1}),val,eb8c04e9d753e391,True,hirise_clean,0,C:\Users\deves\OneDrive\Desktop\Projects\TCMD-SS\data\raw\hirise_v3_2\map-proj-v3_2\ESP_011623_2100_RED-0086.jpg
map-proj-v3_2/ESP_011623_2100_RED-0092.jpg,ok,,JPEG,227.0,227.0,L,1.0,1.0,normal,other,train,esp_011623_2100_red-0092,[],c8336dececccaec83e4041fd7a05d245a12719c0786c4109f1f5150f0f09b4ff,d14c803f1772c449a84d83299c9416b033cfbc3aef321d2b184ad22702d8d4ac,91e6549b58ee2359,103.6436181567661,19.09530065663899,013d81209511129d,[],0.0,esp_011623_2100,['train'],1.0,Counter({'train': 1}),val,eb8c04e9d753e391,True,hirise_clean,0,C:\Users\deves\OneDrive\Desktop\Projects\TCMD-SS\data\raw\hirise_v3_2\map-proj-v3_2\ESP_011623_2100_RED-0092.jpg
map-proj-v3_2/ESP_011623_2100_RED-0093.jpg,ok,,JPEG,227.0,227.0,L,1.0,1.0,normal,other,train,esp_011623_2100_red-0093,[],bad01eaaaafe3f1a7e2eff1015c9279840e4bd22890e6def9d3211eabfc6189b,8fc794f9997b84cdd70495380f1b173859e27d206dda69752c87815ec167781f,98e6360e5c2e931f,99.79058394302236,15.925367374022418,a8bfee750c3bb372,[],0.0,esp_011623_2100,['train'],1.0,Counter({'train': 1}),val,eb8c04e9d753e391,True,hirise_clean,0,C:\Users\deves\OneDrive\Desktop\Projects\TCMD-SS\data\raw\hirise_v3_2\map-proj-v3_2\ESP_011623_2100_RED-0093.jpg
map-proj-v3_2/ESP_011623_2100_RED-0099.jpg,ok,,JPEG,227.0,227.0,L,1.0,1.0,normal,other,train,esp_011623_2100_red-0099,[],91a45e1529522eccb9d5231bde3281db82e03c6d12583b9061a93d4c0ed4978d,c3f08145c094e23dd5928ab8149d53707ec71b625fc49c790740eff869867a12,ec5eb3ad2d833211,99.09328727512664,18.308822951954465,17a9fceb77c71997,[],0.0,esp_011623_2100,['train'],1.0,Counter({'train': 1}),val,eb8c04e9d753e391,True,hirise_clean,0,C:\Users\deves\OneDrive\Desktop\Projects\TCMD-SS\data\raw\hirise_v3_2\map-proj-v3_2\ESP_011623_2100_RED-0099.jpg
map-proj-v3_2/ESP_011623_2100_RED-0100.jpg,ok,,JPEG,227.0,227.0,L,1.0,1.0,normal,other,train,esp_011623_2100_red-0100,[],f3cd8967a841dadac24381691397a03d69f23b4e7ef5cda176c5e75295fa4ed7,f9d9766fcedccb4e8a69aed90ec38bf06dab3d2638cc14264ecf6e42775390f0,c869b39b4c0463fd,90.15034252556812,13.72950745803922,201f5bbdc99c28ee,[],0.0,esp_011623_2100,['train'],1.0,Counter({'train': 1}),val,eb8c04e9d753e391,True,hirise_clean,0,C:\Users\deves\OneDrive\Desktop\Projects\TCMD-SS\data\raw\hirise_v3_2\map-proj-v3_2\ESP_011623_2100_RED-0100.jpg
map-proj-v3_2/ESP_011623_2100_RED-0103.jpg,ok,,JPEG,227.0,227.0,L,1.0,1.0,normal,other,train,esp_011623_2100_red-0103,[],f39c33d3f48af4bf15552a1dcd88507434905175b085c0283da2e55ea9c27f51,0de2de5ed2ef163c1ce95a79660d2664419247567cfe3ffde6e9bbd320f84258,eea1d3535a68aaa4,98.780356692348,17.879543777198638,04df7c5162b878e4,[],0.0,esp_011623_2100,['train'],1.0,Counter({'train': 1}),val,eb8c04e9d753e391,True,hirise_clean,0,C:\Users\deves\OneDrive\Desktop\Projects\TCMD-SS\data\raw\hirise_v3_2\map-proj-v3_2\ESP_011623_2100_RED-0103.jpg
map-proj-v3_2/ESP_011623_2100_RED-0106.jpg,ok,,JPEG,227.0,227.0,L,1.0,1.0,normal,other,train,esp_011623_2100_red-0106,[],e194c4372f84fc9b682face038dc242422dbc752b7bd3697c5386aa7f63bd9e6,b8aabbcfe10c4b5d2689661f016fb6d01dcc6952417546035e132df170246636,c7037b9b89e130bc,94.96248714316212,17.779255683308076,76384f9823138b36,[],0.0,esp_011623_2100,['train'],1.0,Counter({'train': 1}),val,eb8c04e9d753e391,True,hirise_clean,0,C:\Users\deves\OneDrive\Desktop\Projects\TCMD-SS\data\raw\hirise_v3_2\map-proj-v3_2\ESP_011623_2100_RED-0106.jpg
map-proj-v3_2/ESP_011623_2100_RED-0109.jpg,ok,,JPEG,227.0,227.0,L,1.0,1.0,normal,other,train,esp_011623_2100_red-0109,[],e8485586760f6e30b5420607087cc578d15dc92db825c2d3f61af13f12f745d6,655474ea5e7904d7d2f877f3cd730571717d25270e39218563cd7dbeb2b422a4,cd06e17a0ce2df43,102.18624463894118,17.110437038324143,026a556fe15e45d3,[],0.0,esp_011623_2100,['train'],1.0,Counter({'train': 1}),val,eb8c04e9d753e391,True,hirise_clean,0,C:\Users\deves\OneDrive\Desktop\Projects\TCMD-SS\data\raw\hirise_v3_2\map-proj-v3_2\ESP_011623_2100_RED-0109.jpg
map-proj-v3_2/ESP_011623_2100_RED-0114.jpg,ok,,JPEG,227.0,227.0,L,1.0,1.0,normal,other,train,esp_011623_2100_red-0114,[],f5be2f7cc21daeef27dc913f18b54c4d6148b9aaf09d57752bd50f9fefd0a2a5,c9be0d84aa9d8416db090260e60a2c2c931e89ba868a54f4e4ebd08af0993ffa,8ef6523a0c75fb08,98.33018300374546,15.882195677561151,ccd1e1538e2d2e85,[],0.0,esp_011623_2100,['train'],1.0,Counter({'train': 1}),val,eb8c04e9d753e391,True,hirise_clean,0,C:\Users\deves\OneDrive\Desktop\Projects\TCMD-SS\data\raw\hirise_v3_2\map-proj-v3_2\ESP_011623_2100_RED-0114.jpg
map-proj-v3_2/ESP_011623_2100_RED-0120.jpg,ok,,JPEG,227.0,227.0,L,1.0,1.0,normal,other,train,esp_011623_2100_red-0120,[],fb0ec7f2d79dbe301b7808a9e90028437c80503517b3608bbb246ca5bb4a9983,c389022640e1c3ae0fefe631901edca136bb467d47ce91b6427abbfb295009b7,f207c86927909fcb,101.8983679093326,14.965734020056958,b4bc7be711cc0090,[],0.0,esp_011623_2100,['train'],1.0,Counter({'train': 1}),val,eb8c04e9d753e391,True,hirise_clean,0,C:\Users\deves\OneDrive\Desktop\Projects\TCMD-SS\data\raw\hirise_v3_2\map-proj-v3_2\ESP_011623_2100_RED-0120.jpg
map-proj-v3_2/ESP_011623_2100_RED-0121.jpg,ok,,JPEG,227.0,227.0,L,1.0,1.0,normal,other,train,esp_011623_2100_red-0121,[],8e5a551ce34eb182ace8aa535ee0df9da2de21ae82c33aeec0bc071185695996,d5771ee07cd6881553576ebefbd0884dcf52bc6070b32ba7256c0703d405b4dd,a476f28f8e613d88,99.26515166217082,17.432612696396745,35644301f5146282,[],0.0,esp_011623_2100,['train'],1.0,Counter({'train': 1}),val,eb8c04e9d753e391,True,hirise_clean,0,C:\Users\deves\OneDrive\Desktop\Projects\TCMD-SS\data\raw\hirise_v3_2\map-proj-v3_2\ESP_011623_2100_RED-0121.jpg
map-proj-v3_2/ESP_011623_2100_RED-0130.jpg,ok,,JPEG,227.0,227.0,L,1.0,1.0,normal,crater,train,esp_011623_2100_red-0130,[],3f653b4c75f1ced5ee0901bc471de2647e9009eb4941d696bbf1b7c599761f6e,6c0cf032af21b29dff0f389004d97b966a9f22695017825b1c489f03cb5a0931,cf27245dd3dc4464,101.4298356265404,17.298285947133596,0659dd3782ca348d,[],1.0,esp_011623_2100,['train'],1.0,Counter({'train': 1}),val,eb8c04e9d753e391,True,hirise_clean,0,C:\Users\deves\OneDrive\Desktop\Projects\TCMD-SS\data\raw\hirise_v3_2\map-proj-v3_2\ESP_011623_2100_RED-0130.jpg
map-proj-v3_2/ESP_011623_2100_RED-0133.jpg,ok,,JPEG,227.0,227.0,L,1.0,1.0,normal,other,train,esp_011623_2100_red-0133,[],890740787319920f724e6a76f906ca53c5daf379ccc0111790bab0d8f6a0971d,a75db766d4e1b3c6fb4760dd4934d1a2624a4a8d650db5cb38f9deb2449aaaa7,9c86f20be927a1cd,99.55417337809776,18.97470665939704,ffc90d279f4828ee,[],0.0,esp_011623_2100,['train'],1.0,Counter({'train': 1}),val,eb8c04e9d753e391,True,hirise_clean,0,C:\Users\deves\OneDrive\Desktop\Projects\TCMD-SS\data\raw\hirise_v3_2\map-proj-v3_2\ESP_011623_2100_RED-0133.jpg
map-proj-v3_2/ESP_011623_2100_RED-0136.jpg,ok,,JPEG,227.0,227.0,L,1.0,1.0,normal,crater,train,esp_011623_2100_red-0136,[],edd21fd0ac08e9c6f01d61adf0d7fb3ef93c672001edb58a2a101c4125a1b748,f062f181130ad6a3e3e08fd438afd1320b22af4d0abd152bbfe2fe7a891b8ffa,c37c64f29b8c4476,102.2018086902521,16.79840086561201,db1ca9fb39a01cb4,[],1.0,esp_011623_2100,['train'],1.0,Counter({'train': 1}),val,eb8c04e9d753e391,True,hirise_clean,0,C:\Users\deves\OneDrive\Desktop\Projects\TCMD-SS\data\raw\hirise_v3_2\map-proj-v3_2\ESP_011623_2100_RED-0136.jpg
map-proj-v3_2/ESP_011623_2100_RED-0138.jpg,ok,,JPEG,227.0,227.0,L,1.0,1.0,normal,other,train,esp_011623_2100_red-0138,[],bf5c21ddd5a2e20560cec9d35d162707dfae6a4e71d330dbed2e294c8e3e4cd1,ae1c69787dc36e07d8ffce5c1d94403cc1e560c2fe1fab21d407311e3779cc32,e47f3adc47528852,100.8162199926255,19.16804612331596,226d6fd23f4b9980,[],0.0,esp_011623_2100,['train'],1.0,Counter({'train': 1}),val,eb8c04e9d753e391,True,hirise_clean,0,C:\Users\deves\OneDrive\Desktop\Projects\TCMD-SS\data\raw\hirise_v3_2\map-proj-v3_2\ESP_011623_2100_RED-0138.jpg
map-proj-v3_2/ESP_011623_2100_RED-0139.jpg,ok,,JPEG,227.0,227.0,L,1.0,1.0,normal,other,train,esp_011623_2100_red-0139,[],3453185384a816cdee2c1aeb4ec5b3f61ea2e3c0f6c853bf1959f80a1d620c91,711d0b369d9a5a0b2d04006c93dabdeb89c9778c3279089a3f00ccd94781b312,d207926d9b07f06b,99.91117623086028,21.23513732799375,30cac9c3bdd0f9e3,[],0.0,esp_011623_2100,['train'],1.0,Counter({'train': 1}),val,eb8c04e9d753e391,True,hirise_clean,0,C:\Users\deves\OneDrive\Desktop\Projects\TCMD-SS\data\raw\hirise_v3_2\map-proj-v3_2\ESP_011623_2100_RED-0139.jpg
map-proj-v3_2/ESP_011623_2100_RED-0142.jpg,ok,,JPEG,227.0,227.0,L,1.0,1.0,normal,other,train,esp_011623_2100_red-0142,[],8ea624a4a06a4c6a1a005eb69b02c301a5714a4caafcffadd779f30bbed9733c,ba4ed7c4bfac1f9b7a713d4dbaafaa194644ccde5d41f120cb2256078eaef370,ac5077fe00d1ee07,99.58654349977682,19.802466413343492,e41c6aee53ebf01a,[],0.0,esp_011623_2100,['train'],1.0,Counter({'train': 1}),val,eb8c04e9d753e391,True,hirise_clean,0,C:\Users\deves\OneDrive\Desktop\Projects\TCMD-SS\data\raw\hirise_v3_2\map-proj-v3_2\ESP_011623_2100_RED-0142.jpg
map-proj-v3_2/ESP_011623_2100_RED-0143.jpg,ok,,JPEG,227.0,227.0,L,1.0,1.0,normal,other,train,esp_011623_2100_red-0143,[],90aded19237b0a282aabd28ebec454de10369a3bce1681543bafd5b282aa3f97,2c6c4cb6c51c628443810c85a43720c35240fea78276e38f41cea6eff2cb3ace,d26b217d0e07e96c,68.94643792815695,41.21001209313165,358463b6a624321c,[],0.0,esp_011623_2100,['train'],1.0,Counter({'train': 1}),val,eb8c04e9d753e391,True,hirise_clean,0,C:\Users\deves\OneDrive\Desktop\Projects\TCMD-SS\data\raw\hirise_v3_2\map-proj-v3_2\ESP_011623_2100_RED-0143.jpg
map-proj-v3_2/ESP_011623_2100_RED-0149.jpg,ok,,JPEG,227.0,227.0,L,1.0,1.0,normal,other,train,esp_011623_2100_red-0149,[],17c5661154482aa88a4d8b985600d9e09f07d806d9b448eeda8d5049e4308415,456928d7daec775d75a0b49c3b81d07abea42841da84142254b4bed2721c1fac,c76a66b5a920d15d,96.91697878864328,17.35730607990445,2ee4409fd9256f02,[],0.0,esp_011623_2100,['train'],1.0,Counter({'train': 1}),val,eb8c04e9d753e391,True,hirise_clean,0,C:\Users\deves\OneDrive\Desktop\Projects\TCMD-SS\data\raw\hirise_v3_2\map-proj-v3_2\ESP_011623_2100_RED-0149.jpg
map-proj-v3_2/ESP_011623_2100_RED-0150.jpg,ok,,JPEG,227.0,227.0,L,1.0,1.0,normal,other,train,esp_011623_2100_red-0150,[],96d641c17ba097068e004e4607ca22baeecb05f79d1bfda486a351549fd649bd,6bf1e43f708b7a957a2c4b171391a02c26578340284c499aee5bb2bffcde71c7,fc43b11d84d75358,98.81078615925011,19.50846186459796,d89e5680d1bcacaf,[],0.0,esp_011623_2100,['train'],1.0,Counter({'train': 1}),val,eb8c04e9d753e391,True,hirise_clean,0,C:\Users\deves\OneDrive\Desktop\Projects\TCMD-SS\data\raw\hirise_v3_2\map-proj-v3_2\ESP_011623_2100_RED-0150.jpg
map-proj-v3_2/ESP_011623_2100_RED-0156.jpg,ok,,JPEG,227.0,227.0,L,1.0,1.0,normal,other,train,esp_011623_2100_red-0156,[],1a2339871861976a03f552b9d89b65746ec662e7ab28c4e8ea558e7347cc78dd,36f5e68dcf0392fd33be5ab371d6fde1f845a624dc5c4c2cf8fc30771f9ca4d0,eca499ef8c47205b,99.01472956975684,18.951912445793823,189505cc3fdf5fc9,[],0.0,esp_011623_2100,['train'],1.0,Counter({'train': 1}),val,eb8c04e9d753e391,True,hirise_clean,0,C:\Users\deves\OneDrive\Desktop\Projects\TCMD-SS\data\raw\hirise_v3_2\map-proj-v3_2\ESP_011623_2100_RED-0156.jpg
map-proj-v3_2/ESP_011623_2100_RED-0167.jpg,ok,,JPEG,227.0,227.0,L,1.0,1.0,normal,other,train,esp_011623_2100_red-0167,[],c8421f95da74c1cb2f9f1c752ed11c01bd171a3a6bd05c406b1b52ac1226154b,854391a98e7e44e1957d87a343878c33f86b8e12fea1d9989987800c3eba2c9f,d616465877741fc1,96.23718682683536,17.416013663458084,46a69af2c85e560f,[],0.0,esp_011623_2100,['train'],1.0,Counter({'train': 1}),val,eb8c04e9d753e391,True,hirise_clean,0,C:\Users\deves\OneDrive\Desktop\Projects\TCMD-SS\data\raw\hirise_v3_2\map-proj-v3_2\ESP_011623_2100_RED-0167.jpg
map-proj-v3_2/ESP_011623_2100_RED-0171.jpg,ok,,JPEG,227.0,227.0,L,1.0,1.0,normal,other,train,esp_011623_2100_red-0171,[],e032a64bf2c23f7442664afb45a52828c97116134bce481b053c457d5672bae3,870c30b6494609b32729f080156064202fcabb4f94601a10ccc73d770b62072e,a3dc6ca653c964b2,101.70309922567874,17.176405625926275,04d30d83d7a14563,[],0.0,esp_011623_2100,['train'],1.0,Counter({'train': 1}),val,eb8c04e9d753e391,True,hirise_clean,0,C:\Users\deves\OneDrive\Desktop\Projects\TCMD-SS\data\raw\hirise_v3_2\map-proj-v3_2\ESP_011623_2100_RED-0171.jpg
map-proj-v3_2/ESP_011623_2100_RED-0178.jpg,ok,,JPEG,227.0,227.0,L,1.0,1.0,normal,other,train,esp_011623_2100_red-0178,[],def9808fa2a63d6f02eef12b409c8511289f966fdc8e87e19a2686d2b3de2710,7eabf7d59b1d4f3a160133765fd492b9be87d61682a545a3e140324310d31b17,b63bf9a82692896c,97.92695375419666,15.865859429240366,d496ac744f54bb76,[],0.0,esp_011623_2100,['train'],1.0,Counter({'train': 1}),val,eb8c04e9d753e391,True,hirise_clean,0,C:\Users\deves\OneDrive\Desktop\Projects\TCMD-SS\data\raw\hirise_v3_2\map-proj-v3_2\ESP_011623_2100_RED-0178.jpg
map-proj-v3_2/ESP_011623_2100_RED-0189.jpg,ok,,JPEG,227.0,227.0,L,1.0,1.0,normal,other,train,esp_011623_2100_red-0189,[],0885c9399a7966acb3be0150a9e5c707434f873d212e5bff35eb2f47272bb7c2,df2e4c485a19fc41fc8186598cee4591d5de4f9d2d7fca90e1dc199fbf4f1fa0,d966d7a1c8476338,96.47355857866444,17.516914320874953,ffb869bd10df869e,[],0.0,esp_011623_2100,['train'],1.0,Counter({'train': 1}),val,eb8c04e9d753e391,True,hirise_clean,0,C:\Users\deves\OneDrive\Desktop\Projects\TCMD-SS\data\raw\hirise_v3_2\map-proj-v3_2\ESP_011623_2100_RED-0189.jpg
map-proj-v3_2/ESP_011623_2100_RED-0190.jpg,ok,,JPEG,227.0,227.0,L,1.0,1.0,normal,other,train,esp_011623_2100_red-0190,[],1a0647ff46f4681c7f152f322eae00afb3a76f4e0ba9b94460e8da3bdbfe852e,b649527b5c515c03a98f84b63b11182dd1cfe3f915c009133f2f36a53e0fb4d7,fd2192dcd77b0e00,95.88136777348676,17.13697144640594,f42e0da84731900a,[],0.0,esp_011623_2100,['train'],1.0,Counter({'train': 1}),val,eb8c04e9d753e391,True,hirise_clean,0,C:\Users\deves\OneDrive\Desktop\Projects\TCMD-SS\data\raw\hirise_v3_2\map-proj-v3_2\ESP_011623_2100_RED-0190.jpg
map-proj-v3_2/ESP_011623_2100_RED-0193.jpg,ok,,JPEG,227.0,227.0,L,1.0,1.0,normal,other,train,esp_011623_2100_red-0193,[],9d0f8aeaccfeb7169bce6931ccbc49e2123f1565ffd7ce9db77b6dcd13f715b1,b916e56db1346a7b0f25445bba4273f6b496718b4d709bdbe07f88ae75bf8e1f,e4d723398c34df44,99.17471714956626,16.81222575516291,e91856a4268f36f2,[],0.0,esp_011623_2100,['train'],1.0,Counter({'train': 1}),val,eb8c04e9d753e391,True,hirise_clean,0,C:\Users\deves\OneDrive\Desktop\Projects\TCMD-SS\data\raw\hirise_v3_2\map-proj-v3_2\ESP_011623_2100_RED-0193.jpg
map-proj-v3_2/ESP_011623_2100_RED-0196.jpg,ok,,JPEG,227.0,227.0,L,1.0,1.0,normal,other,train,esp_011623_2100_red-0196,[],93cbf3344f06d81393cf59b891be14b8762e63be5c1b258f7bc541517ecee8ad,4aedd4ff058127eddcea5bde5ecfdd59ae5baa4e717c83888ff9ad20ea3365ed,dcb537139cca1a49,99.07320149818548,16.199342993545038,456ce06577c9a5b4,[],0.0,esp_011623_2100,['train'],1.0,Counter({'train': 1}),val,eb8c04e9d753e391,True,hirise_clean,0,C:\Users\deves\OneDrive\Desktop\Projects\TCMD-SS\data\raw\hirise_v3_2\map-proj-v3_2\ESP_011623_2100_RED-0196.jpg
map-proj-v3_2/ESP_011623_2100_RED-0199.jpg,ok,,JPEG,227.0,227.0,L,1.0,1.0,normal,other,train,esp_011623_2100_red-0199,[],19ef9ff70687caf4714ca836144cefa864f618b848d327df0d818ef0ec96efe2,ff491d11fd9d1efa4ec26dff557c6940981e09f22a09ea81ef2f0e44a73b2c92,aa898be1ec752b25,101.66719711230569,18.40056506109793,7f15bd3f59101c61,[],0.0,esp_011623_2100,['train'],1.0,Counter({'train': 1}),val,eb8c04e9d753e391,True,hirise_clean,0,C:\Users\deves\OneDrive\Desktop\Projects\TCMD-SS\data\raw\hirise_v3_2\map-proj-v3_2\ESP_011623_2100_RED-0199.jpg
map-proj-v3_2/ESP_011623_2100_RED-0200.jpg,ok,,JPEG,227.0,227.0,L,1.0,1.0,normal,other,train,esp_011623_2100_red-0200,[],f8e7fe398e3ca1eea565042ec33c56a8e4a49da1ade77b68755e9e61d9efd1e6,3f9b61d8cf7e1d91d7273ac72cec4be489124d5e138c203393ab8f77de843623,f84443dde723a4b1,104.08338993576432,20.15549533471747,1c27acf73cd0da34,[],0.0,esp_011623_2100,['train'],1.0,Counter({'train': 1}),val,eb8c04e9d753e391,True,hirise_clean,0,C:\Users\deves\OneDrive\Desktop\Projects\TCMD-SS\data\raw\hirise_v3_2\map-proj-v3_2\ESP_011623_2100_RED-0200.jpg
map-proj-v3_2/ESP_011623_2100_RED-0204.jpg,ok,,JPEG,227.0,227.0,L,1.0,1.0,normal,other,train,esp_011623_2100_red-0204,[],b4c4cd0b72153212e2298446408fda9051e5c5eec9a3dcc2404933d0d63a089a,1bf7bbe2601206fffacaa57fd9b5b64419bb72b418fe6e2829a617b2e6529e42,ff7f06ca42d04474,98.05375613732072,18.705438794626485,98c6af9f32e457e8,[],0.0,esp_011623_2100,['train'],1.0,Counter({'train': 1}),val,eb8c04e9d753e391,True,hirise_clean,0,C:\Users\deves\OneDrive\Desktop\Projects\TCMD-SS\data\raw\hirise_v3_2\map-proj-v3_2\ESP_011623_2100_RED-0204.jpg
map-proj-v3_2/ESP_011623_2100_RED-0210.jpg,ok,,JPEG,227.0,227.0,L,1.0,1.0,normal,other,train,esp_011623_2100_red-0210,[],366cb530a05eddbacafcd69b395f374fce6f092531f0beaaade9badffc8ead11,71ab7428c85a62d83daa34318559c7e28928235147f566eb8ca7efd6b7b3deb3,83e07ce04e677a5c,83.40973044305149,43.72851440354631,ccf339d398c582c5,[],0.0,esp_011623_2100,['train'],1.0,Counter({'train': 1}),val,eb8c04e9d753e391,True,hirise_clean,0,C:\Users\deves\OneDrive\Desktop\Projects\TCMD-SS\data\raw\hirise_v3_2\map-proj-v3_2\ESP_011623_2100_RED-0210.jpg
map-proj-v3_2/ESP_011623_2100_RED-0212.jpg,ok,,JPEG,227.0,227.0,L,1.0,1.0,normal,other,train,esp_011623_2100_red-0212,[],156dd1ec1c32d174d72fd04e2a9c37fd6513b83f3ab10282c1d1e3d6a49ee522,cbc58427dbd0f5918f181eedacd591c2d9f2e9b7d8bd322761366164443b3a9c,8705c072ffd18bc5,98.28090977895944,18.381152596311217,b89d079d2369eed9,[],0.0,esp_011623_2100,['train'],1.0,Counter({'train': 1}),val,eb8c04e9d753e391,True,hirise_clean,0,C:\Users\deves\OneDrive\Desktop\Projects\TCMD-SS\data\raw\hirise_v3_2\map-proj-v3_2\ESP_011623_2100_RED-0212.jpg
map-proj-v3_2/ESP_011623_2100_RED-0217.jpg,ok,,JPEG,227.0,227.0,L,1.0,1.0,normal,other,train,esp_011623_2100_red-0217,[],6ca600846d47bfe20caa87edf98b2b205ce70c1d81913a762e6473d15335f8ac,0dd8cd99eeda7337bb50d4115ae4c9acacae106e2989bcf581fe248588cb93df,dcd9d70155786c26,104.2833161908828,20.144435121231272,1e89f37d0654998b,[],0.0,esp_011623_2100,['train'],1.0,Counter({'train': 1}),val,eb8c04e9d753e391,True,hirise_clean,0,C:\Users\deves\OneDrive\Desktop\Projects\TCMD-SS\data\raw\hirise_v3_2\map-proj-v3_2\ESP_011623_2100_RED-0217.jpg
map-proj-v3_2/ESP_011623_2100_RED-0222.jpg,ok,,JPEG,227.0,227.0,L,1.0,1.0,normal,other,train,esp_011623_2100_red-0222,[],28ce1d4d3c3c21691e2c3f35455c54faa6a6b55917f5558e0d50f316187388d8,021dddd764fc600b63259dcb59749a8dbb931156024c234582df0b885488f37b,d11aa2b18f8cef31,96.80092763298336,18.299966651280258,186a36388d972aca,[],0.0,esp_011623_2100,['train'],1.0,Counter({'train': 1}),val,eb8c04e9d753e391,True,hirise_clean,0,C:\Users\deves\OneDrive\Desktop\Projects\TCMD-SS\data\raw\hirise_v3_2\map-proj-v3_2\ESP_011623_2100_RED-0222.jpg
map-proj-v3_2/ESP_011623_2100_RED-0225.jpg,ok,,JPEG,227.0,227.0,L,1.0,1.0,normal,other,train,esp_011623_2100_red-0225,[],f860e5100fa51c6006a92ecc767f3e5a4fbe5c8f899fe91ad358f74e5d986657,e4623ebd4d9faf3e5f81e8d5bd80ae150f6fb869ab844a4297d93b337788397b,d34d84f3df452096,105.33922645500591,17.326610204304036,a4803469d49104b9,[],0.0,esp_011623_2100,['train'],1.0,Counter({'train': 1}),val,eb8c04e9d753e391,True,hirise_clean,0,C:\Users\deves\OneDrive\Desktop\Projects\TCMD-SS\data\raw\hirise_v3_2\map-proj-v3_2\ESP_011623_2100_RED-0225.jpg
map-proj-v3_2/ESP_011623_2100_RED-0226.jpg,ok,,JPEG,227.0,227.0,L,1.0,1.0,normal,other,train,esp_011623_2100_red-0226,[],095389b7fef5c16e70c00868f8788eccb2e39d940a9064cf7ee1ebe96581e348,8710a20e4c1f76b23e30f9d37687a8e6ca92647e6aee2b812d3167f55c9537e9,c44f63addc8886f8,100.70775679714336,18.32723548681965,c5c0a8375e34b6f5,[],0.0,esp_011623_2100,['train'],1.0,Counter({'train': 1}),val,eb8c04e9d753e391,True,hirise_clean,0,C:\Users\deves\OneDrive\Desktop\Projects\TCMD-SS\data\raw\hirise_v3_2\map-proj-v3_2\ESP_011623_2100_RED-0226.jpg
map-proj-v3_2/ESP_011623_2100_RED-0227.jpg,ok,,JPEG,227.0,227.0,L,1.0,1.0,normal,other,train,esp_011623_2100_red-0227,[],27c17f8a8e5cd1ee3179fbbea826110ae2959377b4f23e96029c65a582670d14,b68e9c9a798f432b406f15f79f8f0dbca0ce21d40e7a00ec0942b9197fe68f18,b80ed26299fd96c8,98.86879233053232,18.673927181626556,88d56c2e0dd299b6,[],0.0,esp_011623_2100,['train'],1.0,Counter({'train': 1}),val,eb8c04e9d753e391,True,hirise_clean,0,C:\Users\deves\OneDrive\Desktop\Projects\TCMD-SS\data\raw\hirise_v3_2\map-proj-v3_2\ESP_011623_2100_RED-0227.jpg
map-proj-v3_2/ESP_011623_2100_RED-0229.jpg,ok,,JPEG,227.0,227.0,L,1.0,1.0,normal,other,train,esp_011623_2100_red-0229,[],f5aa5e6576c51fa31d7c6a986ec4e8ee52e499885b92e7ae472a1026127e8862,ab167d5df8cd4673faa4300599e568e4a63579bf5fa670308fd29e0a279dc44e,8d8213dc77914cee,101.30926274525024,15.510152771690471,c360d46d930fd337,[],0.0,esp_011623_2100,['train'],1.0,Counter({'train': 1}),val,eb8c04e9d753e391,True,hirise_clean,0,C:\Users\deves\OneDrive\Desktop\Projects\TCMD-SS\data\raw\hirise_v3_2\map-proj-v3_2\ESP_011623_2100_RED-0229.jpg
map-proj-v3_2/ESP_011623_2100_RED-0234.jpg,ok,,JPEG,227.0,227.0,L,1.0,1.0,normal,other,train,esp_011623_2100_red-0234,[],8dedc329d90dc715803bef23ee19c4683287b5147675f47696ba639f0a92a789,dabd7376a1ba3cd49bc0a0d2910b0c1a6db293c9740439720a2e5cba8338694e,8fc3b8e2d5a3a1a1,77.49395486036988,49.384803971455575,365df123112f761f,[],0.0,esp_011623_2100,['train'],1.0,Counter({'train': 1}),val,eb8c04e9d753e391,True,hirise_clean,0,C:\Users\deves\OneDrive\Desktop\Projects\TCMD-SS\data\raw\hirise_v3_2\map-proj-v3_2\ESP_011623_2100_RED-0234.jpg
map-proj-v3_2/ESP_011623_2100_RED-0242.jpg,ok,,JPEG,227.0,227.0,L,1.0,1.0,normal,other,train,esp_011623_2100_red-0242,[],2499631ec7cca92129993541a7c08fe94f2e1576e0ba5687e27aaf1f3dca439d,48e5f9b0d2c6a81e0a7ba9d2038a2142dce74215ad2987f1ed4d866f3f68303e,892f0cd251fd7585,105.52762522074948,18.348377193433823,b246d62793eaa806,[],0.0,esp_011623_2100,['train'],1.0,Counter({'train': 1}),val,eb8c04e9d753e391,True,hirise_clean,0,C:\Users\deves\OneDrive\Desktop\Projects\TCMD-SS\data\raw\hirise_v3_2\map-proj-v3_2\ESP_011623_2100_RED-0242.jpg
map-proj-v3_2/ESP_011623_2100_RED-0243.jpg,ok,,JPEG,227.0,227.0,L,1.0,1.0,normal,other,train,esp_011623_2100_red-0243,[],f6646726a731ebde9ecbfd5faa3e6279c9f87a9734995caca1f276c7abbc4b49,4074ef5acda86656fcac9b71f41cc07285b4175672a3f1f3e5cdff77ab403d51,c9a6516db98ac07d,88.7529934599934,16.605468507852628,a97ecde0c353754e,[],0.0,esp_011623_2100,['train'],1.0,Counter({'train': 1}),val,eb8c04e9d753e391,True,hirise_clean,0,C:\Users\deves\OneDrive\Desktop\Projects\TCMD-SS\data\raw\hirise_v3_2\map-proj-v3_2\ESP_011623_2100_RED-0243.jpg
map-proj-v3_2/ESP_011623_2100_RED-0248.jpg,ok,,JPEG,227.0,227.0,L,1.0,1.0,normal,other,train,esp_011623_2100_red-0248,[],46274f1ec356d1fcff5bcf68f3de6482836d691ef4d5ec899f920e1d20a1c1f1,821bdc4a6ed851b007a46fd81c15bb56835134f2949f5e32d2582f77d3574c3d,80ffb71909ec9585,98.11277144908692,31.16470114398472,919227f72039eee5,[],0.0,esp_011623_2100,['train'],1.0,Counter({'train': 1}),val,eb8c04e9d753e391,True,hirise_clean,0,C:\Users\deves\OneDrive\Desktop\Projects\TCMD-SS\data\raw\hirise_v3_2\map-proj-v3_2\ESP_011623_2100_RED-0248.jpg
map-proj-v3_2/ESP_011623_2100_RED-0249.jpg,ok,,JPEG,227.0,227.0,L,1.0,1.0,normal,other,train,esp_011623_2100_red-0249,[],a93dd57c54516652eee44b7c54e1acb5cee20c717f6140f10a167c1f60450db9,2da921b6b90caa63765bdf6e96095f706f72e1f98130e0fed9720b3ecf5a9dc6,d2a2a93c36d2496f,102.75757340526694,17.060602856472656,5ef0515aff55641e,[],0.0,esp_011623_2100,['train'],1.0,Counter({'train': 1}),val,eb8c04e9d753e391,True,hirise_clean,0,C:\Users\deves\OneDrive\Desktop\Projects\TCMD-SS\data\raw\hirise_v3_2\map-proj-v3_2\ESP_011623_2100_RED-0249.jpg
map-proj-v3_2/ESP_011623_2100_RED-0251.jpg,ok,,JPEG,227.0,227.0,L,1.0,1.0,normal,other,train,esp_011623_2100_red-0251,[],3e6b37046e7ebb3bc12bf72bf24ee32a9abd6f5e1ea37d877f3ce068581e85e8,2abf321f2c31ee366201a2ea645192e7a52023fd76de717bc2302ba48cf882fe,d44ce949e7fd5420,103.97286964621864,19.81046937371631,ca49fe15b3cf9c15,[],0.0,esp_011623_2100,['train'],1.0,Counter({'train': 1}),val,eb8c04e9d753e391,True,hirise_clean,0,C:\Users\deves\OneDrive\Desktop\Projects\TCMD-SS\data\raw\hirise_v3_2\map-proj-v3_2\ESP_011623_2100_RED-0251.jpg
map-proj-v3_2/ESP_011623_2100_RED-0252.jpg,ok,,JPEG,227.0,227.0,L,1.0,1.0,normal,other,train,esp_011623_2100_red-0252,[],29001447f57065ec8eb54cef56dcf10ea829b3151590ceefdac9121c360ff772,84cff844cae9c7e4758a53765615a8bf49b8ed053007d3c7567ce7bf43151acf,dd6a3319a0ebbf00,99.45440431601622,18.308401378660587,9897429830bdcc00,[],0.0,esp_011623_2100,['train'],1.0,Counter({'train': 1}),val,eb8c04e9d753e391,True,hirise_clean,0,C:\Users\deves\OneDrive\Desktop\Projects\TCMD-SS\data\raw\hirise_v3_2\map-proj-v3_2\ESP_011623_2100_RED-0252.jpg
map-proj-v3_2/ESP_011623_2100_RED-0253.jpg,ok,,JPEG,227.0,227.0,L,1.0,1.0,normal,crater,train,esp_011623_2100_red-0253,[],2bced3987b5b24c2b51fc70308b75887e1b3a59099578e05c1beb3b63fc714dc,39f9f9c105ff011e3310b9a6dd6a3679de8d586fae5ac3e5e837c2d03ad7f04e,ca702453bb3753a9,103.52386035048224,18.12635721533754,cc86e7f243f5faf5,[],1.0,esp_011623_2100,['train'],1.0,Counter({'train': 1}),val,eb8c04e9d753e391,True,hirise_clean,0,C:\Users\deves\OneDrive\Desktop\Projects\TCMD-SS\data\raw\hirise_v3_2\map-proj-v3_2\ESP_011623_2100_RED-0253.jpg
map-proj-v3_2/ESP_011623_2100_RED-0254.jpg,ok,,JPEG,227.0,227.0,L,1.0,1.0,normal,other,train,esp_011623_2100_red-0254,[],8a914524dcd29eccb7f2609ac949c7c44571c5f6386bfd6a30dccf97ad231332,0c725f233cd9ab00ed478bab0e89bd1cd08419cdb6ccca945b5e09bbfff59131,f19b3e8441abc476,102.36996642667236,21.71841773977039,5a3f3229a37c7ca2,[],0.0,esp_011623_2100,['train'],1.0,Counter({'train': 1}),val,eb8c04e9d753e391,True,hirise_clean,0,C:\Users\deves\OneDrive\Desktop\Projects\TCMD-SS\data\raw\hirise_v3_2\map-proj-v3_2\ESP_011623_2100_RED-0254.jpg
map-proj-v3_2/ESP_011623_2100_RED-0255.jpg,ok,,JPEG,227.0,227.0,L,1.0,1.0,normal,other,train,esp_011623_2100_red-0255,[],1d57e60594ffc0eef3cb8b39e40d223e6fc584a07bd1aa483982ea8737d6cb59,934d9af843ea4bc7f3bf517b7e66775fe3b90ebf96832f42a4ed88e418b533a4,c4e15baf6600c97e,99.13272138019369,20.069667188184184,1047d7d55cfb666f,[],0.0,esp_011623_2100,['train'],1.0,Counter({'train': 1}),val,eb8c04e9d753e391,True,hirise_clean,0,C:\Users\deves\OneDrive\Desktop\Projects\TCMD-SS\data\raw\hirise_v3_2\map-proj-v3_2\ESP_011623_2100_RED-0255.jpg
map-proj-v3_2/ESP_011623_2100_RED-0259.jpg,ok,,JPEG,227.0,227.0,L,1.0,1.0,normal,other,train,esp_011623_2100_red-0259,[],a220a3e360a3bbc147b1dd2588311b5af655dbd42c09133b865d4aef459de18a,38977cb3a13af026757e702b4bb041a0fc4ee1afbe7d823d8c80e39aedf8710f,e7929b48ef03b388,93.82547691591142,17.801351404280545,02112572f8a2bd75,[],0.0,esp_011623_2100,['train'],1.0,Counter({'train': 1}),val,eb8c04e9d753e391,True,hirise_clean,0,C:\Users\deves\OneDrive\Desktop\Projects\TCMD-SS\data\raw\hirise_v3_2\map-proj-v3_2\ESP_011623_2100_RED-0259.jpg
map-proj-v3_2/ESP_011623_2100_RED-0266.jpg,ok,,JPEG,227.0,227.0,L,1.0,1.0,normal,other,train,esp_011623_2100_red-0266,[],ba78a0d5bc89ecc5508bbdd6251587758932aa48c2f4e8c0c3f629e6bf6bbae9,6a7d2caa8d7ac64544a047f14fa86804f064a22889d9519fc4bb4b5bdd19352e,ab6c663799fd0640,104.48873449901996,17.542522677530933,bc57628743037ca7,[],0.0,esp_011623_2100,['train'],1.0,Counter({'train': 1}),val,eb8c04e9d753e391,True,hirise_clean,0,C:\Users\deves\OneDrive\Desktop\Projects\TCMD-SS\data\raw\hirise_v3_2\map-proj-v3_2\ESP_011623_2100_RED-0266.jpg
map-proj-v3_2/ESP_011623_2100_RED-0267.jpg,ok,,JPEG,227.0,227.0,L,1.0,1.0,normal,other,train,esp_011623_2100_red-0267,[],589b58a6c9b06d5e70944abcd61e1881e5e8b86485ff4f1465b5a43a5dfef9bf,9ac397539621ced0f4918e11745bd31842bc02c00c4850f404c2abb3395ea2ef,adacc3e56a625562,99.76077548564886,20.318200760411305,fa6baecdd11908d1,[],0.0,esp_011623_2100,['train'],1.0,Counter({'train': 1}),val,eb8c04e9d753e391,True,hirise_clean,0,C:\Users\deves\OneDrive\Desktop\Projects\TCMD-SS\data\raw\hirise_v3_2\map-proj-v3_2\ESP_011623_2100_RED-0267.jpg
map-proj-v3_2/ESP_011623_2100_RED-0269.jpg,ok,,JPEG,227.0,227.0,L,1.0,1.0,normal,other,train,esp_011623_2100_red-0269,[],d039ad9e12635f04e88d3f1380f69e71f884c63f9ff921cc3086271099c32507,c444c475b9be6d78efc225a4030b5f4dbf00d5a40608417153e8ae067c34af39,f4a3864bee228bc5,106.04601292476082,22.2928347404565,2c902a322365e079,[],0.0,esp_011623_2100,['train'],1.0,Counter({'train': 1}),val,eb8c04e9d753e391,True,hirise_clean,0,C:\Users\deves\OneDrive\Desktop\Projects\TCMD-SS\data\raw\hirise_v3_2\map-proj-v3_2\ESP_011623_2100_RED-0269.jpg
map-proj-v3_2/ESP_011623_2100_RED-0273.jpg,ok,,JPEG,227.0,227.0,L,1.0,1.0,normal,other,train,esp_011623_2100_red-0273,[],fb8eeb7bba06b0707bde64128e232020580b67d020d2985efcb90198374fc148,6c813b93cf297cd1fc3b9fa0ccc8858f1bdb2506a5dffdfc50b9fabf4abe4bae,b5b59a4a6261b96c,90.83523840943934,20.7883418946298,67f83e013ce5089f,[],0.0,esp_011623_2100,['train'],1.0,Counter({'train': 1}),val,eb8c04e9d753e391,True,hirise_clean,0,C:\Users\deves\OneDrive\Desktop\Projects\TCMD-SS\data\raw\hirise_v3_2\map-proj-v3_2\ESP_011623_2100_RED-0273.jpg
map-proj-v3_2/ESP_011623_2100_RED-0275.jpg,ok,,JPEG,227.0,227.0,L,1.0,1.0,normal,crater,train,esp_011623_2100_red-0275,[],276f3d2ec93ad7cff19b0d541e8443f735343cdced5b77ce83804c210ab13a52,0f232637bcd3b6c78d1d3c3848b26ca6e74058f8bb5a413d3aacdd5a5faa52cc,9b5f0000bfffcd04,97.13765064332706,24.07423275136393,2b077eb044acf7fb,[],1.0,esp_011623_2100,['train'],1.0,Counter({'train': 1}),val,eb8c04e9d753e391,True,hirise_clean,0,C:\Users\deves\OneDrive\Desktop\Projects\TCMD-SS\data\raw\hirise_v3_2\map-proj-v3_2\ESP_011623_2100_RED-0275.jpg
map-proj-v3_2/ESP_011623_2100_RED-0276.jpg,ok,,JPEG,227.0,227.0,L,1.0,1.0,normal,other,train,esp_011623_2100_red-0276,[],bc196ef16b1c46be3038365a0f54b812881de27aa4b4f148629f68ae782ca85b,49a5bf6dd51b9e64294883934263117449aa0818fc21ddaca62a443ba3d306b3,9b9a2200807dfff5,105.08389450600632,21.101481759322624,0e2f2de3562f5c30,[],0.0,esp_011623_2100,['train'],1.0,Counter({'train': 1}),val,eb8c04e9d753e391,True,hirise_clean,0,C:\Users\deves\OneDrive\Desktop\Projects\TCMD-SS\data\raw\hirise_v3_2\map-proj-v3_2\ESP_011623_2100_RED-0276.jpg
map-proj-v3_2/ESP_011623_2100_RED-0277.jpg,ok,,JPEG,227.0,227.0,L,1.0,1.0,normal,other,train,esp_011623_2100_red-0277,[],1f8e1cb2dfdb2d06b1ce647cce7e0626dffcbccf94ea4c3d858d864ec5c64cd3,ce6b36592e6274b1c701a743fb54113d9c5199d1dbc9a90545d0510af1c92486,f900fe00ff17007f,96.30258689281764,21.198847615730408,445910e9ea974743,[],0.0,esp_011623_2100,['train'],1.0,Counter({'train': 1}),val,eb8c04e9d753e391,True,hirise_clean,0,C:\Users\deves\OneDrive\Desktop\Projects\TCMD-SS\data\raw\hirise_v3_2\map-proj-v3_2\ESP_011623_2100_RED-0277.jpg
map-proj-v3_2/ESP_011623_2100_RED-0280.jpg,ok,,JPEG,227.0,227.0,L,1.0,1.0,normal,other,train,esp_011623_2100_red-0280,[],e0cc2e467779c85cecf49b4b749b2ac9dbec1633748859e52ad37d0adad17dd8,85973fcc4a28ba452585ffc816416653ed344a9c25537b1f15c69b3aa70d95d8,f881e73b98cf0632,103.21129849211124,15.74939426965391,e08ebd9eaa9dd649,[],0.0,esp_011623_2100,['train'],1.0,Counter({'train': 1}),val,eb8c04e9d753e391,True,hirise_clean,0,C:\Users\deves\OneDrive\Desktop\Projects\TCMD-SS\data\raw\hirise_v3_2\map-proj-v3_2\ESP_011623_2100_RED-0280.jpg
map-proj-v3_2/ESP_011623_2100_RED-0282.jpg,ok,,JPEG,227.0,227.0,L,1.0,1.0,normal,other,train,esp_011623_2100_red-0282,[],098764d3b6d62f5950d5392404e378557476132de55e419a8686e7cf56ce4f74,5893721e3ea7f284028d189d6c6cf7807869720c8643e4baa5ffe7fd3ee0cd6d,9372b059e75069e5,101.14624774398882,19.048703616072,af614efbf8af083b,[],0.0,esp_011623_2100,['train'],1.0,Counter({'train': 1}),val,eb8c04e9d753e391,True,hirise_clean,0,C:\Users\deves\OneDrive\Desktop\Projects\TCMD-SS\data\raw\hirise_v3_2\map-proj-v3_2\ESP_011623_2100_RED-0282.jpg
map-proj-v3_2/ESP_011623_2100_RED-0283.jpg,ok,,JPEG,227.0,227.0,L,1.0,1.0,normal,other,train,esp_011623_2100_red-0283,[],bbd33568258253fe4903eb0d519dc3cefaa419fa770be4d9f6c989db0af86ba5,2f2b05d4adad2edea0aade80b6f6f4bde91cc920ca000934900b506c8ba9a196,86d3791f02f25f50,90.80490597527606,19.89137364093792,4171ea5f55d1b1c3,[],0.0,esp_011623_2100,['train'],1.0,Counter({'train': 1}),val,eb8c04e9d753e391,True,hirise_clean,0,C:\Users\deves\OneDrive\Desktop\Projects\TCMD-SS\data\raw\hirise_v3_2\map-proj-v3_2\ESP_011623_2100_RED-0283.jpg
map-proj-v3_2/ESP_011623_2100_RED-0287.jpg,ok,,JPEG,227.0,227.0,L,1.0,1.0,normal,crater,train,esp_011623_2100_red-0287,[],bc106629050ddee5d06b258ac69a99b7d35e28de509ea4f4e0bb60f065736bd9,5f583dc7070dccfc65cd54b2e241ffff7cdd3625fb7b33657e20f03fb95a681d,c839267bf8144773,96.44283801354575,18.774230530760533,590fd54e5dc52424,[],1.0,esp_011623_2100,['train'],1.0,Counter({'train': 1}),val,eb8c04e9d753e391,True,hirise_clean,0,C:\Users\deves\OneDrive\Desktop\Projects\TCMD-SS\data\raw\hirise_v3_2\map-proj-v3_2\ESP_011623_2100_RED-0287.jpg
map-proj-v3_2/ESP_011623_2100_RED-0289.jpg,ok,,JPEG,227.0,227.0,L,1.0,1.0,normal,other,train,esp_011623_2100_red-0289,[],2d9d36e49647cc93b3b11c10dcc1002b86f4eef8346e3b0e729737d50f4ebebc,89460196e1523588d1bd002fa8899489771277e1462a1b032e5d194226cb6678,c832323558bfdcaa,99.23305323216051,20.07303334760758,72b5c180aa0823b4,[],0.0,esp_011623_2100,['train'],1.0,Counter({'train': 1}),val,eb8c04e9d753e391,True,hirise_clean,0,C:\Users\deves\OneDrive\Desktop\Projects\TCMD-SS\data\raw\hirise_v3_2\map-proj-v3_2\ESP_011623_2100_RED-0289.jpg
map-proj-v3_2/ESP_011623_2100_RED-0291.jpg,ok,,JPEG,227.0,227.0,L,1.0,1.0,normal,other,train,esp_011623_2100_red-0291,[],37f38015c5a71d1d22f943fc6bd10218a0d18155d6ddb45ed66d766a2bbcf2a7,cff7fba8d0609fd4ce67a655520ed163217ced33f040d83d16ab485da2a1c9d5,d5d8aab88ed50ae1,97.88837353723146,23.17498676877574,e5d9d95864032977,[],0.0,esp_011623_2100,['train'],1.0,Counter({'train': 1}),val,eb8c04e9d753e391,True,hirise_clean,0,C:\Users\deves\OneDrive\Desktop\Projects\TCMD-SS\data\raw\hirise_v3_2\map-proj-v3_2\ESP_011623_2100_RED-0291.jpg
map-proj-v3_2/ESP_011623_2100_RED-0292.jpg,ok,,JPEG,227.0,227.0,L,1.0,1.0,normal,other,train,esp_011623_2100_red-0292,[],f815fedda83952b67be0e31407f91931f67b93e7c5175576f6ec492ab95af3df,303f36adf5949caa516b9ecaabd4bc2a7593fc79e3f28c3177149e12fb7e08ae,87c170f1ee6534b1,78.9726949872887,47.19372436494742,0ec20eb7112514db,[],0.0,esp_011623_2100,['train'],1.0,Counter({'train': 1}),val,eb8c04e9d753e391,True,hirise_clean,0,C:\Users\deves\OneDrive\Desktop\Projects\TCMD-SS\data\raw\hirise_v3_2\map-proj-v3_2\ESP_011623_2100_RED-0292.jpg
map-proj-v3_2/ESP_011623_2100_RED-0299.jpg,ok,,JPEG,227.0,227.0,L,1.0,1.0,normal,other,train,esp_011623_2100_red-0299,[],02a7437035056ddd6e6ffc66e05f9ca0dfea528913da7f0f6d34963ebfc1578d,7f20f446d3fcd730475f6d4c6b42d09fe7a0955fb4b4d08020c09d7cc1c7f1a2,c7a392cd5d29c4aa,101.52473364513187,16.051617435800363,7c62cadea05ff0b5,[],0.0,esp_011623_2100,['train'],1.0,Counter({'train': 1}),val,eb8c04e9d753e391,True,hirise_clean,0,C:\Users\deves\OneDrive\Desktop\Projects\TCMD-SS\data\raw\hirise_v3_2\map-proj-v3_2\ESP_011623_2100_RED-0299.jpg
map-proj-v3_2/ESP_011623_2100_RED-0302.jpg,ok,,JPEG,227.0,227.0,L,1.0,1.0,normal,crater,train,esp_011623_2100_red-0302,[],ac4bf035a16856a483ffdb98f4d3d015375b89f3c7505c3744850aaa26bf3261,48b19772625be73ad44dc5ea79dfa81778358dd896999d2fb9cca0f3b2dfed72,da498d6763d8c439,66.04428574200935,43.39334932705656,15eab62a8b43114c,[],1.0,esp_011623_2100,['train'],1.0,Counter({'train': 1}),val,eb8c04e9d753e391,True,hirise_clean,0,C:\Users\deves\OneDrive\Desktop\Projects\TCMD-SS\data\raw\hirise_v3_2\map-proj-v3_2\ESP_011623_2100_RED-0302.jpg
map-proj-v3_2/ESP_011623_2100_RED-0306.jpg,ok,,JPEG,227.0,227.0,L,1.0,1.0,normal,other,train,esp_011623_2100_red-0306,[],b453668bb6250b569e5e5720518503f461fbb89a0acc1c1052d5466a468817ea,87ccb76cd2212753b497f7e01fbf987075c3a33281c31465ddf8b327ecb094ab,830648eeb793d96c,98.48582351685458,16.82811304618792,8383b1cb2d35964b,[],0.0,esp_011623_2100,['train'],1.0,Counter({'train': 1}),val,eb8c04e9d753e391,True,hirise_clean,0,C:\Users\deves\OneDrive\Desktop\Projects\TCMD-SS\data\raw\hirise_v3_2\map-proj-v3_2\ESP_011623_2100_RED-0306.jpg
map-proj-v3_2/ESP_011623_2100_RED-0307.jpg,ok,,JPEG,227.0,227.0,L,1.0,1.0,normal,other,train,esp_011623_2100_red-0307,[],7820273d43cf37d90dac35b3b450f642e2a4e22bc592ab4bfda54f7b976102e0,8db25d24ea2c6f5bf9533cdb3d568a85473244b252e8d19cf92405caba04d1ee,ef1a7cf3190b2426,101.46366123930214,20.31207177443148,44a2ff6c559689ef,[],0.0,esp_011623_2100,['train'],1.0,Counter({'train': 1}),val,eb8c04e9d753e391,True,hirise_clean,0,C:\Users\deves\OneDrive\Desktop\Projects\TCMD-SS\data\raw\hirise_v3_2\map-proj-v3_2\ESP_011623_2100_RED-0307.jpg
map-proj-v3_2/ESP_011623_2100_RED-0309.jpg,ok,,JPEG,227.0,227.0,L,1.0,1.0,normal,crater,train,esp_011623_2100_red-0309,[],fca1b1f8ce73691d8e74bcbc6521d18cb60a45e9a031e82a3d834bed57eb815d,4967cc795dd25dfa7f00527cd5242f9e83b8f939bae9f8e18c642130a57f4e88,a5f2138a74929b5d,92.1433561683712,17.469327285165743,ffffcb7914c7f8a3,[],1.0,esp_011623_2100,['train'],1.0,Counter({'train': 1}),val,eb8c04e9d753e391,True,hirise_clean,0,C:\Users\deves\OneDrive\Desktop\Projects\TCMD-SS\data\raw\hirise_v3_2\map-proj-v3_2\ESP_011623_2100_RED-0309.jpg
map-proj-v3_2/ESP_011623_2100_RED-0319.jpg,ok,,JPEG,227.0,227.0,L,1.0,1.0,normal,other,train,esp_011623_2100_red-0319,[],d63ff20c09c1f8a6a3a37415b1ad4e44a5ef5975bf941a712ea6e1cdf75f05a3,59e254a9f74b7013d96400598faa506edeade90dc37351ce89f3717b23102bd9,93a18c6db39ac563,96.892701197384,14.41260894119071,cf277d91f8b2974d,[],0.0,esp_011623_2100,['train'],1.0,Counter({'train': 1}),val,eb8c04e9d753e391,True,hirise_clean,0,C:\Users\deves\OneDrive\Desktop\Projects\TCMD-SS\data\raw\hirise_v3_2\map-proj-v3_2\ESP_011623_2100_RED-0319.jpg
map-proj-v3_2/ESP_011623_2100_RED-0322.jpg,ok,,JPEG,227.0,227.0,L,1.0,1.0,normal,other,train,esp_011623_2100_red-0322,[],aaace8d804e804086d5043559034fcedc78ee31064b43f19e3795cafcc8ba774,251ea0436d0c33bb4e514664b66a6dde2a2f1362091aefb3482ffdedfa14eba1,ab1aa0b29d592dba,93.0814492809874,16.828886415486966,e92d9fbaeb8c428b,[],0.0,esp_011623_2100,['train'],1.0,Counter({'train': 1}),val,eb8c04e9d753e391,True,hirise_clean,0,C:\Users\deves\OneDrive\Desktop\Projects\TCMD-SS\data\raw\hirise_v3_2\map-proj-v3_2\ESP_011623_2100_RED-0322.jpg
map-proj-v3_2/ESP_011623_2100_RED-0325.jpg,ok,,JPEG,227.0,227.0,L,1.0,1.0,normal,crater,train,esp_011623_2100_red-0325,[],475d0a1c3b4f53cd9988214a144c345a7c61701a8d3b5a5e6ce6cac5d72665e5,b8841ead732dcf5861b4d704f4225723897e743fcc42b863f25877d9d1275270,f11f78a313d32d30,103.1354188903336,15.766402919550917,fb6ee7320b9bee35,[],1.0,esp_011623_2100,['train'],1.0,Counter({'train': 1}),val,eb8c04e9d753e391,True,hirise_clean,0,C:\Users\deves\OneDrive\Desktop\Projects\TCMD-SS\data\raw\hirise_v3_2\map-proj-v3_2\ESP_011623_2100_RED-0325.jpg
map-proj-v3_2/ESP_011623_2100_RED-0330.jpg,ok,,JPEG,227.0,227.0,L,1.0,1.0,normal,other,train,esp_011623_2100_red-0330,[],3c83b501c04171e80a837fb13c62931956a5e843b66cb422dfe6eb2ed98d05c4,b1b8250f378cfab092eb718806a62125e4b81c1cf1ac0a4df45cb82f1d8da9f8,80f87fe034d96533,89.40951697102602,37.76195120767719,89d3845c739789ba,[],0.0,esp_011623_2100,['train'],1.0,Counter({'train': 1}),val,eb8c04e9d753e391,True,hirise_clean,0,C:\Users\deves\OneDrive\Desktop\Projects\TCMD-SS\data\raw\hirise_v3_2\map-proj-v3_2\ESP_011623_2100_RED-0330.jpg
map-proj-v3_2/ESP_011623_2100_RED-0331.jpg,ok,,JPEG,227.0,227.0,L,1.0,1.0,normal,other,train,esp_011623_2100_red-0331,[],9c86424dcc3ef501713c98bba00017f47f030179ca55a4b8bb3c0056a6afacfa,03598b67d6e02c796823d9981df4e674bd29884de4c0d8387eaa3cf261dc349a,d0bf538b74836195,95.06737953385472,25.547340684432665,548f532a25ec615b,[],0.0,esp_011623_2100,['train'],1.0,Counter({'train': 1}),val,eb8c04e9d753e391,True,hirise_clean,0,C:\Users\deves\OneDrive\Desktop\Projects\TCMD-SS\data\raw\hirise_v3_2\map-proj-v3_2\ESP_011623_2100_RED-0331.jpg
map-proj-v3_2/ESP_011623_2100_RED-0333.jpg,ok,,JPEG,227.0,227.0,L,1.0,1.0,normal,other,train,esp_011623_2100_red-0333,[],4ce72999aca6c75157ff95302141a2c03269cafbe5533280e70e1b8051ba76ea,f5f1146703c302651590616c217ec00ddda133c22b4d54f3cca037ecf619ea6d,d9a4e079c0e0e4fb,96.57852859554814,17.008275154838902,705baa35b8675a81,[],0.0,esp_011623_2100,['train'],1.0,Counter({'train': 1}),val,eb8c04e9d753e391,True,hirise_clean,0,C:\Users\deves\OneDrive\Desktop\Projects\TCMD-SS\data\raw\hirise_v3_2\map-proj-v3_2\ESP_011623_2100_RED-0333.jpg
map-proj-v3_2/ESP_011623_2100_RED-0339.jpg,ok,,JPEG,227.0,227.0,L,1.0,1.0,normal,other,train,esp_011623_2100_red-0339,[],6cd3f1026d77c8b270e69f9b800461347e3b68fa0f6ce49b05d23b6bc8851301,0240c28dd9a07db0e4761bcd9734c63d18afd2c76053eab7ec6daa0f91f6193c,c186a6998ee473b9,97.3923227697025,16.627429164684248,08f65f0e318d7e6a,[],0.0,esp_011623_2100,['train'],1.0,Counter({'train': 1}),val,eb8c04e9d753e391,True,hirise_clean,0,C:\Users\deves\OneDrive\Desktop\Projects\TCMD-SS\data\raw\hirise_v3_2\map-proj-v3_2\ESP_011623_2100_RED-0339.jpg
map-proj-v3_2/ESP_011623_2100_RED-0346.jpg,ok,,JPEG,227.0,227.0,L,1.0,1.0,normal,crater,train,esp_011623_2100_red-0346,[],89ec2a530c0d1a11022dadda7d02379955e340bbd1d9b0b77124b552ba0a5502,c0c614e75326dfc437b89f8e881da48778ac963296d5c77960dbb8e6bf372ef0,9b6b24a793d8ec21,98.03308816394652,17.24975053809507,5be34de5dbfb0e33,[],1.0,esp_011623_2100,['train'],1.0,Counter({'train': 1}),val,eb8c04e9d753e391,True,hirise_clean,0,C:\Users\deves\OneDrive\Desktop\Projects\TCMD-SS\data\raw\hirise_v3_2\map-proj-v3_2\ESP_011623_2100_RED-0346.jpg
map-proj-v3_2/ESP_011623_2100_RED-0350.jpg,ok,,JPEG,227.0,227.0,L,1.0,1.0,normal,other,train,esp_011623_2100_red-0350,[],a1ae97baa81864988afa19ad750f96c60dabfaf29117e733476fa049385f7c00,05d7d7f89d71e9c985b567530179fcae528a316a2a877639cf185a40bbadbce9,cc21b3c470eda3b9,98.12441537774843,15.161801034821696,0b38589474bd6452,[],0.0,esp_011623_2100,['train'],1.0,Counter({'train': 1}),val,eb8c04e9d753e391,True,hirise_clean,0,C:\Users\deves\OneDrive\Desktop\Projects\TCMD-SS\data\raw\hirise_v3_2\map-proj-v3_2\ESP_011623_2100_RED-0350.jpg
map-proj-v3_2/ESP_011623_2100_RED-0352.jpg,ok,,JPEG,227.0,227.0,L,1.0,1.0,normal,other,train,esp_011623_2100_red-0352,[],a991afa33dc3e03b994f25bd43ed021c07cae1cc10d076268728fa2d5512162c,9a990de93a97402438564585a6b9cdb9604e44e1d857edcbbabf0e96038be7f3,8cc763cda4363393,68.37988317258242,50.20117242533407,d7b4db1c1b7c33d1,[],0.0,esp_011623_2100,['train'],1.0,Counter({'train': 1}),val,eb8c04e9d753e391,True,hirise_clean,0,C:\Users\deves\OneDrive\Desktop\Projects\TCMD-SS\data\raw\hirise_v3_2\map-proj-v3_2\ESP_011623_2100_RED-0352.jpg
map-proj-v3_2/ESP_011623_2100_RED-0356.jpg,ok,,JPEG,227.0,227.0,L,1.0,1.0,normal,other,train,esp_011623_2100_red-0356,[],56acf5dd88d7a467c1494456226886d02512ecf460ffa88141060ebb76467791,c8c04d02181e9c062145ec8c6c07450fc00d6d163be65d6443d820947010a395,aa96d612399caa1f,99.57272603776514,18.41870908935005,ccd4da24eae3ecbe,[],0.0,esp_011623_2100,['train'],1.0,Counter({'train': 1}),val,eb8c04e9d753e391,True,hirise_clean,0,C:\Users\deves\OneDrive\Desktop\Projects\TCMD-SS\data\raw\hirise_v3_2\map-proj-v3_2\ESP_011623_2100_RED-0356.jpg
map-proj-v3_2/ESP_011623_2100_RED-0357.jpg,ok,,JPEG,227.0,227.0,L,1.0,1.0,normal,other,train,esp_011623_2100_red-0357,[],feb2fb343d5f3441e8bd50eac2496ccc94587fb062909401d4475f78c2d94f9c,e0b0b0f30812e9b0218c66fb5c5009364d3d54231b6dccb2f3cb719ffd804406,cde363209d77582c,100.37899047138504,18.13643905536274,e5b59ba9f37d1745,[],0.0,esp_011623_2100,['train'],1.0,Counter({'train': 1}),val,eb8c04e9d753e391,True,hirise_clean,0,C:\Users\deves\OneDrive\Desktop\Projects\TCMD-SS\data\raw\hirise_v3_2\map-proj-v3_2\ESP_011623_2100_RED-0357.jpg
map-proj-v3_2/ESP_011623_2100_RED-0359.jpg,ok,,JPEG,227.0,227.0,L,1.0,1.0,normal,other,train,esp_011623_2100_red-0359,[],a9d8e6fabfbb12220bf24645e0ad6d45e579a691ac97f0c4f62813f80d68f6f7,f992721c9fbed8fcc85656964bfc3090812ca1c4e71129ab0168d22e0ec6a02b,a8a856565d3b6e2a,98.59471365638768,20.711208132980108,ba2cd4a46ccf7aba,[],0.0,esp_011623_2100,['train'],1.0,Counter({'train': 1}),val,eb8c04e9d753e391,True,hirise_clean,0,C:\Users\deves\OneDrive\Desktop\Projects\TCMD-SS\data\raw\hirise_v3_2\map-proj-v3_2\ESP_011623_2100_RED-0359.jpg
map-proj-v3_2/ESP_011623_2100_RED-0364.jpg,ok,,JPEG,227.0,227.0,L,1.0,1.0,normal,other,train,esp_011623_2100_red-0364,[],154216f23971e0a70fa55e2642d5afd6e1fe61cd8aa2b7fe2e0a73b7c55d4499,7a7e7986f7ac9f1b20fc0503ac70c2e3ff66a47fd0be68cc159a348cff4b37c7,9cd6631fd9c82433,93.9863183838227,17.58235673240787,6b8a50d90e2bfddb,[],0.0,esp_011623_2100,['train'],1.0,Counter({'train': 1}),val,eb8c04e9d753e391,True,hirise_clean,0,C:\Users\deves\OneDrive\Desktop\Projects\TCMD-SS\data\raw\hirise_v3_2\map-proj-v3_2\ESP_011623_2100_RED-0364.jpg
map-proj-v3_2/ESP_011623_2100_RED-0366.jpg,ok,,JPEG,227.0,227.0,L,1.0,1.0,normal,other,train,esp_011623_2100_red-0366,[],530822477ad0d8e60d93e11d5b2d12aebb951b3f72f14b2ce754e8dbdd0480c1,48ec91c2f91b182823a44febb3198b2493a4b85eda4164c287b3890d6d5c1570,f69a4963b4964279,95.2301034368996,17.799099591662433,2772593be15df248,[],0.0,esp_011623_2100,['train'],1.0,Counter({'train': 1}),val,eb8c04e9d753e391,True,hirise_clean,0,C:\Users\deves\OneDrive\Desktop\Projects\TCMD-SS\data\raw\hirise_v3_2\map-proj-v3_2\ESP_011623_2100_RED-0366.jpg
map-proj-v3_2/ESP_011623_2100_RED-0367.jpg,ok,,JPEG,227.0,227.0,L,1.0,1.0,normal,other,train,esp_011623_2100_red-0367,[],9b39f18a7d91daee17067400c378f311a15ba02054a2a5a899aef441ab1cece6,78d2f173bf96151de4c7543db0de5a075e7460efabeab1319a1cbf0dc420a033,db6d36598046647e,64.42948630868055,45.69910627695324,210dbc1996abd163,[],0.0,esp_011623_2100,['train'],1.0,Counter({'train': 1}),val,eb8c04e9d753e391,True,hirise_clean,0,C:\Users\deves\OneDrive\Desktop\Projects\TCMD-SS\data\raw\hirise_v3_2\map-proj-v3_2\ESP_011623_2100_RED-0367.jpg
map-proj-v3_2/ESP_011623_2100_RED-0373.jpg,ok,,JPEG,227.0,227.0,L,1.0,1.0,normal,other,train,esp_011623_2100_red-0373,[],de0162837220936a1473834be4ce924611ab87cba43b06cd3bf042767faf01ec,a99f5136bd34a0f70e21507f94ce6f8200fa3d842b660bc641b8527e2b00cad0,dd466311dc42acd7,99.0238894603039,15.10321542676454,0520f2cbcfdf8cd7,[],0.0,esp_011623_2100,['train'],1.0,Counter({'train': 1}),val,eb8c04e9d753e391,True,hirise_clean,0,C:\Users\deves\OneDrive\Desktop\Projects\TCMD-SS\data\raw\hirise_v3_2\map-proj-v3_2\ESP_011623_2100_RED-0373.jpg
map-proj-v3_2/ESP_011623_2100_RED-0374.jpg,ok,,JPEG,227.0,227.0,L,1.0,1.0,normal,other,train,esp_011623_2100_red-0374,[],0eb0f7a18a848a6a5700133f5125ddd71bd51c0205e5b239f82d26448990093d,7a2962752ad1908a9c3746fa2fa76dd1a2c461a71b139c56eb20f8b8af33b6dd,bd1a22db09ed6427,98.31877195365716,18.85550239422729,152a8513feee4007,[],0.0,esp_011623_2100,['train'],1.0,Counter({'train': 1}),val,eb8c04e9d753e391,True,hirise_clean,0,C:\Users\deves\OneDrive\Desktop\Projects\TCMD-SS\data\raw\hirise_v3_2\map-proj-v3_2\ESP_011623_2100_RED-0374.jpg
map-proj-v3_2/ESP_011623_2100_RED-0378.jpg,ok,,JPEG,227.0,227.0,L,1.0,1.0,normal,other,train,esp_011623_2100_red-0378,[],d8d57fe3d27240757cf0bf7a2b537560dcd4c5dfcc0077515c34aaf65230cf28,fc347080a52d0941fd114ba418ac2531af0f1f948a8e574507c37dd7c0377eab,cc79232a8ae66675,96.58233227891093,16.821627841972727,baf0752a3309213e,[],0.0,esp_011623_2100,['train'],1.0,Counter({'train': 1}),val,eb8c04e9d753e391,True,hirise_clean,0,C:\Users\deves\OneDrive\Desktop\Projects\TCMD-SS\data\raw\hirise_v3_2\map-proj-v3_2\ESP_011623_2100_RED-0378.jpg
map-proj-v3_2/ESP_011623_2100_RED-0384.jpg,ok,,JPEG,227.0,227.0,L,1.0,1.0,normal,other,train,esp_011623_2100_red-0384,[],0232acdde178160f0995dc8ca3679f1dba0b900096494e2020f23edfbde7b059,31833a9d785da8215e8f4ccd463cab2719ae29601ef62b5c3285967d33b0db73,d5547a1352a496db,86.3722758058569,28.53691981501849,c695b265bd7c27fe,[],0.0,esp_011623_2100,['train'],1.0,Counter({'train': 1}),val,eb8c04e9d753e391,True,hirise_clean,0,C:\Users\deves\OneDrive\Desktop\Projects\TCMD-SS\data\raw\hirise_v3_2\map-proj-v3_2\ESP_011623_2100_RED-0384.jpg
map-proj-v3_2/ESP_011623_2100_RED-0389.jpg,ok,,JPEG,227.0,227.0,L,1.0,1.0,normal,crater,train,esp_011623_2100_red-0389,[],8bac9fcd7ecc860c43e2bdd4536b9a04bf2a746fa6ddf4c8466ca0c620c9b106,136c6d34abb3704a425903e3fd52d880a9430e91c9c22e1c8d209c9b6a73e3ea,c32725f4b61399cc,100.17524112635604,19.016671374081213,c2f8ff33d2119954,[],1.0,esp_011623_2100,['train'],1.0,Counter({'train': 1}),val,eb8c04e9d753e391,True,hirise_clean,0,C:\Users\deves\OneDrive\Desktop\Projects\TCMD-SS\data\raw\hirise_v3_2\map-proj-v3_2\ESP_011623_2100_RED-0389.jpg
map-proj-v3_2/ESP_011623_2100_RED-0397.jpg,ok,,JPEG,227.0,227.0,L,1.0,1.0,normal,other,train,esp_011623_2100_red-0397,[],57294791950612dad9cf154dfce3449f0a6f038fd948cc5339c991086f35f487,eae43610655f031a51d40924a50ae49cf2958c03cbdf8518e5096b598711eb56,ff2020ffef040371,98.1587455607522,20.74927815683787,582a191aa7a397e2,[],0.0,esp_011623_2100,['train'],1.0,Counter({'train': 1}),val,eb8c04e9d753e391,True,hirise_clean,0,C:\Users\deves\OneDrive\Desktop\Projects\TCMD-SS\data\raw\hirise_v3_2\map-proj-v3_2\ESP_011623_2100_RED-0397.jpg
map-proj-v3_2/ESP_011623_2100_RED-0399.jpg,ok,,JPEG,227.0,227.0,L,1.0,1.0,normal,other,train,esp_011623_2100_red-0399,[],36af84b7d1282cd2ebbe7b7d3b9502cd2a1dbfe11595625b80de5de7b89a3f0d,2e15982cac4d77b81996d44a6b51358800e6283b4c505967cc8c8e47325f4715,97556c3593cc6c32,98.23119020357468,18.15596149756551,f35e9d0da8f60eee,[],0.0,esp_011623_2100,['train'],1.0,Counter({'train': 1}),val,eb8c04e9d753e391,True,hirise_clean,0,C:\Users\deves\OneDrive\Desktop\Projects\TCMD-SS\data\raw\hirise_v3_2\map-proj-v3_2\ESP_011623_2100_RED-0399.jpg
map-proj-v3_2/ESP_011623_2100_RED-0402.jpg,ok,,JPEG,227.0,227.0,L,1.0,1.0,normal,other,train,esp_011623_2100_red-0402,[],7cbe715f9e6daa152f98bf3297f74997126619f5fc8ac619aa643bfb62f2043d,d94f5d89c115fc91677b38100437b521c456a656c9276bbe0dc3535854994e5f,c368f2f33909a69a,96.55916086087446,19.507312234396903,f1ae6e089b6c6111,[],0.0,esp_011623_2100,['train'],1.0,Counter({'train': 1}),val,eb8c04e9d753e391,True,hirise_clean,0,C:\Users\deves\OneDrive\Desktop\Projects\TCMD-SS\data\raw\hirise_v3_2\map-proj-v3_2\ESP_011623_2100_RED-0402.jpg
map-proj-v3_2/ESP_011623_2100_RED-0409.jpg,ok,,JPEG,227.0,227.0,L,1.0,1.0,normal,other,train,esp_011623_2100_red-0409,[],1b444aacdbe2c743d663237757a1ef6e8abe5868bc002a38bfa7ac40481fd987,d7b3bf8018b894fdd6cab674a99efed2d4fd0ed5ae9e5e1f4c180cf5886c121c,89396eec063793d8,99.5112849075278,18.824791996843743,c7b65de955ed659d,[],0.0,esp_011623_2100,['train'],1.0,Counter({'train': 1}),val,eb8c04e9d753e391,True,hirise_clean,0,C:\Users\deves\OneDrive\Desktop\Projects\TCMD-SS\data\raw\hirise_v3_2\map-proj-v3_2\ESP_011623_2100_RED-0409.jpg
map-proj-v3_2/ESP_011623_2100_RED-0412.jpg,ok,,JPEG,227.0,227.0,L,1.0,1.0,normal,other,train,esp_011623_2100_red-0412,[],b804b1b92822758dc58f5d5f14eb2b24053380042c61642cd5b30cf1c51a8678,65c5a12cf255e495486e1bc0e03dc3b6e8265126a227513c8521e267a47496c1,bcec4b0fb44878e4,98.56932989190553,19.82587290508602,63a9ce011e3fa788,[],0.0,esp_011623_2100,['train'],1.0,Counter({'train': 1}),val,eb8c04e9d753e391,True,hirise_clean,0,C:\Users\deves\OneDrive\Desktop\Projects\TCMD-SS\data\raw\hirise_v3_2\map-proj-v3_2\ESP_011623_2100_RED-0412.jpg
map-proj-v3_2/ESP_011623_2100_RED-0413.jpg,ok,,JPEG,227.0,227.0,L,1.0,1.0,normal,other,train,esp_011623_2100_red-0413,[],5f37d3f2725dff44ff14c6870b473a8bef57c8497f124ee3b8464dce038e4d43,aa696c406314735837e9adf84150cad5ccaf85c937448bc7c5a12660a32f3738,dc6a253f09a9e436,103.40237536144696,20.53651847490681,2d0cd9ce03e32409,[],0.0,esp_011623_2100,['train'],1.0,Counter({'train': 1}),val,eb8c04e9d753e391,True,hirise_clean,0,C:\Users\deves\OneDrive\Desktop\Projects\TCMD-SS\data\raw\hirise_v3_2\map-proj-v3_2\ESP_011623_2100_RED-0413.jpg
map-proj-v3_2/ESP_011623_2100_RED-0414.jpg,ok,,JPEG,227.0,227.0,L,1.0,1.0,normal,other,train,esp_011623_2100_red-0414,[],d44b23bfa937764b36c8f1361f500b2629d5d7cd0db669fcd1b2b966937161a1,0b03e44d8e4508816c8ec1f927ab88709a2801718aa5242890918b8d5d8abde1,8c86838ded62d657,98.61809854644956,19.161588667424567,841c1b7cd53ec9c5,[],0.0,esp_011623_2100,['train'],1.0,Counter({'train': 1}),val,eb8c04e9d753e391,True,hirise_clean,0,C:\Users\deves\OneDrive\Desktop\Projects\TCMD-SS\data\raw\hirise_v3_2\map-proj-v3_2\ESP_011623_2100_RED-0414.jpg
map-proj-v3_2/ESP_011623_2100_RED-0416.jpg,ok,,JPEG,227.0,227.0,L,1.0,1.0,normal,other,train,esp_011623_2100_red-0416,[],6cc7ff5c1dbe060cbcce26fa06a2eb6a7756cd3f9c46e1e1ced16c1af96a9084,7454898b3760b280e6b0bb661f7b6cfea189c85cfd55b8538c9320d1b33647b0,fcebe2501ce6308e,101.91525160589184,16.99879098830842,8d73870a1bb60862,[],0.0,esp_011623_2100,['train'],1.0,Counter({'train': 1}),val,eb8c04e9d753e391,True,hirise_clean,0,C:\Users\deves\OneDrive\Desktop\Projects\TCMD-SS\data\raw\hirise_v3_2\map-proj-v3_2\ESP_011623_2100_RED-0416.jpg
map-proj-v3_2/ESP_011623_2100_RED-0418.jpg,ok,,JPEG,227.0,227.0,L,1.0,1.0,normal,crater,train,esp_011623_2100_red-0418,[],c61003454f79610157b422e250d4060c7edb60b9ea0a59adc19ce147261741b9,14d33f8d39e2e6dfbcd666cade128318a8d076cafeb60bb32f81db7ac1b3d137,d1554463b39cc477,98.94166391740572,21.019509138849905,841724d53d0490ad,[],1.0,esp_011623_2100,['train'],1.0,Counter({'train': 1}),val,eb8c04e9d753e391,True,hirise_clean,0,C:\Users\deves\OneDrive\Desktop\Projects\TCMD-SS\data\raw\hirise_v3_2\map-proj-v3_2\ESP_011623_2100_RED-0418.jpg
map-proj-v3_2/ESP_011623_2100_RED-0419.jpg,ok,,JPEG,227.0,227.0,L,1.0,1.0,normal,other,train,esp_011623_2100_red-0419,[],ea4c1d829c98ffaa2262ec2855fa156741deb6602fe5bdff2b839e23b67df505,023e1cbeccb362b32f22d83c5e7752ba34c538373b4ee7a6c72bdb59879f107c,cdff2248aaa622ad,97.92534301073182,18.752969086823388,cbb6a431c07834a6,[],0.0,esp_011623_2100,['train'],1.0,Counter({'train': 1}),val,eb8c04e9d753e391,True,hirise_clean,0,C:\Users\deves\OneDrive\Desktop\Projects\TCMD-SS\data\raw\hirise_v3_2\map-proj-v3_2\ESP_011623_2100_RED-0419.jpg
map-proj-v3_2/ESP_011623_2100_RED-0420.jpg,ok,,JPEG,227.0,227.0,L,1.0,1.0,normal,crater,train,esp_011623_2100_red-0420,[],8ba76c1ad46c94f9dc285a32ec3bc71584082f3e1aa3ff175ee28aaba5fd0149,0745ea805634022a0ab85da68a25b74f2ba404239ad4e7d9b7e096f6e47b8511,869f496d74964927,100.55727842574083,17.0157737400589,e00c43ec438ddfac,[],1.0,esp_011623_2100,['train'],1.0,Counter({'train': 1}),val,eb8c04e9d753e391,True,hirise_clean,0,C:\Users\deves\OneDrive\Desktop\Projects\TCMD-SS\data\raw\hirise_v3_2\map-proj-v3_2\ESP_011623_2100_RED-0420.jpg
map-proj-v3_2/ESP_011623_2100_RED-0434.jpg,ok,,JPEG,227.0,227.0,L,1.0,1.0,normal,other,train,esp_011623_2100_red-0434,[],00bee8e3b11acd216606136396bf195beb19bc9174a3cbfda90be194fee99069,fbf3491feb0f3ddd00e0c2ccfa5997f00f1aca057a674b92f079daec4f469e2d,fff6526053847432,94.56760270915407,20.73129192836214,868a21b9c5a9206a,[],0.0,esp_011623_2100,['train'],1.0,Counter({'train': 1}),val,eb8c04e9d753e391,True,hirise_clean,0,C:\Users\deves\OneDrive\Desktop\Projects\TCMD-SS\data\raw\hirise_v3_2\map-proj-v3_2\ESP_011623_2100_RED-0434.jpg
map-proj-v3_2/ESP_011623_2100_RED-0436.jpg,ok,,JPEG,227.0,227.0,L,1.0,1.0,normal,other,train,esp_011623_2100_red-0436,[],8d67b464f32fcc421ac3e4f34b847f287b1adac9e84c08510fff01d3eda554a8,ae3ed9a82653214833e402f1e3da3f62ff31c551ccda0e3bcaf1da86aee92573,d43497d3d95d0643,95.97985600341556,19.72218460010649,9ba3b41c8b2e36fe,[],0.0,esp_011623_2100,['train'],1.0,Counter({'train': 1}),val,eb8c04e9d753e391,True,hirise_clean,0,C:\Users\deves\OneDrive\Desktop\Projects\TCMD-SS\data\raw\hirise_v3_2\map-proj-v3_2\ESP_011623_2100_RED-0436.jpg
map-proj-v3_2/ESP_011623_2100_RED-0444.jpg,ok,,JPEG,227.0,227.0,L,1.0,1.0,normal,other,train,esp_011623_2100_red-0444,[],f501ba91e6e33a0a60ec194ec795ed550fd8ea777a3c79d0c80b2439b1079518,fc7692a2b174e303c8c52222e804f3dc1bde7ebcbddaf8e238c605ef4d7aa293,d65a09496e3699ce,80.36998583322013,38.72497303615595,5a2767b8cdf66ab5,[],0.0,esp_011623_2100,['train'],1.0,Counter({'train': 1}),val,eb8c04e9d753e391,True,hirise_clean,0,C:\Users\deves\OneDrive\Desktop\Projects\TCMD-SS\data\raw\hirise_v3_2\map-proj-v3_2\ESP_011623_2100_RED-0444.jpg
map-proj-v3_2/ESP_011623_2100_RED-0453.jpg,ok,,JPEG,227.0,227.0,L,1.0,1.0,normal,crater,train,esp_011623_2100_red-0453,[],c42a5b1856a670326ab1a9fff110b973126a671a37d63d7d6562d5a2cb2343e8,4d398e1fd6bba28192d8da0b04754165f96138d6864902c9cc8eb83dfe3b78de,fb7eec3493884c24,97.41613460381532,17.504880662608798,82340da799e82613,[],1.0,esp_011623_2100,['train'],1.0,Counter({'train': 1}),val,eb8c04e9d753e391,True,hirise_clean,0,C:\Users\deves\OneDrive\Desktop\Projects\TCMD-SS\data\raw\hirise_v3_2\map-proj-v3_2\ESP_011623_2100_RED-0453.jpg
map-proj-v3_2/ESP_011623_2100_RED-0456.jpg,ok,,JPEG,227.0,227.0,L,1.0,1.0,normal,other,train,esp_011623_2100_red-0456,[],8de0bd22af33610e227efee5c8579cb0f44bf7ed9c313e960021700ce31a8df7,ee8a3e0907862ee83a3b48d46eb01ca10060fe585a2c78ddbb5b526eca3d2cbd,9f29126d77564ac1,79.33660657105708,39.47140314244231,20ac01b1eea736c9,[],0.0,esp_011623_2100,['train'],1.0,Counter({'train': 1}),val,eb8c04e9d753e391,True,hirise_clean,0,C:\Users\deves\OneDrive\Desktop\Projects\TCMD-SS\data\raw\hirise_v3_2\map-proj-v3_2\ESP_011623_2100_RED-0456.jpg
map-proj-v3_2/ESP_011623_2100_RED-0458.jpg,ok,,JPEG,227.0,227.0,L,1.0,1.0,normal,other,train,esp_011623_2100_red-0458,[],21881a0c60f3bde2e57f35b742d45d375869b2515f2afcb1f4b125d3e1bfa09b,5fec33a869ecc3107f87d3bfac0cc0e9357726776b833c87b71a9823933ef6a7,c8c1379dc64743e3,100.13635040462653,19.8848262484379,cb8014d385879fa3,[],0.0,esp_011623_2100,['train'],1.0,Counter({'train': 1}),val,eb8c04e9d753e391,True,hirise_clean,0,C:\Users\deves\OneDrive\Desktop\Projects\TCMD-SS\data\raw\hirise_v3_2\map-proj-v3_2\ESP_011623_2100_RED-0458.jpg
map-proj-v3_2/ESP_011623_2100_RED-0461.jpg,ok,,JPEG,227.0,227.0,L,1.0,1.0,normal,crater,train,esp_011623_2100_red-0461,[],8ec6313611294cc78e2f2fb000d2ea0eca9d02ff1dc886d0827f67994808302d,48ca301064269c75445c8c324f4985cd3d5731604dd5f85e03bbf6a52a06541f,f321847293d8ee66,94.52356925226572,21.83847809809025,fc3c2fc316329e04,[],1.0,esp_011623_2100,['train'],1.0,Counter({'train': 1}),val,eb8c04e9d753e391,True,hirise_clean,0,C:\Users\deves\OneDrive\Desktop\Projects\TCMD-SS\data\raw\hirise_v3_2\map-proj-v3_2\ESP_011623_2100_RED-0461.jpg
map-proj-v3_2/ESP_011623_2100_RED-0465.jpg,ok,,JPEG,227.0,227.0,L,1.0,1.0,normal,other,train,esp_011623_2100_red-0465,[],34aad6bf5c204edf12021c4e5aec8af2c24dca65a2f4f3c04ad1e3cc91bcc438,04203d05de4c7f81a37dd74cba158e98937881f385620a76b2939bd5285c8e37,ad12417b6df69194,75.84740631489065,45.66453934318546,29c4b42a59204f0f,[],0.0,esp_011623_2100,['train'],1.0,Counter({'train': 1}),val,eb8c04e9d753e391,True,hirise_clean,0,C:\Users\deves\OneDrive\Desktop\Projects\TCMD-SS\data\raw\hirise_v3_2\map-proj-v3_2\ESP_011623_2100_RED-0465.jpg
map-proj-v3_2/ESP_011623_2100_RED-0467.jpg,ok,,JPEG,227.0,227.0,L,1.0,1.0,normal,other,train,esp_011623_2100_red-0467,[],8df55b6e1fbb2731fad65e2f90ec9724e762ffd088bd7029538101299444d3cc,d5a756f7dbdbc8365c747ee488ddee4c36f9b8483eef5b9e951877e8540c656d,bb2a2026317d7d74,84.4727629102059,35.91807098412716,1e10b7323bfebb8d,[],0.0,esp_011623_2100,['train'],1.0,Counter({'train': 1}),val,eb8c04e9d753e391,True,hirise_clean,0,C:\Users\deves\OneDrive\Desktop\Projects\TCMD-SS\data\raw\hirise_v3_2\map-proj-v3_2\ESP_011623_2100_RED-0467.jpg
map-proj-v3_2/ESP_011623_2100_RED-0469.jpg,ok,,JPEG,227.0,227.0,L,1.0,1.0,normal,other,train,esp_011623_2100_red-0469,[],fe4b1983a4042e634555c396189fcf276df066f5183623b7e03c12429ce06d45,d5a23f6610937d86f2500084ecf1570087fc1d7bc5057ddaac26ff18ad392b5e,8c25735fd49b8d30,66.89213840749869,47.7717283460967,f8d9c81a419897b2,[],0.0,esp_011623_2100,['train'],1.0,Counter({'train': 1}),val,eb8c04e9d753e391,True,hirise_clean,0,C:\Users\deves\OneDrive\Desktop\Projects\TCMD-SS\data\raw\hirise_v3_2\map-proj-v3_2\ESP_011623_2100_RED-0469.jpg
map-proj-v3_2/ESP_011623_2100_RED-0470.jpg,ok,,JPEG,227.0,227.0,L,1.0,1.0,normal,other,train,esp_011623_2100_red-0470,[],41d751f780be6442576359b457d1af81fc44d8bff0c4d1c7d6c9a2d5dcd6f766,f26ebac8e95304894505d8ec795ad59207f95f11ac73cf1f6444678de1124508,870a2a796d55d2d5,75.30314968270294,40.57455057945374,90617cda2c27e535,[],0.0,esp_011623_2100,['train'],1.0,Counter({'train': 1}),val,eb8c04e9d753e391,True,hirise_clean,0,C:\Users\deves\OneDrive\Desktop\Projects\TCMD-SS\data\raw\hirise_v3_2\map-proj-v3_2\ESP_011623_2100_RED-0470.jpg
map-proj-v3_2/ESP_011623_2100_RED-0471.jpg,ok,,JPEG,227.0,227.0,L,1.0,1.0,normal,crater,train,esp_011623_2100_red-0471,[],f1e73695000321bf7d7b4f84d9cbe76454852a4da6f4187443a05c11c405552b,911b66333e6dc0cda43584f4e15433ce9fe68ee6a35254fb79b0f841c1bbbb7c,931b2c36131b2f3d,92.79496982281822,27.49376612417681,01a1eb0e80be0fa8,[],1.0,esp_011623_2100,['train'],1.0,Counter({'train': 1}),val,eb8c04e9d753e391,True,hirise_clean,0,C:\Users\deves\OneDrive\Desktop\Projects\TCMD-SS\data\raw\hirise_v3_2\map-proj-v3_2\ESP_011623_2100_RED-0471.jpg
map-proj-v3_2/ESP_011623_2100_RED-0472.jpg,ok,,JPEG,227.0,227.0,L,1.0,1.0,normal,other,train,esp_011623_2100_red-0472,[],4d6127ec5855d84235ff93522b1721d83c4ad55a62925baa8338e6b9b9fc95db,623fc7d2be5f1beeb37d7e121aeff244893105e1ba041dd8db40a55ae968dea2,a23d5c57d8a6a22d,64.1803062353238,45.8568310556642,439e19320ea7847c,[],0.0,esp_011623_2100,['train'],1.0,Counter({'train': 1}),val,eb8c04e9d753e391,True,hirise_clean,0,C:\Users\deves\OneDrive\Desktop\Projects\TCMD-SS\data\raw\hirise_v3_2\map-proj-v3_2\ESP_011623_2100_RED-0472.jpg
map-proj-v3_2/ESP_011881_1585_RED-0002.jpg,ok,,JPEG,227.0,227.0,L,1.0,1.0,normal,other,train,esp_011881_1585_red-0002,[],c3ac2d6fa33e85a9ad7d3163b9b08fb1f4fc9c4aaf12439da42dd26fdb0c9f78,962c111361e1d5fb7494125bd0e329b3205e41b2511b29ed60e6dcd9a6423618,e87116c3394ccc7b,100.78516951619476,22.349740777399266,eebae8e1f00ef640,[],0.0,esp_011881_1585,['train'],1.0,Counter({'train': 1}),val,69b6f25edcb62ea5,True,hirise_clean,0,C:\Users\deves\OneDrive\Desktop\Projects\TCMD-SS\data\raw\hirise_v3_2\map-proj-v3_2\ESP_011881_1585_RED-0002.jpg
map-proj-v3_2/ESP_011881_1585_RED-0003.jpg,ok,,JPEG,227.0,227.0,L,1.0,1.0,normal,other,train,esp_011881_1585_red-0003,[],14ecf27ababdb18bfd6a551c11a029bb135916b1642da506fb55efee08bdbfd3,cd8df5de7ac898ae40d047077eb33c80457e54c8b6d545d27ebf2f70a5f444bb,c376994943553676,103.25451687399328,25.03103354794065,fe0ddc8f3e6fc83e,[],0.0,esp_011881_1585,['train'],1.0,Counter({'train': 1}),val,69b6f25edcb62ea5,True,hirise_clean,0,C:\Users\deves\OneDrive\Desktop\Projects\TCMD-SS\data\raw\hirise_v3_2\map-proj-v3_2\ESP_011881_1585_RED-0003.jpg
map-proj-v3_2/ESP_011881_1585_RED-0004.jpg,ok,,JPEG,227.0,227.0,L,1.0,1.0,normal,other,train,esp_011881_1585_red-0004,[],fa9651ab934c61599c31350b74f0ae0606df7c0b3a20a1bd0fb7c0ec864912e5,e98330a012bf66c0fe888672a7a4236b8cd748067624afaa811fb4f47f23703c,ca3d9412c8e7f41b,95.6026897475208,23.928700713425616,1afba06c4ff79652,[],0.0,esp_011881_1585,['train'],1.0,Counter({'train': 1}),val,69b6f25edcb62ea5,True,hirise_clean,0,C:\Users\deves\OneDrive\Desktop\Projects\TCMD-SS\data\raw\hirise_v3_2\map-proj-v3_2\ESP_011881_1585_RED-0004.jpg
map-proj-v3_2/ESP_011881_1585_RED-0005.jpg,ok,,JPEG,227.0,227.0,L,1.0,1.0,normal,other,train,esp_011881_1585_red-0005,[],e155e16a438f35a9b03ebc3aee15e5f2784a64355f2b0bfdf0fd6e76ace2ef24,f6e3bbc8a030b0d779feebeb833629d3ffbcd8050e52e947f70b7cf6afa7c2e9,80f0bb4934599ff2,87.6228725572008,43.00770399871368,238a18f6eb626ec6,[],0.0,esp_011881_1585,['train'],1.0,Counter({'train': 1}),val,69b6f25edcb62ea5,True,hirise_clean,0,C:\Users\deves\OneDrive\Desktop\Projects\TCMD-SS\data\raw\hirise_v3_2\map-proj-v3_2\ESP_011881_1585_RED-0005.jpg
map-proj-v3_2/ESP_011881_1585_RED-0009.jpg,ok,,JPEG,227.0,227.0,L,1.0,1.0,normal,other,train,esp_011881_1585_red-0009,[],a85c6f61ea007ff692d63934b5ba590687fcf0338f5c7c4503f3c0ef9ead7859,3ed81b3b4e2eaeb20796ac47a8929cd5e90cca050284324bc7b4b9a56b33ebff,d5d69a724e583296,132.40301577752334,45.00842824449877,6ebd19d1138c69c8,[],0.0,esp_011881_1585,['train'],1.0,Counter({'train': 1}),val,69b6f25edcb62ea5,True,hirise_clean,0,C:\Users\deves\OneDrive\Desktop\Projects\TCMD-SS\data\raw\hirise_v3_2\map-proj-v3_2\ESP_011881_1585_RED-0009.jpg
map-proj-v3_2/ESP_011881_1585_RED-0012.jpg,ok,,JPEG,227.0,227.0,L,1.0,1.0,normal,other,train,esp_011881_1585_red-0012,[],ba2d145fe3bc3bd09ff781a3db5f6544955d37b3e7dfff3cf6d0de9e7b1e8c92,a4c4cfdc553a7102f6cc5616d58b93aafc1d56801d1c77bd2720e73d49f144bf,c6ad92c7e184b3a6,101.10535814783908,16.188910663706412,635935d2f11f1b58,[],0.0,esp_011881_1585,['train'],1.0,Counter({'train': 1}),val,69b6f25edcb62ea5,True,hirise_clean,0,C:\Users\deves\OneDrive\Desktop\Projects\TCMD-SS\data\raw\hirise_v3_2\map-proj-v3_2\ESP_011881_1585_RED-0012.jpg
map-proj-v3_2/ESP_011881_1585_RED-0013.jpg,ok,,JPEG,227.0,227.0,L,1.0,1.0,normal,other,train,esp_011881_1585_red-0013,[],5cba51fe3d96c4c62b32e66df2b20de226dffae960eaee9724b13605c84e2eb0,c365f176f87540674a136fb5254fb0f85b465d334de8d5ae1389154552ae9f9f,c3761c1d4ecdb452,88.58471928428652,24.95471510657399,bae4bade3e1d3db3,[],0.0,esp_011881_1585,['train'],1.0,Counter({'train': 1}),val,69b6f25edcb62ea5,True,hirise_clean,0,C:\Users\deves\OneDrive\Desktop\Projects\TCMD-SS\data\raw\hirise_v3_2\map-proj-v3_2\ESP_011881_1585_RED-0013.jpg
map-proj-v3_2/ESP_011881_1585_RED-0015.jpg,ok,,JPEG,227.0,227.0,L,1.0,1.0,normal,other,train,esp_011881_1585_red-0015,[],22409c0ad45fda8ace124ca16b5aa61947ee66cd38e0344fa098465dcf4b62cb,1139f06ea1f5c9a95651e6770c1f578cac0950a564bdcb6f7d6a987ecf831661,c5d9186ab7e9944a,120.11785596460246,25.248934422861023,e3eb1cb57139fb93,[],0.0,esp_011881_1585,['train'],1.0,Counter({'train': 1}),val,69b6f25edcb62ea5,True,hirise_clean,0,C:\Users\deves\OneDrive\Desktop\Projects\TCMD-SS\data\raw\hirise_v3_2\map-proj-v3_2\ESP_011881_1585_RED-0015.jpg
map-proj-v3_2/ESP_011881_1585_RED-0017.jpg,ok,,JPEG,227.0,227.0,L,1.0,1.0,normal,other,train,esp_011881_1585_red-0017,[],986321713a0c07acb1007e8b020dfb144ba4329d008ccafde42dc140f602040c,f090745a77bec7dc76b51a6c716ec9be4a75fbfa41ff2e75e7c30a68fd03f72c,c4c51a732ae24dbd,119.37351782491412,13.57045001159223,d631c445890be77b,[],0.0,esp_011881_1585,['train'],1.0,Counter({'train': 1}),val,69b6f25edcb62ea5,True,hirise_clean,0,C:\Users\deves\OneDrive\Desktop\Projects\TCMD-SS\data\raw\hirise_v3_2\map-proj-v3_2\ESP_011881_1585_RED-0017.jpg
map-proj-v3_2/ESP_011881_1585_RED-0018.jpg,ok,,JPEG,227.0,227.0,L,1.0,1.0,normal,other,train,esp_011881_1585_red-0018,[],dd9011b97b1f421190f0a9e7ad897a01bc25f2c4c106dd4a3f0b9bf6a53b0332,19fc7c8445119374967e61fa068e4ef6b64733eeb437600ccfbd42ad28687de8,a69c9973cc61c758,96.71507306565236,15.101149834499688,9c4c554c0bd9f786,[],0.0,esp_011881_1585,['train'],1.0,Counter({'train': 1}),val,69b6f25edcb62ea5,True,hirise_clean,0,C:\Users\deves\OneDrive\Desktop\Projects\TCMD-SS\data\raw\hirise_v3_2\map-proj-v3_2\ESP_011881_1585_RED-0018.jpg
map-proj-v3_2/ESP_011881_1585_RED-0019.jpg,ok,,JPEG,227.0,227.0,L,1.0,1.0,normal,other,train,esp_011881_1585_red-0019,[],1e6a68bf86b53ead589535fa064deb0ae6d55d1a631b0926785c898d24de51db,dc943ae2ddeef04f5282fafa990374c0d84ce9f7e5a9a783ddf76dd5bd2ab13a,ee9b1921060f7cd9,73.8156572027402,14.620494274670127,0a8880e29be69164,[],0.0,esp_011881_1585,['train'],1.0,Counter({'train': 1}),val,69b6f25edcb62ea5,True,hirise_clean,0,C:\Users\deves\OneDrive\Desktop\Projects\TCMD-SS\data\raw\hirise_v3_2\map-proj-v3_2\ESP_011881_1585_RED-0019.jpg
map-proj-v3_2/ESP_011881_1585_RED-0022.jpg,ok,,JPEG,227.0,227.0,L,1.0,1.0,normal,crater,train,esp_011881_1585_red-0022,[],7c1aa53d285e8178374888b0ecd0440befd1ff7dbaed80dfd097257a933d224e,1406106fbc05f0ab86bb38da6eb9eff5f7a786ec2b42e0a11b889c39471b0cdf,d1957c23734ccc33,91.18870927050789,14.350253221807764,7a98d941d0c1a15c,[],1.0,esp_011881_1585,['train'],1.0,Counter({'train': 1}),val,69b6f25edcb62ea5,True,hirise_clean,0,C:\Users\deves\OneDrive\Desktop\Projects\TCMD-SS\data\raw\hirise_v3_2\map-proj-v3_2\ESP_011881_1585_RED-0022.jpg
map-proj-v3_2/ESP_011881_1585_RED-0024.jpg,ok,,JPEG,227.0,227.0,L,1.0,1.0,normal,other,train,esp_011881_1585_red-0024,[],b57ca43e9ecad592925bccaae58b3093e0bb3598a5833a76fed4eecf3b723b5e,5e0780be301cb8a0322e59e33cdbf8357e0fcfe4427e66d1453ebed3bdcca5ce,b0813dedc9bb3254,138.83087193619127,20.442235160099663,6d1d04970bc4e9b2,[],0.0,esp_011881_1585,['train'],1.0,Counter({'train': 1}),val,69b6f25edcb62ea5,True,hirise_clean,0,C:\Users\deves\OneDrive\Desktop\Projects\TCMD-SS\data\raw\hirise_v3_2\map-proj-v3_2\ESP_011881_1585_RED-0024.jpg
map-proj-v3_2/ESP_011881_1585_RED-0026.jpg,ok,,JPEG,227.0,227.0,L,1.0,1.0,normal,other,train,esp_011881_1585_red-0026,[],c5c4e866d0ba0b8962db1018eaf61bb8f4d0c40c816f85b15dd26277d672c735,b7a427f5dd16862a8703f7c6d961e0c83e1e7b50f658e0103e3961f53cdcbe47,841b66f2decd2354,99.73651730093734,19.568951196882487,dc9acb823f3f9bb9,[],0.0,esp_011881_1585,['train'],1.0,Counter({'train': 1}),val,69b6f25edcb62ea5,True,hirise_clean,0,C:\Users\deves\OneDrive\Desktop\Projects\TCMD-SS\data\raw\hirise_v3_2\map-proj-v3_2\ESP_011881_1585_RED-0026.jpg
map-proj-v3_2/ESP_011881_1585_RED-0030.jpg,ok,,JPEG,227.0,227.0,L,1.0,1.0,normal,other,train,esp_011881_1585_red-0030,[],7658de9590d9afad7d4a78411120d9eb5bab2b6ac5a8c2113b73de85e53bf8df,e5571b5c6814e1a6b196a2a9578211f39424cf92bcc2df9f6140d22de4db0974,c0d8b9d3962865be,145.17714296803743,21.91832015965455,c99c21d15629214d,[],0.0,esp_011881_1585,['train'],1.0,Counter({'train': 1}),val,69b6f25edcb62ea5,True,hirise_clean,0,C:\Users\deves\OneDrive\Desktop\Projects\TCMD-SS\data\raw\hirise_v3_2\map-proj-v3_2\ESP_011881_1585_RED-0030.jpg
map-proj-v3_2/ESP_011881_1585_RED-0033.jpg,ok,,JPEG,227.0,227.0,L,1.0,1.0,normal,other,train,esp_011881_1585_red-0033,[],e26de04757ff4e2d4760a4d62dbb0bcf243855cd9f1f9e17a0abe1f457cdccdc,44a53601dd141267bc7a767a847b295dd7327e82c8b7b5bdba275ee6a1aadca6,dd63781d2cf68036,104.52686836538648,16.788029571823635,eb94a01f0731ff11,[],0.0,esp_011881_1585,['train'],1.0,Counter({'train': 1}),val,69b6f25edcb62ea5,True,hirise_clean,0,C:\Users\deves\OneDrive\Desktop\Projects\TCMD-SS\data\raw\hirise_v3_2\map-proj-v3_2\ESP_011881_1585_RED-0033.jpg
map-proj-v3_2/ESP_011881_1585_RED-0036.jpg,ok,,JPEG,227.0,227.0,L,1.0,1.0,normal,other,train,esp_011881_1585_red-0036,[],4985dc6b23250fad19ecd9a06bc744971acc64ede5ebae7df06226eb5faed2b3,25e939bae7265afa935ca29bcc178baf56779ec4f53f4f059541beabb43c6250,a52a941ddfa94ac5,69.02763492402336,16.134080013106416,8dd629cf087f45da,[],0.0,esp_011881_1585,['train'],1.0,Counter({'train': 1}),val,69b6f25edcb62ea5,True,hirise_clean,0,C:\Users\deves\OneDrive\Desktop\Projects\TCMD-SS\data\raw\hirise_v3_2\map-proj-v3_2\ESP_011881_1585_RED-0036.jpg
map-proj-v3_2/ESP_011881_1585_RED-0037.jpg,ok,,JPEG,227.0,227.0,L,1.0,1.0,normal,crater,train,esp_011881_1585_red-0037,[],4c6dc0df9616360197fe7189e59201f58c9b6f458d8fba2711c6cbd1764da7dd,970c5b1e5033bf3404d167eb22d323281eeb43a8efc4315c3c29290373853050,826d2932a6db9b65,159.81833530633236,13.18284013026726,b1e2c1e2a35df635,[],1.0,esp_011881_1585,['train'],1.0,Counter({'train': 1}),val,69b6f25edcb62ea5,True,hirise_clean,0,C:\Users\deves\OneDrive\Desktop\Projects\TCMD-SS\data\raw\hirise_v3_2\map-proj-v3_2\ESP_011881_1585_RED-0037.jpg
map-proj-v3_2/ESP_011881_1585_RED-0038.jpg,ok,,JPEG,227.0,227.0,L,1.0,1.0,normal,other,train,esp_011881_1585_red-0038,[],494d12a1650c68635acc7595657d7ccacf5afda6456ab88b31b3dc3eab07e00d,aa6a85a01efad2d29f977bc4320aebf1f0a84072133bb7a416c56c4a0cbdd8af,81e073c94dccce79,122.87737002464632,54.14512769775821,edab9f58fa8bc1f1,[],0.0,esp_011881_1585,['train'],1.0,Counter({'train': 1}),val,69b6f25edcb62ea5,True,hirise_clean,0,C:\Users\deves\OneDrive\Desktop\Projects\TCMD-SS\data\raw\hirise_v3_2\map-proj-v3_2\ESP_011881_1585_RED-0038.jpg
map-proj-v3_2/ESP_011881_1585_RED-0039.jpg,ok,,JPEG,227.0,227.0,L,1.0,1.0,normal,crater,train,esp_011881_1585_red-0039,[],ef41f721b8d9d74ce125068bf7c3458b018edb13726d89c08fe5976bd7cbee13,ba70f88547642ee519369577b3f0309b76057ee91b1a13c4820356d1cf4723f7,9a70e5cbd2d0347c,75.52488889751402,18.345651057635987,51c566dc5551b783,[],1.0,esp_011881_1585,['train'],1.0,Counter({'train': 1}),val,69b6f25edcb62ea5,True,hirise_clean,0,C:\Users\deves\OneDrive\Desktop\Projects\TCMD-SS\data\raw\hirise_v3_2\map-proj-v3_2\ESP_011881_1585_RED-0039.jpg
map-proj-v3_2/ESP_011881_1585_RED-0040.jpg,ok,,JPEG,227.0,227.0,L,1.0,1.0,normal,other,train,esp_011881_1585_red-0040,[],a069521de0d53251fed350679733d28b79ab1c2fcd465fb6e4a0f7f73bb7b4f2,5d77410858441e2879faf0dd2dc263973c7b4bc3baf08629b66daee3d38c5501,c418b1c71b3654fd,70.85532418638049,19.22734874844226,84baec70ba25f8d0,[],0.0,esp_011881_1585,['train'],1.0,Counter({'train': 1}),val,69b6f25edcb62ea5,True,hirise_clean,0,C:\Users\deves\OneDrive\Desktop\Projects\TCMD-SS\data\raw\hirise_v3_2\map-proj-v3_2\ESP_011881_1585_RED-0040.jpg
map-proj-v3_2/ESP_011881_1585_RED-0041.jpg,ok,,JPEG,227.0,227.0,L,1.0,1.0,normal,other,train,esp_011881_1585_red-0041,[],d2614d7e36680a892a53cecb86ff1ffb4036759b4490c2dd37cbaf591a9cd548,86cfe4b85246a975aaedadce5b68a568412d06af9ed91419c7fb0fc6dd4eea1f,8aa0354dcf73668e,121.19689883366648,13.93450095966721,335e3c9bc0705c33,[],0.0,esp_011881_1585,['train'],1.0,Counter({'train': 1}),val,69b6f25edcb62ea5,True,hirise_clean,0,C:\Users\deves\OneDrive\Desktop\Projects\TCMD-SS\data\raw\hirise_v3_2\map-proj-v3_2\ESP_011881_1585_RED-0041.jpg
map-proj-v3_2/ESP_011881_1585_RED-0044.jpg,ok,,JPEG,227.0,227.0,L,1.0,1.0,normal,other,train,esp_011881_1585_red-0044,[],f3134d29b904a60fe29acc2fe1e14d9561eca0e32a6f49cfd7fbc2836fea8329,95c8cef9573ba38de7bb0a1299e062d3872367946eb49a6f2dbb068ea8edce1c,e5df169a98d468a8,133.458712569621,21.825967253977,e6a25090aaefae5c,[],0.0,esp_011881_1585,['train'],1.0,Counter({'train': 1}),val,69b6f25edcb62ea5,True,hirise_clean,0,C:\Users\deves\OneDrive\Desktop\Projects\TCMD-SS\data\raw\hirise_v3_2\map-proj-v3_2\ESP_011881_1585_RED-0044.jpg
map-proj-v3_2/ESP_011881_1585_RED-0049.jpg,ok,,JPEG,227.0,227.0,L,1.0,1.0,normal,other,train,esp_011881_1585_red-0049,[],c0065d5c138860030e90c5e4594dfe9ae1860db7d8830f47c91f603e1a21bdb5,cadb918f0c3f539e61c02394011329273a113e0612dc800e4b3fe8e5ccd450ac,87e1385b94d465d9,118.74591007005765,63.35564434255637,2945f1bcea93f2aa,[],0.0,esp_011881_1585,['train'],1.0,Counter({'train': 1}),val,69b6f25edcb62ea5,True,hirise_clean,0,C:\Users\deves\OneDrive\Desktop\Projects\TCMD-SS\data\raw\hirise_v3_2\map-proj-v3_2\ESP_011881_1585_RED-0049.jpg
map-proj-v3_2/ESP_011881_1585_RED-0050.jpg,ok,,JPEG,227.0,227.0,L,1.0,1.0,normal,other,train,esp_011881_1585_red-0050,[],718f6f99adb7c60f66eba91fc5422c621e48407f9203226ef6f3571733d791bf,3fcd53b01ffe1424a906a1ca8fc8129bc3dbc3cdc631048b32f46aacf83e2b92,ee4c9bfe0c6c3620,101.4242853538784,15.794344859131098,5bc7ab8af97e0218,[],0.0,esp_011881_1585,['train'],1.0,Counter({'train': 1}),val,69b6f25edcb62ea5,True,hirise_clean,0,C:\Users\deves\OneDrive\Desktop\Projects\TCMD-SS\data\raw\hirise_v3_2\map-proj-v3_2\ESP_011881_1585_RED-0050.jpg
map-proj-v3_2/ESP_011881_1585_RED-0051.jpg,ok,,JPEG,227.0,227.0,L,1.0,1.0,normal,crater,train,esp_011881_1585_red-0051,[],8db0a890325403b4c8e29a988a4643ed72109ec3fde2d28a5009a7bced1cef1e,51ec14ca0f76e1193574bd0be98044c35930d242b9372eb2217269231f9d6591,a758992366adea91,77.77705757922723,13.82232764738032,1aafbe59f6311ca1,[],1.0,esp_011881_1585,['train'],1.0,Counter({'train': 1}),val,69b6f25edcb62ea5,True,hirise_clean,0,C:\Users\deves\OneDrive\Desktop\Projects\TCMD-SS\data\raw\hirise_v3_2\map-proj-v3_2\ESP_011881_1585_RED-0051.jpg
map-proj-v3_2/ESP_011881_1585_RED-0053.jpg,ok,,JPEG,227.0,227.0,L,1.0,1.0,normal,other,train,esp_011881_1585_red-0053,[],a488c96a3a6b41db1c8c3a2a1913b72b561532900b6bbcf80bca313dac3bdcde,95d5fec3bb9c0fe6284af3c16d47f23446ca9e65d168e0922c963b3067b9dec3,e6cc9d271c193366,60.79842418832114,14.52609971936049,623fd072a08ad664,[],0.0,esp_011881_1585,['train'],1.0,Counter({'train': 1}),val,69b6f25edcb62ea5,True,hirise_clean,0,C:\Users\deves\OneDrive\Desktop\Projects\TCMD-SS\data\raw\hirise_v3_2\map-proj-v3_2\ESP_011881_1585_RED-0053.jpg
map-proj-v3_2/ESP_011881_1585_RED-0054.jpg,ok,,JPEG,227.0,227.0,L,1.0,1.0,normal,other,train,esp_011881_1585_red-0054,[],28cf6fb2b7b41e917bf215a65f1e10acdf657a22b97eb87f5a19778b6a14dea7,06e6a1f77d3475df9635f12189416e17ccac9476f14d5f4e1100040c185e0d96,f335ac1efe20d821,47.22789109045392,16.075790381975754,4f34ed10b23d1a61,[],0.0,esp_011881_1585,['train'],1.0,Counter({'train': 1}),val,69b6f25edcb62ea5,True,hirise_clean,0,C:\Users\deves\OneDrive\Desktop\Projects\TCMD-SS\data\raw\hirise_v3_2\map-proj-v3_2\ESP_011881_1585_RED-0054.jpg
map-proj-v3_2/ESP_011881_1585_RED-0055.jpg,ok,,JPEG,227.0,227.0,L,1.0,1.0,normal,other,train,esp_011881_1585_red-0055,[],4299965451190b75e2caa879edf32411de655c1ee9b1e73d9f12c4bd16371a75,504b2ed7b0a24f18934bcc7386b54c0f8a1f2ee1bcc4afac66e9249a141d4531,c3353396cee03993,100.7247569329892,37.3727246816268,6f1efa9565f5de35,[],0.0,esp_011881_1585,['train'],1.0,Counter({'train': 1}),val,69b6f25edcb62ea5,True,hirise_clean,0,C:\Users\deves\OneDrive\Desktop\Projects\TCMD-SS\data\raw\hirise_v3_2\map-proj-v3_2\ESP_011881_1585_RED-0055.jpg
map-proj-v3_2/ESP_011881_1585_RED-0056.jpg,ok,,JPEG,227.0,227.0,L,1.0,1.0,normal,other,train,esp_011881_1585_red-0056,[],7c22bb97616151a80574aace75cc6e4c323129e48892013b5730a76577cbdd92,88d97d14e171912898c1232d4c6dc66184adab00ee529284eb769bc2a5db4626,ef4a9b2247b853a2,51.30800131964525,16.407858284515815,821dd38b9be347f0,[],0.0,esp_011881_1585,['train'],1.0,Counter({'train': 1}),val,69b6f25edcb62ea5,True,hirise_clean,0,C:\Users\deves\OneDrive\Desktop\Projects\TCMD-SS\data\raw\hirise_v3_2\map-proj-v3_2\ESP_011881_1585_RED-0056.jpg
map-proj-v3_2/ESP_011881_1585_RED-0057.jpg,ok,,JPEG,227.0,227.0,L,1.0,1.0,normal,other,train,esp_011881_1585_red-0057,[],a1b714f92df398fc31060e4d2a580ce7da5aa74f9f9950e80cd989ef20e95fd9,2348ef6e4e58ec45b7ea95e05331253e16c2675a7e604943cd936dd25bcbc917,cd88f318f067788b,148.69093132022743,17.913105400008686,778ac5e04f2fe3ae,[],0.0,esp_011881_1585,['train'],1.0,Counter({'train': 1}),val,69b6f25edcb62ea5,True,hirise_clean,0,C:\Users\deves\OneDrive\Desktop\Projects\TCMD-SS\data\raw\hirise_v3_2\map-proj-v3_2\ESP_011881_1585_RED-0057.jpg
map-proj-v3_2/ESP_011881_1585_RED-0058.jpg,ok,,JPEG,227.0,227.0,L,1.0,1.0,normal,crater,train,esp_011881_1585_red-0058,[],4808a4dc5826b85431d0fede5366d71b1136f9810678f872e733b0fca3b92d4a,fb69e9c78ee7eb2b9899770022a2dcc0e00ed72bc3f79396dcbb52e63bd3c984,fb938dce32300cd3,115.38983873158804,19.81641415434532,c200e4f64c866ff6,[],1.0,esp_011881_1585,['train'],1.0,Counter({'train': 1}),val,69b6f25edcb62ea5,True,hirise_clean,0,C:\Users\deves\OneDrive\Desktop\Projects\TCMD-SS\data\raw\hirise_v3_2\map-proj-v3_2\ESP_011881_1585_RED-0058.jpg
map-proj-v3_2/ESP_011881_1585_RED-0060.jpg,ok,,JPEG,227.0,227.0,L,1.0,1.0,normal,other,train,esp_011881_1585_red-0060,[],ab83d19e5134363b42ca29d5b2c40a0da3ac26daf8f6ca7fb0b848fa6bc7c47b,647900755a15ac171920b54204ad42f5dde01da91bf3e9a6bfd1484d3796c467,e0d19de4a779e083,56.64022201090648,20.81906030678811,3d64aaa46046045b,[],0.0,esp_011881_1585,['train'],1.0,Counter({'train': 1}),val,69b6f25edcb62ea5,True,hirise_clean,0,C:\Users\deves\OneDrive\Desktop\Projects\TCMD-SS\data\raw\hirise_v3_2\map-proj-v3_2\ESP_011881_1585_RED-0060.jpg
map-proj-v3_2/ESP_011881_1585_RED-0061.jpg,ok,,JPEG,227.0,227.0,L,1.0,1.0,normal,other,train,esp_011881_1585_red-0061,[],be0cd0c82a50aeab54485d9fa0a173533b16e1942e4db504d0404c8ef0ce14f4,2c1a7881e5a0707ed98d735fd93ac04fdaaa629f41a9e4d7074c034959e0a9fd,80ff8f3a32d09366,145.57272603776514,36.80962627372112,df500a38ee9b8e13,[],0.0,esp_011881_1585,['train'],1.0,Counter({'train': 1}),val,69b6f25edcb62ea5,True,hirise_clean,0,C:\Users\deves\OneDrive\Desktop\Projects\TCMD-SS\data\raw\hirise_v3_2\map-proj-v3_2\ESP_011881_1585_RED-0061.jpg
map-proj-v3_2/ESP_011881_1585_RED-0062.jpg,ok,,JPEG,227.0,227.0,L,1.0,1.0,normal,other,train,esp_011881_1585_red-0062,[],8b51f78a74765db638f8e4394295a98343d08f07ac9d75c1778110cc4c146463,b79fefb38dff1f5dc3cf35f11fdb2f5427981bca95e98a86adc42c9166413e17,c5729a3b08c19ef3,147.07871295775195,15.98689566281567,e14f764fb8273ed5,[],0.0,esp_011881_1585,['train'],1.0,Counter({'train': 1}),val,69b6f25edcb62ea5,True,hirise_clean,0,C:\Users\deves\OneDrive\Desktop\Projects\TCMD-SS\data\raw\hirise_v3_2\map-proj-v3_2\ESP_011881_1585_RED-0062.jpg
map-proj-v3_2/ESP_011881_1585_RED-0067.jpg,ok,,JPEG,227.0,227.0,L,1.0,1.0,normal,other,train,esp_011881_1585_red-0067,[],4e279bcc71a7c9c810a230eb8df8ba37e59f99400107ee09b9b22c89f567239d,a31188c4c6134cccf1f953400b8e5211e04f33da73acd8a6c92675c4725bbcea,ee371d198c83b3b0,60.00582196433077,14.75324033421908,51601b5374fa1a59,[],0.0,esp_011881_1585,['train'],1.0,Counter({'train': 1}),val,69b6f25edcb62ea5,True,hirise_clean,0,C:\Users\deves\OneDrive\Desktop\Projects\TCMD-SS\data\raw\hirise_v3_2\map-proj-v3_2\ESP_011881_1585_RED-0067.jpg
map-proj-v3_2/ESP_011881_1585_RED-0068.jpg,ok,,JPEG,227.0,227.0,L,1.0,1.0,normal,crater,train,esp_011881_1585_red-0068,[],98c818f99feb68eb9be2725876dcbebf765935919f403ad374fbe74522e7080e,2301ae283f1831013a7272a24512efb21b25cde53ded9c0833cd723c48f55bfe,93dacc863c759236,53.01987230491568,16.873740545754195,846f14626b346d3d,[],1.0,esp_011881_1585,['train'],1.0,Counter({'train': 1}),val,69b6f25edcb62ea5,True,hirise_clean,0,C:\Users\deves\OneDrive\Desktop\Projects\TCMD-SS\data\raw\hirise_v3_2\map-proj-v3_2\ESP_011881_1585_RED-0068.jpg
map-proj-v3_2/ESP_011881_1585_RED-0070.jpg,ok,,JPEG,227.0,227.0,L,1.0,1.0,normal,other,train,esp_011881_1585_red-0070,[],2890ad72209877a4d65eb625736ed091c281a9806d21b0065893f07a090a7dc3,2c59d594cd45e2c4120fcad7aa7479f4ad6cf9b9e42cda6d13cdb9313d4f4f46,8c8e3356cc1db72a,47.01148867627938,15.070255493730317,c70a5313c6d6c55e,[],0.0,esp_011881_1585,['train'],1.0,Counter({'train': 1}),val,69b6f25edcb62ea5,True,hirise_clean,0,C:\Users\deves\OneDrive\Desktop\Projects\TCMD-SS\data\raw\hirise_v3_2\map-proj-v3_2\ESP_011881_1585_RED-0070.jpg
map-proj-v3_2/ESP_011881_1585_RED-0071.jpg,ok,,JPEG,227.0,227.0,L,1.0,1.0,normal,other,train,esp_011881_1585_red-0071,[],de37f1f7547995840c8c2b6aa4929ab18a6e6bb61d4ad01a5082e8090da8975f,d7d00a201923f968e931dc97dbbd9a519c793053208b65e869767ad5c87f1903,868954962d4a75fd,53.29771584932756,17.204555637292586,2d7bcee3b72df6ae,[],0.0,esp_011881_1585,['train'],1.0,Counter({'train': 1}),val,69b6f25edcb62ea5,True,hirise_clean,0,C:\Users\deves\OneDrive\Desktop\Projects\TCMD-SS\data\raw\hirise_v3_2\map-proj-v3_2\ESP_011881_1585_RED-0071.jpg
map-proj-v3_2/ESP_011881_1585_RED-0073.jpg,ok,,JPEG,227.0,227.0,L,1.0,1.0,normal,other,train,esp_011881_1585_red-0073,[],c370b3705d7a451e19894329c6047f6b7eab1b896d03b3d619e9f9997e308127,e6b3c85717291a9e043acbe1ddd7ca118dc44851d647412a6b1ce9d85c077424,d4c29363cc3c3dc9,43.815172039045976,24.129001060210378,3409b8811ed0eee9,[],0.0,esp_011881_1585,['train'],1.0,Counter({'train': 1}),val,69b6f25edcb62ea5,True,hirise_clean,0,C:\Users\deves\OneDrive\Desktop\Projects\TCMD-SS\data\raw\hirise_v3_2\map-proj-v3_2\ESP_011881_1585_RED-0073.jpg
map-proj-v3_2/ESP_011881_1585_RED-0080.jpg,ok,,JPEG,227.0,227.0,L,1.0,1.0,normal,other,train,esp_011881_1585_red-0080,[],ceab2609b899944e8aa5c228de5854d70065a675f3792621220898f361e72c62,88bb87370eb331adb4bc1436f923b31fe8d8e089d211fbd7016f81c2d0e3b654,e7f591a58af0a48c,46.59882784451474,16.543318956835297,64b2dff5536fdbf6,[],0.0,esp_011881_1585,['train'],1.0,Counter({'train': 1}),val,69b6f25edcb62ea5,True,hirise_clean,0,C:\Users\deves\OneDrive\Desktop\Projects\TCMD-SS\data\raw\hirise_v3_2\map-proj-v3_2\ESP_011881_1585_RED-0080.jpg
map-proj-v3_2/ESP_011881_1585_RED-0082.jpg,ok,,JPEG,227.0,227.0,L,1.0,1.0,normal,other,train,esp_011881_1585_red-0082,[],0ded1df8806880017b1dffd5ebcb62e52c3ca4f557f5f018e80ffe62386e221d,69c5d79a9c93c1482cadbc0dae1e21f1a4db41f8670dd97a6a422f548cc78050,ecd2110f94a9fb2c,49.54041413572939,18.803077093780534,ca416c89cd458bef,[],0.0,esp_011881_1585,['train'],1.0,Counter({'train': 1}),val,69b6f25edcb62ea5,True,hirise_clean,0,C:\Users\deves\OneDrive\Desktop\Projects\TCMD-SS\data\raw\hirise_v3_2\map-proj-v3_2\ESP_011881_1585_RED-0082.jpg
map-proj-v3_2/ESP_011881_1585_RED-0084.jpg,ok,,JPEG,227.0,227.0,L,1.0,1.0,normal,other,train,esp_011881_1585_red-0084,[],4361acf355818213d865822871d5c7d55270ed9c953b1aaa2e17c26263febd78,03330ec4b5c6638540d4dd0fcab6d569874d04e5a85bb0299c129ceb578ce36b,da81bc31b13bb0ad,51.26016417939413,18.655344950556746,0c36d5225cf02bdf,[],0.0,esp_011881_1585,['train'],1.0,Counter({'train': 1}),val,69b6f25edcb62ea5,True,hirise_clean,0,C:\Users\deves\OneDrive\Desktop\Projects\TCMD-SS\data\raw\hirise_v3_2\map-proj-v3_2\ESP_011881_1585_RED-0084.jpg
map-proj-v3_2/ESP_011881_1585_RED-0090.jpg,ok,,JPEG,227.0,227.0,L,1.0,1.0,normal,other,train,esp_011881_1585_red-0090,[],96e114a18d6b3077a1dbf57f4fe37123e56c22aa305464741de30a44da1af45f,06c6a7cf0cb974553e9c806a69d440c34e6111447bb336410bfa9598d56c15a1,fa25904e66370fca,103.1466358749442,40.96345515147096,b13e67d49c851fb4,[],0.0,esp_011881_1585,['train'],1.0,Counter({'train': 1}),val,69b6f25edcb62ea5,True,hirise_clean,0,C:\Users\deves\OneDrive\Desktop\Projects\TCMD-SS\data\raw\hirise_v3_2\map-proj-v3_2\ESP_011881_1585_RED-0090.jpg
map-proj-v3_2/ESP_011881_1585_RED-0093.jpg,ok,,JPEG,227.0,227.0,L,1.0,1.0,normal,other,train,esp_011881_1585_red-0093,[],ad389092cdccd47c2855eb843a40d910350ec9d76445c24b88de87971b7c7a07,a75300c3d328329f9098f4e77bc17b5a425cbcdca4c6aa8d9b0d4a17074ca1b1,e3b20e09ebcc5699,59.68988336664791,20.56906378687624,6240b559ff2ee476,[],0.0,esp_011881_1585,['train'],1.0,Counter({'train': 1}),val,69b6f25edcb62ea5,True,hirise_clean,0,C:\Users\deves\OneDrive\Desktop\Projects\TCMD-SS\data\raw\hirise_v3_2\map-proj-v3_2\ESP_011881_1585_RED-0093.jpg
map-proj-v3_2/ESP_011881_1585_RED-0095.jpg,ok,,JPEG,227.0,227.0,L,1.0,1.0,normal,other,train,esp_011881_1585_red-0095,[],bbee5a638a881b838e9d2e9a42d92c383f862cc10b2d4fb081c985860583343a,45a1ea3480c922423d9fece36e7fb4f71dbd9a2b780dfb046c3a00d981d5125a,e7cb1c8cd1137cc1,81.64224029187447,13.968307682427698,993f96192e64eec4,[],0.0,esp_011881_1585,['train'],1.0,Counter({'train': 1}),val,69b6f25edcb62ea5,True,hirise_clean,0,C:\Users\deves\OneDrive\Desktop\Projects\TCMD-SS\data\raw\hirise_v3_2\map-proj-v3_2\ESP_011881_1585_RED-0095.jpg
map-proj-v3_2/ESP_011881_1585_RED-0099.jpg,ok,,JPEG,227.0,227.0,L,1.0,1.0,normal,other,train,esp_011881_1585_red-0099,[],e7170eb0e814eef4c83f834c5b65e14a2972e027639cc90de3c5b600872ca0a5,1ba9b1c0d483b9264eb2c99f32cf7b15bef795b278e473d4b9b47e34c084ed58,eedcc002f6b8a1ec,51.28011411050088,17.080680106042582,f9edd960acf20fba,[],0.0,esp_011881_1585,['train'],1.0,Counter({'train': 1}),val,69b6f25edcb62ea5,True,hirise_clean,0,C:\Users\deves\OneDrive\Desktop\Projects\TCMD-SS\data\raw\hirise_v3_2\map-proj-v3_2\ESP_011881_1585_RED-0099.jpg
map-proj-v3_2/ESP_011881_1585_RED-0100.jpg,ok,,JPEG,227.0,227.0,L,1.0,1.0,normal,other,train,esp_011881_1585_red-0100,[],fb3b10f6dd3a99a4f5f175c7c2381f2f02a1042065dca7e27eb5d38239a989a8,590f4192525d93c6d3394a6ebadfcdeb6c1f0875a9f898ea57a78adfd1636499,c18d1a25cfbe8a1e,65.9604688621941,19.015776833417057,d36691063b60bda2,[],0.0,esp_011881_1585,['train'],1.0,Counter({'train': 1}),val,69b6f25edcb62ea5,True,hirise_clean,0,C:\Users\deves\OneDrive\Desktop\Projects\TCMD-SS\data\raw\hirise_v3_2\map-proj-v3_2\ESP_011881_1585_RED-0100.jpg
map-proj-v3_2/ESP_011881_1585_RED-0118.jpg,ok,,JPEG,227.0,227.0,L,1.0,1.0,normal,other,train,esp_011881_1585_red-0118,[],7f52705c9419e968b084deee54be4ca0e72b54cefff4b6791683a4c562dd89f2,9f296270c7f9f7c848ffc55ca1b6b7a771df5469cd9b16cd174ea979698c7203,de5630e14a92e957,72.31743290186108,17.910580412767207,9bc88bc272e61bd9,[],0.0,esp_011881_1585,['train'],1.0,Counter({'train': 1}),val,69b6f25edcb62ea5,True,hirise_clean,0,C:\Users\deves\OneDrive\Desktop\Projects\TCMD-SS\data\raw\hirise_v3_2\map-proj-v3_2\ESP_011881_1585_RED-0118.jpg
map-proj-v3_2/ESP_011881_1585_RED-0123.jpg,ok,,JPEG,227.0,227.0,L,1.0,1.0,normal,other,train,esp_011881_1585_red-0123,[],a1f89050443c7fea3870d48465d1cade63cf14e80e498b767da4eba6aabe8736,d317e4bb894b85da966267ea5e2a4008c27174fbdbc44534371096db2e3f31ed,bfdd90f0878cb106,73.97378175396379,13.224579779951291,5a771fe642d1657e,[],0.0,esp_011881_1585,['train'],1.0,Counter({'train': 1}),val,69b6f25edcb62ea5,True,hirise_clean,0,C:\Users\deves\OneDrive\Desktop\Projects\TCMD-SS\data\raw\hirise_v3_2\map-proj-v3_2\ESP_011881_1585_RED-0123.jpg
map-proj-v3_2/ESP_011881_1585_RED-0126.jpg,ok,,JPEG,227.0,227.0,L,1.0,1.0,normal,crater,train,esp_011881_1585_red-0126,[],a1f2f44e6c75c89e71a465ae15e29e7819b2e03d387847564e1eaf171e7de1d1,2054101f2c1ac0a9f7e86be789574b10165438e9f7b518902c577b7defa444d2,d90f4e3130e4c77a,100.5457703429137,16.290023583135625,b85d7aafe621b29c,[],1.0,esp_011881_1585,['train'],1.0,Counter({'train': 1}),val,69b6f25edcb62ea5,True,hirise_clean,0,C:\Users\deves\OneDrive\Desktop\Projects\TCMD-SS\data\raw\hirise_v3_2\map-proj-v3_2\ESP_011881_1585_RED-0126.jpg
map-proj-v3_2/ESP_011881_1585_RED-0137.jpg,ok,,JPEG,227.0,227.0,L,1.0,1.0,normal,other,train,esp_011881_1585_red-0137,[],a7e23736f57541d9d5aaec97152eb2d8f6d98e1df203d1eee137f8acc95194f3,41a661187d6e0b5855a87a00841e6b01b8d820d3038f2c7611982a93bcb91b3e,d24b316a37d32563,60.37165479632828,35.10662639238656,8e084f0fb1a4055d,[],0.0,esp_011881_1585,['train'],1.0,Counter({'train': 1}),val,69b6f25edcb62ea5,True,hirise_clean,0,C:\Users\deves\OneDrive\Desktop\Projects\TCMD-SS\data\raw\hirise_v3_2\map-proj-v3_2\ESP_011881_1585_RED-0137.jpg
map-proj-v3_2/ESP_011881_1585_RED-0138.jpg,ok,,JPEG,227.0,227.0,L,1.0,1.0,normal,other,train,esp_011881_1585_red-0138,[],06f6b6431c7708307590d62b25adbd97669c5c61b35677bdd368d389dd50708b,3fe59e8d757138d94d55cde8af23787e76f9b8186213497d4e94156d8fea8f2a,a2ce5d5256d59435,72.50132934852219,15.289006965570968,2c14f4dcae180008,[],0.0,esp_011881_1585,['train'],1.0,Counter({'train': 1}),val,69b6f25edcb62ea5,True,hirise_clean,0,C:\Users\deves\OneDrive\Desktop\Projects\TCMD-SS\data\raw\hirise_v3_2\map-proj-v3_2\ESP_011881_1585_RED-0138.jpg
map-proj-v3_2/ESP_011881_1585_RED-0145.jpg,ok,,JPEG,227.0,227.0,L,1.0,1.0,normal,other,train,esp_011881_1585_red-0145,[],2c9625bc0b603f76bbc1617711cfb20cf65ee4173ba339f62182a9dc67d7a6c0,8c0c2ad10eaf390b8ef77b82ce46fdd6dc1f8159cf43714ae52881c8b6e72791,c87811f9379c13d3,80.81905334859982,18.219921803705507,f18939b365cf65b2,[],0.0,esp_011881_1585,['train'],1.0,Counter({'train': 1}),val,69b6f25edcb62ea5,True,hirise_clean,0,C:\Users\deves\OneDrive\Desktop\Projects\TCMD-SS\data\raw\hirise_v3_2\map-proj-v3_2\ESP_011881_1585_RED-0145.jpg
map-proj-v3_2/ESP_011881_1585_RED-0147.jpg,ok,,JPEG,227.0,227.0,L,1.0,1.0,normal,other,train,esp_011881_1585_red-0147,[],1bde1169c1c303e11e978b59641b0ed4cd01e91915dfcfedbfdac4f8e9e8b716,9562f0bc54d24cbd5725effc5e36990b463ae0f7ef3571c78be430547b9ac271,d675a14ab505ad0f,60.20446738729648,19.646894425037598,50a57a3e616f2975,[],0.0,esp_011881_1585,['train'],1.0,Counter({'train': 1}),val,69b6f25edcb62ea5,True,hirise_clean,0,C:\Users\deves\OneDrive\Desktop\Projects\TCMD-SS\data\raw\hirise_v3_2\map-proj-v3_2\ESP_011881_1585_RED-0147.jpg
map-proj-v3_2/ESP_011881_1585_RED-0150.jpg,ok,,JPEG,227.0,227.0,L,1.0,1.0,normal,other,train,esp_011881_1585_red-0150,[],cdbbcaac0d65d15c55118837f59292c46084326621c5aac4df6fe48a1fbd3d10,e787c991b3f60559817900da2aa36ff9f67d98cdc0c7381d9a20292ac0e0662e,e6069931ce61333f,54.73583807176541,16.177631968950887,72721587948e86ca,[],0.0,esp_011881_1585,['train'],1.0,Counter({'train': 1}),val,69b6f25edcb62ea5,True,hirise_clean,0,C:\Users\deves\OneDrive\Desktop\Projects\TCMD-SS\data\raw\hirise_v3_2\map-proj-v3_2\ESP_011881_1585_RED-0150.jpg
map-proj-v3_2/ESP_011881_1585_RED-0157.jpg,ok,,JPEG,227.0,227.0,L,1.0,1.0,normal,other,train,esp_011881_1585_red-0157,[],9cc465984de69105dbf1b5f1fb0c6bffd517876c2f2d9c28d21c6d23d61c6c9c,da47273970d52c93b6325ac42dc68f4833b7ea6740c0cb6662ca1d709fb50eec,d515483347cadcb9,64.50505540569388,21.419991237818135,6ba9295f87d3f61e,[],0.0,esp_011881_1585,['train'],1.0,Counter({'train': 1}),val,69b6f25edcb62ea5,True,hirise_clean,0,C:\Users\deves\OneDrive\Desktop\Projects\TCMD-SS\data\raw\hirise_v3_2\map-proj-v3_2\ESP_011881_1585_RED-0157.jpg
map-proj-v3_2/ESP_011881_1585_RED-0166.jpg,ok,,JPEG,227.0,227.0,L,1.0,1.0,normal,other,train,esp_011881_1585_red-0166,[],dd83feba7ce211aae3401c7a197e95c7ccfc7c120dbdebb99e87d4257a7dfb56,e50071e11122c1c1212ed6ddbc33355221be25736128386fc2387f25f00a8b2f,81f0bfc8455555bc,165.5325350773351,69.65159268433226,50e41b25d059f2c9,[],0.0,esp_011881_1585,['train'],1.0,Counter({'train': 1}),val,69b6f25edcb62ea5,True,hirise_clean,0,C:\Users\deves\OneDrive\Desktop\Projects\TCMD-SS\data\raw\hirise_v3_2\map-proj-v3_2\ESP_011881_1585_RED-0166.jpg
map-proj-v3_2/ESP_011881_1585_RED-0169.jpg,ok,,JPEG,227.0,227.0,L,1.0,1.0,normal,other,train,esp_011881_1585_red-0169,[],40ba5f0f17c0cab883c2383b597022f4b60f509c61678ae4252cb3a21fc2f161,abe901ace91acf295b3717a6c3eb0d60d090c30f769626af7ea163c1a3b10458,c7ec33d04626b3c9,187.754875895127,15.079383850002802,d483eabd0c488d03,[],0.0,esp_011881_1585,['train'],1.0,Counter({'train': 1}),val,69b6f25edcb62ea5,True,hirise_clean,0,C:\Users\deves\OneDrive\Desktop\Projects\TCMD-SS\data\raw\hirise_v3_2\map-proj-v3_2\ESP_011881_1585_RED-0169.jpg
map-proj-v3_2/ESP_011881_1585_RED-0170.jpg,ok,,JPEG,227.0,227.0,L,1.0,1.0,normal,other,train,esp_011881_1585_red-0170,[],25b0032b573634be635213162ea7444fc210b699ac52d464aad3b56a92da8fda,a3d6723896a4ef77231753355978e32bc223e7c547860c30c36f5d721a109a8d,f9ea14a3b92d4554,157.97719730637118,16.31302349426266,5fcbbf00eadd8478,[],0.0,esp_011881_1585,['train'],1.0,Counter({'train': 1}),val,69b6f25edcb62ea5,True,hirise_clean,0,C:\Users\deves\OneDrive\Desktop\Projects\TCMD-SS\data\raw\hirise_v3_2\map-proj-v3_2\ESP_011881_1585_RED-0170.jpg
map-proj-v3_2/ESP_011881_1585_RED-0179.jpg,ok,,JPEG,227.0,227.0,L,1.0,1.0,normal,other,train,esp_011881_1585_red-0179,[],b149d7f1ab0727c2418e10fe5aa1836947068da6cd39027c95208e76cc5071ed,211c756d6a8518a5adaf00c6c35b6d5bed27c3490c177bd15b5c1dc09458f8f1,a9569e33252e683e,41.65848357235731,15.571472760067651,571e03c91dbad4cd,[],0.0,esp_011881_1585,['train'],1.0,Counter({'train': 1}),val,69b6f25edcb62ea5,True,hirise_clean,0,C:\Users\deves\OneDrive\Desktop\Projects\TCMD-SS\data\raw\hirise_v3_2\map-proj-v3_2\ESP_011881_1585_RED-0179.jpg
map-proj-v3_2/ESP_011881_1585_RED-0187.jpg,ok,,JPEG,227.0,227.0,L,1.0,1.0,normal,other,train,esp_011881_1585_red-0187,[],892c14f3f4c05674901990a43c5fcecc884a282d1363a9aea35780b31fc8a2da,b229212443e4ee52e26525fcc5b21ce7096405a88927ff712c3880a3d60b1789,b27878f1e6930335,75.71161870014943,13.685810746281687,dd334c8705965e4a,[],0.0,esp_011881_1585,['train'],1.0,Counter({'train': 1}),val,69b6f25edcb62ea5,True,hirise_clean,0,C:\Users\deves\OneDrive\Desktop\Projects\TCMD-SS\data\raw\hirise_v3_2\map-proj-v3_2\ESP_011881_1585_RED-0187.jpg
map-proj-v3_2/ESP_011881_1585_RED-0193.jpg,ok,,JPEG,227.0,227.0,L,1.0,1.0,normal,other,train,esp_011881_1585_red-0193,[],84cdcba8ef7bfbe68c046df243af8a4d0d8f9eb65a93dab40b6aeb434ced17c4,a369da61c584229026a5d1107f41246960256a55729eed38f4d2842b2fd8d1bf,8e635ac751cc6655,94.53300083448156,62.80718847413039,b3beed50a618c030,[],0.0,esp_011881_1585,['train'],1.0,Counter({'train': 1}),val,69b6f25edcb62ea5,True,hirise_clean,0,C:\Users\deves\OneDrive\Desktop\Projects\TCMD-SS\data\raw\hirise_v3_2\map-proj-v3_2\ESP_011881_1585_RED-0193.jpg
map-proj-v3_2/ESP_011881_1585_RED-0199.jpg,ok,,JPEG,227.0,227.0,L,1.0,1.0,normal,other,train,esp_011881_1585_red-0199,[],2630ca8308340b5156af0ebae9a6aad1d3c70628d279fdaa4ed8c3ea0d46c2ee,08b2920e661ae73ae50dcba918aa27b283da6a780c66c5743a3aef0650499937,ff7608c4e63152b1,140.48995711152943,16.07736579626607,c023c8c8ee942bdf,[],0.0,esp_011881_1585,['train'],1.0,Counter({'train': 1}),val,69b6f25edcb62ea5,True,hirise_clean,0,C:\Users\deves\OneDrive\Desktop\Projects\TCMD-SS\data\raw\hirise_v3_2\map-proj-v3_2\ESP_011881_1585_RED-0199.jpg
map-proj-v3_2/ESP_011881_1585_RED-0216.jpg,ok,,JPEG,227.0,227.0,L,1.0,1.0,normal,other,train,esp_011881_1585_red-0216,[],316992aeb11e559562f3cc3c7a86576cb4a7b7d9fb4458db41c440cac865c546,2bc96aa5179bcfbc084cce8029d42fb3beadc872b937194b048d96d03c66ccbb,f72359ac6291449f,125.39197345184265,13.96529614452727,537854d3588b14d8,[],0.0,esp_011881_1585,['train'],1.0,Counter({'train': 1}),val,69b6f25edcb62ea5,True,hirise_clean,0,C:\Users\deves\OneDrive\Desktop\Projects\TCMD-SS\data\raw\hirise_v3_2\map-proj-v3_2\ESP_011881_1585_RED-0216.jpg
map-proj-v3_2/ESP_011881_1585_RED-0238.jpg,ok,,JPEG,227.0,227.0,L,1.0,1.0,normal,other,train,esp_011881_1585_red-0238,[],b6ade3e1db2d47d018473795abffd0ecfba9acd1f94188819ccf513726962e7e,8183a684182636d12c3bee9f5bcf5e9d23d8a9dc63c6a80f47289c726c9ecdc5,96807cebab6d9a82,94.68210134099245,16.445756721030573,31fb41c68d13c8a0,[],0.0,esp_011881_1585,['train'],1.0,Counter({'train': 1}),val,69b6f25edcb62ea5,True,hirise_clean,0,C:\Users\deves\OneDrive\Desktop\Projects\TCMD-SS\data\raw\hirise_v3_2\map-proj-v3_2\ESP_011881_1585_RED-0238.jpg
map-proj-v3_2/ESP_011881_1585_RED-0242.jpg,ok,,JPEG,227.0,227.0,L,1.0,1.0,normal,other,train,esp_011881_1585_red-0242,[],de132cad89144e5d204a7719edd7901c097f02ca804fee061222d7dfb4a3e8a3,9000b150edb65a0cb61b1a6cbb1be1a5df3ac43e13693699ce82f7f15621f259,8eb0739d49cc398e,101.05222302004697,15.979451322209147,296729378d8e98d0,[],0.0,esp_011881_1585,['train'],1.0,Counter({'train': 1}),val,69b6f25edcb62ea5,True,hirise_clean,0,C:\Users\deves\OneDrive\Desktop\Projects\TCMD-SS\data\raw\hirise_v3_2\map-proj-v3_2\ESP_011881_1585_RED-0242.jpg
map-proj-v3_2/ESP_011881_1585_RED-0249.jpg,ok,,JPEG,227.0,227.0,L,1.0,1.0,normal,other,train,esp_011881_1585_red-0249,[],c499b0c5f51ac6fcebc9dc8ec8f520a5f068e4f5ed595325f64b101f4bbe6657,f294c8775e1d9e421276ab1c86ac746483d0fc49487ed0dd8cad569d7575d7bc,ca021465e6b3b3bd,105.53963787381862,15.69692065739658,080d6617bcdaf85d,[],0.0,esp_011881_1585,['train'],1.0,Counter({'train': 1}),val,69b6f25edcb62ea5,True,hirise_clean,0,C:\Users\deves\OneDrive\Desktop\Projects\TCMD-SS\data\raw\hirise_v3_2\map-proj-v3_2\ESP_011881_1585_RED-0249.jpg
map-proj-v3_2/ESP_011881_1585_RED-0251.jpg,ok,,JPEG,227.0,227.0,L,1.0,1.0,normal,other,train,esp_011881_1585_red-0251,[],f075a01756e633712d04f83a7d0f5983d379559d489b92a43eb97af36a718a99,b7eaecf1317ba834281b7bfc1a1f5d0fabb04f4a516bf9797fb1f1cc3ca97c18,9c477319536c66c6,88.58394302237575,63.78628229280908,fcb3ab3640032d4a,[],0.0,esp_011881_1585,['train'],1.0,Counter({'train': 1}),val,69b6f25edcb62ea5,True,hirise_clean,0,C:\Users\deves\OneDrive\Desktop\Projects\TCMD-SS\data\raw\hirise_v3_2\map-proj-v3_2\ESP_011881_1585_RED-0251.jpg
map-proj-v3_2/ESP_011881_1585_RED-0252.jpg,ok,,JPEG,227.0,227.0,L,1.0,1.0,normal,other,train,esp_011881_1585_red-0252,[],1c9b7e88831ebd4633e2a3f930aca234d318d45e23748c8aac6b3a8ef65ff4ad,0d16973c4c8e1b4da4dfe78f9ea6141021a481d4e2209f269d5f872b8cb3b18b,fc29f246af81582d,95.60851171185158,15.57306762414042,7b24d0ee1466819d,[],0.0,esp_011881_1585,['train'],1.0,Counter({'train': 1}),val,69b6f25edcb62ea5,True,hirise_clean,0,C:\Users\deves\OneDrive\Desktop\Projects\TCMD-SS\data\raw\hirise_v3_2\map-proj-v3_2\ESP_011881_1585_RED-0252.jpg
map-proj-v3_2/ESP_011881_1585_RED-0254.jpg,ok,,JPEG,227.0,227.0,L,1.0,1.0,normal,other,train,esp_011881_1585_red-0254,[],6582e013b65154afac0dbda5c9521ec1fa7af93bd381f9391457cee567e295c6,22cef95c068d8c0d6e856185ce432522f6b0aa8722317fe5ff86e91d8e81441d,c7990125ace92f1f,120.61932115895904,21.35472931153458,7161f6cef82f1024,[],0.0,esp_011881_1585,['train'],1.0,Counter({'train': 1}),val,69b6f25edcb62ea5,True,hirise_clean,0,C:\Users\deves\OneDrive\Desktop\Projects\TCMD-SS\data\raw\hirise_v3_2\map-proj-v3_2\ESP_011881_1585_RED-0254.jpg
map-proj-v3_2/ESP_011881_1585_RED-0262.jpg,ok,,JPEG,227.0,227.0,L,1.0,1.0,normal,other,train,esp_011881_1585_red-0262,[],95b418569673cb5cd4bc00231d43953cc08b5ff87cbfbe6501b5d2691db60ec0,36755ac10b76c8dc38afda6633d5958663f97988c5831cba8d3732e1909bd796,cd2c46c69ce11ab7,94.14318150944128,15.269323388318409,5002951abd245ee5,[],0.0,esp_011881_1585,['train'],1.0,Counter({'train': 1}),val,69b6f25edcb62ea5,True,hirise_clean,0,C:\Users\deves\OneDrive\Desktop\Projects\TCMD-SS\data\raw\hirise_v3_2\map-proj-v3_2\ESP_011881_1585_RED-0262.jpg
map-proj-v3_2/ESP_011881_1585_RED-0269.jpg,ok,,JPEG,227.0,227.0,L,1.0,1.0,normal,other,train,esp_011881_1585_red-0269,[],87289a8923baab2bb50c1a44dbbb266d702e07d90750c657754d6216c0e7bf87,4c1faa0624d11cfc75d41e84f97b7992589b52e7257c07af3fd0b9259bd004f8,ef7b98cc66b24920,87.74852995400649,16.529581524165945,62b008a9fde3c556,[],0.0,esp_011881_1585,['train'],1.0,Counter({'train': 1}),val,69b6f25edcb62ea5,True,hirise_clean,0,C:\Users\deves\OneDrive\Desktop\Projects\TCMD-SS\data\raw\hirise_v3_2\map-proj-v3_2\ESP_011881_1585_RED-0269.jpg
map-proj-v3_2/ESP_011881_1585_RED-0270.jpg,ok,,JPEG,227.0,227.0,L,1.0,1.0,normal,other,train,esp_011881_1585_red-0270,[],859770b94869fe207190e42948660df341ea5a3dd3a459655952dbe503c2c82f,49108d916a4803971c555f337089436f90132037e3b4ea93a8ff4c75ef538c9e,f1781c2f1e53a85c,89.783888684042,15.226493165835569,27fbc035e28f4b2b,[],0.0,esp_011881_1585,['train'],1.0,Counter({'train': 1}),val,69b6f25edcb62ea5,True,hirise_clean,0,C:\Users\deves\OneDrive\Desktop\Projects\TCMD-SS\data\raw\hirise_v3_2\map-proj-v3_2\ESP_011881_1585_RED-0270.jpg
map-proj-v3_2/ESP_011881_1585_RED-0271.jpg,ok,,JPEG,227.0,227.0,L,1.0,1.0,normal,other,train,esp_011881_1585_red-0271,[],84459e0476d4277c1ce378c8db891719f355324f5692073d1bc740dc0f19046a,3cbe18ca70198c33c2bc53f755ad74d27658ee0a19e68e16baf71805d09c6b7b,e334da6c946bd8a8,83.87995109549962,16.957279530239397,30f1272c6588736c,[],0.0,esp_011881_1585,['train'],1.0,Counter({'train': 1}),val,69b6f25edcb62ea5,True,hirise_clean,0,C:\Users\deves\OneDrive\Desktop\Projects\TCMD-SS\data\raw\hirise_v3_2\map-proj-v3_2\ESP_011881_1585_RED-0271.jpg
map-proj-v3_2/ESP_011881_1585_RED-0279.jpg,ok,,JPEG,227.0,227.0,L,1.0,1.0,normal,other,train,esp_011881_1585_red-0279,[],bccce3a194e3e9a8ad67969553ad0721126f90ab9746360ce763934f579d42ca,136e2d4bb80b31cf564a842a87a0d6d60de7c95b59b50dd46ea470d8a4efa4b9,c45cb3661f70c798,86.38221195831474,15.518490976193856,e3ab0dd9b64f975e,[],0.0,esp_011881_1585,['train'],1.0,Counter({'train': 1}),val,69b6f25edcb62ea5,True,hirise_clean,0,C:\Users\deves\OneDrive\Desktop\Projects\TCMD-SS\data\raw\hirise_v3_2\map-proj-v3_2\ESP_011881_1585_RED-0279.jpg
map-proj-v3_2/ESP_011881_1585_RED-0282.jpg,ok,,JPEG,227.0,227.0,L,1.0,1.0,normal,other,train,esp_011881_1585_red-0282,[],f2fa5320456644321c85eaf44661b1457d138953b943a3385165b903481215a8,edc1d5c8433bfb81b68330b26420058e9e4b5fd8bca6d466e422baf6c8496808,e49932f64c495b5a,85.50367754080227,13.33277764581999,838470e7ce9a7a52,[],0.0,esp_011881_1585,['train'],1.0,Counter({'train': 1}),val,69b6f25edcb62ea5,True,hirise_clean,0,C:\Users\deves\OneDrive\Desktop\Projects\TCMD-SS\data\raw\hirise_v3_2\map-proj-v3_2\ESP_011881_1585_RED-0282.jpg
map-proj-v3_2/ESP_011881_1585_RED-0284.jpg,ok,,JPEG,227.0,227.0,L,1.0,1.0,normal,other,train,esp_011881_1585_red-0284,[],a1925b6ea36ac037cde02c789b32d3b3123ee7981213a9b7daf5097bb759121e,b22684deeba291bb914505c918a0253eb558934e779b13f7b94f13b3608c45fe,cd9933263c417b4b,92.14401599099536,14.265351295210024,5efbf9002f5a8805,[],0.0,esp_011881_1585,['train'],1.0,Counter({'train': 1}),val,69b6f25edcb62ea5,True,hirise_clean,0,C:\Users\deves\OneDrive\Desktop\Projects\TCMD-SS\data\raw\hirise_v3_2\map-proj-v3_2\ESP_011881_1585_RED-0284.jpg
map-proj-v3_2/ESP_011881_1585_RED-0286.jpg,ok,,JPEG,227.0,227.0,L,1.0,1.0,normal,other,train,esp_011881_1585_red-0286,[],e5d8510c8414f2d79a3ae49e95abfd3ff84c922546fc9f5a1c4099d7392d5b9d,0bf0c5f1107392dbc150b338050b2e82468e68ec3d469b03abfdcb0876d52853,c9c933e60cf9630e,82.18835995264803,15.163902848132553,0eb5a87bced9681a,[],0.0,esp_011881_1585,['train'],1.0,Counter({'train': 1}),val,69b6f25edcb62ea5,True,hirise_clean,0,C:\Users\deves\OneDrive\Desktop\Projects\TCMD-SS\data\raw\hirise_v3_2\map-proj-v3_2\ESP_011881_1585_RED-0286.jpg
map-proj-v3_2/ESP_011881_1585_RED-0287.jpg,ok,,JPEG,227.0,227.0,L,1.0,1.0,normal,crater,train,esp_011881_1585_red-0287,[],46ae6d324f941c4686f45020d6ab6187163aa2f13c23f7b25d7cdbdd28045581,265493da30733c409391b485d765ee8dcb00f700819453b03ff15e4137e9e85a,a331dccc59d92353,77.5080634205981,16.854065323670024,e267ff8fdd840ada,[],1.0,esp_011881_1585,['train'],1.0,Counter({'train': 1}),val,69b6f25edcb62ea5,True,hirise_clean,0,C:\Users\deves\OneDrive\Desktop\Projects\TCMD-SS\data\raw\hirise_v3_2\map-proj-v3_2\ESP_011881_1585_RED-0287.jpg
map-proj-v3_2/ESP_012053_0980_RED-0161.jpg,ok,,JPEG,227.0,227.0,L,1.0,1.0,normal,slope streak,train,esp_012053_0980_red-0161,[],5bd3ddb95d41801f1d07b408365f18ec1d3d2d79288fe48b89cd0bf6c5cb0044,de165c06e99b6e8be941e073746c4ba4bb57881280bd43b8f0b2c14b662c5b6d,fc0780188f7a9f69,94.66011372236991,43.36079671590753,2facf4f880c40afe,[],3.0,esp_012053_0980,['train'],2.0,Counter({'train': 2}),val,2790354963a6fca7,True,hirise_clean,0,C:\Users\deves\OneDrive\Desktop\Projects\TCMD-SS\data\raw\hirise_v3_2\map-proj-v3_2\ESP_012053_0980_RED-0161.jpg
map-proj-v3_2/ESP_012700_2025_RED-0000.jpg,ok,,JPEG,227.0,227.0,L,1.0,1.0,normal,other,train,esp_012700_2025_red-0000,[],4a9f0d9fdf09c52dffec4c7983b5e96012a032f051399dc2f6e270c9716fcbc7,ad4f5c794efe93ac242d5ed1f540041d5c6845f2c22cf61977fa6e1774033857,bd8045fda07bd928,81.88307554969046,51.06261874228641,a9586452d4541f85,[],0.0,esp_012700_2025,['train'],1.0,Counter({'train': 1}),val,43c5a364fd2e03af,True,hirise_clean,0,C:\Users\deves\OneDrive\Desktop\Projects\TCMD-SS\data\raw\hirise_v3_2\map-proj-v3_2\ESP_012700_2025_RED-0000.jpg
map-proj-v3_2/ESP_012700_2025_RED-0003.jpg,ok,,JPEG,227.0,227.0,L,1.0,1.0,normal,other,train,esp_012700_2025_red-0003,[],e5c04aabc5975d99119a401fda186b4bd4b016ae2314c085bfd88b17d4e5f651,bc94f158872d620c749143a77903bf5c858993bb0e33c0e2f1ef08ef4866d499,cc3239cc37cc33cc,38.63189660191349,32.88535657271859,0f85fbbfc6a3ec3f,[],0.0,esp_012700_2025,['train'],1.0,Counter({'train': 1}),val,43c5a364fd2e03af,True,hirise_clean,0,C:\Users\deves\OneDrive\Desktop\Projects\TCMD-SS\data\raw\hirise_v3_2\map-proj-v3_2\ESP_012700_2025_RED-0003.jpg
map-proj-v3_2/ESP_012700_2025_RED-0004.jpg,ok,,JPEG,227.0,227.0,L,1.0,1.0,normal,other,train,esp_012700_2025_red-0004,[],3ecd2c689d9865d599b869671eed3e2e0cc8c9d702c93c77d379abcdce55b055,cdb403fd875ef9ca4b6965ad394bacbf6c523bda82d6f3a7dd178247a8de9592,eded36e613c03870,43.99378990471385,32.07191264089766,24253c8344667321,[],0.0,esp_012700_2025,['train'],1.0,Counter({'train': 1}),val,43c5a364fd2e03af,True,hirise_clean,0,C:\Users\deves\OneDrive\Desktop\Projects\TCMD-SS\data\raw\hirise_v3_2\map-proj-v3_2\ESP_012700_2025_RED-0004.jpg
map-proj-v3_2/ESP_012700_2025_RED-0005.jpg,ok,,JPEG,227.0,227.0,L,1.0,1.0,normal,other,train,esp_012700_2025_red-0005,[],361cf4249df0075f1634754bfbf09286dfcff35d6e10ec6f8dfd1ae254a1a932,b4720762bfc31f774a46d1a3d64c599befde0b321eda2878944c6b75c69ce380,dc2db20b906eb798,52.1722331114518,27.030717262748134,55e6d4d00a2077fb,[],0.0,esp_012700_2025,['train'],1.0,Counter({'train': 1}),val,43c5a364fd2e03af,True,hirise_clean,0,C:\Users\deves\OneDrive\Desktop\Projects\TCMD-SS\data\raw\hirise_v3_2\map-proj-v3_2\ESP_012700_2025_RED-0005.jpg
map-proj-v3_2/ESP_012700_2025_RED-0007.jpg,ok,,JPEG,227.0,227.0,L,1.0,1.0,normal,other,train,esp_012700_2025_red-0007,[],72da83a7fc72e7cab9138362e80f1cc7759ee37f868e4a69272d1ff37563027b,db3c1a7c373b49fed2e25f1a93b3bb17b75357fa7d9a917b566f55cdf3d80840,e6b31b8dc6839269,113.98507636476548,12.576583712310056,8d3a9b961de7c86a,[],0.0,esp_012700_2025,['train'],1.0,Counter({'train': 1}),val,43c5a364fd2e03af,True,hirise_clean,0,C:\Users\deves\OneDrive\Desktop\Projects\TCMD-SS\data\raw\hirise_v3_2\map-proj-v3_2\ESP_012700_2025_RED-0007.jpg
map-proj-v3_2/ESP_012700_2025_RED-0011.jpg,ok,,JPEG,227.0,227.0,L,1.0,1.0,normal,slope streak,train,esp_012700_2025_red-0011,[],890cdfd34027b48f0832f8b86f0e98c4f043bb7216b1ddb95c516a5de0c48857,920a1a1eb94b0ea8bc995427fc84d02dd174dd59f818476521186508cd967ba9,80bfd3bd29e0ca32,33.908129402860524,17.588358861903128,af86349ab5c82d4f,[],3.0,esp_012700_2025,['train'],1.0,Counter({'train': 1}),val,43c5a364fd2e03af,True,hirise_clean,0,C:\Users\deves\OneDrive\Desktop\Projects\TCMD-SS\data\raw\hirise_v3_2\map-proj-v3_2\ESP_012700_2025_RED-0011.jpg
map-proj-v3_2/ESP_012700_2025_RED-0012.jpg,ok,,JPEG,227.0,227.0,L,1.0,1.0,normal,slope streak,train,esp_012700_2025_red-0012,[],64286241d5586e39cd869a680ddba815cbfc53ec5dd53733ad33ff824bcc0f3f,8001769d26b798f402a326768648e8caa8616e391ffdd051c0e0786047933475,97e02ecbaba5cc84,59.42671117234955,23.64800525601865,13f0549cc3cbcafc,[],3.0,esp_012700_2025,['train'],1.0,Counter({'train': 1}),val,43c5a364fd2e03af,True,hirise_clean,0,C:\Users\deves\OneDrive\Desktop\Projects\TCMD-SS\data\raw\hirise_v3_2\map-proj-v3_2\ESP_012700_2025_RED-0012.jpg
map-proj-v3_2/ESP_012700_2025_RED-0013.jpg,ok,,JPEG,227.0,227.0,L,1.0,1.0,normal,other,train,esp_012700_2025_red-0013,[],aa8ee4da17dcd3e6bb915fb244e031479e0718ad0eefdde66ace0c493429e21f,89737d77c5f333b9bbe71becf9a16ffe9fc4457723af5fbce6d95f9e862eb7ec,a691d8e6753a8e07,115.19849017058355,14.863770264958267,e6714d81810ca84f,[],0.0,esp_012700_2025,['train'],1.0,Counter({'train': 1}),val,43c5a364fd2e03af,True,hirise_clean,0,C:\Users\deves\OneDrive\Desktop\Projects\TCMD-SS\data\raw\hirise_v3_2\map-proj-v3_2\ESP_012700_2025_RED-0013.jpg
map-proj-v3_2/ESP_012700_2025_RED-0014.jpg,ok,,JPEG,227.0,227.0,L,1.0,1.0,normal,other,train,esp_012700_2025_red-0014,[],1d5b312aaac6e9aae2a1d495e3913b06011d5adc228ac0cf3feff935126ebe79,8064c3b6e9cac53bc1dbbe19c485a2f0dbe82ff1886f0e742f39dbecd4a53ce7,e49398cc63b9ccc3,78.21087154806031,24.35726069914091,c9a8afcaa90266ec,[],0.0,esp_012700_2025,['train'],1.0,Counter({'train': 1}),val,43c5a364fd2e03af,True,hirise_clean,0,C:\Users\deves\OneDrive\Desktop\Projects\TCMD-SS\data\raw\hirise_v3_2\map-proj-v3_2\ESP_012700_2025_RED-0014.jpg
map-proj-v3_2/ESP_012700_2025_RED-0015.jpg,ok,,JPEG,227.0,227.0,L,1.0,1.0,normal,other,train,esp_012700_2025_red-0015,[],ea7c7be9b85852fb55e59f4a55606878ae3f95c88c6ad0903204e02aecbae26a,1b66a706761f0104707a92fc25c0db716cb52a8d77323afe0e60331baa35250e,b73a8cc72338c6a3,110.37113081953852,15.330855032768689,cf12472908c8faa7,[],0.0,esp_012700_2025,['train'],1.0,Counter({'train': 1}),val,43c5a364fd2e03af,True,hirise_clean,0,C:\Users\deves\OneDrive\Desktop\Projects\TCMD-SS\data\raw\hirise_v3_2\map-proj-v3_2\ESP_012700_2025_RED-0015.jpg
map-proj-v3_2/ESP_012700_2025_RED-0016.jpg,ok,,JPEG,227.0,227.0,L,1.0,1.0,normal,slope streak,train,esp_012700_2025_red-0016,[],c2763f3a7559298d0ae0148dc9186f654c63d9a92f77110bca817784b7d6e366,32d7e73fa0c9bc4ed3865b54cc3f5b0766cce74cab73cb4c8d0c54d62d7a2877,a7c09e1ea45887fc,77.43779231112578,22.638132953483147,b3956b4657d285af,[],3.0,esp_012700_2025,['train'],1.0,Counter({'train': 1}),val,43c5a364fd2e03af,True,hirise_clean,0,C:\Users\deves\OneDrive\Desktop\Projects\TCMD-SS\data\raw\hirise_v3_2\map-proj-v3_2\ESP_012700_2025_RED-0016.jpg
map-proj-v3_2/ESP_012700_2025_RED-0017.jpg,ok,,JPEG,227.0,227.0,L,1.0,1.0,normal,slope streak,train,esp_012700_2025_red-0017,[],52aa476d6160defa7b60ed220defb8c4c18a094f46d2e79b87f4c68200d7f9d7,197cf2a71f6842504cc42df86d08a8a13e689b45cb35d9806a0fb5c5aadfb6e8,a8a4cabb72ccdc91,90.1909604300491,17.9549489749974,29a2864a2b748900,[],3.0,esp_012700_2025,['train'],1.0,Counter({'train': 1}),val,43c5a364fd2e03af,True,hirise_clean,0,C:\Users\deves\OneDrive\Desktop\Projects\TCMD-SS\data\raw\hirise_v3_2\map-proj-v3_2\ESP_012700_2025_RED-0017.jpg
map-proj-v3_2/ESP_012700_2025_RED-0020.jpg,ok,,JPEG,227.0,227.0,L,1.0,1.0,normal,other,train,esp_012700_2025_red-0020,[],aa0f6f968a6133dbdf8311552f65e8f1f99822a05be89641e3d477148b91d0c3,dcb099c042a5e111b85500ec9c58f060a7d677861cbb010aa9afc8ac6a28be9b,e6bc19cae460fc8a,124.99720545712124,13.16550288794513,213db0b1e0eb3d44,[],0.0,esp_012700_2025,['train'],1.0,Counter({'train': 1}),val,43c5a364fd2e03af,True,hirise_clean,0,C:\Users\deves\OneDrive\Desktop\Projects\TCMD-SS\data\raw\hirise_v3_2\map-proj-v3_2\ESP_012700_2025_RED-0020.jpg
map-proj-v3_2/ESP_012700_2025_RED-0022.jpg,ok,,JPEG,227.0,227.0,L,1.0,1.0,normal,slope streak,train,esp_012700_2025_red-0022,[],413e10646df219b071738a38e25dc1c416196a0456da7f25e1208013f7c67a6b,ceab9638888566446f896ecdc06b2a6e20d5bde1ee0cc72019da24306c7dd6fa,a8ae95811fea9715,47.88006753478624,21.60481362499005,0cb4c4e29204d8e4,[],3.0,esp_012700_2025,['train'],1.0,Counter({'train': 1}),val,43c5a364fd2e03af,True,hirise_clean,0,C:\Users\deves\OneDrive\Desktop\Projects\TCMD-SS\data\raw\hirise_v3_2\map-proj-v3_2\ESP_012700_2025_RED-0022.jpg
map-proj-v3_2/ESP_012700_2025_RED-0023.jpg,ok,,JPEG,227.0,227.0,L,1.0,1.0,normal,other,train,esp_012700_2025_red-0023,[],6b914d9e8e1831b2a727cb22a3458d1bea03e60f89c701428b72001ed4bcac3b,f6eeca2ef5a690fa52e31fcf9f8955c0a8c8ac5bd00946ac3a44ab828d3cd3bd,cc6ab195cc667349,137.27403986104912,14.42248046531739,f1ba702e822ea85c,[],0.0,esp_012700_2025,['train'],1.0,Counter({'train': 1}),val,43c5a364fd2e03af,True,hirise_clean,0,C:\Users\deves\OneDrive\Desktop\Projects\TCMD-SS\data\raw\hirise_v3_2\map-proj-v3_2\ESP_012700_2025_RED-0023.jpg
map-proj-v3_2/ESP_012700_2025_RED-0025.jpg,ok,,JPEG,227.0,227.0,L,1.0,1.0,normal,slope streak,train,esp_012700_2025_red-0025,[],c10b5cb3e4efe2e67ef0ac5011dd0c5af8b68a1c1206675acbf434d01e5f3276,64408abf8ce31ac88e798c873b50ddf2af84fac44de17f41b61fa37c7e7fe184,a8b28fe7f1982c91,115.31077645597624,26.94306809177789,425178629d2571c6,[],3.0,esp_012700_2025,['train'],1.0,Counter({'train': 1}),val,43c5a364fd2e03af,True,hirise_clean,0,C:\Users\deves\OneDrive\Desktop\Projects\TCMD-SS\data\raw\hirise_v3_2\map-proj-v3_2\ESP_012700_2025_RED-0025.jpg
map-proj-v3_2/ESP_012700_2025_RED-0027.jpg,ok,,JPEG,227.0,227.0,L,1.0,1.0,normal,slope streak,train,esp_012700_2025_red-0027,[],1e162a26be7088d359fe5fc38fc788aee74f542573944ec9cacabac2230c99a3,2eb00a4f6071efafddab53a073b9a24efc3416fa309eecc0f61a0ea6b57abaeb,e63399cc66338c36,132.3176657804343,23.39578569965837,e3847ac0a5f39519,[],3.0,esp_012700_2025,['train'],1.0,Counter({'train': 1}),val,43c5a364fd2e03af,True,hirise_clean,0,C:\Users\deves\OneDrive\Desktop\Projects\TCMD-SS\data\raw\hirise_v3_2\map-proj-v3_2\ESP_012700_2025_RED-0027.jpg
map-proj-v3_2/ESP_012700_2025_RED-0028.jpg,ok,,JPEG,227.0,227.0,L,1.0,1.0,normal,slope streak,train,esp_012700_2025_red-0028,[],9b1073b980e6fd223cac33203b1563eb2af5f9957f3f9b222f39ef872b0a9324,51a6f309a12a9d07c9b690607d9562babab1c4c4d60fa323e72709eab1c9bf2f,a88d46e6393dd683,92.82320634982244,17.24722286672459,6946b7ba4679af8b,[],3.0,esp_012700_2025,['train'],1.0,Counter({'train': 1}),val,43c5a364fd2e03af,True,hirise_clean,0,C:\Users\deves\OneDrive\Desktop\Projects\TCMD-SS\data\raw\hirise_v3_2\map-proj-v3_2\ESP_012700_2025_RED-0028.jpg
map-proj-v3_2/ESP_012700_2025_RED-0029.jpg,ok,,JPEG,227.0,227.0,L,1.0,1.0,normal,other,train,esp_012700_2025_red-0029,[],9f4b248be31532e59c96560c94d688c5256c42aee6861bdbf2775ece9abfca1b,73b81898fc882d72cfdd42e67b86b610de36e5cb0876a931977b982eeecc46f4,e67a98d653301cce,110.90803237012167,17.091472767755224,1a89eb3ded4b081b,[],0.0,esp_012700_2025,['train'],1.0,Counter({'train': 1}),val,43c5a364fd2e03af,True,hirise_clean,0,C:\Users\deves\OneDrive\Desktop\Projects\TCMD-SS\data\raw\hirise_v3_2\map-proj-v3_2\ESP_012700_2025_RED-0029.jpg
map-proj-v3_2/ESP_012700_2025_RED-0031.jpg,ok,,JPEG,227.0,227.0,L,1.0,1.0,normal,slope streak,train,esp_012700_2025_red-0031,[],de3df3725ceb6d8922bd0e8c4df483c4fbdda84ecf7735e82cc4a85e6673d5e4,c0d07c2eec1389727d73dde89431a1475b7ab4f01583a20a9ca9bd76fbb56f7b,e4bc9ec3492534ce,117.97958431174678,20.63614928595185,62bf024ac0b100b8,[],3.0,esp_012700_2025,['train'],1.0,Counter({'train': 1}),val,43c5a364fd2e03af,True,hirise_clean,0,C:\Users\deves\OneDrive\Desktop\Projects\TCMD-SS\data\raw\hirise_v3_2\map-proj-v3_2\ESP_012700_2025_RED-0031.jpg
map-proj-v3_2/ESP_012700_2025_RED-0037.jpg,ok,,JPEG,227.0,227.0,L,1.0,1.0,normal,other,train,esp_012700_2025_red-0037,[],91a144b154e211019832d2e3cf2f1aebd12dafb20f8f8c8d0409544bccfc0d33,1175105743292bd7b0237c84eeba037a7235ce7eab31045d5d9c30274517c1c6,e533b9cc67313898,164.82945525820412,13.662757682187593,d0e7dfa859e1e214,[],0.0,esp_012700_2025,['train'],1.0,Counter({'train': 1}),val,43c5a364fd2e03af,True,hirise_clean,0,C:\Users\deves\OneDrive\Desktop\Projects\TCMD-SS\data\raw\hirise_v3_2\map-proj-v3_2\ESP_012700_2025_RED-0037.jpg
map-proj-v3_2/ESP_012700_2025_RED-0038.jpg,ok,,JPEG,227.0,227.0,L,1.0,1.0,normal,slope streak,train,esp_012700_2025_red-0038,[],46ea3b29060c9d3a21332d83e77e3105d39f538e748a9941b97936b3597042cd,888388a2125b40b2274ebef80556da273ac629a0993607671e898b1175148a93,e89683c87c9f8de0,139.52762522074948,23.252697505150863,620732c2a89c53c0,[],3.0,esp_012700_2025,['train'],1.0,Counter({'train': 1}),val,43c5a364fd2e03af,True,hirise_clean,0,C:\Users\deves\OneDrive\Desktop\Projects\TCMD-SS\data\raw\hirise_v3_2\map-proj-v3_2\ESP_012700_2025_RED-0038.jpg
map-proj-v3_2/ESP_012700_2025_RED-0039.jpg,ok,,JPEG,227.0,227.0,L,1.0,1.0,normal,other,train,esp_012700_2025_red-0039,[],344a0f3dc12b37bb573a290e7cae96f59c53e102ebe667c6c12ea8078733a5a5,36aa5435c5b4db9c9557369d4eb9b0ab23a82c4e87bbf25685c30c269a474747,a3a51e5b8c466d96,165.58747501406975,12.840855774524773,d5fbbb396322cbef,[],0.0,esp_012700_2025,['train'],1.0,Counter({'train': 1}),val,43c5a364fd2e03af,True,hirise_clean,0,C:\Users\deves\OneDrive\Desktop\Projects\TCMD-SS\data\raw\hirise_v3_2\map-proj-v3_2\ESP_012700_2025_RED-0039.jpg
map-proj-v3_2/ESP_012700_2025_RED-0040.jpg,ok,,JPEG,227.0,227.0,L,1.0,1.0,normal,slope streak,train,esp_012700_2025_red-0040,[],c0893e0892f9134201b5deb35ebc1b30cc076e557e964f1b550041a43e1f46d5,3ee6288770973563657188a131135aa090cdf4740a460f5e7dd14dc551a56dae,80d4dfbd3f84d00e,104.563236235906,42.43061128186977,b3f54ee11dc22a5f,[],3.0,esp_012700_2025,['train'],1.0,Counter({'train': 1}),val,43c5a364fd2e03af,True,hirise_clean,0,C:\Users\deves\OneDrive\Desktop\Projects\TCMD-SS\data\raw\hirise_v3_2\map-proj-v3_2\ESP_012700_2025_RED-0040.jpg
map-proj-v3_2/ESP_012700_2025_RED-0044.jpg,ok,,JPEG,227.0,227.0,L,1.0,1.0,normal,other,train,esp_012700_2025_red-0044,[],858e0ac6fa161098402194a95485848cbed05c2a5339733f390cf67321499572,640e9b1c3e0b3c0c8b79cadcc31d49112a41f036ecdf426a881d28f55b586e6d,8a3e91783f6d8466,86.34962836461023,16.218966784852523,a0ff36fa0325b0c3,[],0.0,esp_012700_2025,['train'],1.0,Counter({'train': 1}),val,43c5a364fd2e03af,True,hirise_clean,0,C:\Users\deves\OneDrive\Desktop\Projects\TCMD-SS\data\raw\hirise_v3_2\map-proj-v3_2\ESP_012700_2025_RED-0044.jpg
map-proj-v3_2/ESP_012700_2025_RED-0045.jpg,ok,,JPEG,227.0,227.0,L,1.0,1.0,normal,other,train,esp_012700_2025_red-0045,[],b6bf378ca8a5dcadbfc10fbd18c7e1e2da3ddaed180f51c24755992f73a66c88,23025d9579fbab670fe478f3db285ce3097f6aa8720a852065d287a5a7ae6bb5,8e8acce7f3c1e086,92.87496361272294,22.846085694448597,bbc60ee9cdea3fd2,[],0.0,esp_012700_2025,['train'],1.0,Counter({'train': 1}),val,43c5a364fd2e03af,True,hirise_clean,0,C:\Users\deves\OneDrive\Desktop\Projects\TCMD-SS\data\raw\hirise_v3_2\map-proj-v3_2\ESP_012700_2025_RED-0045.jpg
map-proj-v3_2/ESP_012700_2025_RED-0047.jpg,ok,,JPEG,227.0,227.0,L,1.0,1.0,normal,other,train,esp_012700_2025_red-0047,[],39705f6dc200b649e2a70b035a185dac6aea68408815ae30f66db687a9d74713,0f1d2b6d81a700d90c93c6b3da67d7aca692fbe8e98056dc6f974a4f97c7ebc7,a5bd194657588ea3,180.41328184129324,12.326580606668312,18b5afb1045857ec,[],0.0,esp_012700_2025,['train'],1.0,Counter({'train': 1}),val,43c5a364fd2e03af,True,hirise_clean,0,C:\Users\deves\OneDrive\Desktop\Projects\TCMD-SS\data\raw\hirise_v3_2\map-proj-v3_2\ESP_012700_2025_RED-0047.jpg
map-proj-v3_2/ESP_012700_2025_RED-0054.jpg,ok,,JPEG,227.0,227.0,L,1.0,1.0,normal,other,train,esp_012700_2025_red-0054,[],a0e0973392487669985392879505637856ba6a717cc49b885492cc1f5f8c3a09,6fa0d65f50786a644ed942d1f0affc154916fbc7ed00803bef7ce74541296305,876138cd6473d9cc,110.0663315802752,63.80516602658438,753a6a5248238574,[],0.0,esp_012700_2025,['train'],1.0,Counter({'train': 1}),val,43c5a364fd2e03af,True,hirise_clean,0,C:\Users\deves\OneDrive\Desktop\Projects\TCMD-SS\data\raw\hirise_v3_2\map-proj-v3_2\ESP_012700_2025_RED-0054.jpg
map-proj-v3_2/ESP_012700_2025_RED-0057.jpg,ok,,JPEG,227.0,227.0,L,1.0,1.0,normal,other,train,esp_012700_2025_red-0057,[],51a9fedbb87bc3d0d71ce8dbf8e21aad6a42e613b97c6e6a88f5f7b3e40a9b96,4ef9b70f306745ed7244353ff9bf79c230af209129857d53e016bb96a5d67ea0,9555d1a87e57b308,135.64414213355587,30.72487658221768,a630e7e34688c0ee,[],0.0,esp_012700_2025,['train'],1.0,Counter({'train': 1}),val,43c5a364fd2e03af,True,hirise_clean,0,C:\Users\deves\OneDrive\Desktop\Projects\TCMD-SS\data\raw\hirise_v3_2\map-proj-v3_2\ESP_012700_2025_RED-0057.jpg
map-proj-v3_2/ESP_012700_2025_RED-0060.jpg,ok,,JPEG,227.0,227.0,L,1.0,1.0,normal,other,train,esp_012700_2025_red-0060,[],34f5e31e83d17871e9930b674c53ece4ae59e59da0301df8684475e1a7650080,49fe9cca94ba015a93221518dcfa392c9aeb0d5196ae5cd6e2c2887cd41bf89e,c91597d13c1f89e4,152.39870752391855,22.91089671108781,2e0949ed3e1c3774,[],0.0,esp_012700_2025,['train'],1.0,Counter({'train': 1}),val,43c5a364fd2e03af,True,hirise_clean,0,C:\Users\deves\OneDrive\Desktop\Projects\TCMD-SS\data\raw\hirise_v3_2\map-proj-v3_2\ESP_012700_2025_RED-0060.jpg
map-proj-v3_2/ESP_012700_2025_RED-0061.jpg,ok,,JPEG,227.0,227.0,L,1.0,1.0,normal,other,train,esp_012700_2025_red-0061,[],c18e622bee793d69d8e1600673e3d9aa6d0dc1d83f8581ca1a455a38d2ef36ee,e429ca5d5ec401cb98658fd296756fb5fb908a3ad203e1d948862b270aacc6ab,a63499989fd30ee2,119.24778280191735,16.21211830015094,ae87b41637a681ba,[],0.0,esp_012700_2025,['train'],1.0,Counter({'train': 1}),val,43c5a364fd2e03af,True,hirise_clean,0,C:\Users\deves\OneDrive\Desktop\Projects\TCMD-SS\data\raw\hirise_v3_2\map-proj-v3_2\ESP_012700_2025_RED-0061.jpg
map-proj-v3_2/ESP_012700_2025_RED-0062.jpg,ok,,JPEG,227.0,227.0,L,1.0,1.0,normal,other,train,esp_012700_2025_red-0062,[],365f9aa45f28d64832e26de61fa5dbc97dd1f03fc7127a7724a747843fdb251a,c7cf4749d18dd42f501b95aa754c5f0b46ff74a3bd2ee5158be18f69b1fdb0af,c6d459cc663389cd,141.7041859923538,15.28109185457618,ce1434be3eef6185,[],0.0,esp_012700_2025,['train'],1.0,Counter({'train': 1}),val,43c5a364fd2e03af,True,hirise_clean,0,C:\Users\deves\OneDrive\Desktop\Projects\TCMD-SS\data\raw\hirise_v3_2\map-proj-v3_2\ESP_012700_2025_RED-0062.jpg
map-proj-v3_2/ESP_012700_2025_RED-0063.jpg,ok,,JPEG,227.0,227.0,L,1.0,1.0,normal,other,train,esp_012700_2025_red-0063,[],de10a6642242d7f5445abeb2b151c0526dc1deb0f17f5eaa340c2da7183e105d,8dd196522c83d4f2dc96d2801663b6ff1a29801ee380246845dedbd94d6244bf,80bf1fcc9a4c66c9,121.05693881115488,43.09437426709178,32d8b941f7289dd6,[],0.0,esp_012700_2025,['train'],1.0,Counter({'train': 1}),val,43c5a364fd2e03af,True,hirise_clean,0,C:\Users\deves\OneDrive\Desktop\Projects\TCMD-SS\data\raw\hirise_v3_2\map-proj-v3_2\ESP_012700_2025_RED-0063.jpg
map-proj-v3_2/ESP_012700_2025_RED-0064.jpg,ok,,JPEG,227.0,227.0,L,1.0,1.0,normal,other,train,esp_012700_2025_red-0064,[],66ed529f53b491acf1f9c91428f9dece39c4babca4766a0f04a50fb5c4bddd05,5b884030bf73247b9138902c393848a07a262f5a4b0eea4a181d4ee7f76fb20b,ef3398cc60729bc8,122.16965204059848,20.42887926713508,90bb5bda7045b3cd,[],0.0,esp_012700_2025,['train'],1.0,Counter({'train': 1}),val,43c5a364fd2e03af,True,hirise_clean,0,C:\Users\deves\OneDrive\Desktop\Projects\TCMD-SS\data\raw\hirise_v3_2\map-proj-v3_2\ESP_012700_2025_RED-0064.jpg
map-proj-v3_2/ESP_012700_2025_RED-0067.jpg,ok,,JPEG,227.0,227.0,L,1.0,1.0,normal,other,train,esp_012700_2025_red-0067,[],85d9e2642989632832b197ae20d8274c83ce6f408bdf32f0a8d685ec33c3026f,d8fa9e4737936cf8d213a5927f814f77587ee184216a84e0cd774b79ae4a5408,c0fb99981adb4c4e,171.03863843660852,15.206121986770682,6f8df58b3c45fd2e,[],0.0,esp_012700_2025,['train'],1.0,Counter({'train': 1}),val,43c5a364fd2e03af,True,hirise_clean,0,C:\Users\deves\OneDrive\Desktop\Projects\TCMD-SS\data\raw\hirise_v3_2\map-proj-v3_2\ESP_012700_2025_RED-0067.jpg
map-proj-v3_2/ESP_012700_2025_RED-0068.jpg,ok,,JPEG,227.0,227.0,L,1.0,1.0,normal,other,train,esp_012700_2025_red-0068,[],69018639efccd9c7cd65fab851cf962a7fc025733c52d0396809a3a480b5974f,288c8d239df5e26587fe52149f71e6a5b3998182bf9b7212a4f2644e25959097,8260f09e4f6536de,82.3826777154612,18.72700488054242,d427eb9ef9e96c96,[],0.0,esp_012700_2025,['train'],1.0,Counter({'train': 1}),val,43c5a364fd2e03af,True,hirise_clean,0,C:\Users\deves\OneDrive\Desktop\Projects\TCMD-SS\data\raw\hirise_v3_2\map-proj-v3_2\ESP_012700_2025_RED-0068.jpg
map-proj-v3_2/ESP_012700_2025_RED-0070.jpg,ok,,JPEG,227.0,227.0,L,1.0,1.0,normal,other,train,esp_012700_2025_red-0070,[],e326b842a8a0a4cbe797053a348fe7f196fd080fc74809bce20334f3d25b724b,0461b72fb03b3257f927ec42389fbc48fc216e6a7655b682e1e0d3664f96dd04,a93692c9e4b23b1d,114.49682702943971,17.72582329509833,c4646bd6afa7f8b5,[],0.0,esp_012700_2025,['train'],1.0,Counter({'train': 1}),val,43c5a364fd2e03af,True,hirise_clean,0,C:\Users\deves\OneDrive\Desktop\Projects\TCMD-SS\data\raw\hirise_v3_2\map-proj-v3_2\ESP_012700_2025_RED-0070.jpg
map-proj-v3_2/ESP_012700_2025_RED-0072.jpg,ok,,JPEG,227.0,227.0,L,1.0,1.0,normal,other,train,esp_012700_2025_red-0072,[],6905a686089b9379734996eb3c0db08a8afe8160b0c0a84472db5c8efd88f9ec,7e4dbcb43cb6d4e12a57a02154287382ab64c85fb24be11fc3c251cc0895e79d,e663186633d9ccc6,142.1480913660269,34.198820082760115,b8bc971410d6d7f5,[],0.0,esp_012700_2025,['train'],1.0,Counter({'train': 1}),val,43c5a364fd2e03af,True,hirise_clean,0,C:\Users\deves\OneDrive\Desktop\Projects\TCMD-SS\data\raw\hirise_v3_2\map-proj-v3_2\ESP_012700_2025_RED-0072.jpg
map-proj-v3_2/ESP_012700_2025_RED-0074.jpg,ok,,JPEG,227.0,227.0,L,1.0,1.0,normal,other,train,esp_012700_2025_red-0074,[],3871bbed07dc65821b69e670d50de533f3a82b723772a13cc09196957320747e,4c2c3252db9dfd311b4cc540e5a68d4987704f88db6d1615819a013521f73f83,e1371cd651781b8d,118.50439558306972,36.809659368302576,31abd83d42a85991,[],0.0,esp_012700_2025,['train'],1.0,Counter({'train': 1}),val,43c5a364fd2e03af,True,hirise_clean,0,C:\Users\deves\OneDrive\Desktop\Projects\TCMD-SS\data\raw\hirise_v3_2\map-proj-v3_2\ESP_012700_2025_RED-0074.jpg
map-proj-v3_2/ESP_012700_2025_RED-0077.jpg,ok,,JPEG,227.0,227.0,L,1.0,1.0,normal,other,train,esp_012700_2025_red-0077,[],45456a52ffa9f9116160397d18a742824ec8540950eaf3c000652992e4234d30,1c98bc6dff3f2fbae2d62080964606622d311c757c4d6cfc58243e86497b1c26,ec36b3f0984c269b,87.71773176269673,19.910293593067543,6476fa9e8d00f3f6,[],0.0,esp_012700_2025,['train'],1.0,Counter({'train': 1}),val,43c5a364fd2e03af,True,hirise_clean,0,C:\Users\deves\OneDrive\Desktop\Projects\TCMD-SS\data\raw\hirise_v3_2\map-proj-v3_2\ESP_012700_2025_RED-0077.jpg
map-proj-v3_2/ESP_012700_2025_RED-0078.jpg,ok,,JPEG,227.0,227.0,L,1.0,1.0,normal,slope streak,train,esp_012700_2025_red-0078,[],79589e72ddc3bd102fa8a2c03ee2f7b3a733db31a422cc3bb7da3bb6da404fd4,8510b63b27d5528853530ddb159a60e519bcd53a504e2a26ad06d2efacb3ecf4,be8c8b93f2c43c38,118.99396456364376,20.55529508633874,4af17890e8dc01eb,[],3.0,esp_012700_2025,['train'],1.0,Counter({'train': 1}),val,43c5a364fd2e03af,True,hirise_clean,0,C:\Users\deves\OneDrive\Desktop\Projects\TCMD-SS\data\raw\hirise_v3_2\map-proj-v3_2\ESP_012700_2025_RED-0078.jpg
map-proj-v3_2/ESP_012700_2025_RED-0079.jpg,ok,,JPEG,227.0,227.0,L,1.0,1.0,normal,slope streak,train,esp_012700_2025_red-0079,[],2fd11e357f4a22ea4284ade5eb2d32e77ec1f1ef3ca515052adfe9e343c69174,335a6bb0d16927045f4b552fa77b19729d260bc76f6048be50d756a728b5092e,e9263396dbc1296c,105.3024898600788,28.80661375032923,678ca517d0d276de,[],3.0,esp_012700_2025,['train'],1.0,Counter({'train': 1}),val,43c5a364fd2e03af,True,hirise_clean,0,C:\Users\deves\OneDrive\Desktop\Projects\TCMD-SS\data\raw\hirise_v3_2\map-proj-v3_2\ESP_012700_2025_RED-0079.jpg
map-proj-v3_2/ESP_012700_2025_RED-0080.jpg,ok,,JPEG,227.0,227.0,L,1.0,1.0,normal,slope streak,train,esp_012700_2025_red-0080,[],33572f7ad055ee00c1e3ea92767e854d1f7e6a4fd3fb72f6d150805ab32c7d3b,bac46bef3d4eccf62ffa842751a61894fd5294058b89731160feed875cdd1d6b,a2bdcc47399a6433,109.45419084399076,17.876559771555318,ceda6e04a667280f,[],3.0,esp_012700_2025,['train'],1.0,Counter({'train': 1}),val,43c5a364fd2e03af,True,hirise_clean,0,C:\Users\deves\OneDrive\Desktop\Projects\TCMD-SS\data\raw\hirise_v3_2\map-proj-v3_2\ESP_012700_2025_RED-0080.jpg
map-proj-v3_2/ESP_012700_2025_RED-0082.jpg,ok,,JPEG,227.0,227.0,L,1.0,1.0,normal,other,train,esp_012700_2025_red-0082,[],99a84fc431526b6890b612ee88f94961e35801bbaffa87c374922bfe4b34272b,bcbd4cb8975d407e955337307c23320ed0eec9a295c2fe1cca24e4de99fde3bd,ec30fb0d80d8fc33,95.54334452444256,14.700893617962704,bf2045ec6143ad0e,[],0.0,esp_012700_2025,['train'],1.0,Counter({'train': 1}),val,43c5a364fd2e03af,True,hirise_clean,0,C:\Users\deves\OneDrive\Desktop\Projects\TCMD-SS\data\raw\hirise_v3_2\map-proj-v3_2\ESP_012700_2025_RED-0082.jpg
map-proj-v3_2/ESP_012700_2025_RED-0083.jpg,ok,,JPEG,227.0,227.0,L,1.0,1.0,normal,other,train,esp_012700_2025_red-0083,[],0c3e3448cc15715f353009ce1f453a9898d390cea9e707ca3b64ddb9fe6d80c0,33625cd90d74d4a260fbb3d052a83a8f27c4c10e28397e4456a9e09f61e4e7b4,c67f188436bb8d46,104.33796502940092,15.682070305214037,7d1313df1d8fb04b,[],0.0,esp_012700_2025,['train'],1.0,Counter({'train': 1}),val,43c5a364fd2e03af,True,hirise_clean,0,C:\Users\deves\OneDrive\Desktop\Projects\TCMD-SS\data\raw\hirise_v3_2\map-proj-v3_2\ESP_012700_2025_RED-0083.jpg
map-proj-v3_2/ESP_012700_2025_RED-0086.jpg,ok,,JPEG,227.0,227.0,L,1.0,1.0,normal,other,train,esp_012700_2025_red-0086,[],ffe84935a6ba5ef2e3145eac39b7a2827ba994ddd1025e5420de14a653477cac,2af73845381aeaaa3421e2fe91a4462e517123f96fe1b38943697a0838b8cfea,e6b41399c96d946a,99.68499291661008,13.771907883048184,b56691849065550e,[],0.0,esp_012700_2025,['train'],1.0,Counter({'train': 1}),val,43c5a364fd2e03af,True,hirise_clean,0,C:\Users\deves\OneDrive\Desktop\Projects\TCMD-SS\data\raw\hirise_v3_2\map-proj-v3_2\ESP_012700_2025_RED-0086.jpg
map-proj-v3_2/ESP_012700_2025_RED-0087.jpg,ok,,JPEG,227.0,227.0,L,1.0,1.0,normal,crater,train,esp_012700_2025_red-0087,[],3044b6db48b7b6a4776be48525f4d8605555383325e2d38e6b3e16f4b711ff7a,98899a087d55f0426170d5fd8b7202c179008a3d94d17a367e7290585b2a6fea,813ccc7233ddce32,86.71437442993266,14.90745654779001,9bf340d3e6529404,[],1.0,esp_012700_2025,['train'],1.0,Counter({'train': 1}),val,43c5a364fd2e03af,True,hirise_clean,0,C:\Users\deves\OneDrive\Desktop\Projects\TCMD-SS\data\raw\hirise_v3_2\map-proj-v3_2\ESP_012700_2025_RED-0087.jpg
map-proj-v3_2/ESP_012700_2025_RED-0088.jpg,ok,,JPEG,227.0,227.0,L,1.0,1.0,normal,other,train,esp_012700_2025_red-0088,[],3d42fe1ace0941a85fa968dce2d1cd9fa0f96530dcc8d2e4c2ddbf27d83cb918,913a5103c46c3df59f273c72c365916391a9d66490658e3fd4f67e61e1dfd04e,cb6999693c2c3699,109.29922956005356,76.20390953205079,6322ac8741e1beac,[],0.0,esp_012700_2025,['train'],1.0,Counter({'train': 1}),val,43c5a364fd2e03af,True,hirise_clean,0,C:\Users\deves\OneDrive\Desktop\Projects\TCMD-SS\data\raw\hirise_v3_2\map-proj-v3_2\ESP_012700_2025_RED-0088.jpg
map-proj-v3_2/ESP_012700_2025_RED-0091.jpg,ok,,JPEG,227.0,227.0,L,1.0,1.0,normal,other,train,esp_012700_2025_red-0091,[],91da190cd379cbfa777532af8931d1ff28f202c48bf9a9d33a4cd419b1a609c4,982747f73ab21112f1837973549be23bbc7835b16e796929b205958e06f6bb96,c473998c67317653,125.95843117467834,17.341172840587404,b75fe7b408f75e01,[],0.0,esp_012700_2025,['train'],1.0,Counter({'train': 1}),val,43c5a364fd2e03af,True,hirise_clean,0,C:\Users\deves\OneDrive\Desktop\Projects\TCMD-SS\data\raw\hirise_v3_2\map-proj-v3_2\ESP_012700_2025_RED-0091.jpg
map-proj-v3_2/ESP_012700_2025_RED-0094.jpg,ok,,JPEG,227.0,227.0,L,1.0,1.0,normal,other,train,esp_012700_2025_red-0094,[],9774ec2c9cd2841d7eee9aabfa5fe082fac5a1b2a985fc8cee81157bec0d7511,21c6f76c9a5ad903be20dae8ae0503ff1f8f232d12ac41bb7ed63da2306f6556,ce34998d647603fc,133.17407673348987,18.07521171591589,ce2b7872a96798af,[],0.0,esp_012700_2025,['train'],1.0,Counter({'train': 1}),val,43c5a364fd2e03af,True,hirise_clean,0,C:\Users\deves\OneDrive\Desktop\Projects\TCMD-SS\data\raw\hirise_v3_2\map-proj-v3_2\ESP_012700_2025_RED-0094.jpg
map-proj-v3_2/ESP_012700_2025_RED-0101.jpg,ok,,JPEG,227.0,227.0,L,1.0,1.0,normal,other,train,esp_012700_2025_red-0101,[],22e1c9e326d92ac7103b478b989bcd5b55be9a8b31b77e35058d4f95bbc0a7c5,83e12436ea103a0b79c15358a45babbf289a491ad1d80ca1509a3d703b41721a,c63493d79cc492cb,146.53600884938578,15.94439545866621,43c0222e1f8b5556,[],0.0,esp_012700_2025,['train'],1.0,Counter({'train': 1}),val,43c5a364fd2e03af,True,hirise_clean,0,C:\Users\deves\OneDrive\Desktop\Projects\TCMD-SS\data\raw\hirise_v3_2\map-proj-v3_2\ESP_012700_2025_RED-0101.jpg
map-proj-v3_2/ESP_012700_2025_RED-0102.jpg,ok,,JPEG,227.0,227.0,L,1.0,1.0,normal,other,train,esp_012700_2025_red-0102,[],d3b6a36cc0e239c42cc566622a4b89d896b8b76e97e16aaa058c010ebf8c69db,f1f79200548226b55313f4746588bece5719dfecb40da1048740774fd0558ce4,c87e3695c17292cb,62.20541830813717,12.454761740459436,49f93e004858811b,[],0.0,esp_012700_2025,['train'],1.0,Counter({'train': 1}),val,43c5a364fd2e03af,True,hirise_clean,0,C:\Users\deves\OneDrive\Desktop\Projects\TCMD-SS\data\raw\hirise_v3_2\map-proj-v3_2\ESP_012700_2025_RED-0102.jpg
map-proj-v3_2/ESP_012700_2025_RED-0104.jpg,ok,,JPEG,227.0,227.0,L,1.0,1.0,normal,other,train,esp_012700_2025_red-0104,[],c59ea3a34805651b6e0cef01c924e1d39407dd0228ce3c022decfbd1d0226773,1481adfed3f387487f17a81a54eded3f973804fd333c18971a82656a03253b3b,ec6c31d9cac96463,58.249005414426826,13.547524034675616,760114be0b3228b2,[],0.0,esp_012700_2025,['train'],1.0,Counter({'train': 1}),val,43c5a364fd2e03af,True,hirise_clean,0,C:\Users\deves\OneDrive\Desktop\Projects\TCMD-SS\data\raw\hirise_v3_2\map-proj-v3_2\ESP_012700_2025_RED-0104.jpg
map-proj-v3_2/ESP_012700_2025_RED-0105.jpg,ok,,JPEG,227.0,227.0,L,1.0,1.0,normal,other,train,esp_012700_2025_red-0105,[],4a92a761f9970c6a428592e0dc743bc2e208797c9bfd4b9a5979b5113c0892ad,70948a0c53561578d19d8fde6839c680127c3754a8b4be9db01c859551bf7ce1,d54a9ed36b31948a,113.7103766810922,50.83554339848333,fb76811833be984f,[],0.0,esp_012700_2025,['train'],1.0,Counter({'train': 1}),val,43c5a364fd2e03af,True,hirise_clean,0,C:\Users\deves\OneDrive\Desktop\Projects\TCMD-SS\data\raw\hirise_v3_2\map-proj-v3_2\ESP_012700_2025_RED-0105.jpg
map-proj-v3_2/ESP_013281_1930_RED-0002.jpg,ok,,JPEG,227.0,227.0,L,1.0,1.0,normal,crater,train,esp_013281_1930_red-0002,[],c7d3960f6f5169bed915594d1bf837b43678e36f5fbce60766927efb07e3905a,0f89d09654e05e8cfbad05ea6604b5e976f51fd8d8de159b82c33865068a521c,cbb964a693c98c66,79.45939179879291,14.102282346908751,8487967d35164f12,[],1.0,esp_013281_1930,['train'],1.0,Counter({'train': 1}),val,59d2c6861deea26d,True,hirise_clean,0,C:\Users\deves\OneDrive\Desktop\Projects\TCMD-SS\data\raw\hirise_v3_2\map-proj-v3_2\ESP_013281_1930_RED-0002.jpg
map-proj-v3_2/ESP_013281_1930_RED-0004.jpg,ok,,JPEG,227.0,227.0,L,1.0,1.0,normal,other,train,esp_013281_1930_red-0004,[],46e66ece0875686bc3879bb09b2503b9bd58c4f8d7e712cd432cf7c2ea72e7ee,929fe4b78eb9d470a84197af942e0e32af4d70ff6e40fc6cf641681aaf07462f,c98672d92c669379,72.43354227716432,39.00795230738275,37597b63f2fe9d73,[],0.0,esp_013281_1930,['train'],1.0,Counter({'train': 1}),val,59d2c6861deea26d,True,hirise_clean,0,C:\Users\deves\OneDrive\Desktop\Projects\TCMD-SS\data\raw\hirise_v3_2\map-proj-v3_2\ESP_013281_1930_RED-0004.jpg
map-proj-v3_2/ESP_013281_1930_RED-0012.jpg,ok,,JPEG,227.0,227.0,L,1.0,1.0,normal,crater,train,esp_013281_1930_red-0012,[],1c7d62da89ebdcb0fc8efabe51ba6c35d82f51ef5c2750453c9acd4d70a7adbb,1456b53175fab53cc9622d2b2e9399993595cefa22279ef33c22e05b994c0b28,cb3334ac9399cc66,81.39480680781696,17.278616945504993,33d971023f33f360,[],1.0,esp_013281_1930,['train'],1.0,Counter({'train': 1}),val,59d2c6861deea26d,True,hirise_clean,0,C:\Users\deves\OneDrive\Desktop\Projects\TCMD-SS\data\raw\hirise_v3_2\map-proj-v3_2\ESP_013281_1930_RED-0012.jpg
map-proj-v3_2/ESP_013281_1930_RED-0015.jpg,ok,,JPEG,227.0,227.0,L,1.0,1.0,normal,other,train,esp_013281_1930_red-0015,[],52196879df07d50a82f94bdf4a7212cc2508ecce6f1303c9b1c14ac049ec8476,958214f438cb2c6e12bf8568ff661e70fe8d1a2f4bf526fc89175fd03db9a7fb,9732486c27f1cce6,89.6175163500165,12.794562942153114,f39c250a98db2f4c,[],0.0,esp_013281_1930,['train'],1.0,Counter({'train': 1}),val,59d2c6861deea26d,True,hirise_clean,0,C:\Users\deves\OneDrive\Desktop\Projects\TCMD-SS\data\raw\hirise_v3_2\map-proj-v3_2\ESP_013281_1930_RED-0015.jpg
map-proj-v3_2/ESP_013281_1930_RED-0016.jpg,ok,,JPEG,227.0,227.0,L,1.0,1.0,normal,crater,train,esp_013281_1930_red-0016,[],67e6a278713f691426be39b9947eb5e8401059b6d47df5743eccee415271aeca,d8585bad91000955c4e30a493f9f8032149aa4ed5aa641408a9df336673d3a64,8b3e74cb9b842c72,89.80232490442275,14.45999021960421,8d482539bfe5a4fe,[],1.0,esp_013281_1930,['train'],1.0,Counter({'train': 1}),val,59d2c6861deea26d,True,hirise_clean,0,C:\Users\deves\OneDrive\Desktop\Projects\TCMD-SS\data\raw\hirise_v3_2\map-proj-v3_2\ESP_013281_1930_RED-0016.jpg
map-proj-v3_2/ESP_013281_1930_RED-0018.jpg,ok,,JPEG,227.0,227.0,L,1.0,1.0,normal,crater,train,esp_013281_1930_red-0018,[],5bce162f46b137cb7f049c346c8dc15d4ee13c4abfa1d2eafaf96f1003ff2e62,c8f90e600d58f4dc6bc2229c689531b698364732e34fb23c5ae415e94afd9d69,830e7cc23bcdcc33,111.35137495390944,13.644483944506955,ed0d3764cf3727d1,[],1.0,esp_013281_1930,['train'],1.0,Counter({'train': 1}),val,59d2c6861deea26d,True,hirise_clean,0,C:\Users\deves\OneDrive\Desktop\Projects\TCMD-SS\data\raw\hirise_v3_2\map-proj-v3_2\ESP_013281_1930_RED-0018.jpg
map-proj-v3_2/ESP_013281_1930_RED-0019.jpg,ok,,JPEG,227.0,227.0,L,1.0,1.0,normal,other,train,esp_013281_1930_red-0019,[],d079b25389c373306fd8050b9093220d166dd00feaf48e16556c343e4fef3e74,8a4aa6acf4dc3166a172f43ef8ccff1ad9c1d69cccb58a61912daecdaf3387ab,ca44748e3f6b991c,93.60443633682004,13.25260107404586,55192a2c98e4dad2,[],0.0,esp_013281_1930,['train'],1.0,Counter({'train': 1}),val,59d2c6861deea26d,True,hirise_clean,0,C:\Users\deves\OneDrive\Desktop\Projects\TCMD-SS\data\raw\hirise_v3_2\map-proj-v3_2\ESP_013281_1930_RED-0019.jpg
map-proj-v3_2/ESP_013281_1930_RED-0021.jpg,ok,,JPEG,227.0,227.0,L,1.0,1.0,normal,other,train,esp_013281_1930_red-0021,[],cb32ee2b2ce443128b6a41fad3a30139cb16cb3daf1df0f5fbc8175ee23deb76,b6fdc56b970d9c057f9bc1c2c6b327f9b646e1c7b21f56cb860bfe9ac1f9e9a2,9933664ccb999c66,86.51190591705641,13.246067491098197,49a602f20039015e,[],0.0,esp_013281_1930,['train'],1.0,Counter({'train': 1}),val,59d2c6861deea26d,True,hirise_clean,0,C:\Users\deves\OneDrive\Desktop\Projects\TCMD-SS\data\raw\hirise_v3_2\map-proj-v3_2\ESP_013281_1930_RED-0021.jpg
map-proj-v3_2/ESP_013281_1930_RED-0026.jpg,ok,,JPEG,227.0,227.0,L,1.0,1.0,normal,other,train,esp_013281_1930_red-0026,[],322772686a2fd2d79545e25ac1dab80f64373027d275014a7688a803c97eeb4e,a14dd19f3a8c1166286f3e93c860bc4978f5d51cee0313233e05474019318f5b,ccb7338acc6352d8,88.0979060334957,11.809264719675452,26135c3c88297af5,[],0.0,esp_013281_1930,['train'],1.0,Counter({'train': 1}),val,59d2c6861deea26d,True,hirise_clean,0,C:\Users\deves\OneDrive\Desktop\Projects\TCMD-SS\data\raw\hirise_v3_2\map-proj-v3_2\ESP_013281_1930_RED-0026.jpg
map-proj-v3_2/ESP_013281_1930_RED-0030.jpg,ok,,JPEG,227.0,227.0,L,1.0,1.0,normal,other,train,esp_013281_1930_red-0030,[],5dcdeb182d6fae4d33dd9b1bd69e8d1990efba93885983b88c761e0d5a08d480,a255ed15e9d3332acb8ec39b5d422cc362e1d7c701be0f0141f113cef94e2f59,8fc3316bd83195c6,72.95146422402918,46.38677024543943,f6aa49477ea94b80,[],0.0,esp_013281_1930,['train'],1.0,Counter({'train': 1}),val,59d2c6861deea26d,True,hirise_clean,0,C:\Users\deves\OneDrive\Desktop\Projects\TCMD-SS\data\raw\hirise_v3_2\map-proj-v3_2\ESP_013281_1930_RED-0030.jpg
map-proj-v3_2/ESP_013281_1930_RED-0049.jpg,ok,,JPEG,227.0,227.0,L,1.0,1.0,normal,other,train,esp_013281_1930_red-0049,[],34bd4ddcb6956366a41b8ab796033d0732c256c3b98bf76a614fdda1945cc1f3,82b69a07e94fd7e22fd40ea1dce5dfa1046e32860fc2db7f1c45c6e4323f9875,8c6873813f661b9d,92.09685807991616,12.973411651241166,aca8cf7e358e87d2,[],0.0,esp_013281_1930,['train'],1.0,Counter({'train': 1}),val,59d2c6861deea26d,True,hirise_clean,0,C:\Users\deves\OneDrive\Desktop\Projects\TCMD-SS\data\raw\hirise_v3_2\map-proj-v3_2\ESP_013281_1930_RED-0049.jpg
map-proj-v3_2/ESP_013281_1930_RED-0052.jpg,ok,,JPEG,227.0,227.0,L,1.0,1.0,normal,other,train,esp_013281_1930_red-0052,[],1d3a7cd3ed36b0b55acd00ae1135b9e71ecc1a508a5d79cb75c3f18ae149ac74,464aae38c6c6039858e18d40452fce18406e31a46be2df4ff669b1410fa4547c,cde533d0dc2f24d0,88.84290399580819,14.21563399212626,42d35ad85ce64a92,[],0.0,esp_013281_1930,['train'],1.0,Counter({'train': 1}),val,59d2c6861deea26d,True,hirise_clean,0,C:\Users\deves\OneDrive\Desktop\Projects\TCMD-SS\data\raw\hirise_v3_2\map-proj-v3_2\ESP_013281_1930_RED-0052.jpg
map-proj-v3_2/ESP_013281_1930_RED-0057.jpg,ok,,JPEG,227.0,227.0,L,1.0,1.0,normal,other,train,esp_013281_1930_red-0057,[],d006b9057d4d9b4700fe07ebb169a2868f455d804158312c0f7e3ef3bae1c79b,3a524dba056daf30bb889db07f57a19050c9a487147a587041be457a9470a1f5,cb2716d9c4e63331,88.7767664810107,13.12623734323564,81edd18b18f2a574,[],0.0,esp_013281_1930,['train'],1.0,Counter({'train': 1}),val,59d2c6861deea26d,True,hirise_clean,0,C:\Users\deves\OneDrive\Desktop\Projects\TCMD-SS\data\raw\hirise_v3_2\map-proj-v3_2\ESP_013281_1930_RED-0057.jpg
map-proj-v3_2/ESP_013281_1930_RED-0059.jpg,ok,,JPEG,227.0,227.0,L,1.0,1.0,normal,other,train,esp_013281_1930_red-0059,[],3450dc65a65e1168c9a93775f0f9a03e9b1b79c3acfccd4db6ff4160673e58d3,642eabaa34b26bb21ba0a88779bacbc167fb99c4a46f5eda8a139695834c9a31,c3313adce4b2392d,114.32005278580992,32.8298749423118,aad5e1c9b6d47a5e,[],0.0,esp_013281_1930,['train'],1.0,Counter({'train': 1}),val,59d2c6861deea26d,True,hirise_clean,0,C:\Users\deves\OneDrive\Desktop\Projects\TCMD-SS\data\raw\hirise_v3_2\map-proj-v3_2\ESP_013281_1930_RED-0059.jpg
map-proj-v3_2/ESP_013281_1930_RED-0060.jpg,ok,,JPEG,227.0,227.0,L,1.0,1.0,normal,other,train,esp_013281_1930_red-0060,[],fcb1521f73f08afd88955d687e8540f6dd148443b61a2358cb1cd6ce5fa00cfe,69602e4f57e595fc14b42e2d110d688510536d30c25f25a73e0ac8c29c654d64,d57632996cda6e02,87.4456519629723,37.18452910923097,051cd5979a7f1619,[],0.0,esp_013281_1930,['train'],1.0,Counter({'train': 1}),val,59d2c6861deea26d,True,hirise_clean,0,C:\Users\deves\OneDrive\Desktop\Projects\TCMD-SS\data\raw\hirise_v3_2\map-proj-v3_2\ESP_013281_1930_RED-0060.jpg
map-proj-v3_2/ESP_013281_1930_RED-0063.jpg,ok,,JPEG,227.0,227.0,L,1.0,1.0,normal,other,train,esp_013281_1930_red-0063,[],08ffc0669a51d211dde788b4f3210ddaa25644e48284b3fca39967d9b3625885,63378f45e2d4af99e5d13326a031aefe2275a1a1c88c61989e9422818a7edc90,cc5333dccc32b299,88.52750878146287,17.386336003401333,fb160f7d7bc158f6,[],0.0,esp_013281_1930,['train'],1.0,Counter({'train': 1}),val,59d2c6861deea26d,True,hirise_clean,0,C:\Users\deves\OneDrive\Desktop\Projects\TCMD-SS\data\raw\hirise_v3_2\map-proj-v3_2\ESP_013281_1930_RED-0063.jpg
map-proj-v3_2/ESP_013281_1930_RED-0065.jpg,ok,,JPEG,227.0,227.0,L,1.0,1.0,normal,other,train,esp_013281_1930_red-0065,[],9868ca57f691ac7f6c994f974ca2d8a8ba7ab21700a94b9bc25241114b015b57,c3efe56c446df519e35b5d3a391d638e529ce447998bd8c9c8b4f522a0683e69,ff3399cce6834124,88.41627044964972,26.050168652543537,41799a8fccd79cee,[],0.0,esp_013281_1930,['train'],1.0,Counter({'train': 1}),val,59d2c6861deea26d,True,hirise_clean,0,C:\Users\deves\OneDrive\Desktop\Projects\TCMD-SS\data\raw\hirise_v3_2\map-proj-v3_2\ESP_013281_1930_RED-0065.jpg
map-proj-v3_2/ESP_013281_1930_RED-0066.jpg,ok,,JPEG,227.0,227.0,L,1.0,1.0,normal,other,train,esp_013281_1930_red-0066,[],05cd4862087455de34d217a314775889b7533a3a05c01efeca19f9ea92e6b3c2,0160f11ca3a8645d1c3466092ee20377ce98d13fc44aa0c44f29394efb81d3fc,e487b9cc66a33338,81.47115216674106,14.266973552018106,7137c56e0a9cf067,[],0.0,esp_013281_1930,['train'],1.0,Counter({'train': 1}),val,59d2c6861deea26d,True,hirise_clean,0,C:\Users\deves\OneDrive\Desktop\Projects\TCMD-SS\data\raw\hirise_v3_2\map-proj-v3_2\ESP_013281_1930_RED-0066.jpg
map-proj-v3_2/ESP_013281_1930_RED-0067.jpg,ok,,JPEG,227.0,227.0,L,1.0,1.0,normal,other,train,esp_013281_1930_red-0067,[],6aa851b4e20dc990c739874ebe73632fbc0cec81828dd6ce3e4b3f3560171cfa,c7d7e7cb578d73d2dcfc3ce1ee5829f263c79dda0f3c6625ddfeebc3a1b1f052,d9a0b5da6d169349,108.81953851229405,22.700149814047368,26871b2d1635efba,[],0.0,esp_013281_1930,['train'],1.0,Counter({'train': 1}),val,59d2c6861deea26d,True,hirise_clean,0,C:\Users\deves\OneDrive\Desktop\Projects\TCMD-SS\data\raw\hirise_v3_2\map-proj-v3_2\ESP_013281_1930_RED-0067.jpg
map-proj-v3_2/ESP_013281_1930_RED-0069.jpg,ok,,JPEG,227.0,227.0,L,1.0,1.0,normal,other,train,esp_013281_1930_red-0069,[],311f33bc79b47401a97cf09af019eea200b983eb9c301b2bc1bd2cbd8f84469a,f78d10f5a360d11911807c23fcc91decc7c4740f1db5e195560feae6ad320343,c1b219cce6f3391c,139.55248500844183,15.877253544548852,1b3156cafa9e77a9,[],0.0,esp_013281_1930,['train'],1.0,Counter({'train': 1}),val,59d2c6861deea26d,True,hirise_clean,0,C:\Users\deves\OneDrive\Desktop\Projects\TCMD-SS\data\raw\hirise_v3_2\map-proj-v3_2\ESP_013281_1930_RED-0069.jpg
map-proj-v3_2/ESP_013281_1930_RED-0072.jpg,ok,,JPEG,227.0,227.0,L,1.0,1.0,normal,crater,train,esp_013281_1930_red-0072,[],345fdfcc023816d39548c6ced2ed58d47e6ac8c2f5be9c0956a6de9d9f3760b9,c48726236ebf970369531255ab2e1546de2cc259c9cb7ed898d34315bfb3ae98,ad92dccc23e1ccb2,140.9938869374527,12.140319441309408,1aa4716c7ae53eb8,[],1.0,esp_013281_1930,['train'],1.0,Counter({'train': 1}),val,59d2c6861deea26d,True,hirise_clean,0,C:\Users\deves\OneDrive\Desktop\Projects\TCMD-SS\data\raw\hirise_v3_2\map-proj-v3_2\ESP_013281_1930_RED-0072.jpg
map-proj-v3_2/ESP_013281_1930_RED-0075.jpg,ok,,JPEG,227.0,227.0,L,1.0,1.0,normal,other,train,esp_013281_1930_red-0075,[],5bbe411b83389444a4c602c7bc114df92e59bdcb897ca06b6fbece0a2dbe2b12,f8d9778bd468383ef02c036379b7356cc113d122772f401e6e6b30d2fc0b2259,dc986ac31d472f31,109.87443963593316,13.781266198538509,28aefdfa360bb333,[],0.0,esp_013281_1930,['train'],1.0,Counter({'train': 1}),val,59d2c6861deea26d,True,hirise_clean,0,C:\Users\deves\OneDrive\Desktop\Projects\TCMD-SS\data\raw\hirise_v3_2\map-proj-v3_2\ESP_013281_1930_RED-0075.jpg
map-proj-v3_2/ESP_013281_1930_RED-0077.jpg,ok,,JPEG,227.0,227.0,L,1.0,1.0,normal,crater,train,esp_013281_1930_red-0077,[],e5ae4acbbd9ab2b60a0c40a04d46f75ca788c8b715fa31465c8f4fb4d0f206af,2738d2e2ad46f8575bacc4277cb5d51455c34c68626faa8eb9b6ccc84911a655,df9020ded3e06c27,98.21531564749948,14.333231309891712,f5076de01cf35bcc,[],1.0,esp_013281_1930,['train'],1.0,Counter({'train': 1}),val,59d2c6861deea26d,True,hirise_clean,0,C:\Users\deves\OneDrive\Desktop\Projects\TCMD-SS\data\raw\hirise_v3_2\map-proj-v3_2\ESP_013281_1930_RED-0077.jpg
map-proj-v3_2/ESP_013281_1930_RED-0079.jpg,ok,,JPEG,227.0,227.0,L,1.0,1.0,normal,other,train,esp_013281_1930_red-0079,[],bdc55ab058b0d5bcfc763a1740d8905e540fc2d06827f0bb6392e06b0c65e7c6,e2001eb433a1ab3b3902857274c8eee911b4625ce00952126c5bfaec64f8a8a5,e4e41363cc8cb66b,115.74623998136973,12.442472045290929,b97d98fe43058986,[],0.0,esp_013281_1930,['train'],1.0,Counter({'train': 1}),val,59d2c6861deea26d,True,hirise_clean,0,C:\Users\deves\OneDrive\Desktop\Projects\TCMD-SS\data\raw\hirise_v3_2\map-proj-v3_2\ESP_013281_1930_RED-0079.jpg
map-proj-v3_2/ESP_013281_1930_RED-0081.jpg,ok,,JPEG,227.0,227.0,L,1.0,1.0,normal,other,train,esp_013281_1930_red-0081,[],2a5b66896dd798bed0538af04969c4bd229cefb5fd46cac5ff7262838f89e36f,695c086549e07571181468a012090bd2802d0a1436a89db256259abfd4c5147d,e67199cc6633998c,159.9627394282831,17.40989253064443,5d6271983cbd2bc1,['group_label_conflict'],0.0,esp_013281_1930,['train'],1.0,Counter({'train': 1}),val,59d2c6861deea26d,True,hirise_clean,0,C:\Users\deves\OneDrive\Desktop\Projects\TCMD-SS\data\raw\hirise_v3_2\map-proj-v3_2\ESP_013281_1930_RED-0081.jpg
map-proj-v3_2/ESP_013281_1930_RED-0086.jpg,ok,,JPEG,227.0,227.0,L,1.0,1.0,normal,other,train,esp_013281_1930_red-0086,[],31637a4455717e4e23ba8caf7c9b3dc38083f43bea012788bfd2946c751ae417,b097ada00d33090e276e2b3d48e747d99d9a65398ae8b7931b92b39b8dc4e8af,c4171b8d0e363b3d,157.41182635021056,40.39726257359101,ee4abaea13734f4b,[],0.0,esp_013281_1930,['train'],1.0,Counter({'train': 1}),val,59d2c6861deea26d,True,hirise_clean,0,C:\Users\deves\OneDrive\Desktop\Projects\TCMD-SS\data\raw\hirise_v3_2\map-proj-v3_2\ESP_013281_1930_RED-0086.jpg
map-proj-v3_2/ESP_013281_1930_RED-0087.jpg,ok,,JPEG,227.0,227.0,L,1.0,1.0,normal,other,train,esp_013281_1930_red-0087,[],a06000ebec623769ecf1468af58612acad72cbd505603fae1eaefa34f7826701,c0fcf7c43cb1f3ea2f9bcf06953ea5de51275faa13fcf1ee2db4fe5a86ea253e,a12c1c7373dc8ca7,104.92512953870636,65.90623433977483,35dc9458cfd0d586,[],0.0,esp_013281_1930,['train'],1.0,Counter({'train': 1}),val,59d2c6861deea26d,True,hirise_clean,0,C:\Users\deves\OneDrive\Desktop\Projects\TCMD-SS\data\raw\hirise_v3_2\map-proj-v3_2\ESP_013281_1930_RED-0087.jpg
map-proj-v3_2/ESP_013281_1930_RED-0090.jpg,ok,,JPEG,227.0,227.0,L,1.0,1.0,normal,other,train,esp_013281_1930_red-0090,[],3a19fbe6cc571d4425c1ea685c308fdcd3aca59833e3fcee14f3116549daa801,bf22d1c2f11e27afedff79615c3b39e9962cb4cd4dc1cb4c5d6cd9542b25dd9c,a13f0c4c7f50fcc2,127.1475285761416,64.67469258322018,079c3f3368230128,[],0.0,esp_013281_1930,['train'],1.0,Counter({'train': 1}),val,59d2c6861deea26d,True,hirise_clean,0,C:\Users\deves\OneDrive\Desktop\Projects\TCMD-SS\data\raw\hirise_v3_2\map-proj-v3_2\ESP_013281_1930_RED-0090.jpg
map-proj-v3_2/ESP_016631_2535_RED-0000.jpg,ok,,JPEG,227.0,227.0,L,1.0,1.0,normal,bright dune,train,esp_016631_2535_red-0000,[],928f86c890911b80b1043d0d46232a0961f9e4ada4aa10ba47deb8309a996b9d,48dba4951b647097100dc3ba8281a4631cc93f2e203b6f26bb5a59a12288c0aa,a4f791dc047313dc,130.8245648081663,18.67682753727794,0d762084c8239107,[],4.0,esp_016631_2535,['train'],1.0,Counter({'train': 1}),val,501845ae468bdee7,True,hirise_clean,0,C:\Users\deves\OneDrive\Desktop\Projects\TCMD-SS\data\raw\hirise_v3_2\map-proj-v3_2\ESP_016631_2535_RED-0000.jpg
map-proj-v3_2/ESP_016631_2535_RED-0002.jpg,ok,,JPEG,227.0,227.0,L,1.0,1.0,normal,bright dune,train,esp_016631_2535_red-0002,[],14af6b17d9f3741c24ba86f0b1437f6cb2d7859869471dad22a156a568f8db4d,515c739caf4d3076a833f6d8999cda7fda71382bbc6f7cfbbd84260a601b630b,c65293d8ce7233d8,132.5244619534631,20.25841104110716,81b9e44220dc8e00,[],4.0,esp_016631_2535,['train'],1.0,Counter({'train': 1}),val,501845ae468bdee7,True,hirise_clean,0,C:\Users\deves\OneDrive\Desktop\Projects\TCMD-SS\data\raw\hirise_v3_2\map-proj-v3_2\ESP_016631_2535_RED-0002.jpg
map-proj-v3_2/ESP_016631_2535_RED-0003.jpg,ok,,JPEG,227.0,227.0,L,1.0,1.0,normal,bright dune,train,esp_016631_2535_red-0003,[],5d40521e4657efc1ee12e4d1472249b8967a571f991543aa9425fc5c74d860f9,f4db205968817ff508c8136e052c6fdfa32488db20c650e6363ececec58a8fc9,ec639b584c539399,135.007063983388,18.97622662450213,0025f573aa311ca3,[],4.0,esp_016631_2535,['train'],1.0,Counter({'train': 1}),val,501845ae468bdee7,True,hirise_clean,0,C:\Users\deves\OneDrive\Desktop\Projects\TCMD-SS\data\raw\hirise_v3_2\map-proj-v3_2\ESP_016631_2535_RED-0003.jpg
map-proj-v3_2/ESP_016631_2535_RED-0004.jpg,ok,,JPEG,227.0,227.0,L,1.0,1.0,normal,bright dune,train,esp_016631_2535_red-0004,[],b69ef5ccbe1159af2b373c3ad7efd3f0d1e82c8bf313c36f6c0214d41b5028aa,faebb878aac524b04d80ae243b50f9b7f95982bb1cc73791ecbb5fd3a1550ad5,f8a03c50f17d545e,132.66583865396186,27.037489731709677,b4a24672ddb81ffb,[],4.0,esp_016631_2535,['train'],1.0,Counter({'train': 1}),val,501845ae468bdee7,True,hirise_clean,0,C:\Users\deves\OneDrive\Desktop\Projects\TCMD-SS\data\raw\hirise_v3_2\map-proj-v3_2\ESP_016631_2535_RED-0004.jpg
map-proj-v3_2/ESP_016631_2535_RED-0006.jpg,ok,,JPEG,227.0,227.0,L,1.0,1.0,normal,bright dune,train,esp_016631_2535_red-0006,[],8f1663d9f573aef727e1b0cca67a7c5fb7f778ff85d624b95bd14b03587cdfca,2b00ba87fd8ad93a2d5eb6a3af1b7bd4b49b3d46b5f1648b7c1374cd8794d12d,aab8bbac47a1519c,128.49284868714705,19.35588055020297,be8c29dd66a1d62f,[],4.0,esp_016631_2535,['train'],1.0,Counter({'train': 1}),val,501845ae468bdee7,True,hirise_clean,0,C:\Users\deves\OneDrive\Desktop\Projects\TCMD-SS\data\raw\hirise_v3_2\map-proj-v3_2\ESP_016631_2535_RED-0006.jpg
map-proj-v3_2/ESP_016631_2535_RED-0008.jpg,ok,,JPEG,227.0,227.0,L,1.0,1.0,normal,bright dune,train,esp_016631_2535_red-0008,[],599e8f3b59c2dae2b6c848d39c826b3ef78d24a2cf249e11861979c460739809,921c7eab209aeb8ac1c376f95cffcaab49894f9f2dd9b9103a2136cfe7ac235a,e40eb3f661896666,129.79564905199015,20.88241793022023,3feae3318faad00b,[],4.0,esp_016631_2535,['train'],1.0,Counter({'train': 1}),val,501845ae468bdee7,True,hirise_clean,0,C:\Users\deves\OneDrive\Desktop\Projects\TCMD-SS\data\raw\hirise_v3_2\map-proj-v3_2\ESP_016631_2535_RED-0008.jpg
map-proj-v3_2/ESP_016631_2535_RED-0011.jpg,ok,,JPEG,227.0,227.0,L,1.0,1.0,normal,bright dune,train,esp_016631_2535_red-0011,[],6f1e646ac1a5c30d75f86a36ee14b10103d96dc21eaa1c774331c70ab4aa8e3b,82096c4a31a6d88f7b3370d67bf38beaedb7ad4b758e7129c95874456cc3142e,d4adba944e733388,116.27545653903628,42.48276895373898,922fb0028d238cab,[],4.0,esp_016631_2535,['train'],1.0,Counter({'train': 1}),val,501845ae468bdee7,True,hirise_clean,0,C:\Users\deves\OneDrive\Desktop\Projects\TCMD-SS\data\raw\hirise_v3_2\map-proj-v3_2\ESP_016631_2535_RED-0011.jpg
map-proj-v3_2/ESP_016631_2535_RED-0012.jpg,ok,,JPEG,227.0,227.0,L,1.0,1.0,normal,bright dune,train,esp_016631_2535_red-0012,[],a4b1b6c85d5e66fcf1db6845dabdf5297a42a1b9d3014c50520c771f6dd37454,c4d67cec4663e02a79998cc3d4dcc760d32fb8a5224628eacb65f60dab649ce6,8cb45bb54c667331,129.98730811775894,19.45205138692475,a31bdb969fd0b4f9,[],4.0,esp_016631_2535,['train'],1.0,Counter({'train': 1}),val,501845ae468bdee7,True,hirise_clean,0,C:\Users\deves\OneDrive\Desktop\Projects\TCMD-SS\data\raw\hirise_v3_2\map-proj-v3_2\ESP_016631_2535_RED-0012.jpg
map-proj-v3_2/ESP_016631_2535_RED-0013.jpg,ok,,JPEG,227.0,227.0,L,1.0,1.0,normal,bright dune,train,esp_016631_2535_red-0013,[],3a6fbace438dea2ad6783470dac7780edac3833f94082f8cc76a23d327113cdc,0367875687d785b6fa2fecd84e8b8dbf08b4bccb51e124a075c3d5002a0b44f0,d4d2d54cb5d64436,130.67200993615245,20.799791509155355,abb603524b220f22,[],4.0,esp_016631_2535,['train'],1.0,Counter({'train': 1}),val,501845ae468bdee7,True,hirise_clean,0,C:\Users\deves\OneDrive\Desktop\Projects\TCMD-SS\data\raw\hirise_v3_2\map-proj-v3_2\ESP_016631_2535_RED-0013.jpg
map-proj-v3_2/ESP_016631_2535_RED-0014.jpg,ok,,JPEG,227.0,227.0,L,1.0,1.0,normal,bright dune,train,esp_016631_2535_red-0014,[],4c6dcaecab4e414e1d721b84db140fbde2ac1a318c382d426a650e71ef12ad3a,4aec6e49493160757d04618896073067cf186dc2ecb0857d3678c690f0388061,84ef10c73dc03fca,121.87762230976732,36.746703438458304,a76d1f57aaefcb1a,[],4.0,esp_016631_2535,['train'],1.0,Counter({'train': 1}),val,501845ae468bdee7,True,hirise_clean,0,C:\Users\deves\OneDrive\Desktop\Projects\TCMD-SS\data\raw\hirise_v3_2\map-proj-v3_2\ESP_016631_2535_RED-0014.jpg
map-proj-v3_2/ESP_016631_2535_RED-0015.jpg,ok,,JPEG,227.0,227.0,L,1.0,1.0,normal,bright dune,train,esp_016631_2535_red-0015,[],57beba112a618c829ad9f1370bdb5ea7d0ee9259a9ced4fb7b1d891dba8ccffe,529242942eb90d690861fa064833d473c4ab5062afb4b98eabc5b596bc93165f,8cec53694ccc26f9,135.24568689475828,14.26349922957636,7a2a3f02e073eee0,[],4.0,esp_016631_2535,['train'],1.0,Counter({'train': 1}),val,501845ae468bdee7,True,hirise_clean,0,C:\Users\deves\OneDrive\Desktop\Projects\TCMD-SS\data\raw\hirise_v3_2\map-proj-v3_2\ESP_016631_2535_RED-0015.jpg
map-proj-v3_2/ESP_016631_2535_RED-0016.jpg,ok,,JPEG,227.0,227.0,L,1.0,1.0,normal,bright dune,train,esp_016631_2535_red-0016,[],3766dadb2063dfdb80f1a6c395bf556c1269248b7bcdbebf47b421c001a12531,11ed93e291dc1256bc62677445afd707a187a9f4ea2a7a1ebdad42628fef444f,edccbc0e65ccc426,134.41661976750956,21.862226702914207,345c3dce2ae03941,[],4.0,esp_016631_2535,['train'],1.0,Counter({'train': 1}),val,501845ae468bdee7,True,hirise_clean,0,C:\Users\deves\OneDrive\Desktop\Projects\TCMD-SS\data\raw\hirise_v3_2\map-proj-v3_2\ESP_016631_2535_RED-0016.jpg
map-proj-v3_2/ESP_016631_2535_RED-0017.jpg,ok,,JPEG,227.0,227.0,L,1.0,1.0,normal,bright dune,train,esp_016631_2535_red-0017,[],a37272cae330defc1606bdfe395b8b84c64e83045296c08af59ca7d2b90a80e0,ca17b2e7356632b54573d250d9ce8a8d4071f68a1d146fe21c88d181044bd751,e4071bdb4c6233ad,140.49133497642106,17.680812186787293,ca0d0bbb82b60601,[],4.0,esp_016631_2535,['train'],1.0,Counter({'train': 1}),val,501845ae468bdee7,True,hirise_clean,0,C:\Users\deves\OneDrive\Desktop\Projects\TCMD-SS\data\raw\hirise_v3_2\map-proj-v3_2\ESP_016631_2535_RED-0017.jpg
map-proj-v3_2/ESP_016631_2535_RED-0018.jpg,ok,,JPEG,227.0,227.0,L,1.0,1.0,normal,bright dune,train,esp_016631_2535_red-0018,[],32c215f69d9cd9cf325c8c5f7e2a3f2dcf96b43e5134ba49782a476a7036c643,4bd6a07259b817846bc18bdb1ec04bde91570964185d71cbeec046922db459bf,84f2d911ecaf3351,138.05177666944826,17.995997418021975,5b6165033c6b957b,[],4.0,esp_016631_2535,['train'],1.0,Counter({'train': 1}),val,501845ae468bdee7,True,hirise_clean,0,C:\Users\deves\OneDrive\Desktop\Projects\TCMD-SS\data\raw\hirise_v3_2\map-proj-v3_2\ESP_016631_2535_RED-0018.jpg
map-proj-v3_2/ESP_016631_2535_RED-0019.jpg,ok,,JPEG,227.0,227.0,L,1.0,1.0,normal,bright dune,train,esp_016631_2535_red-0019,[],b015ac9c8acb832797a1b6c2f4f257143f580cf4a23897547f3b7462a8bfbe0f,1e87ac1e6d0acfdb11eb6209e89fa1b0fed095ee2ff0dec620861f16f839ab7a,8ce2930dcc7f3398,138.5056181955792,16.764264146657364,024711e8d71878bc,[],4.0,esp_016631_2535,['train'],1.0,Counter({'train': 1}),val,501845ae468bdee7,True,hirise_clean,0,C:\Users\deves\OneDrive\Desktop\Projects\TCMD-SS\data\raw\hirise_v3_2\map-proj-v3_2\ESP_016631_2535_RED-0019.jpg
map-proj-v3_2/ESP_016631_2535_RED-0020.jpg,ok,,JPEG,227.0,227.0,L,1.0,1.0,normal,bright dune,train,esp_016631_2535_red-0020,[],d7690a20d13c4b5ded390cbf4e89fd145f9cf8f4da1d6b5b45990116c8b467b4,791e140437142aecb5592855ff917a973d69fcb52d3e6a8543fc4942c262d79d,ecc29b934c667331,137.8810378621747,19.132160498333388,83058069214ecb06,[],4.0,esp_016631_2535,['train'],1.0,Counter({'train': 1}),val,501845ae468bdee7,True,hirise_clean,0,C:\Users\deves\OneDrive\Desktop\Projects\TCMD-SS\data\raw\hirise_v3_2\map-proj-v3_2\ESP_016631_2535_RED-0020.jpg
map-proj-v3_2/ESP_016631_2535_RED-0021.jpg,ok,,JPEG,227.0,227.0,L,1.0,1.0,normal,bright dune,train,esp_016631_2535_red-0021,[],1920cc6e24b05bb2c64cc650a8a3984cd7cf1ed9a794e8d28a2ee8eb4c41bcbc,ddf7964fb249b8b1c87158db71300c3ec00538cc9897a79a6a71a85164e2ada7,d3b5299b619bc960,102.75574918977664,55.88552503663572,7651111b29a168bf,[],4.0,esp_016631_2535,['train'],1.0,Counter({'train': 1}),val,501845ae468bdee7,True,hirise_clean,0,C:\Users\deves\OneDrive\Desktop\Projects\TCMD-SS\data\raw\hirise_v3_2\map-proj-v3_2\ESP_016631_2535_RED-0021.jpg
map-proj-v3_2/ESP_016631_2535_RED-0025.jpg,ok,,JPEG,227.0,227.0,L,1.0,1.0,normal,bright dune,train,esp_016631_2535_red-0025,[],8e1971aea125695bd66cb90b7ee6a70f67f2dfb266daa15d1a8206f01776503e,a16f527e7c048d938f0751a8a244c54a48e5df8b8ec3ee8ee4a440dd94138b51,ccc69389cc667399,143.57272603776514,17.58467796376486,31100b5de543c9d2,['group_label_conflict'],4.0,esp_016631_2535,['train'],1.0,Counter({'train': 1}),val,501845ae468bdee7,True,hirise_clean,0,C:\Users\deves\OneDrive\Desktop\Projects\TCMD-SS\data\raw\hirise_v3_2\map-proj-v3_2\ESP_016631_2535_RED-0025.jpg
map-proj-v3_2/ESP_016631_2535_RED-0026.jpg,ok,,JPEG,227.0,227.0,L,1.0,1.0,normal,bright dune,train,esp_016631_2535_red-0026,[],4af78d3dbf106dffc56aa90e99ac39c1d6cd11351117a9e30184bb284bbc7327,48a7cd35156cb3de977a1ab729bcbef0509d06d52e2395c1f7776a323b24af4e,db96a59b2f00c86e,98.8983096896893,61.25745119857062,39ab146705f03351,[],4.0,esp_016631_2535,['train'],1.0,Counter({'train': 1}),val,501845ae468bdee7,True,hirise_clean,0,C:\Users\deves\OneDrive\Desktop\Projects\TCMD-SS\data\raw\hirise_v3_2\map-proj-v3_2\ESP_016631_2535_RED-0026.jpg
map-proj-v3_2/ESP_016631_2535_RED-0029.jpg,ok,,JPEG,227.0,227.0,L,1.0,1.0,normal,bright dune,train,esp_016631_2535_red-0029,[],83f5ec8d8a9ed3808f81a1c82aa8c841cc2d7f93aa0d23afb72163cc004b5cc4,39f2c28643cfb4023ede26fee1579536c872b56e39d1adaf56af2113536bdf17,e4c79389cc663399,146.96749403248657,17.40548901933466,31100b5de543c9d2,['group_label_conflict'],4.0,esp_016631_2535,['train'],1.0,Counter({'train': 1}),val,501845ae468bdee7,True,hirise_clean,0,C:\Users\deves\OneDrive\Desktop\Projects\TCMD-SS\data\raw\hirise_v3_2\map-proj-v3_2\ESP_016631_2535_RED-0029.jpg
map-proj-v3_2/ESP_016631_2535_RED-0030.jpg,ok,,JPEG,227.0,227.0,L,1.0,1.0,normal,bright dune,train,esp_016631_2535_red-0030,[],ad73260672b7d04305030d915c5a51935302556f29340fe9eb627666c1776852,c0b42f6fdf89a09c03bff29dc5ee211d3939ac2b90df88d3c3915c94c90e09c8,a47791dd44573398,147.5821382134332,19.63926089780556,702aa94d7230a5b4,[],4.0,esp_016631_2535,['train'],1.0,Counter({'train': 1}),val,501845ae468bdee7,True,hirise_clean,0,C:\Users\deves\OneDrive\Desktop\Projects\TCMD-SS\data\raw\hirise_v3_2\map-proj-v3_2\ESP_016631_2535_RED-0030.jpg
map-proj-v3_2/ESP_016631_2535_RED-0031.jpg,ok,,JPEG,227.0,227.0,L,1.0,1.0,normal,bright dune,train,esp_016631_2535_red-0031,[],1a4d247b76cd9f98ea359dc1e8358828dc0066126a57190febdc162d4c9cc5e2,f33330662cd8cc295b810ed71556488bfe040dbbc9012d169ccd0857f089a017,e6bb99a6a2e60b09,140.44906751537968,25.65235745628372,a38f20cb6230d959,[],4.0,esp_016631_2535,['train'],1.0,Counter({'train': 1}),val,501845ae468bdee7,True,hirise_clean,0,C:\Users\deves\OneDrive\Desktop\Projects\TCMD-SS\data\raw\hirise_v3_2\map-proj-v3_2\ESP_016631_2535_RED-0031.jpg
map-proj-v3_2/ESP_016631_2535_RED-0032.jpg,ok,,JPEG,227.0,227.0,L,1.0,1.0,normal,bright dune,train,esp_016631_2535_red-0032,[],32f38ec6eb6d1f4780872801cdb96716bf9e9ec51a4f274376ddd8329612cc0e,b2bc3e6a3a27f0cd5626884b0f079b34d0395ff56deb27be589536543e1865d7,c7a09b55e87702b9,144.3643773409148,23.601938359475813,2532ba4692b5249b,[],4.0,esp_016631_2535,['train'],1.0,Counter({'train': 1}),val,501845ae468bdee7,True,hirise_clean,0,C:\Users\deves\OneDrive\Desktop\Projects\TCMD-SS\data\raw\hirise_v3_2\map-proj-v3_2\ESP_016631_2535_RED-0032.jpg
map-proj-v3_2/ESP_016631_2535_RED-0034.jpg,ok,,JPEG,227.0,227.0,L,1.0,1.0,normal,bright dune,train,esp_016631_2535_red-0034,[],a67774b6b3470104b5fb7b615ac1bcf6dba01b0d2d491937ea86690d015ecc6a,134d3241b60cc583aff00adfa0dd1136c96e18d801de3c8d3e10498b27c8c14f,e4e5932dcc233399,140.42640066758526,16.403794064564003,8adaa4dbd899a5d4,[],4.0,esp_016631_2535,['train'],1.0,Counter({'train': 1}),val,501845ae468bdee7,True,hirise_clean,0,C:\Users\deves\OneDrive\Desktop\Projects\TCMD-SS\data\raw\hirise_v3_2\map-proj-v3_2\ESP_016631_2535_RED-0034.jpg
map-proj-v3_2/ESP_016631_2535_RED-0036.jpg,ok,,JPEG,227.0,227.0,L,1.0,1.0,normal,bright dune,train,esp_016631_2535_red-0036,[],dedf15b5ca13a1d53d39fa87d05967875139707a507deee04013bb4c41a9740d,346a1667256e1ceabe8289f99ad6ca8b48e3bb20ed20fdd535d1eaea288d2ff4,d4959b8a4aa3a9ad,139.92119000950922,18.01609751570218,ef3d95bf7edb108a,[],4.0,esp_016631_2535,['train'],1.0,Counter({'train': 1}),val,501845ae468bdee7,True,hirise_clean,0,C:\Users\deves\OneDrive\Desktop\Projects\TCMD-SS\data\raw\hirise_v3_2\map-proj-v3_2\ESP_016631_2535_RED-0036.jpg
map-proj-v3_2/ESP_016631_2535_RED-0037.jpg,ok,,JPEG,227.0,227.0,L,1.0,1.0,normal,bright dune,train,esp_016631_2535_red-0037,[],97fec71a0048c61a31b0b86cdc61e1899203cdc73e9d16dcbfe882932f3bacb6,a2f0ed0be9cc45b9e52e6e46a12de8138566b4fe6009fbfa9b4f9bc2aaff9652,a46693c8ccd633d9,141.23002581070853,17.84249874528215,31100b5de543c9d2,['group_label_conflict'],4.0,esp_016631_2535,['train'],1.0,Counter({'train': 1}),val,501845ae468bdee7,True,hirise_clean,0,C:\Users\deves\OneDrive\Desktop\Projects\TCMD-SS\data\raw\hirise_v3_2\map-proj-v3_2\ESP_016631_2535_RED-0037.jpg
map-proj-v3_2/ESP_016631_2535_RED-0038.jpg,ok,,JPEG,227.0,227.0,L,1.0,1.0,normal,bright dune,train,esp_016631_2535_red-0038,[],d9d28284ac5ee7e0967f961b0397f1972c989f1e6be75a61195f499c31e889d0,a8f845085668bf1240de697dc16fcbd712b74d37a4566d5a06a60092a099d421,e4ef9b48cc4233b1,137.49100506510896,18.187458260237857,b2a1058fa211f36d,[],4.0,esp_016631_2535,['train'],1.0,Counter({'train': 1}),val,501845ae468bdee7,True,hirise_clean,0,C:\Users\deves\OneDrive\Desktop\Projects\TCMD-SS\data\raw\hirise_v3_2\map-proj-v3_2\ESP_016631_2535_RED-0038.jpg
map-proj-v3_2/ESP_016631_2535_RED-0039.jpg,ok,,JPEG,227.0,227.0,L,1.0,1.0,normal,bright dune,train,esp_016631_2535_red-0039,[],2a864d119e66bf1dd795458f8df756c78665f3dc958227b3b7564b1413f5a007,0aa76a093b75c6296200c1faa0d4a5ea831afd6644b597075b4af7116d874f77,d5ab4ad551e40bb8,127.88416231636556,41.12837652383752,a534f22536543073,[],4.0,esp_016631_2535,['train'],1.0,Counter({'train': 1}),val,501845ae468bdee7,True,hirise_clean,0,C:\Users\deves\OneDrive\Desktop\Projects\TCMD-SS\data\raw\hirise_v3_2\map-proj-v3_2\ESP_016631_2535_RED-0039.jpg
map-proj-v3_2/ESP_016631_2535_RED-0040.jpg,ok,,JPEG,227.0,227.0,L,1.0,1.0,normal,bright dune,train,esp_016631_2535_red-0040,[],4dfd5bd43d6e2e8bdc320726072ecdc2adb24136622c613520ae5ef9dcbba9ee,a451ba1609800e5d287a091849d92c96f00eee9eb660de52c22caaab72488e6c,f4e291393c964d33,138.79248578470376,16.519321020540726,6ee990a149bcf2bf,[],4.0,esp_016631_2535,['train'],1.0,Counter({'train': 1}),val,501845ae468bdee7,True,hirise_clean,0,C:\Users\deves\OneDrive\Desktop\Projects\TCMD-SS\data\raw\hirise_v3_2\map-proj-v3_2\ESP_016631_2535_RED-0040.jpg
map-proj-v3_2/ESP_016631_2535_RED-0042.jpg,ok,,JPEG,227.0,227.0,L,1.0,1.0,normal,bright dune,train,esp_016631_2535_red-0042,[],286389c09067029100e982353a26972925c4410c2b12e6e8575b7438975f835e,1a8dfe131178770edeb2e005f4883e44d705c7a335cebf20901dbb00c9663c47,8e3cf133b11be01b,105.27283665508745,70.06844990975918,f2461e5427d5568b,[],4.0,esp_016631_2535,['train'],1.0,Counter({'train': 1}),val,501845ae468bdee7,True,hirise_clean,0,C:\Users\deves\OneDrive\Desktop\Projects\TCMD-SS\data\raw\hirise_v3_2\map-proj-v3_2\ESP_016631_2535_RED-0042.jpg
map-proj-v3_2/ESP_016631_2535_RED-0043.jpg,ok,,JPEG,227.0,227.0,L,1.0,1.0,normal,bright dune,train,esp_016631_2535_red-0043,[],0e88f2bdcf8ba2947bee238b9c65091f49e519f393ddd3aaa9b48f5f973e640b,1c85750caa19833a720c96e2d3656ffb5d2e2571f6e2988361a19e86af1ee63a,d415d1d54c3673d8,139.92650740359798,21.426147427453728,db6dc60f76856f39,[],4.0,esp_016631_2535,['train'],1.0,Counter({'train': 1}),val,501845ae468bdee7,True,hirise_clean,0,C:\Users\deves\OneDrive\Desktop\Projects\TCMD-SS\data\raw\hirise_v3_2\map-proj-v3_2\ESP_016631_2535_RED-0043.jpg
map-proj-v3_2/ESP_016631_2535_RED-0044.jpg,ok,,JPEG,227.0,227.0,L,1.0,1.0,normal,bright dune,train,esp_016631_2535_red-0044,[],4a3ebcf7654c187cfad66686ce04c606aac0d5d46d6c99db47aa6cde47b55723,74a4e3d672ee6793603e126fd0b1cff498cd70c8f295ab3f8eb81e59865393a1,d4ad9ab88c6c3371,125.05821964330764,45.10090148130352,28fc6b522ef964ae,[],4.0,esp_016631_2535,['train'],1.0,Counter({'train': 1}),val,501845ae468bdee7,True,hirise_clean,0,C:\Users\deves\OneDrive\Desktop\Projects\TCMD-SS\data\raw\hirise_v3_2\map-proj-v3_2\ESP_016631_2535_RED-0044.jpg
map-proj-v3_2/ESP_016631_2535_RED-0047.jpg,ok,,JPEG,227.0,227.0,L,1.0,1.0,normal,bright dune,train,esp_016631_2535_red-0047,[],a2fb5103dc53b2b41e46bc83548764adf14d82af29594caa0c32007ceed3894c,f479e4742a3ffc4124bfae224f9f4c2407cffe940db217596d98d11c6f76125b,ec6c9391cc666399,160.78379165130315,14.2752447325928,35922ff56ea2685a,[],4.0,esp_016631_2535,['train'],1.0,Counter({'train': 1}),val,501845ae468bdee7,True,hirise_clean,0,C:\Users\deves\OneDrive\Desktop\Projects\TCMD-SS\data\raw\hirise_v3_2\map-proj-v3_2\ESP_016631_2535_RED-0047.jpg
map-proj-v3_2/ESP_016631_2535_RED-0048.jpg,ok,,JPEG,227.0,227.0,L,1.0,1.0,normal,bright dune,train,esp_016631_2535_red-0048,[],f349f762cade63e6e8e9016e1d46e54df20d64e6e5b29700f2417ed902b20dbd,7f2941fda7a71234cc76ae9b5e08612c305d71e02f58d4af1ea4ed3b6e921578,a6ab9b15445773a8,142.2195074618176,17.79255188283658,b15ae4deb7984aad,[],4.0,esp_016631_2535,['train'],1.0,Counter({'train': 1}),val,501845ae468bdee7,True,hirise_clean,0,C:\Users\deves\OneDrive\Desktop\Projects\TCMD-SS\data\raw\hirise_v3_2\map-proj-v3_2\ESP_016631_2535_RED-0048.jpg
map-proj-v3_2/ESP_016631_2535_RED-0049.jpg,ok,,JPEG,227.0,227.0,L,1.0,1.0,normal,bright dune,train,esp_016631_2535_red-0049,[],0f8a0ad8aacc32aae8deaf1361414fb4668edbc5ee5bb08fb762d807cd175564,339a64b4b8824ac6dd4f3979fc1ffa44837f94f324856e62a04da4954d6ec01c,ecc3ba43ec2603f8,140.31525936851094,20.29698650423528,a687ec83d379c04b,[],4.0,esp_016631_2535,['train'],1.0,Counter({'train': 1}),val,501845ae468bdee7,True,hirise_clean,0,C:\Users\deves\OneDrive\Desktop\Projects\TCMD-SS\data\raw\hirise_v3_2\map-proj-v3_2\ESP_016631_2535_RED-0049.jpg
map-proj-v3_2/ESP_016631_2535_RED-0050.jpg,ok,,JPEG,227.0,227.0,L,1.0,1.0,normal,bright dune,train,esp_016631_2535_red-0050,[],806a0af8b0c7c0bd81a840e8b992b95a520bbb2db63727b07b752d865cae690a,6106b434393d51019c37336d9c8ee4afd37ad34bdff827d518dc23e792246dd1,e20a3388e6dcf39c,133.9887247957461,22.842035619912565,780dd0b48ce29513,[],4.0,esp_016631_2535,['train'],1.0,Counter({'train': 1}),val,501845ae468bdee7,True,hirise_clean,0,C:\Users\deves\OneDrive\Desktop\Projects\TCMD-SS\data\raw\hirise_v3_2\map-proj-v3_2\ESP_016631_2535_RED-0050.jpg
map-proj-v3_2/ESP_016631_2535_RED-0051.jpg,ok,,JPEG,227.0,227.0,L,1.0,1.0,normal,bright dune,train,esp_016631_2535_red-0051,[],758bcf0a1a6c4f8b269cc1fb97bfb7904c6c7d50cc641ee57245c8f5a5edc01d,48e34811eb45a6a5f8fe74ffac48afa08057de2ba8dc5a9ff067496fb67bec0e,c4d65b9a68aa23b5,140.1640435482932,16.79826682495627,73b8f48e07ef60a8,[],4.0,esp_016631_2535,['train'],1.0,Counter({'train': 1}),val,501845ae468bdee7,True,hirise_clean,0,C:\Users\deves\OneDrive\Desktop\Projects\TCMD-SS\data\raw\hirise_v3_2\map-proj-v3_2\ESP_016631_2535_RED-0051.jpg
map-proj-v3_2/ESP_016631_2535_RED-0054.jpg,ok,,JPEG,227.0,227.0,L,1.0,1.0,normal,bright dune,train,esp_016631_2535_red-0054,[],97c70b4aa100f00d1834ccc3b2f5cf0314791f3a1787e0451f67dcc443255b66,20ce229598121e9d6780677928fdd63f69945115abe0b0e18dbe2c5259c4d7cc,e4239bdc4c3333c9,140.95695627704788,16.88101503736823,061bb001bd70e3ea,[],4.0,esp_016631_2535,['train'],1.0,Counter({'train': 1}),val,501845ae468bdee7,True,hirise_clean,0,C:\Users\deves\OneDrive\Desktop\Projects\TCMD-SS\data\raw\hirise_v3_2\map-proj-v3_2\ESP_016631_2535_RED-0054.jpg
map-proj-v3_2/ESP_016631_2535_RED-0055.jpg,ok,,JPEG,227.0,227.0,L,1.0,1.0,normal,bright dune,train,esp_016631_2535_red-0055,[],f41025353eeb131afcf5665555aad02e152703df940f538c1919ada3daea80d1,c0a6314eb4349532844aeab0de20d9a9174f12c0d6e15cb3b443c2f9bb9bfa9e,ace3931c45fc13d8,141.48252440373383,17.03528758142139,79335fce86a3960c,[],4.0,esp_016631_2535,['train'],1.0,Counter({'train': 1}),val,501845ae468bdee7,True,hirise_clean,0,C:\Users\deves\OneDrive\Desktop\Projects\TCMD-SS\data\raw\hirise_v3_2\map-proj-v3_2\ESP_016631_2535_RED-0055.jpg
map-proj-v3_2/ESP_016631_2535_RED-0056.jpg,ok,,JPEG,227.0,227.0,L,1.0,1.0,normal,bright dune,train,esp_016631_2535_red-0056,[],d8facf4641b71084e86a20c422a630c083f8e025371810816193cfcbef65cd3e,cae051919aaf599b5ad1c8b7f6f8f643c8970fb9e85575c8ff640c477c9b11ce,e44b9b404c3733dd,157.29719187253778,17.249701159730876,9b14c2b01ea52075,[],4.0,esp_016631_2535,['train'],1.0,Counter({'train': 1}),val,501845ae468bdee7,True,hirise_clean,0,C:\Users\deves\OneDrive\Desktop\Projects\TCMD-SS\data\raw\hirise_v3_2\map-proj-v3_2\ESP_016631_2535_RED-0056.jpg
map-proj-v3_2/ESP_016631_2535_RED-0057.jpg,ok,,JPEG,227.0,227.0,L,1.0,1.0,normal,bright dune,train,esp_016631_2535_red-0057,[],4a5fcdb0b7464032844e31aced7597b90f97572e3e242aa31e7b02372e4c28b2,59d176fe39aa7f32bbf936798e0879582c90a1de9ca64f64789d964ba975ed34,efe91b27c11d8066,140.90605290224923,20.61265359275299,94a9f7e8ba1b7cab,[],4.0,esp_016631_2535,['train'],1.0,Counter({'train': 1}),val,501845ae468bdee7,True,hirise_clean,0,C:\Users\deves\OneDrive\Desktop\Projects\TCMD-SS\data\raw\hirise_v3_2\map-proj-v3_2\ESP_016631_2535_RED-0057.jpg
map-proj-v3_2/ESP_016631_2535_RED-0058.jpg,ok,,JPEG,227.0,227.0,L,1.0,1.0,normal,bright dune,train,esp_016631_2535_red-0058,[],86cde1c24c6e2500a1e9f412144f0a25337ca2efe377cefdfe017be25ea3d653,84077ec8433c046b93b747afdb26564618454b368d20ee2fc9e205bfe71e29cd,e43393cd643333cc,142.08861029711426,17.417459010619332,061bb001bd70e3ea,[],4.0,esp_016631_2535,['train'],1.0,Counter({'train': 1}),val,501845ae468bdee7,True,hirise_clean,0,C:\Users\deves\OneDrive\Desktop\Projects\TCMD-SS\data\raw\hirise_v3_2\map-proj-v3_2\ESP_016631_2535_RED-0058.jpg
map-proj-v3_2/ESP_016631_2535_RED-0059.jpg,ok,,JPEG,227.0,227.0,L,1.0,1.0,normal,bright dune,train,esp_016631_2535_red-0059,[],dae7fabc961a67757fe12c1fdb619ee131ca64fabd6e733c3b8a98e2f75c1e99,27bdd62fa3e3d9ad571636a8976302c3ecfbd0624df72553eaf1787e5befbe51,e4e68226ccc676d3,164.55380465369015,16.70648788642387,1c9512f774b2f57b,[],4.0,esp_016631_2535,['train'],1.0,Counter({'train': 1}),val,501845ae468bdee7,True,hirise_clean,0,C:\Users\deves\OneDrive\Desktop\Projects\TCMD-SS\data\raw\hirise_v3_2\map-proj-v3_2\ESP_016631_2535_RED-0059.jpg
map-proj-v3_2/ESP_016631_2535_RED-0060.jpg,ok,,JPEG,227.0,227.0,L,1.0,1.0,normal,bright dune,train,esp_016631_2535_red-0060,[],71e3970e44c3d009d6f3cd9ec87fcfbc2bfb3ffbf95394fd83d178e707dadb59,c00cc8f988e1a5c0a8c18bdc8a181f682e72e5dc2caa921a4ac00cf1716e491d,acbf1329cc263399,130.04989423431465,17.314707003424637,81675e4f05d0657c,[],4.0,esp_016631_2535,['train'],1.0,Counter({'train': 1}),val,501845ae468bdee7,True,hirise_clean,0,C:\Users\deves\OneDrive\Desktop\Projects\TCMD-SS\data\raw\hirise_v3_2\map-proj-v3_2\ESP_016631_2535_RED-0060.jpg
map-proj-v3_2/ESP_016631_2535_RED-0062.jpg,ok,,JPEG,227.0,227.0,L,1.0,1.0,normal,bright dune,train,esp_016631_2535_red-0062,[],ede5fe9b7f6049654521953aebe5617dd159a3d87b5a04114659f1537c5f0fa3,9a8eb391384ecc59febcd02ad2a155a3f541e5440504c60ccdb2efdc8d09f3c9,e43593ca4ea6b199,136.87898076811115,23.375744206821064,87a224d068ce5167,[],4.0,esp_016631_2535,['train'],1.0,Counter({'train': 1}),val,501845ae468bdee7,True,hirise_clean,0,C:\Users\deves\OneDrive\Desktop\Projects\TCMD-SS\data\raw\hirise_v3_2\map-proj-v3_2\ESP_016631_2535_RED-0062.jpg
map-proj-v3_2/ESP_016631_2535_RED-0063.jpg,ok,,JPEG,227.0,227.0,L,1.0,1.0,normal,bright dune,train,esp_016631_2535_red-0063,[],fb22a1f82ef1f79002f94e79b2dc2b985c930e56eae61717bdcf5338e2c77c17,8781bfa60fc3ecb4d23d503e2c3964d38ea490e9dda9055f7e1dd390895b2bdf,d6b5a9b2a4b4b194,118.06889324458072,59.36543109217487,43c7b967745642e9,[],4.0,esp_016631_2535,['train'],1.0,Counter({'train': 1}),val,501845ae468bdee7,True,hirise_clean,0,C:\Users\deves\OneDrive\Desktop\Projects\TCMD-SS\data\raw\hirise_v3_2\map-proj-v3_2\ESP_016631_2535_RED-0063.jpg
map-proj-v3_2/ESP_016631_2535_RED-0064.jpg,ok,,JPEG,227.0,227.0,L,1.0,1.0,normal,bright dune,train,esp_016631_2535_red-0064,[],04638ce7467cc4f90b30b3a707a705b35da0320ab72aec7b489c39ee2f4b5e35,da0e5c78fc4067d60e282d1666de79cbc23971a28f05d5be8925bf9d9ebf4722,edeec03933d09703,137.7265811484795,22.427857827405813,0f947d66299feb4f,[],4.0,esp_016631_2535,['train'],1.0,Counter({'train': 1}),val,501845ae468bdee7,True,hirise_clean,0,C:\Users\deves\OneDrive\Desktop\Projects\TCMD-SS\data\raw\hirise_v3_2\map-proj-v3_2\ESP_016631_2535_RED-0064.jpg
map-proj-v3_2/ESP_016631_2535_RED-0065.jpg,ok,,JPEG,227.0,227.0,L,1.0,1.0,normal,bright dune,train,esp_016631_2535_red-0065,[],c16aa5bdb579bd21204d219e25ff130a7458844939fbf29b3e50b261728a46af,5052331865a62dc7dbe6cbfe5ab6a0021ea613d1c1a66d54dc3a32542412c0ab,ec499393cccc3333,155.78483960488268,15.906148506159871,8e23e429095e357e,[],4.0,esp_016631_2535,['train'],1.0,Counter({'train': 1}),val,501845ae468bdee7,True,hirise_clean,0,C:\Users\deves\OneDrive\Desktop\Projects\TCMD-SS\data\raw\hirise_v3_2\map-proj-v3_2\ESP_016631_2535_RED-0065.jpg
map-proj-v3_2/ESP_016631_2535_RED-0067.jpg,ok,,JPEG,227.0,227.0,L,1.0,1.0,normal,bright dune,train,esp_016631_2535_red-0067,[],95e0790861d800de121abcbf6a3bf3ed250d99d731a7ba02c3d07559ffb53461,86176ca6a4ed4e722c56144ca83ff304017992cda187ca33cb865168f810c85f,ef40f13f44607f81,132.00411418812706,22.87574941437393,096e3c46837505af,[],4.0,esp_016631_2535,['train'],1.0,Counter({'train': 1}),val,501845ae468bdee7,True,hirise_clean,0,C:\Users\deves\OneDrive\Desktop\Projects\TCMD-SS\data\raw\hirise_v3_2\map-proj-v3_2\ESP_016631_2535_RED-0067.jpg
map-proj-v3_2/ESP_016631_2535_RED-0068.jpg,ok,,JPEG,227.0,227.0,L,1.0,1.0,normal,bright dune,train,esp_016631_2535_red-0068,[],43ea61913052a204fd98eef7bb2b0acf507aea63f838af324a4cb1970ea17b8d,c90c95487b0ab1a83eeb5d99ecb88ccd83b49b0d22e19e0dd37a152e10556a29,84c5f3ffec003391,139.2918162588057,15.305611236160114,43e0b0120e14c133,[],4.0,esp_016631_2535,['train'],1.0,Counter({'train': 1}),val,501845ae468bdee7,True,hirise_clean,0,C:\Users\deves\OneDrive\Desktop\Projects\TCMD-SS\data\raw\hirise_v3_2\map-proj-v3_2\ESP_016631_2535_RED-0068.jpg
map-proj-v3_2/ESP_016631_2535_RED-0070.jpg,ok,,JPEG,227.0,227.0,L,1.0,1.0,normal,bright dune,train,esp_016631_2535_red-0070,[],f02c3bb11ddfd0cbf1c858dbacac8930dc25a153fe8cb5e421df428c44065c4f,1ef0db3c2103e3466ec5aeb85986e71b67c01f01ceaec682ba92274c7d1d7f4e,e60c93daa399cc72,140.33501523414,19.77018284864537,c293aa0e82f3f152,[],4.0,esp_016631_2535,['train'],1.0,Counter({'train': 1}),val,501845ae468bdee7,True,hirise_clean,0,C:\Users\deves\OneDrive\Desktop\Projects\TCMD-SS\data\raw\hirise_v3_2\map-proj-v3_2\ESP_016631_2535_RED-0070.jpg
map-proj-v3_2/ESP_016631_2535_RED-0071.jpg,ok,,JPEG,227.0,227.0,L,1.0,1.0,normal,bright dune,train,esp_016631_2535_red-0071,[],af99004a1e5b97e2dce47591c62f9415aa42ddee70b37c656721b6c3b810e6f3,0995063eee3b6da9f48e3ec512efc030f8f0840b238e73d9ee132015060048b7,c4b7b388cc66338d,130.98010828853654,15.852459854433611,322f1db63338bb8e,[],4.0,esp_016631_2535,['train'],1.0,Counter({'train': 1}),val,501845ae468bdee7,True,hirise_clean,0,C:\Users\deves\OneDrive\Desktop\Projects\TCMD-SS\data\raw\hirise_v3_2\map-proj-v3_2\ESP_016631_2535_RED-0071.jpg
map-proj-v3_2/ESP_016631_2535_RED-0072.jpg,ok,,JPEG,227.0,227.0,L,1.0,1.0,normal,bright dune,train,esp_016631_2535_red-0072,[],5724df4a60f66f4a82f711576720ecdad4a2824db116005bd9e37ef36f912ac2,2e17e809a4b5af12b174f93ff80aad52f23a0c910e5a209081a4b12658976efb,894b9bd9c96323c9,136.4005705525044,19.491682556875727,9fdb85763536c372,[],4.0,esp_016631_2535,['train'],1.0,Counter({'train': 1}),val,501845ae468bdee7,True,hirise_clean,0,C:\Users\deves\OneDrive\Desktop\Projects\TCMD-SS\data\raw\hirise_v3_2\map-proj-v3_2\ESP_016631_2535_RED-0072.jpg
map-proj-v3_2/ESP_016631_2535_RED-0073.jpg,ok,,JPEG,227.0,227.0,L,1.0,1.0,normal,bright dune,train,esp_016631_2535_red-0073,[],2b6a5c436b3142ccd5b28e191d522b061da2894c6db5af8162bafd72f11b0fbd,dfc7fd5f2357ec577a7e25dff3746fe657e08ed45b145940ff9c0dd2ffe157f8,e4969b294ca633b9,131.86405713287664,18.64907549582744,3c827ec0f2bb46c8,[],4.0,esp_016631_2535,['train'],1.0,Counter({'train': 1}),val,501845ae468bdee7,True,hirise_clean,0,C:\Users\deves\OneDrive\Desktop\Projects\TCMD-SS\data\raw\hirise_v3_2\map-proj-v3_2\ESP_016631_2535_RED-0073.jpg
map-proj-v3_2/ESP_016631_2535_RED-0075.jpg,ok,,JPEG,227.0,227.0,L,1.0,1.0,normal,bright dune,train,esp_016631_2535_red-0075,[],7f64c7823e4c3a3f1b475d35954c8f09be0ed2b4af9d8bbdd5bc8a17f575a801,47bce9adac1e1e998df0b3ebc2e9efb7edeee64ede36160db22da2cdfbaf98ce,d8923481bd67369b,100.45877078926428,68.21840879457548,848df5f14de7d369,[],4.0,esp_016631_2535,['train'],1.0,Counter({'train': 1}),val,501845ae468bdee7,True,hirise_clean,0,C:\Users\deves\OneDrive\Desktop\Projects\TCMD-SS\data\raw\hirise_v3_2\map-proj-v3_2\ESP_016631_2535_RED-0075.jpg
map-proj-v3_2/ESP_016631_2535_RED-0077.jpg,ok,,JPEG,227.0,227.0,L,1.0,1.0,normal,bright dune,train,esp_016631_2535_red-0077,[],321fb3d2dc5cc0990337c1df59c1c5eecb183c8b3121871d2008d23f17c135b7,e0b83e643a17c20167309b93f046def001745559ba95731bc894a38509bd8afd,e25a93b9ce693134,138.80874847173436,18.41716677411748,694b4cb77313b591,[],4.0,esp_016631_2535,['train'],1.0,Counter({'train': 1}),val,501845ae468bdee7,True,hirise_clean,0,C:\Users\deves\OneDrive\Desktop\Projects\TCMD-SS\data\raw\hirise_v3_2\map-proj-v3_2\ESP_016631_2535_RED-0077.jpg
map-proj-v3_2/ESP_016631_2535_RED-0078.jpg,ok,,JPEG,227.0,227.0,L,1.0,1.0,normal,bright dune,train,esp_016631_2535_red-0078,[],e5da16b3e104f1e2a5ed6a3070f78525e5cdb2ad404079eac8ecd05c495431fd,5d73ab58ac383963010c32ea540258d59f1f979ea6045dc0bb90a305d926eacf,a30d0936bedc4759,134.558190533486,18.62358326816161,d473162d8631aee6,[],4.0,esp_016631_2535,['train'],1.0,Counter({'train': 1}),val,501845ae468bdee7,True,hirise_clean,0,C:\Users\deves\OneDrive\Desktop\Projects\TCMD-SS\data\raw\hirise_v3_2\map-proj-v3_2\ESP_016631_2535_RED-0078.jpg
map-proj-v3_2/ESP_016631_2535_RED-0079.jpg,ok,,JPEG,227.0,227.0,L,1.0,1.0,normal,bright dune,train,esp_016631_2535_red-0079,[],348630e1d955fdcbe5861077736dd97def031c13dc8c398ce34f47375b4c8bc2,7f64aabf16e984f5db80fb6f7b88d6317e6d58b0feebfb90a7fbf0c589a4ab6b,8007ff346e1373a6,142.60331075704943,54.32408612959463,97f23ec34fc48a2d,[],4.0,esp_016631_2535,['train'],1.0,Counter({'train': 1}),val,501845ae468bdee7,True,hirise_clean,0,C:\Users\deves\OneDrive\Desktop\Projects\TCMD-SS\data\raw\hirise_v3_2\map-proj-v3_2\ESP_016631_2535_RED-0079.jpg
map-proj-v3_2/ESP_016631_2535_RED-0080.jpg,ok,,JPEG,227.0,227.0,L,1.0,1.0,normal,bright dune,train,esp_016631_2535_red-0080,[],f0812d180a43c0b3e76658772162f1017589a22d3d894b91691a6887ec14cf5e,5d30ff8be3a808fa59735854f57569517557d0c0a71f257469682cf6ba1416be,d45555d4c436b3cc,139.4790118185876,21.215331026221374,94483326a3fbcdac,[],4.0,esp_016631_2535,['train'],1.0,Counter({'train': 1}),val,501845ae468bdee7,True,hirise_clean,0,C:\Users\deves\OneDrive\Desktop\Projects\TCMD-SS\data\raw\hirise_v3_2\map-proj-v3_2\ESP_016631_2535_RED-0080.jpg
map-proj-v3_2/ESP_016631_2535_RED-0081.jpg,ok,,JPEG,227.0,227.0,L,1.0,1.0,normal,bright dune,train,esp_016631_2535_red-0081,[],6fb22424e62916c92fe1461344b037ecf06b40e216f1981a2506dee610b167ec,88b161c0f0fc43f82209eacb6133e4722d732ab9c01ef9298067c5c79f7a8945,ef623706c4e702cd,144.3346853228279,18.755815863684084,f4e4ad6317d513af,[],4.0,esp_016631_2535,['train'],1.0,Counter({'train': 1}),val,501845ae468bdee7,True,hirise_clean,0,C:\Users\deves\OneDrive\Desktop\Projects\TCMD-SS\data\raw\hirise_v3_2\map-proj-v3_2\ESP_016631_2535_RED-0081.jpg
map-proj-v3_2/ESP_016631_2535_RED-0082.jpg,ok,,JPEG,227.0,227.0,L,1.0,1.0,normal,bright dune,train,esp_016631_2535_red-0082,[],11fb7435edd36399a3f0f45680b8f85fa08386822cf3ae27cb3306f0bde0f7e4,ab2829feda8425964e2d4eb015bd3223f2352edea56587bcf3c5a8f6852055e9,c8a4db64cc2793ec,137.4048011799181,14.8853988368029,504a5759bb7e927a,[],4.0,esp_016631_2535,['train'],1.0,Counter({'train': 1}),val,501845ae468bdee7,True,hirise_clean,0,C:\Users\deves\OneDrive\Desktop\Projects\TCMD-SS\data\raw\hirise_v3_2\map-proj-v3_2\ESP_016631_2535_RED-0082.jpg
map-proj-v3_2/ESP_016631_2535_RED-0084.jpg,ok,,JPEG,227.0,227.0,L,1.0,1.0,normal,bright dune,train,esp_016631_2535_red-0084,[],204ae9f05979ca1092690de4cdfeac90fb355317e377e2f52e5fd8107478e76d,a9da2516382415ee84e7e498089182e3accd8cb66b035b78737a4ef8a767036b,e4cce36ce6323338,136.00337673931185,21.129553282975014,e6accec415c560b1,[],4.0,esp_016631_2535,['train'],1.0,Counter({'train': 1}),val,501845ae468bdee7,True,hirise_clean,0,C:\Users\deves\OneDrive\Desktop\Projects\TCMD-SS\data\raw\hirise_v3_2\map-proj-v3_2\ESP_016631_2535_RED-0084.jpg
map-proj-v3_2/ESP_016631_2535_RED-0086.jpg,ok,,JPEG,227.0,227.0,L,1.0,1.0,normal,bright dune,train,esp_016631_2535_red-0086,[],8a9e481d5697dcb5c4bc7b98def38e141467527fb49c38a81f51a54129237dde,5536bc12ca28344a9a3edc3121ab56c70f8909275367938df178d06a2f3eb8fe,e40b9b98cc6633d9,132.22773583807177,16.53473190456441,797758ba2ca4c286,[],4.0,esp_016631_2535,['train'],1.0,Counter({'train': 1}),val,501845ae468bdee7,True,hirise_clean,0,C:\Users\deves\OneDrive\Desktop\Projects\TCMD-SS\data\raw\hirise_v3_2\map-proj-v3_2\ESP_016631_2535_RED-0086.jpg
map-proj-v3_2/ESP_016631_2535_RED-0087.jpg,ok,,JPEG,227.0,227.0,L,1.0,1.0,normal,bright dune,train,esp_016631_2535_red-0087,[],40634d0612920a6f691c64db62f8d1f2b7c4229511270dda2f36aa720abc3ad1,f374d68c45e8129baefad8892b0ab04076724018a12a9b2835cd2434fb208969,871ef819d8667299,123.0862426982864,66.41417679602787,eed6955e61e5e25f,[],4.0,esp_016631_2535,['train'],1.0,Counter({'train': 1}),val,501845ae468bdee7,True,hirise_clean,0,C:\Users\deves\OneDrive\Desktop\Projects\TCMD-SS\data\raw\hirise_v3_2\map-proj-v3_2\ESP_016631_2535_RED-0087.jpg
map-proj-v3_2/ESP_016631_2535_RED-0088.jpg,ok,,JPEG,227.0,227.0,L,1.0,1.0,normal,bright dune,train,esp_016631_2535_red-0088,[],50706439c4f2978a632b3513e150d2922cfbc2de6a58576d92414322eb8b5278,e57a7e0a896f921570c9f448b8bf6647a5e6ab324a33dc2b825e93ef8866208d,e4d393d86c323399,137.67466863319683,16.20216295791628,fb16076de66cda44,[],4.0,esp_016631_2535,['train'],1.0,Counter({'train': 1}),val,501845ae468bdee7,True,hirise_clean,0,C:\Users\deves\OneDrive\Desktop\Projects\TCMD-SS\data\raw\hirise_v3_2\map-proj-v3_2\ESP_016631_2535_RED-0088.jpg
map-proj-v3_2/ESP_016631_2535_RED-0089.jpg,ok,,JPEG,227.0,227.0,L,1.0,1.0,normal,bright dune,train,esp_016631_2535_red-0089,[],c8f26977324209f62c77bc2159b2d0ddf4f804fd2a127400f2fbf61aacfde38e,d7ba696c11be317dfffe39009b0a8b11b6bc1d96c92dd8adef8ace29730323b4,a1acde13555d5562,131.767994721419,20.85567490966707,77f1570a59dcf2d3,[],4.0,esp_016631_2535,['train'],1.0,Counter({'train': 1}),val,501845ae468bdee7,True,hirise_clean,0,C:\Users\deves\OneDrive\Desktop\Projects\TCMD-SS\data\raw\hirise_v3_2\map-proj-v3_2\ESP_016631_2535_RED-0089.jpg
map-proj-v3_2/ESP_016631_2535_RED-0090.jpg,ok,,JPEG,227.0,227.0,L,1.0,1.0,normal,bright dune,train,esp_016631_2535_red-0090,[],5edd2df95f887e0190a264d7d857e33f958844159306242c2e2f6dc37ff4f71a,681e9d6e9ae376ac50fa125a572f34167395055505766ee58af504263aa4ec8a,d5aa51aa4e23b19d,141.32573890430632,24.01659635003411,651d5c7ac40b6939,[],4.0,esp_016631_2535,['train'],1.0,Counter({'train': 1}),val,501845ae468bdee7,True,hirise_clean,0,C:\Users\deves\OneDrive\Desktop\Projects\TCMD-SS\data\raw\hirise_v3_2\map-proj-v3_2\ESP_016631_2535_RED-0090.jpg
map-proj-v3_2/ESP_016631_2535_RED-0092.jpg,ok,,JPEG,227.0,227.0,L,1.0,1.0,normal,bright dune,train,esp_016631_2535_red-0092,[],0ca42c78a459c9dbace3ad64e9daaa5d6a21f60ecf957586b8f84dcaa7a5b42c,11566d903cd8cdf071a5e717ab43399ffbdf75f5c196ec498a96e38a0ba63605,e433b3d14c733398,141.91758039162414,20.469527396197883,72078e50b8701148,[],4.0,esp_016631_2535,['train'],1.0,Counter({'train': 1}),val,501845ae468bdee7,True,hirise_clean,0,C:\Users\deves\OneDrive\Desktop\Projects\TCMD-SS\data\raw\hirise_v3_2\map-proj-v3_2\ESP_016631_2535_RED-0092.jpg
map-proj-v3_2/ESP_016631_2535_RED-0094.jpg,ok,,JPEG,227.0,227.0,L,1.0,1.0,normal,bright dune,train,esp_016631_2535_red-0094,[],e821873fb2b437c1c098cd7317e3cc20b9d8dcffaa3fc1c48294a174b6928ed3,4ec9f95c90d4b6c48dcd54de6b2a85d75d95466cf0161f88647da126a3aff6e6,da96a5b90dc1701f,106.51004288847057,63.52538125956957,7ddeec8ebacd93e7,[],4.0,esp_016631_2535,['train'],1.0,Counter({'train': 1}),val,501845ae468bdee7,True,hirise_clean,0,C:\Users\deves\OneDrive\Desktop\Projects\TCMD-SS\data\raw\hirise_v3_2\map-proj-v3_2\ESP_016631_2535_RED-0094.jpg
map-proj-v3_2/ESP_016631_2535_RED-0095.jpg,ok,,JPEG,227.0,227.0,L,1.0,1.0,normal,bright dune,train,esp_016631_2535_red-0095,[],4b53c1cbfbabc9cf2f0776838bbcc1a99441a6bd5d9c6584eb50c2a3a4b9ec09,05fe678c606ed8480339c7fc73cb71a80ab77d1f63d07eb4e57e45716af4ce63,e4139bcc6c26b399,138.76545246366123,16.620642289951498,6c88490e130e2d5e,[],4.0,esp_016631_2535,['train'],1.0,Counter({'train': 1}),val,501845ae468bdee7,True,hirise_clean,0,C:\Users\deves\OneDrive\Desktop\Projects\TCMD-SS\data\raw\hirise_v3_2\map-proj-v3_2\ESP_016631_2535_RED-0095.jpg
map-proj-v3_2/ESP_016631_2535_RED-0096.jpg,ok,,JPEG,227.0,227.0,L,1.0,1.0,normal,bright dune,train,esp_016631_2535_red-0096,[],6896c4e4861c2641b0132d1e87b45a4481e7caa10c5b983002351251edc310fe,08080e1fa81aaf1d3abcffe38221bd5a0249d69f135208e332b486eaf7e1d839,ca96db6c98653349,141.4857458906635,22.84453471643285,35ce617845822669,[],4.0,esp_016631_2535,['train'],1.0,Counter({'train': 1}),val,501845ae468bdee7,True,hirise_clean,0,C:\Users\deves\OneDrive\Desktop\Projects\TCMD-SS\data\raw\hirise_v3_2\map-proj-v3_2\ESP_016631_2535_RED-0096.jpg
map-proj-v3_2/ESP_016631_2535_RED-0097.jpg,ok,,JPEG,227.0,227.0,L,1.0,1.0,normal,bright dune,train,esp_016631_2535_red-0097,[],8853fae992d7bc32402331e0f65cf9089f129b752e50ae85dc9fb530149bdf45,15a0427659a5a1c7b28af9cf3d65b62aa647bfce0c208ba97f7187b74c61678a,a47e93994c663399,137.04944788371597,15.29329908586551,31100b5de543c9d2,['group_label_conflict'],4.0,esp_016631_2535,['train'],1.0,Counter({'train': 1}),val,501845ae468bdee7,True,hirise_clean,0,C:\Users\deves\OneDrive\Desktop\Projects\TCMD-SS\data\raw\hirise_v3_2\map-proj-v3_2\ESP_016631_2535_RED-0097.jpg
map-proj-v3_2/ESP_016631_2535_RED-0098.jpg,ok,,JPEG,227.0,227.0,L,1.0,1.0,normal,bright dune,train,esp_016631_2535_red-0098,[],d9379720d067babfc8e856765dfb03189ce99671515cfa03d20d25e8fec819c4,d34c6b6431d22170d0e69ef9fdaf2da5940d3a2ca93d41f23d554cfd8330fef5,c4d593da4a6a3b98,144.90401521473345,16.58525383782436,0ef28ff087791491,[],4.0,esp_016631_2535,['train'],1.0,Counter({'train': 1}),val,501845ae468bdee7,True,hirise_clean,0,C:\Users\deves\OneDrive\Desktop\Projects\TCMD-SS\data\raw\hirise_v3_2\map-proj-v3_2\ESP_016631_2535_RED-0098.jpg
map-proj-v3_2/ESP_016631_2535_RED-0099.jpg,ok,,JPEG,227.0,227.0,L,1.0,1.0,normal,bright dune,train,esp_016631_2535_red-0099,[],4ca20ecfb3ac7db3a64c5aec04598167d29fded47963d2367c647d4dee6c3a0c,627b88412b8d35d6e96a60efba760240d8de0df553359b0eb1841b62e7df68a9,f4c719cb6827309d,141.50528828426712,23.627466882207667,815116fb9e74f486,[],4.0,esp_016631_2535,['train'],1.0,Counter({'train': 1}),val,501845ae468bdee7,True,hirise_clean,0,C:\Users\deves\OneDrive\Desktop\Projects\TCMD-SS\data\raw\hirise_v3_2\map-proj-v3_2\ESP_016631_2535_RED-0099.jpg
map-proj-v3_2/ESP_016631_2535_RED-0100.jpg,ok,,JPEG,227.0,227.0,L,1.0,1.0,normal,bright dune,train,esp_016631_2535_red-0100,[],965a6bedf798f797b9e0d38d33c4b9a50ee7166a6eda4d3b44a72efb049bcb00,7156b8ae6f3fd991098b7489e992bcd48c1c3166b76b719d47eb6c1822b61d23,a4b693c8cc6633d9,129.661957344408,20.50663520109773,31100b5de543c9d2,['group_label_conflict'],4.0,esp_016631_2535,['train'],1.0,Counter({'train': 1}),val,501845ae468bdee7,True,hirise_clean,0,C:\Users\deves\OneDrive\Desktop\Projects\TCMD-SS\data\raw\hirise_v3_2\map-proj-v3_2\ESP_016631_2535_RED-0100.jpg
map-proj-v3_2/ESP_016631_2535_RED-0102.jpg,ok,,JPEG,227.0,227.0,L,1.0,1.0,normal,bright dune,train,esp_016631_2535_red-0102,[],1ea1449fc140782a77b998d18294da06528f033b2e697b5675a68dfa2314a7df,a86ca5b749f5560538a82818d56905f0909eaa66975483199e35ac5708cc8860,eccbd94d457017c8,141.89423431465775,20.306640143917924,5efd135bb71680a3,[],4.0,esp_016631_2535,['train'],1.0,Counter({'train': 1}),val,501845ae468bdee7,True,hirise_clean,0,C:\Users\deves\OneDrive\Desktop\Projects\TCMD-SS\data\raw\hirise_v3_2\map-proj-v3_2\ESP_016631_2535_RED-0102.jpg
map-proj-v3_2/ESP_016631_2535_RED-0103.jpg,ok,,JPEG,227.0,227.0,L,1.0,1.0,normal,bright dune,train,esp_016631_2535_red-0103,[],130225e207c13a7886b60f5f89be5ac7532a08273c29913a57c1be98d8f96f1b,b87355cabfc76216e2d26c515e5e8f9c77830d978c1f0b3e854fd8919120e9b4,eca293b9ccc63351,140.2702749907819,19.90020751742584,79a9d51e9250338e,[],4.0,esp_016631_2535,['train'],1.0,Counter({'train': 1}),val,501845ae468bdee7,True,hirise_clean,0,C:\Users\deves\OneDrive\Desktop\Projects\TCMD-SS\data\raw\hirise_v3_2\map-proj-v3_2\ESP_016631_2535_RED-0103.jpg
map-proj-v3_2/ESP_016631_2535_RED-0104.jpg,ok,,JPEG,227.0,227.0,L,1.0,1.0,normal,bright dune,train,esp_016631_2535_red-0104,[],03398e3030cb99c489690df4aad648d188556da95caf0375733a89ca60b7068d,5f4bf5c3f4b268f964513865ba6deb00865cd2964f8e3ebef44d91f95ea53984,a9e1cf9b9e902269,134.3370917347513,21.009662107056663,d89ca55bc0ba8def,[],4.0,esp_016631_2535,['train'],1.0,Counter({'train': 1}),val,501845ae468bdee7,True,hirise_clean,0,C:\Users\deves\OneDrive\Desktop\Projects\TCMD-SS\data\raw\hirise_v3_2\map-proj-v3_2\ESP_016631_2535_RED-0104.jpg
map-proj-v3_2/ESP_016631_2535_RED-0105.jpg,ok,,JPEG,227.0,227.0,L,1.0,1.0,normal,bright dune,train,esp_016631_2535_red-0105,[],649816ac76b80edaaf8743ac09db6335d6eab0faddd4e68ea892b6eb8319a176,2fcf9ee196d3ded187a4070e1ea2a6b62bd261dac7507a009caf9d64f8691543,c46adbda4c622bc9,143.15199208212852,16.469279268356097,9c2595fab40cf874,[],4.0,esp_016631_2535,['train'],1.0,Counter({'train': 1}),val,501845ae468bdee7,True,hirise_clean,0,C:\Users\deves\OneDrive\Desktop\Projects\TCMD-SS\data\raw\hirise_v3_2\map-proj-v3_2\ESP_016631_2535_RED-0105.jpg
map-proj-v3_2/ESP_016631_2535_RED-0106.jpg,ok,,JPEG,227.0,227.0,L,1.0,1.0,normal,bright dune,train,esp_016631_2535_red-0106,[],6eb263667944dc60ff2cd70fed020cbef317e728afa2f7578d406b94cbaf5155,e2ef73229b6b560ee98727361d9eb295982ca86b98fa30ef1cb371533a845c4e,e4c299cc6673b1cc,141.59288944089735,15.599376859907506,3cbe0d6e0ed2f180,[],4.0,esp_016631_2535,['train'],1.0,Counter({'train': 1}),val,501845ae468bdee7,True,hirise_clean,0,C:\Users\deves\OneDrive\Desktop\Projects\TCMD-SS\data\raw\hirise_v3_2\map-proj-v3_2\ESP_016631_2535_RED-0106.jpg
map-proj-v3_2/ESP_016631_2535_RED-0107.jpg,ok,,JPEG,227.0,227.0,L,1.0,1.0,normal,bright dune,train,esp_016631_2535_red-0107,[],0e2732e58c99f09238c3410cd7cfd4bdd11c033a3dae832452c7d25e7f13bfa0,71c7fa201bc5f1aa2587cc4f2268575c88022b8a511d41a3ae096e2830747c45,aec21b08cc3731fd,138.96524287294534,23.56891133005602,aa1fd27ab5c3cec1,[],4.0,esp_016631_2535,['train'],1.0,Counter({'train': 1}),val,501845ae468bdee7,True,hirise_clean,0,C:\Users\deves\OneDrive\Desktop\Projects\TCMD-SS\data\raw\hirise_v3_2\map-proj-v3_2\ESP_016631_2535_RED-0107.jpg
map-proj-v3_2/ESP_016631_2535_RED-0109.jpg,ok,,JPEG,227.0,227.0,L,1.0,1.0,normal,bright dune,train,esp_016631_2535_red-0109,[],849fdaf0bec326af7feefc26ee6b94563fa27d0f8ce2209e342d831d23d8420d,ec0a23978adf930420f015769beb201255f948d64784ed1aded458ba8826be0f,ade2b31f40f63701,135.23714801373984,24.652103630706392,0369e0c99fe45d98,[],4.0,esp_016631_2535,['train'],1.0,Counter({'train': 1}),val,501845ae468bdee7,True,hirise_clean,0,C:\Users\deves\OneDrive\Desktop\Projects\TCMD-SS\data\raw\hirise_v3_2\map-proj-v3_2\ESP_016631_2535_RED-0109.jpg
map-proj-v3_2/ESP_016631_2535_RED-0110.jpg,ok,,JPEG,227.0,227.0,L,1.0,1.0,normal,bright dune,train,esp_016631_2535_red-0110,[],bc9d2d458d23a4c9023cbfe065f1e2c1e200f0f555105a6d3206526371ae3df9,45c282fb64c53ed2fddfb9c5db007e43090b7b5b8a56c85500909a8da621aa61,d5aa53d54ca2338d,137.1832754371325,33.26222040206637,e49ce36ba6c2c0b6,[],4.0,esp_016631_2535,['train'],1.0,Counter({'train': 1}),val,501845ae468bdee7,True,hirise_clean,0,C:\Users\deves\OneDrive\Desktop\Projects\TCMD-SS\data\raw\hirise_v3_2\map-proj-v3_2\ESP_016631_2535_RED-0110.jpg
map-proj-v3_2/ESP_016631_2535_RED-0111.jpg,ok,,JPEG,227.0,227.0,L,1.0,1.0,normal,bright dune,train,esp_016631_2535_red-0111,[],67322d6e16a7de1c04600e4e0ee227ccc74e73819d6770f1f3c08c5daa53ca9a,919460671d0eea08832153e13a2bf70e65cb2a8c8755237904d073599b86d61c,eca59229ccec325b,142.6606376991597,16.81409710757381,c8a8559839ec4a8d,[],4.0,esp_016631_2535,['train'],1.0,Counter({'train': 1}),val,501845ae468bdee7,True,hirise_clean,0,C:\Users\deves\OneDrive\Desktop\Projects\TCMD-SS\data\raw\hirise_v3_2\map-proj-v3_2\ESP_016631_2535_RED-0111.jpg
map-proj-v3_2/ESP_016631_2535_RED-0112.jpg,ok,,JPEG,227.0,227.0,L,1.0,1.0,normal,bright dune,train,esp_016631_2535_red-0112,[],2642972cb7d93905e8a46a7042115ec7c0cf2467af59889a737e90eb74aa0ce4,c5df5b3d5415d1f8d44faa7866a47f7b1953f7db8e409d03a7853b590b4944e9,8901849e87f27bed,139.6453259329698,22.307753250528727,1b62305d74f94f87,[],4.0,esp_016631_2535,['train'],1.0,Counter({'train': 1}),val,501845ae468bdee7,True,hirise_clean,0,C:\Users\deves\OneDrive\Desktop\Projects\TCMD-SS\data\raw\hirise_v3_2\map-proj-v3_2\ESP_016631_2535_RED-0112.jpg
map-proj-v3_2/ESP_016631_2535_RED-0113.jpg,ok,,JPEG,227.0,227.0,L,1.0,1.0,normal,bright dune,train,esp_016631_2535_red-0113,[],079a37eb24ef3cd95de504faae73c80d6a8d6cefdceef99f615b884080bc4406,5a581d6fcddf8d6c2d721118fb39d96bc87e5576f9bd20bd6986adca5229a98c,ecd113fc15358ce2,144.5354460595005,18.71235150826782,07800686a83df524,[],4.0,esp_016631_2535,['train'],1.0,Counter({'train': 1}),val,501845ae468bdee7,True,hirise_clean,0,C:\Users\deves\OneDrive\Desktop\Projects\TCMD-SS\data\raw\hirise_v3_2\map-proj-v3_2\ESP_016631_2535_RED-0113.jpg
map-proj-v3_2/ESP_016631_2535_RED-0115.jpg,ok,,JPEG,227.0,227.0,L,1.0,1.0,normal,bright dune,train,esp_016631_2535_red-0115,[],5b4be0bbb4cc5a44e78b52df79880d1773edf8d5db111d7d03ef28bb34a94bd1,d05fe684c02eb539a713d4c447b7722d34f43c02ab16c1262d0bb4696fea7852,8007bfa83e26a9bd,127.43515302062916,51.1694452427378,d536b12a14db31a1,[],4.0,esp_016631_2535,['train'],1.0,Counter({'train': 1}),val,501845ae468bdee7,True,hirise_clean,0,C:\Users\deves\OneDrive\Desktop\Projects\TCMD-SS\data\raw\hirise_v3_2\map-proj-v3_2\ESP_016631_2535_RED-0115.jpg
map-proj-v3_2/ESP_016631_2535_RED-0116.jpg,ok,,JPEG,227.0,227.0,L,1.0,1.0,normal,bright dune,train,esp_016631_2535_red-0116,[],e278090d897152bd8787ade13b3251b5388466897774c9c7c47bcf47e1465a34,0868db8a8178f695c097f1d9a5ebbe09900bea08e480f3f30ba61e30f29a199f,eda28d3626cb5964,142.90898329096237,23.133050424064432,8e356fa503e491c5,[],4.0,esp_016631_2535,['train'],1.0,Counter({'train': 1}),val,501845ae468bdee7,True,hirise_clean,0,C:\Users\deves\OneDrive\Desktop\Projects\TCMD-SS\data\raw\hirise_v3_2\map-proj-v3_2\ESP_016631_2535_RED-0116.jpg
map-proj-v3_2/ESP_016631_2535_RED-0118.jpg,ok,,JPEG,227.0,227.0,L,1.0,1.0,normal,bright dune,train,esp_016631_2535_red-0118,[],6de293166fb4d5f09913778a59b1aaa1981919e9b514d0c31d36710b20f34687,2d3500cb809178417d128a8b752202b708e9de3c2d1e00bd4a4956e58c5fed9f,a4fc897d84a333d8,155.97302489860078,17.14227875705202,400402d495a353d4,[],4.0,esp_016631_2535,['train'],1.0,Counter({'train': 1}),val,501845ae468bdee7,True,hirise_clean,0,C:\Users\deves\OneDrive\Desktop\Projects\TCMD-SS\data\raw\hirise_v3_2\map-proj-v3_2\ESP_016631_2535_RED-0118.jpg
map-proj-v3_2/ESP_016631_2535_RED-0119.jpg,ok,,JPEG,227.0,227.0,L,1.0,1.0,normal,bright dune,train,esp_016631_2535_red-0119,[],f8a9f1118e0532856c0feda3d6748ef11315373da2dc34f3a033733f1a4bd58b,14cb31cfe4120a31acfe63c9565c36b0dc63b2f289cba1e7a7fe9e46295f348b,afc0bb09c0ff0ce4,150.20970715519417,22.17140393059719,14693f612f078f9c,[],4.0,esp_016631_2535,['train'],1.0,Counter({'train': 1}),val,501845ae468bdee7,True,hirise_clean,0,C:\Users\deves\OneDrive\Desktop\Projects\TCMD-SS\data\raw\hirise_v3_2\map-proj-v3_2\ESP_016631_2535_RED-0119.jpg
map-proj-v3_2/ESP_016631_2535_RED-0122.jpg,ok,,JPEG,227.0,227.0,L,1.0,1.0,normal,bright dune,train,esp_016631_2535_red-0122,[],7752ad9ac0d83d286d7b241564ed7fd7510e73949c693eff7ba86bf29672d9bb,6976f0cb28b0936bb79b0d4885d25da6b54eb1a60ebf15e847b97e57d4b04411,ada0938fc4fe3382,154.1933474354247,17.924729945907078,ca2c3859f2243658,[],4.0,esp_016631_2535,['train'],1.0,Counter({'train': 1}),val,501845ae468bdee7,True,hirise_clean,0,C:\Users\deves\OneDrive\Desktop\Projects\TCMD-SS\data\raw\hirise_v3_2\map-proj-v3_2\ESP_016631_2535_RED-0122.jpg
map-proj-v3_2/ESP_016631_2535_RED-0123.jpg,ok,,JPEG,227.0,227.0,L,1.0,1.0,normal,bright dune,train,esp_016631_2535_red-0123,[],751fa5e5783601d59dc611d34bcdca2108539a71c3a7051e6192d3a6e98eca3e,212da51d572666c68b4a94a7d5370901dc6892467ce7874924f4609195f7e73d,db96a4b527994c25,100.88534611577948,66.19276815435732,a477876a6a17cce9,[],4.0,esp_016631_2535,['train'],1.0,Counter({'train': 1}),val,501845ae468bdee7,True,hirise_clean,0,C:\Users\deves\OneDrive\Desktop\Projects\TCMD-SS\data\raw\hirise_v3_2\map-proj-v3_2\ESP_016631_2535_RED-0123.jpg
map-proj-v3_2/ESP_016631_2535_RED-0124.jpg,ok,,JPEG,227.0,227.0,L,1.0,1.0,normal,bright dune,train,esp_016631_2535_red-0124,[],d810f9ad00e39f9a4a023d1c3c51a54c9ce321e624390bf2db1b591be6639482,bf4e185b11840b7d558e4b2245aa0f9388c477c687a31bcf004efd6c536a17d6,a4aee6af1011cbce,152.60398998622136,17.94796538501448,bd42492c49c48fa9,[],4.0,esp_016631_2535,['train'],1.0,Counter({'train': 1}),val,501845ae468bdee7,True,hirise_clean,0,C:\Users\deves\OneDrive\Desktop\Projects\TCMD-SS\data\raw\hirise_v3_2\map-proj-v3_2\ESP_016631_2535_RED-0124.jpg
map-proj-v3_2/ESP_016631_2535_RED-0126.jpg,ok,,JPEG,227.0,227.0,L,1.0,1.0,normal,bright dune,train,esp_016631_2535_red-0126,[],9d30ced135690da0902f5bc6584dd5b247b31345c4064dd901aa1d03f11a3c1a,e37a1eb4bd0c49194c4ce6b76826d188d701718f8a30b19f8317062a2004ff61,e49515916cb137b5,159.75448776417164,17.56085557489378,83b7a38c6613e76d,[],4.0,esp_016631_2535,['train'],1.0,Counter({'train': 1}),val,501845ae468bdee7,True,hirise_clean,0,C:\Users\deves\OneDrive\Desktop\Projects\TCMD-SS\data\raw\hirise_v3_2\map-proj-v3_2\ESP_016631_2535_RED-0126.jpg
map-proj-v3_2/ESP_016631_2535_RED-0130.jpg,ok,,JPEG,227.0,227.0,L,1.0,1.0,normal,bright dune,train,esp_016631_2535_red-0130,[],4d64d697b5267955b4044b9ead6ab6304078dc11e57a196a8f06fef6081a3f22,7d1e76c8f90377578431f7acca9b7a137d36059e5618cba78b5eb872754945e7,cc26b6cc4c2677cc,160.65594131459954,18.86812641072589,4dc7c40c459bad9c,[],4.0,esp_016631_2535,['train'],1.0,Counter({'train': 1}),val,501845ae468bdee7,True,hirise_clean,0,C:\Users\deves\OneDrive\Desktop\Projects\TCMD-SS\data\raw\hirise_v3_2\map-proj-v3_2\ESP_016631_2535_RED-0130.jpg
map-proj-v3_2/ESP_016631_2535_RED-0131.jpg,ok,,JPEG,227.0,227.0,L,1.0,1.0,normal,bright dune,train,esp_016631_2535_red-0131,[],cc68d00464f47167fb019635be31e1c851dec6862b9d102c9741adadcaaa8607,749824b0cc396b710b0f9f8bc203a2bf452f90eb2c1e8752e273029828da008f,a07f9301ed02f3dc,165.50136816161773,16.338319288202243,63776534af4c581f,[],4.0,esp_016631_2535,['train'],1.0,Counter({'train': 1}),val,501845ae468bdee7,True,hirise_clean,0,C:\Users\deves\OneDrive\Desktop\Projects\TCMD-SS\data\raw\hirise_v3_2\map-proj-v3_2\ESP_016631_2535_RED-0131.jpg
map-proj-v3_2/ESP_016631_2535_RED-0132.jpg,ok,,JPEG,227.0,227.0,L,1.0,1.0,normal,bright dune,train,esp_016631_2535_red-0132,[],20f5d3c7c097be08bfa8e7a155c5150e787ac823a05679cc30f7ee2207b3b10e,da57f5700de6236137aa98de55ed101a475aa3defcf02157beb04995df2af8ff,a6678347444773dc,160.94428380135457,16.796489172793653,5ae2b25e40b206d5,[],4.0,esp_016631_2535,['train'],1.0,Counter({'train': 1}),val,501845ae468bdee7,True,hirise_clean,0,C:\Users\deves\OneDrive\Desktop\Projects\TCMD-SS\data\raw\hirise_v3_2\map-proj-v3_2\ESP_016631_2535_RED-0132.jpg
map-proj-v3_2/ESP_016631_2535_RED-0133.jpg,ok,,JPEG,227.0,227.0,L,1.0,1.0,normal,bright dune,train,esp_016631_2535_red-0133,[],b56626f64e6a5955f4950dbd9235799614f2db0552a389d60a5fd43ed70196b3,78f0c4aa4a4e45b7c7eab243be5c8f3b5b0eecf447a63e75b3597b93b82f04ba,80031fff4c37b925,143.45407440470416,46.19823926478275,6540f84474bff69d,[],4.0,esp_016631_2535,['train'],1.0,Counter({'train': 1}),val,501845ae468bdee7,True,hirise_clean,0,C:\Users\deves\OneDrive\Desktop\Projects\TCMD-SS\data\raw\hirise_v3_2\map-proj-v3_2\ESP_016631_2535_RED-0133.jpg
map-proj-v3_2/ESP_016631_2535_RED-0138.jpg,ok,,JPEG,227.0,227.0,L,1.0,1.0,normal,bright dune,train,esp_016631_2535_red-0138,[],4106325fd5f9dc0fdca718b7222ee47900c7c7f0f162d450c4130d44c1f61cb6,97f0be9d056658557fcef167ef7493b657f98638b530264261b7752109d56510,a491db88647773d8,165.61891362145587,13.204630771165164,597617ae6c4e94de,[],4.0,esp_016631_2535,['train'],1.0,Counter({'train': 1}),val,501845ae468bdee7,True,hirise_clean,0,C:\Users\deves\OneDrive\Desktop\Projects\TCMD-SS\data\raw\hirise_v3_2\map-proj-v3_2\ESP_016631_2535_RED-0138.jpg
map-proj-v3_2/ESP_016631_2535_RED-0140.jpg,ok,,JPEG,227.0,227.0,L,1.0,1.0,normal,bright dune,train,esp_016631_2535_red-0140,[],bf855282101c97b3bcff6350b7e15b8571accdb7c06fb3d13d630affea0e3a1e,df8f6134278709035a2b5e8137e207cc09bc0ed9b67aa635aa4ea3101344f394,8c24f39d0d6433dd,156.10141861864193,18.16558803573458,e5a33d3c698030bb,[],4.0,esp_016631_2535,['train'],1.0,Counter({'train': 1}),val,501845ae468bdee7,True,hirise_clean,0,C:\Users\deves\OneDrive\Desktop\Projects\TCMD-SS\data\raw\hirise_v3_2\map-proj-v3_2\ESP_016631_2535_RED-0140.jpg
map-proj-v3_2/ESP_016631_2535_RED-0141.jpg,ok,,JPEG,227.0,227.0,L,1.0,1.0,normal,bright dune,train,esp_016631_2535_red-0141,[],9a6fa75c8186e5f7784d92c4c2877c84f7613e44ca2cf36995ad67912bc72e03,6dcc60183ab81dacdf286d255b3d22eb6305bcc460311a6e9d896f73dbd4033b,ae70d10cee1751ae,156.3406819460886,18.848407888529863,79fd77b8c2046f55,[],4.0,esp_016631_2535,['train'],1.0,Counter({'train': 1}),val,501845ae468bdee7,True,hirise_clean,0,C:\Users\deves\OneDrive\Desktop\Projects\TCMD-SS\data\raw\hirise_v3_2\map-proj-v3_2\ESP_016631_2535_RED-0141.jpg
map-proj-v3_2/ESP_016631_2535_RED-0146.jpg,ok,,JPEG,227.0,227.0,L,1.0,1.0,normal,bright dune,train,esp_016631_2535_red-0146,[],35bc13f7207980b2cdd2936b117f17d37a4ef13f71f3247058368a98462e3cfc,9be1a495378772d22e299015127c0e88d15b87ffca4da28d6f60cdcea366b8ab,a474f8707cf0715c,163.77123561489643,17.256350263986775,54c580f25b331ecd,[],4.0,esp_016631_2535,['train'],1.0,Counter({'train': 1}),val,501845ae468bdee7,True,hirise_clean,0,C:\Users\deves\OneDrive\Desktop\Projects\TCMD-SS\data\raw\hirise_v3_2\map-proj-v3_2\ESP_016631_2535_RED-0146.jpg
map-proj-v3_2/ESP_016631_2535_RED-0147.jpg,ok,,JPEG,227.0,227.0,L,1.0,1.0,normal,bright dune,train,esp_016631_2535_red-0147,[],902f44832a58c9869389c89fd3b2e6ab0a738b7a2fe2608022165e9c01f25fd2,9533138e827168ba06f6f85cdd528efb230c97567174699b90246a9466c48849,e64b9bd84c72139c,154.86170894059657,17.317835927336027,95836f63d4616171,[],4.0,esp_016631_2535,['train'],1.0,Counter({'train': 1}),val,501845ae468bdee7,True,hirise_clean,0,C:\Users\deves\OneDrive\Desktop\Projects\TCMD-SS\data\raw\hirise_v3_2\map-proj-v3_2\ESP_016631_2535_RED-0147.jpg
map-proj-v3_2/ESP_016631_2535_RED-0148.jpg,ok,,JPEG,227.0,227.0,L,1.0,1.0,normal,bright dune,train,esp_016631_2535_red-0148,[],070315fafa8f34f758c9cc12ea2e8a53a4d10f585878f533332001bc91616dd8,e979ca89448f2f26e71b1a348a1ff1d986c2d8eaf73d6bae38b517097cdd4950,af609b90ed02f29d,161.652622794931,14.94803820390681,e8b512dcbda065f0,[],4.0,esp_016631_2535,['train'],1.0,Counter({'train': 1}),val,501845ae468bdee7,True,hirise_clean,0,C:\Users\deves\OneDrive\Desktop\Projects\TCMD-SS\data\raw\hirise_v3_2\map-proj-v3_2\ESP_016631_2535_RED-0148.jpg
map-proj-v3_2/ESP_016631_2535_RED-0149.jpg,ok,,JPEG,227.0,227.0,L,1.0,1.0,normal,bright dune,train,esp_016631_2535_red-0149,[],c1b95c570fa4fe9dbf160f802edb5597d9640a39cb12a2110437a1817e4b7905,ecc529831f481f82f4a0731ffda273c3bdaee77213113eac35eae734c20f016b,8c29d9edec6191c9,156.86603660074908,17.835537321853185,cb7601db583c02da,[],4.0,esp_016631_2535,['train'],1.0,Counter({'train': 1}),val,501845ae468bdee7,True,hirise_clean,0,C:\Users\deves\OneDrive\Desktop\Projects\TCMD-SS\data\raw\hirise_v3_2\map-proj-v3_2\ESP_016631_2535_RED-0149.jpg
map-proj-v3_2/ESP_016631_2535_RED-0151.jpg,ok,,JPEG,227.0,227.0,L,1.0,1.0,normal,bright dune,train,esp_016631_2535_red-0151,[],eecd85a0dba5b13a1350a3edc580b20da4eee2c759c9559783192c2fac7a6907,edbbb6fedad3b5c3143a2925b7df7168a9505a9613695169a6160835de4ceca8,8e38f133711ec4ae,101.89405965572784,72.66352499387646,67cdd3422a5e15ea,[],4.0,esp_016631_2535,['train'],1.0,Counter({'train': 1}),val,501845ae468bdee7,True,hirise_clean,0,C:\Users\deves\OneDrive\Desktop\Projects\TCMD-SS\data\raw\hirise_v3_2\map-proj-v3_2\ESP_016631_2535_RED-0151.jpg
map-proj-v3_2/ESP_016631_2535_RED-0152.jpg,ok,,JPEG,227.0,227.0,L,1.0,1.0,normal,bright dune,train,esp_016631_2535_red-0152,[],4b3e4c9c492bb718f21d0714c3409af058c03d7044492c8fb4235d5a3ce7ee26,f6e097dc83c2417c79c06abf5cd5146fef21f4d8690b1ec5993bb0ff22fd0136,a25e318c647ea35d,154.26445302645112,19.45799134965884,c873b43ce2bafd69,[],4.0,esp_016631_2535,['train'],1.0,Counter({'train': 1}),val,501845ae468bdee7,True,hirise_clean,0,C:\Users\deves\OneDrive\Desktop\Projects\TCMD-SS\data\raw\hirise_v3_2\map-proj-v3_2\ESP_016631_2535_RED-0152.jpg
map-proj-v3_2/ESP_016631_2535_RED-0153.jpg,ok,,JPEG,227.0,227.0,L,1.0,1.0,normal,bright dune,train,esp_016631_2535_red-0153,[],41439b7d1b72f3205349cbb1a6ba25d33ff6950447c44a21aa8d1b7cf36cc588,010e09063c770617b4812a4578c9f4660a4f6883ea38bdb12a3e2e3edaa50300,a69c998c6cc633d9,155.5658173067593,17.935169437556734,303f899bf8eef24c,[],4.0,esp_016631_2535,['train'],1.0,Counter({'train': 1}),val,501845ae468bdee7,True,hirise_clean,0,C:\Users\deves\OneDrive\Desktop\Projects\TCMD-SS\data\raw\hirise_v3_2\map-proj-v3_2\ESP_016631_2535_RED-0153.jpg
map-proj-v3_2/ESP_016631_2535_RED-0154.jpg,ok,,JPEG,227.0,227.0,L,1.0,1.0,normal,bright dune,train,esp_016631_2535_red-0154,[],12284ec6b20e25fcaf4ff2fa11dbec5a246062a63f85bd1914ccf484304a5ef6,36a0bedf45493db67e35cc49ef91340c418dce37f12e4167b7f3de6b4b39c1b5,ec6a938c4c63b3cc,158.70092569232858,13.656936159117608,7dec1a78df2634c5,[],4.0,esp_016631_2535,['train'],1.0,Counter({'train': 1}),val,501845ae468bdee7,True,hirise_clean,0,C:\Users\deves\OneDrive\Desktop\Projects\TCMD-SS\data\raw\hirise_v3_2\map-proj-v3_2\ESP_016631_2535_RED-0154.jpg
map-proj-v3_2/ESP_016631_2535_RED-0155.jpg,ok,,JPEG,227.0,227.0,L,1.0,1.0,normal,bright dune,train,esp_016631_2535_red-0155,[],453a9d57086bfa54e77149b6401027097b69d434370b0a80a50b49ec69acbd50,24e63ad2fc27b6393f9597e7cbfddbbfac7a1b1b0ff0f848e9d0e36196e3e7b6,a062b3e8ece2b3d8,152.87319761687593,20.093031833410084,6d9f8fb6bd957159,[],4.0,esp_016631_2535,['train'],1.0,Counter({'train': 1}),val,501845ae468bdee7,True,hirise_clean,0,C:\Users\deves\OneDrive\Desktop\Projects\TCMD-SS\data\raw\hirise_v3_2\map-proj-v3_2\ESP_016631_2535_RED-0155.jpg
map-proj-v3_2/ESP_016631_2535_RED-0157.jpg,ok,,JPEG,227.0,227.0,L,1.0,1.0,normal,bright dune,train,esp_016631_2535_red-0157,[],a7a77aebe282b523369be2c1c0e9922db2a58a91e9d26a53922840d02b97eb0e,385b7342387ca32cd708477c9a99c48d0a1d76a64e1a519bba1608df826fdbdd,aef613e80c56f388,152.51528265636827,17.482217875223764,02ec3b8354a7a429,[],4.0,esp_016631_2535,['train'],1.0,Counter({'train': 1}),val,501845ae468bdee7,True,hirise_clean,0,C:\Users\deves\OneDrive\Desktop\Projects\TCMD-SS\data\raw\hirise_v3_2\map-proj-v3_2\ESP_016631_2535_RED-0157.jpg
map-proj-v3_2/ESP_016631_2535_RED-0158.jpg,ok,,JPEG,227.0,227.0,L,1.0,1.0,normal,bright dune,train,esp_016631_2535_red-0158,[],fd07ab11fabf001a204ff960db7db0de5d1ca605e91de1e8ceca3b76e4543174,f4c71198b518ddb9a455a5cf8fa861b9c67649e2c1ebc9afab64bc8d1a2b3c25,eea513ad4e273289,150.75138271652855,18.322249471869807,2fa83470ab46aae0,[],4.0,esp_016631_2535,['train'],1.0,Counter({'train': 1}),val,501845ae468bdee7,True,hirise_clean,0,C:\Users\deves\OneDrive\Desktop\Projects\TCMD-SS\data\raw\hirise_v3_2\map-proj-v3_2\ESP_016631_2535_RED-0158.jpg
map-proj-v3_2/ESP_016631_2535_RED-0159.jpg,ok,,JPEG,227.0,227.0,L,1.0,1.0,normal,bright dune,train,esp_016631_2535_red-0159,[],f17eb19e8056a1d3f492a20f536da2e7a334b1be7a3e04d82b2b67e13ae0b3f3,4ac003f112346686492fda21a28da8d1946ed23c7103772dfd39c4528121a6e0,8a5adb4a4c616d6d,150.6661297521784,18.451335623744797,5c4b0ef16294faf3,[],4.0,esp_016631_2535,['train'],1.0,Counter({'train': 1}),val,501845ae468bdee7,True,hirise_clean,0,C:\Users\deves\OneDrive\Desktop\Projects\TCMD-SS\data\raw\hirise_v3_2\map-proj-v3_2\ESP_016631_2535_RED-0159.jpg
map-proj-v3_2/ESP_016631_2535_RED-0161.jpg,ok,,JPEG,227.0,227.0,L,1.0,1.0,normal,bright dune,train,esp_016631_2535_red-0161,[],0ed3095d58d8a53ee274a5a3f1e4705da5e52c7c7065944d45c53260f2fd5743,ef267381ec7ca680f412a52707f76cc683caab6f17266aa7b1284ecf32ac1fbc,a4539bdccc333389,157.66727473849676,13.507019159028092,712a7850be85a9e2,[],4.0,esp_016631_2535,['train'],1.0,Counter({'train': 1}),val,501845ae468bdee7,True,hirise_clean,0,C:\Users\deves\OneDrive\Desktop\Projects\TCMD-SS\data\raw\hirise_v3_2\map-proj-v3_2\ESP_016631_2535_RED-0161.jpg
map-proj-v3_2/ESP_016631_2535_RED-0163.jpg,ok,,JPEG,227.0,227.0,L,1.0,1.0,normal,bright dune,train,esp_016631_2535_red-0163,[],8624cc9dbefaddb1e987194e3cdf93cfba6d0807ebe58a4fc85111de22943dac,c10f6af42dd535b75339a34c8c1ef813f91c8e92fd745c9aca272fa67c51b656,a16c998c6c7339cd,151.62403695006697,17.31252730305894,d227ec7dd7cc7bb5,[],4.0,esp_016631_2535,['train'],1.0,Counter({'train': 1}),val,501845ae468bdee7,True,hirise_clean,0,C:\Users\deves\OneDrive\Desktop\Projects\TCMD-SS\data\raw\hirise_v3_2\map-proj-v3_2\ESP_016631_2535_RED-0163.jpg
map-proj-v3_2/ESP_016631_2535_RED-0164.jpg,ok,,JPEG,227.0,227.0,L,1.0,1.0,normal,bright dune,train,esp_016631_2535_red-0164,[],c6f00ed228fcc38f74ea6d89512485f0166550d6a15d2e96843a110fbae086b5,02c0cd8c2ceadbe6f64e006579da3f615f0a58444a8a30d3c8708914f323e707,871ffc107928bc55,120.981330901046,62.32547743033773,a5eafa777986962f,[],4.0,esp_016631_2535,['train'],1.0,Counter({'train': 1}),val,501845ae468bdee7,True,hirise_clean,0,C:\Users\deves\OneDrive\Desktop\Projects\TCMD-SS\data\raw\hirise_v3_2\map-proj-v3_2\ESP_016631_2535_RED-0164.jpg
map-proj-v3_2/ESP_016631_2535_RED-0166.jpg,ok,,JPEG,227.0,227.0,L,1.0,1.0,normal,bright dune,train,esp_016631_2535_red-0166,[],37c721630242b8aec707fe17fa9f220931c90067a2caffda1b83d2fbadcc01e2,7fa338443ae46fd4b60a44b75710af401de90db959a20f646d7659aaa9bd84c9,aee0995d447e3b88,156.95812066991402,22.37937650038656,e45959b35d59860f,[],4.0,esp_016631_2535,['train'],1.0,Counter({'train': 1}),val,501845ae468bdee7,True,hirise_clean,0,C:\Users\deves\OneDrive\Desktop\Projects\TCMD-SS\data\raw\hirise_v3_2\map-proj-v3_2\ESP_016631_2535_RED-0166.jpg
map-proj-v3_2/ESP_016631_2535_RED-0167.jpg,ok,,JPEG,227.0,227.0,L,1.0,1.0,normal,bright dune,train,esp_016631_2535_red-0167,[],133c3ed602ca0bc98fc0245f832bc8069b18a6a65312cbbff40f9e74c2af9fe9,b3b8a1acd3d233e2769f5fb4b23f13abf859258197ed69b09e7911ed127cb4fa,821ffca8ae227533,121.06887383803296,62.07989169791895,2d549e099a6c3e94,[],4.0,esp_016631_2535,['train'],1.0,Counter({'train': 1}),val,501845ae468bdee7,True,hirise_clean,0,C:\Users\deves\OneDrive\Desktop\Projects\TCMD-SS\data\raw\hirise_v3_2\map-proj-v3_2\ESP_016631_2535_RED-0167.jpg
map-proj-v3_2/ESP_016631_2535_RED-0168.jpg,ok,,JPEG,227.0,227.0,L,1.0,1.0,normal,bright dune,train,esp_016631_2535_red-0168,[],14a50fd625f0cf4b13a0488c00757f32f9c57afa3df66bdf6fc6058f8876e42a,03a71566ff7941b694da6c7215ed11f1ad2939c0c02263c439d07aaa7d4a744e,8cf4b301ec2733d9,158.01261425605,18.93598168898152,afdcbd46246b1fc8,[],4.0,esp_016631_2535,['train'],1.0,Counter({'train': 1}),val,501845ae468bdee7,True,hirise_clean,0,C:\Users\deves\OneDrive\Desktop\Projects\TCMD-SS\data\raw\hirise_v3_2\map-proj-v3_2\ESP_016631_2535_RED-0168.jpg
map-proj-v3_2/ESP_016631_2535_RED-0169.jpg,ok,,JPEG,227.0,227.0,L,1.0,1.0,normal,bright dune,train,esp_016631_2535_red-0169,[],6be0046c26cc7f1a982f162a3bf7b73f27e873033485116066a380901af4ff5d,4097921ab34c819a8fb4849936dedded0f7cbde76185d0122730613baaf5eaf4,e4763b398c86d3c1,119.85555706495371,73.79004376299287,518773812a464464,[],4.0,esp_016631_2535,['train'],1.0,Counter({'train': 1}),val,501845ae468bdee7,True,hirise_clean,0,C:\Users\deves\OneDrive\Desktop\Projects\TCMD-SS\data\raw\hirise_v3_2\map-proj-v3_2\ESP_016631_2535_RED-0169.jpg
map-proj-v3_2/ESP_016631_2535_RED-0170.jpg,ok,,JPEG,227.0,227.0,L,1.0,1.0,normal,bright dune,train,esp_016631_2535_red-0170,[],169b929348e8e73d3dff0d66ef00fe4685f53d4f7cda9d686ef1caf7c1845a8a,7f2c14121d894128305bfbdad5f1ba0ce8ab3fe360a821a05e6a6decb7dc6cd7,8007ff1cbc927a3a,131.4494362397873,52.823173453259415,fdf5306637195377,[],4.0,esp_016631_2535,['train'],1.0,Counter({'train': 1}),val,501845ae468bdee7,True,hirise_clean,0,C:\Users\deves\OneDrive\Desktop\Projects\TCMD-SS\data\raw\hirise_v3_2\map-proj-v3_2\ESP_016631_2535_RED-0170.jpg
map-proj-v3_2/ESP_016631_2535_RED-0171.jpg,ok,,JPEG,227.0,227.0,L,1.0,1.0,normal,bright dune,train,esp_016631_2535_red-0171,[],e6bbd44cbf74bb6c9a43801a54bf06fea2230bde4048f254c9f19f8479ec6735,6a632085c91bff04c98b1ceb7365e56f7bc82c935cdacd07d418af0ea9a50511,84fbbb00ec771389,154.35219002891574,20.31631446824097,7875e90b37885eab,[],4.0,esp_016631_2535,['train'],1.0,Counter({'train': 1}),val,501845ae468bdee7,True,hirise_clean,0,C:\Users\deves\OneDrive\Desktop\Projects\TCMD-SS\data\raw\hirise_v3_2\map-proj-v3_2\ESP_016631_2535_RED-0171.jpg
map-proj-v3_2/ESP_016631_2535_RED-0172.jpg,ok,,JPEG,227.0,227.0,L,1.0,1.0,normal,bright dune,train,esp_016631_2535_red-0172,[],ac6ef1a43f10292f7bf530924ccb3aa04f9806ae5d1477cc3661f8ce3b6f873e,e7ce07bcabcb8904cde6c45d032c5e3e3a5205b01d76c804fe1173f80f870644,e4e69399cc263399,160.19072755147587,17.90750769684583,31100b5de543c9d2,['group_label_conflict'],4.0,esp_016631_2535,['train'],1.0,Counter({'train': 1}),val,501845ae468bdee7,True,hirise_clean,0,C:\Users\deves\OneDrive\Desktop\Projects\TCMD-SS\data\raw\hirise_v3_2\map-proj-v3_2\ESP_016631_2535_RED-0172.jpg
map-proj-v3_2/ESP_016631_2535_RED-0174.jpg,ok,,JPEG,227.0,227.0,L,1.0,1.0,normal,bright dune,train,esp_016631_2535_red-0174,[],d973291b480dc88617516fb5e352b84e6a754da69446a8e0c41299521ae65cb2,828e0a0d8dc79d3d33edf64adaa614e46bdefe866a4bbcfb402dae5a98829bce,8f3cf033784a7331,110.30749674940324,70.3972041988973,79c3395cc9f7a2fa,[],4.0,esp_016631_2535,['train'],1.0,Counter({'train': 1}),val,501845ae468bdee7,True,hirise_clean,0,C:\Users\deves\OneDrive\Desktop\Projects\TCMD-SS\data\raw\hirise_v3_2\map-proj-v3_2\ESP_016631_2535_RED-0174.jpg
map-proj-v3_2/ESP_016631_2535_RED-0175.jpg,ok,,JPEG,227.0,227.0,L,1.0,1.0,normal,bright dune,train,esp_016631_2535_red-0175,[],b35e477ad9de8d38e9269c377a6dd7256442e5d101c8282715efb0b7d54d8e5d,03b75db39590ab1409bf9506d488b9933e6ea8c5b331dbf07c7671d71647649b,e6574e4e46464b6a,151.5404723553727,37.940605767049526,0159de87bc5dd671,[],4.0,esp_016631_2535,['train'],1.0,Counter({'train': 1}),val,501845ae468bdee7,True,hirise_clean,0,C:\Users\deves\OneDrive\Desktop\Projects\TCMD-SS\data\raw\hirise_v3_2\map-proj-v3_2\ESP_016631_2535_RED-0175.jpg
map-proj-v3_2/ESP_016631_2535_RED-0176.jpg,ok,,JPEG,227.0,227.0,L,1.0,1.0,normal,bright dune,train,esp_016631_2535_red-0176,[],23431bd0e65c003841af3fea14078d062f2ada6e56a7e9b40945d43b05cb4d37,a824c4ae704dfc7980ed98cc5eae88d7f547c56bae10c9e2499eb4425151be6b,c7407a6f28303f3d,141.57693725863106,56.44194304505816,1ebef27a8f63b0e0,[],4.0,esp_016631_2535,['train'],1.0,Counter({'train': 1}),val,501845ae468bdee7,True,hirise_clean,0,C:\Users\deves\OneDrive\Desktop\Projects\TCMD-SS\data\raw\hirise_v3_2\map-proj-v3_2\ESP_016631_2535_RED-0176.jpg
map-proj-v3_2/ESP_016648_1665_RED-0004.jpg,ok,,JPEG,227.0,227.0,L,1.0,1.0,normal,other,test,esp_016648_1665_red-0004,[],9237ce747e46d1df0de00a37d3c9757d4a19684944d4317ca585fdaa53f1e8e1,d16306e7e9f8209f34f095a92c586a32321658e7a498ade07ad90212c4cb7ff9,d3862cd9932ccd93,76.33920704845815,54.28956534933784,6f79bd75bf1f695a,[],0.0,esp_016648_1665,['test'],1.0,Counter({'test': 1}),val,59d2c6861deea26d,True,hirise_clean,0,C:\Users\deves\OneDrive\Desktop\Projects\TCMD-SS\data\raw\hirise_v3_2\map-proj-v3_2\ESP_016648_1665_RED-0004.jpg
map-proj-v3_2/ESP_016648_1665_RED-0027.jpg,ok,,JPEG,227.0,227.0,L,1.0,1.0,normal,other,test,esp_016648_1665_red-0027,[],342985c2cf5cd8beed9e57c00864ed397ee173219e51dd969fbbb1d3d6f447e0,d985517dd68c4bfed198b4bcec516083a6c3e66179439863092ad810da128447,f4853fd4847d9138,80.0177763977566,49.6125471478482,85921cbd49ec1715,[],0.0,esp_016648_1665,['test'],1.0,Counter({'test': 1}),val,59d2c6861deea26d,True,hirise_clean,0,C:\Users\deves\OneDrive\Desktop\Projects\TCMD-SS\data\raw\hirise_v3_2\map-proj-v3_2\ESP_016648_1665_RED-0027.jpg
map-proj-v3_2/ESP_016648_1665_RED-0032.jpg,ok,,JPEG,227.0,227.0,L,1.0,1.0,normal,other,test,esp_016648_1665_red-0032,[],85b738c0720ebe398daf7ed9b652aa2dd891c1b7006f236953a5e255eaf8556c,19128dc53eb9d780db87286d0e4401bc2eecfe108a280801a0da7b480152113e,c6a34ba24eaf58b1,105.13083894506006,26.44433835415447,d02302cc331f0955,[],0.0,esp_016648_1665,['test'],1.0,Counter({'test': 1}),val,59d2c6861deea26d,True,hirise_clean,0,C:\Users\deves\OneDrive\Desktop\Projects\TCMD-SS\data\raw\hirise_v3_2\map-proj-v3_2\ESP_016648_1665_RED-0032.jpg
map-proj-v3_2/ESP_016648_1665_RED-0035.jpg,ok,,JPEG,227.0,227.0,L,1.0,1.0,normal,other,test,esp_016648_1665_red-0035,[],d89285ab231ed36dda49eb46ff5e5d07030e0d71904874d8aa7b75976cd45535,3df351b6c518650fa445153b14354d1c50542652b3a5bd440ae37bb03a1f02cb,f96d8c59d74d1821,108.08859089056648,22.750332903065548,aac60257a9e16b89,[],0.0,esp_016648_1665,['test'],1.0,Counter({'test': 1}),val,59d2c6861deea26d,True,hirise_clean,0,C:\Users\deves\OneDrive\Desktop\Projects\TCMD-SS\data\raw\hirise_v3_2\map-proj-v3_2\ESP_016648_1665_RED-0035.jpg
map-proj-v3_2/ESP_016648_1665_RED-0036.jpg,ok,,JPEG,227.0,227.0,L,1.0,1.0,normal,other,test,esp_016648_1665_red-0036,[],677d088b00ff8fc83dba6c83effe3df7ff83d1dd540203eb43abfe9371c27499,e34217b4eed693ff1639d7d9d36be82b3c37f2df20116d346bfb6baf9e3adca2,8b15242a9ad72e7b,107.89095460808475,22.294737795811248,1dd472385a59852a,[],0.0,esp_016648_1665,['test'],1.0,Counter({'test': 1}),val,59d2c6861deea26d,True,hirise_clean,0,C:\Users\deves\OneDrive\Desktop\Projects\TCMD-SS\data\raw\hirise_v3_2\map-proj-v3_2\ESP_016648_1665_RED-0036.jpg
map-proj-v3_2/ESP_016648_1665_RED-0042.jpg,ok,,JPEG,227.0,227.0,L,1.0,1.0,normal,other,test,esp_016648_1665_red-0042,[],bb42d52a89151e6715c479c532e688f84c041c094dcb379c3b829e42b66d88e7,4c9ffdace1846ee30e565261bde3fa1b1fcc2ac1ad3ebd789472b4790d4ed769,8f3732608c833fa7,105.78404393642415,21.80898697604625,e2690251b2c5bf7f,[],0.0,esp_016648_1665,['test'],1.0,Counter({'test': 1}),val,59d2c6861deea26d,True,hirise_clean,0,C:\Users\deves\OneDrive\Desktop\Projects\TCMD-SS\data\raw\hirise_v3_2\map-proj-v3_2\ESP_016648_1665_RED-0042.jpg
map-proj-v3_2/ESP_016648_1665_RED-0043.jpg,ok,,JPEG,227.0,227.0,L,1.0,1.0,normal,other,test,esp_016648_1665_red-0043,[],3dd39e3f8bcf3dc5cc4ae4d296d957aa4dc69c1c32b8e211c1378eb4b1b873dd,8300a2ddc44dae0b063fef2acf2061ce4b30dd71c37b05c8b05484f145f8e7bc,a9ac9b3aaac62d32,107.24361039414698,22.003600042910733,f4599248b2b5fd73,[],0.0,esp_016648_1665,['test'],1.0,Counter({'test': 1}),val,59d2c6861deea26d,True,hirise_clean,0,C:\Users\deves\OneDrive\Desktop\Projects\TCMD-SS\data\raw\hirise_v3_2\map-proj-v3_2\ESP_016648_1665_RED-0043.jpg
map-proj-v3_2/ESP_016648_1665_RED-0051.jpg,ok,,JPEG,227.0,227.0,L,1.0,1.0,normal,other,test,esp_016648_1665_red-0051,[],d49c6f42c38507c7835bab05f893c44490eec92eca0d6e74deb95f5080887452,627182f3eae8ab58bb442125e8346d2ba8940f69ada39c348731acba22e2f067,e692f9292ed4c523,108.07269692794348,22.58810548085836,c3188d69436a62f0,[],0.0,esp_016648_1665,['test'],1.0,Counter({'test': 1}),val,59d2c6861deea26d,True,hirise_clean,0,C:\Users\deves\OneDrive\Desktop\Projects\TCMD-SS\data\raw\hirise_v3_2\map-proj-v3_2\ESP_016648_1665_RED-0051.jpg
map-proj-v3_2/ESP_016648_1665_RED-0054.jpg,ok,,JPEG,227.0,227.0,L,1.0,1.0,normal,other,test,esp_016648_1665_red-0054,[],63c9a9b5678eb0cb970aff1c7e529e24842cc7406e9bfc36510017211ca45cf0,b4793b8ddbf4b9efa1f7c4fea9e9d0c74e95864db5d86a2143e951331ee8625a,c6929a2973e6cc9c,110.25123716742029,22.295754989580995,17afe6ba4c81a310,[],0.0,esp_016648_1665,['test'],1.0,Counter({'test': 1}),val,59d2c6861deea26d,True,hirise_clean,0,C:\Users\deves\OneDrive\Desktop\Projects\TCMD-SS\data\raw\hirise_v3_2\map-proj-v3_2\ESP_016648_1665_RED-0054.jpg
map-proj-v3_2/ESP_016648_1665_RED-0055.jpg,ok,,JPEG,227.0,227.0,L,1.0,1.0,normal,other,test,esp_016648_1665_red-0055,[],f517e83d0b8cbf73ab92e2cc690c985c7cc42cf6ab4175f5d69cc334f8c10991,8a65f6e6a2299a42da1072f9d93d69d0f508af1338f6ee829f037d33cbc1cc4a,aed0a87973468997,107.6575520580644,22.42340390630257,f9247f23ce1e5b35,[],0.0,esp_016648_1665,['test'],1.0,Counter({'test': 1}),val,59d2c6861deea26d,True,hirise_clean,0,C:\Users\deves\OneDrive\Desktop\Projects\TCMD-SS\data\raw\hirise_v3_2\map-proj-v3_2\ESP_016648_1665_RED-0055.jpg
map-proj-v3_2/ESP_016648_1665_RED-0067.jpg,ok,,JPEG,227.0,227.0,L,1.0,1.0,normal,other,test,esp_016648_1665_red-0067,[],85e4bf36cf7ffeee72342154fdbf27f976f06c8dfba94810d0d07538bb21c5c5,a3776a642de3ee103e08bec2b7a8d571f5177a539e09f5a772620b00edcf081b,c73a8b52452d9daa,112.35954511052029,22.53543409609894,1ea75d0461db650e,[],0.0,esp_016648_1665,['test'],1.0,Counter({'test': 1}),val,59d2c6861deea26d,True,hirise_clean,0,C:\Users\deves\OneDrive\Desktop\Projects\TCMD-SS\data\raw\hirise_v3_2\map-proj-v3_2\ESP_016648_1665_RED-0067.jpg
map-proj-v3_2/ESP_016648_1665_RED-0068.jpg,ok,,JPEG,227.0,227.0,L,1.0,1.0,normal,other,test,esp_016648_1665_red-0068,[],bdf07f16c699684def55f1dca01ba1b9a8138035d1de1fb37bc36e3264f7d51e,c0dbc8bec3c413bb8f8a47f10e3c3b523aa09b54c5f2fadd43236d154bc761c4,d5d552ba51bb42b0,102.1998486289274,31.282089994656683,9e07fc48eee19272,[],0.0,esp_016648_1665,['test'],1.0,Counter({'test': 1}),val,59d2c6861deea26d,True,hirise_clean,0,C:\Users\deves\OneDrive\Desktop\Projects\TCMD-SS\data\raw\hirise_v3_2\map-proj-v3_2\ESP_016648_1665_RED-0068.jpg
map-proj-v3_2/ESP_016648_1665_RED-0071.jpg,ok,,JPEG,227.0,227.0,L,1.0,1.0,normal,other,test,esp_016648_1665_red-0071,[],9d701f7a2133e31eb355dfdd25c9dd0acef8d7f00a19ae64629656b4f5dbf828,9cdf0e82a89fdd83a9fa2d8f6477e7a626b1ee597a1d7acb12898d3a7722c988,ced2d135c5551d31,111.7719148440684,22.953071522313817,f26e5db2ac558226,[],0.0,esp_016648_1665,['test'],1.0,Counter({'test': 1}),val,59d2c6861deea26d,True,hirise_clean,0,C:\Users\deves\OneDrive\Desktop\Projects\TCMD-SS\data\raw\hirise_v3_2\map-proj-v3_2\ESP_016648_1665_RED-0071.jpg
map-proj-v3_2/ESP_016648_1665_RED-0074.jpg,ok,,JPEG,227.0,227.0,L,1.0,1.0,normal,other,test,esp_016648_1665_red-0074,[],8bddc72247a1b070c88c9af8a640eea419eb8c5a5cda592c59f5afe2149599b7,f8a0895259a6240cd76ff58cb1ff30bf1ff1856d3efd8d8dabdc2d98e62e5ab8,bce0f183077f322c,108.88876166818685,22.86470860535161,da904988cdb467ee,[],0.0,esp_016648_1665,['test'],1.0,Counter({'test': 1}),val,59d2c6861deea26d,True,hirise_clean,0,C:\Users\deves\OneDrive\Desktop\Projects\TCMD-SS\data\raw\hirise_v3_2\map-proj-v3_2\ESP_016648_1665_RED-0074.jpg
map-proj-v3_2/ESP_016648_1665_RED-0076.jpg,ok,,JPEG,227.0,227.0,L,1.0,1.0,normal,other,test,esp_016648_1665_red-0076,[],d74f0f8627d3ac909dd6f0e3de55de24bbcd357acc9c5623c71d51abbbdd3b9b,5322002d22c713bfa83d92e79696b0c7e9966c9529012c763f6f273918661ea2,c7c798643cf838e1,109.50146519435656,22.613259583754555,f0607ef0d4dbc478,[],0.0,esp_016648_1665,['test'],1.0,Counter({'test': 1}),val,59d2c6861deea26d,True,hirise_clean,0,C:\Users\deves\OneDrive\Desktop\Projects\TCMD-SS\data\raw\hirise_v3_2\map-proj-v3_2\ESP_016648_1665_RED-0076.jpg
map-proj-v3_2/ESP_016648_1665_RED-0080.jpg,ok,,JPEG,227.0,227.0,L,1.0,1.0,normal,other,test,esp_016648_1665_red-0080,[],3e7aa9b4102188fae9116ccbb4b52f03af38f884c94b714f541b046b962784e1,22a3c5293a0e1b9494d4334ce9f6300c241df2c5193a7ef56cff6090136598da,c9c79a39236ce287,111.71179335907937,22.982822943719807,926280d5e8fece3a,[],0.0,esp_016648_1665,['test'],1.0,Counter({'test': 1}),val,59d2c6861deea26d,True,hirise_clean,0,C:\Users\deves\OneDrive\Desktop\Projects\TCMD-SS\data\raw\hirise_v3_2\map-proj-v3_2\ESP_016648_1665_RED-0080.jpg
map-proj-v3_2/ESP_016648_1665_RED-0096.jpg,ok,,JPEG,227.0,227.0,L,1.0,1.0,normal,other,test,esp_016648_1665_red-0096,[],cc3a60436c5e915963793a8b61f78c543fdb423b04ec44fc5dfc72ab26068339,e76ddcc46177862d69b6312a995c7d70c83060b9ec11b4712bca8fafa7331f33,e69d993326cc9932,106.76993537619592,22.04716714915144,5d6271983cbd2bc1,['group_label_conflict'],0.0,esp_016648_1665,['test'],1.0,Counter({'test': 1}),val,59d2c6861deea26d,True,hirise_clean,0,C:\Users\deves\OneDrive\Desktop\Projects\TCMD-SS\data\raw\hirise_v3_2\map-proj-v3_2\ESP_016648_1665_RED-0096.jpg
map-proj-v3_2/ESP_016648_1665_RED-0097.jpg,ok,,JPEG,227.0,227.0,L,1.0,1.0,normal,other,test,esp_016648_1665_red-0097,[],5636e776f04795a012459881d5e0046047d8373dbfbb32aef344773f90bbf44d,1f84d48801abd798876f271b4edea9a0ce8dedacfe8297a647ab40b16b670054,cf5b9232644d5b92,109.52116284034231,19.872938176227198,5ff89970eb0cd35f,[],0.0,esp_016648_1665,['test'],1.0,Counter({'test': 1}),val,59d2c6861deea26d,True,hirise_clean,0,C:\Users\deves\OneDrive\Desktop\Projects\TCMD-SS\data\raw\hirise_v3_2\map-proj-v3_2\ESP_016648_1665_RED-0097.jpg
map-proj-v3_2/ESP_016648_1665_RED-0101.jpg,ok,,JPEG,227.0,227.0,L,1.0,1.0,normal,other,test,esp_016648_1665_red-0101,[],ddeec66c8f1eb87a5427a65c15b25dc1dfde73568ec3248a44d87a952493ed1a,f3e8cd7e7470f145262d125e96da2f68e57044d0f2feb7defccb1bc5acb84746,9cce63c6c3cc928d,68.39166294707834,54.21779630177389,086724d8b27b51f2,[],0.0,esp_016648_1665,['test'],1.0,Counter({'test': 1}),val,59d2c6861deea26d,True,hirise_clean,0,C:\Users\deves\OneDrive\Desktop\Projects\TCMD-SS\data\raw\hirise_v3_2\map-proj-v3_2\ESP_016648_1665_RED-0101.jpg
map-proj-v3_2/ESP_016648_1665_RED-0135.jpg,ok,,JPEG,227.0,227.0,L,1.0,1.0,normal,other,test,esp_016648_1665_red-0135,[],63a1e45101fb0dc24ebee7f9511ba4bc454f9c9c1a971122e638638f8bf9886a,e1682ab4fe90ca31677d078dd68e148a5c4b33dae7bdbb8e386a8a4eb8c9b6b0,bc163370b5b5a9a8,110.75014069747132,22.607812799699374,9927ff6f3ecef509,[],0.0,esp_016648_1665,['test'],1.0,Counter({'test': 1}),val,59d2c6861deea26d,True,hirise_clean,0,C:\Users\deves\OneDrive\Desktop\Projects\TCMD-SS\data\raw\hirise_v3_2\map-proj-v3_2\ESP_016648_1665_RED-0135.jpg
map-proj-v3_2/ESP_016648_1665_RED-0148.jpg,ok,,JPEG,227.0,227.0,L,1.0,1.0,normal,other,test,esp_016648_1665_red-0148,[],fd4e7b7c2da1ee86cdd0c40919df819decb647697ef9a95d041c77ccbe7ac84a,6d426432b41476df5d56e89b01f8881a925f971c3742279bb46045c3102edb61,b2656277c97ae142,110.3510256360496,22.6884643809508,dbe8e6b19b952744,[],0.0,esp_016648_1665,['test'],1.0,Counter({'test': 1}),val,59d2c6861deea26d,True,hirise_clean,0,C:\Users\deves\OneDrive\Desktop\Projects\TCMD-SS\data\raw\hirise_v3_2\map-proj-v3_2\ESP_016648_1665_RED-0148.jpg
map-proj-v3_2/ESP_016648_1665_RED-0150.jpg,ok,,JPEG,227.0,227.0,L,1.0,1.0,normal,other,test,esp_016648_1665_red-0150,[],a520d4681cf250ba596fb25a2a926d5156ff3d2cc97e25cfdd885ed2f4e9ce8b,5ad29d950dd961bcbd2122dcc99f91d7bce264bbefdbcf4d96c9899dbae084dc,9c7f366c09fa054a,106.47369442449885,22.722793465391906,465c8b884f451b1a,[],0.0,esp_016648_1665,['test'],1.0,Counter({'test': 1}),val,59d2c6861deea26d,True,hirise_clean,0,C:\Users\deves\OneDrive\Desktop\Projects\TCMD-SS\data\raw\hirise_v3_2\map-proj-v3_2\ESP_016648_1665_RED-0150.jpg
map-proj-v3_2/ESP_016648_1665_RED-0161.jpg,ok,,JPEG,227.0,227.0,L,1.0,1.0,normal,other,test,esp_016648_1665_red-0161,[],43a4ba6e4b15f2098480ac53d1d7e61365268af8316983d88df5b11e5091cd12,5b8bf757be478adb6a6f4ae854b59a88136ccaa23948ec12542e2515a3f14206,9cc7d187973127c4,68.82613673853558,54.38418634500659,ae13ffdd9ea542a3,[],0.0,esp_016648_1665,['test'],1.0,Counter({'test': 1}),val,59d2c6861deea26d,True,hirise_clean,0,C:\Users\deves\OneDrive\Desktop\Projects\TCMD-SS\data\raw\hirise_v3_2\map-proj-v3_2\ESP_016648_1665_RED-0161.jpg
map-proj-v3_2/ESP_016648_1665_RED-0178.jpg,ok,,JPEG,227.0,227.0,L,1.0,1.0,normal,other,test,esp_016648_1665_red-0178,[],f6730cb67bccae926bb354d57134a84bcb1cdd1ae1391891f9793546adc6497a,c6f9d50fae1fd8887036b587147c3fe73c1cf2a13729dd78899764d1d2a738c6,c2d23367dc01fbc2,113.61588620000389,22.416774836026537,65934c3a236ded25,[],0.0,esp_016648_1665,['test'],1.0,Counter({'test': 1}),val,59d2c6861deea26d,True,hirise_clean,0,C:\Users\deves\OneDrive\Desktop\Projects\TCMD-SS\data\raw\hirise_v3_2\map-proj-v3_2\ESP_016648_1665_RED-0178.jpg
map-proj-v3_2/ESP_016648_1665_RED-0186.jpg,ok,,JPEG,227.0,227.0,L,1.0,1.0,normal,other,test,esp_016648_1665_red-0186,[],fb8e474af78fbebb8fed12e6101899453353c8bc84690887b3761f96dce5e1ac,e124a600c3aabcf7bbc393aa59be94602f160d17020f1598d57a0fff7e926360,ce1d3134ac9b7b88,109.00446350598692,22.40049985744798,9755398035516249,[],0.0,esp_016648_1665,['test'],1.0,Counter({'test': 1}),val,59d2c6861deea26d,True,hirise_clean,0,C:\Users\deves\OneDrive\Desktop\Projects\TCMD-SS\data\raw\hirise_v3_2\map-proj-v3_2\ESP_016648_1665_RED-0186.jpg
map-proj-v3_2/ESP_016648_1665_RED-0192.jpg,ok,,JPEG,227.0,227.0,L,1.0,1.0,normal,other,test,esp_016648_1665_red-0192,[],733b1ecc87ad4ca09b3d8272a023e10b2ac7b6656cd004e3a7a7a69744101c54,3fb7e45ff53d848a7a54cb7497eb40e21873f803bb98a5eb572fe73f997f9fcc,8c6c1e3d78e0ec4d,111.17805507578257,22.035331833903687,64ba7a69cf2a2dc6,[],0.0,esp_016648_1665,['test'],1.0,Counter({'test': 1}),val,59d2c6861deea26d,True,hirise_clean,0,C:\Users\deves\OneDrive\Desktop\Projects\TCMD-SS\data\raw\hirise_v3_2\map-proj-v3_2\ESP_016648_1665_RED-0192.jpg
map-proj-v3_2/ESP_016648_1665_RED-0197.jpg,ok,,JPEG,227.0,227.0,L,1.0,1.0,normal,other,test,esp_016648_1665_red-0197,[],f0a7bb8b73743bc0d06217294de3fdaa58c0d87a0a35d8179fe1ac35bcdc0e2f,48e650188b3cb92e7901a5cb8ae213e9eaa3dfc68fe1fddcd7ba0cd21b2a7544,db6d356c2cdb1122,78.54679888994546,53.36788998154272,0e610fa616b19d51,[],0.0,esp_016648_1665,['test'],1.0,Counter({'test': 1}),val,59d2c6861deea26d,True,hirise_clean,0,C:\Users\deves\OneDrive\Desktop\Projects\TCMD-SS\data\raw\hirise_v3_2\map-proj-v3_2\ESP_016648_1665_RED-0197.jpg
map-proj-v3_2/ESP_016648_1665_RED-0207.jpg,ok,,JPEG,227.0,227.0,L,1.0,1.0,normal,other,test,esp_016648_1665_red-0207,[],c443c36fbded4a9767d6d294c670a3e6fe4e3fbc9c5cc61b355d255eecf2901a,bbc79eb1b30687397dcb6afefc187036cb3d5d2e4a992dfe3f79b89cc5c2d9e4,a66c92757466cca9,110.4187350812164,22.745748029242293,34f0efb3383b9d27,[],0.0,esp_016648_1665,['test'],1.0,Counter({'test': 1}),val,59d2c6861deea26d,True,hirise_clean,0,C:\Users\deves\OneDrive\Desktop\Projects\TCMD-SS\data\raw\hirise_v3_2\map-proj-v3_2\ESP_016648_1665_RED-0207.jpg
map-proj-v3_2/ESP_016648_1665_RED-0220.jpg,ok,,JPEG,227.0,227.0,L,1.0,1.0,normal,other,test,esp_016648_1665_red-0220,[],f3b72d6326fbec87af0d893da0c54029370acc58313962aea75919580a33fbcc,b49d2ea7a2094037c01f161fed98b94f8c2dae9c1f8977c4e13031888b9aedbf,80ff11891b366edc,103.43427972597956,28.32537995390561,29b5624475c01dd4,[],0.0,esp_016648_1665,['test'],1.0,Counter({'test': 1}),val,59d2c6861deea26d,True,hirise_clean,0,C:\Users\deves\OneDrive\Desktop\Projects\TCMD-SS\data\raw\hirise_v3_2\map-proj-v3_2\ESP_016648_1665_RED-0220.jpg
map-proj-v3_2/ESP_016648_1665_RED-0284.jpg,ok,,JPEG,227.0,227.0,L,1.0,1.0,normal,other,test,esp_016648_1665_red-0284,[],1cd53792c0f401dca6bce291b92b75dccb726cb557c12926c8c24dd00dc84d1f,f53d4b773ca7f668903f0db75269e504d2e2dc37f2a2d85ba4943aca7a1ac392,b0d079c1c7aaa717,113.26922703720236,22.26451766352547,fe360a582f233486,[],0.0,esp_016648_1665,['test'],1.0,Counter({'test': 1}),val,59d2c6861deea26d,True,hirise_clean,0,C:\Users\deves\OneDrive\Desktop\Projects\TCMD-SS\data\raw\hirise_v3_2\map-proj-v3_2\ESP_016648_1665_RED-0284.jpg
map-proj-v3_2/ESP_016648_1665_RED-0291.jpg,ok,,JPEG,227.0,227.0,L,1.0,1.0,normal,other,test,esp_016648_1665_red-0291,[],a711f1ec293b583cc5e077283e479952adb20431f41336f7ee28a8f60aff994a,c95a03d9b52d8caf33fc9b8cd0faa3ba3c072ec7813b705f33018dce293bed07,cf99ba247c001bf3,111.9312814143492,22.61100222023015,c8e6ee14e4ec0408,[],0.0,esp_016648_1665,['test'],1.0,Counter({'test': 1}),val,59d2c6861deea26d,True,hirise_clean,0,C:\Users\deves\OneDrive\Desktop\Projects\TCMD-SS\data\raw\hirise_v3_2\map-proj-v3_2\ESP_016648_1665_RED-0291.jpg
map-proj-v3_2/ESP_016648_1665_RED-0295.jpg,ok,,JPEG,227.0,227.0,L,1.0,1.0,normal,other,test,esp_016648_1665_red-0295,[],8497182c200c5a23120074cf7d26e80c7cf9e21b2bd004a829b75e2a9a43651f,695538009ff556277ed2d664ff47658003799fe1fb20e2bbfadfc2671aca57c6,8ec3b0cd51e3c7a8,78.66667313551592,54.064659264914845,b3f9fec130c3011e,[],0.0,esp_016648_1665,['test'],1.0,Counter({'test': 1}),val,59d2c6861deea26d,True,hirise_clean,0,C:\Users\deves\OneDrive\Desktop\Projects\TCMD-SS\data\raw\hirise_v3_2\map-proj-v3_2\ESP_016648_1665_RED-0295.jpg
map-proj-v3_2/ESP_016648_1665_RED-0303.jpg,ok,,JPEG,227.0,227.0,L,1.0,1.0,normal,other,test,esp_016648_1665_red-0303,[],05eb58169368cf3c50bf2be1162eb986de7c18b3bb1e42c97b58234dfd799756,ac218bff33ce90a15019bc60b9cbbcff70ca7b2ab5046710ec090f34a783e1dd,93f40c5811776d5b,112.98961749694348,22.58770673257385,c8335f5c1a50ae26,[],0.0,esp_016648_1665,['test'],1.0,Counter({'test': 1}),val,59d2c6861deea26d,True,hirise_clean,0,C:\Users\deves\OneDrive\Desktop\Projects\TCMD-SS\data\raw\hirise_v3_2\map-proj-v3_2\ESP_016648_1665_RED-0303.jpg
map-proj-v3_2/ESP_016648_1665_RED-0318.jpg,ok,,JPEG,227.0,227.0,L,1.0,1.0,normal,other,test,esp_016648_1665_red-0318,[],cba8382415cd2bd2067ea84defd6aad8ecda65ae8a016e36bb875a4e19a2730f,3a39ef4715908f41d5ebdfd1caa9a3962b15425252cf7f8d5489c3a10306fce3,e362cfde545c1838,109.89339983310369,22.501078631162223,87f244e290e4b930,[],0.0,esp_016648_1665,['test'],1.0,Counter({'test': 1}),val,59d2c6861deea26d,True,hirise_clean,0,C:\Users\deves\OneDrive\Desktop\Projects\TCMD-SS\data\raw\hirise_v3_2\map-proj-v3_2\ESP_016648_1665_RED-0318.jpg
map-proj-v3_2/ESP_016648_1665_RED-0320.jpg,ok,,JPEG,227.0,227.0,L,1.0,1.0,normal,other,test,esp_016648_1665_red-0320,[],61b06e3977688b9d0f8cffc1a382402e179ce18bb6e949c33fbd55bc1fda415b,d8567b4e4e8eef21a818091efedbee5cb8e5ff21a22b651727014b2123c9a35b,944db96be9d201f2,107.03508703836674,24.143825421335933,5d5894bc6913fbe7,[],0.0,esp_016648_1665,['test'],1.0,Counter({'test': 1}),val,59d2c6861deea26d,True,hirise_clean,0,C:\Users\deves\OneDrive\Desktop\Projects\TCMD-SS\data\raw\hirise_v3_2\map-proj-v3_2\ESP_016648_1665_RED-0320.jpg
map-proj-v3_2/ESP_016648_1665_RED-0324.jpg,ok,,JPEG,227.0,227.0,L,1.0,1.0,normal,other,test,esp_016648_1665_red-0324,[],5439f064c338133b54445870705b62f5180fa1585c0a48d512b3522b70e21d28,c7dd153bfcf1b04de65349dbd24377a30448cdbe629ed9f50d134d2bcc8ce41d,cbd094b5839cb2a7,111.34906557472492,22.15582888772036,dd9a8074b22d97a4,[],0.0,esp_016648_1665,['test'],1.0,Counter({'test': 1}),val,59d2c6861deea26d,True,hirise_clean,0,C:\Users\deves\OneDrive\Desktop\Projects\TCMD-SS\data\raw\hirise_v3_2\map-proj-v3_2\ESP_016648_1665_RED-0324.jpg
map-proj-v3_2/ESP_016648_1665_RED-0327.jpg,ok,,JPEG,227.0,227.0,L,1.0,1.0,normal,other,test,esp_016648_1665_red-0327,[],1034eb4474faaad2eeb358f9c4ac2b46cb1c9aaee3aba723ed23ad9b68cbf927,bd6c59ced4dc818b818e74cbf628731abae2dea3a440346771788c7133706760,e5ce11317efcc118,109.64328824545402,22.10349000137377,88dea8b0fda2ac23,[],0.0,esp_016648_1665,['test'],1.0,Counter({'test': 1}),val,59d2c6861deea26d,True,hirise_clean,0,C:\Users\deves\OneDrive\Desktop\Projects\TCMD-SS\data\raw\hirise_v3_2\map-proj-v3_2\ESP_016648_1665_RED-0327.jpg
map-proj-v3_2/ESP_016648_1665_RED-0354.jpg,ok,,JPEG,227.0,227.0,L,1.0,1.0,normal,crater,test,esp_016648_1665_red-0354,[],d87fd8daf4375bca0af3f04a55e899e4ee316e9e16814c8a12095942c36f55bd,8753f07dcd57ac5832f555059be3baf0b83bae68a52d567f5340f40354cf145a,c99ab6693166cc99,111.2910011837994,20.76610556819511,f16b95e85ed64fbe,[],1.0,esp_016648_1665,['test'],1.0,Counter({'test': 1}),val,59d2c6861deea26d,True,hirise_clean,0,C:\Users\deves\OneDrive\Desktop\Projects\TCMD-SS\data\raw\hirise_v3_2\map-proj-v3_2\ESP_016648_1665_RED-0354.jpg
map-proj-v3_2/ESP_016648_1665_RED-0368.jpg,ok,,JPEG,227.0,227.0,L,1.0,1.0,normal,other,test,esp_016648_1665_red-0368,[],d1095c17b0da5a74e6b9769f75278d08f3849ed33992abff2719054b611c4301,47b933377644acd07779c73a817704706648c9478fab348ea07877192746f419,8496117916e6ddb9,110.22074948087484,22.64079847289424,06bcd2562ab52997,[],0.0,esp_016648_1665,['test'],1.0,Counter({'test': 1}),val,59d2c6861deea26d,True,hirise_clean,0,C:\Users\deves\OneDrive\Desktop\Projects\TCMD-SS\data\raw\hirise_v3_2\map-proj-v3_2\ESP_016648_1665_RED-0368.jpg
map-proj-v3_2/ESP_016648_1665_RED-0422.jpg,ok,,JPEG,227.0,227.0,L,1.0,1.0,normal,other,test,esp_016648_1665_red-0422,[],e05f14cb089c4ee9891a0083d6751bfae6bf23f05d2a811d18881d2b9d5fe362,7114d623d58412cc3f648050962e4fda5d35814c146fe1cadc9dbc828d33e5ab,b41ab0a3c4c9b3d7,111.72114731510412,23.06600869173845,e8445af7644904cf,[],0.0,esp_016648_1665,['test'],1.0,Counter({'test': 1}),val,59d2c6861deea26d,True,hirise_clean,0,C:\Users\deves\OneDrive\Desktop\Projects\TCMD-SS\data\raw\hirise_v3_2\map-proj-v3_2\ESP_016648_1665_RED-0422.jpg
map-proj-v3_2/ESP_016648_1665_RED-0425.jpg,ok,,JPEG,227.0,227.0,L,1.0,1.0,normal,other,test,esp_016648_1665_red-0425,[],412be343f73a31b8580deb0aa79068a942013ca2042c9a5f773bf6b475020484,71749d4c435530511711881fdf35db1d208b7c068a916be1c73f1aefdb2a909a,810fb2651e5bf718,110.9688524908304,23.23096208042125,601d80260bdc378a,[],0.0,esp_016648_1665,['test'],1.0,Counter({'test': 1}),val,59d2c6861deea26d,True,hirise_clean,0,C:\Users\deves\OneDrive\Desktop\Projects\TCMD-SS\data\raw\hirise_v3_2\map-proj-v3_2\ESP_016648_1665_RED-0425.jpg
map-proj-v3_2/ESP_016683_2535_RED-0001.jpg,ok,,JPEG,227.0,227.0,L,1.0,1.0,normal,bright dune,train,esp_016683_2535_red-0001,[],f1573828c059ef68f0f0ebb708fc3f733fa3463893bb33c9d1ccef05a3a43285,4d85575ddf388d205073f981518285551bf37ef253ad833a5aa101097eeb2c3f,e67399cc6433338c,211.10149624483304,18.28270534702197,c0f94cca80b3c16d,[],4.0,esp_016683_2535,['train'],1.0,Counter({'train': 1}),val,501845ae468bdee7,True,hirise_clean,0,C:\Users\deves\OneDrive\Desktop\Projects\TCMD-SS\data\raw\hirise_v3_2\map-proj-v3_2\ESP_016683_2535_RED-0001.jpg
map-proj-v3_2/ESP_016683_2535_RED-0002.jpg,ok,,JPEG,227.0,227.0,L,1.0,1.0,normal,bright dune,train,esp_016683_2535_red-0002,[],45b8e7b4bcd3406121029ca451a7ad927aad5619386b24c331dbc2f82ccd439d,a433896c0e5db946b4a39b97cc2c8a158bb991dc1b4cf729a7d9328e6cd80b8b,e4339b8d6c3233cc,200.8785150109647,20.285256134650677,061bb001bd70e3ea,[],4.0,esp_016683_2535,['train'],1.0,Counter({'train': 1}),val,501845ae468bdee7,True,hirise_clean,0,C:\Users\deves\OneDrive\Desktop\Projects\TCMD-SS\data\raw\hirise_v3_2\map-proj-v3_2\ESP_016683_2535_RED-0002.jpg
map-proj-v3_2/ESP_016683_2535_RED-0003.jpg,ok,,JPEG,227.0,227.0,L,1.0,1.0,normal,bright dune,train,esp_016683_2535_red-0003,[],bd345e287870c8a709c262ee9923eb38d4364f816a8690b388e866e75321167f,98a77bfd0954db641285268c2e750acd7042f3f15c96b55e39a01c9225de1571,e53296cd6617195c,189.38512294048013,20.236811554536224,5ed6e2742686fc7b,[],4.0,esp_016683_2535,['train'],1.0,Counter({'train': 1}),val,501845ae468bdee7,True,hirise_clean,0,C:\Users\deves\OneDrive\Desktop\Projects\TCMD-SS\data\raw\hirise_v3_2\map-proj-v3_2\ESP_016683_2535_RED-0003.jpg
map-proj-v3_2/ESP_016683_2535_RED-0007.jpg,ok,,JPEG,227.0,227.0,L,1.0,1.0,normal,bright dune,train,esp_016683_2535_red-0007,[],f2e6190e7bf9c835c9f1c782cfc308bd16ca7ae2509b8873aad65685e40e0388,2a315d4b6e14180dc4cfcfde7b90a9cd3515ed960ba9cc4e21681e1e4ecf8b81,ac3c9b1c0d3327cd,182.11626462768535,21.30905011515655,3e264b047d67fad9,[],4.0,esp_016683_2535,['train'],1.0,Counter({'train': 1}),val,501845ae468bdee7,True,hirise_clean,0,C:\Users\deves\OneDrive\Desktop\Projects\TCMD-SS\data\raw\hirise_v3_2\map-proj-v3_2\ESP_016683_2535_RED-0007.jpg
map-proj-v3_2/ESP_016683_2535_RED-0008.jpg,ok,,JPEG,227.0,227.0,L,1.0,1.0,normal,bright dune,train,esp_016683_2535_red-0008,[],8699ba5be2cb8b6d1a40302aafc438a3d9c7379f867d2fdadddfb0f51489e6a6,a1f9d221f359cff721fa22a558cdf2a8429861596675a1a1c7a8df80ccaaa16a,b319cccc7313c9e1,178.89355508548584,20.011253189614717,90ac43f317634350,[],4.0,esp_016683_2535,['train'],1.0,Counter({'train': 1}),val,501845ae468bdee7,True,hirise_clean,0,C:\Users\deves\OneDrive\Desktop\Projects\TCMD-SS\data\raw\hirise_v3_2\map-proj-v3_2\ESP_016683_2535_RED-0008.jpg
map-proj-v3_2/ESP_016683_2535_RED-0009.jpg,ok,,JPEG,227.0,227.0,L,1.0,1.0,normal,bright dune,train,esp_016683_2535_red-0009,[],88db11258b5c6e9f4691ad97ed21258575d332438da95eda6828a750706c82ae,5119a68d57327d4658fa08588e0b955c2a1b29e22a5a634ce19df05b2f93e330,f5a5550a5aca5273,169.17089405965572,18.89284030612211,e161c5041c5766b4,[],4.0,esp_016683_2535,['train'],1.0,Counter({'train': 1}),val,501845ae468bdee7,True,hirise_clean,0,C:\Users\deves\OneDrive\Desktop\Projects\TCMD-SS\data\raw\hirise_v3_2\map-proj-v3_2\ESP_016683_2535_RED-0009.jpg
map-proj-v3_2/ESP_016683_2535_RED-0011.jpg,ok,,JPEG,227.0,227.0,L,1.0,1.0,normal,bright dune,train,esp_016683_2535_red-0011,[],9b2e836f17409b87aad13099c07ffd3680091833182da999c2c0aa38ddb0453a,a5599a7428ef06e028f7292677e57bf545a97b0a8887ae285b093bfc7631a503,fa70d60b2f9d5821,180.85819635545036,21.69153549830084,5d465d36a67744db,[],4.0,esp_016683_2535,['train'],1.0,Counter({'train': 1}),val,501845ae468bdee7,True,hirise_clean,0,C:\Users\deves\OneDrive\Desktop\Projects\TCMD-SS\data\raw\hirise_v3_2\map-proj-v3_2\ESP_016683_2535_RED-0011.jpg
map-proj-v3_2/ESP_016683_2535_RED-0014.jpg,ok,,JPEG,227.0,227.0,L,1.0,1.0,normal,bright dune,train,esp_016683_2535_red-0014,[],84d07159b4ab4d410e4b139007210dfec31bad5db6309c805248a70d8d4aa37a,7d416d39341d645ce53cfff935c35d278c224c39fa984301a700cb97e9ebf73b,ace19bdd8c337304,170.6509344252751,17.947583335616006,2eff288866a07e7d,[],4.0,esp_016683_2535,['train'],1.0,Counter({'train': 1}),val,501845ae468bdee7,True,hirise_clean,0,C:\Users\deves\OneDrive\Desktop\Projects\TCMD-SS\data\raw\hirise_v3_2\map-proj-v3_2\ESP_016683_2535_RED-0014.jpg
map-proj-v3_2/ESP_016683_2535_RED-0016.jpg,ok,,JPEG,227.0,227.0,L,1.0,1.0,normal,bright dune,train,esp_016683_2535_red-0016,[],710a414b2fcea535c922ea1497e91f45008b9af30852c74f2cd5a4b78f9bc2d7,df1fc2129d5405ac01a5cb40c39950211072bb2b8b7af972819fab9df289a8b1,8f58eec1aa33c166,174.42393603601855,23.69210837164098,525e01dbc906dce7,[],4.0,esp_016683_2535,['train'],1.0,Counter({'train': 1}),val,501845ae468bdee7,True,hirise_clean,0,C:\Users\deves\OneDrive\Desktop\Projects\TCMD-SS\data\raw\hirise_v3_2\map-proj-v3_2\ESP_016683_2535_RED-0016.jpg
map-proj-v3_2/ESP_016683_2535_RED-0017.jpg,ok,,JPEG,227.0,227.0,L,1.0,1.0,normal,bright dune,train,esp_016683_2535_red-0017,[],10e8269f6a4deedb643c6249f8221406495129feb8eb1bc13a205332db9c49b4,7e410e5a6a880e2e92602ed2d3171eb9f4118a439776d52e79040344ee946163,ed54b15554a555d4,168.84923053038096,21.59279476068052,7ad32acb027ad871,[],4.0,esp_016683_2535,['train'],1.0,Counter({'train': 1}),val,501845ae468bdee7,True,hirise_clean,0,C:\Users\deves\OneDrive\Desktop\Projects\TCMD-SS\data\raw\hirise_v3_2\map-proj-v3_2\ESP_016683_2535_RED-0017.jpg
map-proj-v3_2/ESP_016683_2535_RED-0019.jpg,ok,,JPEG,227.0,227.0,L,1.0,1.0,normal,bright dune,train,esp_016683_2535_red-0019,[],11ed2ccf23c41798bd0b82648da30ad49542adf9756615e8dcb12df291222521,b6b66b12f08d967eaeffbd37fe3f80963903fdf3ad45dd32a9813c56dca24712,b87c368b0907173f,169.80977701876614,19.18673977568604,1985d61c9fd22e21,[],4.0,esp_016683_2535,['train'],1.0,Counter({'train': 1}),val,501845ae468bdee7,True,hirise_clean,0,C:\Users\deves\OneDrive\Desktop\Projects\TCMD-SS\data\raw\hirise_v3_2\map-proj-v3_2\ESP_016683_2535_RED-0019.jpg
map-proj-v3_2/ESP_016683_2535_RED-0020.jpg,ok,,JPEG,227.0,227.0,L,1.0,1.0,normal,bright dune,train,esp_016683_2535_red-0020,[],db0b00e7c3c1efe916042fc7dfee81a44b91b92bf22772771b136fe91ab44ca2,6c6652e66efddec103eb98b67a80b59c671c90bc1686819f210a36452fbb4aaa,ec32938fcc933325,175.62308602922627,15.64872895861317,d4bc862b031b6ffa,[],4.0,esp_016683_2535,['train'],1.0,Counter({'train': 1}),val,501845ae468bdee7,True,hirise_clean,0,C:\Users\deves\OneDrive\Desktop\Projects\TCMD-SS\data\raw\hirise_v3_2\map-proj-v3_2\ESP_016683_2535_RED-0020.jpg
map-proj-v3_2/ESP_016683_2535_RED-0021.jpg,ok,,JPEG,227.0,227.0,L,1.0,1.0,normal,bright dune,train,esp_016683_2535_red-0021,[],5c06e993c5f89029ba86ffa75f1bcec3a1181e2ddb4df304de574612b50846f5,cd9d49755948483ef41f95f3d07e231b0854da8668b92d605d705e84feca60a5,ac7393cc4c3332cd,185.1456849541035,15.995366830398044,51c3ab027632ccb8,[],4.0,esp_016683_2535,['train'],1.0,Counter({'train': 1}),val,501845ae468bdee7,True,hirise_clean,0,C:\Users\deves\OneDrive\Desktop\Projects\TCMD-SS\data\raw\hirise_v3_2\map-proj-v3_2\ESP_016683_2535_RED-0021.jpg
map-proj-v3_2/ESP_016683_2535_RED-0024.jpg,ok,,JPEG,227.0,227.0,L,1.0,1.0,normal,bright dune,train,esp_016683_2535_red-0024,[],221be7acd31e5eb0f9659d4b0082ff098c5d54ec40c0db0db0fbc0238daa3f6a,6442cf70fa738c31fea0c5e71b01679c33cbbf1acf6673be8ca67c22ebd9b0f3,e97696cd1932368c,174.04533369558888,18.0325380667014,f497c0c2f6560f74,[],4.0,esp_016683_2535,['train'],1.0,Counter({'train': 1}),val,501845ae468bdee7,True,hirise_clean,0,C:\Users\deves\OneDrive\Desktop\Projects\TCMD-SS\data\raw\hirise_v3_2\map-proj-v3_2\ESP_016683_2535_RED-0024.jpg
map-proj-v3_2/ESP_016683_2535_RED-0025.jpg,ok,,JPEG,227.0,227.0,L,1.0,1.0,normal,bright dune,train,esp_016683_2535_red-0025,[],c35a00b2e5cf3e92b406f67c52b2ce55067b4580e10f4f3d85885c2049ada02f,99d8901c3b29db6804857893f76f5113c328c3d2d9a90c6b208376435276c8e7,ac619396cccd7332,173.1105202895457,15.149016628991395,89f0f6a2354170cd,[],4.0,esp_016683_2535,['train'],1.0,Counter({'train': 1}),val,501845ae468bdee7,True,hirise_clean,0,C:\Users\deves\OneDrive\Desktop\Projects\TCMD-SS\data\raw\hirise_v3_2\map-proj-v3_2\ESP_016683_2535_RED-0025.jpg
map-proj-v3_2/ESP_016683_2535_RED-0026.jpg,ok,,JPEG,227.0,227.0,L,1.0,1.0,normal,bright dune,train,esp_016683_2535_red-0026,[],0727801d57a5c095f032f51a9770db282db3350f6f3d3275b0a2dde1cd5d6cad,9aa171796922d52f9d800b745c49eb1aea4e9f03dbe81c8da823b02d47827113,a17193896d33c7cc,174.98591084631954,21.248189729785405,7ea175af841913e4,[],4.0,esp_016683_2535,['train'],1.0,Counter({'train': 1}),val,501845ae468bdee7,True,hirise_clean,0,C:\Users\deves\OneDrive\Desktop\Projects\TCMD-SS\data\raw\hirise_v3_2\map-proj-v3_2\ESP_016683_2535_RED-0026.jpg
map-proj-v3_2/ESP_016683_2535_RED-0027.jpg,ok,,JPEG,227.0,227.0,L,1.0,1.0,normal,bright dune,train,esp_016683_2535_red-0027,[],5910613930b576fca1f5689f7a42bc025f205f645989474a0b84dc97bbe57401,615436170874f0d1b7002c5ade5da972315fe9882929c475a709530406de820e,a59a14c9669acdb9,171.08928952628617,17.879079273059382,0c37667691933ea7,[],4.0,esp_016683_2535,['train'],1.0,Counter({'train': 1}),val,501845ae468bdee7,True,hirise_clean,0,C:\Users\deves\OneDrive\Desktop\Projects\TCMD-SS\data\raw\hirise_v3_2\map-proj-v3_2\ESP_016683_2535_RED-0027.jpg
map-proj-v3_2/ESP_016683_2535_RED-0029.jpg,ok,,JPEG,227.0,227.0,L,1.0,1.0,normal,bright dune,train,esp_016683_2535_red-0029,[],66b9dbcb82d3d9937d2b011040d9ddbfdb5683860dd5f78499dc94f36a0a0324,1f023c6a5be2cb23a420c310e2fc735e664ae0d10a56bd3978d0d5255cd559e6,e1739e8c393326cc,171.2717692949601,25.070231898539607,3c827ec0f2bb46c8,[],4.0,esp_016683_2535,['train'],1.0,Counter({'train': 1}),val,501845ae468bdee7,True,hirise_clean,0,C:\Users\deves\OneDrive\Desktop\Projects\TCMD-SS\data\raw\hirise_v3_2\map-proj-v3_2\ESP_016683_2535_RED-0029.jpg
map-proj-v3_2/ESP_016683_2535_RED-0030.jpg,ok,,JPEG,227.0,227.0,L,1.0,1.0,normal,bright dune,train,esp_016683_2535_red-0030,[],d9ca86d0e5a015a034f4b9ec54310d4a41217c8454eb9535a631063fc7053cdd,8965a086cab464561461bbab9301c5459fc3842aa8e0ed1b7f8deb31951a1e49,87e19c618dc3cb99,128.5597624638553,75.88327397278704,3a64027340fa0e41,[],4.0,esp_016683_2535,['train'],1.0,Counter({'train': 1}),val,501845ae468bdee7,True,hirise_clean,0,C:\Users\deves\OneDrive\Desktop\Projects\TCMD-SS\data\raw\hirise_v3_2\map-proj-v3_2\ESP_016683_2535_RED-0030.jpg
map-proj-v3_2/ESP_016683_2535_RED-0031.jpg,ok,,JPEG,227.0,227.0,L,1.0,1.0,normal,bright dune,train,esp_016683_2535_red-0031,[],e3e2c6e25a6ac0b96471abf0b8ece88958f1bb1f8d05cda9b18f529133400f7f,e5124ae53c7c7da5326bde0d3238a8f58f70a861bcf658ea5975f99c6939454e,e46293cc993366ce,173.54181140716878,19.980182970331946,2ecd51c31c4ee599,[],4.0,esp_016683_2535,['train'],1.0,Counter({'train': 1}),val,501845ae468bdee7,True,hirise_clean,0,C:\Users\deves\OneDrive\Desktop\Projects\TCMD-SS\data\raw\hirise_v3_2\map-proj-v3_2\ESP_016683_2535_RED-0031.jpg
map-proj-v3_2/ESP_016683_2535_RED-0032.jpg,ok,,JPEG,227.0,227.0,L,1.0,1.0,normal,bright dune,train,esp_016683_2535_red-0032,[],6d5082b5a68e54506f742206f27c84352c722064e918350d9962fce44aaa8050,0d9f66e187cfc85434aa175d39f3331c66d3aeb0ec74b49e74d8b8dd9749a2d2,80f8b7b699992666,160.5295076558831,55.26079150179752,83778789f570b7a8,[],4.0,esp_016683_2535,['train'],1.0,Counter({'train': 1}),val,501845ae468bdee7,True,hirise_clean,0,C:\Users\deves\OneDrive\Desktop\Projects\TCMD-SS\data\raw\hirise_v3_2\map-proj-v3_2\ESP_016683_2535_RED-0032.jpg
map-proj-v3_2/ESP_016683_2535_RED-0033.jpg,ok,,JPEG,227.0,227.0,L,1.0,1.0,normal,bright dune,train,esp_016683_2535_red-0033,[],c9aae06e657f808d0c917ac5b16fe6400b71beeed66de4406d7ecf8922573732,3782d9cf6805cc4c779741111b1379adcf9b30687021b6a07048a62107a3578b,a2f79acd32449c69,167.46472859942944,21.141846321040948,cef1de673db9d230,[],4.0,esp_016683_2535,['train'],1.0,Counter({'train': 1}),val,501845ae468bdee7,True,hirise_clean,0,C:\Users\deves\OneDrive\Desktop\Projects\TCMD-SS\data\raw\hirise_v3_2\map-proj-v3_2\ESP_016683_2535_RED-0033.jpg
map-proj-v3_2/ESP_016683_2535_RED-0034.jpg,ok,,JPEG,227.0,227.0,L,1.0,1.0,normal,bright dune,train,esp_016683_2535_red-0034,[],9d5b8a60f5ae91ea20ce0b037c7cf7b63c8b318cb3d37537b42882f1c10d9c9f,9564f0d981a6d85557567bbd15244210a94074cde8ef7c05023bb5d34f310724,a964961b2bbc8d72,174.66380096644608,22.381795779508906,7d2921cf0e2785af,[],4.0,esp_016683_2535,['train'],1.0,Counter({'train': 1}),val,501845ae468bdee7,True,hirise_clean,0,C:\Users\deves\OneDrive\Desktop\Projects\TCMD-SS\data\raw\hirise_v3_2\map-proj-v3_2\ESP_016683_2535_RED-0034.jpg
map-proj-v3_2/ESP_016683_2535_RED-0035.jpg,ok,,JPEG,227.0,227.0,L,1.0,1.0,normal,bright dune,train,esp_016683_2535_red-0035,[],a192281364a8b4251425e7b38e1f6770680a7ed9f370c531f5972dfde134f56e,f834fec087db503123aaf1dd8d52101483860da05f6ceb85a545416842fdf225,a47a9bcc6c993364,169.90778008500067,16.170613762648834,3c827ec0f2bb46c8,[],4.0,esp_016683_2535,['train'],1.0,Counter({'train': 1}),val,501845ae468bdee7,True,hirise_clean,0,C:\Users\deves\OneDrive\Desktop\Projects\TCMD-SS\data\raw\hirise_v3_2\map-proj-v3_2\ESP_016683_2535_RED-0035.jpg
map-proj-v3_2/ESP_016683_2535_RED-0036.jpg,ok,,JPEG,227.0,227.0,L,1.0,1.0,normal,bright dune,train,esp_016683_2535_red-0036,[],c28817cf0d804c7586fb4f23efe653fa9288e8d44457583beccb3952bce5ac11,8f8cf603f64b9fb119c1775d44ce643d7eb6575b7703991bddc370ff8653b1ef,ec38934f8c947371,168.7704593529857,26.237729026061142,eb50d260b6c8af2c,[],4.0,esp_016683_2535,['train'],1.0,Counter({'train': 1}),val,501845ae468bdee7,True,hirise_clean,0,C:\Users\deves\OneDrive\Desktop\Projects\TCMD-SS\data\raw\hirise_v3_2\map-proj-v3_2\ESP_016683_2535_RED-0036.jpg
map-proj-v3_2/ESP_016683_2535_RED-0037.jpg,ok,,JPEG,227.0,227.0,L,1.0,1.0,normal,bright dune,train,esp_016683_2535_red-0037,[],e4f7737c6e95dc6fd99906093f7e1f264f2226f900edca1e236c952dd6164cb9,cc78a1006347d8427b179a6d662e0823fd20261e812245e61f131ced8e12fba0,da6999c99f007c8e,124.80139339012985,77.24030583964714,89041462cf03ef91,[],4.0,esp_016683_2535,['train'],1.0,Counter({'train': 1}),val,501845ae468bdee7,True,hirise_clean,0,C:\Users\deves\OneDrive\Desktop\Projects\TCMD-SS\data\raw\hirise_v3_2\map-proj-v3_2\ESP_016683_2535_RED-0037.jpg
map-proj-v3_2/ESP_016683_2535_RED-0038.jpg,ok,,JPEG,227.0,227.0,L,1.0,1.0,normal,bright dune,train,esp_016683_2535_red-0038,[],0de50d7fb57e73ff4b4ee7007e3b1d030c42608e57e38dbb571b197b8dae853f,47174412e9c6e1e43a647e90f92649fe676c88434d3d9f9168d41b1715c2c29d,eac3849d23cad23d,176.80203380620625,18.79426066291341,7fc63b15789bc792,[],4.0,esp_016683_2535,['train'],1.0,Counter({'train': 1}),val,501845ae468bdee7,True,hirise_clean,0,C:\Users\deves\OneDrive\Desktop\Projects\TCMD-SS\data\raw\hirise_v3_2\map-proj-v3_2\ESP_016683_2535_RED-0038.jpg
map-proj-v3_2/ESP_016683_2535_RED-0039.jpg,ok,,JPEG,227.0,227.0,L,1.0,1.0,normal,bright dune,train,esp_016683_2535_red-0039,[],255116635e4ff9876fdb6cf2560cd87d73dda6624d97a0b08e5ae0cb571bca82,40ffaf9238a48366edcf6c661121b6b53b15e515a8f960d19b0aeb8bd9612822,e4b3968c5833676c,172.13173164625744,23.577145110001524,338c81d08c4f19a4,[],4.0,esp_016683_2535,['train'],1.0,Counter({'train': 1}),val,501845ae468bdee7,True,hirise_clean,0,C:\Users\deves\OneDrive\Desktop\Projects\TCMD-SS\data\raw\hirise_v3_2\map-proj-v3_2\ESP_016683_2535_RED-0039.jpg
map-proj-v3_2/ESP_016683_2535_RED-0042.jpg,ok,,JPEG,227.0,227.0,L,1.0,1.0,normal,bright dune,train,esp_016683_2535_red-0042,[],76ec3db1fdcef15fe75e08d2025f0afee442577955cbe8fb23368c1775c8a50d,577f1abea0d6d4db2ffa473c163f6b76a2b9d89a04c7f7717b6838b72d79fbc5,a163d6dc1933664d,178.40332628228765,15.772255665745408,6b1bc9977cd695f8,[],4.0,esp_016683_2535,['train'],1.0,Counter({'train': 1}),val,501845ae468bdee7,True,hirise_clean,0,C:\Users\deves\OneDrive\Desktop\Projects\TCMD-SS\data\raw\hirise_v3_2\map-proj-v3_2\ESP_016683_2535_RED-0042.jpg
map-proj-v3_2/ESP_016683_2535_RED-0043.jpg,ok,,JPEG,227.0,227.0,L,1.0,1.0,normal,bright dune,train,esp_016683_2535_red-0043,[],ed7c79151e96df1ad1a194d31fcbcea7db80cb4424cbfb11a3b999480e493336,d12eec60e71a7163e41a3c28291792173cb925ebad907ecad1007b061797277a,a68c339c64cc3377,165.14143492014205,22.98187483025736,2090fc72f4c72382,[],4.0,esp_016683_2535,['train'],1.0,Counter({'train': 1}),val,501845ae468bdee7,True,hirise_clean,0,C:\Users\deves\OneDrive\Desktop\Projects\TCMD-SS\data\raw\hirise_v3_2\map-proj-v3_2\ESP_016683_2535_RED-0043.jpg
map-proj-v3_2/ESP_016683_2535_RED-0046.jpg,ok,,JPEG,227.0,227.0,L,1.0,1.0,normal,bright dune,train,esp_016683_2535_red-0046,[],e528ae579b1ee1795670f200962ac7b3b4bc832a6c31eaf234f17e89b34bb59e,b6b36838c6b311ebd5fef5e968f490b41154734096479899042c76d2c4f991a1,ad3c844f7b90ce23,171.60202992489667,23.199731011839624,8ecde303dd3e09e3,[],4.0,esp_016683_2535,['train'],1.0,Counter({'train': 1}),val,501845ae468bdee7,True,hirise_clean,0,C:\Users\deves\OneDrive\Desktop\Projects\TCMD-SS\data\raw\hirise_v3_2\map-proj-v3_2\ESP_016683_2535_RED-0046.jpg
map-proj-v3_2/ESP_016683_2535_RED-0047.jpg,ok,,JPEG,227.0,227.0,L,1.0,1.0,normal,bright dune,train,esp_016683_2535_red-0047,[],de51389f4f48568a16b45382abcc96246d58e1aa6bc9fc6ad61f451835957f0c,a018721187c94a8567b8ceeb872736b20626c40f5f466373920c3a13b169302e,e6f3998c3316cc0d,169.24737526441422,19.3900186992379,a739e5ea2ffbfa5d,[],4.0,esp_016683_2535,['train'],1.0,Counter({'train': 1}),val,501845ae468bdee7,True,hirise_clean,0,C:\Users\deves\OneDrive\Desktop\Projects\TCMD-SS\data\raw\hirise_v3_2\map-proj-v3_2\ESP_016683_2535_RED-0047.jpg
map-proj-v3_2/ESP_016683_2535_RED-0048.jpg,ok,,JPEG,227.0,227.0,L,1.0,1.0,normal,bright dune,train,esp_016683_2535_red-0048,[],1b82671f2f94f7de054eef7900a3f20d0180c39e3e4e05b47e76eb9ab06e8c69,f3ca9792f93ff787142efb6f7bd4d4f34e1b4c0a0034389523bb2871686f7931,e0edda82394abd83,166.53647460653224,22.82278379233717,6b5e490d5f8eae49,[],4.0,esp_016683_2535,['train'],1.0,Counter({'train': 1}),val,501845ae468bdee7,True,hirise_clean,0,C:\Users\deves\OneDrive\Desktop\Projects\TCMD-SS\data\raw\hirise_v3_2\map-proj-v3_2\ESP_016683_2535_RED-0048.jpg
map-proj-v3_2/ESP_016683_2535_RED-0049.jpg,ok,,JPEG,227.0,227.0,L,1.0,1.0,normal,bright dune,train,esp_016683_2535_red-0049,[],49b58ee980a5ede704fc63aff14aa8e4a21857ad6a333380c7e8889d2d7bd009,0b893a173b6b194592e277ba273e2e8fda141f1b04c3805a7fa5dabccd908a4b,8ff09fc03f103fc0,168.05625958198297,26.09217070521933,555390a524197419,[],4.0,esp_016683_2535,['train'],1.0,Counter({'train': 1}),val,501845ae468bdee7,True,hirise_clean,0,C:\Users\deves\OneDrive\Desktop\Projects\TCMD-SS\data\raw\hirise_v3_2\map-proj-v3_2\ESP_016683_2535_RED-0049.jpg
map-proj-v3_2/ESP_016683_2535_RED-0050.jpg,ok,,JPEG,227.0,227.0,L,1.0,1.0,normal,bright dune,train,esp_016683_2535_red-0050,[],f3f829634b03de350f26083b546acda854f81fa694117a61a2b74c3d594c0e2e,71352cd625eec96d496c8e01f1e59ed2a6cebc5a1c43e448119bde240278dfba,f1188ee351dc6c8e,173.10044829125346,28.05110627495362,66ced45237700406,[],4.0,esp_016683_2535,['train'],1.0,Counter({'train': 1}),val,501845ae468bdee7,True,hirise_clean,0,C:\Users\deves\OneDrive\Desktop\Projects\TCMD-SS\data\raw\hirise_v3_2\map-proj-v3_2\ESP_016683_2535_RED-0050.jpg
map-proj-v3_2/ESP_016683_2535_RED-0052.jpg,ok,,JPEG,227.0,227.0,L,1.0,1.0,normal,bright dune,train,esp_016683_2535_red-0052,[],4f233707e321421c29c847c40f5edbaf204866b77a88a63f12ed89d98a57aee2,d8c5d869606edb0d0e4dee889a50c193687d33c08016bdaaf87f60d00559e15a,ec27938ccc9b3364,176.14490869219276,17.330753109255134,00c20d3082f40276,[],4.0,esp_016683_2535,['train'],1.0,Counter({'train': 1}),val,501845ae468bdee7,True,hirise_clean,0,C:\Users\deves\OneDrive\Desktop\Projects\TCMD-SS\data\raw\hirise_v3_2\map-proj-v3_2\ESP_016683_2535_RED-0052.jpg
map-proj-v3_2/ESP_016683_2535_RED-0053.jpg,ok,,JPEG,227.0,227.0,L,1.0,1.0,normal,bright dune,train,esp_016683_2535_red-0053,[],c2292b27d1a38732315220e324eb31c36339d75f5fdd0a3a1c13fe2143168524,4edcec2555efb0783031e453642e38b62e587961f7680fef7b3f9fbda2b6a1dd,ec62d3cd983363c8,168.96811504201517,20.63706715320999,ea7ebb0d5081d96a,[],4.0,esp_016683_2535,['train'],1.0,Counter({'train': 1}),val,501845ae468bdee7,True,hirise_clean,0,C:\Users\deves\OneDrive\Desktop\Projects\TCMD-SS\data\raw\hirise_v3_2\map-proj-v3_2\ESP_016683_2535_RED-0053.jpg
map-proj-v3_2/ESP_016683_2535_RED-0054.jpg,ok,,JPEG,227.0,227.0,L,1.0,1.0,normal,bright dune,train,esp_016683_2535_red-0054,[],2ad2d07f11daca9ba712d704c93ee54603056a99cef785294c0e489f656a507b,7dca8ff5aadcac2f7b1f4da8d03666f3b7a2c87dc8e06dd4113bb15014a7e91e,c4d3bbcc4c3333c4,183.9503774573541,16.596331567247226,4946a95139ff16fd,[],4.0,esp_016683_2535,['train'],1.0,Counter({'train': 1}),val,501845ae468bdee7,True,hirise_clean,0,C:\Users\deves\OneDrive\Desktop\Projects\TCMD-SS\data\raw\hirise_v3_2\map-proj-v3_2\ESP_016683_2535_RED-0054.jpg
map-proj-v3_2/ESP_016683_2535_RED-0055.jpg,ok,,JPEG,227.0,227.0,L,1.0,1.0,normal,bright dune,train,esp_016683_2535_red-0055,[],d9ed6265f095d6ff5c13edd936c2387637414214257876bd614b1e888c601998,01cc8fd5f2f0367b39b4b3cf2ef1295b940431e3cca4c3889f1e09b0eba1bdc8,e471dbcc0933678c,174.02152186147606,20.996578685274905,218fa4ea63872e4d,[],4.0,esp_016683_2535,['train'],1.0,Counter({'train': 1}),val,501845ae468bdee7,True,hirise_clean,0,C:\Users\deves\OneDrive\Desktop\Projects\TCMD-SS\data\raw\hirise_v3_2\map-proj-v3_2\ESP_016683_2535_RED-0055.jpg
map-proj-v3_2/ESP_016683_2535_RED-0056.jpg,ok,,JPEG,227.0,227.0,L,1.0,1.0,normal,bright dune,train,esp_016683_2535_red-0056,[],59d0fa2d6553080cafd48fb4b32a3b6dfa5e41765c3452fe1a109ed892dc0204,c39555875a340f7161b932d770fd247de4a78c6658e5f172851458e258e01dd3,d26a8dca2997ce4c,138.79180655553185,73.72557909070403,da47537ff7989d0a,[],4.0,esp_016683_2535,['train'],1.0,Counter({'train': 1}),val,501845ae468bdee7,True,hirise_clean,0,C:\Users\deves\OneDrive\Desktop\Projects\TCMD-SS\data\raw\hirise_v3_2\map-proj-v3_2\ESP_016683_2535_RED-0056.jpg
map-proj-v3_2/ESP_016683_2535_RED-0057.jpg,ok,,JPEG,227.0,227.0,L,1.0,1.0,normal,bright dune,train,esp_016683_2535_red-0057,[],3f6f04cfe005ed236d133f43dc20d53c2daef025fe6c95edc144eef4eccf8401,c9b68f85d299684af8ab2aaadaba57cc37c33416f9eb2a16fcaaabe1a0bfe508,80fe93cecc333364,173.1509247220012,54.22669026747016,c7c3c9bf6c7beddf,[],4.0,esp_016683_2535,['train'],1.0,Counter({'train': 1}),val,501845ae468bdee7,True,hirise_clean,0,C:\Users\deves\OneDrive\Desktop\Projects\TCMD-SS\data\raw\hirise_v3_2\map-proj-v3_2\ESP_016683_2535_RED-0057.jpg
map-proj-v3_2/ESP_016683_2535_RED-0058.jpg,ok,,JPEG,227.0,227.0,L,1.0,1.0,normal,bright dune,train,esp_016683_2535_red-0058,[],d3664372bb5637815c2f3a16683ea35f467f7c8ae2958d080d62ccf893fd82cb,aab4e0417cfc1372874f0e9b04a719abdadcec490c1a9d80545abac6d00b3696,e47193ccdc33274c,176.40113334238973,18.064595537764923,9cbd2ae73aa2d6f0,[],4.0,esp_016683_2535,['train'],1.0,Counter({'train': 1}),val,501845ae468bdee7,True,hirise_clean,0,C:\Users\deves\OneDrive\Desktop\Projects\TCMD-SS\data\raw\hirise_v3_2\map-proj-v3_2\ESP_016683_2535_RED-0058.jpg
map-proj-v3_2/ESP_016683_2535_RED-0059.jpg,ok,,JPEG,227.0,227.0,L,1.0,1.0,normal,bright dune,train,esp_016683_2535_red-0059,[],03502afcd53b3aa544895a4650b10e9ee18f3ea3176e1a0aca7d32f0f51bb63c,95339038b8ba5be2b88b24efed6c57969d900c7192efd0120f2472a338bdb36a,ec7193974c983366,186.10663897999183,17.217822032431187,1b9eeaf90da01ceb,[],4.0,esp_016683_2535,['train'],1.0,Counter({'train': 1}),val,501845ae468bdee7,True,hirise_clean,0,C:\Users\deves\OneDrive\Desktop\Projects\TCMD-SS\data\raw\hirise_v3_2\map-proj-v3_2\ESP_016683_2535_RED-0059.jpg
map-proj-v3_2/ESP_016683_2535_RED-0060.jpg,ok,,JPEG,227.0,227.0,L,1.0,1.0,normal,bright dune,train,esp_016683_2535_red-0060,[],4eb276f0f347197743949010bfab6a2ffd1364bb51865153de4178b3fd204729,df4bea6da68574a7f0c7f9e8c15f87944e0c697ee4706b48cef350c46b65573c,d26b999236644dd9,127.96656251819364,74.66687419637537,45d7a62815596f4d,[],4.0,esp_016683_2535,['train'],1.0,Counter({'train': 1}),val,501845ae468bdee7,True,hirise_clean,0,C:\Users\deves\OneDrive\Desktop\Projects\TCMD-SS\data\raw\hirise_v3_2\map-proj-v3_2\ESP_016683_2535_RED-0060.jpg
map-proj-v3_2/ESP_016683_2535_RED-0063.jpg,ok,,JPEG,227.0,227.0,L,1.0,1.0,normal,bright dune,train,esp_016683_2535_red-0063,[],8eb89420ae053206127a91b5a216338f60ff3bd947bbe8b996d5b18969de76c1,c5528f2606b8f2a5cb6d7b4aaaca5a25a1d683a4a8d7b8f236230403cbf7488e,a40393dd493266fd,185.717460071028,18.241289931649952,0025648ffdca3e86,[],4.0,esp_016683_2535,['train'],1.0,Counter({'train': 1}),val,501845ae468bdee7,True,hirise_clean,0,C:\Users\deves\OneDrive\Desktop\Projects\TCMD-SS\data\raw\hirise_v3_2\map-proj-v3_2\ESP_016683_2535_RED-0063.jpg
map-proj-v3_2/ESP_016683_2535_RED-0064.jpg,ok,,JPEG,227.0,227.0,L,1.0,1.0,normal,bright dune,train,esp_016683_2535_red-0064,[],35de640b44bbdf090a13ab6658aaccd9dda5f9677234cd999ac66c8e7f00116f,8e00cde4bd4a26458fa6e2b79e4b7dc48509663e620f32cda55c5d5118133eda,a40093deddf93266,184.95685924430904,17.5564014869681,2dd2ede43044c447,[],4.0,esp_016683_2535,['train'],1.0,Counter({'train': 1}),val,501845ae468bdee7,True,hirise_clean,0,C:\Users\deves\OneDrive\Desktop\Projects\TCMD-SS\data\raw\hirise_v3_2\map-proj-v3_2\ESP_016683_2535_RED-0064.jpg
map-proj-v3_2/ESP_016683_2535_RED-0066.jpg,ok,,JPEG,227.0,227.0,L,1.0,1.0,normal,bright dune,train,esp_016683_2535_red-0066,[],61fde804df999d9d18631aa056c81d60570f8d2734a6fefc8963aabaf94e128c,a95048454676e36b906d69df76879ffaa283376f401829c58498cbfd5ed922c8,a47393cccc3326ce,189.20557356051933,19.464701432608013,94fb001d8d0f70b5,[],4.0,esp_016683_2535,['train'],1.0,Counter({'train': 1}),val,501845ae468bdee7,True,hirise_clean,0,C:\Users\deves\OneDrive\Desktop\Projects\TCMD-SS\data\raw\hirise_v3_2\map-proj-v3_2\ESP_016683_2535_RED-0066.jpg
map-proj-v3_2/ESP_016683_2535_RED-0067.jpg,ok,,JPEG,227.0,227.0,L,1.0,1.0,normal,bright dune,train,esp_016683_2535_red-0067,[],1edfed2d7fb5c94a51c350c982fb43cdba7ce635938bed1fc9674475ab19bf03,6ad3300e0bcaee015ec358eb31fd39b3c901a831460bf0c4ecee384efb33e5bb,87e0b6c9993665cc,143.50495837295503,73.99244640030204,045e289fcdeafd69,[],4.0,esp_016683_2535,['train'],1.0,Counter({'train': 1}),val,501845ae468bdee7,True,hirise_clean,0,C:\Users\deves\OneDrive\Desktop\Projects\TCMD-SS\data\raw\hirise_v3_2\map-proj-v3_2\ESP_016683_2535_RED-0067.jpg
map-proj-v3_2/ESP_016683_2535_RED-0068.jpg,ok,,JPEG,227.0,227.0,L,1.0,1.0,normal,bright dune,train,esp_016683_2535_red-0068,[],df2ab052bca0f47f25244977eaf761c2f4f3899d1478afe9cf9232ba0b6c1b6a,fde30b1a418dc5761dc692288302b9a04b745e6a1909953e73640ba752398b86,ad67928c4c73666c,186.6769003861903,14.541242138262866,eff7ab053fe33d05,[],4.0,esp_016683_2535,['train'],1.0,Counter({'train': 1}),val,501845ae468bdee7,True,hirise_clean,0,C:\Users\deves\OneDrive\Desktop\Projects\TCMD-SS\data\raw\hirise_v3_2\map-proj-v3_2\ESP_016683_2535_RED-0068.jpg
map-proj-v3_2/ESP_016683_2535_RED-0069.jpg,ok,,JPEG,227.0,227.0,L,1.0,1.0,normal,bright dune,train,esp_016683_2535_red-0069,[],22d14267fbcabdc55dd77368084342de1106531799ce9f9fed6d126fb1c8305d,14a55ec74f9d48ef4d117d86ad3d1b37cd91a087ed354d52c12632d8874abbba,e5629acd993266cc,180.2311125773836,22.86324797708737,d135af35b61fbe17,[],4.0,esp_016683_2535,['train'],1.0,Counter({'train': 1}),val,501845ae468bdee7,True,hirise_clean,0,C:\Users\deves\OneDrive\Desktop\Projects\TCMD-SS\data\raw\hirise_v3_2\map-proj-v3_2\ESP_016683_2535_RED-0069.jpg
map-proj-v3_2/ESP_016683_2535_RED-0070.jpg,ok,,JPEG,227.0,227.0,L,1.0,1.0,normal,bright dune,train,esp_016683_2535_red-0070,[],eea65f30030b6af8a416d059baa15e20bee4373424cfbed62a2c2d6c192e9462,8902ee6adacdb81a1d8d92c1950cf60b9e2129f9b42a6ae0d0f80bf5dd8ae5c2,ec6693cc883367cc,181.1359234605756,24.31775121915699,ea7ebb0d5081d96a,[],4.0,esp_016683_2535,['train'],1.0,Counter({'train': 1}),val,501845ae468bdee7,True,hirise_clean,0,C:\Users\deves\OneDrive\Desktop\Projects\TCMD-SS\data\raw\hirise_v3_2\map-proj-v3_2\ESP_016683_2535_RED-0070.jpg
map-proj-v3_2/ESP_016683_2535_RED-0071.jpg,ok,,JPEG,227.0,227.0,L,1.0,1.0,normal,bright dune,train,esp_016683_2535_red-0071,[],7a2285e084834e67edcc6c3d21695064a7bda73b35c385ef43d5f19e72c54ecf,200938c6eccccc383ec4508723bec0f696c9d238924d3913d42993ea801f5464,ec7493c9cc3236cc,177.81526907178483,15.765180300304475,12e88da96a2fc6f7,[],4.0,esp_016683_2535,['train'],1.0,Counter({'train': 1}),val,501845ae468bdee7,True,hirise_clean,0,C:\Users\deves\OneDrive\Desktop\Projects\TCMD-SS\data\raw\hirise_v3_2\map-proj-v3_2\ESP_016683_2535_RED-0071.jpg
map-proj-v3_2/ESP_016683_2535_RED-0073.jpg,ok,,JPEG,227.0,227.0,L,1.0,1.0,normal,bright dune,train,esp_016683_2535_red-0073,[],e592c46d86882bb745f8ec7729e9463c02cc2f7d26a45eed313570d5b61a7cf1,bf77f2b3f9bea14a7bb030fa859c977c6b58c1a1c24d22f3efc7d42696316788,e365da9accc91133,185.22983174523085,27.32097471875382,1b62b8cd308760b3,[],4.0,esp_016683_2535,['train'],1.0,Counter({'train': 1}),val,501845ae468bdee7,True,hirise_clean,0,C:\Users\deves\OneDrive\Desktop\Projects\TCMD-SS\data\raw\hirise_v3_2\map-proj-v3_2\ESP_016683_2535_RED-0073.jpg
map-proj-v3_2/ESP_016683_2535_RED-0074.jpg,ok,,JPEG,227.0,227.0,L,1.0,1.0,normal,bright dune,train,esp_016683_2535_red-0074,[],bb66208447fc882af61e5889d74f6694ea662d6c475808d9e73ca88735eac40a,93a44d4090ed0be77640d973db1c1e800e41ea20ee8286925886168fa6e221a1,e465939d4c9b3364,187.07063983387997,15.835327900457468,389de1aabadd6f15,[],4.0,esp_016683_2535,['train'],1.0,Counter({'train': 1}),val,501845ae468bdee7,True,hirise_clean,0,C:\Users\deves\OneDrive\Desktop\Projects\TCMD-SS\data\raw\hirise_v3_2\map-proj-v3_2\ESP_016683_2535_RED-0074.jpg
map-proj-v3_2/ESP_016683_2535_RED-0075.jpg,ok,,JPEG,227.0,227.0,L,1.0,1.0,normal,bright dune,train,esp_016683_2535_red-0075,[],f31c984ebb1612797f52f25615ad15c9915adb3f0bbb34f7736dcf4dbf117271,502eae477307cd9c7b18181e2571aac3ca413b7b93084f78b09864d4c52e6ded,ec6a938cc83366ec,186.2374197054086,21.67214069494972,526fb6663e2ce2f1,[],4.0,esp_016683_2535,['train'],1.0,Counter({'train': 1}),val,501845ae468bdee7,True,hirise_clean,0,C:\Users\deves\OneDrive\Desktop\Projects\TCMD-SS\data\raw\hirise_v3_2\map-proj-v3_2\ESP_016683_2535_RED-0075.jpg
map-proj-v3_2/ESP_016683_2535_RED-0076.jpg,ok,,JPEG,227.0,227.0,L,1.0,1.0,normal,bright dune,train,esp_016683_2535_red-0076,[],9c40c41c71adf42cf68aa4054e524aaeeffafe4cf0b931559670468b1354f1ed,4dfa2cb1f805e4a450b818f5fc42963dcf3e84e1936e56f6b54c72d788d621e8,a6329bcdccdc3131,183.26208542762328,20.13942240501408,66c0bc7fc9661f74,[],4.0,esp_016683_2535,['train'],1.0,Counter({'train': 1}),val,501845ae468bdee7,True,hirise_clean,0,C:\Users\deves\OneDrive\Desktop\Projects\TCMD-SS\data\raw\hirise_v3_2\map-proj-v3_2\ESP_016683_2535_RED-0076.jpg
map-proj-v3_2/ESP_016683_2535_RED-0077.jpg,ok,,JPEG,227.0,227.0,L,1.0,1.0,normal,bright dune,train,esp_016683_2535_red-0077,[],1f14c2a665a6410bcc18589ecddbb3539153a94ac6ef87a1d391d25cf22a2800,49527d517e451ace761ca091050bc0d3dae80796fbc155c16c5f54412f3f751f,e4389a654d8f270f,176.67014690756662,22.29191917971822,5ccca77d8cb9063c,[],4.0,esp_016683_2535,['train'],1.0,Counter({'train': 1}),val,501845ae468bdee7,True,hirise_clean,0,C:\Users\deves\OneDrive\Desktop\Projects\TCMD-SS\data\raw\hirise_v3_2\map-proj-v3_2\ESP_016683_2535_RED-0077.jpg
map-proj-v3_2/ESP_016683_2535_RED-0078.jpg,ok,,JPEG,227.0,227.0,L,1.0,1.0,normal,bright dune,train,esp_016683_2535_red-0078,[],cbb1aa39cb055ef5ea7f17caf4bcbe4f1299df64c18ebd40fafe66e8b73b1b3c,81fe460fc000d2c9cf960460d66c57d76677013901d99a699fb65aa4a090420b,dde09380fc057b36,177.38783985716782,24.414084206168543,71268d19679fa47a,[],4.0,esp_016683_2535,['train'],1.0,Counter({'train': 1}),val,501845ae468bdee7,True,hirise_clean,0,C:\Users\deves\OneDrive\Desktop\Projects\TCMD-SS\data\raw\hirise_v3_2\map-proj-v3_2\ESP_016683_2535_RED-0078.jpg
map-proj-v3_2/ESP_016683_2535_RED-0079.jpg,ok,,JPEG,227.0,227.0,L,1.0,1.0,normal,bright dune,train,esp_016683_2535_red-0079,[],db410f8f2f3ce57826dd1a31c46c21ad907456e0103aec04a4b4a8a20a4952e3,49787dd43bb64e32b08102646042e5636000498ae07da758e55067010c572d6b,a46e93dc0c3373cc,187.571309359778,17.08475017038167,2ab75fe30bfd63f5,[],4.0,esp_016683_2535,['train'],1.0,Counter({'train': 1}),val,501845ae468bdee7,True,hirise_clean,0,C:\Users\deves\OneDrive\Desktop\Projects\TCMD-SS\data\raw\hirise_v3_2\map-proj-v3_2\ESP_016683_2535_RED-0079.jpg
map-proj-v3_2/ESP_016683_2535_RED-0082.jpg,ok,,JPEG,227.0,227.0,L,1.0,1.0,normal,bright dune,train,esp_016683_2535_red-0082,[],261959d80e88108a48c0a8e81721891036aa181701466fab42075cddcfb3f0da,5c55ebaf38c006aedcd1fc8281b697f897f9c26fa643cfa49022b47ddbcbd0da,ac0c5373edcc9c25,127.32426400667585,84.01582210906979,4d7713d45dfb2696,[],4.0,esp_016683_2535,['train'],1.0,Counter({'train': 1}),val,501845ae468bdee7,True,hirise_clean,0,C:\Users\deves\OneDrive\Desktop\Projects\TCMD-SS\data\raw\hirise_v3_2\map-proj-v3_2\ESP_016683_2535_RED-0082.jpg
map-proj-v3_2/ESP_016683_2535_RED-0083.jpg,ok,,JPEG,227.0,227.0,L,1.0,1.0,normal,bright dune,train,esp_016683_2535_red-0083,[],f7023d34927f4fc6ade12dc1c2e6ff5204193185fbfa2a7190d10e95bf3c1a1e,0cf6d883710754c15e610774ec7020d848604938cd64b9c736108cc3d7b45014,a42b1b5c4cf3f384,138.7097944846591,80.40243901204994,5c93fbeaa2ee3795,[],4.0,esp_016683_2535,['train'],1.0,Counter({'train': 1}),val,501845ae468bdee7,True,hirise_clean,0,C:\Users\deves\OneDrive\Desktop\Projects\TCMD-SS\data\raw\hirise_v3_2\map-proj-v3_2\ESP_016683_2535_RED-0083.jpg
map-proj-v3_2/ESP_025163_1890_RED-0004.jpg,ok,,JPEG,227.0,227.0,L,1.0,1.0,normal,crater,train,esp_025163_1890_red-0004,[],3e6b900366f565faf3c4a74dbdd2ce25bfb811c873b1dd261d2ec2a617eb02f9,04889a9ee40d8f035711fa8cb3ae8fd1a8e905ec47c21fd2daa733aa252377df,b376cc891b666499,137.41592113178987,14.768957497992483,8a08b03ff915c284,[],1.0,esp_025163_1890,['train'],1.0,Counter({'train': 1}),val,59d2c6861deea26d,True,hirise_clean,0,C:\Users\deves\OneDrive\Desktop\Projects\TCMD-SS\data\raw\hirise_v3_2\map-proj-v3_2\ESP_025163_1890_RED-0004.jpg
map-proj-v3_2/ESP_025163_1890_RED-0008.jpg,ok,,JPEG,227.0,227.0,L,1.0,1.0,normal,other,train,esp_025163_1890_red-0008,[],507606b86eab2460013fe953aa5eff6cbf95550f1f520893ae43b8ed87c44abd,79e36a787737497c4ba82c92fa215df609df37483dad6a22f17dac870b518313,8d92366d894bb78c,116.94777697995303,15.721074257838469,7e247707de8719ec,[],0.0,esp_025163_1890,['train'],1.0,Counter({'train': 1}),val,59d2c6861deea26d,True,hirise_clean,0,C:\Users\deves\OneDrive\Desktop\Projects\TCMD-SS\data\raw\hirise_v3_2\map-proj-v3_2\ESP_025163_1890_RED-0008.jpg
map-proj-v3_2/ESP_025163_1890_RED-0009.jpg,ok,,JPEG,227.0,227.0,L,1.0,1.0,normal,other,train,esp_025163_1890_red-0009,[],cbc6d44f957e7850cee36f07f7ab4bb1019b16273ae948f7e23508cfc6c4c24e,bd2271911450c4d6a98ca767c45aeecd5d71b6c74289ee0400886390a85db3dc,d5d2ce793b6898c0,132.6375050942188,53.74952600790216,d75028d2415e712e,[],0.0,esp_025163_1890,['train'],1.0,Counter({'train': 1}),val,59d2c6861deea26d,True,hirise_clean,0,C:\Users\deves\OneDrive\Desktop\Projects\TCMD-SS\data\raw\hirise_v3_2\map-proj-v3_2\ESP_025163_1890_RED-0009.jpg
map-proj-v3_2/ESP_025163_1890_RED-0020.jpg,ok,,JPEG,227.0,227.0,L,1.0,1.0,normal,other,train,esp_025163_1890_red-0020,[],58dcd6e28545b4f8c86e3cfc7c08369b1867d24b6e58d74002e8a76e75c281b6,cf7fbb50d594945c9a5ea2712253e3648c6161afa96e83d5a692a13b1db6d4d4,c782117a28f4de3d,150.6150517184498,15.35783291370046,4d8d51aeba4807f1,[],0.0,esp_025163_1890,['train'],1.0,Counter({'train': 1}),val,59d2c6861deea26d,True,hirise_clean,0,C:\Users\deves\OneDrive\Desktop\Projects\TCMD-SS\data\raw\hirise_v3_2\map-proj-v3_2\ESP_025163_1890_RED-0020.jpg
map-proj-v3_2/ESP_025163_1890_RED-0021.jpg,ok,,JPEG,227.0,227.0,L,1.0,1.0,normal,other,train,esp_025163_1890_red-0021,[],069d11936ae2e56a17e72aff2c2778261334310ba49a14d4fab03b50dd4cbfc1,030f78c24932fa6aa8fef8698bf8f52ce7a2d82997a55b7328b4dfa172ccc6cb,87e07842ccccde79,81.90894447786683,44.06884704913508,c04305d47ad9aed4,[],0.0,esp_025163_1890,['train'],1.0,Counter({'train': 1}),val,59d2c6861deea26d,True,hirise_clean,0,C:\Users\deves\OneDrive\Desktop\Projects\TCMD-SS\data\raw\hirise_v3_2\map-proj-v3_2\ESP_025163_1890_RED-0021.jpg
map-proj-v3_2/ESP_025163_1890_RED-0026.jpg,ok,,JPEG,227.0,227.0,L,1.0,1.0,normal,other,train,esp_025163_1890_red-0026,[],8616bcc44931bf75dfae7f7aaf93719d67eb3609fc055c888f1d3195ae54cf7d,73768ccc77f463151dcc683e0f661821ebbd6339f59eac5de1d72519d9b1dbea,db336ced13e0c4c1,163.57191096275884,15.683645837704638,f0b2868413c0b2d8,[],0.0,esp_025163_1890,['train'],1.0,Counter({'train': 1}),val,59d2c6861deea26d,True,hirise_clean,0,C:\Users\deves\OneDrive\Desktop\Projects\TCMD-SS\data\raw\hirise_v3_2\map-proj-v3_2\ESP_025163_1890_RED-0026.jpg
map-proj-v3_2/ESP_025163_1890_RED-0028.jpg,ok,,JPEG,227.0,227.0,L,1.0,1.0,normal,other,train,esp_025163_1890_red-0028,[],ead70424a004e82a28cb1465e83e87309710b8b3a121b2a003561d80ceb8199f,df0217d08764849bffe29c4dfab02bfa5fa3350b7d939f8e4a1783bfc16bd275,a66c983344dc7973,92.46628112325098,14.93166309358844,88326043e1246552,[],0.0,esp_025163_1890,['train'],1.0,Counter({'train': 1}),val,59d2c6861deea26d,True,hirise_clean,0,C:\Users\deves\OneDrive\Desktop\Projects\TCMD-SS\data\raw\hirise_v3_2\map-proj-v3_2\ESP_025163_1890_RED-0028.jpg
map-proj-v3_2/ESP_025163_1890_RED-0029.jpg,ok,,JPEG,227.0,227.0,L,1.0,1.0,normal,other,train,esp_025163_1890_red-0029,[],df422a2ebe2ec1d082240bc51cc55c662160e9a85413549dec8b87934e77bd81,ace2e5c33afd1e17d1a1515ec66c467eaea3fbb1b00f63ec7545ab1b978e1c86,9cc627cc99336399,55.340332628228765,44.18448236165766,a59c2365921ebb15,[],0.0,esp_025163_1890,['train'],1.0,Counter({'train': 1}),val,59d2c6861deea26d,True,hirise_clean,0,C:\Users\deves\OneDrive\Desktop\Projects\TCMD-SS\data\raw\hirise_v3_2\map-proj-v3_2\ESP_025163_1890_RED-0029.jpg
map-proj-v3_2/ESP_025163_1890_RED-0030.jpg,ok,,JPEG,227.0,227.0,L,1.0,1.0,normal,other,train,esp_025163_1890_red-0030,[],2dffc5840a2754bdc675138dca718e78e39c8c618304ea594ba15bf4d4cf8f24,50973fd32bdeda53f93d811c5df4a29ceea35ef692b9da9142aa80367a041212,c6d8b8b3a1666d49,163.8608356459469,15.236836036279223,84d51cbe8108bc57,[],0.0,esp_025163_1890,['train'],1.0,Counter({'train': 1}),val,59d2c6861deea26d,True,hirise_clean,0,C:\Users\deves\OneDrive\Desktop\Projects\TCMD-SS\data\raw\hirise_v3_2\map-proj-v3_2\ESP_025163_1890_RED-0030.jpg
map-proj-v3_2/ESP_025163_1890_RED-0032.jpg,ok,,JPEG,227.0,227.0,L,1.0,1.0,normal,other,train,esp_025163_1890_red-0032,[],0c1f106112040dd1eaf8e52a02a5b606896a50047697215e04e530b0f7f0d057,4f005771af70b8dcdfe1d36be17224c1f7dd530c550e93503536232c7191b902,9eb010d083ef671f,98.42246113838809,19.40105933024481,b1ac02f64a8440ff,[],0.0,esp_025163_1890,['train'],1.0,Counter({'train': 1}),val,59d2c6861deea26d,True,hirise_clean,0,C:\Users\deves\OneDrive\Desktop\Projects\TCMD-SS\data\raw\hirise_v3_2\map-proj-v3_2\ESP_025163_1890_RED-0032.jpg
map-proj-v3_2/ESP_025163_1890_RED-0039.jpg,ok,,JPEG,227.0,227.0,L,1.0,1.0,normal,other,train,esp_025163_1890_red-0039,[],2d469fb6e4bcd769e65450a48a13e6396b0fb86e39efb96c12a0c85a4d3d9774,30bea2995e48ea2db51bd3343295bcb91f4c780f834018b1bf9c9aa4a5ad0785,b83831e3d38e8cce,134.29319412369733,18.144026515970825,a6cf6a2f65f6b070,[],0.0,esp_025163_1890,['train'],1.0,Counter({'train': 1}),val,59d2c6861deea26d,True,hirise_clean,0,C:\Users\deves\OneDrive\Desktop\Projects\TCMD-SS\data\raw\hirise_v3_2\map-proj-v3_2\ESP_025163_1890_RED-0039.jpg
map-proj-v3_2/ESP_025163_1890_RED-0040.jpg,ok,,JPEG,227.0,227.0,L,1.0,1.0,normal,other,train,esp_025163_1890_red-0040,[],2ecd169e29bb3d66e99e193a793f998ceefde193d4d10235ba5e692e1e2ec49d,e7e013eaaf48613ad07ded10963fb92b65955593ffa60ea6ef5e6c1c2639d1e3,918ec71e636978d8,102.98647363620483,20.599900674093085,29b6282b0445ad06,[],0.0,esp_025163_1890,['train'],1.0,Counter({'train': 1}),val,59d2c6861deea26d,True,hirise_clean,0,C:\Users\deves\OneDrive\Desktop\Projects\TCMD-SS\data\raw\hirise_v3_2\map-proj-v3_2\ESP_025163_1890_RED-0040.jpg
map-proj-v3_2/ESP_025163_1890_RED-0047.jpg,ok,,JPEG,227.0,227.0,L,1.0,1.0,normal,other,train,esp_025163_1890_red-0047,[],3f047fcbe4e4a623db450e534693c298508b21ebd29d629248d85074f1263d13,f774dde7912b36af1257107955c199e28104fba15e4c4e2ddec4868cf025d82d,983a6236ed3970e6,130.57094063537036,14.939574337229942,19c9d379276f06c0,[],0.0,esp_025163_1890,['train'],1.0,Counter({'train': 1}),val,59d2c6861deea26d,True,hirise_clean,0,C:\Users\deves\OneDrive\Desktop\Projects\TCMD-SS\data\raw\hirise_v3_2\map-proj-v3_2\ESP_025163_1890_RED-0047.jpg
map-proj-v3_2/ESP_025163_1890_RED-0054.jpg,ok,,JPEG,227.0,227.0,L,1.0,1.0,normal,other,train,esp_025163_1890_red-0054,[],5a24a1e697206646236e84aa67eaf634c2770456e832e722320f6113d7542c3f,8f7ce28f96febd02c14e2b07ade7c2a8eb9b543865a9fcc435a87f47b16adc8d,8c26661c76cf51ad,118.32323545964408,16.15227910979155,ccb423c896803c42,[],0.0,esp_025163_1890,['train'],1.0,Counter({'train': 1}),val,59d2c6861deea26d,True,hirise_clean,0,C:\Users\deves\OneDrive\Desktop\Projects\TCMD-SS\data\raw\hirise_v3_2\map-proj-v3_2\ESP_025163_1890_RED-0054.jpg
map-proj-v3_2/ESP_025163_1890_RED-0057.jpg,ok,,JPEG,227.0,227.0,L,1.0,1.0,normal,other,train,esp_025163_1890_red-0057,[],b7ebd88ebe231e9f3c28d667b11770f2f76d12f0ef84ec417c9d7c6d092b8bbb,ec37624e86f66091eb46a8fa6e504bc3e74a22f7537ca82161268a53069d9f10,a64d99333ece1d30,104.43313473966116,16.339034153265246,cc85c4ec1406c695,[],0.0,esp_025163_1890,['train'],1.0,Counter({'train': 1}),val,59d2c6861deea26d,True,hirise_clean,0,C:\Users\deves\OneDrive\Desktop\Projects\TCMD-SS\data\raw\hirise_v3_2\map-proj-v3_2\ESP_025163_1890_RED-0057.jpg
map-proj-v3_2/ESP_025163_1890_RED-0081.jpg,ok,,JPEG,227.0,227.0,L,1.0,1.0,normal,other,train,esp_025163_1890_red-0081,[],3786117f2f78a263449a06bc817b24dc308c210a6fe5cb2c6d7c4ceae3458530,cbdecc134973b4b551cd72ff9c391d2e4a3f5a92f2a1864ce405b4f4a2ab697a,8ee7b08a5c1575ca,127.8787090764424,16.855162058864348,4a92b9d3f15ff2d5,[],0.0,esp_025163_1890,['train'],1.0,Counter({'train': 1}),val,59d2c6861deea26d,True,hirise_clean,0,C:\Users\deves\OneDrive\Desktop\Projects\TCMD-SS\data\raw\hirise_v3_2\map-proj-v3_2\ESP_025163_1890_RED-0081.jpg
map-proj-v3_2/ESP_025163_1890_RED-0082.jpg,ok,,JPEG,227.0,227.0,L,1.0,1.0,normal,crater,train,esp_025163_1890_red-0082,[],cdf9334d78882ef660756d9627c6d7df5cbf555b4e46fbf544062d990f7ef74b,430677dc447ee55a976748aa878652eb418e7aed0294e9fd129d88071301f3a4,a9a366cc993366cc,134.26930466339343,18.63537236984773,772a8dfe1f17be58,[],1.0,esp_025163_1890,['train'],1.0,Counter({'train': 1}),val,59d2c6861deea26d,True,hirise_clean,0,C:\Users\deves\OneDrive\Desktop\Projects\TCMD-SS\data\raw\hirise_v3_2\map-proj-v3_2\ESP_025163_1890_RED-0082.jpg
map-proj-v3_2/ESP_025163_1890_RED-0089.jpg,ok,,JPEG,227.0,227.0,L,1.0,1.0,normal,other,train,esp_025163_1890_red-0089,[],bdf6eeec79d4265cf5143f3b913c40733081c83c4aa5082b3c80239718c62af6,9fddbe570d32d25b278a2561d3b2e2f3095dfcaf364ba5bb676f9d519be9855c,f0b3f89c63b8074c,169.03301053775544,15.330107122361278,3dce875ded585128,[],0.0,esp_025163_1890,['train'],1.0,Counter({'train': 1}),val,59d2c6861deea26d,True,hirise_clean,0,C:\Users\deves\OneDrive\Desktop\Projects\TCMD-SS\data\raw\hirise_v3_2\map-proj-v3_2\ESP_025163_1890_RED-0089.jpg
map-proj-v3_2/ESP_025163_1890_RED-0090.jpg,ok,,JPEG,227.0,227.0,L,1.0,1.0,normal,other,train,esp_025163_1890_red-0090,[],4179eecfc2b3e13206e1af987d38e640b5a23ad62eec019e543e992706db0ff9,7a0c937bbafc920d5416141abaf3d9a06ca977a08a6b024cb2aee601e1b322fb,e46b931d6d47ce02,173.2577771740185,18.66467522408633,3ac692b2333dd455,[],0.0,esp_025163_1890,['train'],1.0,Counter({'train': 1}),val,59d2c6861deea26d,True,hirise_clean,0,C:\Users\deves\OneDrive\Desktop\Projects\TCMD-SS\data\raw\hirise_v3_2\map-proj-v3_2\ESP_025163_1890_RED-0090.jpg
map-proj-v3_2/ESP_025163_1890_RED-0093.jpg,ok,,JPEG,227.0,227.0,L,1.0,1.0,normal,crater,train,esp_025163_1890_red-0093,[],374fdf17021d5a1fd528ced7d1c6b54f791a7ba914ed41f5986b53ae68febd63,4008c9d3f332e35a90e743f3f90d665a5391dd1d7a627ffc92b89e65ec5b39ad,ea3a5a434e4c3f31,168.85916668283878,15.430309495813452,1b599cf57ee5455a,[],1.0,esp_025163_1890,['train'],1.0,Counter({'train': 1}),val,59d2c6861deea26d,True,hirise_clean,0,C:\Users\deves\OneDrive\Desktop\Projects\TCMD-SS\data\raw\hirise_v3_2\map-proj-v3_2\ESP_025163_1890_RED-0093.jpg
map-proj-v3_2/ESP_025163_1890_RED-0094.jpg,ok,,JPEG,227.0,227.0,L,1.0,1.0,normal,crater,train,esp_025163_1890_red-0094,[],2bdd82fcda34866fbf32c2b039b895fd4d4769177d2c7d776738f18121c4b661,35f3d69c22740e28f282ebdc9df938585487727baf78908fa8d98947584abf61,f1360d56f26ccc98,168.91416483921674,14.818667809920324,cb3899e2e1664d0b,[],1.0,esp_025163_1890,['train'],1.0,Counter({'train': 1}),val,59d2c6861deea26d,True,hirise_clean,0,C:\Users\deves\OneDrive\Desktop\Projects\TCMD-SS\data\raw\hirise_v3_2\map-proj-v3_2\ESP_025163_1890_RED-0094.jpg
map-proj-v3_2/ESP_025163_1890_RED-0102.jpg,ok,,JPEG,227.0,227.0,L,1.0,1.0,normal,crater,train,esp_025163_1890_red-0102,[],276eefa9d320ff2b2273d13414c2ec33b619e56907c8682eba578a174d370485,584871ccf34e7bb79759ac9d4c447a9aa3510616d9e209f7a9a235468e9ee1e5,d6e6cc163d18d1e1,170.43072832773777,15.55366744390198,b16dac573c5bccf1,[],1.0,esp_025163_1890,['train'],1.0,Counter({'train': 1}),val,59d2c6861deea26d,True,hirise_clean,0,C:\Users\deves\OneDrive\Desktop\Projects\TCMD-SS\data\raw\hirise_v3_2\map-proj-v3_2\ESP_025163_1890_RED-0102.jpg
map-proj-v3_2/ESP_025163_1890_RED-0103.jpg,ok,,JPEG,227.0,227.0,L,1.0,1.0,normal,crater,train,esp_025163_1890_red-0103,[],6574497a59be52542fccb2acf45738f7f9549382836f636b13cf7475539d9400,aa203d1637f7c56cbcaecbc993385ef6c93b02a300c1340cb09f0c7dc1abae97,dd2066d83167c4bd,165.4904228686759,16.57896697769734,5eea2aa23e943a17,[],1.0,esp_025163_1890,['train'],1.0,Counter({'train': 1}),val,59d2c6861deea26d,True,hirise_clean,0,C:\Users\deves\OneDrive\Desktop\Projects\TCMD-SS\data\raw\hirise_v3_2\map-proj-v3_2\ESP_025163_1890_RED-0103.jpg
map-proj-v3_2/ESP_025163_1890_RED-0106.jpg,ok,,JPEG,227.0,227.0,L,1.0,1.0,normal,other,train,esp_025163_1890_red-0106,[],196617b3f76610d6466671f21751fa04a5a5fb9dbd9da7c4d804f566406bb8aa,644730f22c67be6b9ef4742941e9c6c33e8f00c1a60e3384ccbfd796da8a7455,94d5276cd85227ad,129.98206834986124,56.191776593917645,2b3ea4a950af6826,[],0.0,esp_025163_1890,['train'],1.0,Counter({'train': 1}),val,59d2c6861deea26d,True,hirise_clean,0,C:\Users\deves\OneDrive\Desktop\Projects\TCMD-SS\data\raw\hirise_v3_2\map-proj-v3_2\ESP_025163_1890_RED-0106.jpg
map-proj-v3_2/ESP_025163_1890_RED-0107.jpg,ok,,JPEG,227.0,227.0,L,1.0,1.0,normal,crater,train,esp_025163_1890_red-0107,[],04278ae702496944f61ccb45249b1543e8dbd7f6816cd7441c1e8aa32e4c443f,fc7c2189c35f3169939a874b154831451c95fa7107837e512e2eb0afcd35f161,bffa01875225c993,166.56249878709076,15.99833275280692,90fa20beb4ab3b7c,[],1.0,esp_025163_1890,['train'],1.0,Counter({'train': 1}),val,59d2c6861deea26d,True,hirise_clean,0,C:\Users\deves\OneDrive\Desktop\Projects\TCMD-SS\data\raw\hirise_v3_2\map-proj-v3_2\ESP_025163_1890_RED-0107.jpg
map-proj-v3_2/ESP_025163_1890_RED-0112.jpg,ok,,JPEG,227.0,227.0,L,1.0,1.0,normal,other,train,esp_025163_1890_red-0112,[],2b96eef65ce353030ebfc146ba6b60597f0fcc64f1ec102e84e0b7c844695f22,7c4bed0f26496f7e25926bc8522feba0d89a7662ce57a00b102709d19690c937,ef1d3060eed9e160,167.78800287216907,16.361521792225837,42876136cd22a23f,[],0.0,esp_025163_1890,['train'],1.0,Counter({'train': 1}),val,59d2c6861deea26d,True,hirise_clean,0,C:\Users\deves\OneDrive\Desktop\Projects\TCMD-SS\data\raw\hirise_v3_2\map-proj-v3_2\ESP_025163_1890_RED-0112.jpg
map-proj-v3_2/ESP_025163_1890_RED-0114.jpg,ok,,JPEG,227.0,227.0,L,1.0,1.0,normal,other,train,esp_025163_1890_red-0114,[],739795369b6ab9feb27b50aac783c88763576668c0da106b275c28155bfc412e,bab08c0f37a52c72dc761468544c7a97c2e0eefddce6b36774eea5d5db9dad33,d4f3034cca962db9,170.23839003279707,15.808920843691295,467685478069f1b5,[],0.0,esp_025163_1890,['train'],1.0,Counter({'train': 1}),val,59d2c6861deea26d,True,hirise_clean,0,C:\Users\deves\OneDrive\Desktop\Projects\TCMD-SS\data\raw\hirise_v3_2\map-proj-v3_2\ESP_025163_1890_RED-0114.jpg
map-proj-v3_2/ESP_025163_1890_RED-0116.jpg,ok,,JPEG,227.0,227.0,L,1.0,1.0,normal,other,train,esp_025163_1890_red-0116,[],14adce02b4c85285c4e571b3c1c2d8c7b4ec04776f9c6a36d9f6089d83f573bd,afc6e36d94e9baadcb8581d671b59bbd6370a993e0b34a4ca82333b8b40d736a,80fcb7790966c46e,146.45298763802907,54.47584473169512,b23a851ec3700959,[],0.0,esp_025163_1890,['train'],1.0,Counter({'train': 1}),val,59d2c6861deea26d,True,hirise_clean,0,C:\Users\deves\OneDrive\Desktop\Projects\TCMD-SS\data\raw\hirise_v3_2\map-proj-v3_2\ESP_025163_1890_RED-0116.jpg
map-proj-v3_2/ESP_025163_1890_RED-0117.jpg,ok,,JPEG,227.0,227.0,L,1.0,1.0,normal,other,train,esp_025163_1890_red-0117,[],f79098287642dd31856df4c504f9b7f0a53938dc68ece151aa0893ec1f1ec712,7dddcfc8a1720963506f0b4872f062315c17fc07eb4652bdf7ab249a8adbb804,87e3707068d3b6ac,132.9054901123639,76.83144591296971,ff6b223ff1138a6e,[],0.0,esp_025163_1890,['train'],1.0,Counter({'train': 1}),val,59d2c6861deea26d,True,hirise_clean,0,C:\Users\deves\OneDrive\Desktop\Projects\TCMD-SS\data\raw\hirise_v3_2\map-proj-v3_2\ESP_025163_1890_RED-0117.jpg
map-proj-v3_2/ESP_025163_1890_RED-0119.jpg,ok,,JPEG,227.0,227.0,L,1.0,1.0,normal,other,train,esp_025163_1890_red-0119,[],2bc4107c28970b4a198f4855cd803ab1249df0fb48baa09d6d213c6d5a4966b1,eeccb0d2b8d6c7c1f5768f8d591cb5891966341f7ede54abbf9f090f7a179f35,eb2e41477761a629,168.55745308467075,13.912586268192287,7761ba51c3570780,[],0.0,esp_025163_1890,['train'],1.0,Counter({'train': 1}),val,59d2c6861deea26d,True,hirise_clean,0,C:\Users\deves\OneDrive\Desktop\Projects\TCMD-SS\data\raw\hirise_v3_2\map-proj-v3_2\ESP_025163_1890_RED-0119.jpg
map-proj-v3_2/ESP_025163_1890_RED-0139.jpg,ok,,JPEG,227.0,227.0,L,1.0,1.0,normal,other,train,esp_025163_1890_red-0139,[],d312a411bfc15e982726660fc0599829595c5badb26bcaf00bd01cd34bce8c72,a578bdb0af7122d3c469c85617fec0ec275c499854be7fccf3c7426c1021afe2,be0f839224cc9b37,174.87306177104156,16.045216857676486,29e8b0c7ac668f6b,[],0.0,esp_025163_1890,['train'],1.0,Counter({'train': 1}),val,59d2c6861deea26d,True,hirise_clean,0,C:\Users\deves\OneDrive\Desktop\Projects\TCMD-SS\data\raw\hirise_v3_2\map-proj-v3_2\ESP_025163_1890_RED-0139.jpg
map-proj-v3_2/ESP_025163_1890_RED-0142.jpg,ok,,JPEG,227.0,227.0,L,1.0,1.0,normal,other,train,esp_025163_1890_red-0142,[],e35cb0cda889171085a9d86db6465119ebdc20a1e58b8104d77a8149cc67f799,4784615dd22dd1625e26a0d3301d3a3e050a6e850b20767028db3179cd17f958,da6925683de3e419,123.93281453162297,80.3397216133277,80494e4e66ddc317,[],0.0,esp_025163_1890,['train'],1.0,Counter({'train': 1}),val,59d2c6861deea26d,True,hirise_clean,0,C:\Users\deves\OneDrive\Desktop\Projects\TCMD-SS\data\raw\hirise_v3_2\map-proj-v3_2\ESP_025163_1890_RED-0142.jpg
map-proj-v3_2/ESP_025163_1890_RED-0143.jpg,ok,,JPEG,227.0,227.0,L,1.0,1.0,normal,other,train,esp_025163_1890_red-0143,[],e9906d716b2d7636d4295e58d2921ddd536be6a5aa70f7344da83c7032bb3e4d,a1e3bebc3ee9477915b2a67a9b7328ad6d5c4ea2f5b96790512b210750914221,c4bc7c61ce4f2247,181.37427468027715,15.373579452636204,015e3e5ee12035ce,[],0.0,esp_025163_1890,['train'],1.0,Counter({'train': 1}),val,59d2c6861deea26d,True,hirise_clean,0,C:\Users\deves\OneDrive\Desktop\Projects\TCMD-SS\data\raw\hirise_v3_2\map-proj-v3_2\ESP_025163_1890_RED-0143.jpg
map-proj-v3_2/ESP_025163_1890_RED-0148.jpg,ok,,JPEG,227.0,227.0,L,1.0,1.0,normal,other,train,esp_025163_1890_red-0148,[],9cd1b107e4948aabe5bcf2cae9bc29b212db9fb2c2094e719b014ddc6a6e6de0,0c878715257af7a5c9de1291e85929de5f7f89d17be61f7ed59af7ce07e60d74,c5cd99a3289a7953,185.44743736536708,16.63935019784081,161b5b577402f353,[],0.0,esp_025163_1890,['train'],1.0,Counter({'train': 1}),val,59d2c6861deea26d,True,hirise_clean,0,C:\Users\deves\OneDrive\Desktop\Projects\TCMD-SS\data\raw\hirise_v3_2\map-proj-v3_2\ESP_025163_1890_RED-0148.jpg
map-proj-v3_2/ESP_025163_1890_RED-0152.jpg,ok,,JPEG,227.0,227.0,L,1.0,1.0,normal,other,train,esp_025163_1890_red-0152,[],5a1761068405570a1d3ca4226787ee7cde484590893a9cc01a07efbd13271258,318ea21a6c6f38fc78d506070d3ca66dd0f2a67163c279100fc4a8935f053715,9c59987727cc9836,180.4717343631741,16.208996582303513,d160b13fd80432ca,[],0.0,esp_025163_1890,['train'],1.0,Counter({'train': 1}),val,59d2c6861deea26d,True,hirise_clean,0,C:\Users\deves\OneDrive\Desktop\Projects\TCMD-SS\data\raw\hirise_v3_2\map-proj-v3_2\ESP_025163_1890_RED-0152.jpg
map-proj-v3_2/ESP_025163_1890_RED-0158.jpg,ok,,JPEG,227.0,227.0,L,1.0,1.0,normal,other,train,esp_025163_1890_red-0158,[],c157b4a9ef8746a61ee012018886e05bdcf62f9150262598090a33c87c485313,a41b542fd540159f016f8ec7f0babb8f2079a34eacb0ac022b655b18b4e077c3,d24b2d669d197295,138.8404393642415,72.72457004754087,562695ec860f2c44,[],0.0,esp_025163_1890,['train'],1.0,Counter({'train': 1}),val,59d2c6861deea26d,True,hirise_clean,0,C:\Users\deves\OneDrive\Desktop\Projects\TCMD-SS\data\raw\hirise_v3_2\map-proj-v3_2\ESP_025163_1890_RED-0158.jpg
map-proj-v3_2/ESP_025163_1890_RED-0159.jpg,ok,,JPEG,227.0,227.0,L,1.0,1.0,normal,other,train,esp_025163_1890_red-0159,[],abc2038119fa887c447f5e3be116bc4b40215f6a1a4dd023e67e9d342de1cc13,017c534bea5c1191b14c16d2fce9fed2cb7f1a31df29868399afd1a941183482,d3fc881f73cc9881,183.14584020648567,17.03309932696747,bb1703cc99f254d5,[],0.0,esp_025163_1890,['train'],1.0,Counter({'train': 1}),val,59d2c6861deea26d,True,hirise_clean,0,C:\Users\deves\OneDrive\Desktop\Projects\TCMD-SS\data\raw\hirise_v3_2\map-proj-v3_2\ESP_025163_1890_RED-0159.jpg
map-proj-v3_2/ESP_025163_1890_RED-0164.jpg,ok,,JPEG,227.0,227.0,L,1.0,1.0,normal,other,train,esp_025163_1890_red-0164,[],47a082c671d21b0c0dfcce0b4bdd09860f1710ab08ddeab6cfd8e71557e356f4,3c39dd8f465709a9c5bfb4b435c292413e1a2fc6fefef5d367a4c7fb77bbed69,e59df823c5ccb062,169.45945001843623,14.2727929481681,80d78ee77b1da3c0,[],0.0,esp_025163_1890,['train'],1.0,Counter({'train': 1}),val,59d2c6861deea26d,True,hirise_clean,0,C:\Users\deves\OneDrive\Desktop\Projects\TCMD-SS\data\raw\hirise_v3_2\map-proj-v3_2\ESP_025163_1890_RED-0164.jpg
map-proj-v3_2/ESP_025163_1890_RED-0165.jpg,ok,,JPEG,227.0,227.0,L,1.0,1.0,normal,other,train,esp_025163_1890_red-0165,[],3f8ede2d5077f4796c546f4d8e2e7b3fd20f5ee39c6dc4ea688d72ecbd5cb503,685f90f55cfc8f073f1b7ddf20ebfef0495c0d5107e5f327dab8e70c584beffe,c6963c6da71619f0,184.38566632381765,17.537850851376838,8809950cce2bb6a3,[],0.0,esp_025163_1890,['train'],1.0,Counter({'train': 1}),val,59d2c6861deea26d,True,hirise_clean,0,C:\Users\deves\OneDrive\Desktop\Projects\TCMD-SS\data\raw\hirise_v3_2\map-proj-v3_2\ESP_025163_1890_RED-0165.jpg
map-proj-v3_2/ESP_026472_1410_RED-0003.jpg,ok,,JPEG,227.0,227.0,L,1.0,1.0,normal,other,train,esp_026472_1410_red-0003,[],3e07428694fd860df00e2241cf964f726db68405c52b594d3dd76b238a4e5713,0fe8ceeb5ffd5c9c854a0b258040582aa52e0741f76319950bec05b6cbd28a51,df9120c85bd63ad4,80.08038192086009,34.051760403539454,ed825c25c98e52e2,[],0.0,esp_026472_1410,['train'],1.0,Counter({'train': 1}),val,59d2c6861deea26d,True,hirise_clean,0,C:\Users\deves\OneDrive\Desktop\Projects\TCMD-SS\data\raw\hirise_v3_2\map-proj-v3_2\ESP_026472_1410_RED-0003.jpg
map-proj-v3_2/ESP_026472_1410_RED-0004.jpg,ok,,JPEG,227.0,227.0,L,1.0,1.0,normal,other,train,esp_026472_1410_red-0004,[],947a1ec0c628ec1953ba51f406373d743b76e4102ed864ff3143e5cc5b837d55,bfa7c3c1974e91e1c37879a1d5e6603c7689c053359f3ea341f9e9fae882c15e,c48431f3846df9ba,70.36955888916921,48.00035932100948,7a9043b309800429,[],0.0,esp_026472_1410,['train'],1.0,Counter({'train': 1}),val,59d2c6861deea26d,True,hirise_clean,0,C:\Users\deves\OneDrive\Desktop\Projects\TCMD-SS\data\raw\hirise_v3_2\map-proj-v3_2\ESP_026472_1410_RED-0004.jpg
map-proj-v3_2/ESP_026472_1410_RED-0006.jpg,ok,,JPEG,227.0,227.0,L,1.0,1.0,normal,other,train,esp_026472_1410_red-0006,[],027c602ff7534adebba60649e5cb399e9c597ed3260df6ab1c05142d5db12f38,3d975b6475cdf995bf1ed73b4e574771262c990bfb5b699b00f79b7741dff195,d7911a17b4013bbe,98.40480117991812,19.93252958476812,6b8b10b4c32f3eff,[],0.0,esp_026472_1410,['train'],1.0,Counter({'train': 1}),val,59d2c6861deea26d,True,hirise_clean,0,C:\Users\deves\OneDrive\Desktop\Projects\TCMD-SS\data\raw\hirise_v3_2\map-proj-v3_2\ESP_026472_1410_RED-0006.jpg
map-proj-v3_2/ESP_026472_1410_RED-0008.jpg,ok,,JPEG,227.0,227.0,L,1.0,1.0,normal,other,train,esp_026472_1410_red-0008,[],84e4931df8918f47a6c298e27341b52fd799612297bd7350b721e9a46f0f9c51,a9a7f57985781dba27a3232673c8a2f7fdae4006bdb0d0b41e99d04e55fade17,c2940717368cdbf6,116.9699974771488,25.14297242559014,58e13c6dacbb99a8,[],0.0,esp_026472_1410,['train'],1.0,Counter({'train': 1}),val,59d2c6861deea26d,True,hirise_clean,0,C:\Users\deves\OneDrive\Desktop\Projects\TCMD-SS\data\raw\hirise_v3_2\map-proj-v3_2\ESP_026472_1410_RED-0008.jpg
map-proj-v3_2/ESP_026472_1410_RED-0009.jpg,ok,,JPEG,227.0,227.0,L,1.0,1.0,normal,other,train,esp_026472_1410_red-0009,[],4cec8c5c99747c3c150c31963fef0e46c69a1db1999d8dcb94eb0c8e895b4cda,1817799160139820493ca5d099606125a873f0d1c037bc03bf5a3475e59c4deb,a0461d79678f193b,98.4788759727532,19.00894138141952,f9f26aab98f31786,[],0.0,esp_026472_1410,['train'],1.0,Counter({'train': 1}),val,59d2c6861deea26d,True,hirise_clean,0,C:\Users\deves\OneDrive\Desktop\Projects\TCMD-SS\data\raw\hirise_v3_2\map-proj-v3_2\ESP_026472_1410_RED-0009.jpg
map-proj-v3_2/ESP_026472_1410_RED-0015.jpg,ok,,JPEG,227.0,227.0,L,1.0,1.0,normal,crater,train,esp_026472_1410_red-0015,[],d2b9923242340da418bb22c5a7064951caae707d063c493d48850ac16ae006dc,a1453ebea1491d299c6bc1b2e04bfbb0587188c965c02d5f48c0259a1e238f89,f3b64c9932254b96,75.57907197888568,37.95627744755171,e48c436e146422f1,[],1.0,esp_026472_1410,['train'],1.0,Counter({'train': 1}),val,59d2c6861deea26d,True,hirise_clean,0,C:\Users\deves\OneDrive\Desktop\Projects\TCMD-SS\data\raw\hirise_v3_2\map-proj-v3_2\ESP_026472_1410_RED-0015.jpg
map-proj-v3_2/ESP_026472_1410_RED-0018.jpg,ok,,JPEG,227.0,227.0,L,1.0,1.0,normal,other,train,esp_026472_1410_red-0018,[],738aaae83eea2be2435eae7cb73e3a103203d85aee7a5c1a30db2ab2dc2b571c,70abfc8ac2e3f15e8175faea59715b0c15c45a632049f4f5d29fba10d83b06ec,f3ef9970c01870a7,92.33769333773216,18.93578030353084,8ee95fae3fc9e03d,[],0.0,esp_026472_1410,['train'],1.0,Counter({'train': 1}),val,59d2c6861deea26d,True,hirise_clean,0,C:\Users\deves\OneDrive\Desktop\Projects\TCMD-SS\data\raw\hirise_v3_2\map-proj-v3_2\ESP_026472_1410_RED-0018.jpg
map-proj-v3_2/ESP_026472_1410_RED-0022.jpg,ok,,JPEG,227.0,227.0,L,1.0,1.0,normal,other,train,esp_026472_1410_red-0022,[],a31880ed00d8cfc112b4c99afb0be4bcb5ee44b544788f5d8709e122c8ccf72c,a0e138ba4913018790e70cc0b34d93161284a0bbc52fd2f8839bfa6f659cd482,d2d4952f94098f3d,78.4917425139242,22.943665409483256,c61383e6b7adc0e7,[],0.0,esp_026472_1410,['train'],1.0,Counter({'train': 1}),val,59d2c6861deea26d,True,hirise_clean,0,C:\Users\deves\OneDrive\Desktop\Projects\TCMD-SS\data\raw\hirise_v3_2\map-proj-v3_2\ESP_026472_1410_RED-0022.jpg
map-proj-v3_2/ESP_026472_1410_RED-0024.jpg,ok,,JPEG,227.0,227.0,L,1.0,1.0,normal,other,train,esp_026472_1410_red-0024,[],6d81d30be2421eff9bffff2948d19bebab1aade89e4ce8fde01982345ea43f74,3797fd5c33b4b2ed3e042e379a7eed76bb76b874c524ea1ec7f4a01b3a83b4a9,bb56a6c91a4195b5,35.60406761241243,20.544246482310932,50c0eb6d529357ac,[],0.0,esp_026472_1410,['train'],1.0,Counter({'train': 1}),val,59d2c6861deea26d,True,hirise_clean,0,C:\Users\deves\OneDrive\Desktop\Projects\TCMD-SS\data\raw\hirise_v3_2\map-proj-v3_2\ESP_026472_1410_RED-0024.jpg
map-proj-v3_2/ESP_026472_1410_RED-0025.jpg,ok,,JPEG,227.0,227.0,L,1.0,1.0,normal,other,train,esp_026472_1410_red-0025,[],4b767f6b2004ad56810af187a854b1028044a47279c24d71c0b187560b91999c,58ecbb49d09d2c437a4fc246efee7a039065e2ea987c5fa76ca0c38dc4563efd,c0dc37d52d72872c,34.747016243280484,21.736451589748278,d7af265f4825e5c7,[],0.0,esp_026472_1410,['train'],1.0,Counter({'train': 1}),val,59d2c6861deea26d,True,hirise_clean,0,C:\Users\deves\OneDrive\Desktop\Projects\TCMD-SS\data\raw\hirise_v3_2\map-proj-v3_2\ESP_026472_1410_RED-0025.jpg
map-proj-v3_2/ESP_026472_1410_RED-0037.jpg,ok,,JPEG,227.0,227.0,L,1.0,1.0,normal,crater,train,esp_026472_1410_red-0037,[],3f752813af77ef32b435a91d165ca874d7570f8a02bba2cc6c6546bc1ab855ce,e5cb1d6d676910f14a83e1725b6fc2fb6246231be9e1dbb74c9d5cd57565e0e9,999b30c4cd2b1eec,70.97397581944148,22.499855033299905,95fcf5e172010d6b,[],1.0,esp_026472_1410,['train'],1.0,Counter({'train': 1}),val,59d2c6861deea26d,True,hirise_clean,0,C:\Users\deves\OneDrive\Desktop\Projects\TCMD-SS\data\raw\hirise_v3_2\map-proj-v3_2\ESP_026472_1410_RED-0037.jpg
map-proj-v3_2/ESP_026472_1410_RED-0038.jpg,ok,,JPEG,227.0,227.0,L,1.0,1.0,normal,other,train,esp_026472_1410_red-0038,[],f68d399e7b827d8f5403deba701d8fa708398b8fc99cf8928a2016ff0317adde,a1b7e855eea9990018767a85a19a1024c0b582cc26c778a2df5ce94bece2d035,d46a4d99b36b0996,44.90960430049098,28.05905455198953,bef3fac5e7c636a8,[],0.0,esp_026472_1410,['train'],1.0,Counter({'train': 1}),val,59d2c6861deea26d,True,hirise_clean,0,C:\Users\deves\OneDrive\Desktop\Projects\TCMD-SS\data\raw\hirise_v3_2\map-proj-v3_2\ESP_026472_1410_RED-0038.jpg
map-proj-v3_2/ESP_026472_1410_RED-0039.jpg,ok,,JPEG,227.0,227.0,L,1.0,1.0,normal,crater,train,esp_026472_1410_red-0039,[],b08a27ae8a41220efff9972cbf0a73448cff0ae59603396877d67c50569f58f1,b6bb896cfad23db1ff4f35e97a3fa9170e8969f14068506a18baaf7e19070808,a54a96234e9d9397,74.68852490830406,21.82161639579826,3da140f310c39ea0,[],1.0,esp_026472_1410,['train'],1.0,Counter({'train': 1}),val,59d2c6861deea26d,True,hirise_clean,0,C:\Users\deves\OneDrive\Desktop\Projects\TCMD-SS\data\raw\hirise_v3_2\map-proj-v3_2\ESP_026472_1410_RED-0039.jpg
map-proj-v3_2/ESP_026472_1410_RED-0041.jpg,ok,,JPEG,227.0,227.0,L,1.0,1.0,normal,other,train,esp_026472_1410_red-0041,[],7fdee8459d89d20fdbc786c80c46b1c26fc730c9c86264a8bd3e8827f73f2a06,dc7cb4fb743649fb171f718ebd9f3af0dd71ccdbab67c7a00dc99b26d61576b0,f54a9ac6946b36c8,37.7296667895748,21.59789932700168,7ed6935eb084bf6a,[],0.0,esp_026472_1410,['train'],1.0,Counter({'train': 1}),val,59d2c6861deea26d,True,hirise_clean,0,C:\Users\deves\OneDrive\Desktop\Projects\TCMD-SS\data\raw\hirise_v3_2\map-proj-v3_2\ESP_026472_1410_RED-0041.jpg
map-proj-v3_2/ESP_026472_1410_RED-0048.jpg,ok,,JPEG,227.0,227.0,L,1.0,1.0,normal,other,train,esp_026472_1410_red-0048,[],cb1f49ecd9f6419a932c8f07ee8cebc1e93d50d714f5dda236ff30bf709fabff,83b976763d07ad6aebdb64d4e53340021313ceca24798cfcfc32fd2fcbb5eab4,8c9f3179c0df7013,74.17982107162956,16.45795626787625,579ccbfadf0509a5,[],0.0,esp_026472_1410,['train'],1.0,Counter({'train': 1}),val,59d2c6861deea26d,True,hirise_clean,0,C:\Users\deves\OneDrive\Desktop\Projects\TCMD-SS\data\raw\hirise_v3_2\map-proj-v3_2\ESP_026472_1410_RED-0048.jpg
map-proj-v3_2/ESP_026472_1410_RED-0049.jpg,ok,,JPEG,227.0,227.0,L,1.0,1.0,normal,other,train,esp_026472_1410_red-0049,[],aac332f787b859c432704e797acf5d19d1a2538354e172c91984f3593e4f2692,8dd0977a8ecd96f6c8c914552c2d73c9611ff1707c482b8bc11d40edc9fb0767,da540d3af5664d89,72.18797182169264,16.831221505511735,74a442aa6a95392c,[],0.0,esp_026472_1410,['train'],1.0,Counter({'train': 1}),val,59d2c6861deea26d,True,hirise_clean,0,C:\Users\deves\OneDrive\Desktop\Projects\TCMD-SS\data\raw\hirise_v3_2\map-proj-v3_2\ESP_026472_1410_RED-0049.jpg
map-proj-v3_2/ESP_026472_1410_RED-0055.jpg,ok,,JPEG,227.0,227.0,L,1.0,1.0,normal,other,train,esp_026472_1410_red-0055,[],bfc2c64e1bb79f6048387497ba7fccf79ab770fc51294500b6ff340925b63a93,a1b7e9e9e318073b760485fc47301d978981d0f34da1e6270f4e5de0a2128447,ab7a22c065cf3666,36.6059112344505,15.138361423832343,7c8ebddd53e6e5c2,[],0.0,esp_026472_1410,['train'],1.0,Counter({'train': 1}),val,59d2c6861deea26d,True,hirise_clean,0,C:\Users\deves\OneDrive\Desktop\Projects\TCMD-SS\data\raw\hirise_v3_2\map-proj-v3_2\ESP_026472_1410_RED-0055.jpg
map-proj-v3_2/ESP_026472_1410_RED-0057.jpg,ok,,JPEG,227.0,227.0,L,1.0,1.0,normal,other,train,esp_026472_1410_red-0057,[],c75562acd284d5f76329022cb4e39961a547d165ddd52ea00f25cd4151bd9ae3,a1de1c07b618e1f2ce6cddf49850cf2134c6dafea9b1fcf5bbbc2a7da276397f,9175c5ae70c79ca1,64.72665877467057,31.173417637776897,bab6b3886d60a906,[],0.0,esp_026472_1410,['train'],1.0,Counter({'train': 1}),val,59d2c6861deea26d,True,hirise_clean,0,C:\Users\deves\OneDrive\Desktop\Projects\TCMD-SS\data\raw\hirise_v3_2\map-proj-v3_2\ESP_026472_1410_RED-0057.jpg
map-proj-v3_2/ESP_026472_1410_RED-0058.jpg,ok,,JPEG,227.0,227.0,L,1.0,1.0,normal,other,train,esp_026472_1410_red-0058,[],a4a972ce02f92d983fd42990d64e14213bd5c78834b6cd222b3dd79ee1bac0b0,44afe8daa2535ab17b66e99fdb33ac76e53c792346ffea421ddf65f0c7eb43aa,cbc39f3164ae10a7,63.64231791806556,19.186264955437387,76bed2063623fb84,[],0.0,esp_026472_1410,['train'],1.0,Counter({'train': 1}),val,59d2c6861deea26d,True,hirise_clean,0,C:\Users\deves\OneDrive\Desktop\Projects\TCMD-SS\data\raw\hirise_v3_2\map-proj-v3_2\ESP_026472_1410_RED-0058.jpg
map-proj-v3_2/ESP_026472_1410_RED-0061.jpg,ok,,JPEG,227.0,227.0,L,1.0,1.0,normal,other,train,esp_026472_1410_red-0061,[],85557c8724279f4a1e809189bd92c68956eeaa2d187f2738ea7e1e5c1e69f4f6,6e77e1f021eaf3d6a675140c654ecdf5c1364d2e3c212649a2b1769d0bb1b8a1,c6cc3972ed3d3842,68.93322206912612,20.38214700028157,db7cf61b3a63d5d6,[],0.0,esp_026472_1410,['train'],1.0,Counter({'train': 1}),val,59d2c6861deea26d,True,hirise_clean,0,C:\Users\deves\OneDrive\Desktop\Projects\TCMD-SS\data\raw\hirise_v3_2\map-proj-v3_2\ESP_026472_1410_RED-0061.jpg
map-proj-v3_2/ESP_026472_1410_RED-0062.jpg,ok,,JPEG,227.0,227.0,L,1.0,1.0,normal,other,train,esp_026472_1410_red-0062,[],d99add421a17e2f939f9a1a21c7175dcf968634a91127895326beb518fcbdc56,aa9ea3c594a92baae5ec56fd7c48a18b48d3df200e6889829c1d7f40bc6284a3,d4f66b6a6d499212,53.88583127947369,29.31899442170025,7914ba8f20d30e5c,[],0.0,esp_026472_1410,['train'],1.0,Counter({'train': 1}),val,59d2c6861deea26d,True,hirise_clean,0,C:\Users\deves\OneDrive\Desktop\Projects\TCMD-SS\data\raw\hirise_v3_2\map-proj-v3_2\ESP_026472_1410_RED-0062.jpg
map-proj-v3_2/ESP_026472_1410_RED-0070.jpg,ok,,JPEG,227.0,227.0,L,1.0,1.0,normal,crater,train,esp_026472_1410_red-0070,[],0d18921017f7217b91c6e4297cc2c41bea24d17041de8730ede48c5dcd784552,18cc22d12dff3a3389d759cd03ee1fbcede899f577f48fc5fbbda2baa481b0d7,dbf00639c336c49d,74.93083506375051,17.02245595093348,ee59632c0a5eeb8a,[],1.0,esp_026472_1410,['train'],1.0,Counter({'train': 1}),val,59d2c6861deea26d,True,hirise_clean,0,C:\Users\deves\OneDrive\Desktop\Projects\TCMD-SS\data\raw\hirise_v3_2\map-proj-v3_2\ESP_026472_1410_RED-0070.jpg
map-proj-v3_2/ESP_026472_1410_RED-0071.jpg,ok,,JPEG,227.0,227.0,L,1.0,1.0,normal,other,train,esp_026472_1410_red-0071,[],fd7cdba49fcd97a406af6f983fbc75b478a11b4a93f5a2641c08655dadcaf464,df542ee39ef9d901683a7dab968327d564ab432d1afaa4e98d835930cece7348,e58719551674c76a,78.7704593529857,21.0766416851563,2e1af8f1ae6de79b,[],0.0,esp_026472_1410,['train'],1.0,Counter({'train': 1}),val,59d2c6861deea26d,True,hirise_clean,0,C:\Users\deves\OneDrive\Desktop\Projects\TCMD-SS\data\raw\hirise_v3_2\map-proj-v3_2\ESP_026472_1410_RED-0071.jpg
map-proj-v3_2/ESP_026472_1410_RED-0072.jpg,ok,,JPEG,227.0,227.0,L,1.0,1.0,normal,other,train,esp_026472_1410_red-0072,[],6d38a8156e665086ec313e2c530dcc6ce0b8ec240972f33934bc4c8a057c2e28,3b7d3ee4af4237cd5ba9e881f37f318d2b2045516fe7ad8f157e5b2e4982326d,b0e20f3d6b42b563,70.39294377923112,25.849114292455013,ed718ad746b110e7,[],0.0,esp_026472_1410,['train'],1.0,Counter({'train': 1}),val,59d2c6861deea26d,True,hirise_clean,0,C:\Users\deves\OneDrive\Desktop\Projects\TCMD-SS\data\raw\hirise_v3_2\map-proj-v3_2\ESP_026472_1410_RED-0072.jpg
map-proj-v3_2/ESP_026472_1410_RED-0074.jpg,ok,,JPEG,227.0,227.0,L,1.0,1.0,normal,other,train,esp_026472_1410_red-0074,[],2f4eb8aa253e20f687cb7f77594db89dad162270e67d6f77b88387e30d2da86e,eb22499997712c5f3e3c729c60377048c2644185233078feaa6b52726fecf72f,c5f23460c6c9ded1,77.79871528653767,18.43908905927484,d92ee69c41bf50e2,[],0.0,esp_026472_1410,['train'],1.0,Counter({'train': 1}),val,59d2c6861deea26d,True,hirise_clean,0,C:\Users\deves\OneDrive\Desktop\Projects\TCMD-SS\data\raw\hirise_v3_2\map-proj-v3_2\ESP_026472_1410_RED-0074.jpg
map-proj-v3_2/ESP_026472_1410_RED-0080.jpg,ok,,JPEG,227.0,227.0,L,1.0,1.0,normal,crater,train,esp_026472_1410_red-0080,[],3058f9b67b2bfb9efc041450e356020df6d52c72980f3e481bccb7b51af2324c,cbb02a7850de29317cfef780118ae285512090f2ec2a7a951cccff4d67360b53,a122dcb52fe3e4c8,78.29897727493257,21.21994283771815,fdb9b48cfa75ab8a,[],1.0,esp_026472_1410,['train'],1.0,Counter({'train': 1}),val,59d2c6861deea26d,True,hirise_clean,0,C:\Users\deves\OneDrive\Desktop\Projects\TCMD-SS\data\raw\hirise_v3_2\map-proj-v3_2\ESP_026472_1410_RED-0080.jpg
map-proj-v3_2/ESP_026472_1410_RED-0082.jpg,ok,,JPEG,227.0,227.0,L,1.0,1.0,normal,other,train,esp_026472_1410_red-0082,[],d2493900988876486ca4c69b3056fdfc7cbb9618edec4168f72af645719f81c5,cf5c0b24ee2ac763d832664217693778e7ef1c9377bf2799c6a95a22c9dc7bd1,dbb1a684b13366cc,58.30186885055018,18.46507888301021,abe8ddf95fe267ab,[],0.0,esp_026472_1410,['train'],1.0,Counter({'train': 1}),val,59d2c6861deea26d,True,hirise_clean,0,C:\Users\deves\OneDrive\Desktop\Projects\TCMD-SS\data\raw\hirise_v3_2\map-proj-v3_2\ESP_026472_1410_RED-0082.jpg
map-proj-v3_2/ESP_026472_1410_RED-0086.jpg,ok,,JPEG,227.0,227.0,L,1.0,1.0,normal,other,train,esp_026472_1410_red-0086,[],aa0342c8c823a191bb5f50350cd223e79c26f6169d92b9f75a085bebd9c0189b,bf75b124977680e99c596ff245f48546d5f55d49fff10c6b0aae9945ebcccb7c,e5c293336e966561,83.31879136020493,20.22537064425109,f9beca1eb82ec9ed,[],0.0,esp_026472_1410,['train'],1.0,Counter({'train': 1}),val,59d2c6861deea26d,True,hirise_clean,0,C:\Users\deves\OneDrive\Desktop\Projects\TCMD-SS\data\raw\hirise_v3_2\map-proj-v3_2\ESP_026472_1410_RED-0086.jpg
map-proj-v3_2/ESP_026472_1410_RED-0089.jpg,ok,,JPEG,227.0,227.0,L,1.0,1.0,normal,crater,train,esp_026472_1410_red-0089,[],4bdfcca198493dc24939081d21a7a1d01242b2087e16db5581c51cb9ef4aab2d,5d2ab6a678dff8135e1515c0aad41a258e7251d75b04e5ece2e527d8c66e409e,ac6473a7ae34ac89,82.06080071416096,21.68921805791885,548aca5ff3fad632,[],1.0,esp_026472_1410,['train'],1.0,Counter({'train': 1}),val,59d2c6861deea26d,True,hirise_clean,0,C:\Users\deves\OneDrive\Desktop\Projects\TCMD-SS\data\raw\hirise_v3_2\map-proj-v3_2\ESP_026472_1410_RED-0089.jpg
map-proj-v3_2/ESP_026472_1410_RED-0091.jpg,ok,,JPEG,227.0,227.0,L,1.0,1.0,normal,crater,train,esp_026472_1410_red-0091,[],7a3e155dbc0febfccfe09ad759ae3a842b2ef1e9415b077945d2b96d7d3e945b,53e8b06e476c582e013e515cb0bd6e5c80eab4b52a423326b6d7dad44ae298ec,e3032cc37f3899b2,81.29385394632149,21.144906595202706,8d87a67b68f8dd6a,[],1.0,esp_026472_1410,['train'],1.0,Counter({'train': 1}),val,59d2c6861deea26d,True,hirise_clean,0,C:\Users\deves\OneDrive\Desktop\Projects\TCMD-SS\data\raw\hirise_v3_2\map-proj-v3_2\ESP_026472_1410_RED-0091.jpg
map-proj-v3_2/ESP_026472_1410_RED-0107.jpg,ok,,JPEG,227.0,227.0,L,1.0,1.0,normal,crater,train,esp_026472_1410_red-0107,[],7fd23d3e28b92cdeb33535ca72ab92a115a06319eda9573d0ca9b8751be18099,0aef3ef498b92fc74409385ce293e1744ce73f4205ff89b9046d8c678400af94,dd146469ce9833e6,74.54049176192048,28.638080329110974,46608f36fa043060,[],1.0,esp_026472_1410,['train'],1.0,Counter({'train': 1}),val,59d2c6861deea26d,True,hirise_clean,0,C:\Users\deves\OneDrive\Desktop\Projects\TCMD-SS\data\raw\hirise_v3_2\map-proj-v3_2\ESP_026472_1410_RED-0107.jpg
map-proj-v3_2/ESP_026472_1410_RED-0108.jpg,ok,,JPEG,227.0,227.0,L,1.0,1.0,normal,other,train,esp_026472_1410_red-0108,[],c8a569720bd72282b4df3b6b006dc6503ddd191775b8e2158ca8abcdfe60d12e,522b7a56f8c92a96da2521a57889596e50ee8f6981cc28edf12299df97e96361,9b2449b649b74db2,74.90488850938307,25.35137566723132,bd305eb8a12350d5,[],0.0,esp_026472_1410,['train'],1.0,Counter({'train': 1}),val,59d2c6861deea26d,True,hirise_clean,0,C:\Users\deves\OneDrive\Desktop\Projects\TCMD-SS\data\raw\hirise_v3_2\map-proj-v3_2\ESP_026472_1410_RED-0108.jpg
map-proj-v3_2/ESP_026472_1410_RED-0109.jpg,ok,,JPEG,227.0,227.0,L,1.0,1.0,normal,other,train,esp_026472_1410_red-0109,[],1f3346bca8946276a7c9ba7e6a7a1c876c97fe84ce1c1d97290cfa6b035eeca7,b65f33f8b9ba03789d8a90dd49e20d7a524b46ac1c20d9da8107ba5853272a6f,81d8f1e7c1cd9133,61.137320732014985,33.274206549351035,0592f1a4d113786b,[],0.0,esp_026472_1410,['train'],1.0,Counter({'train': 1}),val,59d2c6861deea26d,True,hirise_clean,0,C:\Users\deves\OneDrive\Desktop\Projects\TCMD-SS\data\raw\hirise_v3_2\map-proj-v3_2\ESP_026472_1410_RED-0109.jpg
map-proj-v3_2/ESP_026472_1410_RED-0118.jpg,ok,,JPEG,227.0,227.0,L,1.0,1.0,normal,crater,train,esp_026472_1410_red-0118,[],6b754918fcabf95ebb7ca583c1994e430bf5f41e0324f5757e342715b6e7e8ff,365a004f0bd563b333d192958aaec34aac413e8fc77671c55a4d8777b81f3fbe,ca93a3a326de306e,73.54610025422578,26.577048603731868,447f174ab1d1a81b,[],1.0,esp_026472_1410,['train'],1.0,Counter({'train': 1}),val,59d2c6861deea26d,True,hirise_clean,0,C:\Users\deves\OneDrive\Desktop\Projects\TCMD-SS\data\raw\hirise_v3_2\map-proj-v3_2\ESP_026472_1410_RED-0118.jpg
map-proj-v3_2/ESP_026472_1410_RED-0124.jpg,ok,,JPEG,227.0,227.0,L,1.0,1.0,normal,other,train,esp_026472_1410_red-0124,[],ba15505145b0c86664267dc446b652d35f613882fd3f0ae847f0a52dd82f3d90,27f6040f649381d23de1104f84a0e1bf048897f51c64c0b60bab18534a2d8b8f,d20b39f6cc9999e0,45.42399425566186,29.923692330962865,9fae41df51ef601e,[],0.0,esp_026472_1410,['train'],1.0,Counter({'train': 1}),val,59d2c6861deea26d,True,hirise_clean,0,C:\Users\deves\OneDrive\Desktop\Projects\TCMD-SS\data\raw\hirise_v3_2\map-proj-v3_2\ESP_026472_1410_RED-0124.jpg
map-proj-v3_2/ESP_026472_1410_RED-0130.jpg,ok,,JPEG,227.0,227.0,L,1.0,1.0,normal,crater,train,esp_026472_1410_red-0130,[],67b1f2b3689d34674b715f703087af875727fbd39d7d34fafa941b123e4aefd2,a162fc658fd683c97f1874a7027ff429fbf044b6352e3199032031fc62e50eee,997b64c4cf362c51,69.34009974965554,17.90462545819855,f53fd6d929e2f0bd,[],1.0,esp_026472_1410,['train'],1.0,Counter({'train': 1}),val,59d2c6861deea26d,True,hirise_clean,0,C:\Users\deves\OneDrive\Desktop\Projects\TCMD-SS\data\raw\hirise_v3_2\map-proj-v3_2\ESP_026472_1410_RED-0130.jpg
map-proj-v3_2/ESP_026472_1410_RED-0131.jpg,ok,,JPEG,227.0,227.0,L,1.0,1.0,normal,crater,train,esp_026472_1410_red-0131,[],918bc5fb91b9926b3940e1d307a60b0561cffb1517d16dbecef46609d52eecf0,172feecd86a4ae41d3226386fa300bafa2e3920e1481f0c7c7d0f22cf65909d5,b54e9c3966e89255,70.42919521046402,20.81205718906948,ca60cb36a709b332,[],1.0,esp_026472_1410,['train'],1.0,Counter({'train': 1}),val,59d2c6861deea26d,True,hirise_clean,0,C:\Users\deves\OneDrive\Desktop\Projects\TCMD-SS\data\raw\hirise_v3_2\map-proj-v3_2\ESP_026472_1410_RED-0131.jpg
map-proj-v3_2/ESP_026472_1410_RED-0134.jpg,ok,,JPEG,227.0,227.0,L,1.0,1.0,normal,other,train,esp_026472_1410_red-0134,[],9ac9060686c0648c84014d97f005257a1fe063389aaffa3e566d27a9c75705f4,1dbe4f537a617eaaba66ca98604508a97c1303a9810bf07aa772a77be84c983c,957827662c696b9c,52.91146732907683,45.49087200668299,abeedf847c8608d8,[],0.0,esp_026472_1410,['train'],1.0,Counter({'train': 1}),val,59d2c6861deea26d,True,hirise_clean,0,C:\Users\deves\OneDrive\Desktop\Projects\TCMD-SS\data\raw\hirise_v3_2\map-proj-v3_2\ESP_026472_1410_RED-0134.jpg
map-proj-v3_2/ESP_026472_1410_RED-0136.jpg,ok,,JPEG,227.0,227.0,L,1.0,1.0,normal,other,train,esp_026472_1410_red-0136,[],d47b3474d6243223ffb1631e6f125e23103516abc06544b7d846836309e579c2,0be2c46b31bc0bd9f5075dcffbfebc166ab4c8428b9270e4b943c2c8b934477b,8c7851877ca34e79,56.7149178132702,18.6725513109409,cca7fc2942373a38,[],0.0,esp_026472_1410,['train'],1.0,Counter({'train': 1}),val,59d2c6861deea26d,True,hirise_clean,0,C:\Users\deves\OneDrive\Desktop\Projects\TCMD-SS\data\raw\hirise_v3_2\map-proj-v3_2\ESP_026472_1410_RED-0136.jpg
map-proj-v3_2/ESP_026472_1410_RED-0138.jpg,ok,,JPEG,227.0,227.0,L,1.0,1.0,normal,other,train,esp_026472_1410_red-0138,[],66f9a91d234acb4c1230ca4c650d1b03dfa4f6f6dc4f5cbe7fe651ed200cda8a,2bc4c80eb1d44fb778ae9ef90a971d70bf54a2e0478fe752f484190076190015,ce4e91913d85986f,44.84106037377011,20.76964098994757,3d1cf850d1caf4de,[],0.0,esp_026472_1410,['train'],1.0,Counter({'train': 1}),val,59d2c6861deea26d,True,hirise_clean,0,C:\Users\deves\OneDrive\Desktop\Projects\TCMD-SS\data\raw\hirise_v3_2\map-proj-v3_2\ESP_026472_1410_RED-0138.jpg
map-proj-v3_2/ESP_026472_1410_RED-0141.jpg,ok,,JPEG,227.0,227.0,L,1.0,1.0,normal,crater,train,esp_026472_1410_red-0141,[],9e44569c6454cfa5119d842da415262a14f7e69664fd7cd2894564f9e463e9d2,f3170af8bc68bbef9c231ab19115628b99b0ae900530db4fa24cde43a7c29bf2,83878e5973e68c99,64.16988491917172,16.91172319442898,3ad15fb3e19b89c7,[],1.0,esp_026472_1410,['train'],1.0,Counter({'train': 1}),val,59d2c6861deea26d,True,hirise_clean,0,C:\Users\deves\OneDrive\Desktop\Projects\TCMD-SS\data\raw\hirise_v3_2\map-proj-v3_2\ESP_026472_1410_RED-0141.jpg
map-proj-v3_2/ESP_026472_1410_RED-0142.jpg,ok,,JPEG,227.0,227.0,L,1.0,1.0,normal,other,train,esp_026472_1410_red-0142,[],032b3054cd43466a03f3cc704696bb7918e3074cafcc56034b78599c0bd32bf5,fda7ade7cd8f9e4482e6de8d14cc0f20dd3429c4e8c3f9d337cbf3a2a2c90b72,9cb3b3216366c4e5,65.34522307826661,24.397162178804088,d3b72b55a2636b6e,[],0.0,esp_026472_1410,['train'],1.0,Counter({'train': 1}),val,59d2c6861deea26d,True,hirise_clean,0,C:\Users\deves\OneDrive\Desktop\Projects\TCMD-SS\data\raw\hirise_v3_2\map-proj-v3_2\ESP_026472_1410_RED-0142.jpg
map-proj-v3_2/ESP_026472_1410_RED-0143.jpg,ok,,JPEG,227.0,227.0,L,1.0,1.0,normal,crater,train,esp_026472_1410_red-0143,[],e934c9065a20731ea1dd70d29d80a3cf4deca2bd286cf835c0589d472df7f2f6,22dbae2913a7acea4048df91162670d67f0af401819cf28af235b035119996d6,f3d36cd8b3260c89,59.35042403306876,17.19952838804132,56f648bbfa7ac91b,[],1.0,esp_026472_1410,['train'],1.0,Counter({'train': 1}),val,59d2c6861deea26d,True,hirise_clean,0,C:\Users\deves\OneDrive\Desktop\Projects\TCMD-SS\data\raw\hirise_v3_2\map-proj-v3_2\ESP_026472_1410_RED-0143.jpg
map-proj-v3_2/ESP_026472_1410_RED-0145.jpg,ok,,JPEG,227.0,227.0,L,1.0,1.0,normal,other,train,esp_026472_1410_red-0145,[],c56abff59f7c158d837815a11c08205d15a32925f2a3bbe6effe883c8b79f294,bd9965fc671d9dbea0a3abc5ee3f31f85b5970ada9a5a7a0b1987f8a131fe3d6,a0b09cd66d993a76,33.10231131983932,23.98378221557397,ed10969a25936d38,[],0.0,esp_026472_1410,['train'],1.0,Counter({'train': 1}),val,59d2c6861deea26d,True,hirise_clean,0,C:\Users\deves\OneDrive\Desktop\Projects\TCMD-SS\data\raw\hirise_v3_2\map-proj-v3_2\ESP_026472_1410_RED-0145.jpg
map-proj-v3_2/ESP_026472_1410_RED-0147.jpg,ok,,JPEG,227.0,227.0,L,1.0,1.0,normal,crater,train,esp_026472_1410_red-0147,[],4d112d16ac265ee871c91578ebc508fd0059e0fc6f3b60992a95e7299093eb6e,18efd7936a55c71dc9c52d8e5d820c0dc67b55f8ed8278925934207ed0c8de4f,94ec31eb562cd991,57.29253430107318,20.69639547209091,84e82a6fdd3c467d,[],1.0,esp_026472_1410,['train'],1.0,Counter({'train': 1}),val,59d2c6861deea26d,True,hirise_clean,0,C:\Users\deves\OneDrive\Desktop\Projects\TCMD-SS\data\raw\hirise_v3_2\map-proj-v3_2\ESP_026472_1410_RED-0147.jpg
map-proj-v3_2/ESP_026472_1410_RED-0149.jpg,ok,,JPEG,227.0,227.0,L,1.0,1.0,normal,crater,train,esp_026472_1410_red-0149,[],4d19773f92d0ee3f2fb8a8af2579df1f408fe581f7138a3ef139fd7a91e15eb9,2d5eeb77264b4cd0a8eee9bf237a344ec9c8a5a81fbe35eeccd51fe64628547d,93b6ec9813666cc9,63.64769353179763,16.925055225585112,5e0042cf0e89a054,[],1.0,esp_026472_1410,['train'],1.0,Counter({'train': 1}),val,59d2c6861deea26d,True,hirise_clean,0,C:\Users\deves\OneDrive\Desktop\Projects\TCMD-SS\data\raw\hirise_v3_2\map-proj-v3_2\ESP_026472_1410_RED-0149.jpg
map-proj-v3_2/ESP_026472_1410_RED-0151.jpg,ok,,JPEG,227.0,227.0,L,1.0,1.0,normal,other,train,esp_026472_1410_red-0151,[],eeb23acaac149d71617da78c0ac72fd0e88ba6510410fb621c18dda36c4ba93b,80d9fe46c9db6fb2b2df914686e46ac10a7f8d7b56d1c8efd2690d1d94fa60f0,8c33a6cc99e3a62d,25.647266587746707,24.411012829293973,198c5bdfa81fb70c,[],0.0,esp_026472_1410,['train'],1.0,Counter({'train': 1}),val,59d2c6861deea26d,True,hirise_clean,0,C:\Users\deves\OneDrive\Desktop\Projects\TCMD-SS\data\raw\hirise_v3_2\map-proj-v3_2\ESP_026472_1410_RED-0151.jpg
map-proj-v3_2/ESP_026472_1410_RED-0153.jpg,ok,,JPEG,227.0,227.0,L,1.0,1.0,normal,other,train,esp_026472_1410_red-0153,[],47e6bc6b0a7ad7d88181d2cdd6f6c5ddbc626b6c7754e5bfb83a84a64076203f,955b6d7bf70d5a1c4b3b33057a5e73b31f24b9762cd9a37757f3bfe2b9987934,9f1b3236c5e332c2,60.56729220438976,18.602918095550606,4fbe36d80c4ca9bc,[],0.0,esp_026472_1410,['train'],1.0,Counter({'train': 1}),val,59d2c6861deea26d,True,hirise_clean,0,C:\Users\deves\OneDrive\Desktop\Projects\TCMD-SS\data\raw\hirise_v3_2\map-proj-v3_2\ESP_026472_1410_RED-0153.jpg
map-proj-v3_2/ESP_026472_1410_RED-0155.jpg,ok,,JPEG,227.0,227.0,L,1.0,1.0,normal,crater,train,esp_026472_1410_red-0155,[],588e7bfded0015629b03045c239896debc6900e23e8aeb568cb30a1dbb8b14bd,e1932818c4354d56e9535858c3f36536ad1e35900c0266d077fee461e6f21806,b86fde3469d89830,60.0268586621126,19.57899808507777,dcf169c83a2c4f7c,[],1.0,esp_026472_1410,['train'],1.0,Counter({'train': 1}),val,59d2c6861deea26d,True,hirise_clean,0,C:\Users\deves\OneDrive\Desktop\Projects\TCMD-SS\data\raw\hirise_v3_2\map-proj-v3_2\ESP_026472_1410_RED-0155.jpg
map-proj-v3_2/ESP_026472_1410_RED-0160.jpg,ok,,JPEG,227.0,227.0,L,1.0,1.0,normal,other,train,esp_026472_1410_red-0160,[],ed34366656e738934a13a9527e53095fe673cab7b0549696670ab3c0f8e31b8f,23b038e5c0c04ab723a3a5f1036dc572ec9421be6282fa826a1ff1394459eb65,992366666da8ad99,29.00595781016515,27.908491083104845,079962009e5b8798,[],0.0,esp_026472_1410,['train'],1.0,Counter({'train': 1}),val,59d2c6861deea26d,True,hirise_clean,0,C:\Users\deves\OneDrive\Desktop\Projects\TCMD-SS\data\raw\hirise_v3_2\map-proj-v3_2\ESP_026472_1410_RED-0160.jpg
map-proj-v3_2/ESP_026472_1410_RED-0162.jpg,ok,,JPEG,227.0,227.0,L,1.0,1.0,normal,crater,train,esp_026472_1410_red-0162,[],59fe18de42c07fe5894e6beea73e9a46114f09b4c00b133528b8b578c7c7cd48,96a21d7dbb6be092bef040e56607a6f634dd27feb539dfcc7b4468d7cf78b117,d3624c993326cd9b,55.11649750625861,42.92716029222218,a85994f815da0b20,[],1.0,esp_026472_1410,['train'],1.0,Counter({'train': 1}),val,59d2c6861deea26d,True,hirise_clean,0,C:\Users\deves\OneDrive\Desktop\Projects\TCMD-SS\data\raw\hirise_v3_2\map-proj-v3_2\ESP_026472_1410_RED-0162.jpg
map-proj-v3_2/ESP_026472_1410_RED-0167.jpg,ok,,JPEG,227.0,227.0,L,1.0,1.0,normal,other,train,esp_026472_1410_red-0167,[],c9549a3cf26263b317f0f9c9f37b24b5828b7b45b29cf8e0973defd254251046,ed7483944eb06f51b92fca1a09d1ff95360fa9fa2053e5b27950bfe8f38d045b,e7cd61eb00000fff,38.30148071959479,28.38779423134561,ea0ba917c9981ee7,[],0.0,esp_026472_1410,['train'],1.0,Counter({'train': 1}),val,59d2c6861deea26d,True,hirise_clean,0,C:\Users\deves\OneDrive\Desktop\Projects\TCMD-SS\data\raw\hirise_v3_2\map-proj-v3_2\ESP_026472_1410_RED-0167.jpg
map-proj-v3_2/ESP_026472_1410_RED-0176.jpg,ok,,JPEG,227.0,227.0,L,1.0,1.0,normal,other,train,esp_026472_1410_red-0176,[],fc9574b06b9a144eaf81b2d95d99206ddbe629ad756b91a2320e8cd7ed210044,2e676f712934fca0b763dfe7d25258603a4270876b97151594342a27c01704d9,8e876345655b63a6,27.32762133943993,30.79077878822688,db5eb83c2dc2f4c0,[],0.0,esp_026472_1410,['train'],1.0,Counter({'train': 1}),val,59d2c6861deea26d,True,hirise_clean,0,C:\Users\deves\OneDrive\Desktop\Projects\TCMD-SS\data\raw\hirise_v3_2\map-proj-v3_2\ESP_026472_1410_RED-0176.jpg
map-proj-v3_2/ESP_026472_1410_RED-0178.jpg,ok,,JPEG,227.0,227.0,L,1.0,1.0,normal,other,train,esp_026472_1410_red-0178,[],37a1b2a710e30d13f34843013097644885650836722a86c8e1a6db4128b6cc85,0b37614c078856cd67dcbf8e60e88bca3186efc35a1ccd5ffc86388d54f84ad2,d2d2c6c89b9336e4,58.44852413204215,46.515382353361815,3eb1a3b856f00cf3,[],0.0,esp_026472_1410,['train'],1.0,Counter({'train': 1}),val,59d2c6861deea26d,True,hirise_clean,0,C:\Users\deves\OneDrive\Desktop\Projects\TCMD-SS\data\raw\hirise_v3_2\map-proj-v3_2\ESP_026472_1410_RED-0178.jpg
map-proj-v3_2/ESP_026472_1410_RED-0180.jpg,ok,,JPEG,227.0,227.0,L,1.0,1.0,normal,other,train,esp_026472_1410_red-0180,[],3acd5876d7f65b7d813831e8bf940b4d3f47d73c06c273f7d202d9739bd943ac,7a7b36c07ca9f4362da0922df8b110a4adf1af68e912be0f6d174f8d23930ada,92cfcc3913b6e40d,49.97779890935202,22.99682959617109,9af5f82cacab9096,[],0.0,esp_026472_1410,['train'],1.0,Counter({'train': 1}),val,59d2c6861deea26d,True,hirise_clean,0,C:\Users\deves\OneDrive\Desktop\Projects\TCMD-SS\data\raw\hirise_v3_2\map-proj-v3_2\ESP_026472_1410_RED-0180.jpg
map-proj-v3_2/ESP_026472_1410_RED-0181.jpg,ok,,JPEG,227.0,227.0,L,1.0,1.0,normal,crater,train,esp_026472_1410_red-0181,[],21e816ad019defe832626c298a8c16fe59d23356f8c839115fc1228b77256bcd,135dac12837ff0b59da53dd6256a8e4070273ac4270d1f6a7f152be080a094f8,a9c6a6cc993366cc,108.18506083952724,28.991284568166087,772a8dfe1f17be58,[],1.0,esp_026472_1410,['train'],1.0,Counter({'train': 1}),val,59d2c6861deea26d,True,hirise_clean,0,C:\Users\deves\OneDrive\Desktop\Projects\TCMD-SS\data\raw\hirise_v3_2\map-proj-v3_2\ESP_026472_1410_RED-0181.jpg
map-proj-v3_2/ESP_026472_1410_RED-0182.jpg,ok,,JPEG,227.0,227.0,L,1.0,1.0,normal,other,train,esp_026472_1410_red-0182,[],e5c447988b8ae4bfd4f9a35d103ff7caa320286ac8fb6f2482da368bb7709941,be8cd269668cf5ad3d22148db51f684fcebf71be292b26adb6b5273f463cd3ee,c0b83f75d161a12f,42.831958702866345,29.46660963000921,3088686d40fbea1c,[],0.0,esp_026472_1410,['train'],1.0,Counter({'train': 1}),val,59d2c6861deea26d,True,hirise_clean,0,C:\Users\deves\OneDrive\Desktop\Projects\TCMD-SS\data\raw\hirise_v3_2\map-proj-v3_2\ESP_026472_1410_RED-0182.jpg
map-proj-v3_2/ESP_026472_1410_RED-0184.jpg,ok,,JPEG,227.0,227.0,L,1.0,1.0,normal,other,train,esp_026472_1410_red-0184,[],8bb3c2b484558c71c259992fad93fdcc5bb2e3f87096cb626f362f868585f059,88aa1ccc2119d8df92cbcd0188fdb702458efccc994f3ed24fc7e3c174b5c5dc,ed72c5986da2c89a,46.0550369694735,15.969242542809363,a8151e8c9c3979fc,[],0.0,esp_026472_1410,['train'],1.0,Counter({'train': 1}),val,59d2c6861deea26d,True,hirise_clean,0,C:\Users\deves\OneDrive\Desktop\Projects\TCMD-SS\data\raw\hirise_v3_2\map-proj-v3_2\ESP_026472_1410_RED-0184.jpg
map-proj-v3_2/ESP_026472_1410_RED-0186.jpg,ok,,JPEG,227.0,227.0,L,1.0,1.0,normal,other,train,esp_026472_1410_red-0186,[],a7ab5e10e2b04ff6d2ff7552f0a208a68d03eba25d3ddb247c5095c6773305ac,9e9659b381e0a9a335c8cf47ad33b95e581b06efd24521d3051edf27f725624f,d2ca1d993b3330d3,103.76714083331716,58.67784671890021,67cb52b6e86e9e5d,[],0.0,esp_026472_1410,['train'],1.0,Counter({'train': 1}),val,59d2c6861deea26d,True,hirise_clean,0,C:\Users\deves\OneDrive\Desktop\Projects\TCMD-SS\data\raw\hirise_v3_2\map-proj-v3_2\ESP_026472_1410_RED-0186.jpg
map-proj-v3_2/ESP_026472_1410_RED-0191.jpg,ok,,JPEG,227.0,227.0,L,1.0,1.0,normal,crater,train,esp_026472_1410_red-0191,[],7183a130b6f207ac0861400fa9a802847f0eddefaccd00ae02c132f35df612fe,a3bcc4011f3c75294092f7fe285f17f13d7fb51bec602bd3a2296e8867d4112e,bce4cf1a10a6c957,64.11987424557046,19.99102077576892,ed61c1ccf6ee1133,[],1.0,esp_026472_1410,['train'],1.0,Counter({'train': 1}),val,59d2c6861deea26d,True,hirise_clean,0,C:\Users\deves\OneDrive\Desktop\Projects\TCMD-SS\data\raw\hirise_v3_2\map-proj-v3_2\ESP_026472_1410_RED-0191.jpg
map-proj-v3_2/ESP_026472_1410_RED-0192.jpg,ok,,JPEG,227.0,227.0,L,1.0,1.0,normal,other,train,esp_026472_1410_red-0192,[],6f4a9cb7835b1856877b43df11a1cea0431f73491a2a90fb7f165a2187d7a18c,898dddfc857c99a4a4c1a5cad64f714060d1d0cb031f11edcac9a2e6db9ec8be,80d0a53b768db3c7,57.94127578645035,32.88497549159087,34f7b37604f9fc6c,[],0.0,esp_026472_1410,['train'],1.0,Counter({'train': 1}),val,59d2c6861deea26d,True,hirise_clean,0,C:\Users\deves\OneDrive\Desktop\Projects\TCMD-SS\data\raw\hirise_v3_2\map-proj-v3_2\ESP_026472_1410_RED-0192.jpg
map-proj-v3_2/ESP_026472_1410_RED-0200.jpg,ok,,JPEG,227.0,227.0,L,1.0,1.0,normal,other,train,esp_026472_1410_red-0200,[],d8a815c0cf4a9cc94fb4ccbcf84e203160e3fc72aa3a728946ff79c17e70e811,f4a0717ef25691ed54e7b53dd3515bdcd83eac6a3736074f00bb4eb215ca82ef,8e4333ea3cb863c6,55.01748529954006,37.49462037674009,40f2b1ed11d40386,[],0.0,esp_026472_1410,['train'],1.0,Counter({'train': 1}),val,59d2c6861deea26d,True,hirise_clean,0,C:\Users\deves\OneDrive\Desktop\Projects\TCMD-SS\data\raw\hirise_v3_2\map-proj-v3_2\ESP_026472_1410_RED-0200.jpg
map-proj-v3_2/ESP_026472_1410_RED-0202.jpg,ok,,JPEG,227.0,227.0,L,1.0,1.0,normal,other,train,esp_026472_1410_red-0202,[],c9222dac30b595911c79db500281425eb57028f75fbd8242d270f8364f675c35,301f0215500af81beebe92b3129ffa3793a7c4fe169cd7f793e8284b24075ac0,dc3c8078a37ba3e2,68.60224339692212,20.99772865525786,c49063fa393ee33a,[],0.0,esp_026472_1410,['train'],1.0,Counter({'train': 1}),val,59d2c6861deea26d,True,hirise_clean,0,C:\Users\deves\OneDrive\Desktop\Projects\TCMD-SS\data\raw\hirise_v3_2\map-proj-v3_2\ESP_026472_1410_RED-0202.jpg
map-proj-v3_2/ESP_026472_1410_RED-0203.jpg,ok,,JPEG,227.0,227.0,L,1.0,1.0,normal,other,train,esp_026472_1410_red-0203,[],a86500a2bdfb762d19d02eab2c68fd14fb1996b576c69fedf0cc10ef9a37b4e7,2cb0fe9fbb84ee5eff03a1a8f1ae87d04aea45f5e8b71d9c4d4f68ec51faa76a,a181bb6a926d5b36,100.10233072638708,26.37328762264532,1d835d1382026f31,[],0.0,esp_026472_1410,['train'],1.0,Counter({'train': 1}),val,59d2c6861deea26d,True,hirise_clean,0,C:\Users\deves\OneDrive\Desktop\Projects\TCMD-SS\data\raw\hirise_v3_2\map-proj-v3_2\ESP_026472_1410_RED-0203.jpg
map-proj-v3_2/ESP_026472_1410_RED-0213.jpg,ok,,JPEG,227.0,227.0,L,1.0,1.0,normal,other,train,esp_026472_1410_red-0213,[],1c0b1cde2c724b8eadeba03f2cb74add075cc0cc97d1731609c787a4938aceff,52921a2f352032432666a2899c8dc4749ba3ee847940a26c265aaea69b4a21be,813f414f5435ed9a,87.13506957247375,27.8858153639969,dc7adab6bde90bc3,[],0.0,esp_026472_1410,['train'],1.0,Counter({'train': 1}),val,59d2c6861deea26d,True,hirise_clean,0,C:\Users\deves\OneDrive\Desktop\Projects\TCMD-SS\data\raw\hirise_v3_2\map-proj-v3_2\ESP_026472_1410_RED-0213.jpg
map-proj-v3_2/ESP_026472_1410_RED-0220.jpg,ok,,JPEG,227.0,227.0,L,1.0,1.0,normal,crater,train,esp_026472_1410_red-0220,[],0f0589e7ed8d19603b92742edc6fffcd3dd3bc603e4b2d3594e3222aec97f7a7,7a2f0ab515994357231e4858dadfc182514dd389fee631f2bc1966d63b650656,bb6664d83362cc99,67.54155912204777,21.647580342749745,0ccee08b928d152b,[],1.0,esp_026472_1410,['train'],1.0,Counter({'train': 1}),val,59d2c6861deea26d,True,hirise_clean,0,C:\Users\deves\OneDrive\Desktop\Projects\TCMD-SS\data\raw\hirise_v3_2\map-proj-v3_2\ESP_026472_1410_RED-0220.jpg
map-proj-v3_2/ESP_026472_1410_RED-0223.jpg,ok,,JPEG,227.0,227.0,L,1.0,1.0,normal,crater,train,esp_026472_1410_red-0223,[],30665ea6554a4cf0f4722d53919ecbee41813a3c7a9fe0a9c27b5b047d0c1cb2,825c28e99df8c359ffa415bac1524885642c884a318b40b79b8d2d91f466ef63,a3f86c0dd3270cd9,86.7327524306701,18.59436075720905,e574e216497b2392,[],1.0,esp_026472_1410,['train'],1.0,Counter({'train': 1}),val,59d2c6861deea26d,True,hirise_clean,0,C:\Users\deves\OneDrive\Desktop\Projects\TCMD-SS\data\raw\hirise_v3_2\map-proj-v3_2\ESP_026472_1410_RED-0223.jpg
map-proj-v3_2/ESP_026472_1410_RED-0224.jpg,ok,,JPEG,227.0,227.0,L,1.0,1.0,normal,other,train,esp_026472_1410_red-0224,[],fed75dbb14de981ffe6a227690397088783ea482dbaeaecd8f9b1de89b9459d7,81b371809889025d03637fc33dbd4c605ad3e757100cd4875c051d05342b5cf3,94ca9d6899f2e4c5,54.319703467950085,42.28765159479081,d2e5fce0aeccf4cc,[],0.0,esp_026472_1410,['train'],1.0,Counter({'train': 1}),val,59d2c6861deea26d,True,hirise_clean,0,C:\Users\deves\OneDrive\Desktop\Projects\TCMD-SS\data\raw\hirise_v3_2\map-proj-v3_2\ESP_026472_1410_RED-0224.jpg
map-proj-v3_2/ESP_026472_1410_RED-0226.jpg,ok,,JPEG,227.0,227.0,L,1.0,1.0,normal,other,train,esp_026472_1410_red-0226,[],18389c0426376923b66690cbb996ecffcdcf564615d90cae8e8a817af2a37ffe,1f2af2073e463396710d219f2b55a9e72ad4a48f0ac3d1860f1081fb8a0bafa0,d66ad9c91ab44999,65.02575248888975,40.11156858678272,6be2f01d500efcb2,[],0.0,esp_026472_1410,['train'],1.0,Counter({'train': 1}),val,59d2c6861deea26d,True,hirise_clean,0,C:\Users\deves\OneDrive\Desktop\Projects\TCMD-SS\data\raw\hirise_v3_2\map-proj-v3_2\ESP_026472_1410_RED-0226.jpg
map-proj-v3_2/ESP_026472_1410_RED-0238.jpg,ok,,JPEG,227.0,227.0,L,1.0,1.0,normal,crater,train,esp_026472_1410_red-0238,[],d57271f50c39bee84a896a41c3f6393480d96b71f37af8ab9372a734fbe4f81a,9235c4baf673ecb5486c2b7ead4712a753c6d3cbba0b42c245b5ce9ae23e1570,e9c0b2a8f9e364c9,73.46668866075414,20.81547120646587,32df96d5bcbcd659,[],1.0,esp_026472_1410,['train'],1.0,Counter({'train': 1}),val,59d2c6861deea26d,True,hirise_clean,0,C:\Users\deves\OneDrive\Desktop\Projects\TCMD-SS\data\raw\hirise_v3_2\map-proj-v3_2\ESP_026472_1410_RED-0238.jpg
map-proj-v3_2/ESP_026472_1410_RED-0241.jpg,ok,,JPEG,227.0,227.0,L,1.0,1.0,normal,other,train,esp_026472_1410_red-0241,[],cae7708bc52771ff0e5d1480db00bcd406d965cfceeab827d96f52b5815e64be,52b6c2cbdb7e7c83ec72e98cc200367ee30b9d9bcadc9148072e65be9795d57b,be618b1be62809bb,92.51514681053388,20.331711541468515,ed61be686e61da30,[],0.0,esp_026472_1410,['train'],1.0,Counter({'train': 1}),val,59d2c6861deea26d,True,hirise_clean,0,C:\Users\deves\OneDrive\Desktop\Projects\TCMD-SS\data\raw\hirise_v3_2\map-proj-v3_2\ESP_026472_1410_RED-0241.jpg
map-proj-v3_2/ESP_026472_1410_RED-0243.jpg,ok,,JPEG,227.0,227.0,L,1.0,1.0,normal,crater,train,esp_026472_1410_red-0243,[],47259d9221c7a8095878a180dc797a026f8e32be9cce06ba895addb07984c4a6,a701bb13e584bde0aef14e19d63dd19200a02123d055e5379b414c90dc9223e0,d6aa152a462f5f98,89.32884395194938,20.405035615101824,d4586bcb98cfb46a,[],1.0,esp_026472_1410,['train'],1.0,Counter({'train': 1}),val,59d2c6861deea26d,True,hirise_clean,0,C:\Users\deves\OneDrive\Desktop\Projects\TCMD-SS\data\raw\hirise_v3_2\map-proj-v3_2\ESP_026472_1410_RED-0243.jpg
map-proj-v3_2/ESP_026472_1410_RED-0248.jpg,ok,,JPEG,227.0,227.0,L,1.0,1.0,normal,crater,train,esp_026472_1410_red-0248,[],92d3d18c4279727cef48ac39691c959e298b4bbcd8e50f417ee45800130a377f,b1c7f2faf2faafc672fc5021665c7bd045ce441f472cff3fb99273a8de292459,db776c5c11260cd9,94.59139513671911,21.93696713260774,c4117f62db69b227,[],1.0,esp_026472_1410,['train'],1.0,Counter({'train': 1}),val,59d2c6861deea26d,True,hirise_clean,0,C:\Users\deves\OneDrive\Desktop\Projects\TCMD-SS\data\raw\hirise_v3_2\map-proj-v3_2\ESP_026472_1410_RED-0248.jpg
map-proj-v3_2/ESP_026472_1410_RED-0253.jpg,ok,,JPEG,227.0,227.0,L,1.0,1.0,normal,crater,train,esp_026472_1410_red-0253,[],29611d25f97d5dba94072ceefee79ad54ba05acffb29962ea311039b72e10f94,6b286b1043a79aaa108ec625329c6fa2e9eb8e80c477dc5b02e4074fe7e8d9c7,827c6dd2664c9976,79.50224145626734,44.8152678890396,66e9d684fcc87c74,[],1.0,esp_026472_1410,['train'],1.0,Counter({'train': 1}),val,59d2c6861deea26d,True,hirise_clean,0,C:\Users\deves\OneDrive\Desktop\Projects\TCMD-SS\data\raw\hirise_v3_2\map-proj-v3_2\ESP_026472_1410_RED-0253.jpg
map-proj-v3_2/ESP_026472_1410_RED-0254.jpg,ok,,JPEG,227.0,227.0,L,1.0,1.0,normal,crater,train,esp_026472_1410_red-0254,[],c98fa5bafdc6f216b6c44211ac7ed21b5019c6e092f028195009a338c8e1eaff,91b001882e76bcab513ed164ec893d1961383922b8cdcab27db0865d58b553ac,c9d93870e2c78e1d,101.2713423509092,20.922845271007017,890f0b8330cf0e3d,[],1.0,esp_026472_1410,['train'],1.0,Counter({'train': 1}),val,59d2c6861deea26d,True,hirise_clean,0,C:\Users\deves\OneDrive\Desktop\Projects\TCMD-SS\data\raw\hirise_v3_2\map-proj-v3_2\ESP_026472_1410_RED-0254.jpg
map-proj-v3_2/ESP_026472_1410_RED-0256.jpg,ok,,JPEG,227.0,227.0,L,1.0,1.0,normal,other,train,esp_026472_1410_red-0256,[],2854dbf782f63abfe3b4c38cecb2fdee7d7bdd5b2247ec8ab120683d4ca5ea6e,6eca090108d40549ba48747f62180cc48436e51db0117033229fade714078aec,dc230319376fd8b2,106.00157193036932,23.62415004242133,9b68594df3668482,[],0.0,esp_026472_1410,['train'],1.0,Counter({'train': 1}),val,59d2c6861deea26d,True,hirise_clean,0,C:\Users\deves\OneDrive\Desktop\Projects\TCMD-SS\data\raw\hirise_v3_2\map-proj-v3_2\ESP_026472_1410_RED-0256.jpg
map-proj-v3_2/ESP_026472_1410_RED-0257.jpg,ok,,JPEG,227.0,227.0,L,1.0,1.0,normal,crater,train,esp_026472_1410_red-0257,[],f98afb4ec459b74fe73d4e8bf3842cbc8bcbe0a22bdc3f963e9cd60f0f5e0adc,044bc94849c6d6321c0bd18914945269d3c0d1fd8733e1ea0c138e84e83077d8,d31424ed9b66cc99,87.17281530788487,25.61214995170497,c0d79fdf69cfeb8e,[],1.0,esp_026472_1410,['train'],1.0,Counter({'train': 1}),val,59d2c6861deea26d,True,hirise_clean,0,C:\Users\deves\OneDrive\Desktop\Projects\TCMD-SS\data\raw\hirise_v3_2\map-proj-v3_2\ESP_026472_1410_RED-0257.jpg
map-proj-v3_2/ESP_026472_1410_RED-0259.jpg,ok,,JPEG,227.0,227.0,L,1.0,1.0,normal,crater,train,esp_026472_1410_red-0259,[],9f314f04743da0698a1eb06036a264a79f7219bc53983c011f002d69bfea27db,9699dee912a0def2c38933ea7290be5869b1b6a4b2fe54ec7285c215a3deae15,f3631430cba7ec98,81.27786295095966,14.480708641076166,d1beb7543f539b82,[],1.0,esp_026472_1410,['train'],1.0,Counter({'train': 1}),val,59d2c6861deea26d,True,hirise_clean,0,C:\Users\deves\OneDrive\Desktop\Projects\TCMD-SS\data\raw\hirise_v3_2\map-proj-v3_2\ESP_026472_1410_RED-0259.jpg
map-proj-v3_2/ESP_026472_1410_RED-0261.jpg,ok,,JPEG,227.0,227.0,L,1.0,1.0,normal,crater,train,esp_026472_1410_red-0261,[],b9ef77906720115db14be9a40f9be610f110574bbf2dc1be7c482029b58c6539,d11470cdabbd9523e856ec89f177f7d45f9727bfcad86a04e73fb786998449c3,b9eac2599da2c499,74.03997748840459,16.237225520502495,285f6118d6cd4292,[],1.0,esp_026472_1410,['train'],1.0,Counter({'train': 1}),val,59d2c6861deea26d,True,hirise_clean,0,C:\Users\deves\OneDrive\Desktop\Projects\TCMD-SS\data\raw\hirise_v3_2\map-proj-v3_2\ESP_026472_1410_RED-0261.jpg
map-proj-v3_2/ESP_026472_1410_RED-0263.jpg,ok,,JPEG,227.0,227.0,L,1.0,1.0,normal,other,train,esp_026472_1410_red-0263,[],15ba65cd2b2389258df20ef2736ed8c8c7ddf2974d1da20dd5105ed93cf29b68,c2c6f9d83457a99d6af560014d7ee1531a50e1b37be8151d9a87a831fcfc2390,cb117ceaf1b146a4,100.35162723903044,17.118922250003067,6b744e898e11696e,[],0.0,esp_026472_1410,['train'],1.0,Counter({'train': 1}),val,59d2c6861deea26d,True,hirise_clean,0,C:\Users\deves\OneDrive\Desktop\Projects\TCMD-SS\data\raw\hirise_v3_2\map-proj-v3_2\ESP_026472_1410_RED-0263.jpg
map-proj-v3_2/ESP_026472_1410_RED-0265.jpg,ok,,JPEG,227.0,227.0,L,1.0,1.0,normal,other,train,esp_026472_1410_red-0265,[],12e7572bba68032fe20187564f26269321b7fe662de89989a5e6c5062650497a,5838cab122489e010d0cbcc7e8c168dfd0e66fdc91799a5204ef0b008805dd29,f740d124213bb4ef,86.83091074928682,25.65072450953176,8a30fdb8a02dff40,[],0.0,esp_026472_1410,['train'],1.0,Counter({'train': 1}),val,59d2c6861deea26d,True,hirise_clean,0,C:\Users\deves\OneDrive\Desktop\Projects\TCMD-SS\data\raw\hirise_v3_2\map-proj-v3_2\ESP_026472_1410_RED-0265.jpg
map-proj-v3_2/ESP_026472_1410_RED-0268.jpg,ok,,JPEG,227.0,227.0,L,1.0,1.0,normal,crater,train,esp_026472_1410_red-0268,[],f8e73833fade38d7ff5c3b32bca73a548c90670f8b9d85571ed6f42efa9226ca,c41162cac1e400c09a7b18db73ee3bf879ebdc61ae4f3f98483c062ce5782435,9f80fe80fb20ee98,75.34349589551515,17.950077572046972,f6923a7aa3a82eb9,[],1.0,esp_026472_1410,['train'],1.0,Counter({'train': 1}),val,59d2c6861deea26d,True,hirise_clean,0,C:\Users\deves\OneDrive\Desktop\Projects\TCMD-SS\data\raw\hirise_v3_2\map-proj-v3_2\ESP_026472_1410_RED-0268.jpg
map-proj-v3_2/ESP_026472_1410_RED-0270.jpg,ok,,JPEG,227.0,227.0,L,1.0,1.0,normal,crater,train,esp_026472_1410_red-0270,[],3405b3bdc6eede9c55fd23bc175eb4ee566acaed7d034ad38b70df9443e32e85,03b3d53a57ddc1cba633c28904a71127d20fbeec2455785d7bc04448b8773f57,d19f31ce30c738c5,92.43686079683285,21.44074940740479,c684c4f222607864,[],1.0,esp_026472_1410,['train'],1.0,Counter({'train': 1}),val,59d2c6861deea26d,True,hirise_clean,0,C:\Users\deves\OneDrive\Desktop\Projects\TCMD-SS\data\raw\hirise_v3_2\map-proj-v3_2\ESP_026472_1410_RED-0270.jpg
map-proj-v3_2/ESP_026472_1410_RED-0276.jpg,ok,,JPEG,227.0,227.0,L,1.0,1.0,normal,crater,train,esp_026472_1410_red-0276,[],8764a4d38a26e13aca95b803383fda7576f3d210476bc58517ebedd08d1ff53d,4f3d6c2579961660a76dafdbf94419f012379d0929de3f9402bcf262e5a164e0,b64a736c614b970e,97.65145840206486,16.680491057139065,f9ca3ba1913c3de8,[],1.0,esp_026472_1410,['train'],1.0,Counter({'train': 1}),val,59d2c6861deea26d,True,hirise_clean,0,C:\Users\deves\OneDrive\Desktop\Projects\TCMD-SS\data\raw\hirise_v3_2\map-proj-v3_2\ESP_026472_1410_RED-0276.jpg
map-proj-v3_2/ESP_026472_1410_RED-0277.jpg,ok,,JPEG,227.0,227.0,L,1.0,1.0,normal,other,train,esp_026472_1410_red-0277,[],996a75db68d26c8942facde5e7e6ea5f7ec23ba65459ad7d268ca8cb0ef6465c,c81b9738ea193b3054970f6458a5709f7391a3d1b5589b51331af33999266794,ffe3c48c5185a346,83.63009179297094,16.094076954013964,ebefc43475f021d3,[],0.0,esp_026472_1410,['train'],1.0,Counter({'train': 1}),val,59d2c6861deea26d,True,hirise_clean,0,C:\Users\deves\OneDrive\Desktop\Projects\TCMD-SS\data\raw\hirise_v3_2\map-proj-v3_2\ESP_026472_1410_RED-0277.jpg
map-proj-v3_2/ESP_026472_1410_RED-0281.jpg,ok,,JPEG,227.0,227.0,L,1.0,1.0,normal,crater,train,esp_026472_1410_red-0281,[],be8979ad016cf47656858ee7e89ae9741dfad078662e3ffc89f93e250c2cd6d0,8051a49595b682c518b9b53a9e26681059f13ee9db4cd81b8b7d7dba0dad212a,c9b866cccb53668c,85.71821692639097,15.473311337024276,425465f135d33001,[],1.0,esp_026472_1410,['train'],1.0,Counter({'train': 1}),val,59d2c6861deea26d,True,hirise_clean,0,C:\Users\deves\OneDrive\Desktop\Projects\TCMD-SS\data\raw\hirise_v3_2\map-proj-v3_2\ESP_026472_1410_RED-0281.jpg
map-proj-v3_2/ESP_026472_1410_RED-0282.jpg,ok,,JPEG,227.0,227.0,L,1.0,1.0,normal,crater,train,esp_026472_1410_red-0282,[],977b125a825b03278246564d093f375abe790ed9883fcbcbc372e95bb26053c6,f113bdfe953dec1a2d1a3503979d56301f861ba55bb29cc379dd09f03f03c187,c3f886b9c326e48d,92.15278775058704,18.490677185401868,1b96c65d1f115529,[],1.0,esp_026472_1410,['train'],1.0,Counter({'train': 1}),val,59d2c6861deea26d,True,hirise_clean,0,C:\Users\deves\OneDrive\Desktop\Projects\TCMD-SS\data\raw\hirise_v3_2\map-proj-v3_2\ESP_026472_1410_RED-0282.jpg
map-proj-v3_2/ESP_026472_1410_RED-0285.jpg,ok,,JPEG,227.0,227.0,L,1.0,1.0,normal,crater,train,esp_026472_1410_red-0285,[],b8f95fe0b52766c77a561bfe87ea70af95a4ceb8556dab7dda43f4ab50cf26cd,4fc7d6f2f988e6bd472e925237be566193fa8dff1f0c4f40646469ca31e46c40,f3e284981376ec99,94.85856507985794,18.78306504339745,0c5b2e101e5ccefb,[],1.0,esp_026472_1410,['train'],1.0,Counter({'train': 1}),val,59d2c6861deea26d,True,hirise_clean,0,C:\Users\deves\OneDrive\Desktop\Projects\TCMD-SS\data\raw\hirise_v3_2\map-proj-v3_2\ESP_026472_1410_RED-0285.jpg
map-proj-v3_2/ESP_026472_1410_RED-0287.jpg,ok,,JPEG,227.0,227.0,L,1.0,1.0,normal,crater,train,esp_026472_1410_red-0287,[],65ded8949712fb9e14a9e1016e56ef63d331d73592aa70ecd7f27cb846c08291,fdc1de872b8160cfbbe61df3005233669eb4acdbf7b3ab74ced08f7ac45b8d9d,93237cbf47262c98,106.36559995342428,17.422820865848056,10b3134802dce054,[],1.0,esp_026472_1410,['train'],1.0,Counter({'train': 1}),val,59d2c6861deea26d,True,hirise_clean,0,C:\Users\deves\OneDrive\Desktop\Projects\TCMD-SS\data\raw\hirise_v3_2\map-proj-v3_2\ESP_026472_1410_RED-0287.jpg
map-proj-v3_2/ESP_026472_1410_RED-0289.jpg,ok,,JPEG,227.0,227.0,L,1.0,1.0,normal,crater,train,esp_026472_1410_red-0289,[],887b14e15653ca04c421721c05638521aad6dce400d9150787cb5f9d265eefc2,be4d7212c90f91bacdf3a7fe337147081f477a81dd8ad0ac07528703030ffa84,a9d1c68e993133ce,98.90091016709036,24.90720617394247,be579acc3ae3849f,[],1.0,esp_026472_1410,['train'],1.0,Counter({'train': 1}),val,59d2c6861deea26d,True,hirise_clean,0,C:\Users\deves\OneDrive\Desktop\Projects\TCMD-SS\data\raw\hirise_v3_2\map-proj-v3_2\ESP_026472_1410_RED-0289.jpg
map-proj-v3_2/ESP_026472_1410_RED-0290.jpg,ok,,JPEG,227.0,227.0,L,1.0,1.0,normal,crater,train,esp_026472_1410_red-0290,[],accc21f561f5128fdc11996de33f79f1f277626f39685314adedd6d3dc279af3,b0a4ec759bb4d5e24ae5de5cd23f1ec9006cf1a212c8c11dc335d5ec9a0a96ad,9b86ac193367ce89,101.25913563236236,19.96261072723021,e7907bb27d193064,[],1.0,esp_026472_1410,['train'],1.0,Counter({'train': 1}),val,59d2c6861deea26d,True,hirise_clean,0,C:\Users\deves\OneDrive\Desktop\Projects\TCMD-SS\data\raw\hirise_v3_2\map-proj-v3_2\ESP_026472_1410_RED-0290.jpg
map-proj-v3_2/ESP_026472_1410_RED-0291.jpg,ok,,JPEG,227.0,227.0,L,1.0,1.0,normal,crater,train,esp_026472_1410_red-0291,[],333361e60c526321e2a1c730577f9075d6fc20013b12ef4bf29a1b30057f98b9,534f9eeffc8b6c7a23c88d1c24da1e661928933103ef7b1d1c5af3551a9a270b,d9d3cc39a1668cc9,99.72741563003358,16.73044312915878,1e4ab4d80add5066,[],1.0,esp_026472_1410,['train'],1.0,Counter({'train': 1}),val,59d2c6861deea26d,True,hirise_clean,0,C:\Users\deves\OneDrive\Desktop\Projects\TCMD-SS\data\raw\hirise_v3_2\map-proj-v3_2\ESP_026472_1410_RED-0291.jpg
map-proj-v3_2/ESP_026472_1410_RED-0292.jpg,ok,,JPEG,227.0,227.0,L,1.0,1.0,normal,crater,train,esp_026472_1410_red-0292,[],626f42c76220547b222bdbe56dc941c62e2e46064f7838603dd90102c86ca53b,10fa3b627c1f566b33ee425da884b41c0049a406654949b22d789bca64bb5dfa,833a7c733366cc89,108.8493275631198,15.41251877557567,72200718b49efa0f,[],1.0,esp_026472_1410,['train'],1.0,Counter({'train': 1}),val,59d2c6861deea26d,True,hirise_clean,0,C:\Users\deves\OneDrive\Desktop\Projects\TCMD-SS\data\raw\hirise_v3_2\map-proj-v3_2\ESP_026472_1410_RED-0292.jpg
map-proj-v3_2/ESP_026472_1410_RED-0294.jpg,ok,,JPEG,227.0,227.0,L,1.0,1.0,normal,crater,train,esp_026472_1410_red-0294,[],fc76efa96f1bc4029c7a8477ef2e8a287997260568998a4c0693ead5ba2ee92d,676eae5cb4cbcbefc0395e60db28edac79d53c8f9302ef0d9010735db7d19f75,80296bd73cf1336a,99.78225853402938,22.297875852507804,4bd1a1eff02ca344,[],1.0,esp_026472_1410,['train'],1.0,Counter({'train': 1}),val,59d2c6861deea26d,True,hirise_clean,0,C:\Users\deves\OneDrive\Desktop\Projects\TCMD-SS\data\raw\hirise_v3_2\map-proj-v3_2\ESP_026472_1410_RED-0294.jpg
map-proj-v3_2/ESP_026472_1410_RED-0300.jpg,ok,,JPEG,227.0,227.0,L,1.0,1.0,normal,crater,train,esp_026472_1410_red-0300,[],035dce3b70ff4834f60bc2d76790229f5a1caa87ca0e150fcf2bd021ee503488,ea9c9de0e9b38ad2af5bd411e2d7d624067f223b68c845252c40ff2ddc9a2f14,d998dcdc3936609c,98.79442643948067,18.857901110792763,23b0891cf1a1d1b2,[],1.0,esp_026472_1410,['train'],1.0,Counter({'train': 1}),val,59d2c6861deea26d,True,hirise_clean,0,C:\Users\deves\OneDrive\Desktop\Projects\TCMD-SS\data\raw\hirise_v3_2\map-proj-v3_2\ESP_026472_1410_RED-0300.jpg
map-proj-v3_2/ESP_026472_1410_RED-0301.jpg,ok,,JPEG,227.0,227.0,L,1.0,1.0,normal,crater,train,esp_026472_1410_red-0301,[],2de13a3bc0b233f17728e73c98165024d04b6e466af911f9cd1d3354d4ab75b2,bf674281ff2076796fa122b9b38be2ec237085248cf4724a9a6fce6cf90bd8b7,93652cd973658cd8,91.3647072522269,18.694107080965345,e8eaf3a09eaa4462,[],1.0,esp_026472_1410,['train'],1.0,Counter({'train': 1}),val,59d2c6861deea26d,True,hirise_clean,0,C:\Users\deves\OneDrive\Desktop\Projects\TCMD-SS\data\raw\hirise_v3_2\map-proj-v3_2\ESP_026472_1410_RED-0301.jpg
map-proj-v3_2/ESP_026472_1410_RED-0305.jpg,ok,,JPEG,227.0,227.0,L,1.0,1.0,normal,other,train,esp_026472_1410_red-0305,[],0cc263a3acf5b1ff4e894d2f5f43e9ef7646527a184755ba6fc6840395b25546,37667daa840a4d78043af0a5031c56cf00bf40ba35ae41297aac57d590f9970f,83a0bc6943cdbea5,81.17442605134973,43.295649095282286,aa3743cf60560c80,[],0.0,esp_026472_1410,['train'],1.0,Counter({'train': 1}),val,59d2c6861deea26d,True,hirise_clean,0,C:\Users\deves\OneDrive\Desktop\Projects\TCMD-SS\data\raw\hirise_v3_2\map-proj-v3_2\ESP_026472_1410_RED-0305.jpg
map-proj-v3_2/ESP_026472_1410_RED-0306.jpg,ok,,JPEG,227.0,227.0,L,1.0,1.0,normal,crater,train,esp_026472_1410_red-0306,[],eb8a69184faa21afc034727ad5873418a117dfdb38b32001cef009f538277407,91e6286e202c7c7d6ce92c29c21fcf990903754ad803f6cabe45825874ca64c5,db29263c310ff067,77.28502396708649,55.58436984502594,550e00dc2ba78c57,[],1.0,esp_026472_1410,['train'],1.0,Counter({'train': 1}),val,59d2c6861deea26d,True,hirise_clean,0,C:\Users\deves\OneDrive\Desktop\Projects\TCMD-SS\data\raw\hirise_v3_2\map-proj-v3_2\ESP_026472_1410_RED-0306.jpg
map-proj-v3_2/ESP_026472_1410_RED-0307.jpg,ok,,JPEG,227.0,227.0,L,1.0,1.0,normal,other,train,esp_026472_1410_red-0307,[],9146ee18b2cd214b7ec9606761a996324a2a5f330f6c07771c2c98ef78f7efc6,507723641818585b30af758d468f200eac7781b1a3ea4422f5cb50480d39f73c,c2c63bd2b64891f3,94.09786722040016,22.226494712330563,dd47b0af4647a947,[],0.0,esp_026472_1410,['train'],1.0,Counter({'train': 1}),val,59d2c6861deea26d,True,hirise_clean,0,C:\Users\deves\OneDrive\Desktop\Projects\TCMD-SS\data\raw\hirise_v3_2\map-proj-v3_2\ESP_026472_1410_RED-0307.jpg
map-proj-v3_2/ESP_026472_1410_RED-0309.jpg,ok,,JPEG,227.0,227.0,L,1.0,1.0,normal,other,train,esp_026472_1410_red-0309,[],ce64b8d0608ebae94c282e8e1b4870f57da157c0555ac37063cbfcc52974d9d2,1f3c377f5c67dfe2867b55b880180251f2632c7f3c643af4bf76f05c0a7371c4,d46af1c11abd6389,84.0337867996662,41.46328057865452,70a40d3d3574ea7f,[],0.0,esp_026472_1410,['train'],1.0,Counter({'train': 1}),val,59d2c6861deea26d,True,hirise_clean,0,C:\Users\deves\OneDrive\Desktop\Projects\TCMD-SS\data\raw\hirise_v3_2\map-proj-v3_2\ESP_026472_1410_RED-0309.jpg
map-proj-v3_2/ESP_026472_1410_RED-0310.jpg,ok,,JPEG,227.0,227.0,L,1.0,1.0,normal,other,train,esp_026472_1410_red-0310,[],3af4fa8047d865957148e764226589fdb62ad07a8fb431bf17acc4c901bf1f1f,b7a1cbc42bb6a913a107485b8f3374eac1eb202414760794c07238ec286c0b60,d1b166ce98793326,98.73021017291234,23.13034404697453,bdd0fd7b8861c44f,[],0.0,esp_026472_1410,['train'],1.0,Counter({'train': 1}),val,59d2c6861deea26d,True,hirise_clean,0,C:\Users\deves\OneDrive\Desktop\Projects\TCMD-SS\data\raw\hirise_v3_2\map-proj-v3_2\ESP_026472_1410_RED-0310.jpg
map-proj-v3_2/ESP_026472_1410_RED-0311.jpg,ok,,JPEG,227.0,227.0,L,1.0,1.0,normal,other,train,esp_026472_1410_red-0311,[],0e7de4be1256cd3f6f4aca9d093776d030916342ffb5be0baeffe4182f440b88,03addbc604901ff06abb134ae104336c901a68e1b423a365b8458f9d9c56ed8b,cf18b3b6207644db,95.20873682780572,22.066220813833837,c46cd3c10438ed18,[],0.0,esp_026472_1410,['train'],1.0,Counter({'train': 1}),val,59d2c6861deea26d,True,hirise_clean,0,C:\Users\deves\OneDrive\Desktop\Projects\TCMD-SS\data\raw\hirise_v3_2\map-proj-v3_2\ESP_026472_1410_RED-0311.jpg
map-proj-v3_2/ESP_026472_1410_RED-0312.jpg,ok,,JPEG,227.0,227.0,L,1.0,1.0,normal,crater,train,esp_026472_1410_red-0312,[],3b1f482558e2d635a2afd0a01cee7029292b477ceabc2c39816217f65c3a565e,d8feb0c26eae2fde56389b4e952352e3dd8b73cf8229a89e9ba46d65dd07f098,83b32c7c9b7364c8,87.54303401967825,19.751312850867137,0e52aca1bc87bacd,[],1.0,esp_026472_1410,['train'],1.0,Counter({'train': 1}),val,59d2c6861deea26d,True,hirise_clean,0,C:\Users\deves\OneDrive\Desktop\Projects\TCMD-SS\data\raw\hirise_v3_2\map-proj-v3_2\ESP_026472_1410_RED-0312.jpg
map-proj-v3_2/ESP_026472_1410_RED-0315.jpg,ok,,JPEG,227.0,227.0,L,1.0,1.0,normal,crater,train,esp_026472_1410_red-0315,[],691b89fa969c10a678a60563315e2c4f768fc86bf7e4cc78793be990de2008de,fef89eef55c6454703424e25e36ead369b5f3ac73207f2254fc80ed27236f26e,83d03ca93366dc9b,75.94115934716373,41.73679588916665,0a9bb0ff18412530,[],1.0,esp_026472_1410,['train'],1.0,Counter({'train': 1}),val,59d2c6861deea26d,True,hirise_clean,0,C:\Users\deves\OneDrive\Desktop\Projects\TCMD-SS\data\raw\hirise_v3_2\map-proj-v3_2\ESP_026472_1410_RED-0315.jpg
map-proj-v3_2/ESP_026472_1410_RED-0316.jpg,ok,,JPEG,227.0,227.0,L,1.0,1.0,normal,crater,train,esp_026472_1410_red-0316,[],f6cce1618c7b674ce4fd24c8f4072e0c4da6f56b78cd1a8cd361988ff5996e14,b31e5a74009c7430b0d478e8e1d23281c9250dff2c090d350bdc81442d42935b,a9fa469c9127668d,92.71507306565236,16.391029628791216,2a83c08e7d690f22,[],1.0,esp_026472_1410,['train'],1.0,Counter({'train': 1}),val,59d2c6861deea26d,True,hirise_clean,0,C:\Users\deves\OneDrive\Desktop\Projects\TCMD-SS\data\raw\hirise_v3_2\map-proj-v3_2\ESP_026472_1410_RED-0316.jpg
map-proj-v3_2/ESP_026472_1410_RED-0318.jpg,ok,,JPEG,227.0,227.0,L,1.0,1.0,normal,crater,train,esp_026472_1410_red-0318,[],c93d885faec2aa265997a764c7599e100c44c34ef9053869d6d004f61c3407a6,1aabb05d3b4e03521459e5788613e435ad8932fd5a418a7efa0cc532ddbb8658,b34a942d5b74cc99,81.03062353237982,14.777688938334226,bce4ccec3a154057,[],1.0,esp_026472_1410,['train'],1.0,Counter({'train': 1}),val,59d2c6861deea26d,True,hirise_clean,0,C:\Users\deves\OneDrive\Desktop\Projects\TCMD-SS\data\raw\hirise_v3_2\map-proj-v3_2\ESP_026472_1410_RED-0318.jpg
map-proj-v3_2/ESP_026472_1410_RED-0324.jpg,ok,,JPEG,227.0,227.0,L,1.0,1.0,normal,crater,train,esp_026472_1410_red-0324,[],7b533363f8fd57f241afef6ab3deb9aef80087884e5167344fcdda6208fdcc42,cf9f4dabe77a056287dd56d852ed1665ab5f46815cca2c00c2732c546571348c,f5a2869c3127ec59,101.67697801238138,17.34340157968581,5368464869b43f24,[],1.0,esp_026472_1410,['train'],1.0,Counter({'train': 1}),val,59d2c6861deea26d,True,hirise_clean,0,C:\Users\deves\OneDrive\Desktop\Projects\TCMD-SS\data\raw\hirise_v3_2\map-proj-v3_2\ESP_026472_1410_RED-0324.jpg
map-proj-v3_2/ESP_026472_1410_RED-0326.jpg,ok,,JPEG,227.0,227.0,L,1.0,1.0,normal,other,train,esp_026472_1410_red-0326,[],ced4a2b2cd6eba02b77c91462cec09f64f6eca2612c6e5f10475e6e093a5899e,f1457c5f98250eb3246adf101e897029995d99bec51c5c8e00b83f715b3381c7,dcc42798b3a6a8e3,93.79291272875469,19.90143343970984,c33e2347d5b891fa,[],0.0,esp_026472_1410,['train'],1.0,Counter({'train': 1}),val,59d2c6861deea26d,True,hirise_clean,0,C:\Users\deves\OneDrive\Desktop\Projects\TCMD-SS\data\raw\hirise_v3_2\map-proj-v3_2\ESP_026472_1410_RED-0326.jpg
map-proj-v3_2/ESP_026472_1410_RED-0328.jpg,ok,,JPEG,227.0,227.0,L,1.0,1.0,normal,crater,train,esp_026472_1410_red-0328,[],ee6d743fcca664f528a7241123d3218ee5c788a08ca9dde0232692a3ecd74be8,e121eac674da1a049b573e64818cc455936053e747d054b4484667b65d42d117,b1529ef1e3468c99,100.09284092452792,18.36102941166556,471f459e3568e2ed,[],1.0,esp_026472_1410,['train'],1.0,Counter({'train': 1}),val,59d2c6861deea26d,True,hirise_clean,0,C:\Users\deves\OneDrive\Desktop\Projects\TCMD-SS\data\raw\hirise_v3_2\map-proj-v3_2\ESP_026472_1410_RED-0328.jpg
map-proj-v3_2/ESP_026472_1410_RED-0330.jpg,ok,,JPEG,227.0,227.0,L,1.0,1.0,normal,crater,train,esp_026472_1410_red-0330,[],440520ce21e6e24ceef72dfac6526383e626ea48aa935d7ab82de461d879cb2b,9db6dd8d8ccf57eb104a6cc7c54817ebe5db1771d069c1651f937f27b4b58aa7,b9c3a68d39768499,98.28040520871744,40.07213542204459,fe78a68111b78f20,[],1.0,esp_026472_1410,['train'],1.0,Counter({'train': 1}),val,59d2c6861deea26d,True,hirise_clean,0,C:\Users\deves\OneDrive\Desktop\Projects\TCMD-SS\data\raw\hirise_v3_2\map-proj-v3_2\ESP_026472_1410_RED-0330.jpg
map-proj-v3_2/ESP_026472_1410_RED-0331.jpg,ok,,JPEG,227.0,227.0,L,1.0,1.0,normal,other,train,esp_026472_1410_red-0331,[],0e807329da354d7c798e89f8343be31b4c81032a67ad546984d0463204d27e58,b4a89197903c0eef20ccf324644d2ea6029d9e710440fb2bd3aa5037d46ed199,b9a3de98132c6993,107.99182984338916,16.03000202434857,4ed28d17aa2e2b3b,[],0.0,esp_026472_1410,['train'],1.0,Counter({'train': 1}),val,59d2c6861deea26d,True,hirise_clean,0,C:\Users\deves\OneDrive\Desktop\Projects\TCMD-SS\data\raw\hirise_v3_2\map-proj-v3_2\ESP_026472_1410_RED-0331.jpg
map-proj-v3_2/ESP_026472_1410_RED-0332.jpg,ok,,JPEG,227.0,227.0,L,1.0,1.0,normal,crater,train,esp_026472_1410_red-0332,[],4582ba6571077e040ec51c56709241b4f435d9745b05702fb3e0ebd3d5c24c14,151f548b6bbba840bf2633a9925c75a77dc9a69153b9dbf8ffcf4e9c3e70d786,add3867c91ab462c,112.75553571775116,19.34658900156279,317465f27bb2af96,[],1.0,esp_026472_1410,['train'],1.0,Counter({'train': 1}),val,59d2c6861deea26d,True,hirise_clean,0,C:\Users\deves\OneDrive\Desktop\Projects\TCMD-SS\data\raw\hirise_v3_2\map-proj-v3_2\ESP_026472_1410_RED-0332.jpg
map-proj-v3_2/ESP_026472_1410_RED-0333.jpg,ok,,JPEG,227.0,227.0,L,1.0,1.0,normal,other,train,esp_026472_1410_red-0333,[],f591073a5be9168498e475ce7ad60583176d3f27fcd0d79cc74bcbe5f9d2ce58,ea0af59953d967d72b19b901dfebf43856a9726446af7327e1b79368feae0a4b,83c0d870b6673d6d,77.63746628112325,41.60501887138192,2384810e58a37319,[],0.0,esp_026472_1410,['train'],1.0,Counter({'train': 1}),val,59d2c6861deea26d,True,hirise_clean,0,C:\Users\deves\OneDrive\Desktop\Projects\TCMD-SS\data\raw\hirise_v3_2\map-proj-v3_2\ESP_026472_1410_RED-0333.jpg
map-proj-v3_2/ESP_026472_1410_RED-0334.jpg,ok,,JPEG,227.0,227.0,L,1.0,1.0,normal,other,train,esp_026472_1410_red-0334,[],c691c5f29107a2711293414821939a68f293e7db7da0e5d08f01cc4c647bc770,984aaf7931e3913700644594eae845b8d0388fbdb07ab12a969bc9d14c2e7224,db34e409a32eb4cd,87.37679753148713,19.08768842443421,5db64333d36fc0fb,[],0.0,esp_026472_1410,['train'],1.0,Counter({'train': 1}),val,59d2c6861deea26d,True,hirise_clean,0,C:\Users\deves\OneDrive\Desktop\Projects\TCMD-SS\data\raw\hirise_v3_2\map-proj-v3_2\ESP_026472_1410_RED-0334.jpg
map-proj-v3_2/ESP_026472_1410_RED-0337.jpg,ok,,JPEG,227.0,227.0,L,1.0,1.0,normal,crater,train,esp_026472_1410_red-0337,[],6894feb2bbaa1ee47e7d4bc76be87a63923f571661d91121c3abfa7c50c6c07f,0b4ae715b9d8c19aaeeeb9967cbb4448d1057a430c267e6b1f5e64363b63153b,9af4e4c99f3c1870,47.23200527858099,14.726222822863567,6fa920907f9f5dff,[],1.0,esp_026472_1410,['train'],1.0,Counter({'train': 1}),val,59d2c6861deea26d,True,hirise_clean,0,C:\Users\deves\OneDrive\Desktop\Projects\TCMD-SS\data\raw\hirise_v3_2\map-proj-v3_2\ESP_026472_1410_RED-0337.jpg
map-proj-v3_2/ESP_026472_1410_RED-0338.jpg,ok,,JPEG,227.0,227.0,L,1.0,1.0,normal,crater,train,esp_026472_1410_red-0338,[],89d6ff86e7714c20eae1d475158891725f9ef85a8c3cdbc7bb8a8bbab552159e,b77dd82c805b93d8537ab73b8eb4dfdb59fec266bad35aea95843a100e570add,807883c67d7bc2cd,54.5675833026063,26.056173109243996,6c53c5481c8de900,[],1.0,esp_026472_1410,['train'],1.0,Counter({'train': 1}),val,59d2c6861deea26d,True,hirise_clean,0,C:\Users\deves\OneDrive\Desktop\Projects\TCMD-SS\data\raw\hirise_v3_2\map-proj-v3_2\ESP_026472_1410_RED-0338.jpg
map-proj-v3_2/ESP_026472_1410_RED-0339.jpg,ok,,JPEG,227.0,227.0,L,1.0,1.0,normal,other,train,esp_026472_1410_red-0339,[],fe0815e85dc01b140e76cd97f8543112fb99bf74aa56a6b7d3dedd623e8af099,0b15d24dbd4170710990af5b8e97e64d47341020f2ee50acf76930ba4dfb7cab,a0d99723678c99b3,49.50907256108211,14.9780746359493,55231ee131c3961c,[],0.0,esp_026472_1410,['train'],1.0,Counter({'train': 1}),val,59d2c6861deea26d,True,hirise_clean,0,C:\Users\deves\OneDrive\Desktop\Projects\TCMD-SS\data\raw\hirise_v3_2\map-proj-v3_2\ESP_026472_1410_RED-0339.jpg
map-proj-v3_2/ESP_026472_1410_RED-0342.jpg,ok,,JPEG,227.0,227.0,L,1.0,1.0,normal,other,train,esp_026472_1410_red-0342,[],5a90d43051e175ffcf837fad821dfe38c8d60de1050db757525a29163a8a4d82,e1de4a258965bfd5caf167ef3d244bb000610d9060a32fed41ebed4bb6aa5921,d26ac428cdb26f99,30.18548778357818,22.913019964166505,1c46c4712f1f7dcb,[],0.0,esp_026472_1410,['train'],1.0,Counter({'train': 1}),val,59d2c6861deea26d,True,hirise_clean,0,C:\Users\deves\OneDrive\Desktop\Projects\TCMD-SS\data\raw\hirise_v3_2\map-proj-v3_2\ESP_026472_1410_RED-0342.jpg
map-proj-v3_2/ESP_026472_1410_RED-0343.jpg,ok,,JPEG,227.0,227.0,L,1.0,1.0,normal,other,train,esp_026472_1410_red-0343,[],51f0e296f750a6c7eca5bb44eb016dc7e0e0dbddfdb686644e0818af67f325e4,96e2be1339255ceb942111d48a356dcc345b111493800690001f3503597d008d,d153b5a066c68e3d,53.56216887577869,16.800138693869584,b1f3f0b9b801c941,[],0.0,esp_026472_1410,['train'],1.0,Counter({'train': 1}),val,59d2c6861deea26d,True,hirise_clean,0,C:\Users\deves\OneDrive\Desktop\Projects\TCMD-SS\data\raw\hirise_v3_2\map-proj-v3_2\ESP_026472_1410_RED-0343.jpg
map-proj-v3_2/ESP_026472_1410_RED-0344.jpg,ok,,JPEG,227.0,227.0,L,1.0,1.0,normal,other,train,esp_026472_1410_red-0344,[],b5123a2307741237cce40dfedf0f4ec668cbe28345dec1f3212e965943d59c03,e5a2804bbe97d65edb311c4397bfcdb05d2766e8030939e4e4f4c5df6955b89b,98b1e7ca163df811,55.13343942246114,17.00236827321653,a86138e762a18e1c,[],0.0,esp_026472_1410,['train'],1.0,Counter({'train': 1}),val,59d2c6861deea26d,True,hirise_clean,0,C:\Users\deves\OneDrive\Desktop\Projects\TCMD-SS\data\raw\hirise_v3_2\map-proj-v3_2\ESP_026472_1410_RED-0344.jpg
map-proj-v3_2/ESP_026472_1410_RED-0361.jpg,ok,,JPEG,227.0,227.0,L,1.0,1.0,normal,crater,train,esp_026472_1410_red-0361,[],7cf0be1f0666893a72df8349cad6deb71a8e6609f56e39475c979ec424b9af1b,68e2c4078ecbd68eb3c5b8db9049edc7e62707e0c591e8bd6818338496cda8b0,f96874f1f1e1810b,84.43022375749578,24.29214912640885,b0189c943f668f92,[],1.0,esp_026472_1410,['train'],1.0,Counter({'train': 1}),val,59d2c6861deea26d,True,hirise_clean,0,C:\Users\deves\OneDrive\Desktop\Projects\TCMD-SS\data\raw\hirise_v3_2\map-proj-v3_2\ESP_026472_1410_RED-0361.jpg
map-proj-v3_2/ESP_026472_1410_RED-0363.jpg,ok,,JPEG,227.0,227.0,L,1.0,1.0,normal,other,train,esp_026472_1410_red-0363,[],967b51cf9eb0b288715f7f2635b0c2cfbff277bcf48891e49a03f0e2dbdebeed,f1073828d7de4810e6ef72b89d255d7efe2f3b29e3a80ec7d5fc7e11add6fd8f,d91d7acbdbe20680,76.40786741446564,16.869776363333873,31a3002976bc4ae3,[],0.0,esp_026472_1410,['train'],1.0,Counter({'train': 1}),val,59d2c6861deea26d,True,hirise_clean,0,C:\Users\deves\OneDrive\Desktop\Projects\TCMD-SS\data\raw\hirise_v3_2\map-proj-v3_2\ESP_026472_1410_RED-0363.jpg
map-proj-v3_2/ESP_026472_1410_RED-0364.jpg,ok,,JPEG,227.0,227.0,L,1.0,1.0,normal,crater,train,esp_026472_1410_red-0364,[],a05886e34420cfcad90f3065c85ef2044dc01fe689a6388d212b12f479be8038,afbea9c6d6ead569b464e09170045fa1957330b962826c4c11831d0c2465ede1,884ba72e58b327ce,74.63855304779833,19.967420460456456,9a7221a0528073a1,[],1.0,esp_026472_1410,['train'],1.0,Counter({'train': 1}),val,59d2c6861deea26d,True,hirise_clean,0,C:\Users\deves\OneDrive\Desktop\Projects\TCMD-SS\data\raw\hirise_v3_2\map-proj-v3_2\ESP_026472_1410_RED-0364.jpg
map-proj-v3_2/ESP_026472_1410_RED-0365.jpg,ok,,JPEG,227.0,227.0,L,1.0,1.0,normal,crater,train,esp_026472_1410_red-0365,[],8d59225decc9a381096ceedaf8f35aa661ec815d2824a5bb15a93882dc6582d9,b344f06d2da8054b86791d28b450c818e4f0944cfcf5ba33e35e4d28fdfe44cf,92e60c1bf3e61c99,70.0385219973219,14.67402304993994,0cc5d878a22dec8a,[],1.0,esp_026472_1410,['train'],1.0,Counter({'train': 1}),val,59d2c6861deea26d,True,hirise_clean,0,C:\Users\deves\OneDrive\Desktop\Projects\TCMD-SS\data\raw\hirise_v3_2\map-proj-v3_2\ESP_026472_1410_RED-0365.jpg
map-proj-v3_2/ESP_026472_1410_RED-0366.jpg,ok,,JPEG,227.0,227.0,L,1.0,1.0,normal,crater,train,esp_026472_1410_red-0366,[],cdc604a07e5a6cebaea6011756fe30ff4b65e22dc3ab625bc3b95635a83a5a32,272e40aaa977d094fc2da969d6b998941f3b39f44ea049d0d5a655a5d9707066,f3e0e4993366cc98,70.83599526480235,18.388537472784297,5d6271983cbd2bc1,['group_label_conflict'],1.0,esp_026472_1410,['train'],1.0,Counter({'train': 1}),val,59d2c6861deea26d,True,hirise_clean,0,C:\Users\deves\OneDrive\Desktop\Projects\TCMD-SS\data\raw\hirise_v3_2\map-proj-v3_2\ESP_026472_1410_RED-0366.jpg
map-proj-v3_2/ESP_026472_1410_RED-0372.jpg,ok,,JPEG,227.0,227.0,L,1.0,1.0,normal,crater,train,esp_026472_1410_red-0372,[],a7aee8d9a7da1acf89caf30bd13c082dca0abfa2f26a0810101e979904bb0f4f,7ae58a015d63ada1d88f77bfc84355e344f54dc043c05169eb9c0431272d13ec,bb4ecc1dcb06cc98,66.34279725979546,22.20422815701391,dafb9bed097ccbb6,[],1.0,esp_026472_1410,['train'],1.0,Counter({'train': 1}),val,59d2c6861deea26d,True,hirise_clean,0,C:\Users\deves\OneDrive\Desktop\Projects\TCMD-SS\data\raw\hirise_v3_2\map-proj-v3_2\ESP_026472_1410_RED-0372.jpg
map-proj-v3_2/ESP_026472_1410_RED-0373.jpg,ok,,JPEG,227.0,227.0,L,1.0,1.0,normal,crater,train,esp_026472_1410_red-0373,[],db231ad544421012b5368ea39751d7288be3fbaa528c4561574023af078e8a66,f7a8e25d6f6d5c35a51ec6a978ac4f0dcf24d9f1783bb42f2a3ffe87d9b18ea1,f982ac99992366d9,64.19257117351394,19.53626243199204,7c2c1b0366832752,[],1.0,esp_026472_1410,['train'],1.0,Counter({'train': 1}),val,59d2c6861deea26d,True,hirise_clean,0,C:\Users\deves\OneDrive\Desktop\Projects\TCMD-SS\data\raw\hirise_v3_2\map-proj-v3_2\ESP_026472_1410_RED-0373.jpg
map-proj-v3_2/ESP_026472_1410_RED-0376.jpg,ok,,JPEG,227.0,227.0,L,1.0,1.0,normal,crater,train,esp_026472_1410_red-0376,[],0d02249e8411c728890ac6d9c8ad025a16727edae47aae1bd265911177db5e1a,6b1bb475554277c95433940014e7f04a777989c088e570aa33c757b14cca0c98,b1ad46d1f3a48d89,76.3978730423645,17.186950604119268,3133f81fd3f9ae9a,[],1.0,esp_026472_1410,['train'],1.0,Counter({'train': 1}),val,59d2c6861deea26d,True,hirise_clean,0,C:\Users\deves\OneDrive\Desktop\Projects\TCMD-SS\data\raw\hirise_v3_2\map-proj-v3_2\ESP_026472_1410_RED-0376.jpg
map-proj-v3_2/ESP_026472_1410_RED-0382.jpg,ok,,JPEG,227.0,227.0,L,1.0,1.0,normal,crater,train,esp_026472_1410_red-0382,[],ac61f9f569573f4b2e4394b66324b8998ef2439669522b3a7c6a69072ec41a64,c05317f6ab29c4f91814e668febe65ce97b1deeb3af805135f22cca0c6c12141,9996a42dd97326c9,77.32969784005124,18.445001658773343,c968f3bf49323e24,[],1.0,esp_026472_1410,['train'],1.0,Counter({'train': 1}),val,59d2c6861deea26d,True,hirise_clean,0,C:\Users\deves\OneDrive\Desktop\Projects\TCMD-SS\data\raw\hirise_v3_2\map-proj-v3_2\ESP_026472_1410_RED-0382.jpg
map-proj-v3_2/ESP_026472_1410_RED-0389.jpg,ok,,JPEG,227.0,227.0,L,1.0,1.0,normal,other,train,esp_026472_1410_red-0389,[],85286d7171861277b323f8e080f58b6d79175d2b0ede5f7b068ff0fbe5e8caae,f90ef5f9a5229730eeab36112431c5d5d5e08b473331f12196a61a2f1ae4d48a,b43bcad2606d81d7,56.06685555706496,14.194701244284888,d56a0adab3391eb4,[],0.0,esp_026472_1410,['train'],1.0,Counter({'train': 1}),val,59d2c6861deea26d,True,hirise_clean,0,C:\Users\deves\OneDrive\Desktop\Projects\TCMD-SS\data\raw\hirise_v3_2\map-proj-v3_2\ESP_026472_1410_RED-0389.jpg
map-proj-v3_2/ESP_026472_1410_RED-0390.jpg,ok,,JPEG,227.0,227.0,L,1.0,1.0,normal,other,train,esp_026472_1410_red-0390,[],9b038cd716e5dc6a9bf89481c38be24a003bdcfe94f9dad157ebb28e66dd03c8,494be84321d7d6177ebdebbad63ec6afdf34ae39ad8552c8c08cb8373bebee34,c499bf7061c78c39,80.18987366337402,23.97317416507344,423e9637e1e1f7bb,[],0.0,esp_026472_1410,['train'],1.0,Counter({'train': 1}),val,59d2c6861deea26d,True,hirise_clean,0,C:\Users\deves\OneDrive\Desktop\Projects\TCMD-SS\data\raw\hirise_v3_2\map-proj-v3_2\ESP_026472_1410_RED-0390.jpg
map-proj-v3_2/ESP_026472_1410_RED-0391.jpg,ok,,JPEG,227.0,227.0,L,1.0,1.0,normal,other,train,esp_026472_1410_red-0391,[],88db16c8bbbb63fdead67823d17472de57d76f2a63d811d41d6c02bf6dae0c91,a8f419ce3963767de3af103030e114227b5494d589b12739d1ae61ca3b29bb30,fffa801821cd9963,63.44926158085738,20.17275983518824,e83f929500388cf9,[],0.0,esp_026472_1410,['train'],1.0,Counter({'train': 1}),val,59d2c6861deea26d,True,hirise_clean,0,C:\Users\deves\OneDrive\Desktop\Projects\TCMD-SS\data\raw\hirise_v3_2\map-proj-v3_2\ESP_026472_1410_RED-0391.jpg
map-proj-v3_2/ESP_026472_1410_RED-0394.jpg,ok,,JPEG,227.0,227.0,L,1.0,1.0,normal,other,train,esp_026472_1410_red-0394,[],29d95a9b5806e56cff3cd01cc36878b9c879df90012abcd76d4a72c38937852c,04aa9e7c13a2105db6d0efb5a44abeb3c779134849e117451df520ff7d3c31fd,d44acb9a3463ee98,53.63661239302141,28.59464903517516,4d457a444621c306,[],0.0,esp_026472_1410,['train'],1.0,Counter({'train': 1}),val,59d2c6861deea26d,True,hirise_clean,0,C:\Users\deves\OneDrive\Desktop\Projects\TCMD-SS\data\raw\hirise_v3_2\map-proj-v3_2\ESP_026472_1410_RED-0394.jpg
map-proj-v3_2/ESP_026472_1410_RED-0397.jpg,ok,,JPEG,227.0,227.0,L,1.0,1.0,normal,other,train,esp_026472_1410_red-0397,[],5a032a610a4e2bfa265014058eb46f106749ae83966b9ef5d041c88a1ac0ec4f,e9197364b3957ae13b02c20db1b5a4f2317242faba8437d954efa78e6a83193d,85ce9f2b595b5031,102.19132915445672,26.196225052981504,4509e67e2e826082,[],0.0,esp_026472_1410,['train'],1.0,Counter({'train': 1}),val,59d2c6861deea26d,True,hirise_clean,0,C:\Users\deves\OneDrive\Desktop\Projects\TCMD-SS\data\raw\hirise_v3_2\map-proj-v3_2\ESP_026472_1410_RED-0397.jpg
map-proj-v3_2/ESP_026472_1410_RED-0406.jpg,ok,,JPEG,227.0,227.0,L,1.0,1.0,normal,other,train,esp_026472_1410_red-0406,[],595caeaae0683c966f7db51f7e6858e57d1a2220d62bec2fc1221e6b92061b72,78b5b54fc95c819ba44ce32bdf6f07ccc453852aa63c7731342e2d75a1a3c493,cc990366c70f5b17,103.41760950144578,23.706440318287846,e43b11d6311b9c4b,[],0.0,esp_026472_1410,['train'],1.0,Counter({'train': 1}),val,59d2c6861deea26d,True,hirise_clean,0,C:\Users\deves\OneDrive\Desktop\Projects\TCMD-SS\data\raw\hirise_v3_2\map-proj-v3_2\ESP_026472_1410_RED-0406.jpg
map-proj-v3_2/ESP_026472_1410_RED-0416.jpg,ok,,JPEG,227.0,227.0,L,1.0,1.0,normal,other,train,esp_026472_1410_red-0416,[],1fcb2a63b2254fae5f34a76f221b1c40d32121e0c05e774491e8721283ee3646,41627ef9cdd582519dcb343b38a49a822e6b22af47158a6cef44387d339ce2ba,ba664439290b5f73,61.43647266587747,32.870426053669455,f2a409dda22b3c0d,[],0.0,esp_026472_1410,['train'],1.0,Counter({'train': 1}),val,59d2c6861deea26d,True,hirise_clean,0,C:\Users\deves\OneDrive\Desktop\Projects\TCMD-SS\data\raw\hirise_v3_2\map-proj-v3_2\ESP_026472_1410_RED-0416.jpg
map-proj-v3_2/ESP_026472_1410_RED-0418.jpg,ok,,JPEG,227.0,227.0,L,1.0,1.0,normal,other,train,esp_026472_1410_red-0418,[],984aae97368b956ffed9b517a8a5d2d4c797e82194d269ddc9104f8727bd1968,868336dbfa724ad948d8c37fdf2686457ddac2d1b8b7acc4f5b15f4a56d3380c,ea553576e4cb8a28,27.953016747850725,24.523228133185903,8cfe2ea04d9ce00f,[],0.0,esp_026472_1410,['train'],1.0,Counter({'train': 1}),val,59d2c6861deea26d,True,hirise_clean,0,C:\Users\deves\OneDrive\Desktop\Projects\TCMD-SS\data\raw\hirise_v3_2\map-proj-v3_2\ESP_026472_1410_RED-0418.jpg
map-proj-v3_2/ESP_026472_1410_RED-0419.jpg,ok,,JPEG,227.0,227.0,L,1.0,1.0,normal,other,train,esp_026472_1410_red-0419,[],fc0dbaec758f25c406859de866e846a948b0d8b0730be4fd8848ad35ee3fb3ce,8be9809a765a1fcd4c7bca14cbde4a1fc5e35c2dbb9ce0a4f40624f590c8937f,ee550b42fce9c384,36.89394321644123,26.748975364413685,6e8f94615247242b,[],0.0,esp_026472_1410,['train'],1.0,Counter({'train': 1}),val,59d2c6861deea26d,True,hirise_clean,0,C:\Users\deves\OneDrive\Desktop\Projects\TCMD-SS\data\raw\hirise_v3_2\map-proj-v3_2\ESP_026472_1410_RED-0419.jpg
map-proj-v3_2/ESP_026472_1410_RED-0420.jpg,ok,,JPEG,227.0,227.0,L,1.0,1.0,normal,other,train,esp_026472_1410_red-0420,[],c0032bbbbecb68b9526946dfa7985a6fe5a636576016c62266a2b811078df06c,ede5c79c0608fef2cfd5b0cccaec694256a0907e0808dfdfd2af9aa9d428248d,95276c1972425d7b,68.06540006598226,39.66899265032611,bf3b3e7e23eb116b,[],0.0,esp_026472_1410,['train'],1.0,Counter({'train': 1}),val,59d2c6861deea26d,True,hirise_clean,0,C:\Users\deves\OneDrive\Desktop\Projects\TCMD-SS\data\raw\hirise_v3_2\map-proj-v3_2\ESP_026472_1410_RED-0420.jpg
map-proj-v3_2/ESP_028281_1855_RED-0003.jpg,ok,,JPEG,227.0,227.0,L,1.0,1.0,normal,other,test,esp_028281_1855_red-0003,[],f3e526101bf504fb67385fcfab1c28fa1b3735e43be3bb7e683c6ba61c87d821,af370199a89d165a133abe67250974026113aafe401abfaea08d4afabb86dcd7,9cc7c955cca36552,83.94416736206796,63.6467520670249,a27a7286b3366c41,[],0.0,esp_028281_1855,['test'],1.0,Counter({'test': 1}),val,a5c8d75ae3d170b3,True,hirise_clean,0,C:\Users\deves\OneDrive\Desktop\Projects\TCMD-SS\data\raw\hirise_v3_2\map-proj-v3_2\ESP_028281_1855_RED-0003.jpg
map-proj-v3_2/ESP_028281_1855_RED-0008.jpg,ok,,JPEG,227.0,227.0,L,1.0,1.0,normal,other,test,esp_028281_1855_red-0008,[],cba0395417556ea1224a1b25c342032b6552524696ff7c1b050b3f7a4939e381,8be36f792ddcaaf426db70438382f430e661e995e23373fd6c355b63662bedbd,e0985959e29e2b67,140.15758116788604,19.5245801631731,ebbec531b9f33136,[],0.0,esp_028281_1855,['test'],1.0,Counter({'test': 1}),val,a5c8d75ae3d170b3,True,hirise_clean,0,C:\Users\deves\OneDrive\Desktop\Projects\TCMD-SS\data\raw\hirise_v3_2\map-proj-v3_2\ESP_028281_1855_RED-0008.jpg
map-proj-v3_2/ESP_028281_1855_RED-0011.jpg,ok,,JPEG,227.0,227.0,L,1.0,1.0,normal,other,test,esp_028281_1855_red-0011,[],9c42b4594d5fd3d82511ade75ce97dd4baa67fe984bd269961c86d5965514699,a2a225ed0f8de02746bd53d93a6f552f68918d41c11de5379a6db15275358fa2,a7224fd15706a43f,133.690970133323,20.02654752288017,57488126f71e6cbe,[],0.0,esp_028281_1855,['test'],1.0,Counter({'test': 1}),val,a5c8d75ae3d170b3,True,hirise_clean,0,C:\Users\deves\OneDrive\Desktop\Projects\TCMD-SS\data\raw\hirise_v3_2\map-proj-v3_2\ESP_028281_1855_RED-0011.jpg
map-proj-v3_2/ESP_028281_1855_RED-0014.jpg,ok,,JPEG,227.0,227.0,L,1.0,1.0,normal,other,test,esp_028281_1855_red-0014,[],9138a063c485032645a43afbe55c420e989bd197fbd6734f672237ff39ab66e2,36c2359661c363dafa6c44c97f6c44f7f7290c2fca47e04789afcc51549856ad,aa25614eac50fdce,141.15992936016613,20.98172125250516,9561a3f2f3738509,[],0.0,esp_028281_1855,['test'],1.0,Counter({'test': 1}),val,a5c8d75ae3d170b3,True,hirise_clean,0,C:\Users\deves\OneDrive\Desktop\Projects\TCMD-SS\data\raw\hirise_v3_2\map-proj-v3_2\ESP_028281_1855_RED-0014.jpg
map-proj-v3_2/ESP_028281_1855_RED-0016.jpg,ok,,JPEG,227.0,227.0,L,1.0,1.0,normal,other,test,esp_028281_1855_red-0016,[],2da6f9c360a8669ce30f559be404c9d97af289d4b1e1f0b2b91d4120d953f813,8f1ac7789d285c6b183ee8ad504a6a5670e8726de48a70cdf453816bf367137b,932d0e2103ceddf3,136.96157503541696,20.92144364751225,789c68013d7e85aa,[],0.0,esp_028281_1855,['test'],1.0,Counter({'test': 1}),val,a5c8d75ae3d170b3,True,hirise_clean,0,C:\Users\deves\OneDrive\Desktop\Projects\TCMD-SS\data\raw\hirise_v3_2\map-proj-v3_2\ESP_028281_1855_RED-0016.jpg
map-proj-v3_2/ESP_028281_1855_RED-0024.jpg,ok,,JPEG,227.0,227.0,L,1.0,1.0,normal,other,test,esp_028281_1855_red-0024,[],72bbd7cde99c18fb7127d6d56e8b94cf82e76d87c27af6fe220dc854699d0902,8462084c8ca8cca6a739bbffe17df0ce09124314a02294f15cfd6f0ca9688700,8d595155d79652d4,152.15170098391198,20.646807376518872,d46048bfc2828ca3,[],0.0,esp_028281_1855,['test'],1.0,Counter({'test': 1}),val,a5c8d75ae3d170b3,True,hirise_clean,0,C:\Users\deves\OneDrive\Desktop\Projects\TCMD-SS\data\raw\hirise_v3_2\map-proj-v3_2\ESP_028281_1855_RED-0024.jpg
map-proj-v3_2/ESP_028281_1855_RED-0032.jpg,ok,,JPEG,227.0,227.0,L,1.0,1.0,normal,other,test,esp_028281_1855_red-0032,[],0b3157eaef55128bf9b3718b83c78392c7c377a8351d469dc3af49deb598229d,f91432628d3febc4eaab675abf4139c8813fd9ea07f6833bb2137feaba2a8fa2,849df32caaaa2b3a,139.12377496167207,18.603207919573453,bd1b0e5f4dc48324,[],0.0,esp_028281_1855,['test'],1.0,Counter({'test': 1}),val,a5c8d75ae3d170b3,True,hirise_clean,0,C:\Users\deves\OneDrive\Desktop\Projects\TCMD-SS\data\raw\hirise_v3_2\map-proj-v3_2\ESP_028281_1855_RED-0032.jpg
map-proj-v3_2/ESP_028281_1855_RED-0033.jpg,ok,,JPEG,227.0,227.0,L,1.0,1.0,normal,other,test,esp_028281_1855_red-0033,[],46fd89e29cab85810deb09a0e1a52ff6084c58c7abeaf1d4471a13c7ebc4fa92,6a73af0a3378f473b445da90313d2328da20cb1a24d544dc26a39b038488f5e4,9555d1d6477f4a40,138.4697354887539,31.89495492142949,a6ee5721cb601ee0,[],0.0,esp_028281_1855,['test'],1.0,Counter({'test': 1}),val,a5c8d75ae3d170b3,True,hirise_clean,0,C:\Users\deves\OneDrive\Desktop\Projects\TCMD-SS\data\raw\hirise_v3_2\map-proj-v3_2\ESP_028281_1855_RED-0033.jpg
map-proj-v3_2/ESP_028281_1855_RED-0045.jpg,ok,,JPEG,227.0,227.0,L,1.0,1.0,normal,other,test,esp_028281_1855_red-0045,[],cc817a6b1ea711d2d727b8136842e1fe5373c93aa2c3cdd3e39b7c6acfc55298,606c5268f85452f76d00ebe971aa776c7ec3ccf0917d1b5afaac28495fe54e65,d64a6fa44869bc96,115.24186380484775,55.72497404985695,af019b6884359022,[],0.0,esp_028281_1855,['test'],1.0,Counter({'test': 1}),val,a5c8d75ae3d170b3,True,hirise_clean,0,C:\Users\deves\OneDrive\Desktop\Projects\TCMD-SS\data\raw\hirise_v3_2\map-proj-v3_2\ESP_028281_1855_RED-0045.jpg
map-proj-v3_2/ESP_028281_1855_RED-0055.jpg,ok,,JPEG,227.0,227.0,L,1.0,1.0,normal,other,test,esp_028281_1855_red-0055,[],f54cce5c8186423161bfe574a5610d6c14ab8da3d252a28f51fde31d8294797d,43256f3d4c9b6091d474961871b50c8912f62480fa1678e98f7cd6c613e4db1d,83a10147a72f5ebd,130.45772283568476,24.076788600032263,9b155ef47286fffd,[],0.0,esp_028281_1855,['test'],1.0,Counter({'test': 1}),val,a5c8d75ae3d170b3,True,hirise_clean,0,C:\Users\deves\OneDrive\Desktop\Projects\TCMD-SS\data\raw\hirise_v3_2\map-proj-v3_2\ESP_028281_1855_RED-0055.jpg
map-proj-v3_2/ESP_028281_1855_RED-0074.jpg,ok,,JPEG,227.0,227.0,L,1.0,1.0,normal,other,test,esp_028281_1855_red-0074,[],5cdb608b3edc1886720135eeaeaa60d76aa72f9a17e73152d07dcf364688b213,5d368473efcbf11acb9c6459f1216f97f53f26ac76aa0fb863f007a156d4caa7,b13a452a57ae5d64,136.031535640125,18.287573970595243,e0175353c770a063,[],0.0,esp_028281_1855,['test'],1.0,Counter({'test': 1}),val,a5c8d75ae3d170b3,True,hirise_clean,0,C:\Users\deves\OneDrive\Desktop\Projects\TCMD-SS\data\raw\hirise_v3_2\map-proj-v3_2\ESP_028281_1855_RED-0074.jpg
map-proj-v3_2/ESP_028281_1855_RED-0075.jpg,ok,,JPEG,227.0,227.0,L,1.0,1.0,normal,other,test,esp_028281_1855_red-0075,[],7424f1441d3308927fbbc8bf62635482d3df1e41a6515d1a173f10f67ae4881f,8f6f8cf27bcf9b70afd0ae5251f1786f298aea0f52e277a6aece01f930c16beb,a77a09d306ee04fc,133.50482252712064,17.65829511907897,ed3a03d59c73c91e,[],0.0,esp_028281_1855,['test'],1.0,Counter({'test': 1}),val,a5c8d75ae3d170b3,True,hirise_clean,0,C:\Users\deves\OneDrive\Desktop\Projects\TCMD-SS\data\raw\hirise_v3_2\map-proj-v3_2\ESP_028281_1855_RED-0075.jpg
map-proj-v3_2/ESP_028281_1855_RED-0084.jpg,ok,,JPEG,227.0,227.0,L,1.0,1.0,normal,other,test,esp_028281_1855_red-0084,[],59f01d2c97673abef57767a825fa15f1b4d94e0fab1c30a3f5b242370a36737c,78f911f85f1c591f7eee876614c4d06a840facbd61bf1ffd7998f7f969024996,c4909b273f7e40b9,138.52176444332318,18.63978001068688,2ba411d31da3d2b9,[],0.0,esp_028281_1855,['test'],1.0,Counter({'test': 1}),val,a5c8d75ae3d170b3,True,hirise_clean,0,C:\Users\deves\OneDrive\Desktop\Projects\TCMD-SS\data\raw\hirise_v3_2\map-proj-v3_2\ESP_028281_1855_RED-0084.jpg
map-proj-v3_2/ESP_028281_1855_RED-0096.jpg,ok,,JPEG,227.0,227.0,L,1.0,1.0,normal,other,test,esp_028281_1855_red-0096,[],1df1b090c014757d32fb9a863eeab61b844eb3f891dbce76d7f9dbb14cc66a63,720fed50280d5158be57d6d263cab37c3c06e65ee900bd5740e2e961cef1e04c,b5f3e1c3c1834707,136.51468105338742,19.00184258472543,355e3dc23d2fbd30,[],0.0,esp_028281_1855,['test'],1.0,Counter({'test': 1}),val,a5c8d75ae3d170b3,True,hirise_clean,0,C:\Users\deves\OneDrive\Desktop\Projects\TCMD-SS\data\raw\hirise_v3_2\map-proj-v3_2\ESP_028281_1855_RED-0096.jpg
map-proj-v3_2/ESP_028281_1855_RED-0104.jpg,ok,,JPEG,227.0,227.0,L,1.0,1.0,normal,other,test,esp_028281_1855_red-0104,[],908dc614e6ed1add733c1c717667740e2c7cae6197311cf4f7640b6a4300a558,ba597715fe16bfc324c3347c25bddedd75a1c94456798ce0be98068725f6cb61,c13e7a6bc0d09d93,106.97482970754332,65.61267824906172,6c88a3b6bea16e35,[],0.0,esp_028281_1855,['test'],1.0,Counter({'test': 1}),val,a5c8d75ae3d170b3,True,hirise_clean,0,C:\Users\deves\OneDrive\Desktop\Projects\TCMD-SS\data\raw\hirise_v3_2\map-proj-v3_2\ESP_028281_1855_RED-0104.jpg
map-proj-v3_2/ESP_028329_1350_RED-0008.jpg,ok,,JPEG,227.0,227.0,L,1.0,1.0,normal,other,train,esp_028329_1350_red-0008,[],a0a5ed0077abe2441ebe46b5435aec10a19a86aabfccafaedd20caddd8b21162,87f3b066d0f825700cd111254f5181d2c45ffd7d489190b91410048598955c6c,aaf8189fc36358c6,101.74913155698732,11.379868515647676,b868226229477f78,[],0.0,esp_028329_1350,['train'],1.0,Counter({'train': 1}),val,0a78d2ee17f9e0b7,True,hirise_clean,0,C:\Users\deves\OneDrive\Desktop\Projects\TCMD-SS\data\raw\hirise_v3_2\map-proj-v3_2\ESP_028329_1350_RED-0008.jpg
map-proj-v3_2/ESP_028329_1350_RED-0022.jpg,ok,,JPEG,227.0,227.0,L,1.0,1.0,normal,other,train,esp_028329_1350_red-0022,[],3e77b9bcc327820c54991c9dd75a33a2783402416a3841571ddc02528ad8709d,858db956b8699fc4b34cfa9ad81e0727e091d1f7f2e1f03eac881a0a252e3b97,b46b4b6a66c2bb30,78.69844165421414,12.76475263507117,dd300c6353fd86e0,[],0.0,esp_028329_1350,['train'],1.0,Counter({'train': 1}),val,0a78d2ee17f9e0b7,True,hirise_clean,0,C:\Users\deves\OneDrive\Desktop\Projects\TCMD-SS\data\raw\hirise_v3_2\map-proj-v3_2\ESP_028329_1350_RED-0022.jpg
map-proj-v3_2/ESP_028329_1350_RED-0033.jpg,ok,,JPEG,227.0,227.0,L,1.0,1.0,normal,other,train,esp_028329_1350_red-0033,[],3e94433fc0dbda48cd599585822928875c1754cc95844417e951f61b2a0e86de,f011ee0697ccf89d9b3cb7d6600a71584bb4d876c95ba08492b9760713ee6d26,e79f18722f91f880,91.3268256709814,15.95520211791482,131eb3e07b32910b,[],0.0,esp_028329_1350,['train'],1.0,Counter({'train': 1}),val,0a78d2ee17f9e0b7,True,hirise_clean,0,C:\Users\deves\OneDrive\Desktop\Projects\TCMD-SS\data\raw\hirise_v3_2\map-proj-v3_2\ESP_028329_1350_RED-0033.jpg
map-proj-v3_2/ESP_028329_1350_RED-0034.jpg,ok,,JPEG,227.0,227.0,L,1.0,1.0,normal,other,train,esp_028329_1350_red-0034,[],b3d61c79bf0b0922c35d13407627f371b7f3676f718f4e2849e103ab08a0a4c6,cad14d706270add3ce7a2953b7c7add3b698b82db547039af6f6f4f038f116b6,db49166c9b9e2919,56.22864794581692,38.50053224481209,507835ebb3a36ea2,[],0.0,esp_028329_1350,['train'],1.0,Counter({'train': 1}),val,0a78d2ee17f9e0b7,True,hirise_clean,0,C:\Users\deves\OneDrive\Desktop\Projects\TCMD-SS\data\raw\hirise_v3_2\map-proj-v3_2\ESP_028329_1350_RED-0034.jpg
map-proj-v3_2/ESP_028329_1350_RED-0038.jpg,ok,,JPEG,227.0,227.0,L,1.0,1.0,normal,other,train,esp_028329_1350_red-0038,[],c9224881bbeb4a85531d4e898d31c3d5727e9c6d78b261a0021d9beadfd8084d,8c92133d261793c5ddc24e35708176a726f91e2aadc3123032e9d5205ed645bb,d46a3b94693a32b5,100.09284092452792,60.74125201433085,0121cd2f88a363d1,[],0.0,esp_028329_1350,['train'],1.0,Counter({'train': 1}),val,0a78d2ee17f9e0b7,True,hirise_clean,0,C:\Users\deves\OneDrive\Desktop\Projects\TCMD-SS\data\raw\hirise_v3_2\map-proj-v3_2\ESP_028329_1350_RED-0038.jpg
map-proj-v3_2/ESP_028329_1350_RED-0044.jpg,ok,,JPEG,227.0,227.0,L,1.0,1.0,normal,other,train,esp_028329_1350_red-0044,[],d36aea9aaa14df1ac367c1217b6bf29c2b09b2147066890d3a375e954fb82766,6d842162d24028aa37c522b637fbf24225d57017f51c8d153073bc9699a70e16,b6593d6d9a1b3260,74.73935065691164,13.5624495579184,c97e25060e6cefee,[],0.0,esp_028329_1350,['train'],1.0,Counter({'train': 1}),val,0a78d2ee17f9e0b7,True,hirise_clean,0,C:\Users\deves\OneDrive\Desktop\Projects\TCMD-SS\data\raw\hirise_v3_2\map-proj-v3_2\ESP_028329_1350_RED-0044.jpg
map-proj-v3_2/ESP_028329_1350_RED-0051.jpg,ok,,JPEG,227.0,227.0,L,1.0,1.0,normal,other,train,esp_028329_1350_red-0051,[],166ef933c4006e68536aa9c12a0c24e27eb223b265fcdc95b0edee8379401edc,e5843c91ba629b010410aa51465cff3d1fdde9dfefc133775a3b90314dd12640,d5d53ad44f66b041,89.77944458460284,30.41062314826757,e13a9a512bc5c4f4,[],0.0,esp_028329_1350,['train'],1.0,Counter({'train': 1}),val,0a78d2ee17f9e0b7,True,hirise_clean,0,C:\Users\deves\OneDrive\Desktop\Projects\TCMD-SS\data\raw\hirise_v3_2\map-proj-v3_2\ESP_028329_1350_RED-0051.jpg
map-proj-v3_2/ESP_028329_1350_RED-0058.jpg,ok,,JPEG,227.0,227.0,L,1.0,1.0,normal,other,train,esp_028329_1350_red-0058,[],40486c9b390d205a6a8d75de100039fd7926dd1d15e04d4cda62bb99a88420f3,74bb520502cf5b0c4e820a9bee1a25d5f48daa34b006b34d1a3ee5e2ba2d906b,a89a6ee48feb92a0,78.97393700634593,13.958668190628632,313d631986cbd989,[],0.0,esp_028329_1350,['train'],1.0,Counter({'train': 1}),val,0a78d2ee17f9e0b7,True,hirise_clean,0,C:\Users\deves\OneDrive\Desktop\Projects\TCMD-SS\data\raw\hirise_v3_2\map-proj-v3_2\ESP_028329_1350_RED-0058.jpg
map-proj-v3_2/ESP_028329_1350_RED-0064.jpg,ok,,JPEG,227.0,227.0,L,1.0,1.0,normal,other,train,esp_028329_1350_red-0064,[],3b950f1b0fd879547927842422e40492ea5b7cebc17e290324c11c7380c0997f,a33427af93016c5a8e7a50ec0a65699fe49fba1d158211bc62aa710c185a77ae,dc113f7922a183af,89.75646723204409,15.139698861536829,199e5245173a5676,[],0.0,esp_028329_1350,['train'],1.0,Counter({'train': 1}),val,0a78d2ee17f9e0b7,True,hirise_clean,0,C:\Users\deves\OneDrive\Desktop\Projects\TCMD-SS\data\raw\hirise_v3_2\map-proj-v3_2\ESP_028329_1350_RED-0064.jpg
map-proj-v3_2/ESP_028329_1350_RED-0065.jpg,ok,,JPEG,227.0,227.0,L,1.0,1.0,normal,other,train,esp_028329_1350_red-0065,[],fcd1b56bebec4adcccaea44651e28de8873444fdb007b9e40f8c364854d34c20,604da2262d3f50e5fdc222bdea980fdcb869868f473e489ab4fad1ac10480ca7,803da566a58d0bf7,64.55021444235285,28.370213122368963,34b0dd3186a27c84,[],0.0,esp_028329_1350,['train'],1.0,Counter({'train': 1}),val,0a78d2ee17f9e0b7,True,hirise_clean,0,C:\Users\deves\OneDrive\Desktop\Projects\TCMD-SS\data\raw\hirise_v3_2\map-proj-v3_2\ESP_028329_1350_RED-0065.jpg
map-proj-v3_2/ESP_028329_1350_RED-0067.jpg,ok,,JPEG,227.0,227.0,L,1.0,1.0,normal,other,train,esp_028329_1350_red-0067,[],d89b7c5c67c8ebbab3257cb6aa20b2df3d85492f972397171c0282137e78d692,f2c82474f0a61c0bc432c61ea2e7efcc99d822963d4d54f059a9ab875f60669e,91946e6db6a46b4a,16.532069320188633,17.936812018760396,c7b9db8aa5c2f25e,[],0.0,esp_028329_1350,['train'],1.0,Counter({'train': 1}),val,0a78d2ee17f9e0b7,True,hirise_clean,0,C:\Users\deves\OneDrive\Desktop\Projects\TCMD-SS\data\raw\hirise_v3_2\map-proj-v3_2\ESP_028329_1350_RED-0067.jpg
map-proj-v3_2/ESP_028329_1350_RED-0072.jpg,ok,,JPEG,227.0,227.0,L,1.0,1.0,normal,other,train,esp_028329_1350_red-0072,[],ef12231a284018b2813b5ee3a897da36784026207a1487f4bda4f6b2da8b3f88,7673b85ca25fa0e0187b0bab948e228715467df1e00808dcf25d4f65c86f18ab,88e8ff9360d8f2c1,73.67039919268761,14.578634785467736,90451cf7f8a2c19b,[],0.0,esp_028329_1350,['train'],1.0,Counter({'train': 1}),val,0a78d2ee17f9e0b7,True,hirise_clean,0,C:\Users\deves\OneDrive\Desktop\Projects\TCMD-SS\data\raw\hirise_v3_2\map-proj-v3_2\ESP_028329_1350_RED-0072.jpg
map-proj-v3_2/ESP_028329_1350_RED-0074.jpg,ok,,JPEG,227.0,227.0,L,1.0,1.0,normal,other,train,esp_028329_1350_red-0074,[],7edc93d44cfe01893a7cb6c6aef513a2d4731787647ab40474a04d305496004f,b0ad74cdef93c50637e460c9050a7fd6e0e575d6ea48976d71f31c7460e2ad6a,b3dc591337665891,72.03161326631606,14.246341525145246,910698f2c8296fcc,[],0.0,esp_028329_1350,['train'],1.0,Counter({'train': 1}),val,0a78d2ee17f9e0b7,True,hirise_clean,0,C:\Users\deves\OneDrive\Desktop\Projects\TCMD-SS\data\raw\hirise_v3_2\map-proj-v3_2\ESP_028329_1350_RED-0074.jpg
map-proj-v3_2/ESP_028329_1350_RED-0076.jpg,ok,,JPEG,227.0,227.0,L,1.0,1.0,normal,other,train,esp_028329_1350_red-0076,[],c40b15c3d7561d4040003c25bcbfe10c87ed9471e33d92c302fd688caceb819c,4d34419dcc13651f3db99acba7eda21d8dd0f7cf113a039004b5034da9b36478,cc7c312dc9d5362c,60.698422247666365,12.999671936924916,efad463c006a05eb,[],0.0,esp_028329_1350,['train'],1.0,Counter({'train': 1}),val,0a78d2ee17f9e0b7,True,hirise_clean,0,C:\Users\deves\OneDrive\Desktop\Projects\TCMD-SS\data\raw\hirise_v3_2\map-proj-v3_2\ESP_028329_1350_RED-0076.jpg
map-proj-v3_2/ESP_028329_1350_RED-0087.jpg,ok,,JPEG,227.0,227.0,L,1.0,1.0,normal,other,train,esp_028329_1350_red-0087,[],c78e519286e166e3d9539fc491a022874431a3e769018ebad997f55e6f252562,156b98295c7614cd6f8303fb5cbbcf8b30eeed4f99c75169b00d330efec6996c,aae9472e1912636f,86.77451532146947,14.397793450339051,612c4f72bdb6bbcc,[],0.0,esp_028329_1350,['train'],1.0,Counter({'train': 1}),val,0a78d2ee17f9e0b7,True,hirise_clean,0,C:\Users\deves\OneDrive\Desktop\Projects\TCMD-SS\data\raw\hirise_v3_2\map-proj-v3_2\ESP_028329_1350_RED-0087.jpg
map-proj-v3_2/ESP_028329_1350_RED-0091.jpg,ok,,JPEG,227.0,227.0,L,1.0,1.0,normal,other,train,esp_028329_1350_red-0091,[],a33f2c477a07555784c22dc34bb3794756068ba2be5b0578af59d0463cfdae1e,107acfc5b09e13bde5898cbb0a02017809c13b387cb40c339017ed2d61a67830,8234e34e59835ebe,72.71484018707912,17.485850572509012,a0a831744c089cdb,[],0.0,esp_028329_1350,['train'],1.0,Counter({'train': 1}),val,0a78d2ee17f9e0b7,True,hirise_clean,0,C:\Users\deves\OneDrive\Desktop\Projects\TCMD-SS\data\raw\hirise_v3_2\map-proj-v3_2\ESP_028329_1350_RED-0091.jpg
map-proj-v3_2/ESP_028329_1350_RED-0092.jpg,ok,,JPEG,227.0,227.0,L,1.0,1.0,normal,other,train,esp_028329_1350_red-0092,[],957e0eaf002e0f7e288b5218643e869a16407541a34a1c75d0c79b8d09cd351a,dd68dc2dc0998c45b19070c367e3c3c689bd969926e533080b368b5ad0ce2c47,d26b890267d26dec,85.43887907780085,48.35607867325062,20e9850bffe1d598,[],0.0,esp_028329_1350,['train'],1.0,Counter({'train': 1}),val,0a78d2ee17f9e0b7,True,hirise_clean,0,C:\Users\deves\OneDrive\Desktop\Projects\TCMD-SS\data\raw\hirise_v3_2\map-proj-v3_2\ESP_028329_1350_RED-0092.jpg
map-proj-v3_2/ESP_028329_1350_RED-0093.jpg,ok,,JPEG,227.0,227.0,L,1.0,1.0,normal,other,train,esp_028329_1350_red-0093,[],c0acab9c07f5da8c4e9697a5b9b3ba32e475d6243014e7532f433d2e1cbc430b,ced9df2a3f4c5d1a3d7a0724305f9cd575f719d22b83b9c8462ec2fb322d8897,858f6bd2d2a4271e,76.11453744493392,14.764550981632445,7b0951423b979df4,[],0.0,esp_028329_1350,['train'],1.0,Counter({'train': 1}),val,0a78d2ee17f9e0b7,True,hirise_clean,0,C:\Users\deves\OneDrive\Desktop\Projects\TCMD-SS\data\raw\hirise_v3_2\map-proj-v3_2\ESP_028329_1350_RED-0093.jpg
map-proj-v3_2/ESP_028329_1350_RED-0096.jpg,ok,,JPEG,227.0,227.0,L,1.0,1.0,normal,other,train,esp_028329_1350_red-0096,[],066ea3f1cc7a859ebe987048f4039e4c25224fc7ee9990550061b759fe3bfcf0,d1008b018d3b115db7a0a88b3e13335c8d02b42e0fb17e881079c9514dfe9567,d1f832a61f73cc24,106.36204855518253,15.112390901258474,55218a4f7356e52c,[],0.0,esp_028329_1350,['train'],1.0,Counter({'train': 1}),val,0a78d2ee17f9e0b7,True,hirise_clean,0,C:\Users\deves\OneDrive\Desktop\Projects\TCMD-SS\data\raw\hirise_v3_2\map-proj-v3_2\ESP_028329_1350_RED-0096.jpg
map-proj-v3_2/ESP_028329_1350_RED-0099.jpg,ok,,JPEG,227.0,227.0,L,1.0,1.0,normal,other,train,esp_028329_1350_red-0099,[],1778f5414af341f1ce06c01ec46c1fa589c722f3fc2c2507143f5880acc58ad6,c471e67fbb11dcbe7e859eb5e0ae0ac3ee155946939465a79ad7a46333043a98,f455e9728069d68e,99.81445399677852,14.948546497146932,525f18cd6676ff5b,[],0.0,esp_028329_1350,['train'],1.0,Counter({'train': 1}),val,0a78d2ee17f9e0b7,True,hirise_clean,0,C:\Users\deves\OneDrive\Desktop\Projects\TCMD-SS\data\raw\hirise_v3_2\map-proj-v3_2\ESP_028329_1350_RED-0099.jpg
map-proj-v3_2/ESP_028329_1350_RED-0101.jpg,ok,,JPEG,227.0,227.0,L,1.0,1.0,normal,other,train,esp_028329_1350_red-0101,[],6b8cb4c9781aefaa136eac9cd17f4cbe4b34f88b92e447fef41ee569c5588fd1,23fcd47e1e9b336605f400dd7b44df699c24f9c073b1cf4ac0a67ea1efc1886d,ef369b348e200d73,97.60090434512604,12.695969207042982,fcb4dee06905cd99,[],0.0,esp_028329_1350,['train'],1.0,Counter({'train': 1}),val,0a78d2ee17f9e0b7,True,hirise_clean,0,C:\Users\deves\OneDrive\Desktop\Projects\TCMD-SS\data\raw\hirise_v3_2\map-proj-v3_2\ESP_028329_1350_RED-0101.jpg
map-proj-v3_2/ESP_028329_1350_RED-0115.jpg,ok,,JPEG,227.0,227.0,L,1.0,1.0,normal,other,train,esp_028329_1350_red-0115,[],9e53e87a7080015fd5ad535a22ae0dd7e4e345a8e79de59e835431eda9927f93,aa114ec93b97737ccd485da00f6f14522bd31174fdaf5da6689a0ceb5c6b0f07,865fe8a5c78e8d06,155.5039104193755,14.84700544387709,382baf256195425e,[],0.0,esp_028329_1350,['train'],1.0,Counter({'train': 1}),val,0a78d2ee17f9e0b7,True,hirise_clean,0,C:\Users\deves\OneDrive\Desktop\Projects\TCMD-SS\data\raw\hirise_v3_2\map-proj-v3_2\ESP_028329_1350_RED-0115.jpg
map-proj-v3_2/ESP_028329_1350_RED-0118.jpg,ok,,JPEG,227.0,227.0,L,1.0,1.0,normal,other,train,esp_028329_1350_red-0118,[],e3eae408637edf048a2aa694f0667b46b757add72bea5b48098a8900d3e1a9ec,7c42e9b82960f4c1f9de62bda551be84ab1fcc775a7b94c6c9a1c02ec302b72d,d9f47267c840c39b,127.6571057074657,12.57557826719685,077c9014b3dd923d,[],0.0,esp_028329_1350,['train'],1.0,Counter({'train': 1}),val,0a78d2ee17f9e0b7,True,hirise_clean,0,C:\Users\deves\OneDrive\Desktop\Projects\TCMD-SS\data\raw\hirise_v3_2\map-proj-v3_2\ESP_028329_1350_RED-0118.jpg
map-proj-v3_2/ESP_028329_1350_RED-0130.jpg,ok,,JPEG,227.0,227.0,L,1.0,1.0,normal,other,train,esp_028329_1350_red-0130,[],e0af6c557873e6f593b22d73d790660a0db40547a4c72e758b5f8f32ceae9e32,9295f482b8dd658337ec937f3350d66d4053cb91c9717fdcbf13bfec44208b02,c7d119d40d19936f,187.78868210134095,14.729206454571054,a2e93f3e81c13415,[],0.0,esp_028329_1350,['train'],1.0,Counter({'train': 1}),val,0a78d2ee17f9e0b7,True,hirise_clean,0,C:\Users\deves\OneDrive\Desktop\Projects\TCMD-SS\data\raw\hirise_v3_2\map-proj-v3_2\ESP_028329_1350_RED-0130.jpg
map-proj-v3_2/ESP_028329_1350_RED-0135.jpg,ok,,JPEG,227.0,227.0,L,1.0,1.0,normal,other,train,esp_028329_1350_red-0135,[],350af7ae3d9ada4be7177e26e66be8e81ef366d1f7d642e4c8a95d2373f03ffb,9ece13283a43646f0e1f3102ca99ed2017a113adf3148aa7d02aa6397022673e,cb783c18d345399b,163.29740534456326,11.96904971182697,ba8ad8c71581608a,[],0.0,esp_028329_1350,['train'],1.0,Counter({'train': 1}),val,0a78d2ee17f9e0b7,True,hirise_clean,0,C:\Users\deves\OneDrive\Desktop\Projects\TCMD-SS\data\raw\hirise_v3_2\map-proj-v3_2\ESP_028329_1350_RED-0135.jpg
map-proj-v3_2/ESP_028329_1350_RED-0137.jpg,ok,,JPEG,227.0,227.0,L,1.0,1.0,normal,other,train,esp_028329_1350_red-0137,[],257c5f6b0db3b458a0385159a073592d8b28185aec6375037337a2c81956f71b,b7262378de8bb0bbe4198326ee9264ed106d6f572780590d04bcf10ea8155162,d5d68a5b6235066e,125.8746725145064,40.7641377946148,c048d737c4a9c521,[],0.0,esp_028329_1350,['train'],1.0,Counter({'train': 1}),val,0a78d2ee17f9e0b7,True,hirise_clean,0,C:\Users\deves\OneDrive\Desktop\Projects\TCMD-SS\data\raw\hirise_v3_2\map-proj-v3_2\ESP_028329_1350_RED-0137.jpg
map-proj-v3_2/ESP_028329_1350_RED-0141.jpg,ok,,JPEG,227.0,227.0,L,1.0,1.0,normal,other,train,esp_028329_1350_red-0141,[],ee6fc979c7c8678f94c5a5ef580924cdaaad3ce96c4e57fc24f04cd072263972,2a394eaf349708a4c4b2f46bc141263ee857ed725766a649869debc1eac97714,e0914603dfbc60bf,131.2919521046401,13.0291285948522,e0d722c1edb4ccaf,[],0.0,esp_028329_1350,['train'],1.0,Counter({'train': 1}),val,0a78d2ee17f9e0b7,True,hirise_clean,0,C:\Users\deves\OneDrive\Desktop\Projects\TCMD-SS\data\raw\hirise_v3_2\map-proj-v3_2\ESP_028329_1350_RED-0141.jpg
map-proj-v3_2/ESP_028329_1350_RED-0147.jpg,ok,,JPEG,227.0,227.0,L,1.0,1.0,normal,other,train,esp_028329_1350_red-0147,[],749b1a4694a190d8002642ef1ef9011bac05da7413cfe71e1a0fa3d1110bf022,8ba1fd43b9da31397633d739cb209738bb6283f05a8da37671cb0c8c5a872b97,e1436a1d41cebdc5,194.68404199576935,14.931944619778957,a88d0f0b329ed437,[],0.0,esp_028329_1350,['train'],1.0,Counter({'train': 1}),val,0a78d2ee17f9e0b7,True,hirise_clean,0,C:\Users\deves\OneDrive\Desktop\Projects\TCMD-SS\data\raw\hirise_v3_2\map-proj-v3_2\ESP_028329_1350_RED-0147.jpg
map-proj-v3_2/ESP_028329_1350_RED-0153.jpg,ok,,JPEG,227.0,227.0,L,1.0,1.0,normal,other,train,esp_028329_1350_red-0153,[],308f1d161fe2427e10cf93e92f950a9d45e400df420de9299842c0f7b8636035,37347ba98587defd8be94d3bc81b7e66303cf82934e46c52ec563b548e430cdb,cc743145a1cb9f0f,136.89926061053,16.17123438318339,11b9b4f4804921b3,[],0.0,esp_028329_1350,['train'],1.0,Counter({'train': 1}),val,0a78d2ee17f9e0b7,True,hirise_clean,0,C:\Users\deves\OneDrive\Desktop\Projects\TCMD-SS\data\raw\hirise_v3_2\map-proj-v3_2\ESP_028329_1350_RED-0153.jpg
map-proj-v3_2/ESP_028329_1350_RED-0155.jpg,ok,,JPEG,227.0,227.0,L,1.0,1.0,normal,other,train,esp_028329_1350_red-0155,[],141598f678685d9cc83a10702c497209e8a6f5117138aca7b1c3cfcdf79591d8,99b05cd48d8d7bf2ba65836e7b2dfdf380ddcd622f6a7a673147f17d8ecb01db,b31d25e5cdc22e8a,196.6971996351569,13.378365354150532,56f889ac946dcc39,[],0.0,esp_028329_1350,['train'],1.0,Counter({'train': 1}),val,0a78d2ee17f9e0b7,True,hirise_clean,0,C:\Users\deves\OneDrive\Desktop\Projects\TCMD-SS\data\raw\hirise_v3_2\map-proj-v3_2\ESP_028329_1350_RED-0155.jpg
map-proj-v3_2/ESP_028329_1350_RED-0160.jpg,ok,,JPEG,227.0,227.0,L,1.0,1.0,normal,other,train,esp_028329_1350_red-0160,[],70804b694409f0717289602f8bd90eb955e13dbccc0b24913a034e918c2429e4,a0e2d25cbe83e10b42197b8611c1f8d8f3ba5489bd30b9a6095a615f348b9f08,cb7ace1107173a9c,137.77983271555823,14.630651147519274,38e7fbca0a68b0ea,[],0.0,esp_028329_1350,['train'],1.0,Counter({'train': 1}),val,0a78d2ee17f9e0b7,True,hirise_clean,0,C:\Users\deves\OneDrive\Desktop\Projects\TCMD-SS\data\raw\hirise_v3_2\map-proj-v3_2\ESP_028329_1350_RED-0160.jpg
map-proj-v3_2/ESP_028329_1350_RED-0161.jpg,ok,,JPEG,227.0,227.0,L,1.0,1.0,normal,other,train,esp_028329_1350_red-0161,[],c5fa08a75831658ce99f1503cfcb4cab48d190268d9cb7f62b084447010ce1d6,4a0ffad91f3d0b69db5245caa7705304ec0ac60fde028ec909bcb681c24c8871,d5528f7a8a768c19,94.73632323545964,41.50434828241824,c740d87b95927023,[],0.0,esp_028329_1350,['train'],1.0,Counter({'train': 1}),val,0a78d2ee17f9e0b7,True,hirise_clean,0,C:\Users\deves\OneDrive\Desktop\Projects\TCMD-SS\data\raw\hirise_v3_2\map-proj-v3_2\ESP_028329_1350_RED-0161.jpg
map-proj-v3_2/ESP_028329_1350_RED-0165.jpg,ok,,JPEG,227.0,227.0,L,1.0,1.0,normal,other,train,esp_028329_1350_red-0165,[],841b3e953fcddf42f461084b2f7fcb8e8f958e6f5e43e9d14544ee07ffec5bef,5192a34988a9eba2ed4b7380f785b24ab5cf57271763beb13444fa7ab6986d2b,8b1e732bec347262,136.03155504667274,14.909207711904566,01f0dc147f6c011e,[],0.0,esp_028329_1350,['train'],1.0,Counter({'train': 1}),val,0a78d2ee17f9e0b7,True,hirise_clean,0,C:\Users\deves\OneDrive\Desktop\Projects\TCMD-SS\data\raw\hirise_v3_2\map-proj-v3_2\ESP_028329_1350_RED-0165.jpg
map-proj-v3_2/ESP_028329_1350_RED-0167.jpg,ok,,JPEG,227.0,227.0,L,1.0,1.0,normal,other,train,esp_028329_1350_red-0167,[],52640057d03c893da03dc5e2905be3fd5da3b99d2a2b6b3918b2b6be64a09389,cde8822af86f5a16991e3a321e0df59df12258dc3e882c36e166f9d790f5684c,ad42730d5e33a1cd,130.98560034155523,14.883714362988124,e6f3a38aed43876c,[],0.0,esp_028329_1350,['train'],1.0,Counter({'train': 1}),val,0a78d2ee17f9e0b7,True,hirise_clean,0,C:\Users\deves\OneDrive\Desktop\Projects\TCMD-SS\data\raw\hirise_v3_2\map-proj-v3_2\ESP_028329_1350_RED-0167.jpg
map-proj-v3_2/ESP_028329_1350_RED-0171.jpg,ok,,JPEG,227.0,227.0,L,1.0,1.0,normal,other,train,esp_028329_1350_red-0171,[],8ae3caaf49488fd4a7ff46a10765be89a2649f2a62b6ad1ba13b8d55084fff16,ef54ad36c25541971ed1afebfbbeda9181da4405ecb0a3d9f1c88bd920c813c7,f1331fee033a1691,131.01736886025344,16.027691894563592,8a92d96395157205,[],0.0,esp_028329_1350,['train'],1.0,Counter({'train': 1}),val,0a78d2ee17f9e0b7,True,hirise_clean,0,C:\Users\deves\OneDrive\Desktop\Projects\TCMD-SS\data\raw\hirise_v3_2\map-proj-v3_2\ESP_028329_1350_RED-0171.jpg
map-proj-v3_2/ESP_028329_1350_RED-0175.jpg,ok,,JPEG,227.0,227.0,L,1.0,1.0,normal,other,train,esp_028329_1350_red-0175,[],c333a14244466bd00f0adbdeee00e16557f0387a87c42f81142830cacbbbc862,1c6726c5e2aa5496b6919daada9cac19142a2c99a23fae32539dff1ce10541e2,fd61d9f1a40859ca,134.50695724737523,17.856907260492616,fb80754ff8fcd0d9,[],0.0,esp_028329_1350,['train'],1.0,Counter({'train': 1}),val,0a78d2ee17f9e0b7,True,hirise_clean,0,C:\Users\deves\OneDrive\Desktop\Projects\TCMD-SS\data\raw\hirise_v3_2\map-proj-v3_2\ESP_028329_1350_RED-0175.jpg
map-proj-v3_2/ESP_028329_1350_RED-0176.jpg,ok,,JPEG,227.0,227.0,L,1.0,1.0,normal,other,train,esp_028329_1350_red-0176,[],06fa42840831fb0ce7e62cdcbd854f7a688592df112da2ffdffe85ee39180a66,337c1f87de2b5fbebe0d86fc9ad47849b03360d3597d5c5f1718c612ee8d3f3f,9f20836f4a20af7e,116.62083486968504,16.114102613751616,70e658287a66b4b1,[],0.0,esp_028329_1350,['train'],1.0,Counter({'train': 1}),val,0a78d2ee17f9e0b7,True,hirise_clean,0,C:\Users\deves\OneDrive\Desktop\Projects\TCMD-SS\data\raw\hirise_v3_2\map-proj-v3_2\ESP_028329_1350_RED-0176.jpg
map-proj-v3_2/ESP_028329_1350_RED-0178.jpg,ok,,JPEG,227.0,227.0,L,1.0,1.0,normal,other,train,esp_028329_1350_red-0178,[],13c6bbe286343fd6dc28578a7c711e06adcc5d233a1bae79d348c0c0475e64c7,26505a88225bf57e788b3a9190c0572b6856fbdb345105a7b55d7eff5cd834ce,af103be671059667,111.21129849211124,14.146077125146103,c52393e0103cb058,[],0.0,esp_028329_1350,['train'],1.0,Counter({'train': 1}),val,0a78d2ee17f9e0b7,True,hirise_clean,0,C:\Users\deves\OneDrive\Desktop\Projects\TCMD-SS\data\raw\hirise_v3_2\map-proj-v3_2\ESP_028329_1350_RED-0178.jpg
map-proj-v3_2/ESP_028329_1350_RED-0183.jpg,ok,,JPEG,227.0,227.0,L,1.0,1.0,normal,other,train,esp_028329_1350_red-0183,[],d3ee524d9411bb9eaa593c29b39eaf5303ca5fb89c8b70a6083350e3df600ada,20580197bd329a7e0353da7b13e9ea021565f1c33614fa7c0380821448a79d7e,b4fb54261725c873,104.73172388363834,14.96829782769156,ec3342c60b1d884f,[],0.0,esp_028329_1350,['train'],1.0,Counter({'train': 1}),val,0a78d2ee17f9e0b7,True,hirise_clean,0,C:\Users\deves\OneDrive\Desktop\Projects\TCMD-SS\data\raw\hirise_v3_2\map-proj-v3_2\ESP_028329_1350_RED-0183.jpg
map-proj-v3_2/ESP_028329_1350_RED-0204.jpg,ok,,JPEG,227.0,227.0,L,1.0,1.0,normal,other,train,esp_028329_1350_red-0204,[],3ab3fa5fd0c29be5b448f8b438db6c5057540792edfcf30e8d2a91542403a835,0e871c572ca9538bfbf0812580216c18577239af970c73241af07ed47ce50bbe,f52d9608bc461d9b,53.60300025228512,15.63399168663503,daf6b8093f0cd799,[],0.0,esp_028329_1350,['train'],1.0,Counter({'train': 1}),val,0a78d2ee17f9e0b7,True,hirise_clean,0,C:\Users\deves\OneDrive\Desktop\Projects\TCMD-SS\data\raw\hirise_v3_2\map-proj-v3_2\ESP_028329_1350_RED-0204.jpg
map-proj-v3_2/ESP_028329_1350_RED-0214.jpg,ok,,JPEG,227.0,227.0,L,1.0,1.0,normal,other,train,esp_028329_1350_red-0214,[],e1903552d2551c45e000b2f5b0e43cf58d4b427d5d59ef062cee68aeb850ff7d,c59238131cc28332cb8339396766251ddd59948860410df932a74035caa2788e,ddbc73ec0f418198,92.71156048050612,13.380466746761476,699afa09b069d38c,[],0.0,esp_028329_1350,['train'],1.0,Counter({'train': 1}),val,0a78d2ee17f9e0b7,True,hirise_clean,0,C:\Users\deves\OneDrive\Desktop\Projects\TCMD-SS\data\raw\hirise_v3_2\map-proj-v3_2\ESP_028329_1350_RED-0214.jpg
map-proj-v3_2/ESP_028329_1350_RED-0216.jpg,ok,,JPEG,227.0,227.0,L,1.0,1.0,normal,other,train,esp_028329_1350_red-0216,[],b70d3f534cd80e5bc540c627fcf3e81fc06a11c23f6e959d6912631d00cf7869,8ca64d8f60d865475a5f576cea48318e052e3c7cd268088cd240eb06cdf66c9a,b5665c912ff24594,87.8607386132081,12.876145327021238,0eab62dd8c3b99b9,[],0.0,esp_028329_1350,['train'],1.0,Counter({'train': 1}),val,0a78d2ee17f9e0b7,True,hirise_clean,0,C:\Users\deves\OneDrive\Desktop\Projects\TCMD-SS\data\raw\hirise_v3_2\map-proj-v3_2\ESP_028329_1350_RED-0216.jpg
map-proj-v3_2/ESP_028329_1350_RED-0219.jpg,ok,,JPEG,227.0,227.0,L,1.0,1.0,normal,other,train,esp_028329_1350_red-0219,[],8e4451ea22c7cb7ee079cab7563192c6780861b50479112be3cffd2e08953a95,b4888448612c240f03b41624d3b3080a236a483a4e05b8eb61f76316358ff1aa,d402782dcb939f93,89.38339575772866,17.080644203322077,fdbec5c6f4625a1d,[],0.0,esp_028329_1350,['train'],1.0,Counter({'train': 1}),val,0a78d2ee17f9e0b7,True,hirise_clean,0,C:\Users\deves\OneDrive\Desktop\Projects\TCMD-SS\data\raw\hirise_v3_2\map-proj-v3_2\ESP_028329_1350_RED-0219.jpg
map-proj-v3_2/ESP_028329_1350_RED-0225.jpg,ok,,JPEG,227.0,227.0,L,1.0,1.0,normal,other,train,esp_028329_1350_red-0225,[],2b3f7fe8272b533c40cb7be814b1114c1afd262922adb1450893486aa670bc9e,6923c4bdcc167b58d5f13fe1164600aa75821b8a5725975a5200fb2bbf810bad,f2f686936146d893,78.50255196103166,14.912446657444534,f0f80063fb48acf3,[],0.0,esp_028329_1350,['train'],1.0,Counter({'train': 1}),val,0a78d2ee17f9e0b7,True,hirise_clean,0,C:\Users\deves\OneDrive\Desktop\Projects\TCMD-SS\data\raw\hirise_v3_2\map-proj-v3_2\ESP_028329_1350_RED-0225.jpg
map-proj-v3_2/ESP_028329_1350_RED-0230.jpg,ok,,JPEG,227.0,227.0,L,1.0,1.0,normal,other,train,esp_028329_1350_red-0230,[],a2367b2d509077499443ad8973166c53021bce837f31caf8b0a0a9d96a9dc855,403f19f11ed25d9f744a1ea02c53580b3a91fefd1e8b4dbd30001d4e72c5eadd,c862f3d015033f3f,90.4803896834792,12.920986788405823,d389ea28ca68b40a,[],0.0,esp_028329_1350,['train'],1.0,Counter({'train': 1}),val,0a78d2ee17f9e0b7,True,hirise_clean,0,C:\Users\deves\OneDrive\Desktop\Projects\TCMD-SS\data\raw\hirise_v3_2\map-proj-v3_2\ESP_028329_1350_RED-0230.jpg
map-proj-v3_2/ESP_028329_1350_RED-0232.jpg,ok,,JPEG,227.0,227.0,L,1.0,1.0,normal,other,train,esp_028329_1350_red-0232,[],eae3c652632241a098da0b6d97e535ca7c4732e94027fda9fc01b9ad33df98c5,6158fe647b7edfa4db09c2bdaca6aaeabcda65d66bd79128171c169d2ed3452e,b15aca9d4ccc9933,87.54615847386908,13.14078711846,c4244e9292b6a7c9,[],0.0,esp_028329_1350,['train'],1.0,Counter({'train': 1}),val,0a78d2ee17f9e0b7,True,hirise_clean,0,C:\Users\deves\OneDrive\Desktop\Projects\TCMD-SS\data\raw\hirise_v3_2\map-proj-v3_2\ESP_028329_1350_RED-0232.jpg
map-proj-v3_2/ESP_028329_1350_RED-0243.jpg,ok,,JPEG,227.0,227.0,L,1.0,1.0,normal,other,train,esp_028329_1350_red-0243,[],43579a587a4f41d49496e71380cef673df80fd4bff3a47c6822c97c921c2b06c,1056d34279287f556c7c16d3ab1fb890179d4c164161acdcd1cf9f49fef92d85,e4f3b48d2f6142d8,78.24731704477091,12.942088155409088,f8c759b2c0fc5e70,[],0.0,esp_028329_1350,['train'],1.0,Counter({'train': 1}),val,0a78d2ee17f9e0b7,True,hirise_clean,0,C:\Users\deves\OneDrive\Desktop\Projects\TCMD-SS\data\raw\hirise_v3_2\map-proj-v3_2\ESP_028329_1350_RED-0243.jpg
map-proj-v3_2/ESP_028329_1350_RED-0247.jpg,ok,,JPEG,227.0,227.0,L,1.0,1.0,normal,other,train,esp_028329_1350_red-0247,[],1f1b899a019ec4ca6677ebf3f40a1c99dac8dbf3dd529fdc4be6cf8f68ee168b,01969d1703d47c44f0a541ef9f7cee193caf33d7bda649bee052d50fe1b24f8c,89b3324c983ffc94,81.66607153253507,12.201888598356131,869e1537086377ba,[],0.0,esp_028329_1350,['train'],1.0,Counter({'train': 1}),val,0a78d2ee17f9e0b7,True,hirise_clean,0,C:\Users\deves\OneDrive\Desktop\Projects\TCMD-SS\data\raw\hirise_v3_2\map-proj-v3_2\ESP_028329_1350_RED-0247.jpg
map-proj-v3_2/ESP_028329_1350_RED-0248.jpg,ok,,JPEG,227.0,227.0,L,1.0,1.0,normal,other,train,esp_028329_1350_red-0248,[],e3c37c8e38341260db784ceceb0b028cce1a6a128f0ca08e45ca8fdda2c313ec,439e8f661f71fc179c313d77057d1bd431a4e9485ade15a65da5b6411e5d51fa,e2eead6bcc19a284,69.1356711754546,14.424125499777,367a181f78299fd8,[],0.0,esp_028329_1350,['train'],1.0,Counter({'train': 1}),val,0a78d2ee17f9e0b7,True,hirise_clean,0,C:\Users\deves\OneDrive\Desktop\Projects\TCMD-SS\data\raw\hirise_v3_2\map-proj-v3_2\ESP_028329_1350_RED-0248.jpg
map-proj-v3_2/ESP_028329_1350_RED-0253.jpg,ok,,JPEG,227.0,227.0,L,1.0,1.0,normal,other,train,esp_028329_1350_red-0253,[],340c869e15afc3d8f23e4367a25ed1b94fc26ea70d598f3dc430c27d9c1cfa5f,ba2033b3fc99c812cf4214bd0d135c5a6633505dd3bea50e731637db22bb3ffe,c2dd8e396a4c99b1,87.90923557608338,14.52899934543496,d26a7f62465c0045,[],0.0,esp_028329_1350,['train'],1.0,Counter({'train': 1}),val,0a78d2ee17f9e0b7,True,hirise_clean,0,C:\Users\deves\OneDrive\Desktop\Projects\TCMD-SS\data\raw\hirise_v3_2\map-proj-v3_2\ESP_028329_1350_RED-0253.jpg
map-proj-v3_2/ESP_028329_1350_RED-0268.jpg,ok,,JPEG,227.0,227.0,L,1.0,1.0,normal,other,train,esp_028329_1350_red-0268,[],4197421bc7bbfe5564d9dff9a296fba756bcfd97ec01055a42c9cb87107e275d,c9b72111abf7bd5d061ac418e643500c7dc97f81ac1f8d741adbec888f276b9f,c1e8ef4f19723286,100.62213510838556,14.322625594696472,d5241da99cab2b03,[],0.0,esp_028329_1350,['train'],1.0,Counter({'train': 1}),val,0a78d2ee17f9e0b7,True,hirise_clean,0,C:\Users\deves\OneDrive\Desktop\Projects\TCMD-SS\data\raw\hirise_v3_2\map-proj-v3_2\ESP_028329_1350_RED-0268.jpg
map-proj-v3_2/ESP_028329_1350_RED-0276.jpg,ok,,JPEG,227.0,227.0,L,1.0,1.0,normal,other,train,esp_028329_1350_red-0276,[],b2acf8887f6e552f2525e1ef6a574ff5f7795a13f23e9c6239d55dbbbe9b68ca,b03db48982becebe55f05787a88b8ca8c81c68907aa1a583a2ecc5704cbc8ce0,9cc76b6849b69433,77.63568087872848,56.60033471003764,229e9a9b7f048e8f,[],0.0,esp_028329_1350,['train'],1.0,Counter({'train': 1}),val,0a78d2ee17f9e0b7,True,hirise_clean,0,C:\Users\deves\OneDrive\Desktop\Projects\TCMD-SS\data\raw\hirise_v3_2\map-proj-v3_2\ESP_028329_1350_RED-0276.jpg
map-proj-v3_2/ESP_028329_1350_RED-0277.jpg,ok,,JPEG,227.0,227.0,L,1.0,1.0,normal,other,train,esp_028329_1350_red-0277,[],8ab54735436beeb58d82ebe8e7e6acec11065c5720d6524c92f650ab4ffb2155,5c9b7e549d3e00de9ee51c2f06be1c7f4b5b44f4ca05c7fc2793b72852037949,f1f96221cb962d0b,100.7802208465136,13.392344363857514,5b17ade4c01dc487,[],0.0,esp_028329_1350,['train'],1.0,Counter({'train': 1}),val,0a78d2ee17f9e0b7,True,hirise_clean,0,C:\Users\deves\OneDrive\Desktop\Projects\TCMD-SS\data\raw\hirise_v3_2\map-proj-v3_2\ESP_028329_1350_RED-0277.jpg
map-proj-v3_2/ESP_028329_1350_RED-0279.jpg,ok,,JPEG,227.0,227.0,L,1.0,1.0,normal,other,train,esp_028329_1350_red-0279,[],4ce682b68015c0a094a8be3b7b2fc9b98f55d5bf09da26fa46c880bc20eddca6,52b4b8c34b4d3c11c1139c9bfe7148863e722c93669624a4de3346689b78ca3d,d5d26a9496426bb5,90.29282539928973,35.84407912144478,334832da5eb5ea1d,[],0.0,esp_028329_1350,['train'],1.0,Counter({'train': 1}),val,0a78d2ee17f9e0b7,True,hirise_clean,0,C:\Users\deves\OneDrive\Desktop\Projects\TCMD-SS\data\raw\hirise_v3_2\map-proj-v3_2\ESP_028329_1350_RED-0279.jpg
map-proj-v3_2/ESP_028329_1350_RED-0283.jpg,ok,,JPEG,227.0,227.0,L,1.0,1.0,normal,other,train,esp_028329_1350_red-0283,[],65f1676440ff4292ba0f85c7b8cb1c254b2bb696fa358c02fba6b51a5b2d55a6,4694fa1013bcce6bb1459e481f2f510b2e7ffc0dd6c16ec0b461e8d01a80febc,e6429da027ead54e,111.3515884259349,15.462762949320654,1ce426bc3cf5bb16,[],0.0,esp_028329_1350,['train'],1.0,Counter({'train': 1}),val,0a78d2ee17f9e0b7,True,hirise_clean,0,C:\Users\deves\OneDrive\Desktop\Projects\TCMD-SS\data\raw\hirise_v3_2\map-proj-v3_2\ESP_028329_1350_RED-0283.jpg
map-proj-v3_2/ESP_028329_1350_RED-0286.jpg,ok,,JPEG,227.0,227.0,L,1.0,1.0,normal,other,train,esp_028329_1350_red-0286,[],b44e59163a51b184ffe7a95b2953f45d4f2d361a029ba524c640c5f748fb3015,6b268bb68f4af789afc6481ee8fc7e6b3e083068c58f6909e503266fee2b93b2,9bb40482997deec3,106.65978381105784,13.8049969212163,b2cfbb4298d5a1e4,[],0.0,esp_028329_1350,['train'],1.0,Counter({'train': 1}),val,0a78d2ee17f9e0b7,True,hirise_clean,0,C:\Users\deves\OneDrive\Desktop\Projects\TCMD-SS\data\raw\hirise_v3_2\map-proj-v3_2\ESP_028329_1350_RED-0286.jpg
map-proj-v3_2/ESP_028329_1350_RED-0294.jpg,ok,,JPEG,227.0,227.0,L,1.0,1.0,normal,other,train,esp_028329_1350_red-0294,[],9b10364bbd14d6e8a3b7d8daaa21162d4adb334673fe6721fd3839969493117d,d07168070282ad49947a72ad34bb7e948c1058791ff6181802735875aa4ca4e2,d46b379b2de2b090,113.41819169787888,13.34190071317972,f72026db2c5f0080,[],0.0,esp_028329_1350,['train'],1.0,Counter({'train': 1}),val,0a78d2ee17f9e0b7,True,hirise_clean,0,C:\Users\deves\OneDrive\Desktop\Projects\TCMD-SS\data\raw\hirise_v3_2\map-proj-v3_2\ESP_028329_1350_RED-0294.jpg
map-proj-v3_2/ESP_028329_1350_RED-0296.jpg,ok,,JPEG,227.0,227.0,L,1.0,1.0,normal,other,train,esp_028329_1350_red-0296,[],d7aa878dfffece4986c8a21e0ed77a685c104094c98b9eeaf426564f668a32f3,9fa16206e88ddceaeb883555a6923e67db321b6d205186640eba584774cc3a73,d5526a9633198fc6,100.03227308894022,35.380639604592226,21880e3676603f30,[],0.0,esp_028329_1350,['train'],1.0,Counter({'train': 1}),val,0a78d2ee17f9e0b7,True,hirise_clean,0,C:\Users\deves\OneDrive\Desktop\Projects\TCMD-SS\data\raw\hirise_v3_2\map-proj-v3_2\ESP_028329_1350_RED-0296.jpg
map-proj-v3_2/ESP_028329_1350_RED-0300.jpg,ok,,JPEG,227.0,227.0,L,1.0,1.0,normal,other,train,esp_028329_1350_red-0300,[],ecef2e3da48ccf77ef740f0ab9695f9ee37f23ca2104e57d5292e5ba4419d036,abb0446cf6ad91f1b370b6d5aa21298b56067bade0503d3c1b222237893ce6bc,8fc368e654476571,85.81975198431951,53.946362387780766,6afc818de6d6477d,[],0.0,esp_028329_1350,['train'],1.0,Counter({'train': 1}),val,0a78d2ee17f9e0b7,True,hirise_clean,0,C:\Users\deves\OneDrive\Desktop\Projects\TCMD-SS\data\raw\hirise_v3_2\map-proj-v3_2\ESP_028329_1350_RED-0300.jpg
map-proj-v3_2/ESP_028329_1350_RED-0303.jpg,ok,,JPEG,227.0,227.0,L,1.0,1.0,normal,other,train,esp_028329_1350_red-0303,[],94ce74bb48e742850612527908a647354dc0e471abdf24eabb97ece75a982f95,92cf14124b2cd41f04e74a3748945c711093326bfc947920246e0d31b7d1ed27,ecc39329967293b4,119.8307943100002,20.712013800744163,679c545f545aa32e,[],0.0,esp_028329_1350,['train'],1.0,Counter({'train': 1}),val,0a78d2ee17f9e0b7,True,hirise_clean,0,C:\Users\deves\OneDrive\Desktop\Projects\TCMD-SS\data\raw\hirise_v3_2\map-proj-v3_2\ESP_028329_1350_RED-0303.jpg
map-proj-v3_2/ESP_028329_1350_RED-0304.jpg,ok,,JPEG,227.0,227.0,L,1.0,1.0,normal,other,train,esp_028329_1350_red-0304,[],870e8b51a3b7327246e66abdb879a3633cd071f96f1f4a4547d2f8fb64e17496,c30acd5f074a5d0a31dedd5edee97a61515c89600e37a78cbc9cc14bb2f55c4d,db3e3873c1d0a4ca,114.5138659783811,15.565261482945774,bb422f3a6be1547e,[],0.0,esp_028329_1350,['train'],1.0,Counter({'train': 1}),val,0a78d2ee17f9e0b7,True,hirise_clean,0,C:\Users\deves\OneDrive\Desktop\Projects\TCMD-SS\data\raw\hirise_v3_2\map-proj-v3_2\ESP_028329_1350_RED-0304.jpg
map-proj-v3_2/ESP_028329_1350_RED-0305.jpg,ok,,JPEG,227.0,227.0,L,1.0,1.0,normal,other,train,esp_028329_1350_red-0305,[],669cd4f1d1160fcae2926870b7be42022502eaa992747515210c54415570abba,87f7220b1535627e6cc4013f1d8cef8fa18a3e1f30ecba7d9194ac489d04aa8e,b793d24ff01017e2,118.06037377011005,16.346092154982454,d0fa1d0071382feb,[],0.0,esp_028329_1350,['train'],1.0,Counter({'train': 1}),val,0a78d2ee17f9e0b7,True,hirise_clean,0,C:\Users\deves\OneDrive\Desktop\Projects\TCMD-SS\data\raw\hirise_v3_2\map-proj-v3_2\ESP_028329_1350_RED-0305.jpg
map-proj-v3_2/ESP_028329_1350_RED-0309.jpg,ok,,JPEG,227.0,227.0,L,1.0,1.0,normal,other,train,esp_028329_1350_red-0309,[],810be7a482ab7557f23da71114ce898c2c0941e21c26b565d908a0c148eae26d,5cebe13959f1f05a689941b286e6be7e57c86ce1f96c432c717ea0fd9912881f,80ff97b825a48f64,110.8572066215141,25.696345765265555,fd8d9f52996db9aa,[],0.0,esp_028329_1350,['train'],1.0,Counter({'train': 1}),val,0a78d2ee17f9e0b7,True,hirise_clean,0,C:\Users\deves\OneDrive\Desktop\Projects\TCMD-SS\data\raw\hirise_v3_2\map-proj-v3_2\ESP_028329_1350_RED-0309.jpg
map-proj-v3_2/ESP_028329_1350_RED-0315.jpg,ok,,JPEG,227.0,227.0,L,1.0,1.0,normal,other,train,esp_028329_1350_red-0315,[],c382945bcd09ab2365ad7ce22c3e12aa6de0a91ba0dc107f9999b333b0f82bbc,69caf76672793a2158f9102d37b5958ca98e76fbe76b6acd3837b095617412e9,a2f44c98b52dd6cc,149.37741854101574,13.462873612526222,edb84136621e54a7,[],0.0,esp_028329_1350,['train'],1.0,Counter({'train': 1}),val,0a78d2ee17f9e0b7,True,hirise_clean,0,C:\Users\deves\OneDrive\Desktop\Projects\TCMD-SS\data\raw\hirise_v3_2\map-proj-v3_2\ESP_028329_1350_RED-0315.jpg
map-proj-v3_2/ESP_028329_1350_RED-0320.jpg,ok,,JPEG,227.0,227.0,L,1.0,1.0,normal,other,train,esp_028329_1350_red-0320,[],43019c177b4de2a48a66862a50f39df141750f25e1061a0e27b84c8870123bac,2dbd7d8445c165310fd7d513f7703ee65d4efa201870e769cd35d2b8eaa61f10,d61c4b7821f52bc5,149.6948708494246,14.435852101332516,1ae7837f8cd1973b,[],0.0,esp_028329_1350,['train'],1.0,Counter({'train': 1}),val,0a78d2ee17f9e0b7,True,hirise_clean,0,C:\Users\deves\OneDrive\Desktop\Projects\TCMD-SS\data\raw\hirise_v3_2\map-proj-v3_2\ESP_028329_1350_RED-0320.jpg
map-proj-v3_2/ESP_028329_1350_RED-0321.jpg,ok,,JPEG,227.0,227.0,L,1.0,1.0,normal,other,train,esp_028329_1350_red-0321,[],bcce6a35965ebda45c336c1cf67f07cd824ad780470dde4c50b2d2c6b17c114b,2b2d63ec1493cb40f3d22832380ae0a14931464e89730b353701769de9402d8c,d5d5067b5b868e48,121.97065729977294,41.044287532524166,4e88e860f9921de9,[],0.0,esp_028329_1350,['train'],1.0,Counter({'train': 1}),val,0a78d2ee17f9e0b7,True,hirise_clean,0,C:\Users\deves\OneDrive\Desktop\Projects\TCMD-SS\data\raw\hirise_v3_2\map-proj-v3_2\ESP_028329_1350_RED-0321.jpg
map-proj-v3_2/ESP_028329_1350_RED-0330.jpg,ok,,JPEG,227.0,227.0,L,1.0,1.0,normal,other,train,esp_028329_1350_red-0330,[],313a730ad1c492e26095796b8f6d3030c1aa2c8ef48974c61fe35e7cafd0bc63,d67eed8b73362bca0afcac0f15d876808636bc757235296b277dd9e82f4f1dd5,c79636ba6813ae52,132.18028682877602,14.325203536822004,a408050699171d09,[],0.0,esp_028329_1350,['train'],1.0,Counter({'train': 1}),val,0a78d2ee17f9e0b7,True,hirise_clean,0,C:\Users\deves\OneDrive\Desktop\Projects\TCMD-SS\data\raw\hirise_v3_2\map-proj-v3_2\ESP_028329_1350_RED-0330.jpg
map-proj-v3_2/ESP_028329_1350_RED-0332.jpg,ok,,JPEG,227.0,227.0,L,1.0,1.0,normal,other,train,esp_028329_1350_red-0332,[],a430fd32e87fef5df1aef76c2347800de993b59b27cf474a044e5e9b7dee7859,f2a2918fb4916cfc65c142eba45132ea9d0ee77fdf9dd1a5682fd2837effe641,aa583f7296e4c6a4,145.7540414135729,15.263036682994178,e26929d682eeefa4,[],0.0,esp_028329_1350,['train'],1.0,Counter({'train': 1}),val,0a78d2ee17f9e0b7,True,hirise_clean,0,C:\Users\deves\OneDrive\Desktop\Projects\TCMD-SS\data\raw\hirise_v3_2\map-proj-v3_2\ESP_028329_1350_RED-0332.jpg
map-proj-v3_2/ESP_028329_1350_RED-0337.jpg,ok,,JPEG,227.0,227.0,L,1.0,1.0,normal,other,train,esp_028329_1350_red-0337,[],caa0efb3e76189854d65647222c42a434cb1a958764d45997c1be3152563bef0,6704fed3e6fc139c84c5197844c4c55e2130ad2e1b293f98d7bbe32bccd61f76,80fe7fc8b0a17760,119.44299326592792,36.1084735661231,baed3c2b1e3138e9,[],0.0,esp_028329_1350,['train'],1.0,Counter({'train': 1}),val,0a78d2ee17f9e0b7,True,hirise_clean,0,C:\Users\deves\OneDrive\Desktop\Projects\TCMD-SS\data\raw\hirise_v3_2\map-proj-v3_2\ESP_028329_1350_RED-0337.jpg
map-proj-v3_2/ESP_028329_1350_RED-0343.jpg,ok,,JPEG,227.0,227.0,L,1.0,1.0,normal,other,train,esp_028329_1350_red-0343,[],e13bc1a58a489109e2df73b1a34be137cc5d1667e9a74a57935938c3aee9a05d,bb3e037c83e2687da4be634bde290ef7fe382501af1f01ed2acf2febf8a8983b,f5d1c2b5b54c8703,115.51163422538764,13.48708273397387,225edaa5467f09fb,[],0.0,esp_028329_1350,['train'],1.0,Counter({'train': 1}),val,0a78d2ee17f9e0b7,True,hirise_clean,0,C:\Users\deves\OneDrive\Desktop\Projects\TCMD-SS\data\raw\hirise_v3_2\map-proj-v3_2\ESP_028329_1350_RED-0343.jpg
map-proj-v3_2/ESP_028329_1350_RED-0348.jpg,ok,,JPEG,227.0,227.0,L,1.0,1.0,normal,other,train,esp_028329_1350_red-0348,[],ad3003a4e3b968147fed16b26e8021b505aae80feace43ba122040badb821e51,d64a80721f7dcb33278f8e0ba38249ebd86c88f3989a186f9544f320c6a9e827,f62e08242b3b7973,99.45661666246193,35.73669758118917,c35d599f2b2e509d,[],0.0,esp_028329_1350,['train'],1.0,Counter({'train': 1}),val,0a78d2ee17f9e0b7,True,hirise_clean,0,C:\Users\deves\OneDrive\Desktop\Projects\TCMD-SS\data\raw\hirise_v3_2\map-proj-v3_2\ESP_028329_1350_RED-0348.jpg
map-proj-v3_2/ESP_032391_2080_RED-0003.jpg,ok,,JPEG,227.0,227.0,L,1.0,1.0,normal,crater,val,esp_032391_2080_red-0003,[],c18e1d82b500afcedafc91dc8d9b5845868e04ed630fdead62ae0eb56d7f0d2a,49821a597269023d8856d0518090aa0d99a9406ee80d9f3813f311ed1faf70cd,db894c8673d924f4,107.03029362106774,39.31088406044171,2ae0660ace9a5ca3,[],1.0,esp_032391_2080,['val'],2.0,Counter({'val': 2}),val,501845ae468bdee7,True,hirise_clean,0,C:\Users\deves\OneDrive\Desktop\Projects\TCMD-SS\data\raw\hirise_v3_2\map-proj-v3_2\ESP_032391_2080_RED-0003.jpg
map-proj-v3_2/ESP_032391_2080_RED-0009.jpg,ok,,JPEG,227.0,227.0,L,1.0,1.0,normal,crater,val,esp_032391_2080_red-0009,[],3771ab6eaab352914d6731bd65d1e685904af9715ddd7c62013ee336646ee7a3,bf9f70a6cedad99eaa69f169ba5484da1936c7b934140726cdc9a72a0a25624d,990cc63398cf733c,120.07391954045296,19.7956155364419,716ddc431bd4f526,[],1.0,esp_032391_2080,['val'],2.0,Counter({'val': 2}),val,501845ae468bdee7,True,hirise_clean,0,C:\Users\deves\OneDrive\Desktop\Projects\TCMD-SS\data\raw\hirise_v3_2\map-proj-v3_2\ESP_032391_2080_RED-0009.jpg
map-proj-v3_2/ESP_032391_2080_RED-0010.jpg,ok,,JPEG,227.0,227.0,L,1.0,1.0,normal,crater,val,esp_032391_2080_red-0010,[],74988810f7625537f1442961fd4922038bfb8f03e50f9e72f92c44a3a9f67391,60a0d095af94375aa9996d2758a90cd457c3eb519b574b31181c03a9997c7155,f21ec9696437929a,124.68210134099245,13.31825056583587,88bbe2c33c159f60,[],1.0,esp_032391_2080,['val'],2.0,Counter({'val': 2}),val,501845ae468bdee7,True,hirise_clean,0,C:\Users\deves\OneDrive\Desktop\Projects\TCMD-SS\data\raw\hirise_v3_2\map-proj-v3_2\ESP_032391_2080_RED-0010.jpg
map-proj-v3_2/ESP_032391_2080_RED-0028.jpg,ok,,JPEG,227.0,227.0,L,1.0,1.0,normal,crater,val,esp_032391_2080_red-0028,[],3dbbc46f9d61c9308b293a2027f71d49aeda44af76ac887a60c67e0dd4baae6d,70b36665af1249489dcead5f0de18687fe7e46cf5e3f3affe8722e51ad9345e6,ada5965155c47713,127.89530167478507,19.619113809426384,d5c43739d921fe08,[],1.0,esp_032391_2080,['val'],2.0,Counter({'val': 2}),val,501845ae468bdee7,True,hirise_clean,0,C:\Users\deves\OneDrive\Desktop\Projects\TCMD-SS\data\raw\hirise_v3_2\map-proj-v3_2\ESP_032391_2080_RED-0028.jpg
map-proj-v3_2/ESP_032391_2080_RED-0037.jpg,ok,,JPEG,227.0,227.0,L,1.0,1.0,normal,crater,val,esp_032391_2080_red-0037,[],a5a48e5b98cd58106d6c28360d7d9baa22ba352def02a62b2bc34af59687c603,142bfb417c5d7d542e74b19c6725a19abbc74e7fb76ba64a81f90566bd06215b,a609d946369b6d66,118.03576626753866,18.044569682792176,80a223518f7113db,[],1.0,esp_032391_2080,['val'],2.0,Counter({'val': 2}),val,501845ae468bdee7,True,hirise_clean,0,C:\Users\deves\OneDrive\Desktop\Projects\TCMD-SS\data\raw\hirise_v3_2\map-proj-v3_2\ESP_032391_2080_RED-0037.jpg
map-proj-v3_2/ESP_032391_2080_RED-0039.jpg,ok,,JPEG,227.0,227.0,L,1.0,1.0,normal,crater,val,esp_032391_2080_red-0039,[],6796f1756c84270f22a5a361dcfedb15f4290af3293c5e7f7df1de9b511b3121,d608836a63fab6248472685a3ec3b91c17aa28e34e44ed8ec95a4e8a02a5bcbb,92f6196c7692996c,117.87684604785656,12.963332210913697,db24d147e4bad707,[],1.0,esp_032391_2080,['val'],2.0,Counter({'val': 2}),val,501845ae468bdee7,True,hirise_clean,0,C:\Users\deves\OneDrive\Desktop\Projects\TCMD-SS\data\raw\hirise_v3_2\map-proj-v3_2\ESP_032391_2080_RED-0039.jpg
map-proj-v3_2/ESP_032391_2080_RED-0041.jpg,ok,,JPEG,227.0,227.0,L,1.0,1.0,normal,crater,val,esp_032391_2080_red-0041,[],72606422c68bac99bc84e708ca11b747a6f971bce7ec211fe8561bb8c6b37bcc,57089d97635d011eaf7bed23efce2f64600f7be836a7d3035ceff916c9568473,8c43633ccef23a8b,118.63956218828233,13.350403669005068,3902e96e0252cc01,[],1.0,esp_032391_2080,['val'],2.0,Counter({'val': 2}),val,501845ae468bdee7,True,hirise_clean,0,C:\Users\deves\OneDrive\Desktop\Projects\TCMD-SS\data\raw\hirise_v3_2\map-proj-v3_2\ESP_032391_2080_RED-0041.jpg
map-proj-v3_2/ESP_032391_2080_RED-0057.jpg,ok,,JPEG,227.0,227.0,L,1.0,1.0,normal,crater,val,esp_032391_2080_red-0057,[],90b7d639f96a1072c063c6a289a890a2b7c315064936d9c28dd9662c8eda75d3,d0539ed0691339cdba9c42337cc86ffb3656bfc0d3a20854dbdcfa0e229ae854,a930d64e7399ccc6,118.17029245667489,14.433266205288652,701e0b9ba7014272,[],1.0,esp_032391_2080,['val'],2.0,Counter({'val': 2}),val,501845ae468bdee7,True,hirise_clean,0,C:\Users\deves\OneDrive\Desktop\Projects\TCMD-SS\data\raw\hirise_v3_2\map-proj-v3_2\ESP_032391_2080_RED-0057.jpg
map-proj-v3_2/ESP_032391_2080_RED-0068.jpg,ok,,JPEG,227.0,227.0,L,1.0,1.0,normal,crater,val,esp_032391_2080_red-0068,[],033e7333edfcc39881c96b8787e22ef97494592aa622da9e21ad8e4061cc2c9d,7a2b57efecbf2c8c27ae52a6183931be712b41dd643cf140f9dc35d1ffe6e924,9114e67399dc6633,120.538260008927,14.837189366249287,31100b5de543c9d2,['group_label_conflict'],1.0,esp_032391_2080,['val'],2.0,Counter({'val': 2}),val,501845ae468bdee7,True,hirise_clean,0,C:\Users\deves\OneDrive\Desktop\Projects\TCMD-SS\data\raw\hirise_v3_2\map-proj-v3_2\ESP_032391_2080_RED-0068.jpg
map-proj-v3_2/ESP_032391_2080_RED-0282.jpg,ok,,JPEG,227.0,227.0,L,1.0,1.0,normal,crater,val,esp_032391_2080_red-0282,[],e3e3dd78b2e99d0976d4114f96bf10b9ace99e1001771b67de3e15c4d6b48600,13f6928f14a7fb8ebfc1e376a4aaba4b668dacdbbc657e95b10d0e91f76eba0b,f3c9c47238cd6730,114.25979545498652,26.21740247094713,2e9e3992db49984a,[],1.0,esp_032391_2080,['val'],2.0,Counter({'val': 2}),val,501845ae468bdee7,True,hirise_clean,0,C:\Users\deves\OneDrive\Desktop\Projects\TCMD-SS\data\raw\hirise_v3_2\map-proj-v3_2\ESP_032391_2080_RED-0282.jpg
map-proj-v3_2/ESP_032391_2080_RED-0297.jpg,ok,,JPEG,227.0,227.0,L,1.0,1.0,normal,slope streak,val,esp_032391_2080_red-0297,[],7cc5ffbdd45b7e4d8c0bea15edbe1512873c13c9fdc78cde5f96c71db6ad8bdb,08f81484147f6e7973df85c7029af1bef7d0f6253988f9cf7baf2fe0c9f71d40,e4b9192462fbfc44,123.88775252770284,14.503568030732351,6ddd7641a6b93d36,[],3.0,esp_032391_2080,['val'],2.0,Counter({'val': 2}),val,501845ae468bdee7,True,hirise_clean,0,C:\Users\deves\OneDrive\Desktop\Projects\TCMD-SS\data\raw\hirise_v3_2\map-proj-v3_2\ESP_032391_2080_RED-0297.jpg
map-proj-v3_2/ESP_032391_2080_RED-0327.jpg,ok,,JPEG,227.0,227.0,L,1.0,1.0,normal,slope streak,val,esp_032391_2080_red-0327,[],67290f441bfff06d8e6c9a5fccdccb2a9ee3933dbf39f147ebc6ea4ca614f531,a7ce5b3734eb5fa9fd67286b5601e16eed27b3b061ab95b6623518412d382dbc,c93666c91195eaea,124.00380368336276,18.11907139478513,93654c970377cf5f,[],3.0,esp_032391_2080,['val'],2.0,Counter({'val': 2}),val,501845ae468bdee7,True,hirise_clean,0,C:\Users\deves\OneDrive\Desktop\Projects\TCMD-SS\data\raw\hirise_v3_2\map-proj-v3_2\ESP_032391_2080_RED-0327.jpg
map-proj-v3_2/ESP_032391_2080_RED-0328.jpg,ok,,JPEG,227.0,227.0,L,1.0,1.0,normal,crater,val,esp_032391_2080_red-0328,[],173b180e589855b46a138aa847c0db581b679edec141247b06bda4d9a5e0fd8e,64187eaa15f9f2bdfd1a6f4daf0e9e93b8c7211f871bb5dade2a3c5645a30a31,f3dc4c27338c6721,116.76584059461662,15.288238042684252,4e3bc32bf175276e,[],1.0,esp_032391_2080,['val'],2.0,Counter({'val': 2}),val,501845ae468bdee7,True,hirise_clean,0,C:\Users\deves\OneDrive\Desktop\Projects\TCMD-SS\data\raw\hirise_v3_2\map-proj-v3_2\ESP_032391_2080_RED-0328.jpg
map-proj-v3_2/ESP_033955_2065_RED-0007.jpg,ok,,JPEG,227.0,227.0,L,1.0,1.0,normal,other,train,esp_033955_2065_red-0007,[],0666fecfe1e041cff6eeb33a34f3e7873c3deb0f45c65d4353411e7306f578e3,5abeafed6ad080179c4ccc5a4273b531cb5ef3921fca04a9c0af59a84698a545,a3477c8887f76078,82.7372353432048,19.480717234544212,7550e998098a8b35,[],0.0,esp_033955_2065,['train'],1.0,Counter({'train': 1}),val,ff393e6c547ee767,True,hirise_clean,0,C:\Users\deves\OneDrive\Desktop\Projects\TCMD-SS\data\raw\hirise_v3_2\map-proj-v3_2\ESP_033955_2065_RED-0007.jpg
map-proj-v3_2/ESP_033955_2065_RED-0009.jpg,ok,,JPEG,227.0,227.0,L,1.0,1.0,normal,other,train,esp_033955_2065_red-0009,[],329e469be438e44a364913aa399381839eb8c014c861da665cf419b74edba85f,6fce2f4498f6c21736688b229c23ae7fd79fd8176f49f50734b699f6d8884295,fbd8246c9b936464,78.4271187098527,15.40622704843014,66b7f7d5d0a8850e,[],0.0,esp_033955_2065,['train'],1.0,Counter({'train': 1}),val,ff393e6c547ee767,True,hirise_clean,0,C:\Users\deves\OneDrive\Desktop\Projects\TCMD-SS\data\raw\hirise_v3_2\map-proj-v3_2\ESP_033955_2065_RED-0009.jpg
map-proj-v3_2/ESP_033955_2065_RED-0015.jpg,ok,,JPEG,227.0,227.0,L,1.0,1.0,normal,dark dune,train,esp_033955_2065_red-0015,[],8042d612d1e02fef6423ed8a06534ce10fdd37c1b53d727f291e31a88a36660d,808babdd8884aedaf5c7a964c7913ec7b0c5fca373d2db6f1abc47338725aeb0,edc913461c670f0f,66.92937957266781,23.26159218845054,f564e772fce48640,[],2.0,esp_033955_2065,['train'],1.0,Counter({'train': 1}),val,ff393e6c547ee767,True,hirise_clean,0,C:\Users\deves\OneDrive\Desktop\Projects\TCMD-SS\data\raw\hirise_v3_2\map-proj-v3_2\ESP_033955_2065_RED-0015.jpg
map-proj-v3_2/ESP_033955_2065_RED-0018.jpg,ok,,JPEG,227.0,227.0,L,1.0,1.0,normal,other,train,esp_033955_2065_red-0018,[],2deda3c8514a601a25e01aa2a8c032bf0ae840b4b246619eb8344931b63a700b,db5b51a078499175bb3de37d8bd75af7a4e8ccc559bbbddaf70a428363b32f11,8c67634c953b32ad,55.60987017019542,48.69703636859707,4d18efa9c53d40d8,[],0.0,esp_033955_2065,['train'],1.0,Counter({'train': 1}),val,ff393e6c547ee767,True,hirise_clean,0,C:\Users\deves\OneDrive\Desktop\Projects\TCMD-SS\data\raw\hirise_v3_2\map-proj-v3_2\ESP_033955_2065_RED-0018.jpg
map-proj-v3_2/ESP_033955_2065_RED-0019.jpg,ok,,JPEG,227.0,227.0,L,1.0,1.0,normal,dark dune,train,esp_033955_2065_red-0019,[],6754c7f8c17913c0f33487bfc9c3c6b90aa843a98fb45bff79a992e71a2547d2,f9681f5ea0d49629416236c9a6a648df63176f419bb926f5a7599b29f9487e13,807a4ad1b42f4bf3,54.511129655145645,23.77499037284753,4ae93056ee0462c8,[],2.0,esp_033955_2065,['train'],1.0,Counter({'train': 1}),val,ff393e6c547ee767,True,hirise_clean,0,C:\Users\deves\OneDrive\Desktop\Projects\TCMD-SS\data\raw\hirise_v3_2\map-proj-v3_2\ESP_033955_2065_RED-0019.jpg
map-proj-v3_2/ESP_033955_2065_RED-0020.jpg,ok,,JPEG,227.0,227.0,L,1.0,1.0,normal,other,train,esp_033955_2065_red-0020,[],534f1f496deb5c9d03a640bf095afad316b565c7294094c53b9f2e1588e23f44,96a93443d725b73cc4ac9303511702a5efb9bd3393c92731b40cf642c4eb0a46,d2276bc013f4859f,42.363930990316135,14.46873376193268,340e89bf1ce3b1cc,[],0.0,esp_033955_2065,['train'],1.0,Counter({'train': 1}),val,ff393e6c547ee767,True,hirise_clean,0,C:\Users\deves\OneDrive\Desktop\Projects\TCMD-SS\data\raw\hirise_v3_2\map-proj-v3_2\ESP_033955_2065_RED-0020.jpg
map-proj-v3_2/ESP_033955_2065_RED-0021.jpg,ok,,JPEG,227.0,227.0,L,1.0,1.0,normal,dark dune,train,esp_033955_2065_red-0021,[],7b729c530b4e5ec668c24a2920365be544ee34c6c50831c788c02542bd0f9b3e,4331b315c2c70a3c5e91059f0410aaf954d8bc973fbe5fbc44bff408cd54d7bb,9b376ac99e30e0c6,46.81703506763182,19.37894275441927,4a1a63433542bed4,[],2.0,esp_033955_2065,['train'],1.0,Counter({'train': 1}),val,ff393e6c547ee767,True,hirise_clean,0,C:\Users\deves\OneDrive\Desktop\Projects\TCMD-SS\data\raw\hirise_v3_2\map-proj-v3_2\ESP_033955_2065_RED-0021.jpg
map-proj-v3_2/ESP_033955_2065_RED-0022.jpg,ok,,JPEG,227.0,227.0,L,1.0,1.0,normal,dark dune,train,esp_033955_2065_red-0022,[],967e2c46628cef2cb5ad8bb5ea06f0d633823a2c3908777988089d9f9b8426d8,f7299e15e72de984b7e2ea7740905f97a4e0fced7de8e8524e67f290a59b9f21,d57a6b841f60479c,35.86805488171709,13.897251967223642,ce2f47fb67d37ca6,[],2.0,esp_033955_2065,['train'],1.0,Counter({'train': 1}),val,ff393e6c547ee767,True,hirise_clean,0,C:\Users\deves\OneDrive\Desktop\Projects\TCMD-SS\data\raw\hirise_v3_2\map-proj-v3_2\ESP_033955_2065_RED-0022.jpg
map-proj-v3_2/ESP_033955_2065_RED-0024.jpg,ok,,JPEG,227.0,227.0,L,1.0,1.0,normal,dark dune,train,esp_033955_2065_red-0024,[],3f8fb911df15e2f638d5d1e38a21125047875767b723679f6bbb899cf4416c16,53c69a532052ceb7a5d7d3953a66ca49ed91fb139c600f5f9bff043ef3790021,c17c3e64e1ca9a96,51.20378815812455,32.59124771639787,6b0f19f17a1951e2,[],2.0,esp_033955_2065,['train'],1.0,Counter({'train': 1}),val,ff393e6c547ee767,True,hirise_clean,0,C:\Users\deves\OneDrive\Desktop\Projects\TCMD-SS\data\raw\hirise_v3_2\map-proj-v3_2\ESP_033955_2065_RED-0024.jpg
map-proj-v3_2/ESP_033955_2065_RED-0025.jpg,ok,,JPEG,227.0,227.0,L,1.0,1.0,normal,dark dune,train,esp_033955_2065_red-0025,[],40333ceee0c7a1c1004cc292d56277d081bbdc1595e038271f111baa2ff8312f,935e61cbfa86a05cb75b84e37c568c96dea7386cf058ba5f6adfb3f290e72ed9,8ad5a53ee49a352c,42.60463040229774,22.33989382090701,82aaa54b6dd5a973,[],2.0,esp_033955_2065,['train'],1.0,Counter({'train': 1}),val,ff393e6c547ee767,True,hirise_clean,0,C:\Users\deves\OneDrive\Desktop\Projects\TCMD-SS\data\raw\hirise_v3_2\map-proj-v3_2\ESP_033955_2065_RED-0025.jpg
map-proj-v3_2/ESP_033955_2065_RED-0027.jpg,ok,,JPEG,227.0,227.0,L,1.0,1.0,normal,dark dune,train,esp_033955_2065_red-0027,[],3cf315a44ab7fa7ba4912ed9e45f2204dfe767ee1452dd1c6cb3b4311b10a0dc,8c2f3f753ed5c9cd7d7d0d747abc17a5bcfe771290be8ea3553f04a24b04014e,cac20e3e4c99b32f,41.69522016728444,19.394543388174764,8a1e336c9d6851d1,[],2.0,esp_033955_2065,['train'],1.0,Counter({'train': 1}),val,ff393e6c547ee767,True,hirise_clean,0,C:\Users\deves\OneDrive\Desktop\Projects\TCMD-SS\data\raw\hirise_v3_2\map-proj-v3_2\ESP_033955_2065_RED-0027.jpg
map-proj-v3_2/ESP_033955_2065_RED-0028.jpg,ok,,JPEG,227.0,227.0,L,1.0,1.0,normal,dark dune,train,esp_033955_2065_red-0028,[],7cd8f3f677372d3008bad8f0d24b7e3467af084533425454ceb19894e1c691a0,14d55fa951fef8196e545763bec1c7d5150716dfb2a6f304e951c57cfa9b880a,d2d5933fcb1a3428,41.85146228337441,18.937164991171965,a19ab7638decb7b9,[],2.0,esp_033955_2065,['train'],1.0,Counter({'train': 1}),val,ff393e6c547ee767,True,hirise_clean,0,C:\Users\deves\OneDrive\Desktop\Projects\TCMD-SS\data\raw\hirise_v3_2\map-proj-v3_2\ESP_033955_2065_RED-0028.jpg
map-proj-v3_2/ESP_033955_2065_RED-0030.jpg,ok,,JPEG,227.0,227.0,L,1.0,1.0,normal,dark dune,train,esp_033955_2065_red-0030,[],5880e2b6d734de5aa27c61821e1a64add96a2f023ef04fcf1b3bbd9e8f47b93f,f6df2f829dc6e12b4e180d45ec5980d8d64752f12688891e7681017142a856f0,f4c281c7cfd99286,37.33348211686623,32.9154680875207,dd7275e6550a4bac,[],2.0,esp_033955_2065,['train'],1.0,Counter({'train': 1}),val,ff393e6c547ee767,True,hirise_clean,0,C:\Users\deves\OneDrive\Desktop\Projects\TCMD-SS\data\raw\hirise_v3_2\map-proj-v3_2\ESP_033955_2065_RED-0030.jpg
map-proj-v3_2/ESP_033955_2065_RED-0031.jpg,ok,,JPEG,227.0,227.0,L,1.0,1.0,normal,dark dune,train,esp_033955_2065_red-0031,[],c89825d0e95cccce4681500e7a37a48b5ed1a93b62ceedaaa1dcc0856426d3c7,d830aeb9be37b0221f88dd242fd870cc1e45a94fdd182181ef08a8b405f01cbb,bb42b56ad1aa50ad,42.76912030118962,20.184270279557342,ca844582d93b990d,[],2.0,esp_033955_2065,['train'],1.0,Counter({'train': 1}),val,ff393e6c547ee767,True,hirise_clean,0,C:\Users\deves\OneDrive\Desktop\Projects\TCMD-SS\data\raw\hirise_v3_2\map-proj-v3_2\ESP_033955_2065_RED-0031.jpg
map-proj-v3_2/ESP_033955_2065_RED-0032.jpg,ok,,JPEG,227.0,227.0,L,1.0,1.0,normal,dark dune,train,esp_033955_2065_red-0032,[],535e72dee80b05bbda93b67b685f6c102fd8920deba418f6a1dfed37e911056d,4c7c8e6cd82588642828db6e65c7f7770a14cb7682fb5ae19f45cc5ba6d5bef1,c92f36d9cda64a21,52.05722990937142,30.29295025386441,620350b64b27ef13,[],2.0,esp_033955_2065,['train'],1.0,Counter({'train': 1}),val,ff393e6c547ee767,True,hirise_clean,0,C:\Users\deves\OneDrive\Desktop\Projects\TCMD-SS\data\raw\hirise_v3_2\map-proj-v3_2\ESP_033955_2065_RED-0032.jpg
map-proj-v3_2/ESP_033955_2065_RED-0033.jpg,ok,,JPEG,227.0,227.0,L,1.0,1.0,normal,dark dune,train,esp_033955_2065_red-0033,[],b9a508bbc80c93fd9761acb4fe0c4cc56a0faf992d9382c9924cad406a054f3f,31d82127030423a539a4051f9955ebbcd2732eb2596359bdfdab9bf1b60927d7,d292276cf903fcc1,35.87868966989462,26.120823097896096,b86a9d4b6fca3c7a,[],2.0,esp_033955_2065,['train'],1.0,Counter({'train': 1}),val,ff393e6c547ee767,True,hirise_clean,0,C:\Users\deves\OneDrive\Desktop\Projects\TCMD-SS\data\raw\hirise_v3_2\map-proj-v3_2\ESP_033955_2065_RED-0033.jpg
map-proj-v3_2/ESP_033955_2065_RED-0034.jpg,ok,,JPEG,227.0,227.0,L,1.0,1.0,normal,dark dune,train,esp_033955_2065_red-0034,[],e7661ef6d5cbd2535973cb2128f9a23a19d07d7c0cceebbc81c696aa40d00795,fdf0b491be46a6a4032d9e087df1d55691b8b04b57bea0cea56e53a61b72e6e3,9a72445dd193d574,52.35702225931029,14.523488736424628,3becaf1fe9b908c2,[],2.0,esp_033955_2065,['train'],1.0,Counter({'train': 1}),val,ff393e6c547ee767,True,hirise_clean,0,C:\Users\deves\OneDrive\Desktop\Projects\TCMD-SS\data\raw\hirise_v3_2\map-proj-v3_2\ESP_033955_2065_RED-0034.jpg
map-proj-v3_2/ESP_033955_2065_RED-0035.jpg,ok,,JPEG,227.0,227.0,L,1.0,1.0,normal,dark dune,train,esp_033955_2065_red-0035,[],f7c00e63cd1eede2391cf0208961f8a66e0d25d41b4eacee3f7f5e6664552c6f,a7aac3bb885862ba68da4972748635583e696fb87debf0ad42e79155f3b2bd6c,8f67583166cc9366,36.38069824758874,25.879717967962552,4be77c060ff16ff6,[],2.0,esp_033955_2065,['train'],1.0,Counter({'train': 1}),val,ff393e6c547ee767,True,hirise_clean,0,C:\Users\deves\OneDrive\Desktop\Projects\TCMD-SS\data\raw\hirise_v3_2\map-proj-v3_2\ESP_033955_2065_RED-0035.jpg
map-proj-v3_2/ESP_033955_2065_RED-0037.jpg,ok,,JPEG,227.0,227.0,L,1.0,1.0,normal,dark dune,train,esp_033955_2065_red-0037,[],fee83884fb5a3a401990c86eac71c4602ba2eb868828f27b64bb4cdf4bfe8ed3,31f6b5bf324f92de22ef353ac70172dbf2303724b98278ab6448c5efd18fde92,d64a0d4bbd39191d,36.98579440703293,26.3504394971976,bb3c4b975be29e23,[],2.0,esp_033955_2065,['train'],1.0,Counter({'train': 1}),val,ff393e6c547ee767,True,hirise_clean,0,C:\Users\deves\OneDrive\Desktop\Projects\TCMD-SS\data\raw\hirise_v3_2\map-proj-v3_2\ESP_033955_2065_RED-0037.jpg
map-proj-v3_2/ESP_033955_2065_RED-0038.jpg,ok,,JPEG,227.0,227.0,L,1.0,1.0,normal,dark dune,train,esp_033955_2065_red-0038,[],ede308e954e5ee1b2945d4e104ccf88917fceeadf26b85072d6c45c9e73492c0,cce6b545831e25fb856e545b4e0671a74f4c49f3a90436f87d62315ca1b88f82,b146cc98f3c6cca9,54.47161792388752,17.016525057735322,2460022b35783ed9,[],2.0,esp_033955_2065,['train'],1.0,Counter({'train': 1}),val,ff393e6c547ee767,True,hirise_clean,0,C:\Users\deves\OneDrive\Desktop\Projects\TCMD-SS\data\raw\hirise_v3_2\map-proj-v3_2\ESP_033955_2065_RED-0038.jpg
map-proj-v3_2/ESP_033955_2065_RED-0039.jpg,ok,,JPEG,227.0,227.0,L,1.0,1.0,normal,dark dune,train,esp_033955_2065_red-0039,[],9dfad37978d48cba90c00feb76eab0ca53b1e192b32f5bc175584bc9c85b1b80,aa9b21a49cd264d9f78c046a84e7c781bff23aeb03689b8215fd3ed031afc497,d4d4b8f004f9a3ce,30.948359176386116,17.35039214276667,cea7801dc047968c,[],2.0,esp_033955_2065,['train'],1.0,Counter({'train': 1}),val,ff393e6c547ee767,True,hirise_clean,0,C:\Users\deves\OneDrive\Desktop\Projects\TCMD-SS\data\raw\hirise_v3_2\map-proj-v3_2\ESP_033955_2065_RED-0039.jpg
map-proj-v3_2/ESP_033955_2065_RED-0042.jpg,ok,,JPEG,227.0,227.0,L,1.0,1.0,normal,dark dune,train,esp_033955_2065_red-0042,[],5741fd6043d6e722fe82137281cb55d93689b7d1ac5c3be2274eb4008d5521a6,77bdc3cfb92a8fb05b76960249a8e298eceb5dc85f52e955ed10c073fc603760,e4c019121f7e1e7e,38.454831260067145,19.84520483876217,96778bdda67cfd28,[],2.0,esp_033955_2065,['train'],1.0,Counter({'train': 1}),val,ff393e6c547ee767,True,hirise_clean,0,C:\Users\deves\OneDrive\Desktop\Projects\TCMD-SS\data\raw\hirise_v3_2\map-proj-v3_2\ESP_033955_2065_RED-0042.jpg
map-proj-v3_2/ESP_033955_2065_RED-0045.jpg,ok,,JPEG,227.0,227.0,L,1.0,1.0,normal,dark dune,train,esp_033955_2065_red-0045,[],53b3fc177969619c3f8fdc0cca89882230b4167f8a73d007cee9e5adcbafd0be,4460773307463a203b5ff4925ac0e6485aa1d271332529f21db11cfa59a3747e,9b6664a9db9620cd,50.86539618467271,18.051534914952512,ef84360f8586d576,[],2.0,esp_033955_2065,['train'],1.0,Counter({'train': 1}),val,ff393e6c547ee767,True,hirise_clean,0,C:\Users\deves\OneDrive\Desktop\Projects\TCMD-SS\data\raw\hirise_v3_2\map-proj-v3_2\ESP_033955_2065_RED-0045.jpg
map-proj-v3_2/ESP_033955_2065_RED-0046.jpg,ok,,JPEG,227.0,227.0,L,1.0,1.0,normal,dark dune,train,esp_033955_2065_red-0046,[],97bd6044dfe4a6ba4daa8091ade713eef98d7168ff2d1187f9b9a097196e1b45,fdec44d67a272c19172dd2dde8760ead13e90089d29b17a9e209cf119d2d46db,b2664cd982e6cfc1,50.85495546197287,13.680006530927932,a75aca2bccb77624,[],2.0,esp_033955_2065,['train'],1.0,Counter({'train': 1}),val,ff393e6c547ee767,True,hirise_clean,0,C:\Users\deves\OneDrive\Desktop\Projects\TCMD-SS\data\raw\hirise_v3_2\map-proj-v3_2\ESP_033955_2065_RED-0046.jpg
map-proj-v3_2/ESP_033955_2065_RED-0047.jpg,ok,,JPEG,227.0,227.0,L,1.0,1.0,normal,dark dune,train,esp_033955_2065_red-0047,[],e7f6253b25d5c801ea36d99d41e1cf2cc0e73ba9e86b155422cee697c8fb1b4f,e97966a94585532d8bcdb9854fd3971a3073513cf3b0496f382882cca0aacea0,943a6c8932f6e5cc,38.745948883153176,22.368874260356208,894a36a7f7ddb799,[],2.0,esp_033955_2065,['train'],1.0,Counter({'train': 1}),val,ff393e6c547ee767,True,hirise_clean,0,C:\Users\deves\OneDrive\Desktop\Projects\TCMD-SS\data\raw\hirise_v3_2\map-proj-v3_2\ESP_033955_2065_RED-0047.jpg
map-proj-v3_2/ESP_033955_2065_RED-0048.jpg,ok,,JPEG,227.0,227.0,L,1.0,1.0,normal,dark dune,train,esp_033955_2065_red-0048,[],c902f16ed83d1c39b80ac9f7204bbb0d3080a236b63e0dbb8730296c95d4d808,8f65a576e449e149c3e9b6b722a6619882460015fd904d89f9bbb31586637eb6,dbb146d4d992d189,49.11781715150692,21.115461465038987,7c5bd67cd658b091,[],2.0,esp_033955_2065,['train'],1.0,Counter({'train': 1}),val,ff393e6c547ee767,True,hirise_clean,0,C:\Users\deves\OneDrive\Desktop\Projects\TCMD-SS\data\raw\hirise_v3_2\map-proj-v3_2\ESP_033955_2065_RED-0048.jpg
map-proj-v3_2/ESP_033955_2065_RED-0051.jpg,ok,,JPEG,227.0,227.0,L,1.0,1.0,normal,dark dune,train,esp_033955_2065_red-0051,[],26a5eeee70095fba900cd5135c0954ab237ede19777030fb526e953d20b58c88,a9bfcd0f0d3078773d707bbdc77f17dc98acdc5964546d43212b617156fb5ffd,e7ccd9b3045a92b4,69.06398338799511,25.735837421232745,b47f933c884916ea,[],2.0,esp_033955_2065,['train'],1.0,Counter({'train': 1}),val,ff393e6c547ee767,True,hirise_clean,0,C:\Users\deves\OneDrive\Desktop\Projects\TCMD-SS\data\raw\hirise_v3_2\map-proj-v3_2\ESP_033955_2065_RED-0051.jpg
map-proj-v3_2/ESP_033955_2065_RED-0052.jpg,ok,,JPEG,227.0,227.0,L,1.0,1.0,normal,dark dune,train,esp_033955_2065_red-0052,[],969b80bf449679cf7f13ab0569cd92936e5fa7d566fa3f04ba896525b555564d,0ca1e2fa095e4836e2779b8057c176a35da0e8b97dad18bc4f8ba03d854ad8b3,d6921af222f606f6,61.04688621941043,32.902689623687344,4dd3c4d01f099b69,[],2.0,esp_033955_2065,['train'],1.0,Counter({'train': 1}),val,ff393e6c547ee767,True,hirise_clean,0,C:\Users\deves\OneDrive\Desktop\Projects\TCMD-SS\data\raw\hirise_v3_2\map-proj-v3_2\ESP_033955_2065_RED-0052.jpg
map-proj-v3_2/ESP_033955_2065_RED-0054.jpg,ok,,JPEG,227.0,227.0,L,1.0,1.0,normal,dark dune,train,esp_033955_2065_red-0054,[],9db4905ddef778b9c5e326672acea4afb0f5048684ad8a08daf80e54bbe309eb,e095e5ec227b04de3cab0bcd6367c196adcc341a582d41fd0fa2a0fc4045d441,eddcb26ac45892a6,49.91313629218498,14.378030768893224,3f0fe2b69b633511,[],2.0,esp_033955_2065,['train'],1.0,Counter({'train': 1}),val,ff393e6c547ee767,True,hirise_clean,0,C:\Users\deves\OneDrive\Desktop\Projects\TCMD-SS\data\raw\hirise_v3_2\map-proj-v3_2\ESP_033955_2065_RED-0054.jpg
map-proj-v3_2/ESP_033955_2065_RED-0056.jpg,ok,,JPEG,227.0,227.0,L,1.0,1.0,normal,other,train,esp_033955_2065_red-0056,[],0b3ba4288fb53cb443814815fe3368375c643f5ac317a961d9e9ede681e3f2f3,3cf6aece86e49eca7946cdca16f1ef84257df6b8c48ff02db17dbe739c2e8ff2,b020eede72ab89d1,113.73424673484834,21.681344687578,7a32408e260f29fd,[],0.0,esp_033955_2065,['train'],1.0,Counter({'train': 1}),val,ff393e6c547ee767,True,hirise_clean,0,C:\Users\deves\OneDrive\Desktop\Projects\TCMD-SS\data\raw\hirise_v3_2\map-proj-v3_2\ESP_033955_2065_RED-0056.jpg
map-proj-v3_2/ESP_033955_2065_RED-0058.jpg,ok,,JPEG,227.0,227.0,L,1.0,1.0,normal,other,train,esp_033955_2065_red-0058,[],46063bdf845d505e0fa9a0699f2a5613f54bbe00c88364be269356ca8bc913f1,c85d5e7d502014d842afe9f43f35d7712c8794dbf37cbbd501f02a36b7a77593,9e81736a7c6961c3,73.95779075860196,49.13703331246895,ec096fa0671afda3,[],0.0,esp_033955_2065,['train'],1.0,Counter({'train': 1}),val,ff393e6c547ee767,True,hirise_clean,0,C:\Users\deves\OneDrive\Desktop\Projects\TCMD-SS\data\raw\hirise_v3_2\map-proj-v3_2\ESP_033955_2065_RED-0058.jpg
map-proj-v3_2/ESP_033955_2065_RED-0059.jpg,ok,,JPEG,227.0,227.0,L,1.0,1.0,normal,other,train,esp_033955_2065_red-0059,[],33c678085c9eb30fcc8105b52feb0411a9925295fe5d83dd0e00206fe0c6007a,337b3f8d72d58ff1032e9e51063ff2189f965f594b2e8399efe54f85a8749c25,a4a63e1939636bcc,78.91482466184091,55.62086400996222,d4ad4cbe1de30e55,[],0.0,esp_033955_2065,['train'],1.0,Counter({'train': 1}),val,ff393e6c547ee767,True,hirise_clean,0,C:\Users\deves\OneDrive\Desktop\Projects\TCMD-SS\data\raw\hirise_v3_2\map-proj-v3_2\ESP_033955_2065_RED-0059.jpg
map-proj-v3_2/ESP_038343_1785_RED-0013.jpg,ok,,JPEG,227.0,227.0,L,1.0,1.0,normal,other,train,esp_038343_1785_red-0013,[],d0e26cae34ed7fb949f9a74f6073d807ab6a5a7b4ba60e2dc7bb5ee32e5a8184,1bd1db0771d40e4fecf6456521e61769327a50ce588de9631304b9699823188f,c6c3e1290496f2fd,123.75446835762386,17.54510881925805,b9c26fd74bfe3359,[],0.0,esp_038343_1785,['train'],1.0,Counter({'train': 1}),val,04f0a326ae05c42e,True,hirise_clean,0,C:\Users\deves\OneDrive\Desktop\Projects\TCMD-SS\data\raw\hirise_v3_2\map-proj-v3_2\ESP_038343_1785_RED-0013.jpg
map-proj-v3_2/ESP_038343_1785_RED-0014.jpg,ok,,JPEG,227.0,227.0,L,1.0,1.0,normal,other,train,esp_038343_1785_red-0014,[],70a3631bd3d011e6efafa244f549fe11384e1516005cd1a692e7a39f554fa897,6756f43866a9090b9fee5bd22d172fe9a69b40bd549cb63c7e6b64319cbb68ba,8d75704536229afb,128.32581653049738,14.77551878645832,f88e51e9ad61a6f7,[],0.0,esp_038343_1785,['train'],1.0,Counter({'train': 1}),val,04f0a326ae05c42e,True,hirise_clean,0,C:\Users\deves\OneDrive\Desktop\Projects\TCMD-SS\data\raw\hirise_v3_2\map-proj-v3_2\ESP_038343_1785_RED-0014.jpg
map-proj-v3_2/ESP_038343_1785_RED-0019.jpg,ok,,JPEG,227.0,227.0,L,1.0,1.0,normal,other,train,esp_038343_1785_red-0019,[],7fe1fccd58924ea3a3001e696a217163dee9df16f7b5fd33cebf15e914f99fed,11b2c1fe2c76d048fd1d3a8bc66e9c3664a378a4736526ed25a5a9e448004118,83e0b0f1ce59f1e4,95.33730520677676,48.74353176375695,cfea3b22567be06c,[],0.0,esp_038343_1785,['train'],1.0,Counter({'train': 1}),val,04f0a326ae05c42e,True,hirise_clean,0,C:\Users\deves\OneDrive\Desktop\Projects\TCMD-SS\data\raw\hirise_v3_2\map-proj-v3_2\ESP_038343_1785_RED-0019.jpg
map-proj-v3_2/ESP_038343_1785_RED-0021.jpg,ok,,JPEG,227.0,227.0,L,1.0,1.0,normal,other,train,esp_038343_1785_red-0021,[],9e98b4574b3a984e514bce0a1f061da67aec1ee2bc1d2ed59e6e6e7f04fde6c7,6ad8bf993aa9fc739ad7e931869ccc95ebf3b8d6b4fcc6ce84412c9d8a1ebcd4,caa55e43b544b64b,124.8219643307652,18.26198088041434,9cca98d78a51be90,[],0.0,esp_038343_1785,['train'],1.0,Counter({'train': 1}),val,04f0a326ae05c42e,True,hirise_clean,0,C:\Users\deves\OneDrive\Desktop\Projects\TCMD-SS\data\raw\hirise_v3_2\map-proj-v3_2\ESP_038343_1785_RED-0021.jpg
map-proj-v3_2/ESP_038343_1785_RED-0026.jpg,ok,,JPEG,227.0,227.0,L,1.0,1.0,normal,other,train,esp_038343_1785_red-0026,[],465dc672eb9054ff3500b89218fa4004e93b57115dce19d9ad01d1eb66ae4414,057c4d0d9633674d9660494a5237a8d234e1c9c652e66ca707d318271be2cfeb,f307bb2d04f5501e,127.44633119214424,19.269025531413632,ecbe2aa6fe9b0f81,[],0.0,esp_038343_1785,['train'],1.0,Counter({'train': 1}),val,04f0a326ae05c42e,True,hirise_clean,0,C:\Users\deves\OneDrive\Desktop\Projects\TCMD-SS\data\raw\hirise_v3_2\map-proj-v3_2\ESP_038343_1785_RED-0026.jpg
map-proj-v3_2/ESP_038343_1785_RED-0029.jpg,ok,,JPEG,227.0,227.0,L,1.0,1.0,normal,other,train,esp_038343_1785_red-0029,[],d9280a10b96e59becd3f78cbc5238e7730e07ec703eeecfa3e33b29052d283f9,83d64c283f7fc81c5f4c16ee186b705d40dd0d77347e32a20d8ae40a52a69ef5,cd66c66731387c07,74.890178346174,63.62878835853575,c10894f95f54521d,[],0.0,esp_038343_1785,['train'],1.0,Counter({'train': 1}),val,04f0a326ae05c42e,True,hirise_clean,0,C:\Users\deves\OneDrive\Desktop\Projects\TCMD-SS\data\raw\hirise_v3_2\map-proj-v3_2\ESP_038343_1785_RED-0029.jpg
map-proj-v3_2/ESP_038343_1785_RED-0033.jpg,ok,,JPEG,227.0,227.0,L,1.0,1.0,normal,other,train,esp_038343_1785_red-0033,[],fc65c308b7639fa9edededc3c2e9432f73b0f63ca20b62388e49483595ee877b,4c5c0ac75e25c556c338c43866fdedeff549e42c5a05013e1246b69f635c205d,bc7cfcae924b6801,141.9407324031128,18.71055179120094,fa9228da9c5e0c27,[],0.0,esp_038343_1785,['train'],1.0,Counter({'train': 1}),val,04f0a326ae05c42e,True,hirise_clean,0,C:\Users\deves\OneDrive\Desktop\Projects\TCMD-SS\data\raw\hirise_v3_2\map-proj-v3_2\ESP_038343_1785_RED-0033.jpg
map-proj-v3_2/ESP_038343_1785_RED-0042.jpg,ok,,JPEG,227.0,227.0,L,1.0,1.0,normal,other,train,esp_038343_1785_red-0042,[],b4dc4bb76375c6e0b990f38c5667bbcec8c5d17bb8efe46aa494766dfafc6a24,c7f2a4998910a2ff543e86926e13fcdc03f8478ba2defdc2b243edcc2efca358,d24b915b41fc961b,93.72219526868363,56.82185605222863,6c205192adb051f9,[],0.0,esp_038343_1785,['train'],1.0,Counter({'train': 1}),val,04f0a326ae05c42e,True,hirise_clean,0,C:\Users\deves\OneDrive\Desktop\Projects\TCMD-SS\data\raw\hirise_v3_2\map-proj-v3_2\ESP_038343_1785_RED-0042.jpg
map-proj-v3_2/ESP_038343_1785_RED-0054.jpg,ok,,JPEG,227.0,227.0,L,1.0,1.0,normal,other,train,esp_038343_1785_red-0054,[],53e52bcb4a0c9cde3ee723dfed8aba35f708e49dd2f5fcb04554d340f6001b1b,789039c45f2c4a3af15ebfaac3a6c6f086dc3d65bd0ad53afb7fdc09f802c700,83e07869b61eb9c9,101.01826156145084,52.34873103612729,b9cb436aef9b262e,[],0.0,esp_038343_1785,['train'],1.0,Counter({'train': 1}),val,04f0a326ae05c42e,True,hirise_clean,0,C:\Users\deves\OneDrive\Desktop\Projects\TCMD-SS\data\raw\hirise_v3_2\map-proj-v3_2\ESP_038343_1785_RED-0054.jpg
map-proj-v3_2/ESP_038343_1785_RED-0055.jpg,ok,,JPEG,227.0,227.0,L,1.0,1.0,normal,other,train,esp_038343_1785_red-0055,[],b80572a841c594b5368a21d95fa829107629f64b357faa81373771dc9d63c047,83f897d2194289d1883d35d420d575b521934eab343e6660011a07a84d7fa4cf,a9b4b5cc742bb990,119.122183624755,17.092917891007733,34f116c5ea55fd4d,[],0.0,esp_038343_1785,['train'],1.0,Counter({'train': 1}),val,04f0a326ae05c42e,True,hirise_clean,0,C:\Users\deves\OneDrive\Desktop\Projects\TCMD-SS\data\raw\hirise_v3_2\map-proj-v3_2\ESP_038343_1785_RED-0055.jpg
map-proj-v3_2/ESP_038343_1785_RED-0056.jpg,ok,,JPEG,227.0,227.0,L,1.0,1.0,normal,other,train,esp_038343_1785_red-0056,[],33be46a8e5ea0d640eeafb4baae7a17d23e1c79ca9dd1ec15fb17df597f2343d,3f34895a9413274c04bbe0216c4cc734d952c01d9b25895f56bc212bbff1720b,8ec7519ad4da32c6,87.43887907780085,61.65230451157169,a1b0e3cf9990a11c,[],0.0,esp_038343_1785,['train'],1.0,Counter({'train': 1}),val,04f0a326ae05c42e,True,hirise_clean,0,C:\Users\deves\OneDrive\Desktop\Projects\TCMD-SS\data\raw\hirise_v3_2\map-proj-v3_2\ESP_038343_1785_RED-0056.jpg
map-proj-v3_2/ESP_038343_1785_RED-0062.jpg,ok,,JPEG,227.0,227.0,L,1.0,1.0,normal,other,train,esp_038343_1785_red-0062,[],cb77a8b2e290b855b5f57a8453d2651d02834f7b0d8a1cebd8575878745a6ea5,7988afa9a58554568e05dbf25425068dd784a7f0fde59478a8f37a9c36bb9859,e87013dc6f3c6e21,109.57187214966328,17.010667441284962,577e11d202a27c83,[],0.0,esp_038343_1785,['train'],1.0,Counter({'train': 1}),val,04f0a326ae05c42e,True,hirise_clean,0,C:\Users\deves\OneDrive\Desktop\Projects\TCMD-SS\data\raw\hirise_v3_2\map-proj-v3_2\ESP_038343_1785_RED-0062.jpg
map-proj-v3_2/ESP_038343_1785_RED-0070.jpg,ok,,JPEG,227.0,227.0,L,1.0,1.0,normal,other,train,esp_038343_1785_red-0070,[],e69392a008005ac2647826607da08f5269c83c18bb4d201c98d5275ee5a752df,09151c404d72d6c1a582e4de7dd36097f4f9f012f755cbd614eefcce686917ab,d6c2db092c656575,116.9684837664228,26.66317193937566,04839d0f3ff5039a,[],0.0,esp_038343_1785,['train'],1.0,Counter({'train': 1}),val,04f0a326ae05c42e,True,hirise_clean,0,C:\Users\deves\OneDrive\Desktop\Projects\TCMD-SS\data\raw\hirise_v3_2\map-proj-v3_2\ESP_038343_1785_RED-0070.jpg
map-proj-v3_2/ESP_038343_1785_RED-0081.jpg,ok,,JPEG,227.0,227.0,L,1.0,1.0,normal,other,train,esp_038343_1785_red-0081,[],737c47abcd93197b895083c35ec6d2cffbf31c3c9afae631b9b4d84e62eb038e,03996cd3d72431bf33cc0532b868d7b69573fc07b8583ced993cc9b23989d087,9cc6cd8571dc4c66,74.98117564866386,60.91028862439731,ced7499f6dcbbfec,[],0.0,esp_038343_1785,['train'],1.0,Counter({'train': 1}),val,04f0a326ae05c42e,True,hirise_clean,0,C:\Users\deves\OneDrive\Desktop\Projects\TCMD-SS\data\raw\hirise_v3_2\map-proj-v3_2\ESP_038343_1785_RED-0081.jpg
map-proj-v3_2/ESP_038343_1785_RED-0097.jpg,ok,,JPEG,227.0,227.0,L,1.0,1.0,normal,other,train,esp_038343_1785_red-0097,[],16f0512b58d007ff841cc7b2214a27dc6262f25e044d7c897ca3bb9ef231ad25,9dedb961e18080df77652895a2f3b513c6b35cb922d96101516009e67a6a2215,e4f7115554e3d1c4,123.00494866968116,21.017014838708324,a0906143f7cd4e5f,[],0.0,esp_038343_1785,['train'],1.0,Counter({'train': 1}),val,04f0a326ae05c42e,True,hirise_clean,0,C:\Users\deves\OneDrive\Desktop\Projects\TCMD-SS\data\raw\hirise_v3_2\map-proj-v3_2\ESP_038343_1785_RED-0097.jpg
map-proj-v3_2/ESP_038343_1785_RED-0105.jpg,ok,,JPEG,227.0,227.0,L,1.0,1.0,normal,other,train,esp_038343_1785_red-0105,[],00ea4195553ed09b4180e0464658cd050cc85eba0588e65b491c6c552684ffe8,951654d98b31d79864395a343e88d998770d30369a9e63876c89e69ba21139dd,9452a95c6e55daaa,117.32115895903276,20.605836069558084,e568a01405f7a354,[],0.0,esp_038343_1785,['train'],1.0,Counter({'train': 1}),val,04f0a326ae05c42e,True,hirise_clean,0,C:\Users\deves\OneDrive\Desktop\Projects\TCMD-SS\data\raw\hirise_v3_2\map-proj-v3_2\ESP_038343_1785_RED-0105.jpg
map-proj-v3_2/ESP_038343_1785_RED-0111.jpg,ok,,JPEG,227.0,227.0,L,1.0,1.0,normal,other,train,esp_038343_1785_red-0111,[],1734775526be96ffd2d055c29436c78d0662d381053566cd10e43fe5b38a263c,7e84701f58489b0eeb72dbe1fa69f6729fe0c7e542301325b249b2e50d23f836,fceb785f21968904,122.99270313803878,21.02466890957576,4280e6a796463dae,[],0.0,esp_038343_1785,['train'],1.0,Counter({'train': 1}),val,04f0a326ae05c42e,True,hirise_clean,0,C:\Users\deves\OneDrive\Desktop\Projects\TCMD-SS\data\raw\hirise_v3_2\map-proj-v3_2\ESP_038343_1785_RED-0111.jpg
map-proj-v3_2/ESP_038343_1785_RED-0113.jpg,ok,,JPEG,227.0,227.0,L,1.0,1.0,normal,other,train,esp_038343_1785_red-0113,[],aefa8c3e13efb5e92ae24d604e8657a5cb19c1eb06c399f1c46fa6ce464cf5a5,221e9c7fe0c0746322c8541b05123a41b16beab316900fa31eaa7990f10de281,9514fd7f02007fe8,113.6386306739894,28.004730619313275,58439c156655486e,[],0.0,esp_038343_1785,['train'],1.0,Counter({'train': 1}),val,04f0a326ae05c42e,True,hirise_clean,0,C:\Users\deves\OneDrive\Desktop\Projects\TCMD-SS\data\raw\hirise_v3_2\map-proj-v3_2\ESP_038343_1785_RED-0113.jpg
map-proj-v3_2/ESP_038343_1785_RED-0128.jpg,ok,,JPEG,227.0,227.0,L,1.0,1.0,normal,other,train,esp_038343_1785_red-0128,[],93013175bc7fca384ce77896f4417627da65ae9996866eaea495f73e2cc9c26a,73e9642493bc473252f570f558d380b13def19fde7822d7dd442bfd2d075e679,da6914496d6471fc,77.93403714413243,50.30277224005543,a544b47171d49acc,[],0.0,esp_038343_1785,['train'],1.0,Counter({'train': 1}),val,04f0a326ae05c42e,True,hirise_clean,0,C:\Users\deves\OneDrive\Desktop\Projects\TCMD-SS\data\raw\hirise_v3_2\map-proj-v3_2\ESP_038343_1785_RED-0128.jpg
map-proj-v3_2/ESP_038343_1785_RED-0134.jpg,ok,,JPEG,227.0,227.0,L,1.0,1.0,normal,other,train,esp_038343_1785_red-0134,[],d0c6acedb35a732886ae2b175a283e9854b367d16661a7a7f46ce16b1e7436c8,01bdcbb52b57892454b8d76dc7d9ed3add09100142ecad5e73636c1f3af41dec,a41e087b637d4ed8,96.5198626016418,47.71967416389143,a33c5bcfc1b5e99b,[],0.0,esp_038343_1785,['train'],1.0,Counter({'train': 1}),val,04f0a326ae05c42e,True,hirise_clean,0,C:\Users\deves\OneDrive\Desktop\Projects\TCMD-SS\data\raw\hirise_v3_2\map-proj-v3_2\ESP_038343_1785_RED-0134.jpg
map-proj-v3_2/ESP_040664_1050_RED-0002.jpg,ok,,JPEG,227.0,227.0,L,1.0,1.0,normal,other,val,esp_040664_1050_red-0002,[],805d06c436a1bd1bb5532f0a80f86df5318005f19836a4171ee2ea490e5370d4,40676434ca2f5498b39403479749b870d88dbc7cc2a6369c784b6b98b92d677e,ecec1512e24c1bf3,41.69525898037998,11.378317938645656,feed5ee548816b99,[],0.0,esp_040664_1050,['val'],1.0,Counter({'val': 1}),val,146721ebbbcd68c2,True,hirise_clean,0,C:\Users\deves\OneDrive\Desktop\Projects\TCMD-SS\data\raw\hirise_v3_2\map-proj-v3_2\ESP_040664_1050_RED-0002.jpg
map-proj-v3_2/ESP_040664_1050_RED-0008.jpg,ok,,JPEG,227.0,227.0,L,1.0,1.0,normal,other,val,esp_040664_1050_red-0008,[],efb867712f9634dc54f96a37599b782b897cb06a994ef09afd111c53f1997be9,7eda67798e0c112afecd0d88f9ba516bc70aaa2f524ecec48fd19966d69c0cda,f3c6a8996d32a64c,49.02740204545014,10.069025015838552,d847893749b66b63,[],0.0,esp_040664_1050,['val'],1.0,Counter({'val': 1}),val,146721ebbbcd68c2,True,hirise_clean,0,C:\Users\deves\OneDrive\Desktop\Projects\TCMD-SS\data\raw\hirise_v3_2\map-proj-v3_2\ESP_040664_1050_RED-0008.jpg
map-proj-v3_2/ESP_040664_1050_RED-0020.jpg,ok,,JPEG,227.0,227.0,L,1.0,1.0,normal,other,val,esp_040664_1050_red-0020,[],d387736422a0cfda614eb799d1109a267c9060c0dc9fef8403b30e1f80835e35,be99ce93afed732bf94f5577c9dbbabe4457745ff9cd5b3b550325090165c058,e7e849d291b646cc,65.63383725669041,12.845033334146644,ba56b3178597a908,[],0.0,esp_040664_1050,['val'],1.0,Counter({'val': 1}),val,146721ebbbcd68c2,True,hirise_clean,0,C:\Users\deves\OneDrive\Desktop\Projects\TCMD-SS\data\raw\hirise_v3_2\map-proj-v3_2\ESP_040664_1050_RED-0020.jpg
map-proj-v3_2/ESP_040664_1050_RED-0026.jpg,ok,,JPEG,227.0,227.0,L,1.0,1.0,normal,other,val,esp_040664_1050_red-0026,[],6da765977dad0e6665e16481ca3249995f55e5ee3b2f64ea15d722a966614d91,a21c9e767a4c5a72699dbc4ea8ae9edc659c51206f4d438ab0ee70be3ee823a5,d4480a2b15bd2f5f,55.64891614430709,22.50742815748803,526266ba37c49591,[],0.0,esp_040664_1050,['val'],1.0,Counter({'val': 1}),val,146721ebbbcd68c2,True,hirise_clean,0,C:\Users\deves\OneDrive\Desktop\Projects\TCMD-SS\data\raw\hirise_v3_2\map-proj-v3_2\ESP_040664_1050_RED-0026.jpg
map-proj-v3_2/ESP_040664_1050_RED-0028.jpg,ok,,JPEG,227.0,227.0,L,1.0,1.0,normal,other,val,esp_040664_1050_red-0028,[],47c4dfafd51eee361fa3b41924b415cfb2ae83bdb0041ebb4514c2ed4840278e,e900973159c795c25ab70ce73d5454832108d984a68a9c94f2f2154041820033,d6498b752cf4632c,51.464845038716064,26.5570598447899,3997777a0ed4759f,[],0.0,esp_040664_1050,['val'],1.0,Counter({'val': 1}),val,146721ebbbcd68c2,True,hirise_clean,0,C:\Users\deves\OneDrive\Desktop\Projects\TCMD-SS\data\raw\hirise_v3_2\map-proj-v3_2\ESP_040664_1050_RED-0028.jpg
map-proj-v3_2/ESP_040664_1050_RED-0030.jpg,ok,,JPEG,227.0,227.0,L,1.0,1.0,normal,other,val,esp_040664_1050_red-0030,[],0126a2d7909f6ba06a204217463d8f0a7795010edfe11db6cb2445bb88e1db3f,5928a37a9f68e906019dbcf6030571bb3f870925f0394dc7e8165ee039d6da44,d74bad652004367f,48.589803799802056,26.698557870270783,b2aa5fce84c31e66,[],0.0,esp_040664_1050,['val'],1.0,Counter({'val': 1}),val,146721ebbbcd68c2,True,hirise_clean,0,C:\Users\deves\OneDrive\Desktop\Projects\TCMD-SS\data\raw\hirise_v3_2\map-proj-v3_2\ESP_040664_1050_RED-0030.jpg
map-proj-v3_2/ESP_040664_1050_RED-0031.jpg,ok,,JPEG,227.0,227.0,L,1.0,1.0,normal,other,val,esp_040664_1050_red-0031,[],7345d92965177caf6f5a7d1b45cf9d3d91e3b352b1a186d866b50562978f1827,b404ad7d0874170c4494271991c7e62945d2b2ff049a9eaf048d87eadf746903,c44989746c66addb,60.69122241844399,35.81811519112455,bd4f76b6b70231b6,[],0.0,esp_040664_1050,['val'],1.0,Counter({'val': 1}),val,146721ebbbcd68c2,True,hirise_clean,0,C:\Users\deves\OneDrive\Desktop\Projects\TCMD-SS\data\raw\hirise_v3_2\map-proj-v3_2\ESP_040664_1050_RED-0031.jpg
map-proj-v3_2/ESP_040664_1050_RED-0040.jpg,ok,,JPEG,227.0,227.0,L,1.0,1.0,normal,spider,val,esp_040664_1050_red-0040,[],e56a48d4b9f00dcef119aee11d020648cbbd4eff1f1fdce929868b7507b0f5cb,2466854ce384dbdcf465b4360c5d1c7ba1cb568ca1c13947768754ead3e88d58,89c3f0dc72d46aaa,59.47476178462613,40.31135287288067,b3cee37f2e461039,[],7.0,esp_040664_1050,['val'],1.0,Counter({'val': 1}),val,146721ebbbcd68c2,True,hirise_clean,0,C:\Users\deves\OneDrive\Desktop\Projects\TCMD-SS\data\raw\hirise_v3_2\map-proj-v3_2\ESP_040664_1050_RED-0040.jpg
map-proj-v3_2/ESP_040664_1050_RED-0048.jpg,ok,,JPEG,227.0,227.0,L,1.0,1.0,normal,other,val,esp_040664_1050_red-0048,[],7b219ca8bdd61f61e00d03811c457de9f6df31e217c2d9ed1fda81e17e1894b4,5553b9b12ee2912bde2d70277f5ccbde4f03f027de600a451b048fd4b6106a13,c1c83d07262e3e3f,67.17572629005026,59.69797677434645,38e9f563fa18bcdb,[],0.0,esp_040664_1050,['val'],1.0,Counter({'val': 1}),val,146721ebbbcd68c2,True,hirise_clean,0,C:\Users\deves\OneDrive\Desktop\Projects\TCMD-SS\data\raw\hirise_v3_2\map-proj-v3_2\ESP_040664_1050_RED-0048.jpg
map-proj-v3_2/ESP_046549_1790_RED-0002.jpg,ok,,JPEG,227.0,227.0,L,1.0,1.0,normal,impact ejecta,train,esp_046549_1790_red-0002,[],33d7c26a7ffaef886f3e00bf3824d59ae3e91ef78661a9e465192932234fda78,960e8907e257053be0927e79d0ecee6efd6e3ddaa19de3a9d433e406a1849ca1,b782599867a36e94,111.62201866909896,35.34909725601698,7c569eddccc100ce,[],5.0,esp_046549_1790,['train'],2.0,Counter({'train': 2}),val,1a05a783ca59cf66,True,hirise_clean,0,C:\Users\deves\OneDrive\Desktop\Projects\TCMD-SS\data\raw\hirise_v3_2\map-proj-v3_2\ESP_046549_1790_RED-0002.jpg
map-proj-v3_2/ESP_046549_1790_RED-0046.jpg,ok,,JPEG,227.0,227.0,L,1.0,1.0,normal,impact ejecta,train,esp_046549_1790_red-0046,[],663d935cd984bc2f197d92dc6dfb9d03788635288fa95973038aeb582bf3da79,adc6a55cfb4e2434ca59a9fb91510f711462ad6346360b6ccd3b3b0acaf16ee4,a3371b6d86b72223,115.18705971394748,15.758743068690276,d40fee25a12c3404,[],5.0,esp_046549_1790,['train'],2.0,Counter({'train': 2}),val,1a05a783ca59cf66,True,hirise_clean,0,C:\Users\deves\OneDrive\Desktop\Projects\TCMD-SS\data\raw\hirise_v3_2\map-proj-v3_2\ESP_046549_1790_RED-0046.jpg
map-proj-v3_2/ESP_046549_1790_RED-0052.jpg,ok,,JPEG,227.0,227.0,L,1.0,1.0,normal,impact ejecta,train,esp_046549_1790_red-0052,[],c25f60dfb7e389b1eb00cd58a0bebecbebc61a33e92edb8d2385593a95bbb74d,06eada0931c59f02b5e549aa490bc56ed79a1360d874d5886737858eee43637a,a36c9a336136966d,133.4811465388422,21.563427989312903,92a28e8c24a6fd8d,[],5.0,esp_046549_1790,['train'],2.0,Counter({'train': 2}),val,1a05a783ca59cf66,True,hirise_clean,0,C:\Users\deves\OneDrive\Desktop\Projects\TCMD-SS\data\raw\hirise_v3_2\map-proj-v3_2\ESP_046549_1790_RED-0052.jpg
map-proj-v3_2/ESP_046549_1790_RED-0105.jpg,ok,,JPEG,227.0,227.0,L,1.0,1.0,normal,crater,train,esp_046549_1790_red-0105,[],a2f51224eff742434ac37c16e9beec9c5f0ce2b305ecadf2024539da0a06a4de,27bb914eae117fa9b07d8e496cae483cf3796a881b5a6b4e7a66f9e28a1031ab,f39eac1913674c94,118.557685963244,27.363610776977325,eb2d3ce4503267d3,[],1.0,esp_046549_1790,['train'],2.0,Counter({'train': 2}),val,1a05a783ca59cf66,True,hirise_clean,0,C:\Users\deves\OneDrive\Desktop\Projects\TCMD-SS\data\raw\hirise_v3_2\map-proj-v3_2\ESP_046549_1790_RED-0105.jpg
map-proj-v3_2/ESP_046549_1790_RED-0109.jpg,ok,,JPEG,227.0,227.0,L,1.0,1.0,normal,impact ejecta,train,esp_046549_1790_red-0109,[],5462d265b28fec66fe2a57f534be1aa61dae96abe244ba07009409b74264a7cc,2e8ab9a8b5712fb0d0311baa4c3ba965b450ef8c988d984440ee359cfc1fca90,fa7e9b3870c19924,108.04193754972928,15.683053488424385,64db8efd5de275cf,[],5.0,esp_046549_1790,['train'],2.0,Counter({'train': 2}),val,1a05a783ca59cf66,True,hirise_clean,0,C:\Users\deves\OneDrive\Desktop\Projects\TCMD-SS\data\raw\hirise_v3_2\map-proj-v3_2\ESP_046549_1790_RED-0109.jpg
map-proj-v3_2/ESP_046549_1790_RED-0141.jpg,ok,,JPEG,227.0,227.0,L,1.0,1.0,normal,impact ejecta,train,esp_046549_1790_red-0141,[],86566ae816c58e9e21e1072b70519c728371cee207db8c1c8c6965afd631866c,af8c5ff780bc87d4aa2922b5a1aaa95aaf58ec1e3b06a6eefd770a76d1f2d853,e40492db616ebc73,111.72396126453066,27.730228021074268,b2a58d8f13416b22,[],5.0,esp_046549_1790,['train'],2.0,Counter({'train': 2}),val,1a05a783ca59cf66,True,hirise_clean,0,C:\Users\deves\OneDrive\Desktop\Projects\TCMD-SS\data\raw\hirise_v3_2\map-proj-v3_2\ESP_046549_1790_RED-0141.jpg
map-proj-v3_2/ESP_046549_1790_RED-0142.jpg,ok,,JPEG,227.0,227.0,L,1.0,1.0,normal,impact ejecta,train,esp_046549_1790_red-0142,[],584e10b0d4773a5c93b6e52af166ba5092a2ac7c2ceb3a382f4b74b2068bb0e5,b67d23a764d8ad76b88bf97a8cc1860744903d40dda8e698fa9ec25ceffc9e0f,b418997266b4c9eb,122.65850297890508,20.048761453492578,7d61698476fefdfc,[],5.0,esp_046549_1790,['train'],2.0,Counter({'train': 2}),val,1a05a783ca59cf66,True,hirise_clean,0,C:\Users\deves\OneDrive\Desktop\Projects\TCMD-SS\data\raw\hirise_v3_2\map-proj-v3_2\ESP_046549_1790_RED-0142.jpg
map-proj-v3_2/ESP_046549_1790_RED-0153.jpg,ok,,JPEG,227.0,227.0,L,1.0,1.0,normal,impact ejecta,train,esp_046549_1790_red-0153,[],b3c0a69e4cfe48e717cd3434da6567f7b627019c133672d1d510bba1ad94b0e7,bb0151ed290d800942ccb286dd06d79375f1e92c551c1b4a84d19023815156d8,80f08fd97139b366,85.50070833899358,34.63399035819929,a7e6f24afd3fff41,[],5.0,esp_046549_1790,['train'],2.0,Counter({'train': 2}),val,1a05a783ca59cf66,True,hirise_clean,0,C:\Users\deves\OneDrive\Desktop\Projects\TCMD-SS\data\raw\hirise_v3_2\map-proj-v3_2\ESP_046549_1790_RED-0153.jpg
map-proj-v3_2/ESP_046549_1790_RED-0161.jpg,ok,,JPEG,227.0,227.0,L,1.0,1.0,normal,crater,train,esp_046549_1790_red-0161,[],93294213353efe1f98ceea5b9b92757591adc3824589d1431b20473ec3fae895,138a1edd48b7ca142aafe2064e0021bb4191502fc0c235cdb7ec69a60b906175,c3539c1933f6a44d,100.60769663684528,23.696348740144405,42bc2002349d9a6a,[],1.0,esp_046549_1790,['train'],2.0,Counter({'train': 2}),val,1a05a783ca59cf66,True,hirise_clean,0,C:\Users\deves\OneDrive\Desktop\Projects\TCMD-SS\data\raw\hirise_v3_2\map-proj-v3_2\ESP_046549_1790_RED-0161.jpg
map-proj-v3_2/ESP_046549_1790_RED-0169.jpg,ok,,JPEG,227.0,227.0,L,1.0,1.0,normal,impact ejecta,train,esp_046549_1790_red-0169,[],70e007bda2596b605ef06d0904d8680e8598c70c5cf30c0fb7e1b634d0d73f7a,63fcd9e67f2da64e28ea5ee53f39147076da0372964faf52ebf0b663d2bd28cf,c6b1310976eb9ccc,104.99813697141416,17.650760257757376,d8440814f1e2884a,[],5.0,esp_046549_1790,['train'],2.0,Counter({'train': 2}),val,1a05a783ca59cf66,True,hirise_clean,0,C:\Users\deves\OneDrive\Desktop\Projects\TCMD-SS\data\raw\hirise_v3_2\map-proj-v3_2\ESP_046549_1790_RED-0169.jpg
map-proj-v3_2/ESP_046549_1790_RED-0233.jpg,ok,,JPEG,227.0,227.0,L,1.0,1.0,normal,crater,train,esp_046549_1790_red-0233,[],4264cdb91170972defd170090909d7bdd7e1557c779e214b5c82c99d62297dc5,31fb04217eeafc2d583ef603cbdfe4d892f3ae43b62c6b4c1063b4c0e4997865,ccd6e669a4ac5269,105.6299365405888,15.589379273751144,cb06171402a80e1a,[],1.0,esp_046549_1790,['train'],2.0,Counter({'train': 2}),val,1a05a783ca59cf66,True,hirise_clean,0,C:\Users\deves\OneDrive\Desktop\Projects\TCMD-SS\data\raw\hirise_v3_2\map-proj-v3_2\ESP_046549_1790_RED-0233.jpg
map-proj-v3_2/PSP_004118_1355_RED-0006.jpg,ok,,JPEG,227.0,227.0,L,1.0,1.0,normal,other,train,psp_004118_1355_red-0006,[],f365f857db00d8946ef3ac60af378b5da6372b9909b80908eb72b573c7bf36fc,2e0feee1448c79c2ac9aea3628035bd0efc2d6fac87ae3bbe19adadb3ef4dd34,b667b99cc6818d31,152.12092219915,13.984080028433436,c20cb9795e3d5317,[],0.0,psp_004118_1355,['train'],1.0,Counter({'train': 1}),val,bf60e4f40d8034ef,True,hirise_clean,0,C:\Users\deves\OneDrive\Desktop\Projects\TCMD-SS\data\raw\hirise_v3_2\map-proj-v3_2\PSP_004118_1355_RED-0006.jpg
map-proj-v3_2/PSP_004118_1355_RED-0007.jpg,ok,,JPEG,227.0,227.0,L,1.0,1.0,normal,other,train,psp_004118_1355_red-0007,[],59f9b85ba7d676d5af5775461c984000ad9696d9286bb7795950e5dcc51375b7,89425a5b6d94d7a5bc95e835970f7c47fe54a74038ec9721c0838e6e5d73f5b7,faa074d60b7e8629,112.8083409342312,61.91174462596952,f9b0acd6ba3d8a39,[],0.0,psp_004118_1355,['train'],1.0,Counter({'train': 1}),val,bf60e4f40d8034ef,True,hirise_clean,0,C:\Users\deves\OneDrive\Desktop\Projects\TCMD-SS\data\raw\hirise_v3_2\map-proj-v3_2\PSP_004118_1355_RED-0007.jpg
map-proj-v3_2/PSP_004118_1355_RED-0012.jpg,ok,,JPEG,227.0,227.0,L,1.0,1.0,normal,other,train,psp_004118_1355_red-0012,[],db7d8cda404864b94edf00798b32bef001a3933cb612a1b65962c31dfd07b9c8,9be0d34a7065d8ae0668e108046ee6b1346167dea8b5944d9a9008573d36c15d,d6807ac606f78778,117.4061208251664,59.07913963523359,db7e02640f204c42,[],0.0,psp_004118_1355,['train'],1.0,Counter({'train': 1}),val,bf60e4f40d8034ef,True,hirise_clean,0,C:\Users\deves\OneDrive\Desktop\Projects\TCMD-SS\data\raw\hirise_v3_2\map-proj-v3_2\PSP_004118_1355_RED-0012.jpg
map-proj-v3_2/PSP_004118_1355_RED-0015.jpg,ok,,JPEG,227.0,227.0,L,1.0,1.0,normal,other,train,psp_004118_1355_red-0015,[],e30a0f652ffbed727f5dec683eea5296d8a3c2d4e398e5dd02bba8c6ce230793,8c75508f4c2948e6947dff9399b161f00b9c6ba8d24a968b4827827fa8b5e142,dc9939e626599172,118.7243688020338,61.50794417416305,52a3e20d6e9ea30a,[],0.0,psp_004118_1355,['train'],1.0,Counter({'train': 1}),val,bf60e4f40d8034ef,True,hirise_clean,0,C:\Users\deves\OneDrive\Desktop\Projects\TCMD-SS\data\raw\hirise_v3_2\map-proj-v3_2\PSP_004118_1355_RED-0015.jpg
map-proj-v3_2/PSP_004118_1355_RED-0021.jpg,ok,,JPEG,227.0,227.0,L,1.0,1.0,normal,other,train,psp_004118_1355_red-0021,[],5a7dba537a8072ba74478356fa28381226cf73c41795ab818a4a8de2cfd0f649,8b176d8378f5f94dd67c2c8a0b698b51ec4ee7343c7d61b75b827c3dc3a80310,d534e5e809d866ad,146.7401851384657,17.98682977907022,cd6766574d93bd1a,[],0.0,psp_004118_1355,['train'],1.0,Counter({'train': 1}),val,bf60e4f40d8034ef,True,hirise_clean,0,C:\Users\deves\OneDrive\Desktop\Projects\TCMD-SS\data\raw\hirise_v3_2\map-proj-v3_2\PSP_004118_1355_RED-0021.jpg
map-proj-v3_2/PSP_004118_1355_RED-0023.jpg,ok,,JPEG,227.0,227.0,L,1.0,1.0,normal,other,train,psp_004118_1355_red-0023,[],2f10a26b13afb2c1b58b75bc627ab3f809a01bf9d50064529a17634d17a7e51d,7c45afd82bfa3a570a3d197a7411fa5770f713b3133a83884f5d6ae05da46210,a23e5af6e0e6290b,150.82677715461196,15.79200951539063,451a8c36c2630ec2,[],0.0,psp_004118_1355,['train'],1.0,Counter({'train': 1}),val,bf60e4f40d8034ef,True,hirise_clean,0,C:\Users\deves\OneDrive\Desktop\Projects\TCMD-SS\data\raw\hirise_v3_2\map-proj-v3_2\PSP_004118_1355_RED-0023.jpg
map-proj-v3_2/PSP_004118_1355_RED-0025.jpg,ok,,JPEG,227.0,227.0,L,1.0,1.0,normal,other,train,psp_004118_1355_red-0025,[],85139e015c1d866cce45204e4a548b9a60fb493bc8776fa2a6e26dd2e6ecff78,121fe5f8c0a7f8387cddfe75d03bd8fdffad577bc109582fca93057ddf0557b0,c24e5a2c0c736e9f,153.69151351666054,15.156798705850136,e4e2be61e75e9280,[],0.0,psp_004118_1355,['train'],1.0,Counter({'train': 1}),val,bf60e4f40d8034ef,True,hirise_clean,0,C:\Users\deves\OneDrive\Desktop\Projects\TCMD-SS\data\raw\hirise_v3_2\map-proj-v3_2\PSP_004118_1355_RED-0025.jpg
map-proj-v3_2/PSP_004118_1355_RED-0026.jpg,ok,,JPEG,227.0,227.0,L,1.0,1.0,normal,other,train,psp_004118_1355_red-0026,[],31068013233f98f169800cb2c97b8d71089ad97c212c860367df80ded8fd62a0,01a2b802688a1fd170bead67728ee2115f61afee69f9264f388b5613278bada7,a66ca92747235a3b,153.8472316559607,14.786293185793497,4db522672539d083,[],0.0,psp_004118_1355,['train'],1.0,Counter({'train': 1}),val,bf60e4f40d8034ef,True,hirise_clean,0,C:\Users\deves\OneDrive\Desktop\Projects\TCMD-SS\data\raw\hirise_v3_2\map-proj-v3_2\PSP_004118_1355_RED-0026.jpg
map-proj-v3_2/PSP_004118_1355_RED-0033.jpg,ok,,JPEG,227.0,227.0,L,1.0,1.0,normal,other,train,psp_004118_1355_red-0033,[],9bb208734111ad9928926cdc229e51a9855ba991201a7e83100bc3a17878863a,89b89a6a2ece78ef44198a09567fc31a7572d1a0c2389a3a7140131b7a37c4c2,debe71478a005ee2,145.30901046012926,16.858387140922325,4be79708dd392f20,[],0.0,psp_004118_1355,['train'],1.0,Counter({'train': 1}),val,bf60e4f40d8034ef,True,hirise_clean,0,C:\Users\deves\OneDrive\Desktop\Projects\TCMD-SS\data\raw\hirise_v3_2\map-proj-v3_2\PSP_004118_1355_RED-0033.jpg
map-proj-v3_2/PSP_004118_1355_RED-0034.jpg,ok,,JPEG,227.0,227.0,L,1.0,1.0,normal,other,train,psp_004118_1355_red-0034,[],5749ec8372f8b327c9ddf998e69814e1359d750ad2000ca6a05ddd73878225ba,c1890bbf05c2c12044cda8975da7917a9b613966aac033ba7a99f87d37d0e8f4,80ff03aa8dad3374,146.5753265151662,32.80151063187183,b0235832a365a6ed,[],0.0,psp_004118_1355,['train'],1.0,Counter({'train': 1}),val,bf60e4f40d8034ef,True,hirise_clean,0,C:\Users\deves\OneDrive\Desktop\Projects\TCMD-SS\data\raw\hirise_v3_2\map-proj-v3_2\PSP_004118_1355_RED-0034.jpg
map-proj-v3_2/PSP_004118_1355_RED-0038.jpg,ok,,JPEG,227.0,227.0,L,1.0,1.0,normal,other,train,psp_004118_1355_red-0038,[],b6ee8105936caec575317394843e3ac839b3bfd5e3a776c3c79aa1a0b20b3b01,ddf69e1962c4e41f519fccaf0428bcdc1b96e8ba2d3cd0dae1d31a9c841d854c,bae1d26cc07325ba,147.05715228318036,14.913324254554718,7d71aae343e4d5b8,[],0.0,psp_004118_1355,['train'],1.0,Counter({'train': 1}),val,bf60e4f40d8034ef,True,hirise_clean,0,C:\Users\deves\OneDrive\Desktop\Projects\TCMD-SS\data\raw\hirise_v3_2\map-proj-v3_2\PSP_004118_1355_RED-0038.jpg
map-proj-v3_2/PSP_004118_1355_RED-0039.jpg,ok,,JPEG,227.0,227.0,L,1.0,1.0,normal,other,train,psp_004118_1355_red-0039,[],011e85766caf9066f1b9288851a5874b1add77ed0a59115f748db99562383ab8,0840f0183172198d339d3c12e56a23ca02e13beb3f73cab897946c8ffc6bceac,80ff10779db962c2,147.0543965533971,24.894537212183888,d05975c45e581138,[],0.0,psp_004118_1355,['train'],1.0,Counter({'train': 1}),val,bf60e4f40d8034ef,True,hirise_clean,0,C:\Users\deves\OneDrive\Desktop\Projects\TCMD-SS\data\raw\hirise_v3_2\map-proj-v3_2\PSP_004118_1355_RED-0039.jpg
map-proj-v3_2/PSP_004118_1355_RED-0047.jpg,ok,,JPEG,227.0,227.0,L,1.0,1.0,normal,other,train,psp_004118_1355_red-0047,[],06d8c47bde2fabea3f0f05721a8f50ee9d72353690853f4a0134a2dee73a65c2,4d5726fba875933a33d9db15c702d2ed8cf356f2737f3a834d4ed67198169944,8ee331cb884bb9a5,103.25383764482136,68.25914751148919,0c6f712c75a05b85,[],0.0,psp_004118_1355,['train'],1.0,Counter({'train': 1}),val,bf60e4f40d8034ef,True,hirise_clean,0,C:\Users\deves\OneDrive\Desktop\Projects\TCMD-SS\data\raw\hirise_v3_2\map-proj-v3_2\PSP_004118_1355_RED-0047.jpg
map-proj-v3_2/PSP_004118_1355_RED-0053.jpg,ok,,JPEG,227.0,227.0,L,1.0,1.0,normal,other,train,psp_004118_1355_red-0053,[],40219d37d6e303537070063bad2fc1f252141b3fc03dccb4f7207af254f676f6,165d45b7e96be9b5c93061fa5c78c97e0bb00762639587e83de3849d29efc2be,e0d232ad6af2d619,148.44809718799124,15.60084590097498,47003d945d7e9b41,[],0.0,psp_004118_1355,['train'],1.0,Counter({'train': 1}),val,bf60e4f40d8034ef,True,hirise_clean,0,C:\Users\deves\OneDrive\Desktop\Projects\TCMD-SS\data\raw\hirise_v3_2\map-proj-v3_2\PSP_004118_1355_RED-0053.jpg
map-proj-v3_2/PSP_004118_1355_RED-0060.jpg,ok,,JPEG,227.0,227.0,L,1.0,1.0,normal,other,train,psp_004118_1355_red-0060,[],7c088b29e9e647eae322e256ca27d24c21c789208c4860da6211cc19172a33e4,cd1ce30a0b5687cc043536df651ce5645cd40b9d8c3227157cf6f02d6f245127,e1de8c3389e70176,154.7911079198121,15.173950769678331,ef1996abce20c725,[],0.0,psp_004118_1355,['train'],1.0,Counter({'train': 1}),val,bf60e4f40d8034ef,True,hirise_clean,0,C:\Users\deves\OneDrive\Desktop\Projects\TCMD-SS\data\raw\hirise_v3_2\map-proj-v3_2\PSP_004118_1355_RED-0060.jpg
map-proj-v3_2/PSP_004118_1355_RED-0063.jpg,ok,,JPEG,227.0,227.0,L,1.0,1.0,normal,other,train,psp_004118_1355_red-0063,[],f237ffe5797fe74de93e83e15b26256ea52589199fbec94499f04cbbe39f37b9,2c6eb8e20d81a96d24c39b24368747c65f029ed193d9571eba53a333b3e74c18,edc2c03e470dd34d,153.1391643540531,15.87075744401223,3f6fe0b8dab11ede,[],0.0,psp_004118_1355,['train'],1.0,Counter({'train': 1}),val,bf60e4f40d8034ef,True,hirise_clean,0,C:\Users\deves\OneDrive\Desktop\Projects\TCMD-SS\data\raw\hirise_v3_2\map-proj-v3_2\PSP_004118_1355_RED-0063.jpg
map-proj-v3_2/PSP_004118_1355_RED-0067.jpg,ok,,JPEG,227.0,227.0,L,1.0,1.0,normal,other,train,psp_004118_1355_red-0067,[],b7f8eeedd7c9584fce29cf3c21991e3a3826a670e0dc4b3b3260e06f7ae157e8,e911ff8939557453f207ae9b4e9a7f89d39e72b6bf149c29fdc34d227f9ac2b2,e801ddd95ed11267,144.744027634924,18.138625012222395,ce88f7372fa98299,[],0.0,psp_004118_1355,['train'],1.0,Counter({'train': 1}),val,bf60e4f40d8034ef,True,hirise_clean,0,C:\Users\deves\OneDrive\Desktop\Projects\TCMD-SS\data\raw\hirise_v3_2\map-proj-v3_2\PSP_004118_1355_RED-0067.jpg
map-proj-v3_2/PSP_004118_1355_RED-0072.jpg,ok,,JPEG,227.0,227.0,L,1.0,1.0,normal,other,train,psp_004118_1355_red-0072,[],ab5f428abf3b8a240c6dde1512f0e2e5c96a3547400b2aba2754b6dfa81bab87,cf88cbc149e4302963ad9d2d03d5f7c7532d29b6b4cdba8032e892ff13c57846,8ec7d9766ca29832,107.34935667294144,70.82846356356166,a9fc32c609a0b0a5,[],0.0,psp_004118_1355,['train'],1.0,Counter({'train': 1}),val,bf60e4f40d8034ef,True,hirise_clean,0,C:\Users\deves\OneDrive\Desktop\Projects\TCMD-SS\data\raw\hirise_v3_2\map-proj-v3_2\PSP_004118_1355_RED-0072.jpg
map-proj-v3_2/PSP_004118_1355_RED-0074.jpg,ok,,JPEG,227.0,227.0,L,1.0,1.0,normal,other,train,psp_004118_1355_red-0074,[],4ab8cd566ba1586e54cb2318170083b4a8147c4cd886dfc848ff2e7c9578c1a6,b20c74beb398266a8604b33b4531b2d372ef4b9357c5728611d7fd190970022e,ee23b26c9132dd89,146.87205263055756,17.3454923083019,50aafa4e1504ca07,[],0.0,psp_004118_1355,['train'],1.0,Counter({'train': 1}),val,bf60e4f40d8034ef,True,hirise_clean,0,C:\Users\deves\OneDrive\Desktop\Projects\TCMD-SS\data\raw\hirise_v3_2\map-proj-v3_2\PSP_004118_1355_RED-0074.jpg
map-proj-v3_2/PSP_004118_1355_RED-0078.jpg,ok,,JPEG,227.0,227.0,L,1.0,1.0,normal,other,train,psp_004118_1355_red-0078,[],61edd1a326aecfeada961a97ada01ba47e4c4bd21e0b8ad9bf4bb0a957753f5c,10e152cfe9eb7efecd4c7ca2e6f68c45f1ad4ee93c5b6ca9ce82373b2840c9e6,86381b03f6e393ad,157.92532360418406,14.266808470321369,572d800eed2feb1e,[],0.0,psp_004118_1355,['train'],1.0,Counter({'train': 1}),val,bf60e4f40d8034ef,True,hirise_clean,0,C:\Users\deves\OneDrive\Desktop\Projects\TCMD-SS\data\raw\hirise_v3_2\map-proj-v3_2\PSP_004118_1355_RED-0078.jpg
map-proj-v3_2/PSP_004118_1355_RED-0082.jpg,ok,,JPEG,227.0,227.0,L,1.0,1.0,normal,other,train,psp_004118_1355_red-0082,[],6a215d4da0f41e94243e32616dabeb8ef98067728b3ba0f6086e778f180fdee6,597183efea381ae85bde72ca0d7de3ce017d825df174c78cb178cdced932fa8a,c25a4e0cb917eecc,157.21974034039084,14.960552760994814,0524d8087dae93dc,[],0.0,psp_004118_1355,['train'],1.0,Counter({'train': 1}),val,bf60e4f40d8034ef,True,hirise_clean,0,C:\Users\deves\OneDrive\Desktop\Projects\TCMD-SS\data\raw\hirise_v3_2\map-proj-v3_2\PSP_004118_1355_RED-0082.jpg
map-proj-v3_2/PSP_004118_1355_RED-0083.jpg,ok,,JPEG,227.0,227.0,L,1.0,1.0,normal,other,train,psp_004118_1355_red-0083,[],6307a39c1a9aaf7cd66476288c00de9f8ed884514e7a87322846a63d9920bd1e,2484f9ffd7081b1b3b12a4c91cf388a3d84176db0e288ba32d982d8657d0e82a,ff1d9d32c12a8a26,153.22558171126937,16.93952943267485,d37c1be1cb30a877,[],0.0,psp_004118_1355,['train'],1.0,Counter({'train': 1}),val,bf60e4f40d8034ef,True,hirise_clean,0,C:\Users\deves\OneDrive\Desktop\Projects\TCMD-SS\data\raw\hirise_v3_2\map-proj-v3_2\PSP_004118_1355_RED-0083.jpg
map-proj-v3_2/PSP_004118_1355_RED-0091.jpg,ok,,JPEG,227.0,227.0,L,1.0,1.0,normal,other,train,psp_004118_1355_red-0091,[],98ebe8164fcd40579b5c406eaccbf076325f3d971a1283c59097028ab9ddd366,00427b4239f2b60846e71d84a1e44f2c7fee74360af729e42681b90e32767c83,ad6ec8ae3b3451c2,146.44136311591532,17.539448875399096,d1ee2a6050a850ec,[],0.0,psp_004118_1355,['train'],1.0,Counter({'train': 1}),val,bf60e4f40d8034ef,True,hirise_clean,0,C:\Users\deves\OneDrive\Desktop\Projects\TCMD-SS\data\raw\hirise_v3_2\map-proj-v3_2\PSP_004118_1355_RED-0091.jpg
map-proj-v3_2/PSP_004118_1355_RED-0124.jpg,ok,,JPEG,227.0,227.0,L,1.0,1.0,normal,other,train,psp_004118_1355_red-0124,[],867fa91b266af8357ad43dc772a2bffa856412377d5b76379a1a8497a7a97f74,b3dc88a464634524d7358659b8302f2ebfe5a4be99d5af7f9dcdca9b5873d65c,c80557670fd892b7,142.99089832909624,16.66332779676267,451b5daf694fda87,[],0.0,psp_004118_1355,['train'],1.0,Counter({'train': 1}),val,bf60e4f40d8034ef,True,hirise_clean,0,C:\Users\deves\OneDrive\Desktop\Projects\TCMD-SS\data\raw\hirise_v3_2\map-proj-v3_2\PSP_004118_1355_RED-0124.jpg
map-proj-v3_2/PSP_004118_1355_RED-0126.jpg,ok,,JPEG,227.0,227.0,L,1.0,1.0,normal,other,train,psp_004118_1355_red-0126,[],c97c79ae751fcac307527627e95f1502e399160d625c38caef1585251716d939,3909adceb5a760116c9c85825a5ac6ca5ccee8945990006b23eeeaeebcf568b4,9e7853e31b1784a5,143.9292631333812,16.363415317931246,11ca9a09bff6851a,[],0.0,psp_004118_1355,['train'],1.0,Counter({'train': 1}),val,bf60e4f40d8034ef,True,hirise_clean,0,C:\Users\deves\OneDrive\Desktop\Projects\TCMD-SS\data\raw\hirise_v3_2\map-proj-v3_2\PSP_004118_1355_RED-0126.jpg
map-proj-v3_2/PSP_004118_1355_RED-0129.jpg,ok,,JPEG,227.0,227.0,L,1.0,1.0,normal,other,train,psp_004118_1355_red-0129,[],c85e39f8cb5f666127462bc09d423a0e847f4c722346d2cef5bb3b6798f5a2bd,4e12b03e6f4019dabaedbb324cc2b423ec35d39b80b1464b8d0cc945272e1b73,a7af44e8d94bd890,158.306254730346,14.91280327925242,5b3e0d972bb7bd14,[],0.0,psp_004118_1355,['train'],1.0,Counter({'train': 1}),val,bf60e4f40d8034ef,True,hirise_clean,0,C:\Users\deves\OneDrive\Desktop\Projects\TCMD-SS\data\raw\hirise_v3_2\map-proj-v3_2\PSP_004118_1355_RED-0129.jpg
map-proj-v3_2/PSP_004118_1355_RED-0132.jpg,ok,,JPEG,227.0,227.0,L,1.0,1.0,normal,other,train,psp_004118_1355_red-0132,[],e034a7415af718ef48b2ca5b1dc767df45535307b0373e815ec56b8796c46574,b2b9185fb1dbc755ea3f5f3a3bc3b107aeccdbf56553684cb5fb3de4a977425d,82109fa96afec696,143.8883541306837,16.737232947631096,bb39942535ab316f,[],0.0,psp_004118_1355,['train'],1.0,Counter({'train': 1}),val,bf60e4f40d8034ef,True,hirise_clean,0,C:\Users\deves\OneDrive\Desktop\Projects\TCMD-SS\data\raw\hirise_v3_2\map-proj-v3_2\PSP_004118_1355_RED-0132.jpg
map-proj-v3_2/PSP_004118_1355_RED-0150.jpg,ok,,JPEG,227.0,227.0,L,1.0,1.0,normal,other,train,psp_004118_1355_red-0150,[],77a07b160718a95a37bad41a9c21d0c7e2b390039a8977482454eea3ba1ad204,91496a3dbe7ef49db9285f8ff582cee06cf5a0b1e5d91f271934af8ad6fa52e6,d5c038fd9d59a1c4,172.55184459236546,15.534686074928944,029cbe8bfab7b206,[],0.0,psp_004118_1355,['train'],1.0,Counter({'train': 1}),val,bf60e4f40d8034ef,True,hirise_clean,0,C:\Users\deves\OneDrive\Desktop\Projects\TCMD-SS\data\raw\hirise_v3_2\map-proj-v3_2\PSP_004118_1355_RED-0150.jpg
map-proj-v3_2/PSP_004118_1355_RED-0176.jpg,ok,,JPEG,227.0,227.0,L,1.0,1.0,normal,other,train,psp_004118_1355_red-0176,[],639441bb8f620ad556038c98833c885c8fb8ba68116837252db505eefa11065c,33db6d5e975e4c670c0443d7a2d289316b8654fe85f5266acb31fedb97114691,e4a74a6a1dc8707b,185.56608899842809,15.270338574936993,97e64116ed7392ad,[],0.0,psp_004118_1355,['train'],1.0,Counter({'train': 1}),val,bf60e4f40d8034ef,True,hirise_clean,0,C:\Users\deves\OneDrive\Desktop\Projects\TCMD-SS\data\raw\hirise_v3_2\map-proj-v3_2\PSP_004118_1355_RED-0176.jpg
map-proj-v3_2/PSP_004118_1355_RED-0178.jpg,ok,,JPEG,227.0,227.0,L,1.0,1.0,normal,other,train,psp_004118_1355_red-0178,[],e86957e78b0ccb2c340033eab27adcdc4efbe666c65e7059907d68ad8bb872c8,c69330adc0aa916f6b65e52ce24a0b1b8e40e10219bbb29b0e64410e8f9bf5f1,8eb033eca449fcc9,183.6565429175804,15.24842476491388,cac980dfa67db029,[],0.0,psp_004118_1355,['train'],1.0,Counter({'train': 1}),val,bf60e4f40d8034ef,True,hirise_clean,0,C:\Users\deves\OneDrive\Desktop\Projects\TCMD-SS\data\raw\hirise_v3_2\map-proj-v3_2\PSP_004118_1355_RED-0178.jpg
map-proj-v3_2/PSP_004118_1355_RED-0179.jpg,ok,,JPEG,227.0,227.0,L,1.0,1.0,normal,other,train,psp_004118_1355_red-0179,[],1b13ca65518735ad5387d3ddb6d5cdb1036a3c668090dd4a468763b024e0db33,e3b3c9358e050efd1bda428d6468f59c56128885326f4be6fd83f9476ae78945,842f998cc639bc57,184.9056259581983,14.4362504239283,2c572fb7df905822,[],0.0,psp_004118_1355,['train'],1.0,Counter({'train': 1}),val,bf60e4f40d8034ef,True,hirise_clean,0,C:\Users\deves\OneDrive\Desktop\Projects\TCMD-SS\data\raw\hirise_v3_2\map-proj-v3_2\PSP_004118_1355_RED-0179.jpg
map-proj-v3_2/PSP_004118_1355_RED-0204.jpg,ok,,JPEG,227.0,227.0,L,1.0,1.0,normal,other,train,psp_004118_1355_red-0204,[],3baa156bb562bdb911fa55553e95d6d9fdba41e373391d84683ae105d1140a7d,e1dbdbc31bf57710ab452c50b0d8fa94f095f431fcc974e3802af2371d4fa33e,db2d26e036e91ec1,42.74623998136971,33.41090440755347,117c8dbc8c3ed854,[],0.0,psp_004118_1355,['train'],1.0,Counter({'train': 1}),val,bf60e4f40d8034ef,True,hirise_clean,0,C:\Users\deves\OneDrive\Desktop\Projects\TCMD-SS\data\raw\hirise_v3_2\map-proj-v3_2\PSP_004118_1355_RED-0204.jpg
map-proj-v3_2/PSP_004118_1355_RED-0206.jpg,ok,,JPEG,227.0,227.0,L,1.0,1.0,normal,other,train,psp_004118_1355_red-0206,[],454178c314ac74164d43f73af535ef5e8dc888691f8b140eabfff864f60a5a52,2a5241a3340b08affd2a063f7bf6e443594addbc0b948952b78a7d7600396ba5,fcfa6aa6d590410e,45.40641192338295,16.099937821481998,65c0a69f68849433,[],0.0,psp_004118_1355,['train'],1.0,Counter({'train': 1}),val,bf60e4f40d8034ef,True,hirise_clean,0,C:\Users\deves\OneDrive\Desktop\Projects\TCMD-SS\data\raw\hirise_v3_2\map-proj-v3_2\PSP_004118_1355_RED-0206.jpg
map-proj-v3_2/PSP_004118_1355_RED-0213.jpg,ok,,JPEG,227.0,227.0,L,1.0,1.0,normal,other,train,psp_004118_1355_red-0213,[],698b5f6d0a76c8e62f32ced592f891fa4c052081ce0febaa2b696e4c6874b8e3,14694a93856706a4f36908a9e38ba6f29be2afece2b959908584128f5a502627,a8868753f4a83f93,46.78299598284461,15.833380787359538,039622705a681c64,[],0.0,psp_004118_1355,['train'],1.0,Counter({'train': 1}),val,bf60e4f40d8034ef,True,hirise_clean,0,C:\Users\deves\OneDrive\Desktop\Projects\TCMD-SS\data\raw\hirise_v3_2\map-proj-v3_2\PSP_004118_1355_RED-0213.jpg
map-proj-v3_2/PSP_004118_1355_RED-0218.jpg,ok,,JPEG,227.0,227.0,L,1.0,1.0,normal,other,train,psp_004118_1355_red-0218,[],69e72467a912c2773290828bb235c10404dc79e68d1b18f35c16ace60b0bd1ad,9aa6592ab81a80a61e3c51689f56992e3a6ded99df514e4c183028817d790776,eb000d3f836d2df8,174.52985697374294,14.834651363532773,6591cc407b3aca49,[],0.0,psp_004118_1355,['train'],1.0,Counter({'train': 1}),val,bf60e4f40d8034ef,True,hirise_clean,0,C:\Users\deves\OneDrive\Desktop\Projects\TCMD-SS\data\raw\hirise_v3_2\map-proj-v3_2\PSP_004118_1355_RED-0218.jpg
map-proj-v3_2/PSP_004118_1355_RED-0222.jpg,ok,,JPEG,227.0,227.0,L,1.0,1.0,normal,other,train,psp_004118_1355_red-0222,[],630c673fbf6eba871e21da56b8c76ac44928b4ff41868742e168d9bfa71a1072,14cf1a1d1c8bcc9ac18de58aa9a79e779d4db6ea4606f571ea10a8f665bc0c26,cc738bacbc915398,169.54493586135962,16.02796598781987,e19db3911199ac7f,[],0.0,psp_004118_1355,['train'],1.0,Counter({'train': 1}),val,bf60e4f40d8034ef,True,hirise_clean,0,C:\Users\deves\OneDrive\Desktop\Projects\TCMD-SS\data\raw\hirise_v3_2\map-proj-v3_2\PSP_004118_1355_RED-0222.jpg
map-proj-v3_2/PSP_004118_1355_RED-0236.jpg,ok,,JPEG,227.0,227.0,L,1.0,1.0,normal,other,train,psp_004118_1355_red-0236,[],a2ff210ac356f5aceda2a15c7de39d4f8668dbf55b9acbb071b4a1c58a5a87d7,6457bc65d27322442249dc6987c8d0dc4032f4c9356d4bf65315d634a2f74fb4,9d64b65b606ca333,160.6119078577112,15.907390128812729,3038a618fa3f871a,[],0.0,psp_004118_1355,['train'],1.0,Counter({'train': 1}),val,bf60e4f40d8034ef,True,hirise_clean,0,C:\Users\deves\OneDrive\Desktop\Projects\TCMD-SS\data\raw\hirise_v3_2\map-proj-v3_2\PSP_004118_1355_RED-0236.jpg
map-proj-v3_2/PSP_004118_1355_RED-0243.jpg,ok,,JPEG,227.0,227.0,L,1.0,1.0,normal,other,train,psp_004118_1355_red-0243,[],cfad6f8d6058eb1028bd7adb999370cd57f8f9d8f9c9382e868bd68afde8d74d,d533aad01059b997f3648394aecadfbcc222e2fb67228b62b206506ae9d7184d,db69f664cd194330,35.454326689825145,26.169780946753704,031a994fde6704dd,[],0.0,psp_004118_1355,['train'],1.0,Counter({'train': 1}),val,bf60e4f40d8034ef,True,hirise_clean,0,C:\Users\deves\OneDrive\Desktop\Projects\TCMD-SS\data\raw\hirise_v3_2\map-proj-v3_2\PSP_004118_1355_RED-0243.jpg
map-proj-v3_2/PSP_004118_1355_RED-0244.jpg,ok,,JPEG,227.0,227.0,L,1.0,1.0,normal,other,train,psp_004118_1355_red-0244,[],d3c836cc64e52831e95de1fbf6763094e4fa175531322632677c7332196ec52f,15a8cab2edda2632db78b71c0e0a304bc345d7fa192d5621c6d6e9d34a5d9436,a68c9bf206e079ba,195.6462574472627,14.609316384607974,d2ff6752158b93d8,[],0.0,psp_004118_1355,['train'],1.0,Counter({'train': 1}),val,bf60e4f40d8034ef,True,hirise_clean,0,C:\Users\deves\OneDrive\Desktop\Projects\TCMD-SS\data\raw\hirise_v3_2\map-proj-v3_2\PSP_004118_1355_RED-0244.jpg
map-proj-v3_2/PSP_004118_1355_RED-0245.jpg,ok,,JPEG,227.0,227.0,L,1.0,1.0,normal,other,train,psp_004118_1355_red-0245,[],ac30053de5503dee6d583fed9251fcda016a7a94ccde92daf37281ab531f1596,2b04a6cdf98f16e07ca9a466ad5fa0c725d30c25cd3464eb90db18d59aaeb713,8c73e221711ca79f,160.85349997089017,14.91263220298194,a66f365f9ff91d81,[],0.0,psp_004118_1355,['train'],1.0,Counter({'train': 1}),val,bf60e4f40d8034ef,True,hirise_clean,0,C:\Users\deves\OneDrive\Desktop\Projects\TCMD-SS\data\raw\hirise_v3_2\map-proj-v3_2\PSP_004118_1355_RED-0245.jpg
map-proj-v3_2/PSP_004118_1355_RED-0257.jpg,ok,,JPEG,227.0,227.0,L,1.0,1.0,normal,other,train,psp_004118_1355_red-0257,[],458e1946965168a7c245bd3b334a718d39648d92d03f0a85e332496a2c1d76cf,bc2b69d347433b860ac62895a02b58419be7d6e458eae4de9472fa60691d6790,98446b19bcce073f,151.0017077762037,15.251168666657763,19d218312e241584,[],0.0,psp_004118_1355,['train'],1.0,Counter({'train': 1}),val,bf60e4f40d8034ef,True,hirise_clean,0,C:\Users\deves\OneDrive\Desktop\Projects\TCMD-SS\data\raw\hirise_v3_2\map-proj-v3_2\PSP_004118_1355_RED-0257.jpg
map-proj-v3_2/PSP_004118_1355_RED-0258.jpg,ok,,JPEG,227.0,227.0,L,1.0,1.0,normal,other,train,psp_004118_1355_red-0258,[],628870c67db3e214fafd23552a9c996e5f911a8fda326cc3db0ad39800e27f24,2c3d5cb12769550467845d53036bce742c6f3be17449a58680111b4ccbd82f5b,a70633e3ec352ad4,164.27066312173727,16.202062294470483,f62b0040ac31e8c3,[],0.0,psp_004118_1355,['train'],1.0,Counter({'train': 1}),val,bf60e4f40d8034ef,True,hirise_clean,0,C:\Users\deves\OneDrive\Desktop\Projects\TCMD-SS\data\raw\hirise_v3_2\map-proj-v3_2\PSP_004118_1355_RED-0258.jpg
map-proj-v3_2/PSP_004118_1355_RED-0264.jpg,ok,,JPEG,227.0,227.0,L,1.0,1.0,normal,other,train,psp_004118_1355_red-0264,[],31cbd5f544f92af12e0d68825a831755a4a9a466b8903ce856923746619dc538,94fa1423f7c36283d1dcf1615761611d65aadd94493c2582f8cc81fc3c8b4467,b3f1e8e03193466e,153.02115313706844,15.30536778031852,4ce3a1e0dc069dde,[],0.0,psp_004118_1355,['train'],1.0,Counter({'train': 1}),val,bf60e4f40d8034ef,True,hirise_clean,0,C:\Users\deves\OneDrive\Desktop\Projects\TCMD-SS\data\raw\hirise_v3_2\map-proj-v3_2\PSP_004118_1355_RED-0264.jpg
map-proj-v3_2/PSP_004118_1355_RED-0265.jpg,ok,,JPEG,227.0,227.0,L,1.0,1.0,normal,other,train,psp_004118_1355_red-0265,[],9394ee60155d90a95ffe92c6fe489c6ba6d06ef852805023995c2e10e8ae63a9,45d959ecc579f216e18693eaab703a58daa9a7f93b23991acb999bfc1b36dcc5,d5596b26940cbd33,151.42905936462964,14.218781431470898,3ca5bc7c9a0810b4,[],0.0,psp_004118_1355,['train'],1.0,Counter({'train': 1}),val,bf60e4f40d8034ef,True,hirise_clean,0,C:\Users\deves\OneDrive\Desktop\Projects\TCMD-SS\data\raw\hirise_v3_2\map-proj-v3_2\PSP_004118_1355_RED-0265.jpg
map-proj-v3_2/PSP_004118_1355_RED-0281.jpg,ok,,JPEG,227.0,227.0,L,1.0,1.0,normal,other,train,psp_004118_1355_red-0281,[],8b2a7e21e0dbe182807ad803edc1495671fae068a7b6dbb84fb12ccadcf36125,d8bb2a805a060f284f59a0d87b8544f27aaa0c30b581eb7237d5f5979cc6131c,c0798df72fc2dc80,152.8002095907159,16.24398440641342,b54e233b04d61b13,[],0.0,psp_004118_1355,['train'],1.0,Counter({'train': 1}),val,bf60e4f40d8034ef,True,hirise_clean,0,C:\Users\deves\OneDrive\Desktop\Projects\TCMD-SS\data\raw\hirise_v3_2\map-proj-v3_2\PSP_004118_1355_RED-0281.jpg
map-proj-v3_2/PSP_004118_1355_RED-0286.jpg,ok,,JPEG,227.0,227.0,L,1.0,1.0,normal,crater,train,psp_004118_1355_red-0286,[],2d3d777817114dfe873944dde8ef691bf06f5bf81932905dabaaf25561708cf8,9af018b259e2cbcc2aa09fa2c829090f3f79272ae615cb43a43af747fe7306b0,98651c3db31f44f4,202.86883114362783,15.972274604764008,d5a3d70a9a24745d,[],1.0,psp_004118_1355,['train'],1.0,Counter({'train': 1}),val,bf60e4f40d8034ef,True,hirise_clean,0,C:\Users\deves\OneDrive\Desktop\Projects\TCMD-SS\data\raw\hirise_v3_2\map-proj-v3_2\PSP_004118_1355_RED-0286.jpg
map-proj-v3_2/PSP_004118_1355_RED-0293.jpg,ok,,JPEG,227.0,227.0,L,1.0,1.0,normal,other,train,psp_004118_1355_red-0293,[],78cb902a2cdbd22198a7fe6987eefd89b9d9838cb4f4ca9a51c73cd28a9ac4d6,cc998104cdae8f1d8fdf493beb90a6739a5045aa75b9da8cdb4ddb4d692249f1,83e0bcd26cb3d8d4,124.02006637039337,61.731942778837016,2accc4ca180da446,[],0.0,psp_004118_1355,['train'],1.0,Counter({'train': 1}),val,bf60e4f40d8034ef,True,hirise_clean,0,C:\Users\deves\OneDrive\Desktop\Projects\TCMD-SS\data\raw\hirise_v3_2\map-proj-v3_2\PSP_004118_1355_RED-0293.jpg
map-proj-v3_2/PSP_004118_1355_RED-0314.jpg,ok,,JPEG,227.0,227.0,L,1.0,1.0,normal,other,train,psp_004118_1355_red-0314,[],2ec48583ccbfe9deabd02c22e8d0bddd44b81e29f9ab6497fa4f640500b0ad71,e735f86295be925d92bd85a84d7e90269e44037e2cce31115fa119e38425b593,aa6dd5299e32c92a,170.6289274001048,21.379179922934547,b747b3e5caa2d51d,[],0.0,psp_004118_1355,['train'],1.0,Counter({'train': 1}),val,bf60e4f40d8034ef,True,hirise_clean,0,C:\Users\deves\OneDrive\Desktop\Projects\TCMD-SS\data\raw\hirise_v3_2\map-proj-v3_2\PSP_004118_1355_RED-0314.jpg
map-proj-v3_2/PSP_004118_1355_RED-0316.jpg,ok,,JPEG,227.0,227.0,L,1.0,1.0,normal,other,train,psp_004118_1355_red-0316,[],123b836218433e4d652f715cc142cf22ca4da771b2068ad04ae79e5271706278,8a0e10733aafab4a1441d4f9047750d3cc4b8b402368ca516a37b528f4d6caa2,9c30e1ca569d784f,146.7994527353529,16.762985467464777,b6e06a5051974084,[],0.0,psp_004118_1355,['train'],1.0,Counter({'train': 1}),val,bf60e4f40d8034ef,True,hirise_clean,0,C:\Users\deves\OneDrive\Desktop\Projects\TCMD-SS\data\raw\hirise_v3_2\map-proj-v3_2\PSP_004118_1355_RED-0316.jpg
map-proj-v3_2/PSP_004118_1355_RED-0319.jpg,ok,,JPEG,227.0,227.0,L,1.0,1.0,normal,other,train,psp_004118_1355_red-0319,[],12fd9610cea0dd7bfd506a6e90dabe207dba8715b0a39d32a6be9aedbe7343dd,a6eef0be6877942b2ab7bc4697df9579b17f7216d4012e8df08f5898a8614dbc,fc504b04fe86cb33,145.33722758058568,14.698965862842844,38193e912fa5d12b,[],0.0,psp_004118_1355,['train'],1.0,Counter({'train': 1}),val,bf60e4f40d8034ef,True,hirise_clean,0,C:\Users\deves\OneDrive\Desktop\Projects\TCMD-SS\data\raw\hirise_v3_2\map-proj-v3_2\PSP_004118_1355_RED-0319.jpg
map-proj-v3_2/PSP_004118_1355_RED-0320.jpg,ok,,JPEG,227.0,227.0,L,1.0,1.0,normal,other,train,psp_004118_1355_red-0320,[],ba5b73f9e0669a18202e7f574fa1b42275f085d8daa7d78071cb856d0c8ae136,516d3ec1b65976292a158ace04e2d7823ea8e72a515712b6130757fa65c478c1,87c17868b255a67b,119.07399716664402,69.15412508687076,6698f9f544070abe,[],0.0,psp_004118_1355,['train'],1.0,Counter({'train': 1}),val,bf60e4f40d8034ef,True,hirise_clean,0,C:\Users\deves\OneDrive\Desktop\Projects\TCMD-SS\data\raw\hirise_v3_2\map-proj-v3_2\PSP_004118_1355_RED-0320.jpg
map-proj-v3_2/PSP_004118_1355_RED-0321.jpg,ok,,JPEG,227.0,227.0,L,1.0,1.0,normal,other,train,psp_004118_1355_red-0321,[],312235c8c5661d63ef0bb53c12e0de2b838726086fb169c2681649ecd536269e,cf9da386c9d75157c306f8f003d0d8f1babc5186de45bd1534f7d99431b574fc,c64b9b62c68ca1b7,198.8024801568049,13.148512430195808,cb4a4766fdc861f8,[],0.0,psp_004118_1355,['train'],1.0,Counter({'train': 1}),val,bf60e4f40d8034ef,True,hirise_clean,0,C:\Users\deves\OneDrive\Desktop\Projects\TCMD-SS\data\raw\hirise_v3_2\map-proj-v3_2\PSP_004118_1355_RED-0321.jpg
map-proj-v3_2/PSP_004118_1355_RED-0322.jpg,ok,,JPEG,227.0,227.0,L,1.0,1.0,normal,other,train,psp_004118_1355_red-0322,[],0bc21b32603958372f81f9a41960b445746b0691841550d4d0a2fc7530bb315a,37cd31bfa0945bf551a0e5cd254feb15fa3d87cf169da9d37d5b4eb06e660f00,a54a2e7c33c79a0b,150.35193774379476,15.774218031077153,78b2e973c62c0fef,[],0.0,psp_004118_1355,['train'],1.0,Counter({'train': 1}),val,bf60e4f40d8034ef,True,hirise_clean,0,C:\Users\deves\OneDrive\Desktop\Projects\TCMD-SS\data\raw\hirise_v3_2\map-proj-v3_2\PSP_004118_1355_RED-0322.jpg
map-proj-v3_2/PSP_004118_1355_RED-0323.jpg,ok,,JPEG,227.0,227.0,L,1.0,1.0,normal,other,train,psp_004118_1355_red-0323,[],be22b8a4c014f8a8311e63ab54a5de842c8fff58f35228df37d00a9e1003e6c0,77db251bdecc5b48598d708558d569ae996b1bfba4cf2953d4c8f7e6e6b0a20d,995e5d658c21d70e,152.83591763861128,16.54108803750662,5a3aaca09b68660d,[],0.0,psp_004118_1355,['train'],1.0,Counter({'train': 1}),val,bf60e4f40d8034ef,True,hirise_clean,0,C:\Users\deves\OneDrive\Desktop\Projects\TCMD-SS\data\raw\hirise_v3_2\map-proj-v3_2\PSP_004118_1355_RED-0323.jpg
map-proj-v3_2/PSP_004118_1355_RED-0328.jpg,ok,,JPEG,227.0,227.0,L,1.0,1.0,normal,other,train,psp_004118_1355_red-0328,[],1b78073f5f1f768b2fc66f95bfd611556c5de385b15a569af90a087723169888,8699e556ba6bfb5e83e2046ee0fef9c9e75a7349be1428c9ef5ec2cbedc518c6,b3284dff0616325d,177.22084651361368,12.774832716020043,8ecc8082bede1d9b,[],0.0,psp_004118_1355,['train'],1.0,Counter({'train': 1}),val,bf60e4f40d8034ef,True,hirise_clean,0,C:\Users\deves\OneDrive\Desktop\Projects\TCMD-SS\data\raw\hirise_v3_2\map-proj-v3_2\PSP_004118_1355_RED-0328.jpg
map-proj-v3_2/PSP_004118_1355_RED-0336.jpg,ok,,JPEG,227.0,227.0,L,1.0,1.0,normal,other,train,psp_004118_1355_red-0336,[],13f4911c9792da4c30b1a3da704f22bd184d56ceb679f125997aa818aa82fd66,84d1a7c9659018304d1218eb1eaf61f0fe1e5b934506fc96cb48e7e5c5b184f0,c1163669375649db,149.20877564090125,15.040838526105556,f839ce1b8426752c,[],0.0,psp_004118_1355,['train'],1.0,Counter({'train': 1}),val,bf60e4f40d8034ef,True,hirise_clean,0,C:\Users\deves\OneDrive\Desktop\Projects\TCMD-SS\data\raw\hirise_v3_2\map-proj-v3_2\PSP_004118_1355_RED-0336.jpg
map-proj-v3_2/PSP_004118_1355_RED-0346.jpg,ok,,JPEG,227.0,227.0,L,1.0,1.0,normal,other,train,psp_004118_1355_red-0346,[],ba544355ff912a9ff9e11d2ac9d74b4a3e9fc5e26028042a882cbea042aebbb2,7320edbfbbd4ad9fa7b13d9a0103833cce2c1788a6fd92b26fea856e5c39ec45,b829a7339099dda6,149.0832152768344,13.95197317275666,d8ae0ae5571a7824,[],0.0,psp_004118_1355,['train'],1.0,Counter({'train': 1}),val,bf60e4f40d8034ef,True,hirise_clean,0,C:\Users\deves\OneDrive\Desktop\Projects\TCMD-SS\data\raw\hirise_v3_2\map-proj-v3_2\PSP_004118_1355_RED-0346.jpg
map-proj-v3_2/PSP_004118_1355_RED-0350.jpg,ok,,JPEG,227.0,227.0,L,1.0,1.0,normal,other,train,psp_004118_1355_red-0350,[],e43e692fa1c0222ce3db1e390ee759f79ea7c606961847c6c56ef6b6c04889d4,d4e00a3e7b05c9876d30a148c2e08c7acd822f8a41c634892ce2a9070c4100b7,e675083d38c85fc3,152.00366783752838,16.715098613622217,0f5a0414d4fc8950,[],0.0,psp_004118_1355,['train'],1.0,Counter({'train': 1}),val,bf60e4f40d8034ef,True,hirise_clean,0,C:\Users\deves\OneDrive\Desktop\Projects\TCMD-SS\data\raw\hirise_v3_2\map-proj-v3_2\PSP_004118_1355_RED-0350.jpg
map-proj-v3_2/PSP_004118_1355_RED-0351.jpg,ok,,JPEG,227.0,227.0,L,1.0,1.0,normal,other,train,psp_004118_1355_red-0351,[],d6b6fe10e536bacdbf786cc1fdb0bd09f4075738f72eeebd0a5ab97d8c2a3591,1337951fadc3089ce368f803cd1a6269f60007a99b1c52f3652438a0ea8e6aca,8c4beab11917b46d,177.3099225678744,18.782824986648084,ab6e05fce333271d,[],0.0,psp_004118_1355,['train'],1.0,Counter({'train': 1}),val,bf60e4f40d8034ef,True,hirise_clean,0,C:\Users\deves\OneDrive\Desktop\Projects\TCMD-SS\data\raw\hirise_v3_2\map-proj-v3_2\PSP_004118_1355_RED-0351.jpg
map-proj-v3_2/PSP_004118_1355_RED-0356.jpg,ok,,JPEG,227.0,227.0,L,1.0,1.0,normal,other,train,psp_004118_1355_red-0356,[],1c417ab55f35618e5660e6d214e0da345fc8ae6e96f0199d53beec593d99c8d4,d8077a707238cb12cc6197d7ec8d31cd2d7fea78232bb6bc71fdc3514ad82d5a,83477a45655be323,152.7911467329077,15.837137556583116,4cf16288628e68b0,[],0.0,psp_004118_1355,['train'],1.0,Counter({'train': 1}),val,bf60e4f40d8034ef,True,hirise_clean,0,C:\Users\deves\OneDrive\Desktop\Projects\TCMD-SS\data\raw\hirise_v3_2\map-proj-v3_2\PSP_004118_1355_RED-0356.jpg
map-proj-v3_2/PSP_004118_1355_RED-0357.jpg,ok,,JPEG,227.0,227.0,L,1.0,1.0,normal,other,train,psp_004118_1355_red-0357,[],7cb4cc68ebb16e8d92be0ae3bcda35cff826919192752d68b33aeec08b561518,45560654167629305aafb284de6f12c380017f10fa3cd1bb0edc8787b39dbded,835b4ac02e1eedcb,165.65271982766987,18.073369170164643,c81ad804349cf7e1,[],0.0,psp_004118_1355,['train'],1.0,Counter({'train': 1}),val,bf60e4f40d8034ef,True,hirise_clean,0,C:\Users\deves\OneDrive\Desktop\Projects\TCMD-SS\data\raw\hirise_v3_2\map-proj-v3_2\PSP_004118_1355_RED-0357.jpg
map-proj-v3_2/PSP_004118_1355_RED-0360.jpg,ok,,JPEG,227.0,227.0,L,1.0,1.0,normal,other,train,psp_004118_1355_red-0360,[],43594fb50062e446eff5d547f55ae0817e08692fa9a040be2978dce7c8527c5d,31548f2d84dc3ada57fabd53b2e53ecac7b84b74d391b4776fbfc48e83c657b2,8d3751ef63e9a101,157.38139688330844,15.565224742800174,60b1df773d2c8feb,[],0.0,psp_004118_1355,['train'],1.0,Counter({'train': 1}),val,bf60e4f40d8034ef,True,hirise_clean,0,C:\Users\deves\OneDrive\Desktop\Projects\TCMD-SS\data\raw\hirise_v3_2\map-proj-v3_2\PSP_004118_1355_RED-0360.jpg
map-proj-v3_2/PSP_004118_1355_RED-0362.jpg,ok,,JPEG,227.0,227.0,L,1.0,1.0,normal,other,train,psp_004118_1355_red-0362,[],aa6a82fbe2161bb1116bc858a616881fd85cb7e2e9c34c4d61bb57ec20ada232,62f80ef04c9958f9f64fb4d8f5b3cb9a75eef4e9b35191008f7f4389f7d83daa,e547e6e8d0543a4e,141.45570455471676,15.53121117474002,965d50654c9e1209,[],0.0,psp_004118_1355,['train'],1.0,Counter({'train': 1}),val,bf60e4f40d8034ef,True,hirise_clean,0,C:\Users\deves\OneDrive\Desktop\Projects\TCMD-SS\data\raw\hirise_v3_2\map-proj-v3_2\PSP_004118_1355_RED-0362.jpg
map-proj-v3_2/PSP_004118_1355_RED-0364.jpg,ok,,JPEG,227.0,227.0,L,1.0,1.0,normal,other,train,psp_004118_1355_red-0364,[],727f322539c8d218f989a748763aa04f1521567961f1111f3657194f3eccf25b,90d932fe5f65f62be4d8a40750fd131b2a1439e0104745e8919f2f0c4c465846,a95e50af45bc59b0,173.16251043101943,19.20386908255541,e0ad297fd08934cf,[],0.0,psp_004118_1355,['train'],1.0,Counter({'train': 1}),val,bf60e4f40d8034ef,True,hirise_clean,0,C:\Users\deves\OneDrive\Desktop\Projects\TCMD-SS\data\raw\hirise_v3_2\map-proj-v3_2\PSP_004118_1355_RED-0364.jpg
map-proj-v3_2/PSP_004118_1355_RED-0366.jpg,ok,,JPEG,227.0,227.0,L,1.0,1.0,normal,other,train,psp_004118_1355_red-0366,[],740e353a3490e86dca4dc1fe7c7434d7a9af1745c4733177c121d96b3f46f8ee,f668538ffe47d8b386bb9ea17ed5a4eedec410ec4acd296ad1164d6ba0248d56,e3c8bb75898a6661,138.83964369578297,16.768460755066442,3f76e298adbfacaf,[],0.0,psp_004118_1355,['train'],1.0,Counter({'train': 1}),val,bf60e4f40d8034ef,True,hirise_clean,0,C:\Users\deves\OneDrive\Desktop\Projects\TCMD-SS\data\raw\hirise_v3_2\map-proj-v3_2\PSP_004118_1355_RED-0366.jpg
map-proj-v3_2/PSP_004118_1355_RED-0368.jpg,ok,,JPEG,227.0,227.0,L,1.0,1.0,normal,other,train,psp_004118_1355_red-0368,[],0b07904b54e849bf09f3dc1f0170af35537ca7f4f0d6c66174265113139974e4,8ed6a43ee4d59dc40b2841480df397b9a7c0a9113987098e676dd5bf163c3efc,b8dac563e88c64b6,163.7957266781812,13.901627631702183,ca404e6ae85e9173,[],0.0,psp_004118_1355,['train'],1.0,Counter({'train': 1}),val,bf60e4f40d8034ef,True,hirise_clean,0,C:\Users\deves\OneDrive\Desktop\Projects\TCMD-SS\data\raw\hirise_v3_2\map-proj-v3_2\PSP_004118_1355_RED-0368.jpg
map-proj-v3_2/PSP_004118_1355_RED-0371.jpg,ok,,JPEG,227.0,227.0,L,1.0,1.0,normal,other,train,psp_004118_1355_red-0371,[],978cf327fcef355e0f53ff4978a8cda63bba1012e50ec28e7d42493a1ca125e9,ab09b788d48700de10c5efa560e61e8170221c34623a6180ac80723dcadb0b2a,fec48ea0b4bc6e05,152.44900929573635,14.17910667691925,c937356f1ad2ef78,[],0.0,psp_004118_1355,['train'],1.0,Counter({'train': 1}),val,bf60e4f40d8034ef,True,hirise_clean,0,C:\Users\deves\OneDrive\Desktop\Projects\TCMD-SS\data\raw\hirise_v3_2\map-proj-v3_2\PSP_004118_1355_RED-0371.jpg
map-proj-v3_2/PSP_004118_1355_RED-0377.jpg,ok,,JPEG,227.0,227.0,L,1.0,1.0,normal,other,train,psp_004118_1355_red-0377,[],a7e63859cdccb402bf94b5005df3d4d46f493fe03f105d366d3606440ea48ea1,93c31aa8dc2c7e353cfde6866d058606131a810e9422a07eb3be31031b4a2f06,9b655ab44ab429d3,167.96561159735296,17.324608987604762,e7ae58144d6851a8,[],0.0,psp_004118_1355,['train'],1.0,Counter({'train': 1}),val,bf60e4f40d8034ef,True,hirise_clean,0,C:\Users\deves\OneDrive\Desktop\Projects\TCMD-SS\data\raw\hirise_v3_2\map-proj-v3_2\PSP_004118_1355_RED-0377.jpg
map-proj-v3_2/PSP_004118_1355_RED-0378.jpg,ok,,JPEG,227.0,227.0,L,1.0,1.0,normal,other,train,psp_004118_1355_red-0378,[],36021cfd8e2628664d5a07c00bfc0c22ceee27f4edf8f00cb3047fe5b77954fe,f6f9c44a929a8e480009c35a29ae5f4d0cce71f241238edfa705e3ba136fea57,dcfb464ca3405e2b,144.1863028585845,15.432186182306756,6630cf0b47c85a3c,[],0.0,psp_004118_1355,['train'],1.0,Counter({'train': 1}),val,bf60e4f40d8034ef,True,hirise_clean,0,C:\Users\deves\OneDrive\Desktop\Projects\TCMD-SS\data\raw\hirise_v3_2\map-proj-v3_2\PSP_004118_1355_RED-0378.jpg
map-proj-v3_2/PSP_004118_1355_RED-0382.jpg,ok,,JPEG,227.0,227.0,L,1.0,1.0,normal,other,train,psp_004118_1355_red-0382,[],819bc6b1ef3e51296f2819d37b9f249f09ecf63fc3c47008923d575c2d63eb75,e611d7b017e8baa6fb90138da1c3f917ed710a7b2537f42fdc60d5186d0c08ee,9d996a2ed0ab0bcc,140.38844146014864,16.39415280359077,3eafd48cde90f530,[],0.0,psp_004118_1355,['train'],1.0,Counter({'train': 1}),val,bf60e4f40d8034ef,True,hirise_clean,0,C:\Users\deves\OneDrive\Desktop\Projects\TCMD-SS\data\raw\hirise_v3_2\map-proj-v3_2\PSP_004118_1355_RED-0382.jpg
map-proj-v3_2/PSP_004118_1355_RED-0383.jpg,ok,,JPEG,227.0,227.0,L,1.0,1.0,normal,other,train,psp_004118_1355_red-0383,[],80c32155acb12badc39aeae93175c1ed9e437832ac8b64de9fb94f07990389b3,ea86a2feade8506f4c75ed0a2ccb1c2cb42b8c33f3d78f353b23f895b9c54be1,97c29da0f25b2a66,147.30410060354365,16.798515439512475,de6d81cdd3da67dc,[],0.0,psp_004118_1355,['train'],1.0,Counter({'train': 1}),val,bf60e4f40d8034ef,True,hirise_clean,0,C:\Users\deves\OneDrive\Desktop\Projects\TCMD-SS\data\raw\hirise_v3_2\map-proj-v3_2\PSP_004118_1355_RED-0383.jpg
map-proj-v3_2/PSP_004118_1355_RED-0384.jpg,ok,,JPEG,227.0,227.0,L,1.0,1.0,normal,other,train,psp_004118_1355_red-0384,[],6916d943c12922cf11af4b98e5d4a35b973f37f99be8149b6fd41cc2711bcfce,42e5093f645e4ce908624f60dfd8606c31dc3fb1a59b6ecd21324252cb817861,b171a5533b4f344c,165.72788138718005,18.94242308570677,3c9be196e06c19a6,[],0.0,psp_004118_1355,['train'],1.0,Counter({'train': 1}),val,bf60e4f40d8034ef,True,hirise_clean,0,C:\Users\deves\OneDrive\Desktop\Projects\TCMD-SS\data\raw\hirise_v3_2\map-proj-v3_2\PSP_004118_1355_RED-0384.jpg
map-proj-v3_2/PSP_004118_1355_RED-0397.jpg,ok,,JPEG,227.0,227.0,L,1.0,1.0,normal,other,train,psp_004118_1355_red-0397,[],e65eb1d49146802affc6d96fcbec1cb09bf11dad06d91182cff5565cb9caa1c0,64ad50e67f1d62b297c2cd0edc04c03b08eb553cea09f5d6c5e36355dc8405fd,d09e85e515d5369c,145.23223815715423,16.694704191809887,5ce5eb9309eda968,[],0.0,psp_004118_1355,['train'],1.0,Counter({'train': 1}),val,bf60e4f40d8034ef,True,hirise_clean,0,C:\Users\deves\OneDrive\Desktop\Projects\TCMD-SS\data\raw\hirise_v3_2\map-proj-v3_2\PSP_004118_1355_RED-0397.jpg
map-proj-v3_2/PSP_004118_1355_RED-0398.jpg,ok,,JPEG,227.0,227.0,L,1.0,1.0,normal,other,train,psp_004118_1355_red-0398,[],1979bb1f40c2ef0b72bf1129320ccc13ba730dbc1eb040d904adf477c95130f0,5ea9077398413d505db84f750e2fc980e642ffe4d689b6b8d3f56ef05f4ecdbb,bedb1e600d90ae8b,150.10190378233617,18.158163830198085,df24f9f7a44f3eef,[],0.0,psp_004118_1355,['train'],1.0,Counter({'train': 1}),val,bf60e4f40d8034ef,True,hirise_clean,0,C:\Users\deves\OneDrive\Desktop\Projects\TCMD-SS\data\raw\hirise_v3_2\map-proj-v3_2\PSP_004118_1355_RED-0398.jpg
map-proj-v3_2/PSP_004118_1355_RED-0401.jpg,ok,,JPEG,227.0,227.0,L,1.0,1.0,normal,other,train,psp_004118_1355_red-0401,[],97598ccc9c162a0be056981e10c72701b17344767ae735565d4ee98693c336d8,585b128c76dfe7ea862ef1b689e20e5b7f4520f3cfc04861ee2626c1dfe0f88a,897df00933d1b33a,153.33940111393585,17.9417492892536,ef0d8ecd41613394,[],0.0,psp_004118_1355,['train'],1.0,Counter({'train': 1}),val,bf60e4f40d8034ef,True,hirise_clean,0,C:\Users\deves\OneDrive\Desktop\Projects\TCMD-SS\data\raw\hirise_v3_2\map-proj-v3_2\PSP_004118_1355_RED-0401.jpg
map-proj-v3_2/PSP_004118_1355_RED-0413.jpg,ok,,JPEG,227.0,227.0,L,1.0,1.0,normal,other,train,psp_004118_1355_red-0413,[],7234dc16bd01112cde4531e0b0fdd4ac11cc56364377382f5d32a7d4a6357866,cd8d6fdfdd7822efe07bb156e276ee0a7660f7162d881d032a1ea7156b18ad43,93d4dc61399bc34c,157.24949057812103,17.765410848252927,cc5a0b1f28419f3e,[],0.0,psp_004118_1355,['train'],1.0,Counter({'train': 1}),val,bf60e4f40d8034ef,True,hirise_clean,0,C:\Users\deves\OneDrive\Desktop\Projects\TCMD-SS\data\raw\hirise_v3_2\map-proj-v3_2\PSP_004118_1355_RED-0413.jpg
map-proj-v3_2/PSP_004118_1355_RED-0414.jpg,ok,,JPEG,227.0,227.0,L,1.0,1.0,normal,other,train,psp_004118_1355_red-0414,[],88e753243a2c4eba5bdf10023f84748db622c94aafcd1c1a75271fe7c064018e,3254d5899137bfbab630cf27607dca6e8d1e6ab66a12c58df87a13e6ebf5ad67,f349c43b0366b791,143.0781113547711,15.535474859018972,35a5b4795e19e93e,[],0.0,psp_004118_1355,['train'],1.0,Counter({'train': 1}),val,bf60e4f40d8034ef,True,hirise_clean,0,C:\Users\deves\OneDrive\Desktop\Projects\TCMD-SS\data\raw\hirise_v3_2\map-proj-v3_2\PSP_004118_1355_RED-0414.jpg
map-proj-v3_2/PSP_004118_1355_RED-0425.jpg,ok,,JPEG,227.0,227.0,L,1.0,1.0,normal,other,train,psp_004118_1355_red-0425,[],dff72885cf6a9e1f7bd73eb77b36b77a1ca6b73a5c0d42375cf6d754fa611178,d3af5090574c2531f581313791d98212f6e3ef567bacb09fb7bb8d6438f872ae,ae6c890aa1dd9756,161.56804905975275,18.2047911211056,991af6af3d381cde,[],0.0,psp_004118_1355,['train'],1.0,Counter({'train': 1}),val,bf60e4f40d8034ef,True,hirise_clean,0,C:\Users\deves\OneDrive\Desktop\Projects\TCMD-SS\data\raw\hirise_v3_2\map-proj-v3_2\PSP_004118_1355_RED-0425.jpg
map-proj-v3_2/PSP_004118_1355_RED-0428.jpg,ok,,JPEG,227.0,227.0,L,1.0,1.0,normal,other,train,psp_004118_1355_red-0428,[],adc933a9baaa1fd1c1ed65cb48ef70ca15a6cb6c42bd9cdf6cb875b732e34c8c,1a964d33db6a2419edbc657b54f614451b5ff84c6ae04692c5c95b3d157076c2,e7cf8fd22a4a2350,159.69283316190882,17.79355531612054,e00a294d12487b0f,[],0.0,psp_004118_1355,['train'],1.0,Counter({'train': 1}),val,bf60e4f40d8034ef,True,hirise_clean,0,C:\Users\deves\OneDrive\Desktop\Projects\TCMD-SS\data\raw\hirise_v3_2\map-proj-v3_2\PSP_004118_1355_RED-0428.jpg
map-proj-v3_2/PSP_004118_1355_RED-0431.jpg,ok,,JPEG,227.0,227.0,L,1.0,1.0,normal,other,train,psp_004118_1355_red-0431,[],2067917fcba69c6a5dd8e8baaa45a27e271a26e6598e235e29d92ae2bddf26c6,23ffe28757bc9f9e7553f448359ba9148f9efeb695a121f2281bda6fae46e29a,8e9cc1e67a7362a4,159.78355877272992,17.053162751133648,23759fe002933b8b,[],0.0,psp_004118_1355,['train'],1.0,Counter({'train': 1}),val,bf60e4f40d8034ef,True,hirise_clean,0,C:\Users\deves\OneDrive\Desktop\Projects\TCMD-SS\data\raw\hirise_v3_2\map-proj-v3_2\PSP_004118_1355_RED-0431.jpg
map-proj-v3_2/PSP_004118_1355_RED-0432.jpg,ok,,JPEG,227.0,227.0,L,1.0,1.0,normal,other,train,psp_004118_1355_red-0432,[],099bbb8cefed8db46a3f33893659322a757ea0e0c5e2f4a76c57642aa1a6d4c8,6ae293678c3618789a644b1895e767707d75796bf9dca18cabc8d3649a6c6179,9c40646f65e792bc,144.68627374876283,14.305364355632756,38ead5a80d5aee39,[],0.0,psp_004118_1355,['train'],1.0,Counter({'train': 1}),val,bf60e4f40d8034ef,True,hirise_clean,0,C:\Users\deves\OneDrive\Desktop\Projects\TCMD-SS\data\raw\hirise_v3_2\map-proj-v3_2\PSP_004118_1355_RED-0432.jpg
map-proj-v3_2/PSP_004118_1355_RED-0436.jpg,ok,,JPEG,227.0,227.0,L,1.0,1.0,normal,other,train,psp_004118_1355_red-0436,[],89816067a24ffad388a39dad5848e0bc98b1c1145ad74612f65b705443491d8d,60027a4fb9a88222778b1f04a63c48dec10b5c0d522c90361372288d288034ed,cdca4af4f6318ae0,161.62557006734073,17.608671658203047,e5fe73b5a15c2bd1,[],0.0,psp_004118_1355,['train'],1.0,Counter({'train': 1}),val,bf60e4f40d8034ef,True,hirise_clean,0,C:\Users\deves\OneDrive\Desktop\Projects\TCMD-SS\data\raw\hirise_v3_2\map-proj-v3_2\PSP_004118_1355_RED-0436.jpg
map-proj-v3_2/PSP_004118_1355_RED-0437.jpg,ok,,JPEG,227.0,227.0,L,1.0,1.0,normal,other,train,psp_004118_1355_red-0437,[],a6d3df3c192fab46e6bf47a9c21a05d4160b0f5823b5223585e0c3db7913fad4,02578a3364c2941e7cee705acc17a4d305b9a21b7094d5e91d3daa17b3f25e70,8559d3b45ad15da1,160.08049836014672,15.947109847862626,c828d3c5a56b00f3,[],0.0,psp_004118_1355,['train'],1.0,Counter({'train': 1}),val,bf60e4f40d8034ef,True,hirise_clean,0,C:\Users\deves\OneDrive\Desktop\Projects\TCMD-SS\data\raw\hirise_v3_2\map-proj-v3_2\PSP_004118_1355_RED-0437.jpg
map-proj-v3_2/PSP_004118_1355_RED-0439.jpg,ok,,JPEG,227.0,227.0,L,1.0,1.0,normal,other,train,psp_004118_1355_red-0439,[],86a5c461112741c717b49065cc21da427c3233d796b48a31d18bb931ce2d61a2,845b004fcadc47172b545630f2f5c1487190b15ba66b3c919ce4fe2b71d962ec,c4393b9481ee6667,155.94531234838635,13.667961480547977,7ba6be37a621ee4f,[],0.0,psp_004118_1355,['train'],1.0,Counter({'train': 1}),val,bf60e4f40d8034ef,True,hirise_clean,0,C:\Users\deves\OneDrive\Desktop\Projects\TCMD-SS\data\raw\hirise_v3_2\map-proj-v3_2\PSP_004118_1355_RED-0439.jpg
map-proj-v3_2/PSP_004118_1355_RED-0446.jpg,ok,,JPEG,227.0,227.0,L,1.0,1.0,normal,other,train,psp_004118_1355_red-0446,[],043c54ddceca23cd05c693d17eb9aeda3d92c408332cc07a4365167b0e9113f5,17cd2435f9b97d1b6f32d21cc35b7eeab42f3223489ba705fc5caa8940f8352c,a03597c9e5b211de,162.82345863494342,14.36806748237404,3bc7833c0334dcd1,[],0.0,psp_004118_1355,['train'],1.0,Counter({'train': 1}),val,bf60e4f40d8034ef,True,hirise_clean,0,C:\Users\deves\OneDrive\Desktop\Projects\TCMD-SS\data\raw\hirise_v3_2\map-proj-v3_2\PSP_004118_1355_RED-0446.jpg
map-proj-v3_2/PSP_004118_1355_RED-0447.jpg,ok,,JPEG,227.0,227.0,L,1.0,1.0,normal,other,train,psp_004118_1355_red-0447,[],5b33468c585a80ad3bd1d7967e8847c95eab909ba5ed546150ded885e54b68c0,ce7fc6e4e724d82e33cddffe362829661a7339bcbc73ce431db40d9b10024126,9055633a0e735d1f,165.9320382697122,14.923028266832896,c9420e0ea9b87370,[],0.0,psp_004118_1355,['train'],1.0,Counter({'train': 1}),val,bf60e4f40d8034ef,True,hirise_clean,0,C:\Users\deves\OneDrive\Desktop\Projects\TCMD-SS\data\raw\hirise_v3_2\map-proj-v3_2\PSP_004118_1355_RED-0447.jpg
map-proj-v3_2/PSP_004118_1355_RED-0451.jpg,ok,,JPEG,227.0,227.0,L,1.0,1.0,normal,crater,train,psp_004118_1355_red-0451,[],234435ba01b10709f4d9d733924fbb653959ee1ba00bbb1d7f7b653a8cfdcd98,0606a00604ed623c0b0d9077bf9abcc5cae60ef051cd040fd7d9b105e1f80cd1,b38dcc783384ce39,143.85893380426555,21.295403696383023,ff94793b6cedda72,[],1.0,psp_004118_1355,['train'],1.0,Counter({'train': 1}),val,bf60e4f40d8034ef,True,hirise_clean,0,C:\Users\deves\OneDrive\Desktop\Projects\TCMD-SS\data\raw\hirise_v3_2\map-proj-v3_2\PSP_004118_1355_RED-0451.jpg
map-proj-v3_2/PSP_004118_1355_RED-0457.jpg,ok,,JPEG,227.0,227.0,L,1.0,1.0,normal,other,train,psp_004118_1355_red-0457,[],5fe954cd4cdf0bdc82402035b4fe50eafa7be752fe7255ef8707a3854cd663a7,c3f4b1eed5b52ff1e9b8ecf00576f442c2a170e2e15b7a0d802cd75e01ef1e7e,807f000e3d377a7d,143.9622348580411,53.46668586231409,ca6bedea3e84b34b,[],0.0,psp_004118_1355,['train'],1.0,Counter({'train': 1}),val,bf60e4f40d8034ef,True,hirise_clean,0,C:\Users\deves\OneDrive\Desktop\Projects\TCMD-SS\data\raw\hirise_v3_2\map-proj-v3_2\PSP_004118_1355_RED-0457.jpg
map-proj-v3_2/PSP_005072_1375_RED-0010.jpg,ok,,JPEG,227.0,227.0,L,1.0,1.0,normal,other,train,psp_005072_1375_red-0010,[],ec6164129d044e94c521f091190b4d6c16bd25082602837296dae2c14cd47b54,f026deb91193ed1f7a91c8ea68036a19a02ec6203841f86b806d801520ef3495,dbb55a42a665aac8,73.36177686351375,17.35325538246811,69cf8e6531dd47a9,[],0.0,psp_005072_1375,['train'],1.0,Counter({'train': 1}),val,85807df842ffbed7,True,hirise_clean,0,C:\Users\deves\OneDrive\Desktop\Projects\TCMD-SS\data\raw\hirise_v3_2\map-proj-v3_2\PSP_005072_1375_RED-0010.jpg
map-proj-v3_2/PSP_005072_1375_RED-0013.jpg,ok,,JPEG,227.0,227.0,L,1.0,1.0,normal,other,train,psp_005072_1375_red-0013,[],9859bdd862f9ab79ea57ea521c7b9eaba54beb1e4839278d5abb332cf6054ae0,5a1353118adc8ad4fc010dc415d9c537bcb3d4792b796ec72932d500fcae2f34,f39206f78060e3bb,65.02059034718314,43.69580877153373,f20de7739f173564,[],0.0,psp_005072_1375,['train'],1.0,Counter({'train': 1}),val,85807df842ffbed7,True,hirise_clean,0,C:\Users\deves\OneDrive\Desktop\Projects\TCMD-SS\data\raw\hirise_v3_2\map-proj-v3_2\PSP_005072_1375_RED-0013.jpg
map-proj-v3_2/PSP_005072_1375_RED-0020.jpg,ok,,JPEG,227.0,227.0,L,1.0,1.0,normal,other,train,psp_005072_1375_red-0020,[],13b81f5e4f9fd8a9914e8dfb995ec673dcdff57d25d77a2b5316d31cb0d6951b,dfa7c6a3c92bd69a9b7c11457a635f13f1bc58140a547bd921d122259cf405f4,f1a04fb143be7087,86.84340856605019,23.250209673748437,bfaa08e0e0c573ee,[],0.0,psp_005072_1375,['train'],1.0,Counter({'train': 1}),val,85807df842ffbed7,True,hirise_clean,0,C:\Users\deves\OneDrive\Desktop\Projects\TCMD-SS\data\raw\hirise_v3_2\map-proj-v3_2\PSP_005072_1375_RED-0020.jpg
map-proj-v3_2/PSP_005072_1375_RED-0021.jpg,ok,,JPEG,227.0,227.0,L,1.0,1.0,normal,other,train,psp_005072_1375_red-0021,[],dd7244114d52c2dced3d176d9fa038a63c0f2a42a348e648cd9903ef30b0708b,54115b27be30147922a00904fc2a5c5b5530a9544baffb3e90c6f0e63502f14e,fe8c5b92649c38d1,86.80232490442275,29.99725723826617,38a3b00e2bc07e6a,[],0.0,psp_005072_1375,['train'],1.0,Counter({'train': 1}),val,85807df842ffbed7,True,hirise_clean,0,C:\Users\deves\OneDrive\Desktop\Projects\TCMD-SS\data\raw\hirise_v3_2\map-proj-v3_2\PSP_005072_1375_RED-0021.jpg
map-proj-v3_2/PSP_005072_1375_RED-0032.jpg,ok,,JPEG,227.0,227.0,L,1.0,1.0,normal,other,train,psp_005072_1375_red-0032,[],74733df8cebf7926c8e1816defeccd43b7bff9f0e5f52d52b2b5884d83f65016,06b073d3b664d47aea1b9023feeffcc388839583370ce38679b80e3842842df3,8e77ed58850926e9,92.34797880804985,16.29907571135484,d37c40f906ef2193,[],0.0,psp_005072_1375,['train'],1.0,Counter({'train': 1}),val,85807df842ffbed7,True,hirise_clean,0,C:\Users\deves\OneDrive\Desktop\Projects\TCMD-SS\data\raw\hirise_v3_2\map-proj-v3_2\PSP_005072_1375_RED-0032.jpg
map-proj-v3_2/PSP_005072_1375_RED-0039.jpg,ok,,JPEG,227.0,227.0,L,1.0,1.0,normal,other,train,psp_005072_1375_red-0039,[],a584d8429b4195d9f6cc2ea1fc6ac7fbc19885e3446b869187f22d01c9854704,b7c28f0140c83c7546c0442e8222f8f6d67aff1ffa738ac88f2d4edf9e408128,e24d65096e5ebd48,91.4647480059772,15.93040852065447,944c4beee73d7330,[],0.0,psp_005072_1375,['train'],1.0,Counter({'train': 1}),val,85807df842ffbed7,True,hirise_clean,0,C:\Users\deves\OneDrive\Desktop\Projects\TCMD-SS\data\raw\hirise_v3_2\map-proj-v3_2\PSP_005072_1375_RED-0039.jpg
map-proj-v3_2/PSP_005072_1375_RED-0043.jpg,ok,,JPEG,227.0,227.0,L,1.0,1.0,normal,other,train,psp_005072_1375_red-0043,[],417e5bb0e791a41caacd91c61fec1de226fdb48a023df4912da170cabd58ed9d,14e1ae61d19ccf10a00f7a58268d493b7dfd452a7ed8033550ede9ad1b4cff31,c08959aa5dba7396,86.31492945719886,24.49100047144321,bdaeb5b094135d92,[],0.0,psp_005072_1375,['train'],1.0,Counter({'train': 1}),val,85807df842ffbed7,True,hirise_clean,0,C:\Users\deves\OneDrive\Desktop\Projects\TCMD-SS\data\raw\hirise_v3_2\map-proj-v3_2\PSP_005072_1375_RED-0043.jpg
map-proj-v3_2/PSP_005072_1375_RED-0054.jpg,ok,,JPEG,227.0,227.0,L,1.0,1.0,normal,other,train,psp_005072_1375_red-0054,[],de7e80e7deda8823087076ca3cc233ab60f7ae953048a581e3cae306845737e6,e637bed896ba4daa184a636cbc1762da7a388082d06a5ecf065ab4cad58146a0,b265c31c3a7c25ea,80.6354868132508,18.691734480658123,a60f4bafdf650f61,[],0.0,psp_005072_1375,['train'],1.0,Counter({'train': 1}),val,85807df842ffbed7,True,hirise_clean,0,C:\Users\deves\OneDrive\Desktop\Projects\TCMD-SS\data\raw\hirise_v3_2\map-proj-v3_2\PSP_005072_1375_RED-0054.jpg
map-proj-v3_2/PSP_005072_1375_RED-0060.jpg,ok,,JPEG,227.0,227.0,L,1.0,1.0,normal,other,train,psp_005072_1375_red-0060,[],15131f2431fb2aad3a006d8fbca6f31181118f9bc832da1757ccad1fbf865a85,3f7bcec1f80cf2c140c9c0d1f0f339d21cf4e483f1d4ffdd994bf0422348879f,df64086bc7e8cb84,80.57711191756098,16.092345103099845,6e4f6d543fd9d2a0,[],0.0,psp_005072_1375,['train'],1.0,Counter({'train': 1}),val,85807df842ffbed7,True,hirise_clean,0,C:\Users\deves\OneDrive\Desktop\Projects\TCMD-SS\data\raw\hirise_v3_2\map-proj-v3_2\PSP_005072_1375_RED-0060.jpg
map-proj-v3_2/PSP_005072_1375_RED-0064.jpg,ok,,JPEG,227.0,227.0,L,1.0,1.0,normal,other,train,psp_005072_1375_red-0064,[],abda4ade5eaf4c1b9c0cf58b0241ca7798f618c371c737f82a44e598898bc5d7,43d00e75369e3de253e17e6028c5951d0d1818893fd48f9b27db9b981122aae9,80ff049eb8fd2a58,79.45527761066585,19.013173596025105,afd27a76e86684d4,[],0.0,psp_005072_1375,['train'],1.0,Counter({'train': 1}),val,85807df842ffbed7,True,hirise_clean,0,C:\Users\deves\OneDrive\Desktop\Projects\TCMD-SS\data\raw\hirise_v3_2\map-proj-v3_2\PSP_005072_1375_RED-0064.jpg
map-proj-v3_2/PSP_005072_1375_RED-0076.jpg,ok,,JPEG,227.0,227.0,L,1.0,1.0,normal,other,train,psp_005072_1375_red-0076,[],45f1f16c7f6bab190ccf87286e11292834196ca99dd7870685eb600071824c10,2804b43b01cc83eca02cae7f68cfac6257c85c68b1a4d9af9847d6a5c1f6c1d3,8815fd14e50f3db2,87.4907333734402,18.32708391416986,3b1c13d60b1270bd,[],0.0,psp_005072_1375,['train'],1.0,Counter({'train': 1}),val,85807df842ffbed7,True,hirise_clean,0,C:\Users\deves\OneDrive\Desktop\Projects\TCMD-SS\data\raw\hirise_v3_2\map-proj-v3_2\PSP_005072_1375_RED-0076.jpg
map-proj-v3_2/PSP_005072_1375_RED-0081.jpg,ok,,JPEG,227.0,227.0,L,1.0,1.0,normal,other,train,psp_005072_1375_red-0081,[],1920cb49ceb73975302026dbdf031358cf539ee86271127ac77736ba4cc558bb,2abc9dcff9d611419cd0292c252c9da962744fda2c92faef9e6dbdf8741a2e63,a320ef5e316ade18,84.52908071183217,18.54877747800567,fbd6571e81c68b08,[],0.0,psp_005072_1375,['train'],1.0,Counter({'train': 1}),val,85807df842ffbed7,True,hirise_clean,0,C:\Users\deves\OneDrive\Desktop\Projects\TCMD-SS\data\raw\hirise_v3_2\map-proj-v3_2\PSP_005072_1375_RED-0081.jpg
map-proj-v3_2/PSP_005072_1375_RED-0093.jpg,ok,,JPEG,227.0,227.0,L,1.0,1.0,normal,other,train,psp_005072_1375_red-0093,[],a83fa711abaa4a5fbf27dd44fc4f7cdf5272ab252900a6c3c0aebde105d457d8,d161049a83e533b3d11a2c60c4b69e0763f88a6c999d9ea09bc2418b10da0861,b1e0d8a654c77d31,82.01750470608783,18.440639245420893,3bb49f9caf3f4a0f,[],0.0,psp_005072_1375,['train'],1.0,Counter({'train': 1}),val,85807df842ffbed7,True,hirise_clean,0,C:\Users\deves\OneDrive\Desktop\Projects\TCMD-SS\data\raw\hirise_v3_2\map-proj-v3_2\PSP_005072_1375_RED-0093.jpg
map-proj-v3_2/PSP_005072_1375_RED-0099.jpg,ok,,JPEG,227.0,227.0,L,1.0,1.0,normal,other,train,psp_005072_1375_red-0099,[],3fd65d44880028a29175fdbfc441898c6ca5a5f01f0ce3702701e5658d0f3537,691245d6148a54b083be119d034d0807f936df3bdea5c54edce5128ce678bed1,979ac02223b3afea,95.57425915503892,19.6699454352844,80fe9e6e49e547ca,[],0.0,psp_005072_1375,['train'],1.0,Counter({'train': 1}),val,85807df842ffbed7,True,hirise_clean,0,C:\Users\deves\OneDrive\Desktop\Projects\TCMD-SS\data\raw\hirise_v3_2\map-proj-v3_2\PSP_005072_1375_RED-0099.jpg
map-proj-v3_2/PSP_005072_1375_RED-0106.jpg,ok,,JPEG,227.0,227.0,L,1.0,1.0,normal,other,train,psp_005072_1375_red-0106,[],4e98c53064bc84a9a66522fee3c4c592634ba8939415d042bddd7b82bb122b46,d0604aee24cf2e96e066ad969e6ea2fcc0aa93637ab0f3ea6c65656ee65680b8,be4288fba714e117,82.04952550990704,19.82040970269877,7f10e097891ca711,[],0.0,psp_005072_1375,['train'],1.0,Counter({'train': 1}),val,85807df842ffbed7,True,hirise_clean,0,C:\Users\deves\OneDrive\Desktop\Projects\TCMD-SS\data\raw\hirise_v3_2\map-proj-v3_2\PSP_005072_1375_RED-0106.jpg
map-proj-v3_2/PSP_005072_1375_RED-0107.jpg,ok,,JPEG,227.0,227.0,L,1.0,1.0,normal,other,train,psp_005072_1375_red-0107,[],3a458c9630ddd43ddf40f72f438724bbf93784c07e37b4e20a64935cd9285b6a,d48a60442b8eac920734d961d688298627b4803f6ba92f93e400a070034c2fb1,863d715539e049db,84.6492266490714,16.139269462381694,275ebcfcff8a7f30,[],0.0,psp_005072_1375,['train'],1.0,Counter({'train': 1}),val,85807df842ffbed7,True,hirise_clean,0,C:\Users\deves\OneDrive\Desktop\Projects\TCMD-SS\data\raw\hirise_v3_2\map-proj-v3_2\PSP_005072_1375_RED-0107.jpg
map-proj-v3_2/PSP_005072_1375_RED-0115.jpg,ok,,JPEG,227.0,227.0,L,1.0,1.0,normal,other,train,psp_005072_1375_red-0115,[],9f48064ac0c26447c7ebb9bcbb5446daf3c73c1d4feff0f2d0713fc14afc01c8,796096fa7433e53d07033a2ce6e24a1bc5cf56e8d1a3c9997e927ba987f2accb,95af79287c0c616b,92.98548390226864,19.030353202958175,c3d161975a3b40b5,[],0.0,psp_005072_1375,['train'],1.0,Counter({'train': 1}),val,85807df842ffbed7,True,hirise_clean,0,C:\Users\deves\OneDrive\Desktop\Projects\TCMD-SS\data\raw\hirise_v3_2\map-proj-v3_2\PSP_005072_1375_RED-0115.jpg
map-proj-v3_2/PSP_005072_1375_RED-0126.jpg,ok,,JPEG,227.0,227.0,L,1.0,1.0,normal,other,train,psp_005072_1375_red-0126,[],54ba201a48468540dfcf031924d76e2e7b6c3740dd0954fdc82c37a6c1285275,ad42fed2c2dd5faa7d945a146706e492a34327717717bfa7bf125d915fbf86fd,ab921e39365da3c2,96.67565836713308,17.84709012649488,280a89f3fc2e98d3,[],0.0,psp_005072_1375,['train'],1.0,Counter({'train': 1}),val,85807df842ffbed7,True,hirise_clean,0,C:\Users\deves\OneDrive\Desktop\Projects\TCMD-SS\data\raw\hirise_v3_2\map-proj-v3_2\PSP_005072_1375_RED-0126.jpg
map-proj-v3_2/PSP_005072_1375_RED-0132.jpg,ok,,JPEG,227.0,227.0,L,1.0,1.0,normal,other,train,psp_005072_1375_red-0132,[],314b19b83c8da7109dc090071025ea8034a721f0673498151ed4d56fea41aba9,7c0e80677f16318348db7e1cff63a3b93743d7ef99a92f4c9bcff760bbe45ee3,ad6814ff410f74d1,80.73211201459372,18.24073275474052,b02f396c78cb9b73,[],0.0,psp_005072_1375,['train'],1.0,Counter({'train': 1}),val,85807df842ffbed7,True,hirise_clean,0,C:\Users\deves\OneDrive\Desktop\Projects\TCMD-SS\data\raw\hirise_v3_2\map-proj-v3_2\PSP_005072_1375_RED-0132.jpg
map-proj-v3_2/PSP_005072_1375_RED-0137.jpg,ok,,JPEG,227.0,227.0,L,1.0,1.0,normal,other,train,psp_005072_1375_red-0137,[],aa91135768016f24a3e0ced09259b67cc958ca49fceac89c37469061aaaebf64,d065512e146b92fb64993be19dc15d93e9c31f34d5fb3cba3ebede3c91d413c3,92de270dbe4c3938,104.60759960410644,17.690076445119935,50241a1664b4c801,[],0.0,psp_005072_1375,['train'],1.0,Counter({'train': 1}),val,85807df842ffbed7,True,hirise_clean,0,C:\Users\deves\OneDrive\Desktop\Projects\TCMD-SS\data\raw\hirise_v3_2\map-proj-v3_2\PSP_005072_1375_RED-0137.jpg
map-proj-v3_2/PSP_005072_1375_RED-0142.jpg,ok,,JPEG,227.0,227.0,L,1.0,1.0,normal,other,train,psp_005072_1375_red-0142,[],0f2d86cc1b480e0b08127593a4d783c30684cb3596e11027669eb9164b04bb45,525f2dbf922dd7a465c1f76221e0879ff02be08190264fea75442f881a0e9104,a7e3113753776043,103.82887306177103,19.268771315148065,805569f11db2ffec,[],0.0,psp_005072_1375,['train'],1.0,Counter({'train': 1}),val,85807df842ffbed7,True,hirise_clean,0,C:\Users\deves\OneDrive\Desktop\Projects\TCMD-SS\data\raw\hirise_v3_2\map-proj-v3_2\PSP_005072_1375_RED-0142.jpg
map-proj-v3_2/PSP_005072_1375_RED-0157.jpg,ok,,JPEG,227.0,227.0,L,1.0,1.0,normal,other,train,psp_005072_1375_red-0157,[],b6057940c49b3f7e27a4c35a402599517e3fccedc1b3db0351b45f4505711f64,a7f6cb1d20e4d7a5bf1148b14c9c60a2ef358a255ae417301dfc04dbc5af1129,d3c586b64888bf0f,80.48013739835821,17.94939092577474,5eabb5ae0ea03645,[],0.0,psp_005072_1375,['train'],1.0,Counter({'train': 1}),val,85807df842ffbed7,True,hirise_clean,0,C:\Users\deves\OneDrive\Desktop\Projects\TCMD-SS\data\raw\hirise_v3_2\map-proj-v3_2\PSP_005072_1375_RED-0157.jpg
map-proj-v3_2/PSP_005072_1375_RED-0165.jpg,ok,,JPEG,227.0,227.0,L,1.0,1.0,normal,other,train,psp_005072_1375_red-0165,[],72fb14fbdcaeda24a68a321b5133ac539921056d394aa815f598d41533c39610,20b1b53b7e5fc82ed4cc308e3fc2cdb6771e01f148cdbe5c7615ce830a536b99,80ff93c4281bb6ea,82.05416367482388,22.154888783234465,eb284368c441f3b8,[],0.0,psp_005072_1375,['train'],1.0,Counter({'train': 1}),val,85807df842ffbed7,True,hirise_clean,0,C:\Users\deves\OneDrive\Desktop\Projects\TCMD-SS\data\raw\hirise_v3_2\map-proj-v3_2\PSP_005072_1375_RED-0165.jpg
map-proj-v3_2/PSP_005072_1375_RED-0171.jpg,ok,,JPEG,227.0,227.0,L,1.0,1.0,normal,other,train,psp_005072_1375_red-0171,[],f54001d305fbbd4d15cc3f7f78bb213162be3e4e1a4b512d8404d342b8bb47a0,c97c1c1592bd001c75392280a542c1bd9e543dc0c0b376fba4fc402043bebb39,f24e98ec4a576346,99.02656756389604,16.64531404428662,d9031230a6377c95,[],0.0,psp_005072_1375,['train'],1.0,Counter({'train': 1}),val,85807df842ffbed7,True,hirise_clean,0,C:\Users\deves\OneDrive\Desktop\Projects\TCMD-SS\data\raw\hirise_v3_2\map-proj-v3_2\PSP_005072_1375_RED-0171.jpg
map-proj-v3_2/PSP_005072_1375_RED-0176.jpg,ok,,JPEG,227.0,227.0,L,1.0,1.0,normal,other,train,psp_005072_1375_red-0176,[],21e05ed585e78956817c45444ce2826c8cb0ac25a5db60df83803f8fdd60a6f8,076341691fe7898ca01eba76306f1045d3805b684e19af0af93748ae65d592fc,b5f997a5660c9815,84.83483087193619,16.416702074381195,c4b098a3a83e1cad,[],0.0,psp_005072_1375,['train'],1.0,Counter({'train': 1}),val,85807df842ffbed7,True,hirise_clean,0,C:\Users\deves\OneDrive\Desktop\Projects\TCMD-SS\data\raw\hirise_v3_2\map-proj-v3_2\PSP_005072_1375_RED-0176.jpg
map-proj-v3_2/PSP_005072_1375_RED-0189.jpg,ok,,JPEG,227.0,227.0,L,1.0,1.0,normal,other,train,psp_005072_1375_red-0189,[],3db17f1ee11b5e9d9779a6b2c47e7ddc359374d6268a2c9e8f28b73fd9a8df2d,257ef6ac874be671ecb8a410373ccc4523d297e0bbdabde65c0c779b08b29b48,92686935970e7e5c,99.63632129480489,18.901901833819,bddd0c5905003dcb,[],0.0,psp_005072_1375,['train'],1.0,Counter({'train': 1}),val,85807df842ffbed7,True,hirise_clean,0,C:\Users\deves\OneDrive\Desktop\Projects\TCMD-SS\data\raw\hirise_v3_2\map-proj-v3_2\PSP_005072_1375_RED-0189.jpg
map-proj-v3_2/PSP_005072_1375_RED-0190.jpg,ok,,JPEG,227.0,227.0,L,1.0,1.0,normal,other,train,psp_005072_1375_red-0190,[],bb3e6f87bec551962d9b674ecf0d0015f0a76d053b13f293b797972282d90fe3,778d3fb661b366b22d9d71106561204ea6faddc10a9890dac32af3fcee655abe,a94959e6155c1b57,94.1713598168022,20.34436158829281,059de38411da6a0a,[],0.0,psp_005072_1375,['train'],1.0,Counter({'train': 1}),val,85807df842ffbed7,True,hirise_clean,0,C:\Users\deves\OneDrive\Desktop\Projects\TCMD-SS\data\raw\hirise_v3_2\map-proj-v3_2\PSP_005072_1375_RED-0190.jpg
map-proj-v3_2/PSP_005072_1375_RED-0192.jpg,ok,,JPEG,227.0,227.0,L,1.0,1.0,normal,other,train,psp_005072_1375_red-0192,[],34677d497cbcfb32a1c16eed487ff5f56c6ebe151c30a54946924a49b2ea61fc,539c7ce508581c429cda271b03b0e3a74873012b15f9feecb89496aba87997fc,97db4b8d286c48da,87.07005763744688,16.821407569045704,ba16cec4cc85d78d,[],0.0,psp_005072_1375,['train'],1.0,Counter({'train': 1}),val,85807df842ffbed7,True,hirise_clean,0,C:\Users\deves\OneDrive\Desktop\Projects\TCMD-SS\data\raw\hirise_v3_2\map-proj-v3_2\PSP_005072_1375_RED-0192.jpg
map-proj-v3_2/PSP_005072_1375_RED-0199.jpg,ok,,JPEG,227.0,227.0,L,1.0,1.0,normal,other,train,psp_005072_1375_red-0199,[],bd63cd64e338eab2d54fda20441fc88c44df05cc78f7b291343936f3b6e11a90,9f92a8595f88262c90c74ac33e5914d35b64e3bbc99f3942f744371d7802af79,c90e636a93a79b91,98.88598653185583,17.531514981897406,16c37b7521a4c373,[],0.0,psp_005072_1375,['train'],1.0,Counter({'train': 1}),val,85807df842ffbed7,True,hirise_clean,0,C:\Users\deves\OneDrive\Desktop\Projects\TCMD-SS\data\raw\hirise_v3_2\map-proj-v3_2\PSP_005072_1375_RED-0199.jpg
map-proj-v3_2/PSP_005072_1375_RED-0205.jpg,ok,,JPEG,227.0,227.0,L,1.0,1.0,normal,other,train,psp_005072_1375_red-0205,[],c0a92c1bc3852587f560449d223f2aec890eba7c58ca0e8f4439fa78a1786854,cfac35fea07dc261e841e88ff46b1bc09192eeb770618a6e480162e2fe539f87,964f38700c9be19f,90.9483009567428,16.63833804203764,f5b7d8dbd730a584,[],0.0,psp_005072_1375,['train'],1.0,Counter({'train': 1}),val,85807df842ffbed7,True,hirise_clean,0,C:\Users\deves\OneDrive\Desktop\Projects\TCMD-SS\data\raw\hirise_v3_2\map-proj-v3_2\PSP_005072_1375_RED-0205.jpg
map-proj-v3_2/PSP_005072_1375_RED-0211.jpg,ok,,JPEG,227.0,227.0,L,1.0,1.0,normal,other,train,psp_005072_1375_red-0211,[],81851c580e981973708c53569f706f0f5e6583377ba31d49522e8deb30601218,937b5ea9361cafdfa6c937acd4345d2f17335006b47060dd6490510cb8dc5a99,b567c6073ee44ca1,86.54458654349978,19.93463761575798,e2af947c66cf8252,[],0.0,psp_005072_1375,['train'],1.0,Counter({'train': 1}),val,85807df842ffbed7,True,hirise_clean,0,C:\Users\deves\OneDrive\Desktop\Projects\TCMD-SS\data\raw\hirise_v3_2\map-proj-v3_2\PSP_005072_1375_RED-0211.jpg
map-proj-v3_2/PSP_005072_1375_RED-0224.jpg,ok,,JPEG,227.0,227.0,L,1.0,1.0,normal,other,train,psp_005072_1375_red-0224,[],ee3acf319844f04970a3a88ea76a48550fde133f11b9926bb23c5b4db907b6d9,9e44e2f9e95a2c6ed88097da6eeb720e80d6eba7bc10ec9307b04cb1bbe1a153,81f8dd992eaa5c31,73.66424731704477,34.46362586199535,dfe01dd506beac32,[],0.0,psp_005072_1375,['train'],1.0,Counter({'train': 1}),val,85807df842ffbed7,True,hirise_clean,0,C:\Users\deves\OneDrive\Desktop\Projects\TCMD-SS\data\raw\hirise_v3_2\map-proj-v3_2\PSP_005072_1375_RED-0224.jpg
map-proj-v3_2/PSP_005072_1375_RED-0229.jpg,ok,,JPEG,227.0,227.0,L,1.0,1.0,normal,other,train,psp_005072_1375_red-0229,[],b67b2ec2e37e06144ca258d2dab02e7545dc4c9159c32ce37c89543980110154,739626dbb1110a5ea564ca6b126f2389d0a3ee3710f3f6647c9f42dcfaeee243,f6ae78cc0855a78c,84.94139222573696,19.27763723431488,b5f2de0bb13fabf6,[],0.0,psp_005072_1375,['train'],1.0,Counter({'train': 1}),val,85807df842ffbed7,True,hirise_clean,0,C:\Users\deves\OneDrive\Desktop\Projects\TCMD-SS\data\raw\hirise_v3_2\map-proj-v3_2\PSP_005072_1375_RED-0229.jpg
map-proj-v3_2/PSP_005072_1375_RED-0230.jpg,ok,,JPEG,227.0,227.0,L,1.0,1.0,normal,other,train,psp_005072_1375_red-0230,[],554879550d389ce3c52d24306f013ed9bc138301971fd64fdede991857f7602e,8535bed42436a879383f4e98af4b0c2c8ba00925afe06ec31ad0a82fb01a8b1b,a179d564e75007ce,83.80077238060122,20.66059228426041,c44d859ba80a8d27,[],0.0,psp_005072_1375,['train'],1.0,Counter({'train': 1}),val,85807df842ffbed7,True,hirise_clean,0,C:\Users\deves\OneDrive\Desktop\Projects\TCMD-SS\data\raw\hirise_v3_2\map-proj-v3_2\PSP_005072_1375_RED-0230.jpg
map-proj-v3_2/PSP_005072_1375_RED-0234.jpg,ok,,JPEG,227.0,227.0,L,1.0,1.0,normal,other,train,psp_005072_1375_red-0234,[],174f5391a9460020dc3f33ff2c8d0f69c9c649c9763253ec2374b48903dc11e5,910e83d5c224e203ae50df046c0aa67d7ed0b02c6f2888c43563d3ce7407c9da,9c69dd1bb0aa5155,77.18007335675057,17.874439485978122,6c09dc952b890661,[],0.0,psp_005072_1375,['train'],1.0,Counter({'train': 1}),val,85807df842ffbed7,True,hirise_clean,0,C:\Users\deves\OneDrive\Desktop\Projects\TCMD-SS\data\raw\hirise_v3_2\map-proj-v3_2\PSP_005072_1375_RED-0234.jpg
map-proj-v3_2/PSP_005072_1375_RED-0240.jpg,ok,,JPEG,227.0,227.0,L,1.0,1.0,normal,other,train,psp_005072_1375_red-0240,[],32f4647e153b5b4510af6de4dfc91fdf4dd08b6e141270b3084365a7ee27bdbb,deadaea5998e9214c149e7f2c6f9f11da17664ee7c0da6b0f46dc26b01f3b4d9,d54c438633668dfa,74.90405402782899,18.665251597769853,3b263ed887b29673,[],0.0,psp_005072_1375,['train'],1.0,Counter({'train': 1}),val,85807df842ffbed7,True,hirise_clean,0,C:\Users\deves\OneDrive\Desktop\Projects\TCMD-SS\data\raw\hirise_v3_2\map-proj-v3_2\PSP_005072_1375_RED-0240.jpg
map-proj-v3_2/PSP_005072_1375_RED-0243.jpg,ok,,JPEG,227.0,227.0,L,1.0,1.0,normal,other,train,psp_005072_1375_red-0243,[],2720dcde4c8647ab2e858246d6083e650290ac4b7e360877487f4281451199df,08dc71f2040c29c48a08ec84e69ffd48a025ca5af4c6389985d6bc52ef0d6697,ee8a316b5794c4ca,80.79904519784975,18.965152243320645,7d1f1d469265ec2d,[],0.0,psp_005072_1375,['train'],1.0,Counter({'train': 1}),val,85807df842ffbed7,True,hirise_clean,0,C:\Users\deves\OneDrive\Desktop\Projects\TCMD-SS\data\raw\hirise_v3_2\map-proj-v3_2\PSP_005072_1375_RED-0243.jpg
map-proj-v3_2/PSP_005072_1375_RED-0246.jpg,ok,,JPEG,227.0,227.0,L,1.0,1.0,normal,other,train,psp_005072_1375_red-0246,[],45b49afcbca83fbfcd452acd272f8b9f503d4211622a31923954a691d123319d,22bb93b8be78ed8e5331614497548006c09e753ce016756af0044be0507dd5d5,95155d91786c7574,87.60430049098566,22.01300458015381,192de816ec8689f0,[],0.0,psp_005072_1375,['train'],1.0,Counter({'train': 1}),val,85807df842ffbed7,True,hirise_clean,0,C:\Users\deves\OneDrive\Desktop\Projects\TCMD-SS\data\raw\hirise_v3_2\map-proj-v3_2\PSP_005072_1375_RED-0246.jpg
map-proj-v3_2/PSP_005072_1375_RED-0254.jpg,ok,,JPEG,227.0,227.0,L,1.0,1.0,normal,other,train,psp_005072_1375_red-0254,[],8b0ae587fd68e5b7bf8abd6c4549607eca57b0b43f768f9df8ca0fd9f1a1ae94,c4435977097e406437e3c3b30803eaea656e301ecf277aca85fbf3695c6e2d3a,ad05ce5ad535494b,67.76407459876962,17.52776626632638,1ed6fca3536454a2,[],0.0,psp_005072_1375,['train'],1.0,Counter({'train': 1}),val,85807df842ffbed7,True,hirise_clean,0,C:\Users\deves\OneDrive\Desktop\Projects\TCMD-SS\data\raw\hirise_v3_2\map-proj-v3_2\PSP_005072_1375_RED-0254.jpg
map-proj-v3_2/PSP_005072_1375_RED-0285.jpg,ok,,JPEG,227.0,227.0,L,1.0,1.0,normal,other,train,psp_005072_1375_red-0285,[],4ba98bb0f3866bcc19aea808e6fcb92d962f3f9b1546861564877f127e5e6244,ea3691e1bdcaa0ef1c04d8b5bcd77fe18215c6024e96d5a1e4208a735e96412e,a5135ac46b593a6d,100.38952822682371,18.7901391092814,4547fc8dfe8212b2,[],0.0,psp_005072_1375,['train'],1.0,Counter({'train': 1}),val,85807df842ffbed7,True,hirise_clean,0,C:\Users\deves\OneDrive\Desktop\Projects\TCMD-SS\data\raw\hirise_v3_2\map-proj-v3_2\PSP_005072_1375_RED-0285.jpg
map-proj-v3_2/PSP_005072_1375_RED-0288.jpg,ok,,JPEG,227.0,227.0,L,1.0,1.0,normal,other,train,psp_005072_1375_red-0288,[],4b75c956d42c74461fdbc7f64c725deaaa660fc11f79b61aa917f9e31e63be0e,14a889471c561c41c30456117ce53e8fac9766969df23a6d3af42c33abc3f9b6,9cc6a3a2d76351b1,62.80117991810437,49.51712299107864,7133c91953a78370,[],0.0,psp_005072_1375,['train'],1.0,Counter({'train': 1}),val,85807df842ffbed7,True,hirise_clean,0,C:\Users\deves\OneDrive\Desktop\Projects\TCMD-SS\data\raw\hirise_v3_2\map-proj-v3_2\PSP_005072_1375_RED-0288.jpg
map-proj-v3_2/PSP_005072_1375_RED-0299.jpg,ok,,JPEG,227.0,227.0,L,1.0,1.0,normal,other,train,psp_005072_1375_red-0299,[],1af75b33102f4e2f7dcaabcfa8f89a54f5d7b86fbe7d8096ddf1d6e085b1f062,5a70dd8bb71762c8e1d59364f160466796f7742246362876cb6c3aac1bbdc2ae,a650cd267733859d,98.92873915659143,18.82593556541909,5d9653bd962f8406,[],0.0,psp_005072_1375,['train'],1.0,Counter({'train': 1}),val,85807df842ffbed7,True,hirise_clean,0,C:\Users\deves\OneDrive\Desktop\Projects\TCMD-SS\data\raw\hirise_v3_2\map-proj-v3_2\PSP_005072_1375_RED-0299.jpg
map-proj-v3_2/PSP_005072_1375_RED-0319.jpg,ok,,JPEG,227.0,227.0,L,1.0,1.0,normal,other,train,psp_005072_1375_red-0319,[],a3c3d60abec85604fe25ccde4146ade74a4000cdb648238b00ad51022d4ba679,f7c20003d7b44b3a8629aa65bd858434de066be36dcb4e389048940c6044d6f6,a0b3c88d96b3ae69,100.51427351588426,17.849284035872152,f283cfe69a99e025,[],0.0,psp_005072_1375,['train'],1.0,Counter({'train': 1}),val,85807df842ffbed7,True,hirise_clean,0,C:\Users\deves\OneDrive\Desktop\Projects\TCMD-SS\data\raw\hirise_v3_2\map-proj-v3_2\PSP_005072_1375_RED-0319.jpg
map-proj-v3_2/PSP_005072_1375_RED-0328.jpg,ok,,JPEG,227.0,227.0,L,1.0,1.0,normal,other,train,psp_005072_1375_red-0328,[],c2f1c9c159f2b1187c9c292be051dd262614d3103a9286d93d339f1e958423bc,60ac9ce2899e3f4dd5abacc35b9c54ec8bb953cb2d11f611d3ccdeda219b82df,e3c396bfc490e059,84.85198626016418,19.355287234318205,f7e11a99431b58ee,[],0.0,psp_005072_1375,['train'],1.0,Counter({'train': 1}),val,85807df842ffbed7,True,hirise_clean,0,C:\Users\deves\OneDrive\Desktop\Projects\TCMD-SS\data\raw\hirise_v3_2\map-proj-v3_2\PSP_005072_1375_RED-0328.jpg
map-proj-v3_2/PSP_005072_1375_RED-0331.jpg,ok,,JPEG,227.0,227.0,L,1.0,1.0,normal,other,train,psp_005072_1375_red-0331,[],83870dce3c26cf1c9f66ade654cc0e3d6aa63a24abd85c3381ed2c8c637d1c62,dd6880e5563fc5368053012fe524b8cd3995539f87e7f8a54cc955aed589d003,835cab1abb39b815,100.687942711871,17.868230299493163,01d61d5136c50b87,[],0.0,psp_005072_1375,['train'],1.0,Counter({'train': 1}),val,85807df842ffbed7,True,hirise_clean,0,C:\Users\deves\OneDrive\Desktop\Projects\TCMD-SS\data\raw\hirise_v3_2\map-proj-v3_2\PSP_005072_1375_RED-0331.jpg
map-proj-v3_2/PSP_005072_1375_RED-0338.jpg,ok,,JPEG,227.0,227.0,L,1.0,1.0,normal,other,train,psp_005072_1375_red-0338,[],1c7107701a1a0caa2c8ceee4b174d1bb93422b2cb4d56e49b96860690746bba2,87d2d1b1dd02b7f853684b965ce9648a5e39aff48cee96320c500d8fc43a6633,93bac923c72d544b,99.18009276329832,17.70927561483641,1c741c64e058dd6c,[],0.0,psp_005072_1375,['train'],1.0,Counter({'train': 1}),val,85807df842ffbed7,True,hirise_clean,0,C:\Users\deves\OneDrive\Desktop\Projects\TCMD-SS\data\raw\hirise_v3_2\map-proj-v3_2\PSP_005072_1375_RED-0338.jpg
map-proj-v3_2/PSP_005072_1375_RED-0340.jpg,ok,,JPEG,227.0,227.0,L,1.0,1.0,normal,other,train,psp_005072_1375_red-0340,[],4a4f319b662ecd2dd7def3d883e711402cc7b59c53f88dc54dcb10a1d4a6ceea,2944f48c9e2ac6a19f82eccab86c5b7618d4a0afed19f9b192d7c30e083b2cb2,abb03c46a4eb3e49,99.18519668536165,16.68433311151377,9b86323b8a01f59c,[],0.0,psp_005072_1375,['train'],1.0,Counter({'train': 1}),val,85807df842ffbed7,True,hirise_clean,0,C:\Users\deves\OneDrive\Desktop\Projects\TCMD-SS\data\raw\hirise_v3_2\map-proj-v3_2\PSP_005072_1375_RED-0340.jpg
map-proj-v3_2/PSP_005072_1375_RED-0344.jpg,ok,,JPEG,227.0,227.0,L,1.0,1.0,normal,other,train,psp_005072_1375_red-0344,[],2b6c67ef0de90e4a941c10541ab239fbfc6b40a2881c1686478df95bf6ef1278,1805e130c6d19a802120431b80d6ba51b41ed8cd5933bb5cc980d61dfc3c05e3,990548378c7d67da,99.45880960235984,16.21624667188334,f42234935259f943,[],0.0,psp_005072_1375,['train'],1.0,Counter({'train': 1}),val,85807df842ffbed7,True,hirise_clean,0,C:\Users\deves\OneDrive\Desktop\Projects\TCMD-SS\data\raw\hirise_v3_2\map-proj-v3_2\PSP_005072_1375_RED-0344.jpg
map-proj-v3_2/PSP_005072_1375_RED-0349.jpg,ok,,JPEG,227.0,227.0,L,1.0,1.0,normal,other,train,psp_005072_1375_red-0349,[],4d060560a653618a96cd5ad4c6584e313fad363e30093967f4efb13ba4a5e6af,19942aa90fe19a77d47df9002464e76eb9394cf73b103ae1e31303ebbd71acd1,80f8bf5cd5a95854,84.85955481379418,30.18569020498265,a96ac7b44a01774e,[],0.0,psp_005072_1375,['train'],1.0,Counter({'train': 1}),val,85807df842ffbed7,True,hirise_clean,0,C:\Users\deves\OneDrive\Desktop\Projects\TCMD-SS\data\raw\hirise_v3_2\map-proj-v3_2\PSP_005072_1375_RED-0349.jpg
map-proj-v3_2/PSP_005072_1375_RED-0352.jpg,ok,,JPEG,227.0,227.0,L,1.0,1.0,normal,other,train,psp_005072_1375_red-0352,[],efa5a3e16b305bc6f4783e6db3528db10c855d8366e0549bed63e035a7acf391,a34895d84b63788141cf0c169bf590a836f17820f765bec3d7b5953631f66a0f,f62932d8864c99be,95.78113295425877,15.660088224605625,2ea3b93609fa002e,[],0.0,psp_005072_1375,['train'],1.0,Counter({'train': 1}),val,85807df842ffbed7,True,hirise_clean,0,C:\Users\deves\OneDrive\Desktop\Projects\TCMD-SS\data\raw\hirise_v3_2\map-proj-v3_2\PSP_005072_1375_RED-0352.jpg
map-proj-v3_2/PSP_005072_1375_RED-0353.jpg,ok,,JPEG,227.0,227.0,L,1.0,1.0,normal,other,train,psp_005072_1375_red-0353,[],9a9dfb636590530b58c705c2bdfe554897eb2064aa06d9b141926525d2977c2c,bff9d6d94109e33c58086d6f73838a8bec3c4d7638be2d86cf63fe94faada399,da69356ec8932f30,62.2974441576588,39.29896468985135,392503dfb13a14ef,[],0.0,psp_005072_1375,['train'],1.0,Counter({'train': 1}),val,85807df842ffbed7,True,hirise_clean,0,C:\Users\deves\OneDrive\Desktop\Projects\TCMD-SS\data\raw\hirise_v3_2\map-proj-v3_2\PSP_005072_1375_RED-0353.jpg
map-proj-v3_2/PSP_005072_1375_RED-0357.jpg,ok,,JPEG,227.0,227.0,L,1.0,1.0,normal,other,train,psp_005072_1375_red-0357,[],d1a6d5803246f856a4c65fdf29d42dae09e890900d39d5149e1df36b7efc50d0,890ab13c4effd93920f7793702c5c2f080087ab897d58aa04a12d3793f01e35c,bc3f68d0b362ae18,109.12138795629646,14.73407254217225,611908f1e33032a0,[],0.0,psp_005072_1375,['train'],1.0,Counter({'train': 1}),val,85807df842ffbed7,True,hirise_clean,0,C:\Users\deves\OneDrive\Desktop\Projects\TCMD-SS\data\raw\hirise_v3_2\map-proj-v3_2\PSP_005072_1375_RED-0357.jpg
map-proj-v3_2/PSP_005072_1375_RED-0359.jpg,ok,,JPEG,227.0,227.0,L,1.0,1.0,normal,other,train,psp_005072_1375_red-0359,[],b5ac79557c481e27cabe6013b61a54bb09cf908a7d445526c7644c72618567f1,828d49c268f16320de214f53460c441d50474cb43039d1c03cbb36b90c326052,f1551d37a4d86075,92.90665450523008,19.907527984189983,f9ce15ee665d4501,[],0.0,psp_005072_1375,['train'],1.0,Counter({'train': 1}),val,85807df842ffbed7,True,hirise_clean,0,C:\Users\deves\OneDrive\Desktop\Projects\TCMD-SS\data\raw\hirise_v3_2\map-proj-v3_2\PSP_005072_1375_RED-0359.jpg
map-proj-v3_2/PSP_005072_1375_RED-0362.jpg,ok,,JPEG,227.0,227.0,L,1.0,1.0,normal,other,train,psp_005072_1375_red-0362,[],ff20addc5d8ea82aabd34bab676b816c9319d84181908abe54b860e86dbf202e,7ef05b4e70a557ee575c7c14120d88aaf255342984bab85cb8ce32e2157668c6,b33267dcf2560c19,107.91422305886006,14.433515071243338,f6335134930732a4,[],0.0,psp_005072_1375,['train'],1.0,Counter({'train': 1}),val,85807df842ffbed7,True,hirise_clean,0,C:\Users\deves\OneDrive\Desktop\Projects\TCMD-SS\data\raw\hirise_v3_2\map-proj-v3_2\PSP_005072_1375_RED-0362.jpg
map-proj-v3_2/PSP_005072_1375_RED-0369.jpg,ok,,JPEG,227.0,227.0,L,1.0,1.0,normal,other,train,psp_005072_1375_red-0369,[],d5ec150567eed1340e87efffddfd0c03803706bc73ee3c5962a9d1b49f7e8330,7aaf00c5d1db599deeb7a56dd576e020da40c107829df5f07f82aebc982a1c92,a84374d1a326fcf1,110.08653379650292,14.384842588074218,cd0927c3bf96a4d4,[],0.0,psp_005072_1375,['train'],1.0,Counter({'train': 1}),val,85807df842ffbed7,True,hirise_clean,0,C:\Users\deves\OneDrive\Desktop\Projects\TCMD-SS\data\raw\hirise_v3_2\map-proj-v3_2\PSP_005072_1375_RED-0369.jpg
map-proj-v3_2/PSP_005072_1375_RED-0378.jpg,ok,,JPEG,227.0,227.0,L,1.0,1.0,normal,other,train,psp_005072_1375_red-0378,[],bba1ee11ab5e346ffbfb4240aa57c768e99f788dbabccf23b0a00b5b8a64d629,940dc7b8722be2bbc157c74499e9616e7d6f0a2856a6088df0b44a28786781f0,dac93d72659a44e4,70.75213957189156,44.13511271713681,b0a731ed131a41ff,[],0.0,psp_005072_1375,['train'],1.0,Counter({'train': 1}),val,85807df842ffbed7,True,hirise_clean,0,C:\Users\deves\OneDrive\Desktop\Projects\TCMD-SS\data\raw\hirise_v3_2\map-proj-v3_2\PSP_005072_1375_RED-0378.jpg
map-proj-v3_2/PSP_005072_1375_RED-0387.jpg,ok,,JPEG,227.0,227.0,L,1.0,1.0,normal,other,train,psp_005072_1375_red-0387,[],42a42d6278c8911d05feadc7c08156b4c261987bab478e54999e5f03d1062cd2,33c400b3591980880855097d328bf10008a7243035b02ff1ca52e3de7bc47824,8eb971a64845abab,87.15631974228104,12.814828690035004,e6261f496955a4ae,[],0.0,psp_005072_1375,['train'],1.0,Counter({'train': 1}),val,85807df842ffbed7,True,hirise_clean,0,C:\Users\deves\OneDrive\Desktop\Projects\TCMD-SS\data\raw\hirise_v3_2\map-proj-v3_2\PSP_005072_1375_RED-0387.jpg
map-proj-v3_2/PSP_005072_1375_RED-0390.jpg,ok,,JPEG,227.0,227.0,L,1.0,1.0,normal,other,train,psp_005072_1375_red-0390,[],bda9ce1f6648e08ae9c634bcd091255e1fa2e087bf6a5e52eec4eb57fa247dc5,1a7b9a7333dfd13dbe75404c742c70fd66896d44d16b03681da98a80a45a96ae,a78c3199b3f22467,120.19602553901686,13.265867898554966,c9477b26e6a620a0,[],0.0,psp_005072_1375,['train'],1.0,Counter({'train': 1}),val,85807df842ffbed7,True,hirise_clean,0,C:\Users\deves\OneDrive\Desktop\Projects\TCMD-SS\data\raw\hirise_v3_2\map-proj-v3_2\PSP_005072_1375_RED-0390.jpg
map-proj-v3_2/PSP_005072_1375_RED-0393.jpg,ok,,JPEG,227.0,227.0,L,1.0,1.0,normal,other,train,psp_005072_1375_red-0393,[],f9eb5e6d778b08504c7d09b0f2e2cad64ae9ace27f9cfb6a8202326e1e1e314d,cbae875238c17f702cb858d493f391a2155b9cd02ae1a422bf3a9823c108c763,ae891bb27227ec34,87.6417939412758,12.057424228368312,045c3633aa7a55d0,[],0.0,psp_005072_1375,['train'],1.0,Counter({'train': 1}),val,85807df842ffbed7,True,hirise_clean,0,C:\Users\deves\OneDrive\Desktop\Projects\TCMD-SS\data\raw\hirise_v3_2\map-proj-v3_2\PSP_005072_1375_RED-0393.jpg
map-proj-v3_2/PSP_005072_1375_RED-0394.jpg,ok,,JPEG,227.0,227.0,L,1.0,1.0,normal,other,train,psp_005072_1375_red-0394,[],25d34023c7d9e49ef9e6fc4dcf46445e5da6624f0f41f69d56a2a97d72a013c3,1508a40e94868996a9af7819e1f351b768df415585cbdce7b3bdd8cb5576bb14,eac913e68e39e306,93.18044208115818,12.737518286228816,67f260812c96e57b,[],0.0,psp_005072_1375,['train'],1.0,Counter({'train': 1}),val,85807df842ffbed7,True,hirise_clean,0,C:\Users\deves\OneDrive\Desktop\Projects\TCMD-SS\data\raw\hirise_v3_2\map-proj-v3_2\PSP_005072_1375_RED-0394.jpg
map-proj-v3_2/PSP_005072_1375_RED-0396.jpg,ok,,JPEG,227.0,227.0,L,1.0,1.0,normal,other,train,psp_005072_1375_red-0396,[],d31711e1816089d180585e261f9d0a3d44c233f2a7264928ab19d7e36c6f9f23,780fdf1ff3de7b91007e2ad0893db7b70bcda38a691dc78c2360da849db583a4,972d5865cad96265,114.38308525296436,14.905071283823789,a3f292774707ffbb,[],0.0,psp_005072_1375,['train'],1.0,Counter({'train': 1}),val,85807df842ffbed7,True,hirise_clean,0,C:\Users\deves\OneDrive\Desktop\Projects\TCMD-SS\data\raw\hirise_v3_2\map-proj-v3_2\PSP_005072_1375_RED-0396.jpg
map-proj-v3_2/PSP_005072_1375_RED-0398.jpg,ok,,JPEG,227.0,227.0,L,1.0,1.0,normal,other,train,psp_005072_1375_red-0398,[],1a878e656bb0047c741c1758049b45178e15c5f3b4a67445503474ed4564876b,19fe15a37a77e35f9be47bb03c497eb67e578a8d7198d4aa2794812a21e83f12,e8d397ec38c29634,112.55978187040309,16.255021954708337,597f5b2d1801fa1e,[],0.0,psp_005072_1375,['train'],1.0,Counter({'train': 1}),val,85807df842ffbed7,True,hirise_clean,0,C:\Users\deves\OneDrive\Desktop\Projects\TCMD-SS\data\raw\hirise_v3_2\map-proj-v3_2\PSP_005072_1375_RED-0398.jpg
map-proj-v3_2/PSP_005072_1375_RED-0404.jpg,ok,,JPEG,227.0,227.0,L,1.0,1.0,normal,other,train,psp_005072_1375_red-0404,[],b8ff468700363d9ea71df190a52037a8521366682c96b5616dfdacd60a2b1bf9,7568f4e1e6a2bc474ea9a1e624948f4899088e611d7e7ac24c5aa589e697482f,d69e99b0274a2d2d,114.81261037474044,16.237816482376047,9a71312572d965ff,[],0.0,psp_005072_1375,['train'],1.0,Counter({'train': 1}),val,85807df842ffbed7,True,hirise_clean,0,C:\Users\deves\OneDrive\Desktop\Projects\TCMD-SS\data\raw\hirise_v3_2\map-proj-v3_2\PSP_005072_1375_RED-0404.jpg
map-proj-v3_2/PSP_005072_1375_RED-0407.jpg,ok,,JPEG,227.0,227.0,L,1.0,1.0,normal,other,train,psp_005072_1375_red-0407,[],2b76a9d584d8efce25983ea05fb50588f88acf520a5b3d7ba49ebcef74049ba9,e71ea9f5b054498de592e64780341e7e2a94003e3da2e47dcdd8e256b2cb5bc5,8c3a51aa45f9c65d,108.38036833627666,15.084833099925357,a408aa2a808f487b,[],0.0,psp_005072_1375,['train'],1.0,Counter({'train': 1}),val,85807df842ffbed7,True,hirise_clean,0,C:\Users\deves\OneDrive\Desktop\Projects\TCMD-SS\data\raw\hirise_v3_2\map-proj-v3_2\PSP_005072_1375_RED-0407.jpg
map-proj-v3_2/PSP_005072_1375_RED-0416.jpg,ok,,JPEG,227.0,227.0,L,1.0,1.0,normal,other,train,psp_005072_1375_red-0416,[],6eccffce21615bfcb2b1a79c99901cdb905848bd082689507183f7caac2fe8e5,2ac7e1e85f98fded2be74ac0c099283f61deccd8b5640e3246f658bc1d4b2c89,8956938c8c9db47d,103.26606376991596,15.135124183245916,66e110b84be06bb8,[],0.0,psp_005072_1375,['train'],1.0,Counter({'train': 1}),val,85807df842ffbed7,True,hirise_clean,0,C:\Users\deves\OneDrive\Desktop\Projects\TCMD-SS\data\raw\hirise_v3_2\map-proj-v3_2\PSP_005072_1375_RED-0416.jpg
map-proj-v3_2/PSP_005072_1375_RED-0424.jpg,ok,,JPEG,227.0,227.0,L,1.0,1.0,normal,other,train,psp_005072_1375_red-0424,[],b3641c34c493397277b7bb63ee8b4f348493f92b5f6b00f704ed0c1826f1370f,a59946afceaaf22b643b68314917325317f230329bfe77535a053a2276d568bd,a071a323647fc65d,79.79269925672922,24.2121701594003,c253507eab82f2a5,[],0.0,psp_005072_1375,['train'],1.0,Counter({'train': 1}),val,85807df842ffbed7,True,hirise_clean,0,C:\Users\deves\OneDrive\Desktop\Projects\TCMD-SS\data\raw\hirise_v3_2\map-proj-v3_2\PSP_005072_1375_RED-0424.jpg
map-proj-v3_2/PSP_005072_1375_RED-0431.jpg,ok,,JPEG,227.0,227.0,L,1.0,1.0,normal,other,train,psp_005072_1375_red-0431,[],b2b559b2745eba724acae82cacad4f7376f97c090eb3b2816f5b14e51ca0279a,d831b360cfd9eda5df4ecb012bf60d314992397514ce65e1e6011530c33ba8cf,af078c9f863e3503,113.21032816472278,13.248103442395346,a824eeffa607abbe,[],0.0,psp_005072_1375,['train'],1.0,Counter({'train': 1}),val,85807df842ffbed7,True,hirise_clean,0,C:\Users\deves\OneDrive\Desktop\Projects\TCMD-SS\data\raw\hirise_v3_2\map-proj-v3_2\PSP_005072_1375_RED-0431.jpg
map-proj-v3_2/PSP_005072_1375_RED-0440.jpg,ok,,JPEG,227.0,227.0,L,1.0,1.0,normal,other,train,psp_005072_1375_red-0440,[],c9b55dbdabea3e77df87b8c51a4d1f9638caa2be97bdbf9e92cc3d59722b107c,5ce82a8efd2543e86559c2473c3c1b4d01e9426f896d404ecdbdafafeb33e6db,d5d45a73e24c1b43,105.79487279007937,32.43989924342583,f3f5ea1a9a7bf3f7,[],0.0,psp_005072_1375,['train'],1.0,Counter({'train': 1}),val,85807df842ffbed7,True,hirise_clean,0,C:\Users\deves\OneDrive\Desktop\Projects\TCMD-SS\data\raw\hirise_v3_2\map-proj-v3_2\PSP_005072_1375_RED-0440.jpg
map-proj-v3_2/PSP_005072_1375_RED-0442.jpg,ok,,JPEG,227.0,227.0,L,1.0,1.0,normal,other,train,psp_005072_1375_red-0442,[],47cc5752376f7cf197f96642a77b893679fa4e9f9c59ecf87035562dd52be318,827840e224b549c33569330095a7a349396f756403f5837b36b09c2ccd8ba26a,cef9b100385bd6cc,124.12761745813036,17.11803965073464,41bc03360b7a8cc9,[],0.0,psp_005072_1375,['train'],1.0,Counter({'train': 1}),val,85807df842ffbed7,True,hirise_clean,0,C:\Users\deves\OneDrive\Desktop\Projects\TCMD-SS\data\raw\hirise_v3_2\map-proj-v3_2\PSP_005072_1375_RED-0442.jpg
map-proj-v3_2/PSP_005072_1375_RED-0443.jpg,ok,,JPEG,227.0,227.0,L,1.0,1.0,normal,other,train,psp_005072_1375_red-0443,[],403a39ebff730b8d4191e928eb89e8fcb26008f454f143c7102a870c6e874701,e80bf746b6f72950589ed2ba9ba64fc19780e3d667aed101e90604c2ca1d7400,996c32d5c8f055ce,143.60845349220827,16.697210423032267,088309729138587b,[],0.0,psp_005072_1375,['train'],1.0,Counter({'train': 1}),val,85807df842ffbed7,True,hirise_clean,0,C:\Users\deves\OneDrive\Desktop\Projects\TCMD-SS\data\raw\hirise_v3_2\map-proj-v3_2\PSP_005072_1375_RED-0443.jpg
map-proj-v3_2/PSP_005072_1375_RED-0452.jpg,ok,,JPEG,227.0,227.0,L,1.0,1.0,normal,other,train,psp_005072_1375_red-0452,[],7ce6de88247b3216fb2d95e54ef8570d23251690477286fa45c76a43f6b500f5,1686c111469f11b610b6b038778ec788babcc9c93b1a90c709ce889de0c248f8,d4da331ce1c30f3c,98.00601602980846,49.77352503751281,bfd8a513885e5378,[],0.0,psp_005072_1375,['train'],1.0,Counter({'train': 1}),val,85807df842ffbed7,True,hirise_clean,0,C:\Users\deves\OneDrive\Desktop\Projects\TCMD-SS\data\raw\hirise_v3_2\map-proj-v3_2\PSP_005072_1375_RED-0452.jpg
map-proj-v3_2/PSP_005072_1375_RED-0464.jpg,ok,,JPEG,227.0,227.0,L,1.0,1.0,normal,other,train,psp_005072_1375_red-0464,[],6aadf676ca1461fd61e413223daee17996d5907e64893ec17b4a849435e1626f,5596d589d4af063ad9fbb2976dc37b4b6d4ea6a5c27fd0693be858d72661fccd,c199363467ccbba4,128.665237050981,13.806758699606384,78b16da20e948d1b,[],0.0,psp_005072_1375,['train'],1.0,Counter({'train': 1}),val,85807df842ffbed7,True,hirise_clean,0,C:\Users\deves\OneDrive\Desktop\Projects\TCMD-SS\data\raw\hirise_v3_2\map-proj-v3_2\PSP_005072_1375_RED-0464.jpg
map-proj-v3_2/PSP_005072_1375_RED-0466.jpg,ok,,JPEG,227.0,227.0,L,1.0,1.0,normal,other,train,psp_005072_1375_red-0466,[],8ceaa0b715a56a31792ad75db385dcf4b1c51a51f1519d604afeb60136acbdbf,ed0a7447a15b9aa1f41f23461eac9ee3f086a7fa837b09e5bc487454ec71b656,e5f4b0847e3f88d0,127.13019852898368,15.22520718814837,bc4d37de09070d6d,[],0.0,psp_005072_1375,['train'],1.0,Counter({'train': 1}),val,85807df842ffbed7,True,hirise_clean,0,C:\Users\deves\OneDrive\Desktop\Projects\TCMD-SS\data\raw\hirise_v3_2\map-proj-v3_2\PSP_005072_1375_RED-0466.jpg
map-proj-v3_2/PSP_005072_1375_RED-0470.jpg,ok,,JPEG,227.0,227.0,L,1.0,1.0,normal,other,train,psp_005072_1375_red-0470,[],ad9d363783b091483b16436599fbc89e5b1a43ff7a01c195185d9a74ae98817f,88266ad1568443a5cef49471f1f198bc1c07d7bcc3daabe1049cd465b76ec826,be46de8813b30e6c,130.03225368239245,13.678815173828456,af5ab5ac9ff826c3,[],0.0,psp_005072_1375,['train'],1.0,Counter({'train': 1}),val,85807df842ffbed7,True,hirise_clean,0,C:\Users\deves\OneDrive\Desktop\Projects\TCMD-SS\data\raw\hirise_v3_2\map-proj-v3_2\PSP_005072_1375_RED-0470.jpg
map-proj-v3_2/PSP_005072_1375_RED-0471.jpg,ok,,JPEG,227.0,227.0,L,1.0,1.0,normal,other,train,psp_005072_1375_red-0471,[],37f1e1b5e5591b80baada8a359be1b3003537d3770dced3641a008c442949962,6b1f47f3075c2e6aea89cd21c7dd92f1bb6ef744784527a63a17f01151d5a7ee,80e85fb163d655a3,107.1177589318636,40.18629728849365,762dff529cfa8266,[],0.0,psp_005072_1375,['train'],1.0,Counter({'train': 1}),val,85807df842ffbed7,True,hirise_clean,0,C:\Users\deves\OneDrive\Desktop\Projects\TCMD-SS\data\raw\hirise_v3_2\map-proj-v3_2\PSP_005072_1375_RED-0471.jpg
map-proj-v3_2/PSP_005072_1375_RED-0475.jpg,ok,,JPEG,227.0,227.0,L,1.0,1.0,normal,other,train,psp_005072_1375_red-0475,[],7c663e682be9bc7a9a99a4873bd5a1798c80cfb182b36e974b456a9e7db188ff,6be0e6a1c74c277f27b53128aa4e3a1c1d8145e0403c34d4998d3b46db3b5089,f6e55807b2a5845e,126.60769663684528,12.931260595257692,9b0823266a99fe43,[],0.0,psp_005072_1375,['train'],1.0,Counter({'train': 1}),val,85807df842ffbed7,True,hirise_clean,0,C:\Users\deves\OneDrive\Desktop\Projects\TCMD-SS\data\raw\hirise_v3_2\map-proj-v3_2\PSP_005072_1375_RED-0475.jpg
map-proj-v3_2/PSP_005072_1375_RED-0477.jpg,ok,,JPEG,227.0,227.0,L,1.0,1.0,normal,other,train,psp_005072_1375_red-0477,[],a20514ef73162d7095afc1f6fd89c805fd7577a42849444f65c9f01e4606c5cf,15245044db34bd036ac2365e57c7442100c19c9e7d7a8943259d95b572f2edb0,afda9566c3079832,124.26264821750858,23.307898920528736,e33a4c9666fff458,[],0.0,psp_005072_1375,['train'],1.0,Counter({'train': 1}),val,85807df842ffbed7,True,hirise_clean,0,C:\Users\deves\OneDrive\Desktop\Projects\TCMD-SS\data\raw\hirise_v3_2\map-proj-v3_2\PSP_005072_1375_RED-0477.jpg
map-proj-v3_2/PSP_005072_1375_RED-0478.jpg,ok,,JPEG,227.0,227.0,L,1.0,1.0,normal,other,train,psp_005072_1375_red-0478,[],cdfd9c1ce7eec035812f28cc61bd220601ee14feff64dfe80644dd276e0b53c8,e8f88b62e15d67719793fbce0d47fd1a920be4d71aa6ff5ecd02fa62a9cccba6,b32e6fcf98059d08,132.62655980127695,19.644425425425265,60919385c316cd63,[],0.0,psp_005072_1375,['train'],1.0,Counter({'train': 1}),val,85807df842ffbed7,True,hirise_clean,0,C:\Users\deves\OneDrive\Desktop\Projects\TCMD-SS\data\raw\hirise_v3_2\map-proj-v3_2\PSP_005072_1375_RED-0478.jpg
map-proj-v3_2/PSP_005072_1375_RED-0482.jpg,ok,,JPEG,227.0,227.0,L,1.0,1.0,normal,other,train,psp_005072_1375_red-0482,[],f444db2daf0f461c84ec1b96c2f170018f75a2ccbcc37bc008b129213b5b5cca,262df0dcf2b338d43a9815a35941770e4e0a2d315c421f6c7ce1c04df70b24be,d55a6ac68e784b86,117.13276019328922,46.64773388938875,b00a7cfa66fd95f9,[],0.0,psp_005072_1375,['train'],1.0,Counter({'train': 1}),val,85807df842ffbed7,True,hirise_clean,0,C:\Users\deves\OneDrive\Desktop\Projects\TCMD-SS\data\raw\hirise_v3_2\map-proj-v3_2\PSP_005072_1375_RED-0482.jpg
map-proj-v3_2/PSP_005072_1375_RED-0483.jpg,ok,,JPEG,227.0,227.0,L,1.0,1.0,normal,other,train,psp_005072_1375_red-0483,[],3c95279ec16bbb4e31d84da1f589dc56360547b56df5493eb61dcc3d16acf9a7,a0329b2dcbab4f252ed42b11d75dc91e023325759b63a7fa1fa99d33256c8267,c250be69e9465747,125.82895068796212,15.284455933012126,2846e53fc6d2183b,[],0.0,psp_005072_1375,['train'],1.0,Counter({'train': 1}),val,85807df842ffbed7,True,hirise_clean,0,C:\Users\deves\OneDrive\Desktop\Projects\TCMD-SS\data\raw\hirise_v3_2\map-proj-v3_2\PSP_005072_1375_RED-0483.jpg
map-proj-v3_2/PSP_005072_1375_RED-0487.jpg,ok,,JPEG,227.0,227.0,L,1.0,1.0,normal,other,train,psp_005072_1375_red-0487,[],7b72a2262605367d4b348908a0741feb68c9c12dcadd7805cf027d81b858b431,9735837e1617dfc57dc5ae618ef20b11986ef06898256a42ca0c80f93a1180d2,b630485df7dc9186,87.73989404024918,53.92627393424869,dbf8caaddd91473d,[],0.0,psp_005072_1375,['train'],1.0,Counter({'train': 1}),val,85807df842ffbed7,True,hirise_clean,0,C:\Users\deves\OneDrive\Desktop\Projects\TCMD-SS\data\raw\hirise_v3_2\map-proj-v3_2\PSP_005072_1375_RED-0487.jpg
map-proj-v3_2/PSP_005072_1375_RED-0489.jpg,ok,,JPEG,227.0,227.0,L,1.0,1.0,normal,other,train,psp_005072_1375_red-0489,[],af0631aec9a183814c2691a808a85ba2e93ffdbd0cf1f8cbe3dadde0753af625,470858d7ea6f585cfc996c3df0327c0dcdad828c5f574d7bc4f6554640160a9d,a45e6bf2c40c3b69,75.78152108521415,63.99714328701117,a13786b02b9e0f13,[],0.0,psp_005072_1375,['train'],1.0,Counter({'train': 1}),val,85807df842ffbed7,True,hirise_clean,0,C:\Users\deves\OneDrive\Desktop\Projects\TCMD-SS\data\raw\hirise_v3_2\map-proj-v3_2\PSP_005072_1375_RED-0489.jpg
map-proj-v3_2/PSP_005150_1490_RED-0007.jpg,ok,,JPEG,227.0,227.0,L,1.0,1.0,normal,other,train,psp_005150_1490_red-0007,[],ea668fa72b1951868944dc70e1b8214cef0f5b7f7c640ad2c2a97e483c301236,aec7b49e4c9ff88b644078f852f44e58ac9b3186ad2b8f1106ee001eb22e30af,eb75613a18e9389c,89.0905897649867,15.113100700537524,318c59a3eb104916,[],0.0,psp_005150_1490,['train'],1.0,Counter({'train': 1}),val,6361ea5a02addb2a,True,hirise_clean,0,C:\Users\deves\OneDrive\Desktop\Projects\TCMD-SS\data\raw\hirise_v3_2\map-proj-v3_2\PSP_005150_1490_RED-0007.jpg
map-proj-v3_2/PSP_005150_1490_RED-0009.jpg,ok,,JPEG,227.0,227.0,L,1.0,1.0,normal,other,train,psp_005150_1490_red-0009,[],3925a4a7197c79a764cc69c588fd8f4fc03582ca7e1ff8aed5345bc3464326e7,eb7bd189d29159c36c79405396aab6f785034a84ea0308d868cc325cc5c473d4,ecb05383768d27c5,78.44305148557123,29.16364278351589,deed68232bb7b134,[],0.0,psp_005150_1490,['train'],1.0,Counter({'train': 1}),val,6361ea5a02addb2a,True,hirise_clean,0,C:\Users\deves\OneDrive\Desktop\Projects\TCMD-SS\data\raw\hirise_v3_2\map-proj-v3_2\PSP_005150_1490_RED-0009.jpg
map-proj-v3_2/PSP_005150_1490_RED-0022.jpg,ok,,JPEG,227.0,227.0,L,1.0,1.0,normal,other,train,psp_005150_1490_red-0022,[],ca313a15a68b227368a1084c3f7070882e8e59ec5f90517da4fe241ad192233f,0bab081c0bad206c7cc16669d63133f81db1d4141a1cd0fd0bf8e91ee22de7b3,b6c15989e47135bc,66.92918550719013,18.504622559346657,ca12ed55dcf7ea00,[],0.0,psp_005150_1490,['train'],1.0,Counter({'train': 1}),val,6361ea5a02addb2a,True,hirise_clean,0,C:\Users\deves\OneDrive\Desktop\Projects\TCMD-SS\data\raw\hirise_v3_2\map-proj-v3_2\PSP_005150_1490_RED-0022.jpg
map-proj-v3_2/PSP_005150_1490_RED-0023.jpg,ok,,JPEG,227.0,227.0,L,1.0,1.0,normal,other,train,psp_005150_1490_red-0023,[],405eb0d024a04303a5b388b138f168daedd3ffff5a8d15ec7ed53957c11d82be,1ccac93e5cfb370414cb109ac48e370ee6cb3106777e9457e94bf892d82aef61,8fc3585c66c5c98d,71.65176890682916,43.36477357407533,686a84d36e43c8fc,[],0.0,psp_005150_1490,['train'],1.0,Counter({'train': 1}),val,6361ea5a02addb2a,True,hirise_clean,0,C:\Users\deves\OneDrive\Desktop\Projects\TCMD-SS\data\raw\hirise_v3_2\map-proj-v3_2\PSP_005150_1490_RED-0023.jpg
map-proj-v3_2/PSP_005150_1490_RED-0027.jpg,ok,,JPEG,227.0,227.0,L,1.0,1.0,normal,other,train,psp_005150_1490_red-0027,[],99fce70d92f336dc1e82585e124cd581e852707c614f2cafd562606827738bca,b48c9ff40cef0644e2f0adc83507df0da0afa0493e2a6a4d6211a4994eb77f85,8e47d14daea351a6,59.68458537910691,44.8542445030586,02d75560a7b105e6,[],0.0,psp_005150_1490,['train'],1.0,Counter({'train': 1}),val,6361ea5a02addb2a,True,hirise_clean,0,C:\Users\deves\OneDrive\Desktop\Projects\TCMD-SS\data\raw\hirise_v3_2\map-proj-v3_2\PSP_005150_1490_RED-0027.jpg
map-proj-v3_2/PSP_005150_1490_RED-0028.jpg,ok,,JPEG,227.0,227.0,L,1.0,1.0,normal,other,train,psp_005150_1490_red-0028,[],4bb4368d50a16946c9bae20296b8b7668ca379400d3591adf8979222d15c2b06,4f61f628645498ddd9402a814f83bcf5ce565c3f00fdb3d3b002ed8f56aedeef,87e0365ddbe031d8,59.36635680878729,33.53429833561156,c474eb36913a5e17,[],0.0,psp_005150_1490,['train'],1.0,Counter({'train': 1}),val,6361ea5a02addb2a,True,hirise_clean,0,C:\Users\deves\OneDrive\Desktop\Projects\TCMD-SS\data\raw\hirise_v3_2\map-proj-v3_2\PSP_005150_1490_RED-0028.jpg
map-proj-v3_2/PSP_005150_1490_RED-0029.jpg,ok,,JPEG,227.0,227.0,L,1.0,1.0,normal,other,train,psp_005150_1490_red-0029,[],1f3d8321bf59707634f685a269d656fb1e26c1ea6698b49404cd8036d03eaee4,1aba4daca1b545cf0e632094a74d5ff0b279c93a1c1a78654d5780b53448e557,cdf633991436998a,79.0619651070271,15.624918572886957,cfbb6b2ff27b8f13,[],0.0,psp_005150_1490,['train'],1.0,Counter({'train': 1}),val,6361ea5a02addb2a,True,hirise_clean,0,C:\Users\deves\OneDrive\Desktop\Projects\TCMD-SS\data\raw\hirise_v3_2\map-proj-v3_2\PSP_005150_1490_RED-0029.jpg
map-proj-v3_2/PSP_005150_1490_RED-0034.jpg,ok,,JPEG,227.0,227.0,L,1.0,1.0,normal,other,train,psp_005150_1490_red-0034,[],c5c86ab283982273f20c77daa22dff2f2abc23a25c33d9811e3bf0e0df19269a,e288c21d80b7b9db1d7e7cf5d48d6c7137a0f0b1d88282a15cd709bf8631caa7,cc613397cacd2c72,88.6043393040812,14.534134765129572,94688d8f04c50015,[],0.0,psp_005150_1490,['train'],1.0,Counter({'train': 1}),val,6361ea5a02addb2a,True,hirise_clean,0,C:\Users\deves\OneDrive\Desktop\Projects\TCMD-SS\data\raw\hirise_v3_2\map-proj-v3_2\PSP_005150_1490_RED-0034.jpg
map-proj-v3_2/PSP_005150_1490_RED-0040.jpg,ok,,JPEG,227.0,227.0,L,1.0,1.0,normal,other,train,psp_005150_1490_red-0040,[],d542e7b31f22b505f3d2415b645d0db18b68aec82196da0d2344e0bd146d7557,2b9f9fb3818a3708d55a1a5aba31ae4c829fcef0da690eb8aa9f9f430578170c,d89b13498b339b93,79.48677443769527,22.93038978844646,2f486bdad8db408b,[],0.0,psp_005150_1490,['train'],1.0,Counter({'train': 1}),val,6361ea5a02addb2a,True,hirise_clean,0,C:\Users\deves\OneDrive\Desktop\Projects\TCMD-SS\data\raw\hirise_v3_2\map-proj-v3_2\PSP_005150_1490_RED-0040.jpg
map-proj-v3_2/PSP_005150_1490_RED-0044.jpg,ok,,JPEG,227.0,227.0,L,1.0,1.0,normal,other,train,psp_005150_1490_red-0044,[],cd8c619e13b78cf8cc324e4c36e85bafa25b42b319c9cfaf1423a723982e05c4,a3c35ec6b569ec01095632f403f92a45c529f3eb58453eceb85e822352d26a4b,cb3164f6d9996426,75.25521550971298,22.590538023133803,eff9b91c715f1ba4,[],0.0,psp_005150_1490,['train'],1.0,Counter({'train': 1}),val,6361ea5a02addb2a,True,hirise_clean,0,C:\Users\deves\OneDrive\Desktop\Projects\TCMD-SS\data\raw\hirise_v3_2\map-proj-v3_2\PSP_005150_1490_RED-0044.jpg
map-proj-v3_2/PSP_005150_1490_RED-0045.jpg,ok,,JPEG,227.0,227.0,L,1.0,1.0,normal,other,train,psp_005150_1490_red-0045,[],d52660d14df1b66a1c12a609190d7f44219bfe3d8d0da56e601584cda9a2c991,31555d85a694eaa84726ac3947ada0f652ed8eb996c9f82a1b9e47e6b5884143,8e473199aac6d745,56.95210464010557,41.77848519130629,50101232ebdf2ede,[],0.0,psp_005150_1490,['train'],1.0,Counter({'train': 1}),val,6361ea5a02addb2a,True,hirise_clean,0,C:\Users\deves\OneDrive\Desktop\Projects\TCMD-SS\data\raw\hirise_v3_2\map-proj-v3_2\PSP_005150_1490_RED-0045.jpg
map-proj-v3_2/PSP_005150_1490_RED-0046.jpg,ok,,JPEG,227.0,227.0,L,1.0,1.0,normal,other,train,psp_005150_1490_red-0046,[],380c83ff1485ee148866dc119b7ddf5903cd800b14ebe6c46ca7867749afe869,f46be4127ba90aefc499e004feeb80b9c1eb502eb028cc10280974be9a038f98,ee0013b7ad2a26dd,74.96997807060102,16.74829763691514,09ad36b413027332,[],0.0,psp_005150_1490,['train'],1.0,Counter({'train': 1}),val,6361ea5a02addb2a,True,hirise_clean,0,C:\Users\deves\OneDrive\Desktop\Projects\TCMD-SS\data\raw\hirise_v3_2\map-proj-v3_2\PSP_005150_1490_RED-0046.jpg
map-proj-v3_2/PSP_005150_1490_RED-0049.jpg,ok,,JPEG,227.0,227.0,L,1.0,1.0,normal,other,train,psp_005150_1490_red-0049,[],063c4de149875caa5ad63f1a4f497fecb4f1be1ae78799989815c6bcc9848709,5d1733d42f7bb8f169167fb6ea59703bca8a8a1397f23ba8f19bbee82d40c231,d4cb2d4a94662eb6,77.85202507325972,19.215809893543565,aff71c2c48c08a1c,[],0.0,psp_005150_1490,['train'],1.0,Counter({'train': 1}),val,6361ea5a02addb2a,True,hirise_clean,0,C:\Users\deves\OneDrive\Desktop\Projects\TCMD-SS\data\raw\hirise_v3_2\map-proj-v3_2\PSP_005150_1490_RED-0049.jpg
map-proj-v3_2/PSP_005150_1490_RED-0050.jpg,ok,,JPEG,227.0,227.0,L,1.0,1.0,normal,other,train,psp_005150_1490_red-0050,[],cff5a9b80a4069dbcfd162e6cca0dbe02f1a5c2aa31358638dbea69ec6cfc220,952285b0f1144a461cbc599f5a87b04e74b34f75d235228bbe6148fd49e23aa0,cde636393245c978,73.69376467620175,16.5498262689113,73ff49f89ea238c4,[],0.0,psp_005150_1490,['train'],1.0,Counter({'train': 1}),val,6361ea5a02addb2a,True,hirise_clean,0,C:\Users\deves\OneDrive\Desktop\Projects\TCMD-SS\data\raw\hirise_v3_2\map-proj-v3_2\PSP_005150_1490_RED-0050.jpg
map-proj-v3_2/PSP_005150_1490_RED-0056.jpg,ok,,JPEG,227.0,227.0,L,1.0,1.0,normal,other,train,psp_005150_1490_red-0056,[],e4b7a41c9b5000db5f18f2d51f96d43610cc62ae9b289df253cdb9159d34c540,f004e94441f859fd8aa0ebf237e00f5709d722a5572e50a10750da860b7b6ee6,cd4bb316c9292697,66.28457761648781,15.612136509062722,ece6483496fc27ff,[],0.0,psp_005150_1490,['train'],1.0,Counter({'train': 1}),val,6361ea5a02addb2a,True,hirise_clean,0,C:\Users\deves\OneDrive\Desktop\Projects\TCMD-SS\data\raw\hirise_v3_2\map-proj-v3_2\PSP_005150_1490_RED-0056.jpg
map-proj-v3_2/PSP_005150_1490_RED-0061.jpg,ok,,JPEG,227.0,227.0,L,1.0,1.0,normal,other,train,psp_005150_1490_red-0061,[],ba9bf88dd7409fa170437d1c7880ad974a95ec47ac54685d9938b789b0ce988c,bc01740dd8c4cd3a80e2a75b7c4bd227ab5f1309b3ff9e3d8d2fb42e68d0bd03,e8a3039f5c4d7d24,73.99588581187292,17.395547684189204,d5ea82ee0de681a2,[],0.0,psp_005150_1490,['train'],1.0,Counter({'train': 1}),val,6361ea5a02addb2a,True,hirise_clean,0,C:\Users\deves\OneDrive\Desktop\Projects\TCMD-SS\data\raw\hirise_v3_2\map-proj-v3_2\PSP_005150_1490_RED-0061.jpg
map-proj-v3_2/PSP_005150_1490_RED-0064.jpg,ok,,JPEG,227.0,227.0,L,1.0,1.0,normal,other,train,psp_005150_1490_red-0064,[],53d7182171d6bd5f3f68b863a02d15d5ac3612755db767e5afb90d501984a19e,a16ba9e236b7715a894673804d0ff5aa62f2248d3a8b7ddb4ec7832a0e978049,d3f614dcd6e43881,71.66585806050962,18.32007632016097,b637dbd91df9fc36,[],0.0,psp_005150_1490,['train'],1.0,Counter({'train': 1}),val,6361ea5a02addb2a,True,hirise_clean,0,C:\Users\deves\OneDrive\Desktop\Projects\TCMD-SS\data\raw\hirise_v3_2\map-proj-v3_2\PSP_005150_1490_RED-0064.jpg
map-proj-v3_2/PSP_005150_1490_RED-0065.jpg,ok,,JPEG,227.0,227.0,L,1.0,1.0,normal,other,train,psp_005150_1490_red-0065,[],fce50467d4f8250004110e43281728f68a5f56da7469e56bb61ef55cb6eb8206,caba610f70f1de50ba4e5fef5962a3939b8cc169ed3d9689684e16c4ed210bf5,8f19316193de7863,70.7037590483029,15.665477518826036,084bc14a9bf17567,[],0.0,psp_005150_1490,['train'],1.0,Counter({'train': 1}),val,6361ea5a02addb2a,True,hirise_clean,0,C:\Users\deves\OneDrive\Desktop\Projects\TCMD-SS\data\raw\hirise_v3_2\map-proj-v3_2\PSP_005150_1490_RED-0065.jpg
map-proj-v3_2/PSP_005150_1490_RED-0066.jpg,ok,,JPEG,227.0,227.0,L,1.0,1.0,normal,other,train,psp_005150_1490_red-0066,[],4891cf13f18460cd1c005ce4f6d21896646a744c32fe26ea52c90b496e802a3f,101c5b4e42e55dc760692b31ebf93114f2b42098c3ee32b3e346ea81030d8952,e44c199364cdfb32,67.18003454365503,15.057975523334802,714cdc4e15a01da0,[],0.0,psp_005150_1490,['train'],1.0,Counter({'train': 1}),val,6361ea5a02addb2a,True,hirise_clean,0,C:\Users\deves\OneDrive\Desktop\Projects\TCMD-SS\data\raw\hirise_v3_2\map-proj-v3_2\PSP_005150_1490_RED-0066.jpg
map-proj-v3_2/PSP_005150_1490_RED-0071.jpg,ok,,JPEG,227.0,227.0,L,1.0,1.0,normal,other,train,psp_005150_1490_red-0071,[],723540bb4412a21230bedf093631c6b5c7efbebd73ca21d90f7a86cf69884324,f87d4da0232e269b606ef29fc785d5732b56b76e0b54f489723cf622e9b778eb,ee2093c0e532f6f1,61.05123328611074,16.63473265944423,307cb2d8d7c03dea,[],0.0,psp_005150_1490,['train'],1.0,Counter({'train': 1}),val,6361ea5a02addb2a,True,hirise_clean,0,C:\Users\deves\OneDrive\Desktop\Projects\TCMD-SS\data\raw\hirise_v3_2\map-proj-v3_2\PSP_005150_1490_RED-0071.jpg
map-proj-v3_2/PSP_005150_1490_RED-0074.jpg,ok,,JPEG,227.0,227.0,L,1.0,1.0,normal,other,train,psp_005150_1490_red-0074,[],80c8b4e6997c43a776955ac0fd5a33dabaa0d0d0f65d3c05696808290cd90725,cc3f7849591b13275de3798e37f66adb23a8770204bf12cc34d6e6b138fe2dca,c9f63689c3669ca2,71.17914184245764,21.125261792030813,45529f1389d39617,[],0.0,psp_005150_1490,['train'],1.0,Counter({'train': 1}),val,6361ea5a02addb2a,True,hirise_clean,0,C:\Users\deves\OneDrive\Desktop\Projects\TCMD-SS\data\raw\hirise_v3_2\map-proj-v3_2\PSP_005150_1490_RED-0074.jpg
map-proj-v3_2/PSP_005150_1490_RED-0078.jpg,ok,,JPEG,227.0,227.0,L,1.0,1.0,normal,other,train,psp_005150_1490_red-0078,[],23fffeed06cc5b10806fe8e2a39a8135a1830d296c1627f358f56ddd7634051b,b680c6f9f2c4e1b2f463c47d289b983eb4310418397a6d22bbd20975ce357ddb,c4499acd3bf6b940,81.43214500572493,14.80134845434442,853957469b985427,[],0.0,psp_005150_1490,['train'],1.0,Counter({'train': 1}),val,6361ea5a02addb2a,True,hirise_clean,0,C:\Users\deves\OneDrive\Desktop\Projects\TCMD-SS\data\raw\hirise_v3_2\map-proj-v3_2\PSP_005150_1490_RED-0078.jpg
map-proj-v3_2/PSP_005150_1490_RED-0079.jpg,ok,,JPEG,227.0,227.0,L,1.0,1.0,normal,other,train,psp_005150_1490_red-0079,[],9a3894cbd4e16acc5085775f66495e641cd093512bf77bb8aa5338a559ee266b,5e6b3d368e46d24cdc6ce98619500934265f05be4b95d16f181c07e05e5c1002,88dd327bdce430c3,82.77975508936716,17.700776809797564,bf376540d26252ce,[],0.0,psp_005150_1490,['train'],1.0,Counter({'train': 1}),val,6361ea5a02addb2a,True,hirise_clean,0,C:\Users\deves\OneDrive\Desktop\Projects\TCMD-SS\data\raw\hirise_v3_2\map-proj-v3_2\PSP_005150_1490_RED-0079.jpg
map-proj-v3_2/PSP_005150_1490_RED-0083.jpg,ok,,JPEG,227.0,227.0,L,1.0,1.0,normal,other,train,psp_005150_1490_red-0083,[],94d98b4ee38069fb16c3c205f32419c45197ce6c743e755ee197356c4ca1aee4,74c7d5d8258ebed19a0d7ace236bca4a932c6b57dbae7b7733c47318cfa5d851,f9b13934d1e93846,69.55073841914262,20.412157316705603,65324fd2f7de372d,[],0.0,psp_005150_1490,['train'],1.0,Counter({'train': 1}),val,6361ea5a02addb2a,True,hirise_clean,0,C:\Users\deves\OneDrive\Desktop\Projects\TCMD-SS\data\raw\hirise_v3_2\map-proj-v3_2\PSP_005150_1490_RED-0083.jpg
map-proj-v3_2/PSP_005150_1490_RED-0084.jpg,ok,,JPEG,227.0,227.0,L,1.0,1.0,normal,other,train,psp_005150_1490_red-0084,[],beccbb5de3c77b3c7c0e34864bd61253cb399984a7cf8277440b6bfe32cf0202,d3636cd02e49448f9df777f8e97c404f4f2018845db9dfd133c706f8cc583f33,8ec3939bcacc4a35,63.697840051233285,44.65064881444054,cc31f5fc8de9cd36,[],0.0,psp_005150_1490,['train'],1.0,Counter({'train': 1}),val,6361ea5a02addb2a,True,hirise_clean,0,C:\Users\deves\OneDrive\Desktop\Projects\TCMD-SS\data\raw\hirise_v3_2\map-proj-v3_2\PSP_005150_1490_RED-0084.jpg
map-proj-v3_2/PSP_005150_1490_RED-0095.jpg,ok,,JPEG,227.0,227.0,L,1.0,1.0,normal,other,train,psp_005150_1490_red-0095,[],8d62f35698da3781c2f7a08eb5dcf3a040c9ea5325ac6b07c3709950b134ed42,6b821f90378d781d3b0c2e45a56d97fb2808ee8b14cda9c8984f27d106851165,ec7f32340fd90760,76.002775136331,16.25991404449402,33d1ef3c8a9028ac,[],0.0,psp_005150_1490,['train'],1.0,Counter({'train': 1}),val,6361ea5a02addb2a,True,hirise_clean,0,C:\Users\deves\OneDrive\Desktop\Projects\TCMD-SS\data\raw\hirise_v3_2\map-proj-v3_2\PSP_005150_1490_RED-0095.jpg
map-proj-v3_2/PSP_005150_1490_RED-0097.jpg,ok,,JPEG,227.0,227.0,L,1.0,1.0,normal,other,train,psp_005150_1490_red-0097,[],4dffb5805927b3868b24202e16b967e49c7539cd517480b40a2ae6b7c1520e57,9c19508121e998cb0d762f98b3fbde8d54b8b34f85c3c0bbcfe904a2ed2d9fbc,8e6752852655bdaa,61.55683207514216,43.84948821620287,4b21658f9e84e29d,[],0.0,psp_005150_1490,['train'],1.0,Counter({'train': 1}),val,6361ea5a02addb2a,True,hirise_clean,0,C:\Users\deves\OneDrive\Desktop\Projects\TCMD-SS\data\raw\hirise_v3_2\map-proj-v3_2\PSP_005150_1490_RED-0097.jpg
map-proj-v3_2/PSP_005150_1490_RED-0098.jpg,ok,,JPEG,227.0,227.0,L,1.0,1.0,normal,other,train,psp_005150_1490_red-0098,[],952bee3d19e28bfb0f8fc8417ea6a424a079f31a90e3681608c9b72b22867830,54fdb4b54a685a55ad1c614a98fea9c4133fad718f66efeb4fc45f7ad33d4303,8d7e51a2f85da9a0,72.97112305691941,15.835002006272727,c17004b2b6c557f4,[],0.0,psp_005150_1490,['train'],1.0,Counter({'train': 1}),val,6361ea5a02addb2a,True,hirise_clean,0,C:\Users\deves\OneDrive\Desktop\Projects\TCMD-SS\data\raw\hirise_v3_2\map-proj-v3_2\PSP_005150_1490_RED-0098.jpg
map-proj-v3_2/PSP_005150_1490_RED-0099.jpg,ok,,JPEG,227.0,227.0,L,1.0,1.0,normal,other,train,psp_005150_1490_red-0099,[],62b17feccb5edb716dbc6ba84933895535408afa49660bdb78223f33b5b79561,f4bc4d42f363e3cfd2333c42df6ca660ed23f59a2be2e64d8ec54ab27a23b3d2,c91232f38b578a5d,75.10333986687108,22.99189242025001,a2b694c1876cf446,[],0.0,psp_005150_1490,['train'],1.0,Counter({'train': 1}),val,6361ea5a02addb2a,True,hirise_clean,0,C:\Users\deves\OneDrive\Desktop\Projects\TCMD-SS\data\raw\hirise_v3_2\map-proj-v3_2\PSP_005150_1490_RED-0099.jpg
map-proj-v3_2/PSP_005150_1490_RED-0106.jpg,ok,,JPEG,227.0,227.0,L,1.0,1.0,normal,other,train,psp_005150_1490_red-0106,[],dec66b9e492c05c176211845abe70cda060412637bd7dd169ade364a2f4e8aa5,79c4bd4754064c04569054d36c4937db7451c0ac5836dfa533657ec7080014ec,b92b57f4a1894837,83.12814143492014,15.461781223720784,3189f38cb1a8541c,[],0.0,psp_005150_1490,['train'],1.0,Counter({'train': 1}),val,6361ea5a02addb2a,True,hirise_clean,0,C:\Users\deves\OneDrive\Desktop\Projects\TCMD-SS\data\raw\hirise_v3_2\map-proj-v3_2\PSP_005150_1490_RED-0106.jpg
map-proj-v3_2/PSP_005150_1490_RED-0111.jpg,ok,,JPEG,227.0,227.0,L,1.0,1.0,normal,other,train,psp_005150_1490_red-0111,[],ce5852cfc3aadaed3b340ebc7e4e72c9795db7f5318907bf7107e7140e2b7f19,e340d74a5d5f9197d27eb75f6c2ef4391273313a51731a392ba50cb5d3fe87fb,cc9f320ee613c91d,70.45958586427061,16.653217728902685,bdcbffde0c3db5a0,[],0.0,psp_005150_1490,['train'],1.0,Counter({'train': 1}),val,6361ea5a02addb2a,True,hirise_clean,0,C:\Users\deves\OneDrive\Desktop\Projects\TCMD-SS\data\raw\hirise_v3_2\map-proj-v3_2\PSP_005150_1490_RED-0111.jpg
map-proj-v3_2/PSP_005150_1490_RED-0112.jpg,ok,,JPEG,227.0,227.0,L,1.0,1.0,normal,other,train,psp_005150_1490_red-0112,[],57c4e2ea2150a7cc8052ad5f394bd0d960dd5c28f872638997e30ed20aa967b5,f6bb3b106ed7e8ae24ae3a4f33a18cc5546b96cdc49d6623848454c0ad78bfd4,e760998eec32315e,59.62688971258903,17.135790715384136,a20080c9f77cb27e,[],0.0,psp_005150_1490,['train'],1.0,Counter({'train': 1}),val,6361ea5a02addb2a,True,hirise_clean,0,C:\Users\deves\OneDrive\Desktop\Projects\TCMD-SS\data\raw\hirise_v3_2\map-proj-v3_2\PSP_005150_1490_RED-0112.jpg
map-proj-v3_2/PSP_005150_1490_RED-0115.jpg,ok,,JPEG,227.0,227.0,L,1.0,1.0,normal,other,train,psp_005150_1490_red-0115,[],75644c7271de1516efa3968800dacd3c9e9fcec1e262be526eea5598c775de6a,9fcf5d5a18e8da09b6276eaca5a4f548238634e3bdfb2a0882841642567eafca,cc7633ed26899856,77.21112383318132,24.92303827827369,4e9ec775b24819bf,[],0.0,psp_005150_1490,['train'],1.0,Counter({'train': 1}),val,6361ea5a02addb2a,True,hirise_clean,0,C:\Users\deves\OneDrive\Desktop\Projects\TCMD-SS\data\raw\hirise_v3_2\map-proj-v3_2\PSP_005150_1490_RED-0115.jpg
map-proj-v3_2/PSP_005150_1490_RED-0120.jpg,ok,,JPEG,227.0,227.0,L,1.0,1.0,normal,other,train,psp_005150_1490_red-0120,[],3c35d0f485448847fb0eda9eb30195e8eedcce4126f3b2825055297b6cce5727,2df99fe7b3546272e9e9a06716b7532e1a68c2a58bad23c6a86fc34dbb416bbd,eced31663613cd11,66.29129228201595,20.43430697830144,8f316a983a267c2f,[],0.0,psp_005150_1490,['train'],1.0,Counter({'train': 1}),val,6361ea5a02addb2a,True,hirise_clean,0,C:\Users\deves\OneDrive\Desktop\Projects\TCMD-SS\data\raw\hirise_v3_2\map-proj-v3_2\PSP_005150_1490_RED-0120.jpg
map-proj-v3_2/PSP_005150_1490_RED-0126.jpg,ok,,JPEG,227.0,227.0,L,1.0,1.0,normal,other,train,psp_005150_1490_red-0126,[],611a00d7198b7d4579d166aebd22df4b89791fecf67035878294c4bb851c34b2,79559c924162d910c82b3e387227a2a03a1df04afa8c9608c05f66019368b67f,8c5831c7dc9cb5a3,71.52529643501717,16.029599915040258,d8803e536e1c99ef,[],0.0,psp_005150_1490,['train'],1.0,Counter({'train': 1}),val,6361ea5a02addb2a,True,hirise_clean,0,C:\Users\deves\OneDrive\Desktop\Projects\TCMD-SS\data\raw\hirise_v3_2\map-proj-v3_2\PSP_005150_1490_RED-0126.jpg
map-proj-v3_2/PSP_005150_1490_RED-0133.jpg,ok,,JPEG,227.0,227.0,L,1.0,1.0,normal,other,train,psp_005150_1490_red-0133,[],d4182d944ddf41bd8cba3e9c7c46f02eb5151bf4c1270a19401336fec0cb8a24,999dd4f2174fc91160eb2a0cf838aedcf36a5c180acc0d2a54c123b0f7101a29,b8664df9f2020cf9,70.9953424285354,20.560793702942146,4406f635842f209e,[],0.0,psp_005150_1490,['train'],1.0,Counter({'train': 1}),val,6361ea5a02addb2a,True,hirise_clean,0,C:\Users\deves\OneDrive\Desktop\Projects\TCMD-SS\data\raw\hirise_v3_2\map-proj-v3_2\PSP_005150_1490_RED-0133.jpg
map-proj-v3_2/PSP_005150_1490_RED-0138.jpg,ok,,JPEG,227.0,227.0,L,1.0,1.0,normal,other,train,psp_005150_1490_red-0138,[],f898529d8ffc05cd6f49e16d610891dbc1e3b68b312ab6209ab9de7dda81cda8,68ac90b76930d5096df8d90a4dcb400badc433eb738b569ec578832959bda83a,ec2d9342cc91cfe4,65.64868326573387,15.437328414052894,cec16c439d22f636,[],0.0,psp_005150_1490,['train'],1.0,Counter({'train': 1}),val,6361ea5a02addb2a,True,hirise_clean,0,C:\Users\deves\OneDrive\Desktop\Projects\TCMD-SS\data\raw\hirise_v3_2\map-proj-v3_2\PSP_005150_1490_RED-0138.jpg
map-proj-v3_2/PSP_005150_1490_RED-0140.jpg,ok,,JPEG,227.0,227.0,L,1.0,1.0,normal,other,train,psp_005150_1490_red-0140,[],07e472b62c406043e19f669cc097bdbd8a17ce4b1a5229dca193eca81f9b70c5,6d1df331c3bb89ca029507dfd3968b3fdb0ad43b3c7cfda1310f3b81cb6e2600,9f7037046f56f160,63.56870888237692,21.79630310693228,68a428591f32ac0e,[],0.0,psp_005150_1490,['train'],1.0,Counter({'train': 1}),val,6361ea5a02addb2a,True,hirise_clean,0,C:\Users\deves\OneDrive\Desktop\Projects\TCMD-SS\data\raw\hirise_v3_2\map-proj-v3_2\PSP_005150_1490_RED-0140.jpg
map-proj-v3_2/PSP_005150_1490_RED-0142.jpg,ok,,JPEG,227.0,227.0,L,1.0,1.0,normal,other,train,psp_005150_1490_red-0142,[],e79956d9033eec6a3f7e717f21d30146e1118636ca76737973fc668301b9f218,243c9ab32ba26d1ba7483611d121ff79e45b029dd518d2754b2501dc4a967db7,d5fc3d815b046770,67.30095674280503,19.607836363251263,18b38e8afc9db9c4,[],0.0,psp_005150_1490,['train'],1.0,Counter({'train': 1}),val,6361ea5a02addb2a,True,hirise_clean,0,C:\Users\deves\OneDrive\Desktop\Projects\TCMD-SS\data\raw\hirise_v3_2\map-proj-v3_2\PSP_005150_1490_RED-0142.jpg
map-proj-v3_2/PSP_005150_1490_RED-0143.jpg,ok,,JPEG,227.0,227.0,L,1.0,1.0,normal,other,train,psp_005150_1490_red-0143,[],570e6f1de9dd66fa777d6916a03da46da69ef2561798104a96abf413a4059205,3d2df302115cc89de9847cac0b7b9b5f24e471b166c49fdb133279d806ee735f,abe913e243d55334,61.173999107298805,16.338510385498136,93ea5a4275b90af3,[],0.0,psp_005150_1490,['train'],1.0,Counter({'train': 1}),val,6361ea5a02addb2a,True,hirise_clean,0,C:\Users\deves\OneDrive\Desktop\Projects\TCMD-SS\data\raw\hirise_v3_2\map-proj-v3_2\PSP_005150_1490_RED-0143.jpg
map-proj-v3_2/PSP_005150_1490_RED-0148.jpg,ok,,JPEG,227.0,227.0,L,1.0,1.0,normal,other,train,psp_005150_1490_red-0148,[],4064cf4ac31087f0ed17b5ae5f4ddf457852be8a322947575476fe074b94c3aa,da9292e9b25841cc63fe3fd04ba5851f17f518995a90c796f95e991879ab179d,996a33466cbd5a85,65.22193328028877,18.80678601457664,348ff61ad747c167,[],0.0,psp_005150_1490,['train'],1.0,Counter({'train': 1}),val,6361ea5a02addb2a,True,hirise_clean,0,C:\Users\deves\OneDrive\Desktop\Projects\TCMD-SS\data\raw\hirise_v3_2\map-proj-v3_2\PSP_005150_1490_RED-0148.jpg
map-proj-v3_2/PSP_005150_1490_RED-0170.jpg,ok,,JPEG,227.0,227.0,L,1.0,1.0,normal,other,train,psp_005150_1490_red-0170,[],ba33b62a849c035f0be99ffe28064d18a18491a26f1096d23fb7b8f045ec9f08,f7359eb5f7b12dbd662713b810d4fbe83cd9b341ce38f8cba3af104eb20b5374,ca251375ecbb1946,69.27898853073027,15.861733287171887,de3a1d9ccb3b6be1,[],0.0,psp_005150_1490,['train'],1.0,Counter({'train': 1}),val,6361ea5a02addb2a,True,hirise_clean,0,C:\Users\deves\OneDrive\Desktop\Projects\TCMD-SS\data\raw\hirise_v3_2\map-proj-v3_2\PSP_005150_1490_RED-0170.jpg
map-proj-v3_2/PSP_005150_1490_RED-0171.jpg,ok,,JPEG,227.0,227.0,L,1.0,1.0,normal,other,train,psp_005150_1490_red-0171,[],a0d1541f7be505c9c9b728f3e3247735f7aacab1fd45da7cec01a013599fff3c,835a2db112fd233fd319bf17378d9dec867cb58d3e99af208bed735520b3cb80,8a7331a6cf793286,68.32896039123601,14.620813409597153,62354e791ea9c204,[],0.0,psp_005150_1490,['train'],1.0,Counter({'train': 1}),val,6361ea5a02addb2a,True,hirise_clean,0,C:\Users\deves\OneDrive\Desktop\Projects\TCMD-SS\data\raw\hirise_v3_2\map-proj-v3_2\PSP_005150_1490_RED-0171.jpg
map-proj-v3_2/PSP_005150_1490_RED-0172.jpg,ok,,JPEG,227.0,227.0,L,1.0,1.0,normal,other,train,psp_005150_1490_red-0172,[],7dc05b23119dba98aa68459c598dccbcfbe14d658b602d2f3be95ded4c2e43ee,0f509ae905c733112ac7fa6d8fdf5255449084d8296ae8909b1978c04766ad9c,8b86b28ebda920ee,68.9733354033651,14.925941862181215,1fe63865075e7eea,[],0.0,psp_005150_1490,['train'],1.0,Counter({'train': 1}),val,6361ea5a02addb2a,True,hirise_clean,0,C:\Users\deves\OneDrive\Desktop\Projects\TCMD-SS\data\raw\hirise_v3_2\map-proj-v3_2\PSP_005150_1490_RED-0172.jpg
map-proj-v3_2/PSP_005150_1490_RED-0173.jpg,ok,,JPEG,227.0,227.0,L,1.0,1.0,normal,other,train,psp_005150_1490_red-0173,[],b2eed20060ae6a3422701b3194b0756e9c48525a0d986d2a0c5c7f42abb3a4c1,240c42f03d3f5d6b7351c1857f594793a87730ca92c3d56d7f2f3b0c6e33edf2,8dda3696d9196632,71.34052669370645,15.027351736148834,0eebdf0c67b6465d,[],0.0,psp_005150_1490,['train'],1.0,Counter({'train': 1}),val,6361ea5a02addb2a,True,hirise_clean,0,C:\Users\deves\OneDrive\Desktop\Projects\TCMD-SS\data\raw\hirise_v3_2\map-proj-v3_2\PSP_005150_1490_RED-0173.jpg
map-proj-v3_2/PSP_005150_1490_RED-0176.jpg,ok,,JPEG,227.0,227.0,L,1.0,1.0,normal,other,train,psp_005150_1490_red-0176,[],5d8df65897a77dfd99d10c11629bea2017641959bbef3a4cb229a93adde80e56,1349413c46e92be5ebeb45492922c69b0bc40bcab791004b2d3118bf835e030f,87e1b0cb6433d9cc,60.36063187719537,35.98507525963018,30a30cda61333a90,[],0.0,psp_005150_1490,['train'],1.0,Counter({'train': 1}),val,6361ea5a02addb2a,True,hirise_clean,0,C:\Users\deves\OneDrive\Desktop\Projects\TCMD-SS\data\raw\hirise_v3_2\map-proj-v3_2\PSP_005150_1490_RED-0176.jpg
map-proj-v3_2/PSP_005150_1490_RED-0178.jpg,ok,,JPEG,227.0,227.0,L,1.0,1.0,normal,other,train,psp_005150_1490_red-0178,[],b72f80ee735c434d1bf44be95b4a2e588580a566bdd7308c344ed3cf9a8792bb,f857cc0c2c910fb08306c110f1bc54c3e45ae9ed1c649f54802910b7887c7a46,edbd1896130ae8cd,61.34229268955345,21.820307186030835,07760359d027d53d,[],0.0,psp_005150_1490,['train'],1.0,Counter({'train': 1}),val,6361ea5a02addb2a,True,hirise_clean,0,C:\Users\deves\OneDrive\Desktop\Projects\TCMD-SS\data\raw\hirise_v3_2\map-proj-v3_2\PSP_005150_1490_RED-0178.jpg
map-proj-v3_2/PSP_005150_1490_RED-0185.jpg,ok,,JPEG,227.0,227.0,L,1.0,1.0,normal,other,train,psp_005150_1490_red-0185,[],981cc04eed6820a2a3a3cbf04b346df9c49c31b3648644a89d9ce1fe313d457d,88525697e9bba88d367ab39bc321ee0b830dcbba2b217a03f1c6a7089bcfc979,d56c3299c7e29a19,68.21011469269732,16.288597390240124,8a7ee541e11468e2,[],0.0,psp_005150_1490,['train'],1.0,Counter({'train': 1}),val,6361ea5a02addb2a,True,hirise_clean,0,C:\Users\deves\OneDrive\Desktop\Projects\TCMD-SS\data\raw\hirise_v3_2\map-proj-v3_2\PSP_005150_1490_RED-0185.jpg
map-proj-v3_2/PSP_005150_1490_RED-0191.jpg,ok,,JPEG,227.0,227.0,L,1.0,1.0,normal,other,train,psp_005150_1490_red-0191,[],8469c8a9e3d84a3ab5138a5293107620604b4f724e29d1508fd116d68b4609b3,7b5ab2c7a634ee6ba09bdf7229ecc3ce02340113c9cdb8b09aac5fae26ed811f,8d1762fa9921665e,66.2617555163112,16.955383127835894,549bd46dddd368a7,[],0.0,psp_005150_1490,['train'],1.0,Counter({'train': 1}),val,6361ea5a02addb2a,True,hirise_clean,0,C:\Users\deves\OneDrive\Desktop\Projects\TCMD-SS\data\raw\hirise_v3_2\map-proj-v3_2\PSP_005150_1490_RED-0191.jpg
map-proj-v3_2/PSP_005150_1490_RED-0192.jpg,ok,,JPEG,227.0,227.0,L,1.0,1.0,normal,other,train,psp_005150_1490_red-0192,[],24e975288a239bc2ee80ae8e053312ec797f88d9cd36ff13c5d510574b981f82,f13744b55277a1888823d6aba3646ed22f018bd855e4e6b246acccde8d678050,cc4913b3ed1433e9,66.44877641716315,16.47809651974379,61602797016d65b6,[],0.0,psp_005150_1490,['train'],1.0,Counter({'train': 1}),val,6361ea5a02addb2a,True,hirise_clean,0,C:\Users\deves\OneDrive\Desktop\Projects\TCMD-SS\data\raw\hirise_v3_2\map-proj-v3_2\PSP_005150_1490_RED-0192.jpg
map-proj-v3_2/PSP_005150_1490_RED-0194.jpg,ok,,JPEG,227.0,227.0,L,1.0,1.0,normal,other,train,psp_005150_1490_red-0194,[],2bc35c2e3ff8c60286f976fd0f2ce306e1fb11ad584b0fd39153104a95606c55,012864575006e562e3d5d513e2db262a5491b934d554c1c7ee88a180f2bffd12,cb0b24d24b64b6db,58.3106794232374,16.853894006886186,22ba153b7939d09c,[],0.0,psp_005150_1490,['train'],1.0,Counter({'train': 1}),val,6361ea5a02addb2a,True,hirise_clean,0,C:\Users\deves\OneDrive\Desktop\Projects\TCMD-SS\data\raw\hirise_v3_2\map-proj-v3_2\PSP_005150_1490_RED-0194.jpg
map-proj-v3_2/PSP_005150_1490_RED-0195.jpg,ok,,JPEG,227.0,227.0,L,1.0,1.0,normal,other,train,psp_005150_1490_red-0195,[],d0ff113a371b443e4b61c8e60c95eac9d7dc5265973bbc381a804d3225c79312,72570b161806eadd4da9107468f77aeea11dcd7a83986a86bc4eedea9b451539,8c6d72928d7d32a3,64.1737468221778,18.61292830412127,9e490b299d62c7bf,[],0.0,psp_005150_1490,['train'],1.0,Counter({'train': 1}),val,6361ea5a02addb2a,True,hirise_clean,0,C:\Users\deves\OneDrive\Desktop\Projects\TCMD-SS\data\raw\hirise_v3_2\map-proj-v3_2\PSP_005150_1490_RED-0195.jpg
map-proj-v3_2/PSP_005150_1490_RED-0196.jpg,ok,,JPEG,227.0,227.0,L,1.0,1.0,normal,other,train,psp_005150_1490_red-0196,[],4b759237133747b6b4f388e0d1cd6a5caff111b1e451daebaeec0909580dd4d8,2014bc4726a0a4ae06af43f56ca569f9ad52f914f629ca75ecc76079a23c0f38,9cb93b60216f0f1b,63.62859748879272,18.419684932287137,771c575eff73b213,[],0.0,psp_005150_1490,['train'],1.0,Counter({'train': 1}),val,6361ea5a02addb2a,True,hirise_clean,0,C:\Users\deves\OneDrive\Desktop\Projects\TCMD-SS\data\raw\hirise_v3_2\map-proj-v3_2\PSP_005150_1490_RED-0196.jpg
map-proj-v3_2/PSP_005150_1490_RED-0197.jpg,ok,,JPEG,227.0,227.0,L,1.0,1.0,normal,other,train,psp_005150_1490_red-0197,[],9854a33b03d82da466f5fafdc212dd7f5469c242cba9b771ca3fd3f15ac75fc3,d2a1e06104bcdecc293d8b24c7348d8ecf8eaac3eaed56015f730a9842713be2,d66a29c8fc17a14e,57.15843505598789,30.88436091103732,a8500980a15dd2e2,[],0.0,psp_005150_1490,['train'],1.0,Counter({'train': 1}),val,6361ea5a02addb2a,True,hirise_clean,0,C:\Users\deves\OneDrive\Desktop\Projects\TCMD-SS\data\raw\hirise_v3_2\map-proj-v3_2\PSP_005150_1490_RED-0197.jpg
map-proj-v3_2/PSP_005150_1490_RED-0201.jpg,ok,,JPEG,227.0,227.0,L,1.0,1.0,normal,other,train,psp_005150_1490_red-0201,[],4b2fd37e8a4842cd70b111a41042490bffa9e4fdf99060f0a44c6173714b400b,c5312436e4740589d931f1c20cdc18525116c7f7fd68b97301025ba8a25b415f,8c4736383366e6ec,48.75510877370024,42.265974001777295,42d2f65a6039ecd5,[],0.0,psp_005150_1490,['train'],1.0,Counter({'train': 1}),val,6361ea5a02addb2a,True,hirise_clean,0,C:\Users\deves\OneDrive\Desktop\Projects\TCMD-SS\data\raw\hirise_v3_2\map-proj-v3_2\PSP_005150_1490_RED-0201.jpg
map-proj-v3_2/PSP_005150_1490_RED-0202.jpg,ok,,JPEG,227.0,227.0,L,1.0,1.0,normal,other,train,psp_005150_1490_red-0202,[],894f0cf72c2db521ef20a0c78b6972dd03904c043ff48150ec7be068b5dd9466,e6c02669d4e3807acb3e127b577e66071cb8378bd9748ac87e677f538f3c616f,d81d27a9c9346c9b,71.39839701915426,16.237462561267698,b41a224696ff9050,[],0.0,psp_005150_1490,['train'],1.0,Counter({'train': 1}),val,6361ea5a02addb2a,True,hirise_clean,0,C:\Users\deves\OneDrive\Desktop\Projects\TCMD-SS\data\raw\hirise_v3_2\map-proj-v3_2\PSP_005150_1490_RED-0202.jpg
map-proj-v3_2/PSP_005150_1490_RED-0205.jpg,ok,,JPEG,227.0,227.0,L,1.0,1.0,normal,other,train,psp_005150_1490_red-0205,[],234666f4251ecdc75ea3fe520e40ece0ddea0391f18bb2ed43e97eac377bdf9f,e670cdda86a93834ee3d1b430a2b617ca1342aaaf0197ae844c2b88e7cc2d607,c67f7993c6e0103c,61.72970560267034,26.048491802045834,6a1c9108bced4dfc,[],0.0,psp_005150_1490,['train'],1.0,Counter({'train': 1}),val,6361ea5a02addb2a,True,hirise_clean,0,C:\Users\deves\OneDrive\Desktop\Projects\TCMD-SS\data\raw\hirise_v3_2\map-proj-v3_2\PSP_005150_1490_RED-0205.jpg
map-proj-v3_2/PSP_005150_1490_RED-0207.jpg,ok,,JPEG,227.0,227.0,L,1.0,1.0,normal,other,train,psp_005150_1490_red-0207,[],7d30285470f898fe95b0d928b8437ae3ec97caaa40c778edf3b17555bd058776,8d503bac1d445594ebbfb370403154e2336a738b09b3472f13eac17df4af7e74,815ea766e98b4ab4,63.014535504279145,21.8080309411108,ecf3291dc1f4c4e1,[],0.0,psp_005150_1490,['train'],1.0,Counter({'train': 1}),val,6361ea5a02addb2a,True,hirise_clean,0,C:\Users\deves\OneDrive\Desktop\Projects\TCMD-SS\data\raw\hirise_v3_2\map-proj-v3_2\PSP_005150_1490_RED-0207.jpg
map-proj-v3_2/PSP_005150_1490_RED-0209.jpg,ok,,JPEG,227.0,227.0,L,1.0,1.0,normal,other,train,psp_005150_1490_red-0209,[],e31a953d8fc9f3ad6b9c9f1468b658d0706c41e905206f69f553a68d0f0e0e3b,042871e2f585f2a837068c66f4bed0da2162dbd651b7266c1f0fdd245f6396b2,e82166cec89b16f6,57.03351510799744,14.644027339342564,3b19c9461bdc3745,[],0.0,psp_005150_1490,['train'],1.0,Counter({'train': 1}),val,6361ea5a02addb2a,True,hirise_clean,0,C:\Users\deves\OneDrive\Desktop\Projects\TCMD-SS\data\raw\hirise_v3_2\map-proj-v3_2\PSP_005150_1490_RED-0209.jpg
map-proj-v3_2/PSP_005150_1490_RED-0211.jpg,ok,,JPEG,227.0,227.0,L,1.0,1.0,normal,other,train,psp_005150_1490_red-0211,[],3fab943c75fa7eb778ff8f7673eb1ea1215aa72ed983a0fddee45f09df544294,617b929bde893943d04495aef30592b8f2f01f062ad0598f9e1f2b3d1d620625,d4d970cbcb853439,65.05612373614858,12.831025255549978,f8c69ca8b38ed5b5,[],0.0,psp_005150_1490,['train'],1.0,Counter({'train': 1}),val,6361ea5a02addb2a,True,hirise_clean,0,C:\Users\deves\OneDrive\Desktop\Projects\TCMD-SS\data\raw\hirise_v3_2\map-proj-v3_2\PSP_005150_1490_RED-0211.jpg
map-proj-v3_2/PSP_005150_1490_RED-0217.jpg,ok,,JPEG,227.0,227.0,L,1.0,1.0,normal,other,train,psp_005150_1490_red-0217,[],3b440892ea47ec4a4ef8517b2071c1712a3ea095a6421c0e379970596b299d52,88bed3c80fe2b56259a0277b05e05609eaddc83d202bd1df1b6f801c18bad663,d3da6ac1851c64e7,52.28364610219488,15.897136201354604,5e60bcc4b23e70d5,[],0.0,psp_005150_1490,['train'],1.0,Counter({'train': 1}),val,6361ea5a02addb2a,True,hirise_clean,0,C:\Users\deves\OneDrive\Desktop\Projects\TCMD-SS\data\raw\hirise_v3_2\map-proj-v3_2\PSP_005150_1490_RED-0217.jpg
map-proj-v3_2/PSP_005150_1490_RED-0220.jpg,ok,,JPEG,227.0,227.0,L,1.0,1.0,normal,other,train,psp_005150_1490_red-0220,[],7622ab8af30b2c323415c600f218dd7af4126c4fe8d40b7c6a2762b183e087d6,e55cc5348690c84aa6799672586eb60e444e8016688ea7b5f34662904dbb71bf,8e2d72ca19b17627,65.50373576044558,19.831286653853347,5f47c2947ae77cd8,[],0.0,psp_005150_1490,['train'],1.0,Counter({'train': 1}),val,6361ea5a02addb2a,True,hirise_clean,0,C:\Users\deves\OneDrive\Desktop\Projects\TCMD-SS\data\raw\hirise_v3_2\map-proj-v3_2\PSP_005150_1490_RED-0220.jpg
map-proj-v3_2/PSP_005150_1490_RED-0221.jpg,ok,,JPEG,227.0,227.0,L,1.0,1.0,normal,other,train,psp_005150_1490_red-0221,[],533050ab4f5b111d79f3edfdeedd59252bd828567b9d4ae74b47fd6bb752a81f,061ff53c388fcd64d555d0ad60dbdc9805fdf5821552eec3678e131786984386,c8d8b266dcf1a436,48.0197946787246,22.955942406408397,a8881190e361e31b,[],0.0,psp_005150_1490,['train'],1.0,Counter({'train': 1}),val,6361ea5a02addb2a,True,hirise_clean,0,C:\Users\deves\OneDrive\Desktop\Projects\TCMD-SS\data\raw\hirise_v3_2\map-proj-v3_2\PSP_005150_1490_RED-0221.jpg
map-proj-v3_2/PSP_005150_1490_RED-0224.jpg,ok,,JPEG,227.0,227.0,L,1.0,1.0,normal,other,train,psp_005150_1490_red-0224,[],9729b5cd4de3eb9e58abc69b76eef7869594f7f4c925203c8a3a807a489ec070,3b39bf4810882ed87641e28d1de5cb55ecda9ecc0316d46157c9e31475b164b9,ccca334b5e96d2a1,80.26691765801782,14.75148321196921,0d2c6b7ab54d5bea,[],0.0,psp_005150_1490,['train'],1.0,Counter({'train': 1}),val,6361ea5a02addb2a,True,hirise_clean,0,C:\Users\deves\OneDrive\Desktop\Projects\TCMD-SS\data\raw\hirise_v3_2\map-proj-v3_2\PSP_005150_1490_RED-0224.jpg
map-proj-v3_2/PSP_005150_1490_RED-0225.jpg,ok,,JPEG,227.0,227.0,L,1.0,1.0,normal,other,train,psp_005150_1490_red-0225,[],f1892bd6620955e794f32afba1b4a902762b3da3432883279826fd5661b41127,4d8fa150ba27d88cc7c30c054e804d4c7bc4a459753842cc4a973035a4560da0,db891fd0e27a00cf,53.08975528343263,21.70378308485273,d69ba9045bd00dc9,[],0.0,psp_005150_1490,['train'],1.0,Counter({'train': 1}),val,6361ea5a02addb2a,True,hirise_clean,0,C:\Users\deves\OneDrive\Desktop\Projects\TCMD-SS\data\raw\hirise_v3_2\map-proj-v3_2\PSP_005150_1490_RED-0225.jpg
map-proj-v3_2/PSP_005150_1490_RED-0232.jpg,ok,,JPEG,227.0,227.0,L,1.0,1.0,normal,other,train,psp_005150_1490_red-0232,[],f5593435c0e8505fe3b377b88f18029aece0b580e8ddae9e2ee2c9d8ad5d9f2f,b9379cdcc14e1ff031d76999d131c44ac089d473cb73de9d16be35b9e0733420,ed0c32228ad5ddad,72.53478623687633,17.51620397709967,a872c4e16d504193,[],0.0,psp_005150_1490,['train'],1.0,Counter({'train': 1}),val,6361ea5a02addb2a,True,hirise_clean,0,C:\Users\deves\OneDrive\Desktop\Projects\TCMD-SS\data\raw\hirise_v3_2\map-proj-v3_2\PSP_005150_1490_RED-0232.jpg
map-proj-v3_2/PSP_005150_1490_RED-0233.jpg,ok,,JPEG,227.0,227.0,L,1.0,1.0,normal,other,train,psp_005150_1490_red-0233,[],fc44156f7f4515541c26b4236896635f25ed2e9de8f2fe25c04e377999c8491c,808707b6b4c1c7170fb9c8f483c74b331f489d425fd01703c860cf5a49cb819f,dfb58163ce6c4a06,62.69791767742437,18.18259393396484,3969627fc278401d,[],0.0,psp_005150_1490,['train'],1.0,Counter({'train': 1}),val,6361ea5a02addb2a,True,hirise_clean,0,C:\Users\deves\OneDrive\Desktop\Projects\TCMD-SS\data\raw\hirise_v3_2\map-proj-v3_2\PSP_005150_1490_RED-0233.jpg
map-proj-v3_2/PSP_005150_1490_RED-0234.jpg,ok,,JPEG,227.0,227.0,L,1.0,1.0,normal,other,train,psp_005150_1490_red-0234,[],630d76a366df7c3281ac9bb95e01b7475b9e70b13aaa20ce870235a525e84b86,b21e7d63087afcdb2c667512af127422601ffcfbfa3c4f0ae8bfc3a4a5242839,cdd9b2a6c81926ec,39.10363096508762,18.406833406429705,dd1853a9ef8813b8,[],0.0,psp_005150_1490,['train'],1.0,Counter({'train': 1}),val,6361ea5a02addb2a,True,hirise_clean,0,C:\Users\deves\OneDrive\Desktop\Projects\TCMD-SS\data\raw\hirise_v3_2\map-proj-v3_2\PSP_005150_1490_RED-0234.jpg
map-proj-v3_2/PSP_005150_1490_RED-0235.jpg,ok,,JPEG,227.0,227.0,L,1.0,1.0,normal,other,train,psp_005150_1490_red-0235,[],cf8f061b3b6a3caaf69928764a250c6ea225bd9722d321e28f79cc0a043a82ee,fa03af1ac7525200c80f7202770b23188c3ed01e4183229728b052c4152d7cce,cc093be6d609e716,55.24607502571367,16.621019723878806,080e4e67720bb1e0,[],0.0,psp_005150_1490,['train'],1.0,Counter({'train': 1}),val,6361ea5a02addb2a,True,hirise_clean,0,C:\Users\deves\OneDrive\Desktop\Projects\TCMD-SS\data\raw\hirise_v3_2\map-proj-v3_2\PSP_005150_1490_RED-0235.jpg
map-proj-v3_2/PSP_005150_1490_RED-0239.jpg,ok,,JPEG,227.0,227.0,L,1.0,1.0,normal,other,train,psp_005150_1490_red-0239,[],7790b3d66cd28ab96bbbd0da4afb399fee0da4f30929a652672ec481db1dd9bb,1a046e5c6a0f60de67b5632a97a90a10ed3e9019a069cae2a654625bf80ae86e,cc2cb759d8667191,78.30679811368356,15.894762017045274,6c5da117c1ea7b0b,[],0.0,psp_005150_1490,['train'],1.0,Counter({'train': 1}),val,6361ea5a02addb2a,True,hirise_clean,0,C:\Users\deves\OneDrive\Desktop\Projects\TCMD-SS\data\raw\hirise_v3_2\map-proj-v3_2\PSP_005150_1490_RED-0239.jpg
map-proj-v3_2/PSP_005150_1490_RED-0245.jpg,ok,,JPEG,227.0,227.0,L,1.0,1.0,normal,other,train,psp_005150_1490_red-0245,[],3ee8f1d164bed237380694e09c023ca278406f6c0a0ef6b3c672dbed8cd11daa,4ef367b0663c8005242f502d1393d0b8b6a668d684f041d84c30402a4091c8b8,8d8553eab289566b,65.18207223117079,14.338700058251408,0d7b10f2088a408a,[],0.0,psp_005150_1490,['train'],1.0,Counter({'train': 1}),val,6361ea5a02addb2a,True,hirise_clean,0,C:\Users\deves\OneDrive\Desktop\Projects\TCMD-SS\data\raw\hirise_v3_2\map-proj-v3_2\PSP_005150_1490_RED-0245.jpg
map-proj-v3_2/PSP_005150_1490_RED-0250.jpg,ok,,JPEG,227.0,227.0,L,1.0,1.0,normal,other,train,psp_005150_1490_red-0250,[],cd2b39448de5440ea60307bdc02e10451d3cce1b622084f46c68ab398b9b1ee8,2e34b62bd3a26173e06d4c6f36030d9ad541b8ac8b2ed6a04ebf8f586f1feb5c,cc9ef319c40ccb27,48.83939141066196,14.534699248997832,5ca7445f16ff3268,[],0.0,psp_005150_1490,['train'],1.0,Counter({'train': 1}),val,6361ea5a02addb2a,True,hirise_clean,0,C:\Users\deves\OneDrive\Desktop\Projects\TCMD-SS\data\raw\hirise_v3_2\map-proj-v3_2\PSP_005150_1490_RED-0250.jpg
map-proj-v3_2/PSP_005150_1490_RED-0251.jpg,ok,,JPEG,227.0,227.0,L,1.0,1.0,normal,other,train,psp_005150_1490_red-0251,[],ddc1fa5255d8250b4fc82ad27ed6d01d240d57e1a8969a9b081e09ed94250800,9d8585d3ff2ecc1a25a25a69cbac1c27c5f116b826a1f806c7886190352029de,e4c8193326e6ae1f,58.96446661103456,20.26627166324646,d3923a1cb4c7385a,[],0.0,psp_005150_1490,['train'],1.0,Counter({'train': 1}),val,6361ea5a02addb2a,True,hirise_clean,0,C:\Users\deves\OneDrive\Desktop\Projects\TCMD-SS\data\raw\hirise_v3_2\map-proj-v3_2\PSP_005150_1490_RED-0251.jpg
map-proj-v3_2/PSP_005150_1490_RED-0258.jpg,ok,,JPEG,227.0,227.0,L,1.0,1.0,normal,other,train,psp_005150_1490_red-0258,[],c9098e8ebea89dbe53ed29e39566a94ccf4ad13a45341b82bf46896317711717,b32b5e68c59cb46ae7e7f4083ca1cd524157ecf0964ad849cd62986c632f78f5,9ca9c2b46a92e5da,63.1757651031458,19.943802693534828,dc037bdae6e1b59e,[],0.0,psp_005150_1490,['train'],1.0,Counter({'train': 1}),val,6361ea5a02addb2a,True,hirise_clean,0,C:\Users\deves\OneDrive\Desktop\Projects\TCMD-SS\data\raw\hirise_v3_2\map-proj-v3_2\PSP_005150_1490_RED-0258.jpg
map-proj-v3_2/PSP_005150_1490_RED-0261.jpg,ok,,JPEG,227.0,227.0,L,1.0,1.0,normal,other,train,psp_005150_1490_red-0261,[],304e7f38f2d54ac424bcf2ec1f1982296a71bdfb66530e6af51671e88f78d68a,7df43f1188c236739aca52034c7c97e1bb6285439e8601b786e690abb1961432,add933e69c19c544,45.237419705408605,14.623071420435616,d1a1f6c0482818e2,[],0.0,psp_005150_1490,['train'],1.0,Counter({'train': 1}),val,6361ea5a02addb2a,True,hirise_clean,0,C:\Users\deves\OneDrive\Desktop\Projects\TCMD-SS\data\raw\hirise_v3_2\map-proj-v3_2\PSP_005150_1490_RED-0261.jpg
map-proj-v3_2/PSP_005150_1490_RED-0262.jpg,ok,,JPEG,227.0,227.0,L,1.0,1.0,normal,other,train,psp_005150_1490_red-0262,[],fa1f9fa5e3dc96f16350b94d36f5d3c2bf8a272be5c99c3b8cbcf5341e3b94d4,3d26d7685121716747010a8404c5fd3f533b710bcf69ff69c526d07a2ac2732a,d5d63343d8b62619,66.30976731549225,26.057674800351908,6296df93ca034058,[],0.0,psp_005150_1490,['train'],1.0,Counter({'train': 1}),val,6361ea5a02addb2a,True,hirise_clean,0,C:\Users\deves\OneDrive\Desktop\Projects\TCMD-SS\data\raw\hirise_v3_2\map-proj-v3_2\PSP_005150_1490_RED-0262.jpg
map-proj-v3_2/PSP_005150_1490_RED-0264.jpg,ok,,JPEG,227.0,227.0,L,1.0,1.0,normal,other,train,psp_005150_1490_red-0264,[],2f21d040f80fd64241e26c8bc625f766859f87a6f6191efbedd330279c0b1fdb,6b1e47ca654893a6e9c80d3c8e8850fc4b244e187af76d313439e234806892ca,9b90674cdf82d718,54.25335248112713,24.406050292341504,a14c0e2056be0f1f,[],0.0,psp_005150_1490,['train'],1.0,Counter({'train': 1}),val,6361ea5a02addb2a,True,hirise_clean,0,C:\Users\deves\OneDrive\Desktop\Projects\TCMD-SS\data\raw\hirise_v3_2\map-proj-v3_2\PSP_005150_1490_RED-0264.jpg
map-proj-v3_2/PSP_005150_1490_RED-0265.jpg,ok,,JPEG,227.0,227.0,L,1.0,1.0,normal,other,train,psp_005150_1490_red-0265,[],1f102346679187027c1470bd7e0db7ee9989fd84ffff9bdee9811db625a63b06,bebce276ed659a294ec78d7285affaaeda41a5379bd3757ad0923b4c13742571,99b1669b9425c799,78.06856333326864,17.921984133936906,bc3826666a14cd41,[],0.0,psp_005150_1490,['train'],1.0,Counter({'train': 1}),val,6361ea5a02addb2a,True,hirise_clean,0,C:\Users\deves\OneDrive\Desktop\Projects\TCMD-SS\data\raw\hirise_v3_2\map-proj-v3_2\PSP_005150_1490_RED-0265.jpg
map-proj-v3_2/PSP_005150_1490_RED-0269.jpg,ok,,JPEG,227.0,227.0,L,1.0,1.0,normal,crater,train,psp_005150_1490_red-0269,[],c8eabf531f1b2bae35dac636988c38b3fb290bdb1cf5daf6c9859e00410ab683,5a6c7ea71a3db8f28eec57e6800763f66a807871477fc8ac923b19b554fa7a2f,e6234a1e31292f7b,56.98785150109647,29.07885248495331,a90152cef933e538,[],1.0,psp_005150_1490,['train'],1.0,Counter({'train': 1}),val,6361ea5a02addb2a,True,hirise_clean,0,C:\Users\deves\OneDrive\Desktop\Projects\TCMD-SS\data\raw\hirise_v3_2\map-proj-v3_2\PSP_005150_1490_RED-0269.jpg
map-proj-v3_2/PSP_005150_1490_RED-0271.jpg,ok,,JPEG,227.0,227.0,L,1.0,1.0,normal,other,train,psp_005150_1490_red-0271,[],c9aae27f892103a72e07dab1ca7ff83839deda4fa1f14abe7d40986586f3b28a,481a7bd56f3868d8b2b32791308b538c0edf629b29d5ebe9910e6baf3ef3b294,cd1e2352edde9580,58.71804226746104,36.388968210636655,9ce93bf202d34a18,[],0.0,psp_005150_1490,['train'],1.0,Counter({'train': 1}),val,6361ea5a02addb2a,True,hirise_clean,0,C:\Users\deves\OneDrive\Desktop\Projects\TCMD-SS\data\raw\hirise_v3_2\map-proj-v3_2\PSP_005150_1490_RED-0271.jpg
map-proj-v3_2/PSP_005150_1490_RED-0275.jpg,ok,,JPEG,227.0,227.0,L,1.0,1.0,normal,other,train,psp_005150_1490_red-0275,[],72bd20bfc8c7e2935306e51ec3aaee89bb79b5f69ab2cd0364c7d512461acb0e,587c01d16f84718fb5cdedd5e1d37b82521b83a1191c2672203d981d4f14566e,f9d2838b1f16129b,83.446855168934,17.310642453546244,b2a0f7176d3a40b3,[],0.0,psp_005150_1490,['train'],1.0,Counter({'train': 1}),val,6361ea5a02addb2a,True,hirise_clean,0,C:\Users\deves\OneDrive\Desktop\Projects\TCMD-SS\data\raw\hirise_v3_2\map-proj-v3_2\PSP_005150_1490_RED-0275.jpg
map-proj-v3_2/PSP_006879_2335_RED-0003.jpg,ok,,JPEG,227.0,227.0,L,1.0,1.0,normal,other,train,psp_006879_2335_red-0003,[],dec983d2b0d093dde45458fb377c1fe79c72a73fdbd971884e5fa5f7309db36f,1b5553784c79e0b95f073526ad95304ef93b5e103003fd471548eadbe6a62dbe,bdc322b2781f8176,185.68574977197304,14.61608309489002,699a990820dc36ea,[],0.0,psp_006879_2335,['train'],1.0,Counter({'train': 1}),val,59d2c6861deea26d,True,hirise_clean,0,C:\Users\deves\OneDrive\Desktop\Projects\TCMD-SS\data\raw\hirise_v3_2\map-proj-v3_2\PSP_006879_2335_RED-0003.jpg
map-proj-v3_2/PSP_006879_2335_RED-0004.jpg,ok,,JPEG,227.0,227.0,L,1.0,1.0,normal,other,train,psp_006879_2335_red-0004,[],65120682008a368318c7c82c39117ba6cc0eb26f122afe11fa22b5693be52e51,868d25d63e6b041d659ad91ead3fe03621b2333eb4e2738679a359a59c97d395,8bbf95c721d51682,189.50810223369365,14.16139361547032,0f8fd049d34f6200,[],0.0,psp_006879_2335,['train'],1.0,Counter({'train': 1}),val,59d2c6861deea26d,True,hirise_clean,0,C:\Users\deves\OneDrive\Desktop\Projects\TCMD-SS\data\raw\hirise_v3_2\map-proj-v3_2\PSP_006879_2335_RED-0004.jpg
map-proj-v3_2/PSP_006879_2335_RED-0019.jpg,ok,,JPEG,227.0,227.0,L,1.0,1.0,normal,other,train,psp_006879_2335_red-0019,[],65e70645d1d624841e880b703f83e79f1debe49da3a1b67bd203550f72437594,0145050436a9634b062efe2fc2fb71e95ae3a307ba1f1026f69d03f8c108ae16,cf646e28d4ec22d9,187.74067030215997,14.980884387567633,b791804b232cf604,[],0.0,psp_006879_2335,['train'],1.0,Counter({'train': 1}),val,59d2c6861deea26d,True,hirise_clean,0,C:\Users\deves\OneDrive\Desktop\Projects\TCMD-SS\data\raw\hirise_v3_2\map-proj-v3_2\PSP_006879_2335_RED-0019.jpg
map-proj-v3_2/PSP_006879_2335_RED-0040.jpg,ok,,JPEG,227.0,227.0,L,1.0,1.0,normal,other,train,psp_006879_2335_red-0040,[],62115e094cb1a27232c319cfbe6756b08cd4fac889eb04826d50e05e2fc96472,ac3d96ec9da1346cefbc54da3389191ead70223f9ff333af58c0f64daca81afb,8ab7b233db582e21,194.83787769993597,14.967394314037085,3611dab1287ac576,[],0.0,psp_006879_2335,['train'],1.0,Counter({'train': 1}),val,59d2c6861deea26d,True,hirise_clean,0,C:\Users\deves\OneDrive\Desktop\Projects\TCMD-SS\data\raw\hirise_v3_2\map-proj-v3_2\PSP_006879_2335_RED-0040.jpg
map-proj-v3_2/PSP_006879_2335_RED-0041.jpg,ok,,JPEG,227.0,227.0,L,1.0,1.0,normal,other,train,psp_006879_2335_red-0041,[],bbb36a2673169cc55d500ca3f7a1cc85e7d9e3cfc733a35c1344edb9bf34dc6c,52f27adf8337a0636725ebe56dfbf2aa78bb30c1c82a9c26cca6546212bde6ab,8fc3c9e633c94233,129.13607871295775,81.31295621663502,09e25f82799cdc2f,[],0.0,psp_006879_2335,['train'],1.0,Counter({'train': 1}),val,59d2c6861deea26d,True,hirise_clean,0,C:\Users\deves\OneDrive\Desktop\Projects\TCMD-SS\data\raw\hirise_v3_2\map-proj-v3_2\PSP_006879_2335_RED-0041.jpg
map-proj-v3_2/PSP_006879_2335_RED-0048.jpg,ok,,JPEG,227.0,227.0,L,1.0,1.0,normal,other,train,psp_006879_2335_red-0048,[],6c9b99e546165a073f56dbf84dd22c5bb010f9633695b765f81dfb0c8259fc84,354bcbcc3225777d4c4db4374a8385a2acc7be92cb6d1ec35730e363f3bf07d9,975c476b1d25bc0c,198.9101282772808,15.12364174589876,2a1e9256c7827f01,[],0.0,psp_006879_2335,['train'],1.0,Counter({'train': 1}),val,59d2c6861deea26d,True,hirise_clean,0,C:\Users\deves\OneDrive\Desktop\Projects\TCMD-SS\data\raw\hirise_v3_2\map-proj-v3_2\PSP_006879_2335_RED-0048.jpg
map-proj-v3_2/PSP_006879_2335_RED-0063.jpg,ok,,JPEG,227.0,227.0,L,1.0,1.0,normal,other,train,psp_006879_2335_red-0063,[],515fe26a4a9a2b04135387b0059c817d87e88867a826e9403c5829caf9285713,831cabf5fdcf4fa98831027e619f5c984137064fa8f3cd74e93c88c0e18898a8,80ff00bf13992cf6,177.28774088377418,24.06142183102448,5742cc09125ec923,[],0.0,psp_006879_2335,['train'],1.0,Counter({'train': 1}),val,59d2c6861deea26d,True,hirise_clean,0,C:\Users\deves\OneDrive\Desktop\Projects\TCMD-SS\data\raw\hirise_v3_2\map-proj-v3_2\PSP_006879_2335_RED-0063.jpg
map-proj-v3_2/PSP_006879_2335_RED-0070.jpg,ok,,JPEG,227.0,227.0,L,1.0,1.0,normal,crater,train,psp_006879_2335_red-0070,[],a6da2a43d41ab50e5c84aa84e94fad54aaabc643c5d94adb0b336f00878811b5,15346767bbd49bfc69dfbca8541cb8e509f4fcdea565319fc4cab04c6b8e8994,b31bcc6613d98c66,177.64567525082964,15.830885903504482,5d6271983cbd2bc1,['group_label_conflict'],1.0,psp_006879_2335,['train'],1.0,Counter({'train': 1}),val,59d2c6861deea26d,True,hirise_clean,0,C:\Users\deves\OneDrive\Desktop\Projects\TCMD-SS\data\raw\hirise_v3_2\map-proj-v3_2\PSP_006879_2335_RED-0070.jpg
map-proj-v3_2/PSP_006879_2335_RED-0072.jpg,ok,,JPEG,227.0,227.0,L,1.0,1.0,normal,other,train,psp_006879_2335_red-0072,[],304d728f3e770bc0b4c0842f7d6c76991cd33073dbd036a7c8754bf0f25bd0aa,175c40b6c10b7ac7f55827f357734c3aac2d60a7d5153476f9080c74b2f78772,b21345e4bb69368b,184.7207203710532,13.055852152004746,d3f22035d0457152,[],0.0,psp_006879_2335,['train'],1.0,Counter({'train': 1}),val,59d2c6861deea26d,True,hirise_clean,0,C:\Users\deves\OneDrive\Desktop\Projects\TCMD-SS\data\raw\hirise_v3_2\map-proj-v3_2\PSP_006879_2335_RED-0072.jpg
map-proj-v3_2/PSP_006879_2335_RED-0080.jpg,ok,,JPEG,227.0,227.0,L,1.0,1.0,normal,other,train,psp_006879_2335_red-0080,[],52d510d1ea83ee3b83d5d2563592d02bed8c93b171a705ff6e2ab8ee80349fa2,46fbe176ebac21ca0a893f6e16fad8a520ec1715cbbb2ab0638bfc8af0186817,f01b1c66bb39948e,179.50367754080227,14.829455131209684,e6e1f7c54036ca26,[],0.0,psp_006879_2335,['train'],1.0,Counter({'train': 1}),val,59d2c6861deea26d,True,hirise_clean,0,C:\Users\deves\OneDrive\Desktop\Projects\TCMD-SS\data\raw\hirise_v3_2\map-proj-v3_2\PSP_006879_2335_RED-0080.jpg
map-proj-v3_2/PSP_006879_2335_RED-0085.jpg,ok,,JPEG,227.0,227.0,L,1.0,1.0,normal,other,train,psp_006879_2335_red-0085,[],f615258c176e0176b64eb4bd5e7980b62b77b6c9ff506905c3d2382c6fd6b7c1,8e60aa1e4e34f06be06b7638209645f2f90acd1e1f3b0689a596ec436c39e4ef,af1289f49b4d6685,178.1361757456966,15.58597994243002,1116c17467886368,[],0.0,psp_006879_2335,['train'],1.0,Counter({'train': 1}),val,59d2c6861deea26d,True,hirise_clean,0,C:\Users\deves\OneDrive\Desktop\Projects\TCMD-SS\data\raw\hirise_v3_2\map-proj-v3_2\PSP_006879_2335_RED-0085.jpg
map-proj-v3_2/PSP_006879_2335_RED-0089.jpg,ok,,JPEG,227.0,227.0,L,1.0,1.0,normal,other,train,psp_006879_2335_red-0089,[],c0d43395ae21ff66a87919b05b6db5dce6d0231352b266e8046385620fc1edaf,76576b016a79a9e5d61f581792364e653d175e2e185f8581157aff14ff9d390d,89f75e229b195703,176.3101166333521,15.026480366110867,a250edc6565af7a9,[],0.0,psp_006879_2335,['train'],1.0,Counter({'train': 1}),val,59d2c6861deea26d,True,hirise_clean,0,C:\Users\deves\OneDrive\Desktop\Projects\TCMD-SS\data\raw\hirise_v3_2\map-proj-v3_2\PSP_006879_2335_RED-0089.jpg
map-proj-v3_2/PSP_006879_2335_RED-0092.jpg,ok,,JPEG,227.0,227.0,L,1.0,1.0,normal,other,train,psp_006879_2335_red-0092,[],d95c1db334455a1a12e7803e3d50528338a9d25defa23cf34cfb7bdf2fff2d22,56d12785ef97254e15734871af09cb5fd4093a9b8859467a412c424dfceb5cc5,9588cc83e857b3f8,172.32587475014068,15.14304087164588,886df39653888671,[],0.0,psp_006879_2335,['train'],1.0,Counter({'train': 1}),val,59d2c6861deea26d,True,hirise_clean,0,C:\Users\deves\OneDrive\Desktop\Projects\TCMD-SS\data\raw\hirise_v3_2\map-proj-v3_2\PSP_006879_2335_RED-0092.jpg
map-proj-v3_2/PSP_006879_2335_RED-0098.jpg,ok,,JPEG,227.0,227.0,L,1.0,1.0,normal,other,train,psp_006879_2335_red-0098,[],c7ab115940f2168b6e699a93d9200acaf5e4c02549ec5f9d72012769f0372bf1,2fcd4f9e2339578341c970967ea4ad1757308ae59ed3ea2c926961a921707b4b,c686e3d16a7a29a9,179.29734712491995,15.066085766126902,faf3c29412696ab7,[],0.0,psp_006879_2335,['train'],1.0,Counter({'train': 1}),val,59d2c6861deea26d,True,hirise_clean,0,C:\Users\deves\OneDrive\Desktop\Projects\TCMD-SS\data\raw\hirise_v3_2\map-proj-v3_2\PSP_006879_2335_RED-0098.jpg
map-proj-v3_2/PSP_006879_2335_RED-0110.jpg,ok,,JPEG,227.0,227.0,L,1.0,1.0,normal,other,train,psp_006879_2335_red-0110,[],33cc8aad341826bab025f01cb6ba817e409e75738a5fe7979a501e8e5c48199a,5ea24ad9fdb9c8e6a7d7f69658b6f37a27eb029a5a0f85e69395a0361cb54341,ad3acd289aad2d86,176.17357216324788,14.5337557530766,ca4841296e7028bc,[],0.0,psp_006879_2335,['train'],1.0,Counter({'train': 1}),val,59d2c6861deea26d,True,hirise_clean,0,C:\Users\deves\OneDrive\Desktop\Projects\TCMD-SS\data\raw\hirise_v3_2\map-proj-v3_2\PSP_006879_2335_RED-0110.jpg
map-proj-v3_2/PSP_006879_2335_RED-0118.jpg,ok,,JPEG,227.0,227.0,L,1.0,1.0,normal,other,train,psp_006879_2335_red-0118,[],d30e41c82d7f9e9495fe1728df9dfa023ec2531b29bfd73206963764ddec1515,09d420819a390881acf995fc37b1805a66c1c1564df0a2793f409c1492f81298,b13d6407546eb713,161.06631217372745,13.211691274767825,fa3325ce53182bc1,[],0.0,psp_006879_2335,['train'],1.0,Counter({'train': 1}),val,59d2c6861deea26d,True,hirise_clean,0,C:\Users\deves\OneDrive\Desktop\Projects\TCMD-SS\data\raw\hirise_v3_2\map-proj-v3_2\PSP_006879_2335_RED-0118.jpg
map-proj-v3_2/PSP_006879_2335_RED-0128.jpg,ok,,JPEG,227.0,227.0,L,1.0,1.0,normal,other,train,psp_006879_2335_red-0128,[],656d617c511b10116567e328cdb0b227fdc93162c4d261613ca3462abd9a50af,89e7fc0ee7036648b9bd46adfa26cae74570b6adad97c44c8138b1b1d9f5c7b0,ee329bc432ca49ad,177.4587707892643,15.205365537057007,79e4a6e234bcae04,[],0.0,psp_006879_2335,['train'],1.0,Counter({'train': 1}),val,59d2c6861deea26d,True,hirise_clean,0,C:\Users\deves\OneDrive\Desktop\Projects\TCMD-SS\data\raw\hirise_v3_2\map-proj-v3_2\PSP_006879_2335_RED-0128.jpg
map-proj-v3_2/PSP_006879_2335_RED-0133.jpg,ok,,JPEG,227.0,227.0,L,1.0,1.0,normal,other,train,psp_006879_2335_red-0133,[],10f5b11b649d6a968239eb2b3bb06eb0ae87d0a44dd996ff7e8e788de3203114,bd7660bef7a4efa01f0c66eacdf9d0e2f1a7a9b3c3aa01d3768d03b4525f5f1b,9f178d279308ae65,175.44248869568594,13.222450496657482,1fcb3c74459f07f1,[],0.0,psp_006879_2335,['train'],1.0,Counter({'train': 1}),val,59d2c6861deea26d,True,hirise_clean,0,C:\Users\deves\OneDrive\Desktop\Projects\TCMD-SS\data\raw\hirise_v3_2\map-proj-v3_2\PSP_006879_2335_RED-0133.jpg
map-proj-v3_2/PSP_006879_2335_RED-0134.jpg,ok,,JPEG,227.0,227.0,L,1.0,1.0,normal,other,train,psp_006879_2335_red-0134,[],05ccd5eeea4172c0f642af57b75a2e5d0e88050f409ef4527ff7e095f120927d,f9521dd86fdbbfc1226926953f4d3d42dd7e484c7fb10f0625b307d0c7e60597,acb6d774944343b8,174.31230957325002,15.209010420880508,0e6ba498a81cf96a,[],0.0,psp_006879_2335,['train'],1.0,Counter({'train': 1}),val,59d2c6861deea26d,True,hirise_clean,0,C:\Users\deves\OneDrive\Desktop\Projects\TCMD-SS\data\raw\hirise_v3_2\map-proj-v3_2\PSP_006879_2335_RED-0134.jpg
map-proj-v3_2/PSP_006879_2335_RED-0136.jpg,ok,,JPEG,227.0,227.0,L,1.0,1.0,normal,other,train,psp_006879_2335_red-0136,[],925b39c00cf1cc448a1481b2f64ded42eaa9d880334ffb76f8e9529100e772b5,10641dc2540badf8b3a3c5b52c27fb046c9e254942704d0286c0109492ee83f2,f99c2a94e329a5b4,179.52681014574318,15.53998536102698,40aefc687e7a2a95,[],0.0,psp_006879_2335,['train'],1.0,Counter({'train': 1}),val,59d2c6861deea26d,True,hirise_clean,0,C:\Users\deves\OneDrive\Desktop\Projects\TCMD-SS\data\raw\hirise_v3_2\map-proj-v3_2\PSP_006879_2335_RED-0136.jpg
map-proj-v3_2/PSP_006879_2335_RED-0137.jpg,ok,,JPEG,227.0,227.0,L,1.0,1.0,normal,other,train,psp_006879_2335_red-0137,[],9230dc4e10880a774691e66f80b667b8cba86d773038a9df214fb5b16f238760,257eed211f02d62e2d20ed91a687f7e45528006157d44465b1155c7892cd59fe,d9dc8560b7939456,179.40829435851657,15.349555661055872,06724b7d7a44250e,[],0.0,psp_006879_2335,['train'],1.0,Counter({'train': 1}),val,59d2c6861deea26d,True,hirise_clean,0,C:\Users\deves\OneDrive\Desktop\Projects\TCMD-SS\data\raw\hirise_v3_2\map-proj-v3_2\PSP_006879_2335_RED-0137.jpg
map-proj-v3_2/PSP_006879_2335_RED-0140.jpg,ok,,JPEG,227.0,227.0,L,1.0,1.0,normal,other,train,psp_006879_2335_red-0140,[],b6204bdc4f39c184d336d459cf35eb15b1cd96bb86a5acf2c763b3aa796626da,ea66c4cc90adc0b0348337277d543bcd074e2a86efb92c2fdaff88c1e1de05cd,97c0e0a959fc9f81,177.83729550350287,15.109891911564969,746b59162da07d24,[],0.0,psp_006879_2335,['train'],1.0,Counter({'train': 1}),val,59d2c6861deea26d,True,hirise_clean,0,C:\Users\deves\OneDrive\Desktop\Projects\TCMD-SS\data\raw\hirise_v3_2\map-proj-v3_2\PSP_006879_2335_RED-0140.jpg
map-proj-v3_2/PSP_006879_2335_RED-0144.jpg,ok,,JPEG,227.0,227.0,L,1.0,1.0,normal,other,train,psp_006879_2335_red-0144,[],20b38a76d8cfc3f3537671b45d16e6e05c76e2c0bc8826a218d2bc2f0e86a8bf,5ee922c9cd73f5327c514997fcd7d46d20d47a1ed4b02affa94a395e50b10ef3,d6f168255e17207e,182.9241398047701,14.626178574770522,0381be10d7b5e187,[],0.0,psp_006879_2335,['train'],1.0,Counter({'train': 1}),val,59d2c6861deea26d,True,hirise_clean,0,C:\Users\deves\OneDrive\Desktop\Projects\TCMD-SS\data\raw\hirise_v3_2\map-proj-v3_2\PSP_006879_2335_RED-0144.jpg
map-proj-v3_2/PSP_006879_2335_RED-0145.jpg,ok,,JPEG,227.0,227.0,L,1.0,1.0,normal,other,train,psp_006879_2335_red-0145,[],55500e89cf48dded0b1a8239ec828345eff68ebf60cfad30841fc7e2d2c0dcd0,7b79094c05226a304f5250f400230eab6787eaf30ed1745cc14bc1a6790f84ab,db346462998d6477,164.12251353606706,14.484365500527,e0c514ee6161176a,[],0.0,psp_006879_2335,['train'],1.0,Counter({'train': 1}),val,59d2c6861deea26d,True,hirise_clean,0,C:\Users\deves\OneDrive\Desktop\Projects\TCMD-SS\data\raw\hirise_v3_2\map-proj-v3_2\PSP_006879_2335_RED-0145.jpg
map-proj-v3_2/PSP_006879_2335_RED-0155.jpg,ok,,JPEG,227.0,227.0,L,1.0,1.0,normal,other,train,psp_006879_2335_red-0155,[],6e3e75648f132ad78fb6180ed626fcf45ed949ee795d4e20794dcc1963cd2235,66c488be6f62a6d892db00a58ba27845bf2a2e7c400d2f079f41a38783be0353,b19b247a6cb75318,176.18034504841933,13.05905141411067,5deecf2ee3cd1d91,[],0.0,psp_006879_2335,['train'],1.0,Counter({'train': 1}),val,59d2c6861deea26d,True,hirise_clean,0,C:\Users\deves\OneDrive\Desktop\Projects\TCMD-SS\data\raw\hirise_v3_2\map-proj-v3_2\PSP_006879_2335_RED-0155.jpg
map-proj-v3_2/PSP_006879_2335_RED-0159.jpg,ok,,JPEG,227.0,227.0,L,1.0,1.0,normal,other,train,psp_006879_2335_red-0159,[],701186fb7b05cc61022bef8fe4f699234582090013f2959d435887ccb8a87f68,dacc5124c01f0d697f357a199d2719aaa20bca939a7a2c3ec7daa6f64639f1f4,93ade49549e5d132,174.52387975703002,14.808143727345112,a9bad193315ea451,[],0.0,psp_006879_2335,['train'],1.0,Counter({'train': 1}),val,59d2c6861deea26d,True,hirise_clean,0,C:\Users\deves\OneDrive\Desktop\Projects\TCMD-SS\data\raw\hirise_v3_2\map-proj-v3_2\PSP_006879_2335_RED-0159.jpg
map-proj-v3_2/PSP_006879_2335_RED-0164.jpg,ok,,JPEG,227.0,227.0,L,1.0,1.0,normal,other,train,psp_006879_2335_red-0164,[],83f687356331efe50087c86581187fc53c551577c1a6ae58999f61af09dd2038,5785304afc36e0a839a86447567902059a57de925fd967cbdcbcccdcc816f7a7,be1a8e67b2876285,160.1651885346116,14.527538952564118,2f16c2e57440f14c,[],0.0,psp_006879_2335,['train'],1.0,Counter({'train': 1}),val,59d2c6861deea26d,True,hirise_clean,0,C:\Users\deves\OneDrive\Desktop\Projects\TCMD-SS\data\raw\hirise_v3_2\map-proj-v3_2\PSP_006879_2335_RED-0164.jpg
map-proj-v3_2/PSP_006879_2335_RED-0165.jpg,ok,,JPEG,227.0,227.0,L,1.0,1.0,normal,other,train,psp_006879_2335_red-0165,[],b0dc1ec0cc6bb4fd9747d4d20f01771feadc4d041e634982fcbb8fb7dd27ea3c,b3da9c2b58083dd7e03f2a72c7145a5540ccb16315b74e033edd4ff8b5becfc7,9a9b3416798ce715,171.39928972035165,13.400802577198432,f5344062e63c9967,[],0.0,psp_006879_2335,['train'],1.0,Counter({'train': 1}),val,59d2c6861deea26d,True,hirise_clean,0,C:\Users\deves\OneDrive\Desktop\Projects\TCMD-SS\data\raw\hirise_v3_2\map-proj-v3_2\PSP_006879_2335_RED-0165.jpg
map-proj-v3_2/PSP_006879_2335_RED-0176.jpg,ok,,JPEG,227.0,227.0,L,1.0,1.0,normal,other,train,psp_006879_2335_red-0176,[],ec4896a2455cee2388fd78bc6c6d7759207141eb4745154c8d4451a27bfe120e,6e5f1fa65ef92e7182c3751acb03d6562c8d23d6713d64f7d39c6c75ad861a96,ee626a2afec31838,179.2740592675969,14.591406813861504,1fe0ce2601da8cb3,[],0.0,psp_006879_2335,['train'],1.0,Counter({'train': 1}),val,59d2c6861deea26d,True,hirise_clean,0,C:\Users\deves\OneDrive\Desktop\Projects\TCMD-SS\data\raw\hirise_v3_2\map-proj-v3_2\PSP_006879_2335_RED-0176.jpg
map-proj-v3_2/PSP_006879_2335_RED-0178.jpg,ok,,JPEG,227.0,227.0,L,1.0,1.0,normal,other,train,psp_006879_2335_red-0178,[],279dd6a89f06f90fbe6241cfbeab530217f8b1b2aa497534053fa1dd4c1a0521,acefb4a863f55b013a862c0809aab2840812b2e0de8a14462df9c4fb1e7196f2,cb4b096d371a4d27,180.5710764812048,14.233403095345226,92e8d11cc7d20574,[],0.0,psp_006879_2335,['train'],1.0,Counter({'train': 1}),val,59d2c6861deea26d,True,hirise_clean,0,C:\Users\deves\OneDrive\Desktop\Projects\TCMD-SS\data\raw\hirise_v3_2\map-proj-v3_2\PSP_006879_2335_RED-0178.jpg
map-proj-v3_2/PSP_006879_2335_RED-0183.jpg,ok,,JPEG,227.0,227.0,L,1.0,1.0,normal,other,train,psp_006879_2335_red-0183,[],8e881dbf002733f65e01ff492e1746c1f9879daf44fdf51218c3678c7f0502d4,b888ac0c65260de96d9e20d14bf68f3c436ecc5394a9b52bc24555d0836e0221,f093ec0742aa3bab,160.36913194511828,15.42890130198906,f2538220da3c51d3,[],0.0,psp_006879_2335,['train'],1.0,Counter({'train': 1}),val,59d2c6861deea26d,True,hirise_clean,0,C:\Users\deves\OneDrive\Desktop\Projects\TCMD-SS\data\raw\hirise_v3_2\map-proj-v3_2\PSP_006879_2335_RED-0183.jpg
map-proj-v3_2/PSP_006879_2335_RED-0194.jpg,ok,,JPEG,227.0,227.0,L,1.0,1.0,normal,other,train,psp_006879_2335_red-0194,[],9cd8053bba97a7decf46847eb071d2fcec504f1ee94cd2f38171570c95ff85e9,2e328a8e54852447749906e1fe50bca6f25f720c4af529309be90a7ca1a07c2a,cc7372380e23797c,167.113605930641,14.376332533733851,35ba52c9b8af5916,[],0.0,psp_006879_2335,['train'],1.0,Counter({'train': 1}),val,59d2c6861deea26d,True,hirise_clean,0,C:\Users\deves\OneDrive\Desktop\Projects\TCMD-SS\data\raw\hirise_v3_2\map-proj-v3_2\PSP_006879_2335_RED-0194.jpg
map-proj-v3_2/PSP_006879_2335_RED-0196.jpg,ok,,JPEG,227.0,227.0,L,1.0,1.0,normal,other,train,psp_006879_2335_red-0196,[],8e1c42a5d36a4f9ad69dcc6f163048b805fe192b04c07121b9326efb19c17951,8cc06d4dfe6408eed64a47a470c3bb51140d04538102909fae84c48bdc62f8d1,99fec7138bc8249a,161.45034834753247,15.517666771597195,7d9a53b30b6f1186,[],0.0,psp_006879_2335,['train'],1.0,Counter({'train': 1}),val,59d2c6861deea26d,True,hirise_clean,0,C:\Users\deves\OneDrive\Desktop\Projects\TCMD-SS\data\raw\hirise_v3_2\map-proj-v3_2\PSP_006879_2335_RED-0196.jpg
map-proj-v3_2/PSP_006879_2335_RED-0207.jpg,ok,,JPEG,227.0,227.0,L,1.0,1.0,normal,other,train,psp_006879_2335_red-0207,[],2f00a5bcf659fb25cc0411d0fe4ee3a2bd9fde236a942f0b65d3f0725b2e08c3,b1df0a5244ccd3d2fa76b0d817295cc93b706c08e9620e6932adc4a3d45cf342,939f3725715d4628,167.39985251023694,14.391869864581642,35963611c457c2f0,[],0.0,psp_006879_2335,['train'],1.0,Counter({'train': 1}),val,59d2c6861deea26d,True,hirise_clean,0,C:\Users\deves\OneDrive\Desktop\Projects\TCMD-SS\data\raw\hirise_v3_2\map-proj-v3_2\PSP_006879_2335_RED-0207.jpg
map-proj-v3_2/PSP_006879_2335_RED-0208.jpg,ok,,JPEG,227.0,227.0,L,1.0,1.0,normal,other,train,psp_006879_2335_red-0208,[],9fddaa0460c0e8d9dafdd5b52b6d437e938e7ad2ee31eb74a58b3d3f3b21776c,0acc3a65c7b139c053f47e07743f5347b247946e83ba5941f3ab7217e3863c66,d968e0315acb3f15,164.19350268780687,16.471328280800158,b053ffc7d408b56a,[],0.0,psp_006879_2335,['train'],1.0,Counter({'train': 1}),val,59d2c6861deea26d,True,hirise_clean,0,C:\Users\deves\OneDrive\Desktop\Projects\TCMD-SS\data\raw\hirise_v3_2\map-proj-v3_2\PSP_006879_2335_RED-0208.jpg
map-proj-v3_2/PSP_006879_2335_RED-0215.jpg,ok,,JPEG,227.0,227.0,L,1.0,1.0,normal,other,train,psp_006879_2335_red-0215,[],b9270d667fe09da5c8aaa2abd843b5adcdb18ccb6befdcab3c17d6d32af526a0,c52c3a8f5bb267d97280a585168c249c3dba0dce7eb83b707f9994f56602730b,eabaa919c799990c,152.96799860272856,14.195318881387072,1c6af12f4055b6f7,[],0.0,psp_006879_2335,['train'],1.0,Counter({'train': 1}),val,59d2c6861deea26d,True,hirise_clean,0,C:\Users\deves\OneDrive\Desktop\Projects\TCMD-SS\data\raw\hirise_v3_2\map-proj-v3_2\PSP_006879_2335_RED-0215.jpg
map-proj-v3_2/PSP_006879_2335_RED-0216.jpg,ok,,JPEG,227.0,227.0,L,1.0,1.0,normal,other,train,psp_006879_2335_red-0216,[],dc91c8e444a911928f9f2e515016995a2555f12b0739a1373acdfe026b5de448,093333ed660677c02f5b0f5cfbbd0b5e47ad2223a00d01965b425818ef568b24,8e43db0e317a39c9,156.13796114809136,13.00838930696458,6575cb31ad2c3c98,[],0.0,psp_006879_2335,['train'],1.0,Counter({'train': 1}),val,59d2c6861deea26d,True,hirise_clean,0,C:\Users\deves\OneDrive\Desktop\Projects\TCMD-SS\data\raw\hirise_v3_2\map-proj-v3_2\PSP_006879_2335_RED-0216.jpg
map-proj-v3_2/PSP_006879_2335_RED-0225.jpg,ok,,JPEG,227.0,227.0,L,1.0,1.0,normal,other,train,psp_006879_2335_red-0225,[],9b01cb3eed20f7a930cfb018b8ec508b432038288e39bf046aa48d71d8f786dd,2349100fcfcb577c2f79c500fdcd5541d39ae50b5d5baf19f1337c1b24fff534,95d555d546b39948,156.67265035222883,22.734702584117063,987a61c89880f764,[],0.0,psp_006879_2335,['train'],1.0,Counter({'train': 1}),val,59d2c6861deea26d,True,hirise_clean,0,C:\Users\deves\OneDrive\Desktop\Projects\TCMD-SS\data\raw\hirise_v3_2\map-proj-v3_2\PSP_006879_2335_RED-0225.jpg
map-proj-v3_2/PSP_006879_2335_RED-0230.jpg,ok,,JPEG,227.0,227.0,L,1.0,1.0,normal,other,train,psp_006879_2335_red-0230,[],a09ad1f11541ca3fd715a2d0d89e968c26dea6cfcb006ae7a91fdf8cebe30606,f821b4dad57a5e5db8f869af5635fe5f58485e6b1d17aa41b65427b76ee431fe,cc7a6d22ada55554,161.3661627433096,16.60053776388963,b621f7a7098a1d7a,[],0.0,psp_006879_2335,['train'],1.0,Counter({'train': 1}),val,59d2c6861deea26d,True,hirise_clean,0,C:\Users\deves\OneDrive\Desktop\Projects\TCMD-SS\data\raw\hirise_v3_2\map-proj-v3_2\PSP_006879_2335_RED-0230.jpg
map-proj-v3_2/PSP_006879_2335_RED-0232.jpg,ok,,JPEG,227.0,227.0,L,1.0,1.0,normal,other,train,psp_006879_2335_red-0232,[],d954fdb822f33912ea394903d2e2c2c201f4bb9a3dcb11fbb1975b9ee56d8bff,6971a47b1686c03f73c261a28a21b70f836b2ee4c01454104d878faae274bb50,da492d0ce5f0d4f8,120.42347027887207,72.90978534986994,d4df65edfbb09a2a,[],0.0,psp_006879_2335,['train'],1.0,Counter({'train': 1}),val,59d2c6861deea26d,True,hirise_clean,0,C:\Users\deves\OneDrive\Desktop\Projects\TCMD-SS\data\raw\hirise_v3_2\map-proj-v3_2\PSP_006879_2335_RED-0232.jpg
map-proj-v3_2/PSP_006879_2335_RED-0236.jpg,ok,,JPEG,227.0,227.0,L,1.0,1.0,normal,other,train,psp_006879_2335_red-0236,[],56ea793f03e4a251e7964673e4c28c2583a7c73dcb3fb908bdb1a9ba3e711883,fa1512fc863f54d87db5bba9d70a3b3e47d621046d8e2b5d0837875e73115120,da69a549f03833f8,122.4256049991267,76.43332160167903,d1b0b5f9448adde2,[],0.0,psp_006879_2335,['train'],1.0,Counter({'train': 1}),val,59d2c6861deea26d,True,hirise_clean,0,C:\Users\deves\OneDrive\Desktop\Projects\TCMD-SS\data\raw\hirise_v3_2\map-proj-v3_2\PSP_006879_2335_RED-0236.jpg
map-proj-v3_2/PSP_006879_2335_RED-0246.jpg,ok,,JPEG,227.0,227.0,L,1.0,1.0,normal,other,train,psp_006879_2335_red-0246,[],e4f4964e0a0da619aedd13896ed38986d1e1475451a070844be7c7b93df17a8d,ab7e95dbccd79ebf077c7c0c842ec4d904716e8b1024adbce97a56d67394aeaf,bbd82e565790ab05,163.069456034466,13.3492376820265,28a89a3f6ea16f60,[],0.0,psp_006879_2335,['train'],1.0,Counter({'train': 1}),val,59d2c6861deea26d,True,hirise_clean,0,C:\Users\deves\OneDrive\Desktop\Projects\TCMD-SS\data\raw\hirise_v3_2\map-proj-v3_2\PSP_006879_2335_RED-0246.jpg
map-proj-v3_2/PSP_006879_2335_RED-0250.jpg,ok,,JPEG,227.0,227.0,L,1.0,1.0,normal,other,train,psp_006879_2335_red-0250,[],f1c327d8439cc1fd85bdd953600a753aa35ab27e8ece4abef15a7918f366700a,c8a2fd768a1c66c23adc9a3ac3a235816a51e218feb8a0cc2fb41f8f0f0cc3e4,c17c2f64da2c266b,160.14591783267676,13.68445165568889,7af73391c633ac61,[],0.0,psp_006879_2335,['train'],1.0,Counter({'train': 1}),val,59d2c6861deea26d,True,hirise_clean,0,C:\Users\deves\OneDrive\Desktop\Projects\TCMD-SS\data\raw\hirise_v3_2\map-proj-v3_2\PSP_006879_2335_RED-0250.jpg
map-proj-v3_2/PSP_006879_2335_RED-0253.jpg,ok,,JPEG,227.0,227.0,L,1.0,1.0,normal,other,train,psp_006879_2335_red-0253,[],6a8314fa2930644796d525cf865d052d431cbe4ae70c2cf104b1db317a33872d,0126f19b3cf8bcf3a7859df7d463585c8c428cabcece806283f7a71bd47fa466,97f40cb6d9287079,170.1928428651827,14.765295387587782,7169997ef15a20af,[],0.0,psp_006879_2335,['train'],1.0,Counter({'train': 1}),val,59d2c6861deea26d,True,hirise_clean,0,C:\Users\deves\OneDrive\Desktop\Projects\TCMD-SS\data\raw\hirise_v3_2\map-proj-v3_2\PSP_006879_2335_RED-0253.jpg
map-proj-v3_2/PSP_006879_2335_RED-0260.jpg,ok,,JPEG,227.0,227.0,L,1.0,1.0,normal,other,train,psp_006879_2335_red-0260,[],53580c28e070d8e3f17273adea844510e735a17d8dd63878cb2302098decde85,279d324905250f1426803c13f3945dc3c7bedd3a6d174858297393979e29b5d7,bd4aa46d31bb8195,153.47546042034585,14.035306738102204,ff4b62705cfa172b,[],0.0,psp_006879_2335,['train'],1.0,Counter({'train': 1}),val,59d2c6861deea26d,True,hirise_clean,0,C:\Users\deves\OneDrive\Desktop\Projects\TCMD-SS\data\raw\hirise_v3_2\map-proj-v3_2\PSP_006879_2335_RED-0260.jpg
map-proj-v3_2/PSP_006879_2335_RED-0263.jpg,ok,,JPEG,227.0,227.0,L,1.0,1.0,normal,other,train,psp_006879_2335_red-0263,[],85498c3efb936724297c262f97b70ea6a2b3ac92b5c277a7341b4ae787f5263a,84aeb3061542d60eea8bb29356be3ad68f5c249a106a244bb1879b84b1c5b6ba,fa1d0f679b0120bb,167.56867006928138,14.978992749051033,b236261d884b47f9,[],0.0,psp_006879_2335,['train'],1.0,Counter({'train': 1}),val,59d2c6861deea26d,True,hirise_clean,0,C:\Users\deves\OneDrive\Desktop\Projects\TCMD-SS\data\raw\hirise_v3_2\map-proj-v3_2\PSP_006879_2335_RED-0263.jpg
map-proj-v3_2/PSP_006879_2335_RED-0268.jpg,ok,,JPEG,227.0,227.0,L,1.0,1.0,normal,other,train,psp_006879_2335_red-0268,[],8ea1c34851b13a7bf32ab8d6fec60a8dbd8e06e6c4104fa9ea7d10981e699b3c,bc6ebc2f45e2d6d57ceaec59bcf89fb91055dfd17f21ed6e466bd2b1cd9337f1,c86272fb397908dc,166.55896679539677,14.50771294099531,9c1940265a0a801e,[],0.0,psp_006879_2335,['train'],1.0,Counter({'train': 1}),val,59d2c6861deea26d,True,hirise_clean,0,C:\Users\deves\OneDrive\Desktop\Projects\TCMD-SS\data\raw\hirise_v3_2\map-proj-v3_2\PSP_006879_2335_RED-0268.jpg
map-proj-v3_2/PSP_006879_2335_RED-0272.jpg,ok,,JPEG,227.0,227.0,L,1.0,1.0,normal,other,train,psp_006879_2335_red-0272,[],37ef74002e6ac8c99a5c25d151864694c6db55a35b68ab7c4629878066de69ce,29a817d217303863e0693f0e81b84dc100f4277ba8b62abbe577321cbc6a0e6a,b2e9aef653993410,160.83242446001282,13.6441539528141,230148720f81d444,[],0.0,psp_006879_2335,['train'],1.0,Counter({'train': 1}),val,59d2c6861deea26d,True,hirise_clean,0,C:\Users\deves\OneDrive\Desktop\Projects\TCMD-SS\data\raw\hirise_v3_2\map-proj-v3_2\PSP_006879_2335_RED-0272.jpg
map-proj-v3_2/PSP_006879_2335_RED-0281.jpg,ok,,JPEG,227.0,227.0,L,1.0,1.0,normal,other,train,psp_006879_2335_red-0281,[],4a2b904babcf1ba5e4b1e2ab379d8af131e5e17ce93106452671210c766dcdb8,715917d55046998e5d050f2ad8e21320caa38e81b10a19c6fe0a824efcfc6ee3,9ec771c1d9c8718a,103.64839216751731,74.09511298717729,38f7250318c64a82,[],0.0,psp_006879_2335,['train'],1.0,Counter({'train': 1}),val,59d2c6861deea26d,True,hirise_clean,0,C:\Users\deves\OneDrive\Desktop\Projects\TCMD-SS\data\raw\hirise_v3_2\map-proj-v3_2\PSP_006879_2335_RED-0281.jpg
map-proj-v3_2/PSP_006879_2335_RED-0285.jpg,ok,,JPEG,227.0,227.0,L,1.0,1.0,normal,other,train,psp_006879_2335_red-0285,[],8400517189359411a7bffdc85a84cfc25842ecb47b2acb4d6c63d171623531d1,53a945d10e5118ee51204f8c5c93bdd23329acf626eb2c1a7c6f5554c8a67c85,f9c0660be92ea751,154.9249742863242,14.71054726613649,ad09ca9c839be18c,[],0.0,psp_006879_2335,['train'],1.0,Counter({'train': 1}),val,59d2c6861deea26d,True,hirise_clean,0,C:\Users\deves\OneDrive\Desktop\Projects\TCMD-SS\data\raw\hirise_v3_2\map-proj-v3_2\PSP_006879_2335_RED-0285.jpg
map-proj-v3_2/PSP_006879_2335_RED-0291.jpg,ok,,JPEG,227.0,227.0,L,1.0,1.0,normal,other,train,psp_006879_2335_red-0291,[],31f31a334378e44019c73ce08c23b88266604c89f8f37d635162bc6c40f1f911,c4113095ea6667933b3780843177c699e09d2acf8d189dc2a14d5e6a3c40ba1f,807dbe5e0bf0689a,142.4298938461837,52.25536641095552,2b71d8d7c89cb356,[],0.0,psp_006879_2335,['train'],1.0,Counter({'train': 1}),val,59d2c6861deea26d,True,hirise_clean,0,C:\Users\deves\OneDrive\Desktop\Projects\TCMD-SS\data\raw\hirise_v3_2\map-proj-v3_2\PSP_006879_2335_RED-0291.jpg
map-proj-v3_2/PSP_006879_2335_RED-0294.jpg,ok,,JPEG,227.0,227.0,L,1.0,1.0,normal,other,train,psp_006879_2335_red-0294,[],9830a5e5045ef27f94586e9734883a9a5a340f56cf6a48aa94e646ef8b0992c3,42b9903487684cbc8b29361406c8b5b51e6cc394e025917a0026f118ccf5eacb,fa59c3729a486e61,152.85062780182034,15.074731061833017,d66f460263e01927,[],0.0,psp_006879_2335,['train'],1.0,Counter({'train': 1}),val,59d2c6861deea26d,True,hirise_clean,0,C:\Users\deves\OneDrive\Desktop\Projects\TCMD-SS\data\raw\hirise_v3_2\map-proj-v3_2\PSP_006879_2335_RED-0294.jpg
map-proj-v3_2/PSP_006879_2335_RED-0301.jpg,ok,,JPEG,227.0,227.0,L,1.0,1.0,normal,other,train,psp_006879_2335_red-0301,[],a9db3b4633a9e96dc26ba6b0748059e316077ac949a142f111f636ebfdc01a93,f103b46f1e2342c2cf9157ca0890193d7d03ba0ba3fea0526436559c6fb49616,83e0bcf1c2d2ee61,131.60171942013235,60.58346513446193,6749872f9b1218a7,[],0.0,psp_006879_2335,['train'],1.0,Counter({'train': 1}),val,59d2c6861deea26d,True,hirise_clean,0,C:\Users\deves\OneDrive\Desktop\Projects\TCMD-SS\data\raw\hirise_v3_2\map-proj-v3_2\PSP_006879_2335_RED-0301.jpg
map-proj-v3_2/PSP_006879_2335_RED-0303.jpg,ok,,JPEG,227.0,227.0,L,1.0,1.0,normal,other,train,psp_006879_2335_red-0303,[],e8ec28b3f86ff87f407a2de8407e64638fa0809c70e44efb12431f863f577452,3a3d598b14f242b2129290af618a64ea7b216c5ec7e91c03785609b3ba04865f,9980643f719cc63f,158.88410409672224,15.341322167331867,a4ab06d91ff1cf30,[],0.0,psp_006879_2335,['train'],1.0,Counter({'train': 1}),val,59d2c6861deea26d,True,hirise_clean,0,C:\Users\deves\OneDrive\Desktop\Projects\TCMD-SS\data\raw\hirise_v3_2\map-proj-v3_2\PSP_006879_2335_RED-0303.jpg
map-proj-v3_2/PSP_006879_2335_RED-0306.jpg,ok,,JPEG,227.0,227.0,L,1.0,1.0,normal,other,train,psp_006879_2335_red-0306,[],2b4f2896c891b8661dbae60c8a72dd3f0d7297e80c75a3902448f5614c80cac1,df252f386f163ce7f3dc5c3a3be030ad3d3d43924d71b464cbea1eb8fadfcdb5,c3c43e6d2697431b,166.66661491587263,14.277891042925772,1b8f34146e054d1f,[],0.0,psp_006879_2335,['train'],1.0,Counter({'train': 1}),val,59d2c6861deea26d,True,hirise_clean,0,C:\Users\deves\OneDrive\Desktop\Projects\TCMD-SS\data\raw\hirise_v3_2\map-proj-v3_2\PSP_006879_2335_RED-0306.jpg
map-proj-v3_2/PSP_006879_2335_RED-0314.jpg,ok,,JPEG,227.0,227.0,L,1.0,1.0,normal,other,train,psp_006879_2335_red-0314,[],cb751949dd42595356ca9dae73eb7647d27aa8bf146bbfadd58af6c9ea77dce4,a3ffbe2fadd07ffb08b904dcf86809fc904ff1f9505899d299b1325e3a457bca,9bf54651703a0bcd,167.693997554775,14.396028868343066,7863983ffc67a319,[],0.0,psp_006879_2335,['train'],1.0,Counter({'train': 1}),val,59d2c6861deea26d,True,hirise_clean,0,C:\Users\deves\OneDrive\Desktop\Projects\TCMD-SS\data\raw\hirise_v3_2\map-proj-v3_2\PSP_006879_2335_RED-0314.jpg
map-proj-v3_2/PSP_006879_2335_RED-0322.jpg,ok,,JPEG,227.0,227.0,L,1.0,1.0,normal,other,train,psp_006879_2335_red-0322,[],ad7c644ab10b7e47b40623c935a7db747f1a32e4feebfdc28bb3651fbf57b343,949303679e86c77e3cdfd0c6963a0057017b1cf922c7d66c65e5ba43b6712d58,fd701a2791e6730a,149.50142638126104,15.694365487613087,7548ba5640ad7d51,[],0.0,psp_006879_2335,['train'],1.0,Counter({'train': 1}),val,59d2c6861deea26d,True,hirise_clean,0,C:\Users\deves\OneDrive\Desktop\Projects\TCMD-SS\data\raw\hirise_v3_2\map-proj-v3_2\PSP_006879_2335_RED-0322.jpg
map-proj-v3_2/PSP_006879_2335_RED-0325.jpg,ok,,JPEG,227.0,227.0,L,1.0,1.0,normal,other,train,psp_006879_2335_red-0325,[],f07dc116ea902cec30b77ef14ebf601dd6013f0b8aa6e060196dd4a4faaadad9,9fcb9077ab4cb068b9d80e64971ab4cf95bc8c2fb4c886caa08ba46b6d6a8c9d,8ec370e399ea2553,114.1954433425838,74.45825959775834,43adc237cd927948,[],0.0,psp_006879_2335,['train'],1.0,Counter({'train': 1}),val,59d2c6861deea26d,True,hirise_clean,0,C:\Users\deves\OneDrive\Desktop\Projects\TCMD-SS\data\raw\hirise_v3_2\map-proj-v3_2\PSP_006879_2335_RED-0325.jpg
map-proj-v3_2/PSP_006879_2335_RED-0327.jpg,ok,,JPEG,227.0,227.0,L,1.0,1.0,normal,other,train,psp_006879_2335_red-0327,[],183ee1f3c8348073a5e16c79768605e318cf78478748e2c1511f02173653a2e4,addeb916805002e052a201264580f9b5e5b167ace3d99e787a62b0c8a62d95a2,c886c7697d0ce671,163.85243261076286,14.59681502320553,031da07497ec81cb,[],0.0,psp_006879_2335,['train'],1.0,Counter({'train': 1}),val,59d2c6861deea26d,True,hirise_clean,0,C:\Users\deves\OneDrive\Desktop\Projects\TCMD-SS\data\raw\hirise_v3_2\map-proj-v3_2\PSP_006879_2335_RED-0327.jpg
map-proj-v3_2/PSP_006879_2335_RED-0332.jpg,ok,,JPEG,227.0,227.0,L,1.0,1.0,normal,other,train,psp_006879_2335_red-0332,[],b559916a68c4de66c3ea31fc2a55bc07b7d6950c906d02f9cdbae1d930430e77,8dd1bae2c6773285b3b4211ef0a68557a05e0ebed9c0b6eab03defce363312eb,f205f4a2f338ae31,147.2493353257389,15.301022887308797,637fec76c9c3f577,[],0.0,psp_006879_2335,['train'],1.0,Counter({'train': 1}),val,59d2c6861deea26d,True,hirise_clean,0,C:\Users\deves\OneDrive\Desktop\Projects\TCMD-SS\data\raw\hirise_v3_2\map-proj-v3_2\PSP_006879_2335_RED-0332.jpg
map-proj-v3_2/PSP_006879_2335_RED-0340.jpg,ok,,JPEG,227.0,227.0,L,1.0,1.0,normal,other,train,psp_006879_2335_red-0340,[],dac79901666cf2bf7d9d9e465e801c983c058c3e4b4f4e5d6b8c24aaf29ae639,57ae450a88642537abf05fdac9a78393aebb29c5496620402bcc5f9c958ec8f8,d51453516e76f28a,154.85839042092803,14.595866906877726,bbf191fedae62a0f,[],0.0,psp_006879_2335,['train'],1.0,Counter({'train': 1}),val,59d2c6861deea26d,True,hirise_clean,0,C:\Users\deves\OneDrive\Desktop\Projects\TCMD-SS\data\raw\hirise_v3_2\map-proj-v3_2\PSP_006879_2335_RED-0340.jpg
map-proj-v3_2/PSP_006879_2335_RED-0342.jpg,ok,,JPEG,227.0,227.0,L,1.0,1.0,normal,other,train,psp_006879_2335_red-0342,[],9d9ce857a4f60a552eca1ee58767804f721744b47fc124363baf185729d646c1,d0baf6fa3b965824b2d5ba97765ffdb2942078c9d21a5c7c713ec9190de26359,e127917924b455d7,152.1772205942285,15.389302508979664,370aca0d1830cf97,[],0.0,psp_006879_2335,['train'],1.0,Counter({'train': 1}),val,59d2c6861deea26d,True,hirise_clean,0,C:\Users\deves\OneDrive\Desktop\Projects\TCMD-SS\data\raw\hirise_v3_2\map-proj-v3_2\PSP_006879_2335_RED-0342.jpg
map-proj-v3_2/PSP_006879_2335_RED-0346.jpg,ok,,JPEG,227.0,227.0,L,1.0,1.0,normal,other,train,psp_006879_2335_red-0346,[],2f6ff3abf60aa94f39822c5d40433f809c8dc271c519f11dbe839b4602b52c5d,8651a9a5dcd2bf71b498b89e8df3dcaf2a5f5b5d0454aee6d0317aee96457674,915b7d9299dc6780,149.19220244910633,15.097808017164937,18e1007888165d34,[],0.0,psp_006879_2335,['train'],1.0,Counter({'train': 1}),val,59d2c6861deea26d,True,hirise_clean,0,C:\Users\deves\OneDrive\Desktop\Projects\TCMD-SS\data\raw\hirise_v3_2\map-proj-v3_2\PSP_006879_2335_RED-0346.jpg
map-proj-v3_2/PSP_006879_2335_RED-0352.jpg,ok,,JPEG,227.0,227.0,L,1.0,1.0,normal,other,train,psp_006879_2335_red-0352,[],4a8e8845304d54912f9bc055874bc4fe21aa4210a134145c2772568eddcc1df9,cf3cde90f35f42daff60f6bb463f4aa2eb04e68ffcce3149386843c78fd4546d,8ec771ccb23552aa,100.48351413767006,73.13225269386983,c337f83c942814de,[],0.0,psp_006879_2335,['train'],1.0,Counter({'train': 1}),val,59d2c6861deea26d,True,hirise_clean,0,C:\Users\deves\OneDrive\Desktop\Projects\TCMD-SS\data\raw\hirise_v3_2\map-proj-v3_2\PSP_006879_2335_RED-0352.jpg
map-proj-v3_2/PSP_006879_2335_RED-0360.jpg,ok,,JPEG,227.0,227.0,L,1.0,1.0,normal,other,train,psp_006879_2335_red-0360,[],6bff85538cb2aded9fe5393904f90e37d0d5284a82174ebc5b4206c6b270de7c,250151a5fc98ee7fce74ca83a2c3217abc8782c1b4b5c77b44ea20a9bcff8b5f,807f005f64eb22fe,145.31997515961885,21.62378688126803,5369318ddd8d220c,[],0.0,psp_006879_2335,['train'],1.0,Counter({'train': 1}),val,59d2c6861deea26d,True,hirise_clean,0,C:\Users\deves\OneDrive\Desktop\Projects\TCMD-SS\data\raw\hirise_v3_2\map-proj-v3_2\PSP_006879_2335_RED-0360.jpg
map-proj-v3_2/PSP_006879_2335_RED-0361.jpg,ok,,JPEG,227.0,227.0,L,1.0,1.0,normal,other,train,psp_006879_2335_red-0361,[],f0a340f732788c47339f42e8b78807b293a4fe14d0578198cdfee5c2fd8dbb9b,55fd6083f861ad4669c0fd43c27e9e20ea923ec04a04a4e60ad717a2b4544fba,c64f594e66751d84,160.39758194414796,13.218893732862076,302de53c1119e9a6,[],0.0,psp_006879_2335,['train'],1.0,Counter({'train': 1}),val,59d2c6861deea26d,True,hirise_clean,0,C:\Users\deves\OneDrive\Desktop\Projects\TCMD-SS\data\raw\hirise_v3_2\map-proj-v3_2\PSP_006879_2335_RED-0361.jpg
map-proj-v3_2/PSP_006879_2335_RED-0362.jpg,ok,,JPEG,227.0,227.0,L,1.0,1.0,normal,other,train,psp_006879_2335_red-0362,[],8e91d82bc8bb08f86e33fec81d40f947da4d8357d3a47e026ff90de00c87c86d,8607f9db51b952cfe36e8decc7486f832410b5e891d6cc876c9079ebbcf33604,b202f1398fb349ad,154.6173805041821,13.324291058418224,821d82a37ad894b7,[],0.0,psp_006879_2335,['train'],1.0,Counter({'train': 1}),val,59d2c6861deea26d,True,hirise_clean,0,C:\Users\deves\OneDrive\Desktop\Projects\TCMD-SS\data\raw\hirise_v3_2\map-proj-v3_2\PSP_006879_2335_RED-0362.jpg
map-proj-v3_2/PSP_006879_2335_RED-0363.jpg,ok,,JPEG,227.0,227.0,L,1.0,1.0,normal,other,train,psp_006879_2335_red-0363,[],ca22915277f2d407b674d5691bc13849eec22b3146a68496ea323a1974263e39,a763add6a76fc7dc1b808f373335606bc24e3e1e5189c742e7ac0528eae8cf13,96692b30f4d26de2,160.05779269925674,13.71857228539203,1516334e262b7e00,[],0.0,psp_006879_2335,['train'],1.0,Counter({'train': 1}),val,59d2c6861deea26d,True,hirise_clean,0,C:\Users\deves\OneDrive\Desktop\Projects\TCMD-SS\data\raw\hirise_v3_2\map-proj-v3_2\PSP_006879_2335_RED-0363.jpg
map-proj-v3_2/PSP_006879_2335_RED-0366.jpg,ok,,JPEG,227.0,227.0,L,1.0,1.0,normal,other,train,psp_006879_2335_red-0366,[],71a762e487d47ce50d7bc5ff51855b30ea255669e2516a2eee26d0d315ddab8d,697efeeaa6155be04c29ae7dfb73de37c9180f71666f718657ff15c43ab58688,9f1bc8ebb90c6c06,146.4070717460071,13.873673733302038,c4f685c2dcac24e6,[],0.0,psp_006879_2335,['train'],1.0,Counter({'train': 1}),val,59d2c6861deea26d,True,hirise_clean,0,C:\Users\deves\OneDrive\Desktop\Projects\TCMD-SS\data\raw\hirise_v3_2\map-proj-v3_2\PSP_006879_2335_RED-0366.jpg
map-proj-v3_2/PSP_006879_2335_RED-0380.jpg,ok,,JPEG,227.0,227.0,L,1.0,1.0,normal,other,train,psp_006879_2335_red-0380,[],07b60f4a9a4417b6d7acff71afddb690e0a3aee6b5504146e7953f03b89889a2,be4ee834f66f6aa58f08b0dd38c984d4af35ed0d8fd8ef1a350c11984f2e3fbb,fd21b98c224bad55,143.35120029497952,18.39794378682312,12abfa304da565e9,[],0.0,psp_006879_2335,['train'],1.0,Counter({'train': 1}),val,59d2c6861deea26d,True,hirise_clean,0,C:\Users\deves\OneDrive\Desktop\Projects\TCMD-SS\data\raw\hirise_v3_2\map-proj-v3_2\PSP_006879_2335_RED-0380.jpg
map-proj-v3_2/PSP_006879_2335_RED-0382.jpg,ok,,JPEG,227.0,227.0,L,1.0,1.0,normal,other,train,psp_006879_2335_red-0382,[],0b01ad16eb4377b9619d827baae6b217c666ae4a39876f2108de89cf206bae2e,b030e80489508a63d3a802855161e76ee106f24310647f898255febdc089489e,8ee07c2f21fd0f06,154.56781618117952,15.919935222442051,4eb48bd05bbd5e74,[],0.0,psp_006879_2335,['train'],1.0,Counter({'train': 1}),val,59d2c6861deea26d,True,hirise_clean,0,C:\Users\deves\OneDrive\Desktop\Projects\TCMD-SS\data\raw\hirise_v3_2\map-proj-v3_2\PSP_006879_2335_RED-0382.jpg
map-proj-v3_2/PSP_006879_2335_RED-0383.jpg,ok,,JPEG,227.0,227.0,L,1.0,1.0,normal,other,train,psp_006879_2335_red-0383,[],0ddc72d3d53014d1fffde7780929a4a815d19061000893dc23dc028125b9d38b,40e446bd0a8595d833d2fc80aee206d14973c7cf4d2dd058648f76ad447dfd00,d9c6d28cc6c31dc9,140.81519144559374,13.38326648656961,edc41887f98b688b,[],0.0,psp_006879_2335,['train'],1.0,Counter({'train': 1}),val,59d2c6861deea26d,True,hirise_clean,0,C:\Users\deves\OneDrive\Desktop\Projects\TCMD-SS\data\raw\hirise_v3_2\map-proj-v3_2\PSP_006879_2335_RED-0383.jpg
map-proj-v3_2/PSP_006879_2335_RED-0384.jpg,ok,,JPEG,227.0,227.0,L,1.0,1.0,normal,other,train,psp_006879_2335_red-0384,[],e87af386a162227602f0c386e187aff6b6ba1fc0c6f73ac26efa959bbcfc3199,7c014d3c79af6cfb5d523b89e772cdd7cc3940431cd39ac9d1a12286103af794,bcc4827f4442dbb9,150.88907217295116,15.903559571962164,346553722d5baffe,[],0.0,psp_006879_2335,['train'],1.0,Counter({'train': 1}),val,59d2c6861deea26d,True,hirise_clean,0,C:\Users\deves\OneDrive\Desktop\Projects\TCMD-SS\data\raw\hirise_v3_2\map-proj-v3_2\PSP_006879_2335_RED-0384.jpg
map-proj-v3_2/PSP_006879_2335_RED-0394.jpg,ok,,JPEG,227.0,227.0,L,1.0,1.0,normal,other,train,psp_006879_2335_red-0394,[],7fe3b4e2d5af9bee002ec1d31ea9198f5294a400795856374fe193df203aa479,b24875f45b105b43de487111243be64a89dafc3ea9ae5586363987b8774e7b77,e67b93184d269179,153.10450425973724,15.098701218487394,df50c25a802a801c,[],0.0,psp_006879_2335,['train'],1.0,Counter({'train': 1}),val,59d2c6861deea26d,True,hirise_clean,0,C:\Users\deves\OneDrive\Desktop\Projects\TCMD-SS\data\raw\hirise_v3_2\map-proj-v3_2\PSP_006879_2335_RED-0394.jpg
map-proj-v3_2/PSP_006879_2335_RED-0397.jpg,ok,,JPEG,227.0,227.0,L,1.0,1.0,normal,other,train,psp_006879_2335_red-0397,[],5930296e9bcb5725797387a5341887eeef835750130935699635b50893bcdea1,fc736867afed21062606cd0a3ff12ecaf53f86e4cc34f8376bbc00609ce713d0,a790da6927333f09,127.33668419724816,13.241162169222358,8224f083a48bd5ec,[],0.0,psp_006879_2335,['train'],1.0,Counter({'train': 1}),val,59d2c6861deea26d,True,hirise_clean,0,C:\Users\deves\OneDrive\Desktop\Projects\TCMD-SS\data\raw\hirise_v3_2\map-proj-v3_2\PSP_006879_2335_RED-0397.jpg
map-proj-v3_2/PSP_006879_2335_RED-0398.jpg,ok,,JPEG,227.0,227.0,L,1.0,1.0,normal,other,train,psp_006879_2335_red-0398,[],cb559faaec15ee43be55352e6f96d8c7342233f8ef5ffaaf557acdb6c9355c8b,97a1807a1229895c8cff5b59c9acc4a580761bb09460b0bb93c3078df6dd0338,b4145936babdcc4a,156.67657047487822,13.702777343335963,8a9ed48b0610a71f,[],0.0,psp_006879_2335,['train'],1.0,Counter({'train': 1}),val,59d2c6861deea26d,True,hirise_clean,0,C:\Users\deves\OneDrive\Desktop\Projects\TCMD-SS\data\raw\hirise_v3_2\map-proj-v3_2\PSP_006879_2335_RED-0398.jpg
map-proj-v3_2/PSP_006879_2335_RED-0402.jpg,ok,,JPEG,227.0,227.0,L,1.0,1.0,normal,other,train,psp_006879_2335_red-0402,[],cc6c61dc65b3e86c14b9bd76ae2004857d6316eca1d81b31f5e1c4953d678445,0b0429a760c1a63d05c5ce8dd1ea9bf6ac71e9c483c090f7201bb263dcb36622,974b4e037d9c0e65,157.14754798268936,14.279354431683846,48c612950363c742,[],0.0,psp_006879_2335,['train'],1.0,Counter({'train': 1}),val,59d2c6861deea26d,True,hirise_clean,0,C:\Users\deves\OneDrive\Desktop\Projects\TCMD-SS\data\raw\hirise_v3_2\map-proj-v3_2\PSP_006879_2335_RED-0402.jpg
map-proj-v3_2/PSP_006879_2335_RED-0414.jpg,ok,,JPEG,227.0,227.0,L,1.0,1.0,normal,other,train,psp_006879_2335_red-0414,[],be641bd90204d9007093938c07f1bbf7089484b790d1a17fdfdfe9b15e0c4d63,9ca884f36aa6ce0c259fc400810bf5211a7d3bfb5aa14aab568997803940f905,db692ce536198ce2,98.73562459973996,65.34458563268834,23c9df8df2477409,[],0.0,psp_006879_2335,['train'],1.0,Counter({'train': 1}),val,59d2c6861deea26d,True,hirise_clean,0,C:\Users\deves\OneDrive\Desktop\Projects\TCMD-SS\data\raw\hirise_v3_2\map-proj-v3_2\PSP_006879_2335_RED-0414.jpg
map-proj-v3_2/PSP_006879_2335_RED-0416.jpg,ok,,JPEG,227.0,227.0,L,1.0,1.0,normal,other,train,psp_006879_2335_red-0416,[],4cff71bc4ec8c69c50911a35a7645a719af47bbe931b4119b413a1179ed2b843,9839ca65792e0db54a53cc9701fa8da26dcb9a0b8c68022f13ca6b3d950910dd,b78be931194de486,148.34962836461025,14.287695219692296,d97fbd9b15547f43,[],0.0,psp_006879_2335,['train'],1.0,Counter({'train': 1}),val,59d2c6861deea26d,True,hirise_clean,0,C:\Users\deves\OneDrive\Desktop\Projects\TCMD-SS\data\raw\hirise_v3_2\map-proj-v3_2\PSP_006879_2335_RED-0416.jpg
map-proj-v3_2/PSP_006879_2335_RED-0420.jpg,ok,,JPEG,227.0,227.0,L,1.0,1.0,normal,other,train,psp_006879_2335_red-0420,[],d2519f9f3874e98d5ba2fc63cbadf33bae6b491296611f386cdc8d8bc34d1683,8e8b61cb6a8d698ad6c352497fc897c187812e6659a1fa14a6fce61adb9349e5,f5d55537312b1454,137.1203594092647,22.172793694082586,698d8c710ca2f35c,[],0.0,psp_006879_2335,['train'],1.0,Counter({'train': 1}),val,59d2c6861deea26d,True,hirise_clean,0,C:\Users\deves\OneDrive\Desktop\Projects\TCMD-SS\data\raw\hirise_v3_2\map-proj-v3_2\PSP_006879_2335_RED-0420.jpg
map-proj-v3_2/PSP_006879_2335_RED-0421.jpg,ok,,JPEG,227.0,227.0,L,1.0,1.0,normal,other,train,psp_006879_2335_red-0421,[],0d221c3a209e943f860b0be59955e60914c7c80aadddab7d90a6af83f4772b59,a13eeba1dc1861bebc5e425d1e83a9b9ff7ab4c13b183c1784a416aa8df7380d,e77c1a4925749e91,148.20423450872323,12.704591207062068,eab53a10906c3f04,[],0.0,psp_006879_2335,['train'],1.0,Counter({'train': 1}),val,59d2c6861deea26d,True,hirise_clean,0,C:\Users\deves\OneDrive\Desktop\Projects\TCMD-SS\data\raw\hirise_v3_2\map-proj-v3_2\PSP_006879_2335_RED-0421.jpg
map-proj-v3_2/PSP_006879_2335_RED-0424.jpg,ok,,JPEG,227.0,227.0,L,1.0,1.0,normal,other,train,psp_006879_2335_red-0424,[],256a6de5e2d9f3e6ff4f53afea67a29eda29398b10a7809a2efa55da1fce828e,bb452df453ee9433900824d67b82779af0dfcb43684870854a0c8744c7d8d807,da6237d9c4726952,154.00818956315862,14.23309264208492,02ee8acee81dd1d0,[],0.0,psp_006879_2335,['train'],1.0,Counter({'train': 1}),val,59d2c6861deea26d,True,hirise_clean,0,C:\Users\deves\OneDrive\Desktop\Projects\TCMD-SS\data\raw\hirise_v3_2\map-proj-v3_2\PSP_006879_2335_RED-0424.jpg
map-proj-v3_2/PSP_006879_2335_RED-0425.jpg,ok,,JPEG,227.0,227.0,L,1.0,1.0,normal,other,train,psp_006879_2335_red-0425,[],0a31fdd707d9894cef47705e3a16c2dbd26c7e9cee6643e38717d88d1b125b8d,680a839b3bfb687688a8a748f14a9ad2d27f0691f58fac28e4361d096ebeb674,b18fc0f320bde436,142.40043470667004,15.61909877632802,f8e7e26908f767c9,[],0.0,psp_006879_2335,['train'],1.0,Counter({'train': 1}),val,59d2c6861deea26d,True,hirise_clean,0,C:\Users\deves\OneDrive\Desktop\Projects\TCMD-SS\data\raw\hirise_v3_2\map-proj-v3_2\PSP_006879_2335_RED-0425.jpg
map-proj-v3_2/PSP_006879_2335_RED-0436.jpg,ok,,JPEG,227.0,227.0,L,1.0,1.0,normal,other,train,psp_006879_2335_red-0436,[],72c3f2727828eb0bd8c348cf352ca02acf085f05085af5b49cf69a7d854f6cf6,712455584974db625b2a7799b2dcc1c94d12d8f7aaf36a46b044f8be926be007,ca5a6aa909f1ff01,146.58514622833744,16.70474629547766,b090b3c9c936229f,[],0.0,psp_006879_2335,['train'],1.0,Counter({'train': 1}),val,59d2c6861deea26d,True,hirise_clean,0,C:\Users\deves\OneDrive\Desktop\Projects\TCMD-SS\data\raw\hirise_v3_2\map-proj-v3_2\PSP_006879_2335_RED-0436.jpg
map-proj-v3_2/PSP_006879_2335_RED-0437.jpg,ok,,JPEG,227.0,227.0,L,1.0,1.0,normal,other,train,psp_006879_2335_red-0437,[],d177fe6456a3843f9a3a10b4bd825f7f926e6a7700321873c220360338f3ded6,1e8b5ea78644cfbce5ee3eb62493858228f204e734a94f84c2874d30dc022269,d555ca3550f866e2,137.07593782142095,37.81554244934896,657cad2d3647f1ec,[],0.0,psp_006879_2335,['train'],1.0,Counter({'train': 1}),val,59d2c6861deea26d,True,hirise_clean,0,C:\Users\deves\OneDrive\Desktop\Projects\TCMD-SS\data\raw\hirise_v3_2\map-proj-v3_2\PSP_006879_2335_RED-0437.jpg
map-proj-v3_2/PSP_006879_2335_RED-0441.jpg,ok,,JPEG,227.0,227.0,L,1.0,1.0,normal,other,train,psp_006879_2335_red-0441,[],aa59039700c100a8e98034e46045083c9c8e673b1a7ee0bd87c73b343012e577,ad0c10b6cdaf932369060418c6f3f0845d5b99696d8de6066234d7b98a410a43,c2bb98ec32898cf6,146.31064061014186,13.846320655632876,cba5a20cf6bdee0e,[],0.0,psp_006879_2335,['train'],1.0,Counter({'train': 1}),val,59d2c6861deea26d,True,hirise_clean,0,C:\Users\deves\OneDrive\Desktop\Projects\TCMD-SS\data\raw\hirise_v3_2\map-proj-v3_2\PSP_006879_2335_RED-0441.jpg
map-proj-v3_2/PSP_006879_2335_RED-0446.jpg,ok,,JPEG,227.0,227.0,L,1.0,1.0,normal,other,train,psp_006879_2335_red-0446,[],be1ff42bd4b76fe1aab4668fd7324734cfe35a19213107bb328e85620d42a429,530fbd5c4a21dc9961079a2e997ff3778ba94b49d88c0f262d0410b3a786d2ec,d2596e343398cc37,150.81429874439635,12.729201257981988,9e80f2a6c74d5caf,[],0.0,psp_006879_2335,['train'],1.0,Counter({'train': 1}),val,59d2c6861deea26d,True,hirise_clean,0,C:\Users\deves\OneDrive\Desktop\Projects\TCMD-SS\data\raw\hirise_v3_2\map-proj-v3_2\PSP_006879_2335_RED-0446.jpg
map-proj-v3_2/PSP_006879_2335_RED-0471.jpg,ok,,JPEG,227.0,227.0,L,1.0,1.0,normal,other,train,psp_006879_2335_red-0471,[],4e8849049321c8e733796be0621426e1bf51beb0032f1ffb629e2293833d906a,31ddede4267e4a87fa925cd1218ca596d095ae34e308c958f966901a1fdfd408,d552eaf39185213d,119.75429369869394,46.81281344109685,8e5ee7d8d0960e1e,[],0.0,psp_006879_2335,['train'],1.0,Counter({'train': 1}),val,59d2c6861deea26d,True,hirise_clean,0,C:\Users\deves\OneDrive\Desktop\Projects\TCMD-SS\data\raw\hirise_v3_2\map-proj-v3_2\PSP_006879_2335_RED-0471.jpg
map-proj-v3_2/PSP_006879_2335_RED-0473.jpg,ok,,JPEG,227.0,227.0,L,1.0,1.0,normal,other,train,psp_006879_2335_red-0473,[],9a1629909343ef3b6afe03f48f1e4d64d3448587fc1e8f5b02c63dbe2c7e3f9e,82a40ab423f16bfb43e1927c6abe966382493e23e1b31562945e63c3f75b7060,acf42da423b1bd8c,112.79293213530244,14.668811468003376,a02a5c0d177a77df,[],0.0,psp_006879_2335,['train'],1.0,Counter({'train': 1}),val,59d2c6861deea26d,True,hirise_clean,0,C:\Users\deves\OneDrive\Desktop\Projects\TCMD-SS\data\raw\hirise_v3_2\map-proj-v3_2\PSP_006879_2335_RED-0473.jpg
map-proj-v3_2/PSP_006879_2335_RED-0478.jpg,ok,,JPEG,227.0,227.0,L,1.0,1.0,normal,other,train,psp_006879_2335_red-0478,[],0052e46426e724deaf0cd3c0c1ef874378a5bff24c37dc2351921fb8f8df7730,9929938dc752469e4a1ab7d3e8c975653d6d1042b4c3fdd6bd78d39cfcdeebbb,be9cc067b38e492c,126.88425934910438,15.305405045324,7f324bbc2bcec66f,[],0.0,psp_006879_2335,['train'],1.0,Counter({'train': 1}),val,59d2c6861deea26d,True,hirise_clean,0,C:\Users\deves\OneDrive\Desktop\Projects\TCMD-SS\data\raw\hirise_v3_2\map-proj-v3_2\PSP_006879_2335_RED-0478.jpg
map-proj-v3_2/PSP_006879_2335_RED-0489.jpg,ok,,JPEG,227.0,227.0,L,1.0,1.0,normal,other,train,psp_006879_2335_red-0489,[],0553733a452d4176a92dd46d6c0e4644451efe2fad53a6467dc3772deabbda57,be14065c19013624d6138c35d3fc72742f66d7d91a477fb2679359f8a177cfb0,acf71bcdc4660385,131.19235770148848,13.967719742051711,55bd8a916b53cc6e,[],0.0,psp_006879_2335,['train'],1.0,Counter({'train': 1}),val,59d2c6861deea26d,True,hirise_clean,0,C:\Users\deves\OneDrive\Desktop\Projects\TCMD-SS\data\raw\hirise_v3_2\map-proj-v3_2\PSP_006879_2335_RED-0489.jpg
map-proj-v3_2/PSP_006879_2335_RED-0490.jpg,ok,,JPEG,227.0,227.0,L,1.0,1.0,normal,other,train,psp_006879_2335_red-0490,[],ba6d4e579f53017f449ab87d669c7625e2be934793f0aa83f965adafacb1f407,c9beda68d659b8793a8ea47de148b4b82da1c40c0bf94784a9ec488a2486dc77,9c47aba535d69382,88.557685963244,65.43545320641218,dc369b26c49fcd78,[],0.0,psp_006879_2335,['train'],1.0,Counter({'train': 1}),val,59d2c6861deea26d,True,hirise_clean,0,C:\Users\deves\OneDrive\Desktop\Projects\TCMD-SS\data\raw\hirise_v3_2\map-proj-v3_2\PSP_006879_2335_RED-0490.jpg
map-proj-v3_2/PSP_006879_2335_RED-0492.jpg,ok,,JPEG,227.0,227.0,L,1.0,1.0,normal,other,train,psp_006879_2335_red-0492,[],d87db70eefff4af3e24c54ef6d4639d8be53bc58c03683de579e224c3717f88d,3666027d1e0609790ab371677c981d808646796939f8fccc0ff6ced6d04e3fac,eca762b170b824b7,124.67276679151546,16.880002009657446,4a3f91a09a0e250b,[],0.0,psp_006879_2335,['train'],1.0,Counter({'train': 1}),val,59d2c6861deea26d,True,hirise_clean,0,C:\Users\deves\OneDrive\Desktop\Projects\TCMD-SS\data\raw\hirise_v3_2\map-proj-v3_2\PSP_006879_2335_RED-0492.jpg
map-proj-v3_2/PSP_006879_2335_RED-0499.jpg,ok,,JPEG,227.0,227.0,L,1.0,1.0,normal,other,train,psp_006879_2335_red-0499,[],0b280c369743dafc5ed48d4eefc7c44baeb56513495129de0fc3f9f45ca981cc,864208ecf0864084c61846ba314b49ec845f973a1f37467688df323f8b62ca4b,cfc5c46a8058e9fc,138.68943701604923,15.798706279887108,0545efc51e5f4f94,[],0.0,psp_006879_2335,['train'],1.0,Counter({'train': 1}),val,59d2c6861deea26d,True,hirise_clean,0,C:\Users\deves\OneDrive\Desktop\Projects\TCMD-SS\data\raw\hirise_v3_2\map-proj-v3_2\PSP_006879_2335_RED-0499.jpg
map-proj-v3_2/PSP_006879_2335_RED-0527.jpg,ok,,JPEG,227.0,227.0,L,1.0,1.0,normal,other,train,psp_006879_2335_red-0527,[],0f0bc6786758e73d686aff0656b64fcb767d87a1d8ee0746e7531c3c4b5882e4,64b28714d1d900aea12314a09550e57edba54957dfdea46e11b31bd54f2615b9,ed64269b4370cdaa,128.17888955733665,13.707327897600829,32a97970e5b64498,[],0.0,psp_006879_2335,['train'],1.0,Counter({'train': 1}),val,59d2c6861deea26d,True,hirise_clean,0,C:\Users\deves\OneDrive\Desktop\Projects\TCMD-SS\data\raw\hirise_v3_2\map-proj-v3_2\PSP_006879_2335_RED-0527.jpg
map-proj-v3_2/PSP_006879_2335_RED-0529.jpg,ok,,JPEG,227.0,227.0,L,1.0,1.0,normal,other,train,psp_006879_2335_red-0529,[],44d3bca45be8ddefc73bdf557cca026c63cd825aefd8bac422de8a2247b7dd78,67c491863c8cacb27d7dd77775bf16f0281a248f890677fbb530054ec587931c,bf05d329d1807f13,125.37456577849366,14.043606182620444,0e49232e5bb8bd30,[],0.0,psp_006879_2335,['train'],1.0,Counter({'train': 1}),val,59d2c6861deea26d,True,hirise_clean,0,C:\Users\deves\OneDrive\Desktop\Projects\TCMD-SS\data\raw\hirise_v3_2\map-proj-v3_2\PSP_006879_2335_RED-0529.jpg
map-proj-v3_2/PSP_006879_2335_RED-0530.jpg,ok,,JPEG,227.0,227.0,L,1.0,1.0,normal,other,train,psp_006879_2335_red-0530,[],d0d353722de7c815e3ee817ed2e6bb75e84cdeb73109dfe8e00149a7ef3a297e,299acd3c8756ec2bbc35ad3205a0c330c6bdc295eb2f3aeea9020dc6fd60c50e,cb99c87599e45668,125.24659900250344,15.969753880288046,c74ada72b4e59502,[],0.0,psp_006879_2335,['train'],1.0,Counter({'train': 1}),val,59d2c6861deea26d,True,hirise_clean,0,C:\Users\deves\OneDrive\Desktop\Projects\TCMD-SS\data\raw\hirise_v3_2\map-proj-v3_2\PSP_006879_2335_RED-0530.jpg
map-proj-v3_2/PSP_006879_2335_RED-0538.jpg,ok,,JPEG,227.0,227.0,L,1.0,1.0,normal,other,train,psp_006879_2335_red-0538,[],970ff359bf5842bc0882284dee3ac3ee21a39b361138a2597d442a941e293f6f,5d6e1edc8cdffe742d4fb1e0432d2ce03e93ea7eae91105d3dd881acd88ac958,c770ae109acb3f0b,133.4411302373421,13.314594222469887,9f62cabac7f80b5a,[],0.0,psp_006879_2335,['train'],1.0,Counter({'train': 1}),val,59d2c6861deea26d,True,hirise_clean,0,C:\Users\deves\OneDrive\Desktop\Projects\TCMD-SS\data\raw\hirise_v3_2\map-proj-v3_2\PSP_006879_2335_RED-0538.jpg
map-proj-v3_2/PSP_006879_2335_RED-0545.jpg,ok,,JPEG,227.0,227.0,L,1.0,1.0,normal,other,train,psp_006879_2335_red-0545,[],66ba79693b2e7044f09ac95dc0ce5c2feae93a2383cd14afbe85a6dee480772c,2a0833dc836a7c6f4d28321a4c8a30c3f2ad8ea0854b70bc6d21010f9fdbb1ba,83f0bc623bc17457,114.30668167439694,52.329273820226696,7d2e1091ff9b338c,[],0.0,psp_006879_2335,['train'],1.0,Counter({'train': 1}),val,59d2c6861deea26d,True,hirise_clean,0,C:\Users\deves\OneDrive\Desktop\Projects\TCMD-SS\data\raw\hirise_v3_2\map-proj-v3_2\PSP_006879_2335_RED-0545.jpg
map-proj-v3_2/PSP_006879_2335_RED-0548.jpg,ok,,JPEG,227.0,227.0,L,1.0,1.0,normal,other,train,psp_006879_2335_red-0548,[],1a88f7e6d883ca9437f1c3404eaa6d580c1ed535362669610a2c4b52569dc767,94ade70c517cb06fbde0cb4cbbcb7b19fdb80d7868e8fcf03fa2343f9bde95d5,8bdb54cec2773380,135.0753362184401,12.842366687275817,955f56abcce51d9d,[],0.0,psp_006879_2335,['train'],1.0,Counter({'train': 1}),val,59d2c6861deea26d,True,hirise_clean,0,C:\Users\deves\OneDrive\Desktop\Projects\TCMD-SS\data\raw\hirise_v3_2\map-proj-v3_2\PSP_006879_2335_RED-0548.jpg
map-proj-v3_2/PSP_006879_2335_RED-0550.jpg,ok,,JPEG,227.0,227.0,L,1.0,1.0,normal,other,train,psp_006879_2335_red-0550,[],fe4cca7c3b496122c6cb0b5868e9ce2d381487f0ea3c98edd3c57482731229df,d22f90315a15c831e9f692f2d24361f89eb0bf401bb11a3b98c13b2eb2511e23,80ff27108be6331f,129.6393293097091,29.058356644606576,843cd123079d2a42,[],0.0,psp_006879_2335,['train'],1.0,Counter({'train': 1}),val,59d2c6861deea26d,True,hirise_clean,0,C:\Users\deves\OneDrive\Desktop\Projects\TCMD-SS\data\raw\hirise_v3_2\map-proj-v3_2\PSP_006879_2335_RED-0550.jpg
map-proj-v3_2/PSP_006879_2335_RED-0552.jpg,ok,,JPEG,227.0,227.0,L,1.0,1.0,normal,other,train,psp_006879_2335_red-0552,[],819ec8d5cee5a0b4843d6caca9a5236690c894d0b7074a48801e62cd0bbbb5fb,a58c0254019c4478e4f053e4adc93acfd1e5e13b354672b03c78a43443e83bdb,c16576637512d974,126.2867123367424,15.46656455661984,e36aacb4871e9c4f,[],0.0,psp_006879_2335,['train'],1.0,Counter({'train': 1}),val,59d2c6861deea26d,True,hirise_clean,0,C:\Users\deves\OneDrive\Desktop\Projects\TCMD-SS\data\raw\hirise_v3_2\map-proj-v3_2\PSP_006879_2335_RED-0552.jpg
map-proj-v3_2/PSP_006879_2335_RED-0558.jpg,ok,,JPEG,227.0,227.0,L,1.0,1.0,normal,other,train,psp_006879_2335_red-0558,[],61d9d9225d45dd6ee31162f128fa379903b9f2ce24c5e0d6d1da854b159bcf52,f27f4d0a4ffd25e8d4c90b40a591161f5cb5694c5056662d2b26964562b254d0,a7d84d61b9c46273,136.5874362009742,13.926170166062128,0aa65b66ab0588fd,[],0.0,psp_006879_2335,['train'],1.0,Counter({'train': 1}),val,59d2c6861deea26d,True,hirise_clean,0,C:\Users\deves\OneDrive\Desktop\Projects\TCMD-SS\data\raw\hirise_v3_2\map-proj-v3_2\PSP_006879_2335_RED-0558.jpg
map-proj-v3_2/PSP_006879_2335_RED-0562.jpg,ok,,JPEG,227.0,227.0,L,1.0,1.0,normal,other,train,psp_006879_2335_red-0562,[],c01b7cb828562257f5cd768ee3d90b0cd30d232a93fd2c5519d124c63a89d9e6,9904fad151d9e4882e87707832280bbc72e6bbc780c47859d29759bc80d89172,b90de1ad965a8c6a,128.8889751402123,15.377701729107253,857a11ea56be6025,[],0.0,psp_006879_2335,['train'],1.0,Counter({'train': 1}),val,59d2c6861deea26d,True,hirise_clean,0,C:\Users\deves\OneDrive\Desktop\Projects\TCMD-SS\data\raw\hirise_v3_2\map-proj-v3_2\PSP_006879_2335_RED-0562.jpg
map-proj-v3_2/PSP_006879_2335_RED-0567.jpg,ok,,JPEG,227.0,227.0,L,1.0,1.0,normal,other,train,psp_006879_2335_red-0567,[],7afbab1cb447f9d506cdef592c5d5f79ad42505a8e69d8e080982767de8e9a2a,fde5c1a0da6a04732593c9871e378baf3ed8d9fd1b8922045488d02d8a7c6739,ac40eb3d66f2988b,139.59056065516506,12.345092976174708,bf240066fec228dc,[],0.0,psp_006879_2335,['train'],1.0,Counter({'train': 1}),val,59d2c6861deea26d,True,hirise_clean,0,C:\Users\deves\OneDrive\Desktop\Projects\TCMD-SS\data\raw\hirise_v3_2\map-proj-v3_2\PSP_006879_2335_RED-0567.jpg
map-proj-v3_2/PSP_006879_2335_RED-0570.jpg,ok,,JPEG,227.0,227.0,L,1.0,1.0,normal,other,train,psp_006879_2335_red-0570,[],9d6289a9522bdc0694250579ebf778f1546257df83ee89fefdf27b63c9000a87,01ea3aeaa0bab4983a3284cc5d8ce8786b1be2d8937ec1fc3fa84eece2155aa1,b423f04ef68b2572,128.29317471714955,15.024868289296773,0578e1a10ececacd,[],0.0,psp_006879_2335,['train'],1.0,Counter({'train': 1}),val,59d2c6861deea26d,True,hirise_clean,0,C:\Users\deves\OneDrive\Desktop\Projects\TCMD-SS\data\raw\hirise_v3_2\map-proj-v3_2\PSP_006879_2335_RED-0570.jpg
map-proj-v3_2/PSP_006879_2335_RED-0580.jpg,ok,,JPEG,227.0,227.0,L,1.0,1.0,normal,other,train,psp_006879_2335_red-0580,[],a182973d3758ccbcfb5817b219cdec34ee40b3ab805f299100ffb398f68a17ca,2aa016a472880eae450f362dc09b70e8f3f6fe97cd685a8dc621421e89f52c65,a701c445e3fde2f0,125.73913718488618,13.712593928171218,0a43b0dee9d6207c,[],0.0,psp_006879_2335,['train'],1.0,Counter({'train': 1}),val,59d2c6861deea26d,True,hirise_clean,0,C:\Users\deves\OneDrive\Desktop\Projects\TCMD-SS\data\raw\hirise_v3_2\map-proj-v3_2\PSP_006879_2335_RED-0580.jpg
map-proj-v3_2/PSP_006879_2335_RED-0581.jpg,ok,,JPEG,227.0,227.0,L,1.0,1.0,normal,other,train,psp_006879_2335_red-0581,[],2b9e793e0e6a0aff710f6c252336407bd626f148d40314aa12ba4797e7914a13,af550f8929300a8b02082d9ed29ee4117266c9b8b67bd8edb552b2121311a1c2,fd8ed384f2831171,130.41310718236332,13.856995509259448,8eefde88a1ecfee7,[],0.0,psp_006879_2335,['train'],1.0,Counter({'train': 1}),val,59d2c6861deea26d,True,hirise_clean,0,C:\Users\deves\OneDrive\Desktop\Projects\TCMD-SS\data\raw\hirise_v3_2\map-proj-v3_2\PSP_006879_2335_RED-0581.jpg
map-proj-v3_2/PSP_006879_2335_RED-0582.jpg,ok,,JPEG,227.0,227.0,L,1.0,1.0,normal,other,train,psp_006879_2335_red-0582,[],563e7823c545aa24a2db1792761198c0e29c1735a6117e77084a5157f90cd23f,0495d647786426e3fdbb6025501618efbef44b15534b9be33b1e9fb3ecfb25f8,c8a486d94ca693df,126.92961245124106,15.246575563588191,921af8c7f884c21f,[],0.0,psp_006879_2335,['train'],1.0,Counter({'train': 1}),val,59d2c6861deea26d,True,hirise_clean,0,C:\Users\deves\OneDrive\Desktop\Projects\TCMD-SS\data\raw\hirise_v3_2\map-proj-v3_2\PSP_006879_2335_RED-0582.jpg
map-proj-v3_2/PSP_006879_2335_RED-0583.jpg,ok,,JPEG,227.0,227.0,L,1.0,1.0,normal,other,train,psp_006879_2335_red-0583,[],693bb9d85337051e0f5ba0434de2854926147860a34a74dcfbe78709a88a378b,a87e8ba3bd70dc864c4057cb984e1d86c9ccc2513a679b863e9806dc0c815c78,dae17d2397454532,124.14061984513576,14.027421674799552,5d7ead966c703fff,[],0.0,psp_006879_2335,['train'],1.0,Counter({'train': 1}),val,59d2c6861deea26d,True,hirise_clean,0,C:\Users\deves\OneDrive\Desktop\Projects\TCMD-SS\data\raw\hirise_v3_2\map-proj-v3_2\PSP_006879_2335_RED-0583.jpg
map-proj-v3_2/PSP_006879_2335_RED-0593.jpg,ok,,JPEG,227.0,227.0,L,1.0,1.0,normal,other,train,psp_006879_2335_red-0593,[],145148738f9cd77ed0757ef98d6b0d642e70d997fd820bf3b8389c29ee50d957,e44ad9cefc4d9a3a61131da9825f8c232b98a31c831f9def1c993276405945ff,ff97c8209bcc2654,127.14510275767044,14.430717603868958,fae129a1e141dc19,[],0.0,psp_006879_2335,['train'],1.0,Counter({'train': 1}),val,59d2c6861deea26d,True,hirise_clean,0,C:\Users\deves\OneDrive\Desktop\Projects\TCMD-SS\data\raw\hirise_v3_2\map-proj-v3_2\PSP_006879_2335_RED-0593.jpg
map-proj-v3_2/PSP_006879_2335_RED-0596.jpg,ok,,JPEG,227.0,227.0,L,1.0,1.0,normal,other,train,psp_006879_2335_red-0596,[],d0b61c192ee4c4155c4a451eb229622a334d5c02e24dd507196f80a85fee8595,d96345a329c9679d02934d7ee2f76625b7fa97125bb96ae120bd60368bfaea6d,e28dd9e6d19984e2,130.26002833355977,12.677828508148211,e8817cf9007b20c0,[],0.0,psp_006879_2335,['train'],1.0,Counter({'train': 1}),val,59d2c6861deea26d,True,hirise_clean,0,C:\Users\deves\OneDrive\Desktop\Projects\TCMD-SS\data\raw\hirise_v3_2\map-proj-v3_2\PSP_006879_2335_RED-0596.jpg
map-proj-v3_2/PSP_006879_2335_RED-0607.jpg,ok,,JPEG,227.0,227.0,L,1.0,1.0,normal,other,train,psp_006879_2335_red-0607,[],802dc91fb3265dfccb605d47cace1d628e35f0d254588dccc2dcf0b714960010,89c4a46dece4b7eeedb62722cdca92b6ab5165323c916c0c2d3c6c0cfab3469e,b6b03d4fe600f519,129.37918453686274,15.201391560265682,c230b362a2f43709,[],0.0,psp_006879_2335,['train'],1.0,Counter({'train': 1}),val,59d2c6861deea26d,True,hirise_clean,0,C:\Users\deves\OneDrive\Desktop\Projects\TCMD-SS\data\raw\hirise_v3_2\map-proj-v3_2\PSP_006879_2335_RED-0607.jpg
map-proj-v3_2/PSP_006879_2335_RED-0610.jpg,ok,,JPEG,227.0,227.0,L,1.0,1.0,normal,other,train,psp_006879_2335_red-0610,[],e2437fd4e6b55d247f28dea71b14f5819edc4b5443069de48514fc4334ca792e,ce7f73b5bb6cc4c9b3ae84f96b1d5e1216e85051566c6eecf73011a2269f6e7b,97ea341f0fc19474,134.06671971123058,14.775828588419309,4a3d66415342a6f8,[],0.0,psp_006879_2335,['train'],1.0,Counter({'train': 1}),val,59d2c6861deea26d,True,hirise_clean,0,C:\Users\deves\OneDrive\Desktop\Projects\TCMD-SS\data\raw\hirise_v3_2\map-proj-v3_2\PSP_006879_2335_RED-0610.jpg
map-proj-v3_2/PSP_006879_2335_RED-0614.jpg,ok,,JPEG,227.0,227.0,L,1.0,1.0,normal,other,train,psp_006879_2335_red-0614,[],9fd29ded78d892942c110820b4387df8cbeea2ca57776ba7ad25594469304da7,abf28e71068b601085199a7bb44710206b8407ba5d713ee9e36b32e361829b39,f3944ee01312fb8d,134.30699217916126,13.533478943515467,4a8a7edb4e7253f8,[],0.0,psp_006879_2335,['train'],1.0,Counter({'train': 1}),val,59d2c6861deea26d,True,hirise_clean,0,C:\Users\deves\OneDrive\Desktop\Projects\TCMD-SS\data\raw\hirise_v3_2\map-proj-v3_2\PSP_006879_2335_RED-0614.jpg
map-proj-v3_2/PSP_006879_2335_RED-0615.jpg,ok,,JPEG,227.0,227.0,L,1.0,1.0,normal,other,train,psp_006879_2335_red-0615,[],10d144baee1d9a9005e8a461add11bab613a5343158f6c983c22b689dca1e8fe,603ae4d3a0766246a772d053a2975cc5f0728b0fa6cf8d06a91b71b340e3d5aa,f03c761e5e2aae24,132.72836655087426,15.276183287308664,908e83882602407a,[],0.0,psp_006879_2335,['train'],1.0,Counter({'train': 1}),val,59d2c6861deea26d,True,hirise_clean,0,C:\Users\deves\OneDrive\Desktop\Projects\TCMD-SS\data\raw\hirise_v3_2\map-proj-v3_2\PSP_006879_2335_RED-0615.jpg
map-proj-v3_2/PSP_006879_2335_RED-0616.jpg,ok,,JPEG,227.0,227.0,L,1.0,1.0,normal,other,train,psp_006879_2335_red-0616,[],9ff0320d9b2fb35237a73111e28d66f2d02d14f542f39be02038ffbb102ff4c3,c37b5f4509ed3094a53a058fb3a68d8031e99468b63c60a4e80af52cfa7aeb57,87e0d8cf64b338d8,106.01507888761668,55.24616917644941,9b4f6f662a29e20d,[],0.0,psp_006879_2335,['train'],1.0,Counter({'train': 1}),val,59d2c6861deea26d,True,hirise_clean,0,C:\Users\deves\OneDrive\Desktop\Projects\TCMD-SS\data\raw\hirise_v3_2\map-proj-v3_2\PSP_006879_2335_RED-0616.jpg
map-proj-v3_2/PSP_006879_2335_RED-0621.jpg,ok,,JPEG,227.0,227.0,L,1.0,1.0,normal,other,train,psp_006879_2335_red-0621,[],9a8b6a176caaaf4f4b8ed0d5d72120fd36334843314e90eeb2090a9743f5f8eb,eb55b2ce53c69e6f44a69d6a2748036e34d5fbbf1ba52b51050d80efe7e36207,a1a93c937b8d701d,127.29975353684333,14.110603217135248,f3da20d094fcc9c0,[],0.0,psp_006879_2335,['train'],1.0,Counter({'train': 1}),val,59d2c6861deea26d,True,hirise_clean,0,C:\Users\deves\OneDrive\Desktop\Projects\TCMD-SS\data\raw\hirise_v3_2\map-proj-v3_2\PSP_006879_2335_RED-0621.jpg
map-proj-v3_2/PSP_006879_2335_RED-0622.jpg,ok,,JPEG,227.0,227.0,L,1.0,1.0,normal,other,train,psp_006879_2335_red-0622,[],17af19628dbc5505f7eae577549ca0536162991262f0c23ead695c1e15d95ffc,01ed4bbc8422b4c043f244b2b232984be42510c83ef19a5b035b44a23cf156cd,8286f4b8be331f43,132.6304411108308,15.324155326167537,bd13088032555aa2,[],0.0,psp_006879_2335,['train'],1.0,Counter({'train': 1}),val,59d2c6861deea26d,True,hirise_clean,0,C:\Users\deves\OneDrive\Desktop\Projects\TCMD-SS\data\raw\hirise_v3_2\map-proj-v3_2\PSP_006879_2335_RED-0622.jpg
map-proj-v3_2/PSP_006879_2335_RED-0623.jpg,ok,,JPEG,227.0,227.0,L,1.0,1.0,normal,other,train,psp_006879_2335_red-0623,[],c3a23170804105145c073065ef331f1333152f58ee055684d8296f328c84b328,6ffa38aaaf9af036ac454ec5499c7dbecc7d4514fe379ad54275a5e871198678,ba13c8e74a23f90e,132.06376991596966,16.060777734009683,98eb37b166e9393c,[],0.0,psp_006879_2335,['train'],1.0,Counter({'train': 1}),val,59d2c6861deea26d,True,hirise_clean,0,C:\Users\deves\OneDrive\Desktop\Projects\TCMD-SS\data\raw\hirise_v3_2\map-proj-v3_2\PSP_006879_2335_RED-0623.jpg
map-proj-v3_2/PSP_006879_2335_RED-0628.jpg,ok,,JPEG,227.0,227.0,L,1.0,1.0,normal,other,train,psp_006879_2335_red-0628,[],0fb88648e30d7db3ae730eb0fdfdb18a6ab31c4355ed546bc4f7fb61976bec6f,4c385fbbc407dad080a0fa02208578f663fee26e34422cf51dec9512034ec3d2,8da1d7f6bb255028,131.81346426284227,15.0842324482727,5d598237c977a168,[],0.0,psp_006879_2335,['train'],1.0,Counter({'train': 1}),val,59d2c6861deea26d,True,hirise_clean,0,C:\Users\deves\OneDrive\Desktop\Projects\TCMD-SS\data\raw\hirise_v3_2\map-proj-v3_2\PSP_006879_2335_RED-0628.jpg
map-proj-v3_2/PSP_006879_2335_RED-0631.jpg,ok,,JPEG,227.0,227.0,L,1.0,1.0,normal,other,train,psp_006879_2335_red-0631,[],47f0756d741ed4fc07767aa6467cdd06b72f722557a9d112187e95866ed3c760,8040fa08f824e218f58b1a03dd0284c990b54a51709cd1b5903a3da74fb9af17,d4fd6f2053182cf4,134.2368569155233,14.457016979024646,c0a97b78fe8e1ed0,[],0.0,psp_006879_2335,['train'],1.0,Counter({'train': 1}),val,59d2c6861deea26d,True,hirise_clean,0,C:\Users\deves\OneDrive\Desktop\Projects\TCMD-SS\data\raw\hirise_v3_2\map-proj-v3_2\PSP_006879_2335_RED-0631.jpg
map-proj-v3_2/PSP_006879_2335_RED-0637.jpg,ok,,JPEG,227.0,227.0,L,1.0,1.0,normal,other,train,psp_006879_2335_red-0637,[],496ad3afaa3ea5be68974013fdc1aafce0a0b1ce3007f64d2be26c702a44da1e,21f59fa0e0c4f79db397708a46e68206ee0fb1967be0d08deec0271db04fa9b3,97db6f47e08a49a0,134.8451551553494,15.554740759023632,85aa3eee15d349b9,[],0.0,psp_006879_2335,['train'],1.0,Counter({'train': 1}),val,59d2c6861deea26d,True,hirise_clean,0,C:\Users\deves\OneDrive\Desktop\Projects\TCMD-SS\data\raw\hirise_v3_2\map-proj-v3_2\PSP_006879_2335_RED-0637.jpg
map-proj-v3_2/PSP_006879_2335_RED-0644.jpg,ok,,JPEG,227.0,227.0,L,1.0,1.0,normal,other,train,psp_006879_2335_red-0644,[],99dbd9e5dfd29e2a5936d38e1d9f07ddef8e97ee83f86093603514db36a03e8f,cf518e2a0aa7d5466de7a9fddbd3eca15f8f84a977012444b1e05d780f2b1799,a2e0eda9ba8ea417,122.53707620951307,14.014977596861725,7a476cb3de5a194b,[],0.0,psp_006879_2335,['train'],1.0,Counter({'train': 1}),val,59d2c6861deea26d,True,hirise_clean,0,C:\Users\deves\OneDrive\Desktop\Projects\TCMD-SS\data\raw\hirise_v3_2\map-proj-v3_2\PSP_006879_2335_RED-0644.jpg
map-proj-v3_2/PSP_006879_2335_RED-0656.jpg,ok,,JPEG,227.0,227.0,L,1.0,1.0,normal,other,train,psp_006879_2335_red-0656,[],37d6c5789b3729dad107396087375409721fba928dd4643866a8ad8b3a25598d,38110fe8dfd0bcd7932b32e88570283f2a48af0efd8bcefacd0022eec18da323,f2bd1514d2d07f0c,137.84903646490326,14.657165987697056,e0ed79e8bb1cf818,[],0.0,psp_006879_2335,['train'],1.0,Counter({'train': 1}),val,59d2c6861deea26d,True,hirise_clean,0,C:\Users\deves\OneDrive\Desktop\Projects\TCMD-SS\data\raw\hirise_v3_2\map-proj-v3_2\PSP_006879_2335_RED-0656.jpg
map-proj-v3_2/PSP_006879_2335_RED-0657.jpg,ok,,JPEG,227.0,227.0,L,1.0,1.0,normal,other,train,psp_006879_2335_red-0657,[],4048fada3e3ff2727c7950131c80f90cc03198eefe70bc61dea791420141f780,1c98ef820103473b5f105d08e2eb58beb54a809757a07c4bcfe5fddbcc2c14cc,f01bc7632b14d62b,120.85559587804926,13.7000598336052,3e1b3e718ddb86f9,[],0.0,psp_006879_2335,['train'],1.0,Counter({'train': 1}),val,59d2c6861deea26d,True,hirise_clean,0,C:\Users\deves\OneDrive\Desktop\Projects\TCMD-SS\data\raw\hirise_v3_2\map-proj-v3_2\PSP_006879_2335_RED-0657.jpg
map-proj-v3_2/PSP_006879_2335_RED-0659.jpg,ok,,JPEG,227.0,227.0,L,1.0,1.0,normal,other,train,psp_006879_2335_red-0659,[],1c87fdb03598f0b3b895e6a426977adc3d8370c046fc2bd3298158a7fa33b335,8b4252bdae87f3f96f617665f8f674b2268f2cef71d3bc250a9a73b12c3d40de,b91843f198de6c3c,134.150944128549,13.9457826007221,04d7e5bd7f0c682e,[],0.0,psp_006879_2335,['train'],1.0,Counter({'train': 1}),val,59d2c6861deea26d,True,hirise_clean,0,C:\Users\deves\OneDrive\Desktop\Projects\TCMD-SS\data\raw\hirise_v3_2\map-proj-v3_2\PSP_006879_2335_RED-0659.jpg
map-proj-v3_2/PSP_006879_2335_RED-0660.jpg,ok,,JPEG,227.0,227.0,L,1.0,1.0,normal,other,train,psp_006879_2335_red-0660,[],1fcaa033401539573bf8fda33dea52e12997786946b62ec23ca9d2487d49c039,7ff9cce7ce894dc3fd786d914ec81bf63f7f0cc00715d221cb10a58ae81f2938,94de2e23c9e53463,130.8463583613111,15.440009304045756,39afa31c61c27669,[],0.0,psp_006879_2335,['train'],1.0,Counter({'train': 1}),val,59d2c6861deea26d,True,hirise_clean,0,C:\Users\deves\OneDrive\Desktop\Projects\TCMD-SS\data\raw\hirise_v3_2\map-proj-v3_2\PSP_006879_2335_RED-0660.jpg
map-proj-v3_2/PSP_006879_2335_RED-0667.jpg,ok,,JPEG,227.0,227.0,L,1.0,1.0,normal,other,train,psp_006879_2335_red-0667,[],c972064b0b47d79cf26c4dea9e241e48fe2a5fc18084f1d1ad1e8a4ed537719b,09b5d595105fcafc7031db77666ff5387e2d4bddf7702aec613bab539d520fe7,e3782c20f2c368fe,130.0039007161016,15.16003768242278,2b8f8fa1972351ec,[],0.0,psp_006879_2335,['train'],1.0,Counter({'train': 1}),val,59d2c6861deea26d,True,hirise_clean,0,C:\Users\deves\OneDrive\Desktop\Projects\TCMD-SS\data\raw\hirise_v3_2\map-proj-v3_2\PSP_006879_2335_RED-0667.jpg
map-proj-v3_2/PSP_006879_2335_RED-0670.jpg,ok,,JPEG,227.0,227.0,L,1.0,1.0,normal,other,train,psp_006879_2335_red-0670,[],83baee89500643f4dc3c44a44686acbd7f6627641a9513c4993c121d7b6edcaf,215dc883430a8b25e39715bc32146b7cdb59ba2f9c83732386dcdf7565beef3e,92d8db1151eaa772,133.79089444778668,14.794314446636294,669922db7163672a,[],0.0,psp_006879_2335,['train'],1.0,Counter({'train': 1}),val,59d2c6861deea26d,True,hirise_clean,0,C:\Users\deves\OneDrive\Desktop\Projects\TCMD-SS\data\raw\hirise_v3_2\map-proj-v3_2\PSP_006879_2335_RED-0670.jpg
map-proj-v3_2/PSP_006879_2335_RED-0674.jpg,ok,,JPEG,227.0,227.0,L,1.0,1.0,normal,other,train,psp_006879_2335_red-0674,[],81076ffbf5e85bb9a9ee33ee0e100e7c81c1bbc3a34e48cc5807aacd340997f7,4644f82b7d647ef9683be287cfd20dacf442db3cf77e551e67b90fc22b7a4846,b69e877c8aa93303,129.3571386985969,14.85836315699451,8b7cf739473ad934,[],0.0,psp_006879_2335,['train'],1.0,Counter({'train': 1}),val,59d2c6861deea26d,True,hirise_clean,0,C:\Users\deves\OneDrive\Desktop\Projects\TCMD-SS\data\raw\hirise_v3_2\map-proj-v3_2\PSP_006879_2335_RED-0674.jpg
map-proj-v3_2/PSP_006879_2335_RED-0678.jpg,ok,,JPEG,227.0,227.0,L,1.0,1.0,normal,other,train,psp_006879_2335_red-0678,[],985c59ae183350ca6267938074bfba479f97cc70a84a1ffa8da3452504abada0,b93b37c17f4d154241267adf8254e696060733e9a0dae2dad43395b4a77cc13b,88053a6c5f5baea6,127.37856352733412,14.548407534767296,ae715041e808a2ee,[],0.0,psp_006879_2335,['train'],1.0,Counter({'train': 1}),val,59d2c6861deea26d,True,hirise_clean,0,C:\Users\deves\OneDrive\Desktop\Projects\TCMD-SS\data\raw\hirise_v3_2\map-proj-v3_2\PSP_006879_2335_RED-0678.jpg
map-proj-v3_2/PSP_006879_2335_RED-0686.jpg,ok,,JPEG,227.0,227.0,L,1.0,1.0,normal,other,train,psp_006879_2335_red-0686,[],17b25435eb7b02ef67c0c769c0de6a1280ec5bde4de4a106e5b0aba35caba6af,8dbada21b8fffd063c4e42d2b3131dcf1df859be9c200c77e33dafb0a8b409e1,a982ef755032fc0b,131.48902559723652,14.969643993780693,30fbc09c49793857,[],0.0,psp_006879_2335,['train'],1.0,Counter({'train': 1}),val,59d2c6861deea26d,True,hirise_clean,0,C:\Users\deves\OneDrive\Desktop\Projects\TCMD-SS\data\raw\hirise_v3_2\map-proj-v3_2\PSP_006879_2335_RED-0686.jpg
map-proj-v3_2/PSP_006879_2335_RED-0703.jpg,ok,,JPEG,227.0,227.0,L,1.0,1.0,normal,other,train,psp_006879_2335_red-0703,[],aafb55a6e6641daf4ac246bac68164587ef7eafa80ee71d6f04d4070842dcbe8,dd6fa76bd8c8df3ffaf461214f2facc2b1e3118025ff405809ba617d7e80cbbc,d552fa4d28c5cad4,120.82413786411536,42.98183374096556,71148c965d602a8f,[],0.0,psp_006879_2335,['train'],1.0,Counter({'train': 1}),val,59d2c6861deea26d,True,hirise_clean,0,C:\Users\deves\OneDrive\Desktop\Projects\TCMD-SS\data\raw\hirise_v3_2\map-proj-v3_2\PSP_006879_2335_RED-0703.jpg
map-proj-v3_2/PSP_006879_2335_RED-0705.jpg,ok,,JPEG,227.0,227.0,L,1.0,1.0,normal,other,train,psp_006879_2335_red-0705,[],9f769083b52e9835e63dc5e834f8c633257ae52980ef3407457f8a23c103dbd4,27c3010ba26c6a941d9a56754cf01300cd309374343b95ed0bc91f75deaea055,81f0de62becaa538,93.82656368258652,43.6010894147064,8a1835db81a895b7,[],0.0,psp_006879_2335,['train'],1.0,Counter({'train': 1}),val,59d2c6861deea26d,True,hirise_clean,0,C:\Users\deves\OneDrive\Desktop\Projects\TCMD-SS\data\raw\hirise_v3_2\map-proj-v3_2\PSP_006879_2335_RED-0705.jpg
map-proj-v3_2/PSP_006879_2335_RED-0708.jpg,ok,,JPEG,227.0,227.0,L,1.0,1.0,normal,other,train,psp_006879_2335_red-0708,[],49c8fd10be9b255bde26499e46e854bc63a3ca7c85ec5f79b831477f5eb5ce55,b9a66a6e618bb8e89875b134fee0ad64ae0b836335739ca98427bd04bdb8d9ae,c4f23249c5714de7,118.8464165809544,12.048680055637291,aa86dcc3c827a19a,[],0.0,psp_006879_2335,['train'],1.0,Counter({'train': 1}),val,59d2c6861deea26d,True,hirise_clean,0,C:\Users\deves\OneDrive\Desktop\Projects\TCMD-SS\data\raw\hirise_v3_2\map-proj-v3_2\PSP_006879_2335_RED-0708.jpg
map-proj-v3_2/PSP_006879_2335_RED-0715.jpg,ok,,JPEG,227.0,227.0,L,1.0,1.0,normal,other,train,psp_006879_2335_red-0715,[],2f6e45a9c558a480ea05a13a3560dcbe41b56cb9be160086e37d8c95eb6b3214,7add87d2bd4146fb03883328cac37f2d52aeae74e4d9ac11d60a9acb92e9806e,cdec334ba61b2496,132.68809796425313,14.698229211199331,8b1699b6d0e611c5,[],0.0,psp_006879_2335,['train'],1.0,Counter({'train': 1}),val,59d2c6861deea26d,True,hirise_clean,0,C:\Users\deves\OneDrive\Desktop\Projects\TCMD-SS\data\raw\hirise_v3_2\map-proj-v3_2\PSP_006879_2335_RED-0715.jpg
map-proj-v3_2/PSP_006879_2335_RED-0716.jpg,ok,,JPEG,227.0,227.0,L,1.0,1.0,normal,other,train,psp_006879_2335_red-0716,[],a241081a8392dc93e300c94332ac3ae8b16c48860960d99523efa1d9243efbe8,ce7b464d5a59fc15e68f65e18402df9a7d3347466198a63be0b09c8621ac42e6,d55555c8a5d6aa70,127.12932523433406,26.850252491420655,174f4b6b4e8ace13,[],0.0,psp_006879_2335,['train'],1.0,Counter({'train': 1}),val,59d2c6861deea26d,True,hirise_clean,0,C:\Users\deves\OneDrive\Desktop\Projects\TCMD-SS\data\raw\hirise_v3_2\map-proj-v3_2\PSP_006879_2335_RED-0716.jpg
map-proj-v3_2/PSP_006879_2335_RED-0717.jpg,ok,,JPEG,227.0,227.0,L,1.0,1.0,normal,other,train,psp_006879_2335_red-0717,[],362bc5b236ea61d0157a5425bb848d53cce9b8221d4de14ac91d3e2475116b7a,c58b172e0d0bff751305fa2456195b2e3b0ab186b87d0a80438a08ea278c2510,de969c1e4e820b4f,133.34739661161677,14.920087841460864,1bbf4b6ed7bead6e,[],0.0,psp_006879_2335,['train'],1.0,Counter({'train': 1}),val,59d2c6861deea26d,True,hirise_clean,0,C:\Users\deves\OneDrive\Desktop\Projects\TCMD-SS\data\raw\hirise_v3_2\map-proj-v3_2\PSP_006879_2335_RED-0717.jpg
map-proj-v3_2/PSP_006879_2335_RED-0718.jpg,ok,,JPEG,227.0,227.0,L,1.0,1.0,normal,other,train,psp_006879_2335_red-0718,[],cd928d0b28497f91e8aa17996feb93999282f1e9e934709112461851d9655739,c05f85ca43fd6a02023c356e7d3feb52399f53553c5983c31a158e01151efc93,97231dc9190ce677,130.57497719730637,14.43734767237535,f1678fbb52c47603,[],0.0,psp_006879_2335,['train'],1.0,Counter({'train': 1}),val,59d2c6861deea26d,True,hirise_clean,0,C:\Users\deves\OneDrive\Desktop\Projects\TCMD-SS\data\raw\hirise_v3_2\map-proj-v3_2\PSP_006879_2335_RED-0718.jpg
map-proj-v3_2/PSP_006879_2335_RED-0722.jpg,ok,,JPEG,227.0,227.0,L,1.0,1.0,normal,other,train,psp_006879_2335_red-0722,[],e6391eaeb394e91ffa648f90e81bd5c8363d852a45c8135a497d69598c229b79,57cc812974eac1804ff0249cfe6a3668de947c92ddff039fd86042da8ccf2998,e8311c574ae1db4d,132.18001513710726,15.239981095914866,b8e83fb6916abedb,[],0.0,psp_006879_2335,['train'],1.0,Counter({'train': 1}),val,59d2c6861deea26d,True,hirise_clean,0,C:\Users\deves\OneDrive\Desktop\Projects\TCMD-SS\data\raw\hirise_v3_2\map-proj-v3_2\PSP_006879_2335_RED-0722.jpg
map-proj-v3_2/PSP_006879_2335_RED-0739.jpg,ok,,JPEG,227.0,227.0,L,1.0,1.0,normal,other,train,psp_006879_2335_red-0739,[],acc16d473cba3cf100674a78a732d24d97c17601d38a3aaa06cef902c379cb2f,bce8af72cda6f211dbd112d320f9a73c3e9e886374dd312d3f7ad8234a4628f7,c0d95c0e32ff09ec,137.83465621300627,14.720744863873474,d305c1e580afb339,[],0.0,psp_006879_2335,['train'],1.0,Counter({'train': 1}),val,59d2c6861deea26d,True,hirise_clean,0,C:\Users\deves\OneDrive\Desktop\Projects\TCMD-SS\data\raw\hirise_v3_2\map-proj-v3_2\PSP_006879_2335_RED-0739.jpg
map-proj-v3_2/PSP_006879_2335_RED-0752.jpg,ok,,JPEG,227.0,227.0,L,1.0,1.0,normal,other,train,psp_006879_2335_red-0752,[],8277590178fe42a8dbd035b8759c32e12b0f788e9a6ad293a4df504953484e2e,3dc6e2c85f9d3dcd5f863eefc813cedc6f7f51abdd5bf0307c43921274883ad3,d5554a771bc72b10,124.86442585728425,36.374940143332175,92f25e80f6d13506,[],0.0,psp_006879_2335,['train'],1.0,Counter({'train': 1}),val,59d2c6861deea26d,True,hirise_clean,0,C:\Users\deves\OneDrive\Desktop\Projects\TCMD-SS\data\raw\hirise_v3_2\map-proj-v3_2\PSP_006879_2335_RED-0752.jpg
map-proj-v3_2/PSP_006879_2335_RED-0756.jpg,ok,,JPEG,227.0,227.0,L,1.0,1.0,normal,other,train,psp_006879_2335_red-0756,[],56a5f9f879bcb967d6d1af29f7b00ca7b365e54cc10954563ad757db9e843507,d70b7f9ea3089e80adedf1d9be27b242d91e7746531f1e252149b6ffe627d0f2,d8d5eca4519b63c4,141.53137068446895,14.422975801232012,1ad7d3fdd1e4a33b,[],0.0,psp_006879_2335,['train'],1.0,Counter({'train': 1}),val,59d2c6861deea26d,True,hirise_clean,0,C:\Users\deves\OneDrive\Desktop\Projects\TCMD-SS\data\raw\hirise_v3_2\map-proj-v3_2\PSP_006879_2335_RED-0756.jpg
map-proj-v3_2/PSP_006879_2335_RED-0758.jpg,ok,,JPEG,227.0,227.0,L,1.0,1.0,normal,other,train,psp_006879_2335_red-0758,[],e7ef457fd9137ff39bfe80e94b6c5b44cca9dd0a3b9eb7c70414a7420c231b80,ce2bbe437754731729c77d9890daa8cfb8f51466e268d947fb2d83ccbed65bdc,b40648cce4b2dbbb,120.1578528595548,12.82792759505544,12d0ea85d734e276,[],0.0,psp_006879_2335,['train'],1.0,Counter({'train': 1}),val,59d2c6861deea26d,True,hirise_clean,0,C:\Users\deves\OneDrive\Desktop\Projects\TCMD-SS\data\raw\hirise_v3_2\map-proj-v3_2\PSP_006879_2335_RED-0758.jpg
map-proj-v3_2/PSP_006879_2335_RED-0764.jpg,ok,,JPEG,227.0,227.0,L,1.0,1.0,normal,other,train,psp_006879_2335_red-0764,[],64afce58e6754061c693ad2ef02731747c4b12e4f4812ca74c26d74badf0f5c6,cdc90529e950418961d0fbbec6286a523bceab0918549b141c527ad5c404ff40,84c7780fcb0e6576,143.0381532729143,15.869413507004204,e45950dabc17110a,[],0.0,psp_006879_2335,['train'],1.0,Counter({'train': 1}),val,59d2c6861deea26d,True,hirise_clean,0,C:\Users\deves\OneDrive\Desktop\Projects\TCMD-SS\data\raw\hirise_v3_2\map-proj-v3_2\PSP_006879_2335_RED-0764.jpg
map-proj-v3_2/PSP_006879_2335_RED-0765.jpg,ok,,JPEG,227.0,227.0,L,1.0,1.0,normal,other,train,psp_006879_2335_red-0765,[],9862552eb5b32900239bfa09f80fd36c2b3e8ccb984624bd80bdf53e96f3ea6b,cf446d692e6ccef2303fb2863fac986fb7e6a1070b7bdc93ce733a8c22d7a222,f1305e07dbad4ca2,128.93271749888413,15.679795859839029,3768fbcdb2e922f1,[],0.0,psp_006879_2335,['train'],1.0,Counter({'train': 1}),val,59d2c6861deea26d,True,hirise_clean,0,C:\Users\deves\OneDrive\Desktop\Projects\TCMD-SS\data\raw\hirise_v3_2\map-proj-v3_2\PSP_006879_2335_RED-0765.jpg
map-proj-v3_2/PSP_006879_2335_RED-0771.jpg,ok,,JPEG,227.0,227.0,L,1.0,1.0,normal,other,train,psp_006879_2335_red-0771,[],c02a8f31ed2cace1eb92259ddddce6b2b569e26816db588938450bd2e26b4ddc,e1c7f52481f9541cd6ffbeccca536e668d49d0862ef539766511a7cb41aff46c,82575bcd4ea71319,146.71109472335965,14.849696918020111,ce0ec93b85b3a3ca,[],0.0,psp_006879_2335,['train'],1.0,Counter({'train': 1}),val,59d2c6861deea26d,True,hirise_clean,0,C:\Users\deves\OneDrive\Desktop\Projects\TCMD-SS\data\raw\hirise_v3_2\map-proj-v3_2\PSP_006879_2335_RED-0771.jpg
map-proj-v3_2/PSP_006879_2335_RED-0791.jpg,ok,,JPEG,227.0,227.0,L,1.0,1.0,normal,other,train,psp_006879_2335_red-0791,[],fad7e608a54a3f7c071babe72d961b13a0721f6136b82de84678e18e4eb5cb73,016f7c0b1c52a88d64292655afccfe209a201846bc82632e9c1d55480a0d4c10,c57c8682bb1da51d,130.51949387723417,21.47568763946362,e6a7c7dc5fefaa23,[],0.0,psp_006879_2335,['train'],1.0,Counter({'train': 1}),val,59d2c6861deea26d,True,hirise_clean,0,C:\Users\deves\OneDrive\Desktop\Projects\TCMD-SS\data\raw\hirise_v3_2\map-proj-v3_2\PSP_006879_2335_RED-0791.jpg
map-proj-v3_2/PSP_006879_2335_RED-0792.jpg,ok,,JPEG,227.0,227.0,L,1.0,1.0,normal,other,train,psp_006879_2335_red-0792,[],9dd8893286d2de7e1f834376a7da2d430d44a856e5769fe8d92142aa98d22edd,e063813efe8da1a4cb071044cf5c60479ebedc9edfce04e7e85ea951957556e0,f760b59350ca59cc,110.5133614081391,14.528707192983846,2b08c4076420a561,[],0.0,psp_006879_2335,['train'],1.0,Counter({'train': 1}),val,59d2c6861deea26d,True,hirise_clean,0,C:\Users\deves\OneDrive\Desktop\Projects\TCMD-SS\data\raw\hirise_v3_2\map-proj-v3_2\PSP_006879_2335_RED-0792.jpg
map-proj-v3_2/PSP_006879_2335_RED-0798.jpg,ok,,JPEG,227.0,227.0,L,1.0,1.0,normal,other,train,psp_006879_2335_red-0798,[],3c4c99c35802ba9be6842951f8c23648ef3e16343a9556b072a0e2d5e2dcfc2a,ff728cc4f02ed86434aa3bca5d6de1c0e0536f612e38feee2b31625f8db13a2d,b815d86c77b80e27,109.30732209047332,13.145459519051936,060e16f71b88dae5,[],0.0,psp_006879_2335,['train'],1.0,Counter({'train': 1}),val,59d2c6861deea26d,True,hirise_clean,0,C:\Users\deves\OneDrive\Desktop\Projects\TCMD-SS\data\raw\hirise_v3_2\map-proj-v3_2\PSP_006879_2335_RED-0798.jpg
map-proj-v3_2/PSP_006879_2335_RED-0809.jpg,ok,,JPEG,227.0,227.0,L,1.0,1.0,normal,other,train,psp_006879_2335_red-0809,[],4b5aa7e51727b3040baec4f1833d963266ee32aacb21e56910a241b85ab9155f,a5ddbad9f805ecdee23e0f0edcceec6fbc258420eab6bb2c25011f8096ca487c,f6ef80790fc43710,112.7280948592055,13.650539700758973,5aee4697a89f858e,[],0.0,psp_006879_2335,['train'],1.0,Counter({'train': 1}),val,59d2c6861deea26d,True,hirise_clean,0,C:\Users\deves\OneDrive\Desktop\Projects\TCMD-SS\data\raw\hirise_v3_2\map-proj-v3_2\PSP_006879_2335_RED-0809.jpg
map-proj-v3_2/PSP_006879_2335_RED-0819.jpg,ok,,JPEG,227.0,227.0,L,1.0,1.0,normal,other,train,psp_006879_2335_red-0819,[],eeadb93fccf4c093f94e07b958ace3b9a218957ea839e122f11482cbd6232515,869e503293967b80e04c6b8cbf365b8dc4646ec5ff0a732015843c63675789b0,b381c9ecb7d90616,97.33130858351608,12.15789270477048,c745d5a085ff658d,[],0.0,psp_006879_2335,['train'],1.0,Counter({'train': 1}),val,59d2c6861deea26d,True,hirise_clean,0,C:\Users\deves\OneDrive\Desktop\Projects\TCMD-SS\data\raw\hirise_v3_2\map-proj-v3_2\PSP_006879_2335_RED-0819.jpg
map-proj-v3_2/PSP_006879_2335_RED-0825.jpg,ok,,JPEG,227.0,227.0,L,1.0,1.0,normal,other,train,psp_006879_2335_red-0825,[],17de5c4e119669e3dabd7fca1f2ad8b69b079d7bc262d9de0c8e42e678de308b,5c4b61e62aa9ae5d34a5c9ec8abafb88bca7e5ba221e7817864883fd3fde8dea,80f09fd39be09a4e,89.24855906382814,34.07984878744048,471512305b107efb,[],0.0,psp_006879_2335,['train'],1.0,Counter({'train': 1}),val,59d2c6861deea26d,True,hirise_clean,0,C:\Users\deves\OneDrive\Desktop\Projects\TCMD-SS\data\raw\hirise_v3_2\map-proj-v3_2\PSP_006879_2335_RED-0825.jpg
map-proj-v3_2/PSP_006879_2335_RED-0826.jpg,ok,,JPEG,227.0,227.0,L,1.0,1.0,normal,other,train,psp_006879_2335_red-0826,[],4fc9e4586b2937adb3f41d65480c0264889506efe7c23cc02dfd516851717b83,0e33c8c134e19074d40eb2952873b3044725ad8186a29be7f8069af899157ab8,b8ee8a2bc27ba843,106.3727221564556,15.351519385280715,4650f23650ebaa65,[],0.0,psp_006879_2335,['train'],1.0,Counter({'train': 1}),val,59d2c6861deea26d,True,hirise_clean,0,C:\Users\deves\OneDrive\Desktop\Projects\TCMD-SS\data\raw\hirise_v3_2\map-proj-v3_2\PSP_006879_2335_RED-0826.jpg
map-proj-v3_2/PSP_006879_2335_RED-0829.jpg,ok,,JPEG,227.0,227.0,L,1.0,1.0,normal,other,train,psp_006879_2335_red-0829,[],56f879e23c245bdd17265bed413e0d544e5976d24e01badf34f060d7ff2d25fb,42a9672486bb7df90fc4b77dca51a1e1daa8c439e4c0018104c6e93ef785f280,91ecde62739b8d40,113.1159929360166,17.048136976463066,c7d31a8577a48429,[],0.0,psp_006879_2335,['train'],1.0,Counter({'train': 1}),val,59d2c6861deea26d,True,hirise_clean,0,C:\Users\deves\OneDrive\Desktop\Projects\TCMD-SS\data\raw\hirise_v3_2\map-proj-v3_2\PSP_006879_2335_RED-0829.jpg
map-proj-v3_2/PSP_006879_2335_RED-0830.jpg,ok,,JPEG,227.0,227.0,L,1.0,1.0,normal,other,train,psp_006879_2335_red-0830,[],1e43ebdc05c7b8c381f720633c9ee9c53f32a975f3b6db699352d2c05656cc9e,63fccbf60975e28cfee70960968b500281386dadd9b26725ac13fc3229df57d6,de84f406f2fa184d,121.53521318092724,15.188396453364287,1555c0bfe625a690,[],0.0,psp_006879_2335,['train'],1.0,Counter({'train': 1}),val,59d2c6861deea26d,True,hirise_clean,0,C:\Users\deves\OneDrive\Desktop\Projects\TCMD-SS\data\raw\hirise_v3_2\map-proj-v3_2\PSP_006879_2335_RED-0830.jpg
map-proj-v3_2/PSP_006879_2335_RED-0831.jpg,ok,,JPEG,227.0,227.0,L,1.0,1.0,normal,other,train,psp_006879_2335_red-0831,[],23f733f94b12713f54b4bc25c881dc0c39e65038f40dda2fe10cea1d69b035f9,be25f52c859b1248b32a2f33fb6a2f5a8aac0f517d37620021d6e20b404e44af,94db06e9683c16db,124.69968367327137,15.072695822052983,1ccb44a40534bc04,[],0.0,psp_006879_2335,['train'],1.0,Counter({'train': 1}),val,59d2c6861deea26d,True,hirise_clean,0,C:\Users\deves\OneDrive\Desktop\Projects\TCMD-SS\data\raw\hirise_v3_2\map-proj-v3_2\PSP_006879_2335_RED-0831.jpg
map-proj-v3_2/PSP_006879_2335_RED-0842.jpg,ok,,JPEG,227.0,227.0,L,1.0,1.0,normal,other,train,psp_006879_2335_red-0842,[],a6fe97e7cd2e850fbcec1cc093db3c5c2b8b6a03732ecf3369854aec0694456e,1abfe64639913cdf9b366e8926d9934df061b2ff44c0f1caaff45f19801e0b98,9f473993c934932c,126.82982398261171,13.137412351795978,558789adbf50e02a,[],0.0,psp_006879_2335,['train'],1.0,Counter({'train': 1}),val,59d2c6861deea26d,True,hirise_clean,0,C:\Users\deves\OneDrive\Desktop\Projects\TCMD-SS\data\raw\hirise_v3_2\map-proj-v3_2\PSP_006879_2335_RED-0842.jpg
map-proj-v3_2/PSP_006879_2335_RED-0844.jpg,ok,,JPEG,227.0,227.0,L,1.0,1.0,normal,other,train,psp_006879_2335_red-0844,[],591d0f3067be99f6e72a2b0e6e38ffb5c37100e209795abd5f638e292017ad1a,4824d7250947bd69b5baaeb4f3e4abcbd1cc8166ddf6138ae7af6cdc39083ce8,cfe8d035c5d46a26,114.17392148110773,17.307238869757658,ab52ad20cf2a88cc,[],0.0,psp_006879_2335,['train'],1.0,Counter({'train': 1}),val,59d2c6861deea26d,True,hirise_clean,0,C:\Users\deves\OneDrive\Desktop\Projects\TCMD-SS\data\raw\hirise_v3_2\map-proj-v3_2\PSP_006879_2335_RED-0844.jpg
map-proj-v3_2/PSP_006879_2335_RED-0848.jpg,ok,,JPEG,227.0,227.0,L,1.0,1.0,normal,other,train,psp_006879_2335_red-0848,[],74a9962d57b0ab0bfa76595e5eace712ef653bc88d776a705f74386a4d129a8a,e79bd83a9345b243181cf7ed5e8183e50765e45a3e7349adc5113d6a3f79be27,dfc84527139be905,111.1197772128316,16.233279178572904,dc76282b118a830a,[],0.0,psp_006879_2335,['train'],1.0,Counter({'train': 1}),val,59d2c6861deea26d,True,hirise_clean,0,C:\Users\deves\OneDrive\Desktop\Projects\TCMD-SS\data\raw\hirise_v3_2\map-proj-v3_2\PSP_006879_2335_RED-0848.jpg
map-proj-v3_2/PSP_006879_2335_RED-0850.jpg,ok,,JPEG,227.0,227.0,L,1.0,1.0,normal,other,train,psp_006879_2335_red-0850,[],62c878eb34a585ad5f9bc47e00a26adcc785127684294d377edc104c02bad237,df70ff024555a9a8236b1f32a2710281485251e2408384fa52c73fcc11443821,a0ff00f2f3380aed,122.09363659298648,20.01036390609204,423446d04dad6b2d,[],0.0,psp_006879_2335,['train'],1.0,Counter({'train': 1}),val,59d2c6861deea26d,True,hirise_clean,0,C:\Users\deves\OneDrive\Desktop\Projects\TCMD-SS\data\raw\hirise_v3_2\map-proj-v3_2\PSP_006879_2335_RED-0850.jpg
map-proj-v3_2/PSP_006879_2335_RED-0851.jpg,ok,,JPEG,227.0,227.0,L,1.0,1.0,normal,other,train,psp_006879_2335_red-0851,[],831ebfa9e7fa94051da4f66eede9199a263e1c624a6e305ed1244b31c47f9038,6bcfe2d190caaa873612ca5060d4b93c0a922bf3be336831d0bd9e916aa9a745,8a91d38acfe3b90c,126.10846319548216,14.313059928318692,46f38b89755fdcc3,[],0.0,psp_006879_2335,['train'],1.0,Counter({'train': 1}),val,59d2c6861deea26d,True,hirise_clean,0,C:\Users\deves\OneDrive\Desktop\Projects\TCMD-SS\data\raw\hirise_v3_2\map-proj-v3_2\PSP_006879_2335_RED-0851.jpg
map-proj-v3_2/PSP_006879_2335_RED-0864.jpg,ok,,JPEG,227.0,227.0,L,1.0,1.0,normal,other,train,psp_006879_2335_red-0864,[],8445d140833b2f826e3adc119162f7895b8b216b79c01492cbb3434c09797c44,4022eb964aea8d54a7f71d6612b80dfd10bea6313a0745cc3b2839a03c87bc53,c583e16631d97c36,118.61041355353296,14.2289494491867,eff368a4489dacf1,[],0.0,psp_006879_2335,['train'],1.0,Counter({'train': 1}),val,59d2c6861deea26d,True,hirise_clean,0,C:\Users\deves\OneDrive\Desktop\Projects\TCMD-SS\data\raw\hirise_v3_2\map-proj-v3_2\PSP_006879_2335_RED-0864.jpg
map-proj-v3_2/PSP_006879_2335_RED-0868.jpg,ok,,JPEG,227.0,227.0,L,1.0,1.0,normal,other,train,psp_006879_2335_red-0868,[],5d7c1287dc43b2984bba5a7011bfa007f6a230f696c2ae356fc509bcd6f57a91,027381056565c97a25613b3ed3e488ad30b4c7210e27aa05337f48ce56d83745,a57ae261162b3793,123.12847134623222,15.625846570829149,38ba90285da77623,[],0.0,psp_006879_2335,['train'],1.0,Counter({'train': 1}),val,59d2c6861deea26d,True,hirise_clean,0,C:\Users\deves\OneDrive\Desktop\Projects\TCMD-SS\data\raw\hirise_v3_2\map-proj-v3_2\PSP_006879_2335_RED-0868.jpg
map-proj-v3_2/PSP_006879_2335_RED-0869.jpg,ok,,JPEG,227.0,227.0,L,1.0,1.0,normal,other,train,psp_006879_2335_red-0869,[],247333981b9402d1d618532948cd209af22b4d7bcaf341710aafd1e656565a2d,6f8df6125307da6d1f6423931637aa34f66449a23f1821a369e54be6842b9e89,a2b1940c7e9e6733,118.86145665547556,13.106808483900709,de5ed115a6d39d13,[],0.0,psp_006879_2335,['train'],1.0,Counter({'train': 1}),val,59d2c6861deea26d,True,hirise_clean,0,C:\Users\deves\OneDrive\Desktop\Projects\TCMD-SS\data\raw\hirise_v3_2\map-proj-v3_2\PSP_006879_2335_RED-0869.jpg
map-proj-v3_2/PSP_006879_2335_RED-0871.jpg,ok,,JPEG,227.0,227.0,L,1.0,1.0,normal,other,train,psp_006879_2335_red-0871,[],78a27893795411f8c59fcdb80c6ecf7d5a8419166ceefab972557fe4b07bee2c,65b80d80854e4e74d9de76031904d6e942796f8ffe76771af133a592b2cbd24e,d76f60b04b8c3770,128.0621009528615,14.995374238681398,7531693793d32022,[],0.0,psp_006879_2335,['train'],1.0,Counter({'train': 1}),val,59d2c6861deea26d,True,hirise_clean,0,C:\Users\deves\OneDrive\Desktop\Projects\TCMD-SS\data\raw\hirise_v3_2\map-proj-v3_2\PSP_006879_2335_RED-0871.jpg
map-proj-v3_2/PSP_006879_2335_RED-0877.jpg,ok,,JPEG,227.0,227.0,L,1.0,1.0,normal,other,train,psp_006879_2335_red-0877,[],3bd9a1743687c68c09e678e949ef5c9e32270f032f110ec279375e9a3f55d109,695320aa5522b0c3f74ba30f77bfd0baddcc74d10dbfadabb6591ce19b5c2345,fd2d1c27b1663309,118.20252673251956,15.543603514625076,de5209031879abce,[],0.0,psp_006879_2335,['train'],1.0,Counter({'train': 1}),val,59d2c6861deea26d,True,hirise_clean,0,C:\Users\deves\OneDrive\Desktop\Projects\TCMD-SS\data\raw\hirise_v3_2\map-proj-v3_2\PSP_006879_2335_RED-0877.jpg
map-proj-v3_2/PSP_006879_2335_RED-0878.jpg,ok,,JPEG,227.0,227.0,L,1.0,1.0,normal,other,train,psp_006879_2335_red-0878,[],fc5f1e1a32972bf1d264cb63cfa0cf55a0acec70c13c659eb6c9a6854413e609,bb2aafe5f2847ec2800cb94e6b1fbd448d173f4e12a577f6c6e4099972a3d675,f4acb7c32c82b9d0,121.97052145393856,14.950790454907184,bbb6d4864ef7872f,[],0.0,psp_006879_2335,['train'],1.0,Counter({'train': 1}),val,59d2c6861deea26d,True,hirise_clean,0,C:\Users\deves\OneDrive\Desktop\Projects\TCMD-SS\data\raw\hirise_v3_2\map-proj-v3_2\PSP_006879_2335_RED-0878.jpg
map-proj-v3_2/PSP_006879_2335_RED-0881.jpg,ok,,JPEG,227.0,227.0,L,1.0,1.0,normal,other,train,psp_006879_2335_red-0881,[],a96bc98c057103f3156a5ffa989fbe555641b67382424ea153742dd03723de8c,bc6941317a22f46c491831928a96addcc96422b29526d5f362fc40fbfcccdd55,e916d8496cb61b4d,116.6066680898135,13.183777469771574,41d8693cc7437291,[],0.0,psp_006879_2335,['train'],1.0,Counter({'train': 1}),val,59d2c6861deea26d,True,hirise_clean,0,C:\Users\deves\OneDrive\Desktop\Projects\TCMD-SS\data\raw\hirise_v3_2\map-proj-v3_2\PSP_006879_2335_RED-0881.jpg
map-proj-v3_2/PSP_006879_2335_RED-0882.jpg,ok,,JPEG,227.0,227.0,L,1.0,1.0,normal,other,train,psp_006879_2335_red-0882,[],98d3ad11f810ec68be87bf434bde44b32e6bbeefc34cd988ae91349655aa8dd6,ff46f9dfd488debad021d501fb5410a459140568f58855ecba201a03874dde4d,a431196a65bf983e,110.1139746550486,15.301561333655613,77a7acf192079fad,[],0.0,psp_006879_2335,['train'],1.0,Counter({'train': 1}),val,59d2c6861deea26d,True,hirise_clean,0,C:\Users\deves\OneDrive\Desktop\Projects\TCMD-SS\data\raw\hirise_v3_2\map-proj-v3_2\PSP_006879_2335_RED-0882.jpg
map-proj-v3_2/PSP_006879_2335_RED-0888.jpg,ok,,JPEG,227.0,227.0,L,1.0,1.0,normal,other,train,psp_006879_2335_red-0888,[],2be54b8bf00f196435156c56d96c1e990c0ef797810f5e4a6e1867ca49a10e75,960547fdcd69e8c06bccb7b82816f5e141cdc872e98ff906c3883a929879e6a1,9e4da03baa8da339,110.24937413883444,17.412791074000268,481a5380329c229e,[],0.0,psp_006879_2335,['train'],1.0,Counter({'train': 1}),val,59d2c6861deea26d,True,hirise_clean,0,C:\Users\deves\OneDrive\Desktop\Projects\TCMD-SS\data\raw\hirise_v3_2\map-proj-v3_2\PSP_006879_2335_RED-0888.jpg
map-proj-v3_2/PSP_006879_2335_RED-0891.jpg,ok,,JPEG,227.0,227.0,L,1.0,1.0,normal,other,train,psp_006879_2335_red-0891,[],0da0c7c6e2d5a70f3b0d300c308ed1861ec9a6f3443d59ea9e94d8cfd9ef45a5,4214a03e9b4e940706f079017878474952049f48d21576a38fa5445edcbff1b3,89c939b4483f553d,122.28168604087018,13.505776220844858,113a3dd78f2d35ab,[],0.0,psp_006879_2335,['train'],1.0,Counter({'train': 1}),val,59d2c6861deea26d,True,hirise_clean,0,C:\Users\deves\OneDrive\Desktop\Projects\TCMD-SS\data\raw\hirise_v3_2\map-proj-v3_2\PSP_006879_2335_RED-0891.jpg
map-proj-v3_2/PSP_006879_2335_RED-0897.jpg,ok,,JPEG,227.0,227.0,L,1.0,1.0,normal,other,train,psp_006879_2335_red-0897,[],8eafe7ed515efdff7502aad08da40e27355f189a653f2eae9599932b7d7b50a0,671aac4583e240eb0347190154dae0f8af60f7ecd483b1eea072436496a85a7c,8e81e2b497e2b939,121.6880009315143,14.791163994146387,a71674345d4ce618,[],0.0,psp_006879_2335,['train'],1.0,Counter({'train': 1}),val,59d2c6861deea26d,True,hirise_clean,0,C:\Users\deves\OneDrive\Desktop\Projects\TCMD-SS\data\raw\hirise_v3_2\map-proj-v3_2\PSP_006879_2335_RED-0897.jpg
map-proj-v3_2/PSP_006879_2335_RED-0903.jpg,ok,,JPEG,227.0,227.0,L,1.0,1.0,normal,other,train,psp_006879_2335_red-0903,[],dff69d4fe0f2cac98c39121762cb36af0cec0270c0267abee0ea6d6bbdd5a181,833363fbfb51223d4540b5caf17040b43b24792503ce2c93f7a0d22ed0cf2a76,87e038cddc66b2aa,92.54540161850608,49.91978234593977,dfd2037588739946,[],0.0,psp_006879_2335,['train'],1.0,Counter({'train': 1}),val,59d2c6861deea26d,True,hirise_clean,0,C:\Users\deves\OneDrive\Desktop\Projects\TCMD-SS\data\raw\hirise_v3_2\map-proj-v3_2\PSP_006879_2335_RED-0903.jpg
map-proj-v3_2/PSP_006879_2335_RED-0904.jpg,ok,,JPEG,227.0,227.0,L,1.0,1.0,normal,other,train,psp_006879_2335_red-0904,[],d2b4bdac5bb266e3da49b74bd11add0fecbb03f4704376e81a3ad68f9809be07,38aeba415de6e778bb3c9e3dbfffe80e38c7a68788b98002aabffc8968bf02ee,cc1b724f015cf28f,121.21248229152516,14.132610736962423,4b1dbc1d4835e0c2,[],0.0,psp_006879_2335,['train'],1.0,Counter({'train': 1}),val,59d2c6861deea26d,True,hirise_clean,0,C:\Users\deves\OneDrive\Desktop\Projects\TCMD-SS\data\raw\hirise_v3_2\map-proj-v3_2\PSP_006879_2335_RED-0904.jpg
map-proj-v3_2/PSP_006879_2335_RED-0927.jpg,ok,,JPEG,227.0,227.0,L,1.0,1.0,normal,other,train,psp_006879_2335_red-0927,[],1d900aa73dfd6a1a3578dddc0b554422d49a8eebb96f25414f770bce42b75f95,abf931e6b7526c35750b04ac0e828c22d18147ebc52518cf18fe2f763f1c01d5,cabaa5163bc18d36,117.71173513943604,14.272518691634165,bfe1f4fc69f6693e,[],0.0,psp_006879_2335,['train'],1.0,Counter({'train': 1}),val,59d2c6861deea26d,True,hirise_clean,0,C:\Users\deves\OneDrive\Desktop\Projects\TCMD-SS\data\raw\hirise_v3_2\map-proj-v3_2\PSP_006879_2335_RED-0927.jpg
map-proj-v3_2/PSP_006879_2335_RED-0928.jpg,ok,,JPEG,227.0,227.0,L,1.0,1.0,normal,other,train,psp_006879_2335_red-0928,[],3a0f19fb5339086ed57fd1aab5ebd7eda1ee3b1ede02e3f49bd71fa9b926ed18,564dee1b1eb14b343bc431cee0f24807fe155aedb07374f8582343cc94569e75,d5550a91cdc1fea1,111.42822488307554,29.421543391591264,8a2379ef85c27ab4,[],0.0,psp_006879_2335,['train'],1.0,Counter({'train': 1}),val,59d2c6861deea26d,True,hirise_clean,0,C:\Users\deves\OneDrive\Desktop\Projects\TCMD-SS\data\raw\hirise_v3_2\map-proj-v3_2\PSP_006879_2335_RED-0928.jpg
map-proj-v3_2/PSP_006879_2335_RED-0929.jpg,ok,,JPEG,227.0,227.0,L,1.0,1.0,normal,other,train,psp_006879_2335_red-0929,[],6c9d9f9e73f539ea9db9787fad9f45f0dbc13bb92abd2faa858f4b0e3e631c56,ea4d9fa1fadb0cfa081ddcc28aed9a27ae59886f7abd38c24e7a83c97b6697b1,cced349f402caf85,104.08146868753518,14.80927672320179,e19b889d923717ab,[],0.0,psp_006879_2335,['train'],1.0,Counter({'train': 1}),val,59d2c6861deea26d,True,hirise_clean,0,C:\Users\deves\OneDrive\Desktop\Projects\TCMD-SS\data\raw\hirise_v3_2\map-proj-v3_2\PSP_006879_2335_RED-0929.jpg
map-proj-v3_2/PSP_006879_2335_RED-0935.jpg,ok,,JPEG,227.0,227.0,L,1.0,1.0,normal,other,train,psp_006879_2335_red-0935,[],5057957fbc6dc7dffc7e72317cbf08d9442c5ca271994c83e7d1aa2952eb462e,aa4e27feaacd16d24cf839d5bd403d4cd7119cd2532d97d953ea965637a65703,fb1e0f450e2612db,116.16487802984727,14.206183900380802,ea3b8ed067640cab,[],0.0,psp_006879_2335,['train'],1.0,Counter({'train': 1}),val,59d2c6861deea26d,True,hirise_clean,0,C:\Users\deves\OneDrive\Desktop\Projects\TCMD-SS\data\raw\hirise_v3_2\map-proj-v3_2\PSP_006879_2335_RED-0935.jpg
map-proj-v3_2/PSP_006879_2335_RED-0936.jpg,ok,,JPEG,227.0,227.0,L,1.0,1.0,normal,other,train,psp_006879_2335_red-0936,[],a1dcdf862f2893bbdae2584d7235d3df4049d3c39b46bba3859156bf026a538a,f6a20221377fd815a0d74440bbed07d992be94f3cdd94304fbc58a67aadc5c3d,d2da916b81996f86,81.75204253915271,43.06704245579402,8f50233f3fa71f4e,[],0.0,psp_006879_2335,['train'],1.0,Counter({'train': 1}),val,59d2c6861deea26d,True,hirise_clean,0,C:\Users\deves\OneDrive\Desktop\Projects\TCMD-SS\data\raw\hirise_v3_2\map-proj-v3_2\PSP_006879_2335_RED-0936.jpg
map-proj-v3_2/PSP_006879_2335_RED-0938.jpg,ok,,JPEG,227.0,227.0,L,1.0,1.0,normal,other,train,psp_006879_2335_red-0938,[],e7c869fd87b387d3ab656fbd40fae8459d5d5403a8128a193b439fd9c2c513d1,4f26f3b8a1c7f7ed99cc58c43316b1b40b4825214f583e38bf9ec7d142eb6976,86457caeb3b2d894,114.60631877195364,14.41612289772911,c4c10dd9bcb7e11f,[],0.0,psp_006879_2335,['train'],1.0,Counter({'train': 1}),val,59d2c6861deea26d,True,hirise_clean,0,C:\Users\deves\OneDrive\Desktop\Projects\TCMD-SS\data\raw\hirise_v3_2\map-proj-v3_2\PSP_006879_2335_RED-0938.jpg
map-proj-v3_2/PSP_006879_2335_RED-0939.jpg,ok,,JPEG,227.0,227.0,L,1.0,1.0,normal,other,train,psp_006879_2335_red-0939,[],e759eb8ce1006b2c46bef6d2077fb1cbb7abbada1f56c09fac5f035212825536,d10f5417fc5d8ccd620ac863bcb8da13e756c9235c979fcbdb49e8cbbf39478f,872e96537fac4720,119.14669409458752,13.408664177194035,f8480032bded32d4,[],0.0,psp_006879_2335,['train'],1.0,Counter({'train': 1}),val,59d2c6861deea26d,True,hirise_clean,0,C:\Users\deves\OneDrive\Desktop\Projects\TCMD-SS\data\raw\hirise_v3_2\map-proj-v3_2\PSP_006879_2335_RED-0939.jpg
map-proj-v3_2/PSP_006879_2335_RED-0944.jpg,ok,,JPEG,227.0,227.0,L,1.0,1.0,normal,other,train,psp_006879_2335_red-0944,[],b4540e1c60dd75c0dc535906401e81257e6da2384aa7d541363caed107c2d85f,edca2a0954f018903e4ed8c19f85e4a251982f40627e71d778cc8e1169bc4772,d37492cbcc667318,115.28118147062818,14.416779261038991,543ea17754efca82,[],0.0,psp_006879_2335,['train'],1.0,Counter({'train': 1}),val,59d2c6861deea26d,True,hirise_clean,0,C:\Users\deves\OneDrive\Desktop\Projects\TCMD-SS\data\raw\hirise_v3_2\map-proj-v3_2\PSP_006879_2335_RED-0944.jpg
map-proj-v3_2/PSP_006879_2335_RED-0945.jpg,ok,,JPEG,227.0,227.0,L,1.0,1.0,normal,other,train,psp_006879_2335_red-0945,[],bdc4795f4bb084c7c4eefd8204d2a84644a6823a744df45e3e66d3da26507003,34f29fa11d65f029792395190c2b098399f97895bcffb60ef66a29a4b6a08d82,b93a0ac5c2ee3d2c,110.6772108909546,14.948499147038133,455f8625322df8dc,[],0.0,psp_006879_2335,['train'],1.0,Counter({'train': 1}),val,59d2c6861deea26d,True,hirise_clean,0,C:\Users\deves\OneDrive\Desktop\Projects\TCMD-SS\data\raw\hirise_v3_2\map-proj-v3_2\PSP_006879_2335_RED-0945.jpg
map-proj-v3_2/PSP_006879_2335_RED-0954.jpg,ok,,JPEG,227.0,227.0,L,1.0,1.0,normal,other,train,psp_006879_2335_red-0954,[],2e4988a1e671c45b1672996a419fc7bc1d5ed2999fae7c839990a2a7822c827c,8f1d74367b0ed645b34a670de9d87aa199e01d485dc0c76aa2ed71d1dd0380d3,f4a2d9e033d8cc27,120.9332996953172,12.77845302187789,f718dbb6547511f5,[],0.0,psp_006879_2335,['train'],1.0,Counter({'train': 1}),val,59d2c6861deea26d,True,hirise_clean,0,C:\Users\deves\OneDrive\Desktop\Projects\TCMD-SS\data\raw\hirise_v3_2\map-proj-v3_2\PSP_006879_2335_RED-0954.jpg
map-proj-v3_2/PSP_006879_2335_RED-0956.jpg,ok,,JPEG,227.0,227.0,L,1.0,1.0,normal,other,train,psp_006879_2335_red-0956,[],ca01fba7cec0f12c73944c9b444b9fa79373dbe93d853ee9e81d4c087e24e8e4,db7608a5cb1b501af69e8898a490287705b03708ebb6e3caccbb4d1ca0cc1c51,b719743d1308c7f8,115.92757476372527,14.771296072507338,f999742e56546ab7,[],0.0,psp_006879_2335,['train'],1.0,Counter({'train': 1}),val,59d2c6861deea26d,True,hirise_clean,0,C:\Users\deves\OneDrive\Desktop\Projects\TCMD-SS\data\raw\hirise_v3_2\map-proj-v3_2\PSP_006879_2335_RED-0956.jpg
map-proj-v3_2/PSP_006879_2335_RED-0966.jpg,ok,,JPEG,227.0,227.0,L,1.0,1.0,normal,other,train,psp_006879_2335_red-0966,[],4b3d0fd56d40ff9e85cd324071462ade1bd685534678a3b92cfd92fa36bb42cc,d6cb880f64858118a33d67cce3d1cff0ac38ff92164bb1a20778d121abeadcd7,a6731908cea7b8cd,105.49393545382212,16.59030506831864,6a4d83cfcba5de5b,[],0.0,psp_006879_2335,['train'],1.0,Counter({'train': 1}),val,59d2c6861deea26d,True,hirise_clean,0,C:\Users\deves\OneDrive\Desktop\Projects\TCMD-SS\data\raw\hirise_v3_2\map-proj-v3_2\PSP_006879_2335_RED-0966.jpg
map-proj-v3_2/PSP_006879_2335_RED-0968.jpg,ok,,JPEG,227.0,227.0,L,1.0,1.0,normal,other,train,psp_006879_2335_red-0968,[],377dddf60779274b2cd8787260c63639be0a78966fe661b1adb53bd843188da7,5b7378017d36e24baa4e0fb4d06416b359ac0c2ff8bc04bf49f1f85511789f42,cacae135722a60fb,99.77461235420832,12.566717175145934,4f6b8615f9f1ce96,[],0.0,psp_006879_2335,['train'],1.0,Counter({'train': 1}),val,59d2c6861deea26d,True,hirise_clean,0,C:\Users\deves\OneDrive\Desktop\Projects\TCMD-SS\data\raw\hirise_v3_2\map-proj-v3_2\PSP_006879_2335_RED-0968.jpg
map-proj-v3_2/PSP_006879_2335_RED-0973.jpg,ok,,JPEG,227.0,227.0,L,1.0,1.0,normal,other,train,psp_006879_2335_red-0973,[],ad8c03c73d3625a501fe93d85afd9b33e5e98774ec0eec9e9f98250c3c64ed54,81aa57cb66d873b08a7010cfd9250c1b6a6969f35fafe792633aab726316d871,f227ad071333f905,98.74773428554796,12.269506059315704,47b32c9f46bc6d70,[],0.0,psp_006879_2335,['train'],1.0,Counter({'train': 1}),val,59d2c6861deea26d,True,hirise_clean,0,C:\Users\deves\OneDrive\Desktop\Projects\TCMD-SS\data\raw\hirise_v3_2\map-proj-v3_2\PSP_006879_2335_RED-0973.jpg
map-proj-v3_2/PSP_006879_2335_RED-0974.jpg,ok,,JPEG,227.0,227.0,L,1.0,1.0,normal,other,train,psp_006879_2335_red-0974,[],80200fe15a8beda8ae8763a42e9ac94844568d6cbdfcaf2513bdc3619e304dba,843f5730256c7fe5158f56adaf211f7f962a42bb29a290abde8f57621ee591fd,cd6515cdc642b9a9,115.18238273593512,17.457784595712887,bb8b0e3283216891,[],0.0,psp_006879_2335,['train'],1.0,Counter({'train': 1}),val,59d2c6861deea26d,True,hirise_clean,0,C:\Users\deves\OneDrive\Desktop\Projects\TCMD-SS\data\raw\hirise_v3_2\map-proj-v3_2\PSP_006879_2335_RED-0974.jpg
map-proj-v3_2/PSP_006879_2335_RED-0976.jpg,ok,,JPEG,227.0,227.0,L,1.0,1.0,normal,other,train,psp_006879_2335_red-0976,[],f84c74caf1a47f65195d492b449210ab2d029ce1e107590be306979a648cd24a,abbad735689f0abf33ddc056a17d13ceee423c5140282482400987329cdd9e02,c718edda0b25145f,101.4557433678123,13.86157864140444,0d4b7b7cead24055,[],0.0,psp_006879_2335,['train'],1.0,Counter({'train': 1}),val,59d2c6861deea26d,True,hirise_clean,0,C:\Users\deves\OneDrive\Desktop\Projects\TCMD-SS\data\raw\hirise_v3_2\map-proj-v3_2\PSP_006879_2335_RED-0976.jpg
map-proj-v3_2/PSP_006879_2335_RED-0982.jpg,ok,,JPEG,227.0,227.0,L,1.0,1.0,normal,other,train,psp_006879_2335_red-0982,[],015921264fba46304b4dea4bbd7fe2ebc7d86be50a863c4f165411d9271bf0cb,0a4b7b1ff6871b98d63a53d511b86a9f87b0a8a1f4072ea6430f5ff73a5a0d0a,f19d86e011cca7d3,103.51790254031712,15.085227375795805,6790323d8f01c72f,[],0.0,psp_006879_2335,['train'],1.0,Counter({'train': 1}),val,59d2c6861deea26d,True,hirise_clean,0,C:\Users\deves\OneDrive\Desktop\Projects\TCMD-SS\data\raw\hirise_v3_2\map-proj-v3_2\PSP_006879_2335_RED-0982.jpg
map-proj-v3_2/PSP_006879_2335_RED-0989.jpg,ok,,JPEG,227.0,227.0,L,1.0,1.0,normal,other,train,psp_006879_2335_red-0989,[],06a0eaeb6a258c0cfa3aa8cc02388ac1ce7efec31612b96235a6aaafedd58296,286061a150df628a3c86fff6d608eab3f623ed7f5f56b5253b13de7238c161e4,af1718c8b631f88d,96.74627879446524,16.87480044680019,6e4b4d9c88942021,[],0.0,psp_006879_2335,['train'],1.0,Counter({'train': 1}),val,59d2c6861deea26d,True,hirise_clean,0,C:\Users\deves\OneDrive\Desktop\Projects\TCMD-SS\data\raw\hirise_v3_2\map-proj-v3_2\PSP_006879_2335_RED-0989.jpg
map-proj-v3_2/PSP_006879_2335_RED-0999.jpg,ok,,JPEG,227.0,227.0,L,1.0,1.0,normal,other,train,psp_006879_2335_red-0999,[],3ffe3adb93c77870c81bfab56aeb4bb25f2b4f81a0ec27d79f2053cbecb64f17,6e11b5296c7205f9a7cf17d124b52e94cd6ce31645d050413b63153e81a805bd,87e170c1d6bb6968,70.78590696501,38.89156198482987,9bb239c9caea20f9,[],0.0,psp_006879_2335,['train'],1.0,Counter({'train': 1}),val,59d2c6861deea26d,True,hirise_clean,0,C:\Users\deves\OneDrive\Desktop\Projects\TCMD-SS\data\raw\hirise_v3_2\map-proj-v3_2\PSP_006879_2335_RED-0999.jpg
map-proj-v3_2/PSP_006879_2335_RED-1002.jpg,ok,,JPEG,227.0,227.0,L,1.0,1.0,normal,other,train,psp_006879_2335_red-1002,[],b0f30e801f868fe3acacb665d2089ca3995e4b8358f15188ce17438953b2e811,ab0ac9e5f61e7e7d1fc5f910a429e7b924f26518098286d4dee9ad6673ca07bc,f24aacb4daca998c,77.16862349356673,13.9504003728731,707730687c2ee622,[],0.0,psp_006879_2335,['train'],1.0,Counter({'train': 1}),val,59d2c6861deea26d,True,hirise_clean,0,C:\Users\deves\OneDrive\Desktop\Projects\TCMD-SS\data\raw\hirise_v3_2\map-proj-v3_2\PSP_006879_2335_RED-1002.jpg
map-proj-v3_2/PSP_006879_2335_RED-1011.jpg,ok,,JPEG,227.0,227.0,L,1.0,1.0,normal,other,train,psp_006879_2335_red-1011,[],24c5ff1e229ffa296ba4b60940617a50f0130722c2af3b561560a86a7cc8457a,6e5e77ff9d8892c3b11dcb51b97417ae91a59526ed3ca5dfe026026dddcc8dae,d24b2d2a25d26f63,90.24529876380292,50.87031589876664,ccae40d9f086b4cb,[],0.0,psp_006879_2335,['train'],1.0,Counter({'train': 1}),val,59d2c6861deea26d,True,hirise_clean,0,C:\Users\deves\OneDrive\Desktop\Projects\TCMD-SS\data\raw\hirise_v3_2\map-proj-v3_2\PSP_006879_2335_RED-1011.jpg
map-proj-v3_2/PSP_006879_2335_RED-1013.jpg,ok,,JPEG,227.0,227.0,L,1.0,1.0,normal,other,train,psp_006879_2335_red-1013,[],0f5e377d54674a986dd355efa503f4232b649e682fa1e9cd01777bb820fca82e,cc9e9f3ed3c4f5adba5b996f78f3b2777b418a1cd9c6a2553945f803a5f7d555,a334391f93d94d4c,90.98311630344078,14.499706262986823,38fd9195d5ba9d71,[],0.0,psp_006879_2335,['train'],1.0,Counter({'train': 1}),val,59d2c6861deea26d,True,hirise_clean,0,C:\Users\deves\OneDrive\Desktop\Projects\TCMD-SS\data\raw\hirise_v3_2\map-proj-v3_2\PSP_006879_2335_RED-1013.jpg
map-proj-v3_2/PSP_006879_2335_RED-1014.jpg,ok,,JPEG,227.0,227.0,L,1.0,1.0,normal,other,train,psp_006879_2335_red-1014,[],846e01d02c2aa7dfdf3e7cc0aa1eed710e39d2ba356bc06597c257a2c3ff217d,b05217caad027b2b36ac8fce1bf5a8a346910ae16393060e913bbb476ac9f24e,83814790ee737c2f,116.9927419511343,15.081916660789794,e1ee6f0e87ddc7e2,[],0.0,psp_006879_2335,['train'],1.0,Counter({'train': 1}),val,59d2c6861deea26d,True,hirise_clean,0,C:\Users\deves\OneDrive\Desktop\Projects\TCMD-SS\data\raw\hirise_v3_2\map-proj-v3_2\PSP_006879_2335_RED-1014.jpg
map-proj-v3_2/PSP_006879_2335_RED-1019.jpg,ok,,JPEG,227.0,227.0,L,1.0,1.0,normal,other,train,psp_006879_2335_red-1019,[],c5437f9f3dcd322016c4a4ba237fe8eb364d30b330afa07f17d0c4908fa13342,4ba5ce4cb665928e60e1dfd9b91961915b91abcc524b15d3eaf59a5c9af09eed,e87cec8436e29eb0,85.4729569756836,13.439495904851288,6071cc20f18a667a,[],0.0,psp_006879_2335,['train'],1.0,Counter({'train': 1}),val,59d2c6861deea26d,True,hirise_clean,0,C:\Users\deves\OneDrive\Desktop\Projects\TCMD-SS\data\raw\hirise_v3_2\map-proj-v3_2\PSP_006879_2335_RED-1019.jpg
map-proj-v3_2/PSP_006879_2335_RED-1022.jpg,ok,,JPEG,227.0,227.0,L,1.0,1.0,normal,other,train,psp_006879_2335_red-1022,[],b33c1ee709ad30c0ad81f748cea6e2f1f6bb2d7c4a10e782c24bd03bb928d86a,961e2f038a9da277b47d937658fe9390392b5593dcffcb9ac3e8eb60ac5ff37d,9580f57e3e33390c,82.94917425139242,14.100281734401928,5c0122e9264ed834,[],0.0,psp_006879_2335,['train'],1.0,Counter({'train': 1}),val,59d2c6861deea26d,True,hirise_clean,0,C:\Users\deves\OneDrive\Desktop\Projects\TCMD-SS\data\raw\hirise_v3_2\map-proj-v3_2\PSP_006879_2335_RED-1022.jpg
map-proj-v3_2/PSP_006879_2335_RED-1024.jpg,ok,,JPEG,227.0,227.0,L,1.0,1.0,normal,other,train,psp_006879_2335_red-1024,[],fb2edc892b849ec20ff720b13dfebddc2dd1a0471c41a2363dc5ee295d9eeab0,2d9442f44b6e691066d7ce113b2abaadafcdf3f0b913c4c58a65b97c09757ef1,db69e5ec24ce310c,87.0910361155854,56.15763618145024,9be5ae9a0ee07b8f,[],0.0,psp_006879_2335,['train'],1.0,Counter({'train': 1}),val,59d2c6861deea26d,True,hirise_clean,0,C:\Users\deves\OneDrive\Desktop\Projects\TCMD-SS\data\raw\hirise_v3_2\map-proj-v3_2\PSP_006879_2335_RED-1024.jpg
map-proj-v3_2/PSP_006879_2335_RED-1028.jpg,ok,,JPEG,227.0,227.0,L,1.0,1.0,normal,other,train,psp_006879_2335_red-1028,[],e2c075ac94ee4dc3ea2ece7fabc5d6c2b2a321af4f35cb73dceffcbac691ddf0,ecabf68fe62444c00e498d81d60b94aff4e81b3c6ed4bfeb5bb8c6217ec8c07d,d4d27d8e45f308cc,87.24209668342098,14.088475476708703,4a046e5221865e48,[],0.0,psp_006879_2335,['train'],1.0,Counter({'train': 1}),val,59d2c6861deea26d,True,hirise_clean,0,C:\Users\deves\OneDrive\Desktop\Projects\TCMD-SS\data\raw\hirise_v3_2\map-proj-v3_2\PSP_006879_2335_RED-1028.jpg
map-proj-v3_2/PSP_006879_2335_RED-1033.jpg,ok,,JPEG,227.0,227.0,L,1.0,1.0,normal,other,train,psp_006879_2335_red-1033,[],a603b191214e2bb723d03deb2e755e91ed83de2374860a360a835484b9fc65a1,47e8b3a651787131c01ee68c5f0c470515f99b57af69086aef44d67ad9073ea1,aa57d98c043ec65b,47.09072561082109,18.6291693841919,48777764082aa8ec,[],0.0,psp_006879_2335,['train'],1.0,Counter({'train': 1}),val,59d2c6861deea26d,True,hirise_clean,0,C:\Users\deves\OneDrive\Desktop\Projects\TCMD-SS\data\raw\hirise_v3_2\map-proj-v3_2\PSP_006879_2335_RED-1033.jpg
map-proj-v3_2/PSP_006879_2335_RED-1037.jpg,ok,,JPEG,227.0,227.0,L,1.0,1.0,normal,other,train,psp_006879_2335_red-1037,[],2474fc05f5e03a7f1c0875c4f0dd2d6b435f7b8fa75f6dba751bb67de0d602e3,29ddcdc34efab33d4594e38e719d25c25a0e71b06e68b74c1cd138312e5c6e8f,d5522ac16aec33d3,98.69782064468552,40.70246998169198,1ad364044dd01a5e,[],0.0,psp_006879_2335,['train'],1.0,Counter({'train': 1}),val,59d2c6861deea26d,True,hirise_clean,0,C:\Users\deves\OneDrive\Desktop\Projects\TCMD-SS\data\raw\hirise_v3_2\map-proj-v3_2\PSP_006879_2335_RED-1037.jpg
map-proj-v3_2/PSP_006879_2335_RED-1039.jpg,ok,,JPEG,227.0,227.0,L,1.0,1.0,normal,other,train,psp_006879_2335_red-1039,[],71030e4c4f3a1caacff95cb42ed13574a2d9e64373780e699879c08344272a14,c822ec8e952644f02cc347ebb11c4c44ff61e7b1496cae2161d2e54b1c149697,92666d1d3537630d,24.237904869102834,15.605628801752207,245f8f75fa66873b,[],0.0,psp_006879_2335,['train'],1.0,Counter({'train': 1}),val,59d2c6861deea26d,True,hirise_clean,0,C:\Users\deves\OneDrive\Desktop\Projects\TCMD-SS\data\raw\hirise_v3_2\map-proj-v3_2\PSP_006879_2335_RED-1039.jpg
map-proj-v3_2/PSP_006879_2335_RED-1044.jpg,ok,,JPEG,227.0,227.0,L,1.0,1.0,normal,other,train,psp_006879_2335_red-1044,[],1808d0a0e6b3b6fda1ccd3055a24b84fa182eaef44a6c59cf6cfd00e853d0c23,8e5223c9c258f421a6dcca4e2dde8845b82a9b515f75c326d6cacf21053ec803,ae3453cb224b7d58,55.24153389353568,32.413104804396966,6f4e66aaeefe2117,[],0.0,psp_006879_2335,['train'],1.0,Counter({'train': 1}),val,59d2c6861deea26d,True,hirise_clean,0,C:\Users\deves\OneDrive\Desktop\Projects\TCMD-SS\data\raw\hirise_v3_2\map-proj-v3_2\PSP_006879_2335_RED-1044.jpg
map-proj-v3_2/PSP_006879_2335_RED-1046.jpg,ok,,JPEG,227.0,227.0,L,1.0,1.0,normal,other,train,psp_006879_2335_red-1046,[],ffd9227d313ec9181d8b3d40f88800dd2618653dda63606b0943180e769ae3d8,7605f6b52b16bb0efbf0e364470fe11b317f2fe36bdad3ef4e7ddabc3ea20482,8431692e334f327f,82.57078538298822,33.974041270080725,a303370f21421570,[],0.0,psp_006879_2335,['train'],1.0,Counter({'train': 1}),val,59d2c6861deea26d,True,hirise_clean,0,C:\Users\deves\OneDrive\Desktop\Projects\TCMD-SS\data\raw\hirise_v3_2\map-proj-v3_2\PSP_006879_2335_RED-1046.jpg
map-proj-v3_2/PSP_008462_1440_RED-0009.jpg,ok,,JPEG,227.0,227.0,L,1.0,1.0,normal,crater,val,psp_008462_1440_red-0009,[],6b4902367a5d20238b1d7e1f92bbc803fcf5445ee32306f35c8413ef29b243e1,60fced457b6924c59719823d4aa8c3bd4867f718250273ccbe57dcfc4e40c91f,b8f963c6cc1a72c2,70.78967183527722,18.170293603235937,fcefe70ffd4c2806,[],1.0,psp_008462_1440,['val'],1.0,Counter({'val': 1}),val,59d2c6861deea26d,True,hirise_clean,0,C:\Users\deves\OneDrive\Desktop\Projects\TCMD-SS\data\raw\hirise_v3_2\map-proj-v3_2\PSP_008462_1440_RED-0009.jpg
map-proj-v3_2/PSP_008462_1440_RED-0011.jpg,ok,,JPEG,227.0,227.0,L,1.0,1.0,normal,crater,val,psp_008462_1440_red-0011,[],bfb93c037aef33e27c4baeaf07a78bbd7c344f0339298a668dd72afe73bc3c98,83d7a0156c5f638db46731ad4deb2a7c97ce8cc16499dc0543316f159c6116fa,e4c55b92246bd935,71.57074656989268,16.86322917453392,b6dcc458bedfc169,[],1.0,psp_008462_1440,['val'],1.0,Counter({'val': 1}),val,59d2c6861deea26d,True,hirise_clean,0,C:\Users\deves\OneDrive\Desktop\Projects\TCMD-SS\data\raw\hirise_v3_2\map-proj-v3_2\PSP_008462_1440_RED-0011.jpg
map-proj-v3_2/PSP_008462_1440_RED-0021.jpg,ok,,JPEG,227.0,227.0,L,1.0,1.0,normal,other,val,psp_008462_1440_red-0021,[],3d7ce0e66733b1e758e46f244c54c337a50be38b42105b2542b077b73ce86152,4534d31bb3fb9ae0847b4e5ea30440f7f26b74381aa73e2b40ad387a437b2b59,8fe3e4893027cdca,54.87682664130877,35.67883841900714,17cc19f8151420b8,[],0.0,psp_008462_1440,['val'],1.0,Counter({'val': 1}),val,59d2c6861deea26d,True,hirise_clean,0,C:\Users\deves\OneDrive\Desktop\Projects\TCMD-SS\data\raw\hirise_v3_2\map-proj-v3_2\PSP_008462_1440_RED-0021.jpg
map-proj-v3_2/PSP_008462_1440_RED-0023.jpg,ok,,JPEG,227.0,227.0,L,1.0,1.0,normal,other,val,psp_008462_1440_red-0023,[],335a64c4807568e83af6fbc5bee4886af0b416dabbf52096d3d8327cb703d217,772e357cfd9c3f27876f7896fbfd374f4e4278d2aea8dda62f01aa43e5b05378,e4b6538874c93de2,59.08651438995517,25.177281849607603,6ed118391d1860cb,[],0.0,psp_008462_1440,['val'],1.0,Counter({'val': 1}),val,59d2c6861deea26d,True,hirise_clean,0,C:\Users\deves\OneDrive\Desktop\Projects\TCMD-SS\data\raw\hirise_v3_2\map-proj-v3_2\PSP_008462_1440_RED-0023.jpg
map-proj-v3_2/PSP_008462_1440_RED-0027.jpg,ok,,JPEG,227.0,227.0,L,1.0,1.0,normal,other,val,psp_008462_1440_red-0027,[],1d72f765ff3153c1a2805f758532f36a789bada39d974a50ffbd7e275676a878,da59ceda9c2880e654ab283036871be1bf2439f0604d71b21556128b7804205e,83882027dfdd3f34,70.03351510799745,14.955249099349702,666ba45de94fdb03,[],0.0,psp_008462_1440,['val'],1.0,Counter({'val': 1}),val,59d2c6861deea26d,True,hirise_clean,0,C:\Users\deves\OneDrive\Desktop\Projects\TCMD-SS\data\raw\hirise_v3_2\map-proj-v3_2\PSP_008462_1440_RED-0027.jpg
map-proj-v3_2/PSP_008462_1440_RED-0029.jpg,ok,,JPEG,227.0,227.0,L,1.0,1.0,normal,crater,val,psp_008462_1440_red-0029,[],f531e8baa4aad4031649c24cc6de1fceaa6d6c80bc78f49147819ec8952a7228,36f0bc91fc07d96427b0c9d7c96ef45aa0f893247054382546abd078a57ed456,c9b23edb33660c91,67.70641774534728,16.612939736474143,58a6b41af0f1f9f0,[],1.0,psp_008462_1440,['val'],1.0,Counter({'val': 1}),val,59d2c6861deea26d,True,hirise_clean,0,C:\Users\deves\OneDrive\Desktop\Projects\TCMD-SS\data\raw\hirise_v3_2\map-proj-v3_2\PSP_008462_1440_RED-0029.jpg
map-proj-v3_2/PSP_008462_1440_RED-0032.jpg,ok,,JPEG,227.0,227.0,L,1.0,1.0,normal,crater,val,psp_008462_1440_red-0032,[],d34e534ae8cb309a0ab048ebae0d9f578b38d1df1847a897bd17730acd1d6e46,36e4ff7d3d2cd7c94645f42a7a57142b734a2477f8d009c920db409304ac49ae,e3ba8c0833760d9f,76.51068330454696,17.816808169735555,e660bd2143745dd2,[],1.0,psp_008462_1440,['val'],1.0,Counter({'val': 1}),val,59d2c6861deea26d,True,hirise_clean,0,C:\Users\deves\OneDrive\Desktop\Projects\TCMD-SS\data\raw\hirise_v3_2\map-proj-v3_2\PSP_008462_1440_RED-0032.jpg
map-proj-v3_2/PSP_008462_1440_RED-0036.jpg,ok,,JPEG,227.0,227.0,L,1.0,1.0,normal,other,val,psp_008462_1440_red-0036,[],5d21c057dd844c938da77fd10c3a038a00993034f5f5b0f08418b0b2af8979a0,25467801fd963b936113a741e755ecba7bd9a51439e164037ef99f232d2371ad,8cdc13b366ece941,71.06976653923033,16.619588441630324,51b75ac62c2a2b24,[],0.0,psp_008462_1440,['val'],1.0,Counter({'val': 1}),val,59d2c6861deea26d,True,hirise_clean,0,C:\Users\deves\OneDrive\Desktop\Projects\TCMD-SS\data\raw\hirise_v3_2\map-proj-v3_2\PSP_008462_1440_RED-0036.jpg
map-proj-v3_2/PSP_008462_1440_RED-0038.jpg,ok,,JPEG,227.0,227.0,L,1.0,1.0,normal,crater,val,psp_008462_1440_red-0038,[],900d78648e56489a3d6c0deb3e288721bd4958d3b65087dc7c11bcaf5739badd,4291842c24708a89a0653d2dc477a79a3b3c4b0f3a13f36d6346ca2e9ed139a7,91f764dc1161cfc2,81.53812416309263,18.27322830309424,2e072f61247ee0db,[],1.0,psp_008462_1440,['val'],1.0,Counter({'val': 1}),val,59d2c6861deea26d,True,hirise_clean,0,C:\Users\deves\OneDrive\Desktop\Projects\TCMD-SS\data\raw\hirise_v3_2\map-proj-v3_2\PSP_008462_1440_RED-0038.jpg
map-proj-v3_2/PSP_008462_1440_RED-0039.jpg,ok,,JPEG,227.0,227.0,L,1.0,1.0,normal,other,val,psp_008462_1440_red-0039,[],761143ed4e5a6b755d6ceb054cced6a00da0d0ac60c40398fcf3e7cbd2f0ea58,ccbbe0be0d49bb7d02dc52e779f34bc7b8ded0f5db88945ede5c92ccf5fa48f9,f3932c99d3664499,74.99402278328708,17.8186215260686,a1cad7a90201ffb9,[],0.0,psp_008462_1440,['val'],1.0,Counter({'val': 1}),val,59d2c6861deea26d,True,hirise_clean,0,C:\Users\deves\OneDrive\Desktop\Projects\TCMD-SS\data\raw\hirise_v3_2\map-proj-v3_2\PSP_008462_1440_RED-0039.jpg
map-proj-v3_2/PSP_008462_1440_RED-0044.jpg,ok,,JPEG,227.0,227.0,L,1.0,1.0,normal,other,val,psp_008462_1440_red-0044,[],abab96cf7b023aeafe8d6738500324f46d82501385b8a9c8fac0d27f8b37ad74,0b36f98adcbc625d9c646c32b0f0e4e8028b199a804fb90c3f701b5781ea8d9a,b9a1f6cc8933748c,66.9708707717984,16.39954526339006,f655dc0f1c3a3997,[],0.0,psp_008462_1440,['val'],1.0,Counter({'val': 1}),val,59d2c6861deea26d,True,hirise_clean,0,C:\Users\deves\OneDrive\Desktop\Projects\TCMD-SS\data\raw\hirise_v3_2\map-proj-v3_2\PSP_008462_1440_RED-0044.jpg
map-proj-v3_2/PSP_008462_1440_RED-0047.jpg,ok,,JPEG,227.0,227.0,L,1.0,1.0,normal,other,val,psp_008462_1440_red-0047,[],b5be450992263097cdb8024e495a6d58010fdc8717c7e9257667acfd46e2c65d,c0219f04324c018f75a4e771e44c600ce36927f7fb77b516d737543475234c67,ec495b60cbfad013,63.29105940344272,16.824918778033542,212ecb5387a54ac5,[],0.0,psp_008462_1440,['val'],1.0,Counter({'val': 1}),val,59d2c6861deea26d,True,hirise_clean,0,C:\Users\deves\OneDrive\Desktop\Projects\TCMD-SS\data\raw\hirise_v3_2\map-proj-v3_2\PSP_008462_1440_RED-0047.jpg
map-proj-v3_2/PSP_008462_1440_RED-0050.jpg,ok,,JPEG,227.0,227.0,L,1.0,1.0,normal,other,val,psp_008462_1440_red-0050,[],02ce37554417812b7fe2c4d1563c69dbe2e4387997b3766b0e39b86a0cf70768,c7a24b845d56556a86b64a6d62286191be9a079ea0c2e2b6b8d8048e3fc45b3a,d1bf2c8c91636e98,75.49872887112112,17.246122813424876,8d090bd0317f3c9c,[],0.0,psp_008462_1440,['val'],1.0,Counter({'val': 1}),val,59d2c6861deea26d,True,hirise_clean,0,C:\Users\deves\OneDrive\Desktop\Projects\TCMD-SS\data\raw\hirise_v3_2\map-proj-v3_2\PSP_008462_1440_RED-0050.jpg
map-proj-v3_2/PSP_008462_1440_RED-0051.jpg,ok,,JPEG,227.0,227.0,L,1.0,1.0,normal,other,val,psp_008462_1440_red-0051,[],7c22454447ec5e9ee2dbc39223befa7ddd6cb1ff024336a9ecb680a086288174,2eb483eb16e564dd738f16fa1076dbcf7bc09c8fdc1da82f3f82798d35d7d8fb,9cc7e6883374d923,50.80341167109783,38.92042301622137,0f36d7cb7d7bd128,[],0.0,psp_008462_1440,['val'],1.0,Counter({'val': 1}),val,59d2c6861deea26d,True,hirise_clean,0,C:\Users\deves\OneDrive\Desktop\Projects\TCMD-SS\data\raw\hirise_v3_2\map-proj-v3_2\PSP_008462_1440_RED-0051.jpg
map-proj-v3_2/PSP_008462_1440_RED-0054.jpg,ok,,JPEG,227.0,227.0,L,1.0,1.0,normal,other,val,psp_008462_1440_red-0054,[],786236d235e9f478335306496ca1bddb90bc8da6ff3674724f1e32ed8801ca43,673ec9ef98825fbb45c94afe3b1d4e4bef54f2374f6fcc91d4ff2576771f7e3a,ecd831a346de9163,75.86108793106794,16.742633511215875,90df895e7b9493fc,[],0.0,psp_008462_1440,['val'],1.0,Counter({'val': 1}),val,59d2c6861deea26d,True,hirise_clean,0,C:\Users\deves\OneDrive\Desktop\Projects\TCMD-SS\data\raw\hirise_v3_2\map-proj-v3_2\PSP_008462_1440_RED-0054.jpg
map-proj-v3_2/PSP_008462_1440_RED-0058.jpg,ok,,JPEG,227.0,227.0,L,1.0,1.0,normal,other,val,psp_008462_1440_red-0058,[],87299ad987229e81be8e93129a41ec0aea6be24ae66da8b879cc30d797966dd4,c534a2cb2579a9a145d91b5b9aa8fba2f79023b0df53eb0e7fdeabf082739eae,a1e51173a6a9a3ae,69.01723301441906,15.715383886870226,90368e5382f91f47,[],0.0,psp_008462_1440,['val'],1.0,Counter({'val': 1}),val,59d2c6861deea26d,True,hirise_clean,0,C:\Users\deves\OneDrive\Desktop\Projects\TCMD-SS\data\raw\hirise_v3_2\map-proj-v3_2\PSP_008462_1440_RED-0058.jpg
map-proj-v3_2/PSP_008462_1440_RED-0059.jpg,ok,,JPEG,227.0,227.0,L,1.0,1.0,normal,crater,val,psp_008462_1440_red-0059,[],0a0f007f634e080f140c71e8a66371d35cb2eb908f5ec70cf44a290536278f97,e956da52097dfb46b663f5e3ae30216988a5786f992c116b60b3bca0b7b62503,f3c20c993265cf9c,82.15961885540182,17.516785757821516,dffbff9abb02eb1a,[],1.0,psp_008462_1440,['val'],1.0,Counter({'val': 1}),val,59d2c6861deea26d,True,hirise_clean,0,C:\Users\deves\OneDrive\Desktop\Projects\TCMD-SS\data\raw\hirise_v3_2\map-proj-v3_2\PSP_008462_1440_RED-0059.jpg
map-proj-v3_2/PSP_008462_1440_RED-0061.jpg,ok,,JPEG,227.0,227.0,L,1.0,1.0,normal,crater,val,psp_008462_1440_red-0061,[],578f9404614f1889a8e03b2561b1646b60999933eab35cb50ff2eb9197c03745,33faeb6f85e49ed248aa4c7068fd62fafb57cc3bf34c49d373055a9182eace49,93676dd892652356,79.63001416677987,17.440931559344524,f38fe22a9a8eea62,[],1.0,psp_008462_1440,['val'],1.0,Counter({'val': 1}),val,59d2c6861deea26d,True,hirise_clean,0,C:\Users\deves\OneDrive\Desktop\Projects\TCMD-SS\data\raw\hirise_v3_2\map-proj-v3_2\PSP_008462_1440_RED-0061.jpg
map-proj-v3_2/PSP_008462_1440_RED-0067.jpg,ok,,JPEG,227.0,227.0,L,1.0,1.0,normal,other,val,psp_008462_1440_red-0067,[],d29a37fa6cd13f111d6d4586400a2c1dcf4c90a17222756012f220ac07288451,b7e78be12fafbd8e0998d5aefc4a234e742e68ad1e5ed32147b2d83f47b19689,e6a1a3e0ab627e68,70.92674028217121,16.13626408142259,011edd892eaede86,[],0.0,psp_008462_1440,['val'],1.0,Counter({'val': 1}),val,59d2c6861deea26d,True,hirise_clean,0,C:\Users\deves\OneDrive\Desktop\Projects\TCMD-SS\data\raw\hirise_v3_2\map-proj-v3_2\PSP_008462_1440_RED-0067.jpg
map-proj-v3_2/PSP_008462_1440_RED-0079.jpg,ok,,JPEG,227.0,227.0,L,1.0,1.0,normal,crater,val,psp_008462_1440_red-0079,[],a07448f187a6b9d1b0b6ead3aab538e80ea6127e5cdd24bb29cb8c852ba3c1c3,88d918b87dff9c7ff6d04daa397193bfdeb08d47e87f2f765e85760a1a283cff,d34a4cc99b766c98,64.66141396107047,42.006402214862334,78b5f8126b7fb6e7,[],1.0,psp_008462_1440,['val'],1.0,Counter({'val': 1}),val,59d2c6861deea26d,True,hirise_clean,0,C:\Users\deves\OneDrive\Desktop\Projects\TCMD-SS\data\raw\hirise_v3_2\map-proj-v3_2\PSP_008462_1440_RED-0079.jpg
map-proj-v3_2/PSP_008462_1440_RED-0082.jpg,ok,,JPEG,227.0,227.0,L,1.0,1.0,normal,other,val,psp_008462_1440_red-0082,[],9b8447c412b03201ce9ed56598624ed63bfb344e64cbd14880889b0e35ca66b7,50e45e53c1c1d5f8be898ef10ed898c0332a26f49967f01fbe3392e9fba8ac5c,8991332e5db9aac3,79.2599895204642,17.202249974576684,940fb558a15963f2,[],0.0,psp_008462_1440,['val'],1.0,Counter({'val': 1}),val,59d2c6861deea26d,True,hirise_clean,0,C:\Users\deves\OneDrive\Desktop\Projects\TCMD-SS\data\raw\hirise_v3_2\map-proj-v3_2\PSP_008462_1440_RED-0082.jpg
map-proj-v3_2/PSP_008462_1440_RED-0084.jpg,ok,,JPEG,227.0,227.0,L,1.0,1.0,normal,other,val,psp_008462_1440_red-0084,[],d4714c2da6a3f81d0fc0d55a768afc76b2b46dae2a8dcb0e66e25c2297137418,effa30ca44e7b7c2a9e64b1f49b002d599c044aeb425e95df09b8889fc99bf5c,ff0e49d3866d18b0,71.35275281880106,15.272333594351473,0e6dcbba473620b4,[],0.0,psp_008462_1440,['val'],1.0,Counter({'val': 1}),val,59d2c6861deea26d,True,hirise_clean,0,C:\Users\deves\OneDrive\Desktop\Projects\TCMD-SS\data\raw\hirise_v3_2\map-proj-v3_2\PSP_008462_1440_RED-0084.jpg
map-proj-v3_2/PSP_008462_1440_RED-0085.jpg,ok,,JPEG,227.0,227.0,L,1.0,1.0,normal,crater,val,psp_008462_1440_red-0085,[],30069614628e02d3beef246a0014d0690fef337101bc0cfd9def5b49e4943c57,b01111b536c32ff7e6805e31794201e384903de1bc02c2f74e2ee4ad4d84e601,b346cc993366ce98,76.97845873197618,23.49605222761066,5d6271983cbd2bc1,['group_label_conflict'],1.0,psp_008462_1440,['val'],1.0,Counter({'val': 1}),val,59d2c6861deea26d,True,hirise_clean,0,C:\Users\deves\OneDrive\Desktop\Projects\TCMD-SS\data\raw\hirise_v3_2\map-proj-v3_2\PSP_008462_1440_RED-0085.jpg
map-proj-v3_2/PSP_008462_1440_RED-0086.jpg,ok,,JPEG,227.0,227.0,L,1.0,1.0,normal,crater,val,psp_008462_1440_red-0086,[],0a4cf22d1ae26693f3b6d554b5b3d863b93198685597983d83eb692b3beb969c,479e8b9fda5d5a5eeeb79d5905d102fe9625dea3e58ea3d3ca8ae5abc365d55e,b3a74c983366cd92,80.25934910438782,30.87920210939247,5b05217f3569dcbd,[],1.0,psp_008462_1440,['val'],1.0,Counter({'val': 1}),val,59d2c6861deea26d,True,hirise_clean,0,C:\Users\deves\OneDrive\Desktop\Projects\TCMD-SS\data\raw\hirise_v3_2\map-proj-v3_2\PSP_008462_1440_RED-0086.jpg
map-proj-v3_2/PSP_008462_1440_RED-0087.jpg,ok,,JPEG,227.0,227.0,L,1.0,1.0,normal,crater,val,psp_008462_1440_red-0087,[],64b46380061c6fb1964ef1f2e86707922aef4a2e9e76f76bdf926f5a27be6193,8d5dbc06b8492ff046b04499fc71ce61a5c8cc46ad57061da2fdfbd681d0a555,91954c99b1272fda,91.17906421626655,16.532130965963745,236593cbd81f270e,[],1.0,psp_008462_1440,['val'],1.0,Counter({'val': 1}),val,59d2c6861deea26d,True,hirise_clean,0,C:\Users\deves\OneDrive\Desktop\Projects\TCMD-SS\data\raw\hirise_v3_2\map-proj-v3_2\PSP_008462_1440_RED-0087.jpg
map-proj-v3_2/PSP_008462_1440_RED-0091.jpg,ok,,JPEG,227.0,227.0,L,1.0,1.0,normal,other,val,psp_008462_1440_red-0091,[],8544419d14f0c95db402d9ef802c7ade37738f75e44617feb2ed9d935ca6405f,ab8a2506f85a040186946f69eec77362e747d5644b9ba2bfe882cdf7aecf3f74,ee085314b8b3b2de,83.16270449649711,16.52890081638862,a4ff22fe41dfd226,[],0.0,psp_008462_1440,['val'],1.0,Counter({'val': 1}),val,59d2c6861deea26d,True,hirise_clean,0,C:\Users\deves\OneDrive\Desktop\Projects\TCMD-SS\data\raw\hirise_v3_2\map-proj-v3_2\PSP_008462_1440_RED-0091.jpg
map-proj-v3_2/PSP_008462_1440_RED-0092.jpg,ok,,JPEG,227.0,227.0,L,1.0,1.0,normal,crater,val,psp_008462_1440_red-0092,[],2a8d1dde72b464f072055930446d7ac74998e088a6a4ab5a85b14950a7c4238f,db01726dc4f29d7f5851797f02d86068f8424b3264255974db679eb03b4e4b01,bb26c4993167cd8a,81.90061906887384,26.346027790730297,5b05217f3569dcbd,[],1.0,psp_008462_1440,['val'],1.0,Counter({'val': 1}),val,59d2c6861deea26d,True,hirise_clean,0,C:\Users\deves\OneDrive\Desktop\Projects\TCMD-SS\data\raw\hirise_v3_2\map-proj-v3_2\PSP_008462_1440_RED-0092.jpg
map-proj-v3_2/PSP_008462_1440_RED-0095.jpg,ok,,JPEG,227.0,227.0,L,1.0,1.0,normal,other,val,psp_008462_1440_red-0095,[],4849db4e5bde260cfa35e50a564790cad93a9cc5d2e4ae6f2d11a53d817c1a8f,0d81fe102b0a13cf03a0cfb8800323e64d358efab5c50ba07cb96de4f755cd79,a4da97644499dbaa,85.69157173630383,16.088545495341144,7536f7809090e7ce,[],0.0,psp_008462_1440,['val'],1.0,Counter({'val': 1}),val,59d2c6861deea26d,True,hirise_clean,0,C:\Users\deves\OneDrive\Desktop\Projects\TCMD-SS\data\raw\hirise_v3_2\map-proj-v3_2\PSP_008462_1440_RED-0095.jpg
map-proj-v3_2/PSP_008462_1440_RED-0097.jpg,ok,,JPEG,227.0,227.0,L,1.0,1.0,normal,crater,val,psp_008462_1440_red-0097,[],a7010b1ed3524d5a05809cd4b8fb02560759b0d013472f2ce011bbbd3f81bd73,16a3d66730f19c0c7c16b9dec4262cb1945d4f2604b21d8016cdceaeeb0c355f,d3274c933364c9da,77.96755225212986,14.93992429801245,4388c51e715fc770,[],1.0,psp_008462_1440,['val'],1.0,Counter({'val': 1}),val,59d2c6861deea26d,True,hirise_clean,0,C:\Users\deves\OneDrive\Desktop\Projects\TCMD-SS\data\raw\hirise_v3_2\map-proj-v3_2\PSP_008462_1440_RED-0097.jpg
map-proj-v3_2/PSP_008462_1440_RED-0099.jpg,ok,,JPEG,227.0,227.0,L,1.0,1.0,normal,crater,val,psp_008462_1440_red-0099,[],5c04a47ece82906d4f15beb8ff2ba227e94372fe038a62b8aca68671c466673e,34dc5826e9e9417f787108ad3b3436b575df4743e0bddb26996a5b49f38be6aa,a322cc1933e7ce9c,75.75289642725456,18.95652844025216,6630e91a5c7d4825,[],1.0,psp_008462_1440,['val'],1.0,Counter({'val': 1}),val,59d2c6861deea26d,True,hirise_clean,0,C:\Users\deves\OneDrive\Desktop\Projects\TCMD-SS\data\raw\hirise_v3_2\map-proj-v3_2\PSP_008462_1440_RED-0099.jpg
map-proj-v3_2/PSP_008462_1440_RED-0100.jpg,ok,,JPEG,227.0,227.0,L,1.0,1.0,normal,crater,val,psp_008462_1440_red-0100,[],b649b0a220c4b627b01412cf7284b9bc554ac96f75d9b0c8694799a1c6e428af,32163d78d95a3e0cdede8ec8df5fa7086f35f3ed36896a5a1e54803af105d38a,b26dc89367e59921,76.25170292456674,16.373915062452262,23f3eff8317405bb,[],1.0,psp_008462_1440,['val'],1.0,Counter({'val': 1}),val,59d2c6861deea26d,True,hirise_clean,0,C:\Users\deves\OneDrive\Desktop\Projects\TCMD-SS\data\raw\hirise_v3_2\map-proj-v3_2\PSP_008462_1440_RED-0100.jpg
map-proj-v3_2/PSP_008462_1440_RED-0103.jpg,ok,,JPEG,227.0,227.0,L,1.0,1.0,normal,other,val,psp_008462_1440_red-0103,[],7cdb586ccb0b536b07cf4e8270660ef65886c2c09cfab2aaec435e664128f639,97d5cbe96c21c7a19b4f206b5e09d6cad81dfe6ff0833fe90d48412f6634032c,fafce003073ebc90,88.64934308835801,28.058136064313167,e124e2efdb86eb83,[],0.0,psp_008462_1440,['val'],1.0,Counter({'val': 1}),val,59d2c6861deea26d,True,hirise_clean,0,C:\Users\deves\OneDrive\Desktop\Projects\TCMD-SS\data\raw\hirise_v3_2\map-proj-v3_2\PSP_008462_1440_RED-0103.jpg
map-proj-v3_2/PSP_008462_1440_RED-0105.jpg,ok,,JPEG,227.0,227.0,L,1.0,1.0,normal,other,val,psp_008462_1440_red-0105,[],a66032b967cba5e2e93986876eb801988fab422579b4f8b0f336a143ecc270fc,d3dca73da0b2fc12d978df787fd23c2468378d9a230ed5b142c9e7293cae20f8,ffd93224c8d13352,74.21469463797085,14.759247623954272,e9cb01a1a2971065,[],0.0,psp_008462_1440,['val'],1.0,Counter({'val': 1}),val,59d2c6861deea26d,True,hirise_clean,0,C:\Users\deves\OneDrive\Desktop\Projects\TCMD-SS\data\raw\hirise_v3_2\map-proj-v3_2\PSP_008462_1440_RED-0105.jpg
map-proj-v3_2/PSP_008462_1440_RED-0107.jpg,ok,,JPEG,227.0,227.0,L,1.0,1.0,normal,crater,val,psp_008462_1440_red-0107,[],a92c2ebf984da3f147ca01442d714a33728384672ef3c1480e8e0f96438011ad,3c46e85561304b059699a3acd469728a7c06c89b21372e722ac946042f93ee85,cca07287ac7a5d99,76.36604630402297,14.484750067760269,5a13f5ff376f1558,[],1.0,psp_008462_1440,['val'],1.0,Counter({'val': 1}),val,59d2c6861deea26d,True,hirise_clean,0,C:\Users\deves\OneDrive\Desktop\Projects\TCMD-SS\data\raw\hirise_v3_2\map-proj-v3_2\PSP_008462_1440_RED-0107.jpg
map-proj-v3_2/PSP_008462_1440_RED-0108.jpg,ok,,JPEG,227.0,227.0,L,1.0,1.0,normal,crater,val,psp_008462_1440_red-0108,[],917624397709a378aa70dc010f461f185cf141fba3da2f9f25df14245203fdc2,ce1a77c7df694f1744deb89bf043c6c089a0d48374e30b1d35b12789cbdd3dcd,91c366cc98724dd7,87.29988938267772,30.390221794661294,15d1630b3173efeb,[],1.0,psp_008462_1440,['val'],1.0,Counter({'val': 1}),val,59d2c6861deea26d,True,hirise_clean,0,C:\Users\deves\OneDrive\Desktop\Projects\TCMD-SS\data\raw\hirise_v3_2\map-proj-v3_2\PSP_008462_1440_RED-0108.jpg
map-proj-v3_2/PSP_008462_1440_RED-0109.jpg,ok,,JPEG,227.0,227.0,L,1.0,1.0,normal,crater,val,psp_008462_1440_red-0109,[],8fd245b247f4af256d36a3b9ba4fad0a2adc0c3f2a4673328f42f05973c38755,b8092efbdf495732ec8c316c6de58a1b7c0f96105b1855a543ba51db999e6b24,b2244f9fba746322,75.61891362145587,23.63176661420644,66a4aa0089e8ea13,[],1.0,psp_008462_1440,['val'],1.0,Counter({'val': 1}),val,59d2c6861deea26d,True,hirise_clean,0,C:\Users\deves\OneDrive\Desktop\Projects\TCMD-SS\data\raw\hirise_v3_2\map-proj-v3_2\PSP_008462_1440_RED-0109.jpg
map-proj-v3_2/PSP_008462_1440_RED-0123.jpg,ok,,JPEG,227.0,227.0,L,1.0,1.0,normal,other,val,psp_008462_1440_red-0123,[],501b8ecaad0f3889bef4c9c0a0be5a31ffbb059a8f7e613fc969a9e4fd488bd8,4e0bf26cd3fa891ea0058046b431fcb9620963162b18440b28a679be8be9f6ea,cc883a7237e66cd1,91.36208736827804,16.022174913454723,e1f32f73df7facfd,[],0.0,psp_008462_1440,['val'],1.0,Counter({'val': 1}),val,59d2c6861deea26d,True,hirise_clean,0,C:\Users\deves\OneDrive\Desktop\Projects\TCMD-SS\data\raw\hirise_v3_2\map-proj-v3_2\PSP_008462_1440_RED-0123.jpg
map-proj-v3_2/PSP_008462_1440_RED-0126.jpg,ok,,JPEG,227.0,227.0,L,1.0,1.0,normal,other,val,psp_008462_1440_red-0126,[],dcc54b1ded4d6eca372b30108eff4fe827e1247f8d8965448b1ca3391ef31005,23020d2b16bf9ed412849f0100c21390f7124ebaaa8d0afaaf2b7f8c84a35969,87e03d3823cece93,67.58926041646451,36.34169844025207,95c7c091030424c8,[],0.0,psp_008462_1440,['val'],1.0,Counter({'val': 1}),val,59d2c6861deea26d,True,hirise_clean,0,C:\Users\deves\OneDrive\Desktop\Projects\TCMD-SS\data\raw\hirise_v3_2\map-proj-v3_2\PSP_008462_1440_RED-0126.jpg
map-proj-v3_2/PSP_008462_1440_RED-0129.jpg,ok,,JPEG,227.0,227.0,L,1.0,1.0,normal,crater,val,psp_008462_1440_red-0129,[],467603e8411c18ed755e6f62568eca1d7f8fe40163132febe0c4a45925f6e06d,7685a1cb1807bc90262e80ba98a946f13a0b9932b0a3a0d398b0e6819c0fa4e4,f3248c993366dd32,79.89650488074676,16.429837180518792,bf20222c88388a85,[],1.0,psp_008462_1440,['val'],1.0,Counter({'val': 1}),val,59d2c6861deea26d,True,hirise_clean,0,C:\Users\deves\OneDrive\Desktop\Projects\TCMD-SS\data\raw\hirise_v3_2\map-proj-v3_2\PSP_008462_1440_RED-0129.jpg
map-proj-v3_2/PSP_008462_1440_RED-0131.jpg,ok,,JPEG,227.0,227.0,L,1.0,1.0,normal,other,val,psp_008462_1440_red-0131,[],4a6b7ce0521f7b8c422446e9438c6d2e4fe3aa4694f1379dca99c3ff82960763,81458e7f90564a7ac5fd3052b3af13651b0aca98c13c06a524c91ae5f875ec99,d3566ca89327ec98,74.71586873411088,17.724215648000403,3b5a5d4eef892397,[],0.0,psp_008462_1440,['val'],1.0,Counter({'val': 1}),val,59d2c6861deea26d,True,hirise_clean,0,C:\Users\deves\OneDrive\Desktop\Projects\TCMD-SS\data\raw\hirise_v3_2\map-proj-v3_2\PSP_008462_1440_RED-0131.jpg
map-proj-v3_2/PSP_008462_1440_RED-0143.jpg,ok,,JPEG,227.0,227.0,L,1.0,1.0,normal,other,val,psp_008462_1440_red-0143,[],ce8ef17e4406f8672491953bc7bf3e31036c0687851ef4286979dab21624710f,ae303a1b44e30a489fc231636d1d63f37e1f21a776dd571fa962cc7a86f9af0b,826e43969fb4e84b,51.25641871567467,34.03169009081711,153d65d5d7472df4,[],0.0,psp_008462_1440,['val'],1.0,Counter({'val': 1}),val,59d2c6861deea26d,True,hirise_clean,0,C:\Users\deves\OneDrive\Desktop\Projects\TCMD-SS\data\raw\hirise_v3_2\map-proj-v3_2\PSP_008462_1440_RED-0143.jpg
map-proj-v3_2/PSP_008462_1440_RED-0148.jpg,ok,,JPEG,227.0,227.0,L,1.0,1.0,normal,crater,val,psp_008462_1440_red-0148,[],6b35b5d7db423ebd4918f1d7481a28be576516442d46bda7726ce5a71072d87b,d095de782c94b0bbb12c2593997f7ef9ed97229d36c734a9b99055a527dc1a93,d1f886193366cc9d,78.67653166178269,14.93570118538974,9927195de25c8ced,[],1.0,psp_008462_1440,['val'],1.0,Counter({'val': 1}),val,59d2c6861deea26d,True,hirise_clean,0,C:\Users\deves\OneDrive\Desktop\Projects\TCMD-SS\data\raw\hirise_v3_2\map-proj-v3_2\PSP_008462_1440_RED-0148.jpg
map-proj-v3_2/PSP_008462_1440_RED-0151.jpg,ok,,JPEG,227.0,227.0,L,1.0,1.0,normal,other,val,psp_008462_1440_red-0151,[],72ea2eb6a9ed96168407958c4de48c9ead110191aabf27091fa7144eaa897f87,a1e36f71c2fa51bd6ed1f728f69f1d17f2e753961a746889e33d52530b43a266,90ef10a54f5a71f2,35.65351549612839,18.44488492572678,77b0256e2b226fb7,[],0.0,psp_008462_1440,['val'],1.0,Counter({'val': 1}),val,59d2c6861deea26d,True,hirise_clean,0,C:\Users\deves\OneDrive\Desktop\Projects\TCMD-SS\data\raw\hirise_v3_2\map-proj-v3_2\PSP_008462_1440_RED-0151.jpg
map-proj-v3_2/PSP_008462_1440_RED-0158.jpg,ok,,JPEG,227.0,227.0,L,1.0,1.0,normal,other,val,psp_008462_1440_red-0158,[],b504b9571eef2645ffbc812d25a67da88a7a55b5398cb0508b11897e674dabfe,86d04a87389e4469756cea44a45488092f732cf1c11ce9c1e1c1b43523935e03,eadc14b9e2156396,37.09445166799278,20.150290807780028,a42164b02d9ab7ea,[],0.0,psp_008462_1440,['val'],1.0,Counter({'val': 1}),val,59d2c6861deea26d,True,hirise_clean,0,C:\Users\deves\OneDrive\Desktop\Projects\TCMD-SS\data\raw\hirise_v3_2\map-proj-v3_2\PSP_008462_1440_RED-0158.jpg
map-proj-v3_2/PSP_008462_1440_RED-0161.jpg,ok,,JPEG,227.0,227.0,L,1.0,1.0,normal,other,val,psp_008462_1440_red-0161,[],61c7db147852d0233c95de6969591c69a8654e87e80769afd019e8073c2f7832,d56d093d7ae3ab441f1d117e0b39486ef5b01d8e7c010f61c6c0e0a731fe1390,8f43ca8b33679c98,54.16780841856042,37.96287755942934,af5f3a5c7d85ee4c,[],0.0,psp_008462_1440,['val'],1.0,Counter({'val': 1}),val,59d2c6861deea26d,True,hirise_clean,0,C:\Users\deves\OneDrive\Desktop\Projects\TCMD-SS\data\raw\hirise_v3_2\map-proj-v3_2\PSP_008462_1440_RED-0161.jpg
map-proj-v3_2/PSP_008462_1440_RED-0163.jpg,ok,,JPEG,227.0,227.0,L,1.0,1.0,normal,other,val,psp_008462_1440_red-0163,[],f316ed2359ca4b7a9584e870632443dc948fd1e72f5dcbf49eb19b2d3c4773e2,8f267619ffb320b06da9f11cb5da513ef91749c8bb6567a734546848fa929cd5,c3929c66c147bc7c,58.59135632362359,22.12805025760911,0b9c02ce8c75c75b,[],0.0,psp_008462_1440,['val'],1.0,Counter({'val': 1}),val,59d2c6861deea26d,True,hirise_clean,0,C:\Users\deves\OneDrive\Desktop\Projects\TCMD-SS\data\raw\hirise_v3_2\map-proj-v3_2\PSP_008462_1440_RED-0163.jpg
map-proj-v3_2/PSP_008462_1440_RED-0166.jpg,ok,,JPEG,227.0,227.0,L,1.0,1.0,normal,crater,val,psp_008462_1440_red-0166,[],c109b558b2e2123fe9f1983c0f393d336d1b5d9d93158a49abe4cc76dd5b57e2,333ea5b998261f965382fbaaa7f2fb35d994cbcdd11b88aa77eac9c954579f86,b3c40cf3e7c48993,69.61027770769857,21.029929719584743,f59f92ae9a3ac014,[],1.0,psp_008462_1440,['val'],1.0,Counter({'val': 1}),val,59d2c6861deea26d,True,hirise_clean,0,C:\Users\deves\OneDrive\Desktop\Projects\TCMD-SS\data\raw\hirise_v3_2\map-proj-v3_2\PSP_008462_1440_RED-0166.jpg
map-proj-v3_2/PSP_008462_1440_RED-0172.jpg,ok,,JPEG,227.0,227.0,L,1.0,1.0,normal,crater,val,psp_008462_1440_red-0172,[],3029d1a17577c3935d46f01f432784490c752398f90ee70cf484c54164f45ed3,383670c30ae9cfa4119b5873f15892c1b4e438b50c5df33ac7f4b8ef0617a676,c170ac48936fc69f,71.15154573152982,15.972379794118831,0b0d7a546e222439,[],1.0,psp_008462_1440,['val'],1.0,Counter({'val': 1}),val,59d2c6861deea26d,True,hirise_clean,0,C:\Users\deves\OneDrive\Desktop\Projects\TCMD-SS\data\raw\hirise_v3_2\map-proj-v3_2\PSP_008462_1440_RED-0172.jpg
map-proj-v3_2/PSP_008462_1440_RED-0175.jpg,ok,,JPEG,227.0,227.0,L,1.0,1.0,normal,other,val,psp_008462_1440_red-0175,[],a3db40fcb32c4e0aadcf1b9dc71e96fdb9cc6a49503e269c5c4ec80ef773d350,a9bd5ae70c45099cc950e48278641b24187be83462e80be536ec038877421837,f7e2440ad7a78c98,80.99627394282831,16.288433686259065,acc14c5b2cbeed65,[],0.0,psp_008462_1440,['val'],1.0,Counter({'val': 1}),val,59d2c6861deea26d,True,hirise_clean,0,C:\Users\deves\OneDrive\Desktop\Projects\TCMD-SS\data\raw\hirise_v3_2\map-proj-v3_2\PSP_008462_1440_RED-0175.jpg
map-proj-v3_2/PSP_008462_1440_RED-0176.jpg,ok,,JPEG,227.0,227.0,L,1.0,1.0,normal,crater,val,psp_008462_1440_red-0176,[],4ff9899eb46dd1296bbab43b65e24f14987e054ee09fdea157218c800fcbec3c,136a470337080750c7cddb31e13ed87d86e233f30e6b6f7dd1bd4e45909ac3fe,be2355874f1e9c0c,85.35756564264783,16.387251222232106,504f6a53a80b181b,[],1.0,psp_008462_1440,['val'],1.0,Counter({'val': 1}),val,59d2c6861deea26d,True,hirise_clean,0,C:\Users\deves\OneDrive\Desktop\Projects\TCMD-SS\data\raw\hirise_v3_2\map-proj-v3_2\PSP_008462_1440_RED-0176.jpg
map-proj-v3_2/PSP_008462_1440_RED-0177.jpg,ok,,JPEG,227.0,227.0,L,1.0,1.0,normal,other,val,psp_008462_1440_red-0177,[],b82c9267f69478c6ce3ef3aa1dd08144f547340cfb23a92b3507a51f9b27ba8e,3c0b9f0fcd3111b19a3c3a9f6d07e8fe2b703acdb6c55868191b60ddba24b467,881567ae397bf244,74.01275010188438,19.93061019711976,86d3320a0f198ef2,[],0.0,psp_008462_1440,['val'],1.0,Counter({'val': 1}),val,59d2c6861deea26d,True,hirise_clean,0,C:\Users\deves\OneDrive\Desktop\Projects\TCMD-SS\data\raw\hirise_v3_2\map-proj-v3_2\PSP_008462_1440_RED-0177.jpg
map-proj-v3_2/PSP_008462_1440_RED-0188.jpg,ok,,JPEG,227.0,227.0,L,1.0,1.0,normal,other,val,psp_008462_1440_red-0188,[],8767f254c8cbe8b12a9d9924f844d8893549717425726787aab3ce4fc2ff3bbc,df0f1fce82d8fb1797066395722839628abf53e71187a245dd5ab03db04e5ef5,a2c090d367cf9b36,66.38617089405966,17.767616242778082,5fe9c83cdf2ec786,[],0.0,psp_008462_1440,['val'],1.0,Counter({'val': 1}),val,59d2c6861deea26d,True,hirise_clean,0,C:\Users\deves\OneDrive\Desktop\Projects\TCMD-SS\data\raw\hirise_v3_2\map-proj-v3_2\PSP_008462_1440_RED-0188.jpg
map-proj-v3_2/PSP_008462_1440_RED-0191.jpg,ok,,JPEG,227.0,227.0,L,1.0,1.0,normal,other,val,psp_008462_1440_red-0191,[],d747b2e6426aa81f73dbbd6965e73f2cc68b0781205470fd47d4e814f3cc4140,270d38149d7eaa96e828f1649f9ebcfe77a9c45732f96e9b1d8bc55ddad77450,eb1a1121eeccb971,70.69628752741176,18.05472999629912,ef454b81bb5a3091,[],0.0,psp_008462_1440,['val'],1.0,Counter({'val': 1}),val,59d2c6861deea26d,True,hirise_clean,0,C:\Users\deves\OneDrive\Desktop\Projects\TCMD-SS\data\raw\hirise_v3_2\map-proj-v3_2\PSP_008462_1440_RED-0191.jpg
map-proj-v3_2/PSP_008462_1440_RED-0193.jpg,ok,,JPEG,227.0,227.0,L,1.0,1.0,normal,other,val,psp_008462_1440_red-0193,[],dd3a87574bd404352abf4f4d299f49612073a54ba828eef1d018e03530e2ced2,c5705357aaed6936a886e1ec5192f9ecbe34dd660b1c751ac2c33a46f2154fdd,d88a73b64cd06657,68.81946088610297,16.244747370297638,fb903652f94d229d,[],0.0,psp_008462_1440,['val'],1.0,Counter({'val': 1}),val,59d2c6861deea26d,True,hirise_clean,0,C:\Users\deves\OneDrive\Desktop\Projects\TCMD-SS\data\raw\hirise_v3_2\map-proj-v3_2\PSP_008462_1440_RED-0193.jpg
map-proj-v3_2/PSP_008462_1440_RED-0199.jpg,ok,,JPEG,227.0,227.0,L,1.0,1.0,normal,other,val,psp_008462_1440_red-0199,[],13cdd3e252df90ebce36205082f78cf632668baa513a469e0bac558d692f1ccf,5ee32c55d11e90af0cddc74350c5d6ade5451a131cae08fe0a17bda4e3553d83,a7ed9832c6d8d065,67.06229501833919,18.43413114199468,874962dd5fab0dcb,[],0.0,psp_008462_1440,['val'],1.0,Counter({'val': 1}),val,59d2c6861deea26d,True,hirise_clean,0,C:\Users\deves\OneDrive\Desktop\Projects\TCMD-SS\data\raw\hirise_v3_2\map-proj-v3_2\PSP_008462_1440_RED-0199.jpg
map-proj-v3_2/PSP_008462_1440_RED-0203.jpg,ok,,JPEG,227.0,227.0,L,1.0,1.0,normal,other,val,psp_008462_1440_red-0203,[],73cd7148f47d56f21362dd7cc81defe431202ae0b1b3715eae78ba81df392426,b9d62e6a47ca3e251ad8b40235b040734c8314d8b799710a5be1f830f6586b79,fec38fc8868c0b5c,67.62756894176096,20.775749658349092,2d240c3fbcabe7ab,[],0.0,psp_008462_1440,['val'],1.0,Counter({'val': 1}),val,59d2c6861deea26d,True,hirise_clean,0,C:\Users\deves\OneDrive\Desktop\Projects\TCMD-SS\data\raw\hirise_v3_2\map-proj-v3_2\PSP_008462_1440_RED-0203.jpg
map-proj-v3_2/PSP_008462_1440_RED-0210.jpg,ok,,JPEG,227.0,227.0,L,1.0,1.0,normal,other,val,psp_008462_1440_red-0210,[],048d74ccfa269ab2b68ef36a35ad08bfc0b5362eb608e7aa7111b946287ef276,c2c07e7545ce0d43ad3f0ad44e1872c4bdc47c92ba7f2fe19a916b488e866cdf,de9d78f48196f0c0,79.53443691901647,17.29216534599927,40dc23b81724fd4d,[],0.0,psp_008462_1440,['val'],1.0,Counter({'val': 1}),val,59d2c6861deea26d,True,hirise_clean,0,C:\Users\deves\OneDrive\Desktop\Projects\TCMD-SS\data\raw\hirise_v3_2\map-proj-v3_2\PSP_008462_1440_RED-0210.jpg
map-proj-v3_2/PSP_008462_1440_RED-0218.jpg,ok,,JPEG,227.0,227.0,L,1.0,1.0,normal,other,val,psp_008462_1440_red-0218,[],3a1c7ebdc193d958e7263f7bbbabc33a776082f9dcbb6b20e51c8fe7a17ed965,222ddf3761b1c38d59e3ff4a6ef9090bc8e5d976a8977d7097d79155ec5c96f7,c28f7a7654752a46,79.7242523627472,16.879083799960977,697479767b4b45b3,[],0.0,psp_008462_1440,['val'],1.0,Counter({'val': 1}),val,59d2c6861deea26d,True,hirise_clean,0,C:\Users\deves\OneDrive\Desktop\Projects\TCMD-SS\data\raw\hirise_v3_2\map-proj-v3_2\PSP_008462_1440_RED-0218.jpg
map-proj-v3_2/PSP_008462_1440_RED-0227.jpg,ok,,JPEG,227.0,227.0,L,1.0,1.0,normal,other,val,psp_008462_1440_red-0227,[],8e62c0916b6571b74a93851f4447303ac143eb2919793d4e2ed1d13892a5fba1,46b1fdb979d847f06facc09777d0fa280b48ff4f6bd342357c9fc8a449abef59,c352c67f903526cd,78.9918686564847,15.72479631467762,48e3bc7c5829c807,[],0.0,psp_008462_1440,['val'],1.0,Counter({'val': 1}),val,59d2c6861deea26d,True,hirise_clean,0,C:\Users\deves\OneDrive\Desktop\Projects\TCMD-SS\data\raw\hirise_v3_2\map-proj-v3_2\PSP_008462_1440_RED-0227.jpg
map-proj-v3_2/PSP_008462_1440_RED-0232.jpg,ok,,JPEG,227.0,227.0,L,1.0,1.0,normal,other,val,psp_008462_1440_red-0232,[],b424237b6293d4691833af46cffb98087bfbec2bdae843196899eab2ee337783,99e6d2c562f055c244474147413dcab4772bb4d47132a4c39b11aac4825692c6,99fa829c72b67644,85.76655863688408,18.374677435640745,bcc70182939820d4,[],0.0,psp_008462_1440,['val'],1.0,Counter({'val': 1}),val,59d2c6861deea26d,True,hirise_clean,0,C:\Users\deves\OneDrive\Desktop\Projects\TCMD-SS\data\raw\hirise_v3_2\map-proj-v3_2\PSP_008462_1440_RED-0232.jpg
map-proj-v3_2/PSP_008462_1440_RED-0236.jpg,ok,,JPEG,227.0,227.0,L,1.0,1.0,normal,other,val,psp_008462_1440_red-0236,[],2c022eb7882c0d49af1bf013bd2e058af6047579778c3205b3d73c0e30ea01ff,e0f327aa007c412ecfd19c8d613624a6999dfaefe8e62e33dfeffc10daa1c7fd,def063e4c2893366,86.62164994469134,17.37822295928127,6860cccb39cf6408,[],0.0,psp_008462_1440,['val'],1.0,Counter({'val': 1}),val,59d2c6861deea26d,True,hirise_clean,0,C:\Users\deves\OneDrive\Desktop\Projects\TCMD-SS\data\raw\hirise_v3_2\map-proj-v3_2\PSP_008462_1440_RED-0236.jpg
map-proj-v3_2/PSP_008462_1440_RED-0238.jpg,ok,,JPEG,227.0,227.0,L,1.0,1.0,normal,other,val,psp_008462_1440_red-0238,[],b2dedcc07f6f5bff7ee5780fb3ed16483a435935e1e5aabdc1d8295d15143198,83c81e4089260dbbe8f0d4d13c9f985ed4a18558534bd0c13765f94b88fff4c6,af1e060e2dc952f6,70.75237245046479,18.60993716666869,c536a0c6068d7fea,[],0.0,psp_008462_1440,['val'],1.0,Counter({'val': 1}),val,59d2c6861deea26d,True,hirise_clean,0,C:\Users\deves\OneDrive\Desktop\Projects\TCMD-SS\data\raw\hirise_v3_2\map-proj-v3_2\PSP_008462_1440_RED-0238.jpg
map-proj-v3_2/PSP_008462_1440_RED-0246.jpg,ok,,JPEG,227.0,227.0,L,1.0,1.0,normal,other,val,psp_008462_1440_red-0246,[],a5f9da6ddd66132cfbc0c5e78267c98bce04189a69638d99adfcb1e173d77b1e,f9dcf03c3d4ab3fbc1a90a20c9f6f7afeab36d7cc55fb0414e0632884d522686,b7e29bb766049425,72.06759300588018,16.30557191975895,b2bcb24464fe07d1,[],0.0,psp_008462_1440,['val'],1.0,Counter({'val': 1}),val,59d2c6861deea26d,True,hirise_clean,0,C:\Users\deves\OneDrive\Desktop\Projects\TCMD-SS\data\raw\hirise_v3_2\map-proj-v3_2\PSP_008462_1440_RED-0246.jpg
map-proj-v3_2/PSP_008462_1440_RED-0248.jpg,ok,,JPEG,227.0,227.0,L,1.0,1.0,normal,other,val,psp_008462_1440_red-0248,[],2a8f410ce02dcdac95b5a3282d4ca17ff8b95f97e7089a295ccd77ccdcb9a3d2,ef0d3066fd1a011f241f2372053b5a947749544d61915a00df2225fcaae4c092,eacb9ce05cd305a9,88.8295911040385,16.965656610645173,030ab828777c2fc7,[],0.0,psp_008462_1440,['val'],1.0,Counter({'val': 1}),val,59d2c6861deea26d,True,hirise_clean,0,C:\Users\deves\OneDrive\Desktop\Projects\TCMD-SS\data\raw\hirise_v3_2\map-proj-v3_2\PSP_008462_1440_RED-0248.jpg
map-proj-v3_2/PSP_008462_1440_RED-0257.jpg,ok,,JPEG,227.0,227.0,L,1.0,1.0,normal,other,val,psp_008462_1440_red-0257,[],9ccc7b475797007d058c44f6ffa7cffe1de860c46b9b15c7f7a5b03b17dedaf4,08c15faeb742b743c636c03e8af544caf85caf07c69c451a7b10e9e143cf63f0,90f103662cf5edca,87.78678025965961,15.010081130924217,fea6a65b628f9f38,[],0.0,psp_008462_1440,['val'],1.0,Counter({'val': 1}),val,59d2c6861deea26d,True,hirise_clean,0,C:\Users\deves\OneDrive\Desktop\Projects\TCMD-SS\data\raw\hirise_v3_2\map-proj-v3_2\PSP_008462_1440_RED-0257.jpg
map-proj-v3_2/PSP_008462_1440_RED-0259.jpg,ok,,JPEG,227.0,227.0,L,1.0,1.0,normal,other,val,psp_008462_1440_red-0259,[],c7c48606a3026e0b002866275d4267b0ba588bca6b94eb9eb020a08061e3c95c,7db6c808798064ed7cde4b8cb6fea2f422690de0a0038669bf22cf21d9396eb2,869f1320af789f62,79.65190475266355,16.350846336841414,64452923e6e8c07c,[],0.0,psp_008462_1440,['val'],1.0,Counter({'val': 1}),val,59d2c6861deea26d,True,hirise_clean,0,C:\Users\deves\OneDrive\Desktop\Projects\TCMD-SS\data\raw\hirise_v3_2\map-proj-v3_2\PSP_008462_1440_RED-0259.jpg
map-proj-v3_2/PSP_008462_1440_RED-0262.jpg,ok,,JPEG,227.0,227.0,L,1.0,1.0,normal,other,val,psp_008462_1440_red-0262,[],c26f562c151038c79209dd012bf3f7aa00dd0ab50b93c6b34f0e69335ce7e418,08e047dd48070bf2bfaebe4cee2f2907c70725369a58957812a936fe37297f62,c654bdf833a6c419,88.89357449203361,16.39462831233298,61f8d65e97505410,[],0.0,psp_008462_1440,['val'],1.0,Counter({'val': 1}),val,59d2c6861deea26d,True,hirise_clean,0,C:\Users\deves\OneDrive\Desktop\Projects\TCMD-SS\data\raw\hirise_v3_2\map-proj-v3_2\PSP_008462_1440_RED-0262.jpg
map-proj-v3_2/PSP_008462_1440_RED-0263.jpg,ok,,JPEG,227.0,227.0,L,1.0,1.0,normal,other,val,psp_008462_1440_red-0263,[],2c871f95d4f91701e7505133954f9683140c2979a3883c722a871627711fec78,ba9462bc931fbf4e122693d287628856083e36a8b44c045a2025a71b50248cbd,c3ca1e36eccc1933,93.56886413475908,15.30149935227644,e7f6ea0b05919cc8,[],0.0,psp_008462_1440,['val'],1.0,Counter({'val': 1}),val,59d2c6861deea26d,True,hirise_clean,0,C:\Users\deves\OneDrive\Desktop\Projects\TCMD-SS\data\raw\hirise_v3_2\map-proj-v3_2\PSP_008462_1440_RED-0263.jpg
map-proj-v3_2/PSP_008462_1440_RED-0269.jpg,ok,,JPEG,227.0,227.0,L,1.0,1.0,normal,other,val,psp_008462_1440_red-0269,[],5419316e7c362d4202e89434a3ba88c27588c58668f2226750de0c07ec398ca2,209418047716fb288c5871e8acea47781149f6bda22171e6fb7929f9d80255eb,84f9302cccd933f6,85.48114653884221,13.048496769495587,7d371234629fd064,[],0.0,psp_008462_1440,['val'],1.0,Counter({'val': 1}),val,59d2c6861deea26d,True,hirise_clean,0,C:\Users\deves\OneDrive\Desktop\Projects\TCMD-SS\data\raw\hirise_v3_2\map-proj-v3_2\PSP_008462_1440_RED-0269.jpg
map-proj-v3_2/PSP_008462_1440_RED-0271.jpg,ok,,JPEG,227.0,227.0,L,1.0,1.0,normal,other,val,psp_008462_1440_red-0271,[],bd8052c57722fa9e1bc839decab3c9d28cc529546a855d3a2452f6fa17933a69,1cb6806be3571f90b390c8db76c322261025453ff37c810d218ce6bd919d68a1,fbc11e36e4c90f48,88.52816860408701,15.602237764815406,5673c3b74bb2771c,[],0.0,psp_008462_1440,['val'],1.0,Counter({'val': 1}),val,59d2c6861deea26d,True,hirise_clean,0,C:\Users\deves\OneDrive\Desktop\Projects\TCMD-SS\data\raw\hirise_v3_2\map-proj-v3_2\PSP_008462_1440_RED-0271.jpg
map-proj-v3_2/PSP_008462_1440_RED-0273.jpg,ok,,JPEG,227.0,227.0,L,1.0,1.0,normal,other,val,psp_008462_1440_red-0273,[],2f5995f6e1cc2b6529271d3b818045445a422585f2a22ad71a87fb7b81b6195c,4fd087dae781569d83d7ff4be728d8cbc5585c141d7e70feb2b02919d0db69ce,b5c42dc811e7ccd9,65.28859477187603,18.640744840877435,0c78058610c20262,[],0.0,psp_008462_1440,['val'],1.0,Counter({'val': 1}),val,59d2c6861deea26d,True,hirise_clean,0,C:\Users\deves\OneDrive\Desktop\Projects\TCMD-SS\data\raw\hirise_v3_2\map-proj-v3_2\PSP_008462_1440_RED-0273.jpg
map-proj-v3_2/PSP_008462_1440_RED-0281.jpg,ok,,JPEG,227.0,227.0,L,1.0,1.0,normal,other,val,psp_008462_1440_red-0281,[],d9e155ed780c6e880b3154ba243e34926d2484cb203abc5e99b2db325e777804,f8f62e462995a2b6a2272ed56860d057b40195bacc7aa8da1074e7f882dafdc4,d3e69c30e266dc91,86.37019930524559,14.06037946718314,1009e71ae3881087,[],0.0,psp_008462_1440,['val'],1.0,Counter({'val': 1}),val,59d2c6861deea26d,True,hirise_clean,0,C:\Users\deves\OneDrive\Desktop\Projects\TCMD-SS\data\raw\hirise_v3_2\map-proj-v3_2\PSP_008462_1440_RED-0281.jpg
map-proj-v3_2/PSP_008462_1440_RED-0312.jpg,ok,,JPEG,227.0,227.0,L,1.0,1.0,normal,other,val,psp_008462_1440_red-0312,[],2f67a22eaf9916c6208901641ac9878f28327d9957c52b81f49fe01b07a47ea3,5a4da40c7cb311506e4732a4a57f79af94983b1a5a7aea9cba877faadcb9ace3,c20adb1e3eecd832,89.04403345688836,14.579028157768322,1807559f2e231d24,[],0.0,psp_008462_1440,['val'],1.0,Counter({'val': 1}),val,59d2c6861deea26d,True,hirise_clean,0,C:\Users\deves\OneDrive\Desktop\Projects\TCMD-SS\data\raw\hirise_v3_2\map-proj-v3_2\PSP_008462_1440_RED-0312.jpg
map-proj-v3_2/PSP_008462_1440_RED-0313.jpg,ok,,JPEG,227.0,227.0,L,1.0,1.0,normal,other,val,psp_008462_1440_red-0313,[],0f73e53cce916d7888b4c8cc0ca43506f52b8bdbfd38276a3421f59977eb2dcf,54ce15c0b9ee296d1e76e0ba0702fe1af2520dc8444d9195d2176e32ca4de5f0,b2acc1137ece1873,84.06924256244056,16.377955855258666,6fbdb88942fe4ada,[],0.0,psp_008462_1440,['val'],1.0,Counter({'val': 1}),val,59d2c6861deea26d,True,hirise_clean,0,C:\Users\deves\OneDrive\Desktop\Projects\TCMD-SS\data\raw\hirise_v3_2\map-proj-v3_2\PSP_008462_1440_RED-0313.jpg
map-proj-v3_2/PSP_008462_1440_RED-0318.jpg,ok,,JPEG,227.0,227.0,L,1.0,1.0,normal,other,val,psp_008462_1440_red-0318,[],e5d3a187d17c3ceca4a3044fb3dd5664c6366c2400ad1e6c0231b961b80d2341,dbb6e2983b5f974513513651479edefb7b561ab13d425c6ce882be46d4061903,e389c4cd93276c8d,85.64107589900833,16.342648545357463,00368ef43d16b3fb,[],0.0,psp_008462_1440,['val'],1.0,Counter({'val': 1}),val,59d2c6861deea26d,True,hirise_clean,0,C:\Users\deves\OneDrive\Desktop\Projects\TCMD-SS\data\raw\hirise_v3_2\map-proj-v3_2\PSP_008462_1440_RED-0318.jpg
map-proj-v3_2/PSP_008462_1440_RED-0331.jpg,ok,,JPEG,227.0,227.0,L,1.0,1.0,normal,other,val,psp_008462_1440_red-0331,[],d2253b4e2a9eaf2221c951efdf9038c6c72f9ccb31d52bc910d8b35084e63de6,3f966812b9d6fec1af8b29db7c88233c678b4397607d64d0548c406a55433cf9,dbf4e560c5396162,97.03306875739877,18.13039984258714,abbe4d3b83f975cf,[],0.0,psp_008462_1440,['val'],1.0,Counter({'val': 1}),val,59d2c6861deea26d,True,hirise_clean,0,C:\Users\deves\OneDrive\Desktop\Projects\TCMD-SS\data\raw\hirise_v3_2\map-proj-v3_2\PSP_008462_1440_RED-0331.jpg
map-proj-v3_2/PSP_008462_1440_RED-0336.jpg,ok,,JPEG,227.0,227.0,L,1.0,1.0,normal,other,val,psp_008462_1440_red-0336,[],61ad1e183b5da3c8875f7d83dc9e2804df6cc0a96a35e9ce54cd3e2c6d282f03,436a462bff45883ebf604949b881038a9ed1aef6df57ef3c9ea9be82af3e63c5,c2cdd9c75dd3b400,102.88889751402122,19.61270434870175,0ec19b647ff3c463,[],0.0,psp_008462_1440,['val'],1.0,Counter({'val': 1}),val,59d2c6861deea26d,True,hirise_clean,0,C:\Users\deves\OneDrive\Desktop\Projects\TCMD-SS\data\raw\hirise_v3_2\map-proj-v3_2\PSP_008462_1440_RED-0336.jpg
map-proj-v3_2/PSP_008462_1440_RED-0340.jpg,ok,,JPEG,227.0,227.0,L,1.0,1.0,normal,other,val,psp_008462_1440_red-0340,[],5a00635d5f829e32de87eebe19937157c06187068db117e03ffbd2797a3b9826,4e9cf8c693724bafc7e710abddda394c281c79fb5e148b69dfe6809a3e14ff9f,daf491318b023d7b,110.9097207397776,21.82853390422265,76215f302ba68429,[],0.0,psp_008462_1440,['val'],1.0,Counter({'val': 1}),val,59d2c6861deea26d,True,hirise_clean,0,C:\Users\deves\OneDrive\Desktop\Projects\TCMD-SS\data\raw\hirise_v3_2\map-proj-v3_2\PSP_008462_1440_RED-0340.jpg
map-proj-v3_2/PSP_008462_1440_RED-0342.jpg,ok,,JPEG,227.0,227.0,L,1.0,1.0,normal,other,val,psp_008462_1440_red-0342,[],5699c329010ff809004bc73b892376f57354407a998f14764ba6bc66dd72be79,4911ca9b627cbaecad8ff2eb180578fe6ba6923bd96b975f987a63788ad9662c,d2a9332970d833f6,121.21725630227638,19.28467058533825,7fe328bfb1c319b1,[],0.0,psp_008462_1440,['val'],1.0,Counter({'val': 1}),val,59d2c6861deea26d,True,hirise_clean,0,C:\Users\deves\OneDrive\Desktop\Projects\TCMD-SS\data\raw\hirise_v3_2\map-proj-v3_2\PSP_008462_1440_RED-0342.jpg
map-proj-v3_2/PSP_008462_1440_RED-0357.jpg,ok,,JPEG,227.0,227.0,L,1.0,1.0,normal,other,val,psp_008462_1440_red-0357,[],bcaab1fc4834caafaf38f66944a2325088601126dbfb6509cbf5d94f0dfa23be,1c89dd46db70da4207c3eec243615cc66a6b128b67d08797b02508346deec39f,97ba52b6ecc18ca2,134.58489394321643,19.229308969840165,bbef91fb644c2c71,[],0.0,psp_008462_1440,['val'],1.0,Counter({'val': 1}),val,59d2c6861deea26d,True,hirise_clean,0,C:\Users\deves\OneDrive\Desktop\Projects\TCMD-SS\data\raw\hirise_v3_2\map-proj-v3_2\PSP_008462_1440_RED-0357.jpg
map-proj-v3_2/PSP_008462_1440_RED-0361.jpg,ok,,JPEG,227.0,227.0,L,1.0,1.0,normal,other,val,psp_008462_1440_red-0361,[],92bda96a765b10c115262d06c0de4b7ecf2848d35a5a6b63aba2a64b4080ea61,c669e63229929e345e6049d13d1cdb830f9ac79643a57f0a9053eb0743bcf809,c5b9dfb26016948e,136.45065885229675,18.066902004805133,d31be565292f6a32,[],0.0,psp_008462_1440,['val'],1.0,Counter({'val': 1}),val,59d2c6861deea26d,True,hirise_clean,0,C:\Users\deves\OneDrive\Desktop\Projects\TCMD-SS\data\raw\hirise_v3_2\map-proj-v3_2\PSP_008462_1440_RED-0361.jpg
