path,status,error,format,width,height,mode,channels,frames,label,class_name,original_split,base_id,augmentations,sha256,pixel_sha256,phash,mean,std,group_id,flags,class_id,source_id,supplied_splits,supplied_row_count,supplied_split_row_counts,assigned_split,split_group_id,is_original,origin,is_anomaly,image_path
map-proj-v3_2/ESP_011951_0930_RED-0010.jpg,ok,,JPEG,227.0,227.0,L,1.0,1.0,normal,swiss cheese,val,esp_011951_0930_red-0010,[],e72cd105b12be19098dfc370949bdb8748f042e47c9cb6cd32a944037468d5d7,5e753dc5a5128420e1b149f4a3f89d881f284dca414808f76bc538a544c135b2,86f91fe0fcc70446,90.45962467736614,31.682608749949505,d9d76e5571ae841f,[],6.0,esp_011951_0930,['val'],2.0,Counter({'val': 2}),val,f03c3587611264d1,True,hirise_clean,0,C:\Users\deves\OneDrive\Desktop\Projects\TCMD-SS\data\raw\hirise_v3_2\map-proj-v3_2\ESP_011951_0930_RED-0010.jpg
map-proj-v3_2/ESP_011951_0930_RED-0011.jpg,ok,,JPEG,227.0,227.0,L,1.0,1.0,normal,swiss cheese,val,esp_011951_0930_red-0011,[],62d6793090c712ec97189c1976f8acb2866736c30097d8e5fc31b9cb2c9f89f1,e8c36a178930baa79ac53307439fac86455e2f037a8fd1d7ecfb70ca71c154d7,d3b859a44fd5a852,93.74111665275863,29.31505617106927,8272db8fb9f26b76,[],6.0,esp_011951_0930,['val'],2.0,Counter({'val': 2}),val,f03c3587611264d1,True,hirise_clean,0,C:\Users\deves\OneDrive\Desktop\Projects\TCMD-SS\data\raw\hirise_v3_2\map-proj-v3_2\ESP_011951_0930_RED-0011.jpg
map-proj-v3_2/ESP_011951_0930_RED-0019.jpg,ok,,JPEG,227.0,227.0,L,1.0,1.0,normal,swiss cheese,val,esp_011951_0930_red-0019,[],92ced7b7ea88a6e13c4bc6a51d712c1313dfc117d428fa12175885050d5d7b79,994e8ae950c5130508535b1afe142dce11de7a5d1b8038440ff13a2298c39f74,f14786a8b1553de8,101.1799957305595,16.995887905656048,17e132144452be40,[],6.0,esp_011951_0930,['val'],2.0,Counter({'val': 2}),val,f03c3587611264d1,True,hirise_clean,0,C:\Users\deves\OneDrive\Desktop\Projects\TCMD-SS\data\raw\hirise_v3_2\map-proj-v3_2\ESP_011951_0930_RED-0019.jpg
map-proj-v3_2/ESP_011951_0930_RED-0023.jpg,ok,,JPEG,227.0,227.0,L,1.0,1.0,normal,swiss cheese,val,esp_011951_0930_red-0023,[],21826c156b0909a389cfa22bfff2e7a1b7ed463df55fd20a3f458e13a724b4ad,4e30d5d879910bae1403f759758a5f5813b0ee25b5618ec812cb6f9d28bf3055,82e13e0f21cc7f93,86.43839391410663,42.80894134059479,395aa7ce43846579,[],6.0,esp_011951_0930,['val'],2.0,Counter({'val': 2}),val,f03c3587611264d1,True,hirise_clean,0,C:\Users\deves\OneDrive\Desktop\Projects\TCMD-SS\data\raw\hirise_v3_2\map-proj-v3_2\ESP_011951_0930_RED-0023.jpg
map-proj-v3_2/ESP_011951_0930_RED-0038.jpg,ok,,JPEG,227.0,227.0,L,1.0,1.0,normal,swiss cheese,val,esp_011951_0930_red-0038,[],5e9529461bdf128499e8c6aad4b87e217a5b435bb03606351a7a624c61473899,d7b99d4404d6d85fed04a138da4e7635b2e92c700cb0e3475c972acf56b0b7f1,d44da50152f7e39c,95.71565526208543,17.83239875830968,570d07d029250e55,[],6.0,esp_011951_0930,['val'],2.0,Counter({'val': 2}),val,f03c3587611264d1,True,hirise_clean,0,C:\Users\deves\OneDrive\Desktop\Projects\TCMD-SS\data\raw\hirise_v3_2\map-proj-v3_2\ESP_011951_0930_RED-0038.jpg
map-proj-v3_2/ESP_011951_0930_RED-0058.jpg,ok,,JPEG,227.0,227.0,L,1.0,1.0,normal,swiss cheese,val,esp_011951_0930_red-0058,[],b0551818549d3d9f14f3c9a8cf439254775dd9be8cfb1c8eed0c96ea24558569,89505c1e4a37ff04139e5838e41b358e752dd7ef38c62ffd508e49bf44a93a96,e53414d99caec54e,105.68823381008752,15.444797260829606,036257db609e2e3f,[],6.0,esp_011951_0930,['val'],2.0,Counter({'val': 2}),val,f03c3587611264d1,True,hirise_clean,0,C:\Users\deves\OneDrive\Desktop\Projects\TCMD-SS\data\raw\hirise_v3_2\map-proj-v3_2\ESP_011951_0930_RED-0058.jpg
map-proj-v3_2/ESP_011951_0930_RED-0091.jpg,ok,,JPEG,227.0,227.0,L,1.0,1.0,normal,swiss cheese,val,esp_011951_0930_red-0091,[],75bdcc6844fc5246c61959f0c0f5cb28d61ba6c238ca4d8b3aad71202206f2d5,9b6d648d81beecb8ea0472eefad792f2aca04ae6abf2d7d26032dcf86cc53334,f839f0bc0751ccc6,104.71949775854374,17.349114780515126,10b4c7e12f57cc24,[],6.0,esp_011951_0930,['val'],2.0,Counter({'val': 2}),val,f03c3587611264d1,True,hirise_clean,0,C:\Users\deves\OneDrive\Desktop\Projects\TCMD-SS\data\raw\hirise_v3_2\map-proj-v3_2\ESP_011951_0930_RED-0091.jpg
map-proj-v3_2/ESP_011951_0930_RED-0163.jpg,ok,,JPEG,227.0,227.0,L,1.0,1.0,normal,swiss cheese,val,esp_011951_0930_red-0163,[],afacec0cc783a33c7223d51b55c20ffb1d4ff7d5c519fff440b343bc9808f722,0d02aa1541665947dd5c5f1942707399a72e0d39872c380706cafc8cd6951ecc,cb6f0c5af408e70d,97.55042791437832,15.609462656988455,1ce595a27bcdcabf,[],6.0,esp_011951_0930,['val'],2.0,Counter({'val': 2}),val,f03c3587611264d1,True,hirise_clean,0,C:\Users\deves\OneDrive\Desktop\Projects\TCMD-SS\data\raw\hirise_v3_2\map-proj-v3_2\ESP_011951_0930_RED-0163.jpg
map-proj-v3_2/ESP_011951_0930_RED-0176.jpg,ok,,JPEG,227.0,227.0,L,1.0,1.0,normal,swiss cheese,val,esp_011951_0930_red-0176,[],a749a464b16f7270cb05cc96d330fd6031e3dcdd19b0f16daf0d4d5613914625,8e2dac38ec579fc7a7bd0ee24767be76d2027b5d281e1479c6d7154479e1a324,8b32366665454d7d,78.64035785674086,43.9048949120315,a8de3a3eb52f5d31,[],6.0,esp_011951_0930,['val'],2.0,Counter({'val': 2}),val,f03c3587611264d1,True,hirise_clean,0,C:\Users\deves\OneDrive\Desktop\Projects\TCMD-SS\data\raw\hirise_v3_2\map-proj-v3_2\ESP_011951_0930_RED-0176.jpg
map-proj-v3_2/ESP_012373_0930_RED-0004.jpg,ok,,JPEG,227.0,227.0,L,1.0,1.0,normal,swiss cheese,train,esp_012373_0930_red-0004,[],8ec7d2b0c0466e23ce95878bf0898db968aee9f02dd53dd8e8833b8894e2497a,43375bfe146105eaacbe1b89390c2afa634531bc799d89b549f8fba690a7f866,82e33d0e23d8f2b9,86.10223369364823,43.832324492288656,de9cfffe8a865904,[],6.0,esp_012373_0930,['train'],2.0,Counter({'train': 2}),val,edbfc807a0aec8f6,True,hirise_clean,0,C:\Users\deves\OneDrive\Desktop\Projects\TCMD-SS\data\raw\hirise_v3_2\map-proj-v3_2\ESP_012373_0930_RED-0004.jpg
map-proj-v3_2/ESP_012373_0930_RED-0009.jpg,ok,,JPEG,227.0,227.0,L,1.0,1.0,normal,swiss cheese,train,esp_012373_0930_red-0009,[],30634396a981d9bb79baf9245cdaedd559006ddfcf276e6eac899c7e0ee7bce8,5a527ff1c5f0e01227f0710f58f75921ad721f77b38f48d060396846d6920458,c835b8f56879323c,102.94430320790237,14.573981686275896,d3c80d09345f3a34,[],6.0,esp_012373_0930,['train'],2.0,Counter({'train': 2}),val,edbfc807a0aec8f6,True,hirise_clean,0,C:\Users\deves\OneDrive\Desktop\Projects\TCMD-SS\data\raw\hirise_v3_2\map-proj-v3_2\ESP_012373_0930_RED-0009.jpg
map-proj-v3_2/ESP_012373_0930_RED-0029.jpg,ok,,JPEG,227.0,227.0,L,1.0,1.0,normal,swiss cheese,train,esp_012373_0930_red-0029,[],fa20e10e958e3608c4a04aea3d5b54b806b6aab1a510f8621242f3fdf614c782,1f9df6b83f8a16819d7843393e8b6141e9e5acaf167edf98cde931d0071ed287,b04fa68e3c07714f,101.75850491955984,12.79564451699978,d24499c58b808d4d,[],6.0,esp_012373_0930,['train'],2.0,Counter({'train': 2}),val,edbfc807a0aec8f6,True,hirise_clean,0,C:\Users\deves\OneDrive\Desktop\Projects\TCMD-SS\data\raw\hirise_v3_2\map-proj-v3_2\ESP_012373_0930_RED-0029.jpg
map-proj-v3_2/ESP_012373_0930_RED-0036.jpg,ok,,JPEG,227.0,227.0,L,1.0,1.0,normal,swiss cheese,train,esp_012373_0930_red-0036,[],82ac591b5c14b7f9c5f5ac55e45b6b18db6016e783a1eb2632944ed4fb663d24,8b33c6b2bad02b03aec66519a44038b87f4ba1cd38d96026dcc7ffd8caaa8cdc,b5b248e865ea5d83,103.10694948475616,12.924354575982496,b84a42cfb38ed035,[],6.0,esp_012373_0930,['train'],2.0,Counter({'train': 2}),val,edbfc807a0aec8f6,True,hirise_clean,0,C:\Users\deves\OneDrive\Desktop\Projects\TCMD-SS\data\raw\hirise_v3_2\map-proj-v3_2\ESP_012373_0930_RED-0036.jpg
map-proj-v3_2/ESP_012373_0930_RED-0045.jpg,ok,,JPEG,227.0,227.0,L,1.0,1.0,normal,swiss cheese,train,esp_012373_0930_red-0045,[],8e5cc470bfee1833f59491e560f1c7621d4975771daff800edec988963f77c6e,a61de311a7fc1a9944175b4fc8eb34190edb195d869ada88c3a67466d22be597,d63e24f29355ae30,99.99349880649731,18.548024245238924,7ebdc25b1965fc9c,[],6.0,esp_012373_0930,['train'],2.0,Counter({'train': 2}),val,edbfc807a0aec8f6,True,hirise_clean,0,C:\Users\deves\OneDrive\Desktop\Projects\TCMD-SS\data\raw\hirise_v3_2\map-proj-v3_2\ESP_012373_0930_RED-0045.jpg
map-proj-v3_2/ESP_012373_0930_RED-0050.jpg,ok,,JPEG,227.0,227.0,L,1.0,1.0,normal,swiss cheese,train,esp_012373_0930_red-0050,[],a749c16597e29efee9eb9f23b649c39577414ed0772d9d7d52ea008eb8be8fb8,e06a75d1d81b52a2cd04206e7a49cb76f002e9e1dcdefa48116b946f6f759ca9,8cf31f8378df018c,90.77432125599177,35.85573120741135,732e8f6b138b22d8,['group_label_conflict'],6.0,esp_012373_0930,['train'],2.0,Counter({'train': 2}),val,edbfc807a0aec8f6,True,hirise_clean,0,C:\Users\deves\OneDrive\Desktop\Projects\TCMD-SS\data\raw\hirise_v3_2\map-proj-v3_2\ESP_012373_0930_RED-0050.jpg
map-proj-v3_2/ESP_012373_0930_RED-0059.jpg,ok,,JPEG,227.0,227.0,L,1.0,1.0,normal,swiss cheese,train,esp_012373_0930_red-0059,[],e85ad3a8ab138b5cd16c6b536b904f69c1a65f062d5ad663b1c536926a009028,f80f17a9ad98067a41bdf5006304af1e27050da723443509b8f584cd9b803543,f9694da399b05172,97.1863610782278,18.322976801479232,ff6ef18282df7c19,[],6.0,esp_012373_0930,['train'],2.0,Counter({'train': 2}),val,edbfc807a0aec8f6,True,hirise_clean,0,C:\Users\deves\OneDrive\Desktop\Projects\TCMD-SS\data\raw\hirise_v3_2\map-proj-v3_2\ESP_012373_0930_RED-0059.jpg
map-proj-v3_2/ESP_012373_0930_RED-0070.jpg,ok,,JPEG,227.0,227.0,L,1.0,1.0,normal,swiss cheese,train,esp_012373_0930_red-0070,[],dfeb78b205dce1504c79e56e34d14c8861a83c6d4b8232d1c866c9c198398762,b00fb108f72e48a5a819dfb982a99430b0c657aebe591e894df1bf180bcb04c0,cc11cde7f11c0e6c,100.94587513827166,17.194302718891304,14fc4ee24ba6ecf1,[],6.0,esp_012373_0930,['train'],2.0,Counter({'train': 2}),val,edbfc807a0aec8f6,True,hirise_clean,0,C:\Users\deves\OneDrive\Desktop\Projects\TCMD-SS\data\raw\hirise_v3_2\map-proj-v3_2\ESP_012373_0930_RED-0070.jpg
map-proj-v3_2/ESP_012373_0930_RED-0080.jpg,ok,,JPEG,227.0,227.0,L,1.0,1.0,normal,swiss cheese,train,esp_012373_0930_red-0080,[],41d99efbce73a062d7a97d6fbe64e3bc64a77fe22e03a3e5e1d4395150d0ee33,9bdda35ecc69d5f2a0c33eb51146db1c9e34f0e78bc630506143ae74f330ef6a,c96fa650bc2455ba,102.48642511983545,14.901669302255236,7d348ea1b13e6d53,[],6.0,esp_012373_0930,['train'],2.0,Counter({'train': 2}),val,edbfc807a0aec8f6,True,hirise_clean,0,C:\Users\deves\OneDrive\Desktop\Projects\TCMD-SS\data\raw\hirise_v3_2\map-proj-v3_2\ESP_012373_0930_RED-0080.jpg
map-proj-v3_2/ESP_012373_0930_RED-0087.jpg,ok,,JPEG,227.0,227.0,L,1.0,1.0,normal,swiss cheese,train,esp_012373_0930_red-0087,[],6dfcb899579b19aaf6c0555be7fb6680fb829957d0c68b0ed7590e1703c95070,395cc5aea5a3b6d5a017471b7bc522e787f0c1ceaddc8d36d0ce80db75abab86,9fe17e1308f64b11,101.65060451396302,11.554787687766982,f2ffc125939a98d0,[],6.0,esp_012373_0930,['train'],2.0,Counter({'train': 2}),val,edbfc807a0aec8f6,True,hirise_clean,0,C:\Users\deves\OneDrive\Desktop\Projects\TCMD-SS\data\raw\hirise_v3_2\map-proj-v3_2\ESP_012373_0930_RED-0087.jpg
map-proj-v3_2/ESP_012373_0930_RED-0088.jpg,ok,,JPEG,227.0,227.0,L,1.0,1.0,normal,swiss cheese,train,esp_012373_0930_red-0088,[],909dbba61de3f2e78022da42e78a37fe27be43394cd89351822383e3dcc37287,d1cd96cc36d9f4c7e0549ff8f7af6bf661309162087d16ea26e4fcabf46c49a7,ba83d8ed6633464c,99.64532593296978,14.53539164297458,32ca7495e8264eee,[],6.0,esp_012373_0930,['train'],2.0,Counter({'train': 2}),val,edbfc807a0aec8f6,True,hirise_clean,0,C:\Users\deves\OneDrive\Desktop\Projects\TCMD-SS\data\raw\hirise_v3_2\map-proj-v3_2\ESP_012373_0930_RED-0088.jpg
map-proj-v3_2/ESP_012373_0930_RED-0105.jpg,ok,,JPEG,227.0,227.0,L,1.0,1.0,normal,swiss cheese,train,esp_012373_0930_red-0105,[],f444b36b7d4a65c6e34bc6f864074b820e461128e06b613acfa7bbe76e4c2055,080c55041ffa50342768ae8503731c084f4e053dd3fc1c5b5d6275b51633e301,e5f554445959aab2,102.94967882163442,13.138311779454217,461209e4d1e2b42c,[],6.0,esp_012373_0930,['train'],2.0,Counter({'train': 2}),val,edbfc807a0aec8f6,True,hirise_clean,0,C:\Users\deves\OneDrive\Desktop\Projects\TCMD-SS\data\raw\hirise_v3_2\map-proj-v3_2\ESP_012373_0930_RED-0105.jpg
map-proj-v3_2/ESP_012373_0930_RED-0112.jpg,ok,,JPEG,227.0,227.0,L,1.0,1.0,normal,swiss cheese,train,esp_012373_0930_red-0112,[],42a9eb9bc09a260e69d952d155f794fbf938742df3f13dea9ea0dba4bded77f7,55e000e684a0bec19910031d0958ab2f763400746ab640d22197f5fdaee74265,b3b04d2e4c06cebe,102.20182809679986,10.834594649697758,90c8c7b79b98ba25,[],6.0,esp_012373_0930,['train'],2.0,Counter({'train': 2}),val,edbfc807a0aec8f6,True,hirise_clean,0,C:\Users\deves\OneDrive\Desktop\Projects\TCMD-SS\data\raw\hirise_v3_2\map-proj-v3_2\ESP_012373_0930_RED-0112.jpg
map-proj-v3_2/ESP_012373_0930_RED-0147.jpg,ok,,JPEG,227.0,227.0,L,1.0,1.0,normal,swiss cheese,train,esp_012373_0930_red-0147,[],1a18e93953230335d582c25d9d2781a6865a834aacfdd37cd9a46cd71a87906f,703d111e4380edfd969d8363d66462b0242df4780a25b42b7b218c774c1093b8,f986efba1c5501a4,100.62723903044888,23.234988652688426,7f06865152dc9400,[],6.0,esp_012373_0930,['train'],2.0,Counter({'train': 2}),val,edbfc807a0aec8f6,True,hirise_clean,0,C:\Users\deves\OneDrive\Desktop\Projects\TCMD-SS\data\raw\hirise_v3_2\map-proj-v3_2\ESP_012373_0930_RED-0147.jpg
map-proj-v3_2/ESP_012373_0930_RED-0160.jpg,ok,,JPEG,227.0,227.0,L,1.0,1.0,normal,swiss cheese,train,esp_012373_0930_red-0160,[],3e793312d0604b28d750a178259cd9dfb5d2e1b2aba36b2b2b1323f5f072e7ee,ec95493cb710554c8a351de874241de14b47b213014ba621fdabd7ab2abeba8f,e60e19952a1dbcba,103.78613984358324,18.673901905469467,23ff7d4528402be9,[],6.0,esp_012373_0930,['train'],2.0,Counter({'train': 2}),val,edbfc807a0aec8f6,True,hirise_clean,0,C:\Users\deves\OneDrive\Desktop\Projects\TCMD-SS\data\raw\hirise_v3_2\map-proj-v3_2\ESP_012373_0930_RED-0160.jpg
map-proj-v3_2/ESP_012373_0930_RED-0164.jpg,ok,,JPEG,227.0,227.0,L,1.0,1.0,normal,swiss cheese,train,esp_012373_0930_red-0164,[],a574caba4889ad62fbdddccf6877d9743fa7cd5bce8268861adec783826d0e0e,2e24361c975982889cebe067969c696e7b35631c3608022f86087cab252672e2,ed6109b2e64da96a,104.50066952589803,17.87587264163253,c10c765097ef1a64,[],6.0,esp_012373_0930,['train'],2.0,Counter({'train': 2}),val,edbfc807a0aec8f6,True,hirise_clean,0,C:\Users\deves\OneDrive\Desktop\Projects\TCMD-SS\data\raw\hirise_v3_2\map-proj-v3_2\ESP_012373_0930_RED-0164.jpg
map-proj-v3_2/ESP_012373_0930_RED-0165.jpg,ok,,JPEG,227.0,227.0,L,1.0,1.0,normal,swiss cheese,train,esp_012373_0930_red-0165,[],d2f8cc5ec8c9f44a58091ce4126fd8439c2db380dd4aff047eb2f83df0d392b1,d42072d66de871e013c9be8f0afb94beceb93d1ee80f4215d208cd593b0fadfe,8ec5931e64e8f4b2,101.80537173242251,16.730975419709228,338b38a217cbb141,[],6.0,esp_012373_0930,['train'],2.0,Counter({'train': 2}),val,edbfc807a0aec8f6,True,hirise_clean,0,C:\Users\deves\OneDrive\Desktop\Projects\TCMD-SS\data\raw\hirise_v3_2\map-proj-v3_2\ESP_012373_0930_RED-0165.jpg
map-proj-v3_2/ESP_012373_0930_RED-0170.jpg,ok,,JPEG,227.0,227.0,L,1.0,1.0,normal,swiss cheese,train,esp_012373_0930_red-0170,[],9a280e34307246532e44e3848fcf32b5d87e6d8cef76c9ca264eccc0af98728c,02a91a8e7a9aa98d1bca8b30219e554db91ab845d04ab7bb190d1038cb27e35f,a25afdfb0a150aaa,106.005802557783,17.81447647032175,74fdcbfb12a81a54,[],6.0,esp_012373_0930,['train'],2.0,Counter({'train': 2}),val,edbfc807a0aec8f6,True,hirise_clean,0,C:\Users\deves\OneDrive\Desktop\Projects\TCMD-SS\data\raw\hirise_v3_2\map-proj-v3_2\ESP_012373_0930_RED-0170.jpg
map-proj-v3_2/ESP_012373_0930_RED-0185.jpg,ok,,JPEG,227.0,227.0,L,1.0,1.0,normal,swiss cheese,train,esp_012373_0930_red-0185,[],e9a5611319d9423936d674ebac6223c2b9b2a2479bb9f371d86cbd1d778911b4,a29f0587feee0440ff744413076d6356c2a59f6d250cad28516bf021f3f77c8e,dd486ea57462a257,83.83987657435618,41.86577124048449,f48b645f1a011dec,[],6.0,esp_012373_0930,['train'],2.0,Counter({'train': 2}),val,edbfc807a0aec8f6,True,hirise_clean,0,C:\Users\deves\OneDrive\Desktop\Projects\TCMD-SS\data\raw\hirise_v3_2\map-proj-v3_2\ESP_012373_0930_RED-0185.jpg
map-proj-v3_2/ESP_012494_2050_RED-0005.jpg,ok,,JPEG,227.0,227.0,L,1.0,1.0,normal,other,train,esp_012494_2050_red-0005,[],a432261cf130c2ba350843f5f0a6b07ddcae00f76e9674178e79637e2c74804a,38f6aaa0548baf1d46ead03448a214a62cb9c1ce8daa4f601b1a3196bd18a225,b25898eea79b5426,121.75159618855402,17.85907453731187,2b5831d2d2e30494,[],0.0,esp_012494_2050,['train'],1.0,Counter({'train': 1}),val,fce0ac23e3f35811,True,hirise_clean,0,C:\Users\deves\OneDrive\Desktop\Projects\TCMD-SS\data\raw\hirise_v3_2\map-proj-v3_2\ESP_012494_2050_RED-0005.jpg
map-proj-v3_2/ESP_012494_2050_RED-0008.jpg,ok,,JPEG,227.0,227.0,L,1.0,1.0,normal,other,train,esp_012494_2050_red-0008,[],8c4d9b8b11aa26cf308a810c54701e424c6c477af1271f2cbca251d53de2e86d,5c4bd40efc91cf7c53eaa7bed22fc5304592881776dde8a5ce4df48c9aba4bd8,d0d4b6993c36239b,126.15614508335112,17.760286367888906,0a14f629e7f00f5a,[],0.0,esp_012494_2050,['train'],1.0,Counter({'train': 1}),val,fce0ac23e3f35811,True,hirise_clean,0,C:\Users\deves\OneDrive\Desktop\Projects\TCMD-SS\data\raw\hirise_v3_2\map-proj-v3_2\ESP_012494_2050_RED-0008.jpg
map-proj-v3_2/ESP_012494_2050_RED-0009.jpg,ok,,JPEG,227.0,227.0,L,1.0,1.0,normal,other,train,esp_012494_2050_red-0009,[],505c0687d500bcf1aa76ea6ac9c6b270b2bb4265a1b1a42e9f5524ab1c1bbfcc,71b8a451ba7a554d3cab6d91dbe940cf317332c9b5e20c70cf55658831f08125,db83669864923fc5,112.4512604552776,39.47105093502449,3677cc3445eb9e5b,[],0.0,esp_012494_2050,['train'],1.0,Counter({'train': 1}),val,fce0ac23e3f35811,True,hirise_clean,0,C:\Users\deves\OneDrive\Desktop\Projects\TCMD-SS\data\raw\hirise_v3_2\map-proj-v3_2\ESP_012494_2050_RED-0009.jpg
map-proj-v3_2/ESP_012494_2050_RED-0020.jpg,ok,,JPEG,227.0,227.0,L,1.0,1.0,normal,other,train,esp_012494_2050_red-0020,[],b89232d6801e22cd42339df833f05371a273048d52718ad8e97c7924d04ef20f,ae806c70d928b4292fb9833b608e7a6214ba3e73f2d529b59f4f3e228391cac3,8a35cc59b6cab554,127.44549671059016,17.043013380862778,f417748593d8ce8f,[],0.0,esp_012494_2050,['train'],1.0,Counter({'train': 1}),val,fce0ac23e3f35811,True,hirise_clean,0,C:\Users\deves\OneDrive\Desktop\Projects\TCMD-SS\data\raw\hirise_v3_2\map-proj-v3_2\ESP_012494_2050_RED-0020.jpg
map-proj-v3_2/ESP_012494_2050_RED-0024.jpg,ok,,JPEG,227.0,227.0,L,1.0,1.0,normal,other,train,esp_012494_2050_red-0024,[],5878cfb64aac630a9fb913abda174ce780fb8347436efe74dac50d3abbe3dafd,ee3bb8f8ba7c7105855d18cc24748b067f9ced00c9e5760074a076084b670062,d8fe13db06e2807c,110.66843913136292,16.8438312626642,9fc88ed69f197895,[],0.0,esp_012494_2050,['train'],1.0,Counter({'train': 1}),val,fce0ac23e3f35811,True,hirise_clean,0,C:\Users\deves\OneDrive\Desktop\Projects\TCMD-SS\data\raw\hirise_v3_2\map-proj-v3_2\ESP_012494_2050_RED-0024.jpg
map-proj-v3_2/ESP_012494_2050_RED-0028.jpg,ok,,JPEG,227.0,227.0,L,1.0,1.0,normal,other,train,esp_012494_2050_red-0028,[],af2e99c7b232800bcf06a83feec67c45e4c1218fffc404fd52af404482a4e2c3,472b63e1459c1b53d998371ed172abb64d0bc43ec04ea0a6c641063d2da5af14,aead53af46a350a8,128.89920239088667,18.713139141628734,97d246cfc20b337b,[],0.0,esp_012494_2050,['train'],1.0,Counter({'train': 1}),val,fce0ac23e3f35811,True,hirise_clean,0,C:\Users\deves\OneDrive\Desktop\Projects\TCMD-SS\data\raw\hirise_v3_2\map-proj-v3_2\ESP_012494_2050_RED-0028.jpg
map-proj-v3_2/ESP_012494_2050_RED-0032.jpg,ok,,JPEG,227.0,227.0,L,1.0,1.0,normal,other,train,esp_012494_2050_red-0032,[],fd25a162e6b4bee05f2ab7af7345e8075c0b90b74fed50f9dc08f6994b042fb4,8a499a5e92db00009a6460dd852a1bf9d90a8d9eb2955fc93d06c447418b3dee,e07078aa9bd54373,129.1423470278872,22.078765531049942,5b3af169d3fe769b,[],0.0,esp_012494_2050,['train'],1.0,Counter({'train': 1}),val,fce0ac23e3f35811,True,hirise_clean,0,C:\Users\deves\OneDrive\Desktop\Projects\TCMD-SS\data\raw\hirise_v3_2\map-proj-v3_2\ESP_012494_2050_RED-0032.jpg
map-proj-v3_2/ESP_012494_2050_RED-0034.jpg,ok,,JPEG,227.0,227.0,L,1.0,1.0,normal,other,train,esp_012494_2050_red-0034,[],3736bfa0b8ff721a6b359a467b1e27a7a05c319a74cfd2dad273ebab4409c0d0,252ada24b07bc4c4872de9ff076d7ef64c041aecadc633b39c5a8bf574229e9a,f6884da5769329d4,100.99423625531254,36.520249777827175,52f5a7a55d117bde,[],0.0,esp_012494_2050,['train'],1.0,Counter({'train': 1}),val,fce0ac23e3f35811,True,hirise_clean,0,C:\Users\deves\OneDrive\Desktop\Projects\TCMD-SS\data\raw\hirise_v3_2\map-proj-v3_2\ESP_012494_2050_RED-0034.jpg
map-proj-v3_2/ESP_012494_2050_RED-0039.jpg,ok,,JPEG,227.0,227.0,L,1.0,1.0,normal,other,train,esp_012494_2050_red-0039,[],d25efd1c6c75faf31e8076a80959a474e27289118be33c80ad63110ffa8d3543,113855916fa26550ca085839db97afdf9628409a05ccb31ca5713f48b30d55bf,ae22a0d466b7556e,129.4867744376953,21.47999607675972,58d82bbe70407c01,[],0.0,esp_012494_2050,['train'],1.0,Counter({'train': 1}),val,fce0ac23e3f35811,True,hirise_clean,0,C:\Users\deves\OneDrive\Desktop\Projects\TCMD-SS\data\raw\hirise_v3_2\map-proj-v3_2\ESP_012494_2050_RED-0039.jpg
map-proj-v3_2/ESP_012494_2050_RED-0043.jpg,ok,,JPEG,227.0,227.0,L,1.0,1.0,normal,other,train,esp_012494_2050_red-0043,[],8defc3476c05fd75e3c23648a96a433d75b31e57b0e25f07fdccbbd92dce09a6,45e510af877cb5e99b58bb3e2976a24b4b8df0eebbf605f32cdcadfed2698432,ed911a2da6d24db4,110.70509810009898,17.174571776673414,9d4c211cad633fb6,[],0.0,esp_012494_2050,['train'],1.0,Counter({'train': 1}),val,fce0ac23e3f35811,True,hirise_clean,0,C:\Users\deves\OneDrive\Desktop\Projects\TCMD-SS\data\raw\hirise_v3_2\map-proj-v3_2\ESP_012494_2050_RED-0043.jpg
map-proj-v3_2/ESP_012494_2050_RED-0044.jpg,ok,,JPEG,227.0,227.0,L,1.0,1.0,normal,other,train,esp_012494_2050_red-0044,[],8c3135826766f9d08f7d0bd62c0749bc1092688e2d9d1f6c6f40cf884da92a69,a7aed31a61eab3324c86f73ba2b8574646f16874ae99a30a3a6ffc7d694e2b71,c7a5b19218cd653e,128.771526713113,20.21946443188331,c940738061f49f1f,[],0.0,esp_012494_2050,['train'],1.0,Counter({'train': 1}),val,fce0ac23e3f35811,True,hirise_clean,0,C:\Users\deves\OneDrive\Desktop\Projects\TCMD-SS\data\raw\hirise_v3_2\map-proj-v3_2\ESP_012494_2050_RED-0044.jpg
map-proj-v3_2/ESP_012494_2050_RED-0048.jpg,ok,,JPEG,227.0,227.0,L,1.0,1.0,normal,other,train,esp_012494_2050_red-0048,[],86dd0a6ddc2966a44e7e3bdec013eaf47ed4902c692cd3d44bec3ab1b5290921,748ed3cbd069f6dd4b1acce7cf74ada75c5cb5119178de2010d63b8f9f7d6498,8ccb3981fc7e18cc,111.8120087717596,17.50256019008514,1d965777be7e2d84,[],0.0,esp_012494_2050,['train'],1.0,Counter({'train': 1}),val,fce0ac23e3f35811,True,hirise_clean,0,C:\Users\deves\OneDrive\Desktop\Projects\TCMD-SS\data\raw\hirise_v3_2\map-proj-v3_2\ESP_012494_2050_RED-0048.jpg
map-proj-v3_2/ESP_012494_2050_RED-0049.jpg,ok,,JPEG,227.0,227.0,L,1.0,1.0,normal,other,train,esp_012494_2050_red-0049,[],b15e954b108f49202a95cb1d09f74172cd98e20c87466599d3f3e1aca892c4fd,e412dedabc7c3e5fba8d5f6580e5dfa1c4889d33a085a21468e2eb48860f9f4f,fe836111ec325ab9,128.22220497195755,19.3327273587122,4724e936953c8b78,[],0.0,esp_012494_2050,['train'],1.0,Counter({'train': 1}),val,fce0ac23e3f35811,True,hirise_clean,0,C:\Users\deves\OneDrive\Desktop\Projects\TCMD-SS\data\raw\hirise_v3_2\map-proj-v3_2\ESP_012494_2050_RED-0049.jpg
map-proj-v3_2/ESP_012494_2050_RED-0050.jpg,ok,,JPEG,227.0,227.0,L,1.0,1.0,normal,crater,train,esp_012494_2050_red-0050,[],f4291ad3c797e988e33efe9925862777f201c0a4c27bbcbcb269b51fb4381ced,f8fd99e4572e037813aa0f37ee081453625e2d72eea558deee2d8496210c7c0d,a27f48ac339d8c66,128.15794989229366,18.11832067115392,3d91c8b284be2603,[],1.0,esp_012494_2050,['train'],1.0,Counter({'train': 1}),val,fce0ac23e3f35811,True,hirise_clean,0,C:\Users\deves\OneDrive\Desktop\Projects\TCMD-SS\data\raw\hirise_v3_2\map-proj-v3_2\ESP_012494_2050_RED-0050.jpg
map-proj-v3_2/ESP_012494_2050_RED-0052.jpg,ok,,JPEG,227.0,227.0,L,1.0,1.0,normal,crater,train,esp_012494_2050_red-0052,[],c6701eeed1a3e567b7e6f564d3e612e34dbaaad7e887e7e5c37d50651c2b9b0f,c4b6bc2f52a23e383724d107ca9086c36025a2d090c027426fc295d7677c7260,e3919609719ae673,125.472840536397,19.026386451538848,49b6d8c3cf143309,[],1.0,esp_012494_2050,['train'],3.0,Counter({'train': 3}),val,fce0ac23e3f35811,True,hirise_clean,0,C:\Users\deves\OneDrive\Desktop\Projects\TCMD-SS\data\raw\hirise_v3_2\map-proj-v3_2\ESP_012494_2050_RED-0052.jpg
map-proj-v3_2/ESP_012494_2050_RED-0054.jpg,ok,,JPEG,227.0,227.0,L,1.0,1.0,normal,other,train,esp_012494_2050_red-0054,[],435bf6606c1eec3502f31536f14e9224944f2418b1c24d3d2b3eb3d915d84a8a,01f443b2be95df3e8778e6f9d2e35930338be01bcefa9e2347bc86cf337f49d9,92d4564a6a2bafa5,109.95963438064004,25.16970753206979,b8fbca53ed8e19fe,[],0.0,esp_012494_2050,['train'],1.0,Counter({'train': 1}),val,fce0ac23e3f35811,True,hirise_clean,0,C:\Users\deves\OneDrive\Desktop\Projects\TCMD-SS\data\raw\hirise_v3_2\map-proj-v3_2\ESP_012494_2050_RED-0054.jpg
map-proj-v3_2/ESP_012494_2050_RED-0055.jpg,ok,,JPEG,227.0,227.0,L,1.0,1.0,normal,other,train,esp_012494_2050_red-0055,[],e7a7669dbeb1de96b092b935ffe9625f50cda3580a56cc40bdc7d28b51086929,ff09335a4f18827c96706573a21ad7dffbb419e5a0586825f380d744a8ffa12f,868df3702fe33924,126.87898076811116,16.79015081048922,ee120a55ca423e15,[],0.0,esp_012494_2050,['train'],1.0,Counter({'train': 1}),val,fce0ac23e3f35811,True,hirise_clean,0,C:\Users\deves\OneDrive\Desktop\Projects\TCMD-SS\data\raw\hirise_v3_2\map-proj-v3_2\ESP_012494_2050_RED-0055.jpg
map-proj-v3_2/ESP_012494_2050_RED-0061.jpg,ok,,JPEG,227.0,227.0,L,1.0,1.0,normal,other,train,esp_012494_2050_red-0061,[],6b40dc9cfd4a403b8fac0f0cce4ef3adfe779ac37f1af7071968658b91898a90,080aa0a351616f09015485914dd4b640b974ca24a73559245b467ffae1bde7ee,d1dcb08bc85f4574,127.85660501853326,15.75594337649028,866c6f0e272b7f24,[],0.0,esp_012494_2050,['train'],1.0,Counter({'train': 1}),val,fce0ac23e3f35811,True,hirise_clean,0,C:\Users\deves\OneDrive\Desktop\Projects\TCMD-SS\data\raw\hirise_v3_2\map-proj-v3_2\ESP_012494_2050_RED-0061.jpg
map-proj-v3_2/ESP_012494_2050_RED-0062.jpg,ok,,JPEG,227.0,227.0,L,1.0,1.0,normal,other,train,esp_012494_2050_red-0062,[],299eeddf9af8c6b51bddea2275e0136b59c4ea41a89298889263e146a851ad82,85807def931b3edf457562c40ba54f1f99e0b524e699e8139bacf41ca47c7749,b3b3d84c2482cbed,125.93702575248888,16.677275297665613,5768d705f42d4e0a,[],0.0,esp_012494_2050,['train'],1.0,Counter({'train': 1}),val,fce0ac23e3f35811,True,hirise_clean,0,C:\Users\deves\OneDrive\Desktop\Projects\TCMD-SS\data\raw\hirise_v3_2\map-proj-v3_2\ESP_012494_2050_RED-0062.jpg
map-proj-v3_2/ESP_012494_2050_RED-0064.jpg,ok,,JPEG,227.0,227.0,L,1.0,1.0,normal,crater,train,esp_012494_2050_red-0064,[],9cb0a3aa816da02dfc3a1eb90a77aaf9034a00fcba4bc97ccd5ecaa510f2cc0a,00c09315e135dd82db569ab7a58fd83121b68960584296d73b27b8a75097014c,c3ec3c07b39d4466,110.68279997671216,27.16722349952675,b9ea434de9f7215f,[],1.0,esp_012494_2050,['train'],1.0,Counter({'train': 1}),val,fce0ac23e3f35811,True,hirise_clean,0,C:\Users\deves\OneDrive\Desktop\Projects\TCMD-SS\data\raw\hirise_v3_2\map-proj-v3_2\ESP_012494_2050_RED-0064.jpg
map-proj-v3_2/ESP_012494_2050_RED-0066.jpg,ok,,JPEG,227.0,227.0,L,1.0,1.0,normal,crater,train,esp_012494_2050_red-0066,[],a08de13d540848d649b6eeb9b94ce6502a73a4d88602bd8543b6ce031fd0b8a3,5a5d5e0d8cb8692dcb836e16d9f491b6034df4e2dff2c019b5dbcfe159bfa8c8,a9b1cc70bbcc6433,128.65217644433233,14.877609425235589,019458089711aef6,[],1.0,esp_012494_2050,['train'],3.0,Counter({'train': 3}),val,fce0ac23e3f35811,True,hirise_clean,0,C:\Users\deves\OneDrive\Desktop\Projects\TCMD-SS\data\raw\hirise_v3_2\map-proj-v3_2\ESP_012494_2050_RED-0066.jpg
map-proj-v3_2/ESP_012494_2050_RED-0071.jpg,ok,,JPEG,227.0,227.0,L,1.0,1.0,normal,other,train,esp_012494_2050_red-0071,[],e5268ba16c9b9399af241f8bbf0f2093a175dce16ed0baf1391ef46786164924,39420fad599b334d46f447ec2cb0319c0d96568aaf77728d823dee77a7fe2b98,ceb3d83a1f2984c3,109.86838479302916,17.41005021660841,10114fb76799668c,[],0.0,esp_012494_2050,['train'],1.0,Counter({'train': 1}),val,fce0ac23e3f35811,True,hirise_clean,0,C:\Users\deves\OneDrive\Desktop\Projects\TCMD-SS\data\raw\hirise_v3_2\map-proj-v3_2\ESP_012494_2050_RED-0071.jpg
map-proj-v3_2/ESP_012494_2050_RED-0073.jpg,ok,,JPEG,227.0,227.0,L,1.0,1.0,normal,other,train,esp_012494_2050_red-0073,[],fbc0692c46a3dfb5f8cf36638ee1e51fb34e25d076c5330c3d39e7e1d0b22da9,2ee527107fb1f6ecf2bc6f6a956611f89a6aaa30aa7e2455d31b2fffa93f19eb,c5dd50c311d77711,129.81563779619245,19.70125150972358,263397a75ee304d0,[],0.0,esp_012494_2050,['train'],1.0,Counter({'train': 1}),val,fce0ac23e3f35811,True,hirise_clean,0,C:\Users\deves\OneDrive\Desktop\Projects\TCMD-SS\data\raw\hirise_v3_2\map-proj-v3_2\ESP_012494_2050_RED-0073.jpg
map-proj-v3_2/ESP_012494_2050_RED-0075.jpg,ok,,JPEG,227.0,227.0,L,1.0,1.0,normal,other,train,esp_012494_2050_red-0075,[],ab8bdc263911088ece380f54c8408fbba386b96d21235a8e8ba13aaafea6eb4f,d1b6c6f9d1edc9a37eec009c316a25304799514e21ce5e8cfe1b02338e14a0bb,d24bcdcccd60e0d9,88.84282636961711,49.6215196602229,2c8154f14190197f,[],0.0,esp_012494_2050,['train'],1.0,Counter({'train': 1}),val,fce0ac23e3f35811,True,hirise_clean,0,C:\Users\deves\OneDrive\Desktop\Projects\TCMD-SS\data\raw\hirise_v3_2\map-proj-v3_2\ESP_012494_2050_RED-0075.jpg
map-proj-v3_2/ESP_012494_2050_RED-0077.jpg,ok,,JPEG,227.0,227.0,L,1.0,1.0,normal,other,train,esp_012494_2050_red-0077,[],3906d5d9bde00c6d5328881580dc6db62e1c9bea4bd8e43e9412d1ffbc71c206,433ace2e3e5a73e01c42e0d6c4e1cd8ac90a215efc90b495afb8accf544db900,d555547ace511e83,126.24659900250344,28.875469979362144,71a599e69a11dd22,[],0.0,esp_012494_2050,['train'],1.0,Counter({'train': 1}),val,fce0ac23e3f35811,True,hirise_clean,0,C:\Users\deves\OneDrive\Desktop\Projects\TCMD-SS\data\raw\hirise_v3_2\map-proj-v3_2\ESP_012494_2050_RED-0077.jpg
map-proj-v3_2/ESP_012494_2050_RED-0092.jpg,ok,,JPEG,227.0,227.0,L,1.0,1.0,normal,crater,train,esp_012494_2050_red-0092,[],d270364c07b9f6ef8f15a28789e90590e516bdf45a171c6fae9e951ae44f2081,84c796ae4ca358299d3175482012c54056eef36bb808bcd6be01b68af44777f8,986ee3e05e633338,129.6968891303926,19.66648736919023,d2227dc43a5a3e0a,[],1.0,esp_012494_2050,['train'],1.0,Counter({'train': 1}),val,fce0ac23e3f35811,True,hirise_clean,0,C:\Users\deves\OneDrive\Desktop\Projects\TCMD-SS\data\raw\hirise_v3_2\map-proj-v3_2\ESP_012494_2050_RED-0092.jpg
map-proj-v3_2/ESP_012494_2050_RED-0094.jpg,ok,,JPEG,227.0,227.0,L,1.0,1.0,normal,crater,train,esp_012494_2050_red-0094,[],28b142a37991a68a3ad9bdd1702aeee3402a915ca0f3bdc2529defa5a5657e1d,fd901002a7a4d8fdc819daccba3ff567b8b92fb5c4e74fcaab0818d971ea6530,eb0bb4d44bcc4663,126.93036930660404,15.52258523418384,17a624f6c10351d9,[],1.0,esp_012494_2050,['train'],1.0,Counter({'train': 1}),val,fce0ac23e3f35811,True,hirise_clean,0,C:\Users\deves\OneDrive\Desktop\Projects\TCMD-SS\data\raw\hirise_v3_2\map-proj-v3_2\ESP_012494_2050_RED-0094.jpg
map-proj-v3_2/ESP_012494_2050_RED-0108.jpg,ok,,JPEG,227.0,227.0,L,1.0,1.0,normal,crater,train,esp_012494_2050_red-0108,[],42ea6a3d410aeca028e486103fe0686b2a19c3f6013c7c7c16f489e0e64bb33b,c6b6b002cd7dd2d1b2268f1f5d10c2ddac983f9ed4d4e7573ef1f3c40045be2f,e1769e8331ccc633,126.42991325273148,21.702989619444324,133f8a8cf40171aa,[],1.0,esp_012494_2050,['train'],1.0,Counter({'train': 1}),val,fce0ac23e3f35811,True,hirise_clean,0,C:\Users\deves\OneDrive\Desktop\Projects\TCMD-SS\data\raw\hirise_v3_2\map-proj-v3_2\ESP_012494_2050_RED-0108.jpg
map-proj-v3_2/ESP_012494_2050_RED-0110.jpg,ok,,JPEG,227.0,227.0,L,1.0,1.0,normal,crater,train,esp_012494_2050_red-0110,[],964652876b27f4ea662a957af51cfcff963ecfc7ee09902a90814271b66b8e14,06f3757134ec987d3820643486b238ae95efd27e92c0913e7cfeb5a59a322dd4,d3a24c89dbce6436,128.2270177958043,12.53569596729274,87ac628e09235ffa,[],1.0,esp_012494_2050,['train'],1.0,Counter({'train': 1}),val,fce0ac23e3f35811,True,hirise_clean,0,C:\Users\deves\OneDrive\Desktop\Projects\TCMD-SS\data\raw\hirise_v3_2\map-proj-v3_2\ESP_012494_2050_RED-0110.jpg
map-proj-v3_2/ESP_012494_2050_RED-0114.jpg,ok,,JPEG,227.0,227.0,L,1.0,1.0,normal,other,train,esp_012494_2050_red-0114,[],def88be9fc0df4a6dbc90f5b96d800bbbd89538011c572e88753aa4b1fd8af21,7f0be2d09a2f619e0ff5f3a8de7aa33bfe823213d78bf9bd1a6851df60dcc10b,d45d951ae86e6398,109.0029692018087,17.768413540341058,4dfd509820aa4cc5,[],0.0,esp_012494_2050,['train'],1.0,Counter({'train': 1}),val,fce0ac23e3f35811,True,hirise_clean,0,C:\Users\deves\OneDrive\Desktop\Projects\TCMD-SS\data\raw\hirise_v3_2\map-proj-v3_2\ESP_012494_2050_RED-0114.jpg
map-proj-v3_2/ESP_012494_2050_RED-0116.jpg,ok,,JPEG,227.0,227.0,L,1.0,1.0,normal,crater,train,esp_012494_2050_red-0116,[],796f273d44038628b64df523dc7cb1277441e9b55ab44d5fca453a818d76928b,68fd6bc7b16f523b1b4cdc788ef139d5deb7a03ea8c2d970bd37be1bd42920c7,e3259c87b3986663,126.48304838052358,19.327117051603185,da111de7026379bc,[],1.0,esp_012494_2050,['train'],3.0,Counter({'train': 3}),val,fce0ac23e3f35811,True,hirise_clean,0,C:\Users\deves\OneDrive\Desktop\Projects\TCMD-SS\data\raw\hirise_v3_2\map-proj-v3_2\ESP_012494_2050_RED-0116.jpg
map-proj-v3_2/ESP_012494_2050_RED-0118.jpg,ok,,JPEG,227.0,227.0,L,1.0,1.0,normal,other,train,esp_012494_2050_red-0118,[],062edb2b545c9421592255f24ba526da96c0ba895c2357cdc9522e7dddfa9418,e124249937be06dd3a9f8f0eaddd9e374c7065d671c81b713a41297b796d6aca,e688bb1a44e23ee3,106.8744784490287,16.56279528678467,0b9e4d0a47ff9eed,[],0.0,esp_012494_2050,['train'],1.0,Counter({'train': 1}),val,fce0ac23e3f35811,True,hirise_clean,0,C:\Users\deves\OneDrive\Desktop\Projects\TCMD-SS\data\raw\hirise_v3_2\map-proj-v3_2\ESP_012494_2050_RED-0118.jpg
map-proj-v3_2/ESP_012494_2050_RED-0120.jpg,ok,,JPEG,227.0,227.0,L,1.0,1.0,normal,other,train,esp_012494_2050_red-0120,[],059c0456966033950c9da2982524be707a1c8e11b15e5ded476bdb89bf63bb8f,88b936ef23b35d2bdd79a5cf3afc953216a20d4a2782266ea2d923ace1799c17,d5c0cc6f21b59f82,107.4552387975703,18.294178275250516,91984a4c0c3b50b7,[],0.0,esp_012494_2050,['train'],1.0,Counter({'train': 1}),val,fce0ac23e3f35811,True,hirise_clean,0,C:\Users\deves\OneDrive\Desktop\Projects\TCMD-SS\data\raw\hirise_v3_2\map-proj-v3_2\ESP_012494_2050_RED-0120.jpg
map-proj-v3_2/ESP_012494_2050_RED-0124.jpg,ok,,JPEG,227.0,227.0,L,1.0,1.0,normal,other,train,esp_012494_2050_red-0124,[],6ffc4ef82f2f1f5b58bea4658fe0113b1f812d318d8307601bc49fe5a0c4ba39,c40246a5af09921f4c1d6ae996df32890005387eda5626b6276d93e7198cb1a6,e2e43d91ce62b28b,107.57387102408352,17.65636296785028,acf477dc93e0cf96,[],0.0,esp_012494_2050,['train'],1.0,Counter({'train': 1}),val,fce0ac23e3f35811,True,hirise_clean,0,C:\Users\deves\OneDrive\Desktop\Projects\TCMD-SS\data\raw\hirise_v3_2\map-proj-v3_2\ESP_012494_2050_RED-0124.jpg
map-proj-v3_2/ESP_012494_2050_RED-0125.jpg,ok,,JPEG,227.0,227.0,L,1.0,1.0,normal,other,train,esp_012494_2050_red-0125,[],4d625750a208aa9422d45ef86c5ddb8e4f02412c5165a881fb56e7e77456b03c,8f979b66f45e16182ba5d3aa7a146c81d838cae4a688e72e9945fec663489086,e72b986032cb3fc8,108.1871761532341,18.55200748226559,95ea20736e2e3856,[],0.0,esp_012494_2050,['train'],1.0,Counter({'train': 1}),val,fce0ac23e3f35811,True,hirise_clean,0,C:\Users\deves\OneDrive\Desktop\Projects\TCMD-SS\data\raw\hirise_v3_2\map-proj-v3_2\ESP_012494_2050_RED-0125.jpg
map-proj-v3_2/ESP_012494_2050_RED-0126.jpg,ok,,JPEG,227.0,227.0,L,1.0,1.0,normal,crater,train,esp_012494_2050_red-0126,[],2d902a88365a8a2e79e206014f1e5cbed897215fc9b8f04ff77088e537bc86c9,fac42bfd1d37a71f726ee69718c135e55ec088d3454520c785cf6b3646725a9f,e3119c83799c6673,128.89953230219876,20.654712422886647,02285d1d7efe46b6,[],1.0,esp_012494_2050,['train'],1.0,Counter({'train': 1}),val,fce0ac23e3f35811,True,hirise_clean,0,C:\Users\deves\OneDrive\Desktop\Projects\TCMD-SS\data\raw\hirise_v3_2\map-proj-v3_2\ESP_012494_2050_RED-0126.jpg
map-proj-v3_2/ESP_012494_2050_RED-0130.jpg,ok,,JPEG,227.0,227.0,L,1.0,1.0,normal,other,train,esp_012494_2050_red-0130,[],f70afa7a9d4c7fef6ce306f2d1c67c32993e8ed295ceef4531e15a66e01d4fa6,3bd5accd686a3b26da9cd9d6a128e83498a0abf1b4f1348eceb2273ab54fee7b,a3fe4c063399ec26,131.18310077820257,17.16359568245853,67c11d1289f51c8c,[],0.0,esp_012494_2050,['train'],1.0,Counter({'train': 1}),val,fce0ac23e3f35811,True,hirise_clean,0,C:\Users\deves\OneDrive\Desktop\Projects\TCMD-SS\data\raw\hirise_v3_2\map-proj-v3_2\ESP_012494_2050_RED-0130.jpg
map-proj-v3_2/ESP_012494_2050_RED-0132.jpg,ok,,JPEG,227.0,227.0,L,1.0,1.0,normal,crater,train,esp_012494_2050_red-0132,[],42797dbdb6224a803e4d338b96fdaba9151537b88c7da64d564ed563704a583d,00bbd6b381903700dca5ee29ae4245dfb14dfd9f8526899fd100f79f905c1140,830dddf7734c2413,119.02229812338685,24.918881136728665,96002768583cc4a0,[],1.0,esp_012494_2050,['train'],3.0,Counter({'train': 3}),val,fce0ac23e3f35811,True,hirise_clean,0,C:\Users\deves\OneDrive\Desktop\Projects\TCMD-SS\data\raw\hirise_v3_2\map-proj-v3_2\ESP_012494_2050_RED-0132.jpg
map-proj-v3_2/ESP_012494_2050_RED-0139.jpg,ok,,JPEG,227.0,227.0,L,1.0,1.0,normal,other,train,esp_012494_2050_red-0139,[],5b1fd9df45590874b80c44c24d458fbe0dbfd2fbfa4dbf57ad4734f0d2be981b,ea4a22b8271fc15ad5dad3aa3fbaf921e368ebced05fb02885832940df6c3507,96ee0dc7f3311928,132.84575675833025,19.161273949050592,6ece68195e5aa539,[],0.0,esp_012494_2050,['train'],1.0,Counter({'train': 1}),val,fce0ac23e3f35811,True,hirise_clean,0,C:\Users\deves\OneDrive\Desktop\Projects\TCMD-SS\data\raw\hirise_v3_2\map-proj-v3_2\ESP_012494_2050_RED-0139.jpg
map-proj-v3_2/ESP_012494_2050_RED-0140.jpg,ok,,JPEG,227.0,227.0,L,1.0,1.0,normal,crater,train,esp_012494_2050_red-0140,[],dcf3166ea4855b35bab1acc0d7ea74aa1cd164c285e035148abd5b6e1dd6e123,bd8f1d755bd9b8ab17f64573acde7c158f659374218a8dd27708f82aa7f30ca2,d056c9d62bd46a95,119.23877816375246,24.19817656323484,144cef717d02bb23,[],1.0,esp_012494_2050,['train'],1.0,Counter({'train': 1}),val,fce0ac23e3f35811,True,hirise_clean,0,C:\Users\deves\OneDrive\Desktop\Projects\TCMD-SS\data\raw\hirise_v3_2\map-proj-v3_2\ESP_012494_2050_RED-0140.jpg
map-proj-v3_2/ESP_012494_2050_RED-0142.jpg,ok,,JPEG,227.0,227.0,L,1.0,1.0,normal,other,train,esp_012494_2050_red-0142,[],07ed981489e9193a644ccc30eac91a220a313e2044e17e4a8c2b91120b7dbb7e,7e74f198b3221a5369565f4e79a0ad875afeaffbeb8e0418f4153fbfdcc9a0b6,995c8c6633cb3c4e,133.95703390323897,19.18808265873213,a2eccd4a55be70dc,[],0.0,esp_012494_2050,['train'],1.0,Counter({'train': 1}),val,fce0ac23e3f35811,True,hirise_clean,0,C:\Users\deves\OneDrive\Desktop\Projects\TCMD-SS\data\raw\hirise_v3_2\map-proj-v3_2\ESP_012494_2050_RED-0142.jpg
map-proj-v3_2/ESP_012494_2050_RED-0145.jpg,ok,,JPEG,227.0,227.0,L,1.0,1.0,normal,other,train,esp_012494_2050_red-0145,[],3fac22d14068dbb5754492ed173ef4c35101d6236af6b4848fcda3f756c16036,bb9e430123ce72d8386f447ebd6371d15104dc07b14152533236a7086b7cb2a1,f55399af61449711,123.89766927361292,16.91254742831618,6d72d12295f17e7e,[],0.0,esp_012494_2050,['train'],1.0,Counter({'train': 1}),val,fce0ac23e3f35811,True,hirise_clean,0,C:\Users\deves\OneDrive\Desktop\Projects\TCMD-SS\data\raw\hirise_v3_2\map-proj-v3_2\ESP_012494_2050_RED-0145.jpg
map-proj-v3_2/ESP_012494_2050_RED-0147.jpg,ok,,JPEG,227.0,227.0,L,1.0,1.0,normal,other,train,esp_012494_2050_red-0147,[],2c461b3953a13a0f3d40895381af738d7bfe2fc47a1bdbf2d0fcc8c7f54e0341,41861e2d757e0e30514a1054605ac5d04cdc3ff8557f62036dec589cfedc02ee,e33a9cda53692ca2,109.90611112189252,14.179682529690746,8b74f2f046be7947,[],0.0,esp_012494_2050,['train'],1.0,Counter({'train': 1}),val,fce0ac23e3f35811,True,hirise_clean,0,C:\Users\deves\OneDrive\Desktop\Projects\TCMD-SS\data\raw\hirise_v3_2\map-proj-v3_2\ESP_012494_2050_RED-0147.jpg
map-proj-v3_2/ESP_012494_2050_RED-0156.jpg,ok,,JPEG,227.0,227.0,L,1.0,1.0,normal,other,train,esp_012494_2050_red-0156,[],34a78a2b1e25250ed5c90a93a797fe060ddc926d3cdad69f008974b86ad0dda6,135b4194b8339e35bfde9002b1efe0ba2fda34807383da24d38716cf76cb4979,9dcba6b279a54584,135.3100584137088,17.49064184887422,b8f562f43a720c0b,[],0.0,esp_012494_2050,['train'],1.0,Counter({'train': 1}),val,fce0ac23e3f35811,True,hirise_clean,0,C:\Users\deves\OneDrive\Desktop\Projects\TCMD-SS\data\raw\hirise_v3_2\map-proj-v3_2\ESP_012494_2050_RED-0156.jpg
map-proj-v3_2/ESP_012494_2050_RED-0160.jpg,ok,,JPEG,227.0,227.0,L,1.0,1.0,normal,other,train,esp_012494_2050_red-0160,[],6dc6fa814dc67c99f4986306c9773edeffc7c7e536c75ba44da606c9b552a648,e7de7bd7e205c84c58b879274682c49728232af11e5471674fe7977c926d10c2,df3288808ca7b33f,132.6339731025248,19.18710285082966,db673baa3066f9ac,[],0.0,esp_012494_2050,['train'],1.0,Counter({'train': 1}),val,fce0ac23e3f35811,True,hirise_clean,0,C:\Users\deves\OneDrive\Desktop\Projects\TCMD-SS\data\raw\hirise_v3_2\map-proj-v3_2\ESP_012494_2050_RED-0160.jpg
map-proj-v3_2/ESP_012494_2050_RED-0163.jpg,ok,,JPEG,227.0,227.0,L,1.0,1.0,normal,crater,train,esp_012494_2050_red-0163,[],9f84260812da277fb8c2d9894db5bf8164e5aab44242738a197616352cf3cd48,5c71b7ae46c35df88eb5651f76c5d72eb8d40e7d9d7dc288d26de8ccbb87e307,e941cea719994ce6,128.73570222593102,22.310475821432814,491a91aaa2b50917,[],1.0,esp_012494_2050,['train'],1.0,Counter({'train': 1}),val,fce0ac23e3f35811,True,hirise_clean,0,C:\Users\deves\OneDrive\Desktop\Projects\TCMD-SS\data\raw\hirise_v3_2\map-proj-v3_2\ESP_012494_2050_RED-0163.jpg
map-proj-v3_2/ESP_012494_2050_RED-0164.jpg,ok,,JPEG,227.0,227.0,L,1.0,1.0,normal,impact ejecta,train,esp_012494_2050_red-0164,[],20c1a567899cf6f37e4db49d1a22022454fba945c99bc973542cebea6ad40427,3d4a18b0a652734fe8eb1adc77141acd6d22a2402783a6299438b8cd90cddee6,e66e999991c66466,115.73209260804596,22.474510495405102,e6ee8d0cc830fafe,[],5.0,esp_012494_2050,['train'],3.0,Counter({'train': 3}),val,fce0ac23e3f35811,True,hirise_clean,0,C:\Users\deves\OneDrive\Desktop\Projects\TCMD-SS\data\raw\hirise_v3_2\map-proj-v3_2\ESP_012494_2050_RED-0164.jpg
map-proj-v3_2/ESP_012494_2050_RED-0165.jpg,ok,,JPEG,227.0,227.0,L,1.0,1.0,normal,other,train,esp_012494_2050_red-0165,[],77aa353a8dcb14608271727c30138bb5bfaf4347b73fb67b63862b2b03fc039a,1f2132b68f26abbb083160d83440d31a8dd68eb56eb00a5f43f37638cf4ea4f4,f8cfc80f740bac16,131.71307419123212,18.557531496285826,55e04e7e6a558421,[],0.0,esp_012494_2050,['train'],1.0,Counter({'train': 1}),val,fce0ac23e3f35811,True,hirise_clean,0,C:\Users\deves\OneDrive\Desktop\Projects\TCMD-SS\data\raw\hirise_v3_2\map-proj-v3_2\ESP_012494_2050_RED-0165.jpg
map-proj-v3_2/ESP_012494_2050_RED-0166.jpg,ok,,JPEG,227.0,227.0,L,1.0,1.0,normal,other,train,esp_012494_2050_red-0166,[],d05375a7cc042f0ca10d656ff154b52ad4a074b3fa322407de5e43edde71cea8,721ce6faee0afb571e022ef8e191ebb2ecf635a7a61c3a0de5f9a129d4ee2708,e6abad24349ccba1,130.9244697160822,19.498337826083244,7d4d0decf9b16b1e,[],0.0,esp_012494_2050,['train'],1.0,Counter({'train': 1}),val,fce0ac23e3f35811,True,hirise_clean,0,C:\Users\deves\OneDrive\Desktop\Projects\TCMD-SS\data\raw\hirise_v3_2\map-proj-v3_2\ESP_012494_2050_RED-0166.jpg
map-proj-v3_2/ESP_012494_2050_RED-0167.jpg,ok,,JPEG,227.0,227.0,L,1.0,1.0,normal,other,train,esp_012494_2050_red-0167,[],483ffe7247425a52beaa4c90d3db422e45711d902a1904167b25bb41adc0b23e,4c1dfa616155d37a3a8a696379487320e0254e5e5589ecd33bbabdaf6ff288db,f3ac84ab99c660b9,132.8588367715267,19.354099600692653,858c3859cd5c9af4,[],0.0,esp_012494_2050,['train'],1.0,Counter({'train': 1}),val,fce0ac23e3f35811,True,hirise_clean,0,C:\Users\deves\OneDrive\Desktop\Projects\TCMD-SS\data\raw\hirise_v3_2\map-proj-v3_2\ESP_012494_2050_RED-0167.jpg
map-proj-v3_2/ESP_012494_2050_RED-0171.jpg,ok,,JPEG,227.0,227.0,L,1.0,1.0,normal,other,train,esp_012494_2050_red-0171,[],448623ca502591fdcb75ae2684b99cf71e44dac58fa650239b2c16d57d23b63c,55b3b673384eba3bba5bfa8fcfef271a5f1243c7cadadade036146f2381c5419,e5a95e44f05aa497,123.32412816084148,17.733714452868174,8efcd74c7fc2793e,[],0.0,esp_012494_2050,['train'],1.0,Counter({'train': 1}),val,fce0ac23e3f35811,True,hirise_clean,0,C:\Users\deves\OneDrive\Desktop\Projects\TCMD-SS\data\raw\hirise_v3_2\map-proj-v3_2\ESP_012494_2050_RED-0171.jpg
map-proj-v3_2/ESP_012494_2050_RED-0172.jpg,ok,,JPEG,227.0,227.0,L,1.0,1.0,normal,crater,train,esp_012494_2050_red-0172,[],35788586a5aaaf3b61dba8039013f931460989bdc4a61bf628aca946b7e73b64,334e1568ae5db9595a0f8b521e64dd1a544d842eb7e5af52bc38935433f8f4d0,a39ccc07f398ce26,130.91356323623592,18.722135789065973,3e4905376b4b4f2a,[],1.0,esp_012494_2050,['train'],1.0,Counter({'train': 1}),val,fce0ac23e3f35811,True,hirise_clean,0,C:\Users\deves\OneDrive\Desktop\Projects\TCMD-SS\data\raw\hirise_v3_2\map-proj-v3_2\ESP_012494_2050_RED-0172.jpg
map-proj-v3_2/ESP_012494_2050_RED-0191.jpg,ok,,JPEG,227.0,227.0,L,1.0,1.0,normal,other,train,esp_012494_2050_red-0191,[],bfb5502032f97ccc03aba27796c536a4612467645832a2f37a7cd8afd9a8b334,83b53629d09a1116c3acd37ecc54e57b2d82465987128e1f579fd45cf514728c,ac023b7d5ce6d390,105.71550000970328,58.87767282491135,56b00450b8c46422,[],0.0,esp_012494_2050,['train'],1.0,Counter({'train': 1}),val,fce0ac23e3f35811,True,hirise_clean,0,C:\Users\deves\OneDrive\Desktop\Projects\TCMD-SS\data\raw\hirise_v3_2\map-proj-v3_2\ESP_012494_2050_RED-0191.jpg
map-proj-v3_2/ESP_012494_2050_RED-0194.jpg,ok,,JPEG,227.0,227.0,L,1.0,1.0,normal,other,train,esp_012494_2050_red-0194,[],00b93e4981123b6c3b25c585cad304170adaaad68bb1a2d669184ca5b95e5f6d,37a82026babb0e09eb280df9e52deb459969e3aeeae961a0faf8164195ab527f,8c32277dd9d6822b,91.74752081352248,60.18188472521318,8fba066644fd1797,[],0.0,esp_012494_2050,['train'],1.0,Counter({'train': 1}),val,fce0ac23e3f35811,True,hirise_clean,0,C:\Users\deves\OneDrive\Desktop\Projects\TCMD-SS\data\raw\hirise_v3_2\map-proj-v3_2\ESP_012494_2050_RED-0194.jpg
map-proj-v3_2/ESP_012494_2050_RED-0195.jpg,ok,,JPEG,227.0,227.0,L,1.0,1.0,normal,other,train,esp_012494_2050_red-0195,[],85aacafa8f01ebfce2e73129e2ddc7654b2aab4b8940d596e868c9b5a089e0c8,62bdd8d8f9fa1e9f7998649b252a1d9b15ad28c12be6659a7103662deb395be2,be004f7fdb81842e,86.16237458518503,61.70304860870535,f8ebc5003061556d,[],0.0,esp_012494_2050,['train'],1.0,Counter({'train': 1}),val,fce0ac23e3f35811,True,hirise_clean,0,C:\Users\deves\OneDrive\Desktop\Projects\TCMD-SS\data\raw\hirise_v3_2\map-proj-v3_2\ESP_012494_2050_RED-0195.jpg
map-proj-v3_2/ESP_012494_2050_RED-0203.jpg,ok,,JPEG,227.0,227.0,L,1.0,1.0,normal,other,train,esp_012494_2050_red-0203,[],8d7783508d9633571ccb276111ddc3fce07932edec680aca8404bebbdfe32ffd,62f3d2efdf5584845a1a2316c7f55223f8f385cfa5aae80b0c1d6e48a19262ea,a6303d2e1f2c3f2c,77.8107473461546,51.05799781459943,921a9245ad228b45,[],0.0,esp_012494_2050,['train'],1.0,Counter({'train': 1}),val,fce0ac23e3f35811,True,hirise_clean,0,C:\Users\deves\OneDrive\Desktop\Projects\TCMD-SS\data\raw\hirise_v3_2\map-proj-v3_2\ESP_012494_2050_RED-0203.jpg
map-proj-v3_2/ESP_012971_2015_RED-0000.jpg,ok,,JPEG,227.0,227.0,L,1.0,1.0,normal,crater,val,esp_012971_2015_red-0000,[],0497f1a5ab65c4aa404648cd8b7338052ce08c4d51e90a62ccb9daa715c71f38,4e9a1479462f13381ac4397a9e03fe80733f581290e9c0058e3fae60bb1e7f05,80fc9ff39b8c4462,116.76657804343183,35.352812492043185,4410ea52465fe378,[],1.0,esp_012971_2015,['val'],1.0,Counter({'val': 1}),val,44f19f6daa37be2b,True,hirise_clean,0,C:\Users\deves\OneDrive\Desktop\Projects\TCMD-SS\data\raw\hirise_v3_2\map-proj-v3_2\ESP_012971_2015_RED-0000.jpg
map-proj-v3_2/ESP_012971_2015_RED-0003.jpg,ok,,JPEG,227.0,227.0,L,1.0,1.0,normal,other,val,esp_012971_2015_red-0003,[],35aaf7e871e4ace93495b163cd62a4cc118eacefa403bc0f373cacbd1883c1bf,1eb25481e2ebe4d8a3683d720634562ee7e2c8ac860d03d609618811d50e1cf4,cca732bb994c42ae,133.25717557103766,17.746885028692642,9f7d5ce492cc6be9,[],0.0,esp_012971_2015,['val'],1.0,Counter({'val': 1}),val,44f19f6daa37be2b,True,hirise_clean,0,C:\Users\deves\OneDrive\Desktop\Projects\TCMD-SS\data\raw\hirise_v3_2\map-proj-v3_2\ESP_012971_2015_RED-0003.jpg
map-proj-v3_2/ESP_012971_2015_RED-0008.jpg,ok,,JPEG,227.0,227.0,L,1.0,1.0,normal,slope streak,val,esp_012971_2015_red-0008,[],ffa49f81af2b771444c91e59b53ab044c04a26dcd8c2edffdb2a6698c5569e0c,fc565f83e7dcb6b756b26a464c0e0a93a51641b2f2d029b095e0ed9a9cb828f1,e698845a2997ce2f,160.1519338624852,10.929803515984696,8bef14bd5762daa7,[],3.0,esp_012971_2015,['val'],1.0,Counter({'val': 1}),val,44f19f6daa37be2b,True,hirise_clean,0,C:\Users\deves\OneDrive\Desktop\Projects\TCMD-SS\data\raw\hirise_v3_2\map-proj-v3_2\ESP_012971_2015_RED-0008.jpg
map-proj-v3_2/ESP_012971_2015_RED-0014.jpg,ok,,JPEG,227.0,227.0,L,1.0,1.0,normal,crater,val,esp_012971_2015_red-0014,[],32c05a6ff5a162b25f9c284fa4e30685de07040c5afc48eb4805af126fd36662,0a07cf7e585f4f28ba6f9daaf17bde460d3525d0c0f2d6cafb60b66704c1127e,f3d8cc3633994c23,131.12276582118807,10.905547163888796,7eefa3af8cf0d14d,[],1.0,esp_012971_2015,['val'],1.0,Counter({'val': 1}),val,44f19f6daa37be2b,True,hirise_clean,0,C:\Users\deves\OneDrive\Desktop\Projects\TCMD-SS\data\raw\hirise_v3_2\map-proj-v3_2\ESP_012971_2015_RED-0014.jpg
map-proj-v3_2/ESP_012971_2015_RED-0016.jpg,ok,,JPEG,227.0,227.0,L,1.0,1.0,normal,other,val,esp_012971_2015_red-0016,[],6cf67d6c34eed4fb0f90a8f813da5aa6ca99d6364a6881b445ebdf558954c6f7,563f5d09bbeec85b513a270fd8c1f275b3e344a7b2696bc33e92174972737785,da4b4dc601c0fbe5,59.80465369015506,36.63552177285843,6c9f69e56cea2b3e,[],0.0,esp_012971_2015,['val'],1.0,Counter({'val': 1}),val,44f19f6daa37be2b,True,hirise_clean,0,C:\Users\deves\OneDrive\Desktop\Projects\TCMD-SS\data\raw\hirise_v3_2\map-proj-v3_2\ESP_012971_2015_RED-0016.jpg
map-proj-v3_2/ESP_012971_2015_RED-0021.jpg,ok,,JPEG,227.0,227.0,L,1.0,1.0,normal,other,val,esp_012971_2015_red-0021,[],e83def6e6631a20316ebdc1ffacccd07fd842c144cc073ffb18e4fc163ced7a9,31ce52e76b3728903f938a8224106ae651881726ac6884618aec8d7bd0f6f285,d2793d16c2b93d0c,162.5736963651536,18.10368724272389,fda05fe265275ece,[],0.0,esp_012971_2015,['val'],1.0,Counter({'val': 1}),val,44f19f6daa37be2b,True,hirise_clean,0,C:\Users\deves\OneDrive\Desktop\Projects\TCMD-SS\data\raw\hirise_v3_2\map-proj-v3_2\ESP_012971_2015_RED-0021.jpg
map-proj-v3_2/ESP_012971_2015_RED-0032.jpg,ok,,JPEG,227.0,227.0,L,1.0,1.0,normal,slope streak,val,esp_012971_2015_red-0032,[],4554fd793d20237ca1d3ceff282fb65abcb61299344675f30659905d53b5c60a,f5c695fd555987177a4d951f5f6b1696bd3dc1110de958874cccca95ec1c3a67,9cb2798d74957298,134.8471734363174,44.39702292938518,eb36e42f17f1e242,[],3.0,esp_012971_2015,['val'],1.0,Counter({'val': 1}),val,44f19f6daa37be2b,True,hirise_clean,0,C:\Users\deves\OneDrive\Desktop\Projects\TCMD-SS\data\raw\hirise_v3_2\map-proj-v3_2\ESP_012971_2015_RED-0032.jpg
map-proj-v3_2/ESP_012971_2015_RED-0035.jpg,ok,,JPEG,227.0,227.0,L,1.0,1.0,normal,slope streak,val,esp_012971_2015_red-0035,[],9d861a3babd2e25c7fe9b6bb29a6cd5db11b4ccad817bc2600e24de3dfdadd5b,119f87cf9b6dd8f05eda8493f997480f66520419f11f609c53278f06268cbb91,9a837b87680f603f,151.57356051931922,20.256589897533253,9e9ba629f8186621,[],3.0,esp_012971_2015,['val'],1.0,Counter({'val': 1}),val,44f19f6daa37be2b,True,hirise_clean,0,C:\Users\deves\OneDrive\Desktop\Projects\TCMD-SS\data\raw\hirise_v3_2\map-proj-v3_2\ESP_012971_2015_RED-0035.jpg
map-proj-v3_2/ESP_012971_2015_RED-0037.jpg,ok,,JPEG,227.0,227.0,L,1.0,1.0,normal,other,val,esp_012971_2015_red-0037,[],d55e1c29b0c4f87c2d63eb12bbe4d81bc6c6b4a9b280ed580a64f71538398674,68a0ecc453fd204a0d36eef2679bd8aa638ff5ecb6d693964be7ad10183be3f9,d159ce47321add2c,163.38892662384288,14.276945512102207,c14d1c42d9288c07,[],0.0,esp_012971_2015,['val'],1.0,Counter({'val': 1}),val,44f19f6daa37be2b,True,hirise_clean,0,C:\Users\deves\OneDrive\Desktop\Projects\TCMD-SS\data\raw\hirise_v3_2\map-proj-v3_2\ESP_012971_2015_RED-0037.jpg
map-proj-v3_2/ESP_012971_2015_RED-0038.jpg,ok,,JPEG,227.0,227.0,L,1.0,1.0,normal,crater,val,esp_012971_2015_red-0038,[],4399efdb7d90344b15430fb6e9fc7b87711baafdc1cc7550abcab5fe1e8cf648,7dbe7a322f039dc99a07ad88a160fe2863fde73721d0a92925b20163472a768a,f15d4cf713882731,177.4494944594306,14.091635030350984,2b44ab98f3cc33de,[],1.0,esp_012971_2015,['val'],1.0,Counter({'val': 1}),val,44f19f6daa37be2b,True,hirise_clean,0,C:\Users\deves\OneDrive\Desktop\Projects\TCMD-SS\data\raw\hirise_v3_2\map-proj-v3_2\ESP_012971_2015_RED-0038.jpg
map-proj-v3_2/ESP_012971_2015_RED-0043.jpg,ok,,JPEG,227.0,227.0,L,1.0,1.0,normal,other,val,esp_012971_2015_red-0043,[],97d5e12653b28b1312f66b127278f7c6b1561e8ab2c3587e4098cb55913b9e9c,6b155d8313e9c7d3ff6ddcad3629a4d3d908912c04f980c45c2f7dc35d9498b8,8476b3d96c27b198,174.57396805682237,10.432570361166526,a39aa9e726334130,[],0.0,esp_012971_2015,['val'],1.0,Counter({'val': 1}),val,44f19f6daa37be2b,True,hirise_clean,0,C:\Users\deves\OneDrive\Desktop\Projects\TCMD-SS\data\raw\hirise_v3_2\map-proj-v3_2\ESP_012971_2015_RED-0043.jpg
map-proj-v3_2/ESP_012971_2015_RED-0044.jpg,ok,,JPEG,227.0,227.0,L,1.0,1.0,normal,slope streak,val,esp_012971_2015_red-0044,[],37de83747a77b1541633e2417ac5ef3903982ff098fc24f7df28383346cc5856,358d8ca9ee8233b557a1422d09f38df20551f81462a0ef0d52202f3759741f6b,89cc3692a996bb8d,162.9650099943721,18.64699580681295,2cee54d143b781e9,[],3.0,esp_012971_2015,['val'],1.0,Counter({'val': 1}),val,44f19f6daa37be2b,True,hirise_clean,0,C:\Users\deves\OneDrive\Desktop\Projects\TCMD-SS\data\raw\hirise_v3_2\map-proj-v3_2\ESP_012971_2015_RED-0044.jpg
map-proj-v3_2/ESP_012971_2015_RED-0047.jpg,ok,,JPEG,227.0,227.0,L,1.0,1.0,normal,other,val,esp_012971_2015_red-0047,[],e7c6026ade55873d02edb23f47ee8f948b043ff3eeb020bc8b9109610362f4d4,4f30711e9d8f08118a297eef271735ba152bc2ddf95da51a2c8db630d37f3074,f396cc0773988c63,137.32564187156746,9.692308475842763,6d7363084d9abdab,[],0.0,esp_012971_2015,['val'],1.0,Counter({'val': 1}),val,44f19f6daa37be2b,True,hirise_clean,0,C:\Users\deves\OneDrive\Desktop\Projects\TCMD-SS\data\raw\hirise_v3_2\map-proj-v3_2\ESP_012971_2015_RED-0047.jpg
map-proj-v3_2/ESP_012971_2015_RED-0058.jpg,ok,,JPEG,227.0,227.0,L,1.0,1.0,normal,slope streak,val,esp_012971_2015_red-0058,[],e41ec46eea02ce9494c8dbf6d06563de45dc095431e40aa3a4710f533c156a93,f3cbf1b9beef3d5cf330b2ce4a78fbc1dcccb588fa1502d39d6b2a6643df8c36,a2903fb7325e9570,191.1401540879893,10.07792785076916,53f950b40127743c,[],3.0,esp_012971_2015,['val'],1.0,Counter({'val': 1}),val,44f19f6daa37be2b,True,hirise_clean,0,C:\Users\deves\OneDrive\Desktop\Projects\TCMD-SS\data\raw\hirise_v3_2\map-proj-v3_2\ESP_012971_2015_RED-0058.jpg
map-proj-v3_2/ESP_012971_2015_RED-0061.jpg,ok,,JPEG,227.0,227.0,L,1.0,1.0,normal,other,val,esp_012971_2015_red-0061,[],8098989381fa059805c6e707685ef7c49c00fb24ef0c639a1845d0033c90dc72,d667c1e30a82ca59394fb2a45c55b82c62d21b13c85d20b7144ea2ad17d60eb3,d25a6bb98d2632c9,177.2380989345805,12.001579721758546,05efb71d76aea16b,[],0.0,esp_012971_2015,['val'],1.0,Counter({'val': 1}),val,44f19f6daa37be2b,True,hirise_clean,0,C:\Users\deves\OneDrive\Desktop\Projects\TCMD-SS\data\raw\hirise_v3_2\map-proj-v3_2\ESP_012971_2015_RED-0061.jpg
map-proj-v3_2/ESP_012971_2015_RED-0064.jpg,ok,,JPEG,227.0,227.0,L,1.0,1.0,normal,other,val,esp_012971_2015_red-0064,[],6ad9a761ae73b9fb469696e3800c1438ab8e625e971ab273cb0a5711c32529c0,3aba0dee37a2904de6c7f11d2f1c5be7ba68e590d33abbcf5998bbc1560f491f,93c164d6daca68ae,163.5886976265792,18.345175307766112,d80d2dd3e32b5231,[],0.0,esp_012971_2015,['val'],1.0,Counter({'val': 1}),val,44f19f6daa37be2b,True,hirise_clean,0,C:\Users\deves\OneDrive\Desktop\Projects\TCMD-SS\data\raw\hirise_v3_2\map-proj-v3_2\ESP_012971_2015_RED-0064.jpg
map-proj-v3_2/ESP_012971_2015_RED-0066.jpg,ok,,JPEG,227.0,227.0,L,1.0,1.0,normal,crater,val,esp_012971_2015_red-0066,[],22d010b3c234233587031cc8911591a5ec2efdf9390136b9d794dd4eca6a1aa2,03bb3ec00a7cdbc9e38e04c52d65d04cb4b14e57161ec53c59605c2cba08b0d7,80f0ddec663398ce,122.39306021851772,48.34732560658639,c4479e68c259f90f,[],1.0,esp_012971_2015,['val'],1.0,Counter({'val': 1}),val,44f19f6daa37be2b,True,hirise_clean,0,C:\Users\deves\OneDrive\Desktop\Projects\TCMD-SS\data\raw\hirise_v3_2\map-proj-v3_2\ESP_012971_2015_RED-0066.jpg
map-proj-v3_2/ESP_012971_2015_RED-0069.jpg,ok,,JPEG,227.0,227.0,L,1.0,1.0,normal,other,val,esp_012971_2015_red-0069,[],21aab1c7667297f70355ecb63e1be5a5b564b3890ee82067a6c4518deef8ae24,5dc93dee88c9c0298d9f9fd350cdcfa331a3e3c6a00ea7a50ee3daaa1a5c1392,fdd6d25d029a4a8a,195.41760950144575,18.032058270908102,2480a7a52686bcf1,[],0.0,esp_012971_2015,['val'],1.0,Counter({'val': 1}),val,44f19f6daa37be2b,True,hirise_clean,0,C:\Users\deves\OneDrive\Desktop\Projects\TCMD-SS\data\raw\hirise_v3_2\map-proj-v3_2\ESP_012971_2015_RED-0069.jpg
map-proj-v3_2/ESP_012971_2015_RED-0071.jpg,ok,,JPEG,227.0,227.0,L,1.0,1.0,normal,other,val,esp_012971_2015_red-0071,[],083441f442c9c1b94768b4a94aaa9010867110e19cb421f866bdcc9130f64451,3fb1cb6f2f671a864418b17d82b4440ebae5bd3e704b65fc115403c6512d9949,a4f0199d47779d44,98.30402297735256,11.536102728793592,b52b95f4c6580579,[],0.0,esp_012971_2015,['val'],1.0,Counter({'val': 1}),val,44f19f6daa37be2b,True,hirise_clean,0,C:\Users\deves\OneDrive\Desktop\Projects\TCMD-SS\data\raw\hirise_v3_2\map-proj-v3_2\ESP_012971_2015_RED-0071.jpg
map-proj-v3_2/ESP_012971_2015_RED-0073.jpg,ok,,JPEG,227.0,227.0,L,1.0,1.0,normal,other,val,esp_012971_2015_red-0073,[],c8f03bb659d202b7fa7375f9ceca3a310ec457312bb3c9e6d52fb8094908ac3d,ad9f01dd30cad3a8868b032e4789effedd58660e84754368906bc10b239460d6,d556b2994a6692cb,94.45122164218208,30.319891918392702,cd71db223f516476,[],0.0,esp_012971_2015,['val'],1.0,Counter({'val': 1}),val,44f19f6daa37be2b,True,hirise_clean,0,C:\Users\deves\OneDrive\Desktop\Projects\TCMD-SS\data\raw\hirise_v3_2\map-proj-v3_2\ESP_012971_2015_RED-0073.jpg
map-proj-v3_2/ESP_012971_2015_RED-0076.jpg,ok,,JPEG,227.0,227.0,L,1.0,1.0,normal,slope streak,val,esp_012971_2015_red-0076,[],bbc6667477c5b638b646c29d99a24ba2cfaf866c264a76c4b186fc3f03f2d2d5,f7d15066448a19ffe9fc0f3dd39983e7e7687aaa15114c99a7d89dbc653f2875,95c2d2ca6b29536b,162.7853053620291,34.60613332579279,229bf570f955a702,[],3.0,esp_012971_2015,['val'],1.0,Counter({'val': 1}),val,44f19f6daa37be2b,True,hirise_clean,0,C:\Users\deves\OneDrive\Desktop\Projects\TCMD-SS\data\raw\hirise_v3_2\map-proj-v3_2\ESP_012971_2015_RED-0076.jpg
map-proj-v3_2/ESP_012971_2015_RED-0085.jpg,ok,,JPEG,227.0,227.0,L,1.0,1.0,normal,other,val,esp_012971_2015_red-0085,[],91481b5f17496c0620f91854309552c79b96a081cca2a394e13eacde676ab61c,bcd7f6966cf741d4d835d36834a74120167c499e22163b463403deb59274adda,dd455249ecb55c2a,215.2269983892565,18.952247276750043,a9a601224a4d1380,[],0.0,esp_012971_2015,['val'],1.0,Counter({'val': 1}),val,44f19f6daa37be2b,True,hirise_clean,0,C:\Users\deves\OneDrive\Desktop\Projects\TCMD-SS\data\raw\hirise_v3_2\map-proj-v3_2\ESP_012971_2015_RED-0085.jpg
map-proj-v3_2/ESP_012971_2015_RED-0086.jpg,ok,,JPEG,227.0,227.0,L,1.0,1.0,normal,other,val,esp_012971_2015_red-0086,[],8008dfa80e0eac5f7665986fe148c717e43e8288e6876378e266f3c517564465,a987ec55c594e5b31ca58ac778891b356c83e361e315fe0ca625b5f7534f6f95,e36533997c1e4709,209.4455161171379,11.493375427387702,feb4f4cd41948821,[],0.0,esp_012971_2015,['val'],1.0,Counter({'val': 1}),val,44f19f6daa37be2b,True,hirise_clean,0,C:\Users\deves\OneDrive\Desktop\Projects\TCMD-SS\data\raw\hirise_v3_2\map-proj-v3_2\ESP_012971_2015_RED-0086.jpg
map-proj-v3_2/ESP_012971_2015_RED-0088.jpg,ok,,JPEG,227.0,227.0,L,1.0,1.0,normal,other,val,esp_012971_2015_red-0088,[],98da067aabdbcb8504fbc398b2f55c996ba658f0cffaef67023b205202679b42,e00972df4e8a11a19341647dd8138e189f0af73eff3b2c995360aee43399dd48,c0e749ec36b8ef02,104.38813095538434,14.668464045975362,f3da051fb3b58c12,[],0.0,esp_012971_2015,['val'],1.0,Counter({'val': 1}),val,44f19f6daa37be2b,True,hirise_clean,0,C:\Users\deves\OneDrive\Desktop\Projects\TCMD-SS\data\raw\hirise_v3_2\map-proj-v3_2\ESP_012971_2015_RED-0088.jpg
map-proj-v3_2/ESP_012971_2015_RED-0089.jpg,ok,,JPEG,227.0,227.0,L,1.0,1.0,normal,other,val,esp_012971_2015_red-0089,[],80ea64babeeac16d0fa7788ac66f7941710234a00ab59402abc411eb8581080e,4263c5163090a352a0c22a8dc389ef6bd0b62dfd244370c51f3aee4e0b0af3fa,ac2abbddec570222,93.45401618506084,11.798874474562094,79ca5542203508f7,[],0.0,esp_012971_2015,['val'],1.0,Counter({'val': 1}),val,44f19f6daa37be2b,True,hirise_clean,0,C:\Users\deves\OneDrive\Desktop\Projects\TCMD-SS\data\raw\hirise_v3_2\map-proj-v3_2\ESP_012971_2015_RED-0089.jpg
map-proj-v3_2/ESP_012971_2015_RED-0101.jpg,ok,,JPEG,227.0,227.0,L,1.0,1.0,normal,slope streak,val,esp_012971_2015_red-0101,[],af83cb36567f9bcf4c12e412b62a733ba9452ce14ed4386d16d304e44d922bba,e6ef9df71ecae7205ce99ff94ad9af181d047c0213682b1342a3c2fb307cd422,988c67b1569b646d,174.3340837198471,32.786231000995706,881b9a874756242a,[],3.0,esp_012971_2015,['val'],1.0,Counter({'val': 1}),val,44f19f6daa37be2b,True,hirise_clean,0,C:\Users\deves\OneDrive\Desktop\Projects\TCMD-SS\data\raw\hirise_v3_2\map-proj-v3_2\ESP_012971_2015_RED-0101.jpg
map-proj-v3_2/ESP_012971_2015_RED-0103.jpg,ok,,JPEG,227.0,227.0,L,1.0,1.0,normal,other,val,esp_012971_2015_red-0103,[],5e91f1410767cdae2bfdf41ed406aa52c866a3d7f39bc4adcb4464d43d0520e9,4a342fc76a3dee46e4237cf6032e69a835e46a9f7880b7c8844973b11cc49171,cd0db39d5e22c07a,197.74878223912748,15.764448123676642,56b6e25709cfc023,[],0.0,esp_012971_2015,['val'],1.0,Counter({'val': 1}),val,44f19f6daa37be2b,True,hirise_clean,0,C:\Users\deves\OneDrive\Desktop\Projects\TCMD-SS\data\raw\hirise_v3_2\map-proj-v3_2\ESP_012971_2015_RED-0103.jpg
map-proj-v3_2/ESP_012971_2015_RED-0105.jpg,ok,,JPEG,227.0,227.0,L,1.0,1.0,normal,other,val,esp_012971_2015_red-0105,[],a03c94ad20e38d5d264ed019f57dfacfd930e5304e8d71e3860bec4da445cade,4ade2558b818c274d304ec0681a1dcbf91e262b2d8f863bc5ec491b151ae118c,d24b653219cecfc4,75.39296318577888,41.40845435597716,3115098cd6c32379,[],0.0,esp_012971_2015,['val'],1.0,Counter({'val': 1}),val,44f19f6daa37be2b,True,hirise_clean,0,C:\Users\deves\OneDrive\Desktop\Projects\TCMD-SS\data\raw\hirise_v3_2\map-proj-v3_2\ESP_012971_2015_RED-0105.jpg
map-proj-v3_2/ESP_012971_2015_RED-0107.jpg,ok,,JPEG,227.0,227.0,L,1.0,1.0,normal,other,val,esp_012971_2015_red-0107,[],500ffc451eaaeb5fc387048b34f2306761929eb540b1169ffb31c1475229b18b,4ef4c09b870fd4a924257915a67b65abd7960b39f9feec80564ddf3905f68c03,fe05a237d02e5633,179.67573599332414,17.29257818697556,164ac611ac58e167,[],0.0,esp_012971_2015,['val'],1.0,Counter({'val': 1}),val,44f19f6daa37be2b,True,hirise_clean,0,C:\Users\deves\OneDrive\Desktop\Projects\TCMD-SS\data\raw\hirise_v3_2\map-proj-v3_2\ESP_012971_2015_RED-0107.jpg
map-proj-v3_2/ESP_012971_2015_RED-0115.jpg,ok,,JPEG,227.0,227.0,L,1.0,1.0,normal,other,val,esp_012971_2015_red-0115,[],5c77f067bd143761249773587801e57dc6221141993d6c947e34199767391fae,19bbd7f221d0969bd234c1d506332cacb65400b113139c7584537c1f4fdeb8aa,cc2a29f28d373965,183.60367948145705,14.669321968412495,6ddd188f68099bf9,[],0.0,esp_012971_2015,['val'],1.0,Counter({'val': 1}),val,44f19f6daa37be2b,True,hirise_clean,0,C:\Users\deves\OneDrive\Desktop\Projects\TCMD-SS\data\raw\hirise_v3_2\map-proj-v3_2\ESP_012971_2015_RED-0115.jpg
map-proj-v3_2/ESP_012971_2015_RED-0116.jpg,ok,,JPEG,227.0,227.0,L,1.0,1.0,normal,slope streak,val,esp_012971_2015_red-0116,[],fef78117ec3c1a76e754787c1b5ff46b16f7d5fe97518790aa855ca4cf0eadc5,487c40636b4c5d7bf046e5fb95f19c88041d88432f9f1d240154fc46f51c4f1d,89c4667b94e956a5,166.9782452599507,19.846182462940224,53c6c339008ef9b8,[],3.0,esp_012971_2015,['val'],1.0,Counter({'val': 1}),val,44f19f6daa37be2b,True,hirise_clean,0,C:\Users\deves\OneDrive\Desktop\Projects\TCMD-SS\data\raw\hirise_v3_2\map-proj-v3_2\ESP_012971_2015_RED-0116.jpg
map-proj-v3_2/ESP_012971_2015_RED-0128.jpg,ok,,JPEG,227.0,227.0,L,1.0,1.0,normal,other,val,esp_012971_2015_red-0128,[],a010ce782eb560b74c6da0e5f0be90d4798c4426e8e429f26078b9f4d3b39376,665442b232d5ab54f5ea456376e3d9b09e581ac67d34562e5b8dccb83f86528f,b780f31ec13cd711,67.09274389178908,15.29019348551008,c55ce95047c0b00d,[],0.0,esp_012971_2015,['val'],1.0,Counter({'val': 1}),val,44f19f6daa37be2b,True,hirise_clean,0,C:\Users\deves\OneDrive\Desktop\Projects\TCMD-SS\data\raw\hirise_v3_2\map-proj-v3_2\ESP_012971_2015_RED-0128.jpg
map-proj-v3_2/ESP_012971_2015_RED-0131.jpg,ok,,JPEG,227.0,227.0,L,1.0,1.0,normal,other,val,esp_012971_2015_red-0131,[],69755a5a6efcb413f9eb44c18de6c0b4e1f2e617b8c17fdaf3576b37c6da6a53,78d52982dafd916ec19f9134b837b10861c53f9487cba3be93c99ec043c6fa7c,df407e38383c86ba,177.92109297677035,13.405671539358773,5c2016797dc06355,[],0.0,esp_012971_2015,['val'],1.0,Counter({'val': 1}),val,44f19f6daa37be2b,True,hirise_clean,0,C:\Users\deves\OneDrive\Desktop\Projects\TCMD-SS\data\raw\hirise_v3_2\map-proj-v3_2\ESP_012971_2015_RED-0131.jpg
map-proj-v3_2/ESP_012971_2015_RED-0132.jpg,ok,,JPEG,227.0,227.0,L,1.0,1.0,normal,slope streak,val,esp_012971_2015_red-0132,[],6a5a1edfac74698a2840e7742660e21af3bb3cb891214a5d933d8f6f290428eb,48ff6051295f672cf54a2ec767b9e9f434635fe9d0f9b05c7ce2f56f9c35d22e,85fa0b392c0f0f3e,196.16058918279023,22.375424710495043,2804e039acd2e164,[],3.0,esp_012971_2015,['val'],1.0,Counter({'val': 1}),val,44f19f6daa37be2b,True,hirise_clean,0,C:\Users\deves\OneDrive\Desktop\Projects\TCMD-SS\data\raw\hirise_v3_2\map-proj-v3_2\ESP_012971_2015_RED-0132.jpg
map-proj-v3_2/ESP_012971_2015_RED-0135.jpg,ok,,JPEG,227.0,227.0,L,1.0,1.0,normal,other,val,esp_012971_2015_red-0135,[],fa02cd86ccc0d6f9052573b15e45be3defb8ac84faf12502c97caecfa06840df,fa7fdfb72d7d828c2c43a01a36188a0f77a56ed52534c008af9d4d18c003f69f,fb61b28b603c93c3,175.9549185895321,17.1178806433561,f99eee558dfd4549,[],0.0,esp_012971_2015,['val'],1.0,Counter({'val': 1}),val,44f19f6daa37be2b,True,hirise_clean,0,C:\Users\deves\OneDrive\Desktop\Projects\TCMD-SS\data\raw\hirise_v3_2\map-proj-v3_2\ESP_012971_2015_RED-0135.jpg
map-proj-v3_2/ESP_012971_2015_RED-0139.jpg,ok,,JPEG,227.0,227.0,L,1.0,1.0,normal,slope streak,val,esp_012971_2015_red-0139,[],7dafd128c243e627df3703bd16903d4e71e38fb46cedfe4cea0df72690da15b5,e6ce5403b44153605b46a1674643b15dbb34f2a098c1d1c01d9ff8a0e4ddff68,8f0f0d31320cdd7b,210.36827805701645,13.465022857829124,2884fa872fa95fd2,[],3.0,esp_012971_2015,['val'],1.0,Counter({'val': 1}),val,44f19f6daa37be2b,True,hirise_clean,0,C:\Users\deves\OneDrive\Desktop\Projects\TCMD-SS\data\raw\hirise_v3_2\map-proj-v3_2\ESP_012971_2015_RED-0139.jpg
map-proj-v3_2/ESP_012971_2015_RED-0145.jpg,ok,,JPEG,227.0,227.0,L,1.0,1.0,normal,other,val,esp_012971_2015_red-0145,[],f4246196f917efdf0c2dcd22b08eb7261a9c55098111268d827febc53c6b2545,588676a6f5f6faebe8b0cfeb7946dd10686cc9533556293ff2b9483669cdd164,e321b49ee5f51119,204.9567428050224,13.6076881992174,41070074577dea2d,[],0.0,esp_012971_2015,['val'],1.0,Counter({'val': 1}),val,44f19f6daa37be2b,True,hirise_clean,0,C:\Users\deves\OneDrive\Desktop\Projects\TCMD-SS\data\raw\hirise_v3_2\map-proj-v3_2\ESP_012971_2015_RED-0145.jpg
map-proj-v3_2/ESP_012971_2015_RED-0148.jpg,ok,,JPEG,227.0,227.0,L,1.0,1.0,normal,slope streak,val,esp_012971_2015_red-0148,[],d6f65f440f1fb89a949d06921bf51e21bf619ed63b0f2479eec2e15df4e77332,fb27d7d60cd00b528be6b9da71674b57773ab05c53fa9d563044e69860867fae,81bf9c9e27588c96,198.91358264278367,21.198232476585197,f415939265c9b25b,[],3.0,esp_012971_2015,['val'],1.0,Counter({'val': 1}),val,44f19f6daa37be2b,True,hirise_clean,0,C:\Users\deves\OneDrive\Desktop\Projects\TCMD-SS\data\raw\hirise_v3_2\map-proj-v3_2\ESP_012971_2015_RED-0148.jpg
map-proj-v3_2/ESP_012971_2015_RED-0149.jpg,ok,,JPEG,227.0,227.0,L,1.0,1.0,normal,other,val,esp_012971_2015_red-0149,[],4e59e66b191bebb6978972030c23941fde02483322caed67d43dae4b6893c174,179ab6f0e18b5aafb999fc57655b51b2db3b5cae837261c29f0d8d29bba02d78,d50c780fcd6433d9,151.07846067263094,14.678913704670387,0357b6f306bce19c,[],0.0,esp_012971_2015,['val'],1.0,Counter({'val': 1}),val,44f19f6daa37be2b,True,hirise_clean,0,C:\Users\deves\OneDrive\Desktop\Projects\TCMD-SS\data\raw\hirise_v3_2\map-proj-v3_2\ESP_012971_2015_RED-0149.jpg
map-proj-v3_2/ESP_012971_2015_RED-0154.jpg,ok,,JPEG,227.0,227.0,L,1.0,1.0,normal,slope streak,val,esp_012971_2015_red-0154,[],2ee0304b906108fec473d2cfcc8b4fe4dbd458739b9b019529e26f69fb4311bb,8a8f7212ecd74253125931405197c90a9676ccc8c76274d8d4b56043ac13b813,a19340976a927bbb,195.84102156067456,23.817582885948056,cbadebe1470b1c9d,[],3.0,esp_012971_2015,['val'],1.0,Counter({'val': 1}),val,44f19f6daa37be2b,True,hirise_clean,0,C:\Users\deves\OneDrive\Desktop\Projects\TCMD-SS\data\raw\hirise_v3_2\map-proj-v3_2\ESP_012971_2015_RED-0154.jpg
map-proj-v3_2/ESP_012971_2015_RED-0157.jpg,ok,,JPEG,227.0,227.0,L,1.0,1.0,normal,other,val,esp_012971_2015_red-0157,[],0f6c679eaad75e4979016f8bfb460ccd6567520a54ea07cb0a79ebad48476ba5,7bd983979867d8e21f179687bb2a22dc7c991a5ed4aed3dc0e24d5f6ff7a53d8,da399b0d663194f1,133.3323177240001,14.558562549557164,10204d943b37fc80,[],0.0,esp_012971_2015,['val'],1.0,Counter({'val': 1}),val,44f19f6daa37be2b,True,hirise_clean,0,C:\Users\deves\OneDrive\Desktop\Projects\TCMD-SS\data\raw\hirise_v3_2\map-proj-v3_2\ESP_012971_2015_RED-0157.jpg
map-proj-v3_2/ESP_012971_2015_RED-0168.jpg,ok,,JPEG,227.0,227.0,L,1.0,1.0,normal,other,val,esp_012971_2015_red-0168,[],d4873a8c68a6da3bc34a9e90f59aeedf25fd7aef78cc4d0d78bddb7ea1b89d57,509265adcee1540d02649d2637d22aaca98c5b837329743e77dc3aa928f139ae,f716d90d023f91d8,119.8210910361156,17.680057708404977,96b3efa6b7aa9609,[],0.0,esp_012971_2015,['val'],1.0,Counter({'val': 1}),val,44f19f6daa37be2b,True,hirise_clean,0,C:\Users\deves\OneDrive\Desktop\Projects\TCMD-SS\data\raw\hirise_v3_2\map-proj-v3_2\ESP_012971_2015_RED-0168.jpg
map-proj-v3_2/ESP_012971_2015_RED-0169.jpg,ok,,JPEG,227.0,227.0,L,1.0,1.0,normal,other,val,esp_012971_2015_red-0169,[],6da9187079b2702544980ba72dbc03dad6d368fb91f8d8b98031be2f4d5ab751,145efaef7e6c2a34c8a958d3e6b0d985162101ca3ce93c0730caffb6218ef97b,cf731c0ef2976109,164.48863746628112,30.43886197431464,91f38324dfb02418,[],0.0,esp_012971_2015,['val'],1.0,Counter({'val': 1}),val,44f19f6daa37be2b,True,hirise_clean,0,C:\Users\deves\OneDrive\Desktop\Projects\TCMD-SS\data\raw\hirise_v3_2\map-proj-v3_2\ESP_012971_2015_RED-0169.jpg
map-proj-v3_2/ESP_012971_2015_RED-0178.jpg,ok,,JPEG,227.0,227.0,L,1.0,1.0,normal,other,val,esp_012971_2015_red-0178,[],dc8061f0e929f522a584080bdfc7212ce00c42512ecb344c18f0e102b0f29fae,c22755463bcbdcb801193df036ce7f1520afabb317db38ed29e4ddb98b7fede3,cc1aa7792c16cc37,132.54738108637855,20.280542522249043,6f383be24d5a760a,[],0.0,esp_012971_2015,['val'],1.0,Counter({'val': 1}),val,44f19f6daa37be2b,True,hirise_clean,0,C:\Users\deves\OneDrive\Desktop\Projects\TCMD-SS\data\raw\hirise_v3_2\map-proj-v3_2\ESP_012971_2015_RED-0178.jpg
map-proj-v3_2/ESP_012971_2015_RED-0185.jpg,ok,,JPEG,227.0,227.0,L,1.0,1.0,normal,other,val,esp_012971_2015_red-0185,[],143f7621f97aafc89ff862c92048e0b3882b604739402985b78e0578a546c9ed,5fe981752dda0866de0018ca26c63a74fbef91fe7ce4701865f92550bbd90525,e620bd00f27afb0d,114.16128781850996,18.48773954165977,88304313a28a054c,[],0.0,esp_012971_2015,['val'],1.0,Counter({'val': 1}),val,44f19f6daa37be2b,True,hirise_clean,0,C:\Users\deves\OneDrive\Desktop\Projects\TCMD-SS\data\raw\hirise_v3_2\map-proj-v3_2\ESP_012971_2015_RED-0185.jpg
map-proj-v3_2/ESP_012971_2015_RED-0188.jpg,ok,,JPEG,227.0,227.0,L,1.0,1.0,normal,slope streak,val,esp_012971_2015_red-0188,[],c969416592ed919d703991db58681164d0a095edba0b0bbfa068ffee9848d0aa,14279da991801c1f386d72c1a3650bc051d809fffd231228d641b68518f897b8,96cac89c6a6bd931,160.6220380756467,19.993060379597196,aa7c5e9cb48ad9b2,[],3.0,esp_012971_2015,['val'],1.0,Counter({'val': 1}),val,44f19f6daa37be2b,True,hirise_clean,0,C:\Users\deves\OneDrive\Desktop\Projects\TCMD-SS\data\raw\hirise_v3_2\map-proj-v3_2\ESP_012971_2015_RED-0188.jpg
map-proj-v3_2/ESP_012971_2015_RED-0190.jpg,ok,,JPEG,227.0,227.0,L,1.0,1.0,normal,other,val,esp_012971_2015_red-0190,[],d606a006a1360b485987c35653896f961bbc2b0d3d7377cf9911c55310b8eaa9,689a9dd21a0b4d89a98ae9c573ac0baaa53928c209cb139eb20ee8b3e344a5e5,c07a3f8730dac9e4,102.73102524791864,13.42100110216281,613fcf4aea345a38,[],0.0,esp_012971_2015,['val'],1.0,Counter({'val': 1}),val,44f19f6daa37be2b,True,hirise_clean,0,C:\Users\deves\OneDrive\Desktop\Projects\TCMD-SS\data\raw\hirise_v3_2\map-proj-v3_2\ESP_012971_2015_RED-0190.jpg
map-proj-v3_2/ESP_012971_2015_RED-0195.jpg,ok,,JPEG,227.0,227.0,L,1.0,1.0,normal,slope streak,val,esp_012971_2015_red-0195,[],9936d48005320ea661d97571d1f8537b198b567be31061907b109a46daeb1135,814c0f31adf01a214b15d96e6af9179c5501e61f995b374b913354178984ad82,974866b53719b166,179.83277377787266,29.774006960010787,1810eb49e814d642,[],3.0,esp_012971_2015,['val'],1.0,Counter({'val': 1}),val,44f19f6daa37be2b,True,hirise_clean,0,C:\Users\deves\OneDrive\Desktop\Projects\TCMD-SS\data\raw\hirise_v3_2\map-proj-v3_2\ESP_012971_2015_RED-0195.jpg
map-proj-v3_2/ESP_012971_2015_RED-0198.jpg,ok,,JPEG,227.0,227.0,L,1.0,1.0,normal,other,val,esp_012971_2015_red-0198,[],b70e59336c46f21cd223bcc5d41ba6808dc0bf423b3a1a5b9f769fa4f58194bc,df8c5e9666137276872f7f5de3fd0d27f662b0c0f07312bfda51acac40929dc2,d826f793b885b298,117.53263211007392,14.319672693384485,6072ce1c76ae2bb6,[],0.0,esp_012971_2015,['val'],1.0,Counter({'val': 1}),val,44f19f6daa37be2b,True,hirise_clean,0,C:\Users\deves\OneDrive\Desktop\Projects\TCMD-SS\data\raw\hirise_v3_2\map-proj-v3_2\ESP_012971_2015_RED-0198.jpg
map-proj-v3_2/ESP_012971_2015_RED-0203.jpg,ok,,JPEG,227.0,227.0,L,1.0,1.0,normal,slope streak,val,esp_012971_2015_red-0203,[],9b4353b2025c2cb552ced005103a71fea27076f051d0d11d660b013c3c16b0dc,dceda97b778660f6e039bb162dd75f97acf6bddee3047e532ceaad283eea1347,856c2e33998d99ec,186.72271924547343,25.254103920802564,ea51f412d3cad165,[],3.0,esp_012971_2015,['val'],1.0,Counter({'val': 1}),val,44f19f6daa37be2b,True,hirise_clean,0,C:\Users\deves\OneDrive\Desktop\Projects\TCMD-SS\data\raw\hirise_v3_2\map-proj-v3_2\ESP_012971_2015_RED-0203.jpg
map-proj-v3_2/ESP_012971_2015_RED-0205.jpg,ok,,JPEG,227.0,227.0,L,1.0,1.0,normal,slope streak,val,esp_012971_2015_red-0205,[],496fab016e76a81f3fbd05004f408e3dde3bdbb97f109b781bd6269d2c2cbe23,a1f18d9cb5db9553603ea6387758feb698a9efc11004765c09854eca6ba4da61,c0cfe239b3397458,182.5492441149644,16.320194874976597,861ea1f5c1a07ae7,[],3.0,esp_012971_2015,['val'],1.0,Counter({'val': 1}),val,44f19f6daa37be2b,True,hirise_clean,0,C:\Users\deves\OneDrive\Desktop\Projects\TCMD-SS\data\raw\hirise_v3_2\map-proj-v3_2\ESP_012971_2015_RED-0205.jpg
map-proj-v3_2/ESP_012971_2015_RED-0208.jpg,ok,,JPEG,227.0,227.0,L,1.0,1.0,normal,slope streak,val,esp_012971_2015_red-0208,[],b8023ccdf49247005462dede84e672d38f7d12122ff82eb9b31331371415017c,e29ee71c4cd89f6bf9f5a43cfefbb8e2dbdf345d635c711b3cb4f8cd23663727,c4de788cc7325b4a,187.08156572027403,17.016769932946634,e71ae7ccc17b3a36,[],3.0,esp_012971_2015,['val'],1.0,Counter({'val': 1}),val,44f19f6daa37be2b,True,hirise_clean,0,C:\Users\deves\OneDrive\Desktop\Projects\TCMD-SS\data\raw\hirise_v3_2\map-proj-v3_2\ESP_012971_2015_RED-0208.jpg
map-proj-v3_2/ESP_012971_2015_RED-0209.jpg,ok,,JPEG,227.0,227.0,L,1.0,1.0,normal,other,val,esp_012971_2015_red-0209,[],48320c852d90f3d5ccc626d4f4a0b3f1e223a0b5d5b8972bc0dd6843b2b759e4,e873ce4c740316d77885d461441c5681ce52d173ce0dd48c447c94f311bd7c17,bd5e626925d06ae1,106.03477653360244,14.418607644093012,e5194f6129d98868,[],0.0,esp_012971_2015,['val'],1.0,Counter({'val': 1}),val,44f19f6daa37be2b,True,hirise_clean,0,C:\Users\deves\OneDrive\Desktop\Projects\TCMD-SS\data\raw\hirise_v3_2\map-proj-v3_2\ESP_012971_2015_RED-0209.jpg
map-proj-v3_2/ESP_012971_2015_RED-0211.jpg,ok,,JPEG,227.0,227.0,L,1.0,1.0,normal,other,val,esp_012971_2015_red-0211,[],5de0f39c9525dbe1f43dcc3f69b1312668336b4ddada64648c3387adcfebacdc,9beb33c906abf02cc69168e16c665067b0e72df8685a6a5c02a8bb856a5cd181,8896c321fcbe1b8b,110.04750722893904,13.231203795295617,8692da5cdfdfab68,[],0.0,esp_012971_2015,['val'],1.0,Counter({'val': 1}),val,44f19f6daa37be2b,True,hirise_clean,0,C:\Users\deves\OneDrive\Desktop\Projects\TCMD-SS\data\raw\hirise_v3_2\map-proj-v3_2\ESP_012971_2015_RED-0211.jpg
map-proj-v3_2/ESP_012971_2015_RED-0217.jpg,ok,,JPEG,227.0,227.0,L,1.0,1.0,normal,other,val,esp_012971_2015_red-0217,[],cf1c733028ea9eb447e93fcef2d560e7b2ff0d28b038bd6fa134672e39882945,f6ac2993a4bbfb9450b5b895cee1b4bed2625196ef9ecbbe20c54f318388884e,c5f532d8cd11dc07,162.81885928312212,20.549124424984203,ce2ee71cf5c2c24c,[],0.0,esp_012971_2015,['val'],1.0,Counter({'val': 1}),val,44f19f6daa37be2b,True,hirise_clean,0,C:\Users\deves\OneDrive\Desktop\Projects\TCMD-SS\data\raw\hirise_v3_2\map-proj-v3_2\ESP_012971_2015_RED-0217.jpg
map-proj-v3_2/ESP_012971_2015_RED-0220.jpg,ok,,JPEG,227.0,227.0,L,1.0,1.0,normal,other,val,esp_012971_2015_red-0220,[],ec3a0210e9d1acc15d009218a14aa6c8b7de5526950121392e34b180a00a520c,304e26c0f12df60c3f3c453381ea035f89943d98fd743ac6bf3b702d31a47300,ea4e47a1b433585e,107.06062605523104,12.444295803844849,a98a7eeebe723aee,[],0.0,esp_012971_2015,['val'],1.0,Counter({'val': 1}),val,44f19f6daa37be2b,True,hirise_clean,0,C:\Users\deves\OneDrive\Desktop\Projects\TCMD-SS\data\raw\hirise_v3_2\map-proj-v3_2\ESP_012971_2015_RED-0220.jpg
map-proj-v3_2/ESP_012971_2015_RED-0223.jpg,ok,,JPEG,227.0,227.0,L,1.0,1.0,normal,other,val,esp_012971_2015_red-0223,[],1af15370a0899a7c274efe2c6194b82dc976f117607e190e9668b54dd0b04c58,408b6dbe17858250ba6cf61b34c7da81dce27915ec34362e1fc04c2eaf1e43e9,da23b15acda6394c,105.79155427041084,11.99779398789452,01d68979afdb72e4,[],0.0,esp_012971_2015,['val'],1.0,Counter({'val': 1}),val,44f19f6daa37be2b,True,hirise_clean,0,C:\Users\deves\OneDrive\Desktop\Projects\TCMD-SS\data\raw\hirise_v3_2\map-proj-v3_2\ESP_012971_2015_RED-0223.jpg
map-proj-v3_2/ESP_012971_2015_RED-0225.jpg,ok,,JPEG,227.0,227.0,L,1.0,1.0,normal,other,val,esp_012971_2015_red-0225,[],74c4380ea6eb6fdc7bcf6bccfc35b9920b2d0093ea4f86acb88c4be54d938059,d3d8ea69ac7ff1d01d77978347c29474c3461b14493f7b7709858c24408dbf9c,fc3733180a3f4f50,77.87199441091424,14.196018444868864,f1e73cf4f71269ce,[],0.0,esp_012971_2015,['val'],1.0,Counter({'val': 1}),val,44f19f6daa37be2b,True,hirise_clean,0,C:\Users\deves\OneDrive\Desktop\Projects\TCMD-SS\data\raw\hirise_v3_2\map-proj-v3_2\ESP_012971_2015_RED-0225.jpg
map-proj-v3_2/ESP_012971_2015_RED-0226.jpg,ok,,JPEG,227.0,227.0,L,1.0,1.0,normal,other,val,esp_012971_2015_red-0226,[],54efba220cf7cdb8ae3f45961ff51cecf76b015ae7e799e45ac99932f8c106d4,f71944b8bee5310bae38d69037e648199798672cc09c899028b73ba3acbdd8ab,fd83d1cee026a15c,97.767490151177,14.19238139154887,9a9fa40b7d8a6fb3,[],0.0,esp_012971_2015,['val'],1.0,Counter({'val': 1}),val,44f19f6daa37be2b,True,hirise_clean,0,C:\Users\deves\OneDrive\Desktop\Projects\TCMD-SS\data\raw\hirise_v3_2\map-proj-v3_2\ESP_012971_2015_RED-0226.jpg
map-proj-v3_2/ESP_012971_2015_RED-0228.jpg,ok,,JPEG,227.0,227.0,L,1.0,1.0,normal,slope streak,val,esp_012971_2015_red-0228,[],982ee97638cb50a94f74521511fa31e046b51ef6d8cd28fd634ed45bdf188599,3582fe55d5d7d4cf43d1c4544f8aaaedf9494bd78270c57b68dee3e8989b8d12,89c565999b992537,174.16941916202526,28.64194781596081,15e3e93920d681b7,[],3.0,esp_012971_2015,['val'],1.0,Counter({'val': 1}),val,44f19f6daa37be2b,True,hirise_clean,0,C:\Users\deves\OneDrive\Desktop\Projects\TCMD-SS\data\raw\hirise_v3_2\map-proj-v3_2\ESP_012971_2015_RED-0228.jpg
map-proj-v3_2/ESP_012971_2015_RED-0229.jpg,ok,,JPEG,227.0,227.0,L,1.0,1.0,normal,other,val,esp_012971_2015_red-0229,[],74556ed79dfac473492e9e1d291bef442eb5c8c78716017cd9390066910d1e42,ec9b9b9d83ed1da1f8884a97273c156f0f0404a5768875bee09da1507b4a8430,b73a8d8f6421b15c,102.3882279881232,12.666011465251454,2a12a4cd8b10c070,[],0.0,esp_012971_2015,['val'],1.0,Counter({'val': 1}),val,44f19f6daa37be2b,True,hirise_clean,0,C:\Users\deves\OneDrive\Desktop\Projects\TCMD-SS\data\raw\hirise_v3_2\map-proj-v3_2\ESP_012971_2015_RED-0229.jpg
map-proj-v3_2/ESP_012971_2015_RED-0230.jpg,ok,,JPEG,227.0,227.0,L,1.0,1.0,normal,other,val,esp_012971_2015_red-0230,[],5b23e8faae0bd6c0b159dc4657287295def872f5c8b1953e0af26c5a93e9a5b5,bfbc79f7c908cd34cfe60dab09829dc0b251d795777eefa7e9f0bc06ab67c512,bdbcb39a05923b09,99.95590832346834,14.828401808629232,af312d22937e3475,[],0.0,esp_012971_2015,['val'],1.0,Counter({'val': 1}),val,44f19f6daa37be2b,True,hirise_clean,0,C:\Users\deves\OneDrive\Desktop\Projects\TCMD-SS\data\raw\hirise_v3_2\map-proj-v3_2\ESP_012971_2015_RED-0230.jpg
map-proj-v3_2/ESP_012971_2015_RED-0234.jpg,ok,,JPEG,227.0,227.0,L,1.0,1.0,normal,other,val,esp_012971_2015_red-0234,[],4e4031804347fcb260674d52c3a170b76bab0fb7e1827a45f2eb57fe4ec1210f,1d69a66b8eada70874c0ea7e0dea12597cff888d12454acca6d50b3b6813920b,917c66130d6ae6f1,205.92596402026044,10.8230476302088,da8815c194c39074,[],0.0,esp_012971_2015,['val'],1.0,Counter({'val': 1}),val,44f19f6daa37be2b,True,hirise_clean,0,C:\Users\deves\OneDrive\Desktop\Projects\TCMD-SS\data\raw\hirise_v3_2\map-proj-v3_2\ESP_012971_2015_RED-0234.jpg
map-proj-v3_2/ESP_012971_2015_RED-0235.jpg,ok,,JPEG,227.0,227.0,L,1.0,1.0,normal,slope streak,val,esp_012971_2015_red-0235,[],cb7576e124ad99faf3437a6998eeb6d803f7d9184d1ae98c25ebe0899269b4c6,4a5eb8081e3f295e4e3054bc5f0f291a261453a4405ed5a55b62f5b556daec9e,aa450a2034dcfeef,199.8384016767257,13.59514430753461,58ffb71c33b8fdaf,[],3.0,esp_012971_2015,['val'],1.0,Counter({'val': 1}),val,44f19f6daa37be2b,True,hirise_clean,0,C:\Users\deves\OneDrive\Desktop\Projects\TCMD-SS\data\raw\hirise_v3_2\map-proj-v3_2\ESP_012971_2015_RED-0235.jpg
map-proj-v3_2/ESP_012971_2015_RED-0237.jpg,ok,,JPEG,227.0,227.0,L,1.0,1.0,normal,other,val,esp_012971_2015_red-0237,[],83d2e4f9e9698d0a87e7b96c12abb0188f60fde22682ef5f404f034fdb52755c,140a71be02283c38afd0112ee8079231f3550dad71c263cdfbc163166571d45b,f038d87c761b8d64,131.99109239457394,17.00120882022606,adcaf4ec91dd8391,[],0.0,esp_012971_2015,['val'],1.0,Counter({'val': 1}),val,44f19f6daa37be2b,True,hirise_clean,0,C:\Users\deves\OneDrive\Desktop\Projects\TCMD-SS\data\raw\hirise_v3_2\map-proj-v3_2\ESP_012971_2015_RED-0237.jpg
map-proj-v3_2/ESP_012971_2015_RED-0238.jpg,ok,,JPEG,227.0,227.0,L,1.0,1.0,normal,slope streak,val,esp_012971_2015_red-0238,[],f7559d314f467652047f3bfee4f0192ce1073c07e6f71868fd8fa38542fbb117,d3665805665ff92b72da3711c39a2e38553ab03dbeeb6f63d34d137be639d3bd,984d64b5b25a2dd5,162.07807254167557,26.58112359878072,a44f1a200a7736b1,[],3.0,esp_012971_2015,['val'],1.0,Counter({'val': 1}),val,44f19f6daa37be2b,True,hirise_clean,0,C:\Users\deves\OneDrive\Desktop\Projects\TCMD-SS\data\raw\hirise_v3_2\map-proj-v3_2\ESP_012971_2015_RED-0238.jpg
map-proj-v3_2/ESP_012971_2015_RED-0239.jpg,ok,,JPEG,227.0,227.0,L,1.0,1.0,normal,other,val,esp_012971_2015_red-0239,[],a6d57d163e29d7091c53aed0b15f3f7dae1ea203aa37ebdc118f759547a7cec4,2d9f46f988ee4ba80e14184fa060fddc8268730e7e990e6587e630118230391e,d51a9b88e83f984e,30.877525277028468,18.01812847967018,72390db17896574a,[],0.0,esp_012971_2015,['val'],1.0,Counter({'val': 1}),val,44f19f6daa37be2b,True,hirise_clean,0,C:\Users\deves\OneDrive\Desktop\Projects\TCMD-SS\data\raw\hirise_v3_2\map-proj-v3_2\ESP_012971_2015_RED-0239.jpg
map-proj-v3_2/ESP_012971_2015_RED-0240.jpg,ok,,JPEG,227.0,227.0,L,1.0,1.0,normal,other,val,esp_012971_2015_red-0240,[],f5ee87250dd7cbb05bf1abf2a4ac3406170760def7d13ee4f39732245b2bffcf,c2ccf6301f5eeca3742731d3bfc97c26b325391d6e4ded7603a8a769f91dec99,c57e31dc0be19a58,156.17093287275128,39.8953672405406,4d3b38999ee375a7,[],0.0,esp_012971_2015,['val'],1.0,Counter({'val': 1}),val,44f19f6daa37be2b,True,hirise_clean,0,C:\Users\deves\OneDrive\Desktop\Projects\TCMD-SS\data\raw\hirise_v3_2\map-proj-v3_2\ESP_012971_2015_RED-0240.jpg
map-proj-v3_2/ESP_012971_2015_RED-0257.jpg,ok,,JPEG,227.0,227.0,L,1.0,1.0,normal,other,val,esp_012971_2015_red-0257,[],85d73c71b81a05e6ed8981bf3dafb2c7cda53afca72bf1d467d0869d7109f358,f7ebf8ae97f8eaa06df362302c321994e58f07389919b8270ea1b10e4a83013d,a2daebe565349198,69.25131479361137,12.327582432187675,53675e6303c856f9,[],0.0,esp_012971_2015,['val'],1.0,Counter({'val': 1}),val,44f19f6daa37be2b,True,hirise_clean,0,C:\Users\deves\OneDrive\Desktop\Projects\TCMD-SS\data\raw\hirise_v3_2\map-proj-v3_2\ESP_012971_2015_RED-0257.jpg
map-proj-v3_2/ESP_012971_2015_RED-0261.jpg,ok,,JPEG,227.0,227.0,L,1.0,1.0,normal,other,val,esp_012971_2015_red-0261,[],b8082192b01b21c9f266132bda27da3efc27451b3a6ec2410029a1cf5875c838,be8cd24e19a75720265b8d87f7f9bfd53d6de6d76bc949deea88c09c036c5321,fb6c34b731180e33,95.72727978419918,21.69900534817093,26958e1622cf7532,[],0.0,esp_012971_2015,['val'],1.0,Counter({'val': 1}),val,44f19f6daa37be2b,True,hirise_clean,0,C:\Users\deves\OneDrive\Desktop\Projects\TCMD-SS\data\raw\hirise_v3_2\map-proj-v3_2\ESP_012971_2015_RED-0261.jpg
map-proj-v3_2/ESP_012971_2015_RED-0263.jpg,ok,,JPEG,227.0,227.0,L,1.0,1.0,normal,other,val,esp_012971_2015_red-0263,[],077e85c350cbcb1a807da62ef4786bd367a781ddd220723494a711d3ad81db7b,7c6495c403a0992278f3b95a14e6d0681196d9cd31b58d90110e6724d10b883b,a7db02d3d92c07e1,70.88268741873509,13.397323805486929,169d3c7b3020d684,[],0.0,esp_012971_2015,['val'],1.0,Counter({'val': 1}),val,44f19f6daa37be2b,True,hirise_clean,0,C:\Users\deves\OneDrive\Desktop\Projects\TCMD-SS\data\raw\hirise_v3_2\map-proj-v3_2\ESP_012971_2015_RED-0263.jpg
map-proj-v3_2/ESP_012971_2015_RED-0266.jpg,ok,,JPEG,227.0,227.0,L,1.0,1.0,normal,slope streak,val,esp_012971_2015_red-0266,[],66e5f7f3ffa6ad97f0be4bce04e50ef3ed290e03c35677e7b807764801ed8f09,d3c69f6b4bca46f1d1675a3358974ca575b147f03eef504e3a71e90332952b06,80c8cbbd3a4adb95,157.96729996700887,19.18466540251522,48452f60e8087a70,[],3.0,esp_012971_2015,['val'],1.0,Counter({'val': 1}),val,44f19f6daa37be2b,True,hirise_clean,0,C:\Users\deves\OneDrive\Desktop\Projects\TCMD-SS\data\raw\hirise_v3_2\map-proj-v3_2\ESP_012971_2015_RED-0266.jpg
map-proj-v3_2/ESP_012971_2015_RED-0271.jpg,ok,,JPEG,227.0,227.0,L,1.0,1.0,normal,other,val,esp_012971_2015_red-0271,[],3c68807e6fb5f016dab362e8d471d211851d3fa2fb6b6557b8280cf416789fc3,c1ccaadb3b71984419b637ade68de9660f3fdffcdd2dbafe60d82978cb315159,e43b99d7fe02421a,80.83748956898057,15.61631890079686,39ea0a255b46b674,[],0.0,esp_012971_2015,['val'],1.0,Counter({'val': 1}),val,44f19f6daa37be2b,True,hirise_clean,0,C:\Users\deves\OneDrive\Desktop\Projects\TCMD-SS\data\raw\hirise_v3_2\map-proj-v3_2\ESP_012971_2015_RED-0271.jpg
map-proj-v3_2/ESP_012971_2015_RED-0272.jpg,ok,,JPEG,227.0,227.0,L,1.0,1.0,normal,other,val,esp_012971_2015_red-0272,[],5517c1721a2206a1af9ea9747b68a15d3402bf67d8d46c525c65b700d59f67d8,c9dbc63f92026419f5ef998c33472992452ac5dae2eae10f3749434d934b34c3,c36c2bf9ce640a65,92.24248481437635,15.60291550677626,cd5564d9d7ed6cfc,[],0.0,esp_012971_2015,['val'],1.0,Counter({'val': 1}),val,44f19f6daa37be2b,True,hirise_clean,0,C:\Users\deves\OneDrive\Desktop\Projects\TCMD-SS\data\raw\hirise_v3_2\map-proj-v3_2\ESP_012971_2015_RED-0272.jpg
map-proj-v3_2/ESP_012971_2015_RED-0275.jpg,ok,,JPEG,227.0,227.0,L,1.0,1.0,normal,other,val,esp_012971_2015_red-0275,[],4cb65681dc107621c79d45c2c56f73f939a5f141be443d9188f213476f856484,a898309e2bbfb3e796056ae9e03d5181aacb25c25bd0ed33fb8f7d5c28403f09,a5919c87d3c8cc67,70.80977701876613,13.713628392443766,5c8d360b718f68ef,[],0.0,esp_012971_2015,['val'],1.0,Counter({'val': 1}),val,44f19f6daa37be2b,True,hirise_clean,0,C:\Users\deves\OneDrive\Desktop\Projects\TCMD-SS\data\raw\hirise_v3_2\map-proj-v3_2\ESP_012971_2015_RED-0275.jpg
map-proj-v3_2/ESP_012971_2015_RED-0277.jpg,ok,,JPEG,227.0,227.0,L,1.0,1.0,normal,other,val,esp_012971_2015_red-0277,[],75ccb4217e3aab21623815f66d7828355b8094e673e74afb256bba4d10506d9a,a75e9dfdf7bb30f2c9d25d6f0a43a5f0122a54a67a6c3869bd81fd81fa500e64,eb7c34804c2673ed,106.13753420404043,14.976591213156816,9334f6648ef93a63,[],0.0,esp_012971_2015,['val'],1.0,Counter({'val': 1}),val,44f19f6daa37be2b,True,hirise_clean,0,C:\Users\deves\OneDrive\Desktop\Projects\TCMD-SS\data\raw\hirise_v3_2\map-proj-v3_2\ESP_012971_2015_RED-0277.jpg
map-proj-v3_2/ESP_012971_2015_RED-0279.jpg,ok,,JPEG,227.0,227.0,L,1.0,1.0,normal,other,val,esp_012971_2015_red-0279,[],be9ed6a55295910caf9a0af17c74757495a709dbb47fc0bfc4d2c0ff8e28f020,e4b3f2508bdbdca4eb75b281b3b205eb966e7316ddb4a2338fce9d10be99db1b,a984b29cce27e3e1,49.505016592598345,13.803986340018104,6c0300a53f057bc1,[],0.0,esp_012971_2015,['val'],1.0,Counter({'val': 1}),val,44f19f6daa37be2b,True,hirise_clean,0,C:\Users\deves\OneDrive\Desktop\Projects\TCMD-SS\data\raw\hirise_v3_2\map-proj-v3_2\ESP_012971_2015_RED-0279.jpg
map-proj-v3_2/ESP_012971_2015_RED-0281.jpg,ok,,JPEG,227.0,227.0,L,1.0,1.0,normal,other,val,esp_012971_2015_red-0281,[],d72f8a6fa4475b4dce21b88a6a9744406c9d5169b80ced3d857480cb41e7d4f8,79f1b4672cb95dae1cab6fad290ffdca04b207be2569bc6f29db3f3f62e03318,cdc476233d52390f,74.46905625958199,15.204883250105578,87411de66b498ce1,[],0.0,esp_012971_2015,['val'],1.0,Counter({'val': 1}),val,44f19f6daa37be2b,True,hirise_clean,0,C:\Users\deves\OneDrive\Desktop\Projects\TCMD-SS\data\raw\hirise_v3_2\map-proj-v3_2\ESP_012971_2015_RED-0281.jpg
map-proj-v3_2/ESP_012971_2015_RED-0285.jpg,ok,,JPEG,227.0,227.0,L,1.0,1.0,normal,other,val,esp_012971_2015_red-0285,[],1a6204deb82a7ca062ec76629b4013cb599faf1cb0076127b99f7983b752262b,ebaf65ecc62b449355801c030099a63b39f7924f532eca0f4facc8e2ab8e7d0f,ef36931cd2da882c,62.256787440082284,16.228068117136775,06c35d8e426c6f27,[],0.0,esp_012971_2015,['val'],1.0,Counter({'val': 1}),val,44f19f6daa37be2b,True,hirise_clean,0,C:\Users\deves\OneDrive\Desktop\Projects\TCMD-SS\data\raw\hirise_v3_2\map-proj-v3_2\ESP_012971_2015_RED-0285.jpg
map-proj-v3_2/ESP_012971_2015_RED-0288.jpg,ok,,JPEG,227.0,227.0,L,1.0,1.0,normal,other,val,esp_012971_2015_red-0288,[],c4fbcf21b1a882aedbce8e039f03de9cbcaf7f7c7693d5010d7c682b4248f0d2,abb4b53076c74d7bbcad880a7bf68cf12177aab9d3441f89c7d2ce3b7777a2c4,ca68ae8d4482ec7f,69.51155659919657,14.9994452005566,68e591d448b689b3,[],0.0,esp_012971_2015,['val'],1.0,Counter({'val': 1}),val,44f19f6daa37be2b,True,hirise_clean,0,C:\Users\deves\OneDrive\Desktop\Projects\TCMD-SS\data\raw\hirise_v3_2\map-proj-v3_2\ESP_012971_2015_RED-0288.jpg
map-proj-v3_2/ESP_012971_2015_RED-0291.jpg,ok,,JPEG,227.0,227.0,L,1.0,1.0,normal,other,val,esp_012971_2015_red-0291,[],14e0a19f1b7209f0a12f3b330ef3288ab1d260bc590db20ad6b532f31c8ee64a,f4226582ffb3bfb14146a2553461a69fdf0dc7e73477fa5b002bbad07e60cce1,d6daf95c4cc281c6,65.15971588814065,31.750878012126687,fa65b14c82118d28,[],0.0,esp_012971_2015,['val'],1.0,Counter({'val': 1}),val,44f19f6daa37be2b,True,hirise_clean,0,C:\Users\deves\OneDrive\Desktop\Projects\TCMD-SS\data\raw\hirise_v3_2\map-proj-v3_2\ESP_012971_2015_RED-0291.jpg
map-proj-v3_2/ESP_012971_2015_RED-0295.jpg,ok,,JPEG,227.0,227.0,L,1.0,1.0,normal,other,val,esp_012971_2015_red-0295,[],1ebf7afad4c7fd540c01b4ddc292ee630944bd2b6ce480c1824ad45aa2958e94,68c6413787a90226bb7b6ebb65bd6095c2ed0f01ea3ecd38844f875bf6fa7f12,8bc1f24b69bc3652,68.88222166158862,14.116250647609606,9b78f0df605f9cd6,[],0.0,esp_012971_2015,['val'],1.0,Counter({'val': 1}),val,44f19f6daa37be2b,True,hirise_clean,0,C:\Users\deves\OneDrive\Desktop\Projects\TCMD-SS\data\raw\hirise_v3_2\map-proj-v3_2\ESP_012971_2015_RED-0295.jpg
map-proj-v3_2/ESP_012971_2015_RED-0296.jpg,ok,,JPEG,227.0,227.0,L,1.0,1.0,normal,other,val,esp_012971_2015_red-0296,[],6ddbbc4674874bf576380a71a39a178f694dee514fea75ac386089ccd287da5d,1ab7c0e1a8b8fcdfb71a8f55a9dad29304a98c0a6eeb4f0265403a6115fd6139,ac7417df0e17c846,190.94814570436063,11.598078597093831,5ca7dd081e147fff,[],0.0,esp_012971_2015,['val'],1.0,Counter({'val': 1}),val,44f19f6daa37be2b,True,hirise_clean,0,C:\Users\deves\OneDrive\Desktop\Projects\TCMD-SS\data\raw\hirise_v3_2\map-proj-v3_2\ESP_012971_2015_RED-0296.jpg
map-proj-v3_2/ESP_012971_2015_RED-0305.jpg,ok,,JPEG,227.0,227.0,L,1.0,1.0,normal,other,val,esp_012971_2015_red-0305,[],d7a5e7a77b7874d53e3b9e08f553f3fbd9041ffe3ff5f49ca3d14ea2ce373861,f26b4515f653eb8d845abb03094f67e6270b5de3365771c619b1bffb717f3d58,c42633c3e96dd456,115.93900522036137,17.70733617400523,585a80e959c66cbe,[],0.0,esp_012971_2015,['val'],1.0,Counter({'val': 1}),val,44f19f6daa37be2b,True,hirise_clean,0,C:\Users\deves\OneDrive\Desktop\Projects\TCMD-SS\data\raw\hirise_v3_2\map-proj-v3_2\ESP_012971_2015_RED-0305.jpg
map-proj-v3_2/ESP_012971_2015_RED-0309.jpg,ok,,JPEG,227.0,227.0,L,1.0,1.0,normal,slope streak,val,esp_012971_2015_red-0309,[],405985d7d08e26eeac6d57646133e98b348b9d9e2f201e52a4c8b27c8d2e79bd,7de112242438844f30a72215b74cc696ba560d7b7ca0487425a4e66482386b01,8f85509a6b9d9365,156.0975955287314,25.25171161087067,da8c31162c4318ca,[],3.0,esp_012971_2015,['val'],1.0,Counter({'val': 1}),val,44f19f6daa37be2b,True,hirise_clean,0,C:\Users\deves\OneDrive\Desktop\Projects\TCMD-SS\data\raw\hirise_v3_2\map-proj-v3_2\ESP_012971_2015_RED-0309.jpg
map-proj-v3_2/ESP_012971_2015_RED-0311.jpg,ok,,JPEG,227.0,227.0,L,1.0,1.0,normal,other,val,esp_012971_2015_red-0311,[],7579ef3e9d525ee1ab832b48aa43809294dc3cf48cd957a25be1324307f4c3b4,586e6974014fc3eb6f6b01f70ff920137c3da51464f44062a34b4009676cb38a,f9694c2aa9cc7436,93.87090764423915,12.964427104723503,425437571e170b1b,[],0.0,esp_012971_2015,['val'],1.0,Counter({'val': 1}),val,44f19f6daa37be2b,True,hirise_clean,0,C:\Users\deves\OneDrive\Desktop\Projects\TCMD-SS\data\raw\hirise_v3_2\map-proj-v3_2\ESP_012971_2015_RED-0311.jpg
map-proj-v3_2/ESP_012971_2015_RED-0313.jpg,ok,,JPEG,227.0,227.0,L,1.0,1.0,normal,other,val,esp_012971_2015_red-0313,[],42d145cec48cffe1271f4e880e18c90e09369e91a978cd2172b76f73b3628abb,d84f66d9ed69aa367ee4177d6802a121560ff756557b468b83112635ab826042,da4e259cee2703c9,86.99014147373323,14.717629176833798,3a08835150c90ed9,[],0.0,esp_012971_2015,['val'],1.0,Counter({'val': 1}),val,44f19f6daa37be2b,True,hirise_clean,0,C:\Users\deves\OneDrive\Desktop\Projects\TCMD-SS\data\raw\hirise_v3_2\map-proj-v3_2\ESP_012971_2015_RED-0313.jpg
map-proj-v3_2/ESP_012971_2015_RED-0316.jpg,ok,,JPEG,227.0,227.0,L,1.0,1.0,normal,other,val,esp_012971_2015_red-0316,[],5fb0d1e1d27e7b473e1258e83e7b6c3eabd5d0ddb5266b00f35dc6a2ccadef9b,88919a5848357000271e5c555238df09b623a984b84168f871acb6486d816131,dee0389d12915e6b,69.73927303072057,14.469368124745255,efd9fb4c2ff45b37,[],0.0,esp_012971_2015,['val'],1.0,Counter({'val': 1}),val,44f19f6daa37be2b,True,hirise_clean,0,C:\Users\deves\OneDrive\Desktop\Projects\TCMD-SS\data\raw\hirise_v3_2\map-proj-v3_2\ESP_012971_2015_RED-0316.jpg
map-proj-v3_2/ESP_012971_2015_RED-0323.jpg,ok,,JPEG,227.0,227.0,L,1.0,1.0,normal,other,val,esp_012971_2015_red-0323,[],549de9d5f300f04017a6984cfe1d3a68f72c2cf10320f38ad4eab3540d31f741,13a06272ef5a65c2512be1205f28cc8fd6f6d83656c510dd31c91459d19b0a7d,cc27b29bccae9518,96.86997612994624,12.743229333554154,4fc64fbcf97c3bdf,[],0.0,esp_012971_2015,['val'],1.0,Counter({'val': 1}),val,44f19f6daa37be2b,True,hirise_clean,0,C:\Users\deves\OneDrive\Desktop\Projects\TCMD-SS\data\raw\hirise_v3_2\map-proj-v3_2\ESP_012971_2015_RED-0323.jpg
map-proj-v3_2/ESP_012971_2015_RED-0324.jpg,ok,,JPEG,227.0,227.0,L,1.0,1.0,normal,crater,val,esp_012971_2015_red-0324,[],740254d71b1ada5b6caa5bbfb9ed7bb8c75d737eb94fd7dcae8dd88b1348d46f,3284127f30de6a26e40bbfbe1df58150d8c005781630177827355ead1546c507,99da4ee1799c1643,80.01168274175707,13.038511207024762,64e17ce609fe9db1,[],1.0,esp_012971_2015,['val'],1.0,Counter({'val': 1}),val,44f19f6daa37be2b,True,hirise_clean,0,C:\Users\deves\OneDrive\Desktop\Projects\TCMD-SS\data\raw\hirise_v3_2\map-proj-v3_2\ESP_012971_2015_RED-0324.jpg
map-proj-v3_2/ESP_012971_2015_RED-0325.jpg,ok,,JPEG,227.0,227.0,L,1.0,1.0,normal,other,val,esp_012971_2015_red-0325,[],90fbcd8b90cece67e0d9ceeb01b544f842cc614d60bfb9fb5481b412926a8541,4e8f4d578a93a1239260057aed8b8ce80296bb4bc159dd7523a4e370fb9fcf3d,f631198ce47b6f02,75.15439849405189,12.467472168928726,568877feaaf05dda,[],0.0,esp_012971_2015,['val'],1.0,Counter({'val': 1}),val,44f19f6daa37be2b,True,hirise_clean,0,C:\Users\deves\OneDrive\Desktop\Projects\TCMD-SS\data\raw\hirise_v3_2\map-proj-v3_2\ESP_012971_2015_RED-0325.jpg
map-proj-v3_2/ESP_012971_2015_RED-0328.jpg,ok,,JPEG,227.0,227.0,L,1.0,1.0,normal,slope streak,val,esp_012971_2015_red-0328,[],a537e6856a0d2fd395d40da220b66a9c3c93f7d67cf089c4078fa85d3ec7e47a,cee911a7f4b247b2e43b7993dd0a217079230f75ed4489e16467cead916d6dd6,80d5cbc90d4fa567,167.1762696733878,22.83593107698097,d3f44c8ec0920226,[],3.0,esp_012971_2015,['val'],1.0,Counter({'val': 1}),val,44f19f6daa37be2b,True,hirise_clean,0,C:\Users\deves\OneDrive\Desktop\Projects\TCMD-SS\data\raw\hirise_v3_2\map-proj-v3_2\ESP_012971_2015_RED-0328.jpg
map-proj-v3_2/ESP_012971_2015_RED-0330.jpg,ok,,JPEG,227.0,227.0,L,1.0,1.0,normal,other,val,esp_012971_2015_red-0330,[],f6db2ea74c1340821bf42165ef6bdf8d0ff11a3ab99c561260f69ed1e728387e,677db8b0dd2eb4dfda365b5cdc953c891da18fba6f67782beec6d174fa7bed07,83f096d8be536c45,87.47134623221875,13.501563712568425,f34eacbdd3a10b41,[],0.0,esp_012971_2015,['val'],1.0,Counter({'val': 1}),val,44f19f6daa37be2b,True,hirise_clean,0,C:\Users\deves\OneDrive\Desktop\Projects\TCMD-SS\data\raw\hirise_v3_2\map-proj-v3_2\ESP_012971_2015_RED-0330.jpg
map-proj-v3_2/ESP_012971_2015_RED-0333.jpg,ok,,JPEG,227.0,227.0,L,1.0,1.0,normal,other,val,esp_012971_2015_red-0333,[],06d76d2ec0cad6f010fb25bd924db1d329723923ae256d02d6e789a6177241ae,b6610a4f0e2aead09ad08baecee232410c64b48d88ccbfa5d079e7f1642a621a,d5566a493e979948,85.41475673892371,27.777507737962758,09fdbfca858395c1,[],0.0,esp_012971_2015,['val'],1.0,Counter({'val': 1}),val,44f19f6daa37be2b,True,hirise_clean,0,C:\Users\deves\OneDrive\Desktop\Projects\TCMD-SS\data\raw\hirise_v3_2\map-proj-v3_2\ESP_012971_2015_RED-0333.jpg
map-proj-v3_2/ESP_012971_2015_RED-0336.jpg,ok,,JPEG,227.0,227.0,L,1.0,1.0,normal,slope streak,val,esp_012971_2015_red-0336,[],4cc1948a37822b2c2564883afea4da053cc2e9ed0e5dcc3ad6ebad85d12e39b5,4f7e3eddf752e1215c2eb05c1c33bde4e7435190ed31e037c3da507f7a87ae3a,80d750dd5d5262ee,155.48642511983545,35.28036400312236,3e3e0601055991b5,[],3.0,esp_012971_2015,['val'],1.0,Counter({'val': 1}),val,44f19f6daa37be2b,True,hirise_clean,0,C:\Users\deves\OneDrive\Desktop\Projects\TCMD-SS\data\raw\hirise_v3_2\map-proj-v3_2\ESP_012971_2015_RED-0336.jpg
map-proj-v3_2/ESP_012971_2015_RED-0337.jpg,ok,,JPEG,227.0,227.0,L,1.0,1.0,normal,other,val,esp_012971_2015_red-0337,[],ccf3de566b324d9241555c540687176cd87ac4d4edf42b04e110deb2aa510b4e,507b2a4e256641b71e34aeeb705e8ca2d4453e12cf3c06f36457484fc0d67cd5,dd0868b6db6931d8,94.48221389896952,15.792814497551973,cf523930ac69f7be,[],0.0,esp_012971_2015,['val'],1.0,Counter({'val': 1}),val,44f19f6daa37be2b,True,hirise_clean,0,C:\Users\deves\OneDrive\Desktop\Projects\TCMD-SS\data\raw\hirise_v3_2\map-proj-v3_2\ESP_012971_2015_RED-0337.jpg
map-proj-v3_2/ESP_012971_2015_RED-0342.jpg,ok,,JPEG,227.0,227.0,L,1.0,1.0,normal,other,val,esp_012971_2015_red-0342,[],85d0af9e69aea5dda200f2287b2daaf5d3e4ea5223bddcba41fa294f8571f422,62d0b11398725b6bae2b0cb40f1f849ab4b4b31b3be908356e932b5a57febd20,8e8749d3ad42756a,105.72830833123096,74.00946170216994,4df0966c25370c33,[],0.0,esp_012971_2015,['val'],1.0,Counter({'val': 1}),val,44f19f6daa37be2b,True,hirise_clean,0,C:\Users\deves\OneDrive\Desktop\Projects\TCMD-SS\data\raw\hirise_v3_2\map-proj-v3_2\ESP_012971_2015_RED-0342.jpg
map-proj-v3_2/ESP_012971_2015_RED-0346.jpg,ok,,JPEG,227.0,227.0,L,1.0,1.0,normal,other,val,esp_012971_2015_red-0346,[],90e9cf996aecb10eb19c6cf98a9447749d02d7fe86184c23b25c90fc852faabb,e4e734fb53601b57462791aae206fa2fc1e3066beb72e80a727fa6d60c8ff82a,ed3692f99c46914c,84.16353897805119,16.814983661679474,b0aea73d645d80e5,[],0.0,esp_012971_2015,['val'],1.0,Counter({'val': 1}),val,44f19f6daa37be2b,True,hirise_clean,0,C:\Users\deves\OneDrive\Desktop\Projects\TCMD-SS\data\raw\hirise_v3_2\map-proj-v3_2\ESP_012971_2015_RED-0346.jpg
map-proj-v3_2/ESP_012971_2015_RED-0349.jpg,ok,,JPEG,227.0,227.0,L,1.0,1.0,normal,other,val,esp_012971_2015_red-0349,[],0a6cb849928dd4d408843aa3d6d9b710b1b21106783b43509399f3f7bd8d0e47,f4fd77bcc8573529f2a294abc3cd2f52a5ce4b63d4db9a2e2800a1be020fa892,c562399c84d6cbe5,95.71258902753787,14.926776612710375,35a3c669e2629d2d,[],0.0,esp_012971_2015,['val'],1.0,Counter({'val': 1}),val,44f19f6daa37be2b,True,hirise_clean,0,C:\Users\deves\OneDrive\Desktop\Projects\TCMD-SS\data\raw\hirise_v3_2\map-proj-v3_2\ESP_012971_2015_RED-0349.jpg
map-proj-v3_2/ESP_012971_2015_RED-0350.jpg,ok,,JPEG,227.0,227.0,L,1.0,1.0,normal,other,val,esp_012971_2015_red-0350,[],651844baa3d2f27039900892bebc8edb6cbf01c53b3ac473b7774cbc0e5d9a7f,775426272f9e16ec96792a3ccd0a5405706dc845e9b25a080f8ebdece3b88b6a,807f01d4aeb71bd8,149.02511207281336,26.62957863659917,7af95f54c8b3e1e8,[],0.0,esp_012971_2015,['val'],1.0,Counter({'val': 1}),val,44f19f6daa37be2b,True,hirise_clean,0,C:\Users\deves\OneDrive\Desktop\Projects\TCMD-SS\data\raw\hirise_v3_2\map-proj-v3_2\ESP_012971_2015_RED-0350.jpg
map-proj-v3_2/ESP_012971_2015_RED-0353.jpg,ok,,JPEG,227.0,227.0,L,1.0,1.0,normal,other,val,esp_012971_2015_red-0353,[],eba388b0304e88cdaacf946c9d2eb0a5c90090ed18d5e87e8a71602a24e83312,fde67e92311f6baee7835c53de706031f5f236a8e4bb05b1dce4ee75afda20ab,a14e97c0af20deab,151.77542742921463,14.81324499932469,7b58e99595d33814,[],0.0,esp_012971_2015,['val'],1.0,Counter({'val': 1}),val,44f19f6daa37be2b,True,hirise_clean,0,C:\Users\deves\OneDrive\Desktop\Projects\TCMD-SS\data\raw\hirise_v3_2\map-proj-v3_2\ESP_012971_2015_RED-0353.jpg
map-proj-v3_2/ESP_012971_2015_RED-0354.jpg,ok,,JPEG,227.0,227.0,L,1.0,1.0,normal,crater,val,esp_012971_2015_red-0354,[],aefd042799ca23ed83dae2391e7c7a9152b4992c56650ee27bd3bdc0bab2823d,16a1421ca5da5f9985a9127c3c855c1a2f676823bce6bc452f813f61d1197cfe,f37f1c0632994c66,110.76234741601816,16.614333886201564,32a062bf842fa16b,[],1.0,esp_012971_2015,['val'],1.0,Counter({'val': 1}),val,44f19f6daa37be2b,True,hirise_clean,0,C:\Users\deves\OneDrive\Desktop\Projects\TCMD-SS\data\raw\hirise_v3_2\map-proj-v3_2\ESP_012971_2015_RED-0354.jpg
map-proj-v3_2/ESP_012971_2015_RED-0362.jpg,ok,,JPEG,227.0,227.0,L,1.0,1.0,normal,crater,val,esp_012971_2015_red-0362,[],a62b31ea3c4a15828b09cc8b68a984e0fc5c7e65a81e4f883ea4518aed66740e,b4a6c480ba871d49dcd83b525161fed73e6129476b0b164882cc5abf2de8e9d1,bb3d0d0f03d3c964,89.56498282520522,12.073635923403955,4fbc82267def36b3,[],1.0,esp_012971_2015,['val'],1.0,Counter({'val': 1}),val,44f19f6daa37be2b,True,hirise_clean,0,C:\Users\deves\OneDrive\Desktop\Projects\TCMD-SS\data\raw\hirise_v3_2\map-proj-v3_2\ESP_012971_2015_RED-0362.jpg
map-proj-v3_2/ESP_012971_2015_RED-0370.jpg,ok,,JPEG,227.0,227.0,L,1.0,1.0,normal,other,val,esp_012971_2015_red-0370,[],7fc8dce146e8e7e06c8f2251f9ad7575b3b465ba87bb192caa56a892766deac6,88302a5c15f30575c4dc2692be83d16c4c6c1536f2f6ba6cb5dd579499682367,ee32998dc472b994,91.65993906344,12.793133662288351,46ea5212a99e2b84,[],0.0,esp_012971_2015,['val'],1.0,Counter({'val': 1}),val,44f19f6daa37be2b,True,hirise_clean,0,C:\Users\deves\OneDrive\Desktop\Projects\TCMD-SS\data\raw\hirise_v3_2\map-proj-v3_2\ESP_012971_2015_RED-0370.jpg
map-proj-v3_2/ESP_012971_2015_RED-0374.jpg,ok,,JPEG,227.0,227.0,L,1.0,1.0,normal,other,val,esp_012971_2015_red-0374,[],bc9db7dbe05d4f7d1687a065bc1f1f87658ce1f639c59e5a13009c1dbcf1c967,42a2f1f18303644156eea467c5744bf67a6f2d1e3b97ce1faf3a48f57215bb6d,d91643fba8353619,107.46682450658852,13.689775539670974,a68a1aa05773943c,[],0.0,esp_012971_2015,['val'],1.0,Counter({'val': 1}),val,44f19f6daa37be2b,True,hirise_clean,0,C:\Users\deves\OneDrive\Desktop\Projects\TCMD-SS\data\raw\hirise_v3_2\map-proj-v3_2\ESP_012971_2015_RED-0374.jpg
map-proj-v3_2/ESP_012971_2015_RED-0381.jpg,ok,,JPEG,227.0,227.0,L,1.0,1.0,normal,other,val,esp_012971_2015_red-0381,[],f6106e69961bb361345195f36479c20991d754b1b8b8ea91f011728d19138d76,f4632cd094124aee2383ac6f20f97f1555b56a5cd8f196f0314956e96c00359d,d556e8770e84329b,57.019425954316986,22.38914725438352,3ef29bd565f96903,[],0.0,esp_012971_2015,['val'],1.0,Counter({'val': 1}),val,44f19f6daa37be2b,True,hirise_clean,0,C:\Users\deves\OneDrive\Desktop\Projects\TCMD-SS\data\raw\hirise_v3_2\map-proj-v3_2\ESP_012971_2015_RED-0381.jpg
map-proj-v3_2/ESP_012971_2015_RED-0383.jpg,ok,,JPEG,227.0,227.0,L,1.0,1.0,normal,other,val,esp_012971_2015_red-0383,[],0fdfa615b4947d109ad46bec4a9bb38d983633aa7f807de0f472e7cb16dd74b4,1c9baaefbab8281da5420e52e964d769b4da467662f06344c37c795365aef9ed,80784f3399ec369b,113.63240117215548,46.119369822632144,ac6da2f23293c1d7,[],0.0,esp_012971_2015,['val'],1.0,Counter({'val': 1}),val,44f19f6daa37be2b,True,hirise_clean,0,C:\Users\deves\OneDrive\Desktop\Projects\TCMD-SS\data\raw\hirise_v3_2\map-proj-v3_2\ESP_012971_2015_RED-0383.jpg
map-proj-v3_2/ESP_012971_2015_RED-0384.jpg,ok,,JPEG,227.0,227.0,L,1.0,1.0,normal,slope streak,val,esp_012971_2015_red-0384,[],ac79d642f445f29ffd6ef119cbe26a9e1a9fbc6c158e8ab890c09551da649f7d,2b274e234d8ab108fd6395adf96cb8eb0b980c3c9329f433eaec85cdaaa00b60,e7e07c73f98c2091,113.15447612024298,13.351989326443046,a5d98034d5942454,[],3.0,esp_012971_2015,['val'],1.0,Counter({'val': 1}),val,44f19f6daa37be2b,True,hirise_clean,0,C:\Users\deves\OneDrive\Desktop\Projects\TCMD-SS\data\raw\hirise_v3_2\map-proj-v3_2\ESP_012971_2015_RED-0384.jpg
map-proj-v3_2/ESP_012971_2015_RED-0385.jpg,ok,,JPEG,227.0,227.0,L,1.0,1.0,normal,other,val,esp_012971_2015_red-0385,[],8b45c4baf8080385b27d6b5c3af8c3f5a474b42d9c80f77c59fb5e60e294c02a,b2498f20cce9be4d2ae5a592658ef122e0a30b558da4b36fb6abae0aeecfa21e,d2693dc86d46fd04,47.11195637408061,28.606898088530123,3532e9ea24c11bf4,[],0.0,esp_012971_2015,['val'],1.0,Counter({'val': 1}),val,44f19f6daa37be2b,True,hirise_clean,0,C:\Users\deves\OneDrive\Desktop\Projects\TCMD-SS\data\raw\hirise_v3_2\map-proj-v3_2\ESP_012971_2015_RED-0385.jpg
map-proj-v3_2/ESP_012971_2015_RED-0387.jpg,ok,,JPEG,227.0,227.0,L,1.0,1.0,normal,other,val,esp_012971_2015_red-0387,[],22aa489c728e94982cd0753b245ea5ebdc2db4981af9c7ba0e09bd8586958529,7c5ae8b14d5bfd5ffc5456dca26356097eb67a91d956da8ae51da9b2bdc9c480,c2a4b09bc773798c,114.51497215160396,11.77821226708878,485bc552cf6ed962,[],0.0,esp_012971_2015,['val'],1.0,Counter({'val': 1}),val,44f19f6daa37be2b,True,hirise_clean,0,C:\Users\deves\OneDrive\Desktop\Projects\TCMD-SS\data\raw\hirise_v3_2\map-proj-v3_2\ESP_012971_2015_RED-0387.jpg
map-proj-v3_2/ESP_012971_2015_RED-0392.jpg,ok,,JPEG,227.0,227.0,L,1.0,1.0,normal,other,val,esp_012971_2015_red-0392,[],2efd4bba0cbb80bf6ff8aaf48d847f99fd04701743735d4074af6a73a2f8aa44,eeaf2eb8edc53e46cf8626dfa2ae522983a86465f76bf04686c3a8e8aa2e6b88,845a1fc8aca6b95d,102.9302722738652,11.500827042125026,abfee7195122d290,[],0.0,esp_012971_2015,['val'],1.0,Counter({'val': 1}),val,44f19f6daa37be2b,True,hirise_clean,0,C:\Users\deves\OneDrive\Desktop\Projects\TCMD-SS\data\raw\hirise_v3_2\map-proj-v3_2\ESP_012971_2015_RED-0392.jpg
map-proj-v3_2/ESP_012971_2015_RED-0393.jpg,ok,,JPEG,227.0,227.0,L,1.0,1.0,normal,crater,val,esp_012971_2015_red-0393,[],1361b1d8c13f367a1f37a9af876ecf139485b1ad6d26a480f458737a4f035f57,b1dd38efa899dec46f4b2c20eec0b78669943c76266a031c6eb30d2cb3a25665,e3e3faab308c1433,69.28449999029672,13.562235644460555,d4d8392addb8fff4,[],1.0,esp_012971_2015,['val'],1.0,Counter({'val': 1}),val,44f19f6daa37be2b,True,hirise_clean,0,C:\Users\deves\OneDrive\Desktop\Projects\TCMD-SS\data\raw\hirise_v3_2\map-proj-v3_2\ESP_012971_2015_RED-0393.jpg
map-proj-v3_2/ESP_012971_2015_RED-0403.jpg,ok,,JPEG,227.0,227.0,L,1.0,1.0,normal,other,val,esp_012971_2015_red-0403,[],b91a9cbc54e2149896adc6a1774cfc4be0ad058d81795b3a4332ff6ce4cc8988,620378de804346759c91ab0d2fec9ce24a2b77b8c28b099c26fd21571a2bf424,e10f8b613996d36a,106.11389702885754,13.504544886953049,59f8bc5d987b6542,[],0.0,esp_012971_2015,['val'],1.0,Counter({'val': 1}),val,44f19f6daa37be2b,True,hirise_clean,0,C:\Users\deves\OneDrive\Desktop\Projects\TCMD-SS\data\raw\hirise_v3_2\map-proj-v3_2\ESP_012971_2015_RED-0403.jpg
map-proj-v3_2/ESP_012971_2015_RED-0407.jpg,ok,,JPEG,227.0,227.0,L,1.0,1.0,normal,crater,val,esp_012971_2015_red-0407,[],a34c025c1c86d180d46e5900f4268cb68997db5cae704f55f8d317c4547b6569,9ddd26bafca4a247da7e4d8301441ef46715a88101096af6e7af02b12b8d58a2,a39aae6633998c27,110.90721729511536,19.42926928618294,6a55de5c5d222101,[],1.0,esp_012971_2015,['val'],1.0,Counter({'val': 1}),val,44f19f6daa37be2b,True,hirise_clean,0,C:\Users\deves\OneDrive\Desktop\Projects\TCMD-SS\data\raw\hirise_v3_2\map-proj-v3_2\ESP_012971_2015_RED-0407.jpg
map-proj-v3_2/ESP_012971_2015_RED-0408.jpg,ok,,JPEG,227.0,227.0,L,1.0,1.0,normal,crater,val,esp_012971_2015_red-0408,[],05a848c77a4d8c8dc98840767fee42076dd34e0054868ef67fbdd405f0ca0f2a,bfd7ef490efad4c3c60bf6ed08bdfda55bebc0ca9b664052588220de4f881ddd,d3c26e233399cd61,104.84102156067458,11.022115918025388,4b6fece3ebe6d3af,[],1.0,esp_012971_2015,['val'],1.0,Counter({'val': 1}),val,44f19f6daa37be2b,True,hirise_clean,0,C:\Users\deves\OneDrive\Desktop\Projects\TCMD-SS\data\raw\hirise_v3_2\map-proj-v3_2\ESP_012971_2015_RED-0408.jpg
map-proj-v3_2/ESP_012971_2015_RED-0414.jpg,ok,,JPEG,227.0,227.0,L,1.0,1.0,normal,other,val,esp_012971_2015_red-0414,[],788602d29bc80e4fecc7062fe74c52669e0c27acd6b9de1f0dc5ab2acca2260a,e07cfc22b8ff5b8923bc993bfec3215be4bc1224167a6c907d4ac18ddc6b81a3,c6e73343a0d279f0,114.226455005919,12.03042848542379,4e8f9f491b74e9f4,[],0.0,esp_012971_2015,['val'],1.0,Counter({'val': 1}),val,44f19f6daa37be2b,True,hirise_clean,0,C:\Users\deves\OneDrive\Desktop\Projects\TCMD-SS\data\raw\hirise_v3_2\map-proj-v3_2\ESP_012971_2015_RED-0414.jpg
map-proj-v3_2/ESP_012971_2015_RED-0416.jpg,ok,,JPEG,227.0,227.0,L,1.0,1.0,normal,crater,val,esp_012971_2015_red-0416,[],dacaccff9c47550d43777fea4afcec0e61d647df06c97bdeaa8a676e34e9f775,39baacd0180d2fcb5f85ca47957a02c8dfbd54c8cf0dc96e0c35fb25c3d25c1d,c72d6466338ce633,107.8159094878612,14.109363803331885,ace18c849aca9525,[],1.0,esp_012971_2015,['val'],1.0,Counter({'val': 1}),val,44f19f6daa37be2b,True,hirise_clean,0,C:\Users\deves\OneDrive\Desktop\Projects\TCMD-SS\data\raw\hirise_v3_2\map-proj-v3_2\ESP_012971_2015_RED-0416.jpg
map-proj-v3_2/ESP_012971_2015_RED-0417.jpg,ok,,JPEG,227.0,227.0,L,1.0,1.0,normal,crater,val,esp_012971_2015_red-0417,[],1774963a54ef9f5321bf799dc497bf4b7a3cf3fb9751243a5ad24b437a0ac5e0,9646111510fb9329ecf9b242fd130010f71bd448ff2264a47d13c207ca7337a4,a95c666799c8a437,108.32622406800054,10.976713228202712,99b619f7efc80684,[],1.0,esp_012971_2015,['val'],1.0,Counter({'val': 1}),val,44f19f6daa37be2b,True,hirise_clean,0,C:\Users\deves\OneDrive\Desktop\Projects\TCMD-SS\data\raw\hirise_v3_2\map-proj-v3_2\ESP_012971_2015_RED-0417.jpg
map-proj-v3_2/ESP_012971_2015_RED-0420.jpg,ok,,JPEG,227.0,227.0,L,1.0,1.0,normal,other,val,esp_012971_2015_red-0420,[],e09110b42ab20519d07d3d8c2aeb0f10201abed1340fb79d71df4ed38c9b87fc,babfc1ae7a67c88eb9fbe814790ad3eeffb368bfa6fbb0f7a7ce450e65471a80,a51cc37aa99c46f2,102.09819713171224,13.409605609744483,987671f65cb16738,[],0.0,esp_012971_2015,['val'],1.0,Counter({'val': 1}),val,44f19f6daa37be2b,True,hirise_clean,0,C:\Users\deves\OneDrive\Desktop\Projects\TCMD-SS\data\raw\hirise_v3_2\map-proj-v3_2\ESP_012971_2015_RED-0420.jpg
map-proj-v3_2/ESP_012971_2015_RED-0424.jpg,ok,,JPEG,227.0,227.0,L,1.0,1.0,normal,other,val,esp_012971_2015_red-0424,[],7ee3fe85c404c987ccc77bdb8d09493a1aa5067c0659f449f49dc4b7beeebc9a,b5a8efec4f59500bd9a41b3df41caac1e849d91f6530d7d0ef0aff00c3247b73,fc0ea79788729790,116.68006365347668,13.68587659508887,f14b505c02aeb34a,[],0.0,esp_012971_2015,['val'],1.0,Counter({'val': 1}),val,44f19f6daa37be2b,True,hirise_clean,0,C:\Users\deves\OneDrive\Desktop\Projects\TCMD-SS\data\raw\hirise_v3_2\map-proj-v3_2\ESP_012971_2015_RED-0424.jpg
map-proj-v3_2/ESP_012971_2015_RED-0425.jpg,ok,,JPEG,227.0,227.0,L,1.0,1.0,normal,other,val,esp_012971_2015_red-0425,[],001bcf73fb51e4a7a9e8ca4643afc8b320396a81969aef1103b71043e9a478b1,8a0bc0bb2887ba16fc687b2368667dccace5b26799b88bea8bee789ce78f98ab,c0793c9acf6524d6,124.86139843583226,16.113505401680996,7b20d9b21087b665,[],0.0,esp_012971_2015,['val'],1.0,Counter({'val': 1}),val,44f19f6daa37be2b,True,hirise_clean,0,C:\Users\deves\OneDrive\Desktop\Projects\TCMD-SS\data\raw\hirise_v3_2\map-proj-v3_2\ESP_012971_2015_RED-0425.jpg
map-proj-v3_2/ESP_012971_2015_RED-0428.jpg,ok,,JPEG,227.0,227.0,L,1.0,1.0,normal,other,val,esp_012971_2015_red-0428,[],f8ce4af241a1031934602704865cb278a0b39e2ac4385568fb6728c7341abad5,6f8e101143bc39938b684e7da37d1c90b3f7fb1be3788443e2e74fbea9c1f91e,e2c3389b6935d15a,114.3788934386462,12.39838433446641,e07f225b7d02ae84,[],0.0,esp_012971_2015,['val'],1.0,Counter({'val': 1}),val,44f19f6daa37be2b,True,hirise_clean,0,C:\Users\deves\OneDrive\Desktop\Projects\TCMD-SS\data\raw\hirise_v3_2\map-proj-v3_2\ESP_012971_2015_RED-0428.jpg
map-proj-v3_2/ESP_012971_2015_RED-0429.jpg,ok,,JPEG,227.0,227.0,L,1.0,1.0,normal,other,val,esp_012971_2015_red-0429,[],b401050ab3e81a25261af2c627907347f4a2fa819295c12c0861532276e0e064,1724016b29a3f92959af2ce09a21b7298023b2979bd762202936ff6c10f1d40d,8de5b5d94d662234,124.26534572764852,12.173012999673752,2fa0b638f7a4649a,[],0.0,esp_012971_2015,['val'],1.0,Counter({'val': 1}),val,44f19f6daa37be2b,True,hirise_clean,0,C:\Users\deves\OneDrive\Desktop\Projects\TCMD-SS\data\raw\hirise_v3_2\map-proj-v3_2\ESP_012971_2015_RED-0429.jpg
map-proj-v3_2/ESP_012971_2015_RED-0433.jpg,ok,,JPEG,227.0,227.0,L,1.0,1.0,normal,other,val,esp_012971_2015_red-0433,[],86cfa4f7163af1df8c710d6bd65527e635f74f6190c1cbd25d747358794783f0,a5ab6ce874dc8831c38ec4a53cdf6c7af9195bf13604cb8aa9be61d9772180f6,95721a8e138ba8fe,100.12090279260222,13.211982379737483,68f92f946f58a815,[],0.0,esp_012971_2015,['val'],1.0,Counter({'val': 1}),val,44f19f6daa37be2b,True,hirise_clean,0,C:\Users\deves\OneDrive\Desktop\Projects\TCMD-SS\data\raw\hirise_v3_2\map-proj-v3_2\ESP_012971_2015_RED-0433.jpg
map-proj-v3_2/ESP_012971_2015_RED-0434.jpg,ok,,JPEG,227.0,227.0,L,1.0,1.0,normal,other,val,esp_012971_2015_red-0434,[],da8d834c038015a3c4de3d592da34a6a5fa33b281189273f992413c40ba4cd94,c4c82dd14bd04e45186c0f681ffc0597d644d546e5427b14e1885014bc2cf1b0,c732182d6a7b69cc,101.45469541423276,43.97910620308709,303dddf7ab01daaf,[],0.0,esp_012971_2015,['val'],1.0,Counter({'val': 1}),val,44f19f6daa37be2b,True,hirise_clean,0,C:\Users\deves\OneDrive\Desktop\Projects\TCMD-SS\data\raw\hirise_v3_2\map-proj-v3_2\ESP_012971_2015_RED-0434.jpg
map-proj-v3_2/ESP_012971_2015_RED-0436.jpg,ok,,JPEG,227.0,227.0,L,1.0,1.0,normal,slope streak,val,esp_012971_2015_red-0436,[],060d518a9adca941ed137a15325831358c17d139b25e6171af342eec8c65de12,ccc33b51e145852250f9b9e56d7cd2205339cb0a26d29f0e6aea504a39630fa6,b11c062f213b9f1f,101.97558656290632,16.448627366210673,9855411659dec0dc,[],3.0,esp_012971_2015,['val'],1.0,Counter({'val': 1}),val,44f19f6daa37be2b,True,hirise_clean,0,C:\Users\deves\OneDrive\Desktop\Projects\TCMD-SS\data\raw\hirise_v3_2\map-proj-v3_2\ESP_012971_2015_RED-0436.jpg
map-proj-v3_2/ESP_012971_2015_RED-0437.jpg,ok,,JPEG,227.0,227.0,L,1.0,1.0,normal,other,val,esp_012971_2015_red-0437,[],539ef6ae3b3b179833a0fc7df186a7b10c82130a9968b28980da0a1bf771136e,3a63c9adc757676739b3bd5858f5c1f8dd16faaf26da8693e9721f3416bf86cb,e5233a095c76d3c5,88.53806594344933,42.798591239110586,c79c0c51dfa1a028,[],0.0,esp_012971_2015,['val'],1.0,Counter({'val': 1}),val,44f19f6daa37be2b,True,hirise_clean,0,C:\Users\deves\OneDrive\Desktop\Projects\TCMD-SS\data\raw\hirise_v3_2\map-proj-v3_2\ESP_012971_2015_RED-0437.jpg
map-proj-v3_2/ESP_012971_2015_RED-0438.jpg,ok,,JPEG,227.0,227.0,L,1.0,1.0,normal,other,val,esp_012971_2015_red-0438,[],805c5ddf513033f52724dd6330a1676e01b5776e2b057526a695685901650b45,a98623cac28fb0ffd8ff37d133edb9a6a1d9cd288b77deb5e099748a2a95426b,ac3b007a5d43f9c6,79.62454152030895,39.80728309002172,0b131ef87bb20269,[],0.0,esp_012971_2015,['val'],1.0,Counter({'val': 1}),val,44f19f6daa37be2b,True,hirise_clean,0,C:\Users\deves\OneDrive\Desktop\Projects\TCMD-SS\data\raw\hirise_v3_2\map-proj-v3_2\ESP_012971_2015_RED-0438.jpg
map-proj-v3_2/ESP_013257_2110_RED-0007.jpg,ok,,JPEG,227.0,227.0,L,1.0,1.0,normal,other,test,esp_013257_2110_red-0007,[],8063c645a4a1191ea5f07b0a46340bd097d0a452559956b64251b1e636965d1b,a49f21cf69d6c190c33101bc3c7f241caf3cd571229a4b903225253f26dffbe7,8e8e768c0564ae7d,46.74129131168856,29.520286979134813,3f96b76488dac854,[],0.0,esp_013257_2110,['test'],1.0,Counter({'test': 1}),val,7e22477ff4767566,True,hirise_clean,0,C:\Users\deves\OneDrive\Desktop\Projects\TCMD-SS\data\raw\hirise_v3_2\map-proj-v3_2\ESP_013257_2110_RED-0007.jpg
map-proj-v3_2/ESP_013257_2110_RED-0009.jpg,ok,,JPEG,227.0,227.0,L,1.0,1.0,normal,other,test,esp_013257_2110_red-0009,[],876cdda82e5b86d820c14e944707cb7361717a0f7ab7666e80be58f07be23086,2278c0205b346ce68bd65a772050fad277ee26c66c60ab6954b0309f5f285933,cd8462845da177e7,48.84692115119641,20.70817880851669,721ec88770e04914,[],0.0,esp_013257_2110,['test'],1.0,Counter({'test': 1}),val,7e22477ff4767566,True,hirise_clean,0,C:\Users\deves\OneDrive\Desktop\Projects\TCMD-SS\data\raw\hirise_v3_2\map-proj-v3_2\ESP_013257_2110_RED-0009.jpg
map-proj-v3_2/ESP_013257_2110_RED-0010.jpg,ok,,JPEG,227.0,227.0,L,1.0,1.0,normal,other,test,esp_013257_2110_red-0010,[],5ee321e74ad72540781a4dc7a3d213aeb2018a506eee5f22b6a2514b994bd343,47924e1b9f517f2d0c9d9a0d879722bafc699b12385a92b6aa8e5ea050ba2003,88ad36df486acba1,77.49991267053504,16.99960116200142,a9d33eb820dbf254,[],0.0,esp_013257_2110,['test'],1.0,Counter({'test': 1}),val,7e22477ff4767566,True,hirise_clean,0,C:\Users\deves\OneDrive\Desktop\Projects\TCMD-SS\data\raw\hirise_v3_2\map-proj-v3_2\ESP_013257_2110_RED-0010.jpg
map-proj-v3_2/ESP_013257_2110_RED-0012.jpg,ok,,JPEG,227.0,227.0,L,1.0,1.0,normal,other,test,esp_013257_2110_red-0012,[],9d95dc05f5bca4f36fcd037ee515b60b3a7d73f682b6d69ae21e883a7253f853,54dfff533d2b7e0bdc89274e328a56c03ce13eb44397664ba4f9d8a0063eb0e4,d1b654aa4ad42fa3,56.128626598614375,18.986680633273878,6405a994ecc00c8b,[],0.0,esp_013257_2110,['test'],1.0,Counter({'test': 1}),val,7e22477ff4767566,True,hirise_clean,0,C:\Users\deves\OneDrive\Desktop\Projects\TCMD-SS\data\raw\hirise_v3_2\map-proj-v3_2\ESP_013257_2110_RED-0012.jpg
map-proj-v3_2/ESP_013257_2110_RED-0013.jpg,ok,,JPEG,227.0,227.0,L,1.0,1.0,normal,other,test,esp_013257_2110_red-0013,[],723df033a60309f67ec4eb5f88629ed377810acb8a2cf9425f49c1f53e3b2b8b,84b1b8a5a4ecb8767042b4b14a1e843833f84c2578ec0e9606fc0117fc940b64,f2cc64c727b26135,57.81455102951736,17.654700347615847,4021b44ef75898c0,[],0.0,esp_013257_2110,['test'],1.0,Counter({'test': 1}),val,7e22477ff4767566,True,hirise_clean,0,C:\Users\deves\OneDrive\Desktop\Projects\TCMD-SS\data\raw\hirise_v3_2\map-proj-v3_2\ESP_013257_2110_RED-0013.jpg
map-proj-v3_2/ESP_013257_2110_RED-0015.jpg,ok,,JPEG,227.0,227.0,L,1.0,1.0,normal,other,test,esp_013257_2110_red-0015,[],58ff07efae2c02427a66e9e7b37e01fac30064fe85457ac92cdc1e6f6a876a68,7bf9dc8a0bb473564c1037673a3112becb9ec831fb8820b8da403341bff8a9c8,cd85727c89e83b31,55.075724349395486,16.470971834913964,a5b4ccec94a7a606,[],0.0,esp_013257_2110,['test'],1.0,Counter({'test': 1}),val,7e22477ff4767566,True,hirise_clean,0,C:\Users\deves\OneDrive\Desktop\Projects\TCMD-SS\data\raw\hirise_v3_2\map-proj-v3_2\ESP_013257_2110_RED-0015.jpg
map-proj-v3_2/ESP_013257_2110_RED-0019.jpg,ok,,JPEG,227.0,227.0,L,1.0,1.0,normal,other,test,esp_013257_2110_red-0019,[],fa70aed6cfd7277df116d3f9d4becd98051e2be243001b1433d7033fe3f21191,23b045e59c7923d4036a2671abbacbe8dbc71d14286a2906bb1a5d69f996f39a,9dd5b585d8844eb1,58.15439849405189,17.389985774113793,5cd8722972089f64,[],0.0,esp_013257_2110,['test'],1.0,Counter({'test': 1}),val,7e22477ff4767566,True,hirise_clean,0,C:\Users\deves\OneDrive\Desktop\Projects\TCMD-SS\data\raw\hirise_v3_2\map-proj-v3_2\ESP_013257_2110_RED-0019.jpg
map-proj-v3_2/ESP_013257_2110_RED-0026.jpg,ok,,JPEG,227.0,227.0,L,1.0,1.0,normal,other,test,esp_013257_2110_red-0026,[],5c8a8f97b875a98ac030c468737b53ab5877e9a46ba5d7452d4576eeafb57d6d,1b452e312b0c44fa44e91f0733220cd9c1eb05b922d2cd1aac51318b3c2b6080,d5342936c82bbd6c,57.52100758796018,16.847543773662025,8ec26cff3d5e7339,[],0.0,esp_013257_2110,['test'],1.0,Counter({'test': 1}),val,7e22477ff4767566,True,hirise_clean,0,C:\Users\deves\OneDrive\Desktop\Projects\TCMD-SS\data\raw\hirise_v3_2\map-proj-v3_2\ESP_013257_2110_RED-0026.jpg
map-proj-v3_2/ESP_013257_2110_RED-0041.jpg,ok,,JPEG,227.0,227.0,L,1.0,1.0,normal,other,test,esp_013257_2110_red-0041,[],450fe000e73289a070d15d1ab04dda4915b1988ddffb6bcb70937337a52f4ff7,76a5660cabde8110d266e7e213b305492466946fa6a418d60fc20c37d42b974e,e18a8267f3d8338d,58.86250460905509,15.090167289079972,35a9b06b83cf0bba,[],0.0,esp_013257_2110,['test'],1.0,Counter({'test': 1}),val,7e22477ff4767566,True,hirise_clean,0,C:\Users\deves\OneDrive\Desktop\Projects\TCMD-SS\data\raw\hirise_v3_2\map-proj-v3_2\ESP_013257_2110_RED-0041.jpg
map-proj-v3_2/ESP_013257_2110_RED-0053.jpg,ok,,JPEG,227.0,227.0,L,1.0,1.0,normal,other,test,esp_013257_2110_red-0053,[],64ad4abc8964f5bfeb3c73cbf0ba557b1bd3e1df99c2efbec199d1fdcd351dd6,8667072a83c6c48d387adc6476612eb54ca7185ea91d43b10f57d466d8ce5ade,ef203390e961db4d,53.38009664460789,16.929568393689145,310a98d1cea86c18,[],0.0,esp_013257_2110,['test'],1.0,Counter({'test': 1}),val,7e22477ff4767566,True,hirise_clean,0,C:\Users\deves\OneDrive\Desktop\Projects\TCMD-SS\data\raw\hirise_v3_2\map-proj-v3_2\ESP_013257_2110_RED-0053.jpg
map-proj-v3_2/ESP_013257_2110_RED-0056.jpg,ok,,JPEG,227.0,227.0,L,1.0,1.0,normal,other,test,esp_013257_2110_red-0056,[],aba6e0179e577786c6ee3ce1a0e23c931492eed4eb7b6f2c494f32e905a1b481,07698eae34731da78d3ec89c1b70e89e66bc4d1b50601130f22863bd2d7b7313,c8c84ec0d833e5ef,130.44398299986415,14.980666094428267,e0f093e6c38d344a,[],0.0,esp_013257_2110,['test'],1.0,Counter({'test': 1}),val,7e22477ff4767566,True,hirise_clean,0,C:\Users\deves\OneDrive\Desktop\Projects\TCMD-SS\data\raw\hirise_v3_2\map-proj-v3_2\ESP_013257_2110_RED-0056.jpg
map-proj-v3_2/ESP_013257_2110_RED-0059.jpg,ok,,JPEG,227.0,227.0,L,1.0,1.0,normal,other,test,esp_013257_2110_red-0059,[],ba5c2820e3ccc8aa443ce91a13839c8a40941f76c3ea65b407df50f210b7a370,7c4784f263de28d7e87a2f5aa1ddab681545b063e1eef6547230b74922517abe,eda4503e9850d7a7,128.91298103980282,20.2780502244751,75092eec30e7cae7,[],0.0,esp_013257_2110,['test'],1.0,Counter({'test': 1}),val,7e22477ff4767566,True,hirise_clean,0,C:\Users\deves\OneDrive\Desktop\Projects\TCMD-SS\data\raw\hirise_v3_2\map-proj-v3_2\ESP_013257_2110_RED-0059.jpg
map-proj-v3_2/ESP_013257_2110_RED-0065.jpg,ok,,JPEG,227.0,227.0,L,1.0,1.0,normal,other,test,esp_013257_2110_red-0065,[],e0295aabc9a34ba80d965b94ac525c59aee8fc3637d54c993d8382609ed5ebd3,12e7f7fe19667e9ec0cdde2d61dcf2515bff269eb306920c9cf9a16fa5df614a,cd7834921a6eb3d8,61.750412389140095,16.489672957494292,b7daa29869c991fc,[],0.0,esp_013257_2110,['test'],1.0,Counter({'test': 1}),val,7e22477ff4767566,True,hirise_clean,0,C:\Users\deves\OneDrive\Desktop\Projects\TCMD-SS\data\raw\hirise_v3_2\map-proj-v3_2\ESP_013257_2110_RED-0065.jpg
map-proj-v3_2/ESP_013257_2110_RED-0069.jpg,ok,,JPEG,227.0,227.0,L,1.0,1.0,normal,other,test,esp_013257_2110_red-0069,[],7d88b54481c281ce0f7794262df188592c17d573b7debccfb68ff7aaeffbb778,3a527186a25f59b57808440dc569e5733ba4887922d42f30ad2bd88fc893b891,fc7e13d94ce60603,94.94841739602944,17.353506521217465,25d5909cc5722ee7,[],0.0,esp_013257_2110,['test'],1.0,Counter({'test': 1}),val,7e22477ff4767566,True,hirise_clean,0,C:\Users\deves\OneDrive\Desktop\Projects\TCMD-SS\data\raw\hirise_v3_2\map-proj-v3_2\ESP_013257_2110_RED-0069.jpg
map-proj-v3_2/ESP_013257_2110_RED-0071.jpg,ok,,JPEG,227.0,227.0,L,1.0,1.0,normal,other,test,esp_013257_2110_red-0071,[],049e3c443b235d99831cc8b71881daac81611fae013b96952658912b0c68ccf9,d8e44464a278b6a3294c774e5405b96bd10bb8b60ad6c8905bcbd60a7099eb95,ced33b1c70c5c4e4,67.0552892545945,14.730108637278356,4c18c06c5bd21b3c,[],0.0,esp_013257_2110,['test'],1.0,Counter({'test': 1}),val,7e22477ff4767566,True,hirise_clean,0,C:\Users\deves\OneDrive\Desktop\Projects\TCMD-SS\data\raw\hirise_v3_2\map-proj-v3_2\ESP_013257_2110_RED-0071.jpg
map-proj-v3_2/ESP_013257_2110_RED-0072.jpg,ok,,JPEG,227.0,227.0,L,1.0,1.0,normal,other,test,esp_013257_2110_red-0072,[],79af5f5ea05bba679c7195646434e01a401e1ae9005738033cc5885b0e1e3741,5b59154d370cbdcf1967a46ad2b35b5087643cdb47f7286b646229c7065ea292,8f4338942dd9e732,84.89058588367715,55.71333141947098,83600c1bf9e43bcb,[],0.0,esp_013257_2110,['test'],1.0,Counter({'test': 1}),val,7e22477ff4767566,True,hirise_clean,0,C:\Users\deves\OneDrive\Desktop\Projects\TCMD-SS\data\raw\hirise_v3_2\map-proj-v3_2\ESP_013257_2110_RED-0072.jpg
map-proj-v3_2/ESP_013257_2110_RED-0077.jpg,ok,,JPEG,227.0,227.0,L,1.0,1.0,normal,other,test,esp_013257_2110_red-0077,[],0dc444532dc1fe2666eb7f292bfbce54c8ebb018fcb4cf41d994378b2c5a7191,8d6a09ba7a0bd859eef8b84f892cb953d1e78bb7539135b38f9ff5c2abfc811e,8d01729cce73d9cc,81.81953851229405,13.668863768633138,c539b9c543473997,[],0.0,esp_013257_2110,['test'],1.0,Counter({'test': 1}),val,7e22477ff4767566,True,hirise_clean,0,C:\Users\deves\OneDrive\Desktop\Projects\TCMD-SS\data\raw\hirise_v3_2\map-proj-v3_2\ESP_013257_2110_RED-0077.jpg
map-proj-v3_2/ESP_013257_2110_RED-0083.jpg,ok,,JPEG,227.0,227.0,L,1.0,1.0,normal,other,test,esp_013257_2110_red-0083,[],6dec84ea51869024e8fa5f08c00b4d037ab4eaef22e435bb3da4fcb0b3680e38,78d3ffacf74fc1acccd0d7a2df070d64fed90a4de79691fa8b7514d4f34abb76,8b53b819c6c7999c,103.1458207999379,17.20888463065845,fffcab488526c6b5,[],0.0,esp_013257_2110,['test'],1.0,Counter({'test': 1}),val,7e22477ff4767566,True,hirise_clean,0,C:\Users\deves\OneDrive\Desktop\Projects\TCMD-SS\data\raw\hirise_v3_2\map-proj-v3_2\ESP_013257_2110_RED-0083.jpg
map-proj-v3_2/ESP_013257_2110_RED-0084.jpg,ok,,JPEG,227.0,227.0,L,1.0,1.0,normal,other,test,esp_013257_2110_red-0084,[],2d6c913e843b3386a8ca623d080c919f22e81ff5bc2b884bc907b6a05239763d,874581621c45d34564225468f4f048f42358a553c1bc0b6e083f87d398ceab40,c9e73699cd4026cb,111.2533718876749,15.352212423508924,046e9fc4ad3864e4,[],0.0,esp_013257_2110,['test'],1.0,Counter({'test': 1}),val,7e22477ff4767566,True,hirise_clean,0,C:\Users\deves\OneDrive\Desktop\Projects\TCMD-SS\data\raw\hirise_v3_2\map-proj-v3_2\ESP_013257_2110_RED-0084.jpg
map-proj-v3_2/ESP_013257_2110_RED-0085.jpg,ok,,JPEG,227.0,227.0,L,1.0,1.0,normal,other,test,esp_013257_2110_red-0085,[],248edb6b79a892cea39463236004ac418e617364c9aa0da25903d21749247be2,a37c086f30db59bd9896c3e819b3915bbd08e99ce24ae2ea4fb60efc5c107600,ce09e17f8f2200fb,56.71026024180559,16.49969768756328,ade46fb00ad2b5e4,[],0.0,esp_013257_2110,['test'],1.0,Counter({'test': 1}),val,7e22477ff4767566,True,hirise_clean,0,C:\Users\deves\OneDrive\Desktop\Projects\TCMD-SS\data\raw\hirise_v3_2\map-proj-v3_2\ESP_013257_2110_RED-0085.jpg
map-proj-v3_2/ESP_013257_2110_RED-0086.jpg,ok,,JPEG,227.0,227.0,L,1.0,1.0,normal,other,test,esp_013257_2110_red-0086,[],0e3522aa7ca5fca58989b74a7dcb27793a3baedbb07566fa53619af313e58fea,3182ec9dcfbf1432b41bfd45863058e57c0c1d9859557928fef9eefeafc270c3,80ffe61f89fc0681,70.66898251470046,20.09403500231079,adcad69444bd325e,[],0.0,esp_013257_2110,['test'],1.0,Counter({'test': 1}),val,7e22477ff4767566,True,hirise_clean,0,C:\Users\deves\OneDrive\Desktop\Projects\TCMD-SS\data\raw\hirise_v3_2\map-proj-v3_2\ESP_013257_2110_RED-0086.jpg
map-proj-v3_2/ESP_013257_2110_RED-0090.jpg,ok,,JPEG,227.0,227.0,L,1.0,1.0,normal,other,test,esp_013257_2110_red-0090,[],9da2dcdf0ede7e0e0147262a28ee37ade34779f724b848bd9c5969d9b1e5a666,faddc29b98a1d34bcd0ff81981d0ee17abe8f45a279b5a151cb5095a11505a45,89e824c76d32cbe5,113.75741815288478,15.97026806257648,5b2dcc3a4e5f8815,[],0.0,esp_013257_2110,['test'],1.0,Counter({'test': 1}),val,7e22477ff4767566,True,hirise_clean,0,C:\Users\deves\OneDrive\Desktop\Projects\TCMD-SS\data\raw\hirise_v3_2\map-proj-v3_2\ESP_013257_2110_RED-0090.jpg
map-proj-v3_2/ESP_013257_2110_RED-0099.jpg,ok,,JPEG,227.0,227.0,L,1.0,1.0,normal,other,test,esp_013257_2110_red-0099,[],9a31af1b15665ceeeec296b76646a5af1ff019d9796bac65ad13172b61b7627b,83c8f4ff9e1ae6cb0cd80f2caab48cec09fdf907a7773c7e89aff39e2d673cf7,882c3e179c46f2dd,136.22579518329485,13.672423349943976,15df652ecff2fb2b,[],0.0,esp_013257_2110,['test'],1.0,Counter({'test': 1}),val,7e22477ff4767566,True,hirise_clean,0,C:\Users\deves\OneDrive\Desktop\Projects\TCMD-SS\data\raw\hirise_v3_2\map-proj-v3_2\ESP_013257_2110_RED-0099.jpg
map-proj-v3_2/ESP_013257_2110_RED-0100.jpg,ok,,JPEG,227.0,227.0,L,1.0,1.0,normal,other,test,esp_013257_2110_red-0100,[],31e993455e57bec0d4ceb749221589398c837d2a963f6f8a5833b9fb6c42dfc1,45e5ce270c020cbd589dbda74431aedf022a7aefbec6e28d189e9989b23787f2,e422f0ed771b0927,55.81356129558113,13.220018349426208,785d5d357665f3ce,[],0.0,esp_013257_2110,['test'],1.0,Counter({'test': 1}),val,7e22477ff4767566,True,hirise_clean,0,C:\Users\deves\OneDrive\Desktop\Projects\TCMD-SS\data\raw\hirise_v3_2\map-proj-v3_2\ESP_013257_2110_RED-0100.jpg
map-proj-v3_2/ESP_013257_2110_RED-0103.jpg,ok,,JPEG,227.0,227.0,L,1.0,1.0,normal,other,test,esp_013257_2110_red-0103,[],f6e7fa7187b4e4723fe75fc96e935307b40785c4ef7aef32de6723ffa4f12002,77db067fcb993131185ec24206c7e00e348f7c30d74f568fbd6edd5b7d8b1ea0,dfa120d8dd7720cc,115.4479807487046,17.432142115367323,4c9664bb5e5a98e2,[],0.0,esp_013257_2110,['test'],1.0,Counter({'test': 1}),val,7e22477ff4767566,True,hirise_clean,0,C:\Users\deves\OneDrive\Desktop\Projects\TCMD-SS\data\raw\hirise_v3_2\map-proj-v3_2\ESP_013257_2110_RED-0103.jpg
map-proj-v3_2/ESP_013257_2110_RED-0104.jpg,ok,,JPEG,227.0,227.0,L,1.0,1.0,normal,other,test,esp_013257_2110_red-0104,[],d1a6ae9cc59718ea904756187ffc46a3fcc45b695a368fea475771fc788273d6,0b39c04eda45f60e184a305ad37c1a0b6305a32651daed50f33b8f15b31f876f,cc6a3399e422b19f,109.60996720293429,15.71893154635289,a8a0fc727e948d68,[],0.0,esp_013257_2110,['test'],1.0,Counter({'test': 1}),val,7e22477ff4767566,True,hirise_clean,0,C:\Users\deves\OneDrive\Desktop\Projects\TCMD-SS\data\raw\hirise_v3_2\map-proj-v3_2\ESP_013257_2110_RED-0104.jpg
map-proj-v3_2/ESP_013257_2110_RED-0105.jpg,ok,,JPEG,227.0,227.0,L,1.0,1.0,normal,other,test,esp_013257_2110_red-0105,[],9ac18b28262369e0609e5e1da785e615a957976e7a1aefb7ebe44751e9d8d71d,c20acd739f98d76ade890e2aa40a636229a891463381fd9bc4c9c3290a57df53,cf617298cc663399,100.22738652021192,11.496160627628884,5d893c6e3102c9ec,[],0.0,esp_013257_2110,['test'],1.0,Counter({'test': 1}),val,7e22477ff4767566,True,hirise_clean,0,C:\Users\deves\OneDrive\Desktop\Projects\TCMD-SS\data\raw\hirise_v3_2\map-proj-v3_2\ESP_013257_2110_RED-0105.jpg
map-proj-v3_2/ESP_013257_2110_RED-0106.jpg,ok,,JPEG,227.0,227.0,L,1.0,1.0,normal,other,test,esp_013257_2110_red-0106,[],94cdf5e1180b053b49631ab8617a9df26b653c379474dab4f1b751f39fbce254,9153ac033dce246e59d29991c904a8047a12926f93f20728071fecee658b1962,cc33638c4273bd5a,120.44328436414446,19.046802783640004,d4616774842a9dd9,[],0.0,esp_013257_2110,['test'],1.0,Counter({'test': 1}),val,7e22477ff4767566,True,hirise_clean,0,C:\Users\deves\OneDrive\Desktop\Projects\TCMD-SS\data\raw\hirise_v3_2\map-proj-v3_2\ESP_013257_2110_RED-0106.jpg
map-proj-v3_2/ESP_013257_2110_RED-0109.jpg,ok,,JPEG,227.0,227.0,L,1.0,1.0,normal,other,test,esp_013257_2110_red-0109,[],a0a9a2651595c1720e25ffa40384970d0b3f6855add0804a1f491a8c089f9629,fed44081c0f4f3fc119165b2300a3a7ee7055d7c0469953d3300b51d52e1a4af,c4b44f0fcf63c5c0,113.21921636360108,18.4788050779362,22ec36f4befdc61e,[],0.0,esp_013257_2110,['test'],1.0,Counter({'test': 1}),val,7e22477ff4767566,True,hirise_clean,0,C:\Users\deves\OneDrive\Desktop\Projects\TCMD-SS\data\raw\hirise_v3_2\map-proj-v3_2\ESP_013257_2110_RED-0109.jpg
map-proj-v3_2/ESP_013257_2110_RED-0113.jpg,ok,,JPEG,227.0,227.0,L,1.0,1.0,normal,other,test,esp_013257_2110_red-0113,[],db4ae4d47b78098b32d0f657829bd2af87c2e32edd3fba059e8ada20d5ca86ca,096684e5385e26cbc997d47e7e654662b0f0e2e54c90227fba84936062edb707,ff0460ff1ce22549,114.14337557491898,17.62367093203626,cc81eff61c71930b,[],0.0,esp_013257_2110,['test'],1.0,Counter({'test': 1}),val,7e22477ff4767566,True,hirise_clean,0,C:\Users\deves\OneDrive\Desktop\Projects\TCMD-SS\data\raw\hirise_v3_2\map-proj-v3_2\ESP_013257_2110_RED-0113.jpg
map-proj-v3_2/ESP_013257_2110_RED-0115.jpg,ok,,JPEG,227.0,227.0,L,1.0,1.0,normal,other,test,esp_013257_2110_red-0115,[],49ea95f635395b76b7298e59172dbebaed9cf1f393f1f86ca64a65104e155532,d44c458db9a6a778e3d0e4cbafb3b35b6a185a997426c79d2cc51dd7a9be8d48,89cc269398cedcec,135.83644161540104,22.01421226250095,071dde5c4a728831,[],0.0,esp_013257_2110,['test'],1.0,Counter({'test': 1}),val,7e22477ff4767566,True,hirise_clean,0,C:\Users\deves\OneDrive\Desktop\Projects\TCMD-SS\data\raw\hirise_v3_2\map-proj-v3_2\ESP_013257_2110_RED-0115.jpg
map-proj-v3_2/ESP_013257_2110_RED-0118.jpg,ok,,JPEG,227.0,227.0,L,1.0,1.0,normal,other,test,esp_013257_2110_red-0118,[],17989d6ea928ea1306c827e87a5168045a46270450e5b7d4c917f915b16ad85b,a7495c39a8331df75c2e232f463fb1743c0747d476709582db31b1644a7466e1,fd37331c510de21a,107.59201614624774,18.00583393259939,e2584096d44289f8,[],0.0,esp_013257_2110,['test'],1.0,Counter({'test': 1}),val,7e22477ff4767566,True,hirise_clean,0,C:\Users\deves\OneDrive\Desktop\Projects\TCMD-SS\data\raw\hirise_v3_2\map-proj-v3_2\ESP_013257_2110_RED-0118.jpg
map-proj-v3_2/ESP_013257_2110_RED-0131.jpg,ok,,JPEG,227.0,227.0,L,1.0,1.0,normal,other,test,esp_013257_2110_red-0131,[],5584afc039f53ebd5adbf1559b4ce35b1cf8b4e4497a17c0ebce9f35daf94adb,619c927deeddcc89f9bde845c712748425ba3422e5fb2f721e32c8071e322c74,8ec733995c948ce6,78.76807234761009,53.89782583639598,4711635f065469e6,[],0.0,esp_013257_2110,['test'],1.0,Counter({'test': 1}),val,7e22477ff4767566,True,hirise_clean,0,C:\Users\deves\OneDrive\Desktop\Projects\TCMD-SS\data\raw\hirise_v3_2\map-proj-v3_2\ESP_013257_2110_RED-0131.jpg
map-proj-v3_2/ESP_013257_2110_RED-0135.jpg,ok,,JPEG,227.0,227.0,L,1.0,1.0,normal,other,test,esp_013257_2110_red-0135,[],9b09dc2fbeaa0e63650e5c9bf4088176079e32322b91ffc32071df7d6c5af166,19ca19a337ad5d766c484875d2588e351ea4463d06f6d2b9bbc0d85bb38acfc1,aaf331884473b9dc,131.4869490966252,20.770414255665344,0a02ad1c5e95c067,[],0.0,esp_013257_2110,['test'],1.0,Counter({'test': 1}),val,7e22477ff4767566,True,hirise_clean,0,C:\Users\deves\OneDrive\Desktop\Projects\TCMD-SS\data\raw\hirise_v3_2\map-proj-v3_2\ESP_013257_2110_RED-0135.jpg
map-proj-v3_2/ESP_013257_2110_RED-0145.jpg,ok,,JPEG,227.0,227.0,L,1.0,1.0,normal,other,test,esp_013257_2110_red-0145,[],de27ddd56487f25c177b45a8792490f7684575ab8bf6682b59bb69c986e21065,b5e70b49586c68739869805a11a68144f5e35e74e97f218a59171b8acb54e1c2,8cb333c888acdd67,99.63996972578548,17.472091350940385,f246722fbc67a7eb,[],0.0,esp_013257_2110,['test'],1.0,Counter({'test': 1}),val,7e22477ff4767566,True,hirise_clean,0,C:\Users\deves\OneDrive\Desktop\Projects\TCMD-SS\data\raw\hirise_v3_2\map-proj-v3_2\ESP_013257_2110_RED-0145.jpg
map-proj-v3_2/ESP_013257_2110_RED-0147.jpg,ok,,JPEG,227.0,227.0,L,1.0,1.0,normal,other,test,esp_013257_2110_red-0147,[],08c0998320907cc8776681e8fd25f20735f6beea523de1a9bb6d83bc8471cf7c,1c89bc12da13f2ec84abe307f48664f2ecfc4d17044dc17de65b4a3eaf041b1f,b9a290f89fe601f8,99.98160259271478,17.213630631945055,ce166a93383f3235,[],0.0,esp_013257_2110,['test'],1.0,Counter({'test': 1}),val,7e22477ff4767566,True,hirise_clean,0,C:\Users\deves\OneDrive\Desktop\Projects\TCMD-SS\data\raw\hirise_v3_2\map-proj-v3_2\ESP_013257_2110_RED-0147.jpg
map-proj-v3_2/ESP_013257_2110_RED-0148.jpg,ok,,JPEG,227.0,227.0,L,1.0,1.0,normal,other,test,esp_013257_2110_red-0148,[],3df49acf8733db9fc49ec6648bb5153af455094f3314ca10d0d89673157a8959,0d0caf6de3724d933eaf06ee8199364d93d0517ffba488491f8e59610e6f3845,ce6a191b2386ceec,59.341341768712766,16.35073472436959,4ab1870b1f1d0e6c,[],0.0,esp_013257_2110,['test'],1.0,Counter({'test': 1}),val,7e22477ff4767566,True,hirise_clean,0,C:\Users\deves\OneDrive\Desktop\Projects\TCMD-SS\data\raw\hirise_v3_2\map-proj-v3_2\ESP_013257_2110_RED-0148.jpg
map-proj-v3_2/ESP_013257_2110_RED-0155.jpg,ok,,JPEG,227.0,227.0,L,1.0,1.0,normal,other,test,esp_013257_2110_red-0155,[],08987d99e045ce7a1dff636f820806a29bbdab41c2acf15076773337bd96dc1c,ca15dc599738e0d67301eb88b6d27d1400572a6ee86bb5aa1e75425779f50f1f,ecb43299ccc63333,53.76690795474393,13.662301782809136,22e6cb4102540fbe,[],0.0,esp_013257_2110,['test'],1.0,Counter({'test': 1}),val,7e22477ff4767566,True,hirise_clean,0,C:\Users\deves\OneDrive\Desktop\Projects\TCMD-SS\data\raw\hirise_v3_2\map-proj-v3_2\ESP_013257_2110_RED-0155.jpg
map-proj-v3_2/ESP_013257_2110_RED-0167.jpg,ok,,JPEG,227.0,227.0,L,1.0,1.0,normal,other,test,esp_013257_2110_red-0167,[],36c08a7bed492af8d3f17003209e47d78702431cd322c1f52fd56f002ce7daa1,e4a86d5406852401b55b157bb97a12505d0554f3a0a4dfa9aee739a67f6062fb,bf80ef08e5b2f80c,132.55021444235285,28.610086735548222,d8aa4b5e8697f4a3,[],0.0,esp_013257_2110,['test'],1.0,Counter({'test': 1}),val,7e22477ff4767566,True,hirise_clean,0,C:\Users\deves\OneDrive\Desktop\Projects\TCMD-SS\data\raw\hirise_v3_2\map-proj-v3_2\ESP_013257_2110_RED-0167.jpg
map-proj-v3_2/ESP_013257_2110_RED-0178.jpg,ok,,JPEG,227.0,227.0,L,1.0,1.0,normal,other,test,esp_013257_2110_red-0178,[],c2abd78f2d33080574f8e9703cf9bb1fe7d8c5edf682e7f0e5e37c1ca7ee46ba,19846ab9c9161df7467eb647a544ab96707ad98bb375d69fdeca41a9c6cf2ba8,d57722288e35b359,55.57687903898776,15.923740774832586,c620e5efaf8e4747,[],0.0,esp_013257_2110,['test'],1.0,Counter({'test': 1}),val,7e22477ff4767566,True,hirise_clean,0,C:\Users\deves\OneDrive\Desktop\Projects\TCMD-SS\data\raw\hirise_v3_2\map-proj-v3_2\ESP_013257_2110_RED-0178.jpg
map-proj-v3_2/ESP_013257_2110_RED-0180.jpg,ok,,JPEG,227.0,227.0,L,1.0,1.0,normal,other,test,esp_013257_2110_red-0180,[],00b5c521100688b5f4494a847f0390f673feedb2a5a80b67091ab20a57b643ac,45ed28e08dd837ebafa565762bc20113f5f6ad2f99c4cadcda689c1ef48bb8e3,83c0e2e074f16ebe,116.751848473675,57.65279241912079,bf376a1bbe26db28,[],0.0,esp_013257_2110,['test'],1.0,Counter({'test': 1}),val,7e22477ff4767566,True,hirise_clean,0,C:\Users\deves\OneDrive\Desktop\Projects\TCMD-SS\data\raw\hirise_v3_2\map-proj-v3_2\ESP_013257_2110_RED-0180.jpg
map-proj-v3_2/ESP_013257_2110_RED-0190.jpg,ok,,JPEG,227.0,227.0,L,1.0,1.0,normal,other,test,esp_013257_2110_red-0190,[],cc6d80f6e81d73d8ad472d386724d031e0c214323e24a997e6a5168f516595aa,e457d224c280dbb62099c9a707ed68e0a04d48ca7b457418835c04eefc56a9c9,da3818caf92d86ab,42.57662675386676,15.734864939984286,0e18f358622d9612,[],0.0,esp_013257_2110,['test'],1.0,Counter({'test': 1}),val,7e22477ff4767566,True,hirise_clean,0,C:\Users\deves\OneDrive\Desktop\Projects\TCMD-SS\data\raw\hirise_v3_2\map-proj-v3_2\ESP_013257_2110_RED-0190.jpg
map-proj-v3_2/ESP_013257_2110_RED-0192.jpg,ok,,JPEG,227.0,227.0,L,1.0,1.0,normal,other,test,esp_013257_2110_red-0192,[],9550207acd6bdabc33dd1712b5c2b02c76174a3b6d3faacd1eb3e06e67a90ca2,affaf2a02e7bb1b34fa5b9539acbcf3d8b0f59b3307eaffb9ef0b141f60ec1d2,e93597df0b271308,47.36559995342429,17.618282511093863,bdbfa4b777fe1bb3,[],0.0,esp_013257_2110,['test'],1.0,Counter({'test': 1}),val,7e22477ff4767566,True,hirise_clean,0,C:\Users\deves\OneDrive\Desktop\Projects\TCMD-SS\data\raw\hirise_v3_2\map-proj-v3_2\ESP_013257_2110_RED-0192.jpg
map-proj-v3_2/ESP_013257_2110_RED-0193.jpg,ok,,JPEG,227.0,227.0,L,1.0,1.0,normal,other,test,esp_013257_2110_red-0193,[],328021821c3d09907a34b6ac26fdea3e66b51ca3b5e187a9b2eec313fc5fa56b,a31c84f05ef9a5244a6c4d1a3b6df332cd79189d6bb4b6710672d6d4c1f448b7,dc7e3a394ce01da4,55.04940907062043,18.53042330947193,e95724dfafde185d,[],0.0,esp_013257_2110,['test'],1.0,Counter({'test': 1}),val,7e22477ff4767566,True,hirise_clean,0,C:\Users\deves\OneDrive\Desktop\Projects\TCMD-SS\data\raw\hirise_v3_2\map-proj-v3_2\ESP_013257_2110_RED-0193.jpg
map-proj-v3_2/ESP_013257_2110_RED-0196.jpg,ok,,JPEG,227.0,227.0,L,1.0,1.0,normal,other,test,esp_013257_2110_red-0196,[],a86de515d044d6467983e90fcedf52ed14079cd00f406a64eccaed5da0b85b0f,c63c904819e16c240bc862138b38683c54dd4bad89a8ba023c458f0e02007cee,c12e83d88f763399,43.32185759475247,16.61219928508704,8df524b86fbcc5e6,[],0.0,esp_013257_2110,['test'],1.0,Counter({'test': 1}),val,7e22477ff4767566,True,hirise_clean,0,C:\Users\deves\OneDrive\Desktop\Projects\TCMD-SS\data\raw\hirise_v3_2\map-proj-v3_2\ESP_013257_2110_RED-0196.jpg
map-proj-v3_2/ESP_013257_2110_RED-0198.jpg,ok,,JPEG,227.0,227.0,L,1.0,1.0,normal,other,test,esp_013257_2110_red-0198,[],d3c626d29bc9d0915dd35a42baa52141096f4b5641875108a144733d18d6cbea,ad9c59480fe504e1c186f37e9b75ada2e2c3f4f807162321c6dbf8940e8daa43,8ce6339bcc663299,34.7917677424363,15.011897102865852,da6c31a705bdce93,[],0.0,esp_013257_2110,['test'],1.0,Counter({'test': 1}),val,7e22477ff4767566,True,hirise_clean,0,C:\Users\deves\OneDrive\Desktop\Projects\TCMD-SS\data\raw\hirise_v3_2\map-proj-v3_2\ESP_013257_2110_RED-0198.jpg
map-proj-v3_2/ESP_013257_2110_RED-0200.jpg,ok,,JPEG,227.0,227.0,L,1.0,1.0,normal,other,test,esp_013257_2110_red-0200,[],0141153aaa31034f72d3600cd570c15d71531e6abca8a7d1fbb2e54cb30fffbb,4880d7264af52f6e5699f58b9bbb3f66addc59a2b7bc3395bae903ac5e2c9c42,8a67359682c572f9,43.11991305866599,18.869086459701272,abd2d07c417cf1f0,[],0.0,esp_013257_2110,['test'],1.0,Counter({'test': 1}),val,7e22477ff4767566,True,hirise_clean,0,C:\Users\deves\OneDrive\Desktop\Projects\TCMD-SS\data\raw\hirise_v3_2\map-proj-v3_2\ESP_013257_2110_RED-0200.jpg
map-proj-v3_2/ESP_013257_2110_RED-0203.jpg,ok,,JPEG,227.0,227.0,L,1.0,1.0,normal,other,test,esp_013257_2110_red-0203,[],85ba3db469d5a94e1af5a4bf932f3fbdefe4511d6f2d551a526c77feeb842ccd,55304129f16766d5b5c4d91f9443abeccc54af83d23aa0a98d7f99f42ecc2ca0,b395e12ce638ce13,40.03390323895282,20.72590070662657,a7b21af40f2fba94,[],0.0,esp_013257_2110,['test'],1.0,Counter({'test': 1}),val,7e22477ff4767566,True,hirise_clean,0,C:\Users\deves\OneDrive\Desktop\Projects\TCMD-SS\data\raw\hirise_v3_2\map-proj-v3_2\ESP_013257_2110_RED-0203.jpg
map-proj-v3_2/ESP_013257_2110_RED-0206.jpg,ok,,JPEG,227.0,227.0,L,1.0,1.0,normal,other,test,esp_013257_2110_red-0206,[],23004e793ffeba603e4de696b98ea0d8fa29740b541ea92c7d88fcb1d4dee5f7,cbf0d5c4120343c7e5c4ab5fffc67e5d898e05b45a04799384f0dbb4338bae13,8b85e1b9d0ecf492,24.346271031846143,17.656438491873992,b3ff7296e65b101b,[],0.0,esp_013257_2110,['test'],1.0,Counter({'test': 1}),val,7e22477ff4767566,True,hirise_clean,0,C:\Users\deves\OneDrive\Desktop\Projects\TCMD-SS\data\raw\hirise_v3_2\map-proj-v3_2\ESP_013257_2110_RED-0206.jpg
map-proj-v3_2/ESP_013257_2110_RED-0207.jpg,ok,,JPEG,227.0,227.0,L,1.0,1.0,normal,other,test,esp_013257_2110_red-0207,[],3f4b28fd6e295a9710589968676228d0abbd31457cf5be613fbc46d2f1c50d30,50dff50c543fa744eed47055b1c7aa695d8d225ded7b2a4e7aa6d9ba51f518f5,ee2abb0c8d07f30c,24.03528110384444,18.773319825986388,3202d6a87d69f345,[],0.0,esp_013257_2110,['test'],1.0,Counter({'test': 1}),val,7e22477ff4767566,True,hirise_clean,0,C:\Users\deves\OneDrive\Desktop\Projects\TCMD-SS\data\raw\hirise_v3_2\map-proj-v3_2\ESP_013257_2110_RED-0207.jpg
map-proj-v3_2/ESP_013257_2110_RED-0208.jpg,ok,,JPEG,227.0,227.0,L,1.0,1.0,normal,other,test,esp_013257_2110_red-0208,[],fe42449fc82edc0b37ab286553cd463c0fd1cba15d4176614dde858736345099,929e2e668f8d1fc9361e6157a29815e3a46c5f797a32d2da93166bdeb07cc666,bc8de827d22dc456,23.183838227017795,19.68123758747761,f153fd9ff4ecd8f7,[],0.0,esp_013257_2110,['test'],1.0,Counter({'test': 1}),val,7e22477ff4767566,True,hirise_clean,0,C:\Users\deves\OneDrive\Desktop\Projects\TCMD-SS\data\raw\hirise_v3_2\map-proj-v3_2\ESP_013257_2110_RED-0208.jpg
map-proj-v3_2/ESP_013257_2110_RED-0210.jpg,ok,,JPEG,227.0,227.0,L,1.0,1.0,normal,other,test,esp_013257_2110_red-0210,[],ecdfc2b3b028ed44b7f8563fe6f3c9051793e569bedf72285f9be00d8cb7e994,59c76c59284362a8637e5a0ea1771a0fa254b94cbb08857308a77de32a65c2b2,807f27c3813c3ec7,32.488385181160126,22.04429288972443,81b4edda82b4467e,[],0.0,esp_013257_2110,['test'],1.0,Counter({'test': 1}),val,7e22477ff4767566,True,hirise_clean,0,C:\Users\deves\OneDrive\Desktop\Projects\TCMD-SS\data\raw\hirise_v3_2\map-proj-v3_2\ESP_013257_2110_RED-0210.jpg
map-proj-v3_2/ESP_013257_2110_RED-0214.jpg,ok,,JPEG,227.0,227.0,L,1.0,1.0,normal,other,test,esp_013257_2110_red-0214,[],c2ea5ff6aea5168911bebd06f5c1c5fc7cac7d454fa57281d5beecbb19077bcf,8eaf04ee39c2edc94f1cfbb0253d40685540ee9667fd198232b1a38e252027dd,8c4c7cef8b12a4ce,34.2059034718314,14.545553314875445,a73b5964855810f1,[],0.0,esp_013257_2110,['test'],1.0,Counter({'test': 1}),val,7e22477ff4767566,True,hirise_clean,0,C:\Users\deves\OneDrive\Desktop\Projects\TCMD-SS\data\raw\hirise_v3_2\map-proj-v3_2\ESP_013257_2110_RED-0214.jpg
map-proj-v3_2/ESP_013257_2110_RED-0215.jpg,ok,,JPEG,227.0,227.0,L,1.0,1.0,normal,other,test,esp_013257_2110_red-0215,[],6144d1046c20f2fb098e381bba2226eef4432cdbda0ff52cc37199a2d4071acb,39741aa036a6af9e9059064fbb39229a88dc069a03222bf3fada0c314424e9bb,c472339bc87b2da4,39.88755846222516,17.176031531897397,832f4ee585b10ac0,[],0.0,esp_013257_2110,['test'],1.0,Counter({'test': 1}),val,7e22477ff4767566,True,hirise_clean,0,C:\Users\deves\OneDrive\Desktop\Projects\TCMD-SS\data\raw\hirise_v3_2\map-proj-v3_2\ESP_013257_2110_RED-0215.jpg
map-proj-v3_2/ESP_013257_2110_RED-0218.jpg,ok,,JPEG,227.0,227.0,L,1.0,1.0,normal,other,test,esp_013257_2110_red-0218,[],4d46fcbaef5dc94fefb399ac7e79ced9b47895d2f6ea0b58a67e8e94ea4fcaca,d8430ea23e13dc253e5e2e648c8f51f0d5676a9d1a2717763464e7525dcee3e6,a929b58e5fb38894,30.608104174348423,15.795170037961173,1669c31ab93f0115,[],0.0,esp_013257_2110,['test'],1.0,Counter({'test': 1}),val,7e22477ff4767566,True,hirise_clean,0,C:\Users\deves\OneDrive\Desktop\Projects\TCMD-SS\data\raw\hirise_v3_2\map-proj-v3_2\ESP_013257_2110_RED-0218.jpg
map-proj-v3_2/ESP_013257_2110_RED-0220.jpg,ok,,JPEG,227.0,227.0,L,1.0,1.0,normal,crater,test,esp_013257_2110_red-0220,[],0dc53a4612d7c7bcecd6431e6b480823e9566b1ea29f3ca41cc6c149a21f1928,efb606dcfa9f93993faee5fd1f75867d71dc3763662f157f8d27ef3911da544b,926ecd3134ca33ce,46.945797512080574,20.219080715721606,f2e391e8383a7b0b,[],1.0,esp_013257_2110,['test'],1.0,Counter({'test': 1}),val,7e22477ff4767566,True,hirise_clean,0,C:\Users\deves\OneDrive\Desktop\Projects\TCMD-SS\data\raw\hirise_v3_2\map-proj-v3_2\ESP_013257_2110_RED-0220.jpg
map-proj-v3_2/ESP_013257_2110_RED-0222.jpg,ok,,JPEG,227.0,227.0,L,1.0,1.0,normal,other,test,esp_013257_2110_red-0222,[],0ec9067c0fcdf310fab25fc2d65432903273f233eeb32c82dac36ab62334599a,6ce9ad9bc36fa854861af30ab1038ea06c6d736b46c0462e5d2174b592da3817,a87426cb9d782ad6,45.43542471229793,15.0289708235469,5c147a5f56de430a,[],0.0,esp_013257_2110,['test'],1.0,Counter({'test': 1}),val,7e22477ff4767566,True,hirise_clean,0,C:\Users\deves\OneDrive\Desktop\Projects\TCMD-SS\data\raw\hirise_v3_2\map-proj-v3_2\ESP_013257_2110_RED-0222.jpg
map-proj-v3_2/ESP_015897_2655_RED-0010.jpg,ok,,JPEG,227.0,227.0,L,1.0,1.0,normal,dark dune,val,esp_015897_2655_red-0010,[],604be2a8b6ca32fd7a24611431a6eb4ce791e9abe50b61992fb35a4c9d42d46a,fecc8d2f622eb298309ed2f83360f048d6925ef66301b91d28d0cbbef9dad6fb,92c9767b2f83a1b0,45.18137359545111,31.61542341051664,aa9dbbcdc6bc1fe8,[],2.0,esp_015897_2655,['val'],2.0,Counter({'val': 2}),val,edbfc807a0aec8f6,True,hirise_clean,0,C:\Users\deves\OneDrive\Desktop\Projects\TCMD-SS\data\raw\hirise_v3_2\map-proj-v3_2\ESP_015897_2655_RED-0010.jpg
map-proj-v3_2/ESP_015897_2655_RED-0013.jpg,ok,,JPEG,227.0,227.0,L,1.0,1.0,normal,impact ejecta,val,esp_015897_2655_red-0013,[],0c78e9817a481ff96deb2fac8d3af4180f0244b19f5f97b16d016c9548071be1,1c054c46c5688862f764de8172cdd68bc5d4739828111ec4da833ac96d05a104,b1a8dcad5285ca75,96.92262609404412,24.450187114811417,61898477380ed3e0,[],5.0,esp_015897_2655,['val'],2.0,Counter({'val': 2}),val,edbfc807a0aec8f6,True,hirise_clean,0,C:\Users\deves\OneDrive\Desktop\Projects\TCMD-SS\data\raw\hirise_v3_2\map-proj-v3_2\ESP_015897_2655_RED-0013.jpg
map-proj-v3_2/ESP_015897_2655_RED-0015.jpg,ok,,JPEG,227.0,227.0,L,1.0,1.0,normal,spider,val,esp_015897_2655_red-0015,[],86e3b97fd53f20091b3b0d7b7193ca53332a4c2cb313a3906381e7e792a5f807,b81db3b6669d876c3036ba6d49ec5b23318fdb7051c04c55c4b92ef02bf081c4,8df09ec17c1318e7,77.96617438723825,27.188223912787223,7805d37477a6a682,[],7.0,esp_015897_2655,['val'],2.0,Counter({'val': 2}),val,edbfc807a0aec8f6,True,hirise_clean,0,C:\Users\deves\OneDrive\Desktop\Projects\TCMD-SS\data\raw\hirise_v3_2\map-proj-v3_2\ESP_015897_2655_RED-0015.jpg
map-proj-v3_2/ESP_015897_2655_RED-0018.jpg,ok,,JPEG,227.0,227.0,L,1.0,1.0,normal,impact ejecta,val,esp_015897_2655_red-0018,[],74044871d1f46d5b385adfb55fc7670fa4b4869df45680c908d39ba4cb7dfb77,fb73997aaac47eafd5d88b2bedb8fed0b3e0e0d36dce2664437e9383edb7e1c2,b353d94c6213d9e4,121.76651982378854,13.7253764036559,1b198f89bda946cb,[],5.0,esp_015897_2655,['val'],2.0,Counter({'val': 2}),val,edbfc807a0aec8f6,True,hirise_clean,0,C:\Users\deves\OneDrive\Desktop\Projects\TCMD-SS\data\raw\hirise_v3_2\map-proj-v3_2\ESP_015897_2655_RED-0018.jpg
map-proj-v3_2/ESP_015897_2655_RED-0019.jpg,ok,,JPEG,227.0,227.0,L,1.0,1.0,normal,spider,val,esp_015897_2655_red-0019,[],781a3d72ea01030f76e5593c9ed52beb151e48e7b21a3b0d38e080f5b6dbb781,cc8984d948a40421c2122a34fdd9fa5225cd0e6882935c6b3eb8e53cd0e62679,b9968ec4333938ce,122.1579887053892,10.499837874553345,6c506ce4bd284cd3,[],7.0,esp_015897_2655,['val'],2.0,Counter({'val': 2}),val,edbfc807a0aec8f6,True,hirise_clean,0,C:\Users\deves\OneDrive\Desktop\Projects\TCMD-SS\data\raw\hirise_v3_2\map-proj-v3_2\ESP_015897_2655_RED-0019.jpg
map-proj-v3_2/ESP_015897_2655_RED-0020.jpg,ok,,JPEG,227.0,227.0,L,1.0,1.0,normal,spider,val,esp_015897_2655_red-0020,[],79c928033c6f17106daf0e7a061a60ca9c63d5c9b0d06bf0f7958579e3983552,30e75e871125861e703a6f86f7d7fd6624b2d1682fb47618a671c8f8b23fe695,e571c9e6929b096c,119.68590502435522,11.673404832534244,c80fbd03bce0613f,[],7.0,esp_015897_2655,['val'],2.0,Counter({'val': 2}),val,edbfc807a0aec8f6,True,hirise_clean,0,C:\Users\deves\OneDrive\Desktop\Projects\TCMD-SS\data\raw\hirise_v3_2\map-proj-v3_2\ESP_015897_2655_RED-0020.jpg
map-proj-v3_2/ESP_015897_2655_RED-0021.jpg,ok,,JPEG,227.0,227.0,L,1.0,1.0,normal,spider,val,esp_015897_2655_red-0021,[],276b6d1bb59bf52b795c4d62b9979b040920f6687acf94eec276019be49883db,7972791830ca22ba6f97d0b25b0e200c3c62f4b577735ed8df3704e4314f5d4b,a2f7dc40761f08e6,116.90323895282268,12.312342319715988,2df47665615fdd6e,[],7.0,esp_015897_2655,['val'],2.0,Counter({'val': 2}),val,edbfc807a0aec8f6,True,hirise_clean,0,C:\Users\deves\OneDrive\Desktop\Projects\TCMD-SS\data\raw\hirise_v3_2\map-proj-v3_2\ESP_015897_2655_RED-0021.jpg
map-proj-v3_2/ESP_015897_2655_RED-0023.jpg,ok,,JPEG,227.0,227.0,L,1.0,1.0,normal,impact ejecta,val,esp_015897_2655_red-0023,[],88d99a48e8dd644d973f759238248713746d326e684e972a112d3de5b573d61a,012c2ed66e1359f8598736bb3bb0d9d3a29ae2de7b7020e02ace51e87d85ae7d,b742c87c6296d92d,112.90558714510276,10.314582338212054,5bf7c8250c546bb1,[],5.0,esp_015897_2655,['val'],2.0,Counter({'val': 2}),val,edbfc807a0aec8f6,True,hirise_clean,0,C:\Users\deves\OneDrive\Desktop\Projects\TCMD-SS\data\raw\hirise_v3_2\map-proj-v3_2\ESP_015897_2655_RED-0023.jpg
map-proj-v3_2/ESP_015897_2655_RED-0025.jpg,ok,,JPEG,227.0,227.0,L,1.0,1.0,normal,spider,val,esp_015897_2655_red-0025,[],785342c0ca17afac3f961aa13a4fbe8daf973751335c1ecb5c70ddb56827e47c,3e508ecd1cf894cbf4ea2d75302eeb2b5bbd1c7d1a0615b4958d635455b63e51,e0359bce66309b47,120.29783228861416,12.444055302395803,efb485524dd58d66,[],7.0,esp_015897_2655,['val'],2.0,Counter({'val': 2}),val,edbfc807a0aec8f6,True,hirise_clean,0,C:\Users\deves\OneDrive\Desktop\Projects\TCMD-SS\data\raw\hirise_v3_2\map-proj-v3_2\ESP_015897_2655_RED-0025.jpg
map-proj-v3_2/ESP_015897_2655_RED-0028.jpg,ok,,JPEG,227.0,227.0,L,1.0,1.0,normal,dark dune,val,esp_015897_2655_red-0028,[],c00639c3a6f1fe65cd460f5d7d51efcdf3bbcabadca3b2314ed5536508984124,bbd83bcc2bc65e3ac9a1ad6c7599215aaa94ed88e9b687e40e0cce844abf4e98,85f90cd268e6613f,96.57707310446544,17.834850675668935,2177533f7d145a96,[],2.0,esp_015897_2655,['val'],2.0,Counter({'val': 2}),val,edbfc807a0aec8f6,True,hirise_clean,0,C:\Users\deves\OneDrive\Desktop\Projects\TCMD-SS\data\raw\hirise_v3_2\map-proj-v3_2\ESP_015897_2655_RED-0028.jpg
map-proj-v3_2/ESP_015897_2655_RED-0035.jpg,ok,,JPEG,227.0,227.0,L,1.0,1.0,normal,spider,val,esp_015897_2655_red-0035,[],43afa7a705fa0fc57ae922d5ca4029031735749186d15d8f7802eae957ef8f20,e82c1742c17d26208f1012de4e8dd1ab2c52dafed55754fcf1998476e6cc3738,b369cc8a21b3cee4,101.70960041918144,8.801308412008462,cc577d46d5d502bf,[],7.0,esp_015897_2655,['val'],2.0,Counter({'val': 2}),val,edbfc807a0aec8f6,True,hirise_clean,0,C:\Users\deves\OneDrive\Desktop\Projects\TCMD-SS\data\raw\hirise_v3_2\map-proj-v3_2\ESP_015897_2655_RED-0035.jpg
map-proj-v3_2/ESP_015897_2655_RED-0036.jpg,ok,,JPEG,227.0,227.0,L,1.0,1.0,normal,impact ejecta,val,esp_015897_2655_red-0036,[],33ed188f4dcc8f951577d29e06009cddc9d7467ac1f4e3422e792011edfa39b3,3c7b3eac803434b10a46b0d9fb02822ff2c98cf88bcae40062249d5f0d8ed1c0,b362ccce7313cc26,96.54807972209824,9.65152809938782,4c95a75407e85a70,[],5.0,esp_015897_2655,['val'],2.0,Counter({'val': 2}),val,edbfc807a0aec8f6,True,hirise_clean,0,C:\Users\deves\OneDrive\Desktop\Projects\TCMD-SS\data\raw\hirise_v3_2\map-proj-v3_2\ESP_015897_2655_RED-0036.jpg
map-proj-v3_2/ESP_015897_2655_RED-0038.jpg,ok,,JPEG,227.0,227.0,L,1.0,1.0,normal,spider,val,esp_015897_2655_red-0038,[],bb6aa7c6bfe721f639dc3f8ebe11a8f8d7ede47207864b0e176598b06db3787a,2737b960fbe0b7df742e7880d863aa1a7493ae1b667f5a856a22f454d648579d,e762a3a55323b171,48.97876923674048,32.06531726462602,4986919e18312914,[],7.0,esp_015897_2655,['val'],2.0,Counter({'val': 2}),val,edbfc807a0aec8f6,True,hirise_clean,0,C:\Users\deves\OneDrive\Desktop\Projects\TCMD-SS\data\raw\hirise_v3_2\map-proj-v3_2\ESP_015897_2655_RED-0038.jpg
map-proj-v3_2/ESP_015897_2655_RED-0039.jpg,ok,,JPEG,227.0,227.0,L,1.0,1.0,normal,impact ejecta,val,esp_015897_2655_red-0039,[],7bbf3da02bbfca5bd2a39b2cccae3f26fb91082e554e628f97ab232563749d8b,53f62cb9c2d0b055296dfd1ec6829dd2797248aef04e0d9ebd9273fa7222c453,f3a3dc6c3712cc24,131.15750354169498,8.632295110677532,98e2a64f4fd55678,[],5.0,esp_015897_2655,['val'],2.0,Counter({'val': 2}),val,edbfc807a0aec8f6,True,hirise_clean,0,C:\Users\deves\OneDrive\Desktop\Projects\TCMD-SS\data\raw\hirise_v3_2\map-proj-v3_2\ESP_015897_2655_RED-0039.jpg
map-proj-v3_2/ESP_015897_2655_RED-0042.jpg,ok,,JPEG,227.0,227.0,L,1.0,1.0,normal,spider,val,esp_015897_2655_red-0042,[],e826940b6b9fe377968b75144c323006c6b45d2d1ef97ba9984c511c35b4a888,2eff445c2f4dbcfab71789920940490198dce021b002d87f4d588b76a3fb181d,f2dac82633bd8ca4,145.84253527140058,14.495862523401362,4dfc3ec4a5265a83,[],7.0,esp_015897_2655,['val'],2.0,Counter({'val': 2}),val,edbfc807a0aec8f6,True,hirise_clean,0,C:\Users\deves\OneDrive\Desktop\Projects\TCMD-SS\data\raw\hirise_v3_2\map-proj-v3_2\ESP_015897_2655_RED-0042.jpg
map-proj-v3_2/ESP_015897_2655_RED-0044.jpg,ok,,JPEG,227.0,227.0,L,1.0,1.0,normal,impact ejecta,val,esp_015897_2655_red-0044,[],85d860dd3a32be66e308b99b5f3860d39f2b7d5f519f2beca29db95998796436,2dff7735dcc6ab243f643ed2be62a83a9731c2c6eabd42552bd7d1dc71c46800,fee0994f601ec92c,147.20440916765315,13.895095748191425,f2be44a01e24a9cb,[],5.0,esp_015897_2655,['val'],2.0,Counter({'val': 2}),val,edbfc807a0aec8f6,True,hirise_clean,0,C:\Users\deves\OneDrive\Desktop\Projects\TCMD-SS\data\raw\hirise_v3_2\map-proj-v3_2\ESP_015897_2655_RED-0044.jpg
map-proj-v3_2/ESP_015897_2655_RED-0049.jpg,ok,,JPEG,227.0,227.0,L,1.0,1.0,normal,spider,val,esp_015897_2655_red-0049,[],a83b9e857ad430007448a18ed936f108da349caec99474be1c4882783fcc443e,b10f8048d0581fa68f29dc1ea746d39b4d0c02b0c69caf92a13e5623ee024696,84f31fc378cf016c,170.5228123969027,60.4731297869272,732e8f6b138b22d8,['group_label_conflict'],7.0,esp_015897_2655,['val'],2.0,Counter({'val': 2}),val,edbfc807a0aec8f6,True,hirise_clean,0,C:\Users\deves\OneDrive\Desktop\Projects\TCMD-SS\data\raw\hirise_v3_2\map-proj-v3_2\ESP_015897_2655_RED-0049.jpg
map-proj-v3_2/ESP_015897_2655_RED-0052.jpg,ok,,JPEG,227.0,227.0,L,1.0,1.0,normal,spider,val,esp_015897_2655_red-0052,[],8053c3a62faab7e8163d0d39f6356b0a39c3a2ee667658b2b100628068c340f3,c6aff92e3d291fb43f0e6b6ddcce06dcbb19f9d0143b6000380bf4f74cf62add,e1f39c4d26929d64,150.05003008014904,12.665363739545596,2652ae830dbb704d,[],7.0,esp_015897_2655,['val'],2.0,Counter({'val': 2}),val,edbfc807a0aec8f6,True,hirise_clean,0,C:\Users\deves\OneDrive\Desktop\Projects\TCMD-SS\data\raw\hirise_v3_2\map-proj-v3_2\ESP_015897_2655_RED-0052.jpg
map-proj-v3_2/ESP_015897_2655_RED-0060.jpg,ok,,JPEG,227.0,227.0,L,1.0,1.0,normal,impact ejecta,val,esp_015897_2655_red-0060,[],7cbf88326fe05cf2cb908009abb884ece8b08a5660ecde3d8b6a6d0e89ea6c85,89e55c03b5bb4cd5718c584c4ae5e73e2d091ebe5bd293e6eaf83f0511a754bd,c546aeb576329951,117.05268877719342,64.08392740458098,1c3bc8c64f3522c8,[],5.0,esp_015897_2655,['val'],2.0,Counter({'val': 2}),val,edbfc807a0aec8f6,True,hirise_clean,0,C:\Users\deves\OneDrive\Desktop\Projects\TCMD-SS\data\raw\hirise_v3_2\map-proj-v3_2\ESP_015897_2655_RED-0060.jpg
map-proj-v3_2/ESP_016570_2050_RED-0004.jpg,ok,,JPEG,227.0,227.0,L,1.0,1.0,normal,other,val,esp_016570_2050_red-0004,[],d3d5dfb6beea83d3a775515ec0546c1598df860db63de595a1c7cc1c6b765c5b,429cdad1fb5249a743435503eef487bd35f2e0340f9300812c0acf18f4240652,9aae58a351a95ea5,167.94133400609363,22.78012784138237,1d74029064f63581,[],0.0,esp_016570_2050,['val'],1.0,Counter({'val': 1}),val,f68d9819a0753d5f,True,hirise_clean,0,C:\Users\deves\OneDrive\Desktop\Projects\TCMD-SS\data\raw\hirise_v3_2\map-proj-v3_2\ESP_016570_2050_RED-0004.jpg
map-proj-v3_2/ESP_016570_2050_RED-0007.jpg,ok,,JPEG,227.0,227.0,L,1.0,1.0,normal,other,val,esp_016570_2050_red-0007,[],6e504bebbf68075f6e4fb047c73ffa6498853a614936dc9592c334c2336c33a8,e9b1e94fe2ff922387bf0104e9efc26e76378d5127d2b7e0978f2e20e1fbb75c,8fc3704ca9a636d9,139.4417512468707,82.53666660065373,effdbbc58d4728c2,[],0.0,esp_016570_2050,['val'],1.0,Counter({'val': 1}),val,f68d9819a0753d5f,True,hirise_clean,0,C:\Users\deves\OneDrive\Desktop\Projects\TCMD-SS\data\raw\hirise_v3_2\map-proj-v3_2\ESP_016570_2050_RED-0007.jpg
map-proj-v3_2/ESP_016570_2050_RED-0010.jpg,ok,,JPEG,227.0,227.0,L,1.0,1.0,normal,other,val,esp_016570_2050_red-0010,[],0a35c982566e1d5c7352dcc4514c8ee3bed1c1aef96eac03d85a189ab6a6211b,9825096d466c8a6d102b3074313975e2785bb26cb7863300177a2c4c5e0595ac,c0ff00fbde24615a,184.62725843699664,25.232577934980835,fd5937ffc257e824,[],0.0,esp_016570_2050,['val'],1.0,Counter({'val': 1}),val,f68d9819a0753d5f,True,hirise_clean,0,C:\Users\deves\OneDrive\Desktop\Projects\TCMD-SS\data\raw\hirise_v3_2\map-proj-v3_2\ESP_016570_2050_RED-0010.jpg
map-proj-v3_2/ESP_016570_2050_RED-0021.jpg,ok,,JPEG,227.0,227.0,L,1.0,1.0,normal,other,val,esp_016570_2050_red-0021,[],61880cb086bd6787ab3f5bbe7e28b5fc9e82eb6fe1649cdbf238c86e49eac1b8,cce87a01ba2fd1292c6d3c0529a046b83521984f6a7309361278aabea443a4b9,ce65ba008c5f8779,105.02792602223992,18.44607956177685,690ffb50f641cb23,[],0.0,esp_016570_2050,['val'],1.0,Counter({'val': 1}),val,f68d9819a0753d5f,True,hirise_clean,0,C:\Users\deves\OneDrive\Desktop\Projects\TCMD-SS\data\raw\hirise_v3_2\map-proj-v3_2\ESP_016570_2050_RED-0021.jpg
map-proj-v3_2/ESP_016570_2050_RED-0022.jpg,ok,,JPEG,227.0,227.0,L,1.0,1.0,normal,other,val,esp_016570_2050_red-0022,[],c8583a45c760914c517a47697c95484ac3953e8a1c78a6f324268fafa90f4b29,77841bff7cba2f2d819f777595aac70fa07b9482c9919b315bce04a49c60b5bb,e4a65ddc22da8a6a,61.10211725436162,30.312069701396563,09f3dd9225b226b5,[],0.0,esp_016570_2050,['val'],1.0,Counter({'val': 1}),val,f68d9819a0753d5f,True,hirise_clean,0,C:\Users\deves\OneDrive\Desktop\Projects\TCMD-SS\data\raw\hirise_v3_2\map-proj-v3_2\ESP_016570_2050_RED-0022.jpg
map-proj-v3_2/ESP_016570_2050_RED-0024.jpg,ok,,JPEG,227.0,227.0,L,1.0,1.0,normal,other,val,esp_016570_2050_red-0024,[],0d8626c786f5f8baa0141bf2efbe7b56760bb2e95d111d6d7be0880f232ae4b7,0453daec95cb80c2d4a1f4002a77237269289577bad3dbe73d9033b309553bc9,c43239d9cf7292c9,191.05689999805932,17.027071224380062,1eeea58044cd688f,[],0.0,esp_016570_2050,['val'],1.0,Counter({'val': 1}),val,f68d9819a0753d5f,True,hirise_clean,0,C:\Users\deves\OneDrive\Desktop\Projects\TCMD-SS\data\raw\hirise_v3_2\map-proj-v3_2\ESP_016570_2050_RED-0024.jpg
map-proj-v3_2/ESP_016570_2050_RED-0035.jpg,ok,,JPEG,227.0,227.0,L,1.0,1.0,normal,other,val,esp_016570_2050_red-0035,[],299eb6a33cb3c1f9f40016e591d1fac811971ac6df29d4ca52e5eeca0e33b988,a6c04ddc78df5f358d81ee6ced4e2a6edfca3ce1012969b2dd4b9ca96bcf1acf,db1d34339978a790,187.6361660424227,15.1918257819989,f258c710cc8c8b31,[],0.0,esp_016570_2050,['val'],1.0,Counter({'val': 1}),val,f68d9819a0753d5f,True,hirise_clean,0,C:\Users\deves\OneDrive\Desktop\Projects\TCMD-SS\data\raw\hirise_v3_2\map-proj-v3_2\ESP_016570_2050_RED-0035.jpg
map-proj-v3_2/ESP_016570_2050_RED-0036.jpg,ok,,JPEG,227.0,227.0,L,1.0,1.0,normal,other,val,esp_016570_2050_red-0036,[],e8b86206331be42548c4ec8f5013f0095e54b2d578a8cce6a80b0687bbcdd22e,698b921b04b38785bc5fc73ae0fdb77938700341d0180a416152e753b03cb452,8fe330cdc7c33219,118.63356556502164,75.69206799441166,52688dc9421879f0,[],0.0,esp_016570_2050,['val'],1.0,Counter({'val': 1}),val,f68d9819a0753d5f,True,hirise_clean,0,C:\Users\deves\OneDrive\Desktop\Projects\TCMD-SS\data\raw\hirise_v3_2\map-proj-v3_2\ESP_016570_2050_RED-0036.jpg
map-proj-v3_2/ESP_016570_2050_RED-0040.jpg,ok,,JPEG,227.0,227.0,L,1.0,1.0,normal,other,val,esp_016570_2050_red-0040,[],cdaf935e16ed9459acd791a40734ff4d4fcc52ad86177492f6052168241f563a,643991d66c315f3c18a74c6269a7e4105203ab56c8763a7bfb7055da55175888,a6ce9b90c794fc81,201.63441945312348,16.45447231885629,78d815bfa833172f,[],0.0,esp_016570_2050,['val'],1.0,Counter({'val': 1}),val,f68d9819a0753d5f,True,hirise_clean,0,C:\Users\deves\OneDrive\Desktop\Projects\TCMD-SS\data\raw\hirise_v3_2\map-proj-v3_2\ESP_016570_2050_RED-0040.jpg
map-proj-v3_2/ESP_016570_2050_RED-0046.jpg,ok,,JPEG,227.0,227.0,L,1.0,1.0,normal,other,val,esp_016570_2050_red-0046,[],59fd2349cb6c1a8f3ccd284801ff8ce16039de0b1bbfeadf73674102ccbbe54c,5008b3fd6b0e853faa558afec813246310d678bfad4e14ddc423d152c542df1b,a37a99879c6703c3,210.5320887267364,18.498553862625293,ae9b48c8978d56b3,[],0.0,esp_016570_2050,['val'],1.0,Counter({'val': 1}),val,f68d9819a0753d5f,True,hirise_clean,0,C:\Users\deves\OneDrive\Desktop\Projects\TCMD-SS\data\raw\hirise_v3_2\map-proj-v3_2\ESP_016570_2050_RED-0046.jpg
map-proj-v3_2/ESP_016570_2050_RED-0047.jpg,ok,,JPEG,227.0,227.0,L,1.0,1.0,normal,other,val,esp_016570_2050_red-0047,[],a3e9f84dd3765c3ff748a399955e0fb848d9ab23c1847fd6971bee2c6b4c8023,8e13e238ed7d798e6e9acc8664839a7b5d18ac7a594edad956563dad6924027c,81e099e1d8f2e4f9,108.17168972811426,50.834518079698405,861513431463deab,[],0.0,esp_016570_2050,['val'],1.0,Counter({'val': 1}),val,f68d9819a0753d5f,True,hirise_clean,0,C:\Users\deves\OneDrive\Desktop\Projects\TCMD-SS\data\raw\hirise_v3_2\map-proj-v3_2\ESP_016570_2050_RED-0047.jpg
map-proj-v3_2/ESP_016570_2050_RED-0053.jpg,ok,,JPEG,227.0,227.0,L,1.0,1.0,normal,other,val,esp_016570_2050_red-0053,[],cff656c0dd7ab1af25975930e2514419d35382d3bc4b373af33792faa7831b64,b58dd406956935ccdb797f279fcd3b14537feb446ea36a38dfef4c805dafced9,87a1e8d4b4aad9c5,142.1296163325506,76.75599344729008,76753ea116911d21,[],0.0,esp_016570_2050,['val'],1.0,Counter({'val': 1}),val,f68d9819a0753d5f,True,hirise_clean,0,C:\Users\deves\OneDrive\Desktop\Projects\TCMD-SS\data\raw\hirise_v3_2\map-proj-v3_2\ESP_016570_2050_RED-0053.jpg
map-proj-v3_2/ESP_016570_2050_RED-0071.jpg,ok,,JPEG,227.0,227.0,L,1.0,1.0,normal,other,val,esp_016570_2050_red-0071,[],dac11b8782dfc200e618bf09949a66331292e446db2286f71dec3ecf042ca4ce,32ffab38430a43689404cb6cebbe0f5f70f0b9e610af600e5cc2533bfaed3e84,8ec7716649634cd9,138.5120417628908,97.16448566081657,30b8b324343d74b0,[],0.0,esp_016570_2050,['val'],1.0,Counter({'val': 1}),val,f68d9819a0753d5f,True,hirise_clean,0,C:\Users\deves\OneDrive\Desktop\Projects\TCMD-SS\data\raw\hirise_v3_2\map-proj-v3_2\ESP_016570_2050_RED-0071.jpg
map-proj-v3_2/ESP_016570_2050_RED-0072.jpg,ok,,JPEG,227.0,227.0,L,1.0,1.0,normal,other,val,esp_016570_2050_red-0072,[],14b6f9c59ff4e1f836a02bbaf0d6db701c829ed5fb6e23dcb0e4a3d1645f864c,262a002b248e24f28a8e2cf92ce0886e6deef0c42dd72813422190755e7cf64a,dbcd266cb2614c93,86.93549263521513,60.97424916676885,10c20c3ce792e7c8,[],0.0,esp_016570_2050,['val'],1.0,Counter({'val': 1}),val,f68d9819a0753d5f,True,hirise_clean,0,C:\Users\deves\OneDrive\Desktop\Projects\TCMD-SS\data\raw\hirise_v3_2\map-proj-v3_2\ESP_016570_2050_RED-0072.jpg
map-proj-v3_2/ESP_016570_2050_RED-0074.jpg,ok,,JPEG,227.0,227.0,L,1.0,1.0,normal,slope streak,val,esp_016570_2050_red-0074,[],d56cccf1aee31f7f732559659629d21c7fca94b768a07536c3cca4986f0f162b,2405e2142ba0489ec1d673ac86d1d33e5c75b50db5e169b07cac38ea957c6b72,c4a203a3ccf4e6fc,172.426420074133,19.790279692961985,04f77130a3b64ff4,[],3.0,esp_016570_2050,['val'],1.0,Counter({'val': 1}),val,f68d9819a0753d5f,True,hirise_clean,0,C:\Users\deves\OneDrive\Desktop\Projects\TCMD-SS\data\raw\hirise_v3_2\map-proj-v3_2\ESP_016570_2050_RED-0074.jpg
map-proj-v3_2/ESP_016570_2050_RED-0075.jpg,ok,,JPEG,227.0,227.0,L,1.0,1.0,normal,other,val,esp_016570_2050_red-0075,[],620a179898b774986d10534cad7bdd875b541a4d35f3095dc7432ce4edba9f2a,bed7a3d96d2e62b970412bbc06df11fb0daa639593fd08abac8e93660da0ad72,cc9432cb2c38b7c7,188.54443129111763,15.678242987035611,bc42a0ebcd0e5218,[],0.0,esp_016570_2050,['val'],1.0,Counter({'val': 1}),val,f68d9819a0753d5f,True,hirise_clean,0,C:\Users\deves\OneDrive\Desktop\Projects\TCMD-SS\data\raw\hirise_v3_2\map-proj-v3_2\ESP_016570_2050_RED-0075.jpg
map-proj-v3_2/ESP_016570_2050_RED-0078.jpg,ok,,JPEG,227.0,227.0,L,1.0,1.0,normal,slope streak,val,esp_016570_2050_red-0078,[],8af06568f3bbfbfe8471511566d779abb309e81cd0fccb7b2867c29fa588e699,95e1cbcf18825225530377e98ed46442ee96d730e9b3922e643fc5e134f1397a,80fe02cbe8cfc467,176.03021599487667,20.78105664476365,cc3fb1164623368e,[],3.0,esp_016570_2050,['val'],1.0,Counter({'val': 1}),val,f68d9819a0753d5f,True,hirise_clean,0,C:\Users\deves\OneDrive\Desktop\Projects\TCMD-SS\data\raw\hirise_v3_2\map-proj-v3_2\ESP_016570_2050_RED-0078.jpg
map-proj-v3_2/ESP_016570_2050_RED-0079.jpg,ok,,JPEG,227.0,227.0,L,1.0,1.0,normal,other,val,esp_016570_2050_red-0079,[],f5c67a8ffd245bbbcdc74c6757f6375bf8dccd7821f67e8852b04cd5c43fe139,1b48adaf71121f071f263e2cbd0eced041fd91575df7188b48d703dc6457bfda,c96c3264dece9364,95.03335985561527,71.16748986675069,7446ead1401d9845,[],0.0,esp_016570_2050,['val'],1.0,Counter({'val': 1}),val,f68d9819a0753d5f,True,hirise_clean,0,C:\Users\deves\OneDrive\Desktop\Projects\TCMD-SS\data\raw\hirise_v3_2\map-proj-v3_2\ESP_016570_2050_RED-0079.jpg
map-proj-v3_2/ESP_016570_2050_RED-0080.jpg,ok,,JPEG,227.0,227.0,L,1.0,1.0,normal,other,val,esp_016570_2050_red-0080,[],fd11f203acad08119834f17e16186c141a7176af39da0edf5a55e861f3745350,2b3c418eb76a5c3dc436f9dd42157d76423e5ad627191a6eb92e914a3cd74887,c6e52699d90e3a39,173.70732985309243,19.607153671598525,775faa99a4af8a0f,[],0.0,esp_016570_2050,['val'],1.0,Counter({'val': 1}),val,f68d9819a0753d5f,True,hirise_clean,0,C:\Users\deves\OneDrive\Desktop\Projects\TCMD-SS\data\raw\hirise_v3_2\map-proj-v3_2\ESP_016570_2050_RED-0080.jpg
map-proj-v3_2/ESP_016570_2050_RED-0083.jpg,ok,,JPEG,227.0,227.0,L,1.0,1.0,normal,slope streak,val,esp_016570_2050_red-0083,[],5a47f2d6097f59c081d539e566a6e27cfac590c3f6d90b695f4163f7e090dc31,8c2927fdead8c3ca1f44a3df1edb06ca27b9bbf7468558cc9d083bd0c1146d98,88fec97f24398447,177.2461914650003,16.334140489513235,ce09e60030ccc269,[],3.0,esp_016570_2050,['val'],1.0,Counter({'val': 1}),val,f68d9819a0753d5f,True,hirise_clean,0,C:\Users\deves\OneDrive\Desktop\Projects\TCMD-SS\data\raw\hirise_v3_2\map-proj-v3_2\ESP_016570_2050_RED-0083.jpg
map-proj-v3_2/ESP_016570_2050_RED-0085.jpg,ok,,JPEG,227.0,227.0,L,1.0,1.0,normal,other,val,esp_016570_2050_red-0085,[],c1b27290e22b37ad6e0598607bf019a2bd77b9cfa56d2b67728e8026a0247be1,8bde24cef9987cd722fcabeb80099dfb72a8c3f2b7064a61298eb317c1158e09,c6e672512a2e7b52,165.7920782472006,13.288877817142057,de77f332c7c4756b,[],0.0,esp_016570_2050,['val'],1.0,Counter({'val': 1}),val,f68d9819a0753d5f,True,hirise_clean,0,C:\Users\deves\OneDrive\Desktop\Projects\TCMD-SS\data\raw\hirise_v3_2\map-proj-v3_2\ESP_016570_2050_RED-0085.jpg
map-proj-v3_2/ESP_016570_2050_RED-0087.jpg,ok,,JPEG,227.0,227.0,L,1.0,1.0,normal,slope streak,val,esp_016570_2050_red-0087,[],20811362236c9ca63fcee56068b11c7b4e7551f3a88c498ef2c2f6f3768f0954,ad508ced5f256a259f646dce73fc647b810ca0fe118246d2d1306eb6d2de17c1,ade826ca2fc9e682,183.8234198218479,14.61369689542008,5ce8267b0fa2c147,[],3.0,esp_016570_2050,['val'],1.0,Counter({'val': 1}),val,f68d9819a0753d5f,True,hirise_clean,0,C:\Users\deves\OneDrive\Desktop\Projects\TCMD-SS\data\raw\hirise_v3_2\map-proj-v3_2\ESP_016570_2050_RED-0087.jpg
map-proj-v3_2/ESP_016570_2050_RED-0090.jpg,ok,,JPEG,227.0,227.0,L,1.0,1.0,normal,other,val,esp_016570_2050_red-0090,[],ac92d83d277e2221e768ee62cdedfc9cb6c830330aa50f7660d6e65edbb26836,cb05e12683b487f804e3b0b16c28df37a5217156d71292cc16f2ea5037d63a4b,e4610b0f3b4a6b5d,164.86229113702964,14.918732818484242,b144cbcbb3500fc1,[],0.0,esp_016570_2050,['val'],1.0,Counter({'val': 1}),val,f68d9819a0753d5f,True,hirise_clean,0,C:\Users\deves\OneDrive\Desktop\Projects\TCMD-SS\data\raw\hirise_v3_2\map-proj-v3_2\ESP_016570_2050_RED-0090.jpg
map-proj-v3_2/ESP_016570_2050_RED-0092.jpg,ok,,JPEG,227.0,227.0,L,1.0,1.0,normal,slope streak,val,esp_016570_2050_red-0092,[],362e49f8385d36101eb0fb0b46ab1125a4bc01940d2de52f2e027b695a13bcd2,dc4b8b93f66e9197852a5ca5bffc0cfb03b3835fee4c9f3a25f9222921e7037b,a49a9b996a6d9272,187.13563236235905,10.835509965919195,bdb19499e8a86899,[],3.0,esp_016570_2050,['val'],1.0,Counter({'val': 1}),val,f68d9819a0753d5f,True,hirise_clean,0,C:\Users\deves\OneDrive\Desktop\Projects\TCMD-SS\data\raw\hirise_v3_2\map-proj-v3_2\ESP_016570_2050_RED-0092.jpg
map-proj-v3_2/ESP_016570_2050_RED-0094.jpg,ok,,JPEG,227.0,227.0,L,1.0,1.0,normal,other,val,esp_016570_2050_red-0094,[],f3e921146dcf2b75d4eda3369e8dd9a359af6ac038134ff950fcd77d180a8511,f658f346f1e57aa9128a9f53b7391a9cc2b1ebd8cefb740a77a0b2c24af16645,8fc3ccc939e681e8,100.60492150051428,62.70872778638552,00806960ca2e6b07,[],0.0,esp_016570_2050,['val'],1.0,Counter({'val': 1}),val,f68d9819a0753d5f,True,hirise_clean,0,C:\Users\deves\OneDrive\Desktop\Projects\TCMD-SS\data\raw\hirise_v3_2\map-proj-v3_2\ESP_016570_2050_RED-0094.jpg
map-proj-v3_2/ESP_016570_2050_RED-0097.jpg,ok,,JPEG,227.0,227.0,L,1.0,1.0,normal,slope streak,val,esp_016570_2050_red-0097,[],f519a5a32934156a8c3e5a7d658d0f0916056b2e326c04b6bd63d28d28dc7182,6e5b64277601dc21bdd87dc82630ca6b498074dba2f362e3d917d776b67ca51b,e4cb96658b5a9195,172.7519843195094,17.90269474303636,8fa234ce6a5dd8bc,[],3.0,esp_016570_2050,['val'],1.0,Counter({'val': 1}),val,f68d9819a0753d5f,True,hirise_clean,0,C:\Users\deves\OneDrive\Desktop\Projects\TCMD-SS\data\raw\hirise_v3_2\map-proj-v3_2\ESP_016570_2050_RED-0097.jpg
map-proj-v3_2/ESP_016570_2050_RED-0098.jpg,ok,,JPEG,227.0,227.0,L,1.0,1.0,normal,slope streak,val,esp_016570_2050_red-0098,[],1b30d682514bd2a065366fc87045a07e856a087ab7e6dfc074acb01139ce2200,4c701415eb798e67688633c3767e89f8613207c36dd8d6106c6946898db64912,accad8aa7849da5a,190.37279978264667,10.896903437896029,924fe3ddc6f10aaf,[],3.0,esp_016570_2050,['val'],1.0,Counter({'val': 1}),val,f68d9819a0753d5f,True,hirise_clean,0,C:\Users\deves\OneDrive\Desktop\Projects\TCMD-SS\data\raw\hirise_v3_2\map-proj-v3_2\ESP_016570_2050_RED-0098.jpg
map-proj-v3_2/ESP_016570_2050_RED-0099.jpg,ok,,JPEG,227.0,227.0,L,1.0,1.0,normal,other,val,esp_016570_2050_red-0099,[],7711b0fe767abdc46736266a335d31440a733a1d08ef5c0f8a1fa7ebc1e0fb22,4145c41716ce4a0e4ee40a2d44b5fbb804cc999a3af28698aea61cb4e44e8ca1,8fe399c1e2e2a9b0,104.37755438685012,63.38393988008531,11d979e42de0d5da,[],0.0,esp_016570_2050,['val'],1.0,Counter({'val': 1}),val,f68d9819a0753d5f,True,hirise_clean,0,C:\Users\deves\OneDrive\Desktop\Projects\TCMD-SS\data\raw\hirise_v3_2\map-proj-v3_2\ESP_016570_2050_RED-0099.jpg
map-proj-v3_2/ESP_016570_2050_RED-0104.jpg,ok,,JPEG,227.0,227.0,L,1.0,1.0,normal,slope streak,val,esp_016570_2050_red-0104,[],ccc4e27e64c0719a5d4ab7029c8cd9d23a88c3d4411fa929238b6ec89582e602,a10b5661da592b4e280a33e0e6659b580178382ef3e39e6c412e069e96bd8f5e,b5a2c3e33c1cd874,196.5459450018436,11.422150151503342,913d4bf634325b18,[],3.0,esp_016570_2050,['val'],1.0,Counter({'val': 1}),val,f68d9819a0753d5f,True,hirise_clean,0,C:\Users\deves\OneDrive\Desktop\Projects\TCMD-SS\data\raw\hirise_v3_2\map-proj-v3_2\ESP_016570_2050_RED-0104.jpg
map-proj-v3_2/ESP_016570_2050_RED-0106.jpg,ok,,JPEG,227.0,227.0,L,1.0,1.0,normal,slope streak,val,esp_016570_2050_red-0106,[],4733d959e499c1ab5ed74642310bb5829a7abb73f06942d8bb587893ccff11bd,b6e28e905368fe7d0d5ee1c88ab4568e4499ccd9d29d2d3b621c2f27f8aade73,fe1f91d078b29350,194.24520173106407,13.809725241603385,a07e8a1f65be22e4,[],3.0,esp_016570_2050,['val'],1.0,Counter({'val': 1}),val,f68d9819a0753d5f,True,hirise_clean,0,C:\Users\deves\OneDrive\Desktop\Projects\TCMD-SS\data\raw\hirise_v3_2\map-proj-v3_2\ESP_016570_2050_RED-0106.jpg
map-proj-v3_2/ESP_016570_2050_RED-0108.jpg,ok,,JPEG,227.0,227.0,L,1.0,1.0,normal,slope streak,val,esp_016570_2050_red-0108,[],cdeaf240f3873c7277d16a2f10b26f33b6fba25790d9c3c46d61d1cac7da3787,14b120b709f93f05709daf01cd76da46e0d00e62c540db6c51047c3f065df1c9,8c26a99d4abb9157,193.4030934037144,12.244404713003563,8a47055de54c5c44,[],3.0,esp_016570_2050,['val'],1.0,Counter({'val': 1}),val,f68d9819a0753d5f,True,hirise_clean,0,C:\Users\deves\OneDrive\Desktop\Projects\TCMD-SS\data\raw\hirise_v3_2\map-proj-v3_2\ESP_016570_2050_RED-0108.jpg
map-proj-v3_2/ESP_016570_2050_RED-0120.jpg,ok,,JPEG,227.0,227.0,L,1.0,1.0,normal,slope streak,val,esp_016570_2050_red-0120,[],cd33992c26e32d346df9ca89252df2c075925bd1ced314a32b4a5ce49065d61c,f3ba2e1499bb8a1b2604073f8e7ed659953e381822543c5dbf1440a269e673f8,8327994d69996e66,194.11121892526535,16.657932883349982,ed956c4d83df1528,[],3.0,esp_016570_2050,['val'],1.0,Counter({'val': 1}),val,f68d9819a0753d5f,True,hirise_clean,0,C:\Users\deves\OneDrive\Desktop\Projects\TCMD-SS\data\raw\hirise_v3_2\map-proj-v3_2\ESP_016570_2050_RED-0120.jpg
map-proj-v3_2/ESP_016570_2050_RED-0121.jpg,ok,,JPEG,227.0,227.0,L,1.0,1.0,normal,slope streak,val,esp_016570_2050_red-0121,[],01c262e0625660e6fc4327d7724499fdf9b937665fe24488ae9d67cd81609c20,0de50fcc474e4e7c33123b0b93a724dbabac3b12eb4bb80608fd7a304ef51bb5,a2c84fd9639287da,194.5411709910924,13.660630935018691,a3dfe2b60ae1fc13,[],3.0,esp_016570_2050,['val'],1.0,Counter({'val': 1}),val,f68d9819a0753d5f,True,hirise_clean,0,C:\Users\deves\OneDrive\Desktop\Projects\TCMD-SS\data\raw\hirise_v3_2\map-proj-v3_2\ESP_016570_2050_RED-0121.jpg
map-proj-v3_2/ESP_016570_2050_RED-0127.jpg,ok,,JPEG,227.0,227.0,L,1.0,1.0,normal,other,val,esp_016570_2050_red-0127,[],08c3e6d6f278c91edee487bb972c40652274da9ddc98d4da7b3107bb17ff0054,c25d0888ad90302435d68a1fd70fec719e0bcd4d11f39cc29e008a95f879a156,c07f9f592c520b35,115.72879349492518,41.85228533951875,48bcca6c550d4c9f,[],0.0,esp_016570_2050,['val'],1.0,Counter({'val': 1}),val,f68d9819a0753d5f,True,hirise_clean,0,C:\Users\deves\OneDrive\Desktop\Projects\TCMD-SS\data\raw\hirise_v3_2\map-proj-v3_2\ESP_016570_2050_RED-0127.jpg
map-proj-v3_2/ESP_016570_2050_RED-0129.jpg,ok,,JPEG,227.0,227.0,L,1.0,1.0,normal,slope streak,val,esp_016570_2050_red-0129,[],c13ade7a73f608f6545e14eb1d8acb0deb7858bd9b3249bf39f5e57cba997c6a,bb99bdcc5577c893204fb696dbb90e84ba370eb9181cbeac4256491d0600b50d,db6d90c8f20919f3,136.05530866114228,90.32644348752562,940d562ea597f9c7,[],3.0,esp_016570_2050,['val'],1.0,Counter({'val': 1}),val,f68d9819a0753d5f,True,hirise_clean,0,C:\Users\deves\OneDrive\Desktop\Projects\TCMD-SS\data\raw\hirise_v3_2\map-proj-v3_2\ESP_016570_2050_RED-0129.jpg
map-proj-v3_2/ESP_016570_2050_RED-0132.jpg,ok,,JPEG,227.0,227.0,L,1.0,1.0,normal,other,val,esp_016570_2050_red-0132,[],030a34e80772dde3701884be72d2c7188b62cc6414038816543123ad78cdaf50,f21fafa4920aff36fc564316fcfeb2af2c5bab9db37fe4c9169586fcbcee573d,c6da99e429a50db9,105.89580624502707,19.060159324102667,cf75597281b40682,[],0.0,esp_016570_2050,['val'],1.0,Counter({'val': 1}),val,f68d9819a0753d5f,True,hirise_clean,0,C:\Users\deves\OneDrive\Desktop\Projects\TCMD-SS\data\raw\hirise_v3_2\map-proj-v3_2\ESP_016570_2050_RED-0132.jpg
map-proj-v3_2/ESP_016570_2050_RED-0133.jpg,ok,,JPEG,227.0,227.0,L,1.0,1.0,normal,slope streak,val,esp_016570_2050_red-0133,[],abda7fe3b152827e5ec13198a7efea6e6e4f73cb27edf4fe3fa3ee417d25b482,5cd3fc94959bbde27e0bfcedb8447fbaa0436dc7e66a83c099eec71864c29eb4,87e8d88f746092de,192.11013215859032,11.498769516853338,01dbe57474b3afdc,[],3.0,esp_016570_2050,['val'],1.0,Counter({'val': 1}),val,f68d9819a0753d5f,True,hirise_clean,0,C:\Users\deves\OneDrive\Desktop\Projects\TCMD-SS\data\raw\hirise_v3_2\map-proj-v3_2\ESP_016570_2050_RED-0133.jpg
map-proj-v3_2/ESP_016570_2050_RED-0134.jpg,ok,,JPEG,227.0,227.0,L,1.0,1.0,normal,slope streak,val,esp_016570_2050_red-0134,[],1effc29143f76feb94b94af5ba4858ffffb1b3a330b416e8e9c59d0fff4baab8,77e4aeb9009792aceee8b76ecad131f1ee6610dd8da63375b88024b9efb94f15,a12a086b77dcd8c7,157.03856081041744,79.26974340516347,4484dae8cbf58eda,[],3.0,esp_016570_2050,['val'],1.0,Counter({'val': 1}),val,f68d9819a0753d5f,True,hirise_clean,0,C:\Users\deves\OneDrive\Desktop\Projects\TCMD-SS\data\raw\hirise_v3_2\map-proj-v3_2\ESP_016570_2050_RED-0134.jpg
map-proj-v3_2/ESP_018299_2245_RED-0012.jpg,ok,,JPEG,227.0,227.0,L,1.0,1.0,normal,other,train,esp_018299_2245_red-0012,[],a05c0c01605e30c662f4669916826ba0d8cf9d0ee9f5323d38bbfe480ea92c3f,91df9818c7a455ef651bcc76dcd9f4d788464a9c8d3437bbebe64e57d175937e,e129a7d7d450e07a,103.69052378272428,16.64646540706716,781153d1cbbb79d8,[],0.0,esp_018299_2245,['train'],1.0,Counter({'train': 1}),val,68f7375f9d5f9c50,True,hirise_clean,0,C:\Users\deves\OneDrive\Desktop\Projects\TCMD-SS\data\raw\hirise_v3_2\map-proj-v3_2\ESP_018299_2245_RED-0012.jpg
map-proj-v3_2/ESP_018299_2245_RED-0016.jpg,ok,,JPEG,227.0,227.0,L,1.0,1.0,normal,other,train,esp_018299_2245_red-0016,[],1ab9a35f47249bb51c2c2825dfd2cce0472bd59be186ea2756fec154646e468f,320fbd98e61ca6fc70149f42b8ea89252925dc73bc04c0896c8fd44c552585a8,88623f3ff0d09c56,101.7643462904384,16.885734051499536,57bf675f240df7e5,[],0.0,esp_018299_2245,['train'],1.0,Counter({'train': 1}),val,68f7375f9d5f9c50,True,hirise_clean,0,C:\Users\deves\OneDrive\Desktop\Projects\TCMD-SS\data\raw\hirise_v3_2\map-proj-v3_2\ESP_018299_2245_RED-0016.jpg
map-proj-v3_2/ESP_018299_2245_RED-0022.jpg,ok,,JPEG,227.0,227.0,L,1.0,1.0,normal,other,train,esp_018299_2245_red-0022,[],385deaf0a245d9a493d4ddebb5b40b452f4947f48f8da8eabee5f1e1882e606b,b0eb0c2831d8c6de72c2df2dce1928a02b984b8fe9e82a6517edaf3d4ae6f0b3,813ff11b6e03adc1,100.96013895088204,17.176739721483482,800d2826dec6cb56,[],0.0,esp_018299_2245,['train'],1.0,Counter({'train': 1}),val,68f7375f9d5f9c50,True,hirise_clean,0,C:\Users\deves\OneDrive\Desktop\Projects\TCMD-SS\data\raw\hirise_v3_2\map-proj-v3_2\ESP_018299_2245_RED-0022.jpg
map-proj-v3_2/ESP_018299_2245_RED-0028.jpg,ok,,JPEG,227.0,227.0,L,1.0,1.0,normal,other,train,esp_018299_2245_red-0028,[],0c7f017bc520334896453bf0a295a4727330efe97d6c64ae1bc2aca670925656,fdd7776c1610bb0b91367f56f86b8e1cc0cb112b0c32a26fa10533f9dff1ec04,9bfe6c07f2210473,113.3812804440218,16.876014338261307,88c87080f926ba11,[],0.0,esp_018299_2245,['train'],1.0,Counter({'train': 1}),val,68f7375f9d5f9c50,True,hirise_clean,0,C:\Users\deves\OneDrive\Desktop\Projects\TCMD-SS\data\raw\hirise_v3_2\map-proj-v3_2\ESP_018299_2245_RED-0028.jpg
map-proj-v3_2/ESP_018299_2245_RED-0029.jpg,ok,,JPEG,227.0,227.0,L,1.0,1.0,normal,other,train,esp_018299_2245_red-0029,[],a230f3b5eeaee45cb37a42074c41fd698c05d6e36ba097f9c1e30b214a80b826,5ff3d0b183e86ef5d04bb1f9a2e488e003314a7a968e180ea0d7c2a5e2e02bb7,92aba6bc15994557,122.6403384501931,16.84941427486868,9ac5b8d60adc055b,[],0.0,esp_018299_2245,['train'],1.0,Counter({'train': 1}),val,68f7375f9d5f9c50,True,hirise_clean,0,C:\Users\deves\OneDrive\Desktop\Projects\TCMD-SS\data\raw\hirise_v3_2\map-proj-v3_2\ESP_018299_2245_RED-0029.jpg
map-proj-v3_2/ESP_018299_2245_RED-0030.jpg,ok,,JPEG,227.0,227.0,L,1.0,1.0,normal,other,train,esp_018299_2245_red-0030,[],756550df091e581c71ec6823323b8d411ec3b59abc5e851b2c509375b5b12ed6,0061c4ac76402137c99b9d1995ebd719f69ed7f70443a38851221297ef85c3dd,87e1f09c9cc3e1b8,79.48201983349182,45.521506188743984,80c75992f22fcd0f,[],0.0,esp_018299_2245,['train'],1.0,Counter({'train': 1}),val,68f7375f9d5f9c50,True,hirise_clean,0,C:\Users\deves\OneDrive\Desktop\Projects\TCMD-SS\data\raw\hirise_v3_2\map-proj-v3_2\ESP_018299_2245_RED-0030.jpg
map-proj-v3_2/ESP_018299_2245_RED-0042.jpg,ok,,JPEG,227.0,227.0,L,1.0,1.0,normal,other,train,esp_018299_2245_red-0042,[],1cbd0ef0b8b85cf522b8c8f0888a10dd0c10652e5a7b8fa3af83f259cedc93f4,09c6763c36738d5b7b2259604a98cbb646d05d0b9888d4bccfc2b565684e7225,c1d843f487c35de4,100.87267364008616,15.923587165709986,a5ce547388c6b570,[],0.0,esp_018299_2245,['train'],1.0,Counter({'train': 1}),val,68f7375f9d5f9c50,True,hirise_clean,0,C:\Users\deves\OneDrive\Desktop\Projects\TCMD-SS\data\raw\hirise_v3_2\map-proj-v3_2\ESP_018299_2245_RED-0042.jpg
map-proj-v3_2/ESP_018299_2245_RED-0046.jpg,ok,,JPEG,227.0,227.0,L,1.0,1.0,normal,other,train,esp_018299_2245_red-0046,[],850782e275ec910ff4bad7e5a3608954e713dc9a8f37af3ae0aee993130c4077,94cdc0c85d7b5054759eececd31124d69dfbd59fb077f884918eef42bd9d5d3c,d881f5090ef67678,120.29084593141728,15.674942393956371,37a06132bf000d99,[],0.0,esp_018299_2245,['train'],1.0,Counter({'train': 1}),val,68f7375f9d5f9c50,True,hirise_clean,0,C:\Users\deves\OneDrive\Desktop\Projects\TCMD-SS\data\raw\hirise_v3_2\map-proj-v3_2\ESP_018299_2245_RED-0046.jpg
map-proj-v3_2/ESP_018299_2245_RED-0048.jpg,ok,,JPEG,227.0,227.0,L,1.0,1.0,normal,other,train,esp_018299_2245_red-0048,[],385b88453c98aff1cab67ce1201d26327d1f3bfc9591a0684d9e674e8c82d1e9,2cdb0c822aec0ccafb599ac2967323df8f68954af128982adb0114ac3edb90cb,bc4d46a1756338dc,130.72693046633935,16.930041361510966,e664eeaf506e9b8d,[],0.0,esp_018299_2245,['train'],1.0,Counter({'train': 1}),val,68f7375f9d5f9c50,True,hirise_clean,0,C:\Users\deves\OneDrive\Desktop\Projects\TCMD-SS\data\raw\hirise_v3_2\map-proj-v3_2\ESP_018299_2245_RED-0048.jpg
map-proj-v3_2/ESP_018299_2245_RED-0057.jpg,ok,,JPEG,227.0,227.0,L,1.0,1.0,normal,other,train,esp_018299_2245_red-0057,[],94c90ce44678c6662c65274ad2846289a7a740fe065107d5d5f59e5ac6df0d15,d4fb6e18a59f945e2093ac98c2bd9ed47d745aab021a76e77539c879341143ba,a06a66ca0fd7cea2,120.81982961051058,15.99717081986139,6a275d4e836c2a67,[],0.0,esp_018299_2245,['train'],1.0,Counter({'train': 1}),val,68f7375f9d5f9c50,True,hirise_clean,0,C:\Users\deves\OneDrive\Desktop\Projects\TCMD-SS\data\raw\hirise_v3_2\map-proj-v3_2\ESP_018299_2245_RED-0057.jpg
map-proj-v3_2/ESP_018299_2245_RED-0060.jpg,ok,,JPEG,227.0,227.0,L,1.0,1.0,normal,other,train,esp_018299_2245_red-0060,[],dd9ce41dd8f616708777fcdf725c762b8b66123eda01e985e48f368c82c78199,4a8e86d54fda98fdf03ad294dd40bcb7ec1509caf4d578f0804b09bc37b2ebc2,ab392df4e4f31640,121.10262182460362,16.53706198160119,0e5d6118e0df07a2,[],0.0,esp_018299_2245,['train'],1.0,Counter({'train': 1}),val,68f7375f9d5f9c50,True,hirise_clean,0,C:\Users\deves\OneDrive\Desktop\Projects\TCMD-SS\data\raw\hirise_v3_2\map-proj-v3_2\ESP_018299_2245_RED-0060.jpg
map-proj-v3_2/ESP_018299_2245_RED-0061.jpg,ok,,JPEG,227.0,227.0,L,1.0,1.0,normal,other,train,esp_018299_2245_red-0061,[],c81d90a39991053bc4374bf36e4206011ccd566de86541dfb571a6406633e2af,aaff7aa0c99aa3b3654a595aa9cce3ef67afe79e4fe7b5dfb4ecb89a39c97924,f81f48e11f0d13f2,129.9341923965146,17.00359830456957,b597f5369e42c897,[],0.0,esp_018299_2245,['train'],1.0,Counter({'train': 1}),val,68f7375f9d5f9c50,True,hirise_clean,0,C:\Users\deves\OneDrive\Desktop\Projects\TCMD-SS\data\raw\hirise_v3_2\map-proj-v3_2\ESP_018299_2245_RED-0061.jpg
map-proj-v3_2/ESP_018299_2245_RED-0074.jpg,ok,,JPEG,227.0,227.0,L,1.0,1.0,normal,other,train,esp_018299_2245_red-0074,[],197d84cad941bde9b3d5becfbe7dd02c07d7403e492dd5d34cb88c2bd47015de,b38ec4228be8ed3eb33ffc76885ea8e50f654daeeabd83f877c715734d6e0ba8,b0c54fb874ce0778,123.6265209881814,14.745422853460507,dd4441dd8f20b178,[],0.0,esp_018299_2245,['train'],1.0,Counter({'train': 1}),val,68f7375f9d5f9c50,True,hirise_clean,0,C:\Users\deves\OneDrive\Desktop\Projects\TCMD-SS\data\raw\hirise_v3_2\map-proj-v3_2\ESP_018299_2245_RED-0074.jpg
map-proj-v3_2/ESP_018299_2245_RED-0081.jpg,ok,,JPEG,227.0,227.0,L,1.0,1.0,normal,other,train,esp_018299_2245_red-0081,[],ec9ad6dade928768b840501afd2e5d8e7d2e9744e0afa6a950dbf30a76378395,e4bfc1993aad580a972dccad52579a6099be1aa345178f720ee57e4606c34b49,caa35c321949fe66,106.16175357565642,17.187660808276714,397ccd9c6f5d9a2b,[],0.0,esp_018299_2245,['train'],1.0,Counter({'train': 1}),val,68f7375f9d5f9c50,True,hirise_clean,0,C:\Users\deves\OneDrive\Desktop\Projects\TCMD-SS\data\raw\hirise_v3_2\map-proj-v3_2\ESP_018299_2245_RED-0081.jpg
map-proj-v3_2/ESP_018299_2245_RED-0085.jpg,ok,,JPEG,227.0,227.0,L,1.0,1.0,normal,other,train,esp_018299_2245_red-0085,[],45e72796207d652d8008c303c8261d753b1791047056cbd2d3ea691a9c6cca86,913d57ed6799f6b6f179320a5d35d89c1506376666bf79cf94fd7f64f0b1fa48,98f96a97652c0673,106.82363329387336,15.83916473497062,7b335887896ed75a,[],0.0,esp_018299_2245,['train'],1.0,Counter({'train': 1}),val,68f7375f9d5f9c50,True,hirise_clean,0,C:\Users\deves\OneDrive\Desktop\Projects\TCMD-SS\data\raw\hirise_v3_2\map-proj-v3_2\ESP_018299_2245_RED-0085.jpg
map-proj-v3_2/ESP_018299_2245_RED-0091.jpg,ok,,JPEG,227.0,227.0,L,1.0,1.0,normal,other,train,esp_018299_2245_red-0091,[],ed40b33b182e90f6d11f2b4f07632de75ebfd033198c251d2a0830493824f144,1b8a57a959f91ebeb255702e3542167da5d70d2b01424240c2c5eb9b56a88c90,f8a16633b954b8a9,125.75161559510178,15.419458704127209,914dbe244e9ebea3,[],0.0,esp_018299_2245,['train'],1.0,Counter({'train': 1}),val,68f7375f9d5f9c50,True,hirise_clean,0,C:\Users\deves\OneDrive\Desktop\Projects\TCMD-SS\data\raw\hirise_v3_2\map-proj-v3_2\ESP_018299_2245_RED-0091.jpg
map-proj-v3_2/ESP_018299_2245_RED-0109.jpg,ok,,JPEG,227.0,227.0,L,1.0,1.0,normal,other,train,esp_018299_2245_red-0109,[],335b2298335ef5f6a771f153917613b36f1d14a9cbd71a8475c111602d51d082,af4645593cd271ec125b847b4ca81740773888d980ef6d1d16e3cdf51ab47575,d836e7915c4aa3a3,125.90640222010906,16.31713992839165,0e5d6d764b151878,[],0.0,esp_018299_2245,['train'],1.0,Counter({'train': 1}),val,68f7375f9d5f9c50,True,hirise_clean,0,C:\Users\deves\OneDrive\Desktop\Projects\TCMD-SS\data\raw\hirise_v3_2\map-proj-v3_2\ESP_018299_2245_RED-0109.jpg
map-proj-v3_2/ESP_018299_2245_RED-0112.jpg,ok,,JPEG,227.0,227.0,L,1.0,1.0,normal,other,train,esp_018299_2245_red-0112,[],710b47f01207da2dda0714c8a3630a34a33e0aadf48de82bef229917c60ef400,99914c04c4d9481244611465a4d85c2f32caadf471265b5a0e77dd135bf953ad,c9230b6cfeef0988,122.118651633061,15.416217932689037,228870179aacc978,[],0.0,esp_018299_2245,['train'],1.0,Counter({'train': 1}),val,68f7375f9d5f9c50,True,hirise_clean,0,C:\Users\deves\OneDrive\Desktop\Projects\TCMD-SS\data\raw\hirise_v3_2\map-proj-v3_2\ESP_018299_2245_RED-0112.jpg
map-proj-v3_2/ESP_018299_2245_RED-0113.jpg,ok,,JPEG,227.0,227.0,L,1.0,1.0,normal,other,train,esp_018299_2245_red-0113,[],cecf7e001da1c67559457d2929b5f9934139522c34e9e5d16ed9e5add264b07c,642eab9a345c5c2a75ea80c08cfc0a7f2c6ee99cecd785364a3ceeb8467c3f0a,f14323551c86e737,124.77839663102333,16.79203308105478,b3fde25029d47a2a,[],0.0,esp_018299_2245,['train'],1.0,Counter({'train': 1}),val,68f7375f9d5f9c50,True,hirise_clean,0,C:\Users\deves\OneDrive\Desktop\Projects\TCMD-SS\data\raw\hirise_v3_2\map-proj-v3_2\ESP_018299_2245_RED-0113.jpg
map-proj-v3_2/ESP_018299_2245_RED-0118.jpg,ok,,JPEG,227.0,227.0,L,1.0,1.0,normal,other,train,esp_018299_2245_red-0118,[],794c7d846ac2d9112834c7a7eb11dfc2baa22ed1a37c3287a81ed0e167b378ec,fb91495d312398b62670e9bdaee5e0bb2dde5705e472299b754d7df19071c2f3,d9643633198e46f9,115.71777057579229,18.21867219752302,877bfae92269c534,[],0.0,esp_018299_2245,['train'],1.0,Counter({'train': 1}),val,68f7375f9d5f9c50,True,hirise_clean,0,C:\Users\deves\OneDrive\Desktop\Projects\TCMD-SS\data\raw\hirise_v3_2\map-proj-v3_2\ESP_018299_2245_RED-0118.jpg
map-proj-v3_2/ESP_018299_2245_RED-0121.jpg,ok,,JPEG,227.0,227.0,L,1.0,1.0,normal,other,train,esp_018299_2245_red-0121,[],b4886e5702a3a2f5b673690c0bf888bb25aca578593e7736079dd43ee04c1546,58e4b0a34b8bbcb0e920b58f860a70ca85555afdd4ecd680cc3539592f441a97,8fc36063382cbebc,81.90273438258069,52.83239479684998,42d44b106db608af,[],0.0,esp_018299_2245,['train'],1.0,Counter({'train': 1}),val,68f7375f9d5f9c50,True,hirise_clean,0,C:\Users\deves\OneDrive\Desktop\Projects\TCMD-SS\data\raw\hirise_v3_2\map-proj-v3_2\ESP_018299_2245_RED-0121.jpg
map-proj-v3_2/ESP_018299_2245_RED-0133.jpg,ok,,JPEG,227.0,227.0,L,1.0,1.0,normal,other,train,esp_018299_2245_red-0133,[],212206ca9465bc2ec2a0cb6da676470c99eb599f2a380cf586042edd2b22653d,b9bc2ff702607e8e5920aca44ef75b2ec5f748da1c946884451898d8bf143416,e7ace86b81b6a314,107.54454773040425,16.993685415305006,d336d3264354053a,[],0.0,esp_018299_2245,['train'],1.0,Counter({'train': 1}),val,68f7375f9d5f9c50,True,hirise_clean,0,C:\Users\deves\OneDrive\Desktop\Projects\TCMD-SS\data\raw\hirise_v3_2\map-proj-v3_2\ESP_018299_2245_RED-0133.jpg
map-proj-v3_2/ESP_018299_2245_RED-0139.jpg,ok,,JPEG,227.0,227.0,L,1.0,1.0,normal,other,train,esp_018299_2245_red-0139,[],4b03ba52c811e7e6e77c5a6654757ad0b0c20879986c691bbece9084d2c48e58,e17260b222d825192051b4e6045774827b8f7309ae35ce565bb92ab2f5191827,96bf69b6164901b6,125.07999378990472,16.740766428175554,97d5d14ead8f255b,[],0.0,esp_018299_2245,['train'],1.0,Counter({'train': 1}),val,68f7375f9d5f9c50,True,hirise_clean,0,C:\Users\deves\OneDrive\Desktop\Projects\TCMD-SS\data\raw\hirise_v3_2\map-proj-v3_2\ESP_018299_2245_RED-0139.jpg
map-proj-v3_2/ESP_018299_2245_RED-0152.jpg,ok,,JPEG,227.0,227.0,L,1.0,1.0,normal,other,train,esp_018299_2245_red-0152,[],f3e1dfcd651b82bb6365f4d3d0de7874ac3f27f23a004959703b21281c75143c,a8d4918d878dd6586f7267731597530dfec9c1163f9414ba06e6379b0300a580,8ec771d611322b73,70.0654388790778,51.229520443511895,a5226d23a26dcdaa,[],0.0,esp_018299_2245,['train'],1.0,Counter({'train': 1}),val,68f7375f9d5f9c50,True,hirise_clean,0,C:\Users\deves\OneDrive\Desktop\Projects\TCMD-SS\data\raw\hirise_v3_2\map-proj-v3_2\ESP_018299_2245_RED-0152.jpg
map-proj-v3_2/ESP_018299_2245_RED-0158.jpg,ok,,JPEG,227.0,227.0,L,1.0,1.0,normal,other,train,esp_018299_2245_red-0158,[],750a2ba2348ea9642b75361ed6c7aa508625e999325078f5cd724a496f0c2f96,21ccb99231f223d27ad38f98a317471096321160d0b17c70eb535ab168503da5,9f9023a5444bdceb,105.781365832832,17.74626770385384,789bc5fe674f334a,[],0.0,esp_018299_2245,['train'],1.0,Counter({'train': 1}),val,68f7375f9d5f9c50,True,hirise_clean,0,C:\Users\deves\OneDrive\Desktop\Projects\TCMD-SS\data\raw\hirise_v3_2\map-proj-v3_2\ESP_018299_2245_RED-0158.jpg
map-proj-v3_2/ESP_018299_2245_RED-0163.jpg,ok,,JPEG,227.0,227.0,L,1.0,1.0,normal,other,train,esp_018299_2245_red-0163,[],49b1080429105598e4754c38e33f88bc4b6ee16e06f3cc4857d53bc074cedaf2,ee09a9f6fe242ac0ac7dc69c1b27e5d2f9d64b87c7b4e658853e48d9d8171387,bcae0db1b88c55d8,108.97834229268956,16.516726775776107,26248849402891cf,[],0.0,esp_018299_2245,['train'],1.0,Counter({'train': 1}),val,68f7375f9d5f9c50,True,hirise_clean,0,C:\Users\deves\OneDrive\Desktop\Projects\TCMD-SS\data\raw\hirise_v3_2\map-proj-v3_2\ESP_018299_2245_RED-0163.jpg
map-proj-v3_2/ESP_018299_2245_RED-0168.jpg,ok,,JPEG,227.0,227.0,L,1.0,1.0,normal,other,train,esp_018299_2245_red-0168,[],2dffdd4f74e2ab61030d29dc0e2982decca402be63b4dcbae09c5bd76df94bb3,14613e6ebee60d7e94c6e90ad1b91aa84d3c731c7812d6bdabf9033d608c715d,809eb9a288dbe2f5,107.39098371790642,16.856465314198246,2a2338fb61bd02d6,[],0.0,esp_018299_2245,['train'],1.0,Counter({'train': 1}),val,68f7375f9d5f9c50,True,hirise_clean,0,C:\Users\deves\OneDrive\Desktop\Projects\TCMD-SS\data\raw\hirise_v3_2\map-proj-v3_2\ESP_018299_2245_RED-0168.jpg
map-proj-v3_2/ESP_018299_2245_RED-0182.jpg,ok,,JPEG,227.0,227.0,L,1.0,1.0,normal,other,train,esp_018299_2245_red-0182,[],19c43518a0e0fb3fde94c025580f7e141ec54d810566c8f0b998ce1866221faf,3d7914d3c7baf9e347ec9719279252b70bd3a52a3d7979125b5aa554fffe241a,8ec727c7c9a2a6a1,71.5667682276,50.69095530635813,819287526cbbce65,[],0.0,esp_018299_2245,['train'],1.0,Counter({'train': 1}),val,68f7375f9d5f9c50,True,hirise_clean,0,C:\Users\deves\OneDrive\Desktop\Projects\TCMD-SS\data\raw\hirise_v3_2\map-proj-v3_2\ESP_018299_2245_RED-0182.jpg
map-proj-v3_2/ESP_018299_2245_RED-0183.jpg,ok,,JPEG,227.0,227.0,L,1.0,1.0,normal,other,train,esp_018299_2245_red-0183,[],f67febbe27de11e21a123192e71ca1e5dc7e5c00c484ac268959a8c2d69ca188,38148e324900ac37cb85eebff4e77c95b4328ca91b6468b0fb138992bcaf6cc4,c335770aed141e8b,109.7028081274622,15.784863775920964,81d86cf5973d1551,[],0.0,esp_018299_2245,['train'],1.0,Counter({'train': 1}),val,68f7375f9d5f9c50,True,hirise_clean,0,C:\Users\deves\OneDrive\Desktop\Projects\TCMD-SS\data\raw\hirise_v3_2\map-proj-v3_2\ESP_018299_2245_RED-0183.jpg
map-proj-v3_2/ESP_018299_2245_RED-0186.jpg,ok,,JPEG,227.0,227.0,L,1.0,1.0,normal,other,train,esp_018299_2245_red-0186,[],7cad070eb519c51304086826edf477594fe8375691f134ca10a3db67dea38835,acc17c4a57523aa471a25e56a598acb4c564c026af49f7d68951513b8f8ba50a,e397e10c48f64fe0,129.74406644801957,16.782167578739404,f4cbc44ae97624ac,[],0.0,esp_018299_2245,['train'],1.0,Counter({'train': 1}),val,68f7375f9d5f9c50,True,hirise_clean,0,C:\Users\deves\OneDrive\Desktop\Projects\TCMD-SS\data\raw\hirise_v3_2\map-proj-v3_2\ESP_018299_2245_RED-0186.jpg
map-proj-v3_2/ESP_018299_2245_RED-0193.jpg,ok,,JPEG,227.0,227.0,L,1.0,1.0,normal,impact ejecta,train,esp_018299_2245_red-0193,[],cd55db372d60c0de25942f32db399bf5b9acb364141c232d22780b1b3d05ba7b,ac5057ff79fba98103601e0a20566bc8e92152bc0fdb57edceeea5d83af371ca,e6e4c3b754403ed2,126.60173882668012,16.787934685317595,2f9c29c1e53d4015,[],5.0,esp_018299_2245,['train'],1.0,Counter({'train': 1}),val,68f7375f9d5f9c50,True,hirise_clean,0,C:\Users\deves\OneDrive\Desktop\Projects\TCMD-SS\data\raw\hirise_v3_2\map-proj-v3_2\ESP_018299_2245_RED-0193.jpg
map-proj-v3_2/ESP_018299_2245_RED-0202.jpg,ok,,JPEG,227.0,227.0,L,1.0,1.0,normal,other,train,esp_018299_2245_red-0202,[],276111387361fa8b7366c4c9e53efa55528a99545ffeca6ee1c6820f72d8c186,ea8514808934bce49eb04f319d2617bbeca9b9117c36a8a04129c17d49823332,da69257988f23ccc,89.46599002503444,57.50484609972715,1093f87757221aca,[],0.0,esp_018299_2245,['train'],1.0,Counter({'train': 1}),val,68f7375f9d5f9c50,True,hirise_clean,0,C:\Users\deves\OneDrive\Desktop\Projects\TCMD-SS\data\raw\hirise_v3_2\map-proj-v3_2\ESP_018299_2245_RED-0202.jpg
map-proj-v3_2/ESP_018299_2245_RED-0207.jpg,ok,,JPEG,227.0,227.0,L,1.0,1.0,normal,other,train,esp_018299_2245_red-0207,[],644a41569ba5a11619cea9b5a3339b9c7af7710a4aed04281ee864da9a2959af,561b5814ad12bda512df11196de8d550d3785da4c4ad9e4bbea62c06de22beca,de8765b93cfa2108,129.0950726775214,16.56109923695778,7d3b636d4a8f9815,[],0.0,esp_018299_2245,['train'],1.0,Counter({'train': 1}),val,68f7375f9d5f9c50,True,hirise_clean,0,C:\Users\deves\OneDrive\Desktop\Projects\TCMD-SS\data\raw\hirise_v3_2\map-proj-v3_2\ESP_018299_2245_RED-0207.jpg
map-proj-v3_2/ESP_018299_2245_RED-0208.jpg,ok,,JPEG,227.0,227.0,L,1.0,1.0,normal,other,train,esp_018299_2245_red-0208,[],a336291805bcaaa0b0e6b4a6304106664902c636effd7cb910ea772dda506433,2d4c486999cd20bc3007bdad59cc1d4b911890beee1f0a577b84dc906700f2b8,bcb4034bad27f0d4,128.2882454540162,17.037990212661388,32b7fa77400ec9bc,[],0.0,esp_018299_2245,['train'],1.0,Counter({'train': 1}),val,68f7375f9d5f9c50,True,hirise_clean,0,C:\Users\deves\OneDrive\Desktop\Projects\TCMD-SS\data\raw\hirise_v3_2\map-proj-v3_2\ESP_018299_2245_RED-0208.jpg
map-proj-v3_2/ESP_018299_2245_RED-0220.jpg,ok,,JPEG,227.0,227.0,L,1.0,1.0,normal,other,train,esp_018299_2245_red-0220,[],139de0860e1cf744a09f328e6a771dacc26e436aa6caa5a6071125b3792b750c,d8e5a7bc897d5c14ac093aeca09a7f2c9c5b10d5a0c4dab69d29851cf9d7cddd,d55a2e43be097a58,108.869743251373,45.2362837436194,49a52e793934717c,[],0.0,esp_018299_2245,['train'],1.0,Counter({'train': 1}),val,68f7375f9d5f9c50,True,hirise_clean,0,C:\Users\deves\OneDrive\Desktop\Projects\TCMD-SS\data\raw\hirise_v3_2\map-proj-v3_2\ESP_018299_2245_RED-0220.jpg
map-proj-v3_2/ESP_018299_2245_RED-0225.jpg,ok,,JPEG,227.0,227.0,L,1.0,1.0,normal,other,train,esp_018299_2245_red-0225,[],b57c56704c02225ce76d91be662685e21a7ac376bf29ebf9b616238fed484b5d,68757add9c233d7099404957b6a3cd6f7a6c6ce264ccfa8c579f59789980db34,a9158972dbec22e3,116.19350268780688,16.95491507595302,93058a0394f5883e,[],0.0,esp_018299_2245,['train'],1.0,Counter({'train': 1}),val,68f7375f9d5f9c50,True,hirise_clean,0,C:\Users\deves\OneDrive\Desktop\Projects\TCMD-SS\data\raw\hirise_v3_2\map-proj-v3_2\ESP_018299_2245_RED-0225.jpg
map-proj-v3_2/ESP_018299_2245_RED-0231.jpg,ok,,JPEG,227.0,227.0,L,1.0,1.0,normal,other,train,esp_018299_2245_red-0231,[],93b1141ab61502a8eef1f8f8c259fbba084925f2af52093365804a3e7c9a0d0a,fc575873dc904ac2242cba0377d9938c56a3cff95f0aafb0e18e494081d9894f,80ff2f64b35309ac,113.79458169186285,29.829770106374024,215c74e7f648c63c,[],0.0,esp_018299_2245,['train'],1.0,Counter({'train': 1}),val,68f7375f9d5f9c50,True,hirise_clean,0,C:\Users\deves\OneDrive\Desktop\Projects\TCMD-SS\data\raw\hirise_v3_2\map-proj-v3_2\ESP_018299_2245_RED-0231.jpg
map-proj-v3_2/ESP_018299_2245_RED-0234.jpg,ok,,JPEG,227.0,227.0,L,1.0,1.0,normal,other,train,esp_018299_2245_red-0234,[],b96b248f02b3cfd9c448b523886e04adfc1bf95d955d7c779ab51d03383b0aa0,f31a979b6cd7c563638159307c0e48e1f611badcd70ed02b9060117f6fc29187,d0e0e2cb4bb8f037,126.86840419957694,13.610061148295776,2bfc511f90863132,[],0.0,esp_018299_2245,['train'],1.0,Counter({'train': 1}),val,68f7375f9d5f9c50,True,hirise_clean,0,C:\Users\deves\OneDrive\Desktop\Projects\TCMD-SS\data\raw\hirise_v3_2\map-proj-v3_2\ESP_018299_2245_RED-0234.jpg
map-proj-v3_2/ESP_018299_2245_RED-0245.jpg,ok,,JPEG,227.0,227.0,L,1.0,1.0,normal,other,train,esp_018299_2245_red-0245,[],4fe8b2fa221fa6f019299280559e227d3b6fe0c960390eb50b3138a69bfd0709,22d17da9721ce4f3d48920313fe5e444c21846b39dea83857a01c047f0d2ed12,8fe1a905c5f4e4f0,123.28374313493372,15.527137986217728,ee90d34e53c73d1a,[],0.0,esp_018299_2245,['train'],1.0,Counter({'train': 1}),val,68f7375f9d5f9c50,True,hirise_clean,0,C:\Users\deves\OneDrive\Desktop\Projects\TCMD-SS\data\raw\hirise_v3_2\map-proj-v3_2\ESP_018299_2245_RED-0245.jpg
map-proj-v3_2/ESP_018299_2245_RED-0250.jpg,ok,,JPEG,227.0,227.0,L,1.0,1.0,normal,other,train,esp_018299_2245_red-0250,[],525062eaaa10e656d3375bac8a2703697f574396a2995825dd9b89603219fb85,bab11586566fc390c2bbaa8ab5649efec93fe624007ad575e40372f3afb66367,cde35ba0e6c26626,122.24615265190477,18.17480621331625,7d09e5dd0e93d4de,[],0.0,esp_018299_2245,['train'],1.0,Counter({'train': 1}),val,68f7375f9d5f9c50,True,hirise_clean,0,C:\Users\deves\OneDrive\Desktop\Projects\TCMD-SS\data\raw\hirise_v3_2\map-proj-v3_2\ESP_018299_2245_RED-0250.jpg
map-proj-v3_2/ESP_018299_2245_RED-0251.jpg,ok,,JPEG,227.0,227.0,L,1.0,1.0,normal,other,train,esp_018299_2245_red-0251,[],6ae93fa22f8c9b2866d3599c300b2bc254e1a61ef233abc1233bf2ec568660d5,06654cf1fc48d05108cac880b9ccb385c9043995667703c40ed4ec17aadd992a,b3d96588904eaaaf,121.99730248986008,19.50455372479808,be8a8284039eef60,[],0.0,esp_018299_2245,['train'],1.0,Counter({'train': 1}),val,68f7375f9d5f9c50,True,hirise_clean,0,C:\Users\deves\OneDrive\Desktop\Projects\TCMD-SS\data\raw\hirise_v3_2\map-proj-v3_2\ESP_018299_2245_RED-0251.jpg
map-proj-v3_2/ESP_018299_2245_RED-0253.jpg,ok,,JPEG,227.0,227.0,L,1.0,1.0,normal,other,train,esp_018299_2245_red-0253,[],8def649fcd66c23f8de401be8b550f059bc0330c4068b4f8a21d9eacf30175d3,75160a91d1d44a930ba90d11406743a94c3477fe5a79c006ca5df81ffcbd90a4,9e435a537809f4ae,123.21521861476062,17.621686789899563,8eddd23691db9dac,[],0.0,esp_018299_2245,['train'],1.0,Counter({'train': 1}),val,68f7375f9d5f9c50,True,hirise_clean,0,C:\Users\deves\OneDrive\Desktop\Projects\TCMD-SS\data\raw\hirise_v3_2\map-proj-v3_2\ESP_018299_2245_RED-0253.jpg
map-proj-v3_2/ESP_018299_2245_RED-0267.jpg,ok,,JPEG,227.0,227.0,L,1.0,1.0,normal,other,train,esp_018299_2245_red-0267,[],6afd1e7bda9a2ad9433a2fa5d5562fa0c2549ca157a8f32aca1855e2fb51935c,517946f27759917a1d29d50cb2adbd9566622897cd372aafed00450e3dc0b48d,80ff20fd47b1c13a,119.25628286984028,21.44364321279007,0c88e4ca13effb5a,[],0.0,esp_018299_2245,['train'],1.0,Counter({'train': 1}),val,68f7375f9d5f9c50,True,hirise_clean,0,C:\Users\deves\OneDrive\Desktop\Projects\TCMD-SS\data\raw\hirise_v3_2\map-proj-v3_2\ESP_018299_2245_RED-0267.jpg
map-proj-v3_2/ESP_018299_2245_RED-0293.jpg,ok,,JPEG,227.0,227.0,L,1.0,1.0,normal,other,train,esp_018299_2245_red-0293,[],47aee5b19b234f23c1fa98223c25f0e64388fb954044e2eef1b68db1cd857815,227e782568cee60afaad80faae391888b65b660fd847306443bbca70b7ba2bb8,ed959db2bc448662,122.29860855052496,16.36742409092229,fd2cd53093fc9c95,[],0.0,esp_018299_2245,['train'],1.0,Counter({'train': 1}),val,68f7375f9d5f9c50,True,hirise_clean,0,C:\Users\deves\OneDrive\Desktop\Projects\TCMD-SS\data\raw\hirise_v3_2\map-proj-v3_2\ESP_018299_2245_RED-0293.jpg
map-proj-v3_2/ESP_018299_2245_RED-0294.jpg,ok,,JPEG,227.0,227.0,L,1.0,1.0,normal,other,train,esp_018299_2245_red-0294,[],e44f717b9763a2fd210a1f306211cb8672d84969bf2c20d78fc20918e9cc08f9,6222eeb639781d2054ebffbe72513ff23b659c64a05915384e18a0c4a579d3a9,80ff2ff69be10184,118.11395524850084,34.170631097911325,da9ff7597dd1cd23,[],0.0,esp_018299_2245,['train'],1.0,Counter({'train': 1}),val,68f7375f9d5f9c50,True,hirise_clean,0,C:\Users\deves\OneDrive\Desktop\Projects\TCMD-SS\data\raw\hirise_v3_2\map-proj-v3_2\ESP_018299_2245_RED-0294.jpg
map-proj-v3_2/ESP_018299_2245_RED-0297.jpg,ok,,JPEG,227.0,227.0,L,1.0,1.0,normal,other,train,esp_018299_2245_red-0297,[],ea2cd7f93a31204543e542f519ed44305e515bd8ab2200174cdf6f7999be4348,f67173ba9c81318236f84942d8adfcb2bae878ead44a015bb8d708137db772b7,abea31dcdd94a805,123.9623707038755,16.61878496160316,5698edce932e9cfb,[],0.0,esp_018299_2245,['train'],1.0,Counter({'train': 1}),val,68f7375f9d5f9c50,True,hirise_clean,0,C:\Users\deves\OneDrive\Desktop\Projects\TCMD-SS\data\raw\hirise_v3_2\map-proj-v3_2\ESP_018299_2245_RED-0297.jpg
map-proj-v3_2/ESP_018299_2245_RED-0301.jpg,ok,,JPEG,227.0,227.0,L,1.0,1.0,normal,other,train,esp_018299_2245_red-0301,[],035f589ce8162eac4972bc214c1c47aeb31be6735ea00f7ac4b2194849969889,8ab1540a31b785251cd2614f81414d441cb1a97197a196afe1a5f78832eca35a,b5f41bc3502b7ea0,125.05810320402104,16.16766617975273,a48fe3a2ed770332,[],0.0,esp_018299_2245,['train'],1.0,Counter({'train': 1}),val,68f7375f9d5f9c50,True,hirise_clean,0,C:\Users\deves\OneDrive\Desktop\Projects\TCMD-SS\data\raw\hirise_v3_2\map-proj-v3_2\ESP_018299_2245_RED-0301.jpg
map-proj-v3_2/ESP_018299_2245_RED-0309.jpg,ok,,JPEG,227.0,227.0,L,1.0,1.0,normal,other,train,esp_018299_2245_red-0309,[],36fc04e435777a44214218180eb98237385acd6400586912a003cc191e995464,6e3d09b5528cb1deff6906403f6fbb5b27d1064f5f3934cfd0557b7ead961016,f0af44a73610771b,129.75151856236295,16.201321079021763,f6909aeda563c262,[],0.0,esp_018299_2245,['train'],1.0,Counter({'train': 1}),val,68f7375f9d5f9c50,True,hirise_clean,0,C:\Users\deves\OneDrive\Desktop\Projects\TCMD-SS\data\raw\hirise_v3_2\map-proj-v3_2\ESP_018299_2245_RED-0309.jpg
map-proj-v3_2/ESP_018299_2245_RED-0315.jpg,ok,,JPEG,227.0,227.0,L,1.0,1.0,normal,other,train,esp_018299_2245_red-0315,[],b64154436806c8e1d1879941bc92b6fb448440634e7c3227c55dffc689e4a85f,6fc8b5e387fc6b7e770c5571dbb2e91acc34cec2f4e771396a5d40ed2e715e5d,83d9b08ea6b6d90d,123.568281938326,15.846409564126992,002f5eb079b7d990,[],0.0,esp_018299_2245,['train'],1.0,Counter({'train': 1}),val,68f7375f9d5f9c50,True,hirise_clean,0,C:\Users\deves\OneDrive\Desktop\Projects\TCMD-SS\data\raw\hirise_v3_2\map-proj-v3_2\ESP_018299_2245_RED-0315.jpg
map-proj-v3_2/ESP_018299_2245_RED-0321.jpg,ok,,JPEG,227.0,227.0,L,1.0,1.0,normal,other,train,esp_018299_2245_red-0321,[],dfd2f03bb3a6c59b476106768c3d5d4815e67bedb9cc7df7f1f7183ab1ad9796,743b6addd6f06ed164d8c7bdb1b715d46b027bd60a2b154b590ceaa37b103c29,c31d0781fd3e1356,124.75466242310156,16.222654889648336,d2b1873ff9c75eb9,[],0.0,esp_018299_2245,['train'],1.0,Counter({'train': 1}),val,68f7375f9d5f9c50,True,hirise_clean,0,C:\Users\deves\OneDrive\Desktop\Projects\TCMD-SS\data\raw\hirise_v3_2\map-proj-v3_2\ESP_018299_2245_RED-0321.jpg
map-proj-v3_2/ESP_018299_2245_RED-0330.jpg,ok,,JPEG,227.0,227.0,L,1.0,1.0,normal,other,train,esp_018299_2245_red-0330,[],030a71c16a7120765b07afc956d20aded5899611a6bda648fe026e88683ed6ec,be58e803f1f2084f92b36a96fdb7d96ff1c5652d06bfb949c6b30a84f18de04a,99962e69a6cd3326,145.18612819965458,15.406453344062244,7a3fd02a8c88a093,[],0.0,esp_018299_2245,['train'],1.0,Counter({'train': 1}),val,68f7375f9d5f9c50,True,hirise_clean,0,C:\Users\deves\OneDrive\Desktop\Projects\TCMD-SS\data\raw\hirise_v3_2\map-proj-v3_2\ESP_018299_2245_RED-0330.jpg
map-proj-v3_2/ESP_018299_2245_RED-0332.jpg,ok,,JPEG,227.0,227.0,L,1.0,1.0,normal,other,train,esp_018299_2245_red-0332,[],fe019d22e4b16d8fbe34e68cbc891699f174d081fda2219ee4e0bf57f586a333,bfe9e5836c337bc02ac0372a36a9739dc86d4c670da7a167e984b3325357f8fb,d24a3d5a8d500ff6,118.41037085912788,60.6110478927968,9ce500b05018164c,[],0.0,esp_018299_2245,['train'],1.0,Counter({'train': 1}),val,68f7375f9d5f9c50,True,hirise_clean,0,C:\Users\deves\OneDrive\Desktop\Projects\TCMD-SS\data\raw\hirise_v3_2\map-proj-v3_2\ESP_018299_2245_RED-0332.jpg
map-proj-v3_2/ESP_018299_2245_RED-0333.jpg,ok,,JPEG,227.0,227.0,L,1.0,1.0,normal,other,train,esp_018299_2245_red-0333,[],318b57404fe8e7995a7c0f6ef98f675227d86774726f072fac37de812318ee54,36ba700c9e383c71f9f0adf00f5d42097f71df269b8689504f2a3370d43d6907,80f86ff3a18b178a,109.15305944225582,42.91115232355289,2cb7a4ce3efaaa49,[],0.0,esp_018299_2245,['train'],1.0,Counter({'train': 1}),val,68f7375f9d5f9c50,True,hirise_clean,0,C:\Users\deves\OneDrive\Desktop\Projects\TCMD-SS\data\raw\hirise_v3_2\map-proj-v3_2\ESP_018299_2245_RED-0333.jpg
map-proj-v3_2/ESP_018299_2245_RED-0337.jpg,ok,,JPEG,227.0,227.0,L,1.0,1.0,normal,other,train,esp_018299_2245_red-0337,[],d244e857912a6a5dca4928e39b03b83377c7ccda7e04fee12a5313b7befc960d,479fecc76f61a9ea5203e84e002d91a8154a146ae9e3322075218c1beadfbb35,9cce63cc5243536d,75.47122979293214,61.43377276377191,33bf52730daca075,[],0.0,esp_018299_2245,['train'],1.0,Counter({'train': 1}),val,68f7375f9d5f9c50,True,hirise_clean,0,C:\Users\deves\OneDrive\Desktop\Projects\TCMD-SS\data\raw\hirise_v3_2\map-proj-v3_2\ESP_018299_2245_RED-0337.jpg
map-proj-v3_2/ESP_018299_2245_RED-0340.jpg,ok,,JPEG,227.0,227.0,L,1.0,1.0,normal,other,train,esp_018299_2245_red-0340,[],931c416f8e0281a1fba10b991ae3928c527f8c3c363631b5c82b107b75604d32,015e5960072ba95524101488ce06159caf6501354f97080240dfdd1285a725f7,85a742ce4d7326e9,137.18494440024065,17.576160354129417,f87a5754d2d269ff,[],0.0,esp_018299_2245,['train'],1.0,Counter({'train': 1}),val,68f7375f9d5f9c50,True,hirise_clean,0,C:\Users\deves\OneDrive\Desktop\Projects\TCMD-SS\data\raw\hirise_v3_2\map-proj-v3_2\ESP_018299_2245_RED-0340.jpg
map-proj-v3_2/ESP_018299_2245_RED-0342.jpg,ok,,JPEG,227.0,227.0,L,1.0,1.0,normal,other,train,esp_018299_2245_red-0342,[],268b3cc90bc12bfd20b3d9b23b5e3ab1860d7bca7597398694f12df85636c377,6c39414f37303a139f134aca4b54bc111b56a43252c1c009922080c77ac47660,938c4c71f399e433,139.3507733509286,17.323058436117147,7992159b581b3ddf,[],0.0,esp_018299_2245,['train'],1.0,Counter({'train': 1}),val,68f7375f9d5f9c50,True,hirise_clean,0,C:\Users\deves\OneDrive\Desktop\Projects\TCMD-SS\data\raw\hirise_v3_2\map-proj-v3_2\ESP_018299_2245_RED-0342.jpg
map-proj-v3_2/ESP_018299_2245_RED-0351.jpg,ok,,JPEG,227.0,227.0,L,1.0,1.0,normal,other,train,esp_018299_2245_red-0351,[],37fc6e7ba90d974c35c8b3cf31cba455f4eb24a3345bfe1b922f348b0844134f,09c816abb5d1cc1d01bb3c955c9777ed5b9b843a5efe6b912c1002b84abe9095,8fe3d0c3cdc57051,89.03238952822683,53.67728392062521,c3776cffb1eb0618,[],0.0,esp_018299_2245,['train'],1.0,Counter({'train': 1}),val,68f7375f9d5f9c50,True,hirise_clean,0,C:\Users\deves\OneDrive\Desktop\Projects\TCMD-SS\data\raw\hirise_v3_2\map-proj-v3_2\ESP_018299_2245_RED-0351.jpg
map-proj-v3_2/ESP_018299_2245_RED-0363.jpg,ok,,JPEG,227.0,227.0,L,1.0,1.0,normal,other,train,esp_018299_2245_red-0363,[],84f628b0ac3972e1cc1235209d9fafec08d9faff7d4e4b346ec2ed559e818ce2,a4a0cb2074095ebec5fe6cf8d8d3cf5000621712b5ef4bdf6e07f71c6ff1496a,a49b5a2726d8d3e4,177.11828290865338,17.943686865918366,908ffef80d3227b1,[],0.0,esp_018299_2245,['train'],1.0,Counter({'train': 1}),val,68f7375f9d5f9c50,True,hirise_clean,0,C:\Users\deves\OneDrive\Desktop\Projects\TCMD-SS\data\raw\hirise_v3_2\map-proj-v3_2\ESP_018299_2245_RED-0363.jpg
map-proj-v3_2/ESP_018299_2245_RED-0365.jpg,ok,,JPEG,227.0,227.0,L,1.0,1.0,normal,other,train,esp_018299_2245_red-0365,[],aeef668c31e0326b3dc428e576b008e8ec2afd30001475ddc397b09c872033f4,6ba0aef088103fef83518c89363b9de2872e22062596fa473c92b5597289e249,8b9b74c4e0317b95,163.83622814337556,17.884073061465315,de030753f9560ea4,[],0.0,esp_018299_2245,['train'],1.0,Counter({'train': 1}),val,68f7375f9d5f9c50,True,hirise_clean,0,C:\Users\deves\OneDrive\Desktop\Projects\TCMD-SS\data\raw\hirise_v3_2\map-proj-v3_2\ESP_018299_2245_RED-0365.jpg
map-proj-v3_2/ESP_018299_2245_RED-0403.jpg,ok,,JPEG,227.0,227.0,L,1.0,1.0,normal,other,train,esp_018299_2245_red-0403,[],0cbfb79c3c9bce71855ddc7049e3453e52213b11f27266f8973c0314c32d1c10,e11978f1a302202cba1f62b5324db4997ace77df7de14b0acee53c472802a4a9,d575d5416fd05944,65.06324593917988,19.514400626533405,dd1216d8df267132,[],0.0,esp_018299_2245,['train'],1.0,Counter({'train': 1}),val,68f7375f9d5f9c50,True,hirise_clean,0,C:\Users\deves\OneDrive\Desktop\Projects\TCMD-SS\data\raw\hirise_v3_2\map-proj-v3_2\ESP_018299_2245_RED-0403.jpg
map-proj-v3_2/ESP_018299_2245_RED-0404.jpg,ok,,JPEG,227.0,227.0,L,1.0,1.0,normal,other,train,esp_018299_2245_red-0404,[],dd2c6849be3fb83bea2df2df21cecd1aa458099e0c4bf323f783151be51ec091,a7302a566a05fdf67e2008fc10242d3c392f0eaac090dacf43e61571dcabfeb1,91f9a5a282e654be,128.96070174076735,17.79218936464794,a703cf998a9e0be2,[],0.0,esp_018299_2245,['train'],1.0,Counter({'train': 1}),val,68f7375f9d5f9c50,True,hirise_clean,0,C:\Users\deves\OneDrive\Desktop\Projects\TCMD-SS\data\raw\hirise_v3_2\map-proj-v3_2\ESP_018299_2245_RED-0404.jpg
map-proj-v3_2/ESP_018299_2245_RED-0410.jpg,ok,,JPEG,227.0,227.0,L,1.0,1.0,normal,other,train,esp_018299_2245_red-0410,[],91622e8dfd9c3fbaa21849e36b7c31e65316d86018ef354badac546dd69202ea,9a389b7f40accbd7d09cd239b342f91f68aac033bfbb5ab48ac487405957c262,ccb0673a198ce4e7,135.03764870267227,15.126972648555842,0c06aeabeda5857d,[],0.0,esp_018299_2245,['train'],1.0,Counter({'train': 1}),val,68f7375f9d5f9c50,True,hirise_clean,0,C:\Users\deves\OneDrive\Desktop\Projects\TCMD-SS\data\raw\hirise_v3_2\map-proj-v3_2\ESP_018299_2245_RED-0410.jpg
map-proj-v3_2/ESP_018299_2245_RED-0412.jpg,ok,,JPEG,227.0,227.0,L,1.0,1.0,normal,impact ejecta,train,esp_018299_2245_red-0412,[],68eedfad425777b335d8aa22f802e846b686309de46dc09b8c79dd2f2cc4fd1b,ccacfd7a8a94428fa360a3f73cfa7aba099fd708a62d2efaa36d8360d7ad2432,a673cc9c7133469c,134.0091987036426,20.871993627543358,98e70a4213c0ab03,[],5.0,esp_018299_2245,['train'],1.0,Counter({'train': 1}),val,68f7375f9d5f9c50,True,hirise_clean,0,C:\Users\deves\OneDrive\Desktop\Projects\TCMD-SS\data\raw\hirise_v3_2\map-proj-v3_2\ESP_018299_2245_RED-0412.jpg
map-proj-v3_2/ESP_018299_2245_RED-0414.jpg,ok,,JPEG,227.0,227.0,L,1.0,1.0,normal,other,train,esp_018299_2245_red-0414,[],1689845bd0af0b279a1171bdde8c57dd7904ec39b4542c138bba77a70687fa8c,4271a2ae4b56552a273387737ee6772206ffe01b7a31fc0201af127822e5c0bb,c2936d42b7bb8c45,131.86425119835434,17.90870293913076,10bbeb5195c3f776,[],0.0,esp_018299_2245,['train'],1.0,Counter({'train': 1}),val,68f7375f9d5f9c50,True,hirise_clean,0,C:\Users\deves\OneDrive\Desktop\Projects\TCMD-SS\data\raw\hirise_v3_2\map-proj-v3_2\ESP_018299_2245_RED-0414.jpg
map-proj-v3_2/ESP_018299_2245_RED-0421.jpg,ok,,JPEG,227.0,227.0,L,1.0,1.0,normal,other,train,esp_018299_2245_red-0421,[],0747fd66883c6282478f8f4406f6addf1d82b46db1db8a19f0161d1ca09a4ed2,937910834d8599d244a8b7b33ddf8f424b5b73a9a6ef796002bee1899d84c44a,899d76e027d198c7,141.0952667429991,16.302360359158868,ece90a9533ee9a57,[],0.0,esp_018299_2245,['train'],1.0,Counter({'train': 1}),val,68f7375f9d5f9c50,True,hirise_clean,0,C:\Users\deves\OneDrive\Desktop\Projects\TCMD-SS\data\raw\hirise_v3_2\map-proj-v3_2\ESP_018299_2245_RED-0421.jpg
map-proj-v3_2/ESP_018299_2245_RED-0426.jpg,ok,,JPEG,227.0,227.0,L,1.0,1.0,normal,other,train,esp_018299_2245_red-0426,[],ca1b552568c0c92e1fb33d340a50fc6b0e86dae340012016c4e2fc0084119262,568387a731f41f12e957a3473844875d35ff8b56eff80ae16b2ab13b7cdd8615,d51555493dce0c4f,68.55333889654369,21.249504823854974,1f84a9efa7d7928d,[],0.0,esp_018299_2245,['train'],1.0,Counter({'train': 1}),val,68f7375f9d5f9c50,True,hirise_clean,0,C:\Users\deves\OneDrive\Desktop\Projects\TCMD-SS\data\raw\hirise_v3_2\map-proj-v3_2\ESP_018299_2245_RED-0426.jpg
map-proj-v3_2/ESP_018299_2245_RED-0428.jpg,ok,,JPEG,227.0,227.0,L,1.0,1.0,normal,other,train,esp_018299_2245_red-0428,[],cd2da47ef03be735fc0bbfcf7ce2c40158d4e6729ae7b210bf2b0f72390d0940,b61a45b27b3869254bc49b18461f1b86c1f2f5cfb549b9dfa57e3636b4062ba2,848741b2b914dffc,132.7241165169128,16.527662187628138,1fb8b6640d9879ae,[],0.0,esp_018299_2245,['train'],1.0,Counter({'train': 1}),val,68f7375f9d5f9c50,True,hirise_clean,0,C:\Users\deves\OneDrive\Desktop\Projects\TCMD-SS\data\raw\hirise_v3_2\map-proj-v3_2\ESP_018299_2245_RED-0428.jpg
map-proj-v3_2/ESP_018299_2245_RED-0432.jpg,ok,,JPEG,227.0,227.0,L,1.0,1.0,normal,other,train,esp_018299_2245_red-0432,[],02b41157acef09803fcbc794491086af7ad747c80d96be12ee370d11c72e800c,3f8505d5d617b6a5836de3ffee0ae633403265f43a5914259c5fcebd2b14c4d8,ece0525cac751e4e,133.66137514797492,16.718609182909557,60903c0c889b4e92,[],0.0,esp_018299_2245,['train'],1.0,Counter({'train': 1}),val,68f7375f9d5f9c50,True,hirise_clean,0,C:\Users\deves\OneDrive\Desktop\Projects\TCMD-SS\data\raw\hirise_v3_2\map-proj-v3_2\ESP_018299_2245_RED-0432.jpg
map-proj-v3_2/ESP_018299_2245_RED-0436.jpg,ok,,JPEG,227.0,227.0,L,1.0,1.0,normal,other,train,esp_018299_2245_red-0436,[],37e02ccf00bfb4d6f48ca3f72cb0e23724d1acd671f75035583fe774e3450da8,effa9fed4dbedd4c529353b1aa905ca009cf7091872cfe33603f75466815fe3b,d452611b0f8ee3f1,58.84624192202449,30.63320090404388,c237a1960565a840,[],0.0,esp_018299_2245,['train'],1.0,Counter({'train': 1}),val,68f7375f9d5f9c50,True,hirise_clean,0,C:\Users\deves\OneDrive\Desktop\Projects\TCMD-SS\data\raw\hirise_v3_2\map-proj-v3_2\ESP_018299_2245_RED-0436.jpg
map-proj-v3_2/ESP_018299_2245_RED-0442.jpg,ok,,JPEG,227.0,227.0,L,1.0,1.0,normal,other,train,esp_018299_2245_red-0442,[],55890c9530eb8a8d198975fd4918aa8f8cf7c107fb72f3a9585b8102dfcac196,68ccf81b41c48e38b0fc33cd58444b3be7d1d8fa57a0aada21210a7357dacbe1,83fb58ee4252aaaa,142.1702148304838,16.382687206203105,b04338a409d83583,[],0.0,esp_018299_2245,['train'],1.0,Counter({'train': 1}),val,68f7375f9d5f9c50,True,hirise_clean,0,C:\Users\deves\OneDrive\Desktop\Projects\TCMD-SS\data\raw\hirise_v3_2\map-proj-v3_2\ESP_018299_2245_RED-0442.jpg
map-proj-v3_2/ESP_018299_2245_RED-0452.jpg,ok,,JPEG,227.0,227.0,L,1.0,1.0,normal,other,train,esp_018299_2245_red-0452,[],c8ba6a699d3701273225df3f1758ef0bf50e9a8e1159033970d24f1944b25ff9,9ce8e058151fea7b96aa73c31f0ed346dade84d28f30d3c31741228d5ca184b5,dd5ce621b98ea066,142.11772011876806,17.481882460423414,80a6ae58acc81d37,[],0.0,esp_018299_2245,['train'],1.0,Counter({'train': 1}),val,68f7375f9d5f9c50,True,hirise_clean,0,C:\Users\deves\OneDrive\Desktop\Projects\TCMD-SS\data\raw\hirise_v3_2\map-proj-v3_2\ESP_018299_2245_RED-0452.jpg
map-proj-v3_2/ESP_018299_2245_RED-0474.jpg,ok,,JPEG,227.0,227.0,L,1.0,1.0,normal,other,train,esp_018299_2245_red-0474,[],2d513f64f326f4b51084efdb02e0a127864d28bfbbe356894a6ac3d69bb9322d,e47552776b76c6803ea1e9af085d25b04d3adcb0cf334b001883a223b4cf4b7c,b18c3ace598a5367,145.84719284286518,17.338133000811396,84b8748f0658338b,[],0.0,esp_018299_2245,['train'],1.0,Counter({'train': 1}),val,68f7375f9d5f9c50,True,hirise_clean,0,C:\Users\deves\OneDrive\Desktop\Projects\TCMD-SS\data\raw\hirise_v3_2\map-proj-v3_2\ESP_018299_2245_RED-0474.jpg
map-proj-v3_2/ESP_018299_2245_RED-0491.jpg,ok,,JPEG,227.0,227.0,L,1.0,1.0,normal,other,train,esp_018299_2245_red-0491,[],610ec0a56de370a97a4097d47dca2bd572b5ec9ee58038634c020a0c29820464,b10acc790e5a7132dfda0a1bf9ace10d5c5076c832b1197ccc646e827c197904,917e2a3562aba4e3,147.1983349182014,16.572151495447738,c58e9d0aca14f7a2,[],0.0,esp_018299_2245,['train'],1.0,Counter({'train': 1}),val,68f7375f9d5f9c50,True,hirise_clean,0,C:\Users\deves\OneDrive\Desktop\Projects\TCMD-SS\data\raw\hirise_v3_2\map-proj-v3_2\ESP_018299_2245_RED-0491.jpg
map-proj-v3_2/ESP_018299_2245_RED-0508.jpg,ok,,JPEG,227.0,227.0,L,1.0,1.0,normal,other,train,esp_018299_2245_red-0508,[],35632fcd94216fe3d26c0b30ef11ba92c378a384fb333ae941689a2e5bf5d4ed,efb77a4c0e2d67c6400b436df6775ff2ce78d66e4688a6bc6e62356f8e2cdb12,9f277d701580771c,83.48411574065089,19.352788046794263,07727e3cb0436fc1,[],0.0,esp_018299_2245,['train'],1.0,Counter({'train': 1}),val,68f7375f9d5f9c50,True,hirise_clean,0,C:\Users\deves\OneDrive\Desktop\Projects\TCMD-SS\data\raw\hirise_v3_2\map-proj-v3_2\ESP_018299_2245_RED-0508.jpg
map-proj-v3_2/ESP_018299_2245_RED-0510.jpg,ok,,JPEG,227.0,227.0,L,1.0,1.0,normal,other,train,esp_018299_2245_red-0510,[],fe379e5fb8dc341f5bba410e15cfb70a7f5ed2864e3994a40e9178ea51bd2c07,83f198293b3bda2d9010d1bff2ce4d89d176b7a8ab0ccf1d9fd648eaefbb5e49,d1f246dc892f4d45,142.38027130353782,17.00708681226391,698c113b1f8043e8,[],0.0,esp_018299_2245,['train'],1.0,Counter({'train': 1}),val,68f7375f9d5f9c50,True,hirise_clean,0,C:\Users\deves\OneDrive\Desktop\Projects\TCMD-SS\data\raw\hirise_v3_2\map-proj-v3_2\ESP_018299_2245_RED-0510.jpg
map-proj-v3_2/ESP_018299_2245_RED-0514.jpg,ok,,JPEG,227.0,227.0,L,1.0,1.0,normal,other,train,esp_018299_2245_red-0514,[],b80bc15eb30b147f3a1841e1b085467bc0b86b1590660b7b6b48b126b692b59c,22bbab2073693d89b4ede3093a52325ce6aad1c6793c48604b5e36e2579ef660,f3f1859f6f094130,146.52890605290224,16.445311660780927,4b38c8b4c054ecfd,[],0.0,esp_018299_2245,['train'],1.0,Counter({'train': 1}),val,68f7375f9d5f9c50,True,hirise_clean,0,C:\Users\deves\OneDrive\Desktop\Projects\TCMD-SS\data\raw\hirise_v3_2\map-proj-v3_2\ESP_018299_2245_RED-0514.jpg
map-proj-v3_2/ESP_018299_2245_RED-0515.jpg,ok,,JPEG,227.0,227.0,L,1.0,1.0,normal,other,train,esp_018299_2245_red-0515,[],64d5d507495a29cb409519dcc2d4da44d2790b5c4e6c2db5716b4d7cf27b3431,be6ac6378235a9487c20858589355b618b023743a3d7f1b96971316031c8306c,99294eb3734ea856,146.46251625298376,17.593868673798827,85c855a3746ce626,[],0.0,esp_018299_2245,['train'],1.0,Counter({'train': 1}),val,68f7375f9d5f9c50,True,hirise_clean,0,C:\Users\deves\OneDrive\Desktop\Projects\TCMD-SS\data\raw\hirise_v3_2\map-proj-v3_2\ESP_018299_2245_RED-0515.jpg
map-proj-v3_2/ESP_018299_2245_RED-0516.jpg,ok,,JPEG,227.0,227.0,L,1.0,1.0,normal,other,train,esp_018299_2245_red-0516,[],ec0516ae8edf10e902d00eb67745fa26e6e5dbdae021d7b5c674b8b3fbe2159b,21f54ca8664b655f53563d16887612089a7f3fee52fa924b5738e9a400aa6a2f,ed4872afb14f00bc,82.63148906441033,19.577720653652023,112351ea87666f15,[],0.0,esp_018299_2245,['train'],1.0,Counter({'train': 1}),val,68f7375f9d5f9c50,True,hirise_clean,0,C:\Users\deves\OneDrive\Desktop\Projects\TCMD-SS\data\raw\hirise_v3_2\map-proj-v3_2\ESP_018299_2245_RED-0516.jpg
map-proj-v3_2/ESP_018299_2245_RED-0530.jpg,ok,,JPEG,227.0,227.0,L,1.0,1.0,normal,other,train,esp_018299_2245_red-0530,[],e203f1dc6f4dc4285932ce8e5877adc41a2e6b9d1f333dd43e5b78410e12c114,e843cc84046b04ce96daaf94db68b882aa9ed1542a4c7abed721236683b2911a,9a042f72715fdcc4,114.67701682547693,57.42730121652603,0cacf288e15b4994,[],0.0,esp_018299_2245,['train'],1.0,Counter({'train': 1}),val,68f7375f9d5f9c50,True,hirise_clean,0,C:\Users\deves\OneDrive\Desktop\Projects\TCMD-SS\data\raw\hirise_v3_2\map-proj-v3_2\ESP_018299_2245_RED-0530.jpg
map-proj-v3_2/ESP_018299_2245_RED-0535.jpg,ok,,JPEG,227.0,227.0,L,1.0,1.0,normal,other,train,esp_018299_2245_red-0535,[],e703ddb02a89edab9eaee146a9c279815c7a5308f8141ef50d0ed6665863e4af,d7ea0f91f5d1c833624aa013eea6fb43059c511910a3a16251a95d166e07b0a5,a8b2361bc47a1d5e,74.46527198276699,19.84856899743561,ba73a301e12bc7b2,[],0.0,esp_018299_2245,['train'],1.0,Counter({'train': 1}),val,68f7375f9d5f9c50,True,hirise_clean,0,C:\Users\deves\OneDrive\Desktop\Projects\TCMD-SS\data\raw\hirise_v3_2\map-proj-v3_2\ESP_018299_2245_RED-0535.jpg
map-proj-v3_2/ESP_018299_2245_RED-0536.jpg,ok,,JPEG,227.0,227.0,L,1.0,1.0,normal,other,train,esp_018299_2245_red-0536,[],50107f257df57b2b7dcd57ce8c1b7b266a58bca0550df188fa9bd94834aef1e5,c8ddcdaeb973e9cdcc288bd581b6f94bd36433c23994488b35fa60d31a46ebe6,d64af9794b2112cd,70.05493993673466,36.56331018749121,b538db4d8de0c832,[],0.0,esp_018299_2245,['train'],1.0,Counter({'train': 1}),val,68f7375f9d5f9c50,True,hirise_clean,0,C:\Users\deves\OneDrive\Desktop\Projects\TCMD-SS\data\raw\hirise_v3_2\map-proj-v3_2\ESP_018299_2245_RED-0536.jpg
map-proj-v3_2/ESP_019011_2245_RED-0023.jpg,ok,,JPEG,227.0,227.0,L,1.0,1.0,normal,other,train,esp_019011_2245_red-0023,[],e9eef892cc4e8535cfb90385c0033dc107b6313da01545aedb5fff2d448a88fa,3dcc9faa6cf7a891a9fe22814cd8d242ff2e506a9454aebe0c768fb7a2c1e11a,8ec371c32156f95c,84.29705602670342,57.3025125599988,c76bb1f1d0b46ad1,[],0.0,esp_019011_2245,['train'],1.0,Counter({'train': 1}),val,68f7375f9d5f9c50,True,hirise_clean,0,C:\Users\deves\OneDrive\Desktop\Projects\TCMD-SS\data\raw\hirise_v3_2\map-proj-v3_2\ESP_019011_2245_RED-0023.jpg
map-proj-v3_2/ESP_019011_2245_RED-0025.jpg,ok,,JPEG,227.0,227.0,L,1.0,1.0,normal,other,train,esp_019011_2245_red-0025,[],ad3e23feb651738a63c77c7ec7a201087d02f65a60a22ebd4fdd54e1f412b89b,5e710e64ececff9940e0cfcfeb0a2f1faa64440945c03e5b41b4aa90145e4bc8,8c81e1f6f32b154e,127.13256612781151,16.395218429364085,6079269c82554580,[],0.0,esp_019011_2245,['train'],1.0,Counter({'train': 1}),val,68f7375f9d5f9c50,True,hirise_clean,0,C:\Users\deves\OneDrive\Desktop\Projects\TCMD-SS\data\raw\hirise_v3_2\map-proj-v3_2\ESP_019011_2245_RED-0025.jpg
map-proj-v3_2/ESP_019011_2245_RED-0026.jpg,ok,,JPEG,227.0,227.0,L,1.0,1.0,normal,other,train,esp_019011_2245_red-0026,[],946ab8820656d491a9d0db3103c43657c28e4bc6273f57a212f7f3c31dd108c3,14cc29c98443b33d05bc600b43fbe429c3a115f309461c66e34639951e5832f7,fd5e15ac0e085753,116.69289138155212,16.75718406308928,ebc68262bd22aa02,[],0.0,esp_019011_2245,['train'],1.0,Counter({'train': 1}),val,68f7375f9d5f9c50,True,hirise_clean,0,C:\Users\deves\OneDrive\Desktop\Projects\TCMD-SS\data\raw\hirise_v3_2\map-proj-v3_2\ESP_019011_2245_RED-0026.jpg
map-proj-v3_2/ESP_019011_2245_RED-0029.jpg,ok,,JPEG,227.0,227.0,L,1.0,1.0,normal,other,train,esp_019011_2245_red-0029,[],3ad9d28e04988720c9b37e2bc6ac2049e943a004b161389d35d5b133b83057c0,c5f0ac4923c69ddea9cb030956986fc019364099b666d33532f64c0528b41399,93393d063a5932be,117.33695588891692,17.192310735532732,f249924803627c91,[],0.0,esp_019011_2245,['train'],1.0,Counter({'train': 1}),val,68f7375f9d5f9c50,True,hirise_clean,0,C:\Users\deves\OneDrive\Desktop\Projects\TCMD-SS\data\raw\hirise_v3_2\map-proj-v3_2\ESP_019011_2245_RED-0029.jpg
map-proj-v3_2/ESP_019011_2245_RED-0035.jpg,ok,,JPEG,227.0,227.0,L,1.0,1.0,normal,other,train,esp_019011_2245_red-0035,[],3320313ff5a664d2833cbbbf50cdae09f896973356c42ede88b7d074d8db3758,fe88c9120c82b3ad13aaefd93f276479e1de9fe0786adf6b7339efff3bed26ae,99bb6d98c15b44ac,117.16967144714629,15.148778337407494,ea4d21de8866a0e0,[],0.0,esp_019011_2245,['train'],1.0,Counter({'train': 1}),val,68f7375f9d5f9c50,True,hirise_clean,0,C:\Users\deves\OneDrive\Desktop\Projects\TCMD-SS\data\raw\hirise_v3_2\map-proj-v3_2\ESP_019011_2245_RED-0035.jpg
map-proj-v3_2/ESP_019011_2245_RED-0042.jpg,ok,,JPEG,227.0,227.0,L,1.0,1.0,normal,other,train,esp_019011_2245_red-0042,[],9b391a387d4df7eb859931f06c1b6c5ac3cd1580d19af9d64237ae84b6182d59,8cd2df896a03bb46d6182574420712ec81598ceeab630790a17a41787087824a,8df5a119bad44653,119.70525335248112,15.535657728691197,669c820643a40167,[],0.0,esp_019011_2245,['train'],1.0,Counter({'train': 1}),val,68f7375f9d5f9c50,True,hirise_clean,0,C:\Users\deves\OneDrive\Desktop\Projects\TCMD-SS\data\raw\hirise_v3_2\map-proj-v3_2\ESP_019011_2245_RED-0042.jpg
map-proj-v3_2/ESP_019011_2245_RED-0043.jpg,ok,,JPEG,227.0,227.0,L,1.0,1.0,normal,other,train,esp_019011_2245_red-0043,[],229e024566032419cf453e8573819a63c81296b4be702b8cf3a707f88e47b6d0,75e17a9f5f6fe0ff6e007d5578821251f12f152780ed4a9fcd7de1e500c964d0,da3268beabe1e02c,113.85318946612588,16.952210631338893,326d795ca49ada23,[],0.0,esp_019011_2245,['train'],1.0,Counter({'train': 1}),val,68f7375f9d5f9c50,True,hirise_clean,0,C:\Users\deves\OneDrive\Desktop\Projects\TCMD-SS\data\raw\hirise_v3_2\map-proj-v3_2\ESP_019011_2245_RED-0043.jpg
map-proj-v3_2/ESP_019011_2245_RED-0044.jpg,ok,,JPEG,227.0,227.0,L,1.0,1.0,normal,other,train,esp_019011_2245_red-0044,[],d843e4790d6b35e64c6ab46868d263f58a971da83b878605d2fee7a57784abc2,1b03f4cef35158f1f1479a4650993bed05602344b71ca4064645b8bc6ade9400,9807623927fc8fc6,120.65411709910924,14.99452333217041,ffc172994f437758,[],0.0,esp_019011_2245,['train'],1.0,Counter({'train': 1}),val,68f7375f9d5f9c50,True,hirise_clean,0,C:\Users\deves\OneDrive\Desktop\Projects\TCMD-SS\data\raw\hirise_v3_2\map-proj-v3_2\ESP_019011_2245_RED-0044.jpg
map-proj-v3_2/ESP_019011_2245_RED-0062.jpg,ok,,JPEG,227.0,227.0,L,1.0,1.0,normal,other,train,esp_019011_2245_red-0062,[],47e608f3fe0394df6fac24057df30f2b8ac113ec1de40d5c20b17dcdf45a1ff0,a9704fc694391289983e95ccaa4e0dcd939e699f5e56948bbde281dd0618c52c,e9bc72f9140e1acc,111.07279396068232,16.709306239813937,f0f095837498a3d9,[],0.0,esp_019011_2245,['train'],1.0,Counter({'train': 1}),val,68f7375f9d5f9c50,True,hirise_clean,0,C:\Users\deves\OneDrive\Desktop\Projects\TCMD-SS\data\raw\hirise_v3_2\map-proj-v3_2\ESP_019011_2245_RED-0062.jpg
map-proj-v3_2/ESP_019011_2245_RED-0067.jpg,ok,,JPEG,227.0,227.0,L,1.0,1.0,normal,other,train,esp_019011_2245_red-0067,[],a61f892f687f3efe22657f83dcc4421b10d5f9d0445641365b1d3e09b2b93aa3,fd6217c13ddfbd8c9b11c2f3ad72ff621ea605c743b8a48a1c5de505edc73c43,bf0e168ba603c8be,111.79099148052552,17.78691573294346,2abffe48495f048d,[],0.0,esp_019011_2245,['train'],1.0,Counter({'train': 1}),val,68f7375f9d5f9c50,True,hirise_clean,0,C:\Users\deves\OneDrive\Desktop\Projects\TCMD-SS\data\raw\hirise_v3_2\map-proj-v3_2\ESP_019011_2245_RED-0067.jpg
map-proj-v3_2/ESP_019011_2245_RED-0069.jpg,ok,,JPEG,227.0,227.0,L,1.0,1.0,normal,other,train,esp_019011_2245_red-0069,[],4cdd1b73f149219323818ae67c5b5b78c30ed3cee09bf1c1ba0b3ec879a2b52a,97f52765e7be7972d224848f6124062245e273aa99e7c2064fb2dbc13990184a,ac329228f59f8bb1,110.6703991926876,17.28507612540588,5fe76ddfdeacf476,[],0.0,esp_019011_2245,['train'],1.0,Counter({'train': 1}),val,68f7375f9d5f9c50,True,hirise_clean,0,C:\Users\deves\OneDrive\Desktop\Projects\TCMD-SS\data\raw\hirise_v3_2\map-proj-v3_2\ESP_019011_2245_RED-0069.jpg
map-proj-v3_2/ESP_019011_2245_RED-0084.jpg,ok,,JPEG,227.0,227.0,L,1.0,1.0,normal,other,train,esp_019011_2245_red-0084,[],8908a264066dc9b3bd7d63e6e237743a954899e19b836109bb430b094b5beaec,94255a0f421537ead842ed174e66cd17a0918ede2013e3b874e61b13cf8717dd,d552aac80a3d96e7,109.06798113683556,43.19055217884565,3a3467ddb0dea8ea,[],0.0,esp_019011_2245,['train'],1.0,Counter({'train': 1}),val,68f7375f9d5f9c50,True,hirise_clean,0,C:\Users\deves\OneDrive\Desktop\Projects\TCMD-SS\data\raw\hirise_v3_2\map-proj-v3_2\ESP_019011_2245_RED-0084.jpg
map-proj-v3_2/ESP_019011_2245_RED-0085.jpg,ok,,JPEG,227.0,227.0,L,1.0,1.0,normal,other,train,esp_019011_2245_red-0085,[],b53186e3d61dee1cd3d1e1a5cd209813fba4401ec1ae7558945c69b926074f24,e2c809e34152d6bc65728f03a9ad1fc6a4a1769b386f74745c9bbd2ddd17478c,8fc3f0b89cc66531,77.82735935104505,50.44822098372557,0a09c92cdf60c0b7,[],0.0,esp_019011_2245,['train'],1.0,Counter({'train': 1}),val,68f7375f9d5f9c50,True,hirise_clean,0,C:\Users\deves\OneDrive\Desktop\Projects\TCMD-SS\data\raw\hirise_v3_2\map-proj-v3_2\ESP_019011_2245_RED-0085.jpg
map-proj-v3_2/ESP_019011_2245_RED-0094.jpg,ok,,JPEG,227.0,227.0,L,1.0,1.0,normal,other,train,esp_019011_2245_red-0094,[],848d171762771639a16408d8d8a16541dd4fcacc347ed91a715212035e9685ae,a1b967becbebf54237894f7b1470e26e4175be6f76cb4d9ee16d84ada1036817,c1e84d637d87e02e,102.5482931941237,15.91887635949908,d29b89a22ee1d334,[],0.0,esp_019011_2245,['train'],1.0,Counter({'train': 1}),val,68f7375f9d5f9c50,True,hirise_clean,0,C:\Users\deves\OneDrive\Desktop\Projects\TCMD-SS\data\raw\hirise_v3_2\map-proj-v3_2\ESP_019011_2245_RED-0094.jpg
map-proj-v3_2/ESP_019011_2245_RED-0099.jpg,ok,,JPEG,227.0,227.0,L,1.0,1.0,normal,other,train,esp_019011_2245_red-0099,[],25d9dcba77625e9a3d488b74ba75a2be72e00d831e3933154f97eef78254cf80,93f0ac40c05f1e95afc9eccc2f75bbf9302e1d7bbcfe1498fe50e5de2c3057f3,888d755d8ee236b8,122.00054338333754,16.068662216492278,521ff5d9aa6cf6cd,[],0.0,esp_019011_2245,['train'],1.0,Counter({'train': 1}),val,68f7375f9d5f9c50,True,hirise_clean,0,C:\Users\deves\OneDrive\Desktop\Projects\TCMD-SS\data\raw\hirise_v3_2\map-proj-v3_2\ESP_019011_2245_RED-0099.jpg
map-proj-v3_2/ESP_019011_2245_RED-0101.jpg,ok,,JPEG,227.0,227.0,L,1.0,1.0,normal,other,train,esp_019011_2245_red-0101,[],7d83a6a82a836028151abbabf61982619c10379947728d2c205154bf94529763,2ce0d699d671bf8fd3b183f82194c923bae10c1cfb0073a84ce28dd9e13e6da4,b0eb7ccea7864207,131.38155213569058,17.15133690681323,d39b32f8bbbe9bc2,[],0.0,esp_019011_2245,['train'],1.0,Counter({'train': 1}),val,68f7375f9d5f9c50,True,hirise_clean,0,C:\Users\deves\OneDrive\Desktop\Projects\TCMD-SS\data\raw\hirise_v3_2\map-proj-v3_2\ESP_019011_2245_RED-0101.jpg
map-proj-v3_2/ESP_019011_2245_RED-0116.jpg,ok,,JPEG,227.0,227.0,L,1.0,1.0,normal,other,train,esp_019011_2245_red-0116,[],09a0fb5362be9be68c059844edbfb5e27dadee6082e8e6221ed3ba74150abb3a,e6ee5574ab608d613155f3950dbbf592ad8b8a56951ebf5f6be069dfe7f15655,a0eb66cc1d974a17,122.2871004676978,16.295175404983674,c021bfdcb4d82255,[],0.0,esp_019011_2245,['train'],1.0,Counter({'train': 1}),val,68f7375f9d5f9c50,True,hirise_clean,0,C:\Users\deves\OneDrive\Desktop\Projects\TCMD-SS\data\raw\hirise_v3_2\map-proj-v3_2\ESP_019011_2245_RED-0116.jpg
map-proj-v3_2/ESP_019011_2245_RED-0120.jpg,ok,,JPEG,227.0,227.0,L,1.0,1.0,normal,other,train,esp_019011_2245_red-0120,[],6d5f94dc885e6fe06c6d33c07221d32985a7be55a9e14184528f35c3eaa3d68e,591f62f399803249d9a993b8ddbdbf9deda96c569468b010378bf004263a17c1,ad3b2d7046530eea,123.5352519940228,16.96392674433896,aae6620089a97dff,[],0.0,esp_019011_2245,['train'],1.0,Counter({'train': 1}),val,68f7375f9d5f9c50,True,hirise_clean,0,C:\Users\deves\OneDrive\Desktop\Projects\TCMD-SS\data\raw\hirise_v3_2\map-proj-v3_2\ESP_019011_2245_RED-0120.jpg
map-proj-v3_2/ESP_019011_2245_RED-0136.jpg,ok,,JPEG,227.0,227.0,L,1.0,1.0,normal,other,train,esp_019011_2245_red-0136,[],c79d87caaa54b481f72792a72ad33be8dc21c51397d514b6e96f3536ea48840f,efc71fb4d98ab9a615550b51783a58887a1dc815eefb0715cad96cf697838989,b0c54f387cce075c,126.9003861903006,15.129093612813705,dd4441dd8f20b178,[],0.0,esp_019011_2245,['train'],1.0,Counter({'train': 1}),val,68f7375f9d5f9c50,True,hirise_clean,0,C:\Users\deves\OneDrive\Desktop\Projects\TCMD-SS\data\raw\hirise_v3_2\map-proj-v3_2\ESP_019011_2245_RED-0136.jpg
map-proj-v3_2/ESP_019011_2245_RED-0142.jpg,ok,,JPEG,227.0,227.0,L,1.0,1.0,normal,other,train,esp_019011_2245_red-0142,[],9dee57b945b937dcac684eb9253611f25c5ab2198e11f29883836307769bb597,51db217c08c3bf5ceadb14fde497e5edeb17904b0ef3f0a3fbff98a498368b47,d3036b269b597417,125.82576801412796,15.024902992525757,761d2242758107ce,[],0.0,esp_019011_2245,['train'],1.0,Counter({'train': 1}),val,68f7375f9d5f9c50,True,hirise_clean,0,C:\Users\deves\OneDrive\Desktop\Projects\TCMD-SS\data\raw\hirise_v3_2\map-proj-v3_2\ESP_019011_2245_RED-0142.jpg
map-proj-v3_2/ESP_019011_2245_RED-0145.jpg,ok,,JPEG,227.0,227.0,L,1.0,1.0,normal,other,train,esp_019011_2245_red-0145,[],c3e257f1b17ff53e1a8694513e52d53a95fbf4cfd939959482945e16a7a646f9,33a69e2875af47a3ea3a580f5a0077d63385c23e95c7c53eb4e6d98556085aae,d5e75e6233492456,111.11898154437309,17.438774067183736,ad1df6ce5b006e4c,[],0.0,esp_019011_2245,['train'],1.0,Counter({'train': 1}),val,68f7375f9d5f9c50,True,hirise_clean,0,C:\Users\deves\OneDrive\Desktop\Projects\TCMD-SS\data\raw\hirise_v3_2\map-proj-v3_2\ESP_019011_2245_RED-0145.jpg
map-proj-v3_2/ESP_019011_2245_RED-0150.jpg,ok,,JPEG,227.0,227.0,L,1.0,1.0,normal,other,train,esp_019011_2245_red-0150,[],c3796b68431bbc7576a06ef448f25cb917a6d9180a59f59b93b2578bbbfa1cc0,6333b709b3b9ae95563857c086bac8d6b9aae5c06702de686984e146b398a7d9,92f96a06e529dc47,110.62000038813096,15.661329028911087,c99523c276a5f691,[],0.0,esp_019011_2245,['train'],1.0,Counter({'train': 1}),val,68f7375f9d5f9c50,True,hirise_clean,0,C:\Users\deves\OneDrive\Desktop\Projects\TCMD-SS\data\raw\hirise_v3_2\map-proj-v3_2\ESP_019011_2245_RED-0150.jpg
map-proj-v3_2/ESP_019011_2245_RED-0155.jpg,ok,,JPEG,227.0,227.0,L,1.0,1.0,normal,other,train,esp_019011_2245_red-0155,[],680f6a63cfab6edf84e0a9bef499d821d92fc1be21117b5731abce3bf7dc8628,3e53b9eb8610c924a000aa9c001302bd91c395c7f04d51a8073ae2c0a5aded62,dfea47a89c580c56,125.67666750761708,14.598314668255949,0512cdc61e807561,[],0.0,esp_019011_2245,['train'],1.0,Counter({'train': 1}),val,68f7375f9d5f9c50,True,hirise_clean,0,C:\Users\deves\OneDrive\Desktop\Projects\TCMD-SS\data\raw\hirise_v3_2\map-proj-v3_2\ESP_019011_2245_RED-0155.jpg
map-proj-v3_2/ESP_019011_2245_RED-0160.jpg,ok,,JPEG,227.0,227.0,L,1.0,1.0,normal,other,train,esp_019011_2245_red-0160,[],4bccc463408fc36a76397f7f7549809283b04b61c846a98b5ffd5451c337ace2,835fdfad140ed308adb020222c0516e28a3d88fe6bf6974f2eb5207660016df6,f820e63b9d4c549d,127.19422073007432,15.606972855686283,1b1c66304f83ddbd,[],0.0,esp_019011_2245,['train'],1.0,Counter({'train': 1}),val,68f7375f9d5f9c50,True,hirise_clean,0,C:\Users\deves\OneDrive\Desktop\Projects\TCMD-SS\data\raw\hirise_v3_2\map-proj-v3_2\ESP_019011_2245_RED-0160.jpg
map-proj-v3_2/ESP_019011_2245_RED-0170.jpg,ok,,JPEG,227.0,227.0,L,1.0,1.0,normal,other,train,esp_019011_2245_red-0170,[],7fb0c82853e9c03904f6f5237bb1448449c88ae18eafb120d7f0a3c45f658be4,06a83d5a2cb20f39ea90af7aadd925506fab4adab41a10bbfab7d042e88ef9ac,f6870e9740fc5652,114.1793553144831,16.654641886185136,e92f808ddccccbf1,[],0.0,esp_019011_2245,['train'],1.0,Counter({'train': 1}),val,68f7375f9d5f9c50,True,hirise_clean,0,C:\Users\deves\OneDrive\Desktop\Projects\TCMD-SS\data\raw\hirise_v3_2\map-proj-v3_2\ESP_019011_2245_RED-0170.jpg
map-proj-v3_2/ESP_019011_2245_RED-0174.jpg,ok,,JPEG,227.0,227.0,L,1.0,1.0,normal,other,train,esp_019011_2245_red-0174,[],ba18f9a6e1e6a4facb1376649e5bf6cd5a859df5e872ca82c20e1b882c4e753a,6aec182ba3327f8552c8b983ec82ff25b07703cddf2f61ca285fc5677921e284,d989656490aeebcc,125.76273554697354,15.84416410662909,9893265dd181167d,[],0.0,esp_019011_2245,['train'],1.0,Counter({'train': 1}),val,68f7375f9d5f9c50,True,hirise_clean,0,C:\Users\deves\OneDrive\Desktop\Projects\TCMD-SS\data\raw\hirise_v3_2\map-proj-v3_2\ESP_019011_2245_RED-0174.jpg
map-proj-v3_2/ESP_019011_2245_RED-0182.jpg,ok,,JPEG,227.0,227.0,L,1.0,1.0,normal,other,train,esp_019011_2245_red-0182,[],ed6f4a845580466f8f5a8cd4a7f426b2c284fd60cbfc686ea4b353baf264bb09,b9edf520e99667f2d94da4f4408d89a3d22a41222a392ebbe33fd1358e2ebd52,c9231f4490ef3b8d,125.82873721593666,16.06540441933532,c295fc61850b2e49,[],0.0,esp_019011_2245,['train'],1.0,Counter({'train': 1}),val,68f7375f9d5f9c50,True,hirise_clean,0,C:\Users\deves\OneDrive\Desktop\Projects\TCMD-SS\data\raw\hirise_v3_2\map-proj-v3_2\ESP_019011_2245_RED-0182.jpg
map-proj-v3_2/ESP_019011_2245_RED-0187.jpg,ok,,JPEG,227.0,227.0,L,1.0,1.0,normal,other,train,esp_019011_2245_red-0187,[],1b573b82339215b515431d2a78564fc721f5f548cc4cd4a94bedb4314d0bb5fc,54c5fb3ad05eb70105ccf9e0ae2dc180fb0e1039ece6195179d45e9fdb632572,ec18492ed7a2986f,127.74998544508917,16.208898993351344,be81a8329ad6d06b,[],0.0,esp_019011_2245,['train'],1.0,Counter({'train': 1}),val,68f7375f9d5f9c50,True,hirise_clean,0,C:\Users\deves\OneDrive\Desktop\Projects\TCMD-SS\data\raw\hirise_v3_2\map-proj-v3_2\ESP_019011_2245_RED-0187.jpg
map-proj-v3_2/ESP_019011_2245_RED-0194.jpg,ok,,JPEG,227.0,227.0,L,1.0,1.0,normal,other,train,esp_019011_2245_red-0194,[],a898512be48f2e329cd2f642d8cac7b61144876a7ebdd85d460976e46371f4ae,51d26421930c19a3f7d7fb15c85e45821e3d4d0b587a4afd2d026391ec810675,855bdd521c8fa9b0,112.62485202507328,17.40959856050711,b653d764d7ca3c95,[],0.0,esp_019011_2245,['train'],1.0,Counter({'train': 1}),val,68f7375f9d5f9c50,True,hirise_clean,0,C:\Users\deves\OneDrive\Desktop\Projects\TCMD-SS\data\raw\hirise_v3_2\map-proj-v3_2\ESP_019011_2245_RED-0194.jpg
map-proj-v3_2/ESP_019011_2245_RED-0203.jpg,ok,,JPEG,227.0,227.0,L,1.0,1.0,normal,other,train,esp_019011_2245_red-0203,[],243841401fc1d0259bd948f94bb2739bff85ee4db6f878c1d6a622640f977050,9e4635950f998018370d3822e1e9fd8bfbd4bef0bbec59b9868d29fd359ddfa0,95aa6e3e9b09a2a3,112.48811348949135,16.67867297210163,c53397c54c91f511,[],0.0,esp_019011_2245,['train'],1.0,Counter({'train': 1}),val,68f7375f9d5f9c50,True,hirise_clean,0,C:\Users\deves\OneDrive\Desktop\Projects\TCMD-SS\data\raw\hirise_v3_2\map-proj-v3_2\ESP_019011_2245_RED-0203.jpg
map-proj-v3_2/ESP_019011_2245_RED-0204.jpg,ok,,JPEG,227.0,227.0,L,1.0,1.0,normal,other,train,esp_019011_2245_red-0204,[],b9f046a4207c57b51b8fd38f78bf590f16aa5e727832364fbdbd08dbb100caff,5de3b526dae6a48861bacf5d047160406fe0c12208096962393c96f3feb98540,96b369f616c909a6,127.28318034504842,17.380091206518273,97d5d14ead8f255b,[],0.0,esp_019011_2245,['train'],1.0,Counter({'train': 1}),val,68f7375f9d5f9c50,True,hirise_clean,0,C:\Users\deves\OneDrive\Desktop\Projects\TCMD-SS\data\raw\hirise_v3_2\map-proj-v3_2\ESP_019011_2245_RED-0204.jpg
map-proj-v3_2/ESP_019011_2245_RED-0225.jpg,ok,,JPEG,227.0,227.0,L,1.0,1.0,normal,other,train,esp_019011_2245_red-0225,[],ae1140fd15a65e09bf41edfabcc4f561c35c526e5149946dd1f10a1143145cf3,b180b40221f8864aec6878ecfb3fc94c7085d66efb9fcf1e428e21dab20b096b,d0af460d61b9ac75,112.91214655824876,16.633509138435013,62255a6f444bcc5f,[],0.0,esp_019011_2245,['train'],1.0,Counter({'train': 1}),val,68f7375f9d5f9c50,True,hirise_clean,0,C:\Users\deves\OneDrive\Desktop\Projects\TCMD-SS\data\raw\hirise_v3_2\map-proj-v3_2\ESP_019011_2245_RED-0225.jpg
map-proj-v3_2/ESP_019011_2245_RED-0244.jpg,ok,,JPEG,227.0,227.0,L,1.0,1.0,normal,other,train,esp_019011_2245_red-0244,[],87724b293d127e393eda3d84d997e0d95b2416c5670c3a9e5e042e3ec72aa73b,09a7021f5dec7c995cae7c2c134d2c62556f7cf944a15df69ad949303086280e,a4b6da4c5476be0a,113.50226086281512,17.24822571383974,1576e2182732d2a2,[],0.0,esp_019011_2245,['train'],1.0,Counter({'train': 1}),val,68f7375f9d5f9c50,True,hirise_clean,0,C:\Users\deves\OneDrive\Desktop\Projects\TCMD-SS\data\raw\hirise_v3_2\map-proj-v3_2\ESP_019011_2245_RED-0244.jpg
map-proj-v3_2/ESP_019011_2245_RED-0246.jpg,ok,,JPEG,227.0,227.0,L,1.0,1.0,normal,other,train,esp_019011_2245_red-0246,[],18bb05e0f9befde939e841cb1e75b06bacc3f193da8aad4a7b6cdad92b00fbb8,8cccf86e18fada34a2b01a6a16012dde6d2c56ddf243c8c1d90e9e5fcc8559c9,b5e1b848bd8720de,128.5030177181781,16.811395645650492,92cd8cd25e10aa2d,[],0.0,esp_019011_2245,['train'],1.0,Counter({'train': 1}),val,68f7375f9d5f9c50,True,hirise_clean,0,C:\Users\deves\OneDrive\Desktop\Projects\TCMD-SS\data\raw\hirise_v3_2\map-proj-v3_2\ESP_019011_2245_RED-0246.jpg
map-proj-v3_2/ESP_019011_2245_RED-0252.jpg,ok,,JPEG,227.0,227.0,L,1.0,1.0,normal,other,train,esp_019011_2245_red-0252,[],20754d6cf7434f9e45e76646ca18f6aaac93b8b35d55aecf51eabb8cf44df45b,91733a32c2c292b98ee938ee25a97d629c879eb50f80aece0fa02b06da5fede6,82f369b11e85ee0b,114.70273050127112,16.348253509302147,12cae5db273839b4,[],0.0,esp_019011_2245,['train'],1.0,Counter({'train': 1}),val,68f7375f9d5f9c50,True,hirise_clean,0,C:\Users\deves\OneDrive\Desktop\Projects\TCMD-SS\data\raw\hirise_v3_2\map-proj-v3_2\ESP_019011_2245_RED-0252.jpg
map-proj-v3_2/ESP_019011_2245_RED-0253.jpg,ok,,JPEG,227.0,227.0,L,1.0,1.0,normal,other,train,esp_019011_2245_red-0253,[],50af3a3cbc9b5c9aa2e85d2ad244ec05bc4dfb9ef7751b1f8c477e4401a9521f,c9dc006c9987464a587884dce8074708fbe10c38bc977080903c13a9fcb8a05f,8ec3f1ce6489c965,78.97539249742863,53.640289823795065,98ec8cbb87522d3f,[],0.0,esp_019011_2245,['train'],1.0,Counter({'train': 1}),val,68f7375f9d5f9c50,True,hirise_clean,0,C:\Users\deves\OneDrive\Desktop\Projects\TCMD-SS\data\raw\hirise_v3_2\map-proj-v3_2\ESP_019011_2245_RED-0253.jpg
map-proj-v3_2/ESP_019011_2245_RED-0255.jpg,ok,,JPEG,227.0,227.0,L,1.0,1.0,normal,other,train,esp_019011_2245_red-0255,[],050ae79a4c00b373b6bf81851d8b28d809d689a2f32e3a12778bfc4e6d026319,48688f9f58e6620b7c3d7a1805957a9a3e6d1cd8fbb472190eabf0a8be54db1f,8ff5f602b1d53700,111.65551437054864,16.22641525868149,7f4057d594ab145b,[],0.0,esp_019011_2245,['train'],1.0,Counter({'train': 1}),val,68f7375f9d5f9c50,True,hirise_clean,0,C:\Users\deves\OneDrive\Desktop\Projects\TCMD-SS\data\raw\hirise_v3_2\map-proj-v3_2\ESP_019011_2245_RED-0255.jpg
map-proj-v3_2/ESP_019011_2245_RED-0271.jpg,ok,,JPEG,227.0,227.0,L,1.0,1.0,normal,other,train,esp_019011_2245_red-0271,[],82b92d753204f911ef2e4129bd23d76bddd799600ee7168cf67d709495b98662,b93d596c462abbaa38b0a2d5cc65285a2ffb1f61238496c39c40dc6236461516,eec58b5f10324eaa,127.66350986822954,16.862117591696666,9cf6e4fb8861d942,[],0.0,esp_019011_2245,['train'],1.0,Counter({'train': 1}),val,68f7375f9d5f9c50,True,hirise_clean,0,C:\Users\deves\OneDrive\Desktop\Projects\TCMD-SS\data\raw\hirise_v3_2\map-proj-v3_2\ESP_019011_2245_RED-0271.jpg
map-proj-v3_2/ESP_019011_2245_RED-0278.jpg,ok,,JPEG,227.0,227.0,L,1.0,1.0,normal,other,train,esp_019011_2245_red-0278,[],898df7761ab04b311b9ad1b18f98047638f60a128e7ba3120d3a76643884d26b,3fc1da3bc43718cb63caadc281b2b7252cb7f4cb7cd9b63b4a28729ca02012e3,db6d246b98e2301f,91.22137049040346,60.89554291716009,c5047f7ed53154f4,[],0.0,esp_019011_2245,['train'],1.0,Counter({'train': 1}),val,68f7375f9d5f9c50,True,hirise_clean,0,C:\Users\deves\OneDrive\Desktop\Projects\TCMD-SS\data\raw\hirise_v3_2\map-proj-v3_2\ESP_019011_2245_RED-0278.jpg
map-proj-v3_2/ESP_019011_2245_RED-0293.jpg,ok,,JPEG,227.0,227.0,L,1.0,1.0,normal,other,train,esp_019011_2245_red-0293,[],6a0d984cdecfae8f834fb487a645db7d40bfb10b2a415d3433e7ccd6fc981604,126154d437960f7a5fe4d2111fe3441ab5d7b5dd2e06e8990997a456441895f9,dcda8b8090de4adb,118.74734615459256,18.283480482478616,7d7689614f6a3909,[],0.0,esp_019011_2245,['train'],1.0,Counter({'train': 1}),val,68f7375f9d5f9c50,True,hirise_clean,0,C:\Users\deves\OneDrive\Desktop\Projects\TCMD-SS\data\raw\hirise_v3_2\map-proj-v3_2\ESP_019011_2245_RED-0293.jpg
map-proj-v3_2/ESP_019011_2245_RED-0296.jpg,ok,,JPEG,227.0,227.0,L,1.0,1.0,normal,other,train,esp_019011_2245_red-0296,[],c19ac2c04b17d3db63b74e87100f9e9340cd0f6f92e8e6408ea138aed76a209d,609981872274db8acdccfaed2e16d22c08d625e4088d31d4e130f707dc7f9f28,d552287ee81a627b,116.8973587688486,44.95915421103844,f82dd7a7e409bcac,[],0.0,esp_019011_2245,['train'],1.0,Counter({'train': 1}),val,68f7375f9d5f9c50,True,hirise_clean,0,C:\Users\deves\OneDrive\Desktop\Projects\TCMD-SS\data\raw\hirise_v3_2\map-proj-v3_2\ESP_019011_2245_RED-0296.jpg
map-proj-v3_2/ESP_019011_2245_RED-0304.jpg,ok,,JPEG,227.0,227.0,L,1.0,1.0,normal,other,train,esp_019011_2245_red-0304,[],4d34e96eec70e9258281603b48507c0502d58d53d01acbb50328ac02adf13330,16f03e96fa325d6660dc513ae42783242ce4acac9227ec3f510243a8798fc0e9,bb498b780ca5739a,118.90106541947252,17.998567972424265,c856e3511e9cda81,[],0.0,esp_019011_2245,['train'],1.0,Counter({'train': 1}),val,68f7375f9d5f9c50,True,hirise_clean,0,C:\Users\deves\OneDrive\Desktop\Projects\TCMD-SS\data\raw\hirise_v3_2\map-proj-v3_2\ESP_019011_2245_RED-0304.jpg
map-proj-v3_2/ESP_019011_2245_RED-0307.jpg,ok,,JPEG,227.0,227.0,L,1.0,1.0,normal,other,train,esp_019011_2245_red-0307,[],acc83462c38f5a50315c385a21e38427ebc55e512cb6f5a08a79b693fd7419cd,e615d3c2e7ea4177152d44d2c05d2bc3debad3f82db0042ed73033bc5a969043,b05737c4eba80fd0,122.93982029536764,18.290951752255467,b1ece04a42ab9d22,[],0.0,esp_019011_2245,['train'],1.0,Counter({'train': 1}),val,68f7375f9d5f9c50,True,hirise_clean,0,C:\Users\deves\OneDrive\Desktop\Projects\TCMD-SS\data\raw\hirise_v3_2\map-proj-v3_2\ESP_019011_2245_RED-0307.jpg
map-proj-v3_2/ESP_019011_2245_RED-0314.jpg,ok,,JPEG,227.0,227.0,L,1.0,1.0,normal,other,train,esp_019011_2245_red-0314,[],2050656cae7c48cedc88aa5603cc5979c871605257e365e03f0535ba1d9dc24a,6390c54f302642ad21f73302d4666d85e54a68694746c67ef931f4d90436adb9,ed8c6ba4e4eaa1a4,130.63306099477964,16.885464231493668,7eeb67a8dc2d9528,[],0.0,esp_019011_2245,['train'],1.0,Counter({'train': 1}),val,68f7375f9d5f9c50,True,hirise_clean,0,C:\Users\deves\OneDrive\Desktop\Projects\TCMD-SS\data\raw\hirise_v3_2\map-proj-v3_2\ESP_019011_2245_RED-0314.jpg
map-proj-v3_2/ESP_019011_2245_RED-0315.jpg,ok,,JPEG,227.0,227.0,L,1.0,1.0,normal,other,train,esp_019011_2245_red-0315,[],009b45225d68b3519b07a4255ad0ba12dcfe62df7b952d677687cb0c7fffbfac,5871d86db980c890970bac254e987604ec82f55f682b3b49987b804de32140a9,f126fc02594ba9f4,133.29608569931494,18.333502791958423,f9a611d448a6a2ad,[],0.0,esp_019011_2245,['train'],1.0,Counter({'train': 1}),val,68f7375f9d5f9c50,True,hirise_clean,0,C:\Users\deves\OneDrive\Desktop\Projects\TCMD-SS\data\raw\hirise_v3_2\map-proj-v3_2\ESP_019011_2245_RED-0315.jpg
map-proj-v3_2/ESP_019011_2245_RED-0325.jpg,ok,,JPEG,227.0,227.0,L,1.0,1.0,normal,other,train,esp_019011_2245_red-0325,[],38371716551df23aa329052d773592757511daedcb9fbdf72de4236ad661c1ef,e5cebf450b6569872eda2f334ef2f7b28a62fbe1ec82bd65735b547e3326c822,ae8a8795d7025f51,131.9406741834695,16.954839564580183,5c71fd991da3b96f,[],0.0,esp_019011_2245,['train'],1.0,Counter({'train': 1}),val,68f7375f9d5f9c50,True,hirise_clean,0,C:\Users\deves\OneDrive\Desktop\Projects\TCMD-SS\data\raw\hirise_v3_2\map-proj-v3_2\ESP_019011_2245_RED-0325.jpg
map-proj-v3_2/ESP_019011_2245_RED-0331.jpg,ok,,JPEG,227.0,227.0,L,1.0,1.0,normal,other,train,esp_019011_2245_red-0331,[],181f97a0080feb12e0a1916aa47f1bbaf4e91859c4579dd7da0379c07c5273f5,0c59371e9cb0fba39e7deefde14f7db4c20e43cea6ba86fe3c7d106b30561c31,db6d64679d08229e,95.11125773836092,63.63277692082009,f077a7a3a2ca283b,[],0.0,esp_019011_2245,['train'],1.0,Counter({'train': 1}),val,68f7375f9d5f9c50,True,hirise_clean,0,C:\Users\deves\OneDrive\Desktop\Projects\TCMD-SS\data\raw\hirise_v3_2\map-proj-v3_2\ESP_019011_2245_RED-0331.jpg
map-proj-v3_2/ESP_019011_2245_RED-0333.jpg,ok,,JPEG,227.0,227.0,L,1.0,1.0,normal,other,train,esp_019011_2245_red-0333,[],1fb4eac705b3f05cf1bf6a480cdc0ce6bae691b7822b86d777ce2fa0bff4f7a5,54e9a5a30d9e36e758cb8dbe12d9068122ffa91b1b5534dd342caac69f69e9be,c958afb1c8ee6628,127.97942905936463,17.624674863926693,b9a3fbed1fde8cc0,[],0.0,esp_019011_2245,['train'],1.0,Counter({'train': 1}),val,68f7375f9d5f9c50,True,hirise_clean,0,C:\Users\deves\OneDrive\Desktop\Projects\TCMD-SS\data\raw\hirise_v3_2\map-proj-v3_2\ESP_019011_2245_RED-0333.jpg
map-proj-v3_2/ESP_019011_2245_RED-0341.jpg,ok,,JPEG,227.0,227.0,L,1.0,1.0,normal,other,train,esp_019011_2245_red-0341,[],68674f5bf0fdfdf4752c2e0beaa741c352522088b48ba1c2193655f65bc59db2,f2e652faf33211477c3e7c66e5697180a5c9acb92510a56f400f708d26415016,b6e571184f31ccaa,123.6974519202779,18.68544734772245,9ee78afe8ca39dd5,[],0.0,esp_019011_2245,['train'],1.0,Counter({'train': 1}),val,68f7375f9d5f9c50,True,hirise_clean,0,C:\Users\deves\OneDrive\Desktop\Projects\TCMD-SS\data\raw\hirise_v3_2\map-proj-v3_2\ESP_019011_2245_RED-0341.jpg
map-proj-v3_2/ESP_019011_2245_RED-0344.jpg,ok,,JPEG,227.0,227.0,L,1.0,1.0,normal,other,train,esp_019011_2245_red-0344,[],ada31294684226864916e793b117feea586b7c17c6149043608d11a7bea53ee5,0b35e46dc5f8ed22b856f1433b9365dacbf7120026966e2b6a4a0fdea9f4fdcd,bf8f627046b1d438,123.42665295270623,17.658021455596447,fa81bfa171dda33f,[],0.0,esp_019011_2245,['train'],1.0,Counter({'train': 1}),val,68f7375f9d5f9c50,True,hirise_clean,0,C:\Users\deves\OneDrive\Desktop\Projects\TCMD-SS\data\raw\hirise_v3_2\map-proj-v3_2\ESP_019011_2245_RED-0344.jpg
map-proj-v3_2/ESP_019011_2245_RED-0361.jpg,ok,,JPEG,227.0,227.0,L,1.0,1.0,normal,other,train,esp_019011_2245_red-0361,[],6f17e5b4243f820a0a21c751067ba810b20206773b0467444af431768171b5ab,8fd1510ba7bfab2a409e632d4e688cffc0c0f139c2dd1d618cfc3395cdba583a,a2d1e4743aa95676,127.68258650468668,16.928839873260497,034229adc9104884,[],0.0,esp_019011_2245,['train'],1.0,Counter({'train': 1}),val,68f7375f9d5f9c50,True,hirise_clean,0,C:\Users\deves\OneDrive\Desktop\Projects\TCMD-SS\data\raw\hirise_v3_2\map-proj-v3_2\ESP_019011_2245_RED-0361.jpg
map-proj-v3_2/ESP_019011_2245_RED-0370.jpg,ok,,JPEG,227.0,227.0,L,1.0,1.0,normal,other,train,esp_019011_2245_red-0370,[],09f485445797ef4504fa03a19e7244b9dcf29ffc246fa53da87cd3e3520cfb1b,37867ff66c3d888b3cdc6f56592e56c320edea18c12838d92bf12521e088eb37,ed968d2a4b47a263,123.62207688874226,17.29261491394634,7ea0ec180128784b,[],0.0,esp_019011_2245,['train'],1.0,Counter({'train': 1}),val,68f7375f9d5f9c50,True,hirise_clean,0,C:\Users\deves\OneDrive\Desktop\Projects\TCMD-SS\data\raw\hirise_v3_2\map-proj-v3_2\ESP_019011_2245_RED-0370.jpg
map-proj-v3_2/ESP_019011_2245_RED-0374.jpg,ok,,JPEG,227.0,227.0,L,1.0,1.0,normal,other,train,esp_019011_2245_red-0374,[],646006a7fec6640be809a5afe64293523250a4dfa15cd4a8f67c9a15495aae9a,4e24f5848d41dc278a63286b94ba25ebba10e7c6b38639f1f81ad2d5074f20bc,8aff119602a9dd93,125.35741039026568,19.189832124002496,83dcaeeac26e0712,[],0.0,esp_019011_2245,['train'],1.0,Counter({'train': 1}),val,68f7375f9d5f9c50,True,hirise_clean,0,C:\Users\deves\OneDrive\Desktop\Projects\TCMD-SS\data\raw\hirise_v3_2\map-proj-v3_2\ESP_019011_2245_RED-0374.jpg
map-proj-v3_2/ESP_019011_2245_RED-0376.jpg,ok,,JPEG,227.0,227.0,L,1.0,1.0,normal,other,train,esp_019011_2245_red-0376,[],a43f23c2a2594c65c07ef8afb7ac7229071c24b13988f9fddf3800f5a963288c,51b995e1abcfcb66fda2bf60a284e88cd3240f4947ce578fb2b9fcc1f423dfa1,c0ba8f61d86f784c,125.7966775990219,16.538057949254107,a94d7909dc5df5b4,[],0.0,esp_019011_2245,['train'],1.0,Counter({'train': 1}),val,68f7375f9d5f9c50,True,hirise_clean,0,C:\Users\deves\OneDrive\Desktop\Projects\TCMD-SS\data\raw\hirise_v3_2\map-proj-v3_2\ESP_019011_2245_RED-0376.jpg
map-proj-v3_2/ESP_019011_2245_RED-0378.jpg,ok,,JPEG,227.0,227.0,L,1.0,1.0,normal,other,train,esp_019011_2245_red-0378,[],2b9e5feb474ca2eae34b93511e90780bbbc892d906d90697bdb7b9310f0017ce,f2e4808ff3665b32767c19209f561e5e7dafdbdb537b02cae84b6187ce4c4902,80ff00f681e87dd6,124.8149003473772,21.407560724756888,266352e2a03230d2,[],0.0,esp_019011_2245,['train'],1.0,Counter({'train': 1}),val,68f7375f9d5f9c50,True,hirise_clean,0,C:\Users\deves\OneDrive\Desktop\Projects\TCMD-SS\data\raw\hirise_v3_2\map-proj-v3_2\ESP_019011_2245_RED-0378.jpg
map-proj-v3_2/ESP_019011_2245_RED-0382.jpg,ok,,JPEG,227.0,227.0,L,1.0,1.0,normal,other,train,esp_019011_2245_red-0382,[],eb73555e4bcca1c7a09e1071fd8624fdcfbbf2169283fa54da29c6a79dda5822,b9438f72b1c12bef4de634322899cdbb98cfa6e1620cbfa222334f1b154bec30,a5e9709ad7426d25,127.26299753536844,16.532020083689712,4c52af1cfe842e9b,[],0.0,esp_019011_2245,['train'],1.0,Counter({'train': 1}),val,68f7375f9d5f9c50,True,hirise_clean,0,C:\Users\deves\OneDrive\Desktop\Projects\TCMD-SS\data\raw\hirise_v3_2\map-proj-v3_2\ESP_019011_2245_RED-0382.jpg
map-proj-v3_2/ESP_019011_2245_RED-0393.jpg,ok,,JPEG,227.0,227.0,L,1.0,1.0,normal,other,train,esp_019011_2245_red-0393,[],c8e08413ffc5711b8aa7c38a4fbce87f62dd8a614d0433f13a5b882c5aa34068,b1bc85e3153bbcb44e368d9fb2f60b90ecf4c62744cc2e90fad464922b3e08af,d08c4482779badbb,130.21704283025093,17.13398992763317,74dc4deca99b2050,[],0.0,esp_019011_2245,['train'],1.0,Counter({'train': 1}),val,68f7375f9d5f9c50,True,hirise_clean,0,C:\Users\deves\OneDrive\Desktop\Projects\TCMD-SS\data\raw\hirise_v3_2\map-proj-v3_2\ESP_019011_2245_RED-0393.jpg
map-proj-v3_2/ESP_019011_2245_RED-0404.jpg,ok,,JPEG,227.0,227.0,L,1.0,1.0,normal,other,train,esp_019011_2245_red-0404,[],09addfdc4b20ba7c24ca4b7218c3682213821379ab3afc51ebd05c4af38455c2,ef375f15f099cf976b074817349825ef0cf6f01fd62c13f766ac299b8f1725e0,9ad38a9982b6b696,128.0259077412719,15.080356486582616,0434950528c50171,[],0.0,esp_019011_2245,['train'],1.0,Counter({'train': 1}),val,68f7375f9d5f9c50,True,hirise_clean,0,C:\Users\deves\OneDrive\Desktop\Projects\TCMD-SS\data\raw\hirise_v3_2\map-proj-v3_2\ESP_019011_2245_RED-0404.jpg
map-proj-v3_2/ESP_019011_2245_RED-0432.jpg,ok,,JPEG,227.0,227.0,L,1.0,1.0,normal,other,train,esp_019011_2245_red-0432,[],137269ce290620cd6c055ab1812b95d664ded953ad12c04c2a94533f9090e203,f2324da1801a7cb80991a8dda50749eabec1923467da82c082f513b6942f5a97,9ac0c88de6f9f04d,150.6252013429331,15.595617406760311,8e2e536d63952ee5,[],0.0,esp_019011_2245,['train'],1.0,Counter({'train': 1}),val,68f7375f9d5f9c50,True,hirise_clean,0,C:\Users\deves\OneDrive\Desktop\Projects\TCMD-SS\data\raw\hirise_v3_2\map-proj-v3_2\ESP_019011_2245_RED-0432.jpg
map-proj-v3_2/ESP_019011_2245_RED-0437.jpg,ok,,JPEG,227.0,227.0,L,1.0,1.0,normal,other,train,esp_019011_2245_red-0437,[],692d81b1ac1c83c2d10ce3e30e36870b01c329141edb204d1e208145479b8d44,333c4782a6dfd119897b130a83d8d64439ed1a10f19b0fda293547eece2642f6,d45a2b663b9c681b,130.48221389896952,57.74322400988738,6958713613db9e08,[],0.0,esp_019011_2245,['train'],1.0,Counter({'train': 1}),val,68f7375f9d5f9c50,True,hirise_clean,0,C:\Users\deves\OneDrive\Desktop\Projects\TCMD-SS\data\raw\hirise_v3_2\map-proj-v3_2\ESP_019011_2245_RED-0437.jpg
map-proj-v3_2/ESP_019011_2245_RED-0439.jpg,ok,,JPEG,227.0,227.0,L,1.0,1.0,normal,other,train,esp_019011_2245_red-0439,[],a290a42e09791c09083882f8489c9a87ec45693060bad12d28e9ce76016f5899,c98f77b413a4df4446fad43182e69910fc528574cef23fec824619ee60b40a11,80fe6fec57a01945,115.331735527567,36.20663207684085,3b53c1ff6b5b0059,[],0.0,esp_019011_2245,['train'],1.0,Counter({'train': 1}),val,68f7375f9d5f9c50,True,hirise_clean,0,C:\Users\deves\OneDrive\Desktop\Projects\TCMD-SS\data\raw\hirise_v3_2\map-proj-v3_2\ESP_019011_2245_RED-0439.jpg
map-proj-v3_2/ESP_019011_2245_RED-0443.jpg,ok,,JPEG,227.0,227.0,L,1.0,1.0,normal,other,train,esp_019011_2245_red-0443,[],1b445b520c91bc1d7e135fb4bbade62437c2ebceae6318f41256f69fd4da66c3,acd2944c88bfd5d00b7ec1b5b1752fba071845fdccb64b75d4e9f9b486380f0c,95d1e26b399cac46,150.07706340119157,18.43333679709791,078afae0123b5213,[],0.0,esp_019011_2245,['train'],1.0,Counter({'train': 1}),val,68f7375f9d5f9c50,True,hirise_clean,0,C:\Users\deves\OneDrive\Desktop\Projects\TCMD-SS\data\raw\hirise_v3_2\map-proj-v3_2\ESP_019011_2245_RED-0443.jpg
map-proj-v3_2/ESP_019011_2245_RED-0450.jpg,ok,,JPEG,227.0,227.0,L,1.0,1.0,normal,other,train,esp_019011_2245_red-0450,[],e00ec6ae7762c0220333138bb1cb717beac9c0ed63b717525b069a24fc2b3572,9969b859ae564c7484d76fa6231803917a337be8c36aafdef447f4f880dec12c,b38d6c7393dc4c12,138.56315860971492,17.311733219190657,fb2285473dfae063,[],0.0,esp_019011_2245,['train'],1.0,Counter({'train': 1}),val,68f7375f9d5f9c50,True,hirise_clean,0,C:\Users\deves\OneDrive\Desktop\Projects\TCMD-SS\data\raw\hirise_v3_2\map-proj-v3_2\ESP_019011_2245_RED-0450.jpg
map-proj-v3_2/ESP_019011_2245_RED-0465.jpg,ok,,JPEG,227.0,227.0,L,1.0,1.0,normal,other,train,esp_019011_2245_red-0465,[],79b23f5b927d826598ec986bb08535b8c5ad825a97710b48bcf7887173cd9ce7,5380126c1ac00eee4a8917f507bbd225b7f4d1ba27007d7acf9621697c0dd23d,9c1d6059c4e4f72e,119.13974655048614,16.867068070977506,5c46ec241573e531,[],0.0,esp_019011_2245,['train'],1.0,Counter({'train': 1}),val,68f7375f9d5f9c50,True,hirise_clean,0,C:\Users\deves\OneDrive\Desktop\Projects\TCMD-SS\data\raw\hirise_v3_2\map-proj-v3_2\ESP_019011_2245_RED-0465.jpg
map-proj-v3_2/ESP_019011_2245_RED-0482.jpg,ok,,JPEG,227.0,227.0,L,1.0,1.0,normal,other,train,esp_019011_2245_red-0482,[],67b70aed98797b454b5d6a775dfa143c045c6d1d324e412b307d857717161ae0,5408fd88e1e2fd387f930ddedde1ab40a914a0109e958ea0115a8716d9f391c0,a4b05b49ad24d6db,177.4532981427934,17.453718843299214,a44d56290da10e91,[],0.0,esp_019011_2245,['train'],1.0,Counter({'train': 1}),val,68f7375f9d5f9c50,True,hirise_clean,0,C:\Users\deves\OneDrive\Desktop\Projects\TCMD-SS\data\raw\hirise_v3_2\map-proj-v3_2\ESP_019011_2245_RED-0482.jpg
map-proj-v3_2/ESP_019011_2245_RED-0492.jpg,ok,,JPEG,227.0,227.0,L,1.0,1.0,normal,other,train,esp_019011_2245_red-0492,[],284dc43a34046ea90ddbdf50913b7ad5fb5978f9636a47b6da61ffffa64ad434,343dc7ffa72d6e91ccf7643875b72624e87a2c5234560ab9adb937641b58c38c,89bb6444e2393f17,165.086863707815,17.704127953613312,20f6d4927c61cb62,[],0.0,esp_019011_2245,['train'],1.0,Counter({'train': 1}),val,68f7375f9d5f9c50,True,hirise_clean,0,C:\Users\deves\OneDrive\Desktop\Projects\TCMD-SS\data\raw\hirise_v3_2\map-proj-v3_2\ESP_019011_2245_RED-0492.jpg
map-proj-v3_2/ESP_019011_2245_RED-0517.jpg,ok,,JPEG,227.0,227.0,L,1.0,1.0,normal,other,train,esp_019011_2245_red-0517,[],4c3f5b958d74108e4de61fccc03f468566ca88aeed94a17fc20735e0bbda7252,f9e024a595a4e3a6af843c046b05a9b332b241c880d39d707cbfc50b046365ac,8ec7619659ec514d,80.11444041219508,57.77814063292069,b9ac10abdc479444,[],0.0,esp_019011_2245,['train'],1.0,Counter({'train': 1}),val,68f7375f9d5f9c50,True,hirise_clean,0,C:\Users\deves\OneDrive\Desktop\Projects\TCMD-SS\data\raw\hirise_v3_2\map-proj-v3_2\ESP_019011_2245_RED-0517.jpg
map-proj-v3_2/ESP_019011_2245_RED-0522.jpg,ok,,JPEG,227.0,227.0,L,1.0,1.0,normal,other,train,esp_019011_2245_red-0522,[],d13f09a320d092697eded346d0c501f663cbfce95bdc7d9b1755b89179ed0e0e,228fa8e1250a15e032436df1935a781e520275e503d1b8e1602dc1e0fb98fa5b,a53ec85c663699d1,172.97991422305887,17.129267107386266,5702bf3c00a2a6e9,[],0.0,esp_019011_2245,['train'],1.0,Counter({'train': 1}),val,68f7375f9d5f9c50,True,hirise_clean,0,C:\Users\deves\OneDrive\Desktop\Projects\TCMD-SS\data\raw\hirise_v3_2\map-proj-v3_2\ESP_019011_2245_RED-0522.jpg
map-proj-v3_2/ESP_019011_2245_RED-0538.jpg,ok,,JPEG,227.0,227.0,L,1.0,1.0,normal,other,train,esp_019011_2245_red-0538,[],c97713e7d6c49d0e6102a2a58661c2a6645aa60cd4046cc47afac6c738d72bef,2c55a7fbf5ff76aba4f8bdbd167a7f2600d9589f3daa02a02067a2d4afd5c07c,a17ed644c0965c7b,129.2363523452813,17.11172932064001,e1403ece303597e7,[],0.0,esp_019011_2245,['train'],1.0,Counter({'train': 1}),val,68f7375f9d5f9c50,True,hirise_clean,0,C:\Users\deves\OneDrive\Desktop\Projects\TCMD-SS\data\raw\hirise_v3_2\map-proj-v3_2\ESP_019011_2245_RED-0538.jpg
map-proj-v3_2/ESP_019011_2245_RED-0539.jpg,ok,,JPEG,227.0,227.0,L,1.0,1.0,normal,other,train,esp_019011_2245_red-0539,[],a2d8217ce5ca3bf2b22399a5cde29c296c3237758995b7c3e03915a754e6cbf2,175356e8da4a329388d08c69febdd12b0ad7078a9a157a07a12e27f5c4d6fca2,a520a9ab9aa37cbc,132.68429428089038,17.53649164618622,ea73676a1cdec967,[],0.0,esp_019011_2245,['train'],1.0,Counter({'train': 1}),val,68f7375f9d5f9c50,True,hirise_clean,0,C:\Users\deves\OneDrive\Desktop\Projects\TCMD-SS\data\raw\hirise_v3_2\map-proj-v3_2\ESP_019011_2245_RED-0539.jpg
map-proj-v3_2/ESP_019011_2245_RED-0549.jpg,ok,,JPEG,227.0,227.0,L,1.0,1.0,normal,other,train,esp_019011_2245_red-0549,[],c46d8125a65bbf348ba4bc89c19452832eff6266e2191c95072fed5648a0398d,54a6d9c391d57cbcb44b033d061705e4f888a0b551b72ca62b508c28ef1660f6,d7b5a5a28a5652d8,131.32212928642124,17.868562563090517,6468ca8aab4576d4,[],0.0,esp_019011_2245,['train'],1.0,Counter({'train': 1}),val,68f7375f9d5f9c50,True,hirise_clean,0,C:\Users\deves\OneDrive\Desktop\Projects\TCMD-SS\data\raw\hirise_v3_2\map-proj-v3_2\ESP_019011_2245_RED-0549.jpg
map-proj-v3_2/ESP_019011_2245_RED-0552.jpg,ok,,JPEG,227.0,227.0,L,1.0,1.0,normal,impact ejecta,train,esp_019011_2245_red-0552,[],f6dab1bad5f9d5ecbcaa3118f1b44e149300d16bf3d4c16bc2a2b0b19d9a26c4,c2885fb2c583a6508d5b8092422f46b3c132b651c42f7ae8d66cf772f4cd4379,a773cc8c7133469c,133.9782646664985,21.512561576524927,98e70a4213c0ab03,[],5.0,esp_019011_2245,['train'],1.0,Counter({'train': 1}),val,68f7375f9d5f9c50,True,hirise_clean,0,C:\Users\deves\OneDrive\Desktop\Projects\TCMD-SS\data\raw\hirise_v3_2\map-proj-v3_2\ESP_019011_2245_RED-0552.jpg
map-proj-v3_2/ESP_019011_2245_RED-0557.jpg,ok,,JPEG,227.0,227.0,L,1.0,1.0,normal,other,train,esp_019011_2245_red-0557,[],b223024569550dbc50ebfcdabf28199aee8e32134e3ee1a030e91d6e1d088c0e,303e8d041aa5f8c4309653f3eb6c3313e4582fe41cc0197a39e8f511c0d2ca0a,c8ff66251b8984e6,133.6517495002814,15.535168210046995,01b095c3f0d52010,[],0.0,esp_019011_2245,['train'],1.0,Counter({'train': 1}),val,68f7375f9d5f9c50,True,hirise_clean,0,C:\Users\deves\OneDrive\Desktop\Projects\TCMD-SS\data\raw\hirise_v3_2\map-proj-v3_2\ESP_019011_2245_RED-0557.jpg
map-proj-v3_2/ESP_019011_2245_RED-0558.jpg,ok,,JPEG,227.0,227.0,L,1.0,1.0,normal,other,train,esp_019011_2245_red-0558,[],8217323afa1313fe5d8bfaf7987011ff0dcbe2cc2c711c9aa5ec5062d34edc52,6e11048e5a9c2db87e7c6eb00fb1a1b0ce19a8e67ec8650f48eed1737f5fb985,d7906c43b7ed8056,133.48671621805198,17.152255568501154,b2030377027c14ee,[],0.0,esp_019011_2245,['train'],1.0,Counter({'train': 1}),val,68f7375f9d5f9c50,True,hirise_clean,0,C:\Users\deves\OneDrive\Desktop\Projects\TCMD-SS\data\raw\hirise_v3_2\map-proj-v3_2\ESP_019011_2245_RED-0558.jpg
map-proj-v3_2/ESP_019011_2245_RED-0570.jpg,ok,,JPEG,227.0,227.0,L,1.0,1.0,normal,other,train,esp_019011_2245_red-0570,[],71b3daf94f3ec30e31bad6f61f4c4e96d4ec1fb97a6d8a98865c6d2c5b692ca9,b26887a1b8aa8a7358e3c4ef51dfaa48b3d0910c6e56b051defab26c649e447d,8c1472a3bdde4267,142.84404898212657,16.262938249412013,881d73536e194497,[],0.0,esp_019011_2245,['train'],1.0,Counter({'train': 1}),val,68f7375f9d5f9c50,True,hirise_clean,0,C:\Users\deves\OneDrive\Desktop\Projects\TCMD-SS\data\raw\hirise_v3_2\map-proj-v3_2\ESP_019011_2245_RED-0570.jpg
map-proj-v3_2/ESP_019011_2245_RED-0576.jpg,ok,,JPEG,227.0,227.0,L,1.0,1.0,normal,other,train,esp_019011_2245_red-0576,[],1852982defca66b113d8f3afe6c42da80d4cdcab86dc2d32c46c3b0b14922a52,227e4353b757926418d3060410b1662798d85a6ec831bb25916eec3cd1bb0096,9d8842f3b910caef,135.2367210696889,17.16774084121896,b6f51a0e337b8aa1,[],0.0,esp_019011_2245,['train'],1.0,Counter({'train': 1}),val,68f7375f9d5f9c50,True,hirise_clean,0,C:\Users\deves\OneDrive\Desktop\Projects\TCMD-SS\data\raw\hirise_v3_2\map-proj-v3_2\ESP_019011_2245_RED-0576.jpg
map-proj-v3_2/ESP_019011_2245_RED-0578.jpg,ok,,JPEG,227.0,227.0,L,1.0,1.0,normal,other,train,esp_019011_2245_red-0578,[],c807d9217fa1b05088fd98f08cefc2f6b5d84a323889e6f15e7a2a345b301b5f,bd363f17aa673cbe8b5efe30b0cd6f028274aea24ae81e610534be3cc34a19be,aee0f2588df5144e,133.9648159288944,17.465980502194704,22d8f4788f018935,[],0.0,esp_019011_2245,['train'],1.0,Counter({'train': 1}),val,68f7375f9d5f9c50,True,hirise_clean,0,C:\Users\deves\OneDrive\Desktop\Projects\TCMD-SS\data\raw\hirise_v3_2\map-proj-v3_2\ESP_019011_2245_RED-0578.jpg
map-proj-v3_2/ESP_019011_2245_RED-0580.jpg,ok,,JPEG,227.0,227.0,L,1.0,1.0,normal,other,train,esp_019011_2245_red-0580,[],a03e689acd41a34ce7b3c98917498a8c2f223bbb783f071de2232032ba4961c4,4fc9026bf470e7293220f2f3362f258070d10bf955b874bebe04b1856dad704d,8dc925f8aaadb505,140.99934017737584,17.492056886937164,d6356663303319c0,[],0.0,esp_019011_2245,['train'],1.0,Counter({'train': 1}),val,68f7375f9d5f9c50,True,hirise_clean,0,C:\Users\deves\OneDrive\Desktop\Projects\TCMD-SS\data\raw\hirise_v3_2\map-proj-v3_2\ESP_019011_2245_RED-0580.jpg
map-proj-v3_2/ESP_019011_2245_RED-0583.jpg,ok,,JPEG,227.0,227.0,L,1.0,1.0,normal,other,train,esp_019011_2245_red-0583,[],6c9e0d633293335edd26e37279133bfebe9d99d8a2add68a934d7452037ff583,7631a8eafeb25190cf7ebad23b8548cafd7603f77ac0a43e4a8596bba5a94506,ab86f1592aa22add,66.11242213122708,15.239428150760766,9dbbc9fa7d6f53b2,[],0.0,esp_019011_2245,['train'],1.0,Counter({'train': 1}),val,68f7375f9d5f9c50,True,hirise_clean,0,C:\Users\deves\OneDrive\Desktop\Projects\TCMD-SS\data\raw\hirise_v3_2\map-proj-v3_2\ESP_019011_2245_RED-0583.jpg
map-proj-v3_2/ESP_019011_2245_RED-0586.jpg,ok,,JPEG,227.0,227.0,L,1.0,1.0,normal,other,train,esp_019011_2245_red-0586,[],3e2ff22873d4d15e063421d7a2a78ea534e6cc9da39787c7f093e6382ab52bb4,027687edab7b0ba57adc157421f1d9efe274ae1a4d80cb87bfb5d7d76400a02f,90e95ce65c760b69,141.94170273050128,16.797461890999834,ade73bbd3166fa4b,[],0.0,esp_019011_2245,['train'],1.0,Counter({'train': 1}),val,68f7375f9d5f9c50,True,hirise_clean,0,C:\Users\deves\OneDrive\Desktop\Projects\TCMD-SS\data\raw\hirise_v3_2\map-proj-v3_2\ESP_019011_2245_RED-0586.jpg
map-proj-v3_2/ESP_019011_2245_RED-0588.jpg,ok,,JPEG,227.0,227.0,L,1.0,1.0,normal,other,train,esp_019011_2245_red-0588,[],4281ad72da7eeb5b50e858dacd3ad5f1b8f4b13e23564db929bd7ac7482fc164,1e54a9e57b2f399032ecff8ff7be1e8e44712bb5071633ac10c623518e7a8fb5,8dd45511bda479cc,138.64794581691862,16.308641585132726,84be31a68187d380,[],0.0,esp_019011_2245,['train'],1.0,Counter({'train': 1}),val,68f7375f9d5f9c50,True,hirise_clean,0,C:\Users\deves\OneDrive\Desktop\Projects\TCMD-SS\data\raw\hirise_v3_2\map-proj-v3_2\ESP_019011_2245_RED-0588.jpg
map-proj-v3_2/ESP_019011_2245_RED-0596.jpg,ok,,JPEG,227.0,227.0,L,1.0,1.0,normal,other,train,esp_019011_2245_red-0596,[],7d1c9886914c3464f364a6569d2092f98d28cae92f3df752ab4eba89c8c675d6,5a0dc3a33c67148b6dc9036189891cc7e7d684adbe21cdc700542c5e6541bf70,da78e4a4b51988ee,143.28232645694658,17.036836933588077,17b6ac460917c7d4,[],0.0,esp_019011_2245,['train'],1.0,Counter({'train': 1}),val,68f7375f9d5f9c50,True,hirise_clean,0,C:\Users\deves\OneDrive\Desktop\Projects\TCMD-SS\data\raw\hirise_v3_2\map-proj-v3_2\ESP_019011_2245_RED-0596.jpg
map-proj-v3_2/ESP_019011_2245_RED-0605.jpg,ok,,JPEG,227.0,227.0,L,1.0,1.0,normal,other,train,esp_019011_2245_red-0605,[],ea7eab42db74743106e30ecb4e06a751dd1645f0b5c9122ac886354fabbb5c03,ed964e56ca8b9c3280f74d4b05ee555be42adf1542c53f59f705c83df4307236,8ec3e1c6d5c5d1c8,96.26412311513904,63.91901273265327,906afbff01c98c17,[],0.0,esp_019011_2245,['train'],1.0,Counter({'train': 1}),val,68f7375f9d5f9c50,True,hirise_clean,0,C:\Users\deves\OneDrive\Desktop\Projects\TCMD-SS\data\raw\hirise_v3_2\map-proj-v3_2\ESP_019011_2245_RED-0605.jpg
map-proj-v3_2/ESP_019011_2245_RED-0616.jpg,ok,,JPEG,227.0,227.0,L,1.0,1.0,normal,other,train,esp_019011_2245_red-0616,[],91fdd9421c43389b4d202cc3afe9f5897284c426403fc810e4f14df6c32b71cd,50347f7f0586928387de3b04e48bddb191a553855bb5c953f828fd034d308e99,a9956ec63bb904e2,147.83793591957928,17.69389366477397,793c965ec42d1df3,[],0.0,esp_019011_2245,['train'],1.0,Counter({'train': 1}),val,68f7375f9d5f9c50,True,hirise_clean,0,C:\Users\deves\OneDrive\Desktop\Projects\TCMD-SS\data\raw\hirise_v3_2\map-proj-v3_2\ESP_019011_2245_RED-0616.jpg
map-proj-v3_2/ESP_019011_2245_RED-0617.jpg,ok,,JPEG,227.0,227.0,L,1.0,1.0,normal,other,train,esp_019011_2245_red-0617,[],9baba60db393a714b9543640cf0b7248b8b828eca42492330efadb11f2a31b14,aced658d81a823170e47446a5c95adf136420ae5061414c1c946b45b944c2979,85817e4743fcae0b,150.45593743329,18.44098021064264,b7b2d65b801b1dcb,[],0.0,esp_019011_2245,['train'],1.0,Counter({'train': 1}),val,68f7375f9d5f9c50,True,hirise_clean,0,C:\Users\deves\OneDrive\Desktop\Projects\TCMD-SS\data\raw\hirise_v3_2\map-proj-v3_2\ESP_019011_2245_RED-0617.jpg
map-proj-v3_2/ESP_019011_2245_RED-0630.jpg,ok,,JPEG,227.0,227.0,L,1.0,1.0,normal,other,train,esp_019011_2245_red-0630,[],d5c7ac41ab9f95ed05bf7a5563a56d05e841937c27e1babd78e5b7893fde24c6,e66b066edb42d6fa15c6652ce8ac5285b22b6d84547ad5030f75a9a5fd7a821b,9cc773c7a38a3194,91.346872634827,66.75771884402663,0836570b3d06eb04,[],0.0,esp_019011_2245,['train'],1.0,Counter({'train': 1}),val,68f7375f9d5f9c50,True,hirise_clean,0,C:\Users\deves\OneDrive\Desktop\Projects\TCMD-SS\data\raw\hirise_v3_2\map-proj-v3_2\ESP_019011_2245_RED-0630.jpg
map-proj-v3_2/ESP_019011_2245_RED-0632.jpg,ok,,JPEG,227.0,227.0,L,1.0,1.0,normal,other,train,esp_019011_2245_red-0632,[],59af5fe30ee95bf299ae4922b93d62e4cbff183721b4964df6e5c77799b3354c,2af7baf0541acacc542cc7a7917f10e97ff58d62846bbec4df2b2b1d36b0b8bd,998566131989e37f,147.0685245201731,16.93540876439833,e69c6e6fb7d13dcb,[],0.0,esp_019011_2245,['train'],1.0,Counter({'train': 1}),val,68f7375f9d5f9c50,True,hirise_clean,0,C:\Users\deves\OneDrive\Desktop\Projects\TCMD-SS\data\raw\hirise_v3_2\map-proj-v3_2\ESP_019011_2245_RED-0632.jpg
map-proj-v3_2/ESP_019011_2245_RED-0633.jpg,ok,,JPEG,227.0,227.0,L,1.0,1.0,normal,other,train,esp_019011_2245_red-0633,[],07561665cce29a567f1f3622eac7aa7c4e059c4803cbb1f3e9a6b7ccd626715e,ebad2f85e696d2c4715a480c06a92d62e71f27b18da10592e85d2f1817e8f7b1,b5a14f9656627989,142.59680956354674,16.629273443702484,64c7f2912eadca67,[],0.0,esp_019011_2245,['train'],1.0,Counter({'train': 1}),val,68f7375f9d5f9c50,True,hirise_clean,0,C:\Users\deves\OneDrive\Desktop\Projects\TCMD-SS\data\raw\hirise_v3_2\map-proj-v3_2\ESP_019011_2245_RED-0633.jpg
map-proj-v3_2/ESP_019011_2245_RED-0644.jpg,ok,,JPEG,227.0,227.0,L,1.0,1.0,normal,other,train,esp_019011_2245_red-0644,[],1fcb091a0ff2b95469320ddb895493230e19b7de3ec700c863f610a3a5486f55,218ee55eadae2866d2eeb905a314db0d20c2629ddae6bf9063de5c28cfef040b,9052516e6f374b2d,150.63797085136525,17.219786674643416,ac352a88d3b122ba,[],0.0,esp_019011_2245,['train'],1.0,Counter({'train': 1}),val,68f7375f9d5f9c50,True,hirise_clean,0,C:\Users\deves\OneDrive\Desktop\Projects\TCMD-SS\data\raw\hirise_v3_2\map-proj-v3_2\ESP_019011_2245_RED-0644.jpg
map-proj-v3_2/ESP_019011_2245_RED-0647.jpg,ok,,JPEG,227.0,227.0,L,1.0,1.0,normal,other,train,esp_019011_2245_red-0647,[],7ffa023329142a2e620961b9fe77bc2deac3480ef82626e98f9af1001453e01e,94676b61ac5809c6b6de69ed364981630bbf0f145f2adfabe6f5f7cbadf457a9,93dc6a33644ebc25,149.3952919715112,16.786076002687917,965332be47ed9b10,[],0.0,esp_019011_2245,['train'],1.0,Counter({'train': 1}),val,68f7375f9d5f9c50,True,hirise_clean,0,C:\Users\deves\OneDrive\Desktop\Projects\TCMD-SS\data\raw\hirise_v3_2\map-proj-v3_2\ESP_019011_2245_RED-0647.jpg
map-proj-v3_2/ESP_019011_2245_RED-0658.jpg,ok,,JPEG,227.0,227.0,L,1.0,1.0,normal,other,train,esp_019011_2245_red-0658,[],6baea23c021885f77487063f58e15d2099883e0b13e61fa19354a9246b205dd6,c75f64b9877456d4ba279bc4a23ad2286aa44aacfe3fcb357d4440e9ca940b14,ceb1034c91ecff0a,146.81804420811582,17.875606528125996,ac4d930eaf8ebbe5,[],0.0,esp_019011_2245,['train'],1.0,Counter({'train': 1}),val,68f7375f9d5f9c50,True,hirise_clean,0,C:\Users\deves\OneDrive\Desktop\Projects\TCMD-SS\data\raw\hirise_v3_2\map-proj-v3_2\ESP_019011_2245_RED-0658.jpg
map-proj-v3_2/ESP_019011_2245_RED-0666.jpg,ok,,JPEG,227.0,227.0,L,1.0,1.0,normal,other,train,esp_019011_2245_red-0666,[],4471b3f9f27972d7078d0820eefb38b475cd305158ba79055a58965eb99ee59f,9d99d35c47e21272cfbea69a5eb23f9988c44e2971b887d793d6c4f180489159,860f39654fb2a1f8,146.34578586815192,15.6141686477049,57d189850fc1bf26,[],0.0,esp_019011_2245,['train'],1.0,Counter({'train': 1}),val,68f7375f9d5f9c50,True,hirise_clean,0,C:\Users\deves\OneDrive\Desktop\Projects\TCMD-SS\data\raw\hirise_v3_2\map-proj-v3_2\ESP_019011_2245_RED-0666.jpg
map-proj-v3_2/ESP_019011_2245_RED-0671.jpg,ok,,JPEG,227.0,227.0,L,1.0,1.0,normal,other,train,esp_019011_2245_red-0671,[],e596376fed779977096c713d3ca390a6a8b7b838473e6dcb9b772b61a9ecf6a7,f081f4c8d26086cf9672cff2dce3651706821e6adfbf559a8d9786d9c70d7907,d2b22e2a2342f4fd,142.0696112868482,16.636034892279547,19100ad67ab8e7bc,[],0.0,esp_019011_2245,['train'],1.0,Counter({'train': 1}),val,68f7375f9d5f9c50,True,hirise_clean,0,C:\Users\deves\OneDrive\Desktop\Projects\TCMD-SS\data\raw\hirise_v3_2\map-proj-v3_2\ESP_019011_2245_RED-0671.jpg
map-proj-v3_2/ESP_019011_2245_RED-0681.jpg,ok,,JPEG,227.0,227.0,L,1.0,1.0,normal,other,train,esp_019011_2245_red-0681,[],772f2c6908f4e2c08bb1f121db07da9c3ed5f752829260808849438003274fc9,a54c6e854b5d42c5dd3c84da22f99d702001a85c17346a4cd500db4000cd82df,b80d2f22734d7cd1,120.63046051737857,54.090856041965125,e60260e8600508dc,[],0.0,esp_019011_2245,['train'],1.0,Counter({'train': 1}),val,68f7375f9d5f9c50,True,hirise_clean,0,C:\Users\deves\OneDrive\Desktop\Projects\TCMD-SS\data\raw\hirise_v3_2\map-proj-v3_2\ESP_019011_2245_RED-0681.jpg
map-proj-v3_2/ESP_019011_2245_RED-0684.jpg,ok,,JPEG,227.0,227.0,L,1.0,1.0,normal,other,train,esp_019011_2245_red-0684,[],3a36b1f059c972898562e4b2c17c75d0f018faeaf583c838780be283350528cd,0e9dc0af38edb5fa7d2b69d045dea7371b9545c9d81312aaaf776ff62f005a48,882e7779d8c691ac,103.8388674338722,66.89659251595955,ab04df53325caee0,[],0.0,esp_019011_2245,['train'],1.0,Counter({'train': 1}),val,68f7375f9d5f9c50,True,hirise_clean,0,C:\Users\deves\OneDrive\Desktop\Projects\TCMD-SS\data\raw\hirise_v3_2\map-proj-v3_2\ESP_019011_2245_RED-0684.jpg
map-proj-v3_2/ESP_019340_1875_RED-0005.jpg,ok,,JPEG,227.0,227.0,L,1.0,1.0,normal,other,test,esp_019340_1875_red-0005,[],ad6e1d0544903c9409e18024281e3920e6e0ea2f58d1f871a58f5f49e0107104,bdec0cad50f74ee60c9724c8f5649a337952788cb9480815bacb4330a3251f75,ecb939f28079d322,97.19055289254597,62.45489963305187,a13c0536d7b1665d,[],0.0,esp_019340_1875,['test'],1.0,Counter({'test': 1}),val,3a4fca79aee70bd9,True,hirise_clean,0,C:\Users\deves\OneDrive\Desktop\Projects\TCMD-SS\data\raw\hirise_v3_2\map-proj-v3_2\ESP_019340_1875_RED-0005.jpg
map-proj-v3_2/ESP_019340_1875_RED-0006.jpg,ok,,JPEG,227.0,227.0,L,1.0,1.0,normal,other,test,esp_019340_1875_red-0006,[],e224a960edfdf7eea9828762f796709a1903ea9820bdabc644cbfb42d8f2be27,e7564bf5c3a07e6cb5d1bd6e3a74b5b1a82993197287ee6f7dc998f5c288ec20,ffa800d7a860c1bf,95.67315492247084,61.676491969394654,9757cd0852a7a418,[],0.0,esp_019340_1875,['test'],1.0,Counter({'test': 1}),val,3a4fca79aee70bd9,True,hirise_clean,0,C:\Users\deves\OneDrive\Desktop\Projects\TCMD-SS\data\raw\hirise_v3_2\map-proj-v3_2\ESP_019340_1875_RED-0006.jpg
map-proj-v3_2/ESP_019340_1875_RED-0007.jpg,ok,,JPEG,227.0,227.0,L,1.0,1.0,normal,other,test,esp_019340_1875_red-0007,[],1b06295e7819253da30d9e6b7c16d92fdad055b1c66533f3bb851b0f2f040a6b,8a8cf79039426e1b1fe937a9f503591e56e4f30c2042f5cdd563c3f01db2a65b,c58933e60c79d336,108.03374798657067,63.35028276667024,3715a2410ebcbf66,[],0.0,esp_019340_1875,['test'],1.0,Counter({'test': 1}),val,3a4fca79aee70bd9,True,hirise_clean,0,C:\Users\deves\OneDrive\Desktop\Projects\TCMD-SS\data\raw\hirise_v3_2\map-proj-v3_2\ESP_019340_1875_RED-0007.jpg
map-proj-v3_2/ESP_019340_1875_RED-0012.jpg,ok,,JPEG,227.0,227.0,L,1.0,1.0,normal,other,test,esp_019340_1875_red-0012,[],a394dce1d884bc0f81904cbbfdc87bd85026c3987885d1009d4330dd915f33ca,c92ecb95c70a95d65dae03bea24b92f94723b654d75a49155e0ff213e8b52768,ee1619493f3b7890,140.78076422985114,12.557794195837264,8d6347a02687fd1f,[],0.0,esp_019340_1875,['test'],1.0,Counter({'test': 1}),val,3a4fca79aee70bd9,True,hirise_clean,0,C:\Users\deves\OneDrive\Desktop\Projects\TCMD-SS\data\raw\hirise_v3_2\map-proj-v3_2\ESP_019340_1875_RED-0012.jpg
map-proj-v3_2/ESP_019340_1875_RED-0017.jpg,ok,,JPEG,227.0,227.0,L,1.0,1.0,normal,other,test,esp_019340_1875_red-0017,[],9ace9b543c44dc1fbe674a8755992be21eeaa3dc4e192e27aa70a6bbe9a9778a,3c9c357f6eca1226d6bf1f45d87df48d36338be7e9c476b2ec45bc788c4ab7b3,862e194b66d99b66,169.73455723961266,10.25058474655206,9d6cd1b205883e0e,[],0.0,esp_019340_1875,['test'],1.0,Counter({'test': 1}),val,3a4fca79aee70bd9,True,hirise_clean,0,C:\Users\deves\OneDrive\Desktop\Projects\TCMD-SS\data\raw\hirise_v3_2\map-proj-v3_2\ESP_019340_1875_RED-0017.jpg
map-proj-v3_2/ESP_019340_1875_RED-0018.jpg,ok,,JPEG,227.0,227.0,L,1.0,1.0,normal,other,test,esp_019340_1875_red-0018,[],f5a31f717ecc52d53c9d0f94b5a7dad1c5a32d67feb74450d574bbce2933419c,c4fe85772ce3b3c169e44d3968046e2da06e91ba73837cde8686ad00c1cbee8e,f1b1548f6f947980,122.99796231248423,32.984202754561906,5a01b6906bb239d9,[],0.0,esp_019340_1875,['test'],1.0,Counter({'test': 1}),val,3a4fca79aee70bd9,True,hirise_clean,0,C:\Users\deves\OneDrive\Desktop\Projects\TCMD-SS\data\raw\hirise_v3_2\map-proj-v3_2\ESP_019340_1875_RED-0018.jpg
map-proj-v3_2/ESP_019340_1875_RED-0024.jpg,ok,,JPEG,227.0,227.0,L,1.0,1.0,normal,other,test,esp_019340_1875_red-0024,[],6626982bcbb89a4b16baff212ecebdc128d09573a4e0c5857755006fa51702ad,230c11bab96613819a507a932eec9770ae4020c714ba99adaddbe524d8090591,ca9fb9c0b43961c6,123.32886335849716,21.974327395367,5d57d43139574ec7,[],0.0,esp_019340_1875,['test'],1.0,Counter({'test': 1}),val,3a4fca79aee70bd9,True,hirise_clean,0,C:\Users\deves\OneDrive\Desktop\Projects\TCMD-SS\data\raw\hirise_v3_2\map-proj-v3_2\ESP_019340_1875_RED-0024.jpg
map-proj-v3_2/ESP_019340_1875_RED-0029.jpg,ok,,JPEG,227.0,227.0,L,1.0,1.0,normal,other,test,esp_019340_1875_red-0029,[],746fb9a9cc32c48838fec492c790b4d1bf0bfd79f10989c3e353316b3c479aac,95d36e34e9b1328c2bdde707f2e4fc040d751377cb3c2f2409d20bf5e4d1e72e,e6ce9938e6e69031,142.16703215664964,15.83349593472233,4edfb90e59841911,[],0.0,esp_019340_1875,['test'],1.0,Counter({'test': 1}),val,3a4fca79aee70bd9,True,hirise_clean,0,C:\Users\deves\OneDrive\Desktop\Projects\TCMD-SS\data\raw\hirise_v3_2\map-proj-v3_2\ESP_019340_1875_RED-0029.jpg
map-proj-v3_2/ESP_019340_1875_RED-0030.jpg,ok,,JPEG,227.0,227.0,L,1.0,1.0,normal,other,test,esp_019340_1875_red-0030,[],9171eecdbc6f644a3c988dd73e068f84861349a0b10379e16c68178ce0246f6d,44604674aee2f0a53a011d1c88b3f6c1d7e13648e2e2bc1b973eaf4cef04886a,ccb133ee48c936a6,170.5962661802092,14.289931861474518,e9634cd1ea79a1b4,[],0.0,esp_019340_1875,['test'],1.0,Counter({'test': 1}),val,3a4fca79aee70bd9,True,hirise_clean,0,C:\Users\deves\OneDrive\Desktop\Projects\TCMD-SS\data\raw\hirise_v3_2\map-proj-v3_2\ESP_019340_1875_RED-0030.jpg
map-proj-v3_2/ESP_019340_1875_RED-0031.jpg,ok,,JPEG,227.0,227.0,L,1.0,1.0,normal,other,test,esp_019340_1875_red-0031,[],0647ecc55da4fb2ad4afef1ab9d2283da6b875c9a33502f801b2be99c508395f,49779f779c989caafb8ac6c5b7ead55d5d41db7ccff31a4d04be1bafca40c5e3,e6cd1931634e7865,96.74709386947156,15.084258892423438,40979bd0c9637f36,[],0.0,esp_019340_1875,['test'],1.0,Counter({'test': 1}),val,3a4fca79aee70bd9,True,hirise_clean,0,C:\Users\deves\OneDrive\Desktop\Projects\TCMD-SS\data\raw\hirise_v3_2\map-proj-v3_2\ESP_019340_1875_RED-0031.jpg
map-proj-v3_2/ESP_019340_1875_RED-0032.jpg,ok,,JPEG,227.0,227.0,L,1.0,1.0,normal,other,test,esp_019340_1875_red-0032,[],69cb84b17c585f635d84ba035b5f5c8310759a162e92d113e1c65e2883ce6e9b,89d3607b2643977cc1052365391b09bfd19416084fd6526ddb9408d0274159c3,f4c5913694f9a91a,157.60082671893497,14.85781185928064,21ceb8e571f0b16d,[],0.0,esp_019340_1875,['test'],1.0,Counter({'test': 1}),val,3a4fca79aee70bd9,True,hirise_clean,0,C:\Users\deves\OneDrive\Desktop\Projects\TCMD-SS\data\raw\hirise_v3_2\map-proj-v3_2\ESP_019340_1875_RED-0032.jpg
map-proj-v3_2/ESP_019340_1875_RED-0037.jpg,ok,,JPEG,227.0,227.0,L,1.0,1.0,normal,other,test,esp_019340_1875_red-0037,[],f83076527ee18aa56914e88b1b57766089d07a98f910265afe53ba17d1635688,6aede63ed2a2cc7afe376a17e57074b0e673a8d358b9a607dc7ba7b52edca6c0,f9fa066d61524659,146.26008655320305,16.67678287436274,f34a7bc703837f62,[],0.0,esp_019340_1875,['test'],1.0,Counter({'test': 1}),val,3a4fca79aee70bd9,True,hirise_clean,0,C:\Users\deves\OneDrive\Desktop\Projects\TCMD-SS\data\raw\hirise_v3_2\map-proj-v3_2\ESP_019340_1875_RED-0037.jpg
map-proj-v3_2/ESP_019340_1875_RED-0041.jpg,ok,,JPEG,227.0,227.0,L,1.0,1.0,normal,other,test,esp_019340_1875_red-0041,[],8f402f892a4c2d1b45c6b292d7c926cb1e0abc5c88492ea9ef84bb800578f569,4b8ee362318bf8d2b7268481a353669ef68ae96136c09afdd05444ed9d3e1cda,970b593171871f3a,127.26158085738128,16.626933326044956,c6cd293750a0c956,[],0.0,esp_019340_1875,['test'],1.0,Counter({'test': 1}),val,3a4fca79aee70bd9,True,hirise_clean,0,C:\Users\deves\OneDrive\Desktop\Projects\TCMD-SS\data\raw\hirise_v3_2\map-proj-v3_2\ESP_019340_1875_RED-0041.jpg
map-proj-v3_2/ESP_019340_1875_RED-0044.jpg,ok,,JPEG,227.0,227.0,L,1.0,1.0,normal,slope streak,test,esp_019340_1875_red-0044,[],d96d30bf18a46b92b4e9d41ecb76a501ff636e893314dbc8ba083e05e7aa83c7,fda9c10695edb64547c648618ff688c7b8d69194aacec1c585dee8013badc3ca,8a2c9dd6fc13f8c0,56.06186807428826,18.172345347536464,459ec03fe08d9c17,[],3.0,esp_019340_1875,['test'],1.0,Counter({'test': 1}),val,3a4fca79aee70bd9,True,hirise_clean,0,C:\Users\deves\OneDrive\Desktop\Projects\TCMD-SS\data\raw\hirise_v3_2\map-proj-v3_2\ESP_019340_1875_RED-0044.jpg
map-proj-v3_2/ESP_019340_1875_RED-0049.jpg,ok,,JPEG,227.0,227.0,L,1.0,1.0,normal,slope streak,test,esp_019340_1875_red-0049,[],5f94953155b5cca9b0df94884260ffdbdcc06acf60aaa46e775c9519187bb18a,ca3d1ea2c7365db02d76596914526151900495187661639895cf4dcdf9a5dfb3,a6371859f70cdb21,73.80750645267713,18.847668266656022,5a1366152a7ba938,[],3.0,esp_019340_1875,['test'],1.0,Counter({'test': 1}),val,3a4fca79aee70bd9,True,hirise_clean,0,C:\Users\deves\OneDrive\Desktop\Projects\TCMD-SS\data\raw\hirise_v3_2\map-proj-v3_2\ESP_019340_1875_RED-0049.jpg
map-proj-v3_2/ESP_019340_1875_RED-0051.jpg,ok,,JPEG,227.0,227.0,L,1.0,1.0,normal,other,test,esp_019340_1875_red-0051,[],d75cbabe3775b26fea694a628755a1436c1f72fb2ba4bcc419d2c31b635194df,fa8509f44c9c1bd557811a21700e99005f2601ec8402eefe3038004ff6e6b20d,ed9f1a32e4cc5143,144.75303227308893,21.50231911024609,03b50382169ee9ab,[],0.0,esp_019340_1875,['test'],1.0,Counter({'test': 1}),val,3a4fca79aee70bd9,True,hirise_clean,0,C:\Users\deves\OneDrive\Desktop\Projects\TCMD-SS\data\raw\hirise_v3_2\map-proj-v3_2\ESP_019340_1875_RED-0051.jpg
map-proj-v3_2/ESP_019340_1875_RED-0054.jpg,ok,,JPEG,227.0,227.0,L,1.0,1.0,normal,other,test,esp_019340_1875_red-0054,[],50f24b1883a7fb0f33860868d0c2af45cc407ebd1b56bfddbaed4302b56bfa79,02795d3d1bd49fd45bcf19f3f7602d52b94c933b5dc5a688b13b97291120ef70,e6cc997347a866c4,162.73684721224942,17.39460972597076,fc2a348c45f1e995,[],0.0,esp_019340_1875,['test'],1.0,Counter({'test': 1}),val,3a4fca79aee70bd9,True,hirise_clean,0,C:\Users\deves\OneDrive\Desktop\Projects\TCMD-SS\data\raw\hirise_v3_2\map-proj-v3_2\ESP_019340_1875_RED-0054.jpg
map-proj-v3_2/ESP_019340_1875_RED-0065.jpg,ok,,JPEG,227.0,227.0,L,1.0,1.0,normal,other,test,esp_019340_1875_red-0065,[],79f579cfa67e33ed4c64db01f9b79b5a33365c41d2bede0a4e0375df9770466c,43b2617c3a40dc2c58a57196cf16859407645060848b16ebb3dba157e2ce64fd,a0672d684a4bcd7e,100.17042830250926,23.33530669654653,a23c55c019e9819b,[],0.0,esp_019340_1875,['test'],1.0,Counter({'test': 1}),val,3a4fca79aee70bd9,True,hirise_clean,0,C:\Users\deves\OneDrive\Desktop\Projects\TCMD-SS\data\raw\hirise_v3_2\map-proj-v3_2\ESP_019340_1875_RED-0065.jpg
map-proj-v3_2/ESP_019340_1875_RED-0070.jpg,ok,,JPEG,227.0,227.0,L,1.0,1.0,normal,other,test,esp_019340_1875_red-0070,[],1fda24fe9555014a854d66a859daa5afbee198a93632a1498bfec3a01ebdda5d,775c9dcfe135b75e9debcd13927d7788c3a06485b50b59177f09322456dbbf31,8c2d33734ca4d3b9,196.02026043587105,14.839597155469985,8cedae8c70ed6f72,[],0.0,esp_019340_1875,['test'],1.0,Counter({'test': 1}),val,3a4fca79aee70bd9,True,hirise_clean,0,C:\Users\deves\OneDrive\Desktop\Projects\TCMD-SS\data\raw\hirise_v3_2\map-proj-v3_2\ESP_019340_1875_RED-0070.jpg
map-proj-v3_2/ESP_019340_1875_RED-0078.jpg,ok,,JPEG,227.0,227.0,L,1.0,1.0,normal,other,test,esp_019340_1875_red-0078,[],91c130acc0720b794b2099777d69fa8444a2bb5c0d674b7e3571eec7db05dc3d,f0b13be60dabb821646d08c53113c0f31ebd3e041643f8afdf4b488f0e21d336,e98b06346dc913f6,148.54060820120708,15.37713347518642,9bd30991ce8b9a06,[],0.0,esp_019340_1875,['test'],1.0,Counter({'test': 1}),val,3a4fca79aee70bd9,True,hirise_clean,0,C:\Users\deves\OneDrive\Desktop\Projects\TCMD-SS\data\raw\hirise_v3_2\map-proj-v3_2\ESP_019340_1875_RED-0078.jpg
map-proj-v3_2/ESP_019340_1875_RED-0081.jpg,ok,,JPEG,227.0,227.0,L,1.0,1.0,normal,other,test,esp_019340_1875_red-0081,[],0ec6e2d59e92b52dcd3941f39fe88cc80765b95f94aa5af79e02a1fb95b31c13,ccbfd15c084df21a544b1647267829ce6e44e937c981ef3327735f2043b39f75,ec639b3c4494932f,123.13316773079237,16.929267355980187,e365807be3bf08a6,[],0.0,esp_019340_1875,['test'],1.0,Counter({'test': 1}),val,3a4fca79aee70bd9,True,hirise_clean,0,C:\Users\deves\OneDrive\Desktop\Projects\TCMD-SS\data\raw\hirise_v3_2\map-proj-v3_2\ESP_019340_1875_RED-0081.jpg
map-proj-v3_2/ESP_019340_1875_RED-0082.jpg,ok,,JPEG,227.0,227.0,L,1.0,1.0,normal,other,test,esp_019340_1875_red-0082,[],197df634aa418fd6bcb052c4edc74c55966893b3736efda63342f0fcc597c678,46ef08f306bd8587fd8b0c4348eb62f46802d0cb1a3de4744a5fd4ad4d4e1002,e60c1933566cd8f9,147.91298103980282,12.673622026794378,1135deba061c1551,[],0.0,esp_019340_1875,['test'],1.0,Counter({'test': 1}),val,3a4fca79aee70bd9,True,hirise_clean,0,C:\Users\deves\OneDrive\Desktop\Projects\TCMD-SS\data\raw\hirise_v3_2\map-proj-v3_2\ESP_019340_1875_RED-0082.jpg
map-proj-v3_2/ESP_019340_1875_RED-0089.jpg,ok,,JPEG,227.0,227.0,L,1.0,1.0,normal,other,test,esp_019340_1875_red-0089,[],d78a46c713c037990d8f0b23760b625d6849c9f01eba68e16a78a16dae84efb1,1a7eea14ebb4e331af0f5e2ae276297d414231698e2b2d5bcd957f39a2bb1dca,8fc79033e4cd31e2,115.60201051834888,76.97822517286201,a1de143ffb640d25,[],0.0,esp_019340_1875,['test'],1.0,Counter({'test': 1}),val,3a4fca79aee70bd9,True,hirise_clean,0,C:\Users\deves\OneDrive\Desktop\Projects\TCMD-SS\data\raw\hirise_v3_2\map-proj-v3_2\ESP_019340_1875_RED-0089.jpg
map-proj-v3_2/ESP_019340_1875_RED-0090.jpg,ok,,JPEG,227.0,227.0,L,1.0,1.0,normal,other,test,esp_019340_1875_red-0090,[],32066f3cbc995bdcbed351405d4717293b88ae9ca03426c89b89a64db1ef6dc6,558fa2317127ef634560b0c0de09e2e2710f01c71d3f59abf9ea532e2b8285a8,e609d8193763c2db,115.77643656969862,18.038332693353038,f32c582c6fd9402b,[],0.0,esp_019340_1875,['test'],1.0,Counter({'test': 1}),val,3a4fca79aee70bd9,True,hirise_clean,0,C:\Users\deves\OneDrive\Desktop\Projects\TCMD-SS\data\raw\hirise_v3_2\map-proj-v3_2\ESP_019340_1875_RED-0090.jpg
map-proj-v3_2/ESP_019340_1875_RED-0098.jpg,ok,,JPEG,227.0,227.0,L,1.0,1.0,normal,other,test,esp_019340_1875_red-0098,[],e6e121809604da823bd41c51f5620ce35d93d0fb0eb8fce73cd750c9b89688a9,7ddc6ed8f967ae01bad50530de209b6fee6f7a3fdb9ef80c2b3d458467a3432d,eb5b966c99226c0d,148.4793223233519,10.949544774456651,9cebf27d7ce33ca1,[],0.0,esp_019340_1875,['test'],1.0,Counter({'test': 1}),val,3a4fca79aee70bd9,True,hirise_clean,0,C:\Users\deves\OneDrive\Desktop\Projects\TCMD-SS\data\raw\hirise_v3_2\map-proj-v3_2\ESP_019340_1875_RED-0098.jpg
map-proj-v3_2/ESP_019340_1875_RED-0099.jpg,ok,,JPEG,227.0,227.0,L,1.0,1.0,normal,other,test,esp_019340_1875_red-0099,[],b21004f096bdd44e2ea97157fd5a985c217c4ee266bfd9c21b187bea65ebf33b,5e7a6551d7dedfb8934742059bd4ef2611302a3c21a8e4cdd0085839370ffaab,e1561a2ce7d3386c,135.5593161132566,15.96535148212387,afdc1485b1e7627a,[],0.0,esp_019340_1875,['test'],1.0,Counter({'test': 1}),val,3a4fca79aee70bd9,True,hirise_clean,0,C:\Users\deves\OneDrive\Desktop\Projects\TCMD-SS\data\raw\hirise_v3_2\map-proj-v3_2\ESP_019340_1875_RED-0099.jpg
map-proj-v3_2/ESP_019340_1875_RED-0103.jpg,ok,,JPEG,227.0,227.0,L,1.0,1.0,normal,other,test,esp_019340_1875_red-0103,[],e7741583ec7a7efd8036b0464a3cff259737d6e3fbe9138731beb019bbbc1057,83a4056ec3f98f070a11d21dce9604873fa81af2e7d02500caaf6a087a97bf7c,e4969969a666c993,119.06375050942188,12.669194220852413,b15e0f2d7d8bec07,[],0.0,esp_019340_1875,['test'],1.0,Counter({'test': 1}),val,3a4fca79aee70bd9,True,hirise_clean,0,C:\Users\deves\OneDrive\Desktop\Projects\TCMD-SS\data\raw\hirise_v3_2\map-proj-v3_2\ESP_019340_1875_RED-0103.jpg
map-proj-v3_2/ESP_019340_1875_RED-0106.jpg,ok,,JPEG,227.0,227.0,L,1.0,1.0,normal,crater,test,esp_019340_1875_red-0106,[],a35f6df43876921c2c088bd01935b7904f1b0666f45638de6a8112e36828ad1d,611bbda48b9dafa564b0bdfb8b42b4d2e347993fef50d4d48d4d07b417c87101,a854ac56bb7ebc01,163.96060470802848,19.045506474781096,16b1faee862b46ab,[],1.0,esp_019340_1875,['test'],1.0,Counter({'test': 1}),val,3a4fca79aee70bd9,True,hirise_clean,0,C:\Users\deves\OneDrive\Desktop\Projects\TCMD-SS\data\raw\hirise_v3_2\map-proj-v3_2\ESP_019340_1875_RED-0106.jpg
map-proj-v3_2/ESP_019340_1875_RED-0115.jpg,ok,,JPEG,227.0,227.0,L,1.0,1.0,normal,other,test,esp_019340_1875_red-0115,[],9e1d1581ed69a277a8eb1958382a0411149d3fe1ce1053f6b79eb37b289264d0,1b158594e1c5b2d73bb72af581933ba9c8cc89d6630231b035ca5105c60ee31d,e5949db3a10e9933,107.60922975411904,12.783083968187,f9c93eede8d9cd04,[],0.0,esp_019340_1875,['test'],1.0,Counter({'test': 1}),val,3a4fca79aee70bd9,True,hirise_clean,0,C:\Users\deves\OneDrive\Desktop\Projects\TCMD-SS\data\raw\hirise_v3_2\map-proj-v3_2\ESP_019340_1875_RED-0115.jpg
map-proj-v3_2/ESP_019340_1875_RED-0119.jpg,ok,,JPEG,227.0,227.0,L,1.0,1.0,normal,slope streak,test,esp_019340_1875_red-0119,[],9f1df52abafe01f86dafa88472a01f6862666a9c81120a3a00d4a6d0f490f2dc,2a870c4e4507793e0bee9f2a8df2a1abf54ea9b628b03e22a160a3b46a4c9c5f,e6ca18371a72ce99,112.35281103844436,14.298879455495891,ec1c848f605c2d4c,[],3.0,esp_019340_1875,['test'],1.0,Counter({'test': 1}),val,3a4fca79aee70bd9,True,hirise_clean,0,C:\Users\deves\OneDrive\Desktop\Projects\TCMD-SS\data\raw\hirise_v3_2\map-proj-v3_2\ESP_019340_1875_RED-0119.jpg
map-proj-v3_2/ESP_019340_1875_RED-0120.jpg,ok,,JPEG,227.0,227.0,L,1.0,1.0,normal,other,test,esp_019340_1875_red-0120,[],c3e305bb4ec029713cef27984b1f77e017d35c157258922daf5e7c5864552818,b33482d47c176735515a261bd8322d9b1b9df8139e48e02c685a0869a03a280c,80fe5f2b66542965,153.42698286401833,45.883464044898886,1cfd04f8bd07ec81,[],0.0,esp_019340_1875,['test'],1.0,Counter({'test': 1}),val,3a4fca79aee70bd9,True,hirise_clean,0,C:\Users\deves\OneDrive\Desktop\Projects\TCMD-SS\data\raw\hirise_v3_2\map-proj-v3_2\ESP_019340_1875_RED-0120.jpg
map-proj-v3_2/ESP_019340_1875_RED-0121.jpg,ok,,JPEG,227.0,227.0,L,1.0,1.0,normal,other,test,esp_019340_1875_red-0121,[],78f83a5772731c75214ba10b8a99978692dc68f5af0620f1cf2944e61ebffb0e,5aac2c7883a867859d1935381aecf25c4ca3c34156641a83ea9d668c80dae43f,eb739c448b5bb405,159.3323759436434,13.789946866425678,5eab8cd25bb5f164,[],0.0,esp_019340_1875,['test'],1.0,Counter({'test': 1}),val,3a4fca79aee70bd9,True,hirise_clean,0,C:\Users\deves\OneDrive\Desktop\Projects\TCMD-SS\data\raw\hirise_v3_2\map-proj-v3_2\ESP_019340_1875_RED-0121.jpg
map-proj-v3_2/ESP_019340_1875_RED-0122.jpg,ok,,JPEG,227.0,227.0,L,1.0,1.0,normal,other,test,esp_019340_1875_red-0122,[],64327af2e25eb758fefdb6d3b08b2f1f04a1a6b0188ad9775e08ec6be86c2569,013e8d8398799d4fe45c8ebf53d6435dba0c82e78eab8b0462a4ff6a4255fbdf,8d94b339b0b26ba6,147.21880882609793,15.954005828484254,5a0f948679b0dfd3,[],0.0,esp_019340_1875,['test'],1.0,Counter({'test': 1}),val,3a4fca79aee70bd9,True,hirise_clean,0,C:\Users\deves\OneDrive\Desktop\Projects\TCMD-SS\data\raw\hirise_v3_2\map-proj-v3_2\ESP_019340_1875_RED-0122.jpg
map-proj-v3_2/ESP_019340_1875_RED-0129.jpg,ok,,JPEG,227.0,227.0,L,1.0,1.0,normal,other,test,esp_019340_1875_red-0129,[],8cca63bc0bcf00e61221287022d384ae35db9e47c8ea504ac1614fc385c54e2d,e6eedb833402241a09539d168152f8ab6a305b94cebb6bf0b8190b51debeb363,f64a8938e6cc9536,122.9953424285354,13.12422629658321,98b440aa6471b5f8,[],0.0,esp_019340_1875,['test'],1.0,Counter({'test': 1}),val,3a4fca79aee70bd9,True,hirise_clean,0,C:\Users\deves\OneDrive\Desktop\Projects\TCMD-SS\data\raw\hirise_v3_2\map-proj-v3_2\ESP_019340_1875_RED-0129.jpg
map-proj-v3_2/ESP_019340_1875_RED-0130.jpg,ok,,JPEG,227.0,227.0,L,1.0,1.0,normal,other,test,esp_019340_1875_red-0130,[],f2c8839d89650d64d6b170c038f9a2fe1236e45e78d0ce0ba4656f8c32f6bf22,0376234bc49e3ffdd847b25b2e16b0fac7f299401cd83c23c3037b68c4ec4499,c69d9de4e2cb092a,164.9167847231656,14.186037923572863,68fb4065dcf1e2a3,[],0.0,esp_019340_1875,['test'],1.0,Counter({'test': 1}),val,3a4fca79aee70bd9,True,hirise_clean,0,C:\Users\deves\OneDrive\Desktop\Projects\TCMD-SS\data\raw\hirise_v3_2\map-proj-v3_2\ESP_019340_1875_RED-0130.jpg
map-proj-v3_2/ESP_019340_1875_RED-0132.jpg,ok,,JPEG,227.0,227.0,L,1.0,1.0,normal,other,test,esp_019340_1875_red-0132,[],4e01ed487eceb8621263e42fe187be0371f418b7a386ca7479658e5a146506a5,f535ee9b8b5fd9977b7ad5a26902038db23efd4a721386e222735dc7aeadb9ee,a773996ccc13234e,96.99336296066292,13.307203948326803,9f6df5e4e128698a,[],0.0,esp_019340_1875,['test'],1.0,Counter({'test': 1}),val,3a4fca79aee70bd9,True,hirise_clean,0,C:\Users\deves\OneDrive\Desktop\Projects\TCMD-SS\data\raw\hirise_v3_2\map-proj-v3_2\ESP_019340_1875_RED-0132.jpg
map-proj-v3_2/ESP_019340_1875_RED-0137.jpg,ok,,JPEG,227.0,227.0,L,1.0,1.0,normal,other,test,esp_019340_1875_red-0137,[],a3fe545b353d6ca3454ace2e02e91ad069318efa05802a410a57a55c4e1bba73,d16a571a28532a54136e95059d96aa15339ca4e20dedd69c1a212ebe6e85d9fe,c87f211913373e36,129.79867647344213,61.85481481198544,114b9a7abaa14aeb,[],0.0,esp_019340_1875,['test'],1.0,Counter({'test': 1}),val,3a4fca79aee70bd9,True,hirise_clean,0,C:\Users\deves\OneDrive\Desktop\Projects\TCMD-SS\data\raw\hirise_v3_2\map-proj-v3_2\ESP_019340_1875_RED-0137.jpg
map-proj-v3_2/ESP_019340_1875_RED-0138.jpg,ok,,JPEG,227.0,227.0,L,1.0,1.0,normal,other,test,esp_019340_1875_red-0138,[],ecd1beb5a73550c8664be3d0ce870c5236c5ce04009d78165be2447874024b98,d59e63765c9dfb7b3cf0a1905da48117e28a2a54a98a777628a9ca6444a4dd44,ba255ecbf5a1082e,67.78264666498477,50.64863359971147,d4de76a4f4b0773a,[],0.0,esp_019340_1875,['test'],1.0,Counter({'test': 1}),val,3a4fca79aee70bd9,True,hirise_clean,0,C:\Users\deves\OneDrive\Desktop\Projects\TCMD-SS\data\raw\hirise_v3_2\map-proj-v3_2\ESP_019340_1875_RED-0138.jpg
map-proj-v3_2/ESP_020421_1810_RED-0004.jpg,ok,,JPEG,227.0,227.0,L,1.0,1.0,normal,other,test,esp_020421_1810_red-0004,[],0742386377e89b4ab5f74fb357a10373cd56f48e6dd88b36743a17bb9171d423,a6de693490de7034e6206c4d08751547544b2aa03499fe6c581725b03bf95688,fcba79c126c68171,138.5926177492286,69.31630896534443,4564aceaab623015,[],0.0,esp_020421_1810,['test'],1.0,Counter({'test': 1}),val,4976a8ffc9a34a67,True,hirise_clean,0,C:\Users\deves\OneDrive\Desktop\Projects\TCMD-SS\data\raw\hirise_v3_2\map-proj-v3_2\ESP_020421_1810_RED-0004.jpg
map-proj-v3_2/ESP_020421_1810_RED-0005.jpg,ok,,JPEG,227.0,227.0,L,1.0,1.0,normal,other,test,esp_020421_1810_red-0005,[],154116952ced3be8427ff83f4a60386f23a72c82615442614de46aa0960db0f8,882806bf8da36294752d6570270ee092afbeb87e7544e95dfcf8c0cb7cae6928,cf5a3680d16436f5,174.38131925711735,20.567769345838883,dfb54bbe181381f2,[],0.0,esp_020421_1810,['test'],1.0,Counter({'test': 1}),val,4976a8ffc9a34a67,True,hirise_clean,0,C:\Users\deves\OneDrive\Desktop\Projects\TCMD-SS\data\raw\hirise_v3_2\map-proj-v3_2\ESP_020421_1810_RED-0005.jpg
map-proj-v3_2/ESP_020421_1810_RED-0006.jpg,ok,,JPEG,227.0,227.0,L,1.0,1.0,normal,other,test,esp_020421_1810_red-0006,[],fe422e9a140903d1328247da1843af056e85d9a878e2da2ca1ef7c580e5e2294,57eeb0cb2df12cf1d3d91b7cae998231cd97ca77dc9a2fcb486c3497ed8750cf,c585739038dd8b6e,131.96891071047372,65.34941578048566,81761d4c18c4c251,[],0.0,esp_020421_1810,['test'],1.0,Counter({'test': 1}),val,4976a8ffc9a34a67,True,hirise_clean,0,C:\Users\deves\OneDrive\Desktop\Projects\TCMD-SS\data\raw\hirise_v3_2\map-proj-v3_2\ESP_020421_1810_RED-0006.jpg
map-proj-v3_2/ESP_020421_1810_RED-0010.jpg,ok,,JPEG,227.0,227.0,L,1.0,1.0,normal,other,test,esp_020421_1810_red-0010,[],e9f8a2ae414db9d87db668ed7ecd94f61a37d47c48199173a4433165075c084a,0da0d4dd44fd5bd79ab0dfd0fc8fd2fa4b23279b1d97f2ea95616974feacd1c9,e25ec93886549ecb,161.17514409361718,22.765235334836223,29c7e5d6e6996a7d,[],0.0,esp_020421_1810,['test'],1.0,Counter({'test': 1}),val,4976a8ffc9a34a67,True,hirise_clean,0,C:\Users\deves\OneDrive\Desktop\Projects\TCMD-SS\data\raw\hirise_v3_2\map-proj-v3_2\ESP_020421_1810_RED-0010.jpg
map-proj-v3_2/ESP_020421_1810_RED-0011.jpg,ok,,JPEG,227.0,227.0,L,1.0,1.0,normal,other,test,esp_020421_1810_red-0011,[],39b348d9c551430e1cceeb848bfbbf0b299c9d2850d8b9ea1075e52a328c06eb,3742aad48092c43bb34a0ee52768c64e95abc6701a38d97bd9ee977dc51f4b0e,fe6b81ccd913131c,148.27355469735488,15.601954547956767,6388637a31925501,[],0.0,esp_020421_1810,['test'],1.0,Counter({'test': 1}),val,4976a8ffc9a34a67,True,hirise_clean,0,C:\Users\deves\OneDrive\Desktop\Projects\TCMD-SS\data\raw\hirise_v3_2\map-proj-v3_2\ESP_020421_1810_RED-0011.jpg
map-proj-v3_2/ESP_020421_1810_RED-0013.jpg,ok,,JPEG,227.0,227.0,L,1.0,1.0,normal,slope streak,test,esp_020421_1810_red-0013,[],be332c3188b18ff883a15257dcef87584a22375c28aab69f7a973b6060c3d61f,cbf0f2a584fe9642a67bcf9ac7c97fdd9d98a21bcd326f6d0102f9a3bec03bba,94e0ea3df10ff881,191.2749907818898,17.898651514301424,817f0e0106bf77f3,[],3.0,esp_020421_1810,['test'],1.0,Counter({'test': 1}),val,4976a8ffc9a34a67,True,hirise_clean,0,C:\Users\deves\OneDrive\Desktop\Projects\TCMD-SS\data\raw\hirise_v3_2\map-proj-v3_2\ESP_020421_1810_RED-0013.jpg
map-proj-v3_2/ESP_020421_1810_RED-0014.jpg,ok,,JPEG,227.0,227.0,L,1.0,1.0,normal,slope streak,test,esp_020421_1810_red-0014,[],4b67062dca96f53dff8514a3e885397dcf1e1991eb016722c3e302afa1ec2f24,f0d086e61f9816c36079661d3b831a3156fcc57ac8580a0ef6eb0d86f2550437,cedfb1040e5e124f,190.26513225562303,14.389171605320154,4f286a20f238adba,[],3.0,esp_020421_1810,['test'],1.0,Counter({'test': 1}),val,4976a8ffc9a34a67,True,hirise_clean,0,C:\Users\deves\OneDrive\Desktop\Projects\TCMD-SS\data\raw\hirise_v3_2\map-proj-v3_2\ESP_020421_1810_RED-0014.jpg
map-proj-v3_2/ESP_020421_1810_RED-0016.jpg,ok,,JPEG,227.0,227.0,L,1.0,1.0,normal,other,test,esp_020421_1810_red-0016,[],8ee35c7dc548d48d0971aa4cd084b008adba9d74e4ec7b0e4b617626504dd7a8,f92de1abf1e91a895508bf8be685e96484b979a7918269689c705bc68ba3e1d6,ee997ba639c628c0,149.349395486037,60.73818887677987,9ff5133a60954b97,[],0.0,esp_020421_1810,['test'],1.0,Counter({'test': 1}),val,4976a8ffc9a34a67,True,hirise_clean,0,C:\Users\deves\OneDrive\Desktop\Projects\TCMD-SS\data\raw\hirise_v3_2\map-proj-v3_2\ESP_020421_1810_RED-0016.jpg
map-proj-v3_2/ESP_020421_1810_RED-0018.jpg,ok,,JPEG,227.0,227.0,L,1.0,1.0,normal,other,test,esp_020421_1810_red-0018,[],0626337dd5519f392dda9489660a1c2ec97a18ebdb693efdd9a707eec3dbcecd,dc8a1649927a8ae3cc3f017f089453e076476c408dacda6c07448557f85d75f3,84b171c64eabe1e6,174.74493974266915,20.875009227945267,c82efd2e2dbe4cd8,[],0.0,esp_020421_1810,['test'],1.0,Counter({'test': 1}),val,4976a8ffc9a34a67,True,hirise_clean,0,C:\Users\deves\OneDrive\Desktop\Projects\TCMD-SS\data\raw\hirise_v3_2\map-proj-v3_2\ESP_020421_1810_RED-0018.jpg
map-proj-v3_2/ESP_020421_1810_RED-0020.jpg,ok,,JPEG,227.0,227.0,L,1.0,1.0,normal,other,test,esp_020421_1810_red-0020,[],5d9b0cd0e649c7665112f5603c42aa63e2e770e5df67d4ce1ce638fa589c6b4c,337efee4572de29f0ea596660015b257fd1bcbc2ab000f566cc75a323835d81c,842ede494eb6b44d,181.10636728832307,19.49856373861481,184a3d8df5ae72e6,[],0.0,esp_020421_1810,['test'],1.0,Counter({'test': 1}),val,4976a8ffc9a34a67,True,hirise_clean,0,C:\Users\deves\OneDrive\Desktop\Projects\TCMD-SS\data\raw\hirise_v3_2\map-proj-v3_2\ESP_020421_1810_RED-0020.jpg
map-proj-v3_2/ESP_020421_1810_RED-0021.jpg,ok,,JPEG,227.0,227.0,L,1.0,1.0,normal,other,test,esp_020421_1810_red-0021,[],ba9fc1c03b678201d2c652c99dd40c4c1e11cbb70c4509ef6a6df6b2b297bd49,4f55e1fd15a3a8e978227f7c6d371f1215cb52c50748bc2d591a2b6a3c3b6d90,8807673553d66b55,185.01552523821536,15.23239447254371,aa0a3d9548609bdf,[],0.0,esp_020421_1810,['test'],1.0,Counter({'test': 1}),val,4976a8ffc9a34a67,True,hirise_clean,0,C:\Users\deves\OneDrive\Desktop\Projects\TCMD-SS\data\raw\hirise_v3_2\map-proj-v3_2\ESP_020421_1810_RED-0021.jpg
map-proj-v3_2/ESP_020421_1810_RED-0023.jpg,ok,,JPEG,227.0,227.0,L,1.0,1.0,normal,slope streak,test,esp_020421_1810_red-0023,[],1de64a7b7e2135551bf88a288e1b002b15b640e219c707da4622d138e9284f9a,42a4d8b3c659f97974ad2f180c6efbecc2a4003b2e338f2cf4e87d44c8811d3e,d4b372a54d8c7a83,164.11676919792737,46.39303665905071,e353f8daa92d073b,[],3.0,esp_020421_1810,['test'],1.0,Counter({'test': 1}),val,4976a8ffc9a34a67,True,hirise_clean,0,C:\Users\deves\OneDrive\Desktop\Projects\TCMD-SS\data\raw\hirise_v3_2\map-proj-v3_2\ESP_020421_1810_RED-0023.jpg
map-proj-v3_2/ESP_020421_1810_RED-0024.jpg,ok,,JPEG,227.0,227.0,L,1.0,1.0,normal,other,test,esp_020421_1810_red-0024,[],ba9c601fb147b217be197ecb41b010a075f9c23360d0fd591077ed629aba0f7d,aa7809efd47670d1eba45994d62de1aa8e62d3f7f0cef06ca4f9283c9f6c10fe,e51697d8c426d3c9,177.9571891556211,13.811095802806449,d78db46f8e87979a,[],0.0,esp_020421_1810,['test'],1.0,Counter({'test': 1}),val,4976a8ffc9a34a67,True,hirise_clean,0,C:\Users\deves\OneDrive\Desktop\Projects\TCMD-SS\data\raw\hirise_v3_2\map-proj-v3_2\ESP_020421_1810_RED-0024.jpg
map-proj-v3_2/ESP_020421_1810_RED-0025.jpg,ok,,JPEG,227.0,227.0,L,1.0,1.0,normal,other,test,esp_020421_1810_red-0025,[],737575123126a694db68080a92f1788813c37ef8f44cd3451c9695cfe4f4a760,f4eba6dd079f9659f7f3264ec2200a80d8f087ec2afdabed274dc310b1cbbc7d,d6607999843ecdb2,184.00628772147724,17.832470683259217,8f71c697a53bc021,[],0.0,esp_020421_1810,['test'],1.0,Counter({'test': 1}),val,4976a8ffc9a34a67,True,hirise_clean,0,C:\Users\deves\OneDrive\Desktop\Projects\TCMD-SS\data\raw\hirise_v3_2\map-proj-v3_2\ESP_020421_1810_RED-0025.jpg
map-proj-v3_2/ESP_020421_1810_RED-0026.jpg,ok,,JPEG,227.0,227.0,L,1.0,1.0,normal,other,test,esp_020421_1810_red-0026,[],74526e694cbf45ad8ced4487c5d14f76f159fb9f045c77129db9ef3bd0c5476f,5081451f08c266ac674f38b0de7140065f209e4d70fbf992e729a0e9b2cd9605,ab2516c874bb89e5,153.30670108094472,17.234154072815333,e20d37b71894ef6d,[],0.0,esp_020421_1810,['test'],1.0,Counter({'test': 1}),val,4976a8ffc9a34a67,True,hirise_clean,0,C:\Users\deves\OneDrive\Desktop\Projects\TCMD-SS\data\raw\hirise_v3_2\map-proj-v3_2\ESP_020421_1810_RED-0026.jpg
map-proj-v3_2/ESP_020421_1810_RED-0027.jpg,ok,,JPEG,227.0,227.0,L,1.0,1.0,normal,slope streak,test,esp_020421_1810_red-0027,[],340bc357e195258a47c481c8459b7573386a7e2611e5144d29415e51891be9e0,423b4368ecf99b34009f0f20b0bf1892fd5517efbddb4a4355dc5024e3aaef46,82b27ca944b65abe,165.06458499097596,32.794311761537905,81f959d475926b1a,[],3.0,esp_020421_1810,['test'],1.0,Counter({'test': 1}),val,4976a8ffc9a34a67,True,hirise_clean,0,C:\Users\deves\OneDrive\Desktop\Projects\TCMD-SS\data\raw\hirise_v3_2\map-proj-v3_2\ESP_020421_1810_RED-0027.jpg
map-proj-v3_2/ESP_020421_1810_RED-0028.jpg,ok,,JPEG,227.0,227.0,L,1.0,1.0,normal,other,test,esp_020421_1810_red-0028,[],27122cf89ffe7f6081ab7f0e0961fc84425ad1ec59986e038d523ac0f646df09,167f89021a1ed99722e3bfbfc6c1da643066c283ed7c1f270000691e704befd1,e4d01fd3c4ee118e,146.85742009353956,20.119148412547418,f3571d455633ac3c,[],0.0,esp_020421_1810,['test'],1.0,Counter({'test': 1}),val,4976a8ffc9a34a67,True,hirise_clean,0,C:\Users\deves\OneDrive\Desktop\Projects\TCMD-SS\data\raw\hirise_v3_2\map-proj-v3_2\ESP_020421_1810_RED-0028.jpg
map-proj-v3_2/ESP_020421_1810_RED-0032.jpg,ok,,JPEG,227.0,227.0,L,1.0,1.0,normal,other,test,esp_020421_1810_red-0032,[],d2c69fd10b2639ac2c8522eb7e05e4e7c0104dc5db58ad3fc9ac023b371ea67f,7e8f6c89517ef80ec6052f9029e286a2808983e849ead0114a254544cd4e02a4,8c8fe878c770a91d,172.46484503871605,18.777689260935137,e23b8185265118d2,[],0.0,esp_020421_1810,['test'],1.0,Counter({'test': 1}),val,4976a8ffc9a34a67,True,hirise_clean,0,C:\Users\deves\OneDrive\Desktop\Projects\TCMD-SS\data\raw\hirise_v3_2\map-proj-v3_2\ESP_020421_1810_RED-0032.jpg
map-proj-v3_2/ESP_020421_1810_RED-0033.jpg,ok,,JPEG,227.0,227.0,L,1.0,1.0,normal,other,test,esp_020421_1810_red-0033,[],b8184a1c720e4e36e3d603663f32f22d4ef9296f57b38a247fa044085ad440a3,f0b57e2bee9642741107002dd1863db21012b8cf5f7661c4093756c11208bd09,fc681bcd6e33090e,171.14518038386151,19.97727798989606,dccffff0f65101aa,[],0.0,esp_020421_1810,['test'],1.0,Counter({'test': 1}),val,4976a8ffc9a34a67,True,hirise_clean,0,C:\Users\deves\OneDrive\Desktop\Projects\TCMD-SS\data\raw\hirise_v3_2\map-proj-v3_2\ESP_020421_1810_RED-0033.jpg
map-proj-v3_2/ESP_020421_1810_RED-0035.jpg,ok,,JPEG,227.0,227.0,L,1.0,1.0,normal,other,test,esp_020421_1810_red-0035,[],c7843ff5d2c7f17075d28ebd229b4aceffddeb025c9b0b689bd332b022e06467,bb894a9b9ae808bcaf2575c582356f942d921a9e08f6cdcc9843cf477ed8b9ee,ee47825cc478837d,151.31859729472723,20.04922167378264,dd7f3368ab6ef1c1,[],0.0,esp_020421_1810,['test'],1.0,Counter({'test': 1}),val,4976a8ffc9a34a67,True,hirise_clean,0,C:\Users\deves\OneDrive\Desktop\Projects\TCMD-SS\data\raw\hirise_v3_2\map-proj-v3_2\ESP_020421_1810_RED-0035.jpg
map-proj-v3_2/ESP_020421_1810_RED-0040.jpg,ok,,JPEG,227.0,227.0,L,1.0,1.0,normal,other,test,esp_020421_1810_red-0040,[],6243228ee3f61cf65663bb730e76f64256d8c9d91f1589d8da7f2936b37a781a,dc821ce9b6e77ba2dd66b71b5ae9c754054fa9ba743f516ca8cc9f2c19c504d4,a377ba51452e9741,185.70403073997167,19.664381690064,5659b58c6fa0cb1f,[],0.0,esp_020421_1810,['test'],1.0,Counter({'test': 1}),val,4976a8ffc9a34a67,True,hirise_clean,0,C:\Users\deves\OneDrive\Desktop\Projects\TCMD-SS\data\raw\hirise_v3_2\map-proj-v3_2\ESP_020421_1810_RED-0040.jpg
map-proj-v3_2/ESP_020421_1810_RED-0041.jpg,ok,,JPEG,227.0,227.0,L,1.0,1.0,normal,other,test,esp_020421_1810_red-0041,[],789f9c8819c4bd205bfc58c3de413203a9d8b026abd35f6dd7314acb04a5abe4,bc28f753fb7022688e83590417c9bd4c73060f8eaf4cc769ae8f0a410d4159a7,c1633b9c4c63b372,173.5954511052029,26.768812553061867,406d7ff1d54210af,[],0.0,esp_020421_1810,['test'],1.0,Counter({'test': 1}),val,4976a8ffc9a34a67,True,hirise_clean,0,C:\Users\deves\OneDrive\Desktop\Projects\TCMD-SS\data\raw\hirise_v3_2\map-proj-v3_2\ESP_020421_1810_RED-0041.jpg
map-proj-v3_2/ESP_020421_1810_RED-0045.jpg,ok,,JPEG,227.0,227.0,L,1.0,1.0,normal,other,test,esp_020421_1810_red-0045,[],4e569fd0e528441d090c143ef44b9aef42b9ad2be8b14309e1b639db707d7933,5990d4cea6dc3d8baa085085a0955e2beaf7cdd73fcf198464cdd3dc212ec3b7,e69999376664a82b,149.5960138950882,11.531844219463926,40eefd4c63593d42,[],0.0,esp_020421_1810,['test'],1.0,Counter({'test': 1}),val,4976a8ffc9a34a67,True,hirise_clean,0,C:\Users\deves\OneDrive\Desktop\Projects\TCMD-SS\data\raw\hirise_v3_2\map-proj-v3_2\ESP_020421_1810_RED-0045.jpg
map-proj-v3_2/ESP_020421_1810_RED-0046.jpg,ok,,JPEG,227.0,227.0,L,1.0,1.0,normal,other,test,esp_020421_1810_red-0046,[],aa65c66777cb0c8d29d3914cfcf920202dec571e68fc9af770ceb558a2eeb2e4,aae9a7aa0d2e2d2b31d77bfb648748725f4bd45fcbf01537629d6a9e88ba5d65,ccc0b3d10c96a6df,167.16086087445905,22.918774593876737,9e84ba00865c8d8c,[],0.0,esp_020421_1810,['test'],1.0,Counter({'test': 1}),val,4976a8ffc9a34a67,True,hirise_clean,0,C:\Users\deves\OneDrive\Desktop\Projects\TCMD-SS\data\raw\hirise_v3_2\map-proj-v3_2\ESP_020421_1810_RED-0046.jpg
map-proj-v3_2/ESP_020421_1810_RED-0047.jpg,ok,,JPEG,227.0,227.0,L,1.0,1.0,normal,other,test,esp_020421_1810_red-0047,[],ff20056561f43dda4429e12605f5f4f0d0872ef03fe7d36b37fe9268242ff4bb,067e11da5e7ee27cd81c79f7c6dd5ce1b94de2e83ef691d5bcc9f8816e9d269b,c81717a17c94e6f1,152.52615032311903,13.405520874517489,45378e701ab72581,[],0.0,esp_020421_1810,['test'],1.0,Counter({'test': 1}),val,4976a8ffc9a34a67,True,hirise_clean,0,C:\Users\deves\OneDrive\Desktop\Projects\TCMD-SS\data\raw\hirise_v3_2\map-proj-v3_2\ESP_020421_1810_RED-0047.jpg
map-proj-v3_2/ESP_020421_1810_RED-0048.jpg,ok,,JPEG,227.0,227.0,L,1.0,1.0,normal,other,test,esp_020421_1810_red-0048,[],f136256707663f5ebb0638cfc8abd3d49e4d9161c9c9becaae8f201adc3f9aef,20f6ff85c2d4ab0d5cb31d56bf083e479398896f179b7f71a1d731d585ef03a6,e27914a3b7dc0b23,146.73007432707794,18.07475974007563,7ce69a02334db45b,[],0.0,esp_020421_1810,['test'],1.0,Counter({'test': 1}),val,4976a8ffc9a34a67,True,hirise_clean,0,C:\Users\deves\OneDrive\Desktop\Projects\TCMD-SS\data\raw\hirise_v3_2\map-proj-v3_2\ESP_020421_1810_RED-0048.jpg
map-proj-v3_2/ESP_020421_1810_RED-0055.jpg,ok,,JPEG,227.0,227.0,L,1.0,1.0,normal,slope streak,test,esp_020421_1810_red-0055,[],547d2353ea6d4defb26b55c0d2cfb9608127caace9eb537ee0a836eb39259198,449a21e52952a8c4e29ffe9ef1037882a7522c892cef1a283d2e7355457e7baf,db6d35198d642f18,108.20749480874848,71.08079084244176,c2b6989d90a3dcc7,[],3.0,esp_020421_1810,['test'],1.0,Counter({'test': 1}),val,4976a8ffc9a34a67,True,hirise_clean,0,C:\Users\deves\OneDrive\Desktop\Projects\TCMD-SS\data\raw\hirise_v3_2\map-proj-v3_2\ESP_020421_1810_RED-0055.jpg
map-proj-v3_2/ESP_020421_1810_RED-0057.jpg,ok,,JPEG,227.0,227.0,L,1.0,1.0,normal,other,test,esp_020421_1810_red-0057,[],94e837191899390a0b7181bd9a72969802f4b0e8d2394afb8ed2cf0264c33b4e,d044cf5377fb20860e568c032996c5ca161cfb6ae29109a0a64908e34ad6ae91,dc05b65bcc3c1333,152.15765879407712,15.517791809391523,e9624afde515996e,[],0.0,esp_020421_1810,['test'],1.0,Counter({'test': 1}),val,4976a8ffc9a34a67,True,hirise_clean,0,C:\Users\deves\OneDrive\Desktop\Projects\TCMD-SS\data\raw\hirise_v3_2\map-proj-v3_2\ESP_020421_1810_RED-0057.jpg
map-proj-v3_2/ESP_020421_1810_RED-0058.jpg,ok,,JPEG,227.0,227.0,L,1.0,1.0,normal,other,test,esp_020421_1810_red-0058,[],1e87d170d4bee2ce6bbb128bffe8d70013f3f3f4bcf3ec7c90f28c420305728c,ca69b648273112b0aa4f54ce36aa5e88bae47e1769684c9a25d00c19bf297147,a25819e7f6988dc6,155.87962118418756,20.58590746268728,a985c5618fb72073,[],0.0,esp_020421_1810,['test'],1.0,Counter({'test': 1}),val,4976a8ffc9a34a67,True,hirise_clean,0,C:\Users\deves\OneDrive\Desktop\Projects\TCMD-SS\data\raw\hirise_v3_2\map-proj-v3_2\ESP_020421_1810_RED-0058.jpg
map-proj-v3_2/ESP_020421_1810_RED-0062.jpg,ok,,JPEG,227.0,227.0,L,1.0,1.0,normal,other,test,esp_020421_1810_red-0062,[],783cde454b53320ca9896e52d1186310c4cd01c21de4f89d8befef453ceceeac,2fe04db5bce8589e7307c767bc24c2b813e35d1efd3061b17c4d4dab0a7471ec,cd37e4cb25081ab7,155.96128393720042,18.809000213579235,efa141d1ea8b0edb,[],0.0,esp_020421_1810,['test'],1.0,Counter({'test': 1}),val,4976a8ffc9a34a67,True,hirise_clean,0,C:\Users\deves\OneDrive\Desktop\Projects\TCMD-SS\data\raw\hirise_v3_2\map-proj-v3_2\ESP_020421_1810_RED-0062.jpg
map-proj-v3_2/ESP_020421_1810_RED-0064.jpg,ok,,JPEG,227.0,227.0,L,1.0,1.0,normal,other,test,esp_020421_1810_red-0064,[],f04ce17fb2495dfd693396a2b01856f19290929f4a91eee41a0d9fc9b6aee3e5,8453f6936de35f5aa96fde420da8df5abf05b68eb773ceb1e0de6143256ee0ac,cc5b22ed6c203a7e,158.21083273496478,15.902514732989744,0baaa35911e6ad97,[],0.0,esp_020421_1810,['test'],1.0,Counter({'test': 1}),val,4976a8ffc9a34a67,True,hirise_clean,0,C:\Users\deves\OneDrive\Desktop\Projects\TCMD-SS\data\raw\hirise_v3_2\map-proj-v3_2\ESP_020421_1810_RED-0064.jpg
map-proj-v3_2/ESP_020421_1810_RED-0073.jpg,ok,,JPEG,227.0,227.0,L,1.0,1.0,normal,other,test,esp_020421_1810_red-0073,[],b55c5de93a2896aedc54381ce69f9ec2c16dc4ea9ea5febc23790694f7269b99,c40dd72cec3cf0246f53054a6e6259e4fbb4f51efdac58c06ca9281754dae776,b6b53cc4f0321e4d,149.86007879058394,18.147086734088848,c10d7eda1c14cffe,[],0.0,esp_020421_1810,['test'],1.0,Counter({'test': 1}),val,4976a8ffc9a34a67,True,hirise_clean,0,C:\Users\deves\OneDrive\Desktop\Projects\TCMD-SS\data\raw\hirise_v3_2\map-proj-v3_2\ESP_020421_1810_RED-0073.jpg
map-proj-v3_2/ESP_020421_1810_RED-0075.jpg,ok,,JPEG,227.0,227.0,L,1.0,1.0,normal,other,test,esp_020421_1810_red-0075,[],946e9497899bc1bddf126cb7f67ea3ff16809ec83bde5b9d816258ddce329a14,2f9b7415545154abd080382bf9149fe3a38e44da0260f4beb109442cb0a1e465,8a7db24edd02d532,142.5210269945079,19.50233323268244,7f60226a07d48b7e,[],0.0,esp_020421_1810,['test'],1.0,Counter({'test': 1}),val,4976a8ffc9a34a67,True,hirise_clean,0,C:\Users\deves\OneDrive\Desktop\Projects\TCMD-SS\data\raw\hirise_v3_2\map-proj-v3_2\ESP_020421_1810_RED-0075.jpg
map-proj-v3_2/ESP_020421_1810_RED-0077.jpg,ok,,JPEG,227.0,227.0,L,1.0,1.0,normal,slope streak,test,esp_020421_1810_red-0077,[],97341ae85b5d827eec93d6fd1abf799a2a0165aec2b5e8e9e7243feacb5963ae,1e6ae5b608a44d9ec1e433ade66e1427d3e65a090788e9dff21a72eab9468a09,cc5636b21b33d14b,154.18158706747656,19.41812137839916,bad521def547bf1b,[],3.0,esp_020421_1810,['test'],1.0,Counter({'test': 1}),val,4976a8ffc9a34a67,True,hirise_clean,0,C:\Users\deves\OneDrive\Desktop\Projects\TCMD-SS\data\raw\hirise_v3_2\map-proj-v3_2\ESP_020421_1810_RED-0077.jpg
map-proj-v3_2/ESP_020421_1810_RED-0078.jpg,ok,,JPEG,227.0,227.0,L,1.0,1.0,normal,other,test,esp_020421_1810_red-0078,[],c2d2fcfe44fbd200c2749bdd01aaca4dd7b91bc5538e0857e089323ad4ca49fb,ba5cf257d856c5b589405b6a1ce379fc456c6bd0fc7e3fc7609f737bad712150,ce0639cd6d5232b5,144.7226028061868,16.348065036079106,3377fc14481fec89,[],0.0,esp_020421_1810,['test'],1.0,Counter({'test': 1}),val,4976a8ffc9a34a67,True,hirise_clean,0,C:\Users\deves\OneDrive\Desktop\Projects\TCMD-SS\data\raw\hirise_v3_2\map-proj-v3_2\ESP_020421_1810_RED-0078.jpg
map-proj-v3_2/ESP_020421_1810_RED-0079.jpg,ok,,JPEG,227.0,227.0,L,1.0,1.0,normal,slope streak,test,esp_020421_1810_red-0079,[],a3b245e40b9114f0e2ebaf67fc42d0ba457130a7b05b547547d69736083265fc,93d79fef75038f626697892f7d21ae6499a5ea2eac0ce574d28e39794c93525b,d5523acd6d86e223,132.64652913893147,53.58121074159163,bee19b4a2384aaf8,[],3.0,esp_020421_1810,['test'],1.0,Counter({'test': 1}),val,4976a8ffc9a34a67,True,hirise_clean,0,C:\Users\deves\OneDrive\Desktop\Projects\TCMD-SS\data\raw\hirise_v3_2\map-proj-v3_2\ESP_020421_1810_RED-0079.jpg
map-proj-v3_2/ESP_020421_1810_RED-0085.jpg,ok,,JPEG,227.0,227.0,L,1.0,1.0,normal,other,test,esp_020421_1810_red-0085,[],942a5ebfa86d4fe95cb36cf1da266ccb5ca463032d803c5fbbd683865913bb36,7df31341d5674ae5f2f109fcfc28b62400593ac3916036fe9dbf0791d4ef6ee4,ce1eb1b6240969f9,139.00423062741368,19.67640714735883,5aafcc7c9396c141,[],0.0,esp_020421_1810,['test'],1.0,Counter({'test': 1}),val,4976a8ffc9a34a67,True,hirise_clean,0,C:\Users\deves\OneDrive\Desktop\Projects\TCMD-SS\data\raw\hirise_v3_2\map-proj-v3_2\ESP_020421_1810_RED-0085.jpg
map-proj-v3_2/ESP_020421_1810_RED-0093.jpg,ok,,JPEG,227.0,227.0,L,1.0,1.0,normal,other,test,esp_020421_1810_red-0093,[],2ff02550710190dd137b409ff49c4f80dbd7a03069b4dc376ce901bcdff5ba98,f848c1dd3719c200150b291bad456db559dc5b37d5dd2aaed291d62f0ddedd36,ff44b5225ece5640,122.9213258553436,20.42589435831976,3dc6e5cb1094c592,[],0.0,esp_020421_1810,['test'],1.0,Counter({'test': 1}),val,4976a8ffc9a34a67,True,hirise_clean,0,C:\Users\deves\OneDrive\Desktop\Projects\TCMD-SS\data\raw\hirise_v3_2\map-proj-v3_2\ESP_020421_1810_RED-0093.jpg
map-proj-v3_2/ESP_020421_1810_RED-0096.jpg,ok,,JPEG,227.0,227.0,L,1.0,1.0,normal,other,test,esp_020421_1810_red-0096,[],f40dbce74003754416fed7a5f65abefa02a1d76a772ba10bf3e08ec0de779b48,870d43c4b4f7e0538bd6d87ec453fa1a66daa53274b172aa117f4ab6ca8e0610,d64a690ac95aed5a,101.5666323817656,54.259077195305046,6bc5efcf934d7444,[],0.0,esp_020421_1810,['test'],1.0,Counter({'test': 1}),val,4976a8ffc9a34a67,True,hirise_clean,0,C:\Users\deves\OneDrive\Desktop\Projects\TCMD-SS\data\raw\hirise_v3_2\map-proj-v3_2\ESP_020421_1810_RED-0096.jpg
map-proj-v3_2/ESP_020421_1810_RED-0106.jpg,ok,,JPEG,227.0,227.0,L,1.0,1.0,normal,other,test,esp_020421_1810_red-0106,[],eaa8901b16b329b2ec89613a6813983659cca3cef0ee267ee03e337453b0562b,b48912a3337383da1d43c837d01ae20da30d187ec8b1227aa4772300ebddb19d,c31c4718bb51afaa,126.08282714587902,21.96193132935476,5dd54ffa745c04ea,[],0.0,esp_020421_1810,['test'],1.0,Counter({'test': 1}),val,4976a8ffc9a34a67,True,hirise_clean,0,C:\Users\deves\OneDrive\Desktop\Projects\TCMD-SS\data\raw\hirise_v3_2\map-proj-v3_2\ESP_020421_1810_RED-0106.jpg
map-proj-v3_2/ESP_020421_1810_RED-0109.jpg,ok,,JPEG,227.0,227.0,L,1.0,1.0,normal,other,test,esp_020421_1810_red-0109,[],9611d69b1daaad91994b3fdf1eefe2f4484cbe3d6ed48a91802fc2f6b2914ea7,b177ff6a36df40e4a2e2f372db63274f12795a54a57c9d8156ea0cfd1a11d280,e34b1cf527ac988a,127.88738380329524,20.055777898139684,c29a2597129067be,[],0.0,esp_020421_1810,['test'],1.0,Counter({'test': 1}),val,4976a8ffc9a34a67,True,hirise_clean,0,C:\Users\deves\OneDrive\Desktop\Projects\TCMD-SS\data\raw\hirise_v3_2\map-proj-v3_2\ESP_020421_1810_RED-0109.jpg
map-proj-v3_2/ESP_020421_1810_RED-0110.jpg,ok,,JPEG,227.0,227.0,L,1.0,1.0,normal,other,test,esp_020421_1810_red-0110,[],3271f1fc4ffc48baaeeff68cf9c2ffc05cfd88a6df170eb1f02c404529f8112d,a1af9817ba51f8784e678286d6c4e93b204f564ef0995b9fb53a19eec899739f,ecee13f444299a87,122.82111044266335,16.75977684965043,2ad07af3f2384668,[],0.0,esp_020421_1810,['test'],1.0,Counter({'test': 1}),val,4976a8ffc9a34a67,True,hirise_clean,0,C:\Users\deves\OneDrive\Desktop\Projects\TCMD-SS\data\raw\hirise_v3_2\map-proj-v3_2\ESP_020421_1810_RED-0110.jpg
map-proj-v3_2/ESP_020421_1810_RED-0114.jpg,ok,,JPEG,227.0,227.0,L,1.0,1.0,normal,other,test,esp_020421_1810_red-0114,[],b39d6d1b80bf06e4a7f3806fd1b0f23cfbc534e36618872ec786eeef679dd42f,7238ad71a340ee2659709829c8bb7fe1e57741d6ea1744987169d808898f99a6,8c4c3a32d12a5f7d,183.15402976964427,21.790976093120836,ad41ff6d692a2bf6,[],0.0,esp_020421_1810,['test'],1.0,Counter({'test': 1}),val,4976a8ffc9a34a67,True,hirise_clean,0,C:\Users\deves\OneDrive\Desktop\Projects\TCMD-SS\data\raw\hirise_v3_2\map-proj-v3_2\ESP_020421_1810_RED-0114.jpg
map-proj-v3_2/ESP_020421_1810_RED-0115.jpg,ok,,JPEG,227.0,227.0,L,1.0,1.0,normal,slope streak,test,esp_020421_1810_red-0115,[],ddfd377ba44614c7c3e5ccaa670b624bab46d746d938e5991d2e0a37112b13ab,8d98983371e7a6cd58c5a4c24797532d377985d8173e72e3bd201711d186dbe3,cbccb3d2ca618d92,139.56894176095014,20.305432018880765,eea72f8c26ab772e,[],3.0,esp_020421_1810,['test'],1.0,Counter({'test': 1}),val,4976a8ffc9a34a67,True,hirise_clean,0,C:\Users\deves\OneDrive\Desktop\Projects\TCMD-SS\data\raw\hirise_v3_2\map-proj-v3_2\ESP_020421_1810_RED-0115.jpg
map-proj-v3_2/ESP_020421_1810_RED-0117.jpg,ok,,JPEG,227.0,227.0,L,1.0,1.0,normal,other,test,esp_020421_1810_red-0117,[],8f3be24416e1132bb93d47c79cf7600920c0af5541521fcabb8e08dc99c8b864,372c27a5f1cf6a785b5a000069cca72ed42fdc6676f68bbd76c6100664ac02d7,a87e5853b6547f40,165.5451493333851,21.7906878756367,f4a9c6d64d777d9c,[],0.0,esp_020421_1810,['test'],1.0,Counter({'test': 1}),val,4976a8ffc9a34a67,True,hirise_clean,0,C:\Users\deves\OneDrive\Desktop\Projects\TCMD-SS\data\raw\hirise_v3_2\map-proj-v3_2\ESP_020421_1810_RED-0117.jpg
map-proj-v3_2/ESP_020421_1810_RED-0121.jpg,ok,,JPEG,227.0,227.0,L,1.0,1.0,normal,other,test,esp_020421_1810_red-0121,[],3150aee443baba61cdd7eeb5c8ad1ef8faeab9f9354e389466a0b9593aa89afa,16b3bead4613940ec7f4a628f313b9d532d0c10ae8d3511403396d63f6ae1445,a54a847d0af583db,155.86623066622678,23.99746445234006,1e0661160bbfdf5a,[],0.0,esp_020421_1810,['test'],1.0,Counter({'test': 1}),val,4976a8ffc9a34a67,True,hirise_clean,0,C:\Users\deves\OneDrive\Desktop\Projects\TCMD-SS\data\raw\hirise_v3_2\map-proj-v3_2\ESP_020421_1810_RED-0121.jpg
map-proj-v3_2/ESP_020421_1810_RED-0124.jpg,ok,,JPEG,227.0,227.0,L,1.0,1.0,normal,other,test,esp_020421_1810_red-0124,[],997f8b0f638574caa3c477cf6daab92a40006d876426e82cca8e93be603a7176,8d0efc019e3eaaf7c70289791492365cb14880ae1f0690db0e7293c5c1673dee,8876cd324c50ff3c,162.14428768266413,23.722773414583685,287d6dd919e4ab30,[],0.0,esp_020421_1810,['test'],1.0,Counter({'test': 1}),val,4976a8ffc9a34a67,True,hirise_clean,0,C:\Users\deves\OneDrive\Desktop\Projects\TCMD-SS\data\raw\hirise_v3_2\map-proj-v3_2\ESP_020421_1810_RED-0124.jpg
map-proj-v3_2/ESP_020421_1810_RED-0126.jpg,ok,,JPEG,227.0,227.0,L,1.0,1.0,normal,other,test,esp_020421_1810_red-0126,[],a19bb19e73802c9a8897dbcc8ac4055e70e285bb56dc7ba00829d3bb32f66302,bd48ccc3bba77b15030bdf31a0b875d9610188165cd3c6cd6427b3fa0cfe637c,a3549d08ab2f54dd,158.89640784800793,21.851491643189974,53f511e9b86a96d2,[],0.0,esp_020421_1810,['test'],1.0,Counter({'test': 1}),val,4976a8ffc9a34a67,True,hirise_clean,0,C:\Users\deves\OneDrive\Desktop\Projects\TCMD-SS\data\raw\hirise_v3_2\map-proj-v3_2\ESP_020421_1810_RED-0126.jpg
map-proj-v3_2/ESP_020421_1810_RED-0130.jpg,ok,,JPEG,227.0,227.0,L,1.0,1.0,normal,slope streak,test,esp_020421_1810_red-0130,[],aa1d17832a4596dbe7c0ee9dfa889334432959916d8e29cb209a215982eef2b1,55a4e8aed089e976d8ee262f834e3f41a88a43efb746955a352f5353dc9ded1f,b6a48cbb2eec6c48,177.8684430126725,15.81136324708389,3543e5fe025ea368,[],3.0,esp_020421_1810,['test'],1.0,Counter({'test': 1}),val,4976a8ffc9a34a67,True,hirise_clean,0,C:\Users\deves\OneDrive\Desktop\Projects\TCMD-SS\data\raw\hirise_v3_2\map-proj-v3_2\ESP_020421_1810_RED-0130.jpg
map-proj-v3_2/ESP_020421_1810_RED-0140.jpg,ok,,JPEG,227.0,227.0,L,1.0,1.0,normal,other,test,esp_020421_1810_red-0140,[],352b44ebf1679e30302e4f64324fc3a353671964338b6bb49d2700d4fbee4533,8c82b80002860f3ba707aa469e5f4c6f44b39d09d2822785b11bad4e78ef709f,8336e40d3b27f554,152.46247743988823,19.641215905960347,b36f744acebd9cde,[],0.0,esp_020421_1810,['test'],1.0,Counter({'test': 1}),val,4976a8ffc9a34a67,True,hirise_clean,0,C:\Users\deves\OneDrive\Desktop\Projects\TCMD-SS\data\raw\hirise_v3_2\map-proj-v3_2\ESP_020421_1810_RED-0140.jpg
map-proj-v3_2/ESP_023020_1410_RED-0006.jpg,ok,,JPEG,227.0,227.0,L,1.0,1.0,normal,other,train,esp_023020_1410_red-0006,[],09ba5f2800cb5a0658e37a1970581a036a11f1350b5e9a063bc8cdefbaa3b234,74b5735142f6550a2b708ae04cf18b697f2424b58d8930bd95eb8ad38bf6d8ff,e3ab6b6833331a38,135.26631605503698,13.482023386137026,1a443ecefb167645,[],0.0,esp_023020_1410,['train'],1.0,Counter({'train': 1}),val,a01922dfa27b71f7,True,hirise_clean,0,C:\Users\deves\OneDrive\Desktop\Projects\TCMD-SS\data\raw\hirise_v3_2\map-proj-v3_2\ESP_023020_1410_RED-0006.jpg
map-proj-v3_2/ESP_023020_1410_RED-0007.jpg,ok,,JPEG,227.0,227.0,L,1.0,1.0,normal,other,train,esp_023020_1410_red-0007,[],fbcde50746dfd465ef510bc7de3178a8951d6407eb810e186e153b39713f9565,48d63a26931b54a596890d77bd0f3f85af91d56ad02b5ae1e243557fcea0cf2c,a9903c60c1d7bf95,138.00772380601214,14.703110867794436,c434e1758cf52435,[],0.0,esp_023020_1410,['train'],1.0,Counter({'train': 1}),val,a01922dfa27b71f7,True,hirise_clean,0,C:\Users\deves\OneDrive\Desktop\Projects\TCMD-SS\data\raw\hirise_v3_2\map-proj-v3_2\ESP_023020_1410_RED-0007.jpg
map-proj-v3_2/ESP_023020_1410_RED-0014.jpg,ok,,JPEG,227.0,227.0,L,1.0,1.0,normal,other,train,esp_023020_1410_red-0014,[],5843bfe482feb141f70b7d658b2ac155d72a0fef8b453b5771b80cc34d146419,0f45cbdf00a8ca7c8cd83104cc2a46e0cedcee4298e98b333dc3df9f3dabd82e,f79c6ae30c789126,121.11661394554524,66.86420036371693,b5c9ccb07e137cb7,[],0.0,esp_023020_1410,['train'],1.0,Counter({'train': 1}),val,a01922dfa27b71f7,True,hirise_clean,0,C:\Users\deves\OneDrive\Desktop\Projects\TCMD-SS\data\raw\hirise_v3_2\map-proj-v3_2\ESP_023020_1410_RED-0014.jpg
map-proj-v3_2/ESP_023020_1410_RED-0029.jpg,ok,,JPEG,227.0,227.0,L,1.0,1.0,normal,other,train,esp_023020_1410_red-0029,[],98d5e9405f6675122f1b658b83f64949dc76ddc8d6fcdb30ea3fd13efd6d04cb,934cb59f76b6e454eee35a3b9c76318b4932ee77ac68f46cc78ef9302f0f61ca,d5a6c89c3755ad48,152.62795707271633,11.340607416071231,7fdbb636018ec77b,[],0.0,esp_023020_1410,['train'],1.0,Counter({'train': 1}),val,a01922dfa27b71f7,True,hirise_clean,0,C:\Users\deves\OneDrive\Desktop\Projects\TCMD-SS\data\raw\hirise_v3_2\map-proj-v3_2\ESP_023020_1410_RED-0029.jpg
map-proj-v3_2/ESP_023020_1410_RED-0035.jpg,ok,,JPEG,227.0,227.0,L,1.0,1.0,normal,other,train,esp_023020_1410_red-0035,[],f74e8a159f4cc880f058829ed0070e2463e248ce4a75c8f0f255a4eab71ded4a,760342bc409b98752ea2c6071d1699751eb592a36e98f5ee340fbad587c57039,d76a9d3342ac6057,128.04925381823827,12.733524940585472,d1c4430fe85db062,[],0.0,esp_023020_1410,['train'],1.0,Counter({'train': 1}),val,a01922dfa27b71f7,True,hirise_clean,0,C:\Users\deves\OneDrive\Desktop\Projects\TCMD-SS\data\raw\hirise_v3_2\map-proj-v3_2\ESP_023020_1410_RED-0035.jpg
map-proj-v3_2/ESP_023020_1410_RED-0040.jpg,ok,,JPEG,227.0,227.0,L,1.0,1.0,normal,other,train,esp_023020_1410_red-0040,[],8eb3f56b98930685de0cfac54322c651a6bd1bad3b3a64dd0be9e3c3466608c9,519f45b5d69e6c97bc6e1c3446224a648bdfe9906cf826eb6dbb3278055cff15,e3363cc8e22716f8,123.55770536979176,14.73618567396482,2035caecb86bcafe,[],0.0,esp_023020_1410,['train'],1.0,Counter({'train': 1}),val,a01922dfa27b71f7,True,hirise_clean,0,C:\Users\deves\OneDrive\Desktop\Projects\TCMD-SS\data\raw\hirise_v3_2\map-proj-v3_2\ESP_023020_1410_RED-0040.jpg
map-proj-v3_2/ESP_023020_1410_RED-0044.jpg,ok,,JPEG,227.0,227.0,L,1.0,1.0,normal,other,train,esp_023020_1410_red-0044,[],72960fe971d2585d30838ba9bea0dd10c5edad2a6dd3ce67413dd0de6c4cd108,168f80463f0a89000c82e47cf490279b04691bff0b2b9c8d8ff004faa9101a48,f3c5cd3135c2625c,136.8321139552485,12.702534981597152,277ca9eb3e75be69,[],0.0,esp_023020_1410,['train'],1.0,Counter({'train': 1}),val,a01922dfa27b71f7,True,hirise_clean,0,C:\Users\deves\OneDrive\Desktop\Projects\TCMD-SS\data\raw\hirise_v3_2\map-proj-v3_2\ESP_023020_1410_RED-0044.jpg
map-proj-v3_2/ESP_023020_1410_RED-0050.jpg,ok,,JPEG,227.0,227.0,L,1.0,1.0,normal,other,train,esp_023020_1410_red-0050,[],9b860e52356fbd6271cbd008fa109035c301bbcbdfc23b29f68f97e031fdfb0c,d5cc6a4e571c7f473acedc9177a23c7e6494b174a81e7f755436f14fb23998d2,86139bf0e4fe5909,131.8358982320635,13.348702644094995,193ca71b4b00bdf1,[],0.0,esp_023020_1410,['train'],1.0,Counter({'train': 1}),val,a01922dfa27b71f7,True,hirise_clean,0,C:\Users\deves\OneDrive\Desktop\Projects\TCMD-SS\data\raw\hirise_v3_2\map-proj-v3_2\ESP_023020_1410_RED-0050.jpg
map-proj-v3_2/ESP_023020_1410_RED-0058.jpg,ok,,JPEG,227.0,227.0,L,1.0,1.0,normal,other,train,esp_023020_1410_red-0058,[],740be903b1ae4d66f7463990100a52c4c5039af62b5adfd897e9a3d7b3777750,32dfa9a69e8bb87beca389034ef71b0b9754828b01431f703387f667c7c3ec6c,e7319a6e60c331cb,117.56069397814822,14.934469360565467,0cbcc04c95d581f1,[],0.0,esp_023020_1410,['train'],1.0,Counter({'train': 1}),val,a01922dfa27b71f7,True,hirise_clean,0,C:\Users\deves\OneDrive\Desktop\Projects\TCMD-SS\data\raw\hirise_v3_2\map-proj-v3_2\ESP_023020_1410_RED-0058.jpg
map-proj-v3_2/ESP_023020_1410_RED-0060.jpg,ok,,JPEG,227.0,227.0,L,1.0,1.0,normal,other,train,esp_023020_1410_red-0060,[],84b9b71bf277ea58dc01f6e01ed30eb40eecbe70d3d16785e11b291d4add6a7e,856da74c742b22c148fa44f0c3ee662cbffeebcec94363c3c81fcdef658ffe99,9ea2b55a5b4e486a,128.25997011391644,16.59152220097739,5ae5322da6030a21,[],0.0,esp_023020_1410,['train'],1.0,Counter({'train': 1}),val,a01922dfa27b71f7,True,hirise_clean,0,C:\Users\deves\OneDrive\Desktop\Projects\TCMD-SS\data\raw\hirise_v3_2\map-proj-v3_2\ESP_023020_1410_RED-0060.jpg
map-proj-v3_2/ESP_023020_1410_RED-0065.jpg,ok,,JPEG,227.0,227.0,L,1.0,1.0,normal,other,train,esp_023020_1410_red-0065,[],4c0b1acb49d9890303c6ff8a464d9dc066651f34e9c5311fb10f5fdd12a7cbe7,39ef09c2454f8a6fd2f65dc0c07a1fb3be446727a9ffe16c845f7b45277149c3,a999dfe620d22ce4,194.2014981854878,12.437760081441803,75cce86f055886ab,[],0.0,esp_023020_1410,['train'],1.0,Counter({'train': 1}),val,a01922dfa27b71f7,True,hirise_clean,0,C:\Users\deves\OneDrive\Desktop\Projects\TCMD-SS\data\raw\hirise_v3_2\map-proj-v3_2\ESP_023020_1410_RED-0065.jpg
map-proj-v3_2/ESP_023020_1410_RED-0071.jpg,ok,,JPEG,227.0,227.0,L,1.0,1.0,normal,other,train,esp_023020_1410_red-0071,[],4da3b890031ee7f2d961462627e453e5ff2d321baed1f08a3eeb17649a07e020,4b404e7d3760d2fbe6ef1beb3dcdf422068898cace129dfa13c2d42dd2ccaf7e,e6329919643ddce4,131.69527838692775,11.72793732874247,9a6759974396919f,[],0.0,esp_023020_1410,['train'],1.0,Counter({'train': 1}),val,a01922dfa27b71f7,True,hirise_clean,0,C:\Users\deves\OneDrive\Desktop\Projects\TCMD-SS\data\raw\hirise_v3_2\map-proj-v3_2\ESP_023020_1410_RED-0071.jpg
map-proj-v3_2/ESP_023020_1410_RED-0076.jpg,ok,,JPEG,227.0,227.0,L,1.0,1.0,normal,other,train,esp_023020_1410_red-0076,[],85e5af7c37652793a1c55b8c579f36e66f34c5b2c6e0ccee231819b8477535fe,8b188c198158c2769ab0df93240ffe82579fa6266a1df32b0d7a788f95adc66e,e29b93cc6c3603e3,130.51928040520872,15.500664093436953,c6351d21109c33d2,[],0.0,esp_023020_1410,['train'],1.0,Counter({'train': 1}),val,a01922dfa27b71f7,True,hirise_clean,0,C:\Users\deves\OneDrive\Desktop\Projects\TCMD-SS\data\raw\hirise_v3_2\map-proj-v3_2\ESP_023020_1410_RED-0076.jpg
map-proj-v3_2/ESP_023020_1410_RED-0087.jpg,ok,,JPEG,227.0,227.0,L,1.0,1.0,normal,other,train,esp_023020_1410_red-0087,[],9f4a9fe73681db3b9fb094f55deb889ad21c7bbaadb9ee4cb74fbcc57170e2ce,4a36926579374e10550e518413f31d6dcc342a662a8f5d8a9829c3ceb84c915a,84d36baa0f35315d,167.57866444138253,16.855628042250153,4971e05dddad106a,[],0.0,esp_023020_1410,['train'],1.0,Counter({'train': 1}),val,a01922dfa27b71f7,True,hirise_clean,0,C:\Users\deves\OneDrive\Desktop\Projects\TCMD-SS\data\raw\hirise_v3_2\map-proj-v3_2\ESP_023020_1410_RED-0087.jpg
map-proj-v3_2/ESP_023020_1410_RED-0094.jpg,ok,,JPEG,227.0,227.0,L,1.0,1.0,normal,other,train,esp_023020_1410_red-0094,[],92770e0d2a8829503ecda8b21acdd9bfe0b78fe04b2fb57955f91e121099594f,eefc84bf403a6071a4dd4e52bac1bb19bd91b098ad446dda58fdf355b5e0bb3b,b506d3b82e33ee11,176.0373964175513,18.37887307088464,beaf5d3ce25c5caa,[],0.0,esp_023020_1410,['train'],1.0,Counter({'train': 1}),val,a01922dfa27b71f7,True,hirise_clean,0,C:\Users\deves\OneDrive\Desktop\Projects\TCMD-SS\data\raw\hirise_v3_2\map-proj-v3_2\ESP_023020_1410_RED-0094.jpg
map-proj-v3_2/ESP_023020_1410_RED-0097.jpg,ok,,JPEG,227.0,227.0,L,1.0,1.0,normal,other,train,esp_023020_1410_red-0097,[],ef848c3fe7e095983a78c56c59b899852503ab2b2d149d26c29a03c3e4c64420,23c59f588169ae4553112d4b6bbf6c282e8f1ce87adc0b80332a06d4a7498ef2,b7d91d46da186156,181.1155271788701,14.33047790948807,0d125331704e6d31,[],0.0,esp_023020_1410,['train'],1.0,Counter({'train': 1}),val,a01922dfa27b71f7,True,hirise_clean,0,C:\Users\deves\OneDrive\Desktop\Projects\TCMD-SS\data\raw\hirise_v3_2\map-proj-v3_2\ESP_023020_1410_RED-0097.jpg
map-proj-v3_2/ESP_023020_1410_RED-0106.jpg,ok,,JPEG,227.0,227.0,L,1.0,1.0,normal,other,train,esp_023020_1410_red-0106,[],e321ec5b1f9fac93916bc627c8cf32300f2040ed9dab21efef54bd85f2d21b26,a6802709ede02101813f83ed1a9e2526e71f11af93e5ece6d89ade41fe39bbd9,99cc4e2de62ea68a,173.33742164606338,13.260193075772202,7997f9f23280a94d,[],0.0,esp_023020_1410,['train'],1.0,Counter({'train': 1}),val,a01922dfa27b71f7,True,hirise_clean,0,C:\Users\deves\OneDrive\Desktop\Projects\TCMD-SS\data\raw\hirise_v3_2\map-proj-v3_2\ESP_023020_1410_RED-0106.jpg
map-proj-v3_2/ESP_023020_1410_RED-0107.jpg,ok,,JPEG,227.0,227.0,L,1.0,1.0,normal,other,train,esp_023020_1410_red-0107,[],ea87ab27718142e8a6601a651d24ce9fb0bacb12b00d0e828e4e6fb455101a7d,7ac59e2a54d505df77d293ddf06f68160b4400b3d5f970255f85c8d6a722c627,a9339eecf0d14a2a,84.28279221409304,24.33029204715176,b0310924bbea30c0,[],0.0,esp_023020_1410,['train'],1.0,Counter({'train': 1}),val,a01922dfa27b71f7,True,hirise_clean,0,C:\Users\deves\OneDrive\Desktop\Projects\TCMD-SS\data\raw\hirise_v3_2\map-proj-v3_2\ESP_023020_1410_RED-0107.jpg
map-proj-v3_2/ESP_023020_1410_RED-0110.jpg,ok,,JPEG,227.0,227.0,L,1.0,1.0,normal,other,train,esp_023020_1410_red-0110,[],aea97c03a7c0efb8a57f731c623d187682cd7fe9ee75e0f896cbd4a146ab3c0c,875b09ecc1494666bbda4f9900fcfa6777855ae3c395a667eb505207038a706d,9c8b9520c70dbbf1,65.0456442003532,15.375082125271469,9947c7cd1935ae19,[],0.0,esp_023020_1410,['train'],1.0,Counter({'train': 1}),val,a01922dfa27b71f7,True,hirise_clean,0,C:\Users\deves\OneDrive\Desktop\Projects\TCMD-SS\data\raw\hirise_v3_2\map-proj-v3_2\ESP_023020_1410_RED-0110.jpg
map-proj-v3_2/ESP_023020_1410_RED-0111.jpg,ok,,JPEG,227.0,227.0,L,1.0,1.0,normal,other,train,esp_023020_1410_red-0111,[],d0b917bb9b69bde2a6b6beb31a9fc10c45d401b5f22cc992e6290afa085af0f5,b7bf6b2698cfa9e34c14733ffc14b987b41bdf19fe327419f4734d3b4435f3b9,96bd66dab5ce9800,63.73358691222418,15.157043502261692,814a53bd42058494,[],0.0,esp_023020_1410,['train'],1.0,Counter({'train': 1}),val,a01922dfa27b71f7,True,hirise_clean,0,C:\Users\deves\OneDrive\Desktop\Projects\TCMD-SS\data\raw\hirise_v3_2\map-proj-v3_2\ESP_023020_1410_RED-0111.jpg
map-proj-v3_2/ESP_023020_1410_RED-0114.jpg,ok,,JPEG,227.0,227.0,L,1.0,1.0,normal,other,train,esp_023020_1410_red-0114,[],39de205b88e0258b08a22f811e7d17ad36e31c3a9beab051e7fc44500f4443fd,fc3ac0e5785fc5449848010467662bc53523ab480014536cfd9c8bb473080035,8ecbe37c23b55824,124.12045644200352,35.32259664494494,7e5b1b45b798a6a4,[],0.0,esp_023020_1410,['train'],1.0,Counter({'train': 1}),val,a01922dfa27b71f7,True,hirise_clean,0,C:\Users\deves\OneDrive\Desktop\Projects\TCMD-SS\data\raw\hirise_v3_2\map-proj-v3_2\ESP_023020_1410_RED-0114.jpg
map-proj-v3_2/ESP_023020_1410_RED-0117.jpg,ok,,JPEG,227.0,227.0,L,1.0,1.0,normal,other,train,esp_023020_1410_red-0117,[],0d438f9a776df43f41552e2055cc397565ec153d4707112216ee7baf2b0400d0,49238adcc9579dd19f957f9bf3191f555cbe40daaf3c3282020923c70ca0ae97,d23268b13279397b,66.6403384501931,13.586334029642652,a60956236680aa27,[],0.0,esp_023020_1410,['train'],1.0,Counter({'train': 1}),val,a01922dfa27b71f7,True,hirise_clean,0,C:\Users\deves\OneDrive\Desktop\Projects\TCMD-SS\data\raw\hirise_v3_2\map-proj-v3_2\ESP_023020_1410_RED-0117.jpg
map-proj-v3_2/ESP_023020_1410_RED-0119.jpg,ok,,JPEG,227.0,227.0,L,1.0,1.0,normal,other,train,esp_023020_1410_red-0119,[],20eb34603bc6accc3c8ab45fc0e7af78bb1709dfc307dc34d27baa298af8043b,08a818e91013f541f31d503b69537a41b6edb2e72a0261cbe698f117a96fccc3,b3936cf2d90cc6e0,97.76529721127908,20.780711838692103,aae53e4e3ae17dc9,[],0.0,esp_023020_1410,['train'],1.0,Counter({'train': 1}),val,a01922dfa27b71f7,True,hirise_clean,0,C:\Users\deves\OneDrive\Desktop\Projects\TCMD-SS\data\raw\hirise_v3_2\map-proj-v3_2\ESP_023020_1410_RED-0119.jpg
map-proj-v3_2/ESP_023020_1410_RED-0122.jpg,ok,,JPEG,227.0,227.0,L,1.0,1.0,normal,other,train,esp_023020_1410_red-0122,[],625d057b12afb455fc029c572b461941c058e8ed2551de2aba48e4a672b0a37d,89f41718f27934f09b0066e61a6258b5739762b8d5cc04791f671ad52cde721b,b3ccce66d6398611,96.50524947117157,16.870562038494544,df0656188be9a39b,[],0.0,esp_023020_1410,['train'],1.0,Counter({'train': 1}),val,a01922dfa27b71f7,True,hirise_clean,0,C:\Users\deves\OneDrive\Desktop\Projects\TCMD-SS\data\raw\hirise_v3_2\map-proj-v3_2\ESP_023020_1410_RED-0122.jpg
map-proj-v3_2/ESP_023020_1410_RED-0125.jpg,ok,,JPEG,227.0,227.0,L,1.0,1.0,normal,other,train,esp_023020_1410_red-0125,[],9ad557384bdd1e3570edec5ab5b07fde5f036c9142195e413ece6e11b5cd3f8b,dc0e82ba611cf995e14060a3d66787b544fb9fe725b76593a08ec3c8652873fa,c21d29366589bbd6,157.54992334413632,12.781681409506378,22461095f10b11a1,[],0.0,esp_023020_1410,['train'],1.0,Counter({'train': 1}),val,a01922dfa27b71f7,True,hirise_clean,0,C:\Users\deves\OneDrive\Desktop\Projects\TCMD-SS\data\raw\hirise_v3_2\map-proj-v3_2\ESP_023020_1410_RED-0125.jpg
map-proj-v3_2/ESP_023020_1410_RED-0129.jpg,ok,,JPEG,227.0,227.0,L,1.0,1.0,normal,other,train,esp_023020_1410_red-0129,[],cf331134db13381a160ddd0ebaf5bfdb716c43ab850e09313d75a25043a05d62,f8b9c7fcc8de14765e90216b772ed92d3cd648272bff08b93c096e20c0aec187,b3536e06cd3d0e62,104.08678608162394,13.433686420619685,db7185cdd062d190,[],0.0,esp_023020_1410,['train'],1.0,Counter({'train': 1}),val,a01922dfa27b71f7,True,hirise_clean,0,C:\Users\deves\OneDrive\Desktop\Projects\TCMD-SS\data\raw\hirise_v3_2\map-proj-v3_2\ESP_023020_1410_RED-0129.jpg
map-proj-v3_2/ESP_023020_1410_RED-0136.jpg,ok,,JPEG,227.0,227.0,L,1.0,1.0,normal,other,train,esp_023020_1410_red-0136,[],3e0133f37441207eaca31163c037b2fdd652c1561145af05db98b8c3cb20c73c,5a60225733286e5d311e10408b29bdf250f4ec9d0351adc3e4263f452b7c71cd,ad14a2b67609333f,143.7337033515108,15.631326565184931,a19623aa9c859500,[],0.0,esp_023020_1410,['train'],1.0,Counter({'train': 1}),val,a01922dfa27b71f7,True,hirise_clean,0,C:\Users\deves\OneDrive\Desktop\Projects\TCMD-SS\data\raw\hirise_v3_2\map-proj-v3_2\ESP_023020_1410_RED-0136.jpg
map-proj-v3_2/ESP_023020_1410_RED-0145.jpg,ok,,JPEG,227.0,227.0,L,1.0,1.0,normal,other,train,esp_023020_1410_red-0145,[],428b524101a02895727e03b4d25c24e8b36810a37b690377fe860774479016b9,1cc34845804167bc155f83edf47400427ee42447c29e73d45a87911b112995c8,b9584c44f96db929,144.71711075316813,16.193061609786298,0fd3a2bbbd3ffe7b,[],0.0,esp_023020_1410,['train'],1.0,Counter({'train': 1}),val,a01922dfa27b71f7,True,hirise_clean,0,C:\Users\deves\OneDrive\Desktop\Projects\TCMD-SS\data\raw\hirise_v3_2\map-proj-v3_2\ESP_023020_1410_RED-0145.jpg
map-proj-v3_2/ESP_023020_1410_RED-0151.jpg,ok,,JPEG,227.0,227.0,L,1.0,1.0,normal,other,train,esp_023020_1410_red-0151,[],f3c0895e8bf6bf6daa8008f1bb27ebfe84860478e4f016dac21422f0f39a2983,06264c5649de4d034265cf517ab30e20e7dce88f7f8eacc85f876ccce6334b5a,ec0f993827ee1853,156.6061635195715,14.676413258812843,d7013ea4db775b9f,[],0.0,esp_023020_1410,['train'],1.0,Counter({'train': 1}),val,a01922dfa27b71f7,True,hirise_clean,0,C:\Users\deves\OneDrive\Desktop\Projects\TCMD-SS\data\raw\hirise_v3_2\map-proj-v3_2\ESP_023020_1410_RED-0151.jpg
map-proj-v3_2/ESP_023020_1410_RED-0153.jpg,ok,,JPEG,227.0,227.0,L,1.0,1.0,normal,other,train,esp_023020_1410_red-0153,[],4178e12adabf24c067001d4bb2b4bc518733223cb0fbba22fce72fb80ef70780,045bce4b37c0da3b78001effc201245601254444d56ece9eaebcbc0e8bd26253,a613d93831c6c7dc,97.44871819751984,15.991053953769518,fcea9eb605468742,[],0.0,esp_023020_1410,['train'],1.0,Counter({'train': 1}),val,a01922dfa27b71f7,True,hirise_clean,0,C:\Users\deves\OneDrive\Desktop\Projects\TCMD-SS\data\raw\hirise_v3_2\map-proj-v3_2\ESP_023020_1410_RED-0153.jpg
map-proj-v3_2/ESP_023020_1410_RED-0168.jpg,ok,,JPEG,227.0,227.0,L,1.0,1.0,normal,other,train,esp_023020_1410_red-0168,[],ad9eb3fc8f3b75cf862ede426d0b9526495de04084fbbf84068c3b983034dbd6,91c55341faef4acbc02801363babacc599849a7f766409e3a5e7cdfc43f2e20d,82dcdce3628e195b,82.68606027673736,13.87501871172602,aa629451b6706c01,[],0.0,esp_023020_1410,['train'],1.0,Counter({'train': 1}),val,a01922dfa27b71f7,True,hirise_clean,0,C:\Users\deves\OneDrive\Desktop\Projects\TCMD-SS\data\raw\hirise_v3_2\map-proj-v3_2\ESP_023020_1410_RED-0168.jpg
map-proj-v3_2/ESP_023020_1410_RED-0176.jpg,ok,,JPEG,227.0,227.0,L,1.0,1.0,normal,crater,train,esp_023020_1410_red-0176,[],ae6689202db300de729f7e6adb47ef1d30f29af080f0dccb7718d232597ab449,417ffec840df2a11d68ca6f2464b1a7a07dee942296ba18cbd297da27518222d,a3f08d093367cf8a,159.3120766946768,11.414191698993712,f0fe9777aed9d086,[],1.0,esp_023020_1410,['train'],1.0,Counter({'train': 1}),val,a01922dfa27b71f7,True,hirise_clean,0,C:\Users\deves\OneDrive\Desktop\Projects\TCMD-SS\data\raw\hirise_v3_2\map-proj-v3_2\ESP_023020_1410_RED-0176.jpg
map-proj-v3_2/ESP_023020_1410_RED-0178.jpg,ok,,JPEG,227.0,227.0,L,1.0,1.0,normal,other,train,esp_023020_1410_red-0178,[],dca6015d7eb23d8b8daa23796f4a0b81cff04477fb6f8220a4a3522dc0ce0d7b,eee77b718620dd6582df0334d096209f72ca8699b29d6524439481d5ed77fe5b,ec9e92fa74cf9020,157.8657260959848,13.809197606548606,ce54f227a21b5e5b,[],0.0,esp_023020_1410,['train'],1.0,Counter({'train': 1}),val,a01922dfa27b71f7,True,hirise_clean,0,C:\Users\deves\OneDrive\Desktop\Projects\TCMD-SS\data\raw\hirise_v3_2\map-proj-v3_2\ESP_023020_1410_RED-0178.jpg
map-proj-v3_2/ESP_023020_1410_RED-0184.jpg,ok,,JPEG,227.0,227.0,L,1.0,1.0,normal,other,train,esp_023020_1410_red-0184,[],c9883743f54f6dc22d2ca33a1fbaaa6e99fe7e461b5cd92b339e78d048fe57ab,4b3504b5a1988395af47c4ca283c49ed1f30c6e72a020116b35968acac83f9f1,8919b266cc19f3e6,146.9496400085389,9.184205708368436,86ca6def8c492da4,[],0.0,esp_023020_1410,['train'],1.0,Counter({'train': 1}),val,a01922dfa27b71f7,True,hirise_clean,0,C:\Users\deves\OneDrive\Desktop\Projects\TCMD-SS\data\raw\hirise_v3_2\map-proj-v3_2\ESP_023020_1410_RED-0184.jpg
map-proj-v3_2/ESP_023020_1410_RED-0191.jpg,ok,,JPEG,227.0,227.0,L,1.0,1.0,normal,other,train,esp_023020_1410_red-0191,[],7c976e54acc838535c1b2c81c063587819f28b43db4f28c81ab1d8e9ef01c29d,94dca4b4fc5b5f012456ccfbb65645ac58736489979f5165a740d1c6f0bf363f,e1c815b2b58ad9ab,144.55205806439093,15.996668157863796,2ffaa27cfcec95cc,[],0.0,esp_023020_1410,['train'],1.0,Counter({'train': 1}),val,a01922dfa27b71f7,True,hirise_clean,0,C:\Users\deves\OneDrive\Desktop\Projects\TCMD-SS\data\raw\hirise_v3_2\map-proj-v3_2\ESP_023020_1410_RED-0191.jpg
map-proj-v3_2/ESP_034268_1795_RED-0007.jpg,ok,,JPEG,227.0,227.0,L,1.0,1.0,normal,other,val,esp_034268_1795_red-0007,[],a69e48cd2da86d9c2abb504dd507828047ae4c5dbf77974d6f1513ca0fd752c5,bf38173f9ad3aedf7f25ae076bb8b38b3cd0b446f1723675a5aee8d31d3279ca,db1b5ae2c58a56a4,182.30202410293236,16.478426014530577,824e064b5a739624,[],0.0,esp_034268_1795,['val'],1.0,Counter({'val': 1}),val,3d3af0ffc91f037f,True,hirise_clean,0,C:\Users\deves\OneDrive\Desktop\Projects\TCMD-SS\data\raw\hirise_v3_2\map-proj-v3_2\ESP_034268_1795_RED-0007.jpg
map-proj-v3_2/ESP_034268_1795_RED-0008.jpg,ok,,JPEG,227.0,227.0,L,1.0,1.0,normal,other,val,esp_034268_1795_red-0008,[],e77da8f7adaf7ac2f798fe8bd01447912baae54a3bc8f619fc120e85e7574f01,27856dee962e6a5fd1b111e10c415ac363a788cedbc54f1e1dd14c72a1945644,fe825b9832f429c3,157.60020570940637,62.985881515704,7f1138fd8ece1a60,[],0.0,esp_034268_1795,['val'],1.0,Counter({'val': 1}),val,3d3af0ffc91f037f,True,hirise_clean,0,C:\Users\deves\OneDrive\Desktop\Projects\TCMD-SS\data\raw\hirise_v3_2\map-proj-v3_2\ESP_034268_1795_RED-0008.jpg
map-proj-v3_2/ESP_034268_1795_RED-0014.jpg,ok,,JPEG,227.0,227.0,L,1.0,1.0,normal,other,val,esp_034268_1795_red-0014,[],1642cdbd6e5618d567ac95f5e57c82ac9c1bfdd839a09b4767feff78d58be104,f9e9445b7f53b450103b67e1dc971d890c84526d4314f558bc484d33ee69194d,e0817c9a3bd526dc,162.36893787964058,64.16092828619502,a051927394700c50,[],0.0,esp_034268_1795,['val'],1.0,Counter({'val': 1}),val,3d3af0ffc91f037f,True,hirise_clean,0,C:\Users\deves\OneDrive\Desktop\Projects\TCMD-SS\data\raw\hirise_v3_2\map-proj-v3_2\ESP_034268_1795_RED-0014.jpg
map-proj-v3_2/ESP_034268_1795_RED-0016.jpg,ok,,JPEG,227.0,227.0,L,1.0,1.0,normal,other,val,esp_034268_1795_red-0016,[],7397ef729170dada75299ac7775624e8c6e4484d710f6bb48edd85eb5e0de14a,337c112d2fe5aad83639e2cd17e1ce5da04464a96193a83fd2ec0a113065de45,ea8a70e52b58956e,145.64812047584854,76.03756482132722,18efdac36320d37c,[],0.0,esp_034268_1795,['val'],1.0,Counter({'val': 1}),val,3d3af0ffc91f037f,True,hirise_clean,0,C:\Users\deves\OneDrive\Desktop\Projects\TCMD-SS\data\raw\hirise_v3_2\map-proj-v3_2\ESP_034268_1795_RED-0016.jpg
map-proj-v3_2/ESP_034268_1795_RED-0017.jpg,ok,,JPEG,227.0,227.0,L,1.0,1.0,normal,other,val,esp_034268_1795_red-0017,[],5fac8c76c47b0872ae0d7e056f0ea880b730134421e7ba5e3f5c2f14b32f4438,2a88b929c73527ab0d86d61f21ae5e8e6485c2bc8adee5c89ddd55857803c050,a71c5926e2d9b2cc,186.11704088959613,11.648714285987875,93093b32d15a2e1a,[],0.0,esp_034268_1795,['val'],1.0,Counter({'val': 1}),val,3d3af0ffc91f037f,True,hirise_clean,0,C:\Users\deves\OneDrive\Desktop\Projects\TCMD-SS\data\raw\hirise_v3_2\map-proj-v3_2\ESP_034268_1795_RED-0017.jpg
map-proj-v3_2/ESP_034268_1795_RED-0018.jpg,ok,,JPEG,227.0,227.0,L,1.0,1.0,normal,crater,val,esp_034268_1795_red-0018,[],a2bcc59a4575acf0ea957270dceeeeaeb71f08fe67122b7ca604572be68539e8,77b2a9b507a51d74cc287249deb942f38149bce00a8f28492f11262433c62803,d3986ccc337624cd,184.2094548700732,14.634361467925345,d910ffc658609888,[],1.0,esp_034268_1795,['val'],1.0,Counter({'val': 1}),val,3d3af0ffc91f037f,True,hirise_clean,0,C:\Users\deves\OneDrive\Desktop\Projects\TCMD-SS\data\raw\hirise_v3_2\map-proj-v3_2\ESP_034268_1795_RED-0018.jpg
map-proj-v3_2/ESP_034268_1795_RED-0020.jpg,ok,,JPEG,227.0,227.0,L,1.0,1.0,normal,other,val,esp_034268_1795_red-0020,[],8fb3c36ebc29cf4bafad6481b5a73402eecb6d2bb5ef2c03a7c012ae8299f2f3,e41cae5f23ab7aed416dd47f960f1c27315a8dcbea6e3e3ebe09e7475fc901fa,c4ab9833e3c822df,180.68889363271168,14.249729048873531,ba8141f16c26b830,[],0.0,esp_034268_1795,['val'],1.0,Counter({'val': 1}),val,3d3af0ffc91f037f,True,hirise_clean,0,C:\Users\deves\OneDrive\Desktop\Projects\TCMD-SS\data\raw\hirise_v3_2\map-proj-v3_2\ESP_034268_1795_RED-0020.jpg
map-proj-v3_2/ESP_034268_1795_RED-0024.jpg,ok,,JPEG,227.0,227.0,L,1.0,1.0,normal,other,val,esp_034268_1795_red-0024,[],09d57c92fa58bed621de303a24b63b859029baad3cbdc41cf56f4101269e27d4,bd42c6fb7f88909b9903476b721508ba858efdc74bc16fb3201703985d2ca41f,ec9031c11ffab255,184.7569135826428,13.593235463656065,b86c59a70e52a957,[],0.0,esp_034268_1795,['val'],1.0,Counter({'val': 1}),val,3d3af0ffc91f037f,True,hirise_clean,0,C:\Users\deves\OneDrive\Desktop\Projects\TCMD-SS\data\raw\hirise_v3_2\map-proj-v3_2\ESP_034268_1795_RED-0024.jpg
map-proj-v3_2/ESP_034268_1795_RED-0025.jpg,ok,,JPEG,227.0,227.0,L,1.0,1.0,normal,other,val,esp_034268_1795_red-0025,[],dd5afd76b5ba309ebe4f1665739b66c78598f255787d26640ce8f3e8755c075f,2f6bd223e37a578a89e0f9e71462d525e254b52e0fee4c1446163c85b5638d7b,9fc4d8e1c3067c99,182.2859748879272,12.78622494152914,14ee37332f796602,[],0.0,esp_034268_1795,['val'],1.0,Counter({'val': 1}),val,3d3af0ffc91f037f,True,hirise_clean,0,C:\Users\deves\OneDrive\Desktop\Projects\TCMD-SS\data\raw\hirise_v3_2\map-proj-v3_2\ESP_034268_1795_RED-0025.jpg
map-proj-v3_2/ESP_034268_1795_RED-0038.jpg,ok,,JPEG,227.0,227.0,L,1.0,1.0,normal,other,val,esp_034268_1795_red-0038,[],ff4623b77b29212b35b2979b1d5a71c429cadf38724a1c19c1aa400d22e9c280,12e137fa49b4006dc7717543ff595d8991f7d13764cf1c9b3603b2a1d8eb6661,ca7db22780bdf103,180.8148033146384,12.29647891002991,8ab482d21eda9bfc,[],0.0,esp_034268_1795,['val'],1.0,Counter({'val': 1}),val,3d3af0ffc91f037f,True,hirise_clean,0,C:\Users\deves\OneDrive\Desktop\Projects\TCMD-SS\data\raw\hirise_v3_2\map-proj-v3_2\ESP_034268_1795_RED-0038.jpg
map-proj-v3_2/ESP_034268_1795_RED-0040.jpg,ok,,JPEG,227.0,227.0,L,1.0,1.0,normal,other,val,esp_034268_1795_red-0040,[],9c47ad8e7a5b6420c69f7ab78536bb6832b83f6df42917afcf0e8ef665808841,5e835ceeadba181386b945c1da660e37c37578fcb2c6794788fc748d0539faa4,db383832e68c9b36,187.0536591045819,13.614207014211935,2ef78179455420b1,[],0.0,esp_034268_1795,['val'],1.0,Counter({'val': 1}),val,3d3af0ffc91f037f,True,hirise_clean,0,C:\Users\deves\OneDrive\Desktop\Projects\TCMD-SS\data\raw\hirise_v3_2\map-proj-v3_2\ESP_034268_1795_RED-0040.jpg
map-proj-v3_2/ESP_034268_1795_RED-0045.jpg,ok,,JPEG,227.0,227.0,L,1.0,1.0,normal,other,val,esp_034268_1795_red-0045,[],130c1cbf5919d32859a9eae5e0e5b3021c83cc182cba4500c3980b8fd12a459f,4c072781ec8b258c1b1d98d2b2e59a73f3efc684c7e18a414866d942571d6a52,eccc963873a6e60c,179.90867278619805,13.580232604011933,7ab8961691c6d0c1,[],0.0,esp_034268_1795,['val'],1.0,Counter({'val': 1}),val,3d3af0ffc91f037f,True,hirise_clean,0,C:\Users\deves\OneDrive\Desktop\Projects\TCMD-SS\data\raw\hirise_v3_2\map-proj-v3_2\ESP_034268_1795_RED-0045.jpg
map-proj-v3_2/ESP_034268_1795_RED-0046.jpg,ok,,JPEG,227.0,227.0,L,1.0,1.0,normal,crater,val,esp_034268_1795_red-0046,[],cb3f2e1b13d5a7fbbe6cf8d243fff5e7f6882d7f62f434d374a2106e13b6fd13,2defbb33d9afea24276c01c43be2af39414146112e08408ad463d3fe75ccaf37,f1934e5d3178c64c,184.636224262066,15.010342080718996,99806e15b3caa565,[],1.0,esp_034268_1795,['val'],1.0,Counter({'val': 1}),val,3d3af0ffc91f037f,True,hirise_clean,0,C:\Users\deves\OneDrive\Desktop\Projects\TCMD-SS\data\raw\hirise_v3_2\map-proj-v3_2\ESP_034268_1795_RED-0046.jpg
map-proj-v3_2/ESP_034268_1795_RED-0051.jpg,ok,,JPEG,227.0,227.0,L,1.0,1.0,normal,crater,val,esp_034268_1795_red-0051,[],c766bb6f1f898c01fda33fa4e6dfee95d95aebbc537e024ecc0c9d3b2c3f09fb,ad6e109e5b1441b96cdffc8aceb13ecc3eb79555bc8ce980899b2f633d29226d,8d9db1e0c51167c7,182.6721069688913,15.439452047498037,bb6144323c4271d4,[],1.0,esp_034268_1795,['val'],1.0,Counter({'val': 1}),val,3d3af0ffc91f037f,True,hirise_clean,0,C:\Users\deves\OneDrive\Desktop\Projects\TCMD-SS\data\raw\hirise_v3_2\map-proj-v3_2\ESP_034268_1795_RED-0051.jpg
map-proj-v3_2/ESP_034268_1795_RED-0052.jpg,ok,,JPEG,227.0,227.0,L,1.0,1.0,normal,other,val,esp_034268_1795_red-0052,[],5ed90194a7a68413030fc49b16ee691d28446db2d7a7b6a41966df62caf551dc,b74fce3d78f68f02b59b7387f7aa2dbdfc365c96d896336eb3318c087025b7bc,c412b96cd2a6a36f,186.54320867860812,14.22003643996172,a429c94546d7cb9c,[],0.0,esp_034268_1795,['val'],1.0,Counter({'val': 1}),val,3d3af0ffc91f037f,True,hirise_clean,0,C:\Users\deves\OneDrive\Desktop\Projects\TCMD-SS\data\raw\hirise_v3_2\map-proj-v3_2\ESP_034268_1795_RED-0052.jpg
map-proj-v3_2/ESP_034268_1795_RED-0056.jpg,ok,,JPEG,227.0,227.0,L,1.0,1.0,normal,crater,val,esp_034268_1795_red-0056,[],9542d82bd65eca3616d5c3f4691e7c39500ebaa2d0c223cd8eb4a37ef3fe03a3,74897fb15c9aa4445fc2cbc16e7582a72fd921ba7a9ebf787c07ddeb11423af9,a559d9a76c8d4992,183.27572823070503,14.867432497752963,d3ce52bb059215ac,[],1.0,esp_034268_1795,['val'],1.0,Counter({'val': 1}),val,3d3af0ffc91f037f,True,hirise_clean,0,C:\Users\deves\OneDrive\Desktop\Projects\TCMD-SS\data\raw\hirise_v3_2\map-proj-v3_2\ESP_034268_1795_RED-0056.jpg
map-proj-v3_2/ESP_034268_1795_RED-0063.jpg,ok,,JPEG,227.0,227.0,L,1.0,1.0,normal,crater,val,esp_034268_1795_red-0063,[],6915c02cb1cbdddb87ff230a7a65fcd91e687866e826e229a18a89ebd1ecd3b1,fba090d326738cec0c6a6eef0da1bb2c59e42cace35ac860639df541dd0e931c,ce901976224ddbd6,184.8195579188418,14.400499177303525,2983bd39630d7d18,[],1.0,esp_034268_1795,['val'],1.0,Counter({'val': 1}),val,3d3af0ffc91f037f,True,hirise_clean,0,C:\Users\deves\OneDrive\Desktop\Projects\TCMD-SS\data\raw\hirise_v3_2\map-proj-v3_2\ESP_034268_1795_RED-0063.jpg
map-proj-v3_2/ESP_034268_1795_RED-0064.jpg,ok,,JPEG,227.0,227.0,L,1.0,1.0,normal,other,val,esp_034268_1795_red-0064,[],a381191d6ac4b8ea902f1877e4f1fe119b4f5aadd959052bfd55fe8e02de267c,6290d35d2f5fc87c2674abe264292a56da6b456be89795583f7dcd45723f76c0,8448db95ac3bb9aa,187.3753032273089,14.678326183219248,7abff7188e5d922b,[],0.0,esp_034268_1795,['val'],1.0,Counter({'val': 1}),val,3d3af0ffc91f037f,True,hirise_clean,0,C:\Users\deves\OneDrive\Desktop\Projects\TCMD-SS\data\raw\hirise_v3_2\map-proj-v3_2\ESP_034268_1795_RED-0064.jpg
map-proj-v3_2/ESP_034268_1795_RED-0071.jpg,ok,,JPEG,227.0,227.0,L,1.0,1.0,normal,other,val,esp_034268_1795_red-0071,[],abc94fb2eeca0b908d0c153c790601536de0f0b74fcccaf0207a7c466cf0b1a6,730f6f718f241ca94500eacb5bdce75fd5730f8966b9fa7abd6d638c882aeeb1,d385acd81177c599,184.49018999010264,18.789596828073627,50845e4049d34959,[],0.0,esp_034268_1795,['val'],1.0,Counter({'val': 1}),val,3d3af0ffc91f037f,True,hirise_clean,0,C:\Users\deves\OneDrive\Desktop\Projects\TCMD-SS\data\raw\hirise_v3_2\map-proj-v3_2\ESP_034268_1795_RED-0071.jpg
map-proj-v3_2/ESP_034268_1795_RED-0073.jpg,ok,,JPEG,227.0,227.0,L,1.0,1.0,normal,other,val,esp_034268_1795_red-0073,[],41fbabd89e6748cdd6ebcf6263f4a14986fffb2f704c4272be5177e16509e4a0,400c70e7ea6a648a3fb29a41f3dc2b4353fcbb9f972490d87f6be08b9832c0bb,9c20177fc438e3ce,185.06767063207127,14.679645616631015,2df3fedd35593aa3,[],0.0,esp_034268_1795,['val'],1.0,Counter({'val': 1}),val,3d3af0ffc91f037f,True,hirise_clean,0,C:\Users\deves\OneDrive\Desktop\Projects\TCMD-SS\data\raw\hirise_v3_2\map-proj-v3_2\ESP_034268_1795_RED-0073.jpg
map-proj-v3_2/ESP_034268_1795_RED-0076.jpg,ok,,JPEG,227.0,227.0,L,1.0,1.0,normal,other,val,esp_034268_1795_red-0076,[],7b33da9975435adfa010ae78c7b23e2962bdb17b1c593a209aefef240f4b40b4,f0e825cb121c1171fc977fc1e5711f2a31404e6738ecab9662aa3c2592a001ba,e4b1831b71c74ed8,183.90702322963767,12.12618866894574,e27f6019bcf846c9,[],0.0,esp_034268_1795,['val'],1.0,Counter({'val': 1}),val,3d3af0ffc91f037f,True,hirise_clean,0,C:\Users\deves\OneDrive\Desktop\Projects\TCMD-SS\data\raw\hirise_v3_2\map-proj-v3_2\ESP_034268_1795_RED-0076.jpg
map-proj-v3_2/ESP_034268_1795_RED-0080.jpg,ok,,JPEG,227.0,227.0,L,1.0,1.0,normal,crater,val,esp_034268_1795_red-0080,[],56d3a72a84a8b658586876c616f53d8a640c492c379d86e47e627b9dbca324c3,067613eef05993e77112a2f6d5621cb61e86d20ed1f25828e8dc74a85609d183,f1e78e183326cc99,184.97981719032,18.6279526841042,9719da1e64566dff,[],1.0,esp_034268_1795,['val'],1.0,Counter({'val': 1}),val,3d3af0ffc91f037f,True,hirise_clean,0,C:\Users\deves\OneDrive\Desktop\Projects\TCMD-SS\data\raw\hirise_v3_2\map-proj-v3_2\ESP_034268_1795_RED-0080.jpg
map-proj-v3_2/ESP_034268_1795_RED-0087.jpg,ok,,JPEG,227.0,227.0,L,1.0,1.0,normal,other,val,esp_034268_1795_red-0087,[],311e70710a6304c981da15046517ddaa173f4ef9e80dc5082e68c7aff86e4962,0039549a70e93f68e2a082dfd722724ead4998bb29dd944938f521ba4aabb101,8287b12637adab3a,172.1668186846242,15.767100185018982,f38ebba41c44a267,[],0.0,esp_034268_1795,['val'],1.0,Counter({'val': 1}),val,3d3af0ffc91f037f,True,hirise_clean,0,C:\Users\deves\OneDrive\Desktop\Projects\TCMD-SS\data\raw\hirise_v3_2\map-proj-v3_2\ESP_034268_1795_RED-0087.jpg
map-proj-v3_2/ESP_034268_1795_RED-0089.jpg,ok,,JPEG,227.0,227.0,L,1.0,1.0,normal,other,val,esp_034268_1795_red-0089,[],a7a4788592ab56ddcd4193fb3d7ba10c459bba7497b3503b22d4659f00f994ac,a7828abf0ada041daed7604782ba4309f962389fb1f192a38a3d4bdcd2a0fc3a,f3cc9531629ab2a6,180.90521842069515,16.382437875243742,4104e1e4aba7f349,[],0.0,esp_034268_1795,['val'],1.0,Counter({'val': 1}),val,3d3af0ffc91f037f,True,hirise_clean,0,C:\Users\deves\OneDrive\Desktop\Projects\TCMD-SS\data\raw\hirise_v3_2\map-proj-v3_2\ESP_034268_1795_RED-0089.jpg
map-proj-v3_2/ESP_034268_1795_RED-0093.jpg,ok,,JPEG,227.0,227.0,L,1.0,1.0,normal,other,val,esp_034268_1795_red-0093,[],aea87fb09dde35da792640099cbc20fc749ec0efdf8a3a6ad23bca2ca6513252,7969be9831aaaab0a56a202586c4e3e331d2bebcc2b8b03bf49049d809e8ef4f,981a6a59327cfb25,186.69300782083877,15.135902742787378,3509779179f52300,[],0.0,esp_034268_1795,['val'],1.0,Counter({'val': 1}),val,3d3af0ffc91f037f,True,hirise_clean,0,C:\Users\deves\OneDrive\Desktop\Projects\TCMD-SS\data\raw\hirise_v3_2\map-proj-v3_2\ESP_034268_1795_RED-0093.jpg
map-proj-v3_2/ESP_034268_1795_RED-0096.jpg,ok,,JPEG,227.0,227.0,L,1.0,1.0,normal,crater,val,esp_034268_1795_red-0096,[],5d40317b0c914f69718fccd69912ca3ba26b979aa54b0738b5e09b52a100005d,4b21d321a4b2a91da02bfde640935709b14933e1d1153e178c997abddc189af9,af1b9853172ec48d,181.22678491723107,14.240887740840169,5fd39a3a56e35819,[],1.0,esp_034268_1795,['val'],1.0,Counter({'val': 1}),val,3d3af0ffc91f037f,True,hirise_clean,0,C:\Users\deves\OneDrive\Desktop\Projects\TCMD-SS\data\raw\hirise_v3_2\map-proj-v3_2\ESP_034268_1795_RED-0096.jpg
map-proj-v3_2/ESP_034268_1795_RED-0097.jpg,ok,,JPEG,227.0,227.0,L,1.0,1.0,normal,other,val,esp_034268_1795_red-0097,[],4fc0f6d3d290ad187ca7a6ae5b410cf8706b75f3777fc36da18c99b212f3c2f5,409f4fd87edbb255f2b4d818c9ce2825fd19a3db660edda7b5e7229994ad614c,ac3be547d6e64881,181.25032505967516,14.518447109428552,4b1b1f1fa39f4db7,[],0.0,esp_034268_1795,['val'],1.0,Counter({'val': 1}),val,3d3af0ffc91f037f,True,hirise_clean,0,C:\Users\deves\OneDrive\Desktop\Projects\TCMD-SS\data\raw\hirise_v3_2\map-proj-v3_2\ESP_034268_1795_RED-0097.jpg
map-proj-v3_2/ESP_034268_1795_RED-0099.jpg,ok,,JPEG,227.0,227.0,L,1.0,1.0,normal,crater,val,esp_034268_1795_red-0099,[],553c8903ef37ae1c78050c180ded2ba1a22f49b0f43d22b5b731d420f687c831,72dcd46fc4ebf665d33f61460c5a8ef3eb4e970a8619ee3c3dcebaa2f868a7c3,d605f9f66e489223,178.94251780550758,15.535689176192792,cae401f9f11cf045,[],1.0,esp_034268_1795,['val'],1.0,Counter({'val': 1}),val,3d3af0ffc91f037f,True,hirise_clean,0,C:\Users\deves\OneDrive\Desktop\Projects\TCMD-SS\data\raw\hirise_v3_2\map-proj-v3_2\ESP_034268_1795_RED-0099.jpg
map-proj-v3_2/ESP_034268_1795_RED-0104.jpg,ok,,JPEG,227.0,227.0,L,1.0,1.0,normal,other,val,esp_034268_1795_red-0104,[],97d9c0d0252d807a7a2c26599ab562a434140f8c819a5707736a9fadbcf57ba9,982b999f80168d24657330669ab4d6ba79f4cb524c938fc22cdbb7b8c76afe6d,821f59362648f67d,181.7532457451144,16.584376385526824,d24b6c35cdbea0f4,[],0.0,esp_034268_1795,['val'],1.0,Counter({'val': 1}),val,3d3af0ffc91f037f,True,hirise_clean,0,C:\Users\deves\OneDrive\Desktop\Projects\TCMD-SS\data\raw\hirise_v3_2\map-proj-v3_2\ESP_034268_1795_RED-0104.jpg
map-proj-v3_2/ESP_034268_1795_RED-0108.jpg,ok,,JPEG,227.0,227.0,L,1.0,1.0,normal,other,val,esp_034268_1795_red-0108,[],891ca6994488e099dae4a7d2dd9b20c159baeeb859c295f6b0de4753ab8296b5,6fd0085230b7471ac0b8e632698bd32d71cacac0f4cb7203b9dc09dda8be69cc,f443ebec05c69c34,179.9143394981467,16.19532566263512,14803668dd61d960,[],0.0,esp_034268_1795,['val'],1.0,Counter({'val': 1}),val,3d3af0ffc91f037f,True,hirise_clean,0,C:\Users\deves\OneDrive\Desktop\Projects\TCMD-SS\data\raw\hirise_v3_2\map-proj-v3_2\ESP_034268_1795_RED-0108.jpg
map-proj-v3_2/ESP_034268_1795_RED-0110.jpg,ok,,JPEG,227.0,227.0,L,1.0,1.0,normal,other,val,esp_034268_1795_red-0110,[],5539aa8c16b7a36a4ec5c0eccff60390d8b9ab8865428bf8da7673c450734c8a,3c80cfa59a49b4bb84d995b33c501cdef412cfea84afcc6708370e580b738b2a,9ce27346cc5cb543,181.5474781191174,15.767066994665443,48fff6fc0f8d83d5,[],0.0,esp_034268_1795,['val'],1.0,Counter({'val': 1}),val,3d3af0ffc91f037f,True,hirise_clean,0,C:\Users\deves\OneDrive\Desktop\Projects\TCMD-SS\data\raw\hirise_v3_2\map-proj-v3_2\ESP_034268_1795_RED-0110.jpg
map-proj-v3_2/ESP_034268_1795_RED-0111.jpg,ok,,JPEG,227.0,227.0,L,1.0,1.0,normal,other,val,esp_034268_1795_red-0111,[],651647f647b8f620e9eb308046eca1f264b8b69fb86ddea5a71da4017c1f4e36,2c36ef1e997ee7468565a54fd64d1c05f1a6bfdaa7a6478413b1ccbdc38c2866,fbc3a6693374440d,183.995963438064,16.09947629819415,36084d42ff0ea9ce,[],0.0,esp_034268_1795,['val'],1.0,Counter({'val': 1}),val,3d3af0ffc91f037f,True,hirise_clean,0,C:\Users\deves\OneDrive\Desktop\Projects\TCMD-SS\data\raw\hirise_v3_2\map-proj-v3_2\ESP_034268_1795_RED-0111.jpg
map-proj-v3_2/ESP_034268_1795_RED-0119.jpg,ok,,JPEG,227.0,227.0,L,1.0,1.0,normal,other,val,esp_034268_1795_red-0119,[],4b21ff9af63464c3882a1f64c3491083a1e0baf5f710f96f513713e469abc737,0a9a586794d50d0ef4034c4dade6322ff66dff17ec033c2f3616da655697e3b3,f0923d72ffd08116,182.4139610704652,17.837302402306275,626f29081f4854b0,[],0.0,esp_034268_1795,['val'],1.0,Counter({'val': 1}),val,3d3af0ffc91f037f,True,hirise_clean,0,C:\Users\deves\OneDrive\Desktop\Projects\TCMD-SS\data\raw\hirise_v3_2\map-proj-v3_2\ESP_034268_1795_RED-0119.jpg
map-proj-v3_2/ESP_034268_1795_RED-0133.jpg,ok,,JPEG,227.0,227.0,L,1.0,1.0,normal,crater,val,esp_034268_1795_red-0133,[],b31af06366079676b3765c382834ee7d89bb60bc72759f78f99bf1bc605c9978,ccb64547c7cd93ddadfdc52adfbf48b13d9617f5d1e5f6638cdea1e000dc070e,b9f2cc09d3878e98,172.11028741097246,15.584827397581025,5258c50d94f92968,[],1.0,esp_034268_1795,['val'],1.0,Counter({'val': 1}),val,3d3af0ffc91f037f,True,hirise_clean,0,C:\Users\deves\OneDrive\Desktop\Projects\TCMD-SS\data\raw\hirise_v3_2\map-proj-v3_2\ESP_034268_1795_RED-0133.jpg
map-proj-v3_2/ESP_034268_1795_RED-0136.jpg,ok,,JPEG,227.0,227.0,L,1.0,1.0,normal,other,val,esp_034268_1795_red-0136,[],35df8b1955827b3dc39710b802a26e4d79c13ebfb2fa0fc95cc1b0b0f706f5ac,299730fa06c17bef862a9f42b389b5c6c4ba72208da31df36d875813d87f7678,d24b693665c8b16b,148.3618738962526,78.81108254852356,4763350c64296ab3,[],0.0,esp_034268_1795,['val'],1.0,Counter({'val': 1}),val,3d3af0ffc91f037f,True,hirise_clean,0,C:\Users\deves\OneDrive\Desktop\Projects\TCMD-SS\data\raw\hirise_v3_2\map-proj-v3_2\ESP_034268_1795_RED-0136.jpg
map-proj-v3_2/ESP_034268_1795_RED-0139.jpg,ok,,JPEG,227.0,227.0,L,1.0,1.0,normal,other,val,esp_034268_1795_red-0139,[],3765af871257f97f4b85cbae077773b0ed6678d6dc4d2a8142b236eac7ed42f8,b4f17151bb033f43e7e7130fda814f4935a4a6a265341274539eb16b537be4fb,eb2c70c60f6bcc91,182.28304449921404,16.455817734662826,98454cd486e9c579,[],0.0,esp_034268_1795,['val'],1.0,Counter({'val': 1}),val,3d3af0ffc91f037f,True,hirise_clean,0,C:\Users\deves\OneDrive\Desktop\Projects\TCMD-SS\data\raw\hirise_v3_2\map-proj-v3_2\ESP_034268_1795_RED-0139.jpg
map-proj-v3_2/ESP_034268_1795_RED-0143.jpg,ok,,JPEG,227.0,227.0,L,1.0,1.0,normal,other,val,esp_034268_1795_red-0143,[],1d98ed0654a077267ca0050f567aaac549e7688d852984dbd64f92410c410953,73dfe3c60f3a6a93071646d60544dad2c04834f5ae92ff57f69693efe0fb3336,e2858cf639f30cd8,181.6763764094005,13.879691473989215,d0ba648c0ac84ecd,[],0.0,esp_034268_1795,['val'],1.0,Counter({'val': 1}),val,3d3af0ffc91f037f,True,hirise_clean,0,C:\Users\deves\OneDrive\Desktop\Projects\TCMD-SS\data\raw\hirise_v3_2\map-proj-v3_2\ESP_034268_1795_RED-0143.jpg
map-proj-v3_2/ESP_034268_1795_RED-0147.jpg,ok,,JPEG,227.0,227.0,L,1.0,1.0,normal,other,val,esp_034268_1795_red-0147,[],0aa8aaaaca6251441fca8a067ac18a9ee82e0c19d561a9ebfb2fd4185d3f80f3,a7b410f07c268515593711d3782d35a46facedf0e7c0bdcad6a10b52d4a30c31,c4c8b52bde2c055f,182.40105571619864,11.758282619691824,0968bcce2073cf57,[],0.0,esp_034268_1795,['val'],1.0,Counter({'val': 1}),val,3d3af0ffc91f037f,True,hirise_clean,0,C:\Users\deves\OneDrive\Desktop\Projects\TCMD-SS\data\raw\hirise_v3_2\map-proj-v3_2\ESP_034268_1795_RED-0147.jpg
map-proj-v3_2/ESP_034268_1795_RED-0150.jpg,ok,,JPEG,227.0,227.0,L,1.0,1.0,normal,other,val,esp_034268_1795_red-0150,[],76fecc7bffd5b16c6ec14f9e118699000091ec54fb04189e9fde7644b7351ffd,39e10471bf6a87a8b481345c7a93064452996a06e0a90afd1ae9991af41bf788,d2941d34237648ff,182.56762211570185,15.375097256545496,b57cd3a306d39c9b,[],0.0,esp_034268_1795,['val'],1.0,Counter({'val': 1}),val,3d3af0ffc91f037f,True,hirise_clean,0,C:\Users\deves\OneDrive\Desktop\Projects\TCMD-SS\data\raw\hirise_v3_2\map-proj-v3_2\ESP_034268_1795_RED-0150.jpg
map-proj-v3_2/ESP_034268_1795_RED-0154.jpg,ok,,JPEG,227.0,227.0,L,1.0,1.0,normal,other,val,esp_034268_1795_red-0154,[],15379863fd6b1e4057a1ac151e00dceb7e77c275698b01b79fd207dd8dca1ae3,0c3dd74a3b46981da9968eb57d0e607efcbc2d1edc353cfb2c2168810c098cc3,cc6d932e4c3a71e1,177.66166624619146,12.816784853555914,0307838e899e6e98,[],0.0,esp_034268_1795,['val'],1.0,Counter({'val': 1}),val,3d3af0ffc91f037f,True,hirise_clean,0,C:\Users\deves\OneDrive\Desktop\Projects\TCMD-SS\data\raw\hirise_v3_2\map-proj-v3_2\ESP_034268_1795_RED-0154.jpg
map-proj-v3_2/ESP_034268_1795_RED-0160.jpg,ok,,JPEG,227.0,227.0,L,1.0,1.0,normal,other,val,esp_034268_1795_red-0160,[],9c50794492ea225e0e8d8706de3391166ca3fd847224c2f9da3ee7e6ac445c12,0df8aa2afe676f1e368e5172608098e620e1a1c01c299e5a4715156b35daa435,9f2229256a5e569d,178.7091152554872,16.333269658417077,b3d61268949a3eae,[],0.0,esp_034268_1795,['val'],1.0,Counter({'val': 1}),val,3d3af0ffc91f037f,True,hirise_clean,0,C:\Users\deves\OneDrive\Desktop\Projects\TCMD-SS\data\raw\hirise_v3_2\map-proj-v3_2\ESP_034268_1795_RED-0160.jpg
map-proj-v3_2/ESP_034268_1795_RED-0161.jpg,ok,,JPEG,227.0,227.0,L,1.0,1.0,normal,other,val,esp_034268_1795_red-0161,[],5f05c8095817d5453a9c75b618b53a0de8fd762df5ff7be34142b9ede9917732,994228e916f92adc33996ba8fc258e13239fec3e75329247cf580d68ada9f695,e26a1037658ffc8c,183.2106968891304,15.009214286391696,3f7196cd52376d9f,[],0.0,esp_034268_1795,['val'],1.0,Counter({'val': 1}),val,3d3af0ffc91f037f,True,hirise_clean,0,C:\Users\deves\OneDrive\Desktop\Projects\TCMD-SS\data\raw\hirise_v3_2\map-proj-v3_2\ESP_034268_1795_RED-0161.jpg
map-proj-v3_2/ESP_034268_1795_RED-0167.jpg,ok,,JPEG,227.0,227.0,L,1.0,1.0,normal,other,val,esp_034268_1795_red-0167,[],4169900a8aac5aaf28eaf66a6b97f8a9c130a87caba9e101c75968b543e4696c,1fbb0b278235cb67cc15e281fa51fb032b1e7093bef0e3b128ae414ad622c388,dc568232259f96b5,165.77876535543092,13.427291041592657,6bfc0b164b96339c,[],0.0,esp_034268_1795,['val'],1.0,Counter({'val': 1}),val,3d3af0ffc91f037f,True,hirise_clean,0,C:\Users\deves\OneDrive\Desktop\Projects\TCMD-SS\data\raw\hirise_v3_2\map-proj-v3_2\ESP_034268_1795_RED-0167.jpg
map-proj-v3_2/ESP_034268_1795_RED-0174.jpg,ok,,JPEG,227.0,227.0,L,1.0,1.0,normal,other,val,esp_034268_1795_red-0174,[],6b70ecc8130c6a0644957cb36277cbc1104b60a1d4c5a8a4c7cc6bf1288c4307,603500090bc586df376bc39903f0955950eed6bd8c89de4a1e84c5daa203f520,860d75febe6c8920,168.34627103184616,16.461261536179762,68626478bc8d8789,[],0.0,esp_034268_1795,['val'],1.0,Counter({'val': 1}),val,3d3af0ffc91f037f,True,hirise_clean,0,C:\Users\deves\OneDrive\Desktop\Projects\TCMD-SS\data\raw\hirise_v3_2\map-proj-v3_2\ESP_034268_1795_RED-0174.jpg
map-proj-v3_2/ESP_034268_1795_RED-0183.jpg,ok,,JPEG,227.0,227.0,L,1.0,1.0,normal,crater,val,esp_034268_1795_red-0183,[],82bd07b1c42f47d52436877ac76aab258bbab6b676938699647cd27a1b992264,0b80c5d26db9d77fe5dc44180c3b4ca3a7fc28495d55e63c28c3a2d2887abfd7,932cda397364cad8,186.43117467833648,11.839320078138188,7bd7626bc2c3068b,[],1.0,esp_034268_1795,['val'],1.0,Counter({'val': 1}),val,3d3af0ffc91f037f,True,hirise_clean,0,C:\Users\deves\OneDrive\Desktop\Projects\TCMD-SS\data\raw\hirise_v3_2\map-proj-v3_2\ESP_034268_1795_RED-0183.jpg
map-proj-v3_2/ESP_034268_1795_RED-0194.jpg,ok,,JPEG,227.0,227.0,L,1.0,1.0,normal,other,val,esp_034268_1795_red-0194,[],2d12e479abbc992ea07f5139177c1b594460b4e2df64f4288959a2510fca912a,cb4467b217f15ad365c29b5b3576f91a3bfb65bfafb02fef7e6e773948425b7e,a464d93563973533,171.7115798870539,16.22209326950338,3fe2992eb6987cf3,[],0.0,esp_034268_1795,['val'],1.0,Counter({'val': 1}),val,3d3af0ffc91f037f,True,hirise_clean,0,C:\Users\deves\OneDrive\Desktop\Projects\TCMD-SS\data\raw\hirise_v3_2\map-proj-v3_2\ESP_034268_1795_RED-0194.jpg
map-proj-v3_2/ESP_034268_1795_RED-0195.jpg,ok,,JPEG,227.0,227.0,L,1.0,1.0,normal,other,val,esp_034268_1795_red-0195,[],db87bb6be67af1cdf402e0e00c22a2601e2decf5d91a1988e76b8340d619c09b,1bfd4b202d6ac19e277ed629ad80b87b6e0345cca201ec541aa2d7fe92f20c00,f56a902b6a42df31,153.09549962157232,17.004876078462605,05a77f381b0b6633,[],0.0,esp_034268_1795,['val'],1.0,Counter({'val': 1}),val,3d3af0ffc91f037f,True,hirise_clean,0,C:\Users\deves\OneDrive\Desktop\Projects\TCMD-SS\data\raw\hirise_v3_2\map-proj-v3_2\ESP_034268_1795_RED-0195.jpg
map-proj-v3_2/ESP_034268_1795_RED-0207.jpg,ok,,JPEG,227.0,227.0,L,1.0,1.0,normal,crater,val,esp_034268_1795_red-0207,[],43a40ce29df41567dd7dd6a39387a0c430f9a61fd74a52b7957e52956d9f2700,3794d41f2cfbf40210d36ae134d32da09f6d0d9afb8f71d9890d81bfb4c0fb6e,c6c959b62448b1fb,182.14855712317336,14.274964391555418,d25886921e95a30c,[],1.0,esp_034268_1795,['val'],1.0,Counter({'val': 1}),val,3d3af0ffc91f037f,True,hirise_clean,0,C:\Users\deves\OneDrive\Desktop\Projects\TCMD-SS\data\raw\hirise_v3_2\map-proj-v3_2\ESP_034268_1795_RED-0207.jpg
map-proj-v3_2/ESP_034268_1795_RED-0208.jpg,ok,,JPEG,227.0,227.0,L,1.0,1.0,normal,other,val,esp_034268_1795_red-0208,[],67712f7348ca62406b047bf6161da2db80f285d468cefcb487d088e9d8b2d1dc,d82591f4237017a80299f7e540bf7c629242cf22c9116120798f72a91db401ec,ac59987ce193e722,166.21017291234062,16.081061895189286,408ff935e86b84ae,[],0.0,esp_034268_1795,['val'],1.0,Counter({'val': 1}),val,3d3af0ffc91f037f,True,hirise_clean,0,C:\Users\deves\OneDrive\Desktop\Projects\TCMD-SS\data\raw\hirise_v3_2\map-proj-v3_2\ESP_034268_1795_RED-0208.jpg
map-proj-v3_2/ESP_034268_1795_RED-0212.jpg,ok,,JPEG,227.0,227.0,L,1.0,1.0,normal,other,val,esp_034268_1795_red-0212,[],5cbe13651c1c53b4c246dd9df122e869484e4f4ad97f20615f0d62c5b86905f2,dcefbdf2c01f6166a3534d4cc9c7f8a61e4962900072f3695eec7501fee152d4,a667983e66055bf0,161.47365561140327,14.830845462388147,a3ff16cedd4549bc,[],0.0,esp_034268_1795,['val'],1.0,Counter({'val': 1}),val,3d3af0ffc91f037f,True,hirise_clean,0,C:\Users\deves\OneDrive\Desktop\Projects\TCMD-SS\data\raw\hirise_v3_2\map-proj-v3_2\ESP_034268_1795_RED-0212.jpg
map-proj-v3_2/ESP_034268_1795_RED-0223.jpg,ok,,JPEG,227.0,227.0,L,1.0,1.0,normal,other,val,esp_034268_1795_red-0223,[],4c2f2edf9bdae87c6d6f28e524cf35c07f53e6cb676b2cd254c4e3a074899772,edc9854a411a5c02eadffea996a50cfad9cd62065f33aa5b443c6d1d537c6ffe,c79cb823eb6a60c6,179.73438258068273,18.592533582078484,ccc086fc155770ee,[],0.0,esp_034268_1795,['val'],1.0,Counter({'val': 1}),val,3d3af0ffc91f037f,True,hirise_clean,0,C:\Users\deves\OneDrive\Desktop\Projects\TCMD-SS\data\raw\hirise_v3_2\map-proj-v3_2\ESP_034268_1795_RED-0223.jpg
map-proj-v3_2/ESP_034268_1795_RED-0226.jpg,ok,,JPEG,227.0,227.0,L,1.0,1.0,normal,other,val,esp_034268_1795_red-0226,[],c007125aa98cda4a9cc549530b697a5b9e00bf85436935afc7533437e89b9b05,bfb3cb869c05bd3ce3f0c193dd014d54947390f9e1350639d04547405718ee3e,e60519b326cd1bb3,181.99881620058608,13.530298203269252,e57c69fdaa0d02f7,[],0.0,esp_034268_1795,['val'],1.0,Counter({'val': 1}),val,3d3af0ffc91f037f,True,hirise_clean,0,C:\Users\deves\OneDrive\Desktop\Projects\TCMD-SS\data\raw\hirise_v3_2\map-proj-v3_2\ESP_034268_1795_RED-0226.jpg
map-proj-v3_2/ESP_034268_1795_RED-0231.jpg,ok,,JPEG,227.0,227.0,L,1.0,1.0,normal,other,val,esp_034268_1795_red-0231,[],8667e1981a0244b8e1a813d20f5215278bcde20535ac21b23a855190b5fa6020,7019b2323bda27dc1220225a308e22f1dea57a1c3cbb5725aa4078a52dd829ad,fcd1914e075a9267,167.21259873081178,17.98816457337911,cbd721cb991fb217,[],0.0,esp_034268_1795,['val'],1.0,Counter({'val': 1}),val,3d3af0ffc91f037f,True,hirise_clean,0,C:\Users\deves\OneDrive\Desktop\Projects\TCMD-SS\data\raw\hirise_v3_2\map-proj-v3_2\ESP_034268_1795_RED-0231.jpg
map-proj-v3_2/ESP_034268_1795_RED-0233.jpg,ok,,JPEG,227.0,227.0,L,1.0,1.0,normal,other,val,esp_034268_1795_red-0233,[],3150cfb595c5965ffec6790feaa9b202f6398230bdd4a6e7189689b2e1b98acc,37740ae5b82e037138ae6d3938ddd929f4e69b1f06fe25e937b78d0891df0950,c7943aed3962cad0,177.7407091152555,22.46313201143205,b36f722d7dfb4aae,[],0.0,esp_034268_1795,['val'],1.0,Counter({'val': 1}),val,3d3af0ffc91f037f,True,hirise_clean,0,C:\Users\deves\OneDrive\Desktop\Projects\TCMD-SS\data\raw\hirise_v3_2\map-proj-v3_2\ESP_034268_1795_RED-0233.jpg
map-proj-v3_2/ESP_034268_1795_RED-0237.jpg,ok,,JPEG,227.0,227.0,L,1.0,1.0,normal,other,val,esp_034268_1795_red-0237,[],3f5f1c7db057d374c65075899532eeffc5b98fafd731f59fc87b2289248bae0c,f7db0cd56c513d14c2ceb6317e2fb3fa149c1ce29410d308e4ec20e9abf09c29,eec19d1332cf0ac9,174.48914203652313,20.34632809887939,f83b127bd36e13d7,[],0.0,esp_034268_1795,['val'],1.0,Counter({'val': 1}),val,3d3af0ffc91f037f,True,hirise_clean,0,C:\Users\deves\OneDrive\Desktop\Projects\TCMD-SS\data\raw\hirise_v3_2\map-proj-v3_2\ESP_034268_1795_RED-0237.jpg
map-proj-v3_2/ESP_034268_1795_RED-0240.jpg,ok,,JPEG,227.0,227.0,L,1.0,1.0,normal,crater,val,esp_034268_1795_red-0240,[],6ea1ef830bd417458fcc7ecd3084b8a3dcf4d8bdbb13cd4a0bcb827af4c0a26a,6b979beca1f7f5dc16a66d9de108fd38ecf7dea9c943a79a4a82a1601ab3e289,c484343567e96d79,180.27526247355857,16.45675106374428,0865bafe5343e32e,[],1.0,esp_034268_1795,['val'],1.0,Counter({'val': 1}),val,3d3af0ffc91f037f,True,hirise_clean,0,C:\Users\deves\OneDrive\Desktop\Projects\TCMD-SS\data\raw\hirise_v3_2\map-proj-v3_2\ESP_034268_1795_RED-0240.jpg
map-proj-v3_2/ESP_034268_1795_RED-0252.jpg,ok,,JPEG,227.0,227.0,L,1.0,1.0,normal,crater,val,esp_034268_1795_red-0252,[],63994d34e149faa5a181d774bf0718fbcec0243a33e40f8217cdeff86ea61c4a,c3f1de9af60c7acb2114ac66bbca90f9c24228980600b18a397e1ee8d134465d,e9e6a6991932869d,167.79920045023192,12.267227842633858,2aa5afc26572792e,[],1.0,esp_034268_1795,['val'],1.0,Counter({'val': 1}),val,3d3af0ffc91f037f,True,hirise_clean,0,C:\Users\deves\OneDrive\Desktop\Projects\TCMD-SS\data\raw\hirise_v3_2\map-proj-v3_2\ESP_034268_1795_RED-0252.jpg
map-proj-v3_2/ESP_034268_1795_RED-0264.jpg,ok,,JPEG,227.0,227.0,L,1.0,1.0,normal,other,val,esp_034268_1795_red-0264,[],6e62feb80abbaae8fafc8e9da0178c07a3a46878d798d51d406d6d69d742ff39,1357d663d84da9dae58a9c92b0bd7426e8d096544600ab966dc5cc4ba21128f5,8c163b596469dab6,164.42847716819654,12.36111938540494,309347e68986da72,[],0.0,esp_034268_1795,['val'],1.0,Counter({'val': 1}),val,3d3af0ffc91f037f,True,hirise_clean,0,C:\Users\deves\OneDrive\Desktop\Projects\TCMD-SS\data\raw\hirise_v3_2\map-proj-v3_2\ESP_034268_1795_RED-0264.jpg
map-proj-v3_2/ESP_034268_1795_RED-0265.jpg,ok,,JPEG,227.0,227.0,L,1.0,1.0,normal,crater,val,esp_034268_1795_red-0265,[],d19f32c754620b93a47786517148227b1626fd53a2d643d9bb50ab093b7c110f,a4461f0ca4010fc9181ed4c39a6d8cfaa82d3a9f2b0f510e1778b831efb1c3b3,a389c8632f369e1d,169.84443711308197,17.572556914236376,e63192d77cd45036,[],1.0,esp_034268_1795,['val'],1.0,Counter({'val': 1}),val,3d3af0ffc91f037f,True,hirise_clean,0,C:\Users\deves\OneDrive\Desktop\Projects\TCMD-SS\data\raw\hirise_v3_2\map-proj-v3_2\ESP_034268_1795_RED-0265.jpg
map-proj-v3_2/ESP_034268_1795_RED-0267.jpg,ok,,JPEG,227.0,227.0,L,1.0,1.0,normal,other,val,esp_034268_1795_red-0267,[],6277245ad2c6f98fc0f3c5694f7018a827f0a6d8e3a0e075fe0a436c4dea2aa2,0be183ed76a95978aa8d94a24970476a4011ea56b247aa1b80030987212dfef5,cb944a7cb163a64d,173.71582992101534,17.583055692748427,befc0ce25b393b18,[],0.0,esp_034268_1795,['val'],1.0,Counter({'val': 1}),val,3d3af0ffc91f037f,True,hirise_clean,0,C:\Users\deves\OneDrive\Desktop\Projects\TCMD-SS\data\raw\hirise_v3_2\map-proj-v3_2\ESP_034268_1795_RED-0267.jpg
map-proj-v3_2/ESP_034268_1795_RED-0272.jpg,ok,,JPEG,227.0,227.0,L,1.0,1.0,normal,other,val,esp_034268_1795_red-0272,[],fe2c41ab2fcbe325fb758ef5dcd6f7090c0fefa0c761344fe00c1b27edbaf9d6,239877c3a2c83230f288614ec1c28b5699d762db22a941c62643d15ab41b30d6,d5ad6a1261b2cb35,205.95711152943,39.41442390577371,341f730bc45a6762,[],0.0,esp_034268_1795,['val'],1.0,Counter({'val': 1}),val,3d3af0ffc91f037f,True,hirise_clean,0,C:\Users\deves\OneDrive\Desktop\Projects\TCMD-SS\data\raw\hirise_v3_2\map-proj-v3_2\ESP_034268_1795_RED-0272.jpg
map-proj-v3_2/ESP_034268_1795_RED-0273.jpg,ok,,JPEG,227.0,227.0,L,1.0,1.0,normal,other,val,esp_034268_1795_red-0273,[],f0e909f663b09856bb66ccb5e3299f81fe6b616cf98e9907e2c814ffe38b4ac1,5ddf95ba12b86d973e21261ef94a0f5a73fdc1b76c0ffe218c8e500e85b77412,f3ac8c3364499b66,172.15548526072698,12.989397650408744,8415015240dabd0a,[],0.0,esp_034268_1795,['val'],1.0,Counter({'val': 1}),val,3d3af0ffc91f037f,True,hirise_clean,0,C:\Users\deves\OneDrive\Desktop\Projects\TCMD-SS\data\raw\hirise_v3_2\map-proj-v3_2\ESP_034268_1795_RED-0273.jpg
map-proj-v3_2/ESP_034268_1795_RED-0291.jpg,ok,,JPEG,227.0,227.0,L,1.0,1.0,normal,crater,val,esp_034268_1795_red-0291,[],9f7fa28ae4fd19bf034d7df07981ea6a65508734472ffa72fc25b553ad475803,6f135bd5bc7d43f6811b02de71c51a53b8db182a2946f08df1766ddea39f4349,b998c6c97966069b,177.62405635661472,14.283526165270082,fe6167d99515a113,[],1.0,esp_034268_1795,['val'],1.0,Counter({'val': 1}),val,3d3af0ffc91f037f,True,hirise_clean,0,C:\Users\deves\OneDrive\Desktop\Projects\TCMD-SS\data\raw\hirise_v3_2\map-proj-v3_2\ESP_034268_1795_RED-0291.jpg
map-proj-v3_2/ESP_034268_1795_RED-0297.jpg,ok,,JPEG,227.0,227.0,L,1.0,1.0,normal,other,val,esp_034268_1795_red-0297,[],d6b20309bd2f00ad6dd96e6baf40c09da383759939afa9363dc897dba3d81044,e805e129e0d8b60cb2cc9ec270c358076c54cde1e20a57729d31f48178a6d329,9b3665696d605a39,200.81621999262552,19.17751012589623,37ee14df573774bb,[],0.0,esp_034268_1795,['val'],1.0,Counter({'val': 1}),val,3d3af0ffc91f037f,True,hirise_clean,0,C:\Users\deves\OneDrive\Desktop\Projects\TCMD-SS\data\raw\hirise_v3_2\map-proj-v3_2\ESP_034268_1795_RED-0297.jpg
map-proj-v3_2/ESP_034268_1795_RED-0305.jpg,ok,,JPEG,227.0,227.0,L,1.0,1.0,normal,other,val,esp_034268_1795_red-0305,[],e056172d83c0da03cd435ed4c89e41b0b47cb169a9b4d1b4b9ddbb004ec49b3b,0b3a253a237fb34fcd5f085e0770ff40343acf89b6787f6317b8bf76b73804bb,e3cc8d93664c999a,179.3671524772458,14.111668246520626,65828a9e31ebbd23,[],0.0,esp_034268_1795,['val'],1.0,Counter({'val': 1}),val,3d3af0ffc91f037f,True,hirise_clean,0,C:\Users\deves\OneDrive\Desktop\Projects\TCMD-SS\data\raw\hirise_v3_2\map-proj-v3_2\ESP_034268_1795_RED-0305.jpg
map-proj-v3_2/ESP_034268_1795_RED-0311.jpg,ok,,JPEG,227.0,227.0,L,1.0,1.0,normal,crater,val,esp_034268_1795_red-0311,[],f41428d16590f248fb5ec44e9cd87aaef00431c497cbf148516af2dd716f84a5,329a3d79370c322bee31ba80db7913a3beb026e935095659ce293cc46de96d5e,fbc08e68b961f246,180.90046381649168,12.267945371125611,be46df47bf0d37d6,[],1.0,esp_034268_1795,['val'],1.0,Counter({'val': 1}),val,3d3af0ffc91f037f,True,hirise_clean,0,C:\Users\deves\OneDrive\Desktop\Projects\TCMD-SS\data\raw\hirise_v3_2\map-proj-v3_2\ESP_034268_1795_RED-0311.jpg
map-proj-v3_2/ESP_034268_1795_RED-0313.jpg,ok,,JPEG,227.0,227.0,L,1.0,1.0,normal,other,val,esp_034268_1795_red-0313,[],227f5a989e2b6205b5efdd36f6b98c04c7b2e50f1cf1b0f6fd50036b17b8dc9e,c537d166eba8ec389a15ade173d07ae23d1ce162c37bfed3ad745be23603c871,c7dc9932628c99f1,184.08734887150925,13.222181925588504,902d9105f2ea540e,[],0.0,esp_034268_1795,['val'],1.0,Counter({'val': 1}),val,3d3af0ffc91f037f,True,hirise_clean,0,C:\Users\deves\OneDrive\Desktop\Projects\TCMD-SS\data\raw\hirise_v3_2\map-proj-v3_2\ESP_034268_1795_RED-0313.jpg
map-proj-v3_2/ESP_034268_1795_RED-0330.jpg,ok,,JPEG,227.0,227.0,L,1.0,1.0,normal,other,val,esp_034268_1795_red-0330,[],8b2d34565d1b08120a4b28eb9280ec87307615d69c41d08994c37a337091c727,62498a6cb3b2c3a5aeae9476b032cfce4f68cf6d6bf995c0488e3623ca2b265d,9d5554eaaaea624a,193.33086223291735,20.976439770321573,9cb09fbc2dfe71d4,[],0.0,esp_034268_1795,['val'],1.0,Counter({'val': 1}),val,3d3af0ffc91f037f,True,hirise_clean,0,C:\Users\deves\OneDrive\Desktop\Projects\TCMD-SS\data\raw\hirise_v3_2\map-proj-v3_2\ESP_034268_1795_RED-0330.jpg
map-proj-v3_2/ESP_034268_1795_RED-0331.jpg,ok,,JPEG,227.0,227.0,L,1.0,1.0,normal,other,val,esp_034268_1795_red-0331,[],dd2d2de30495991ed0fa4ee868d28b00af6a2759005151643b0f021258fdb989,4c570d02713ba8d23fce2e090cfe3468b898378dc0624762ba410bad64402017,e39fcc2173e003d3,177.20039201226493,15.407491822088769,fc13b95001620136,[],0.0,esp_034268_1795,['val'],1.0,Counter({'val': 1}),val,3d3af0ffc91f037f,True,hirise_clean,0,C:\Users\deves\OneDrive\Desktop\Projects\TCMD-SS\data\raw\hirise_v3_2\map-proj-v3_2\ESP_034268_1795_RED-0331.jpg
map-proj-v3_2/ESP_034268_1795_RED-0332.jpg,ok,,JPEG,227.0,227.0,L,1.0,1.0,normal,other,val,esp_034268_1795_red-0332,[],a2d14b57fbb146bfe47b4d081ca9ba71a04201903b267dfa56abe2abb4597efa,a0b360ee30bdab191a4a71d9f7b18db23ffe78fe6640208e5bcc5f4eb2bddb7f,a7c8893732d7ac1a,177.83836286363018,13.498661941555776,288160febf566f2b,[],0.0,esp_034268_1795,['val'],1.0,Counter({'val': 1}),val,3d3af0ffc91f037f,True,hirise_clean,0,C:\Users\deves\OneDrive\Desktop\Projects\TCMD-SS\data\raw\hirise_v3_2\map-proj-v3_2\ESP_034268_1795_RED-0332.jpg
map-proj-v3_2/ESP_034268_1795_RED-0336.jpg,ok,,JPEG,227.0,227.0,L,1.0,1.0,normal,other,val,esp_034268_1795_red-0336,[],a1814461e7da4c9c3be20b97ed2141b629e3a3305f47106dcfe9eb293a015049,5b1dde6c04ea9387c63dda25a9cb210096bcaa9d0be721e00941a04896653dcf,ca693d003f0efc69,122.80915600923753,81.2889116398176,353a83b1f31854e6,[],0.0,esp_034268_1795,['val'],1.0,Counter({'val': 1}),val,3d3af0ffc91f037f,True,hirise_clean,0,C:\Users\deves\OneDrive\Desktop\Projects\TCMD-SS\data\raw\hirise_v3_2\map-proj-v3_2\ESP_034268_1795_RED-0336.jpg
map-proj-v3_2/ESP_034268_1795_RED-0338.jpg,ok,,JPEG,227.0,227.0,L,1.0,1.0,normal,other,val,esp_034268_1795_red-0338,[],15abadc9c1a8ce0583fb8093f708e00a28c6acc2e31228f1b7e5558762f0bd0f,497f71f470473b1c6e6122faf2aec2a360350c94269244ffd8c043ef634ea245,ca6a3d39086b6b5a,182.08057598633775,23.124077513016044,c39a4a158a23883d,[],0.0,esp_034268_1795,['val'],1.0,Counter({'val': 1}),val,3d3af0ffc91f037f,True,hirise_clean,0,C:\Users\deves\OneDrive\Desktop\Projects\TCMD-SS\data\raw\hirise_v3_2\map-proj-v3_2\ESP_034268_1795_RED-0338.jpg
map-proj-v3_2/ESP_034268_1795_RED-0339.jpg,ok,,JPEG,227.0,227.0,L,1.0,1.0,normal,other,val,esp_034268_1795_red-0339,[],9c38bd6f4820cedbc7549659b48ec819ebd6468f6c646bb0d899e3d848b25804,6c15d21afeb63102f63143551ca102ffb63ef5c7b96073f92862017534021c90,a75a5995225967aa,190.936094238196,14.858120208024276,32804dd10ddb1db2,[],0.0,esp_034268_1795,['val'],1.0,Counter({'val': 1}),val,3d3af0ffc91f037f,True,hirise_clean,0,C:\Users\deves\OneDrive\Desktop\Projects\TCMD-SS\data\raw\hirise_v3_2\map-proj-v3_2\ESP_034268_1795_RED-0339.jpg
map-proj-v3_2/ESP_034268_1795_RED-0341.jpg,ok,,JPEG,227.0,227.0,L,1.0,1.0,normal,other,val,esp_034268_1795_red-0341,[],d1e387b48ec92833d24d309de27d588182fd1221f0bd804caa4d9f0121cb7e03,d2a2ee9cb93490e1018de284d69d702650aa53dc22860526fa97f127f2dbeef1,b3239e6339354ec8,175.14294863086806,15.854122490795046,69fe10fe94d33ef1,[],0.0,esp_034268_1795,['val'],1.0,Counter({'val': 1}),val,3d3af0ffc91f037f,True,hirise_clean,0,C:\Users\deves\OneDrive\Desktop\Projects\TCMD-SS\data\raw\hirise_v3_2\map-proj-v3_2\ESP_034268_1795_RED-0341.jpg
map-proj-v3_2/ESP_034268_1795_RED-0352.jpg,ok,,JPEG,227.0,227.0,L,1.0,1.0,normal,other,val,esp_034268_1795_red-0352,[],96dc406c0773663163d0b4ce7a1bdde0439f969b62d93e7527f9131fd01dccad,410c3a2925b55166bb145fe22c86449a7a82e2da048dc57bda4c707762913b6a,b661993be10e33e4,173.53998719167848,13.63938678625159,f951969fd4117a5f,[],0.0,esp_034268_1795,['val'],1.0,Counter({'val': 1}),val,3d3af0ffc91f037f,True,hirise_clean,0,C:\Users\deves\OneDrive\Desktop\Projects\TCMD-SS\data\raw\hirise_v3_2\map-proj-v3_2\ESP_034268_1795_RED-0352.jpg
map-proj-v3_2/ESP_034268_1795_RED-0353.jpg,ok,,JPEG,227.0,227.0,L,1.0,1.0,normal,other,val,esp_034268_1795_red-0353,[],75c5eea3df4d842daaf44cdd554fca7635588d20636b3e82840033acdbe0bfc3,aa64d28891a6283904d094f01c8385ce82a01e10294b090561dce40405168918,d6525829537666d9,184.14560732791244,19.546201648368047,ee0dedf02eafb425,[],0.0,esp_034268_1795,['val'],1.0,Counter({'val': 1}),val,3d3af0ffc91f037f,True,hirise_clean,0,C:\Users\deves\OneDrive\Desktop\Projects\TCMD-SS\data\raw\hirise_v3_2\map-proj-v3_2\ESP_034268_1795_RED-0353.jpg
map-proj-v3_2/ESP_034268_1795_RED-0359.jpg,ok,,JPEG,227.0,227.0,L,1.0,1.0,normal,other,val,esp_034268_1795_red-0359,[],15d01989a425cca19786acefb0ee399866d45d3ee250627f050a8af0ee85522e,5ba45f97cbf9c8f6abbce6b227f093fef6c3a809556eb1013ad38c04c1702111,d45a89dbce0b8d43,137.67301907663645,63.37195324158317,632aded94d6c1b9d,[],0.0,esp_034268_1795,['val'],1.0,Counter({'val': 1}),val,3d3af0ffc91f037f,True,hirise_clean,0,C:\Users\deves\OneDrive\Desktop\Projects\TCMD-SS\data\raw\hirise_v3_2\map-proj-v3_2\ESP_034268_1795_RED-0359.jpg
map-proj-v3_2/ESP_034268_1795_RED-0360.jpg,ok,,JPEG,227.0,227.0,L,1.0,1.0,normal,slope streak,val,esp_034268_1795_red-0360,[],67d60eb8b0bee63ab632efd155bafb6e6353fd0f926d4cde4f0039a1b956e619,394ede5ea6bc3775282b7d0ebb5c6e33c2012914f3beffc8a7261f20828c8709,884bfd044edd287b,141.81177589318636,18.218932571745142,47247ddc1325751c,[],3.0,esp_034268_1795,['val'],1.0,Counter({'val': 1}),val,3d3af0ffc91f037f,True,hirise_clean,0,C:\Users\deves\OneDrive\Desktop\Projects\TCMD-SS\data\raw\hirise_v3_2\map-proj-v3_2\ESP_034268_1795_RED-0360.jpg
map-proj-v3_2/ESP_034268_1795_RED-0364.jpg,ok,,JPEG,227.0,227.0,L,1.0,1.0,normal,other,val,esp_034268_1795_red-0364,[],84cae722bf678712579ac56806596b6aaa6f900ea959129077621e09feedc705,78d1573ac30fd17d16ffd7c8fb7403b04946081b938f27d1e5e3ba4438194e36,ae2b4a1637f43ca4,135.72528090977897,35.685789041749935,3b7cbc4dc6e2e075,[],0.0,esp_034268_1795,['val'],1.0,Counter({'val': 1}),val,3d3af0ffc91f037f,True,hirise_clean,0,C:\Users\deves\OneDrive\Desktop\Projects\TCMD-SS\data\raw\hirise_v3_2\map-proj-v3_2\ESP_034268_1795_RED-0364.jpg
map-proj-v3_2/ESP_034268_1795_RED-0365.jpg,ok,,JPEG,227.0,227.0,L,1.0,1.0,normal,other,val,esp_034268_1795_red-0365,[],d6a40fad3034c73842edb9565846bb720d82073c0df754f347e2ba4a982e7bb9,690869f2cd5b6b196b1dedd200bb904dfb2e4dea29f982f0d2a7bb5e98a06319,f71497a723ab890a,174.90574239748491,19.735925300795877,cb99defe20b255c0,[],0.0,esp_034268_1795,['val'],1.0,Counter({'val': 1}),val,3d3af0ffc91f037f,True,hirise_clean,0,C:\Users\deves\OneDrive\Desktop\Projects\TCMD-SS\data\raw\hirise_v3_2\map-proj-v3_2\ESP_034268_1795_RED-0365.jpg
map-proj-v3_2/ESP_034268_1795_RED-0366.jpg,ok,,JPEG,227.0,227.0,L,1.0,1.0,normal,crater,val,esp_034268_1795_red-0366,[],fde91ac845e03b089919fc92d9c7400b3be1ed937fa15e80eee3399345007b2c,f4c90e4ec2c877144b6009dab452b172fc262df44d2f509ec09409da7fe62cf6,de85f2e0c50b275c,164.08333171612102,15.03325647234248,36d5bf78553d4475,[],1.0,esp_034268_1795,['val'],1.0,Counter({'val': 1}),val,3d3af0ffc91f037f,True,hirise_clean,0,C:\Users\deves\OneDrive\Desktop\Projects\TCMD-SS\data\raw\hirise_v3_2\map-proj-v3_2\ESP_034268_1795_RED-0366.jpg
map-proj-v3_2/ESP_034268_1795_RED-0369.jpg,ok,,JPEG,227.0,227.0,L,1.0,1.0,normal,crater,val,esp_034268_1795_red-0369,[],9e1483236dd9542d3b014d4dcde1233bd19951fc2a4b989066e27be65c90d1ee,8300b735ad34750dea2d51b0cc1233e2c5d5a752f9356fa30b15ba87c24c1f93,831c5c973376cc99,170.78336470725222,14.147758467492498,a46e471362ad6caa,[],1.0,esp_034268_1795,['val'],1.0,Counter({'val': 1}),val,3d3af0ffc91f037f,True,hirise_clean,0,C:\Users\deves\OneDrive\Desktop\Projects\TCMD-SS\data\raw\hirise_v3_2\map-proj-v3_2\ESP_034268_1795_RED-0369.jpg
map-proj-v3_2/ESP_034268_1795_RED-0371.jpg,ok,,JPEG,227.0,227.0,L,1.0,1.0,normal,crater,val,esp_034268_1795_red-0371,[],91b629f1b7a54ffa0159a24dad87e355c5e73e412afaa19e2f6bcdc463f789b5,09d74ccddb360e6ec0541d5ed3b19e470090fb10f975c422c32816bc84bb2929,b692dbf5660e8123,166.8186264045489,14.363733791141142,ca89634851e6ae7f,[],1.0,esp_034268_1795,['val'],1.0,Counter({'val': 1}),val,3d3af0ffc91f037f,True,hirise_clean,0,C:\Users\deves\OneDrive\Desktop\Projects\TCMD-SS\data\raw\hirise_v3_2\map-proj-v3_2\ESP_034268_1795_RED-0371.jpg
map-proj-v3_2/ESP_034268_1795_RED-0373.jpg,ok,,JPEG,227.0,227.0,L,1.0,1.0,normal,other,val,esp_034268_1795_red-0373,[],e95837b5c31b32d9f0383fb09f1a6f40ea94d44713d84331bb2bfb684cd4f500,a4f8a8e4f5933ee35806b195151bc18c67ec687a7aab7b7cc1188b449d61998d,a2c19a70a6dcb1f3,166.86322265132256,14.16348406831373,983012530a51aee5,[],0.0,esp_034268_1795,['val'],1.0,Counter({'val': 1}),val,3d3af0ffc91f037f,True,hirise_clean,0,C:\Users\deves\OneDrive\Desktop\Projects\TCMD-SS\data\raw\hirise_v3_2\map-proj-v3_2\ESP_034268_1795_RED-0373.jpg
map-proj-v3_2/ESP_034268_1795_RED-0376.jpg,ok,,JPEG,227.0,227.0,L,1.0,1.0,normal,other,val,esp_034268_1795_red-0376,[],fc789f3202b84f6d77a392d12fe6be9c41eb8e3b1b69c5cddcf924a03c8641c6,87c68794a5dd090274f97219105dd8a84dfc390a01b3543800a9eb19fc639d15,d55688712e56aa7c,153.5605387257661,48.102803520816,1e2cd7b78a548db6,[],0.0,esp_034268_1795,['val'],1.0,Counter({'val': 1}),val,3d3af0ffc91f037f,True,hirise_clean,0,C:\Users\deves\OneDrive\Desktop\Projects\TCMD-SS\data\raw\hirise_v3_2\map-proj-v3_2\ESP_034268_1795_RED-0376.jpg
map-proj-v3_2/ESP_034268_1795_RED-0380.jpg,ok,,JPEG,227.0,227.0,L,1.0,1.0,normal,other,val,esp_034268_1795_red-0380,[],a1aa283b65610f8a9ef71fdb3b2fddb5b2cd38b521aa6e396c6e5342462dfc62,6b49136330ff334aefbaf6ae717ab73bb64563a554a517ae48c09b67d2751c40,ba27dca5236846d5,165.65314677172077,12.872110776894576,98111dc427d31e86,[],0.0,esp_034268_1795,['val'],1.0,Counter({'val': 1}),val,3d3af0ffc91f037f,True,hirise_clean,0,C:\Users\deves\OneDrive\Desktop\Projects\TCMD-SS\data\raw\hirise_v3_2\map-proj-v3_2\ESP_034268_1795_RED-0380.jpg
map-proj-v3_2/ESP_034268_1795_RED-0385.jpg,ok,,JPEG,227.0,227.0,L,1.0,1.0,normal,other,val,esp_034268_1795_red-0385,[],126ebd5a768101943f48e4c004c8a9ea41d79d17cef88746da517e777cca8a45,576132b2c4c47fc007fa002807b83908903f004ad0d3259508552463479202ef,f5dc893912d69e28,197.70674765665936,17.993169574289876,e609fbe8bd3ab837,[],0.0,esp_034268_1795,['val'],1.0,Counter({'val': 1}),val,3d3af0ffc91f037f,True,hirise_clean,0,C:\Users\deves\OneDrive\Desktop\Projects\TCMD-SS\data\raw\hirise_v3_2\map-proj-v3_2\ESP_034268_1795_RED-0385.jpg
map-proj-v3_2/ESP_034268_1795_RED-0389.jpg,ok,,JPEG,227.0,227.0,L,1.0,1.0,normal,other,val,esp_034268_1795_red-0389,[],94db886d6777d9cd36d2dd91c0339f3a7a76ddd9800a17b816ff0865ea560dd2,a2703e51c222cd7f8afae7c8cf109f8003854f43a7b621c8c6616aceb49346bd,c4d199f66c993386,190.7026140619845,12.182644642342224,164a275ced8ba6e3,[],0.0,esp_034268_1795,['val'],1.0,Counter({'val': 1}),val,3d3af0ffc91f037f,True,hirise_clean,0,C:\Users\deves\OneDrive\Desktop\Projects\TCMD-SS\data\raw\hirise_v3_2\map-proj-v3_2\ESP_034268_1795_RED-0389.jpg
map-proj-v3_2/ESP_034268_1795_RED-0397.jpg,ok,,JPEG,227.0,227.0,L,1.0,1.0,normal,slope streak,val,esp_034268_1795_red-0397,[],ce7a0b3deb7df6694709c968821d5217c6f62154fb598d452bed68a4186c413a,f02360a2dbd7a0b755a3e7a23d6d7a9f23847fec4cdb6decdc685e4a976c4015,aa051f78373c191f,157.6036406683615,15.942734781439896,15421fd7de28a41b,[],3.0,esp_034268_1795,['val'],1.0,Counter({'val': 1}),val,3d3af0ffc91f037f,True,hirise_clean,0,C:\Users\deves\OneDrive\Desktop\Projects\TCMD-SS\data\raw\hirise_v3_2\map-proj-v3_2\ESP_034268_1795_RED-0397.jpg
map-proj-v3_2/ESP_034268_1795_RED-0400.jpg,ok,,JPEG,227.0,227.0,L,1.0,1.0,normal,crater,val,esp_034268_1795_red-0400,[],292866bd5b96164992b481679668044738cced4810735b71c0c20ef0a0be99e3,22500131d9d1211074f1b123a40bce375ed341daa7c8f8a84fb7eaf3231b5c0a,87605ce179e6cc99,142.5747055056376,75.70606314476123,c0e891e03059f24f,[],1.0,esp_034268_1795,['val'],1.0,Counter({'val': 1}),val,3d3af0ffc91f037f,True,hirise_clean,0,C:\Users\deves\OneDrive\Desktop\Projects\TCMD-SS\data\raw\hirise_v3_2\map-proj-v3_2\ESP_034268_1795_RED-0400.jpg
map-proj-v3_2/ESP_034268_1795_RED-0404.jpg,ok,,JPEG,227.0,227.0,L,1.0,1.0,normal,other,val,esp_034268_1795_red-0404,[],d0546a6c6ca31500b5a19ddd55d185d877cfc7eee67ca5f33c0c62490c3c77ea,38058286c4ffd2293303035e348b193def60fc54f43eef900d7f16e65337f83b,e1b319ccfc4c1333,173.62485202507327,16.240932195027025,f4d8e08c525a0d7f,[],0.0,esp_034268_1795,['val'],1.0,Counter({'val': 1}),val,3d3af0ffc91f037f,True,hirise_clean,0,C:\Users\deves\OneDrive\Desktop\Projects\TCMD-SS\data\raw\hirise_v3_2\map-proj-v3_2\ESP_034268_1795_RED-0404.jpg
map-proj-v3_2/ESP_034268_1795_RED-0407.jpg,ok,,JPEG,227.0,227.0,L,1.0,1.0,normal,slope streak,val,esp_034268_1795_red-0407,[],5b114b1fbdafa9d366ae53cad33132c1e2104afc56bcda9b8006fc4dd68a42ac,195d82fbfcd840dc014606e46256199b8a92b973a26c18fb79c77cea73ab97d6,e5c4973e6099b3a4,193.1072599895205,21.10624507966037,0e3d5df5cc26910f,[],3.0,esp_034268_1795,['val'],1.0,Counter({'val': 1}),val,3d3af0ffc91f037f,True,hirise_clean,0,C:\Users\deves\OneDrive\Desktop\Projects\TCMD-SS\data\raw\hirise_v3_2\map-proj-v3_2\ESP_034268_1795_RED-0407.jpg
map-proj-v3_2/ESP_034268_1795_RED-0408.jpg,ok,,JPEG,227.0,227.0,L,1.0,1.0,normal,other,val,esp_034268_1795_red-0408,[],1f1485057de80d3d559eb3294266219f4b95f87cf2729ff70ef98582b389a88a,eb6add42bbc133c2d033f33d3f990dccf68e82b8b3eb36de179c6d1f43726722,ef97980d69e2c419,169.30833123095732,18.06809128149066,662dd1130a1816b8,[],0.0,esp_034268_1795,['val'],1.0,Counter({'val': 1}),val,3d3af0ffc91f037f,True,hirise_clean,0,C:\Users\deves\OneDrive\Desktop\Projects\TCMD-SS\data\raw\hirise_v3_2\map-proj-v3_2\ESP_034268_1795_RED-0408.jpg
map-proj-v3_2/ESP_034268_1795_RED-0413.jpg,ok,,JPEG,227.0,227.0,L,1.0,1.0,normal,slope streak,val,esp_034268_1795_red-0413,[],1679e8da780ad75753bb3d51d12c4f1325d4c80909de7fef983da04cac4f61f8,03bfb47ee3cfa8ff54a5402333c83b176e01bbeba54baf72d84c999feaa4d1a0,f6a689118d9988df,188.67061266471308,10.886552954797004,62b1862307533c7a,[],3.0,esp_034268_1795,['val'],1.0,Counter({'val': 1}),val,3d3af0ffc91f037f,True,hirise_clean,0,C:\Users\deves\OneDrive\Desktop\Projects\TCMD-SS\data\raw\hirise_v3_2\map-proj-v3_2\ESP_034268_1795_RED-0413.jpg
map-proj-v3_2/ESP_034268_1795_RED-0417.jpg,ok,,JPEG,227.0,227.0,L,1.0,1.0,normal,crater,val,esp_034268_1795_red-0417,[],28ca3f780a5c2fd94037b29dccebf66e6ddc0132b65917c944fddc683c9bfe2c,5de271fbe3110e7c4eed9f2af6b3004821e62bfbd45cdfb14215735b98d3f788,835b9c2cb93366cc,176.52871198742454,17.034093238153037,d8004e350d45310f,[],1.0,esp_034268_1795,['val'],1.0,Counter({'val': 1}),val,3d3af0ffc91f037f,True,hirise_clean,0,C:\Users\deves\OneDrive\Desktop\Projects\TCMD-SS\data\raw\hirise_v3_2\map-proj-v3_2\ESP_034268_1795_RED-0417.jpg
map-proj-v3_2/ESP_034268_1795_RED-0422.jpg,ok,,JPEG,227.0,227.0,L,1.0,1.0,normal,other,val,esp_034268_1795_red-0422,[],134fad5babf23a5b6c63a870c1df221874d33cfc9819eb9fb9065a45168ab8fe,d77bc951498e9b704e014d45ac9d69f780ca901a5dc6a366485d20c8c077e8a3,ad4f968b3ce2c618,171.39973607095033,15.269143312432332,61dc0029fb609b3b,[],0.0,esp_034268_1795,['val'],1.0,Counter({'val': 1}),val,3d3af0ffc91f037f,True,hirise_clean,0,C:\Users\deves\OneDrive\Desktop\Projects\TCMD-SS\data\raw\hirise_v3_2\map-proj-v3_2\ESP_034268_1795_RED-0422.jpg
map-proj-v3_2/ESP_034268_1795_RED-0424.jpg,ok,,JPEG,227.0,227.0,L,1.0,1.0,normal,other,val,esp_034268_1795_red-0424,[],18b8e984c0146cd603ae1b6e78c750ab92b9019c9e619d292d8ea1e398238733,82e0c20ba4b0ae325b7c2838108e9f8a5ad161556c8fd6a7b117fd589c60234e,e63a99e9b3619485,182.42898173843852,14.734362727507868,c1ba7ab685507b2d,[],0.0,esp_034268_1795,['val'],1.0,Counter({'val': 1}),val,3d3af0ffc91f037f,True,hirise_clean,0,C:\Users\deves\OneDrive\Desktop\Projects\TCMD-SS\data\raw\hirise_v3_2\map-proj-v3_2\ESP_034268_1795_RED-0424.jpg
map-proj-v3_2/ESP_034268_1795_RED-0428.jpg,ok,,JPEG,227.0,227.0,L,1.0,1.0,normal,other,val,esp_034268_1795_red-0428,[],0d843ed3bb1ec1ff7921e96d1c41d395552189c14a417228349ddfb6140242c2,0fc15406e262d3765320540331b6c7db54b041eb1aa4dfa070bb55d309ff0644,e4a9db26264c7963,180.10801684488345,13.641972481627912,5b62a6b2263639f7,[],0.0,esp_034268_1795,['val'],1.0,Counter({'val': 1}),val,3d3af0ffc91f037f,True,hirise_clean,0,C:\Users\deves\OneDrive\Desktop\Projects\TCMD-SS\data\raw\hirise_v3_2\map-proj-v3_2\ESP_034268_1795_RED-0428.jpg
map-proj-v3_2/ESP_034268_1795_RED-0430.jpg,ok,,JPEG,227.0,227.0,L,1.0,1.0,normal,crater,val,esp_034268_1795_red-0430,[],55163ed56809f1f8f584c98e1a3141dce069548e61ca46d48361fea5807bb9a7,5020263a665081314cac9d4a66e1e74d37f77ccea4fa1c10b5128b3eca0be66a,ecb532241d2df8f0,184.3627860039977,14.654824531722252,5c78f0fb60239728,[],1.0,esp_034268_1795,['val'],1.0,Counter({'val': 1}),val,3d3af0ffc91f037f,True,hirise_clean,0,C:\Users\deves\OneDrive\Desktop\Projects\TCMD-SS\data\raw\hirise_v3_2\map-proj-v3_2\ESP_034268_1795_RED-0430.jpg
map-proj-v3_2/ESP_034268_1795_RED-0431.jpg,ok,,JPEG,227.0,227.0,L,1.0,1.0,normal,other,val,esp_034268_1795_red-0431,[],5f56584fd551681bdc97283ad648460d50c5d6e12ea1debc83286a60448b23f6,72bbcccf5d03feaab8cfcf26cc95f302fd03f07ddf2f74f8c1fbd0db1eb15ec6,a3f2cc993326ccc9,169.3541306836927,14.0481630956067,f6ca8f57180269d4,[],0.0,esp_034268_1795,['val'],1.0,Counter({'val': 1}),val,3d3af0ffc91f037f,True,hirise_clean,0,C:\Users\deves\OneDrive\Desktop\Projects\TCMD-SS\data\raw\hirise_v3_2\map-proj-v3_2\ESP_034268_1795_RED-0431.jpg
map-proj-v3_2/ESP_034268_1795_RED-0432.jpg,ok,,JPEG,227.0,227.0,L,1.0,1.0,normal,crater,val,esp_034268_1795_red-0432,[],0f2d364ced9ba966809e63bf0b2411355a88b59d85903b2cd23778486b06b8fe,5241b9b80800a56705837c7445ca03c5575f83756910513eb98ec1f2cbfb5d75,894170e28f1b3efc,175.83397698383433,15.435594473957766,87b648d08fed0d69,[],1.0,esp_034268_1795,['val'],1.0,Counter({'val': 1}),val,3d3af0ffc91f037f,True,hirise_clean,0,C:\Users\deves\OneDrive\Desktop\Projects\TCMD-SS\data\raw\hirise_v3_2\map-proj-v3_2\ESP_034268_1795_RED-0432.jpg
map-proj-v3_2/ESP_034268_1795_RED-0434.jpg,ok,,JPEG,227.0,227.0,L,1.0,1.0,normal,crater,val,esp_034268_1795_red-0434,[],3255b451a3759558e2c949697e70d94d2ee9b749e6cdf6e6cf4c2c30af087de9,f5ca70b3de6c18452b94d57298d489e807a66c26d1422c818553ffa60c7ffa4c,b4d8cba32ecc1d31,177.35644006287723,16.336678929585165,549edbec5828af26,[],1.0,esp_034268_1795,['val'],1.0,Counter({'val': 1}),val,3d3af0ffc91f037f,True,hirise_clean,0,C:\Users\deves\OneDrive\Desktop\Projects\TCMD-SS\data\raw\hirise_v3_2\map-proj-v3_2\ESP_034268_1795_RED-0434.jpg
map-proj-v3_2/ESP_034268_1795_RED-0436.jpg,ok,,JPEG,227.0,227.0,L,1.0,1.0,normal,crater,val,esp_034268_1795_red-0436,[],47b5746b473de29d56e6d892e2e0e4543c4a0c6e400e921aad9f480ca9847b1f,6f778cc9f66c11ac0d06420b57246437f0223e4b1c5b4bd5943f1383983e87b0,e696c976a7489a31,179.53342777853248,15.92146708024412,6fa0ce14ec5ec0cd,[],1.0,esp_034268_1795,['val'],1.0,Counter({'val': 1}),val,3d3af0ffc91f037f,True,hirise_clean,0,C:\Users\deves\OneDrive\Desktop\Projects\TCMD-SS\data\raw\hirise_v3_2\map-proj-v3_2\ESP_034268_1795_RED-0436.jpg
map-proj-v3_2/ESP_034268_1795_RED-0439.jpg,ok,,JPEG,227.0,227.0,L,1.0,1.0,normal,crater,val,esp_034268_1795_red-0439,[],5f054ee23d159832c76863d3225fedb02e8ec6eeb33e2d5634bbc1d6dafe5cb9,ecacf9b20c85e80f0e18c88eaa135d0709204a183b934ba53525e9cee09d99f8,a92c2c3b73666c59,153.09014341438802,61.3282669350002,a22a42af9c940fbb,[],1.0,esp_034268_1795,['val'],1.0,Counter({'val': 1}),val,3d3af0ffc91f037f,True,hirise_clean,0,C:\Users\deves\OneDrive\Desktop\Projects\TCMD-SS\data\raw\hirise_v3_2\map-proj-v3_2\ESP_034268_1795_RED-0439.jpg
map-proj-v3_2/ESP_039350_1915_RED-0047.jpg,ok,,JPEG,227.0,227.0,L,1.0,1.0,normal,crater,train,esp_039350_1915_red-0047,[],354aa0b6a2d605f5e0b3630cb00db7e0feb7aa6a9c47c6bfddc145bb70c4d437,b9da4729d440fef034519698a1519e39712a20f567336567dc99e7a98b1fdf71,e369980663d9cc67,160.7564478254963,20.988345638622278,bcfca36940548864,[],1.0,esp_039350_1915,['train'],2.0,Counter({'train': 2}),val,57c12beb5e3347f5,True,hirise_clean,0,C:\Users\deves\OneDrive\Desktop\Projects\TCMD-SS\data\raw\hirise_v3_2\map-proj-v3_2\ESP_039350_1915_RED-0047.jpg
map-proj-v3_2/ESP_039350_1915_RED-0049.jpg,ok,,JPEG,227.0,227.0,L,1.0,1.0,normal,crater,train,esp_039350_1915_red-0049,[],7db637bd61d83751fe989357686e8f04dde26f26cee3c15ba1ac97daf7ac4027,0bca2768ceb7aa293050941df91ff308738fa62f75605fdb813f70daf7244a8b,e926968399bc6633,138.70752391857013,21.52422055146912,d52206038ad6c2d9,[],1.0,esp_039350_1915,['train'],2.0,Counter({'train': 2}),val,57c12beb5e3347f5,True,hirise_clean,0,C:\Users\deves\OneDrive\Desktop\Projects\TCMD-SS\data\raw\hirise_v3_2\map-proj-v3_2\ESP_039350_1915_RED-0049.jpg
map-proj-v3_2/ESP_039350_1915_RED-0109.jpg,ok,,JPEG,227.0,227.0,L,1.0,1.0,normal,impact ejecta,train,esp_039350_1915_red-0109,[],83b8c5b21a00279cb8596cf9f116fc1d7e6d6eb36f5f4bdd5b0a35cac05683a1,f418ac86534c2f38af64008cb6239ef12ac6ae5de2385327f3ef5fa2d922288c,b3d98c3171ce8e31,135.90710085582876,25.91950552745117,019b529b2eb76bdd,[],5.0,esp_039350_1915,['train'],2.0,Counter({'train': 2}),val,57c12beb5e3347f5,True,hirise_clean,0,C:\Users\deves\OneDrive\Desktop\Projects\TCMD-SS\data\raw\hirise_v3_2\map-proj-v3_2\ESP_039350_1915_RED-0109.jpg
map-proj-v3_2/ESP_039350_1915_RED-0118.jpg,ok,,JPEG,227.0,227.0,L,1.0,1.0,normal,crater,train,esp_039350_1915_red-0118,[],295a3af8894fee477967f599bd707a9cb0f59e5c6bf56263131793c6b5086539,0815f0c8d54acd161213264e1f20aca0bcfe8ac43ae47035fc28bb46bc3b20d0,c74229eda492da7a,138.64742184012886,17.509047826973433,bf74688ebd36a8e8,[],1.0,esp_039350_1915,['train'],2.0,Counter({'train': 2}),val,57c12beb5e3347f5,True,hirise_clean,0,C:\Users\deves\OneDrive\Desktop\Projects\TCMD-SS\data\raw\hirise_v3_2\map-proj-v3_2\ESP_039350_1915_RED-0118.jpg
map-proj-v3_2/ESP_039350_1915_RED-0155.jpg,ok,,JPEG,227.0,227.0,L,1.0,1.0,normal,crater,train,esp_039350_1915_red-0155,[],9c866c3ef11a24c6935b2c7bd3d10faa134a2058e4c48a35083ec157063198d8,6358353ebd27d4d210fbf7260338ed9a8dc2573ff6acc908ba156867663077aa,eb2c9e93598c6632,136.60538725766074,15.877255769233336,aca436c8e90304e9,[],1.0,esp_039350_1915,['train'],2.0,Counter({'train': 2}),val,57c12beb5e3347f5,True,hirise_clean,0,C:\Users\deves\OneDrive\Desktop\Projects\TCMD-SS\data\raw\hirise_v3_2\map-proj-v3_2\ESP_039350_1915_RED-0155.jpg
map-proj-v3_2/ESP_039350_1915_RED-0184.jpg,ok,,JPEG,227.0,227.0,L,1.0,1.0,normal,crater,train,esp_039350_1915_red-0184,[],f57d882757fac51ffeec71c74edfd648c059e632a07651999d5224122b4cdd91,c0618ea8d37ba6cf27713820290bb7cdb1a0eafca192f38c652d87de48611930,c6765968a99d3594,135.6042810844379,18.82391581539972,f6941bd9a396eb61,[],1.0,esp_039350_1915,['train'],2.0,Counter({'train': 2}),val,57c12beb5e3347f5,True,hirise_clean,0,C:\Users\deves\OneDrive\Desktop\Projects\TCMD-SS\data\raw\hirise_v3_2\map-proj-v3_2\ESP_039350_1915_RED-0184.jpg
map-proj-v3_2/ESP_039350_1915_RED-0186.jpg,ok,,JPEG,227.0,227.0,L,1.0,1.0,normal,crater,train,esp_039350_1915_red-0186,[],2c4f2b89386f9e122b404aaef99f0c54ae50ab84eaf24df27229d8b632cc71f6,42c142219c250b42ebffca4afb76887bac211c91a8396a55ca99b30065f6a55f,ef2090cde633f11c,130.5928118147063,17.12241830214346,df130c7d11d29abc,[],1.0,esp_039350_1915,['train'],2.0,Counter({'train': 2}),val,57c12beb5e3347f5,True,hirise_clean,0,C:\Users\deves\OneDrive\Desktop\Projects\TCMD-SS\data\raw\hirise_v3_2\map-proj-v3_2\ESP_039350_1915_RED-0186.jpg
map-proj-v3_2/ESP_050128_2025_RED-0027.jpg,ok,,JPEG,227.0,227.0,L,1.0,1.0,normal,crater,train,esp_050128_2025_red-0027,[],e134d0d4b7d92818d5520aeb79652b887d1e08ff4367541932e1003c549c64bb,fd1831e6ac535da960b6565204e4af972d893b36c6ccf2cca7c733ed654e6a18,b32d8c623399cc76,133.02973083118243,15.427383504019613,f13c57f503dcacce,[],1.0,esp_050128_2025,['train'],2.0,Counter({'train': 2}),val,857ae588ac774718,True,hirise_clean,0,C:\Users\deves\OneDrive\Desktop\Projects\TCMD-SS\data\raw\hirise_v3_2\map-proj-v3_2\ESP_050128_2025_RED-0027.jpg
map-proj-v3_2/ESP_050128_2025_RED-0038.jpg,ok,,JPEG,227.0,227.0,L,1.0,1.0,normal,slope streak,train,esp_050128_2025_red-0038,[],c64b6a3e53e6dda18cc0d691da2cb905c2611a26e6f5da7c422e5bc8320c539f,a3eeaefec69102cbe8f80c364ffb455c38eaf59f03ba6e32089785a9b5c66be8,a3ab5caa58ae5a94,147.0294979526092,38.16702847469644,62d4414ad8848928,[],3.0,esp_050128_2025,['train'],2.0,Counter({'train': 2}),val,857ae588ac774718,True,hirise_clean,0,C:\Users\deves\OneDrive\Desktop\Projects\TCMD-SS\data\raw\hirise_v3_2\map-proj-v3_2\ESP_050128_2025_RED-0038.jpg
map-proj-v3_2/ESP_050128_2025_RED-0072.jpg,ok,,JPEG,227.0,227.0,L,1.0,1.0,normal,crater,train,esp_050128_2025_red-0072,[],90ab94c814464ebe9293050367c0d7f13b2aa1bb468650ac5a4cdc978adeba31,07b48011983575a048e105e421a0a6531173145b3156946526b1693d8df03083,e2339d8d6632994d,129.70280812746222,14.497749036247338,f80b1b4371efaef5,[],1.0,esp_050128_2025,['train'],2.0,Counter({'train': 2}),val,857ae588ac774718,True,hirise_clean,0,C:\Users\deves\OneDrive\Desktop\Projects\TCMD-SS\data\raw\hirise_v3_2\map-proj-v3_2\ESP_050128_2025_RED-0072.jpg
map-proj-v3_2/ESP_050128_2025_RED-0074.jpg,ok,,JPEG,227.0,227.0,L,1.0,1.0,normal,crater,train,esp_050128_2025_red-0074,[],132445c696f18a95cb1f359bb39a17b7b9e42e014d7e99e6348d975137b3c0fb,3001250c050759b3e59fba001da18ef5d40c9864df8e2e78bfc6b95d3ebd1555,bcc3c33cccc330cd,129.91032234275843,15.27275011607065,15856925bf9e0123,[],1.0,esp_050128_2025,['train'],2.0,Counter({'train': 2}),val,857ae588ac774718,True,hirise_clean,0,C:\Users\deves\OneDrive\Desktop\Projects\TCMD-SS\data\raw\hirise_v3_2\map-proj-v3_2\ESP_050128_2025_RED-0074.jpg
map-proj-v3_2/PSP_004673_0935_RED-0005.jpg,ok,,JPEG,227.0,227.0,L,1.0,1.0,normal,swiss cheese,test,psp_004673_0935_red-0005,[],5135cfa7a3dd3e4b82f011a65ac7ff83a7898f0e9a3f79d4d0a19f05a9f5d6fb,006e071146227e4646f4ea19c7ba8df4ef51e026de7d8cf6f30affe16b998d15,91cb6230a0fcf3f8,109.98433891595025,17.324412563014032,9fba1f6935d98866,[],6.0,psp_004673_0935,['test'],1.0,Counter({'test': 1}),val,edbfc807a0aec8f6,True,hirise_clean,0,C:\Users\deves\OneDrive\Desktop\Projects\TCMD-SS\data\raw\hirise_v3_2\map-proj-v3_2\PSP_004673_0935_RED-0005.jpg
map-proj-v3_2/PSP_004673_0935_RED-0007.jpg,ok,,JPEG,227.0,227.0,L,1.0,1.0,normal,swiss cheese,test,psp_004673_0935_red-0007,[],3a5dd51fe5d2feb672546901415e46720426a9dd3bc4c9e503c3f684fecdd27f,f8f3bb59a939061a664afb585dcaa29eebaee1405f02ae829ddea5ba2e8cbe4b,cc91d7c7927d504a,110.86283452036716,15.379935727846316,92ff69a8daf32ccd,[],6.0,psp_004673_0935,['test'],1.0,Counter({'test': 1}),val,edbfc807a0aec8f6,True,hirise_clean,0,C:\Users\deves\OneDrive\Desktop\Projects\TCMD-SS\data\raw\hirise_v3_2\map-proj-v3_2\PSP_004673_0935_RED-0007.jpg
map-proj-v3_2/PSP_004673_0935_RED-0009.jpg,ok,,JPEG,227.0,227.0,L,1.0,1.0,normal,swiss cheese,test,psp_004673_0935_red-0009,[],d1ece50253a61b17ead134ec940ea364d0564781e49841f32e8b53f0a7bf8af6,d79f74c1d952ddb6b6f21dbc4acddc6af1562dff0f7b75723188a751643d0afe,dfb368d0a489724d,90.95680102466572,41.76707851664303,2e3644aef9f53c55,[],6.0,psp_004673_0935,['test'],1.0,Counter({'test': 1}),val,edbfc807a0aec8f6,True,hirise_clean,0,C:\Users\deves\OneDrive\Desktop\Projects\TCMD-SS\data\raw\hirise_v3_2\map-proj-v3_2\PSP_004673_0935_RED-0009.jpg
map-proj-v3_2/PSP_004673_0935_RED-0014.jpg,ok,,JPEG,227.0,227.0,L,1.0,1.0,normal,swiss cheese,test,psp_004673_0935_red-0014,[],1fcea16389a74a4cadfa8b2900149faa555c2bc5741bbe61acf83dc0f05cd367,7fde9b883bbab095f1f204aa80ff2c5ef548f2060f25ba757a1b7823b3b9a957,fc07c175dc479388,103.36821983737312,15.373213156571786,c8350f1bb2f0aa96,[],6.0,psp_004673_0935,['test'],1.0,Counter({'test': 1}),val,edbfc807a0aec8f6,True,hirise_clean,0,C:\Users\deves\OneDrive\Desktop\Projects\TCMD-SS\data\raw\hirise_v3_2\map-proj-v3_2\PSP_004673_0935_RED-0014.jpg
map-proj-v3_2/PSP_004673_0935_RED-0017.jpg,ok,,JPEG,227.0,227.0,L,1.0,1.0,normal,swiss cheese,test,psp_004673_0935_red-0017,[],99ded6106e552164cdafd0804d82ddc7b2aa5d76f7ccfdc0480f20aeb9f7ec68,73b650304a75f8ff2b90d885a4c856d9f79493786294ad4cb21c47396cc382e5,f18c76e1fbc4810e,109.87818509965264,14.25717712087654,03d026e7e8fc7ad9,[],6.0,psp_004673_0935,['test'],1.0,Counter({'test': 1}),val,edbfc807a0aec8f6,True,hirise_clean,0,C:\Users\deves\OneDrive\Desktop\Projects\TCMD-SS\data\raw\hirise_v3_2\map-proj-v3_2\PSP_004673_0935_RED-0017.jpg
map-proj-v3_2/PSP_004673_0935_RED-0019.jpg,ok,,JPEG,227.0,227.0,L,1.0,1.0,normal,swiss cheese,test,psp_004673_0935_red-0019,[],e3d721fdeda003292ae928bf01f565c5af0c0c94de3e9f3679bf55f01d962201,4b96881286badf3dd51c23ce8caf1a5b87ec10d98bfe9fc8c876e234a67ae9f6,d75456525a7aca8a,96.38995517087466,23.382587756124074,faeafa2f53f62546,[],6.0,psp_004673_0935,['test'],1.0,Counter({'test': 1}),val,edbfc807a0aec8f6,True,hirise_clean,0,C:\Users\deves\OneDrive\Desktop\Projects\TCMD-SS\data\raw\hirise_v3_2\map-proj-v3_2\PSP_004673_0935_RED-0019.jpg
map-proj-v3_2/PSP_004673_0935_RED-0022.jpg,ok,,JPEG,227.0,227.0,L,1.0,1.0,normal,swiss cheese,test,psp_004673_0935_red-0022,[],ad1ac2067a1a613b0d920f2454f33ddb5691d31e5a5375b84a8eeb7c4d43e19b,c4acc6f184ad56d10909c1341307069755678fa3970bcbbdcf4db7b036680755,dd7c55417d565105,104.7308699955365,15.648856771587,3615e6f0aca26e65,[],6.0,psp_004673_0935,['test'],1.0,Counter({'test': 1}),val,edbfc807a0aec8f6,True,hirise_clean,0,C:\Users\deves\OneDrive\Desktop\Projects\TCMD-SS\data\raw\hirise_v3_2\map-proj-v3_2\PSP_004673_0935_RED-0022.jpg
map-proj-v3_2/PSP_004673_0935_RED-0024.jpg,ok,,JPEG,227.0,227.0,L,1.0,1.0,normal,swiss cheese,test,psp_004673_0935_red-0024,[],f38d10f2438b8f49d59b1a9700a72b6fa22b9fc68f38978080b8bec4a8eb8ac3,c55cf79e3b736798977792105f82c72478424b7a04a863eeaf9567991eadbd3a,dc4e6e2736722a13,79.58462225154767,40.83908468691974,67de88581403be64,[],6.0,psp_004673_0935,['test'],1.0,Counter({'test': 1}),val,edbfc807a0aec8f6,True,hirise_clean,0,C:\Users\deves\OneDrive\Desktop\Projects\TCMD-SS\data\raw\hirise_v3_2\map-proj-v3_2\PSP_004673_0935_RED-0024.jpg
map-proj-v3_2/PSP_004673_0935_RED-0027.jpg,ok,,JPEG,227.0,227.0,L,1.0,1.0,normal,swiss cheese,test,psp_004673_0935_red-0027,[],06b658c0564f557c3694a679eeda125c485d27e6d32d2eb0cf3dec7886b4d20b,83ef584a2dbd92af3b1aa83c26fb1949cbb2a1871b98b30ee280ea1d183ebd66,90e43e0f27986e97,95.994197442217,52.036834999112486,2996356edeae97c9,[],6.0,psp_004673_0935,['test'],1.0,Counter({'test': 1}),val,edbfc807a0aec8f6,True,hirise_clean,0,C:\Users\deves\OneDrive\Desktop\Projects\TCMD-SS\data\raw\hirise_v3_2\map-proj-v3_2\PSP_004673_0935_RED-0027.jpg
map-proj-v3_2/PSP_004673_0935_RED-0033.jpg,ok,,JPEG,227.0,227.0,L,1.0,1.0,normal,swiss cheese,test,psp_004673_0935_red-0033,[],6b3563a5066699212e83cf591d292b421fef341826ef37e630f4770e4208c9e2,cc74919629d038296db3157f56a16cda83897feeb526f135399f5424eee2d712,86f80fe03e80bccf,112.44380834093424,32.652779845720225,a48f4c4142cf1b53,[],6.0,psp_004673_0935,['test'],1.0,Counter({'test': 1}),val,edbfc807a0aec8f6,True,hirise_clean,0,C:\Users\deves\OneDrive\Desktop\Projects\TCMD-SS\data\raw\hirise_v3_2\map-proj-v3_2\PSP_004673_0935_RED-0033.jpg
map-proj-v3_2/PSP_004673_0935_RED-0034.jpg,ok,,JPEG,227.0,227.0,L,1.0,1.0,normal,swiss cheese,test,psp_004673_0935_red-0034,[],7ddcc1e1c3d923f5464e32bd0869cceb2bbeac48a05da3617e222efe6e8f1ae1,7ba45226732066daba3e3390f790a3aeb933d0b471ec87c89c6542c40d5c3c13,f900fb975519c4b8,111.5294494362398,16.953299958561445,b3cab27e80ed0812,[],6.0,psp_004673_0935,['test'],1.0,Counter({'test': 1}),val,edbfc807a0aec8f6,True,hirise_clean,0,C:\Users\deves\OneDrive\Desktop\Projects\TCMD-SS\data\raw\hirise_v3_2\map-proj-v3_2\PSP_004673_0935_RED-0034.jpg
map-proj-v3_2/PSP_004673_0935_RED-0047.jpg,ok,,JPEG,227.0,227.0,L,1.0,1.0,normal,swiss cheese,test,psp_004673_0935_red-0047,[],c94fe69d6ed538dd8f330c2bccede1b828358066b82837b514a47114f1b87b0d,9a8a68a433b9115e2249b0d1c6e828d26d0f6dd4165db06cede048c9e5b7abcf,81e43b0e23d8ee9b,102.66283063905762,52.19886304265986,0a795d199c2f27f4,[],6.0,psp_004673_0935,['test'],1.0,Counter({'test': 1}),val,edbfc807a0aec8f6,True,hirise_clean,0,C:\Users\deves\OneDrive\Desktop\Projects\TCMD-SS\data\raw\hirise_v3_2\map-proj-v3_2\PSP_004673_0935_RED-0047.jpg
map-proj-v3_2/PSP_004673_0935_RED-0049.jpg,ok,,JPEG,227.0,227.0,L,1.0,1.0,normal,swiss cheese,test,psp_004673_0935_red-0049,[],f0fd11b28fb9b75a2979bda173a2eb0b3116043b6a4a571d6279a87695e20c34,b6dafa791b9389195c3aeabd118fa985b947f42d34b6e30b14d2049b2e08af0f,b7cfde064d0ccca0,125.65832831997515,15.485398320615468,781b80417b3f4086,[],6.0,psp_004673_0935,['test'],1.0,Counter({'test': 1}),val,edbfc807a0aec8f6,True,hirise_clean,0,C:\Users\deves\OneDrive\Desktop\Projects\TCMD-SS\data\raw\hirise_v3_2\map-proj-v3_2\PSP_004673_0935_RED-0049.jpg
map-proj-v3_2/PSP_004673_0935_RED-0053.jpg,ok,,JPEG,227.0,227.0,L,1.0,1.0,normal,swiss cheese,test,psp_004673_0935_red-0053,[],65b23d7dbd5c64fb507decdc12765873668289edc31ec79d5fcc94aca8548c3a,1f2e573ec21958ca3354235bbe8714f52b6f17456c5503877378de97000b06fa,83f82d049c66f477,119.0614023171418,15.995061316349508,ffcb21297b97e739,[],6.0,psp_004673_0935,['test'],1.0,Counter({'test': 1}),val,edbfc807a0aec8f6,True,hirise_clean,0,C:\Users\deves\OneDrive\Desktop\Projects\TCMD-SS\data\raw\hirise_v3_2\map-proj-v3_2\PSP_004673_0935_RED-0053.jpg
map-proj-v3_2/PSP_004673_0935_RED-0061.jpg,ok,,JPEG,227.0,227.0,L,1.0,1.0,normal,swiss cheese,test,psp_004673_0935_red-0061,[],0518ca021ce7dc9bc32e3057859f65a2db511144db671bd27f1115f90ee1a1f1,eca51f6e4de14bc277737fc067bcb13553dbf7b44ab7f6286b9b2953e2606fff,80e4378e63b8ee93,107.38619030060742,56.40081461716718,5209a3550e5c1adf,[],6.0,psp_004673_0935,['test'],1.0,Counter({'test': 1}),val,edbfc807a0aec8f6,True,hirise_clean,0,C:\Users\deves\OneDrive\Desktop\Projects\TCMD-SS\data\raw\hirise_v3_2\map-proj-v3_2\PSP_004673_0935_RED-0061.jpg
map-proj-v3_2/PSP_004673_0935_RED-0062.jpg,ok,,JPEG,227.0,227.0,L,1.0,1.0,normal,swiss cheese,test,psp_004673_0935_red-0062,[],9e14997347e7b0f1b9b15d11d258ccea5fbdd45ec8ba7c7b13479d8e5c3ce78d,39a17579a51ad282061e845b71b6d299c83af01c0283525af77dd7eb5ca511da,87cab0d6764ca1e3,125.92184983213336,17.259589359352113,b472b54933c10640,[],6.0,psp_004673_0935,['test'],1.0,Counter({'test': 1}),val,edbfc807a0aec8f6,True,hirise_clean,0,C:\Users\deves\OneDrive\Desktop\Projects\TCMD-SS\data\raw\hirise_v3_2\map-proj-v3_2\PSP_004673_0935_RED-0062.jpg
map-proj-v3_2/PSP_004673_0935_RED-0066.jpg,ok,,JPEG,227.0,227.0,L,1.0,1.0,normal,swiss cheese,test,psp_004673_0935_red-0066,[],3c60bad447592e4b3f353dcd3bdc0a7a03efc0263ab5e916badf9d7521825dd5,8984b771dc381c777a102e593ee94cd110ee4c6bc7c6e49eef4f7cffefdf323e,b53c106b8dd6770a,118.48333947874012,14.641847739709258,3f8c4001d3b42d84,[],6.0,psp_004673_0935,['test'],1.0,Counter({'test': 1}),val,edbfc807a0aec8f6,True,hirise_clean,0,C:\Users\deves\OneDrive\Desktop\Projects\TCMD-SS\data\raw\hirise_v3_2\map-proj-v3_2\PSP_004673_0935_RED-0066.jpg
map-proj-v3_2/PSP_004673_0935_RED-0067.jpg,ok,,JPEG,227.0,227.0,L,1.0,1.0,normal,swiss cheese,test,psp_004673_0935_red-0067,[],4432ecfd9a20d65f6ba886590e8fdb9447b1b7373e1201fa172029020da64f79,509120cf4248f6ee536af2354a27ff056d43b8fba2a763b4ce86dacfc6fbee14,f554565455575554,108.21021172543615,16.05741736942855,261cb94ea6637f91,[],6.0,psp_004673_0935,['test'],1.0,Counter({'test': 1}),val,edbfc807a0aec8f6,True,hirise_clean,0,C:\Users\deves\OneDrive\Desktop\Projects\TCMD-SS\data\raw\hirise_v3_2\map-proj-v3_2\PSP_004673_0935_RED-0067.jpg
map-proj-v3_2/PSP_004673_0935_RED-0070.jpg,ok,,JPEG,227.0,227.0,L,1.0,1.0,normal,swiss cheese,test,psp_004673_0935_red-0070,[],b90f1dbc3bc35ea76e010e65fd73d722c54a5b5882557c353847729bd1f34a04,fc7a2abef4c6519af54f3387975d13552239ebeb564e763cb6a237a3d7ca7477,f96ae4bc418b1369,121.7290457800462,14.774822700949588,57f4c668a1f03c51,[],6.0,psp_004673_0935,['test'],1.0,Counter({'test': 1}),val,edbfc807a0aec8f6,True,hirise_clean,0,C:\Users\deves\OneDrive\Desktop\Projects\TCMD-SS\data\raw\hirise_v3_2\map-proj-v3_2\PSP_004673_0935_RED-0070.jpg
map-proj-v3_2/PSP_004673_0935_RED-0071.jpg,ok,,JPEG,227.0,227.0,L,1.0,1.0,normal,swiss cheese,test,psp_004673_0935_red-0071,[],6ececbe01dd64c05e53b600695951785ae636a0c35a4c9097e84149e70cf95fe,a5f10c20cbad1925e66f6732a22768bd51c066de95a743a067f60ee7eee74da6,80ffd900ff029bd8,129.00671466552814,17.0202681463939,b77df6b3bc55a367,[],6.0,psp_004673_0935,['test'],1.0,Counter({'test': 1}),val,edbfc807a0aec8f6,True,hirise_clean,0,C:\Users\deves\OneDrive\Desktop\Projects\TCMD-SS\data\raw\hirise_v3_2\map-proj-v3_2\PSP_004673_0935_RED-0071.jpg
map-proj-v3_2/PSP_004673_0935_RED-0072.jpg,ok,,JPEG,227.0,227.0,L,1.0,1.0,normal,swiss cheese,test,psp_004673_0935_red-0072,[],5e0102be398f7755885900fb648e2315ca742044a72f5e9d3a63bc8c67eece6d,7fe167aca1868bb34d294f06eaa9c94d9612c51359fb35ddc78c297fa4228eb7,83cd3306997378ce,121.07768441072018,13.184759317811746,197d0b9fef26a906,[],6.0,psp_004673_0935,['test'],1.0,Counter({'test': 1}),val,edbfc807a0aec8f6,True,hirise_clean,0,C:\Users\deves\OneDrive\Desktop\Projects\TCMD-SS\data\raw\hirise_v3_2\map-proj-v3_2\PSP_004673_0935_RED-0072.jpg
map-proj-v3_2/PSP_004673_0935_RED-0074.jpg,ok,,JPEG,227.0,227.0,L,1.0,1.0,normal,swiss cheese,test,psp_004673_0935_red-0074,[],b46a9faf18f7f5946c0726e8d6db79401fad1bb876a027d3bb12394ef170f015,473222ccf29a2d5f1d430c1f061ed78192c02653ef4e59168a05d5306def30c8,d64f682636522b79,85.46585417920006,42.86697201673936,d9ffb5dffcdd3119,[],6.0,psp_004673_0935,['test'],1.0,Counter({'test': 1}),val,edbfc807a0aec8f6,True,hirise_clean,0,C:\Users\deves\OneDrive\Desktop\Projects\TCMD-SS\data\raw\hirise_v3_2\map-proj-v3_2\PSP_004673_0935_RED-0074.jpg
map-proj-v3_2/PSP_004673_0935_RED-0078.jpg,ok,,JPEG,227.0,227.0,L,1.0,1.0,normal,swiss cheese,test,psp_004673_0935_red-0078,[],90af08498ae4bb1fc8bed67440b40cfb13253a270515247e91021b4ba509a1fb,daefdba856bb323f4bc6b99e39ad4bf19871124dbe96265bf4624a46f0f6860b,86ca75bb4f1701b4,84.85920549593433,60.029832986392506,cd3be811f52868dd,[],6.0,psp_004673_0935,['test'],1.0,Counter({'test': 1}),val,edbfc807a0aec8f6,True,hirise_clean,0,C:\Users\deves\OneDrive\Desktop\Projects\TCMD-SS\data\raw\hirise_v3_2\map-proj-v3_2\PSP_004673_0935_RED-0078.jpg
map-proj-v3_2/PSP_004673_0935_RED-0083.jpg,ok,,JPEG,227.0,227.0,L,1.0,1.0,normal,swiss cheese,test,psp_004673_0935_red-0083,[],afdc051e0733e72baa12c4aca7897cd0784a7f71df8fe07d5549435877f265ef,73293f2c9f7b84fe00178bd1b65bdf901233186be52bdb07df17ed220cf8dc97,80c9759f079348fe,102.1746201168274,63.64580659406584,8ac56aa2b336c8c6,[],6.0,psp_004673_0935,['test'],1.0,Counter({'test': 1}),val,edbfc807a0aec8f6,True,hirise_clean,0,C:\Users\deves\OneDrive\Desktop\Projects\TCMD-SS\data\raw\hirise_v3_2\map-proj-v3_2\PSP_004673_0935_RED-0083.jpg
map-proj-v3_2/PSP_004673_0935_RED-0087.jpg,ok,,JPEG,227.0,227.0,L,1.0,1.0,normal,swiss cheese,test,psp_004673_0935_red-0087,[],2be3fb396227cb76c6293baf879d0e4b7a249fe001fca19e389a90016629ae7b,4d582bcb6573d05e995b8f25f1c0792558552e59853cefad35146c0568a05cf2,c149e4d32b6db4e2,130.8189369093132,15.45813074833705,b0aaca5917762228,[],6.0,psp_004673_0935,['test'],1.0,Counter({'test': 1}),val,edbfc807a0aec8f6,True,hirise_clean,0,C:\Users\deves\OneDrive\Desktop\Projects\TCMD-SS\data\raw\hirise_v3_2\map-proj-v3_2\PSP_004673_0935_RED-0087.jpg
map-proj-v3_2/PSP_004673_0935_RED-0091.jpg,ok,,JPEG,227.0,227.0,L,1.0,1.0,normal,swiss cheese,test,psp_004673_0935_red-0091,[],4763c131893daf5fe2708cdf927216c42321d2a4ce7b583750a93818475302fe,e537f93fd9e0e727eb41e7df771cdd3c60a35b12e83278c3c6c87aba40b4cea2,dca9a204fafb710c,128.52486949096624,13.3639909511809,a57438a7bf2c294a,[],6.0,psp_004673_0935,['test'],1.0,Counter({'test': 1}),val,edbfc807a0aec8f6,True,hirise_clean,0,C:\Users\deves\OneDrive\Desktop\Projects\TCMD-SS\data\raw\hirise_v3_2\map-proj-v3_2\PSP_004673_0935_RED-0091.jpg
map-proj-v3_2/PSP_004673_0935_RED-0095.jpg,ok,,JPEG,227.0,227.0,L,1.0,1.0,normal,swiss cheese,test,psp_004673_0935_red-0095,[],b1b2ed05cea2a96af4bb985dccef680e9ea224e1572da823ba46718eec6beed1,7b5dad1050f5c27a7778f5326c9ff7b2588c0d6d12ce89b612854ff973918311,84f31ec3788f01de,122.3096120631101,45.09392701104743,732e8f6b138b22d8,['group_label_conflict'],6.0,psp_004673_0935,['test'],1.0,Counter({'test': 1}),val,edbfc807a0aec8f6,True,hirise_clean,0,C:\Users\deves\OneDrive\Desktop\Projects\TCMD-SS\data\raw\hirise_v3_2\map-proj-v3_2\PSP_004673_0935_RED-0095.jpg
map-proj-v3_2/PSP_004673_0935_RED-0097.jpg,ok,,JPEG,227.0,227.0,L,1.0,1.0,normal,swiss cheese,test,psp_004673_0935_red-0097,[],cbbf2b419386a1751fd545e8fe8fec37de11486a3e855bfa5d2cb13efd60b98c,e590058493f1ad0b00673ba371b1ad4782bd831d9a5d5d0b441a31335e8a01e9,90e43b0f23d86e9b,112.8480661375148,57.651164146700346,0a795d199c2f27f4,[],6.0,psp_004673_0935,['test'],1.0,Counter({'test': 1}),val,edbfc807a0aec8f6,True,hirise_clean,0,C:\Users\deves\OneDrive\Desktop\Projects\TCMD-SS\data\raw\hirise_v3_2\map-proj-v3_2\PSP_004673_0935_RED-0097.jpg
map-proj-v3_2/PSP_004673_0935_RED-0099.jpg,ok,,JPEG,227.0,227.0,L,1.0,1.0,normal,swiss cheese,test,psp_004673_0935_red-0099,[],51e4721635f10e7f097e50411874f6de84e3d97473e643d22adff796aa384e15,9c30c290db1c617ef988e670d5f31a3e2066ba8abadb20324bf1a68966c683a2,c47f00ff00ff01f8,138.1886898639601,21.605714350456985,5fea7ae265007cdd,[],6.0,psp_004673_0935,['test'],1.0,Counter({'test': 1}),val,edbfc807a0aec8f6,True,hirise_clean,0,C:\Users\deves\OneDrive\Desktop\Projects\TCMD-SS\data\raw\hirise_v3_2\map-proj-v3_2\PSP_004673_0935_RED-0099.jpg
map-proj-v3_2/PSP_004673_0935_RED-0100.jpg,ok,,JPEG,227.0,227.0,L,1.0,1.0,normal,swiss cheese,test,psp_004673_0935_red-0100,[],a5538bf56c7292aeb65f93e26c233286c7cf6c359975373ffd20a8e9343e19dc,1a2bd868bb9ba9e7975b3c796742e00e66dbcfb06ad14dcb05309938bb4be140,d55556555e52724a,118.26053290380176,22.530746174860585,945f817155dafea2,[],6.0,psp_004673_0935,['test'],1.0,Counter({'test': 1}),val,edbfc807a0aec8f6,True,hirise_clean,0,C:\Users\deves\OneDrive\Desktop\Projects\TCMD-SS\data\raw\hirise_v3_2\map-proj-v3_2\PSP_004673_0935_RED-0100.jpg
map-proj-v3_2/PSP_004673_0935_RED-0108.jpg,ok,,JPEG,227.0,227.0,L,1.0,1.0,normal,swiss cheese,test,psp_004673_0935_red-0108,[],6c1500ef1d3233d2e56921b5de537bb66064a7cbc7e08d0b2837ed736eb03ea5,7cd03411330c7ae0c5d44ef8f3a43c0f86d22359ce12058f5cce9a6e0b967b0c,b89363b1d8566a0f,138.72440761512934,15.99421538617305,baffa29f62b0386f,[],6.0,psp_004673_0935,['test'],1.0,Counter({'test': 1}),val,edbfc807a0aec8f6,True,hirise_clean,0,C:\Users\deves\OneDrive\Desktop\Projects\TCMD-SS\data\raw\hirise_v3_2\map-proj-v3_2\PSP_004673_0935_RED-0108.jpg
map-proj-v3_2/PSP_004673_0935_RED-0111.jpg,ok,,JPEG,227.0,227.0,L,1.0,1.0,normal,swiss cheese,test,psp_004673_0935_red-0111,[],365590af0be2a1f253c3c95f887f38353b7191630755f7ffb68b140e32eddbce,aa7d7af8a01470b3400d8a5e8a0dfc19d5aa10c8f724db2f4e20065098f7fd0d,c59dca4661a6bb58,133.24097110365037,14.090727483597783,914d2ad63e6bade8,[],6.0,psp_004673_0935,['test'],1.0,Counter({'test': 1}),val,edbfc807a0aec8f6,True,hirise_clean,0,C:\Users\deves\OneDrive\Desktop\Projects\TCMD-SS\data\raw\hirise_v3_2\map-proj-v3_2\PSP_004673_0935_RED-0111.jpg
map-proj-v3_2/PSP_004673_0935_RED-0114.jpg,ok,,JPEG,227.0,227.0,L,1.0,1.0,normal,swiss cheese,test,psp_004673_0935_red-0114,[],d015c923f5376f08eb6a1c6ea8d9e98d804fab81603276a93c33b48a5cfcb065,e4b61e7dbe1d9e99771519551d4df0b2755ae5a725d6ad310b55417c1a43627d,81ff02fc0fe0bf20,134.33006656445886,29.83884348179255,7af564caf0109b5b,[],6.0,psp_004673_0935,['test'],1.0,Counter({'test': 1}),val,edbfc807a0aec8f6,True,hirise_clean,0,C:\Users\deves\OneDrive\Desktop\Projects\TCMD-SS\data\raw\hirise_v3_2\map-proj-v3_2\PSP_004673_0935_RED-0114.jpg
map-proj-v3_2/PSP_004673_0935_RED-0126.jpg,ok,,JPEG,227.0,227.0,L,1.0,1.0,normal,swiss cheese,test,psp_004673_0935_red-0126,[],6f897b788c4e3775898fd3ed9d45457628464fb5c9565156e5ccf67a75682b4c,254575b33f7dff9ba50d125f5b16a032750154f45b75f066fb7a59cee2fd21c0,f3a09c5a81c00fff,136.99272254458654,14.656196510642056,632b4f84b030e457,[],6.0,psp_004673_0935,['test'],1.0,Counter({'test': 1}),val,edbfc807a0aec8f6,True,hirise_clean,0,C:\Users\deves\OneDrive\Desktop\Projects\TCMD-SS\data\raw\hirise_v3_2\map-proj-v3_2\PSP_004673_0935_RED-0126.jpg
map-proj-v3_2/PSP_004673_0935_RED-0127.jpg,ok,,JPEG,227.0,227.0,L,1.0,1.0,normal,swiss cheese,test,psp_004673_0935_red-0127,[],2cb11f3d4eb1f1eba901edd1b81a32915e8173ffde66bcb87a3777315cde0859,250e139da6efca848f74c0989b89dd1a3c499dc6cfc1ada2e39dd6900e63f500,fd936738882abc15,148.70453531021366,17.44910651278813,e42f2199485a17a1,[],6.0,psp_004673_0935,['test'],1.0,Counter({'test': 1}),val,edbfc807a0aec8f6,True,hirise_clean,0,C:\Users\deves\OneDrive\Desktop\Projects\TCMD-SS\data\raw\hirise_v3_2\map-proj-v3_2\PSP_004673_0935_RED-0127.jpg
map-proj-v3_2/PSP_004673_0935_RED-0129.jpg,ok,,JPEG,227.0,227.0,L,1.0,1.0,normal,swiss cheese,test,psp_004673_0935_red-0129,[],4a1e9eb9a6bf22bb1ce47ddc2779648beda3f62d62e4179f600801d3d11987a5,3d95c9bd215673b19f8492be474fb52b2bbf5fc7dd9aee005710a7ffc6a9f04f,de22121d4dd55f2c,146.99687554580916,18.319238259877142,37bc4dea4d73bce3,[],6.0,psp_004673_0935,['test'],1.0,Counter({'test': 1}),val,edbfc807a0aec8f6,True,hirise_clean,0,C:\Users\deves\OneDrive\Desktop\Projects\TCMD-SS\data\raw\hirise_v3_2\map-proj-v3_2\PSP_004673_0935_RED-0129.jpg
map-proj-v3_2/PSP_004673_0935_RED-0134.jpg,ok,,JPEG,227.0,227.0,L,1.0,1.0,normal,swiss cheese,test,psp_004673_0935_red-0134,[],33c866fe4286c4d75ae3259be7094b13d534f00d3e239e3c9a2b624ebe62ba0a,07ef92abf4370ebcc508866ddd7607992a1c9f34c8bb7d77ce031bbc5dd93510,cd0603130b0f5f7f,147.5397155000097,23.8800674492913,51f7d2250e99d2f8,[],6.0,psp_004673_0935,['test'],1.0,Counter({'test': 1}),val,edbfc807a0aec8f6,True,hirise_clean,0,C:\Users\deves\OneDrive\Desktop\Projects\TCMD-SS\data\raw\hirise_v3_2\map-proj-v3_2\PSP_004673_0935_RED-0134.jpg
map-proj-v3_2/PSP_004673_0935_RED-0136.jpg,ok,,JPEG,227.0,227.0,L,1.0,1.0,normal,swiss cheese,test,psp_004673_0935_red-0136,[],a9de79c28166ad2e176c1de88b539bfa06c58efb1a857d191c0df635b2968d80,6671b436839c25ade23b47509ef2b14bd6c78930ad8049d746a9936c10d0ecbc,85fa07e01f817ca7,135.7630848648334,39.10216921714534,d7fc03053f24d455,[],6.0,psp_004673_0935,['test'],1.0,Counter({'test': 1}),val,edbfc807a0aec8f6,True,hirise_clean,0,C:\Users\deves\OneDrive\Desktop\Projects\TCMD-SS\data\raw\hirise_v3_2\map-proj-v3_2\PSP_004673_0935_RED-0136.jpg
map-proj-v3_2/PSP_004673_0935_RED-0138.jpg,ok,,JPEG,227.0,227.0,L,1.0,1.0,normal,swiss cheese,test,psp_004673_0935_red-0138,[],15914e00bb200bec888283ef5653c188d1973e29340e409f3663b9f62a57b8e5,cecda338ecb3cf1b53cc4f993d45ce549b64788f01deab0c92ca84e21c51a5c8,8203030f0f3f7f7c,141.28147256884472,34.191753481922994,e82eaa4cd53bd331,[],6.0,psp_004673_0935,['test'],1.0,Counter({'test': 1}),val,edbfc807a0aec8f6,True,hirise_clean,0,C:\Users\deves\OneDrive\Desktop\Projects\TCMD-SS\data\raw\hirise_v3_2\map-proj-v3_2\PSP_004673_0935_RED-0138.jpg
map-proj-v3_2/PSP_004673_0935_RED-0140.jpg,ok,,JPEG,227.0,227.0,L,1.0,1.0,normal,swiss cheese,test,psp_004673_0935_red-0140,[],4b591a77e3fe89d8835c86dfe45f438263b5f58a2489f5c90c7e7ce2cdafd030,a78ac3ad9f7ef46401ba442bb9013a2f5b02dd752bb99f848e0adf3cf5685141,811a3b7263076eee,118.43420209978846,58.31226916492873,7d75db204701a41d,[],6.0,psp_004673_0935,['test'],1.0,Counter({'test': 1}),val,edbfc807a0aec8f6,True,hirise_clean,0,C:\Users\deves\OneDrive\Desktop\Projects\TCMD-SS\data\raw\hirise_v3_2\map-proj-v3_2\PSP_004673_0935_RED-0140.jpg
map-proj-v3_2/PSP_004673_0935_RED-0143.jpg,ok,,JPEG,227.0,227.0,L,1.0,1.0,normal,swiss cheese,test,psp_004673_0935_red-0143,[],2625f6897a8377af74f9ed1b60416480b0ace0d7708591b77c19a7613694e803,6fa55e3bcc597fdbb7bff0c79cba2eaf1fa2523ee98461c08b1de16a5cf93464,e474eb999bcc6424,132.791204952551,12.807165692056904,3bf82fb9685077e7,[],6.0,psp_004673_0935,['test'],1.0,Counter({'test': 1}),val,edbfc807a0aec8f6,True,hirise_clean,0,C:\Users\deves\OneDrive\Desktop\Projects\TCMD-SS\data\raw\hirise_v3_2\map-proj-v3_2\PSP_004673_0935_RED-0143.jpg
map-proj-v3_2/PSP_004673_0935_RED-0144.jpg,ok,,JPEG,227.0,227.0,L,1.0,1.0,normal,swiss cheese,test,psp_004673_0935_red-0144,[],634e39491b4840e46343205eb94f1481b7605746b094f55421eec9593320a87f,5c91c163d77f20c7be81780a041c453ef048aa3ebfee48ea70bb3322a3cc4fe7,f67b890a66399d44,132.01542820547652,12.452971350659904,8568d1a8b72730d1,[],6.0,psp_004673_0935,['test'],1.0,Counter({'test': 1}),val,edbfc807a0aec8f6,True,hirise_clean,0,C:\Users\deves\OneDrive\Desktop\Projects\TCMD-SS\data\raw\hirise_v3_2\map-proj-v3_2\PSP_004673_0935_RED-0144.jpg
map-proj-v3_2/PSP_006921_1830_RED-0010.jpg,ok,,JPEG,227.0,227.0,L,1.0,1.0,normal,other,test,psp_006921_1830_red-0010,[],1560e014bfdb77a88f08bf477518db1e92be2828b918fb40729630a5cd3b0947,4fab75b3790f8e92ad70bff5a4955d4b8524216bd3d98ccb5584636b76f35620,eea839f48579d806,93.69267790952668,58.8250270556328,ba92015c1d71f3a3,[],0.0,psp_006921_1830,['test'],1.0,Counter({'test': 1}),val,ad1e0696aedbbf07,True,hirise_clean,0,C:\Users\deves\OneDrive\Desktop\Projects\TCMD-SS\data\raw\hirise_v3_2\map-proj-v3_2\PSP_006921_1830_RED-0010.jpg
map-proj-v3_2/PSP_006921_1830_RED-0012.jpg,ok,,JPEG,227.0,227.0,L,1.0,1.0,normal,crater,test,psp_006921_1830_red-0012,[],18a3da7bd09163ddb2fdf21e43a905d2f824b5d425753c79e58984d2a12aa9c0,697d72e29c6517a9dffcdc38b9aaf7e9cdf17e6ac2094e1f4261889350736175,f9e360c10b7f8463,87.97547012361971,45.84141413549012,5869e11cf8286fe6,[],1.0,psp_006921_1830,['test'],1.0,Counter({'test': 1}),val,ad1e0696aedbbf07,True,hirise_clean,0,C:\Users\deves\OneDrive\Desktop\Projects\TCMD-SS\data\raw\hirise_v3_2\map-proj-v3_2\PSP_006921_1830_RED-0012.jpg
map-proj-v3_2/PSP_006921_1830_RED-0017.jpg,ok,,JPEG,227.0,227.0,L,1.0,1.0,normal,other,test,psp_006921_1830_red-0017,[],b37d9dacdb29e3bacf3c9031b53f1c20bc33ee4634fc73d6ca8449a41cda9bd7,886b6a2f460631e07eff8aea947c00f21d57760e4e4740a26700b6d49339d944,8c4e355a9559f4a9,136.09685807991616,14.695127734080588,27d32bfa3fa62bb4,[],0.0,psp_006921_1830,['test'],1.0,Counter({'test': 1}),val,ad1e0696aedbbf07,True,hirise_clean,0,C:\Users\deves\OneDrive\Desktop\Projects\TCMD-SS\data\raw\hirise_v3_2\map-proj-v3_2\PSP_006921_1830_RED-0017.jpg
map-proj-v3_2/PSP_006921_1830_RED-0019.jpg,ok,,JPEG,227.0,227.0,L,1.0,1.0,normal,other,test,psp_006921_1830_red-0019,[],4c6a8dac31fef731efe1bfcc04942e573cefc8ef044e4ee779e699a5fb44c98d,4e9a3783639edb57355b5b06bad35ca6d58472a924df736265a25aa9194bf5d2,8ecd11364cb569a7,144.098468823381,13.903695324697262,08d197738f697686,[],0.0,psp_006921_1830,['test'],1.0,Counter({'test': 1}),val,ad1e0696aedbbf07,True,hirise_clean,0,C:\Users\deves\OneDrive\Desktop\Projects\TCMD-SS\data\raw\hirise_v3_2\map-proj-v3_2\PSP_006921_1830_RED-0019.jpg
map-proj-v3_2/PSP_006921_1830_RED-0031.jpg,ok,,JPEG,227.0,227.0,L,1.0,1.0,normal,crater,test,psp_006921_1830_red-0031,[],70b11ce12f3deee77f7e56a9ce92e27467efa6a861aa00471d2b5a610711187d,6b0ea01f5c5ec744747795b71db289a51eeb410d89e4c6f5bdefb64c67338cbc,92e6cd1272eb8996,148.06254730346018,15.056358387274836,6df09d0f008b340b,[],1.0,psp_006921_1830,['test'],1.0,Counter({'test': 1}),val,ad1e0696aedbbf07,True,hirise_clean,0,C:\Users\deves\OneDrive\Desktop\Projects\TCMD-SS\data\raw\hirise_v3_2\map-proj-v3_2\PSP_006921_1830_RED-0031.jpg
map-proj-v3_2/PSP_006921_1830_RED-0034.jpg,ok,,JPEG,227.0,227.0,L,1.0,1.0,normal,crater,test,psp_006921_1830_red-0034,[],c8bc84f0262b1a3e0f6e13da60e69590da3d5549a6149b11ca081f82678a5431,83c9aa2f4f6df5a7ac773ce3786c71f5185d83798281e258317f8fb134624997,807fc7cd993a845c,120.10570746569891,33.90419908829796,b8580fbe2b48f975,[],1.0,psp_006921_1830,['test'],1.0,Counter({'test': 1}),val,ad1e0696aedbbf07,True,hirise_clean,0,C:\Users\deves\OneDrive\Desktop\Projects\TCMD-SS\data\raw\hirise_v3_2\map-proj-v3_2\PSP_006921_1830_RED-0034.jpg
map-proj-v3_2/PSP_006921_1830_RED-0036.jpg,ok,,JPEG,227.0,227.0,L,1.0,1.0,normal,other,test,psp_006921_1830_red-0036,[],41060d36304057f9df203e401e857584766b24d457e2590c2afd8ecb8553d3ba,f598c98d7314a06fc338d7d09f4d828127ab5df191c15647e85a2d85ff51f85a,80fe1fb065895bb2,131.0756467232044,39.603869478796994,da02cf61f0bde53d,[],0.0,psp_006921_1830,['test'],1.0,Counter({'test': 1}),val,ad1e0696aedbbf07,True,hirise_clean,0,C:\Users\deves\OneDrive\Desktop\Projects\TCMD-SS\data\raw\hirise_v3_2\map-proj-v3_2\PSP_006921_1830_RED-0036.jpg
map-proj-v3_2/PSP_006921_1830_RED-0047.jpg,ok,,JPEG,227.0,227.0,L,1.0,1.0,normal,other,test,psp_006921_1830_red-0047,[],c7441d7d347cc3e7db522399649a72e82e7a3359769bc01c273c3aa991b38e85,15de24621ae2fc32a1e1d0927816aa6a42ab6f593b40d942bdbb686e17254eb0,9dd3b3408f4fb244,154.09751790254032,12.312751666767126,19a8e4de06f9b15d,[],0.0,psp_006921_1830,['test'],1.0,Counter({'test': 1}),val,ad1e0696aedbbf07,True,hirise_clean,0,C:\Users\deves\OneDrive\Desktop\Projects\TCMD-SS\data\raw\hirise_v3_2\map-proj-v3_2\PSP_006921_1830_RED-0047.jpg
map-proj-v3_2/PSP_006921_1830_RED-0049.jpg,ok,,JPEG,227.0,227.0,L,1.0,1.0,normal,other,test,psp_006921_1830_red-0049,[],6f8f6701c85155f3d96b1024b96579a96ea9d2286a9df3e4d801a2d765e19ad5,d05e53c798a4ade2b4114d4664b69685035fac59c986c79b4da5da2c0fbbe4f5,80fe9b356698b263,132.0670302159949,41.11839630922727,efdcf39702e4efc4,[],0.0,psp_006921_1830,['test'],1.0,Counter({'test': 1}),val,ad1e0696aedbbf07,True,hirise_clean,0,C:\Users\deves\OneDrive\Desktop\Projects\TCMD-SS\data\raw\hirise_v3_2\map-proj-v3_2\PSP_006921_1830_RED-0049.jpg
map-proj-v3_2/PSP_006921_1830_RED-0050.jpg,ok,,JPEG,227.0,227.0,L,1.0,1.0,normal,other,test,psp_006921_1830_red-0050,[],49546aca21d355735a5b694953ec5286aec2f249289276e1f7166d35308d4e07,4736674cd7d4dacd7f0e3a6bccdc4ab40b06375cd85dc56737f6ec28e4daba71,e6d5911fac48aa1e,156.86132080964117,12.365037673192322,af34398818107e31,[],0.0,psp_006921_1830,['test'],1.0,Counter({'test': 1}),val,ad1e0696aedbbf07,True,hirise_clean,0,C:\Users\deves\OneDrive\Desktop\Projects\TCMD-SS\data\raw\hirise_v3_2\map-proj-v3_2\PSP_006921_1830_RED-0050.jpg
map-proj-v3_2/PSP_006921_1830_RED-0052.jpg,ok,,JPEG,227.0,227.0,L,1.0,1.0,normal,other,test,psp_006921_1830_red-0052,[],58d6cc084253041aa3b229eb7a5836d9398bf563de5555dda96209bd390a6076,ec167b818eaeb25185882bde3348d066a13f4a36d0a0bef40fa0ffa2b3a38d02,852e5ac56a1e37c3,167.71311300432765,12.851574059329147,ea0cbe87e8f8ad91,[],0.0,psp_006921_1830,['test'],1.0,Counter({'test': 1}),val,ad1e0696aedbbf07,True,hirise_clean,0,C:\Users\deves\OneDrive\Desktop\Projects\TCMD-SS\data\raw\hirise_v3_2\map-proj-v3_2\PSP_006921_1830_RED-0052.jpg
map-proj-v3_2/PSP_006921_1830_RED-0053.jpg,ok,,JPEG,227.0,227.0,L,1.0,1.0,normal,other,test,psp_006921_1830_red-0053,[],c6c0a429220294b0a92cb729ac1879c27f184b048ee7e697e3aa967de614d186,5282245b9c32df777359742d1ebeb162871627175dbbed994dd997917c440e9d,cfc17bc9983b4292,159.04762366822567,13.65189860247406,52f92d19d92ee976,[],0.0,psp_006921_1830,['test'],1.0,Counter({'test': 1}),val,ad1e0696aedbbf07,True,hirise_clean,0,C:\Users\deves\OneDrive\Desktop\Projects\TCMD-SS\data\raw\hirise_v3_2\map-proj-v3_2\PSP_006921_1830_RED-0053.jpg
map-proj-v3_2/PSP_006921_1830_RED-0054.jpg,ok,,JPEG,227.0,227.0,L,1.0,1.0,normal,other,test,psp_006921_1830_red-0054,[],8034b31a8aa58f3e096ac4361efd7744e0f83c35b7767035bf3c5fe4b0dd6486,9e372ef90be92510f0aac9df91ec44afda3859cbcda8328af93bae886de9c08e,d65a694acd63234b,130.93442527508782,64.01085574240643,dd8267d35141aaa6,[],0.0,psp_006921_1830,['test'],1.0,Counter({'test': 1}),val,ad1e0696aedbbf07,True,hirise_clean,0,C:\Users\deves\OneDrive\Desktop\Projects\TCMD-SS\data\raw\hirise_v3_2\map-proj-v3_2\PSP_006921_1830_RED-0054.jpg
map-proj-v3_2/PSP_006921_1830_RED-0060.jpg,ok,,JPEG,227.0,227.0,L,1.0,1.0,normal,other,test,psp_006921_1830_red-0060,[],1074f1972ccfcf21c0b257d6d7a494c704ecadf56d58a2b7401e53cd00c69cb9,22528b7a6972f3ed7029a8680e719ab751869a890d5f6d14f674dc2b3b8ca11b,ce05b1c28c8ff2d3,140.07964447204486,12.90731693822182,16c473f0bb33324a,[],0.0,psp_006921_1830,['test'],1.0,Counter({'test': 1}),val,ad1e0696aedbbf07,True,hirise_clean,0,C:\Users\deves\OneDrive\Desktop\Projects\TCMD-SS\data\raw\hirise_v3_2\map-proj-v3_2\PSP_006921_1830_RED-0060.jpg
map-proj-v3_2/PSP_006921_1830_RED-0065.jpg,ok,,JPEG,227.0,227.0,L,1.0,1.0,normal,other,test,psp_006921_1830_red-0065,[],c63cf7301852ae29990c7214314c172cec622ef219ee1cfcc4f87065669bfcf7,14d886f4f16dd54c00e1635676de57c3eb0d5cd9c0a3e21f80c28e9d4981e912,aec073706faf222c,145.03405849133495,14.230635903618063,acb0f71e976b7ba2,[],0.0,psp_006921_1830,['test'],1.0,Counter({'test': 1}),val,ad1e0696aedbbf07,True,hirise_clean,0,C:\Users\deves\OneDrive\Desktop\Projects\TCMD-SS\data\raw\hirise_v3_2\map-proj-v3_2\PSP_006921_1830_RED-0065.jpg
map-proj-v3_2/PSP_006921_1830_RED-0066.jpg,ok,,JPEG,227.0,227.0,L,1.0,1.0,normal,other,test,psp_006921_1830_red-0066,[],8f1351dac157ec5963d0f6b679040efc57feae0b45b4f349eab3efd78a2e4309,0a35ccdb59ec071b142dc735da423b8e218bb50bab9535c3e45abb12597d270c,95afb251af264a94,158.93357138698596,16.658156568620075,100bbe404944baf6,[],0.0,psp_006921_1830,['test'],1.0,Counter({'test': 1}),val,ad1e0696aedbbf07,True,hirise_clean,0,C:\Users\deves\OneDrive\Desktop\Projects\TCMD-SS\data\raw\hirise_v3_2\map-proj-v3_2\PSP_006921_1830_RED-0066.jpg
map-proj-v3_2/PSP_006921_1830_RED-0070.jpg,ok,,JPEG,227.0,227.0,L,1.0,1.0,normal,other,test,psp_006921_1830_red-0070,[],f2ee07fed9a4517ced1f6f6a94a0dcc4e06fd79e5586934266b761716b4d1582,40f39ed356697f9339a63b3d9d56bf42adc87ebb1388be119d547dc03ee9f2e2,9ac2a5ba1b214b9f,167.4362786003998,16.301782811087147,6ca4da82137ee909,[],0.0,psp_006921_1830,['test'],1.0,Counter({'test': 1}),val,ad1e0696aedbbf07,True,hirise_clean,0,C:\Users\deves\OneDrive\Desktop\Projects\TCMD-SS\data\raw\hirise_v3_2\map-proj-v3_2\PSP_006921_1830_RED-0070.jpg
map-proj-v3_2/PSP_006921_1830_RED-0073.jpg,ok,,JPEG,227.0,227.0,L,1.0,1.0,normal,other,test,psp_006921_1830_red-0073,[],78e7fe74f5d1119b3bf09243c09f2925b3936e7f694ac7dfab86097eff76c18f,e7ca372b039f3695909f8baff28f1f6e8e6435ae34d9169cd6dbeb44b42799e7,95ae982b56e81c3b,168.9940033767393,15.790769113604284,65f90b28d6fc820c,[],0.0,psp_006921_1830,['test'],1.0,Counter({'test': 1}),val,ad1e0696aedbbf07,True,hirise_clean,0,C:\Users\deves\OneDrive\Desktop\Projects\TCMD-SS\data\raw\hirise_v3_2\map-proj-v3_2\PSP_006921_1830_RED-0073.jpg
map-proj-v3_2/PSP_006921_1830_RED-0074.jpg,ok,,JPEG,227.0,227.0,L,1.0,1.0,normal,other,test,psp_006921_1830_red-0074,[],a1fcd04437c5a1b8b45e821f0f8eaf1ecb38e0bd5f0d1ec4696428df53b75d2a,c371843aa9fc142816f9f0cc00c824f7fc758aa0be7709cc2c4496fe5f019bfc,a6d7891cc4b1a35e,159.13569058200235,14.261436210256742,cb0eccf025ad51ea,[],0.0,psp_006921_1830,['test'],1.0,Counter({'test': 1}),val,ad1e0696aedbbf07,True,hirise_clean,0,C:\Users\deves\OneDrive\Desktop\Projects\TCMD-SS\data\raw\hirise_v3_2\map-proj-v3_2\PSP_006921_1830_RED-0074.jpg
map-proj-v3_2/PSP_006921_1830_RED-0079.jpg,ok,,JPEG,227.0,227.0,L,1.0,1.0,normal,other,test,psp_006921_1830_red-0079,[],0bb7233c567316362aef65de8c533ebf6442927f9deaea71d13ab41b7e78bded,e07551e9b2fb4432e6ef6594007fba6e82244eae6b015a59807d5370ac416147,cf993fa63cd99040,160.43063129499893,15.085320358717512,69ee8b8b3cf92c85,[],0.0,psp_006921_1830,['test'],1.0,Counter({'test': 1}),val,ad1e0696aedbbf07,True,hirise_clean,0,C:\Users\deves\OneDrive\Desktop\Projects\TCMD-SS\data\raw\hirise_v3_2\map-proj-v3_2\PSP_006921_1830_RED-0079.jpg
map-proj-v3_2/PSP_006921_1830_RED-0080.jpg,ok,,JPEG,227.0,227.0,L,1.0,1.0,normal,other,test,psp_006921_1830_red-0080,[],6527ad378c75c1fcf02f264e50aafbf87d056a48983d8bd6555bdf6d65c87541,d6d3f77279ed4c2ee8fee30f26ad1ad30ea58e46016fd1cd4b5266c7e129a37b,ad60db36658d9913,161.56471113353646,14.139473530857096,c8c0da071e3c1b8b,[],0.0,psp_006921_1830,['test'],1.0,Counter({'test': 1}),val,ad1e0696aedbbf07,True,hirise_clean,0,C:\Users\deves\OneDrive\Desktop\Projects\TCMD-SS\data\raw\hirise_v3_2\map-proj-v3_2\PSP_006921_1830_RED-0080.jpg
map-proj-v3_2/PSP_006921_1830_RED-0083.jpg,ok,,JPEG,227.0,227.0,L,1.0,1.0,normal,other,test,psp_006921_1830_red-0083,[],dc31200a464e3cb5a67d9105a13febcc59ab52bc604ee87b732182dcee9fbd00,21ebd86fa3448c450123ee68d3af2b47ef825a59c99c169353ac0d18cab2833f,e6ce993264491c7b,166.8577694113994,19.17201701264772,8f7edb9b5a7d4b4e,[],0.0,psp_006921_1830,['test'],1.0,Counter({'test': 1}),val,ad1e0696aedbbf07,True,hirise_clean,0,C:\Users\deves\OneDrive\Desktop\Projects\TCMD-SS\data\raw\hirise_v3_2\map-proj-v3_2\PSP_006921_1830_RED-0083.jpg
map-proj-v3_2/PSP_006921_1830_RED-0084.jpg,ok,,JPEG,227.0,227.0,L,1.0,1.0,normal,other,test,psp_006921_1830_red-0084,[],faff4417ebfc8b0ae4412d5ab47838cc80a793eea8db8f6bafa590eb91e948b8,5d9b4f4813859bbc2b8911c3872d22dc393ac340fbcf5fa7febd120ec820659d,ffc4883f42f4428e,165.4773040423839,17.31047821186382,b21e30cb19930048,[],0.0,psp_006921_1830,['test'],1.0,Counter({'test': 1}),val,ad1e0696aedbbf07,True,hirise_clean,0,C:\Users\deves\OneDrive\Desktop\Projects\TCMD-SS\data\raw\hirise_v3_2\map-proj-v3_2\PSP_006921_1830_RED-0084.jpg
map-proj-v3_2/PSP_006921_1830_RED-0088.jpg,ok,,JPEG,227.0,227.0,L,1.0,1.0,normal,other,test,psp_006921_1830_red-0088,[],bfde015ab12e45e10f7af5e4b2754069a24cd743a2dd916d456599ab52fdbe69,f23d5c756f2f88a717a0721c2f42bba301768e633b0fd14d489279e2de4931e3,b3ec9a3373ea0a30,162.99052960468862,16.787519968381204,39383551aa739e92,[],0.0,psp_006921_1830,['test'],1.0,Counter({'test': 1}),val,ad1e0696aedbbf07,True,hirise_clean,0,C:\Users\deves\OneDrive\Desktop\Projects\TCMD-SS\data\raw\hirise_v3_2\map-proj-v3_2\PSP_006921_1830_RED-0088.jpg
map-proj-v3_2/PSP_006921_1830_RED-0105.jpg,ok,,JPEG,227.0,227.0,L,1.0,1.0,normal,other,test,psp_006921_1830_red-0105,[],3a7dce691739cb87db3b1761a623f0f710fc472843eda8aa9205e570e608a4af,0da4b2f4298d3be60909c1696b337b135f62073332f259d3fe4ceb85a50c6c05,8cc773c789a3c48d,116.38112519163964,82.25374207769488,917babf64c5ac50f,[],0.0,psp_006921_1830,['test'],1.0,Counter({'test': 1}),val,ad1e0696aedbbf07,True,hirise_clean,0,C:\Users\deves\OneDrive\Desktop\Projects\TCMD-SS\data\raw\hirise_v3_2\map-proj-v3_2\PSP_006921_1830_RED-0105.jpg
map-proj-v3_2/PSP_006921_1830_RED-0116.jpg,ok,,JPEG,227.0,227.0,L,1.0,1.0,normal,other,test,psp_006921_1830_red-0116,[],931e083a8069411f2b85514566bab942682e056caa6c14071fe74a20c834f94e,b6e56598ce48760cb5a1967d49b90a5d5d58209356f471dbd13b78129bede119,ed1bb604f318bc38,113.08804750722894,18.27053384984393,4ef8395ed9744e13,[],0.0,psp_006921_1830,['test'],1.0,Counter({'test': 1}),val,ad1e0696aedbbf07,True,hirise_clean,0,C:\Users\deves\OneDrive\Desktop\Projects\TCMD-SS\data\raw\hirise_v3_2\map-proj-v3_2\PSP_006921_1830_RED-0116.jpg
map-proj-v3_2/PSP_006921_1830_RED-0122.jpg,ok,,JPEG,227.0,227.0,L,1.0,1.0,normal,other,test,psp_006921_1830_red-0122,[],5a7541d7fc0fa22bdb09f90d14e5a5f46c74af49197bd8f8c2315ee977c96471,086a7087fef67029f8a59dbf18af89516c59748dbc49a4d77680c4ddbf5c8fb5,86ea751d4b953b12,123.543810281589,14.252318918148482,3d9debe31ee1c1d3,[],0.0,psp_006921_1830,['test'],1.0,Counter({'test': 1}),val,ad1e0696aedbbf07,True,hirise_clean,0,C:\Users\deves\OneDrive\Desktop\Projects\TCMD-SS\data\raw\hirise_v3_2\map-proj-v3_2\PSP_006921_1830_RED-0122.jpg
map-proj-v3_2/PSP_006921_1830_RED-0131.jpg,ok,,JPEG,227.0,227.0,L,1.0,1.0,normal,crater,test,psp_006921_1830_red-0131,[],b01309fa99ebaac0b090829209531bcc42add69049370859a9bc6a8ed77601d7,635a2594d19933f1f86d24f48771e4927003082a191f9a9b956ff511c845d3bd,c535b694de507a4a,112.83830464398687,15.15160614409021,1643155ec7cf01c9,[],1.0,psp_006921_1830,['test'],1.0,Counter({'test': 1}),val,ad1e0696aedbbf07,True,hirise_clean,0,C:\Users\deves\OneDrive\Desktop\Projects\TCMD-SS\data\raw\hirise_v3_2\map-proj-v3_2\PSP_006921_1830_RED-0131.jpg
map-proj-v3_2/PSP_006921_1830_RED-0132.jpg,ok,,JPEG,227.0,227.0,L,1.0,1.0,normal,other,test,psp_006921_1830_red-0132,[],aefe9ee7009e014527df58f2340eadcb4decc57776ef64c92fe9f3ed3de24e68,00227f598b09e2bd9a1c775e343819efcbcc2b4fa82d7d51dc91ba95ab5c5081,9d8f6119d98c3f81,112.0763453589241,14.971769677440022,7001e712e653ad54,[],0.0,psp_006921_1830,['test'],1.0,Counter({'test': 1}),val,ad1e0696aedbbf07,True,hirise_clean,0,C:\Users\deves\OneDrive\Desktop\Projects\TCMD-SS\data\raw\hirise_v3_2\map-proj-v3_2\PSP_006921_1830_RED-0132.jpg
map-proj-v3_2/PSP_006921_1830_RED-0136.jpg,ok,,JPEG,227.0,227.0,L,1.0,1.0,normal,other,test,psp_006921_1830_red-0136,[],ce15286d62a9ffcd9674203057b6d5eaacaa2ef601d635f2ea73a2761512868f,fc6ccbfe8e43ab46fe23115b03737e93e539988f2c1a6a94c35aa877e64a316d,f7b01b4c2f3be060,101.55964602456868,13.39601939224934,41b2d44d8240d91d,[],0.0,psp_006921_1830,['test'],1.0,Counter({'test': 1}),val,ad1e0696aedbbf07,True,hirise_clean,0,C:\Users\deves\OneDrive\Desktop\Projects\TCMD-SS\data\raw\hirise_v3_2\map-proj-v3_2\PSP_006921_1830_RED-0136.jpg
map-proj-v3_2/PSP_006921_1830_RED-0137.jpg,ok,,JPEG,227.0,227.0,L,1.0,1.0,normal,other,test,psp_006921_1830_red-0137,[],d29310b8310a57f3947840cf8ea38409ede392e52bec28e02e98ab51e074e7c5,4983bac51600df777ceabf32a17297ab477582c384f59e872f3712940741787d,963069a3d4a769ce,106.18508024607505,14.275823622121186,97a7e75789400da4,[],0.0,psp_006921_1830,['test'],1.0,Counter({'test': 1}),val,ad1e0696aedbbf07,True,hirise_clean,0,C:\Users\deves\OneDrive\Desktop\Projects\TCMD-SS\data\raw\hirise_v3_2\map-proj-v3_2\PSP_006921_1830_RED-0137.jpg
map-proj-v3_2/PSP_006921_1830_RED-0139.jpg,ok,,JPEG,227.0,227.0,L,1.0,1.0,normal,other,test,psp_006921_1830_red-0139,[],8ae4f1643ee590db5c5ecb7d79c87a52dfd5c0ee852b5facba22d4a76449531d,8269cbd06dfba2584a18f896695c8480378f6acc4885664915d916091fee7755,d57a3cf0cb4a8e30,87.74944206175164,39.247029074876,5de62ecb9d2e8d9f,[],0.0,psp_006921_1830,['test'],1.0,Counter({'test': 1}),val,ad1e0696aedbbf07,True,hirise_clean,0,C:\Users\deves\OneDrive\Desktop\Projects\TCMD-SS\data\raw\hirise_v3_2\map-proj-v3_2\PSP_006921_1830_RED-0139.jpg
map-proj-v3_2/PSP_006921_1830_RED-0143.jpg,ok,,JPEG,227.0,227.0,L,1.0,1.0,normal,other,test,psp_006921_1830_red-0143,[],d4fd1a2b2ec1b3095b3e7ac644153de4e557d26ed8049c9bdda8eef74961ea91,9f42ea1780f78b6f27b66d7ef82b94cdf48c5786be74ae1d7dc4a1d14e2f1777,f9d6244c99b396b0,95.27722253488326,14.253658388878558,31e5d565e43f1293,[],0.0,psp_006921_1830,['test'],1.0,Counter({'test': 1}),val,ad1e0696aedbbf07,True,hirise_clean,0,C:\Users\deves\OneDrive\Desktop\Projects\TCMD-SS\data\raw\hirise_v3_2\map-proj-v3_2\PSP_006921_1830_RED-0143.jpg
map-proj-v3_2/PSP_006921_1830_RED-0147.jpg,ok,,JPEG,227.0,227.0,L,1.0,1.0,normal,other,test,psp_006921_1830_red-0147,[],98f4e9160d07fb9dce38e572539be1adf697094bb2136f5b9f56329a014e5e4e,9bb60e0850caf485c93079fed1125858aea1712f334bda2938b3310c94f3f358,ec499336cc8939b6,101.67340720759184,14.05889197876162,3fef873a2942e82a,[],0.0,psp_006921_1830,['test'],1.0,Counter({'test': 1}),val,ad1e0696aedbbf07,True,hirise_clean,0,C:\Users\deves\OneDrive\Desktop\Projects\TCMD-SS\data\raw\hirise_v3_2\map-proj-v3_2\PSP_006921_1830_RED-0147.jpg
map-proj-v3_2/PSP_006921_1830_RED-0149.jpg,ok,,JPEG,227.0,227.0,L,1.0,1.0,normal,other,test,psp_006921_1830_red-0149,[],d752fc3ae5b38ea591793bc01c786cec1d3d3e24f88209f7e12f715e72762f65,29c0449499664bab01fbd21d6dc30be9aba9668851075560bc16e1ef9945627d,cd86110dccc6beb9,98.14502513147936,17.86791050130034,ef77f0017e42a759,[],0.0,psp_006921_1830,['test'],1.0,Counter({'test': 1}),val,ad1e0696aedbbf07,True,hirise_clean,0,C:\Users\deves\OneDrive\Desktop\Projects\TCMD-SS\data\raw\hirise_v3_2\map-proj-v3_2\PSP_006921_1830_RED-0149.jpg
map-proj-v3_2/PSP_006921_1830_RED-0153.jpg,ok,,JPEG,227.0,227.0,L,1.0,1.0,normal,other,test,psp_006921_1830_red-0153,[],8b30ff970951ce026c288c6378b9fef16c80b45f8e18d5b71f107128fccc7d93,cc5f0ddaea66adf42b76c932cea72bb2df4c5ec074321c6195fa109b2581e20c,8ee3a1c698aae794,69.96289468066526,47.88302743862653,d528ff865f218582,[],0.0,psp_006921_1830,['test'],1.0,Counter({'test': 1}),val,ad1e0696aedbbf07,True,hirise_clean,0,C:\Users\deves\OneDrive\Desktop\Projects\TCMD-SS\data\raw\hirise_v3_2\map-proj-v3_2\PSP_006921_1830_RED-0153.jpg
map-proj-v3_2/PSP_006921_1830_RED-0159.jpg,ok,,JPEG,227.0,227.0,L,1.0,1.0,normal,other,test,psp_006921_1830_red-0159,[],4f6f8c9d6e056ccfe9dfeff6110aea5893d21aaefbf6f43b3e4e984b7b248f17,f05863b584aa1d76571b8b0553e7b72b23a8e57c7118778009454a1907e8814a,ac479b13a8ce6c93,100.3338120281783,15.695485096894997,925f8ee56c29d3e7,[],0.0,psp_006921_1830,['test'],1.0,Counter({'test': 1}),val,ad1e0696aedbbf07,True,hirise_clean,0,C:\Users\deves\OneDrive\Desktop\Projects\TCMD-SS\data\raw\hirise_v3_2\map-proj-v3_2\PSP_006921_1830_RED-0159.jpg
map-proj-v3_2/PSP_006921_1830_RED-0165.jpg,ok,,JPEG,227.0,227.0,L,1.0,1.0,normal,other,test,psp_006921_1830_red-0165,[],58bda8e266fb6c03ed1fff3400ac36be35c4ee5bad6680555071d47e11fe36e3,b5443816ab9ae49f173ff68e2ff85382727f372e933752e64e22704fdd2d7ce7,8cb933e6cc19b2a6,96.7598051582604,18.818300524692884,b2703abbe35fa3eb,[],0.0,psp_006921_1830,['test'],1.0,Counter({'test': 1}),val,ad1e0696aedbbf07,True,hirise_clean,0,C:\Users\deves\OneDrive\Desktop\Projects\TCMD-SS\data\raw\hirise_v3_2\map-proj-v3_2\PSP_006921_1830_RED-0165.jpg
map-proj-v3_2/PSP_006921_1830_RED-0169.jpg,ok,,JPEG,227.0,227.0,L,1.0,1.0,normal,other,test,psp_006921_1830_red-0169,[],56657bab218df6cd512d22d54e6c263e48e57199969e8ae9f7f3a967c4ee11fd,b0f757677d18f97faf8abc133394bf0a06ce357008006111c227b430b1315e5c,bae84745a7da70c2,117.05264996409788,14.287666061180788,f77783e72cf8f74b,[],0.0,psp_006921_1830,['test'],1.0,Counter({'test': 1}),val,ad1e0696aedbbf07,True,hirise_clean,0,C:\Users\deves\OneDrive\Desktop\Projects\TCMD-SS\data\raw\hirise_v3_2\map-proj-v3_2\PSP_006921_1830_RED-0169.jpg
map-proj-v3_2/PSP_006921_1830_RED-0170.jpg,ok,,JPEG,227.0,227.0,L,1.0,1.0,normal,other,test,psp_006921_1830_red-0170,[],283a5877cf0ee60f3f9a9744fed3a3b4d0a1a951dd478e640412f783082e30fa,3c08167868b025dc8ffc3d93c1bd4d3722d21f2b8c98d5cc2ffbc041176f11be,e4d1128aac59bbe6,118.22628034698909,14.084635048926586,30aab74560438cdc,[],0.0,psp_006921_1830,['test'],1.0,Counter({'test': 1}),val,ad1e0696aedbbf07,True,hirise_clean,0,C:\Users\deves\OneDrive\Desktop\Projects\TCMD-SS\data\raw\hirise_v3_2\map-proj-v3_2\PSP_006921_1830_RED-0170.jpg
map-proj-v3_2/PSP_006921_1830_RED-0177.jpg,ok,,JPEG,227.0,227.0,L,1.0,1.0,normal,other,test,psp_006921_1830_red-0177,[],92f4f197a594dc645ef8e41edaef4ce9aa2b374c7f1a57a2a7fa7e5635382d91,80ffe505a38097e84e88bb08da98c2eaf21c3181e846689a9446589ba0bba4b6,84f6fbe80e826f81,123.112849075278,19.951482410683365,8daf5218dc913e14,[],0.0,psp_006921_1830,['test'],1.0,Counter({'test': 1}),val,ad1e0696aedbbf07,True,hirise_clean,0,C:\Users\deves\OneDrive\Desktop\Projects\TCMD-SS\data\raw\hirise_v3_2\map-proj-v3_2\PSP_006921_1830_RED-0177.jpg
map-proj-v3_2/PSP_006921_1830_RED-0182.jpg,ok,,JPEG,227.0,227.0,L,1.0,1.0,normal,other,test,psp_006921_1830_red-0182,[],da587bf965240bed0196e1d249af19f848f9df42e9ee5da1af0b2fb8a6941ffb,72b9910c92ec17a84dc0464914b4777ae62043af4a4dbdd7ca1b5ae5b882c4b7,d398656f1b11cc1b,149.78744008228375,14.559432598548389,62311a89a2d14ef9,[],0.0,psp_006921_1830,['test'],1.0,Counter({'test': 1}),val,ad1e0696aedbbf07,True,hirise_clean,0,C:\Users\deves\OneDrive\Desktop\Projects\TCMD-SS\data\raw\hirise_v3_2\map-proj-v3_2\PSP_006921_1830_RED-0182.jpg
map-proj-v3_2/PSP_006921_1830_RED-0186.jpg,ok,,JPEG,227.0,227.0,L,1.0,1.0,normal,other,test,psp_006921_1830_red-0186,[],db84500b16be09d325cf2e94252d4d54e3b220489c4249fbd5e3b5b02dd48dda,dba0366f9f1c8a73452c1fd3238e312b5aff99c9b31d0b64344d77feb6482448,f3284f11c6359aa7,155.80263540918705,10.681547498754194,f1f8ccb40a2a93ba,[],0.0,psp_006921_1830,['test'],1.0,Counter({'test': 1}),val,ad1e0696aedbbf07,True,hirise_clean,0,C:\Users\deves\OneDrive\Desktop\Projects\TCMD-SS\data\raw\hirise_v3_2\map-proj-v3_2\PSP_006921_1830_RED-0186.jpg
map-proj-v3_2/PSP_006921_1830_RED-0189.jpg,ok,,JPEG,227.0,227.0,L,1.0,1.0,normal,other,test,psp_006921_1830_red-0189,[],5b82164fa1ff39fa03926c73590423e83b7f39849bacdf7c7c6eb42a1f194784,9d2992756a39f69afb7a1707e514155a74222f545f3cc945f5dc23bf0229562b,e8e691b3228f996c,155.7268334336005,14.718496729103432,cc8232b56ac630ce,[],0.0,psp_006921_1830,['test'],1.0,Counter({'test': 1}),val,ad1e0696aedbbf07,True,hirise_clean,0,C:\Users\deves\OneDrive\Desktop\Projects\TCMD-SS\data\raw\hirise_v3_2\map-proj-v3_2\PSP_006921_1830_RED-0189.jpg
map-proj-v3_2/PSP_006921_1830_RED-0194.jpg,ok,,JPEG,227.0,227.0,L,1.0,1.0,normal,other,test,psp_006921_1830_red-0194,[],b85d465eaf34ac34ec066508edad1e0c5287bdc887af2e813b9694178baf86ba,9d6c2462ea824ca12d44dce4c8b79b3362853705892105dca3f57b3c32b15a6d,bfe04bc80f729790,161.4386461992276,14.998233434344169,867ca501829ad216,[],0.0,psp_006921_1830,['test'],1.0,Counter({'test': 1}),val,ad1e0696aedbbf07,True,hirise_clean,0,C:\Users\deves\OneDrive\Desktop\Projects\TCMD-SS\data\raw\hirise_v3_2\map-proj-v3_2\PSP_006921_1830_RED-0194.jpg
map-proj-v3_2/PSP_006921_1830_RED-0196.jpg,ok,,JPEG,227.0,227.0,L,1.0,1.0,normal,other,test,psp_006921_1830_red-0196,[],7f2db41615de6341c0ba75f3cd4e61da31e6cf68ee4b999c88497c83e3fa46ee,d893bd20574cf5a529a4ea619cf5390e49d4cfdc7d8f33c669cdd2e54bd31cad,9f0a32fac5312567,161.1975780628384,16.128820872354087,bf913f0bbc28a740,[],0.0,psp_006921_1830,['test'],1.0,Counter({'test': 1}),val,ad1e0696aedbbf07,True,hirise_clean,0,C:\Users\deves\OneDrive\Desktop\Projects\TCMD-SS\data\raw\hirise_v3_2\map-proj-v3_2\PSP_006921_1830_RED-0196.jpg
map-proj-v3_2/PSP_006921_1830_RED-0201.jpg,ok,,JPEG,227.0,227.0,L,1.0,1.0,normal,other,test,psp_006921_1830_red-0201,[],c5179a02d3870f8ed89579f06f04e67377be76e4bb928a81950bf95478e75e60,415265150a6da36c4be1e905228ad881086b5796e602d7a6739d43be1dc197be,a7d1889aa76c7961,161.06734072075918,14.343870972364131,bff8ae6cf4377a47,[],0.0,psp_006921_1830,['test'],1.0,Counter({'test': 1}),val,ad1e0696aedbbf07,True,hirise_clean,0,C:\Users\deves\OneDrive\Desktop\Projects\TCMD-SS\data\raw\hirise_v3_2\map-proj-v3_2\PSP_006921_1830_RED-0201.jpg
map-proj-v3_2/PSP_006921_1830_RED-0202.jpg,ok,,JPEG,227.0,227.0,L,1.0,1.0,normal,other,test,psp_006921_1830_red-0202,[],ac758e670c4c819d9435bbe6166f05e188f6b76eebdca91dd61e4672528c6462,cf4eb616564370d8d68327f04ac82c7e16a18bf8d06333184d307b3c2f368871,87d03cccb1d3ca78,92.06404160763842,69.65181265109447,534a7a65d74c65bf,[],0.0,psp_006921_1830,['test'],1.0,Counter({'test': 1}),val,ad1e0696aedbbf07,True,hirise_clean,0,C:\Users\deves\OneDrive\Desktop\Projects\TCMD-SS\data\raw\hirise_v3_2\map-proj-v3_2\PSP_006921_1830_RED-0202.jpg
map-proj-v3_2/PSP_006921_1830_RED-0207.jpg,ok,,JPEG,227.0,227.0,L,1.0,1.0,normal,other,test,psp_006921_1830_red-0207,[],6fc8907ee42df9c5790f14672fa829ab508b68e7b45de2cd8101d41a3d4cfc80,bc56845f0b5d155788e8d1c629a14656ea73cc2f7d9da8c3836617ba6aaacc72,e68ebe708191b3b2,186.6758136195152,15.938524134400833,39a596ec632e21ce,[],0.0,psp_006921_1830,['test'],1.0,Counter({'test': 1}),val,ad1e0696aedbbf07,True,hirise_clean,0,C:\Users\deves\OneDrive\Desktop\Projects\TCMD-SS\data\raw\hirise_v3_2\map-proj-v3_2\PSP_006921_1830_RED-0207.jpg
map-proj-v3_2/PSP_006921_1830_RED-0209.jpg,ok,,JPEG,227.0,227.0,L,1.0,1.0,normal,other,test,psp_006921_1830_red-0209,[],4fbf7139450b99beab09bd27b3a8bb71572418a6534b466b60946154463175a3,3254cb80d151e413e037b41e51cc9815eeb3e65d8c375f59b2d401b781054371,a38a708a7f39ca35,192.09945855731723,16.45741001158755,5ffc4eafb7d24b64,[],0.0,psp_006921_1830,['test'],1.0,Counter({'test': 1}),val,ad1e0696aedbbf07,True,hirise_clean,0,C:\Users\deves\OneDrive\Desktop\Projects\TCMD-SS\data\raw\hirise_v3_2\map-proj-v3_2\PSP_006921_1830_RED-0209.jpg
map-proj-v3_2/PSP_006921_1830_RED-0210.jpg,ok,,JPEG,227.0,227.0,L,1.0,1.0,normal,other,test,psp_006921_1830_red-0210,[],d4f6f848455a25666d97e6eca6bd8abaac8451de019a0f94ae1d956f07f4852b,60750266ee8272b235977850fb55ea4d0e9362f4a95ccdfac7a27fa7e87fadc9,865dd81026df11fd,187.71223970967804,14.060543031935437,87450888bdc220da,[],0.0,psp_006921_1830,['test'],1.0,Counter({'test': 1}),val,ad1e0696aedbbf07,True,hirise_clean,0,C:\Users\deves\OneDrive\Desktop\Projects\TCMD-SS\data\raw\hirise_v3_2\map-proj-v3_2\PSP_006921_1830_RED-0210.jpg
map-proj-v3_2/PSP_006921_1830_RED-0214.jpg,ok,,JPEG,227.0,227.0,L,1.0,1.0,normal,other,test,psp_006921_1830_red-0214,[],d4b80ef48656ca48e4f886738ab8dffbbe496ea8bffdae06e144ededf419c015,efa852a7cf1c153d2df3428682613c4ba3a6b10b55afcda9f5de644f8d3e1247,8ba55bb46f428d1a,197.8369655921908,17.46787491033341,02367caf6abb7d34,[],0.0,psp_006921_1830,['test'],1.0,Counter({'test': 1}),val,ad1e0696aedbbf07,True,hirise_clean,0,C:\Users\deves\OneDrive\Desktop\Projects\TCMD-SS\data\raw\hirise_v3_2\map-proj-v3_2\PSP_006921_1830_RED-0214.jpg
map-proj-v3_2/PSP_006921_1830_RED-0218.jpg,ok,,JPEG,227.0,227.0,L,1.0,1.0,normal,crater,test,psp_006921_1830_red-0218,[],fd68a472355b64e01cd0fad9f4a16965d1eafb738761323dd71bcfb95330c143,b8f5efc81e034bf921dcbc3db1847c0f3da0030e93b6fc4b2c03d53f4509a588,91d586aa3967478d,177.57022259310293,18.12690924084306,90853d3e53da9b69,[],1.0,psp_006921_1830,['test'],1.0,Counter({'test': 1}),val,ad1e0696aedbbf07,True,hirise_clean,0,C:\Users\deves\OneDrive\Desktop\Projects\TCMD-SS\data\raw\hirise_v3_2\map-proj-v3_2\PSP_006921_1830_RED-0218.jpg
map-proj-v3_2/PSP_006921_1830_RED-0232.jpg,ok,,JPEG,227.0,227.0,L,1.0,1.0,normal,other,test,psp_006921_1830_red-0232,[],8997b225cfeab8a55f5ecdbef57c7fe8e710813cddb59d311210ed8cf5baf7bb,5e77ec75283d1e2515587dfd4a2b14edd5c93ad82dc45c3e8bfafa1f8546b15e,d5526836ce023d7b,92.86318383822702,34.770935838997914,c0a0de1ca5daa76f,[],0.0,psp_006921_1830,['test'],1.0,Counter({'test': 1}),val,ad1e0696aedbbf07,True,hirise_clean,0,C:\Users\deves\OneDrive\Desktop\Projects\TCMD-SS\data\raw\hirise_v3_2\map-proj-v3_2\PSP_006921_1830_RED-0232.jpg
map-proj-v3_2/PSP_006921_1830_RED-0251.jpg,ok,,JPEG,227.0,227.0,L,1.0,1.0,normal,other,test,psp_006921_1830_red-0251,[],5fbf40175337174a4d23dffae77c8450ad25ea43d02945c36a4d871655613631,ea1c7671ee233ad387dd43517c83ec8877e00873ecc2cc7255102f8a78abe266,cc3d31e66f0914d6,96.85780822449496,14.876194201812416,962622e57fb14018,[],0.0,psp_006921_1830,['test'],1.0,Counter({'test': 1}),val,ad1e0696aedbbf07,True,hirise_clean,0,C:\Users\deves\OneDrive\Desktop\Projects\TCMD-SS\data\raw\hirise_v3_2\map-proj-v3_2\PSP_006921_1830_RED-0251.jpg
map-proj-v3_2/PSP_006921_1830_RED-0267.jpg,ok,,JPEG,227.0,227.0,L,1.0,1.0,normal,other,test,psp_006921_1830_red-0267,[],34ec6fb6006002a7fbf5a30f59c98511aba2eb6df9cbce3eac76005cb4549050,0b5ab0915eebfd738aa8b4ccc88ecc7da1d19374b222794ad186de6bfb51a9a6,ecd73569a81295cc,83.42758446699916,13.119663142557483,027d4cf4e25cca4a,[],0.0,psp_006921_1830,['test'],1.0,Counter({'test': 1}),val,ad1e0696aedbbf07,True,hirise_clean,0,C:\Users\deves\OneDrive\Desktop\Projects\TCMD-SS\data\raw\hirise_v3_2\map-proj-v3_2\PSP_006921_1830_RED-0267.jpg
map-proj-v3_2/PSP_007166_1740_RED-0006.jpg,ok,,JPEG,227.0,227.0,L,1.0,1.0,normal,other,train,psp_007166_1740_red-0006,[],4c773376f04926a2ea68cd2281e86fbbe60369721186924acafdf57dff62ae4a,56c765144e1e9ab22f4a8c66d8af58b33955494aff5babb9ecb69d94747b5e96,f85317a4cc5d1726,84.91606668089814,21.674349943769176,21b922bec815e455,[],0.0,psp_007166_1740,['train'],1.0,Counter({'train': 1}),val,82fb922633787fdc,True,hirise_clean,0,C:\Users\deves\OneDrive\Desktop\Projects\TCMD-SS\data\raw\hirise_v3_2\map-proj-v3_2\PSP_007166_1740_RED-0006.jpg
map-proj-v3_2/PSP_007166_1740_RED-0018.jpg,ok,,JPEG,227.0,227.0,L,1.0,1.0,normal,other,train,psp_007166_1740_red-0018,[],f134a5d7416cf863bf1734f320cc1c1d816db30e6832032146e6f360bb75060c,9d5aab186f52e8e9b94a38d3ad7fe75055ff74af551ae1783693179836a3745d,942bf658694037ed,93.34227328300568,20.153112956782028,297544176ee41e61,[],0.0,psp_007166_1740,['train'],1.0,Counter({'train': 1}),val,82fb922633787fdc,True,hirise_clean,0,C:\Users\deves\OneDrive\Desktop\Projects\TCMD-SS\data\raw\hirise_v3_2\map-proj-v3_2\PSP_007166_1740_RED-0018.jpg
map-proj-v3_2/PSP_007166_1740_RED-0025.jpg,ok,,JPEG,227.0,227.0,L,1.0,1.0,normal,other,train,psp_007166_1740_red-0025,[],07b3d0dc57158e31bacfa61bf2d43c3836048b702c8aea325986e1a6cc2d6d26,15320f3a3855a60fcd8dc91cdeab9e95e0d5b134e78537906b3e21d82486016a,cc49068c1973fbf1,84.04176289079936,20.23342988234763,89fea1ec039bb7a8,[],0.0,psp_007166_1740,['train'],1.0,Counter({'train': 1}),val,82fb922633787fdc,True,hirise_clean,0,C:\Users\deves\OneDrive\Desktop\Projects\TCMD-SS\data\raw\hirise_v3_2\map-proj-v3_2\PSP_007166_1740_RED-0025.jpg
map-proj-v3_2/PSP_007166_1740_RED-0027.jpg,ok,,JPEG,227.0,227.0,L,1.0,1.0,normal,other,train,psp_007166_1740_red-0027,[],097763e5ea01414aaa1f9453e847cc8da037de088b8951783d8e29cd82232439,8a9b28b76e27a7a55e096eca085c9b3a956209dc847b19ef96cc46b1e888f042,db246143bd948d3d,80.30070445768402,19.62895226775328,65e19f8a48138835,[],0.0,psp_007166_1740,['train'],1.0,Counter({'train': 1}),val,82fb922633787fdc,True,hirise_clean,0,C:\Users\deves\OneDrive\Desktop\Projects\TCMD-SS\data\raw\hirise_v3_2\map-proj-v3_2\PSP_007166_1740_RED-0027.jpg
map-proj-v3_2/PSP_007166_1740_RED-0030.jpg,ok,,JPEG,227.0,227.0,L,1.0,1.0,normal,other,train,psp_007166_1740_red-0030,[],2e9b5ab79efb140f56632093334a2f700fd0fa4671eee3d5024dc075dbbddbe0,3a8def712eb2e640b8129901b8b63277e736aefb324006e67dd35de33fa41d75,db1962765af1062e,84.23144248869569,19.877546208483277,ee6344203ab3cedf,[],0.0,psp_007166_1740,['train'],1.0,Counter({'train': 1}),val,82fb922633787fdc,True,hirise_clean,0,C:\Users\deves\OneDrive\Desktop\Projects\TCMD-SS\data\raw\hirise_v3_2\map-proj-v3_2\PSP_007166_1740_RED-0030.jpg
map-proj-v3_2/PSP_007166_1740_RED-0031.jpg,ok,,JPEG,227.0,227.0,L,1.0,1.0,normal,other,train,psp_007166_1740_red-0031,[],6d23338e8165dc50c3720464d0a9189f10510f54749d9d6f5875f8ed5e731da2,55c930922633066a7bc8f21421742e335b5e922091481fa44d3e27a8986ed718,9164ed165dd3641b,81.6230666226785,21.03359212246972,eac716a470602d45,[],0.0,psp_007166_1740,['train'],1.0,Counter({'train': 1}),val,82fb922633787fdc,True,hirise_clean,0,C:\Users\deves\OneDrive\Desktop\Projects\TCMD-SS\data\raw\hirise_v3_2\map-proj-v3_2\PSP_007166_1740_RED-0031.jpg
map-proj-v3_2/PSP_007166_1740_RED-0047.jpg,ok,,JPEG,227.0,227.0,L,1.0,1.0,normal,other,train,psp_007166_1740_red-0047,[],82aa5bc29bd45f59c94f695e1446c020d4a07d56bfbb9fac1b720366b1c929ea,ebb745852d9e6d48fe14e52827b1bf69adb6914530a4f539544797222d4e7781,cc79b326e4592b16,83.74247511110248,19.84417289931421,1a1274b2e1d14f7f,[],0.0,psp_007166_1740,['train'],1.0,Counter({'train': 1}),val,82fb922633787fdc,True,hirise_clean,0,C:\Users\deves\OneDrive\Desktop\Projects\TCMD-SS\data\raw\hirise_v3_2\map-proj-v3_2\PSP_007166_1740_RED-0047.jpg
map-proj-v3_2/PSP_007166_1740_RED-0050.jpg,ok,,JPEG,227.0,227.0,L,1.0,1.0,normal,other,train,psp_007166_1740_red-0050,[],d53a6623223a5964cf8efd9eb233bb69c325f5b5de7601c900f8ea0ed0a128ce,f1e4218cc60d830ce84b3f672a2ffc0e5764105b1027e1ff67dcfc21764460d8,c775a13613ee401f,81.80542995206582,19.931924957022375,ff264010ee235eab,[],0.0,psp_007166_1740,['train'],1.0,Counter({'train': 1}),val,82fb922633787fdc,True,hirise_clean,0,C:\Users\deves\OneDrive\Desktop\Projects\TCMD-SS\data\raw\hirise_v3_2\map-proj-v3_2\PSP_007166_1740_RED-0050.jpg
map-proj-v3_2/PSP_007166_1740_RED-0055.jpg,ok,,JPEG,227.0,227.0,L,1.0,1.0,normal,other,train,psp_007166_1740_red-0055,[],4fc94c4ea00134737ecbc2a8c558fd38321c500a015b18cabf3cfe65cf26287a,1d0616b52ec07b488d5c642765eeae448c22edad90d34295462e58f28717bfff,d7572c6634315b8a,86.25082962991713,20.015468327414244,4a1a94f7f4694a35,[],0.0,psp_007166_1740,['train'],1.0,Counter({'train': 1}),val,82fb922633787fdc,True,hirise_clean,0,C:\Users\deves\OneDrive\Desktop\Projects\TCMD-SS\data\raw\hirise_v3_2\map-proj-v3_2\PSP_007166_1740_RED-0055.jpg
map-proj-v3_2/PSP_007166_1740_RED-0059.jpg,ok,,JPEG,227.0,227.0,L,1.0,1.0,normal,other,train,psp_007166_1740_red-0059,[],5ce26a0d17b014acbdedd2b39d98e110509b4044f74b927b61454a4e141fa873,f95849b36ef506c05442c5cc1e19443c5c9bbce269435af8431fa6d934534a26,d43c63b46973d614,88.00308564109531,17.803121209258126,ce2105f4e0ad73a8,[],0.0,psp_007166_1740,['train'],1.0,Counter({'train': 1}),val,82fb922633787fdc,True,hirise_clean,0,C:\Users\deves\OneDrive\Desktop\Projects\TCMD-SS\data\raw\hirise_v3_2\map-proj-v3_2\PSP_007166_1740_RED-0059.jpg
map-proj-v3_2/PSP_007166_1740_RED-0068.jpg,ok,,JPEG,227.0,227.0,L,1.0,1.0,normal,other,train,psp_007166_1740_red-0068,[],0a5dcc046caa7d42c093523d176443ef1057ea708161fff3952a94601d4d144e,25ff58a6850743e929e624f952fde11557a814e968ba79112ef3dd2ac8cd6522,c61fa15bd8ed0c92,72.82922237963089,17.899080749451407,234089b1cd7874aa,[],0.0,psp_007166_1740,['train'],1.0,Counter({'train': 1}),val,82fb922633787fdc,True,hirise_clean,0,C:\Users\deves\OneDrive\Desktop\Projects\TCMD-SS\data\raw\hirise_v3_2\map-proj-v3_2\PSP_007166_1740_RED-0068.jpg
map-proj-v3_2/PSP_007166_1740_RED-0070.jpg,ok,,JPEG,227.0,227.0,L,1.0,1.0,normal,other,train,psp_007166_1740_red-0070,[],31511dd1ff1e0b778fda6469a0a6237e6c4e0b482d3ffb63da909e64fb1176e9,7a0c3a0f0e395e9260af0ac9504077e4be581bd82825ffc5e0dbd54c0b468017,dd3b22a6a8939a9a,81.05214539385588,16.089793739536017,216499f3449d948e,[],0.0,psp_007166_1740,['train'],1.0,Counter({'train': 1}),val,82fb922633787fdc,True,hirise_clean,0,C:\Users\deves\OneDrive\Desktop\Projects\TCMD-SS\data\raw\hirise_v3_2\map-proj-v3_2\PSP_007166_1740_RED-0070.jpg
map-proj-v3_2/PSP_007166_1740_RED-0081.jpg,ok,,JPEG,227.0,227.0,L,1.0,1.0,normal,other,train,psp_007166_1740_red-0081,[],4fd0e5456dde4e1e0b6d2e10cb0f10ce8a1032cda9f09cc54474c36710e3eae8,67ec525913e494990b8bfe1feee2fee25dd689f7adedc9a76a44fa8c70c83a79,ec22fb30ff30e304,31.234256438122223,31.29002024433951,26e9a7ef446af37d,[],0.0,psp_007166_1740,['train'],1.0,Counter({'train': 1}),val,82fb922633787fdc,True,hirise_clean,0,C:\Users\deves\OneDrive\Desktop\Projects\TCMD-SS\data\raw\hirise_v3_2\map-proj-v3_2\PSP_007166_1740_RED-0081.jpg
map-proj-v3_2/PSP_010087_1555_RED-0004.jpg,ok,,JPEG,227.0,227.0,L,1.0,1.0,normal,other,train,psp_010087_1555_red-0004,[],c1a6c89b24306bee043303d661d912656bd3651b9cc45b5757fa28ecb49fb7fc,f728a49327053be6852a185c3c3d6038b29bab58b8a7b79d0641fddb7b28a3f2,dd3972942952a67c,136.7554580915601,16.32994520244349,2a8361d0ab688954,[],0.0,psp_010087_1555,['train'],1.0,Counter({'train': 1}),val,929ffd64c6803520,True,hirise_clean,0,C:\Users\deves\OneDrive\Desktop\Projects\TCMD-SS\data\raw\hirise_v3_2\map-proj-v3_2\PSP_010087_1555_RED-0004.jpg
map-proj-v3_2/PSP_010087_1555_RED-0006.jpg,ok,,JPEG,227.0,227.0,L,1.0,1.0,normal,other,train,psp_010087_1555_red-0006,[],dcaba842482bab1ff7d898831540fc10acbfd61efae8cfc3c7ed90f9c16ca69e,c6e649e3d5aa7f815e469b2d60ecda630542595f7c700196120c65d2a34c03b8,f4805bb36c9873c6,124.02255040850784,40.41359074131714,61f7c6bd9cf98d94,[],0.0,psp_010087_1555,['train'],1.0,Counter({'train': 1}),val,929ffd64c6803520,True,hirise_clean,0,C:\Users\deves\OneDrive\Desktop\Projects\TCMD-SS\data\raw\hirise_v3_2\map-proj-v3_2\PSP_010087_1555_RED-0006.jpg
map-proj-v3_2/PSP_010087_1555_RED-0013.jpg,ok,,JPEG,227.0,227.0,L,1.0,1.0,normal,other,train,psp_010087_1555_red-0013,[],97d8ed965309cb96c1a3baee74c1d361ab5e107ec71245a42e5ba228045885f4,882ff80558348e681f0c0833245eb303c1fc790697489eeb548d453a79b99d7e,80ff3be28bd8870c,109.0457024199965,27.20183642913697,f3e4774f5d14c27d,[],0.0,psp_010087_1555,['train'],1.0,Counter({'train': 1}),val,929ffd64c6803520,True,hirise_clean,0,C:\Users\deves\OneDrive\Desktop\Projects\TCMD-SS\data\raw\hirise_v3_2\map-proj-v3_2\PSP_010087_1555_RED-0013.jpg
map-proj-v3_2/PSP_010087_1555_RED-0019.jpg,ok,,JPEG,227.0,227.0,L,1.0,1.0,normal,other,train,psp_010087_1555_red-0019,[],ffe65b9bf0b28da7f666c68712f1e5266270e4f1adc8205e8f6682fea46ec7dc,deaf78cf1f2d3ac0f35170574d5289ca2b64c81a82147c3a1a2369cd34e1b590,c2656ac04d9b347f,132.79607599604105,12.69630821315868,9d59ddb728eb7997,[],0.0,psp_010087_1555,['train'],1.0,Counter({'train': 1}),val,929ffd64c6803520,True,hirise_clean,0,C:\Users\deves\OneDrive\Desktop\Projects\TCMD-SS\data\raw\hirise_v3_2\map-proj-v3_2\PSP_010087_1555_RED-0019.jpg
map-proj-v3_2/PSP_010087_1555_RED-0020.jpg,ok,,JPEG,227.0,227.0,L,1.0,1.0,normal,other,train,psp_010087_1555_red-0020,[],ebe7cc7ecce5a06fff5ce3b5b7c2a99c3c763899da0aea4a2ed1d596c3320082,ec22d0ce03a6efa1ed9f5832edd7f842468942d55f5132b6b4abcc400ab82e3b,d67e302c4ef8e04e,132.68425546779483,13.344467357969902,b22520151ede4f1c,[],0.0,psp_010087_1555,['train'],1.0,Counter({'train': 1}),val,929ffd64c6803520,True,hirise_clean,0,C:\Users\deves\OneDrive\Desktop\Projects\TCMD-SS\data\raw\hirise_v3_2\map-proj-v3_2\PSP_010087_1555_RED-0020.jpg
map-proj-v3_2/PSP_010087_1555_RED-0022.jpg,ok,,JPEG,227.0,227.0,L,1.0,1.0,normal,other,train,psp_010087_1555_red-0022,[],d7f4f80fb7dd91a8f9409ee68047410fe0d47c2868dba14cd7c33e644a8bdcc7,4660ea51d77d4c8fc04a30d2bfb677eb76110578f45d3519dcbb32f4f5226eaa,e2eccd56b42076e4,134.09534436919017,13.861888918585382,b7cd6a078328fc0b,[],0.0,psp_010087_1555,['train'],1.0,Counter({'train': 1}),val,929ffd64c6803520,True,hirise_clean,0,C:\Users\deves\OneDrive\Desktop\Projects\TCMD-SS\data\raw\hirise_v3_2\map-proj-v3_2\PSP_010087_1555_RED-0022.jpg
map-proj-v3_2/PSP_010087_1555_RED-0023.jpg,ok,,JPEG,227.0,227.0,L,1.0,1.0,normal,crater,train,psp_010087_1555_red-0023,[],bef883f24a9567af97335f4066d0efe5583edb1f4d1d2eedbf21c03d78566cd9,2d62bc7b122577ce2d60ffba65af388c68b6056d4f9b915194eb0cbe3fef0cee,e9f3e4883107ced8,118.37392536241728,11.177182246847073,6db88496ac527a41,[],1.0,psp_010087_1555,['train'],1.0,Counter({'train': 1}),val,929ffd64c6803520,True,hirise_clean,0,C:\Users\deves\OneDrive\Desktop\Projects\TCMD-SS\data\raw\hirise_v3_2\map-proj-v3_2\PSP_010087_1555_RED-0023.jpg
map-proj-v3_2/PSP_010087_1555_RED-0024.jpg,ok,,JPEG,227.0,227.0,L,1.0,1.0,normal,other,train,psp_010087_1555_red-0024,[],ec4cc067f0e31a1102da62dc41afa0ed5cacb7e6d533e2c0a84b45dbe99a5fa5,c2f8725f4542839a720bf85bf9cf7a3743a6523812ec283877422963880cf83b,a7e122e587cb424f,136.84288458926042,14.159431861391976,48014c8f2387e250,[],0.0,psp_010087_1555,['train'],1.0,Counter({'train': 1}),val,929ffd64c6803520,True,hirise_clean,0,C:\Users\deves\OneDrive\Desktop\Projects\TCMD-SS\data\raw\hirise_v3_2\map-proj-v3_2\PSP_010087_1555_RED-0024.jpg
map-proj-v3_2/PSP_010087_1555_RED-0026.jpg,ok,,JPEG,227.0,227.0,L,1.0,1.0,normal,other,train,psp_010087_1555_red-0026,[],4be918dde5bffe00b110195739b29c9b5c6745255b1313cda959627f48e58aee,65f197a4954a7de9c6144904daecc759659524c45a68cedd4fd1dd11c59c31ea,cdc334277c9836a5,133.8415649440121,14.806767388595294,c80c3c7c160b5d69,[],0.0,psp_010087_1555,['train'],1.0,Counter({'train': 1}),val,929ffd64c6803520,True,hirise_clean,0,C:\Users\deves\OneDrive\Desktop\Projects\TCMD-SS\data\raw\hirise_v3_2\map-proj-v3_2\PSP_010087_1555_RED-0026.jpg
map-proj-v3_2/PSP_010087_1555_RED-0029.jpg,ok,,JPEG,227.0,227.0,L,1.0,1.0,normal,crater,train,psp_010087_1555_red-0029,[],b2b1f07f9c514f546df4e1c6a9ddc65d7d157521ff1be003f0d53524c415ae4e,47ae1baeb6c09a13b048f459efb00f791e139dcd45fe5fc66e9727491ca22bd6,fd0e3ce03b600cf9,130.6814415183683,13.977264693865614,99085036e5fbe899,[],1.0,psp_010087_1555,['train'],1.0,Counter({'train': 1}),val,929ffd64c6803520,True,hirise_clean,0,C:\Users\deves\OneDrive\Desktop\Projects\TCMD-SS\data\raw\hirise_v3_2\map-proj-v3_2\PSP_010087_1555_RED-0029.jpg
map-proj-v3_2/PSP_010087_1555_RED-0030.jpg,ok,,JPEG,227.0,227.0,L,1.0,1.0,normal,other,train,psp_010087_1555_red-0030,[],2e02ffe7486b290561c1cc9b93ec03de2caec7673646812ec412c685664bea2d,2397da6952359c035b93529166a00d788d47e422671d2e6e85a7fc4ece7f8e2f,a6dc31870a572e5e,137.0552310349512,14.052051964801471,8f4e258b64f9920e,[],0.0,psp_010087_1555,['train'],1.0,Counter({'train': 1}),val,929ffd64c6803520,True,hirise_clean,0,C:\Users\deves\OneDrive\Desktop\Projects\TCMD-SS\data\raw\hirise_v3_2\map-proj-v3_2\PSP_010087_1555_RED-0030.jpg
map-proj-v3_2/PSP_010087_1555_RED-0034.jpg,ok,,JPEG,227.0,227.0,L,1.0,1.0,normal,other,train,psp_010087_1555_red-0034,[],e278419cbfa14559c5c7f3af328b99d0220b01646de60253c8e1551b06cb712b,5a791cdbdf329a2cdce9ac91cefaea1b6a7d4fd9ae59637d7123d963b37ea14f,d89db575a0284b97,140.99920433154145,13.900275652183677,0a7c85eac419d9d5,[],0.0,psp_010087_1555,['train'],1.0,Counter({'train': 1}),val,929ffd64c6803520,True,hirise_clean,0,C:\Users\deves\OneDrive\Desktop\Projects\TCMD-SS\data\raw\hirise_v3_2\map-proj-v3_2\PSP_010087_1555_RED-0034.jpg
map-proj-v3_2/PSP_010087_1555_RED-0051.jpg,ok,,JPEG,227.0,227.0,L,1.0,1.0,normal,other,train,psp_010087_1555_red-0051,[],4716b57c671cfc52bc0cdfc00d617be54d3771022add5dedaefb2d743bb1ee35,760a4fc822f3aa175cfbfddd440e77aa9221169b40a1c0b7619aacdc73027c34,db6de4818f6ee480,75.34190455859807,54.035248813827344,baf1433a7bc7ecc9,[],0.0,psp_010087_1555,['train'],1.0,Counter({'train': 1}),val,929ffd64c6803520,True,hirise_clean,0,C:\Users\deves\OneDrive\Desktop\Projects\TCMD-SS\data\raw\hirise_v3_2\map-proj-v3_2\PSP_010087_1555_RED-0051.jpg
map-proj-v3_2/PSP_010087_1555_RED-0056.jpg,ok,,JPEG,227.0,227.0,L,1.0,1.0,normal,other,train,psp_010087_1555_red-0056,[],732b8266ec3f271aabbf483331ef221eb305b4b07d8c6d190a6be5b1c054377d,dac2024afda1caaa1dc9f7c880f52f3e7c979e7c260bb4389697be1a09cab814,c4869d99b9b1273a,139.7107454054998,15.178206591404264,cc1b9daf57c4ca69,[],0.0,psp_010087_1555,['train'],1.0,Counter({'train': 1}),val,929ffd64c6803520,True,hirise_clean,0,C:\Users\deves\OneDrive\Desktop\Projects\TCMD-SS\data\raw\hirise_v3_2\map-proj-v3_2\PSP_010087_1555_RED-0056.jpg
map-proj-v3_2/PSP_010087_1555_RED-0057.jpg,ok,,JPEG,227.0,227.0,L,1.0,1.0,normal,other,train,psp_010087_1555_red-0057,[],e5f2536ff0e55f883451edfe11db45fea782f718131a35206d9a87e2818a4cac,56056642e2bed4760d862e265903b190ef30efbae24af86b88773004181b0cea,af89097e86f92a4a,132.25038327931844,11.944818004110273,c6d8b522652f410e,[],0.0,psp_010087_1555,['train'],1.0,Counter({'train': 1}),val,929ffd64c6803520,True,hirise_clean,0,C:\Users\deves\OneDrive\Desktop\Projects\TCMD-SS\data\raw\hirise_v3_2\map-proj-v3_2\PSP_010087_1555_RED-0057.jpg
map-proj-v3_2/PSP_010087_1555_RED-0074.jpg,ok,,JPEG,227.0,227.0,L,1.0,1.0,normal,other,train,psp_010087_1555_red-0074,[],2d31f035da4882a09448c5e5a8b841655cb0447f679f7b736980285416d2480e,6241ed1c502b400c406d1c50475750a5ccb5c72e17199c31e6cd50403ab35255,d555623e9ad0a653,127.6958799899086,32.40862221672398,3437b15dae722f3b,[],0.0,psp_010087_1555,['train'],1.0,Counter({'train': 1}),val,929ffd64c6803520,True,hirise_clean,0,C:\Users\deves\OneDrive\Desktop\Projects\TCMD-SS\data\raw\hirise_v3_2\map-proj-v3_2\PSP_010087_1555_RED-0074.jpg
map-proj-v3_2/PSP_010087_1555_RED-0083.jpg,ok,,JPEG,227.0,227.0,L,1.0,1.0,normal,other,train,psp_010087_1555_red-0083,[],645a0fbcf3c9c05d31f350d104b02dc4a324ea8004d96b131008fbcb283957da,de4cfad2d4b187adcd4f6084aa9a71255cdfd627c23ef8350d4b330228f9bac5,9ab036e499f3644d,123.20122649381902,13.728218424378488,eef7783480dcb54e,[],0.0,psp_010087_1555,['train'],1.0,Counter({'train': 1}),val,929ffd64c6803520,True,hirise_clean,0,C:\Users\deves\OneDrive\Desktop\Projects\TCMD-SS\data\raw\hirise_v3_2\map-proj-v3_2\PSP_010087_1555_RED-0083.jpg
map-proj-v3_2/PSP_010087_1555_RED-0084.jpg,ok,,JPEG,227.0,227.0,L,1.0,1.0,normal,crater,train,psp_010087_1555_red-0084,[],a2c3f70ae7b21c0bf492395335a40aaea3cc0f7e2c50b5d6fb55d4789552e7d0,4e481e2bd33105a1a4da8390d0cc6c076561de90dd214c7a29e77a0cd979ebee,f339c6468c193379,125.17859845912012,23.914929961595814,a72adfcdb7de218b,[],1.0,psp_010087_1555,['train'],1.0,Counter({'train': 1}),val,929ffd64c6803520,True,hirise_clean,0,C:\Users\deves\OneDrive\Desktop\Projects\TCMD-SS\data\raw\hirise_v3_2\map-proj-v3_2\PSP_010087_1555_RED-0084.jpg
map-proj-v3_2/PSP_010087_1555_RED-0087.jpg,ok,,JPEG,227.0,227.0,L,1.0,1.0,normal,other,train,psp_010087_1555_red-0087,[],b0ee0b4e4658d965d9fd84f95d750912a86153bad4550b9fb6bf0f3d684541e5,ce48a3e9df9d44ad7c3783c467e2847e0ae79ed2ec840438ea97f2c233ef9203,c895316dcb4654f5,126.04011333423897,18.387401388790263,f76a6b6aace1df4a,[],0.0,psp_010087_1555,['train'],1.0,Counter({'train': 1}),val,929ffd64c6803520,True,hirise_clean,0,C:\Users\deves\OneDrive\Desktop\Projects\TCMD-SS\data\raw\hirise_v3_2\map-proj-v3_2\PSP_010087_1555_RED-0087.jpg
map-proj-v3_2/PSP_010087_1555_RED-0091.jpg,ok,,JPEG,227.0,227.0,L,1.0,1.0,normal,other,train,psp_010087_1555_red-0091,[],b7bdbd8bcec15151844718c3f10eeba39291062652cb59f5828acc059ca4bb17,91d87b02aa772d86895db92608d60d8ec02c65f0342364af37ad1cd5c1a26c1c,c5ca3226c99d33e6,121.14849890353004,14.127568331820338,e6f8b7b2ad87f15e,[],0.0,psp_010087_1555,['train'],1.0,Counter({'train': 1}),val,929ffd64c6803520,True,hirise_clean,0,C:\Users\deves\OneDrive\Desktop\Projects\TCMD-SS\data\raw\hirise_v3_2\map-proj-v3_2\PSP_010087_1555_RED-0091.jpg
map-proj-v3_2/PSP_010087_1555_RED-0094.jpg,ok,,JPEG,227.0,227.0,L,1.0,1.0,normal,other,train,psp_010087_1555_red-0094,[],1584fe87ad4e493440aa0ff8092f4401f938dd609ef7925ef242969169c0c2f5,a6f8b89ab4df4c19a6347c4ca47c8ff5978e306e03325253c681ed15ac3c1030,8c9533664cd973c6,121.23037512856838,11.97413571803674,a7fda2e7cb643d54,[],0.0,psp_010087_1555,['train'],1.0,Counter({'train': 1}),val,929ffd64c6803520,True,hirise_clean,0,C:\Users\deves\OneDrive\Desktop\Projects\TCMD-SS\data\raw\hirise_v3_2\map-proj-v3_2\PSP_010087_1555_RED-0094.jpg
map-proj-v3_2/PSP_010087_1555_RED-0096.jpg,ok,,JPEG,227.0,227.0,L,1.0,1.0,normal,crater,train,psp_010087_1555_red-0096,[],d8714a0b82a88c517439aa509240c5052efb4a376cdf8679b17ffba46a13b0f9,02f868141928e6275fa04a3660fe3c4b1ce06940e1d57d2b30b86135884916ae,c122bdb9a3421dbb,116.8167827825108,14.47573556362813,f74ad39dc9de6f63,[],1.0,psp_010087_1555,['train'],1.0,Counter({'train': 1}),val,929ffd64c6803520,True,hirise_clean,0,C:\Users\deves\OneDrive\Desktop\Projects\TCMD-SS\data\raw\hirise_v3_2\map-proj-v3_2\PSP_010087_1555_RED-0096.jpg
map-proj-v3_2/PSP_010087_1555_RED-0097.jpg,ok,,JPEG,227.0,227.0,L,1.0,1.0,normal,other,train,psp_010087_1555_red-0097,[],9b72f75a41ec4b85d4469f635afbf41be0f548abadf34a3b67e5d38d2a26bf93,ee106228ee9ab263099a24c213b7f9e7a74a158bb8d9052b211918d8d717045b,874f8b99db9a1035,116.36942304333482,13.400121958697524,919c14eb4794ff55,[],0.0,psp_010087_1555,['train'],1.0,Counter({'train': 1}),val,929ffd64c6803520,True,hirise_clean,0,C:\Users\deves\OneDrive\Desktop\Projects\TCMD-SS\data\raw\hirise_v3_2\map-proj-v3_2\PSP_010087_1555_RED-0097.jpg
map-proj-v3_2/PSP_010087_1555_RED-0098.jpg,ok,,JPEG,227.0,227.0,L,1.0,1.0,normal,other,train,psp_010087_1555_red-0098,[],c4103294cc17ea25aa4b24ac457734b3e90033a83551e9216f6477b2c23f651e,642c11e53ed8440e3c60d77f85cc16a87d86680871c80886799e50b4f75328ba,971534c7851fb724,115.33850841273846,12.864564851327051,a55dc10bd97bb35d,[],0.0,psp_010087_1555,['train'],1.0,Counter({'train': 1}),val,929ffd64c6803520,True,hirise_clean,0,C:\Users\deves\OneDrive\Desktop\Projects\TCMD-SS\data\raw\hirise_v3_2\map-proj-v3_2\PSP_010087_1555_RED-0098.jpg
map-proj-v3_2/PSP_010087_1555_RED-0101.jpg,ok,,JPEG,227.0,227.0,L,1.0,1.0,normal,other,train,psp_010087_1555_red-0101,[],ef9a740efbf23df68fab323fbe023af1c738c580c54034b0d3ded1ac7f753d61,15f2949c094084ffba235623dae48ad3093de2797677e7e3ca8d5da2f1a19f62,c995b23eed5b3140,117.3819790797415,13.338242815851334,d1aeb4c5a97b35e0,[],0.0,psp_010087_1555,['train'],1.0,Counter({'train': 1}),val,929ffd64c6803520,True,hirise_clean,0,C:\Users\deves\OneDrive\Desktop\Projects\TCMD-SS\data\raw\hirise_v3_2\map-proj-v3_2\PSP_010087_1555_RED-0101.jpg
map-proj-v3_2/PSP_010087_1555_RED-0103.jpg,ok,,JPEG,227.0,227.0,L,1.0,1.0,normal,other,train,psp_010087_1555_red-0103,[],3f350f81733006aa0608335ac7bd0b72bcda40c08e45e179f839bbe4484b8739,0729b0716967ca4cb2b8f15174eb28db38370ecaa6ca0fd26cce2fe4eab2df16,96ad2972de953922,120.93555085485843,13.869298775074174,de0344ac56846789,[],0.0,psp_010087_1555,['train'],1.0,Counter({'train': 1}),val,929ffd64c6803520,True,hirise_clean,0,C:\Users\deves\OneDrive\Desktop\Projects\TCMD-SS\data\raw\hirise_v3_2\map-proj-v3_2\PSP_010087_1555_RED-0103.jpg
map-proj-v3_2/PSP_010087_1555_RED-0105.jpg,ok,,JPEG,227.0,227.0,L,1.0,1.0,normal,crater,train,psp_010087_1555_red-0105,[],74dd5a8096d767cec41f5f7bf155e34b6e5e1c818b14ff0e00ea12b979e49216,1ad7602e92a731de6f8443751460e7833e98c93a2680a095fd9c8b41bd757600,93a7cc983065cb9e,122.12575442954451,23.495283678350688,1c37fb0fce5106dc,[],1.0,psp_010087_1555,['train'],1.0,Counter({'train': 1}),val,929ffd64c6803520,True,hirise_clean,0,C:\Users\deves\OneDrive\Desktop\Projects\TCMD-SS\data\raw\hirise_v3_2\map-proj-v3_2\PSP_010087_1555_RED-0105.jpg
map-proj-v3_2/PSP_010087_1555_RED-0108.jpg,ok,,JPEG,227.0,227.0,L,1.0,1.0,normal,other,train,psp_010087_1555_red-0108,[],f91e9297a9d8c20e403d8e699a950bbc59ec25ae99f2652738cd972616f0726d,72b105d9989544a571a5f308a3dd7f4fd72af6900e0148a84d823ee4c7c25ea8,cb163468cb5a31e7,117.49894234314658,14.233159212753971,3f8b085b0a2a4ffc,[],0.0,psp_010087_1555,['train'],1.0,Counter({'train': 1}),val,929ffd64c6803520,True,hirise_clean,0,C:\Users\deves\OneDrive\Desktop\Projects\TCMD-SS\data\raw\hirise_v3_2\map-proj-v3_2\PSP_010087_1555_RED-0108.jpg
map-proj-v3_2/PSP_010087_1555_RED-0111.jpg,ok,,JPEG,227.0,227.0,L,1.0,1.0,normal,other,train,psp_010087_1555_red-0111,[],776c1b17b948623584a24a3fdbbfe662b91cc11e01b4f8c246ec7f1ec763a34c,95a7f591e1324d71803b8793d26edd2ea0c5bf2bf95ad4a2c0ac17a241521e2b,d5c81a74c89b532f,128.06786469754894,16.318815674562018,0e1231134b4cb604,[],0.0,psp_010087_1555,['train'],1.0,Counter({'train': 1}),val,929ffd64c6803520,True,hirise_clean,0,C:\Users\deves\OneDrive\Desktop\Projects\TCMD-SS\data\raw\hirise_v3_2\map-proj-v3_2\PSP_010087_1555_RED-0111.jpg
map-proj-v3_2/PSP_010087_1555_RED-0119.jpg,ok,,JPEG,227.0,227.0,L,1.0,1.0,normal,other,train,psp_010087_1555_red-0119,[],6bf8d07f20b994124ecf945e4c2cbf84af9feb1a684eebada6658298f983719f,d160c591fec63dcd6eb357e7f4e43fd9f60cb7ca1fae049205f91b4d1f19b489,d45a2952edcb3712,147.6430553668808,65.45645997045122,5051169036d41840,[],0.0,psp_010087_1555,['train'],1.0,Counter({'train': 1}),val,929ffd64c6803520,True,hirise_clean,0,C:\Users\deves\OneDrive\Desktop\Projects\TCMD-SS\data\raw\hirise_v3_2\map-proj-v3_2\PSP_010087_1555_RED-0119.jpg
map-proj-v3_2/PSP_010087_1555_RED-0123.jpg,ok,,JPEG,227.0,227.0,L,1.0,1.0,normal,other,train,psp_010087_1555_red-0123,[],cb5519d16120aaaf06551f070f1ed5e0c12a6477e3f81fea39b1f616d5ec2481,bb5efc28bbadbb05f330a14765d7c8f2c74376e1330faa97a49b438ac156d07c,b82447c3adc8971f,136.29305827786294,15.47427015006932,0abd0389ca93c142,[],0.0,psp_010087_1555,['train'],1.0,Counter({'train': 1}),val,929ffd64c6803520,True,hirise_clean,0,C:\Users\deves\OneDrive\Desktop\Projects\TCMD-SS\data\raw\hirise_v3_2\map-proj-v3_2\PSP_010087_1555_RED-0123.jpg
map-proj-v3_2/PSP_010087_1555_RED-0124.jpg,ok,,JPEG,227.0,227.0,L,1.0,1.0,normal,other,train,psp_010087_1555_red-0124,[],69ac94db81ca839fb708040173a24c58a633aa2882b2fc1eec5d48cd3751f9fc,bda712df4c5c496d76e871d55a4a633b37a7e8c6131eb783464542e4153b0239,afc19123cec9c3b2,129.98639601001378,14.447686769971927,704c2e39be955d67,[],0.0,psp_010087_1555,['train'],1.0,Counter({'train': 1}),val,929ffd64c6803520,True,hirise_clean,0,C:\Users\deves\OneDrive\Desktop\Projects\TCMD-SS\data\raw\hirise_v3_2\map-proj-v3_2\PSP_010087_1555_RED-0124.jpg
map-proj-v3_2/PSP_010087_1555_RED-0128.jpg,ok,,JPEG,227.0,227.0,L,1.0,1.0,normal,other,train,psp_010087_1555_red-0128,[],3a11c0458b484ca342fe52bbb6e5ec977d529d9bc32d762bddc864d41f19f496,14c5841e35c8999b0b6d69cf2979dbfbc863a53d36bd098e2a29292a79e33a1b,d2693dd8942b1df0,125.21446175939762,75.17488378747065,edf2e8841a773988,[],0.0,psp_010087_1555,['train'],1.0,Counter({'train': 1}),val,929ffd64c6803520,True,hirise_clean,0,C:\Users\deves\OneDrive\Desktop\Projects\TCMD-SS\data\raw\hirise_v3_2\map-proj-v3_2\PSP_010087_1555_RED-0128.jpg
map-proj-v3_2/PSP_010087_1555_RED-0130.jpg,ok,,JPEG,227.0,227.0,L,1.0,1.0,normal,other,train,psp_010087_1555_red-0130,[],a3249158121ddc266712c333f3fa8a5460065336952443918a540cbfcbfecf21,b5740572368bcf5439c74cda61c9e6a31fb9271def3507f28580f8e06cce677f,9452a563e74cd879,156.5325350773351,15.183173089788616,3386c90678aecd68,[],0.0,psp_010087_1555,['train'],1.0,Counter({'train': 1}),val,929ffd64c6803520,True,hirise_clean,0,C:\Users\deves\OneDrive\Desktop\Projects\TCMD-SS\data\raw\hirise_v3_2\map-proj-v3_2\PSP_010087_1555_RED-0130.jpg
map-proj-v3_2/PSP_010087_1555_RED-0136.jpg,ok,,JPEG,227.0,227.0,L,1.0,1.0,normal,other,train,psp_010087_1555_red-0136,[],d16d1c4dba1baefaf4c34a23689ee578913a0648fdff4162d5a49af7f01cd94d,c21d9f746cde9f0bc7d8fe1a0a81f8fd19a3017ca44ad35da1aba57afdaa0cac,9a16256dda96346d,112.02202643171806,22.120184616911992,258593135f65ef95,[],0.0,psp_010087_1555,['train'],1.0,Counter({'train': 1}),val,929ffd64c6803520,True,hirise_clean,0,C:\Users\deves\OneDrive\Desktop\Projects\TCMD-SS\data\raw\hirise_v3_2\map-proj-v3_2\PSP_010087_1555_RED-0136.jpg
map-proj-v3_2/PSP_010087_1555_RED-0137.jpg,ok,,JPEG,227.0,227.0,L,1.0,1.0,normal,other,train,psp_010087_1555_red-0137,[],da5638ce9f1624ea8ea1c6c9d49ccbb5b0b2dda1e0d002a63b907dc9662f3001,177a062f58c75836a77e22edfa9fb5387d01832f0814e6ef18447eff5695dbfc,83d4ba53d3b52147,130.75345921713986,11.539719635457752,bf507cd44231110c,[],0.0,psp_010087_1555,['train'],1.0,Counter({'train': 1}),val,929ffd64c6803520,True,hirise_clean,0,C:\Users\deves\OneDrive\Desktop\Projects\TCMD-SS\data\raw\hirise_v3_2\map-proj-v3_2\PSP_010087_1555_RED-0137.jpg
map-proj-v3_2/PSP_010087_1555_RED-0142.jpg,ok,,JPEG,227.0,227.0,L,1.0,1.0,normal,other,train,psp_010087_1555_red-0142,[],480b8328e8421d6b8e2297f85e0f26446ce0be9e93bf79e106c9400683ffaf9c,2b432d0ca29fe2e5d55b289ebffd0368218d25e7512d98390f7e8a83e98c3f17,8b4168cd694337cf,125.7542548855984,12.285950407476728,51822e01534d9631,[],0.0,psp_010087_1555,['train'],1.0,Counter({'train': 1}),val,929ffd64c6803520,True,hirise_clean,0,C:\Users\deves\OneDrive\Desktop\Projects\TCMD-SS\data\raw\hirise_v3_2\map-proj-v3_2\PSP_010087_1555_RED-0142.jpg
map-proj-v3_2/PSP_010087_1555_RED-0147.jpg,ok,,JPEG,227.0,227.0,L,1.0,1.0,normal,other,train,psp_010087_1555_red-0147,[],ee2b3ea2530302975b023c9a0527f8f8953eb4acc2f68ea5891b6b0fc6c5a6cb,2f7af3203284bb35b48211e9eecf41922dd9fa0ae006f24874f9b7b42e880da0,c1a52f4bd39c3a62,121.09287973762348,11.707162197346191,50d52fca20712212,[],0.0,psp_010087_1555,['train'],1.0,Counter({'train': 1}),val,929ffd64c6803520,True,hirise_clean,0,C:\Users\deves\OneDrive\Desktop\Projects\TCMD-SS\data\raw\hirise_v3_2\map-proj-v3_2\PSP_010087_1555_RED-0147.jpg
map-proj-v3_2/PSP_010087_1555_RED-0154.jpg,ok,,JPEG,227.0,227.0,L,1.0,1.0,normal,other,train,psp_010087_1555_red-0154,[],152fa416127a1d3d9ed890562d05ec66b756a7c09f94e4ca7de8f4e5e7c2a1c6,67f955af9d96f5a55b38deea3265483680853fcc55585aaf98a0326a30e93107,cb93bc74c8d83e0c,111.78751770847484,15.941462550468142,0fd1b993b80b1aac,[],0.0,psp_010087_1555,['train'],1.0,Counter({'train': 1}),val,929ffd64c6803520,True,hirise_clean,0,C:\Users\deves\OneDrive\Desktop\Projects\TCMD-SS\data\raw\hirise_v3_2\map-proj-v3_2\PSP_010087_1555_RED-0154.jpg
map-proj-v3_2/PSP_010087_1555_RED-0158.jpg,ok,,JPEG,227.0,227.0,L,1.0,1.0,normal,other,train,psp_010087_1555_red-0158,[],033da5929ef628349f574f4d57e3893bc5fa4e5d5643d1938f99dd5d6304f989,2963544bdb0a18b945ced8f4d0179aeb6ab47143aa83b3485d9307ee4b6b2fe2,d55a3a60cb993b43,105.75631197966194,43.46996854268198,aac1b03e3e05a24f,[],0.0,psp_010087_1555,['train'],1.0,Counter({'train': 1}),val,929ffd64c6803520,True,hirise_clean,0,C:\Users\deves\OneDrive\Desktop\Projects\TCMD-SS\data\raw\hirise_v3_2\map-proj-v3_2\PSP_010087_1555_RED-0158.jpg
map-proj-v3_2/PSP_010087_1555_RED-0163.jpg,ok,,JPEG,227.0,227.0,L,1.0,1.0,normal,crater,train,psp_010087_1555_red-0163,[],a39478c657bd9cf27b59feb138e106f9e776e387d0e598e0e107d6c658caf6b9,ebcdc2bce8fb62bef218d0eda070665d18bec8d9c0649d5205e7598c7c558dee,bbe8ccc18387ce19,103.70983329775466,13.64662250514964,3494a29790a176b1,[],1.0,psp_010087_1555,['train'],1.0,Counter({'train': 1}),val,929ffd64c6803520,True,hirise_clean,0,C:\Users\deves\OneDrive\Desktop\Projects\TCMD-SS\data\raw\hirise_v3_2\map-proj-v3_2\PSP_010087_1555_RED-0163.jpg
map-proj-v3_2/PSP_010087_1555_RED-0164.jpg,ok,,JPEG,227.0,227.0,L,1.0,1.0,normal,other,train,psp_010087_1555_red-0164,[],ca7f794ffb301b47bf5c785c93fb9f0c90328f7a0324b11564435de7a8550892,1fd8b8292ba54920e65338f28e33b75eb0001310cbe701ea4d33ec890722f218,8d803364c9db376b,118.43356168371209,14.50442572286014,9f9330f4a408f3b4,[],0.0,psp_010087_1555,['train'],1.0,Counter({'train': 1}),val,929ffd64c6803520,True,hirise_clean,0,C:\Users\deves\OneDrive\Desktop\Projects\TCMD-SS\data\raw\hirise_v3_2\map-proj-v3_2\PSP_010087_1555_RED-0164.jpg
map-proj-v3_2/PSP_010087_1555_RED-0167.jpg,ok,,JPEG,227.0,227.0,L,1.0,1.0,normal,other,train,psp_010087_1555_red-0167,[],2bdccac68c8c3d87ce0ffd0a21241c5acc96ae47e90529389d35d099a099b5e8,ce732bca60f63d3cdf93e3f68ac92daa68a2da79c1180b168e42ce72301378fb,a1932e6c7366cc99,114.45178443206738,13.186197594100248,9faa165156aab0f7,[],0.0,psp_010087_1555,['train'],1.0,Counter({'train': 1}),val,929ffd64c6803520,True,hirise_clean,0,C:\Users\deves\OneDrive\Desktop\Projects\TCMD-SS\data\raw\hirise_v3_2\map-proj-v3_2\PSP_010087_1555_RED-0167.jpg
map-proj-v3_2/PSP_010087_1555_RED-0168.jpg,ok,,JPEG,227.0,227.0,L,1.0,1.0,normal,other,train,psp_010087_1555_red-0168,[],cb7a3daf83f69d89997e5b30554a9687d7deffe9601d6de37ca09f0b7992d7be,fc03e428776490f2070cd0f4c406a205a12ec58f1dedf8baf57306c28cd8d742,cd9639620619b76d,106.23976789768868,15.42047606473276,bc3beff55fbb44a5,[],0.0,psp_010087_1555,['train'],1.0,Counter({'train': 1}),val,929ffd64c6803520,True,hirise_clean,0,C:\Users\deves\OneDrive\Desktop\Projects\TCMD-SS\data\raw\hirise_v3_2\map-proj-v3_2\PSP_010087_1555_RED-0168.jpg
map-proj-v3_2/PSP_010087_1555_RED-0171.jpg,ok,,JPEG,227.0,227.0,L,1.0,1.0,normal,other,train,psp_010087_1555_red-0171,[],cb898f73fc150cc21a56d1a88a338466d48734bd468fea7a92336af78ab8594f,e882ccc96ab20620cd640d1b6fa6b115a2b143e1ae5dc9e8ab8ebacddc7304f0,f96ec69a30e1f4c0,81.09800306623455,19.222546128397187,b75fb41deb929cbd,[],0.0,psp_010087_1555,['train'],1.0,Counter({'train': 1}),val,929ffd64c6803520,True,hirise_clean,0,C:\Users\deves\OneDrive\Desktop\Projects\TCMD-SS\data\raw\hirise_v3_2\map-proj-v3_2\PSP_010087_1555_RED-0171.jpg
map-proj-v3_2/PSP_010087_1555_RED-0176.jpg,ok,,JPEG,227.0,227.0,L,1.0,1.0,normal,other,train,psp_010087_1555_red-0176,[],a1531bceaaa45e0c789882a97002f70e450888105ffcb2723d06a7a98bcd1627,96c827c73e5dead354a7f973676b0d4031ce2af02ba61bc9bc847b8dd4753a2d,cce436ee0837e919,122.09877932814533,13.489604843179173,63631562a4dc4833,[],0.0,psp_010087_1555,['train'],1.0,Counter({'train': 1}),val,929ffd64c6803520,True,hirise_clean,0,C:\Users\deves\OneDrive\Desktop\Projects\TCMD-SS\data\raw\hirise_v3_2\map-proj-v3_2\PSP_010087_1555_RED-0176.jpg
map-proj-v3_2/PSP_010087_1555_RED-0178.jpg,ok,,JPEG,227.0,227.0,L,1.0,1.0,normal,other,train,psp_010087_1555_red-0178,[],c95e022d253846e7b7d0a7b86c3b6d47abb9f6333ea503ed04103a5a790fcf98,0f535cf7f96c1f4c37854b155e20a58f42039081bc64a06ef8905e5dd75194e3,87409933666c59fb,75.6245803334045,43.48560113860356,3e5c99927e74cdcb,[],0.0,psp_010087_1555,['train'],1.0,Counter({'train': 1}),val,929ffd64c6803520,True,hirise_clean,0,C:\Users\deves\OneDrive\Desktop\Projects\TCMD-SS\data\raw\hirise_v3_2\map-proj-v3_2\PSP_010087_1555_RED-0178.jpg
map-proj-v3_2/PSP_010087_1555_RED-0181.jpg,ok,,JPEG,227.0,227.0,L,1.0,1.0,normal,crater,train,psp_010087_1555_red-0181,[],63b4c3c93576babae8e824090f3e11ad909d3ec2b2d1f8d232709b825d6fd672,c3159ec0c2cb9278cdf37469421f1bf2a9844cc1ea23c7a936ec99d7d22511be,b14ec72158b3eb86,113.6671194861146,16.358230576462734,da2c8f16dfd07a2f,[],1.0,psp_010087_1555,['train'],1.0,Counter({'train': 1}),val,929ffd64c6803520,True,hirise_clean,0,C:\Users\deves\OneDrive\Desktop\Projects\TCMD-SS\data\raw\hirise_v3_2\map-proj-v3_2\PSP_010087_1555_RED-0181.jpg
map-proj-v3_2/PSP_010087_1555_RED-0189.jpg,ok,,JPEG,227.0,227.0,L,1.0,1.0,normal,other,train,psp_010087_1555_red-0189,[],e5e20dcf74a890a1d486990a2791952dd31aa3c764a4421471906bd8294e882f,f3ea6a06ec21d98a3ac5e730c0d5d8d68348844e86912b530e47e7fefb628360,cd90b369e3c89336,88.97155000097032,16.140559343707935,0c572ca8b7ccb8de,[],0.0,psp_010087_1555,['train'],1.0,Counter({'train': 1}),val,929ffd64c6803520,True,hirise_clean,0,C:\Users\deves\OneDrive\Desktop\Projects\TCMD-SS\data\raw\hirise_v3_2\map-proj-v3_2\PSP_010087_1555_RED-0189.jpg
map-proj-v3_2/PSP_010087_1555_RED-0193.jpg,ok,,JPEG,227.0,227.0,L,1.0,1.0,normal,other,train,psp_010087_1555_red-0193,[],8dcf45e46be6e11efcc413f39de7ae44045ea63ef9114f94912d459d2598184f,39cf695b2326ac34a49ce6691499f5c8edcaa78681c6fce9aa933d794bf0d293,f9c0963edcbd7040,87.72817248539657,15.04179684711815,82d1248b9f7a0200,[],0.0,psp_010087_1555,['train'],1.0,Counter({'train': 1}),val,929ffd64c6803520,True,hirise_clean,0,C:\Users\deves\OneDrive\Desktop\Projects\TCMD-SS\data\raw\hirise_v3_2\map-proj-v3_2\PSP_010087_1555_RED-0193.jpg
map-proj-v3_2/PSP_010087_1555_RED-0194.jpg,ok,,JPEG,227.0,227.0,L,1.0,1.0,normal,other,train,psp_010087_1555_red-0194,[],5ac16106b1efa29fe9d9c454cbf22e8e4367a82682a8414771700d6cee73135c,dc85385952004fc7e3acceaf3699812d8ab4fdf4304230b4097d9b064df9fb2c,81e0d63c39c356ed,96.50117409614003,43.02717664092591,81586cf3093da7c7,[],0.0,psp_010087_1555,['train'],1.0,Counter({'train': 1}),val,929ffd64c6803520,True,hirise_clean,0,C:\Users\deves\OneDrive\Desktop\Projects\TCMD-SS\data\raw\hirise_v3_2\map-proj-v3_2\PSP_010087_1555_RED-0194.jpg
map-proj-v3_2/PSP_010087_1555_RED-0196.jpg,ok,,JPEG,227.0,227.0,L,1.0,1.0,normal,other,train,psp_010087_1555_red-0196,[],72eee7813eb6c3d60e305eb45b70897d829b8733d0b856bec11f3fc9f94ea2c6,823a0b595bb9c818750dfc2eabf4cd97b8a35c211472977f41588d61580c6849,c0ffb3e60c19254d,95.48491140910944,26.207878377045272,7d61229f26ca3cd7,[],0.0,psp_010087_1555,['train'],1.0,Counter({'train': 1}),val,929ffd64c6803520,True,hirise_clean,0,C:\Users\deves\OneDrive\Desktop\Projects\TCMD-SS\data\raw\hirise_v3_2\map-proj-v3_2\PSP_010087_1555_RED-0196.jpg
map-proj-v3_2/PSP_010087_1555_RED-0202.jpg,ok,,JPEG,227.0,227.0,L,1.0,1.0,normal,other,train,psp_010087_1555_red-0202,[],c1961ed7b4d5ba37faf18705a9f06566ec951b4861a07278d73a95e2f94677a7,bee67301055783e605a1c09d7e7b85bf8e249ef932b5af7b3efa988377e544f5,8ab6264bdfd8e019,94.0732597178288,13.79543707885228,f8e109fb67319840,[],0.0,psp_010087_1555,['train'],1.0,Counter({'train': 1}),val,929ffd64c6803520,True,hirise_clean,0,C:\Users\deves\OneDrive\Desktop\Projects\TCMD-SS\data\raw\hirise_v3_2\map-proj-v3_2\PSP_010087_1555_RED-0202.jpg
map-proj-v3_2/PSP_010087_1555_RED-0205.jpg,ok,,JPEG,227.0,227.0,L,1.0,1.0,normal,other,train,psp_010087_1555_red-0205,[],34eede0a2f06518d9885ec9991f0ffa5fec3e3a6a3a727e6155343b85d489abc,8a4a891efea6fcb1f6288deec2351bdbc1057559a489e99bf6fa150ff48aac85,c0d8b26015b52f7f,98.09920627219624,17.113251448482284,6db6341cb38c098c,[],0.0,psp_010087_1555,['train'],1.0,Counter({'train': 1}),val,929ffd64c6803520,True,hirise_clean,0,C:\Users\deves\OneDrive\Desktop\Projects\TCMD-SS\data\raw\hirise_v3_2\map-proj-v3_2\PSP_010087_1555_RED-0205.jpg
map-proj-v3_2/PSP_010087_1555_RED-0208.jpg,ok,,JPEG,227.0,227.0,L,1.0,1.0,normal,other,train,psp_010087_1555_red-0208,[],56a0a05c884bc8c9eed60a705c6b0eebe3050bbed6dae96107fcf52755f09535,ee3721ef8c1b7e8d7d078a5aca8473c995989b75ca355592215d8003f128ca49,8ea6993465d023bf,99.05622076888744,14.7802248705669,4160bb02df1d8200,[],0.0,psp_010087_1555,['train'],1.0,Counter({'train': 1}),val,929ffd64c6803520,True,hirise_clean,0,C:\Users\deves\OneDrive\Desktop\Projects\TCMD-SS\data\raw\hirise_v3_2\map-proj-v3_2\PSP_010087_1555_RED-0208.jpg
map-proj-v3_2/PSP_010087_1555_RED-0211.jpg,ok,,JPEG,227.0,227.0,L,1.0,1.0,normal,other,train,psp_010087_1555_red-0211,[],86586e353858627964e04297433d7420e625df006ed45811b079df9d447180c9,937ed88aad686782bc4194ec4f63d08e0b3f33d8b9af07715436f2312b9be5fe,e66299327a468e1f,93.25030565312736,13.150398496120358,e817b0fe06e07b97,[],0.0,psp_010087_1555,['train'],1.0,Counter({'train': 1}),val,929ffd64c6803520,True,hirise_clean,0,C:\Users\deves\OneDrive\Desktop\Projects\TCMD-SS\data\raw\hirise_v3_2\map-proj-v3_2\PSP_010087_1555_RED-0211.jpg
map-proj-v3_2/PSP_010087_1555_RED-0218.jpg,ok,,JPEG,227.0,227.0,L,1.0,1.0,normal,other,train,psp_010087_1555_red-0218,[],17dcb701e4f1c3f758379bb80b17a86aa4072c49d9d2335f525574d62245b35a,3f3072235c8f8c585a53dcffc220ca9fa55e3093ad2ad53f6ddc0b4b7f3e82ed,cd4b17a35d8ec831,109.63653476683032,14.437969403653792,42824e9741e8c26f,[],0.0,psp_010087_1555,['train'],1.0,Counter({'train': 1}),val,929ffd64c6803520,True,hirise_clean,0,C:\Users\deves\OneDrive\Desktop\Projects\TCMD-SS\data\raw\hirise_v3_2\map-proj-v3_2\PSP_010087_1555_RED-0218.jpg
map-proj-v3_2/PSP_010087_1555_RED-0219.jpg,ok,,JPEG,227.0,227.0,L,1.0,1.0,normal,other,train,psp_010087_1555_red-0219,[],c76fdfb171452eeacf5dc322a0c517060f463394fea81684f587b864342eaa27,610b1ba4f4c84d0fb7ac2fd945db416c4e7022ef153f8c06311f33cb1283f438,e4c19b261fe6ce60,60.04725494381805,13.615879907194616,30a348266aec167a,[],0.0,psp_010087_1555,['train'],1.0,Counter({'train': 1}),val,929ffd64c6803520,True,hirise_clean,0,C:\Users\deves\OneDrive\Desktop\Projects\TCMD-SS\data\raw\hirise_v3_2\map-proj-v3_2\PSP_010087_1555_RED-0219.jpg
map-proj-v3_2/PSP_010087_1555_RED-0231.jpg,ok,,JPEG,227.0,227.0,L,1.0,1.0,normal,other,train,psp_010087_1555_red-0231,[],2b3d9d65af2b94f4a26b97bceabedfb2be33f54941c2a3f00a9481d845315fa9,7f48c0c349c35a4c276ef7611c7305a9b5e47df9aa63107873c8a41598df8229,e1dcb53dd8907149,85.22628034698907,14.41500000614515,b790ddb1462aaa70,[],0.0,psp_010087_1555,['train'],1.0,Counter({'train': 1}),val,929ffd64c6803520,True,hirise_clean,0,C:\Users\deves\OneDrive\Desktop\Projects\TCMD-SS\data\raw\hirise_v3_2\map-proj-v3_2\PSP_010087_1555_RED-0231.jpg
map-proj-v3_2/PSP_010087_1555_RED-0234.jpg,ok,,JPEG,227.0,227.0,L,1.0,1.0,normal,other,train,psp_010087_1555_red-0234,[],5fe6e7916cc46af2e7b876fb84ef055df52be89e140ed0364a30a7b00d744780,d281b2bff7ccf8f16bb33c947685214e270f449e7c0d7cc6d6a91f0fd61bb6db,a7669879272eb107,97.26854780803043,13.352108120876078,10294660cd01d993,[],0.0,psp_010087_1555,['train'],1.0,Counter({'train': 1}),val,929ffd64c6803520,True,hirise_clean,0,C:\Users\deves\OneDrive\Desktop\Projects\TCMD-SS\data\raw\hirise_v3_2\map-proj-v3_2\PSP_010087_1555_RED-0234.jpg
map-proj-v3_2/PSP_010087_1555_RED-0237.jpg,ok,,JPEG,227.0,227.0,L,1.0,1.0,normal,other,train,psp_010087_1555_red-0237,[],5ce89ac4bf20b0079e7907ca42291b9866b629b66cbeaacfcf7504d12ef8b184,39f9a82e128c7f579d64cd7855673462f944cc1eb364555f24887e164290ea6b,bde10b35e2de0b12,89.84884239942556,14.232579343306485,b8499f48a136ca69,[],0.0,psp_010087_1555,['train'],1.0,Counter({'train': 1}),val,929ffd64c6803520,True,hirise_clean,0,C:\Users\deves\OneDrive\Desktop\Projects\TCMD-SS\data\raw\hirise_v3_2\map-proj-v3_2\PSP_010087_1555_RED-0237.jpg
map-proj-v3_2/PSP_010087_1555_RED-0244.jpg,ok,,JPEG,227.0,227.0,L,1.0,1.0,normal,other,train,psp_010087_1555_red-0244,[],15c7af28e3b6299069c51d26f14a6a21cb9134caa19ed302beff408c054ce421,a234f6f13721cfeb1dd30f63234042c2f24b4ad3cc81a40b46eca8fc58a423d6,d5e11369c13163cf,65.67948145704361,16.334111678526735,537616622886c228,[],0.0,psp_010087_1555,['train'],1.0,Counter({'train': 1}),val,929ffd64c6803520,True,hirise_clean,0,C:\Users\deves\OneDrive\Desktop\Projects\TCMD-SS\data\raw\hirise_v3_2\map-proj-v3_2\PSP_010087_1555_RED-0244.jpg
map-proj-v3_2/PSP_010087_1555_RED-0254.jpg,ok,,JPEG,227.0,227.0,L,1.0,1.0,normal,other,train,psp_010087_1555_red-0254,[],e27bcca10ec52e13fa1473e25245825b371f50171a08610ee34751cb4d5c2d40,2fe96d81fe1ab152efa9f5b7320e567549272590e9aa762dbe0c9adb38c171a2,c0df3f63c61c5903,98.1519338624852,37.507853204176826,4476ec1c21bb0102,[],0.0,psp_010087_1555,['train'],1.0,Counter({'train': 1}),val,929ffd64c6803520,True,hirise_clean,0,C:\Users\deves\OneDrive\Desktop\Projects\TCMD-SS\data\raw\hirise_v3_2\map-proj-v3_2\PSP_010087_1555_RED-0254.jpg
map-proj-v3_2/PSP_010087_1555_RED-0257.jpg,ok,,JPEG,227.0,227.0,L,1.0,1.0,normal,other,train,psp_010087_1555_red-0257,[],065ac745becb97d822db6207058517bca9de1fc9fe5ff82f133d94f25b8aac26,0dfe2ca85358b02026aebe270f1c9157779bce58c24988c4790a736c08009220,8a4a5317bfb40d2b,73.52242426594734,11.517119095869612,c2cf3feae4f50af0,[],0.0,psp_010087_1555,['train'],1.0,Counter({'train': 1}),val,929ffd64c6803520,True,hirise_clean,0,C:\Users\deves\OneDrive\Desktop\Projects\TCMD-SS\data\raw\hirise_v3_2\map-proj-v3_2\PSP_010087_1555_RED-0257.jpg
map-proj-v3_2/PSP_010087_1555_RED-0261.jpg,ok,,JPEG,227.0,227.0,L,1.0,1.0,normal,other,train,psp_010087_1555_red-0261,[],d94c4038e6fc3e41fd1461e0d2ca90514f66d77ac6c436e4c7981acd775c9510,e1332212edb52cfceed58ef6f013bf8ab40b26441fe73b49394d904173cc74cd,c76ebc2d0e9e1c18,70.58405946166236,14.889742815757597,7c9be12e70eaf4bb,[],0.0,psp_010087_1555,['train'],1.0,Counter({'train': 1}),val,929ffd64c6803520,True,hirise_clean,0,C:\Users\deves\OneDrive\Desktop\Projects\TCMD-SS\data\raw\hirise_v3_2\map-proj-v3_2\PSP_010087_1555_RED-0261.jpg
map-proj-v3_2/PSP_010087_1555_RED-0264.jpg,ok,,JPEG,227.0,227.0,L,1.0,1.0,normal,other,train,psp_010087_1555_red-0264,[],6aa8b67687edf8b311f737b6b99ab92d94e6b4d5cf883ec072df8193a0ebd1bb,d8c806173de72a5bc112d23d88d014c401a49bfd0acd64af80339aa0ccdc5e69,db6634d8a049d99b,68.90281200877176,14.790544891209665,addf9cfe4780c5b7,[],0.0,psp_010087_1555,['train'],1.0,Counter({'train': 1}),val,929ffd64c6803520,True,hirise_clean,0,C:\Users\deves\OneDrive\Desktop\Projects\TCMD-SS\data\raw\hirise_v3_2\map-proj-v3_2\PSP_010087_1555_RED-0264.jpg
map-proj-v3_2/PSP_010087_1555_RED-0265.jpg,ok,,JPEG,227.0,227.0,L,1.0,1.0,normal,other,train,psp_010087_1555_red-0265,[],1b7f2eca49cad3c3ff88e782882a40e73a1d564d053e696b62854a2240dbf0f1,932d55a5cb4ff5e0da38999dcc7930aec0ea53bb4d6df5bce47504f848ea3131,8b4cae6866546d7c,72.88744202293854,12.816157733188142,82867818ebac5fb9,[],0.0,psp_010087_1555,['train'],1.0,Counter({'train': 1}),val,929ffd64c6803520,True,hirise_clean,0,C:\Users\deves\OneDrive\Desktop\Projects\TCMD-SS\data\raw\hirise_v3_2\map-proj-v3_2\PSP_010087_1555_RED-0265.jpg
map-proj-v3_2/PSP_010087_1555_RED-0270.jpg,ok,,JPEG,227.0,227.0,L,1.0,1.0,normal,other,train,psp_010087_1555_red-0270,[],5774d63dbc97697ba92eb77054e9f9350c6cb089c8c88a600fd543b4dca2250f,ba51051756221c5b5d5ea88e4025b3647c3b7197a8912511bdf2b1a3b42afa3e,b3442e3d69ca8f19,67.39179879291272,13.173590978755612,12bcdbffd948c112,[],0.0,psp_010087_1555,['train'],1.0,Counter({'train': 1}),val,929ffd64c6803520,True,hirise_clean,0,C:\Users\deves\OneDrive\Desktop\Projects\TCMD-SS\data\raw\hirise_v3_2\map-proj-v3_2\PSP_010087_1555_RED-0270.jpg
map-proj-v3_2/PSP_010087_1555_RED-0272.jpg,ok,,JPEG,227.0,227.0,L,1.0,1.0,normal,other,train,psp_010087_1555_red-0272,[],cb97069ad56ddd27ec5f7a1c3cd50bc77d0c1837b9125c90832451d936abc9f0,b86cda4ff50161ea3dcdfce310e2f2134293325e8fd993d10fbf9e46bc0cf269,cc379c810b9746dd,66.79945273535292,15.608469470447892,818f888fdd74e74b,[],0.0,psp_010087_1555,['train'],1.0,Counter({'train': 1}),val,929ffd64c6803520,True,hirise_clean,0,C:\Users\deves\OneDrive\Desktop\Projects\TCMD-SS\data\raw\hirise_v3_2\map-proj-v3_2\PSP_010087_1555_RED-0272.jpg
map-proj-v3_2/PSP_010087_1555_RED-0278.jpg,ok,,JPEG,227.0,227.0,L,1.0,1.0,normal,other,train,psp_010087_1555_red-0278,[],b3470a202b3f7393a12024276fa4295c90400c16a84ef54c0bc59a0883381f80,0e4daff14adfe3c7a1c9d88ebefa977dedf98a43e3438381426e79f91d2da01e,f823799333468dd1,64.89510760930737,14.532361984585371,d1cd6464eb1b4d5c,[],0.0,psp_010087_1555,['train'],1.0,Counter({'train': 1}),val,929ffd64c6803520,True,hirise_clean,0,C:\Users\deves\OneDrive\Desktop\Projects\TCMD-SS\data\raw\hirise_v3_2\map-proj-v3_2\PSP_010087_1555_RED-0278.jpg
map-proj-v3_2/PSP_010087_1555_RED-0288.jpg,ok,,JPEG,227.0,227.0,L,1.0,1.0,normal,other,train,psp_010087_1555_red-0288,[],18f020819469c345ad80db9065fd0f19ae6afea0798c537d98ecc34729b95c40,810a8dd53653671848566460bf8fb7ab234197505fc7d06da669954470b78886,b138001f71e6d8f7,60.1840905121388,17.749352823513075,b2b29a1caffe3791,[],0.0,psp_010087_1555,['train'],1.0,Counter({'train': 1}),val,929ffd64c6803520,True,hirise_clean,0,C:\Users\deves\OneDrive\Desktop\Projects\TCMD-SS\data\raw\hirise_v3_2\map-proj-v3_2\PSP_010087_1555_RED-0288.jpg
map-proj-v3_2/PSP_010087_1555_RED-0289.jpg,ok,,JPEG,227.0,227.0,L,1.0,1.0,normal,other,train,psp_010087_1555_red-0289,[],14aaa560b34f77e0d96f1620e00e53384a84c52281a011118578b4c8dd17f435,73f51315652c5f0e902cdaffce7cd40b94e089cf080914089b2ed593662033f3,a2479d3366cc9936,67.00174658929923,15.53289087337765,ea3d5369aee0fea9,[],0.0,psp_010087_1555,['train'],1.0,Counter({'train': 1}),val,929ffd64c6803520,True,hirise_clean,0,C:\Users\deves\OneDrive\Desktop\Projects\TCMD-SS\data\raw\hirise_v3_2\map-proj-v3_2\PSP_010087_1555_RED-0289.jpg
map-proj-v3_2/PSP_010087_1555_RED-0291.jpg,ok,,JPEG,227.0,227.0,L,1.0,1.0,normal,other,train,psp_010087_1555_red-0291,[],c79b3d0689d85ebefb9f1f31f5361c1d9521cd282d8aee0251b169626cd5e1bf,bb4abde8ccfa67fa4712eb26307f802d35cade4488a313d306e85fcc3dea6af6,e99624dab449d72c,65.27559238487065,17.062549989138688,837bc1b91d5fd22f,[],0.0,psp_010087_1555,['train'],1.0,Counter({'train': 1}),val,929ffd64c6803520,True,hirise_clean,0,C:\Users\deves\OneDrive\Desktop\Projects\TCMD-SS\data\raw\hirise_v3_2\map-proj-v3_2\PSP_010087_1555_RED-0291.jpg
map-proj-v3_2/PSP_010087_1555_RED-0304.jpg,ok,,JPEG,227.0,227.0,L,1.0,1.0,normal,other,train,psp_010087_1555_red-0304,[],a779bccb97eb1442f4fdc56b9daf6b8a665db2b15685857ff8e38486082d2d0a,8ff2321d4622a01471883753dca2625f0b0daeb62dfd7659dd76d05f48acfe33,d384176c93b4a877,74.67886044751499,12.919158309018618,e10664313dd81478,[],0.0,psp_010087_1555,['train'],1.0,Counter({'train': 1}),val,929ffd64c6803520,True,hirise_clean,0,C:\Users\deves\OneDrive\Desktop\Projects\TCMD-SS\data\raw\hirise_v3_2\map-proj-v3_2\PSP_010087_1555_RED-0304.jpg
map-proj-v3_2/PSP_010087_1555_RED-0306.jpg,ok,,JPEG,227.0,227.0,L,1.0,1.0,normal,other,train,psp_010087_1555_red-0306,[],bc318c1a1930eaaaab68d7b95bc1f10742ef92320069fb05e67e07601ec43e12,8692064e7ae0b6b6d8831da211c1da2cb22324f0b32cecf4c372a15064c49ff0,a449cb1e72d537c4,54.5856119854839,16.584305621116048,44fd790ca7ce906d,[],0.0,psp_010087_1555,['train'],1.0,Counter({'train': 1}),val,929ffd64c6803520,True,hirise_clean,0,C:\Users\deves\OneDrive\Desktop\Projects\TCMD-SS\data\raw\hirise_v3_2\map-proj-v3_2\PSP_010087_1555_RED-0306.jpg
map-proj-v3_2/PSP_010087_1555_RED-0307.jpg,ok,,JPEG,227.0,227.0,L,1.0,1.0,normal,other,train,psp_010087_1555_red-0307,[],6baabbb7217eda68bef4b4b173edae640b96003b5318fdedce02cb84ec80d451,21fdb548f6a25b65982e0af83db0067104fdef7777f4f35a4c0f63dc456db375,bb1cd0206565cb9f,48.70137204292728,15.151685528551642,e24da4a93d344532,[],0.0,psp_010087_1555,['train'],1.0,Counter({'train': 1}),val,929ffd64c6803520,True,hirise_clean,0,C:\Users\deves\OneDrive\Desktop\Projects\TCMD-SS\data\raw\hirise_v3_2\map-proj-v3_2\PSP_010087_1555_RED-0307.jpg
map-proj-v3_2/PSP_010087_1555_RED-0310.jpg,ok,,JPEG,227.0,227.0,L,1.0,1.0,normal,other,train,psp_010087_1555_red-0310,[],445ea69445d3de4e3429d402639b1a529e696cc6bfd667636a136c3e629ec007,f4152d8adf4126f8c1455fcbafe2139c40b61e756abfe42bace9877bf21cb1f1,f2688c5b3a58f645,73.21376312367794,14.69394363832497,aacabd54e9b82a95,[],0.0,psp_010087_1555,['train'],1.0,Counter({'train': 1}),val,929ffd64c6803520,True,hirise_clean,0,C:\Users\deves\OneDrive\Desktop\Projects\TCMD-SS\data\raw\hirise_v3_2\map-proj-v3_2\PSP_010087_1555_RED-0310.jpg
map-proj-v3_2/PSP_010087_1555_RED-0319.jpg,ok,,JPEG,227.0,227.0,L,1.0,1.0,normal,other,train,psp_010087_1555_red-0319,[],dd61186b127647528777720b21c6bce03a72fb749cbbd06a0c2d90665511e054,0abdcef14be7ec65c7fdde28daf060b3a5ea8c050e26ae4531ea084aaee28dbf,8303a41c3eca677f,69.31100933454948,12.771767515030366,d8641c2498aefc9d,[],0.0,psp_010087_1555,['train'],1.0,Counter({'train': 1}),val,929ffd64c6803520,True,hirise_clean,0,C:\Users\deves\OneDrive\Desktop\Projects\TCMD-SS\data\raw\hirise_v3_2\map-proj-v3_2\PSP_010087_1555_RED-0319.jpg
map-proj-v3_2/PSP_010087_1555_RED-0323.jpg,ok,,JPEG,227.0,227.0,L,1.0,1.0,normal,other,train,psp_010087_1555_red-0323,[],c358b1962c8291aa6886ffc9ceacf9fa3dadc473adeed66959e0a7ded0e6616e,d4c940394dfc2f25a5b88c729c790bca3bcea31812ffd016c1856665460e7d3c,8021df79e187d761,68.50243552174504,12.525632043860998,cc6f5b12100df9b3,[],0.0,psp_010087_1555,['train'],1.0,Counter({'train': 1}),val,929ffd64c6803520,True,hirise_clean,0,C:\Users\deves\OneDrive\Desktop\Projects\TCMD-SS\data\raw\hirise_v3_2\map-proj-v3_2\PSP_010087_1555_RED-0323.jpg
map-proj-v3_2/PSP_010087_1555_RED-0326.jpg,ok,,JPEG,227.0,227.0,L,1.0,1.0,normal,other,train,psp_010087_1555_red-0326,[],c6e03b0cb72abeebba1fa1e3c7ef3f3a82f57a3937616611d689454e68e29f96,982b84ff329465b829323c20866e2036d3241cca9ffa2b2deaf127b401a74b6c,810fff3ed850c03b,65.02520910555221,12.925713895561394,3e5c1d788ca81a47,[],0.0,psp_010087_1555,['train'],1.0,Counter({'train': 1}),val,929ffd64c6803520,True,hirise_clean,0,C:\Users\deves\OneDrive\Desktop\Projects\TCMD-SS\data\raw\hirise_v3_2\map-proj-v3_2\PSP_010087_1555_RED-0326.jpg
map-proj-v3_2/PSP_010087_1555_RED-0331.jpg,ok,,JPEG,227.0,227.0,L,1.0,1.0,normal,other,train,psp_010087_1555_red-0331,[],cd1f530ac869cffe0c7e7ed9baa8ee2fe9a46acde6ca8203abcb5644aaa88e7d,7d20a20425635cd70a28e9f297153a36ddbe5871fd8a066b420bd66ad9375ad4,b10c8c7bb3668c9b,64.18513846571834,11.56797139924701,c79ade3361202ec1,[],0.0,psp_010087_1555,['train'],1.0,Counter({'train': 1}),val,929ffd64c6803520,True,hirise_clean,0,C:\Users\deves\OneDrive\Desktop\Projects\TCMD-SS\data\raw\hirise_v3_2\map-proj-v3_2\PSP_010087_1555_RED-0331.jpg
map-proj-v3_2/PSP_010087_1555_RED-0361.jpg,ok,,JPEG,227.0,227.0,L,1.0,1.0,normal,other,train,psp_010087_1555_red-0361,[],05998708f06cd5c1b556c93a728d50efb683f5cff0a64dda13f683111ae321df,dfea36c3a498d7d305fadf461e8ace2432d9b5c399670bcb5e429cafdf91197c,932c64ca1079f76e,49.89454481942207,15.202844833619816,028ee1f97d9adefa,[],0.0,psp_010087_1555,['train'],1.0,Counter({'train': 1}),val,929ffd64c6803520,True,hirise_clean,0,C:\Users\deves\OneDrive\Desktop\Projects\TCMD-SS\data\raw\hirise_v3_2\map-proj-v3_2\PSP_010087_1555_RED-0361.jpg
map-proj-v3_2/PSP_010087_1555_RED-0365.jpg,ok,,JPEG,227.0,227.0,L,1.0,1.0,normal,other,train,psp_010087_1555_red-0365,[],e364d47a6a7bc1887ce896bf018101fbc5b22017adbceccf447492d0ceae4bc1,3108495050ca861d3b90baed02ed3c36becc0ec6c1970dad3f945dca2d4e228a,d44a2be869937396,49.40152147334511,24.317259832245234,c57e1e8ec1dffe19,[],0.0,psp_010087_1555,['train'],1.0,Counter({'train': 1}),val,929ffd64c6803520,True,hirise_clean,0,C:\Users\deves\OneDrive\Desktop\Projects\TCMD-SS\data\raw\hirise_v3_2\map-proj-v3_2\PSP_010087_1555_RED-0365.jpg
map-proj-v3_2/PSP_010087_1555_RED-0387.jpg,ok,,JPEG,227.0,227.0,L,1.0,1.0,normal,other,train,psp_010087_1555_red-0387,[],fa4adb1fb1df7a9e2c13ff55e4c1cb48778c819b9adb167049234fe35510fde3,283db770b9a2ad020d56043a30c2dc4477f22b38c75943a6cdc23c99511c487a,a659d2b5f6c0d119,35.83483087193619,14.151537383463708,f11077ae74b211c7,[],0.0,psp_010087_1555,['train'],1.0,Counter({'train': 1}),val,929ffd64c6803520,True,hirise_clean,0,C:\Users\deves\OneDrive\Desktop\Projects\TCMD-SS\data\raw\hirise_v3_2\map-proj-v3_2\PSP_010087_1555_RED-0387.jpg
map-proj-v3_2/PSP_010087_1555_RED-0388.jpg,ok,,JPEG,227.0,227.0,L,1.0,1.0,normal,other,train,psp_010087_1555_red-0388,[],272ae4f7783980e04bc04cf1d0b49a74e5fd3ee09448a2a0014428632e835ae4,607c6fcfcc9e1b3101f9d0bf4e102cf4cc969a144d00e2e679a2ffda9ac70db2,e5d6f2c0915b7644,35.20450620039201,14.042860921497809,6cc5cfcd12bc08f6,[],0.0,psp_010087_1555,['train'],1.0,Counter({'train': 1}),val,929ffd64c6803520,True,hirise_clean,0,C:\Users\deves\OneDrive\Desktop\Projects\TCMD-SS\data\raw\hirise_v3_2\map-proj-v3_2\PSP_010087_1555_RED-0388.jpg
map-proj-v3_2/PSP_010087_1555_RED-0400.jpg,ok,,JPEG,227.0,227.0,L,1.0,1.0,normal,other,train,psp_010087_1555_red-0400,[],0f8627af5423bfbe8781bad58a9eba21cb2bb48dea7c5f471f6c913fe6dc7854,d5367a55289ff99725d727190f6ce7ade7e68b90dbb25393a4307c05b7d719da,bb7c31e5cbc2420e,34.809427700906284,15.697323256609026,c956b5beaeb49285,[],0.0,psp_010087_1555,['train'],1.0,Counter({'train': 1}),val,929ffd64c6803520,True,hirise_clean,0,C:\Users\deves\OneDrive\Desktop\Projects\TCMD-SS\data\raw\hirise_v3_2\map-proj-v3_2\PSP_010087_1555_RED-0400.jpg
map-proj-v3_2/PSP_010087_1555_RED-0402.jpg,ok,,JPEG,227.0,227.0,L,1.0,1.0,normal,other,train,psp_010087_1555_red-0402,[],3d2e2f60f1677ad8fd9416cc48f83bd80894490456f3045da4a05a8ce0c36dd0,015c1fcd1b2d23b6172036ce35aab98df055c8cef8fb5ac00c2b516ad8f795ca,9815133b65499b7b,38.88668516757554,12.674209668826116,01d1c74e101554c0,[],0.0,psp_010087_1555,['train'],1.0,Counter({'train': 1}),val,929ffd64c6803520,True,hirise_clean,0,C:\Users\deves\OneDrive\Desktop\Projects\TCMD-SS\data\raw\hirise_v3_2\map-proj-v3_2\PSP_010087_1555_RED-0402.jpg
map-proj-v3_2/PSP_010087_1555_RED-0413.jpg,ok,,JPEG,227.0,227.0,L,1.0,1.0,normal,other,train,psp_010087_1555_red-0413,[],b780b926619658b7e188127a6bc768e4ad38723180ac64e6a5450b3459be73b3,85a89e0ed22e6531dc72d3151b4c1b4f25a773b378f4ac9c62f671389a7984ff,f773cd756162c009,32.61324690950727,14.56678217061608,6e9a82f845532067,[],0.0,psp_010087_1555,['train'],1.0,Counter({'train': 1}),val,929ffd64c6803520,True,hirise_clean,0,C:\Users\deves\OneDrive\Desktop\Projects\TCMD-SS\data\raw\hirise_v3_2\map-proj-v3_2\PSP_010087_1555_RED-0413.jpg
map-proj-v3_2/PSP_010087_1555_RED-0418.jpg,ok,,JPEG,227.0,227.0,L,1.0,1.0,normal,other,train,psp_010087_1555_red-0418,[],a484caf8df898de7a4b68553a861b375a3f1265f39bd433a0f2ecd507a0d9c6f,cf79a2331f39864e18c89cf0d41e24522c64f0c58a5f5603056bdb87d1b806b8,de2d49c06bcf18d1,31.136816161772984,14.985522486149012,3895aa5d16ff1e8d,[],0.0,psp_010087_1555,['train'],1.0,Counter({'train': 1}),val,929ffd64c6803520,True,hirise_clean,0,C:\Users\deves\OneDrive\Desktop\Projects\TCMD-SS\data\raw\hirise_v3_2\map-proj-v3_2\PSP_010087_1555_RED-0418.jpg
map-proj-v3_2/PSP_010087_1555_RED-0434.jpg,ok,,JPEG,227.0,227.0,L,1.0,1.0,normal,other,train,psp_010087_1555_red-0434,[],a7c7ff80e9f65f8e652cfbd57c96ac510ff752192545e107ad63d9bb73f73b75,b8751a7fcf9b6a0a9552a7188ed2fff1ac33c7d45d43803e6bb39c04ac00e822,bff9c2c49cc34286,31.19664654854548,12.337163383522014,843dc57ac7b718c1,[],0.0,psp_010087_1555,['train'],1.0,Counter({'train': 1}),val,929ffd64c6803520,True,hirise_clean,0,C:\Users\deves\OneDrive\Desktop\Projects\TCMD-SS\data\raw\hirise_v3_2\map-proj-v3_2\PSP_010087_1555_RED-0434.jpg
map-proj-v3_2/PSP_010087_1555_RED-0451.jpg,ok,,JPEG,227.0,227.0,L,1.0,1.0,normal,other,train,psp_010087_1555_red-0451,[],9427580a384196f81b5141ef56c41b089153d7e0f28f1b7cd3418d2078f48fb5,d587c9748d1d163d3b49c8ad9627266ce6715f3e2406d334aa11a43739e9f731,8e6199b34666d1a7,24.90706204273322,20.245614775095987,f4f31888af5ef9f3,[],0.0,psp_010087_1555,['train'],1.0,Counter({'train': 1}),val,929ffd64c6803520,True,hirise_clean,0,C:\Users\deves\OneDrive\Desktop\Projects\TCMD-SS\data\raw\hirise_v3_2\map-proj-v3_2\PSP_010087_1555_RED-0451.jpg
map-proj-v3_2/PSP_010087_1555_RED-0452.jpg,ok,,JPEG,227.0,227.0,L,1.0,1.0,normal,other,train,psp_010087_1555_red-0452,[],e4456b7613175acaeb73d1263bb566dcbeaf06fc394d09dfd80774acf4109767,ebb3f03c00aba8dd5b0ea3393f94bce801fda397af7610605716d55ca7f8b96c,f634cdf8c32ecc10,43.5648081662753,14.794656768957772,c3055099d99759a3,[],0.0,psp_010087_1555,['train'],1.0,Counter({'train': 1}),val,929ffd64c6803520,True,hirise_clean,0,C:\Users\deves\OneDrive\Desktop\Projects\TCMD-SS\data\raw\hirise_v3_2\map-proj-v3_2\PSP_010087_1555_RED-0452.jpg
map-proj-v3_2/PSP_010087_1555_RED-0463.jpg,ok,,JPEG,227.0,227.0,L,1.0,1.0,normal,other,train,psp_010087_1555_red-0463,[],29345127600e97f6709d69246501822816f9d8a35a49e712ba0f2b4f6085179f,e3de61918af706eca02535587f5ba518fbb6b59948a0647738adcde95377b9ee,86cd316956b4cb95,17.913116885637216,16.067253969646274,7748538769a9aabf,[],0.0,psp_010087_1555,['train'],1.0,Counter({'train': 1}),val,929ffd64c6803520,True,hirise_clean,0,C:\Users\deves\OneDrive\Desktop\Projects\TCMD-SS\data\raw\hirise_v3_2\map-proj-v3_2\PSP_010087_1555_RED-0463.jpg
map-proj-v3_2/PSP_010087_1555_RED-0470.jpg,ok,,JPEG,227.0,227.0,L,1.0,1.0,normal,other,train,psp_010087_1555_red-0470,[],656657cd6eed082422d973b82f2639d347e5dcc724f51dd33958bf499907df60,2fdb11171b488cfe039b1e7e3adf05af43f9f6a4f93cdafa66abe65409275c0e,bc38352e50c3b66d,27.938131925711737,14.20387750330049,71967d1de42ba4ca,[],0.0,psp_010087_1555,['train'],1.0,Counter({'train': 1}),val,929ffd64c6803520,True,hirise_clean,0,C:\Users\deves\OneDrive\Desktop\Projects\TCMD-SS\data\raw\hirise_v3_2\map-proj-v3_2\PSP_010087_1555_RED-0470.jpg
map-proj-v3_2/PSP_010087_1555_RED-0477.jpg,ok,,JPEG,227.0,227.0,L,1.0,1.0,normal,other,train,psp_010087_1555_red-0477,[],2a74d6a4cbaba946946baf366eb670646a1e879017a075b50c57ab3e91d4b65a,1b999e13e0035af6b81d3d4818b86a35c371f97f87d29cab688c862d84df993b,cdea4d16f4a0b439,41.06285780822449,13.773942952715252,83ba062064958202,[],0.0,psp_010087_1555,['train'],1.0,Counter({'train': 1}),val,929ffd64c6803520,True,hirise_clean,0,C:\Users\deves\OneDrive\Desktop\Projects\TCMD-SS\data\raw\hirise_v3_2\map-proj-v3_2\PSP_010087_1555_RED-0477.jpg
map-proj-v3_2/PSP_010087_1555_RED-0480.jpg,ok,,JPEG,227.0,227.0,L,1.0,1.0,normal,other,train,psp_010087_1555_red-0480,[],6a6e0ed9e538f1f74705152938fdaf877597a87b2373e9c3b8350fb4ba73d7b0,d2b90d0f1e65db800c6f3e4b38cdd9e088cd2ade9b634bd74b5689095771bbec,8d65e9ea05aa55ac,48.33592734188515,14.849836118452629,98e1212a9da3698d,[],0.0,psp_010087_1555,['train'],1.0,Counter({'train': 1}),val,929ffd64c6803520,True,hirise_clean,0,C:\Users\deves\OneDrive\Desktop\Projects\TCMD-SS\data\raw\hirise_v3_2\map-proj-v3_2\PSP_010087_1555_RED-0480.jpg
map-proj-v3_2/PSP_010087_1555_RED-0484.jpg,ok,,JPEG,227.0,227.0,L,1.0,1.0,normal,other,train,psp_010087_1555_red-0484,[],8a1ee8f047f3bd999edfefb657c99c66ab17197a4efcc1937e99984336142c94,c229ffdafee3d013764ddd1d6a7e8ae1a4257cefebcf53f409e040b926038462,d5026d5ab2c91b9e,32.24615265190475,19.91069438110348,76762226fe89bf07,[],0.0,psp_010087_1555,['train'],1.0,Counter({'train': 1}),val,929ffd64c6803520,True,hirise_clean,0,C:\Users\deves\OneDrive\Desktop\Projects\TCMD-SS\data\raw\hirise_v3_2\map-proj-v3_2\PSP_010087_1555_RED-0484.jpg
map-proj-v3_2/PSP_010087_1555_RED-0488.jpg,ok,,JPEG,227.0,227.0,L,1.0,1.0,normal,other,train,psp_010087_1555_red-0488,[],1a1fc4639c3a52766aa4259ff7bcb31e377dd56bd48f1b5773ae6dca0e848c70,444d2806c3d09d0df6220a5b8a9f541aff2e95f6ab070864db7652224fa82d4d,9a1ca776a1e9113b,42.28337441052612,13.736879574515804,8296a705b0034af0,[],0.0,psp_010087_1555,['train'],1.0,Counter({'train': 1}),val,929ffd64c6803520,True,hirise_clean,0,C:\Users\deves\OneDrive\Desktop\Projects\TCMD-SS\data\raw\hirise_v3_2\map-proj-v3_2\PSP_010087_1555_RED-0488.jpg
map-proj-v3_2/PSP_010087_1555_RED-0496.jpg,ok,,JPEG,227.0,227.0,L,1.0,1.0,normal,other,train,psp_010087_1555_red-0496,[],b64e862a3b37ec56d07d7b4bea21dbe1c157e45ebc3372455f139d4910cff371,9d93401f391e1341e9823dd256b6ef525b81854a6615b8ced9646c4f3ece7d93,b12afd1cd8b0668d,32.959304469327954,10.81544331025793,ad8ae0e5e719273e,[],0.0,psp_010087_1555,['train'],1.0,Counter({'train': 1}),val,929ffd64c6803520,True,hirise_clean,0,C:\Users\deves\OneDrive\Desktop\Projects\TCMD-SS\data\raw\hirise_v3_2\map-proj-v3_2\PSP_010087_1555_RED-0496.jpg
map-proj-v3_2/PSP_010087_1555_RED-0503.jpg,ok,,JPEG,227.0,227.0,L,1.0,1.0,normal,other,train,psp_010087_1555_red-0503,[],c4f43185e3ce078ab5ceb835f631cde1ba168837f8f823d37032916e319c8258,75febcc5dbc2851afb678799d21d9edfc4643623e1a27b4edf9b3503a2248224,82beb962660fcac6,32.269964486017585,13.38224883586046,0b32737a1866995a,[],0.0,psp_010087_1555,['train'],1.0,Counter({'train': 1}),val,929ffd64c6803520,True,hirise_clean,0,C:\Users\deves\OneDrive\Desktop\Projects\TCMD-SS\data\raw\hirise_v3_2\map-proj-v3_2\PSP_010087_1555_RED-0503.jpg
map-proj-v3_2/PSP_010087_1555_RED-0510.jpg,ok,,JPEG,227.0,227.0,L,1.0,1.0,normal,other,train,psp_010087_1555_red-0510,[],5c90c5d0fdb3353d8233293d5fea96648e20450eb60968d31670dc809f87d2d5,950665f19de6d66283590336f7d360e1a553157cf1516aa05c371b8b75426cf1,893336665dde6126,20.35793436705545,12.973075582466528,4d1f63267293b8a2,[],0.0,psp_010087_1555,['train'],1.0,Counter({'train': 1}),val,929ffd64c6803520,True,hirise_clean,0,C:\Users\deves\OneDrive\Desktop\Projects\TCMD-SS\data\raw\hirise_v3_2\map-proj-v3_2\PSP_010087_1555_RED-0510.jpg
map-proj-v3_2/PSP_010087_1555_RED-0513.jpg,ok,,JPEG,227.0,227.0,L,1.0,1.0,normal,other,train,psp_010087_1555_red-0513,[],6b135ae48bfc6d2e8894d380313fb01372d004ffe32b23a451c6bf74951640f9,f800e29e49a8aa48b8c6eeac18814a451f9ec848dd3dbb58ca4ccb4d350f8250,db2d2679d0247c71,29.187098527043023,24.006113570823327,1e714d2b98eef296,[],0.0,psp_010087_1555,['train'],1.0,Counter({'train': 1}),val,929ffd64c6803520,True,hirise_clean,0,C:\Users\deves\OneDrive\Desktop\Projects\TCMD-SS\data\raw\hirise_v3_2\map-proj-v3_2\PSP_010087_1555_RED-0513.jpg
map-proj-v3_2/PSP_010087_1555_RED-0529.jpg,ok,,JPEG,227.0,227.0,L,1.0,1.0,normal,other,train,psp_010087_1555_red-0529,[],c512cf4ce08780b55e122b49a19aa3bf916b189adf3d7f50528ae1aee1b82002,3f9419d8ff5d0a1dbb9c38ffb8e37b8471e620af1ad8522fb3e64a7062a5a09e,8c35ae6a1dbbe244,35.80362514312329,13.751757288445509,9a5b4df59a1dffe1,[],0.0,psp_010087_1555,['train'],1.0,Counter({'train': 1}),val,929ffd64c6803520,True,hirise_clean,0,C:\Users\deves\OneDrive\Desktop\Projects\TCMD-SS\data\raw\hirise_v3_2\map-proj-v3_2\PSP_010087_1555_RED-0529.jpg
map-proj-v3_2/PSP_010087_1555_RED-0530.jpg,ok,,JPEG,227.0,227.0,L,1.0,1.0,normal,other,train,psp_010087_1555_red-0530,[],51533ac283328366c5348a99d64c20a780c948c735aeb9b92db73276dcbb2cf9,09f4373b8b6f8d0cf2b25fe1a5fef857b5662690263cd0fad52636b491fa06ae,d25a2979011f7cf1,35.63410894835918,22.039395079616167,fae2e12d548956c2,[],0.0,psp_010087_1555,['train'],1.0,Counter({'train': 1}),val,929ffd64c6803520,True,hirise_clean,0,C:\Users\deves\OneDrive\Desktop\Projects\TCMD-SS\data\raw\hirise_v3_2\map-proj-v3_2\PSP_010087_1555_RED-0530.jpg
map-proj-v3_2/PSP_010087_1555_RED-0534.jpg,ok,,JPEG,227.0,227.0,L,1.0,1.0,normal,other,train,psp_010087_1555_red-0534,[],ed1bd0a32cf86345a299efc9c45407f2d5dedca5aa1f708db832711effaa0cfe,de299bdfd9892821203e446412c2c94351ccfc24abf0a5356b912027c5140c4f,d24a8d9eb14f1c71,35.663897999184925,21.916958814801973,d258a872579c56a7,[],0.0,psp_010087_1555,['train'],1.0,Counter({'train': 1}),val,929ffd64c6803520,True,hirise_clean,0,C:\Users\deves\OneDrive\Desktop\Projects\TCMD-SS\data\raw\hirise_v3_2\map-proj-v3_2\PSP_010087_1555_RED-0534.jpg
map-proj-v3_2/PSP_010087_1555_RED-0537.jpg,ok,,JPEG,227.0,227.0,L,1.0,1.0,normal,other,train,psp_010087_1555_red-0537,[],141d4e66984648125a753a0d6b5528f69eef2058d5f397c3813ef39e2979f612,0069ddb69f5854ea504d0d04094a7a016092d36624461057572ba7f540944bf4,c73c614f9896cc99,10.492771060955969,11.3745854528859,4b521b40dc0264a3,[],0.0,psp_010087_1555,['train'],1.0,Counter({'train': 1}),val,929ffd64c6803520,True,hirise_clean,0,C:\Users\deves\OneDrive\Desktop\Projects\TCMD-SS\data\raw\hirise_v3_2\map-proj-v3_2\PSP_010087_1555_RED-0537.jpg
map-proj-v3_2/PSP_010087_1555_RED-0539.jpg,ok,,JPEG,227.0,227.0,L,1.0,1.0,normal,other,train,psp_010087_1555_red-0539,[],974b85e93be4265a9d79e1f03eb12fa8a0d4eed7770bd7103e029aeed78db860,fe307a5645d4bf1faa2489df371e5dde31cdfe156bab5b02307ef04d3937022d,d5126a5abf428c97,40.396960934619344,19.811997062916124,a6d8fbf6886424e6,[],0.0,psp_010087_1555,['train'],1.0,Counter({'train': 1}),val,929ffd64c6803520,True,hirise_clean,0,C:\Users\deves\OneDrive\Desktop\Projects\TCMD-SS\data\raw\hirise_v3_2\map-proj-v3_2\PSP_010087_1555_RED-0539.jpg
map-proj-v3_2/PSP_010087_1555_RED-0540.jpg,ok,,JPEG,227.0,227.0,L,1.0,1.0,normal,other,train,psp_010087_1555_red-0540,[],5fc0f5b74fd0f85dd8b5a2ab36bd940dfec72aa30ae621e5c2767b2a7ecebae2,f92e9a1c30aa6d149ee7c19d99a8ca17eab885bd586684fa0e2b1b567b3d7de8,d45a2e4f68c4cc7a,39.26682062527897,21.972563417042952,e5b106d49800a83e,[],0.0,psp_010087_1555,['train'],1.0,Counter({'train': 1}),val,929ffd64c6803520,True,hirise_clean,0,C:\Users\deves\OneDrive\Desktop\Projects\TCMD-SS\data\raw\hirise_v3_2\map-proj-v3_2\PSP_010087_1555_RED-0540.jpg
