path,status,error,format,width,height,mode,channels,frames,label,class_name,original_split,base_id,augmentations,sha256,pixel_sha256,phash,mean,std,group_id,flags,class_id,source_id,supplied_splits,supplied_row_count,supplied_split_row_counts,assigned_split,split_group_id,is_original,origin,is_anomaly,image_path
map-proj-v3_2/ESP_011677_1655_RED-0005.jpg,ok,,JPEG,227.0,227.0,L,1.0,1.0,normal,other,val,esp_011677_1655_red-0005,[],dd5c8fcd4b06fc1301da0e988a583e0284f6cf119013e307508599d77d2d2733,39b3c4d54fb898ca4f7ae6b38b6cb9100121d8fcfd67a7b1eb0543c8447ef2d5,9d0f06c37371d83a,129.08443788934386,13.11803709470078,653d3e0b60971027,[],0.0,esp_011677_1655,['val'],1.0,Counter({'val': 1}),test,03f06e73f7a99dcc,True,hirise_clean,0,C:\Users\deves\OneDrive\Desktop\Projects\TCMD-SS\data\raw\hirise_v3_2\map-proj-v3_2\ESP_011677_1655_RED-0005.jpg
map-proj-v3_2/ESP_011677_1655_RED-0008.jpg,ok,,JPEG,227.0,227.0,L,1.0,1.0,normal,crater,val,esp_011677_1655_red-0008,[],cbe9a1e7d4c003e4816cf95626f100c811c55fd69f296882b08e05a3a8bdfb1c,14496432ba2e5050cd56d96a02c3268d1cc419328446a9f6e9bf0e670f8bb250,9a66e4cc32c6d1e6,130.8900425003396,19.77399374130538,111218d7d42d3161,[],1.0,esp_011677_1655,['val'],1.0,Counter({'val': 1}),test,03f06e73f7a99dcc,True,hirise_clean,0,C:\Users\deves\OneDrive\Desktop\Projects\TCMD-SS\data\raw\hirise_v3_2\map-proj-v3_2\ESP_011677_1655_RED-0008.jpg
map-proj-v3_2/ESP_011677_1655_RED-0010.jpg,ok,,JPEG,227.0,227.0,L,1.0,1.0,normal,other,val,esp_011677_1655_red-0010,[],b11302356e1ea5f41a7c29685dcc2c98407daf0510624208ff362e291c67cc0d,7b3d73622c2e17978b694de691aec8e569875a0c16f6f267c9f9de22a5918b89,c926264dcde6cccc,128.70486522152575,13.25538113228429,a37b582052a5d2e1,[],0.0,esp_011677_1655,['val'],1.0,Counter({'val': 1}),test,03f06e73f7a99dcc,True,hirise_clean,0,C:\Users\deves\OneDrive\Desktop\Projects\TCMD-SS\data\raw\hirise_v3_2\map-proj-v3_2\ESP_011677_1655_RED-0010.jpg
map-proj-v3_2/ESP_011677_1655_RED-0011.jpg,ok,,JPEG,227.0,227.0,L,1.0,1.0,normal,other,val,esp_011677_1655_red-0011,[],13ffec2d30f684f9cbd9c51ce480dd3f51e35b11ae40bfc77688da5d4cda39e6,9710178ab4be68179caceccdc6ef1973a71ef062fd4ec1b40b2cc9b52f456a36,cc33b34ccd324f8c,127.08511711851578,13.162051016358044,a3fcf43af0dccabe,[],0.0,esp_011677_1655,['val'],1.0,Counter({'val': 1}),test,03f06e73f7a99dcc,True,hirise_clean,0,C:\Users\deves\OneDrive\Desktop\Projects\TCMD-SS\data\raw\hirise_v3_2\map-proj-v3_2\ESP_011677_1655_RED-0011.jpg
map-proj-v3_2/ESP_011677_1655_RED-0014.jpg,ok,,JPEG,227.0,227.0,L,1.0,1.0,normal,other,val,esp_011677_1655_red-0014,[],fc3992eee6af006d13bf8df60d0b17f76c9677ba496d84d0e98e298d74c20b75,ccdefe581dd561bb92786debeb915212a88e25e6354be8475d05982a04c1b2ad,e6f94944c7fd1814,120.82895068796212,16.565354214819774,df024f704e56fb90,[],0.0,esp_011677_1655,['val'],1.0,Counter({'val': 1}),test,03f06e73f7a99dcc,True,hirise_clean,0,C:\Users\deves\OneDrive\Desktop\Projects\TCMD-SS\data\raw\hirise_v3_2\map-proj-v3_2\ESP_011677_1655_RED-0014.jpg
map-proj-v3_2/ESP_011677_1655_RED-0018.jpg,ok,,JPEG,227.0,227.0,L,1.0,1.0,normal,other,val,esp_011677_1655_red-0018,[],2ee8958d2a8913f0f9782424e5747aabad0c8f5dfcbde3d062a462560e8ee39b,f2c5f2cc80785b6c1fc2441bc12b5be5b98cb4f8f3ccd8dedbca8cb3725d3bbb,fc0f321bcd18ce1c,120.44122727008092,16.806566502837605,c52c81f24dc3d965,[],0.0,esp_011677_1655,['val'],1.0,Counter({'val': 1}),test,03f06e73f7a99dcc,True,hirise_clean,0,C:\Users\deves\OneDrive\Desktop\Projects\TCMD-SS\data\raw\hirise_v3_2\map-proj-v3_2\ESP_011677_1655_RED-0018.jpg
map-proj-v3_2/ESP_011677_1655_RED-0024.jpg,ok,,JPEG,227.0,227.0,L,1.0,1.0,normal,other,val,esp_011677_1655_red-0024,[],8709f35ff2e95c3683ed7548f37dfa249c64290e379e4d73eb99033bbe65b640,93ff77b00248a1351215acaf992c9731c931412d504bfe3e4824eea99a7950ff,991c66e7b3336681,130.2978905082575,18.664933305753816,0ba7f9fa99a288df,[],0.0,esp_011677_1655,['val'],1.0,Counter({'val': 1}),test,03f06e73f7a99dcc,True,hirise_clean,0,C:\Users\deves\OneDrive\Desktop\Projects\TCMD-SS\data\raw\hirise_v3_2\map-proj-v3_2\ESP_011677_1655_RED-0024.jpg
map-proj-v3_2/ESP_011677_1655_RED-0026.jpg,ok,,JPEG,227.0,227.0,L,1.0,1.0,normal,other,val,esp_011677_1655_red-0026,[],81f290dfc861383aa5c9f45488fd10441cfd4e890e8a1b5fd8634525fba45ab1,3020b694df1e597fc07bb8efb0b55a65bccd109467e593da405a1bd34c5f0f56,8f473e8120e6f2bc,124.70181839352598,15.844191196868564,d979ea9ee8be8531,[],0.0,esp_011677_1655,['val'],1.0,Counter({'val': 1}),test,03f06e73f7a99dcc,True,hirise_clean,0,C:\Users\deves\OneDrive\Desktop\Projects\TCMD-SS\data\raw\hirise_v3_2\map-proj-v3_2\ESP_011677_1655_RED-0026.jpg
map-proj-v3_2/ESP_011677_1655_RED-0031.jpg,ok,,JPEG,227.0,227.0,L,1.0,1.0,normal,crater,val,esp_011677_1655_red-0031,[],593a197f41c055478eac729a686e3b6fe0bdfd1ba714e8f8f8bc0d7088b19cf3,5587fe430dc7a122a78159061a6f368c285f6d593fd08b2193500f941fd339d0,99d8e6ccb934c919,131.00413359467484,17.180677803768354,1b0d2d3a73a5f240,[],1.0,esp_011677_1655,['val'],1.0,Counter({'val': 1}),test,03f06e73f7a99dcc,True,hirise_clean,0,C:\Users\deves\OneDrive\Desktop\Projects\TCMD-SS\data\raw\hirise_v3_2\map-proj-v3_2\ESP_011677_1655_RED-0031.jpg
map-proj-v3_2/ESP_011677_1655_RED-0033.jpg,ok,,JPEG,227.0,227.0,L,1.0,1.0,normal,other,val,esp_011677_1655_red-0033,[],33591dbf9c3bef9607a2ddf5e07c5524bbca56b9117fb58f41e8593154a1e35e,b277266f8208d911309da0714365842faf6a95490d3e0bcc9b998c53c1974882,e63319c9f94923c3,126.27945428787672,14.571251479549328,657c6ead59562f56,[],0.0,esp_011677_1655,['val'],1.0,Counter({'val': 1}),test,03f06e73f7a99dcc,True,hirise_clean,0,C:\Users\deves\OneDrive\Desktop\Projects\TCMD-SS\data\raw\hirise_v3_2\map-proj-v3_2\ESP_011677_1655_RED-0033.jpg
map-proj-v3_2/ESP_011677_1655_RED-0034.jpg,ok,,JPEG,227.0,227.0,L,1.0,1.0,normal,other,val,esp_011677_1655_red-0034,[],5993117ae575e5d9d0626bf1405c502018d3d24e39aaae09982f6d57eedf99d4,68c531529803a88cbfaeebf4397a05656ae13f8abf99b3c4ebf7ec504a610f2e,c9b4364b7324cc37,130.37130547846843,14.276102923372775,332aa8b3312fb532,[],0.0,esp_011677_1655,['val'],1.0,Counter({'val': 1}),test,03f06e73f7a99dcc,True,hirise_clean,0,C:\Users\deves\OneDrive\Desktop\Projects\TCMD-SS\data\raw\hirise_v3_2\map-proj-v3_2\ESP_011677_1655_RED-0034.jpg
map-proj-v3_2/ESP_011677_1655_RED-0036.jpg,ok,,JPEG,227.0,227.0,L,1.0,1.0,normal,other,val,esp_011677_1655_red-0036,[],58fb9b257a222ca97b461701c591124c3bc8919e95f5d513f16653049fe9788b,901b27de422ffe1c083f3eb04be0a75e878d66af5916a1554089de76a5d4cd06,998d66c4b21e3ec9,131.61351860117605,16.880041115470526,91e773ad255b0b48,[],0.0,esp_011677_1655,['val'],1.0,Counter({'val': 1}),test,03f06e73f7a99dcc,True,hirise_clean,0,C:\Users\deves\OneDrive\Desktop\Projects\TCMD-SS\data\raw\hirise_v3_2\map-proj-v3_2\ESP_011677_1655_RED-0036.jpg
map-proj-v3_2/ESP_011677_1655_RED-0039.jpg,ok,,JPEG,227.0,227.0,L,1.0,1.0,normal,other,val,esp_011677_1655_red-0039,[],0599cdb2839e6f67df0e590153368c07150e459ae6bf2168bd4f6580be09ccf2,b44d249099c688cbc79eaaef98682a7e546ba882c78b33e1a345603c0442fddd,ed969b09182765e6,125.80453725086844,17.26961996408573,65c46572177362d0,[],0.0,esp_011677_1655,['val'],1.0,Counter({'val': 1}),test,03f06e73f7a99dcc,True,hirise_clean,0,C:\Users\deves\OneDrive\Desktop\Projects\TCMD-SS\data\raw\hirise_v3_2\map-proj-v3_2\ESP_011677_1655_RED-0039.jpg
map-proj-v3_2/ESP_011677_1655_RED-0043.jpg,ok,,JPEG,227.0,227.0,L,1.0,1.0,normal,crater,val,esp_011677_1655_red-0043,[],5c3ed65f5c5eb56ea2a479793cb8b4ae55a805be08610092fd311a081fa690ab,5d6a237213dd216bde8883a1f57f50bd355eec0b6b328a98ee343083b8ab9d61,981a67e5b2aec532,130.48561004482912,17.031185446825507,3ff888dba90be0c3,[],1.0,esp_011677_1655,['val'],1.0,Counter({'val': 1}),test,03f06e73f7a99dcc,True,hirise_clean,0,C:\Users\deves\OneDrive\Desktop\Projects\TCMD-SS\data\raw\hirise_v3_2\map-proj-v3_2\ESP_011677_1655_RED-0043.jpg
map-proj-v3_2/ESP_011677_1655_RED-0045.jpg,ok,,JPEG,227.0,227.0,L,1.0,1.0,normal,other,val,esp_011677_1655_red-0045,[],924328011bec7134df86d1df13406ffb7b3aad8700fc0135c6b3ba279c0b80fb,d6d8f22f7a8ec13929004d867a084d00d498bc8bf55fadc929e8722cf2ccf838,aea2ba19c676585c,122.62939315725126,13.977744847722846,4105274420edba59,[],0.0,esp_011677_1655,['val'],1.0,Counter({'val': 1}),test,03f06e73f7a99dcc,True,hirise_clean,0,C:\Users\deves\OneDrive\Desktop\Projects\TCMD-SS\data\raw\hirise_v3_2\map-proj-v3_2\ESP_011677_1655_RED-0045.jpg
map-proj-v3_2/ESP_011677_1655_RED-0056.jpg,ok,,JPEG,227.0,227.0,L,1.0,1.0,normal,other,val,esp_011677_1655_red-0056,[],25d5290184c3f3c815bc3a917501016322509402fc8f3bc1964217059425f99d,1865a7d1781611ee95da980aa9a060e48cf75bb7d7099a1026f90a60012d9e4c,e6931c0d377189e6,126.88237691397076,16.058983058703625,0efc69f130c08024,[],0.0,esp_011677_1655,['val'],1.0,Counter({'val': 1}),test,03f06e73f7a99dcc,True,hirise_clean,0,C:\Users\deves\OneDrive\Desktop\Projects\TCMD-SS\data\raw\hirise_v3_2\map-proj-v3_2\ESP_011677_1655_RED-0056.jpg
map-proj-v3_2/ESP_011677_1655_RED-0068.jpg,ok,,JPEG,227.0,227.0,L,1.0,1.0,normal,other,val,esp_011677_1655_red-0068,[],7fd29cc0751a3077284b77207c38c257ef7454cd97e1f8b3ac821f2700597b7f,4a6f2530a532c1a5294c60afaf51b217de349624cb79f6930edf51d4c88cc659,8f1df2c68893455d,131.49032583593706,17.983328214869886,a662bc028a477587,[],0.0,esp_011677_1655,['val'],1.0,Counter({'val': 1}),test,03f06e73f7a99dcc,True,hirise_clean,0,C:\Users\deves\OneDrive\Desktop\Projects\TCMD-SS\data\raw\hirise_v3_2\map-proj-v3_2\ESP_011677_1655_RED-0068.jpg
map-proj-v3_2/ESP_011677_1655_RED-0069.jpg,ok,,JPEG,227.0,227.0,L,1.0,1.0,normal,other,val,esp_011677_1655_red-0069,[],58eaed9dede65d09179d7946087fd40b7100e8d472f5f15f5a2733d2a5640a89,bfbd752d6835ffc4fe36a8f81263fc06b5c1c75e7d4f401d2bd8e9274a5f6b61,ac90b56caea5af24,127.2094936831687,19.05903010168193,4746d768a5abfdb3,[],0.0,esp_011677_1655,['val'],1.0,Counter({'val': 1}),test,03f06e73f7a99dcc,True,hirise_clean,0,C:\Users\deves\OneDrive\Desktop\Projects\TCMD-SS\data\raw\hirise_v3_2\map-proj-v3_2\ESP_011677_1655_RED-0069.jpg
map-proj-v3_2/ESP_011677_1655_RED-0070.jpg,ok,,JPEG,227.0,227.0,L,1.0,1.0,normal,other,val,esp_011677_1655_red-0070,[],6c2d291017e00f0d9a0119801a4739ca1aa3bf9ff98a0f4d31ae384d2161a91f,d99bea17852cb8f363e4fbbed30495d0c5259aac5511d7253042bb14a41c4621,8fc3d8ccc4c732c3,86.47231655960721,55.081220254910654,c6a1274226950b7f,[],0.0,esp_011677_1655,['val'],1.0,Counter({'val': 1}),test,03f06e73f7a99dcc,True,hirise_clean,0,C:\Users\deves\OneDrive\Desktop\Projects\TCMD-SS\data\raw\hirise_v3_2\map-proj-v3_2\ESP_011677_1655_RED-0070.jpg
map-proj-v3_2/ESP_011677_1655_RED-0073.jpg,ok,,JPEG,227.0,227.0,L,1.0,1.0,normal,other,val,esp_011677_1655_red-0073,[],d21178e58e4a39fc39a172b44b47797190efcaed507b6135e5cbc5230f459b96,2774255844bdcc2948b1569267bcacd0873ae62ad7a9354b33abc1e44dbf6efb,ec3e73c91926c691,131.23056919404607,15.043868786746424,9bf8cefd465bd5fd,[],0.0,esp_011677_1655,['val'],1.0,Counter({'val': 1}),test,03f06e73f7a99dcc,True,hirise_clean,0,C:\Users\deves\OneDrive\Desktop\Projects\TCMD-SS\data\raw\hirise_v3_2\map-proj-v3_2\ESP_011677_1655_RED-0073.jpg
map-proj-v3_2/ESP_011677_1655_RED-0075.jpg,ok,,JPEG,227.0,227.0,L,1.0,1.0,normal,other,val,esp_011677_1655_red-0075,[],80241d0e00ac80c8bb44ef82547c036456d28a2443ce4eb7766213b76430400a,39ae7e78fc82454481687c55aaecc45c79dc8f7491d1f046e9f0e9a75581dca3,c96ad3502896ff98,128.0914630596363,18.956890484532327,79651e1f04525751,[],0.0,esp_011677_1655,['val'],1.0,Counter({'val': 1}),test,03f06e73f7a99dcc,True,hirise_clean,0,C:\Users\deves\OneDrive\Desktop\Projects\TCMD-SS\data\raw\hirise_v3_2\map-proj-v3_2\ESP_011677_1655_RED-0075.jpg
map-proj-v3_2/ESP_011677_1655_RED-0079.jpg,ok,,JPEG,227.0,227.0,L,1.0,1.0,normal,crater,val,esp_011677_1655_red-0079,[],60f76e870a39738a6035c10e7653cd7354749b6935199ba74b8606e8f319c745,3ee39a6f6e8b010476cd591be0d0689a2cf872a2324054f3a7345f981263f791,98a4e3c6997ee119,131.59488831531758,19.29403286302956,3f1bf07735205364,[],1.0,esp_011677_1655,['val'],1.0,Counter({'val': 1}),test,03f06e73f7a99dcc,True,hirise_clean,0,C:\Users\deves\OneDrive\Desktop\Projects\TCMD-SS\data\raw\hirise_v3_2\map-proj-v3_2\ESP_011677_1655_RED-0079.jpg
map-proj-v3_2/ESP_011677_1655_RED-0083.jpg,ok,,JPEG,227.0,227.0,L,1.0,1.0,normal,other,val,esp_011677_1655_red-0083,[],77ca3084e4190cfac1be6430d6ff2fe33a5e88809c3925f560e24a7f5aca146b,ea52096d1b0e0d91fc77a34f3bd89d496ce7a8d2a6e9f315f85ef087d15d0778,cdf71689596606c9,122.33334627103184,14.876825551932727,c0202144c9756ec0,[],0.0,esp_011677_1655,['val'],1.0,Counter({'val': 1}),test,03f06e73f7a99dcc,True,hirise_clean,0,C:\Users\deves\OneDrive\Desktop\Projects\TCMD-SS\data\raw\hirise_v3_2\map-proj-v3_2\ESP_011677_1655_RED-0083.jpg
map-proj-v3_2/ESP_011677_1655_RED-0086.jpg,ok,,JPEG,227.0,227.0,L,1.0,1.0,normal,other,val,esp_011677_1655_red-0086,[],9355d627097cf7e0ad069078b7375fc0d699e554110b69b8924ac3c1e3466933,918596839b506af1223cdbbf0d2f1a00a5669ee8375266e46266cf6746899917,ecff130fcc1104e6,131.3437287740884,13.86039175718293,3a7132593b57100b,[],0.0,esp_011677_1655,['val'],1.0,Counter({'val': 1}),test,03f06e73f7a99dcc,True,hirise_clean,0,C:\Users\deves\OneDrive\Desktop\Projects\TCMD-SS\data\raw\hirise_v3_2\map-proj-v3_2\ESP_011677_1655_RED-0086.jpg
map-proj-v3_2/ESP_011677_1655_RED-0087.jpg,ok,,JPEG,227.0,227.0,L,1.0,1.0,normal,other,val,esp_011677_1655_red-0087,[],f1675d1394021afb62caedd6c4d16b24caf051b2d107306a1aafc40985b6d674,843f9af52c6e2ea54ac31dcb773901f89d10ca3ce92d656857f1bdc3cc473c55,9cc75150ecb349e6,75.89873663374023,58.55529469633314,ddcf6e0da02a4043,[],0.0,esp_011677_1655,['val'],1.0,Counter({'val': 1}),test,03f06e73f7a99dcc,True,hirise_clean,0,C:\Users\deves\OneDrive\Desktop\Projects\TCMD-SS\data\raw\hirise_v3_2\map-proj-v3_2\ESP_011677_1655_RED-0087.jpg
map-proj-v3_2/ESP_011677_1655_RED-0092.jpg,ok,,JPEG,227.0,227.0,L,1.0,1.0,normal,other,val,esp_011677_1655_red-0092,[],075bcc64d4d22acb114f50d019751d7e9508a1a827bd524290e58be905d4345a,3e0dc80a8d9efdff486c9abbfd1dca505386988f2c7f1530d7fe4ba2247c8dfc,e499194c8eb323e7,129.26412311513906,17.441894055218874,69e4bf98edfd1eb5,[],0.0,esp_011677_1655,['val'],1.0,Counter({'val': 1}),test,03f06e73f7a99dcc,True,hirise_clean,0,C:\Users\deves\OneDrive\Desktop\Projects\TCMD-SS\data\raw\hirise_v3_2\map-proj-v3_2\ESP_011677_1655_RED-0092.jpg
map-proj-v3_2/ESP_011677_1655_RED-0093.jpg,ok,,JPEG,227.0,227.0,L,1.0,1.0,normal,other,val,esp_011677_1655_red-0093,[],474e919b362d390a83ff9f8243761ad496e0a12091e830d051e0bacdfe5c087c,a4e614792a65e3b5c8e3c846d747b2107c0d4c79737c09d477e4efe4c1a31db4,ccad915a8ce6b26c,130.45395796541754,19.88947854067621,6af50fe423434e37,[],0.0,esp_011677_1655,['val'],1.0,Counter({'val': 1}),test,03f06e73f7a99dcc,True,hirise_clean,0,C:\Users\deves\OneDrive\Desktop\Projects\TCMD-SS\data\raw\hirise_v3_2\map-proj-v3_2\ESP_011677_1655_RED-0093.jpg
map-proj-v3_2/ESP_011677_1655_RED-0106.jpg,ok,,JPEG,227.0,227.0,L,1.0,1.0,normal,crater,val,esp_011677_1655_red-0106,[],c02d4127464ab8f876ada52b7d9a4966d8d0f6174682475130af5067f7bec822,d755208eac4a5bff3ea7c65d2d6eaddf788a8a8e8de64baeeccede5cc9ce85d5,f94726199924cef2,126.2270954219954,14.484547017395116,dc0d18815fc0eee1,[],1.0,esp_011677_1655,['val'],1.0,Counter({'val': 1}),test,03f06e73f7a99dcc,True,hirise_clean,0,C:\Users\deves\OneDrive\Desktop\Projects\TCMD-SS\data\raw\hirise_v3_2\map-proj-v3_2\ESP_011677_1655_RED-0106.jpg
map-proj-v3_2/ESP_011677_1655_RED-0107.jpg,ok,,JPEG,227.0,227.0,L,1.0,1.0,normal,other,val,esp_011677_1655_red-0107,[],edaa66f9008db4b80993cf7a3abdc6a39368110796e44c8d6de90ef896f41e02,281dce738da91c461f8feb503ddfcf30e98a8a2bba7e582b3b1ab1ad6f568d6b,af16190ce647e798,120.27929903549456,15.77267625468653,5baa31f2ace95532,[],0.0,esp_011677_1655,['val'],1.0,Counter({'val': 1}),test,03f06e73f7a99dcc,True,hirise_clean,0,C:\Users\deves\OneDrive\Desktop\Projects\TCMD-SS\data\raw\hirise_v3_2\map-proj-v3_2\ESP_011677_1655_RED-0107.jpg
map-proj-v3_2/ESP_011677_1655_RED-0109.jpg,ok,,JPEG,227.0,227.0,L,1.0,1.0,normal,other,val,esp_011677_1655_red-0109,[],dc599f6b38328a0a2a21d891ad9c221baf3326eaccad271cf425ee023b4d4040,5facca95e0cf42746e491ad421fe75451e26298a47a6565008442746491abf51,ca6b4369a9a5ad54,122.85144287682664,19.390682296954747,96d1bcdbed068c98,[],0.0,esp_011677_1655,['val'],1.0,Counter({'val': 1}),test,03f06e73f7a99dcc,True,hirise_clean,0,C:\Users\deves\OneDrive\Desktop\Projects\TCMD-SS\data\raw\hirise_v3_2\map-proj-v3_2\ESP_011677_1655_RED-0109.jpg
map-proj-v3_2/ESP_011677_1655_RED-0114.jpg,ok,,JPEG,227.0,227.0,L,1.0,1.0,normal,crater,val,esp_011677_1655_red-0114,[],10ef28fdb1501134330bf64aca7130ec9a17a04cabe6a0372774601a18fe978b,5c4e1c6df99230f7372c48803d3e05f16736016c14254e20e4ef762b42a2eed0,9b2d4cd372cc3263,127.62058258456403,15.095047125173489,05b0c31aa5e863d1,[],1.0,esp_011677_1655,['val'],1.0,Counter({'val': 1}),test,03f06e73f7a99dcc,True,hirise_clean,0,C:\Users\deves\OneDrive\Desktop\Projects\TCMD-SS\data\raw\hirise_v3_2\map-proj-v3_2\ESP_011677_1655_RED-0114.jpg
map-proj-v3_2/ESP_011677_1655_RED-0118.jpg,ok,,JPEG,227.0,227.0,L,1.0,1.0,normal,other,val,esp_011677_1655_red-0118,[],9a507724ebd49843bbf88ad221dbcad9ec5770688546b55d42dd3554f6e84927,68ad55d98f4df3b8463f1e929b6b0baf2f842e9e04322fbc49472d0926b8c112,e3b130decb26468b,122.30177181781131,16.675619803711527,228458d3d63a0add,[],0.0,esp_011677_1655,['val'],1.0,Counter({'val': 1}),test,03f06e73f7a99dcc,True,hirise_clean,0,C:\Users\deves\OneDrive\Desktop\Projects\TCMD-SS\data\raw\hirise_v3_2\map-proj-v3_2\ESP_011677_1655_RED-0118.jpg
map-proj-v3_2/ESP_011677_1655_RED-0124.jpg,ok,,JPEG,227.0,227.0,L,1.0,1.0,normal,other,val,esp_011677_1655_red-0124,[],e42b00ce595ff08964b9d3d429dc29f5137d19cd70392cf91b1a39c83e0708d7,1f1fe3a777ca07986e7040c6367cbfdaea432c19b8ea3218b42c25704c7efed3,c3ad34a3d21ce749,124.45886782200314,15.245237339864936,7042bf5176383a4d,[],0.0,esp_011677_1655,['val'],1.0,Counter({'val': 1}),test,03f06e73f7a99dcc,True,hirise_clean,0,C:\Users\deves\OneDrive\Desktop\Projects\TCMD-SS\data\raw\hirise_v3_2\map-proj-v3_2\ESP_011677_1655_RED-0124.jpg
map-proj-v3_2/ESP_011677_1655_RED-0125.jpg,ok,,JPEG,227.0,227.0,L,1.0,1.0,normal,other,val,esp_011677_1655_red-0125,[],c3d57ef604091745aec4cd984de285cc020a1b793c101d1d0f39fa346995ea92,7f09a9928e693cb66958dc009cdc89e4a76e1698c86bda72341e43f306d00e9a,eb4416a8137344ff,128.75629257311417,15.053851287646056,41d4f39247728bd7,[],0.0,esp_011677_1655,['val'],1.0,Counter({'val': 1}),test,03f06e73f7a99dcc,True,hirise_clean,0,C:\Users\deves\OneDrive\Desktop\Projects\TCMD-SS\data\raw\hirise_v3_2\map-proj-v3_2\ESP_011677_1655_RED-0125.jpg
map-proj-v3_2/ESP_011677_1655_RED-0127.jpg,ok,,JPEG,227.0,227.0,L,1.0,1.0,normal,other,val,esp_011677_1655_red-0127,[],c27bf5bb5b0e90f27adaa1e314e7e57b0a9efaebe4015384f0d869d557d445a3,dad3adc51a99e5fae13b6a5827a63340ded1e17cbd779d91bf18e6f9d5a7fffa,d55aba49cf582c43,106.22882260474684,47.13845377920452,6f9de0be1feea84c,[],0.0,esp_011677_1655,['val'],1.0,Counter({'val': 1}),test,03f06e73f7a99dcc,True,hirise_clean,0,C:\Users\deves\OneDrive\Desktop\Projects\TCMD-SS\data\raw\hirise_v3_2\map-proj-v3_2\ESP_011677_1655_RED-0127.jpg
map-proj-v3_2/ESP_011677_1655_RED-0132.jpg,ok,,JPEG,227.0,227.0,L,1.0,1.0,normal,other,val,esp_011677_1655_red-0132,[],00c8d1c26f3d90682867b5ebc134dbb6e5616334b3fc0cfb1f38727223b794b5,4970fd16639d6ce0f59d28ff86520684edaedb96355e34da8074714475258b9f,c9663619d926c69d,131.5971588814066,14.434213518670944,da675cba740be1f2,[],0.0,esp_011677_1655,['val'],1.0,Counter({'val': 1}),test,03f06e73f7a99dcc,True,hirise_clean,0,C:\Users\deves\OneDrive\Desktop\Projects\TCMD-SS\data\raw\hirise_v3_2\map-proj-v3_2\ESP_011677_1655_RED-0132.jpg
map-proj-v3_2/ESP_011677_1655_RED-0134.jpg,ok,,JPEG,227.0,227.0,L,1.0,1.0,normal,other,val,esp_011677_1655_red-0134,[],2166a2b950df5b08080e57dae6a64124b29194866a7e49681d03eb3da84e1fc4,d7eea32981fe686e7b41072569eeb8e17186b9c9804205ceab57366deb447296,efa5114ace1518de,128.9588969318248,11.935429646629826,0d15c92bdc71c1bc,[],0.0,esp_011677_1655,['val'],1.0,Counter({'val': 1}),test,03f06e73f7a99dcc,True,hirise_clean,0,C:\Users\deves\OneDrive\Desktop\Projects\TCMD-SS\data\raw\hirise_v3_2\map-proj-v3_2\ESP_011677_1655_RED-0134.jpg
map-proj-v3_2/ESP_011677_1655_RED-0135.jpg,ok,,JPEG,227.0,227.0,L,1.0,1.0,normal,other,val,esp_011677_1655_red-0135,[],c9f34f4923e3bce2ac10d7f7ffed45c262d67649d4eb76261d33cca9bae19c1b,2826a57ae9de9a97b0061c581e6860a16f3ce83113ce61c85163c6039597c211,b919c6e6c79912cc,125.89788274563838,26.298510394223925,68472dbecef38ed2,[],0.0,esp_011677_1655,['val'],1.0,Counter({'val': 1}),test,03f06e73f7a99dcc,True,hirise_clean,0,C:\Users\deves\OneDrive\Desktop\Projects\TCMD-SS\data\raw\hirise_v3_2\map-proj-v3_2\ESP_011677_1655_RED-0135.jpg
map-proj-v3_2/ESP_011677_1655_RED-0144.jpg,ok,,JPEG,227.0,227.0,L,1.0,1.0,normal,crater,val,esp_011677_1655_red-0144,[],b3c6bb05946b7cba8e9f70613eb7dd265668ce501552299a550b27b9e002b31f,ae7720d0a9eaad3ad2834c076f945346b52bc0ed5fb2d6e3c5b84ce7efce4721,b326cc99336cce23,119.40582972694988,30.470363267980005,7c0441e7a48718f4,[],1.0,esp_011677_1655,['val'],1.0,Counter({'val': 1}),test,03f06e73f7a99dcc,True,hirise_clean,0,C:\Users\deves\OneDrive\Desktop\Projects\TCMD-SS\data\raw\hirise_v3_2\map-proj-v3_2\ESP_011677_1655_RED-0144.jpg
map-proj-v3_2/ESP_011677_1655_RED-0146.jpg,ok,,JPEG,227.0,227.0,L,1.0,1.0,normal,other,val,esp_011677_1655_red-0146,[],635aad24e79f701a497ca175500047d5ead6931c985527b66a8eac3cc8c98d52,138746c8823554508d85ebb9d68e0c8e589e0a9cc9f494017fb8b02b4eafb8a5,b71e698df5a0a861,118.65242872945332,19.06736124257079,3d809ca3055cf7ba,[],0.0,esp_011677_1655,['val'],1.0,Counter({'val': 1}),test,03f06e73f7a99dcc,True,hirise_clean,0,C:\Users\deves\OneDrive\Desktop\Projects\TCMD-SS\data\raw\hirise_v3_2\map-proj-v3_2\ESP_011677_1655_RED-0146.jpg
map-proj-v3_2/ESP_011677_1655_RED-0149.jpg,ok,,JPEG,227.0,227.0,L,1.0,1.0,normal,other,val,esp_011677_1655_red-0149,[],14fde88bf8de04827efd176eba0cb4fa77f8b940385607e1ad608983e0ad68d2,10883af00e92a7761c00f7eab3fbc754966532ec8a2012a817a4333b5636c7d1,db69b46c6449259b,94.7837528382076,62.836642036374776,65950637632ddf3f,[],0.0,esp_011677_1655,['val'],1.0,Counter({'val': 1}),test,03f06e73f7a99dcc,True,hirise_clean,0,C:\Users\deves\OneDrive\Desktop\Projects\TCMD-SS\data\raw\hirise_v3_2\map-proj-v3_2\ESP_011677_1655_RED-0149.jpg
map-proj-v3_2/ESP_011677_1655_RED-0163.jpg,ok,,JPEG,227.0,227.0,L,1.0,1.0,normal,other,val,esp_011677_1655_red-0163,[],7f52f9ef2f159d020abff6eba61b63e361e6127a59f5b34c40920ad48abc5404,96506aa416c5d6af698732c47ea29273da1de03ba68b8c3659c47c3906e7be9a,9b1e9844a757393c,129.74891808496187,13.675498566451948,070a9659484eabbb,[],0.0,esp_011677_1655,['val'],1.0,Counter({'val': 1}),test,03f06e73f7a99dcc,True,hirise_clean,0,C:\Users\deves\OneDrive\Desktop\Projects\TCMD-SS\data\raw\hirise_v3_2\map-proj-v3_2\ESP_011677_1655_RED-0163.jpg
map-proj-v3_2/ESP_011677_1655_RED-0167.jpg,ok,,JPEG,227.0,227.0,L,1.0,1.0,normal,other,val,esp_011677_1655_red-0167,[],77b3e3179020fd32def1aa1250ef657023859e1c8da970bdf74656cae383aa89,5e9a0a686ad2bc4d9d0b63adc7a19ad76b42271bb724d65313d342179096d7f0,9df9b014ef958e08,117.0494866968115,19.18870107853965,299704539f3c383e,[],0.0,esp_011677_1655,['val'],1.0,Counter({'val': 1}),test,03f06e73f7a99dcc,True,hirise_clean,0,C:\Users\deves\OneDrive\Desktop\Projects\TCMD-SS\data\raw\hirise_v3_2\map-proj-v3_2\ESP_011677_1655_RED-0167.jpg
map-proj-v3_2/ESP_011677_1655_RED-0171.jpg,ok,,JPEG,227.0,227.0,L,1.0,1.0,normal,crater,val,esp_011677_1655_red-0171,[],f1b892749d85dcba5587a5043501431112596d169273e7f0989a3ec8ac603c3b,fc7e8ef75f24494d7e6d817d3fe07ddeaf9a6e7e43d3421c001d73e3063495d0,982ee7d31a8c7171,127.44549671059016,23.58805016298309,3c289f24729d3776,[],1.0,esp_011677_1655,['val'],1.0,Counter({'val': 1}),test,03f06e73f7a99dcc,True,hirise_clean,0,C:\Users\deves\OneDrive\Desktop\Projects\TCMD-SS\data\raw\hirise_v3_2\map-proj-v3_2\ESP_011677_1655_RED-0171.jpg
map-proj-v3_2/ESP_011677_1655_RED-0173.jpg,ok,,JPEG,227.0,227.0,L,1.0,1.0,normal,other,val,esp_011677_1655_red-0173,[],f4e89ee9f6ab4f7e4be9b7c9a7f6ebfd19a290b5a3930e1105dd6185261ae6b2,89661dcb8af6e575ca91363bf44a6de22486e5e47dcd293e5d779152774ee1a3,83e0dcaaaaaab1d5,98.8014710163209,50.00425316159233,a6c4c479e9a3c80b,[],0.0,esp_011677_1655,['val'],1.0,Counter({'val': 1}),test,03f06e73f7a99dcc,True,hirise_clean,0,C:\Users\deves\OneDrive\Desktop\Projects\TCMD-SS\data\raw\hirise_v3_2\map-proj-v3_2\ESP_011677_1655_RED-0173.jpg
map-proj-v3_2/ESP_011677_1655_RED-0180.jpg,ok,,JPEG,227.0,227.0,L,1.0,1.0,normal,other,val,esp_011677_1655_red-0180,[],5df308a16a53d0524077e1940947b5e408f553462abf8c769154fbf35a1a37b8,c7e8a99e2af0c85fbdfbb7f0effc325ca163f7d65035ae4fee49a50aa406b893,b495534d4cb47b4a,137.24440606260552,17.449333062361074,907e489cc94fa203,[],0.0,esp_011677_1655,['val'],1.0,Counter({'val': 1}),test,03f06e73f7a99dcc,True,hirise_clean,0,C:\Users\deves\OneDrive\Desktop\Projects\TCMD-SS\data\raw\hirise_v3_2\map-proj-v3_2\ESP_011677_1655_RED-0180.jpg
map-proj-v3_2/ESP_011677_1655_RED-0184.jpg,ok,,JPEG,227.0,227.0,L,1.0,1.0,normal,other,val,esp_011677_1655_red-0184,[],039d324cc484f872dc0ab251dfc8898146d002046ba2deb2ffb3d88e46ba553e,de363a1c37ab990868901bdc9ba744ee19b21b1d6cd9e131988c1fe8fbdcde74,a9b0cdc6eb33581c,122.58825127598053,17.00369935726402,a19ace1bebaa21cd,[],0.0,esp_011677_1655,['val'],1.0,Counter({'val': 1}),test,03f06e73f7a99dcc,True,hirise_clean,0,C:\Users\deves\OneDrive\Desktop\Projects\TCMD-SS\data\raw\hirise_v3_2\map-proj-v3_2\ESP_011677_1655_RED-0184.jpg
map-proj-v3_2/ESP_011677_1655_RED-0187.jpg,ok,,JPEG,227.0,227.0,L,1.0,1.0,normal,other,val,esp_011677_1655_red-0187,[],a5b2d2c15edc2971191a18604bfb07b9f67ca2d14f7fe009e75c72fea27b6ff8,87616ba26ba0aa46b1ae9b90731d0d4e49bd4cae7b509de02a28d19adc4a7642,a3ba988da3b42ea3,135.8534223446991,12.988627938445614,f557e0183673e2b1,[],0.0,esp_011677_1655,['val'],1.0,Counter({'val': 1}),test,03f06e73f7a99dcc,True,hirise_clean,0,C:\Users\deves\OneDrive\Desktop\Projects\TCMD-SS\data\raw\hirise_v3_2\map-proj-v3_2\ESP_011677_1655_RED-0187.jpg
map-proj-v3_2/ESP_011677_1655_RED-0189.jpg,ok,,JPEG,227.0,227.0,L,1.0,1.0,normal,other,val,esp_011677_1655_red-0189,[],1709e3ad5b69be5bd5818cc8082b097381fadc52cb8323fdd920c02d750e50c7,874fb638074b66babe2726506c3f47392cc26247e52484e43eceb79cae9d5f38,da4b7c07f80f7510,91.24269828640185,57.31011733623768,55158ae35fde9306,[],0.0,esp_011677_1655,['val'],1.0,Counter({'val': 1}),test,03f06e73f7a99dcc,True,hirise_clean,0,C:\Users\deves\OneDrive\Desktop\Projects\TCMD-SS\data\raw\hirise_v3_2\map-proj-v3_2\ESP_011677_1655_RED-0189.jpg
map-proj-v3_2/ESP_011677_1655_RED-0192.jpg,ok,,JPEG,227.0,227.0,L,1.0,1.0,normal,other,val,esp_011677_1655_red-0192,[],3233a0f75c557af484f49bc25761e5f38b796c7b79366e646051c0c4b1b05066,b0e629bd18edb09cee77092fdc370139098105adc219c9716dab3ac1f824da2f,d24a2d69f1905ced,101.49168429428089,54.159275192180274,032bf2e030de7eae,[],0.0,esp_011677_1655,['val'],1.0,Counter({'val': 1}),test,03f06e73f7a99dcc,True,hirise_clean,0,C:\Users\deves\OneDrive\Desktop\Projects\TCMD-SS\data\raw\hirise_v3_2\map-proj-v3_2\ESP_011677_1655_RED-0192.jpg
map-proj-v3_2/ESP_011677_1655_RED-0194.jpg,ok,,JPEG,227.0,227.0,L,1.0,1.0,normal,other,val,esp_011677_1655_red-0194,[],d3d331c4fa021947224ed72c02866042cec180c22419ef8899c97c0309a82ddd,a20e95ca425a81b36c5bc013b0dceb69e50c0352f7e0e1793b6b46aad3db8ce2,a5a9a5bda5555550,128.68060703681422,25.72139878661013,c79b55fddccc99c8,[],0.0,esp_011677_1655,['val'],1.0,Counter({'val': 1}),test,03f06e73f7a99dcc,True,hirise_clean,0,C:\Users\deves\OneDrive\Desktop\Projects\TCMD-SS\data\raw\hirise_v3_2\map-proj-v3_2\ESP_011677_1655_RED-0194.jpg
map-proj-v3_2/ESP_011677_1655_RED-0196.jpg,ok,,JPEG,227.0,227.0,L,1.0,1.0,normal,other,val,esp_011677_1655_red-0196,[],9bc8ea0c188b09d08b0d7fa464ae9dfb7c7dea856de43bafd0d54c590175af64,0887874312434b2df331f5f2ef3c24539e92ebe6646647e6934f011d101ddb36,d555f8f8de0f0308,116.7080478953599,36.62424343008354,36bf9a32d0f3a7a3,[],0.0,esp_011677_1655,['val'],1.0,Counter({'val': 1}),test,03f06e73f7a99dcc,True,hirise_clean,0,C:\Users\deves\OneDrive\Desktop\Projects\TCMD-SS\data\raw\hirise_v3_2\map-proj-v3_2\ESP_011677_1655_RED-0196.jpg
map-proj-v3_2/ESP_011677_1655_RED-0198.jpg,ok,,JPEG,227.0,227.0,L,1.0,1.0,normal,other,val,esp_011677_1655_red-0198,[],ea36e5853897b8c05f871722a279950a8dc0994d5041b7988f9941f61ed50bf5,e5b057061d974bb350effb46e4202b4ed19f0d674b1b59d9bfb657332f31fd8f,ccdc93594cda3389,128.9170370082866,23.48449445509891,6549d4e6c9302030,[],0.0,esp_011677_1655,['val'],1.0,Counter({'val': 1}),test,03f06e73f7a99dcc,True,hirise_clean,0,C:\Users\deves\OneDrive\Desktop\Projects\TCMD-SS\data\raw\hirise_v3_2\map-proj-v3_2\ESP_011677_1655_RED-0198.jpg
map-proj-v3_2/ESP_011677_1655_RED-0205.jpg,ok,,JPEG,227.0,227.0,L,1.0,1.0,normal,other,val,esp_011677_1655_red-0205,[],34fd9281f7c2c7539284714d03a3494ddad8f575f75ff2c37f4fd400a75cc83a,f180465d7df3d6c0606fcd26bd3bc26765f41ec7fe72209a4b1b088350590dd4,a3dbd21b0b870e55,131.06287721477227,21.35391307189396,2a37e9c7529cfaa3,[],0.0,esp_011677_1655,['val'],1.0,Counter({'val': 1}),test,03f06e73f7a99dcc,True,hirise_clean,0,C:\Users\deves\OneDrive\Desktop\Projects\TCMD-SS\data\raw\hirise_v3_2\map-proj-v3_2\ESP_011677_1655_RED-0205.jpg
map-proj-v3_2/ESP_011677_1655_RED-0210.jpg,ok,,JPEG,227.0,227.0,L,1.0,1.0,normal,other,val,esp_011677_1655_red-0210,[],14f0be304395503c6f49bacd19649e0aa2b5eba06d4d44e3288b871e959d28df,1443f8706dff5d3d79cb60ee67bfe0d9395017966dd712fa4abb9a48b7094584,add15ad5529a3782,136.26398726930466,19.88800269386814,ca4abeaa1ec5b29e,[],0.0,esp_011677_1655,['val'],1.0,Counter({'val': 1}),test,03f06e73f7a99dcc,True,hirise_clean,0,C:\Users\deves\OneDrive\Desktop\Projects\TCMD-SS\data\raw\hirise_v3_2\map-proj-v3_2\ESP_011677_1655_RED-0210.jpg
map-proj-v3_2/ESP_011677_1655_RED-0212.jpg,ok,,JPEG,227.0,227.0,L,1.0,1.0,normal,other,val,esp_011677_1655_red-0212,[],91cf0ed37271b5a8e16f726b098fc3830273eba0290d7c20c2e4bd0f95d0c9f2,ad877591b05c879104bee37f26421079d10fab5021a2d965b841d4b2687beca1,e671472966fa4169,133.93939335131674,21.569738497359225,10d8b08dd41fcb34,[],0.0,esp_011677_1655,['val'],1.0,Counter({'val': 1}),test,03f06e73f7a99dcc,True,hirise_clean,0,C:\Users\deves\OneDrive\Desktop\Projects\TCMD-SS\data\raw\hirise_v3_2\map-proj-v3_2\ESP_011677_1655_RED-0212.jpg
map-proj-v3_2/ESP_011677_1655_RED-0217.jpg,ok,,JPEG,227.0,227.0,L,1.0,1.0,normal,other,val,esp_011677_1655_red-0217,[],08557710446a4dcee5b06de01d05ad20db087161924bddfb8dddc2d29ac777a9,6709ddf7e46ce382ca546c4c84fe3ea6873dc1a5bbcf66340fdce40605a52103,d64a391b3f22ed06,105.14081391061345,54.708386151196095,ec3cae2ad6636554,[],0.0,esp_011677_1655,['val'],1.0,Counter({'val': 1}),test,03f06e73f7a99dcc,True,hirise_clean,0,C:\Users\deves\OneDrive\Desktop\Projects\TCMD-SS\data\raw\hirise_v3_2\map-proj-v3_2\ESP_011677_1655_RED-0217.jpg
map-proj-v3_2/ESP_011677_1655_RED-0218.jpg,ok,,JPEG,227.0,227.0,L,1.0,1.0,normal,other,val,esp_011677_1655_red-0218,[],2589cb8dd1a5fb7b076066b146e5b54a3d8551ae8820066d158c57660116a40b,3df7be9882d1b961fcf05d82d09c47e9d3c13ffba07404b08e1b984c1e95c7cf,a05fd9f7ca920398,126.35874944206176,22.100331607035027,304550830d19c953,[],0.0,esp_011677_1655,['val'],1.0,Counter({'val': 1}),test,03f06e73f7a99dcc,True,hirise_clean,0,C:\Users\deves\OneDrive\Desktop\Projects\TCMD-SS\data\raw\hirise_v3_2\map-proj-v3_2\ESP_011677_1655_RED-0218.jpg
map-proj-v3_2/ESP_011677_1655_RED-0219.jpg,ok,,JPEG,227.0,227.0,L,1.0,1.0,normal,other,val,esp_011677_1655_red-0219,[],47313461fcb4381991b1c8b201f4d1c97bef64f3da8828325f410055633425b9,297acbdd6e6143bfbcd9f58c49fdcdd0f5db018d6b3895bbc614856ef8f6bb63,9c4b5d01a45c3bfc,133.1905140794504,22.363077064802223,76e4a9facafcb0db,[],0.0,esp_011677_1655,['val'],1.0,Counter({'val': 1}),test,03f06e73f7a99dcc,True,hirise_clean,0,C:\Users\deves\OneDrive\Desktop\Projects\TCMD-SS\data\raw\hirise_v3_2\map-proj-v3_2\ESP_011677_1655_RED-0219.jpg
map-proj-v3_2/ESP_011677_1655_RED-0226.jpg,ok,,JPEG,227.0,227.0,L,1.0,1.0,normal,other,val,esp_011677_1655_red-0226,[],a51d0ccf98d193a7526648c26d8eacd6f9da1df1f547cbc922cd336b6296ae43,25b8ef6f0755b6c853a13545da0f3681b477f55564e97cafb3c8d22b0c60802a,fb789c6366985423,129.51043101942597,22.136708371030863,bef3801205c047b5,[],0.0,esp_011677_1655,['val'],1.0,Counter({'val': 1}),test,03f06e73f7a99dcc,True,hirise_clean,0,C:\Users\deves\OneDrive\Desktop\Projects\TCMD-SS\data\raw\hirise_v3_2\map-proj-v3_2\ESP_011677_1655_RED-0226.jpg
map-proj-v3_2/ESP_011677_1655_RED-0231.jpg,ok,,JPEG,227.0,227.0,L,1.0,1.0,normal,other,val,esp_011677_1655_red-0231,[],3baedba50d06c811d12b9617bdc04cc104f0fd94196a95f17c78db20b4178400,f605ab24b3a16dd46017f82b2a3d64d6baaaea69c43fbb7abb8536bade71d315,ce2cd22e12fde8c1,128.41510605678357,22.600379902067544,9dd27fa513bd9f26,[],0.0,esp_011677_1655,['val'],1.0,Counter({'val': 1}),test,03f06e73f7a99dcc,True,hirise_clean,0,C:\Users\deves\OneDrive\Desktop\Projects\TCMD-SS\data\raw\hirise_v3_2\map-proj-v3_2\ESP_011677_1655_RED-0231.jpg
map-proj-v3_2/ESP_011677_1655_RED-0232.jpg,ok,,JPEG,227.0,227.0,L,1.0,1.0,normal,other,val,esp_011677_1655_red-0232,[],b0fcd251517249db9dc431e99447ba914d1157ba0775e1b4369769544efc1005,072f14e221209226b6fda0c832e5bb9d0297f2c8a13737a4b67f13f1cbe45f60,d65aa94d08f5a758,104.14017349453704,45.53182419828652,54a3fa3efe8f47f4,[],0.0,esp_011677_1655,['val'],1.0,Counter({'val': 1}),test,03f06e73f7a99dcc,True,hirise_clean,0,C:\Users\deves\OneDrive\Desktop\Projects\TCMD-SS\data\raw\hirise_v3_2\map-proj-v3_2\ESP_011677_1655_RED-0232.jpg
map-proj-v3_2/ESP_011677_1655_RED-0233.jpg,ok,,JPEG,227.0,227.0,L,1.0,1.0,normal,other,val,esp_011677_1655_red-0233,[],6a362cf17ddefaebe77cef357cd9e0c4c6f1ca8ca820f5b4ce7f17243b9381ae,4357732dd95837d6ceb7db9f0a5b8bcbd26675253627b7159b6fdf0c80fd5b19,da693549379bcd04,96.38586038929536,59.68255257765366,d3734923445437e6,[],0.0,esp_011677_1655,['val'],1.0,Counter({'val': 1}),test,03f06e73f7a99dcc,True,hirise_clean,0,C:\Users\deves\OneDrive\Desktop\Projects\TCMD-SS\data\raw\hirise_v3_2\map-proj-v3_2\ESP_011677_1655_RED-0233.jpg
map-proj-v3_2/ESP_011677_1655_RED-0235.jpg,ok,,JPEG,227.0,227.0,L,1.0,1.0,normal,other,val,esp_011677_1655_red-0235,[],70a57c000f3bc5c3ae726bb867258d7de293d9b853ab27b3427186a2efed09eb,4980d7576edebbf0cd99f98238d32d6ad69ba640c67c678207fbb3a422a517db,e31d9c96a38abc0b,126.16124900541443,20.50626827108798,0a29a773d8adf313,[],0.0,esp_011677_1655,['val'],1.0,Counter({'val': 1}),test,03f06e73f7a99dcc,True,hirise_clean,0,C:\Users\deves\OneDrive\Desktop\Projects\TCMD-SS\data\raw\hirise_v3_2\map-proj-v3_2\ESP_011677_1655_RED-0235.jpg
map-proj-v3_2/ESP_011677_1655_RED-0236.jpg,ok,,JPEG,227.0,227.0,L,1.0,1.0,normal,other,val,esp_011677_1655_red-0236,[],f90e628485ef5674c51de617dcb9e8a309312311193b7ed60be0c259315057b1,01cb96188644d08b9763bf248a08de6df6a3e9006514d1c86db2def67dcce1dc,f5ba599cae91888c,137.50829629917135,18.797035593317165,ee889a1d40afc6e9,[],0.0,esp_011677_1655,['val'],1.0,Counter({'val': 1}),test,03f06e73f7a99dcc,True,hirise_clean,0,C:\Users\deves\OneDrive\Desktop\Projects\TCMD-SS\data\raw\hirise_v3_2\map-proj-v3_2\ESP_011677_1655_RED-0236.jpg
map-proj-v3_2/ESP_011677_1655_RED-0247.jpg,ok,,JPEG,227.0,227.0,L,1.0,1.0,normal,other,val,esp_011677_1655_red-0247,[],9b0aec5a5f4a6c4bd16c7bda22fd364a5be02482c38ffb09a103a43883bf5b5b,7e99cd56460077668d4bc889f2b1ce2151910417aa63a1f673af129d03924967,80ffc43c7904f713,124.58248753129304,18.445616026095777,ee36ab08c59b2eea,[],0.0,esp_011677_1655,['val'],1.0,Counter({'val': 1}),test,03f06e73f7a99dcc,True,hirise_clean,0,C:\Users\deves\OneDrive\Desktop\Projects\TCMD-SS\data\raw\hirise_v3_2\map-proj-v3_2\ESP_011677_1655_RED-0247.jpg
map-proj-v3_2/ESP_011677_1655_RED-0248.jpg,ok,,JPEG,227.0,227.0,L,1.0,1.0,normal,other,val,esp_011677_1655_red-0248,[],d8c882b93e8dbad267ed0587aa50526f325ba29692a5666bff78d37a7eac69ca,75c83ffd56a1c155c05da3ba25509b4835eda933b707b33bf21c73fe98a0a31d,da493d4c7969866c,97.82217780279066,62.03792000625283,63a6648d128d1366,[],0.0,esp_011677_1655,['val'],1.0,Counter({'val': 1}),test,03f06e73f7a99dcc,True,hirise_clean,0,C:\Users\deves\OneDrive\Desktop\Projects\TCMD-SS\data\raw\hirise_v3_2\map-proj-v3_2\ESP_011677_1655_RED-0248.jpg
map-proj-v3_2/ESP_011677_1655_RED-0249.jpg,ok,,JPEG,227.0,227.0,L,1.0,1.0,normal,other,val,esp_011677_1655_red-0249,[],283f2af9df934f6840299fecf7e71d22b605ce39b4e02443ab4cfe30f4fdff27,d9254d3f46238061109716947d10b28edf6babe1f7bf53565adc7bc3b764d700,be81c83c87e0f84f,119.52809097789594,19.462011421577408,a3de7203ebff5d4e,[],0.0,esp_011677_1655,['val'],1.0,Counter({'val': 1}),test,03f06e73f7a99dcc,True,hirise_clean,0,C:\Users\deves\OneDrive\Desktop\Projects\TCMD-SS\data\raw\hirise_v3_2\map-proj-v3_2\ESP_011677_1655_RED-0249.jpg
map-proj-v3_2/ESP_011677_1655_RED-0253.jpg,ok,,JPEG,227.0,227.0,L,1.0,1.0,normal,other,val,esp_011677_1655_red-0253,[],85bb2ccecdd4f649d6aae61c2474eae1d4718d5f30f796f16683513c233ef61e,9b8b2b7987802e0accc381ae40b050dd3c7b37e5208257ab7eb1acc5152d247f,eb2c842463da9ae7,129.95456927167226,18.55711311019344,adb229f5692493fc,[],0.0,esp_011677_1655,['val'],1.0,Counter({'val': 1}),test,03f06e73f7a99dcc,True,hirise_clean,0,C:\Users\deves\OneDrive\Desktop\Projects\TCMD-SS\data\raw\hirise_v3_2\map-proj-v3_2\ESP_011677_1655_RED-0253.jpg
map-proj-v3_2/ESP_011677_1655_RED-0254.jpg,ok,,JPEG,227.0,227.0,L,1.0,1.0,normal,other,val,esp_011677_1655_red-0254,[],4f2383e0153f2431e09b1e160a9c262e89191e020d4ddab977392128643662b5,141c62ee16cf055ed65e97f4ac594dcf689d36c38811184ea656a955b7966767,c994b623c9d93636,124.67913213918376,17.803381875204547,c838fecd10ae1a01,[],0.0,esp_011677_1655,['val'],1.0,Counter({'val': 1}),test,03f06e73f7a99dcc,True,hirise_clean,0,C:\Users\deves\OneDrive\Desktop\Projects\TCMD-SS\data\raw\hirise_v3_2\map-proj-v3_2\ESP_011677_1655_RED-0254.jpg
map-proj-v3_2/ESP_011677_1655_RED-0256.jpg,ok,,JPEG,227.0,227.0,L,1.0,1.0,normal,other,val,esp_011677_1655_red-0256,[],afe26d0cf728cbd112aa3e5a116f717bca0b4ef89727392c073ba0b79ee8fc24,30747bf30d01ea6591c3414be808519a34b1543ba32a714e9557a8bb16e3e27d,9144bf59e8161b79,136.87020900851948,17.246800095245916,ac9e75d79828e0c9,[],0.0,esp_011677_1655,['val'],1.0,Counter({'val': 1}),test,03f06e73f7a99dcc,True,hirise_clean,0,C:\Users\deves\OneDrive\Desktop\Projects\TCMD-SS\data\raw\hirise_v3_2\map-proj-v3_2\ESP_011677_1655_RED-0256.jpg
map-proj-v3_2/ESP_011677_1655_RED-0260.jpg,ok,,JPEG,227.0,227.0,L,1.0,1.0,normal,other,val,esp_011677_1655_red-0260,[],4ff1c0223eddfd19a56650cfffc017e813fd7238182ad860bb3b4a5262bec609,846fbb79c26ae48a045cc6eade52e086f70f28f442880027a296f88c221b5534,add2b269c59193a6,125.74274680277124,18.088049856906903,12a4aa6e53481423,[],0.0,esp_011677_1655,['val'],1.0,Counter({'val': 1}),test,03f06e73f7a99dcc,True,hirise_clean,0,C:\Users\deves\OneDrive\Desktop\Projects\TCMD-SS\data\raw\hirise_v3_2\map-proj-v3_2\ESP_011677_1655_RED-0260.jpg
map-proj-v3_2/ESP_011677_1655_RED-0265.jpg,ok,,JPEG,227.0,227.0,L,1.0,1.0,normal,other,val,esp_011677_1655_red-0265,[],9b23416e4c0ed4b33a8ee5769163351f0c70f46a1924900d4a0b2930d3b59eec,b08344d0c24e4697023f0a2c5fb6647a7af28195396c9afe9a378a3fc73c7978,e71a1a78c722ce99,132.6782200314386,12.763243231031916,251dfa067369cb66,[],0.0,esp_011677_1655,['val'],1.0,Counter({'val': 1}),test,03f06e73f7a99dcc,True,hirise_clean,0,C:\Users\deves\OneDrive\Desktop\Projects\TCMD-SS\data\raw\hirise_v3_2\map-proj-v3_2\ESP_011677_1655_RED-0265.jpg
map-proj-v3_2/ESP_011677_1655_RED-0266.jpg,ok,,JPEG,227.0,227.0,L,1.0,1.0,normal,other,val,esp_011677_1655_red-0266,[],324a1777bccce0d5a450ed2dd195e19a502ee165b46da49ca47d52c6ea10384c,4bba2f664a8d856682d72a38eac08d37cb21d55cd93673af4120ad59213a566e,aacb52a86c536eaa,134.9140678064779,18.04077844279253,fd8cfa7698594724,[],0.0,esp_011677_1655,['val'],1.0,Counter({'val': 1}),test,03f06e73f7a99dcc,True,hirise_clean,0,C:\Users\deves\OneDrive\Desktop\Projects\TCMD-SS\data\raw\hirise_v3_2\map-proj-v3_2\ESP_011677_1655_RED-0266.jpg
map-proj-v3_2/ESP_011677_1655_RED-0268.jpg,ok,,JPEG,227.0,227.0,L,1.0,1.0,normal,other,val,esp_011677_1655_red-0268,[],2ea8630d8cfdad80bba87256eb6dc0f2af5e6f31074a4eff1994d3d69d3fa5bd,8e477a094db81a48fe20dca2944730f669abf102bb328d04ef2ac0df6f8091fc,da69356e0c6e0d63,94.27250674377537,60.789877573483984,2d1bfc928c8b8713,[],0.0,esp_011677_1655,['val'],1.0,Counter({'val': 1}),test,03f06e73f7a99dcc,True,hirise_clean,0,C:\Users\deves\OneDrive\Desktop\Projects\TCMD-SS\data\raw\hirise_v3_2\map-proj-v3_2\ESP_011677_1655_RED-0268.jpg
map-proj-v3_2/ESP_011677_1655_RED-0269.jpg,ok,,JPEG,227.0,227.0,L,1.0,1.0,normal,other,val,esp_011677_1655_red-0269,[],d87395faf99d217794458b6677baec7c198b6b2d4798c9a2783bbba1f907c719,5a55da7460a8eddcaed473370568a29ed313eee4d9834a840db438bf027afea6,de3d42ed966a8321,132.37155776358944,20.34427061542796,4e926d18e6a4105f,[],0.0,esp_011677_1655,['val'],1.0,Counter({'val': 1}),test,03f06e73f7a99dcc,True,hirise_clean,0,C:\Users\deves\OneDrive\Desktop\Projects\TCMD-SS\data\raw\hirise_v3_2\map-proj-v3_2\ESP_011677_1655_RED-0269.jpg
map-proj-v3_2/ESP_011677_1655_RED-0271.jpg,ok,,JPEG,227.0,227.0,L,1.0,1.0,normal,other,val,esp_011677_1655_red-0271,[],2984ea429dcc76e89a6def25fef7b033b4612ee70dfb4dc312f616f826b7f9e0,1ac7cc8fc78567b75ad2718ef270ec9e3280b97fa9262ac0aa44ca6d947730d0,e689d98c4e33e487,126.23148130179122,14.826562302126998,911c8866252bf19f,[],0.0,esp_011677_1655,['val'],1.0,Counter({'val': 1}),test,03f06e73f7a99dcc,True,hirise_clean,0,C:\Users\deves\OneDrive\Desktop\Projects\TCMD-SS\data\raw\hirise_v3_2\map-proj-v3_2\ESP_011677_1655_RED-0271.jpg
map-proj-v3_2/ESP_011677_1655_RED-0273.jpg,ok,,JPEG,227.0,227.0,L,1.0,1.0,normal,other,val,esp_011677_1655_red-0273,[],58a1430d2e8927011de2e4995fb9f504352036fd3594e9d12cc92b5c6d6a91a7,9784d4cb29827ce95aed0846669f23e37e75910432b224fb6dfbb31171e978aa,d555dacd456264ac,119.50771410273826,34.869756024153055,268802d901e69db6,[],0.0,esp_011677_1655,['val'],1.0,Counter({'val': 1}),test,03f06e73f7a99dcc,True,hirise_clean,0,C:\Users\deves\OneDrive\Desktop\Projects\TCMD-SS\data\raw\hirise_v3_2\map-proj-v3_2\ESP_011677_1655_RED-0273.jpg
map-proj-v3_2/ESP_011677_1655_RED-0280.jpg,ok,,JPEG,227.0,227.0,L,1.0,1.0,normal,other,val,esp_011677_1655_red-0280,[],16a45cf483559fddaa2492229ff5f253c25d8a89607d9f509ee54d45c2cebfc0,c491f83cb7e97d88ee23a357980dc85f88d5c05757d74a9b4d3ca94ca2bf8211,ed3ebe5981723248,125.59127869743251,13.254638347659077,da27307b28b33eec,[],0.0,esp_011677_1655,['val'],1.0,Counter({'val': 1}),test,03f06e73f7a99dcc,True,hirise_clean,0,C:\Users\deves\OneDrive\Desktop\Projects\TCMD-SS\data\raw\hirise_v3_2\map-proj-v3_2\ESP_011677_1655_RED-0280.jpg
map-proj-v3_2/ESP_011677_1655_RED-0282.jpg,ok,,JPEG,227.0,227.0,L,1.0,1.0,normal,other,val,esp_011677_1655_red-0282,[],d78ef556005fd2e20200499725e5ed1f08849b2e455958b0db2d679082e6ee07,aa14278b52e6e56097997d5cab29427b22257d73e43ecd2ffc6db1c92727fec4,f416525d4e4749cd,126.53010925886394,19.605989814500013,b0822a0da943685d,[],0.0,esp_011677_1655,['val'],1.0,Counter({'val': 1}),test,03f06e73f7a99dcc,True,hirise_clean,0,C:\Users\deves\OneDrive\Desktop\Projects\TCMD-SS\data\raw\hirise_v3_2\map-proj-v3_2\ESP_011677_1655_RED-0282.jpg
map-proj-v3_2/ESP_011677_1655_RED-0285.jpg,ok,,JPEG,227.0,227.0,L,1.0,1.0,normal,other,val,esp_011677_1655_red-0285,[],51dafa719a5128e2ae6ac0f2b3987a9dbf0f27252a32f70f2b69a10eb321ec17,c783f5cee484a8ddf7f6ecccf6aa1879d4b19766a4caa98ee75eb3ee034b9368,f94a3d0941e1ea9d,129.8274563837839,17.361512882576154,64636c4be873919d,[],0.0,esp_011677_1655,['val'],1.0,Counter({'val': 1}),test,03f06e73f7a99dcc,True,hirise_clean,0,C:\Users\deves\OneDrive\Desktop\Projects\TCMD-SS\data\raw\hirise_v3_2\map-proj-v3_2\ESP_011677_1655_RED-0285.jpg
map-proj-v3_2/ESP_011677_1655_RED-0294.jpg,ok,,JPEG,227.0,227.0,L,1.0,1.0,normal,other,val,esp_011677_1655_red-0294,[],cb511189786688c85f12a51ff471051ef53fbd4841293735a7edd3009cc28055,b0c73af6ca89a3fa74865abfcd1d6ebf2a143a5fdebd4b8cfc08410df154b651,a4ae9792949e92da,130.1904558598071,17.92079519629472,ac2cbc44ec40228a,[],0.0,esp_011677_1655,['val'],1.0,Counter({'val': 1}),test,03f06e73f7a99dcc,True,hirise_clean,0,C:\Users\deves\OneDrive\Desktop\Projects\TCMD-SS\data\raw\hirise_v3_2\map-proj-v3_2\ESP_011677_1655_RED-0294.jpg
map-proj-v3_2/ESP_011677_1655_RED-0299.jpg,ok,,JPEG,227.0,227.0,L,1.0,1.0,normal,other,val,esp_011677_1655_red-0299,[],75b1573d4802c8539f1d7b76a114d7e16ddc631e868488b8deb9dfecc9e935e0,88c1efac62e0d27590665abc7c0a60efe22d9822c39414c7a265abf5d1c2c33d,aa8e39aad715a30d,124.79104970016884,18.52224173477497,7cce151afbc200ad,[],0.0,esp_011677_1655,['val'],1.0,Counter({'val': 1}),test,03f06e73f7a99dcc,True,hirise_clean,0,C:\Users\deves\OneDrive\Desktop\Projects\TCMD-SS\data\raw\hirise_v3_2\map-proj-v3_2\ESP_011677_1655_RED-0299.jpg
map-proj-v3_2/ESP_011677_1655_RED-0301.jpg,ok,,JPEG,227.0,227.0,L,1.0,1.0,normal,other,val,esp_011677_1655_red-0301,[],184f5071de96f56fd6c6e6d9cf1fe9cf38741ab154f042ab0e36875e21ce29ac,07837145e5df189f93954d7ee3d0823f7651d1efa80d0c9fda0ec17fed3d353a,d5522a41fc07f24f,112.14516097731376,41.12511226413368,46d35fe205ac0279,[],0.0,esp_011677_1655,['val'],1.0,Counter({'val': 1}),test,03f06e73f7a99dcc,True,hirise_clean,0,C:\Users\deves\OneDrive\Desktop\Projects\TCMD-SS\data\raw\hirise_v3_2\map-proj-v3_2\ESP_011677_1655_RED-0301.jpg
map-proj-v3_2/ESP_011677_1655_RED-0312.jpg,ok,,JPEG,227.0,227.0,L,1.0,1.0,normal,other,val,esp_011677_1655_red-0312,[],08fa28b4d718ea51d817084ac36fb0fedbb225a21cac78f49c3ab02994d50c85,15ee9ce443d0841d1db93911ce867c0b6d864ac6cbedfe4baaf81b7be8cf3716,8f80fe69c7a61b81,129.07774263036347,14.150438430682144,c05b5c802b116ea8,[],0.0,esp_011677_1655,['val'],1.0,Counter({'val': 1}),test,03f06e73f7a99dcc,True,hirise_clean,0,C:\Users\deves\OneDrive\Desktop\Projects\TCMD-SS\data\raw\hirise_v3_2\map-proj-v3_2\ESP_011677_1655_RED-0312.jpg
map-proj-v3_2/ESP_011677_1655_RED-0316.jpg,ok,,JPEG,227.0,227.0,L,1.0,1.0,normal,other,val,esp_011677_1655_red-0316,[],6751a7954fcef9bfe4f0dcdb609daa3aec5228262a61adb4a7e5d3365da64f61,5ee98730768b2d10242072f55b27440480eed7ee7115b96220e672bbc019fade,a6b5d1d546522be8,134.8051194473015,17.552474678421873,1a1c1120effea601,[],0.0,esp_011677_1655,['val'],1.0,Counter({'val': 1}),test,03f06e73f7a99dcc,True,hirise_clean,0,C:\Users\deves\OneDrive\Desktop\Projects\TCMD-SS\data\raw\hirise_v3_2\map-proj-v3_2\ESP_011677_1655_RED-0316.jpg
map-proj-v3_2/ESP_011677_1655_RED-0319.jpg,ok,,JPEG,227.0,227.0,L,1.0,1.0,normal,other,val,esp_011677_1655_red-0319,[],5111145ab4b0ea0c28569883dc5c3349231e0c19bf08316bed7af8ce716e9233,4d39e21e1db5f2415ee6b5ef138000394408ca6288e27fcb2a3cd428d65f7875,f49e58664aae9439,120.45172621242408,18.157967321022863,f80b1055a8316343,[],0.0,esp_011677_1655,['val'],1.0,Counter({'val': 1}),test,03f06e73f7a99dcc,True,hirise_clean,0,C:\Users\deves\OneDrive\Desktop\Projects\TCMD-SS\data\raw\hirise_v3_2\map-proj-v3_2\ESP_011677_1655_RED-0319.jpg
map-proj-v3_2/ESP_011677_1655_RED-0320.jpg,ok,,JPEG,227.0,227.0,L,1.0,1.0,normal,other,val,esp_011677_1655_red-0320,[],d0baa51ef29bd6cf46368e4587fcc1d559d842e0c84f30a3f8e13a1cba9acd58,a10d0af994ced2e10e043485f9ae4d2fcb815c09f1e88c65f9a654095429c7cf,a3e55d00eea39d1c,121.99846688272623,15.948654538021913,7299444bea0b8af0,[],0.0,esp_011677_1655,['val'],1.0,Counter({'val': 1}),test,03f06e73f7a99dcc,True,hirise_clean,0,C:\Users\deves\OneDrive\Desktop\Projects\TCMD-SS\data\raw\hirise_v3_2\map-proj-v3_2\ESP_011677_1655_RED-0320.jpg
map-proj-v3_2/ESP_011677_1655_RED-0322.jpg,ok,,JPEG,227.0,227.0,L,1.0,1.0,normal,other,val,esp_011677_1655_red-0322,[],61439bd4eec2791f6950e6ac9ec86a9b8ec20a19fd61f41abbeb603ff2b9e971,78ab8acc3a0f3b0294f6d00bc2a338a7b25bfaaef483e3604d1e92a807b1c9d0,867311ecdc1ae6a3,125.69065962855868,16.50223857836767,52965375b009cdbb,[],0.0,esp_011677_1655,['val'],1.0,Counter({'val': 1}),test,03f06e73f7a99dcc,True,hirise_clean,0,C:\Users\deves\OneDrive\Desktop\Projects\TCMD-SS\data\raw\hirise_v3_2\map-proj-v3_2\ESP_011677_1655_RED-0322.jpg
map-proj-v3_2/ESP_011677_1655_RED-0325.jpg,ok,,JPEG,227.0,227.0,L,1.0,1.0,normal,other,val,esp_011677_1655_red-0325,[],d3f93e7a642eb9464b2220ba71492549c8d88c2c781b2760ef36565d3a2d4a90,81a5811101e4c5206625b7da9d813a467daf1d05b69c8f871280dddb2b218670,96d79bcc0965c433,127.27617458130374,20.56844222234841,b6766ad9e98e3dad,[],0.0,esp_011677_1655,['val'],1.0,Counter({'val': 1}),test,03f06e73f7a99dcc,True,hirise_clean,0,C:\Users\deves\OneDrive\Desktop\Projects\TCMD-SS\data\raw\hirise_v3_2\map-proj-v3_2\ESP_011677_1655_RED-0325.jpg
map-proj-v3_2/ESP_011677_1655_RED-0333.jpg,ok,,JPEG,227.0,227.0,L,1.0,1.0,normal,other,val,esp_011677_1655_red-0333,[],3f140c897c866176a1609c2447c98ead8d9d2d85a5fd23af3b7319282fd40c13,394bc4d67b0d4ba925b860cbb2042de0fbf0afbad1cb10df6059b1b4ecb36007,b51906a68fcdcb07,119.49284868714705,15.007970489866793,a81a2d4001aba521,[],0.0,esp_011677_1655,['val'],1.0,Counter({'val': 1}),test,03f06e73f7a99dcc,True,hirise_clean,0,C:\Users\deves\OneDrive\Desktop\Projects\TCMD-SS\data\raw\hirise_v3_2\map-proj-v3_2\ESP_011677_1655_RED-0333.jpg
map-proj-v3_2/ESP_011677_1655_RED-0338.jpg,ok,,JPEG,227.0,227.0,L,1.0,1.0,normal,other,val,esp_011677_1655_red-0338,[],196fb0ce58bc755fcf6d021df74d6c1fc67349acbd15032daf5030894cb1a75b,bc708fee3bf162dd530ff8a55e809d1de2b5c92397a15fbf9fc85a975330cb54,d24b6d798026667e,99.24124279531914,56.924143311690734,6e555e0e76b26e92,[],0.0,esp_011677_1655,['val'],1.0,Counter({'val': 1}),test,03f06e73f7a99dcc,True,hirise_clean,0,C:\Users\deves\OneDrive\Desktop\Projects\TCMD-SS\data\raw\hirise_v3_2\map-proj-v3_2\ESP_011677_1655_RED-0338.jpg
map-proj-v3_2/ESP_011677_1655_RED-0340.jpg,ok,,JPEG,227.0,227.0,L,1.0,1.0,normal,other,val,esp_011677_1655_red-0340,[],740f43342b1d032f3c63c3d4a4ee1033f2226df4858249c43c2d3672ae55ac06,5e4910f26a55be82d1e2686f99734db4639da2d31000b6e03552b99e8f5cc5bc,83f99c4cc2fb2b21,123.06091715344758,15.906012019470792,216b8aa8a7a14a81,[],0.0,esp_011677_1655,['val'],1.0,Counter({'val': 1}),test,03f06e73f7a99dcc,True,hirise_clean,0,C:\Users\deves\OneDrive\Desktop\Projects\TCMD-SS\data\raw\hirise_v3_2\map-proj-v3_2\ESP_011677_1655_RED-0340.jpg
map-proj-v3_2/ESP_011677_1655_RED-0341.jpg,ok,,JPEG,227.0,227.0,L,1.0,1.0,normal,other,val,esp_011677_1655_red-0341,[],51c12741a1496bd5a4b763a188badb9c38caf375c6c7249520d2f221e26ed375,6a7e477c3d4791f0ec452f979e964ee25de59f8059af0ac8b52e6988810efebc,d65a295a609e6d63,107.73001610743464,50.1409060723984,9d7b2a67868c83d3,[],0.0,esp_011677_1655,['val'],1.0,Counter({'val': 1}),test,03f06e73f7a99dcc,True,hirise_clean,0,C:\Users\deves\OneDrive\Desktop\Projects\TCMD-SS\data\raw\hirise_v3_2\map-proj-v3_2\ESP_011677_1655_RED-0341.jpg
map-proj-v3_2/ESP_011677_1655_RED-0349.jpg,ok,,JPEG,227.0,227.0,L,1.0,1.0,normal,other,val,esp_011677_1655_red-0349,[],ac668b6be758abe6d72ee5d032c94c8cb57cc322ff92ca0839992053dd503ea2,54e323259a1cda829ac1de3af7fa232757cb24d39dc077b3905c631832591681,a65b53662b54ccd4,129.78586815191446,19.04823771567173,f5d6dc7b2a07ab2f,[],0.0,esp_011677_1655,['val'],1.0,Counter({'val': 1}),test,03f06e73f7a99dcc,True,hirise_clean,0,C:\Users\deves\OneDrive\Desktop\Projects\TCMD-SS\data\raw\hirise_v3_2\map-proj-v3_2\ESP_011677_1655_RED-0349.jpg
map-proj-v3_2/ESP_011677_1655_RED-0351.jpg,ok,,JPEG,227.0,227.0,L,1.0,1.0,normal,other,val,esp_011677_1655_red-0351,[],c79a76da0d9f220dc04be9a7375556bb706b0d2f69c195dfbbae5d9dba976248,4a613e1f948d1782ebd3d0dbb49eb46d5c48a513bf9fe667ea06783d49ff793a,d64a8948be47791e,105.4522695957616,50.199871981774685,e5a2732309613913,[],0.0,esp_011677_1655,['val'],1.0,Counter({'val': 1}),test,03f06e73f7a99dcc,True,hirise_clean,0,C:\Users\deves\OneDrive\Desktop\Projects\TCMD-SS\data\raw\hirise_v3_2\map-proj-v3_2\ESP_011677_1655_RED-0351.jpg
map-proj-v3_2/ESP_011677_1655_RED-0353.jpg,ok,,JPEG,227.0,227.0,L,1.0,1.0,normal,other,val,esp_011677_1655_red-0353,[],fe28dbf0ec0b7e9ddbb2b5284f03e1daa40f0d21ce3aea19cebb7de76e05dc76,10dc7a2e5145373ee2f1a567bfa8ccc2fa339877c91278ac99a5caf14d4a6d2d,c65d305aa836e8fc,129.9317859845912,15.08838883797275,005d4db3d2a20547,[],0.0,esp_011677_1655,['val'],1.0,Counter({'val': 1}),test,03f06e73f7a99dcc,True,hirise_clean,0,C:\Users\deves\OneDrive\Desktop\Projects\TCMD-SS\data\raw\hirise_v3_2\map-proj-v3_2\ESP_011677_1655_RED-0353.jpg
map-proj-v3_2/ESP_011677_1655_RED-0356.jpg,ok,,JPEG,227.0,227.0,L,1.0,1.0,normal,other,val,esp_011677_1655_red-0356,[],c3fee730deb89b2963f693e3cf20049cc694479c1f50424be8dc52479fe87ac0,a649a000c053c45e1e20433b8f34b67e10cbebe79d9cd32c81320de0cfb45a24,ba0b6982e79359a9,124.55275670011062,18.3450367140869,7b11854784d54ddb,[],0.0,esp_011677_1655,['val'],1.0,Counter({'val': 1}),test,03f06e73f7a99dcc,True,hirise_clean,0,C:\Users\deves\OneDrive\Desktop\Projects\TCMD-SS\data\raw\hirise_v3_2\map-proj-v3_2\ESP_011677_1655_RED-0356.jpg
map-proj-v3_2/ESP_011677_1655_RED-0357.jpg,ok,,JPEG,227.0,227.0,L,1.0,1.0,normal,other,val,esp_011677_1655_red-0357,[],6b3e9bd2e5b43dbee218dd8420e4710ed894c288f7475ab632981598526241e8,d1f714def31f2a383866dd084577bcb678f8183039d5f2667ce0fa0d4d0da7e6,8cc6334b76553a74,128.09491742513924,16.45897678713063,8f6c6bc4c4670952,[],0.0,esp_011677_1655,['val'],1.0,Counter({'val': 1}),test,03f06e73f7a99dcc,True,hirise_clean,0,C:\Users\deves\OneDrive\Desktop\Projects\TCMD-SS\data\raw\hirise_v3_2\map-proj-v3_2\ESP_011677_1655_RED-0357.jpg
map-proj-v3_2/ESP_011677_1655_RED-0363.jpg,ok,,JPEG,227.0,227.0,L,1.0,1.0,normal,other,val,esp_011677_1655_red-0363,[],359daf16d19692187100e861b56f88a6d75fcfc9690ac1b677d4f885b2b120c3,bbde1cbf342d04598751ecc26e17d1c9a8664bfd5643a77cb89c76431b426fb4,961459cdc693396d,127.83960488268742,20.1728058868899,af51ecee4cc489d2,[],0.0,esp_011677_1655,['val'],1.0,Counter({'val': 1}),test,03f06e73f7a99dcc,True,hirise_clean,0,C:\Users\deves\OneDrive\Desktop\Projects\TCMD-SS\data\raw\hirise_v3_2\map-proj-v3_2\ESP_011677_1655_RED-0363.jpg
map-proj-v3_2/ESP_011677_1655_RED-0367.jpg,ok,,JPEG,227.0,227.0,L,1.0,1.0,normal,other,val,esp_011677_1655_red-0367,[],b001738b7d40b9678d205c9df45322334ce9c6cd9228b8c31db076224e17c08d,bd8da3f1f688773ff4554a56d7c9d395b6ce41287331b51293fe5f077a64736a,a9f5141b88c6b63b,119.57555939373944,21.743403671983906,19418f22923624e6,[],0.0,esp_011677_1655,['val'],1.0,Counter({'val': 1}),test,03f06e73f7a99dcc,True,hirise_clean,0,C:\Users\deves\OneDrive\Desktop\Projects\TCMD-SS\data\raw\hirise_v3_2\map-proj-v3_2\ESP_011677_1655_RED-0367.jpg
map-proj-v3_2/ESP_011677_1655_RED-0369.jpg,ok,,JPEG,227.0,227.0,L,1.0,1.0,normal,other,val,esp_011677_1655_red-0369,[],dfe3725dad7937fe970a15fd4365caf502c6612d49e342e740f3597f0cf50f31,2a24b187230f2f3e76dca8e2283704b64f380dd93c951f5c45c57b18f73e58b9,e6651f139ec23a43,126.42839954200548,20.057478236186565,9c3658c19b8b20c4,[],0.0,esp_011677_1655,['val'],1.0,Counter({'val': 1}),test,03f06e73f7a99dcc,True,hirise_clean,0,C:\Users\deves\OneDrive\Desktop\Projects\TCMD-SS\data\raw\hirise_v3_2\map-proj-v3_2\ESP_011677_1655_RED-0369.jpg
map-proj-v3_2/ESP_011677_1655_RED-0371.jpg,ok,,JPEG,227.0,227.0,L,1.0,1.0,normal,other,val,esp_011677_1655_red-0371,[],23e77e87fc9080f80d29d1b6fa39c4e9e6b8ebbd70ebf66528a6f1f5f5b62a8e,8f003615603919fccdde646c2f3a2f2eddf113d75fc39865b711e4efb901e271,c343ad174ead33a2,129.11971899318831,20.639738505986696,9e731541ffc81965,[],0.0,esp_011677_1655,['val'],1.0,Counter({'val': 1}),test,03f06e73f7a99dcc,True,hirise_clean,0,C:\Users\deves\OneDrive\Desktop\Projects\TCMD-SS\data\raw\hirise_v3_2\map-proj-v3_2\ESP_011677_1655_RED-0371.jpg
map-proj-v3_2/ESP_011677_1655_RED-0372.jpg,ok,,JPEG,227.0,227.0,L,1.0,1.0,normal,other,val,esp_011677_1655_red-0372,[],90dd07fa9ade9cf0d0d8bcfe3962d30839f1c1d4095fd581a58555903c3767c0,60f107c46c17bcc12393c360a8c8f0ab902ed1f6d8497aac78c6028ee8b1d79c,aa08392b75767a4b,103.99355702614062,44.738932952585806,d990b65b4c187d21,[],0.0,esp_011677_1655,['val'],1.0,Counter({'val': 1}),test,03f06e73f7a99dcc,True,hirise_clean,0,C:\Users\deves\OneDrive\Desktop\Projects\TCMD-SS\data\raw\hirise_v3_2\map-proj-v3_2\ESP_011677_1655_RED-0372.jpg
map-proj-v3_2/ESP_011677_1655_RED-0381.jpg,ok,,JPEG,227.0,227.0,L,1.0,1.0,normal,other,val,esp_011677_1655_red-0381,[],80b805a21f2b7b6cad923935cff7ccbedbd5c02a06060a7d9b94002326f6c381,e855dee3c6512b8cd68c87d5f3e1df020490f365703a8da10a3ccded71909f16,aa25527cefd3850a,87.57858681519144,57.72972465505369,98b3d0e4a5c03753,[],0.0,esp_011677_1655,['val'],1.0,Counter({'val': 1}),test,03f06e73f7a99dcc,True,hirise_clean,0,C:\Users\deves\OneDrive\Desktop\Projects\TCMD-SS\data\raw\hirise_v3_2\map-proj-v3_2\ESP_011677_1655_RED-0381.jpg
map-proj-v3_2/ESP_011677_1655_RED-0382.jpg,ok,,JPEG,227.0,227.0,L,1.0,1.0,normal,other,val,esp_011677_1655_red-0382,[],80606304b4d310efd7555c11f04b4ee9c558bdd8f3033b22f36753a4d51ad270,34c8684978342161157b6e498124d9164557de30cdf4aebd2dc84b6e665689e8,ac2631775ec49399,92.66329639620407,56.32327411590421,af877d0412f92695,[],0.0,esp_011677_1655,['val'],1.0,Counter({'val': 1}),test,03f06e73f7a99dcc,True,hirise_clean,0,C:\Users\deves\OneDrive\Desktop\Projects\TCMD-SS\data\raw\hirise_v3_2\map-proj-v3_2\ESP_011677_1655_RED-0382.jpg
map-proj-v3_2/ESP_011677_1655_RED-0385.jpg,ok,,JPEG,227.0,227.0,L,1.0,1.0,normal,other,val,esp_011677_1655_red-0385,[],7f58ffb71f9dffbd6c28f606bfac5b47a60ad2b136f41813b42fdb09a432458d,13a5acc9a2f1e181c2326b5d39f0483d79e8bdae9a7fd37b57a6648c1a8cb601,f0595c6145cfb68a,121.24609443226144,21.29312107497896,fa82c723e2bfb639,[],0.0,esp_011677_1655,['val'],1.0,Counter({'val': 1}),test,03f06e73f7a99dcc,True,hirise_clean,0,C:\Users\deves\OneDrive\Desktop\Projects\TCMD-SS\data\raw\hirise_v3_2\map-proj-v3_2\ESP_011677_1655_RED-0385.jpg
map-proj-v3_2/ESP_011677_1655_RED-0390.jpg,ok,,JPEG,227.0,227.0,L,1.0,1.0,normal,other,val,esp_011677_1655_red-0390,[],e3a661c050f49a0491f6b96c968af0c8e67c718dec2c6ae55128c6aea25e9db7,ef74c216b64f1e85565c76e9e1927192af58e79f351beb6ff08579c090333f0c,a46092e1c8be3bfc,120.9223349958276,20.162943709408257,b6962524d03f4126,[],0.0,esp_011677_1655,['val'],1.0,Counter({'val': 1}),test,03f06e73f7a99dcc,True,hirise_clean,0,C:\Users\deves\OneDrive\Desktop\Projects\TCMD-SS\data\raw\hirise_v3_2\map-proj-v3_2\ESP_011677_1655_RED-0390.jpg
map-proj-v3_2/ESP_011677_1655_RED-0391.jpg,ok,,JPEG,227.0,227.0,L,1.0,1.0,normal,other,val,esp_011677_1655_red-0391,[],9d680bc505171c5d7ae037cb261b44c3e2a529b32363a0512a3dc94edcc6a1dd,3ff634f4377f296253fa53550e6a46d45d2603622d308787bc748369c0ffedfb,ac03795d68dec195,97.24324166973938,58.59684724018667,854f173e56059785,[],0.0,esp_011677_1655,['val'],1.0,Counter({'val': 1}),test,03f06e73f7a99dcc,True,hirise_clean,0,C:\Users\deves\OneDrive\Desktop\Projects\TCMD-SS\data\raw\hirise_v3_2\map-proj-v3_2\ESP_011677_1655_RED-0391.jpg
map-proj-v3_2/ESP_011677_1655_RED-0393.jpg,ok,,JPEG,227.0,227.0,L,1.0,1.0,normal,other,val,esp_011677_1655_red-0393,[],aebd86f9fbf429799d55dee10d64bfa3f10bf7294d3af19ad5eadc6f59940424,39513268251cd9a68e27c64cb12c2c2f94a6be9024fc091360f3cdbd14280af3,c62a33207d75d5d1,106.92608045954704,54.808549064922346,8c7049a4a9a75c3e,[],0.0,esp_011677_1655,['val'],1.0,Counter({'val': 1}),test,03f06e73f7a99dcc,True,hirise_clean,0,C:\Users\deves\OneDrive\Desktop\Projects\TCMD-SS\data\raw\hirise_v3_2\map-proj-v3_2\ESP_011677_1655_RED-0393.jpg
map-proj-v3_2/ESP_011677_1655_RED-0394.jpg,ok,,JPEG,227.0,227.0,L,1.0,1.0,normal,other,val,esp_011677_1655_red-0394,[],2c7bd5dfa3becb42e29d2cc944c5b9dd95bd7ef86bf6b76d50c921a47d0f8c9e,4c6d1e8bf97ab26be99aae04f7bb8a53d7dc5ad22190a524564e4cb66f50be7a,b6329bad64c21f2c,125.3887325583652,15.412656096298816,14a9e616b80a279b,[],0.0,esp_011677_1655,['val'],1.0,Counter({'val': 1}),test,03f06e73f7a99dcc,True,hirise_clean,0,C:\Users\deves\OneDrive\Desktop\Projects\TCMD-SS\data\raw\hirise_v3_2\map-proj-v3_2\ESP_011677_1655_RED-0394.jpg
map-proj-v3_2/ESP_011677_1655_RED-0395.jpg,ok,,JPEG,227.0,227.0,L,1.0,1.0,normal,other,val,esp_011677_1655_red-0395,[],045ec32c6b07c18269757eef890aa7b9082e6082490b8b1b3707f96ad6934aa3,1776b759a4333d08f3202c216992a7129156bdc90a3e80f5c487ed3af0571f75,bf007e6bcbc09493,89.85303421374371,59.45501652059478,ac2b88a57a831b25,[],0.0,esp_011677_1655,['val'],1.0,Counter({'val': 1}),test,03f06e73f7a99dcc,True,hirise_clean,0,C:\Users\deves\OneDrive\Desktop\Projects\TCMD-SS\data\raw\hirise_v3_2\map-proj-v3_2\ESP_011677_1655_RED-0395.jpg
map-proj-v3_2/ESP_011677_1655_RED-0397.jpg,ok,,JPEG,227.0,227.0,L,1.0,1.0,normal,other,val,esp_011677_1655_red-0397,[],da9d051778721c7db2ad3d743fd819de3d03aeb84d04176ac9403601504ed8a5,d5c64d060742bb7b3e45c496281a7c5bb89c53a38c38b5cc9c87a4d63bf024b9,ab0175dee1813c2f,79.44813600108677,59.77573827016467,ed98e52093481792,[],0.0,esp_011677_1655,['val'],1.0,Counter({'val': 1}),test,03f06e73f7a99dcc,True,hirise_clean,0,C:\Users\deves\OneDrive\Desktop\Projects\TCMD-SS\data\raw\hirise_v3_2\map-proj-v3_2\ESP_011677_1655_RED-0397.jpg
map-proj-v3_2/ESP_011677_1655_RED-0398.jpg,ok,,JPEG,227.0,227.0,L,1.0,1.0,normal,other,val,esp_011677_1655_red-0398,[],b35a85cdcf14d217b4eb3b8b32b1cebd386a9e7d69d982d0b21aafa33fd7475c,0a4801fc48a2c9348aad9a6260c2e296ad1a41f45932553d1115f96a0a4be297,ac327a7dd1c29594,92.7054668245066,56.19117590794337,479ba55080b714df,[],0.0,esp_011677_1655,['val'],1.0,Counter({'val': 1}),test,03f06e73f7a99dcc,True,hirise_clean,0,C:\Users\deves\OneDrive\Desktop\Projects\TCMD-SS\data\raw\hirise_v3_2\map-proj-v3_2\ESP_011677_1655_RED-0398.jpg
map-proj-v3_2/ESP_011716_0940_RED-0008.jpg,ok,,JPEG,227.0,227.0,L,1.0,1.0,normal,dark dune,val,esp_011716_0940_red-0008,[],b696b1cf249dad0bf56a254fc0e1545c20e811581f7b820ae91a759d8664ac92,dfbfda99bbf1dcfef363322a12c1f35e802f407a6a6ce4bb293a3a884f0d2a79,f53585b57592910d,58.561800151371074,21.202173828071626,da3da2e497c12828,[],2.0,esp_011716_0940,['val'],2.0,Counter({'val': 2}),test,ec290f97fca0646c,True,hirise_clean,0,C:\Users\deves\OneDrive\Desktop\Projects\TCMD-SS\data\raw\hirise_v3_2\map-proj-v3_2\ESP_011716_0940_RED-0008.jpg
map-proj-v3_2/ESP_012057_0950_RED-0014.jpg,ok,,JPEG,227.0,227.0,L,1.0,1.0,normal,swiss cheese,val,esp_012057_0950_red-0014,[],3c00f0fe08d8cc6fc9e5239a2e696e0656aabf9974566c3e569e3b7c7d4b577c,c15f10157a22893577243df647a2284c4f3fa220b0b3049beb6ba9dec1effe5e,80e51dc2790f61fe,107.308777581556,39.99000438867476,68e079cca0d8523c,[],6.0,esp_012057_0950,['val'],2.0,Counter({'val': 2}),test,a77165d00d1fed49,True,hirise_clean,0,C:\Users\deves\OneDrive\Desktop\Projects\TCMD-SS\data\raw\hirise_v3_2\map-proj-v3_2\ESP_012057_0950_RED-0014.jpg
map-proj-v3_2/ESP_012057_0950_RED-0082.jpg,ok,,JPEG,227.0,227.0,L,1.0,1.0,normal,swiss cheese,val,esp_012057_0950_red-0082,[],b01ef173ea1ba33742727c4835583a2a05dbb520388caddf15b2bfb714339963,a85394b4ab3ad3cfa6a7d55e817291ebcd75d59398c822790da097da32aa64f2,b8e2c667bb8809d5,124.09241398047702,15.682607732958369,c7af341a8217b90d,[],6.0,esp_012057_0950,['val'],2.0,Counter({'val': 2}),test,a77165d00d1fed49,True,hirise_clean,0,C:\Users\deves\OneDrive\Desktop\Projects\TCMD-SS\data\raw\hirise_v3_2\map-proj-v3_2\ESP_012057_0950_RED-0082.jpg
map-proj-v3_2/ESP_012057_0950_RED-0111.jpg,ok,,JPEG,227.0,227.0,L,1.0,1.0,normal,swiss cheese,val,esp_012057_0950_red-0111,[],777c6feedbdf02c216b609395bf0a4caa7e338731a7bd976341ae0cd67aadff5,1c1addd7d362920c5761e01c4505436137d128d2598b58d7e2a874cfeaf75383,a2010927337b6df7,123.44019872304916,11.718805226620647,2b311305bd22a0c3,[],6.0,esp_012057_0950,['val'],2.0,Counter({'val': 2}),test,a77165d00d1fed49,True,hirise_clean,0,C:\Users\deves\OneDrive\Desktop\Projects\TCMD-SS\data\raw\hirise_v3_2\map-proj-v3_2\ESP_012057_0950_RED-0111.jpg
map-proj-v3_2/ESP_012057_0950_RED-0131.jpg,ok,,JPEG,227.0,227.0,L,1.0,1.0,normal,swiss cheese,val,esp_012057_0950_red-0131,[],6c7cef0978bfaab42d8a7fbbef9acd6d7bc00e552f352b6d146e804593ad2484,81cc3a025e9258b5097ab6523400d8eee14452d30e70e3fb384cf89beabd593a,f1ce98266693b84d,123.9058782433193,11.311350993026108,5c6c871a8b9f85c5,[],6.0,esp_012057_0950,['val'],2.0,Counter({'val': 2}),test,a77165d00d1fed49,True,hirise_clean,0,C:\Users\deves\OneDrive\Desktop\Projects\TCMD-SS\data\raw\hirise_v3_2\map-proj-v3_2\ESP_012057_0950_RED-0131.jpg
map-proj-v3_2/ESP_012057_0950_RED-0134.jpg,ok,,JPEG,227.0,227.0,L,1.0,1.0,normal,swiss cheese,val,esp_012057_0950_red-0134,[],665575b07075dcb80308359306511d025134871140dc35135eb296f7a4e33b24,fdc2dc87f68c5ef945591e1f79dd06035960301b680730664f292e6744ea823c,d74e6e26a4355632,101.1195249277106,44.34356613003083,7474cee50ecb9b8e,[],6.0,esp_012057_0950,['val'],2.0,Counter({'val': 2}),test,a77165d00d1fed49,True,hirise_clean,0,C:\Users\deves\OneDrive\Desktop\Projects\TCMD-SS\data\raw\hirise_v3_2\map-proj-v3_2\ESP_012057_0950_RED-0134.jpg
map-proj-v3_2/ESP_012057_0950_RED-0135.jpg,ok,,JPEG,227.0,227.0,L,1.0,1.0,normal,swiss cheese,val,esp_012057_0950_red-0135,[],29ade09decdcb9c62800caf03bb2c0ff333e861c3b2625c7dfb569f6cdd24cbe,876bcd0b7e49e29af87269939b2c86b970c4497fbef05db355a4b0e0318dc875,f9f49c425ba314cc,124.63082924178616,11.85446942853285,c8d56c32bb3343d4,[],6.0,esp_012057_0950,['val'],2.0,Counter({'val': 2}),test,a77165d00d1fed49,True,hirise_clean,0,C:\Users\deves\OneDrive\Desktop\Projects\TCMD-SS\data\raw\hirise_v3_2\map-proj-v3_2\ESP_012057_0950_RED-0135.jpg
map-proj-v3_2/ESP_012264_0980_RED-0031.jpg,ok,,JPEG,227.0,227.0,L,1.0,1.0,normal,spider,train,esp_012264_0980_red-0031,[],d8985d85764c5570aa64db164189a3c261ae620ed77c72febf4736b1cfef1f9b,65d2ec4adc5ab03237d8aaaab14ec61bc9d2d19ea8e54098c046a8f081d3c15d,9f8729b25aea6033,30.803275825263444,12.587156459435114,602ca695daba676d,[],7.0,esp_012264_0980,['train'],2.0,Counter({'train': 2}),test,92e65a919e2777ed,True,hirise_clean,0,C:\Users\deves\OneDrive\Desktop\Projects\TCMD-SS\data\raw\hirise_v3_2\map-proj-v3_2\ESP_012264_0980_RED-0031.jpg
map-proj-v3_2/ESP_012264_0980_RED-0155.jpg,ok,,JPEG,227.0,227.0,L,1.0,1.0,normal,spider,train,esp_012264_0980_red-0155,[],f6627f732d32fdaac50a8f8935efdf62f911766ac0d6c5eeb3cad56984683841,da98bf2647fee7db7e13dc60acc0bfee17ec5c37d66f742f95a7c4bfc9718421,8db577ca0b59c01e,49.577616487802985,12.012599412366532,a82b871fb3a8ed98,[],7.0,esp_012264_0980,['train'],2.0,Counter({'train': 2}),test,92e65a919e2777ed,True,hirise_clean,0,C:\Users\deves\OneDrive\Desktop\Projects\TCMD-SS\data\raw\hirise_v3_2\map-proj-v3_2\ESP_012264_0980_RED-0155.jpg
map-proj-v3_2/ESP_012588_0930_RED-0008.jpg,ok,,JPEG,227.0,227.0,L,1.0,1.0,normal,swiss cheese,val,esp_012588_0930_red-0008,[],70ec138d059d71f48f3431bb9955ef0ef2e106d05d92dcbe7922ecc947697ddb,64c15778061f4502aa013182d22f5d707f03bcb0192309e9e73126183a689da2,9322c8b312f5a9fa,126.97696442779794,19.38581563886753,e63c4b4376604cc0,[],6.0,esp_012588_0930,['val'],2.0,Counter({'val': 2}),test,0f0dc58966ae6d59,True,hirise_clean,0,C:\Users\deves\OneDrive\Desktop\Projects\TCMD-SS\data\raw\hirise_v3_2\map-proj-v3_2\ESP_012588_0930_RED-0008.jpg
map-proj-v3_2/ESP_012588_0930_RED-0031.jpg,ok,,JPEG,227.0,227.0,L,1.0,1.0,normal,swiss cheese,val,esp_012588_0930_red-0031,[],1e54a160b6f5ab1a533925f7bda864474d0a4d3439a0c221bc751c5ea6abc8da,36ecb34de8f1de85bc9c2c99c684110e7a45a3f4c2157c275ff6e8918cd2f2cb,d5b1ac8992fc255c,99.5897067670632,57.91101555165288,895bafd678a6248f,[],6.0,esp_012588_0930,['val'],2.0,Counter({'val': 2}),test,0f0dc58966ae6d59,True,hirise_clean,0,C:\Users\deves\OneDrive\Desktop\Projects\TCMD-SS\data\raw\hirise_v3_2\map-proj-v3_2\ESP_012588_0930_RED-0031.jpg
map-proj-v3_2/ESP_012687_1930_RED-0001.jpg,ok,,JPEG,227.0,227.0,L,1.0,1.0,normal,other,test,esp_012687_1930_red-0001,[],1b3eaf3f0cdf3a2638e2d04022c708fcd7d3d073e7d3a723d08ebb9831ee99a4,3fa27d05dd323b29cb302aeae657d610f80e43500b6b45cb37ff3d0e48c04bb6,cfe072c9ec3232c9,87.90188049447883,13.418746550472438,0f03b1189bf1c047,[],0.0,esp_012687_1930,['test'],1.0,Counter({'test': 1}),test,bf9785397cb56bd3,True,hirise_clean,0,C:\Users\deves\OneDrive\Desktop\Projects\TCMD-SS\data\raw\hirise_v3_2\map-proj-v3_2\ESP_012687_1930_RED-0001.jpg
map-proj-v3_2/ESP_012687_1930_RED-0002.jpg,ok,,JPEG,227.0,227.0,L,1.0,1.0,normal,other,test,esp_012687_1930_red-0002,[],fdb4409db92aaf331717f254c0cc1ca0edace7c5b002bf450e8d4f30379f7ae6,b1e5aa42159f87a622d6bef9bac63e329a787bf43c897f5f1d9b21e37ad97864,ec3a9acd8cc6131d,74.67959789633022,20.51336340047932,1bbc11c9c0b64621,[],0.0,esp_012687_1930,['test'],1.0,Counter({'test': 1}),test,bf9785397cb56bd3,True,hirise_clean,0,C:\Users\deves\OneDrive\Desktop\Projects\TCMD-SS\data\raw\hirise_v3_2\map-proj-v3_2\ESP_012687_1930_RED-0002.jpg
map-proj-v3_2/ESP_012687_1930_RED-0005.jpg,ok,,JPEG,227.0,227.0,L,1.0,1.0,normal,other,test,esp_012687_1930_red-0005,[],f30df2d0244d09e32f354fb32021566adfb946fb5ca72e7523a3f0738491276a,a9c94e000c1df4e9099a11462a54f163e54715664e8b1b80962522fef2f94bb9,e6b619d9e6703911,90.06175163500166,17.863114825867864,7f0f7cb910f8e7eb,[],0.0,esp_012687_1930,['test'],1.0,Counter({'test': 1}),test,bf9785397cb56bd3,True,hirise_clean,0,C:\Users\deves\OneDrive\Desktop\Projects\TCMD-SS\data\raw\hirise_v3_2\map-proj-v3_2\ESP_012687_1930_RED-0005.jpg
map-proj-v3_2/ESP_012687_1930_RED-0006.jpg,ok,,JPEG,227.0,227.0,L,1.0,1.0,normal,other,test,esp_012687_1930_red-0006,[],518427cfe3efec29f34749642cb825fed95ec3c70d7485bcb912e2a711b54869,1bccb819926970606dab56ae0c38a9649b8086cbbfa4abb15787860ebf09fec7,cc6c9b6f269219e1,94.14539385588698,18.827737584753468,004bde6bcecb3472,[],0.0,esp_012687_1930,['test'],1.0,Counter({'test': 1}),test,bf9785397cb56bd3,True,hirise_clean,0,C:\Users\deves\OneDrive\Desktop\Projects\TCMD-SS\data\raw\hirise_v3_2\map-proj-v3_2\ESP_012687_1930_RED-0006.jpg
map-proj-v3_2/ESP_012687_1930_RED-0008.jpg,ok,,JPEG,227.0,227.0,L,1.0,1.0,normal,other,test,esp_012687_1930_red-0008,[],e8c74ef09cd6f747469e869f5dc4b2bb3bc5b139e0c917cc8c4a6416bcdd0b47,8b839303932853ca6c8e7670e73bcb1674add79955b6bb43aea1a2054ec90d5a,8f8331999acaaeb2,88.25474975256651,57.73360969931641,df033e96a3569323,[],0.0,esp_012687_1930,['test'],1.0,Counter({'test': 1}),test,bf9785397cb56bd3,True,hirise_clean,0,C:\Users\deves\OneDrive\Desktop\Projects\TCMD-SS\data\raw\hirise_v3_2\map-proj-v3_2\ESP_012687_1930_RED-0008.jpg
map-proj-v3_2/ESP_012687_1930_RED-0009.jpg,ok,,JPEG,227.0,227.0,L,1.0,1.0,normal,other,test,esp_012687_1930_red-0009,[],36551ce382f09db031cdfaaa0f080e01da27d0cb97bd56bc4972d43b2b7429e3,79b2238fd2d37026ece0267cb6a25abe03178ddc0e1dcff20b09da05309b6514,ccd5b3c464b3d862,127.3079042869064,21.219020425482285,21a88b694e3e6755,[],0.0,esp_012687_1930,['test'],1.0,Counter({'test': 1}),test,bf9785397cb56bd3,True,hirise_clean,0,C:\Users\deves\OneDrive\Desktop\Projects\TCMD-SS\data\raw\hirise_v3_2\map-proj-v3_2\ESP_012687_1930_RED-0009.jpg
map-proj-v3_2/ESP_012687_1930_RED-0013.jpg,ok,,JPEG,227.0,227.0,L,1.0,1.0,normal,slope streak,test,esp_012687_1930_red-0013,[],dc7b72dda40f7b447bc831125b8e821f470fc30260372ab226df6d0dff7e2ee8,d787547de723f78401fdaa81ffd32a2924aa9b0d7af5be9b3ad5a75e16f9206c,87615cca637339a9,115.92303363154728,65.13216570422459,218bfa174a65a4ef,[],3.0,esp_012687_1930,['test'],1.0,Counter({'test': 1}),test,bf9785397cb56bd3,True,hirise_clean,0,C:\Users\deves\OneDrive\Desktop\Projects\TCMD-SS\data\raw\hirise_v3_2\map-proj-v3_2\ESP_012687_1930_RED-0013.jpg
map-proj-v3_2/ESP_012687_1930_RED-0017.jpg,ok,,JPEG,227.0,227.0,L,1.0,1.0,normal,slope streak,test,esp_012687_1930_red-0017,[],c46af75314c451e82730875d7b9ae031c46b9b19cc6863b0e708af361a1d1740,e565d0474c450c689d5802621f58846059625d8f7c76679ed9298ae57fd3b564,bb2cb51a82fc0771,146.96679539676686,16.47362596871976,ae83d494b4913f55,[],3.0,esp_012687_1930,['test'],1.0,Counter({'test': 1}),test,bf9785397cb56bd3,True,hirise_clean,0,C:\Users\deves\OneDrive\Desktop\Projects\TCMD-SS\data\raw\hirise_v3_2\map-proj-v3_2\ESP_012687_1930_RED-0017.jpg
map-proj-v3_2/ESP_012687_1930_RED-0018.jpg,ok,,JPEG,227.0,227.0,L,1.0,1.0,normal,slope streak,test,esp_012687_1930_red-0018,[],d2e7781706ca0911d0dba11bffb8a2a9b8df48318e738b662dccd7481a00fb3c,f6d5a74208eab212a4fd979454d6fd146d05f54353fb4db08d4ba13f551ce7d7,d5b114cb2bad2633,153.01373983582062,17.353534131500602,30e2dac18cc7242a,[],3.0,esp_012687_1930,['test'],1.0,Counter({'test': 1}),test,bf9785397cb56bd3,True,hirise_clean,0,C:\Users\deves\OneDrive\Desktop\Projects\TCMD-SS\data\raw\hirise_v3_2\map-proj-v3_2\ESP_012687_1930_RED-0018.jpg
map-proj-v3_2/ESP_012687_1930_RED-0020.jpg,ok,,JPEG,227.0,227.0,L,1.0,1.0,normal,other,test,esp_012687_1930_red-0020,[],05b443b70d1194d1a6c1fbbbd0cb2988a24c70954bbccb282d7ca245e1caf71e,f5605cb8807412567f10e48fd1fa6fbc7d766ab5c4a95e8fd7825ae5aade77db,cc333f996636990c,154.56086863707816,16.10994323461529,023645128f288b6a,[],0.0,esp_012687_1930,['test'],1.0,Counter({'test': 1}),test,bf9785397cb56bd3,True,hirise_clean,0,C:\Users\deves\OneDrive\Desktop\Projects\TCMD-SS\data\raw\hirise_v3_2\map-proj-v3_2\ESP_012687_1930_RED-0020.jpg
map-proj-v3_2/ESP_012687_1930_RED-0023.jpg,ok,,JPEG,227.0,227.0,L,1.0,1.0,normal,other,test,esp_012687_1930_red-0023,[],e6955c6c2ea68af849fa3bc69e8e8023ac50e29f873162938ddcae7af61d1b81,573cb069c20a002420bd055f73282d0a36162ee114d3c299ef2265318c9903c6,a51692f075cf9e30,107.47027887209144,16.247924363781408,edbc2555ea4c8c22,[],0.0,esp_012687_1930,['test'],1.0,Counter({'test': 1}),test,bf9785397cb56bd3,True,hirise_clean,0,C:\Users\deves\OneDrive\Desktop\Projects\TCMD-SS\data\raw\hirise_v3_2\map-proj-v3_2\ESP_012687_1930_RED-0023.jpg
map-proj-v3_2/ESP_012687_1930_RED-0026.jpg,ok,,JPEG,227.0,227.0,L,1.0,1.0,normal,slope streak,test,esp_012687_1930_red-0026,[],d2e481d9c286ec860295e2f4f99074dcbc1b64f284f04f5bf41007211b0270ff,5c10231c315d219871ef3717217ad18ccc5c01b60d3303d7d0250b7c06e4259b,c09f12369bc399cd,128.7862174697743,32.05695997307762,3ff1f47aa01aa2a2,[],3.0,esp_012687_1930,['test'],1.0,Counter({'test': 1}),test,bf9785397cb56bd3,True,hirise_clean,0,C:\Users\deves\OneDrive\Desktop\Projects\TCMD-SS\data\raw\hirise_v3_2\map-proj-v3_2\ESP_012687_1930_RED-0026.jpg
map-proj-v3_2/ESP_012687_1930_RED-0027.jpg,ok,,JPEG,227.0,227.0,L,1.0,1.0,normal,slope streak,test,esp_012687_1930_red-0027,[],38d4979b941d6359cccc4a71b6fa01cb7f3f8903e9bbff760f16879bd36715fc,3373c3dd8fc26f22303981c01d46fa82fbae72fd1355d1b40333529c243b2706,c325b29946a273dd,175.41283549069456,12.880830336176436,5f563474911e186a,[],3.0,esp_012687_1930,['test'],1.0,Counter({'test': 1}),test,bf9785397cb56bd3,True,hirise_clean,0,C:\Users\deves\OneDrive\Desktop\Projects\TCMD-SS\data\raw\hirise_v3_2\map-proj-v3_2\ESP_012687_1930_RED-0027.jpg
map-proj-v3_2/ESP_012687_1930_RED-0028.jpg,ok,,JPEG,227.0,227.0,L,1.0,1.0,normal,other,test,esp_012687_1930_red-0028,[],a7e35cc49b30b7b1d8f9ec925e2a7389bf613cd45b92f5445dc131c2165dc65d,f44b0a8bdbddec7e9b599aadd9f215d3d8bad0a7ffb89b6afa868cf752878d6c,c03ab29dc760ccdd,145.4133788740321,13.965696835113013,2ee28792cde07f5b,[],0.0,esp_012687_1930,['test'],1.0,Counter({'test': 1}),test,bf9785397cb56bd3,True,hirise_clean,0,C:\Users\deves\OneDrive\Desktop\Projects\TCMD-SS\data\raw\hirise_v3_2\map-proj-v3_2\ESP_012687_1930_RED-0028.jpg
map-proj-v3_2/ESP_012687_1930_RED-0029.jpg,ok,,JPEG,227.0,227.0,L,1.0,1.0,normal,other,test,esp_012687_1930_red-0029,[],1a9eeacfe7acd49e3cfdee6db7af8fff242be2f245fb0078463f5b37d36a0ae6,6af0193835b063ddc71bfcddd67ec19555a5773b593a835a800d976532e0e358,c35a329bcb68e970,146.0655553183644,15.526445657067985,6d7df26d0d1d5bdd,[],0.0,esp_012687_1930,['test'],1.0,Counter({'test': 1}),test,bf9785397cb56bd3,True,hirise_clean,0,C:\Users\deves\OneDrive\Desktop\Projects\TCMD-SS\data\raw\hirise_v3_2\map-proj-v3_2\ESP_012687_1930_RED-0029.jpg
map-proj-v3_2/ESP_012687_1930_RED-0030.jpg,ok,,JPEG,227.0,227.0,L,1.0,1.0,normal,other,test,esp_012687_1930_red-0030,[],afebf0894e8e7f54c16400f009b88ee81e53a8e70a30e45515b50871013c2145,81d38ea2541506db6956675d4cc2247c0d1028004a881526540c9e65cbbb1927,cce33e86f611919c,138.10735702225932,27.943446303014,4cf21defd9c63192,[],0.0,esp_012687_1930,['test'],1.0,Counter({'test': 1}),test,bf9785397cb56bd3,True,hirise_clean,0,C:\Users\deves\OneDrive\Desktop\Projects\TCMD-SS\data\raw\hirise_v3_2\map-proj-v3_2\ESP_012687_1930_RED-0030.jpg
map-proj-v3_2/ESP_012687_1930_RED-0031.jpg,ok,,JPEG,227.0,227.0,L,1.0,1.0,normal,other,test,esp_012687_1930_red-0031,[],37e0d1168422e2d7e8747efc5eb1a67151299f9e8aadcfc7448d2db8a77cb9cd,a3bb5d8c01953a71cf4a5168e59d0a17dd7d40ced84f2f228a81e06b4b4c2ae5,e39dc2a9530e82f9,169.61326631605505,19.05923459015642,86a609fb5774bc01,[],0.0,esp_012687_1930,['test'],1.0,Counter({'test': 1}),test,bf9785397cb56bd3,True,hirise_clean,0,C:\Users\deves\OneDrive\Desktop\Projects\TCMD-SS\data\raw\hirise_v3_2\map-proj-v3_2\ESP_012687_1930_RED-0031.jpg
map-proj-v3_2/ESP_012687_1930_RED-0036.jpg,ok,,JPEG,227.0,227.0,L,1.0,1.0,normal,other,test,esp_012687_1930_red-0036,[],b50a77c1766698331b88b583c1d84b4d7914775cfa67042e8763f9c17ca9e33f,9184da6351b2e50b45fbe7b8127a348dd5dc42f7c6c479adf4652d7907295192,c47399846577714e,205.78115236080652,21.97947375821667,8a09c36edb470993,[],0.0,esp_012687_1930,['test'],1.0,Counter({'test': 1}),test,bf9785397cb56bd3,True,hirise_clean,0,C:\Users\deves\OneDrive\Desktop\Projects\TCMD-SS\data\raw\hirise_v3_2\map-proj-v3_2\ESP_012687_1930_RED-0036.jpg
map-proj-v3_2/ESP_012687_1930_RED-0041.jpg,ok,,JPEG,227.0,227.0,L,1.0,1.0,normal,slope streak,test,esp_012687_1930_red-0041,[],60c5af2a261e1ed73d202a42bc3dc2aa0f661dc573d0137daf4826f49b7a38fb,ceea94526670a9189f7d0c168320c19b29059266682d9e0f2981d8acd9ea01d3,8295cbe4b2cda6d2,147.3527334122533,12.972042211089722,58a8a3d879c118ca,[],3.0,esp_012687_1930,['test'],1.0,Counter({'test': 1}),test,bf9785397cb56bd3,True,hirise_clean,0,C:\Users\deves\OneDrive\Desktop\Projects\TCMD-SS\data\raw\hirise_v3_2\map-proj-v3_2\ESP_012687_1930_RED-0041.jpg
map-proj-v3_2/ESP_012687_1930_RED-0043.jpg,ok,,JPEG,227.0,227.0,L,1.0,1.0,normal,slope streak,test,esp_012687_1930_red-0043,[],6f512b1f9f2e8435bc2b7e89865b8657fc0cb3c0b29fd54cf4567211e9a2492a,0e2105bbdf6c8040d285fc28382d6d77d9e1b6dc0bd6e2cfb008618ea41188c4,af90c6dc66b1cc46,167.86271808108054,16.48435832868664,5b6446d9b252c088,[],3.0,esp_012687_1930,['test'],1.0,Counter({'test': 1}),test,bf9785397cb56bd3,True,hirise_clean,0,C:\Users\deves\OneDrive\Desktop\Projects\TCMD-SS\data\raw\hirise_v3_2\map-proj-v3_2\ESP_012687_1930_RED-0043.jpg
map-proj-v3_2/ESP_012687_1930_RED-0046.jpg,ok,,JPEG,227.0,227.0,L,1.0,1.0,normal,slope streak,test,esp_012687_1930_red-0046,[],4fe84f7d8cdf5679711c453109707c5e49bd8a9c373a40588d877680bbce75ef,696e58a9de1fcce837621231cbb7a7cadd9d9f5425b71f9e327b49a5aeb8a7bb,a297c2e0f55b8d46,142.5114207533622,14.896093587328387,020e79b800cf14e6,[],3.0,esp_012687_1930,['test'],1.0,Counter({'test': 1}),test,bf9785397cb56bd3,True,hirise_clean,0,C:\Users\deves\OneDrive\Desktop\Projects\TCMD-SS\data\raw\hirise_v3_2\map-proj-v3_2\ESP_012687_1930_RED-0046.jpg
map-proj-v3_2/ESP_012687_1930_RED-0048.jpg,ok,,JPEG,227.0,227.0,L,1.0,1.0,normal,slope streak,test,esp_012687_1930_red-0048,[],bb9590b494cdbb64f6190905854f80922236d49ab35c2c7e3637a02740cd7bde,65e12cd6493bc11a1a0432b4b3cd809c672b5e1b37c31066eab89d33e3796e02,8b9cc2e9b55a8d07,136.25535135554736,15.57362874787995,08dee0b77bc7e079,[],3.0,esp_012687_1930,['test'],1.0,Counter({'test': 1}),test,bf9785397cb56bd3,True,hirise_clean,0,C:\Users\deves\OneDrive\Desktop\Projects\TCMD-SS\data\raw\hirise_v3_2\map-proj-v3_2\ESP_012687_1930_RED-0048.jpg
map-proj-v3_2/ESP_012687_1930_RED-0049.jpg,ok,,JPEG,227.0,227.0,L,1.0,1.0,normal,slope streak,test,esp_012687_1930_red-0049,[],9c1cdeee0d721fe271f816f82b3f8cb8117bf4168682b00131d4d0761cefa410,d4b8f9fc5546296fe216897b665abedee6b3ebdffa3e18c12ade0b0d17225c05,91ed55fa2550915b,205.8011799181044,13.884126431347823,97e0fd517fec68a1,[],3.0,esp_012687_1930,['test'],1.0,Counter({'test': 1}),test,bf9785397cb56bd3,True,hirise_clean,0,C:\Users\deves\OneDrive\Desktop\Projects\TCMD-SS\data\raw\hirise_v3_2\map-proj-v3_2\ESP_012687_1930_RED-0049.jpg
map-proj-v3_2/ESP_012687_1930_RED-0050.jpg,ok,,JPEG,227.0,227.0,L,1.0,1.0,normal,slope streak,test,esp_012687_1930_red-0050,[],6d5d86e4457b9663aa4ae33a3ef1db10f762e9f07c51ed5c083562d92e92911e,670db1409e2552161f7ec470cbd0598e8d1f0a8d407b00b420edc84ae4b2c35b,a2e28f9c7370ca8e,159.14618952434552,13.953165573429994,362109d77c823fa0,[],3.0,esp_012687_1930,['test'],1.0,Counter({'test': 1}),test,bf9785397cb56bd3,True,hirise_clean,0,C:\Users\deves\OneDrive\Desktop\Projects\TCMD-SS\data\raw\hirise_v3_2\map-proj-v3_2\ESP_012687_1930_RED-0050.jpg
map-proj-v3_2/ESP_012687_1930_RED-0051.jpg,ok,,JPEG,227.0,227.0,L,1.0,1.0,normal,slope streak,test,esp_012687_1930_red-0051,[],728d642be3f8e6119d5617afe99b17ab34c905df3409ed6f8fa4c9fe44dfe513,0257db57b9e116bd0aefe25eadd71c35ccd364b43fbad4bb87917d0f13f5c004,a1b6c2367ee2803f,171.69584117681305,17.486901593845396,debe328dae12c8c7,[],3.0,esp_012687_1930,['test'],1.0,Counter({'test': 1}),test,bf9785397cb56bd3,True,hirise_clean,0,C:\Users\deves\OneDrive\Desktop\Projects\TCMD-SS\data\raw\hirise_v3_2\map-proj-v3_2\ESP_012687_1930_RED-0051.jpg
map-proj-v3_2/ESP_012687_1930_RED-0055.jpg,ok,,JPEG,227.0,227.0,L,1.0,1.0,normal,slope streak,test,esp_012687_1930_red-0055,[],6c4d18acd6dbcc612a6fa32508227bbb69acb850b09aa8f7c8bfd15c1c14f225,d61aa04ec0f5334fae0067236559cf8d21be9a08a3bd81681b6e390c48e8766b,cdf0938e1e0cdd64,214.3512197015273,15.526600064108363,ee875e405f2e1782,[],3.0,esp_012687_1930,['test'],1.0,Counter({'test': 1}),test,bf9785397cb56bd3,True,hirise_clean,0,C:\Users\deves\OneDrive\Desktop\Projects\TCMD-SS\data\raw\hirise_v3_2\map-proj-v3_2\ESP_012687_1930_RED-0055.jpg
map-proj-v3_2/ESP_012687_1930_RED-0056.jpg,ok,,JPEG,227.0,227.0,L,1.0,1.0,normal,slope streak,test,esp_012687_1930_red-0056,[],9b96d2ee70eb1dadb1628001cfaca779bd24cbe24ccfce5d687f4acf42205ce4,ce037672deed055b3cc13bd1f22dcda74a0839dec1be329f1e2e6b7b550ae870,92d1d42aadcab5aa,219.47846843525005,7.797476741566234,7aea94ed896a82c5,[],3.0,esp_012687_1930,['test'],1.0,Counter({'test': 1}),test,bf9785397cb56bd3,True,hirise_clean,0,C:\Users\deves\OneDrive\Desktop\Projects\TCMD-SS\data\raw\hirise_v3_2\map-proj-v3_2\ESP_012687_1930_RED-0056.jpg
map-proj-v3_2/ESP_012687_1930_RED-0061.jpg,ok,,JPEG,227.0,227.0,L,1.0,1.0,normal,other,test,esp_012687_1930_red-0061,[],ea1656ab58ef1c1cb11925df510a036bdbbd7d2fab9dc70baf2ce7c6414601ac,50f8f613dc642d87a7cfd4189429f6545a4334233ff2c2048fca709551b94d12,80ff6795882c643f,139.60726969279435,32.62303662320762,6d1cb58b4db949bd,[],0.0,esp_012687_1930,['test'],1.0,Counter({'test': 1}),test,bf9785397cb56bd3,True,hirise_clean,0,C:\Users\deves\OneDrive\Desktop\Projects\TCMD-SS\data\raw\hirise_v3_2\map-proj-v3_2\ESP_012687_1930_RED-0061.jpg
map-proj-v3_2/ESP_012687_1930_RED-0063.jpg,ok,,JPEG,227.0,227.0,L,1.0,1.0,normal,other,test,esp_012687_1930_red-0063,[],cc65720e77b9633815c77aa147eaf03adab6f784b7556c4d348da821af79249e,10f4b4d0d284d0073787973edd33d091b6ff60c2477924a8cc168f2e49d33949,8ec7c183b5725a63,96.65405887946594,64.6883507699113,799f86932393156e,[],0.0,esp_012687_1930,['test'],1.0,Counter({'test': 1}),test,bf9785397cb56bd3,True,hirise_clean,0,C:\Users\deves\OneDrive\Desktop\Projects\TCMD-SS\data\raw\hirise_v3_2\map-proj-v3_2\ESP_012687_1930_RED-0063.jpg
map-proj-v3_2/ESP_012687_1930_RED-0064.jpg,ok,,JPEG,227.0,227.0,L,1.0,1.0,normal,other,test,esp_012687_1930_red-0064,[],fe1819822bbf8ae8ebe96b44fb66d3a2e7002897d11c7e7e8e67e1ab7ff06f5b,2db98112c352855114a4752bfc669c74e71c8f48a13a4f9e147fa8d16fd023ad,f5775d15445652c8,215.55116536319355,17.42735918473751,8e9f54ee80660a38,[],0.0,esp_012687_1930,['test'],1.0,Counter({'test': 1}),test,bf9785397cb56bd3,True,hirise_clean,0,C:\Users\deves\OneDrive\Desktop\Projects\TCMD-SS\data\raw\hirise_v3_2\map-proj-v3_2\ESP_012687_1930_RED-0064.jpg
map-proj-v3_2/ESP_012687_1930_RED-0065.jpg,ok,,JPEG,227.0,227.0,L,1.0,1.0,normal,other,test,esp_012687_1930_red-0065,[],8bd37b2fdf381b89561f943a5f315e2b0a665b3d4a8a1a305af6e1004233283c,09ee8348a571b6fe85b819909718008e385b8870c2dabfc5ca91963fd043cdc6,8773388cc763b98c,181.73764288070797,21.230499632743133,99845e08de907f5b,[],0.0,esp_012687_1930,['test'],1.0,Counter({'test': 1}),test,bf9785397cb56bd3,True,hirise_clean,0,C:\Users\deves\OneDrive\Desktop\Projects\TCMD-SS\data\raw\hirise_v3_2\map-proj-v3_2\ESP_012687_1930_RED-0065.jpg
map-proj-v3_2/ESP_012687_1930_RED-0069.jpg,ok,,JPEG,227.0,227.0,L,1.0,1.0,normal,other,test,esp_012687_1930_red-0069,[],7a3f72416b4c05e2e2c7f121a7b0235d14cf16fff3dee4afbc621734446ea98e,97ca49fce44a323d792ec676042b2d35f6f2b670d4cf88fdb0b543e89c9e4668,c2639c984de693d9,164.05684177841604,20.74706563843532,1613aa4b75bdd555,[],0.0,esp_012687_1930,['test'],1.0,Counter({'test': 1}),test,bf9785397cb56bd3,True,hirise_clean,0,C:\Users\deves\OneDrive\Desktop\Projects\TCMD-SS\data\raw\hirise_v3_2\map-proj-v3_2\ESP_012687_1930_RED-0069.jpg
map-proj-v3_2/ESP_012687_1930_RED-0070.jpg,ok,,JPEG,227.0,227.0,L,1.0,1.0,normal,slope streak,test,esp_012687_1930_red-0070,[],10caa54738978088d6c0c261599de1e568288668f1d6f670d3d6ff0cd488274b,979a091b522199e83f6ea78aef7d7b8fc422ff6444fa35bc0d979dd6f3c9fedf,c1d2ce6c369b603e,120.0635564439442,75.50111793773505,76d1c106c9f79190,[],3.0,esp_012687_1930,['test'],1.0,Counter({'test': 1}),test,bf9785397cb56bd3,True,hirise_clean,0,C:\Users\deves\OneDrive\Desktop\Projects\TCMD-SS\data\raw\hirise_v3_2\map-proj-v3_2\ESP_012687_1930_RED-0070.jpg
map-proj-v3_2/ESP_012687_1930_RED-0073.jpg,ok,,JPEG,227.0,227.0,L,1.0,1.0,normal,other,test,esp_012687_1930_red-0073,[],225611e3a64d9b4eaa68081fe0b5fa2a1d8c210cb5ce6c5bf20f2c9a57c908e2,48335da6b7e8b05af94921e973506f25a5972fe7d459b430ba52a3de985f947a,f72b30dc44f47039,172.2703332104252,26.21074528283249,18886d1574596a23,[],0.0,esp_012687_1930,['test'],1.0,Counter({'test': 1}),test,bf9785397cb56bd3,True,hirise_clean,0,C:\Users\deves\OneDrive\Desktop\Projects\TCMD-SS\data\raw\hirise_v3_2\map-proj-v3_2\ESP_012687_1930_RED-0073.jpg
map-proj-v3_2/ESP_012687_1930_RED-0074.jpg,ok,,JPEG,227.0,227.0,L,1.0,1.0,normal,slope streak,test,esp_012687_1930_red-0074,[],c3e76845230a74fc968cc78904e1410e4e1d074f3138d0f035801edddc2b23a1,042ce7049f40558abcd39a1f255833cdc7a4be7f4f671b8f2834a252adf66fc7,82da56952eeac61b,208.7017407673349,17.34000339192233,b57a4d94f70bd585,[],3.0,esp_012687_1930,['test'],1.0,Counter({'test': 1}),test,bf9785397cb56bd3,True,hirise_clean,0,C:\Users\deves\OneDrive\Desktop\Projects\TCMD-SS\data\raw\hirise_v3_2\map-proj-v3_2\ESP_012687_1930_RED-0074.jpg
map-proj-v3_2/ESP_012687_1930_RED-0075.jpg,ok,,JPEG,227.0,227.0,L,1.0,1.0,normal,other,test,esp_012687_1930_red-0075,[],85d91ac54fe1afc959d5c0a6ce1c54d87943643362c1c6c5bec458dfd8c077fd,dc4c8646d381b6066134036b4d0b54aa455af07ab82bbd7633027c1c54d0184b,e43299fc1c8cc6c7,137.53294261483825,21.05480803729965,76dcfa381013dff6,[],0.0,esp_012687_1930,['test'],1.0,Counter({'test': 1}),test,bf9785397cb56bd3,True,hirise_clean,0,C:\Users\deves\OneDrive\Desktop\Projects\TCMD-SS\data\raw\hirise_v3_2\map-proj-v3_2\ESP_012687_1930_RED-0075.jpg
map-proj-v3_2/ESP_012687_1930_RED-0076.jpg,ok,,JPEG,227.0,227.0,L,1.0,1.0,normal,other,test,esp_012687_1930_red-0076,[],44b4c0788dd87f7855d043ef6c42717b6d4784a6bd4879bbf0af81541604e7d5,558f9750eca65204f73d904f4637a974d7462f1437cc5fd681bf1ceb4572f1da,c122b3dba9f56834,187.19369675328457,31.831038914563155,dced59362d6c73fe,[],0.0,esp_012687_1930,['test'],1.0,Counter({'test': 1}),test,bf9785397cb56bd3,True,hirise_clean,0,C:\Users\deves\OneDrive\Desktop\Projects\TCMD-SS\data\raw\hirise_v3_2\map-proj-v3_2\ESP_012687_1930_RED-0076.jpg
map-proj-v3_2/ESP_012687_1930_RED-0077.jpg,ok,,JPEG,227.0,227.0,L,1.0,1.0,normal,other,test,esp_012687_1930_red-0077,[],be40156eec0ed50f24fefb4d069394bcd1b353cd474c1e439afb7a27b77027a5,4feb88a78e41da9aa8bd5f6b111bb3601d2da81b1f63de48a78da9dae8d2dec9,d6121e856c369bcb,176.40798385375226,16.564884187326697,aa75481fb8200045,[],0.0,esp_012687_1930,['test'],1.0,Counter({'test': 1}),test,bf9785397cb56bd3,True,hirise_clean,0,C:\Users\deves\OneDrive\Desktop\Projects\TCMD-SS\data\raw\hirise_v3_2\map-proj-v3_2\ESP_012687_1930_RED-0077.jpg
map-proj-v3_2/ESP_012687_1930_RED-0079.jpg,ok,,JPEG,227.0,227.0,L,1.0,1.0,normal,slope streak,test,esp_012687_1930_red-0079,[],0d0856f78a514a25912731f89a85ac4c86b381b8f0e6188307bc2d26f93bb804,5e6c63647c584e092e2b4bf819a27e33ae17a298aaa5e88f9ace5733e74bf09c,e8789ccf67301c8e,205.5212598730812,30.79946392089651,b0e834a53389e40e,[],3.0,esp_012687_1930,['test'],1.0,Counter({'test': 1}),test,bf9785397cb56bd3,True,hirise_clean,0,C:\Users\deves\OneDrive\Desktop\Projects\TCMD-SS\data\raw\hirise_v3_2\map-proj-v3_2\ESP_012687_1930_RED-0079.jpg
map-proj-v3_2/ESP_012687_1930_RED-0080.jpg,ok,,JPEG,227.0,227.0,L,1.0,1.0,normal,slope streak,test,esp_012687_1930_red-0080,[],c50150b3cc59407cffbc24f4adb18faf3af7cebd7b628d38c48274208af79044,93b9bef47f3b2f0eb4f3e0cd76e09dd84e78764c58d302cdbeebef33ede158c2,85d585b5210f78db,200.6477711579887,19.725550541020564,b86ef1b7be223907,[],3.0,esp_012687_1930,['test'],1.0,Counter({'test': 1}),test,bf9785397cb56bd3,True,hirise_clean,0,C:\Users\deves\OneDrive\Desktop\Projects\TCMD-SS\data\raw\hirise_v3_2\map-proj-v3_2\ESP_012687_1930_RED-0080.jpg
map-proj-v3_2/ESP_012687_1930_RED-0081.jpg,ok,,JPEG,227.0,227.0,L,1.0,1.0,normal,other,test,esp_012687_1930_red-0081,[],4bda3f92e44e1f97b8685a7b40085f296892aee84406006e43120fe615bc5ea1,39bf84f0398a60bb9a24bfa097d8088b11f1cf431fa6f21b9e5be027ec570217,cf3f3b9d0c862134,213.02311319839316,23.88477821960825,7d1c87f6b6e6ca49,[],0.0,esp_012687_1930,['test'],1.0,Counter({'test': 1}),test,bf9785397cb56bd3,True,hirise_clean,0,C:\Users\deves\OneDrive\Desktop\Projects\TCMD-SS\data\raw\hirise_v3_2\map-proj-v3_2\ESP_012687_1930_RED-0081.jpg
map-proj-v3_2/ESP_012687_1930_RED-0088.jpg,ok,,JPEG,227.0,227.0,L,1.0,1.0,normal,other,test,esp_012687_1930_red-0088,[],2a663f8844d12bcd975721e27873a7a80df099ff4d5eec41a535be0a2d5b188e,06381533f4b19705786b43af20e397d1166a78c5c7da8fe4a96bcc5931b77da1,f67ba615026217ce,211.58578664441384,18.03899781531332,fe43113dcfc7e0ed,[],0.0,esp_012687_1930,['test'],1.0,Counter({'test': 1}),test,bf9785397cb56bd3,True,hirise_clean,0,C:\Users\deves\OneDrive\Desktop\Projects\TCMD-SS\data\raw\hirise_v3_2\map-proj-v3_2\ESP_012687_1930_RED-0088.jpg
map-proj-v3_2/ESP_012687_1930_RED-0090.jpg,ok,,JPEG,227.0,227.0,L,1.0,1.0,normal,other,test,esp_012687_1930_red-0090,[],4dfaa595e3893f434820670aae45c1d5b44d2c671b5ca197832e599ca0605d2b,7d3e2237da95c65fef68e6f35376bb4eca84e35377d4eb15cb69e6f774ae771f,d26b1d4c9b0a2cde,72.82454540161851,39.585197308713326,07b2985f1c03b5e1,[],0.0,esp_012687_1930,['test'],1.0,Counter({'test': 1}),test,bf9785397cb56bd3,True,hirise_clean,0,C:\Users\deves\OneDrive\Desktop\Projects\TCMD-SS\data\raw\hirise_v3_2\map-proj-v3_2\ESP_012687_1930_RED-0090.jpg
map-proj-v3_2/ESP_012687_1930_RED-0091.jpg,ok,,JPEG,227.0,227.0,L,1.0,1.0,normal,other,test,esp_012687_1930_red-0091,[],a99b2f9a4fa9a6c68866fddf7757c972de55d358540a8d7e40108770a10f64c6,0804b0279456e65d443b0f735f2007ccdb7da0ddf3867f5ff1e12f1ab2cf6056,c463bbcc6653998c,132.19305633720816,19.15924388590325,7e047fe0acfe1206,[],0.0,esp_012687_1930,['test'],1.0,Counter({'test': 1}),test,bf9785397cb56bd3,True,hirise_clean,0,C:\Users\deves\OneDrive\Desktop\Projects\TCMD-SS\data\raw\hirise_v3_2\map-proj-v3_2\ESP_012687_1930_RED-0091.jpg
map-proj-v3_2/ESP_012687_1930_RED-0092.jpg,ok,,JPEG,227.0,227.0,L,1.0,1.0,normal,slope streak,test,esp_012687_1930_red-0092,[],4b433165fde577ca056ac6f440d1d073a3988ad9bc2170614eb1081e5b1c73d3,9a1b4ddb9f87df22afe6a8d9b641e0ee725d0a385211cc743c4b61fa2d2c89ea,8c57451a6ae38b3e,222.2796483533544,12.68589710016774,2046f73aea5e50d2,[],3.0,esp_012687_1930,['test'],1.0,Counter({'test': 1}),test,bf9785397cb56bd3,True,hirise_clean,0,C:\Users\deves\OneDrive\Desktop\Projects\TCMD-SS\data\raw\hirise_v3_2\map-proj-v3_2\ESP_012687_1930_RED-0092.jpg
map-proj-v3_2/ESP_012687_1930_RED-0093.jpg,ok,,JPEG,227.0,227.0,L,1.0,1.0,normal,slope streak,test,esp_012687_1930_red-0093,[],90ae300db8dc92196d170ee7ff1ec7043f69bfdec92047d95fe4eacba6c87a1b,56b072fdd3e726000f7317111b636486bfb2dc6e9baf49813a00513faf8f70ed,e73b99c6c271bc04,208.4311358652409,19.614122703304435,4511f37e298127b9,[],3.0,esp_012687_1930,['test'],1.0,Counter({'test': 1}),test,bf9785397cb56bd3,True,hirise_clean,0,C:\Users\deves\OneDrive\Desktop\Projects\TCMD-SS\data\raw\hirise_v3_2\map-proj-v3_2\ESP_012687_1930_RED-0093.jpg
map-proj-v3_2/ESP_012687_1930_RED-0097.jpg,ok,,JPEG,227.0,227.0,L,1.0,1.0,normal,other,test,esp_012687_1930_red-0097,[],15a42748cc3731236a96b5e32081b31d55afe75d6388994a9dcc64a79e6e8296,af757cf9db05d78818cfb0a60232d954e11c206a6c2abc53c02ea62123c0cc16,c96a36c633388ecd,189.49509984668828,19.424661937037325,335ca8fb1dca01e1,[],0.0,esp_012687_1930,['test'],1.0,Counter({'test': 1}),test,bf9785397cb56bd3,True,hirise_clean,0,C:\Users\deves\OneDrive\Desktop\Projects\TCMD-SS\data\raw\hirise_v3_2\map-proj-v3_2\ESP_012687_1930_RED-0097.jpg
map-proj-v3_2/ESP_012687_1930_RED-0099.jpg,ok,,JPEG,227.0,227.0,L,1.0,1.0,normal,other,test,esp_012687_1930_red-0099,[],03e8c9bb3de732e033b87dfcffbf1a64a26231d41519648e6c57bbf7681f800a,f5ec82feb159a1cfba8dc91fd9f8510c3a7500c0c2b632b771a9ea62ca5d0f80,d25352de5a4b6929,158.04411108307943,27.534739237589857,11ab1f8ed2b48750,[],0.0,esp_012687_1930,['test'],1.0,Counter({'test': 1}),test,bf9785397cb56bd3,True,hirise_clean,0,C:\Users\deves\OneDrive\Desktop\Projects\TCMD-SS\data\raw\hirise_v3_2\map-proj-v3_2\ESP_012687_1930_RED-0099.jpg
map-proj-v3_2/ESP_012687_1930_RED-0100.jpg,ok,,JPEG,227.0,227.0,L,1.0,1.0,normal,other,test,esp_012687_1930_red-0100,[],fa8f7f721836570582226093527fcbacf723f7acfd289c98bb03b153c60bdf4c,e03ca9e5067f560abcc791fc992f1b1a0848789161eb35d7b58304c83082960e,c978374d80b6333d,207.2976964427798,19.290984471193767,ea8447236b8e449e,[],0.0,esp_012687_1930,['test'],1.0,Counter({'test': 1}),test,bf9785397cb56bd3,True,hirise_clean,0,C:\Users\deves\OneDrive\Desktop\Projects\TCMD-SS\data\raw\hirise_v3_2\map-proj-v3_2\ESP_012687_1930_RED-0100.jpg
map-proj-v3_2/ESP_012687_1930_RED-0102.jpg,ok,,JPEG,227.0,227.0,L,1.0,1.0,normal,other,test,esp_012687_1930_red-0102,[],61e64f2643b51a6f490a04ba54d3843a3f3e5580d5994e23d517544b4b8fac1d,f35b9ee371809f57cb2294a9ba161592017b42bf3a1c27fadec6ce1d1cdd3bd4,f703586ca69b6592,162.1042131615207,15.418418108847186,5b3b81d8fa04908a,[],0.0,esp_012687_1930,['test'],1.0,Counter({'test': 1}),test,bf9785397cb56bd3,True,hirise_clean,0,C:\Users\deves\OneDrive\Desktop\Projects\TCMD-SS\data\raw\hirise_v3_2\map-proj-v3_2\ESP_012687_1930_RED-0102.jpg
map-proj-v3_2/ESP_012687_1930_RED-0103.jpg,ok,,JPEG,227.0,227.0,L,1.0,1.0,normal,other,test,esp_012687_1930_red-0103,[],929088426734ad5938bc3ed0c703824b2757e704ce20848d7a1ec1c569e87b01,88942391a491aba2aa33b28b93b0020d3bc43e01f06f3a38a583c5ffe775c278,d4129398bccee693,81.45151274039861,40.88019925059018,c0a0742bf964d8d6,[],0.0,esp_012687_1930,['test'],1.0,Counter({'test': 1}),test,bf9785397cb56bd3,True,hirise_clean,0,C:\Users\deves\OneDrive\Desktop\Projects\TCMD-SS\data\raw\hirise_v3_2\map-proj-v3_2\ESP_012687_1930_RED-0103.jpg
map-proj-v3_2/ESP_012687_1930_RED-0106.jpg,ok,,JPEG,227.0,227.0,L,1.0,1.0,normal,other,test,esp_012687_1930_red-0106,[],4ba80615ea49014aa40528573b06eb20ae08b1e1f1215f02c44d1f31149c93ba,b8e035d177d8219af842eb03718ee9f6e92ce825ab59df1eba058c1760fb1e43,d2da69f1c9c99849,79.52205554153971,44.27926605788832,8e533caf7fb19b5b,[],0.0,esp_012687_1930,['test'],1.0,Counter({'test': 1}),test,bf9785397cb56bd3,True,hirise_clean,0,C:\Users\deves\OneDrive\Desktop\Projects\TCMD-SS\data\raw\hirise_v3_2\map-proj-v3_2\ESP_012687_1930_RED-0106.jpg
map-proj-v3_2/ESP_012687_1930_RED-0111.jpg,ok,,JPEG,227.0,227.0,L,1.0,1.0,normal,other,test,esp_012687_1930_red-0111,[],5d717e3b156a810445e6328f9185d8753bec9fe15e9b316d80ce6d769fab73e1,14bebb818c249d713fe9524c05e54d358411785c1ebc29363a919b81bff40309,bc87c0f8f8cf200f,74.91039996894952,14.492250746176428,2aef882025424127,[],0.0,esp_012687_1930,['test'],1.0,Counter({'test': 1}),test,bf9785397cb56bd3,True,hirise_clean,0,C:\Users\deves\OneDrive\Desktop\Projects\TCMD-SS\data\raw\hirise_v3_2\map-proj-v3_2\ESP_012687_1930_RED-0111.jpg
map-proj-v3_2/ESP_012687_1930_RED-0113.jpg,ok,,JPEG,227.0,227.0,L,1.0,1.0,normal,other,test,esp_012687_1930_red-0113,[],dfd624fa640fbbef8322b8d875c6f6f7bb3c367107c8d9b13bf7bacf553aa501,669f18555ea8753384f0e8277346d090961f8616febc3281a5991b94434654aa,d44a997a6b9c316a,109.5472064274486,52.07516907235355,6f80bde599db5fe1,[],0.0,esp_012687_1930,['test'],1.0,Counter({'test': 1}),test,bf9785397cb56bd3,True,hirise_clean,0,C:\Users\deves\OneDrive\Desktop\Projects\TCMD-SS\data\raw\hirise_v3_2\map-proj-v3_2\ESP_012687_1930_RED-0113.jpg
map-proj-v3_2/ESP_012687_1930_RED-0114.jpg,ok,,JPEG,227.0,227.0,L,1.0,1.0,normal,other,test,esp_012687_1930_red-0114,[],f9f26ff7dab17537b08abddf44d6c4c7973e8d2760efe2cf7de3399f4b2c38b5,20fcb7f86f602b5bda4904cd639a650019ee6ff66786a141059f04bd01175917,807c5f584ceea3b1,141.13538007723807,68.70859929952209,e2ce844647acb595,[],0.0,esp_012687_1930,['test'],1.0,Counter({'test': 1}),test,bf9785397cb56bd3,True,hirise_clean,0,C:\Users\deves\OneDrive\Desktop\Projects\TCMD-SS\data\raw\hirise_v3_2\map-proj-v3_2\ESP_012687_1930_RED-0114.jpg
map-proj-v3_2/ESP_012687_1930_RED-0115.jpg,ok,,JPEG,227.0,227.0,L,1.0,1.0,normal,other,test,esp_012687_1930_red-0115,[],de6821ecd5c7c60fadb033bc559e3adea72930609c07844ddd50a062aa7635bd,538e7fb4c45173f9b895f976c5592979e0ff10e337c8ed500277ef22c64b018f,e12791dc07f29b49,131.68291641599876,16.345715202071542,07cee5a1083c7ef2,[],0.0,esp_012687_1930,['test'],1.0,Counter({'test': 1}),test,bf9785397cb56bd3,True,hirise_clean,0,C:\Users\deves\OneDrive\Desktop\Projects\TCMD-SS\data\raw\hirise_v3_2\map-proj-v3_2\ESP_012687_1930_RED-0115.jpg
map-proj-v3_2/ESP_012687_1930_RED-0119.jpg,ok,,JPEG,227.0,227.0,L,1.0,1.0,normal,other,test,esp_012687_1930_red-0119,[],d12a1a752996bdf33bb5dacb8a9f143f71a8a1f47a4f067dacdff4ad8c417237,7cdcb04ee1a2107ea3ad6e3fb69c9b3dc984bf532f2d439f6a0b52fdcf94c725,ef7733994ca61209,108.528168604087,21.275166714429243,7156490b8ff37967,[],0.0,esp_012687_1930,['test'],1.0,Counter({'test': 1}),test,bf9785397cb56bd3,True,hirise_clean,0,C:\Users\deves\OneDrive\Desktop\Projects\TCMD-SS\data\raw\hirise_v3_2\map-proj-v3_2\ESP_012687_1930_RED-0119.jpg
map-proj-v3_2/ESP_012687_1930_RED-0122.jpg,ok,,JPEG,227.0,227.0,L,1.0,1.0,normal,other,test,esp_012687_1930_red-0122,[],89e3df9a5b2c716b7cb6a1ca768d6cd5ea0d97668aa54268067d1a06886ca691,564e278f8e86f106085584b6d8e4fa013d8e74cde6eb65035e39ba6d26580a25,e09f8ee038cee338,46.92446971608221,14.469755665903064,15fddb95b12f4d05,[],0.0,esp_012687_1930,['test'],1.0,Counter({'test': 1}),test,bf9785397cb56bd3,True,hirise_clean,0,C:\Users\deves\OneDrive\Desktop\Projects\TCMD-SS\data\raw\hirise_v3_2\map-proj-v3_2\ESP_012687_1930_RED-0122.jpg
map-proj-v3_2/ESP_012687_1930_RED-0124.jpg,ok,,JPEG,227.0,227.0,L,1.0,1.0,normal,other,test,esp_012687_1930_red-0124,[],d6362685e63ef5c50ecf003394b5b26fd8c565d807b1b29374e54a30710fdfb2,f05e9841dcef5140cfaf41e6dcd5a527a39a4a0715709ddc9b74968475ba712c,8378b6c3e974aa45,72.4349395486037,39.97565972717748,95b7e5a8fbd34c92,[],0.0,esp_012687_1930,['test'],1.0,Counter({'test': 1}),test,bf9785397cb56bd3,True,hirise_clean,0,C:\Users\deves\OneDrive\Desktop\Projects\TCMD-SS\data\raw\hirise_v3_2\map-proj-v3_2\ESP_012687_1930_RED-0124.jpg
map-proj-v3_2/ESP_012687_1930_RED-0126.jpg,ok,,JPEG,227.0,227.0,L,1.0,1.0,normal,other,test,esp_012687_1930_red-0126,[],767a97d077d006694d42cb6fb2f49eb65ca635d8509b901503204fbbb684672e,532606cb981bb5d3017403b10d807c38245f1ba101c3d83e57f8f69f21b24774,ea2db498cd07a2f2,118.37439111956374,60.220269996442205,7c578adff56fe34d,[],0.0,esp_012687_1930,['test'],1.0,Counter({'test': 1}),test,bf9785397cb56bd3,True,hirise_clean,0,C:\Users\deves\OneDrive\Desktop\Projects\TCMD-SS\data\raw\hirise_v3_2\map-proj-v3_2\ESP_012687_1930_RED-0126.jpg
map-proj-v3_2/ESP_012687_1930_RED-0131.jpg,ok,,JPEG,227.0,227.0,L,1.0,1.0,normal,other,test,esp_012687_1930_red-0131,[],14a0ade7ebe3b7cf20d06a7d5272942e3e29b574f9fbff66b1faf7e2a981731e,133034c0281a2d13962263ed0c68a2f5aa57da38434e563e45948cdba51d001d,ee6e19914066b69b,42.61520697083196,16.477109137752862,1205da0b6089f01f,[],0.0,esp_012687_1930,['test'],1.0,Counter({'test': 1}),test,bf9785397cb56bd3,True,hirise_clean,0,C:\Users\deves\OneDrive\Desktop\Projects\TCMD-SS\data\raw\hirise_v3_2\map-proj-v3_2\ESP_012687_1930_RED-0131.jpg
map-proj-v3_2/ESP_012687_1930_RED-0132.jpg,ok,,JPEG,227.0,227.0,L,1.0,1.0,normal,crater,test,esp_012687_1930_red-0132,[],c64963df561c0ed4638bc185d9bfca222107a59d1bd96c801c0e5bbe3926db6b,7029551eee678e6cb46bb537aa1d1516c32a2660781e13dd7d8e474f6910157f,aba1dca733896466,68.48168992217974,10.348747097388122,534e04a0e160523e,[],1.0,esp_012687_1930,['test'],1.0,Counter({'test': 1}),test,bf9785397cb56bd3,True,hirise_clean,0,C:\Users\deves\OneDrive\Desktop\Projects\TCMD-SS\data\raw\hirise_v3_2\map-proj-v3_2\ESP_012687_1930_RED-0132.jpg
map-proj-v3_2/ESP_012687_1930_RED-0133.jpg,ok,,JPEG,227.0,227.0,L,1.0,1.0,normal,crater,test,esp_012687_1930_red-0133,[],1cafd5a0114015e89938c10ec96748d8356e9ad7aee77c36d2667e53f8701d2f,cfb15e96ace86e100862950d58781596556d8f803c0ee740e89bf84fd6ae0188,d3d88ce233c9cc66,83.56368258650468,13.009875880060124,1cce0aaef3f2cef1,[],1.0,esp_012687_1930,['test'],1.0,Counter({'test': 1}),test,bf9785397cb56bd3,True,hirise_clean,0,C:\Users\deves\OneDrive\Desktop\Projects\TCMD-SS\data\raw\hirise_v3_2\map-proj-v3_2\ESP_012687_1930_RED-0133.jpg
map-proj-v3_2/ESP_012687_1930_RED-0134.jpg,ok,,JPEG,227.0,227.0,L,1.0,1.0,normal,other,test,esp_012687_1930_red-0134,[],922af57607f0c1be4d7955e33cf1f4878bc0e6d699a470b429eb312cfe03e7e5,e8bfd9d1d43f8cbe436c9ca1e9d459348642b73e096ec27250b8fb4e7890960a,be80f13fc01fc13c,47.19458945448194,19.779155751994,8fab952150ed1c3c,[],0.0,esp_012687_1930,['test'],1.0,Counter({'test': 1}),test,bf9785397cb56bd3,True,hirise_clean,0,C:\Users\deves\OneDrive\Desktop\Projects\TCMD-SS\data\raw\hirise_v3_2\map-proj-v3_2\ESP_012687_1930_RED-0134.jpg
map-proj-v3_2/ESP_012687_1930_RED-0135.jpg,ok,,JPEG,227.0,227.0,L,1.0,1.0,normal,other,test,esp_012687_1930_red-0135,[],ee61db8648d3838da079b278afbee898b4a07029377827a252e4ec6dc6252206,13bc92a44660dede1c78b8e7508b1b7c93536a3f47e6a0b1084ea1fe00128a83,c762b9dca69389c4,58.08393331910187,18.829744992471184,ea91969435ede151,[],0.0,esp_012687_1930,['test'],1.0,Counter({'test': 1}),test,bf9785397cb56bd3,True,hirise_clean,0,C:\Users\deves\OneDrive\Desktop\Projects\TCMD-SS\data\raw\hirise_v3_2\map-proj-v3_2\ESP_012687_1930_RED-0135.jpg
map-proj-v3_2/ESP_012687_1930_RED-0136.jpg,ok,,JPEG,227.0,227.0,L,1.0,1.0,normal,other,test,esp_012687_1930_red-0136,[],39e284026bb73a895c258216aafac058171f31a5fea593573ebb461d8866173d,e74cf869826970e12ff3b830e18f751140392920a3d7d2c7bcd59ad8873f81fb,e32712197d58cce6,84.20858157542355,45.81969989332211,53d9801521edfa04,[],0.0,esp_012687_1930,['test'],1.0,Counter({'test': 1}),test,bf9785397cb56bd3,True,hirise_clean,0,C:\Users\deves\OneDrive\Desktop\Projects\TCMD-SS\data\raw\hirise_v3_2\map-proj-v3_2\ESP_012687_1930_RED-0136.jpg
map-proj-v3_2/ESP_012687_1930_RED-0137.jpg,ok,,JPEG,227.0,227.0,L,1.0,1.0,normal,other,test,esp_012687_1930_red-0137,[],d0bb965a658526a2ea6919c6a0200e77daff889181d8e0b4c3bf838d2643d154,382bb8829412c3d7ec5b1063829392edaa99103d7e16dd5464fe4da67183e7a3,cd663334196c16e7,81.28050224145626,68.5120581066592,5f4d324860ba6a2c,[],0.0,esp_012687_1930,['test'],1.0,Counter({'test': 1}),test,bf9785397cb56bd3,True,hirise_clean,0,C:\Users\deves\OneDrive\Desktop\Projects\TCMD-SS\data\raw\hirise_v3_2\map-proj-v3_2\ESP_012687_1930_RED-0137.jpg
map-proj-v3_2/ESP_012687_1930_RED-0138.jpg,ok,,JPEG,227.0,227.0,L,1.0,1.0,normal,slope streak,test,esp_012687_1930_red-0138,[],281053565de4fbf5b17cabf4ceb3aa25a316b186c6fb1b958c9e6b4f00ce1220,e403c8f63dedb64fa1700d202a5ddfa60211f30f8b425fc8819ef4e7393885e1,e11c1ed3f1a88ea3,52.23454753633876,39.20622363594986,3e8b185a49751d9c,[],3.0,esp_012687_1930,['test'],1.0,Counter({'test': 1}),test,bf9785397cb56bd3,True,hirise_clean,0,C:\Users\deves\OneDrive\Desktop\Projects\TCMD-SS\data\raw\hirise_v3_2\map-proj-v3_2\ESP_012687_1930_RED-0138.jpg
map-proj-v3_2/ESP_013141_2105_RED-0000.jpg,ok,,JPEG,227.0,227.0,L,1.0,1.0,normal,other,train,esp_013141_2105_red-0000,[],abdc81a6d16bc4bda1c2eea4dcd85b84c6e695d8f30d3eab652a803507cf0805,6a76f8609b5c99a91a4fa8646a1a3256b2140e0bfeed80f0731f3f49d0898735,cce3339829c69b63,20.992974829707546,18.461408487637215,c17147f86db6f9d0,[],0.0,esp_013141_2105,['train'],1.0,Counter({'train': 1}),test,3b03e4150f5396f0,True,hirise_clean,0,C:\Users\deves\OneDrive\Desktop\Projects\TCMD-SS\data\raw\hirise_v3_2\map-proj-v3_2\ESP_013141_2105_RED-0000.jpg
map-proj-v3_2/ESP_013141_2105_RED-0004.jpg,ok,,JPEG,227.0,227.0,L,1.0,1.0,normal,slope streak,train,esp_013141_2105_red-0004,[],17411a209831c91e86749a9658b09792958f8bacbe3ce378d35015128de7ad5b,ef26c96af0399a7d35a177c065331f2a0342deb5f8d6a607bc420923ff57d310,86633399cce6994d,119.69572473752643,14.01058522835041,957c3c13cf0c3c27,[],3.0,esp_013141_2105,['train'],1.0,Counter({'train': 1}),test,3b03e4150f5396f0,True,hirise_clean,0,C:\Users\deves\OneDrive\Desktop\Projects\TCMD-SS\data\raw\hirise_v3_2\map-proj-v3_2\ESP_013141_2105_RED-0004.jpg
map-proj-v3_2/ESP_013141_2105_RED-0007.jpg,ok,,JPEG,227.0,227.0,L,1.0,1.0,normal,slope streak,train,esp_013141_2105_red-0007,[],1c0a0c2cd3d13a8bdd6be599941cb1d9440995a073c5d9a548f9cc9b761410e0,d723278f3e1ec16347c32eb454dd5efbc75b7426d3abaafa456765cc3f041f7b,87c1d8c33087cf7c,139.221157018378,74.22579865639047,a38b5f3c20e56df8,[],3.0,esp_013141_2105,['train'],1.0,Counter({'train': 1}),test,3b03e4150f5396f0,True,hirise_clean,0,C:\Users\deves\OneDrive\Desktop\Projects\TCMD-SS\data\raw\hirise_v3_2\map-proj-v3_2\ESP_013141_2105_RED-0007.jpg
map-proj-v3_2/ESP_013141_2105_RED-0008.jpg,ok,,JPEG,227.0,227.0,L,1.0,1.0,normal,slope streak,train,esp_013141_2105_red-0008,[],e778254e6cc08f90c352b914fd72f9945e99ad993b3a1ae9b74f56cf34eebe74,c23eb77fce0a91f8fd4ab199b1725fbdeb337055d38fe2f72bdfe318839622cd,aca1541276c51dfb,152.6157503541695,20.52058976115164,33c06cb9ee1a94eb,[],3.0,esp_013141_2105,['train'],1.0,Counter({'train': 1}),test,3b03e4150f5396f0,True,hirise_clean,0,C:\Users\deves\OneDrive\Desktop\Projects\TCMD-SS\data\raw\hirise_v3_2\map-proj-v3_2\ESP_013141_2105_RED-0008.jpg
map-proj-v3_2/ESP_013141_2105_RED-0014.jpg,ok,,JPEG,227.0,227.0,L,1.0,1.0,normal,slope streak,train,esp_013141_2105_red-0014,[],a232871919b8e86b6d6c1c5e67c59cbe728ff610068489c64762414f977e7061,87f5344e5a8c09f2f5860d939a0041a665dd4f7457ce759414e237d83471824d,b5551df17142c2b3,189.2384870655359,14.530320128616172,dad3d06163370224,[],3.0,esp_013141_2105,['train'],1.0,Counter({'train': 1}),test,3b03e4150f5396f0,True,hirise_clean,0,C:\Users\deves\OneDrive\Desktop\Projects\TCMD-SS\data\raw\hirise_v3_2\map-proj-v3_2\ESP_013141_2105_RED-0014.jpg
map-proj-v3_2/ESP_013141_2105_RED-0015.jpg,ok,,JPEG,227.0,227.0,L,1.0,1.0,normal,slope streak,train,esp_013141_2105_red-0015,[],ccdd9a886b8155ab69d98fac049d54c50e0507fb246df854945ff6e739ef34c4,860e98558dc112c7f736825f5b8903cbc0068d2e1aeee256768bdbcee23b7799,d5554a68e1a79d91,180.81895631586096,23.016969003459263,247c75554cb83e6b,[],3.0,esp_013141_2105,['train'],1.0,Counter({'train': 1}),test,3b03e4150f5396f0,True,hirise_clean,0,C:\Users\deves\OneDrive\Desktop\Projects\TCMD-SS\data\raw\hirise_v3_2\map-proj-v3_2\ESP_013141_2105_RED-0015.jpg
map-proj-v3_2/ESP_013141_2105_RED-0028.jpg,ok,,JPEG,227.0,227.0,L,1.0,1.0,normal,other,train,esp_013141_2105_red-0028,[],3a3c87d88e403acfbc7e24a2f13bdb63c4d6b97739b9c4b79e382c2012ff0b94,af6e1082bfb8a3f6ea1928868875f5b8280573d2540fee2a97901c9b3e952f1c,ef7618c94661b496,129.64827572823071,16.187159390008944,f92324d256ae1085,[],0.0,esp_013141_2105,['train'],1.0,Counter({'train': 1}),test,3b03e4150f5396f0,True,hirise_clean,0,C:\Users\deves\OneDrive\Desktop\Projects\TCMD-SS\data\raw\hirise_v3_2\map-proj-v3_2\ESP_013141_2105_RED-0028.jpg
map-proj-v3_2/ESP_013141_2105_RED-0029.jpg,ok,,JPEG,227.0,227.0,L,1.0,1.0,normal,other,train,esp_013141_2105_red-0029,[],cfe15b341f4ade210a272d9ddc8d7be3f67ba324bcdd4772e0778ebd8270101c,7f348ec73c9d988b34f3f7c49af9ddc0136126865c371e5ca12e8a651ab9ec8b,c9cc36063f8c3e0f,62.844553552368566,52.203922152765614,ad98f2e25c5ff39a,[],0.0,esp_013141_2105,['train'],1.0,Counter({'train': 1}),test,3b03e4150f5396f0,True,hirise_clean,0,C:\Users\deves\OneDrive\Desktop\Projects\TCMD-SS\data\raw\hirise_v3_2\map-proj-v3_2\ESP_013141_2105_RED-0029.jpg
map-proj-v3_2/ESP_013141_2105_RED-0037.jpg,ok,,JPEG,227.0,227.0,L,1.0,1.0,normal,other,train,esp_013141_2105_red-0037,[],f5a427fa0de44abaca15d1ac334737e9ed63252f3f3bca370bb44f4148235490,8c1323ddedbac269f8f0879d9921afcb00872a424a1c46c57fed5f9f12a92292,b661190ce633bc3e,98.86834597993364,16.652369794299847,118a147a5551885a,[],0.0,esp_013141_2105,['train'],1.0,Counter({'train': 1}),test,3b03e4150f5396f0,True,hirise_clean,0,C:\Users\deves\OneDrive\Desktop\Projects\TCMD-SS\data\raw\hirise_v3_2\map-proj-v3_2\ESP_013141_2105_RED-0037.jpg
map-proj-v3_2/ESP_013141_2105_RED-0041.jpg,ok,,JPEG,227.0,227.0,L,1.0,1.0,normal,other,train,esp_013141_2105_red-0041,[],cf7b80210faf5632969aebec13424c4dd63b2a03099b89527378983c1a9d774c,6e72ad6f9a006a91d3840aa6b5bfd214ae972a76cc317e480b9367db634b405b,e8269b80f87671ec,68.94360457218265,13.50085951371432,ac935055020c2217,[],0.0,esp_013141_2105,['train'],1.0,Counter({'train': 1}),test,3b03e4150f5396f0,True,hirise_clean,0,C:\Users\deves\OneDrive\Desktop\Projects\TCMD-SS\data\raw\hirise_v3_2\map-proj-v3_2\ESP_013141_2105_RED-0041.jpg
map-proj-v3_2/ESP_013141_2105_RED-0042.jpg,ok,,JPEG,227.0,227.0,L,1.0,1.0,normal,other,train,esp_013141_2105_red-0042,[],4661744f46d8934b418c53fde5adfe99bfe1591f0b9d36162664dbe511ff934e,61fc15481211edafb6f1f3d8dfd5188d3413953153245005a82b246db1f21c18,bfc0ec321bcd06e2,85.87535174367832,17.84366243691037,66ab6652bfd91140,[],0.0,esp_013141_2105,['train'],1.0,Counter({'train': 1}),test,3b03e4150f5396f0,True,hirise_clean,0,C:\Users\deves\OneDrive\Desktop\Projects\TCMD-SS\data\raw\hirise_v3_2\map-proj-v3_2\ESP_013141_2105_RED-0042.jpg
map-proj-v3_2/ESP_013141_2105_RED-0043.jpg,ok,,JPEG,227.0,227.0,L,1.0,1.0,normal,other,train,esp_013141_2105_red-0043,[],ae9c4f000764e1ce8a4d92fc94307e50f2cd92b41d7fbeab1cac9e0a405e7786,b4adf56a9c0a3e574893d495af0548ea601d5c6c00e50fcd5f592d1334070ef6,ac15c2f61a03f1fc,68.65908517533816,14.96160556106194,953d8b4c75b63dfc,[],0.0,esp_013141_2105,['train'],1.0,Counter({'train': 1}),test,3b03e4150f5396f0,True,hirise_clean,0,C:\Users\deves\OneDrive\Desktop\Projects\TCMD-SS\data\raw\hirise_v3_2\map-proj-v3_2\ESP_013141_2105_RED-0043.jpg
map-proj-v3_2/ESP_013141_2105_RED-0044.jpg,ok,,JPEG,227.0,227.0,L,1.0,1.0,normal,other,train,esp_013141_2105_red-0044,[],6db0921d910d2d37f08dc194e9e754058a738a06197618753df02cef3438629e,d7859b281264d79ea664b6ebb108eb85e6cf36d1d23e930541f35e9745605389,a71f899148e8fca6,108.64912961633254,22.97737402576159,bf700b6e9c5dda13,[],0.0,esp_013141_2105,['train'],1.0,Counter({'train': 1}),test,3b03e4150f5396f0,True,hirise_clean,0,C:\Users\deves\OneDrive\Desktop\Projects\TCMD-SS\data\raw\hirise_v3_2\map-proj-v3_2\ESP_013141_2105_RED-0044.jpg
map-proj-v3_2/ESP_013141_2105_RED-0045.jpg,ok,,JPEG,227.0,227.0,L,1.0,1.0,normal,other,train,esp_013141_2105_red-0045,[],c5317271e9b892c7b5c8e3ef4e7497a16e2a2ca89642821bd7a4f49a248a7dc3,00c432869be28d2e9bb5ae80bd2b5cee6193ef2b1a730f29090c5b0af25d0462,da6d37182cc61bc9,85.33156086863708,59.387044200679206,6c30db1061ea1419,[],0.0,esp_013141_2105,['train'],1.0,Counter({'train': 1}),test,3b03e4150f5396f0,True,hirise_clean,0,C:\Users\deves\OneDrive\Desktop\Projects\TCMD-SS\data\raw\hirise_v3_2\map-proj-v3_2\ESP_013141_2105_RED-0045.jpg
map-proj-v3_2/ESP_013141_2105_RED-0047.jpg,ok,,JPEG,227.0,227.0,L,1.0,1.0,normal,other,train,esp_013141_2105_red-0047,[],8519bb3970d371091f6328551fe7e118fb49dca0f4f81f4d2039c4a61ce62ebd,74259118698c37bfc50e61771b46cce4a57c6be037d46af83f7b1529225f3c12,d5d6c224b3d82f70,73.2185759475247,29.245654307839192,b6bde83c0cef838e,[],0.0,esp_013141_2105,['train'],1.0,Counter({'train': 1}),test,3b03e4150f5396f0,True,hirise_clean,0,C:\Users\deves\OneDrive\Desktop\Projects\TCMD-SS\data\raw\hirise_v3_2\map-proj-v3_2\ESP_013141_2105_RED-0047.jpg
map-proj-v3_2/ESP_013141_2105_RED-0051.jpg,ok,,JPEG,227.0,227.0,L,1.0,1.0,normal,other,train,esp_013141_2105_red-0051,[],cd81d56254d91e69923698dccfcc5e407c25ab6bfc1ca30ffc83a15300c43325,8ba7ce0d98774a10570fa43078515fb0faf19b41bf348e0e18e3b8785d29696b,83709dc4f3711c57,95.96427254555688,52.99159121283586,78ccfc1144968da7,[],0.0,esp_013141_2105,['train'],1.0,Counter({'train': 1}),test,3b03e4150f5396f0,True,hirise_clean,0,C:\Users\deves\OneDrive\Desktop\Projects\TCMD-SS\data\raw\hirise_v3_2\map-proj-v3_2\ESP_013141_2105_RED-0051.jpg
map-proj-v3_2/ESP_013141_2105_RED-0052.jpg,ok,,JPEG,227.0,227.0,L,1.0,1.0,normal,other,train,esp_013141_2105_red-0052,[],aef6b172f6443f2bd95f59fb80346552d16da2911c5c9cdbdd2038b9f0fbf242,3e9477aafe706d405f0702240f8e887e52c8a4a90b4cfbf24de274d7e100d46e,83dce6b11cc371b8,94.09577131324107,58.19687226211359,3df8d5656b61b58b,[],0.0,esp_013141_2105,['train'],1.0,Counter({'train': 1}),test,3b03e4150f5396f0,True,hirise_clean,0,C:\Users\deves\OneDrive\Desktop\Projects\TCMD-SS\data\raw\hirise_v3_2\map-proj-v3_2\ESP_013141_2105_RED-0052.jpg
map-proj-v3_2/ESP_013141_2105_RED-0053.jpg,ok,,JPEG,227.0,227.0,L,1.0,1.0,normal,slope streak,train,esp_013141_2105_red-0053,[],2e17d19e4785f40820260dae63c7e76256681f20ebbe46be80a183a9f293481e,1eea926510b81559d5808a4faba095c1b9dcd81af6bac4d96dc03f42860ac09b,f3b1dc16ca8ba514,81.09769256147024,20.93921445160558,96fac7f6405dc70d,[],3.0,esp_013141_2105,['train'],1.0,Counter({'train': 1}),test,3b03e4150f5396f0,True,hirise_clean,0,C:\Users\deves\OneDrive\Desktop\Projects\TCMD-SS\data\raw\hirise_v3_2\map-proj-v3_2\ESP_013141_2105_RED-0053.jpg
map-proj-v3_2/ESP_013141_2105_RED-0054.jpg,ok,,JPEG,227.0,227.0,L,1.0,1.0,normal,slope streak,train,esp_013141_2105_red-0054,[],9d19821062053c8aeed42d20326ec9ae2affb42d6a4a7cb1b8b29f87289a19c9,8566fa353db763c48d66192a32bc7d49cc88d1bafbcb85a72f9c613cb405b4cf,d7a9ec9758c5206a,75.0816433464651,16.717259838363322,986797afb0c2d1fb,[],3.0,esp_013141_2105,['train'],1.0,Counter({'train': 1}),test,3b03e4150f5396f0,True,hirise_clean,0,C:\Users\deves\OneDrive\Desktop\Projects\TCMD-SS\data\raw\hirise_v3_2\map-proj-v3_2\ESP_013141_2105_RED-0054.jpg
map-proj-v3_2/ESP_013141_2105_RED-0055.jpg,ok,,JPEG,227.0,227.0,L,1.0,1.0,normal,other,train,esp_013141_2105_red-0055,[],a0b81bea2145757fa8a349a594262fbc51fafd0ee0ebfa174c2d19ffb87817a5,9a977cf5b75a31bcab20b79d2869f44756b5f6146c01ed5ddc4c118f12965f89,8cf59752525b6a4a,106.83578179277688,27.09835057067059,845917b19958b5f1,[],0.0,esp_013141_2105,['train'],1.0,Counter({'train': 1}),test,3b03e4150f5396f0,True,hirise_clean,0,C:\Users\deves\OneDrive\Desktop\Projects\TCMD-SS\data\raw\hirise_v3_2\map-proj-v3_2\ESP_013141_2105_RED-0055.jpg
map-proj-v3_2/ESP_013141_2105_RED-0056.jpg,ok,,JPEG,227.0,227.0,L,1.0,1.0,normal,slope streak,train,esp_013141_2105_red-0056,[],4bcd76e2e0385978a8c476c781c5dd29def8fbcf65fc3ea5c226c2adb121453b,35245afc29a28cde9b750c16238284ad2acf147deb317f84bed3100fecf29c27,ecd9b3c613998c23,73.64086242698286,18.18508488279791,3a6e3c3bd1dab5ff,[],3.0,esp_013141_2105,['train'],1.0,Counter({'train': 1}),test,3b03e4150f5396f0,True,hirise_clean,0,C:\Users\deves\OneDrive\Desktop\Projects\TCMD-SS\data\raw\hirise_v3_2\map-proj-v3_2\ESP_013141_2105_RED-0056.jpg
map-proj-v3_2/ESP_013141_2105_RED-0059.jpg,ok,,JPEG,227.0,227.0,L,1.0,1.0,normal,other,train,esp_013141_2105_red-0059,[],56d901dd9d97066507d44697c2d674253591c3cf2378bf3851343c962e2e3c3a,7e79b216ee2f880a30bebcb53c46c15176abf5641bdc4afb6748b89bb4d7535c,d2ca6df379680ca4,96.8983679093326,52.87333988592957,a5ea19b18551c388,[],0.0,esp_013141_2105,['train'],1.0,Counter({'train': 1}),test,3b03e4150f5396f0,True,hirise_clean,0,C:\Users\deves\OneDrive\Desktop\Projects\TCMD-SS\data\raw\hirise_v3_2\map-proj-v3_2\ESP_013141_2105_RED-0059.jpg
map-proj-v3_2/ESP_013141_2105_RED-0061.jpg,ok,,JPEG,227.0,227.0,L,1.0,1.0,normal,other,train,esp_013141_2105_red-0061,[],2927883c4f1ad6330c19fc6b7e103655e7b2d403742abad3ce71393399534e5f,02626ef9b673e6d2eb7ff93479ea6352b328192c197ba5677c55050325a5830a,9e984c7397c826f4,113.11050088299793,25.406215129344105,ea07730003228578,[],0.0,esp_013141_2105,['train'],1.0,Counter({'train': 1}),test,3b03e4150f5396f0,True,hirise_clean,0,C:\Users\deves\OneDrive\Desktop\Projects\TCMD-SS\data\raw\hirise_v3_2\map-proj-v3_2\ESP_013141_2105_RED-0061.jpg
map-proj-v3_2/ESP_013141_2105_RED-0063.jpg,ok,,JPEG,227.0,227.0,L,1.0,1.0,normal,other,train,esp_013141_2105_red-0063,[],41485e036183e0f4290577530005408214f267afee5d635ce2dc1fb1b2fc3bd4,f5e3c39ba4b8d168a35e97b93a56d45d698b8dff519f7fb9735fa7f6ed11768c,8ea3b9ce26998ca5,70.65617419317277,47.39586495538316,2e3c318142f0425f,[],0.0,esp_013141_2105,['train'],1.0,Counter({'train': 1}),test,3b03e4150f5396f0,True,hirise_clean,0,C:\Users\deves\OneDrive\Desktop\Projects\TCMD-SS\data\raw\hirise_v3_2\map-proj-v3_2\ESP_013141_2105_RED-0063.jpg
map-proj-v3_2/ESP_013141_2105_RED-0067.jpg,ok,,JPEG,227.0,227.0,L,1.0,1.0,normal,other,train,esp_013141_2105_red-0067,[],713ce6a7ecfcbb3b2e73e13b692b319e30624ca2c212351590fe00ad382cca3f,6ed9f7f5126d98fa19e6c4566fa96ac4d3eaf8052829fa10ad513f5986158f9c,805c6faeb49652da,140.2263385666324,56.909144817908754,0b793185d831d882,[],0.0,esp_013141_2105,['train'],1.0,Counter({'train': 1}),test,3b03e4150f5396f0,True,hirise_clean,0,C:\Users\deves\OneDrive\Desktop\Projects\TCMD-SS\data\raw\hirise_v3_2\map-proj-v3_2\ESP_013141_2105_RED-0067.jpg
map-proj-v3_2/ESP_013141_2105_RED-0068.jpg,ok,,JPEG,227.0,227.0,L,1.0,1.0,normal,slope streak,train,esp_013141_2105_red-0068,[],9704c7d5e91b100fc34ba3d1e952244e30f3ce7b38d7b1e40d8f1e8feab1af32,5cb027151e8e05cf50819d1d92578e0104ffb00653273a68f6e5c4877b609de3,db6de46c6448266d,106.57606396398144,73.85222791097323,56d3c721cfb8a564,[],3.0,esp_013141_2105,['train'],1.0,Counter({'train': 1}),test,3b03e4150f5396f0,True,hirise_clean,0,C:\Users\deves\OneDrive\Desktop\Projects\TCMD-SS\data\raw\hirise_v3_2\map-proj-v3_2\ESP_013141_2105_RED-0068.jpg
map-proj-v3_2/ESP_013141_2105_RED-0069.jpg,ok,,JPEG,227.0,227.0,L,1.0,1.0,normal,other,train,esp_013141_2105_red-0069,[],8eca847ba642f88586d6d9c9cf3a86887e671dcc1fedac6ac10841fb5dbba75a,f18b4ea55cabfa9e4a80ec3bc0e4769fbb1d933366265f7222ad37aebf313f12,bc89c4741c7d4753,159.7425915503891,29.17462128173872,f90bd9a37960875c,[],0.0,esp_013141_2105,['train'],1.0,Counter({'train': 1}),test,3b03e4150f5396f0,True,hirise_clean,0,C:\Users\deves\OneDrive\Desktop\Projects\TCMD-SS\data\raw\hirise_v3_2\map-proj-v3_2\ESP_013141_2105_RED-0069.jpg
map-proj-v3_2/ESP_013141_2105_RED-0070.jpg,ok,,JPEG,227.0,227.0,L,1.0,1.0,normal,slope streak,train,esp_013141_2105_red-0070,[],dcd68bd4cf2908a7e5eb7643e45ca52e748b17b48bd51a6c60675f423797c4a5,17b53e798007a88585dacb279aeb97bd470b5f3826008ec9f5d31047bf585cbb,f2f819ab44751c55,187.77282695181356,16.42934796024607,333c88908f7eaca6,[],3.0,esp_013141_2105,['train'],1.0,Counter({'train': 1}),test,3b03e4150f5396f0,True,hirise_clean,0,C:\Users\deves\OneDrive\Desktop\Projects\TCMD-SS\data\raw\hirise_v3_2\map-proj-v3_2\ESP_013141_2105_RED-0070.jpg
map-proj-v3_2/ESP_013141_2105_RED-0071.jpg,ok,,JPEG,227.0,227.0,L,1.0,1.0,normal,slope streak,train,esp_013141_2105_red-0071,[],a03ee2112c417fce91968a4077d49fcaf04d3a16976e5a4dddfb4c12a3af7251,cec994933d694ff9700ce97fe468073d878ec9395e66c0d07f0fb278fde25d07,a420d96f62399dec,115.37340138562752,21.482941707584644,c72abe2dbf3d9876,[],3.0,esp_013141_2105,['train'],1.0,Counter({'train': 1}),test,3b03e4150f5396f0,True,hirise_clean,0,C:\Users\deves\OneDrive\Desktop\Projects\TCMD-SS\data\raw\hirise_v3_2\map-proj-v3_2\ESP_013141_2105_RED-0071.jpg
map-proj-v3_2/ESP_013141_2105_RED-0072.jpg,ok,,JPEG,227.0,227.0,L,1.0,1.0,normal,slope streak,train,esp_013141_2105_red-0072,[],1224c4299b601feeafd2e06233c778b55a34fd6c131417eb0c53d49b1d441db4,364f8116a0ce81aaf80c7668a88037bc3be8f604cfb58f42a5afdbf369a3405d,ebb7195a111c3c1e,197.9917134041025,16.519754162334134,2cd9ff8e6a752ed3,[],3.0,esp_013141_2105,['train'],1.0,Counter({'train': 1}),test,3b03e4150f5396f0,True,hirise_clean,0,C:\Users\deves\OneDrive\Desktop\Projects\TCMD-SS\data\raw\hirise_v3_2\map-proj-v3_2\ESP_013141_2105_RED-0072.jpg
map-proj-v3_2/ESP_013141_2105_RED-0073.jpg,ok,,JPEG,227.0,227.0,L,1.0,1.0,normal,slope streak,train,esp_013141_2105_red-0073,[],a8592e9e07c585ebc1e39e018dbe75ef1c349b889811c632bb8e29f42f0d048e,0e3a4fac50279103a85b3a660139decdbfe6f891a52cc28488b057bb5bb7061c,876131989d8ce779,74.27906615692135,52.92354897683185,b05275d8814c9d72,[],3.0,esp_013141_2105,['train'],1.0,Counter({'train': 1}),test,3b03e4150f5396f0,True,hirise_clean,0,C:\Users\deves\OneDrive\Desktop\Projects\TCMD-SS\data\raw\hirise_v3_2\map-proj-v3_2\ESP_013141_2105_RED-0073.jpg
map-proj-v3_2/ESP_013141_2105_RED-0081.jpg,ok,,JPEG,227.0,227.0,L,1.0,1.0,normal,slope streak,train,esp_013141_2105_red-0081,[],c6abbbbfa7eab69bcecfcce9c28f7356b5045e9681a161932c91b26e7c510d5c,eed60cc39b8702aac48281367df72218f597121315bb4f21f37e47c7daafead4,a2c2485bc69d93b7,195.1613848512488,16.66210442401012,4fdf52174fff3c48,[],3.0,esp_013141_2105,['train'],1.0,Counter({'train': 1}),test,3b03e4150f5396f0,True,hirise_clean,0,C:\Users\deves\OneDrive\Desktop\Projects\TCMD-SS\data\raw\hirise_v3_2\map-proj-v3_2\ESP_013141_2105_RED-0081.jpg
map-proj-v3_2/ESP_013141_2105_RED-0085.jpg,ok,,JPEG,227.0,227.0,L,1.0,1.0,normal,other,train,esp_013141_2105_red-0085,[],84e15c64cd4e807b2f5390f9ebac9a11abc55d0b074a92c7df088bfea19d3de6,c0ca8d9512243bccb7d8da8a86c9c4bed4072b15a2892f287f34f2e86fac3b28,db2d26fb8c203ac3,58.32282792214093,51.60129535529333,3512ae903b92ecf9,[],0.0,esp_013141_2105,['train'],1.0,Counter({'train': 1}),test,3b03e4150f5396f0,True,hirise_clean,0,C:\Users\deves\OneDrive\Desktop\Projects\TCMD-SS\data\raw\hirise_v3_2\map-proj-v3_2\ESP_013141_2105_RED-0085.jpg
map-proj-v3_2/ESP_013141_2105_RED-0087.jpg,ok,,JPEG,227.0,227.0,L,1.0,1.0,normal,slope streak,train,esp_013141_2105_red-0087,[],3805ee1bcff38587d8f3a372a0fe5cd2e41a291b9b5ce59e72e5f226ef7e5cfe,e0a1cd8394c6f20f5900e0eeaea9954f9b71b1483128d320635a4aa4defd9e60,82c459b3672ea9ab,217.9645054241301,17.77432434713146,9eba667c5f4d0d3d,[],3.0,esp_013141_2105,['train'],1.0,Counter({'train': 1}),test,3b03e4150f5396f0,True,hirise_clean,0,C:\Users\deves\OneDrive\Desktop\Projects\TCMD-SS\data\raw\hirise_v3_2\map-proj-v3_2\ESP_013141_2105_RED-0087.jpg
map-proj-v3_2/ESP_013141_2105_RED-0088.jpg,ok,,JPEG,227.0,227.0,L,1.0,1.0,normal,slope streak,train,esp_013141_2105_red-0088,[],ece86348b4aca8afd80b1bd4d1dca7c1d7cdd3b923ed2756717f2dbf688050fb,1a5ba5e6d6b97c2e303179507c71cd0867d2507bcec88da524fc137178fb7b3c,a09e4d51737c3d23,184.628655708436,25.91617388045107,6ec910ccc867d24b,[],3.0,esp_013141_2105,['train'],1.0,Counter({'train': 1}),test,3b03e4150f5396f0,True,hirise_clean,0,C:\Users\deves\OneDrive\Desktop\Projects\TCMD-SS\data\raw\hirise_v3_2\map-proj-v3_2\ESP_013141_2105_RED-0088.jpg
map-proj-v3_2/ESP_013141_2105_RED-0089.jpg,ok,,JPEG,227.0,227.0,L,1.0,1.0,normal,other,train,esp_013141_2105_red-0089,[],1a432f655a802df57a9730af94057bb3fedb635a2b30dbaad8683e82afab6915,f60f790c9e190fcbb08d05b97733fe483867cbc16e412b6682eb7efbc1f10882,843591d55672db5a,166.83193929631858,14.733594996602935,c2b488ffa1fdda72,[],0.0,esp_013141_2105,['train'],1.0,Counter({'train': 1}),test,3b03e4150f5396f0,True,hirise_clean,0,C:\Users\deves\OneDrive\Desktop\Projects\TCMD-SS\data\raw\hirise_v3_2\map-proj-v3_2\ESP_013141_2105_RED-0089.jpg
map-proj-v3_2/ESP_013141_2105_RED-0093.jpg,ok,,JPEG,227.0,227.0,L,1.0,1.0,normal,slope streak,train,esp_013141_2105_red-0093,[],6198a99224f4d98555e34760a72541f062ab084e93f3375f20708134104beaea,6270868bb094783f1202ad41e5e06ab6aca08683d8b7a287a0ca2982a6e7b143,a27d1f116ec38c1b,183.0894641852161,21.59913087918793,0c99d1b551471ed1,[],3.0,esp_013141_2105,['train'],1.0,Counter({'train': 1}),test,3b03e4150f5396f0,True,hirise_clean,0,C:\Users\deves\OneDrive\Desktop\Projects\TCMD-SS\data\raw\hirise_v3_2\map-proj-v3_2\ESP_013141_2105_RED-0093.jpg
map-proj-v3_2/ESP_013141_2105_RED-0107.jpg,ok,,JPEG,227.0,227.0,L,1.0,1.0,normal,other,train,esp_013141_2105_red-0107,[],44fd3b8709c7924d902e2d0a01e334646b8d337cd3fa025a0a7ed17a9e2b60ea,4a1fb7c195c99641d91b3854326d205a9e40cafbf482afbf9d80a9a4ccc6f149,9ac36de2ab20c8ed,117.01595218226628,16.55228111754933,325ea12f030957c0,[],0.0,esp_013141_2105,['train'],1.0,Counter({'train': 1}),test,3b03e4150f5396f0,True,hirise_clean,0,C:\Users\deves\OneDrive\Desktop\Projects\TCMD-SS\data\raw\hirise_v3_2\map-proj-v3_2\ESP_013141_2105_RED-0107.jpg
map-proj-v3_2/ESP_013141_2105_RED-0119.jpg,ok,,JPEG,227.0,227.0,L,1.0,1.0,normal,other,train,esp_013141_2105_red-0119,[],c18639a499d486494b9e5b44d6b9302d224a8da9bf18c8a34f022adc17095f50,b18570a3a135dc0e0079f43b9e5ecfaa8e646505a1cff188ee9baae859ddcc5a,ec3751cd46d36432,96.70960041918144,19.512278096123683,1e4f2e1e320704c3,[],0.0,esp_013141_2105,['train'],1.0,Counter({'train': 1}),test,3b03e4150f5396f0,True,hirise_clean,0,C:\Users\deves\OneDrive\Desktop\Projects\TCMD-SS\data\raw\hirise_v3_2\map-proj-v3_2\ESP_013141_2105_RED-0119.jpg
map-proj-v3_2/ESP_013141_2105_RED-0122.jpg,ok,,JPEG,227.0,227.0,L,1.0,1.0,normal,slope streak,train,esp_013141_2105_red-0122,[],560ffb542fffa5323271036240375c76946ecddc93ffdda47798237bdc7784b0,ff2563bf9414d757c860e9630949d99f58d35b84e80f40dca6562adbf9288927,a5c7fd0e6073580e,133.0899105358148,13.494337990583384,5fc304fc9f91a188,[],3.0,esp_013141_2105,['train'],1.0,Counter({'train': 1}),test,3b03e4150f5396f0,True,hirise_clean,0,C:\Users\deves\OneDrive\Desktop\Projects\TCMD-SS\data\raw\hirise_v3_2\map-proj-v3_2\ESP_013141_2105_RED-0122.jpg
map-proj-v3_2/ESP_013141_2105_RED-0123.jpg,ok,,JPEG,227.0,227.0,L,1.0,1.0,normal,other,train,esp_013141_2105_red-0123,[],f3e448fd5bb10b380548ead306e20c5b0a1fadda420e3f393b0e5877723d0906,d829d66ffaf5506cf59c0e7e236e8fabe41935b0f18d93f7e57138deafa8b6d5,8ec76991a9694eaa,77.7643462904384,52.1426252982523,eb9febee74f43229,[],0.0,esp_013141_2105,['train'],1.0,Counter({'train': 1}),test,3b03e4150f5396f0,True,hirise_clean,0,C:\Users\deves\OneDrive\Desktop\Projects\TCMD-SS\data\raw\hirise_v3_2\map-proj-v3_2\ESP_013141_2105_RED-0123.jpg
map-proj-v3_2/ESP_013141_2105_RED-0132.jpg,ok,,JPEG,227.0,227.0,L,1.0,1.0,normal,slope streak,train,esp_013141_2105_red-0132,[],a4a5b96f27793c5a78a1579979891d49ee59c90559ef839522604cdcb63ef598,d5cbcc15405f5edf5ffb8ffca9523f23c744cb37b45fc986ae9ee26455b8027a,c9498de92d3dc945,149.53963787381863,19.26809363563365,ae88aca6294ee82a,[],3.0,esp_013141_2105,['train'],1.0,Counter({'train': 1}),test,3b03e4150f5396f0,True,hirise_clean,0,C:\Users\deves\OneDrive\Desktop\Projects\TCMD-SS\data\raw\hirise_v3_2\map-proj-v3_2\ESP_013141_2105_RED-0132.jpg
map-proj-v3_2/ESP_013141_2105_RED-0136.jpg,ok,,JPEG,227.0,227.0,L,1.0,1.0,normal,other,train,esp_013141_2105_red-0136,[],39dc80637d9434b781002787b5eaf4884dab94bcdbf62bd9869cee2e57324f37,c9a65abe502714cbebe5ece0592c84969b581bab83fd389f588ab94b5cee4114,e5b59555dc4c4750,77.45531642376137,29.13426901642831,2c7d750963cd1fff,[],0.0,esp_013141_2105,['train'],1.0,Counter({'train': 1}),test,3b03e4150f5396f0,True,hirise_clean,0,C:\Users\deves\OneDrive\Desktop\Projects\TCMD-SS\data\raw\hirise_v3_2\map-proj-v3_2\ESP_013141_2105_RED-0136.jpg
map-proj-v3_2/ESP_013141_2105_RED-0141.jpg,ok,,JPEG,227.0,227.0,L,1.0,1.0,normal,slope streak,train,esp_013141_2105_red-0141,[],c58753701857a755507aad07fc64179c400395017b72d02cc530d09847e9f309,18313260f88f8931eac514fa56fbf70837103f3260ed6eeb9e1124be4f4379b6,a68649b156f09df1,77.18971841099187,20.96848614056519,43629b9e55ccc810,[],3.0,esp_013141_2105,['train'],1.0,Counter({'train': 1}),test,3b03e4150f5396f0,True,hirise_clean,0,C:\Users\deves\OneDrive\Desktop\Projects\TCMD-SS\data\raw\hirise_v3_2\map-proj-v3_2\ESP_013141_2105_RED-0141.jpg
map-proj-v3_2/ESP_013141_2105_RED-0159.jpg,ok,,JPEG,227.0,227.0,L,1.0,1.0,normal,other,train,esp_013141_2105_red-0159,[],f33249a1d9f8f10f4033fe1ddb74add99c5d21553d373be8915feb0b386374b4,a3f6b6637a901b50a045f6fec7d3b8b96a5f0f0b65fa0f247d89c6027bd67840,8f1254545f771d52,112.8777581556017,18.40549458585649,2c1c5236dc3d9df7,[],0.0,esp_013141_2105,['train'],1.0,Counter({'train': 1}),test,3b03e4150f5396f0,True,hirise_clean,0,C:\Users\deves\OneDrive\Desktop\Projects\TCMD-SS\data\raw\hirise_v3_2\map-proj-v3_2\ESP_013141_2105_RED-0159.jpg
map-proj-v3_2/ESP_013141_2105_RED-0172.jpg,ok,,JPEG,227.0,227.0,L,1.0,1.0,normal,other,train,esp_013141_2105_red-0172,[],87b308066b570523295e9e49fd124e3be6b24ad6fa55ba851fe782b939b42355,80087f0a823e678bd706d9ae37894daf7a1a5bca5d301a9d6fcee3c014fc05d2,dac1fc3c65243633,71.65491276756778,54.58021809090863,de29bd830714932a,[],0.0,esp_013141_2105,['train'],1.0,Counter({'train': 1}),test,3b03e4150f5396f0,True,hirise_clean,0,C:\Users\deves\OneDrive\Desktop\Projects\TCMD-SS\data\raw\hirise_v3_2\map-proj-v3_2\ESP_013141_2105_RED-0172.jpg
map-proj-v3_2/ESP_013141_2105_RED-0216.jpg,ok,,JPEG,227.0,227.0,L,1.0,1.0,normal,other,train,esp_013141_2105_red-0216,[],603996252ad862a1b7bc05ada4a8a4a9e896cf2018bd0ec74dd12d60ff8de8a7,e4ad01e8f95751ff48f2d9f368c4281a730eb18a8bb62a9bd805ac861d3cf17d,bf93fb0fa2382510,106.13355586174777,16.23097181952467,9eb74b05b71d1947,[],0.0,esp_013141_2105,['train'],1.0,Counter({'train': 1}),test,3b03e4150f5396f0,True,hirise_clean,0,C:\Users\deves\OneDrive\Desktop\Projects\TCMD-SS\data\raw\hirise_v3_2\map-proj-v3_2\ESP_013141_2105_RED-0216.jpg
map-proj-v3_2/ESP_013141_2105_RED-0219.jpg,ok,,JPEG,227.0,227.0,L,1.0,1.0,normal,other,train,esp_013141_2105_red-0219,[],6ea4db7612bb7a9eded46c3e35f1561d380668695deb5855876895b5a42e70c9,f5b26743629cbd1ce4997f9aef4fc46e224eac27e0af6eef387693279b953831,f82666178032dfb3,109.530943740418,16.36941508432461,5160af3982478a0b,[],0.0,esp_013141_2105,['train'],1.0,Counter({'train': 1}),test,3b03e4150f5396f0,True,hirise_clean,0,C:\Users\deves\OneDrive\Desktop\Projects\TCMD-SS\data\raw\hirise_v3_2\map-proj-v3_2\ESP_013141_2105_RED-0219.jpg
map-proj-v3_2/ESP_013141_2105_RED-0221.jpg,ok,,JPEG,227.0,227.0,L,1.0,1.0,normal,other,train,esp_013141_2105_red-0221,[],99aee5532bebe69fe24723b19a5a3888ebb597d3c8f1e3e3196a319878200c6a,76e55d94cb421b1aa97d130896f776eb6d4914bf490685573c12e0a6d2c33615,b9c62a8ce132b1de,109.90838168798152,17.128596536337824,3db890084d0da4da,[],0.0,esp_013141_2105,['train'],1.0,Counter({'train': 1}),test,3b03e4150f5396f0,True,hirise_clean,0,C:\Users\deves\OneDrive\Desktop\Projects\TCMD-SS\data\raw\hirise_v3_2\map-proj-v3_2\ESP_013141_2105_RED-0221.jpg
map-proj-v3_2/ESP_013141_2105_RED-0237.jpg,ok,,JPEG,227.0,227.0,L,1.0,1.0,normal,other,train,esp_013141_2105_red-0237,[],73eb753fe4f5e397709a03bc760d6d2e15affb4223769e73ad1e94f82e32d01b,43bd404edc6462f8c0496c88ac6aff3c3281016dfe3889ceb045e0c68f8f8339,afd13ccf2c854887,110.76391934638748,16.44323572603801,19e5df8abcd61bff,[],0.0,esp_013141_2105,['train'],1.0,Counter({'train': 1}),test,3b03e4150f5396f0,True,hirise_clean,0,C:\Users\deves\OneDrive\Desktop\Projects\TCMD-SS\data\raw\hirise_v3_2\map-proj-v3_2\ESP_013141_2105_RED-0237.jpg
map-proj-v3_2/ESP_013141_2105_RED-0263.jpg,ok,,JPEG,227.0,227.0,L,1.0,1.0,normal,other,train,esp_013141_2105_red-0263,[],4e2c976c441765d0b4bf2a9f08499f00d0014b4569d1bbe0c878965b24cdd1a9,096196440a8da786e023e37d5168813645ed27709059b035cfa2cfa70f5d8703,d7dae9541c041ebc,113.72048749247996,16.132498535620822,3688c19bd74edd7d,[],0.0,esp_013141_2105,['train'],1.0,Counter({'train': 1}),test,3b03e4150f5396f0,True,hirise_clean,0,C:\Users\deves\OneDrive\Desktop\Projects\TCMD-SS\data\raw\hirise_v3_2\map-proj-v3_2\ESP_013141_2105_RED-0263.jpg
map-proj-v3_2/ESP_013141_2105_RED-0271.jpg,ok,,JPEG,227.0,227.0,L,1.0,1.0,normal,other,train,esp_013141_2105_red-0271,[],6eda33ef24a23ae99ebcf3e120b7ad21f8d7ad420cb74cf0ca5a780cafcb3b8c,2e29499f8efaf1744e4efe5b9b72675306c572a6a8cb6d1caf3a7b20910aeb87,aaf303d984d8ec9c,111.93576432688388,16.583503333612278,e1e967afd983c7e3,[],0.0,esp_013141_2105,['train'],1.0,Counter({'train': 1}),test,3b03e4150f5396f0,True,hirise_clean,0,C:\Users\deves\OneDrive\Desktop\Projects\TCMD-SS\data\raw\hirise_v3_2\map-proj-v3_2\ESP_013141_2105_RED-0271.jpg
map-proj-v3_2/ESP_013141_2105_RED-0277.jpg,ok,,JPEG,227.0,227.0,L,1.0,1.0,normal,other,train,esp_013141_2105_red-0277,[],255ae2d5d66e3d915f8beb589af5aa9ee337ea3944abad73d5ac88902da6f2e4,95881ff359757d0088842a6e745ca42e60c32b40d84650a7c3a800fe88a45ad2,80f8eff03a9d4391,95.67041859923538,37.80735409901704,bf4c2c8479c0a8ee,[],0.0,esp_013141_2105,['train'],1.0,Counter({'train': 1}),test,3b03e4150f5396f0,True,hirise_clean,0,C:\Users\deves\OneDrive\Desktop\Projects\TCMD-SS\data\raw\hirise_v3_2\map-proj-v3_2\ESP_013141_2105_RED-0277.jpg
map-proj-v3_2/ESP_013141_2105_RED-0290.jpg,ok,,JPEG,227.0,227.0,L,1.0,1.0,normal,other,train,esp_013141_2105_red-0290,[],61f585a383a64d7df4321df48160f8af27751de36c40c888e219b429ace68fc6,3d0e5795294741d3134a6db856764e6fadf8a078119a5ad9995896752c3c5fe6,e9ac96d351494c7c,115.08300180480894,15.7452773023078,5516c4a06d97a51a,[],0.0,esp_013141_2105,['train'],1.0,Counter({'train': 1}),test,3b03e4150f5396f0,True,hirise_clean,0,C:\Users\deves\OneDrive\Desktop\Projects\TCMD-SS\data\raw\hirise_v3_2\map-proj-v3_2\ESP_013141_2105_RED-0290.jpg
map-proj-v3_2/ESP_013141_2105_RED-0293.jpg,ok,,JPEG,227.0,227.0,L,1.0,1.0,normal,other,train,esp_013141_2105_red-0293,[],3abc1b0c03da2af8675abcaec18b871a2509137b4a4ec773bbccc4d5df130fd3,46b530b8de4595ee5a4d154229f46014b683c8c9f32dd46a060a69e4d2de71a3,fdb2fd82389d2007,113.01882435133614,16.28695651613124,fa7d57ef6d56f68f,[],0.0,esp_013141_2105,['train'],1.0,Counter({'train': 1}),test,3b03e4150f5396f0,True,hirise_clean,0,C:\Users\deves\OneDrive\Desktop\Projects\TCMD-SS\data\raw\hirise_v3_2\map-proj-v3_2\ESP_013141_2105_RED-0293.jpg
map-proj-v3_2/ESP_013141_2105_RED-0301.jpg,ok,,JPEG,227.0,227.0,L,1.0,1.0,normal,other,train,esp_013141_2105_red-0301,[],cde20e2fc366ee7c71ad9711683dbbe18ebd5b077b9b0f2dda729a0b48959e21,94578b75242e417fa6a52d521403db2a1bb9de3b17c27e855887a4bcaa45c593,f4c9f492733f80a8,117.64369578295717,16.952473857816795,0b11c98b3658a647,[],0.0,esp_013141_2105,['train'],1.0,Counter({'train': 1}),test,3b03e4150f5396f0,True,hirise_clean,0,C:\Users\deves\OneDrive\Desktop\Projects\TCMD-SS\data\raw\hirise_v3_2\map-proj-v3_2\ESP_013141_2105_RED-0301.jpg
map-proj-v3_2/ESP_013141_2105_RED-0306.jpg,ok,,JPEG,227.0,227.0,L,1.0,1.0,normal,other,train,esp_013141_2105_red-0306,[],c7e24d05e6c852a79bb78e90796b112f9adf1eab032abee5eced6d3b24ccae6a,a80c8e1f61f0ff0507145c179da408557d27fbb316ba8a4c4d404cf479c2b819,958bd745e522ea19,120.52141512546334,16.62653500328064,5bd2b35924cb8c40,[],0.0,esp_013141_2105,['train'],1.0,Counter({'train': 1}),test,3b03e4150f5396f0,True,hirise_clean,0,C:\Users\deves\OneDrive\Desktop\Projects\TCMD-SS\data\raw\hirise_v3_2\map-proj-v3_2\ESP_013141_2105_RED-0306.jpg
map-proj-v3_2/ESP_013141_2105_RED-0322.jpg,ok,,JPEG,227.0,227.0,L,1.0,1.0,normal,other,train,esp_013141_2105_red-0322,[],83078476fbe7e6d1532a4b40541015835ea3d3674764000c109b9d1fe4848767,01ef8d7fffc02ce3abedc844c2c17f631f545666bf56405998c015a76059be7f,abb51f8bc13835e0,100.30322730889402,14.376485153749265,0d156aac175adab1,[],0.0,esp_013141_2105,['train'],1.0,Counter({'train': 1}),test,3b03e4150f5396f0,True,hirise_clean,0,C:\Users\deves\OneDrive\Desktop\Projects\TCMD-SS\data\raw\hirise_v3_2\map-proj-v3_2\ESP_013141_2105_RED-0322.jpg
map-proj-v3_2/ESP_013141_2105_RED-0334.jpg,ok,,JPEG,227.0,227.0,L,1.0,1.0,normal,other,train,esp_013141_2105_red-0334,[],b43c3c1d8cae9c5f58fa4c81129704572c34bf0d4aa5c9e72980d2206efc7426,288f3451e90f36d06af10e8e6df22da178ee85c650f4407d98fda1d52465a0a7,da4990db25b29b1b,76.75155737545848,47.48772799928708,187badc991744044,[],0.0,esp_013141_2105,['train'],1.0,Counter({'train': 1}),test,3b03e4150f5396f0,True,hirise_clean,0,C:\Users\deves\OneDrive\Desktop\Projects\TCMD-SS\data\raw\hirise_v3_2\map-proj-v3_2\ESP_013141_2105_RED-0334.jpg
map-proj-v3_2/ESP_013141_2105_RED-0361.jpg,ok,,JPEG,227.0,227.0,L,1.0,1.0,normal,other,train,esp_013141_2105_red-0361,[],a1d75f35945c7745c9a307468ac5fb4f081ad76896cfa37e059ec4a99283986d,0f97dbbc68379cd867d86363b206faa8efb1ae3da58e59fe44bcf2c490f7c625,e633988ea79988a7,123.67804537250868,16.70348117342456,9e69d943b5f9da3a,[],0.0,esp_013141_2105,['train'],1.0,Counter({'train': 1}),test,3b03e4150f5396f0,True,hirise_clean,0,C:\Users\deves\OneDrive\Desktop\Projects\TCMD-SS\data\raw\hirise_v3_2\map-proj-v3_2\ESP_013141_2105_RED-0361.jpg
map-proj-v3_2/ESP_013141_2105_RED-0365.jpg,ok,,JPEG,227.0,227.0,L,1.0,1.0,normal,other,train,esp_013141_2105_red-0365,[],f80553ee9b5480fbe693eaaf8962a60ed1e77cacca912196cca87b1f6a6ac804,300c6cc057f4f6ecacb0327b25b17f0fff1b178d9d68b68780866fd9d19d84d0,c39d86f3a8dc30d4,117.59760523200528,15.784310850552554,1db576d5d16b96a2,[],0.0,esp_013141_2105,['train'],1.0,Counter({'train': 1}),test,3b03e4150f5396f0,True,hirise_clean,0,C:\Users\deves\OneDrive\Desktop\Projects\TCMD-SS\data\raw\hirise_v3_2\map-proj-v3_2\ESP_013141_2105_RED-0365.jpg
map-proj-v3_2/ESP_013141_2105_RED-0400.jpg,ok,,JPEG,227.0,227.0,L,1.0,1.0,normal,other,train,esp_013141_2105_red-0400,[],4c696ed496e53d4320967ce11e59a28b368daa9d28d5132779d928853045f930,485b0479900430c30009f1d042331bfcb653e501dd058daf447ac650dd06b060,caa966339a6da4b2,125.15534941489258,15.455443115080184,e79f30602e9efb5d,[],0.0,esp_013141_2105,['train'],1.0,Counter({'train': 1}),test,3b03e4150f5396f0,True,hirise_clean,0,C:\Users\deves\OneDrive\Desktop\Projects\TCMD-SS\data\raw\hirise_v3_2\map-proj-v3_2\ESP_013141_2105_RED-0400.jpg
map-proj-v3_2/ESP_013141_2105_RED-0418.jpg,ok,,JPEG,227.0,227.0,L,1.0,1.0,normal,other,train,esp_013141_2105_red-0418,[],2bf855d8094afb8897b78b0843b6d750d44a9a05955463666e7221da227bd36d,9b52df2455f17caedcd3b3fa45c7efb366b4162cef5286bd98f661705d9aeaec,ae3e2f122a346a57,116.01480719594792,15.853557365612984,29eec13d9fa75a9d,[],0.0,esp_013141_2105,['train'],1.0,Counter({'train': 1}),test,3b03e4150f5396f0,True,hirise_clean,0,C:\Users\deves\OneDrive\Desktop\Projects\TCMD-SS\data\raw\hirise_v3_2\map-proj-v3_2\ESP_013141_2105_RED-0418.jpg
map-proj-v3_2/ESP_013141_2105_RED-0432.jpg,ok,,JPEG,227.0,227.0,L,1.0,1.0,normal,other,train,esp_013141_2105_red-0432,[],ae7a7387db5c1cb6e406ae088474c949c8c1d423d0c6064c0637c4efb596441d,19c04be35a4d4e5b781f58fd472d9ea7786f5fc8822ebd4735217eeb64d49a2c,ba357c39937ca212,118.8850744241107,15.276304267676345,669622261861b5ec,[],0.0,esp_013141_2105,['train'],1.0,Counter({'train': 1}),test,3b03e4150f5396f0,True,hirise_clean,0,C:\Users\deves\OneDrive\Desktop\Projects\TCMD-SS\data\raw\hirise_v3_2\map-proj-v3_2\ESP_013141_2105_RED-0432.jpg
map-proj-v3_2/ESP_013141_2105_RED-0435.jpg,ok,,JPEG,227.0,227.0,L,1.0,1.0,normal,other,train,esp_013141_2105_red-0435,[],27b1394591e1eccf76f6e8a0a942d89f88483613d045d476ae5179b2f7d032ca,3f22dd6f45ec2639b8c0f94ef2e838672986138bdc527a3b3ea91b8e21d86c79,824ada5bb96e19e4,116.88163946515554,16.140102942568838,49712ecc7b603bb8,[],0.0,esp_013141_2105,['train'],1.0,Counter({'train': 1}),test,3b03e4150f5396f0,True,hirise_clean,0,C:\Users\deves\OneDrive\Desktop\Projects\TCMD-SS\data\raw\hirise_v3_2\map-proj-v3_2\ESP_013141_2105_RED-0435.jpg
map-proj-v3_2/ESP_013141_2105_RED-0437.jpg,ok,,JPEG,227.0,227.0,L,1.0,1.0,normal,other,train,esp_013141_2105_red-0437,[],e6c06b38003258d48ad17b23a128755da7ccae5df00d0617e88a6a777b656ae2,a328cbbe8135b9047123bae75d2d72cae3591a9b7c4aa1d7570070fe7fb83c7d,9108d43db597663b,100.45516117137922,17.43324523301029,5eaa913978ce0f01,[],0.0,esp_013141_2105,['train'],1.0,Counter({'train': 1}),test,3b03e4150f5396f0,True,hirise_clean,0,C:\Users\deves\OneDrive\Desktop\Projects\TCMD-SS\data\raw\hirise_v3_2\map-proj-v3_2\ESP_013141_2105_RED-0437.jpg
map-proj-v3_2/ESP_013141_2105_RED-0449.jpg,ok,,JPEG,227.0,227.0,L,1.0,1.0,normal,other,train,esp_013141_2105_red-0449,[],ccdddc6005fdb9db8e0f75b53a1a9efc267b6f9e535b30fd38bcaeeb6506376f,f46a6428f05785a23b5fa4b195adf414173303357fbf0028617e6cfe8cf14fef,82c3791d5eae2b0e,93.47600380368335,16.16274679960191,c1a84e4ba2e56424,[],0.0,esp_013141_2105,['train'],1.0,Counter({'train': 1}),test,3b03e4150f5396f0,True,hirise_clean,0,C:\Users\deves\OneDrive\Desktop\Projects\TCMD-SS\data\raw\hirise_v3_2\map-proj-v3_2\ESP_013141_2105_RED-0449.jpg
map-proj-v3_2/ESP_013141_2105_RED-0453.jpg,ok,,JPEG,227.0,227.0,L,1.0,1.0,normal,other,train,esp_013141_2105_red-0453,[],3381b5c96f0080e02ab7c47ee081428f8d08c404c1fd8e24951d8de04f6c204a,35770bd072c8a9f46154b5ec19866fa37174d0dce20d99d6241753096773e4fe,ba3aad37482cee81,116.94296415610629,15.650168562726046,762119ee962bce42,[],0.0,esp_013141_2105,['train'],1.0,Counter({'train': 1}),test,3b03e4150f5396f0,True,hirise_clean,0,C:\Users\deves\OneDrive\Desktop\Projects\TCMD-SS\data\raw\hirise_v3_2\map-proj-v3_2\ESP_013141_2105_RED-0453.jpg
map-proj-v3_2/ESP_013141_2105_RED-0466.jpg,ok,,JPEG,227.0,227.0,L,1.0,1.0,normal,other,train,esp_013141_2105_red-0466,[],0ab5672dee266ef2c52b86f3a4bbb606570d2eb1d96e061192e3a6137c41ab1c,e6280fcf6f836330c630d8e9e3151b0485e91d6b1eec01f02565a4d59c72923a,9bca4fa6c88d72d0,110.79621184187543,15.884003234217143,7b86ef492737829f,[],0.0,esp_013141_2105,['train'],1.0,Counter({'train': 1}),test,3b03e4150f5396f0,True,hirise_clean,0,C:\Users\deves\OneDrive\Desktop\Projects\TCMD-SS\data\raw\hirise_v3_2\map-proj-v3_2\ESP_013141_2105_RED-0466.jpg
map-proj-v3_2/ESP_013141_2105_RED-0477.jpg,ok,,JPEG,227.0,227.0,L,1.0,1.0,normal,other,train,esp_013141_2105_red-0477,[],9069e0e6c1e4dca02c6f8e5f30ddace3a9298f90f3406e8ea4c0d5c39a8f3b67,1d62ad20fce5c35064bf277f2c572dfaf9ddeed875595ebff2a83eb85e5be793,98aee6f3892730d8,122.55487201381746,16.01622601632094,b5454e417b6b708f,[],0.0,esp_013141_2105,['train'],1.0,Counter({'train': 1}),test,3b03e4150f5396f0,True,hirise_clean,0,C:\Users\deves\OneDrive\Desktop\Projects\TCMD-SS\data\raw\hirise_v3_2\map-proj-v3_2\ESP_013141_2105_RED-0477.jpg
map-proj-v3_2/ESP_013141_2105_RED-0490.jpg,ok,,JPEG,227.0,227.0,L,1.0,1.0,normal,other,train,esp_013141_2105_red-0490,[],f5939bc07e41fa19d8e217277bf62f027a19e620c77bf32cc54517beb4dd9844,3e8253da9f241c86d3ccd97c7c592ba2a0764d10965b190c7399b1cf32362755,88237c7cd3fb850c,73.21219119330863,46.90709055273605,d033c5ed9b029bcd,[],0.0,esp_013141_2105,['train'],1.0,Counter({'train': 1}),test,3b03e4150f5396f0,True,hirise_clean,0,C:\Users\deves\OneDrive\Desktop\Projects\TCMD-SS\data\raw\hirise_v3_2\map-proj-v3_2\ESP_013141_2105_RED-0490.jpg
map-proj-v3_2/ESP_013141_2105_RED-0494.jpg,ok,,JPEG,227.0,227.0,L,1.0,1.0,normal,other,train,esp_013141_2105_red-0494,[],727e6a865e638f25c49cbd4925edcf93fd2839e22b6084bbd34e8fb5b6bc0a31,d9a69ead39443d9f9a4083485e5c0240f12a5a913f8e4ae0f32baf5fd26c9994,e920165deff2910d,98.90048322303946,65.6237205470783,98ff2bad36121efa,[],0.0,esp_013141_2105,['train'],1.0,Counter({'train': 1}),test,3b03e4150f5396f0,True,hirise_clean,0,C:\Users\deves\OneDrive\Desktop\Projects\TCMD-SS\data\raw\hirise_v3_2\map-proj-v3_2\ESP_013141_2105_RED-0494.jpg
map-proj-v3_2/ESP_013788_1910_RED-0032.jpg,ok,,JPEG,227.0,227.0,L,1.0,1.0,normal,other,test,esp_013788_1910_red-0032,[],dcf884631da7ab60a02b50d978c236740db176cd539d5fa59ea2d4dee3179170,d69c6e5ec3b8912b9656b5719592fbb92c5f900f98cc45979562cb8b4fae812a,e4d699cc6632a96c,150.87150924722002,17.360343269106068,4da2e17f9c989d28,[],0.0,esp_013788_1910,['test'],1.0,Counter({'test': 1}),test,79792305826d0cfe,True,hirise_clean,0,C:\Users\deves\OneDrive\Desktop\Projects\TCMD-SS\data\raw\hirise_v3_2\map-proj-v3_2\ESP_013788_1910_RED-0032.jpg
map-proj-v3_2/ESP_013788_1910_RED-0042.jpg,ok,,JPEG,227.0,227.0,L,1.0,1.0,normal,other,test,esp_013788_1910_red-0042,[],4007e963de6bae2b4fa0d2925eb62fe91a770e48bc47c7b33a1fedbe753a14f4,f4f1af4727803158703565a2ad4220a068b2edfd167c7ca697824c9b1c3d4dad,a31308ea39bbba1d,151.86952977934754,16.724679813891367,803b4f4ba16f9e1b,[],0.0,esp_013788_1910,['test'],1.0,Counter({'test': 1}),test,79792305826d0cfe,True,hirise_clean,0,C:\Users\deves\OneDrive\Desktop\Projects\TCMD-SS\data\raw\hirise_v3_2\map-proj-v3_2\ESP_013788_1910_RED-0042.jpg
map-proj-v3_2/ESP_013788_1910_RED-0045.jpg,ok,,JPEG,227.0,227.0,L,1.0,1.0,normal,other,test,esp_013788_1910_red-0045,[],ad6fa7a41131c7b73194b1211cdf86b1b4b963d68b1c6959f4810882b55e9ed1,7690300d65ad239f0879acb9c06e8bf578557296de6e042b89ca79171cc39ae7,9cc7cce633c99530,82.46525257621921,69.40707570210589,5644f7d55d690b0c,[],0.0,esp_013788_1910,['test'],1.0,Counter({'test': 1}),test,79792305826d0cfe,True,hirise_clean,0,C:\Users\deves\OneDrive\Desktop\Projects\TCMD-SS\data\raw\hirise_v3_2\map-proj-v3_2\ESP_013788_1910_RED-0045.jpg
map-proj-v3_2/ESP_013788_1910_RED-0051.jpg,ok,,JPEG,227.0,227.0,L,1.0,1.0,normal,other,test,esp_013788_1910_red-0051,[],ba5a17a0d4ef93bc1df6cd4771b274610cc7e979f5a221836dd26ca3d8a84704,3669192ba36bbf64e85b1adb3293ac35390101ef3e565b22894990f8be53457e,bc2e81d44ea3f15c,150.19457004793418,20.568545291762117,d92f36ae25adb8dc,[],0.0,esp_013788_1910,['test'],1.0,Counter({'test': 1}),test,79792305826d0cfe,True,hirise_clean,0,C:\Users\deves\OneDrive\Desktop\Projects\TCMD-SS\data\raw\hirise_v3_2\map-proj-v3_2\ESP_013788_1910_RED-0051.jpg
map-proj-v3_2/ESP_013788_1910_RED-0056.jpg,ok,,JPEG,227.0,227.0,L,1.0,1.0,normal,other,test,esp_013788_1910_red-0056,[],8dc1d854dbece19763ba1770cefb63cf5f6f479ef85a867ae943ea8227285779,511bd7ed6acceed357c459b92127c90f2f2fe9279a551693b7c1ada856d1a143,f25d91d9e79208c6,149.16963263405074,20.34140014698972,818e342f6b64e78c,[],0.0,esp_013788_1910,['test'],1.0,Counter({'test': 1}),test,79792305826d0cfe,True,hirise_clean,0,C:\Users\deves\OneDrive\Desktop\Projects\TCMD-SS\data\raw\hirise_v3_2\map-proj-v3_2\ESP_013788_1910_RED-0056.jpg
map-proj-v3_2/ESP_013788_1910_RED-0068.jpg,ok,,JPEG,227.0,227.0,L,1.0,1.0,normal,other,test,esp_013788_1910_red-0068,[],b0a56821c5502fb497543bdfce5ecc074180c1886c001ddd00480b6796da3fce,461612ec5943780c01d62c849046b2bd0b1401204f5ec27fcf15ee5d89d4a8a3,a4c1d88c44f2bfe5,154.66838091171962,18.415393844374616,4e2c0773b0342bae,[],0.0,esp_013788_1910,['test'],1.0,Counter({'test': 1}),test,79792305826d0cfe,True,hirise_clean,0,C:\Users\deves\OneDrive\Desktop\Projects\TCMD-SS\data\raw\hirise_v3_2\map-proj-v3_2\ESP_013788_1910_RED-0068.jpg
map-proj-v3_2/ESP_013788_1910_RED-0070.jpg,ok,,JPEG,227.0,227.0,L,1.0,1.0,normal,other,test,esp_013788_1910_red-0070,[],6cc7d0e35bb12f09451485ec1de7f1518611cc398e4f303623802e9abf3c07ec,b47e9f96371ea3e81cb3c748bcaa0e7b39a9d9696c063ceb207aeda1fd70113d,8762faa9a691d06e,154.91680412971337,19.40085922053209,3a6bea6e0fea65a6,[],0.0,esp_013788_1910,['test'],1.0,Counter({'test': 1}),test,79792305826d0cfe,True,hirise_clean,0,C:\Users\deves\OneDrive\Desktop\Projects\TCMD-SS\data\raw\hirise_v3_2\map-proj-v3_2\ESP_013788_1910_RED-0070.jpg
map-proj-v3_2/ESP_013788_1910_RED-0074.jpg,ok,,JPEG,227.0,227.0,L,1.0,1.0,normal,other,test,esp_013788_1910_red-0074,[],a7b3d827cc690fffe2496e772a6c21b71e94497e3f8552dfe84f121a32c71048,665fdc869a9e2a6a626196cf3844d8c7822f6d707238ec8c410b9ca3f4c0d75f,9e42f88f603783d9,153.7967358186652,19.19685145952493,f12133c1c3b4e1d6,[],0.0,esp_013788_1910,['test'],1.0,Counter({'test': 1}),test,79792305826d0cfe,True,hirise_clean,0,C:\Users\deves\OneDrive\Desktop\Projects\TCMD-SS\data\raw\hirise_v3_2\map-proj-v3_2\ESP_013788_1910_RED-0074.jpg
map-proj-v3_2/ESP_013788_1910_RED-0076.jpg,ok,,JPEG,227.0,227.0,L,1.0,1.0,normal,other,test,esp_013788_1910_red-0076,[],db98f1fc25c2f9d69870ecad9d613b05974e608ef51864c667507a36acf0f1e8,2001e3dad9c9bd9e70619386e6f2d240ad8874e85f5b797edbd6431b106e803c,84db98c9771b89cc,151.2305497874983,19.613425737082917,7dbcdaa7b66fedab,[],0.0,esp_013788_1910,['test'],1.0,Counter({'test': 1}),test,79792305826d0cfe,True,hirise_clean,0,C:\Users\deves\OneDrive\Desktop\Projects\TCMD-SS\data\raw\hirise_v3_2\map-proj-v3_2\ESP_013788_1910_RED-0076.jpg
map-proj-v3_2/ESP_013788_1910_RED-0087.jpg,ok,,JPEG,227.0,227.0,L,1.0,1.0,normal,other,test,esp_013788_1910_red-0087,[],c0001bc45141686f837f66cf93bc97e0fe24cd5a6b58605a191a9ca9f9864446,65c494423190651dd75be70bf481de04de0245b0103e41e9abe7dca12c6a844a,b99acbc64934d8d4,151.4951968794271,18.65717407869165,1ac2449412954ed0,[],0.0,esp_013788_1910,['test'],1.0,Counter({'test': 1}),test,79792305826d0cfe,True,hirise_clean,0,C:\Users\deves\OneDrive\Desktop\Projects\TCMD-SS\data\raw\hirise_v3_2\map-proj-v3_2\ESP_013788_1910_RED-0087.jpg
map-proj-v3_2/ESP_013788_1910_RED-0094.jpg,ok,,JPEG,227.0,227.0,L,1.0,1.0,normal,other,test,esp_013788_1910_red-0094,[],55b1f1995baad2c43dbfbf1c03b9772112879db9134c657db8dbc682ea6a0a67,03d10cd555b9156e589696f06081412dce2abd4d5e64ff7039b4c54d1b68f641,a2ba9fb84e26b10d,151.0105183488909,18.918797655107877,f3f611030e5bf618,[],0.0,esp_013788_1910,['test'],1.0,Counter({'test': 1}),test,79792305826d0cfe,True,hirise_clean,0,C:\Users\deves\OneDrive\Desktop\Projects\TCMD-SS\data\raw\hirise_v3_2\map-proj-v3_2\ESP_013788_1910_RED-0094.jpg
map-proj-v3_2/ESP_013788_1910_RED-0100.jpg,ok,,JPEG,227.0,227.0,L,1.0,1.0,normal,other,test,esp_013788_1910_red-0100,[],40bcd803ac9d0b8cb038c2cbb86a328bdbd151213f98194aa87ea67d4b9bc531,79dc4a1e5f5ae5813703a69413dc73b60d130c960a74ab2a1f9c32e9f0b755e1,a6f2998c6653d98c,150.68142211182052,18.669731496104934,d57843feb3ddf207,[],0.0,esp_013788_1910,['test'],1.0,Counter({'test': 1}),test,79792305826d0cfe,True,hirise_clean,0,C:\Users\deves\OneDrive\Desktop\Projects\TCMD-SS\data\raw\hirise_v3_2\map-proj-v3_2\ESP_013788_1910_RED-0100.jpg
map-proj-v3_2/ESP_013788_1910_RED-0111.jpg,ok,,JPEG,227.0,227.0,L,1.0,1.0,normal,other,test,esp_013788_1910_red-0111,[],3f5133fb85486521d64ff7afb0fb8bac4e9e44f93199dde50347c3a33d1b1d52,acd8834be2e9200cb117516d34d1d755e85bff9056db864d3f29d15582dc7586,f3388c496622b97d,148.7612412427953,19.148863871781167,91d3d4130061066e,[],0.0,esp_013788_1910,['test'],1.0,Counter({'test': 1}),test,79792305826d0cfe,True,hirise_clean,0,C:\Users\deves\OneDrive\Desktop\Projects\TCMD-SS\data\raw\hirise_v3_2\map-proj-v3_2\ESP_013788_1910_RED-0111.jpg
map-proj-v3_2/ESP_013788_1910_RED-0117.jpg,ok,,JPEG,227.0,227.0,L,1.0,1.0,normal,other,test,esp_013788_1910_red-0117,[],6979983ababf5ad34eb7bb13c9c7c51e2339ecac23009859dd19271549ca887e,4bcab2c482be8622d574c4dc7948fed0cb61fe60c69fa5c3249bb52a314402f0,f25a996da5b21a4c,149.38244483688797,19.032725554645477,1b7cdf74fd90ad89,[],0.0,esp_013788_1910,['test'],1.0,Counter({'test': 1}),test,79792305826d0cfe,True,hirise_clean,0,C:\Users\deves\OneDrive\Desktop\Projects\TCMD-SS\data\raw\hirise_v3_2\map-proj-v3_2\ESP_013788_1910_RED-0117.jpg
map-proj-v3_2/ESP_013788_1910_RED-0125.jpg,ok,,JPEG,227.0,227.0,L,1.0,1.0,normal,other,test,esp_013788_1910_red-0125,[],775681d5b60dcb901775c4820266525799dca1421c4928bf3b9122b59c3548d7,14030a6a343bcad44915d79aa084ba612e3baed9ac16e2408df42c50e681637a,e403c9f43693547e,150.6284810495061,17.356479144733612,60d857413eafc1c1,[],0.0,esp_013788_1910,['test'],1.0,Counter({'test': 1}),test,79792305826d0cfe,True,hirise_clean,0,C:\Users\deves\OneDrive\Desktop\Projects\TCMD-SS\data\raw\hirise_v3_2\map-proj-v3_2\ESP_013788_1910_RED-0125.jpg
map-proj-v3_2/ESP_013788_1910_RED-0135.jpg,ok,,JPEG,227.0,227.0,L,1.0,1.0,normal,other,test,esp_013788_1910_red-0135,[],c3084421134baf79d05808c7cbfe403acdedc69800868e987bb61acbff95f236,c6d034878c175147db27a319d94f8d2fa13ede9c1de1485b6282639c1a669e20,e49b99ad919f2612,151.59473306293543,15.860940787188063,bee9beec167e31b4,[],0.0,esp_013788_1910,['test'],1.0,Counter({'test': 1}),test,79792305826d0cfe,True,hirise_clean,0,C:\Users\deves\OneDrive\Desktop\Projects\TCMD-SS\data\raw\hirise_v3_2\map-proj-v3_2\ESP_013788_1910_RED-0135.jpg
map-proj-v3_2/ESP_013788_1910_RED-0141.jpg,ok,,JPEG,227.0,227.0,L,1.0,1.0,normal,other,test,esp_013788_1910_red-0141,[],6733e8b8a2ec503198ba0b54fb1d8405e531ef98f3ab5cbe74ee678182739bd9,15ab1f705f7a9c6bcb6e21c14c8377fe2413e31d513cfd1a7c6cf83a5bdcaff4,afb1902e6693dd24,151.0764035785674,17.261133030131226,20f1f8da97206038,[],0.0,esp_013788_1910,['test'],1.0,Counter({'test': 1}),test,79792305826d0cfe,True,hirise_clean,0,C:\Users\deves\OneDrive\Desktop\Projects\TCMD-SS\data\raw\hirise_v3_2\map-proj-v3_2\ESP_013788_1910_RED-0141.jpg
map-proj-v3_2/ESP_013788_1910_RED-0148.jpg,ok,,JPEG,227.0,227.0,L,1.0,1.0,normal,other,test,esp_013788_1910_red-0148,[],973e664dc8c24d6e6b0b58190d820d9ec840c24696d641b369e02150e3474d97,001017b2b3b103bb2e254edc0c489d11e2b20eacae44da88dd29af5d41db6c69,e63f99cc673309c0,153.01201265306915,15.930077986640196,a6eb5cd92f8175c2,[],0.0,esp_013788_1910,['test'],1.0,Counter({'test': 1}),test,79792305826d0cfe,True,hirise_clean,0,C:\Users\deves\OneDrive\Desktop\Projects\TCMD-SS\data\raw\hirise_v3_2\map-proj-v3_2\ESP_013788_1910_RED-0148.jpg
map-proj-v3_2/ESP_013788_1910_RED-0149.jpg,ok,,JPEG,227.0,227.0,L,1.0,1.0,normal,other,test,esp_013788_1910_red-0149,[],dd5238fdbace5f9a1da28eb3316f72e0d76382a166b5f3fdc501a51bd3f92d45,4ac37597f08559631d4e0a39ee30a46928eb3e37d19f68c7e6c3bdef07431c62,c3a99de43c067339,149.9979040928409,19.371718517112427,f72c3e4abb7e048e,[],0.0,esp_013788_1910,['test'],1.0,Counter({'test': 1}),test,79792305826d0cfe,True,hirise_clean,0,C:\Users\deves\OneDrive\Desktop\Projects\TCMD-SS\data\raw\hirise_v3_2\map-proj-v3_2\ESP_013788_1910_RED-0149.jpg
map-proj-v3_2/ESP_013788_1910_RED-0151.jpg,ok,,JPEG,227.0,227.0,L,1.0,1.0,normal,other,test,esp_013788_1910_red-0151,[],890744d1b04140a37e26a427aa8a186d08e611785fb62928b81c5086fe7f975e,c5a215a39fa61f846059f8b929c8ccddf8a80f6313c074ab4e3e7085ffe70ba4,e4621bd96672594d,151.93353257389043,17.519972411812486,b7b416c43705baa2,[],0.0,esp_013788_1910,['test'],1.0,Counter({'test': 1}),test,79792305826d0cfe,True,hirise_clean,0,C:\Users\deves\OneDrive\Desktop\Projects\TCMD-SS\data\raw\hirise_v3_2\map-proj-v3_2\ESP_013788_1910_RED-0151.jpg
map-proj-v3_2/ESP_013788_1910_RED-0167.jpg,ok,,JPEG,227.0,227.0,L,1.0,1.0,normal,other,test,esp_013788_1910_red-0167,[],b610d451ca93dabfd0667aeaed3343277dd175d6353c90010064e13cf369f6ca,99112b78a5f3a9eb14f494ce89b215dcdd393e213d482e7eb174a59824afa460,fe0b8384c7e17c23,149.96252595625765,19.17057252486122,b284a9dde0c9abb9,[],0.0,esp_013788_1910,['test'],1.0,Counter({'test': 1}),test,79792305826d0cfe,True,hirise_clean,0,C:\Users\deves\OneDrive\Desktop\Projects\TCMD-SS\data\raw\hirise_v3_2\map-proj-v3_2\ESP_013788_1910_RED-0167.jpg
map-proj-v3_2/ESP_013788_1910_RED-0169.jpg,ok,,JPEG,227.0,227.0,L,1.0,1.0,normal,other,test,esp_013788_1910_red-0169,[],c029f8c7ce020de3e73d2af0478b81fdee9c3f94434f2972004887c8456e1f3a,b878f6c605eafd3d998942ced08d1862379153a147080da31c32fa8b3cd23a6e,f23898cc762b95d2,151.23454753633877,19.515435038663934,702328dd60acfd50,[],0.0,esp_013788_1910,['test'],1.0,Counter({'test': 1}),test,79792305826d0cfe,True,hirise_clean,0,C:\Users\deves\OneDrive\Desktop\Projects\TCMD-SS\data\raw\hirise_v3_2\map-proj-v3_2\ESP_013788_1910_RED-0169.jpg
map-proj-v3_2/ESP_013788_1910_RED-0174.jpg,ok,,JPEG,227.0,227.0,L,1.0,1.0,normal,other,test,esp_013788_1910_red-0174,[],3003039a8207bf6cc809d5f5b86ed4b7de2b9f094003550852ab29dba1d17e41,cd20d82f8f5b2c899c27144c665c19a1148706dca5e3d1dcde43fa8351031361,b0f29ba43e323533,150.85260726969278,17.192214289732416,a3d5b3d277e9884e,[],0.0,esp_013788_1910,['test'],1.0,Counter({'test': 1}),test,79792305826d0cfe,True,hirise_clean,0,C:\Users\deves\OneDrive\Desktop\Projects\TCMD-SS\data\raw\hirise_v3_2\map-proj-v3_2\ESP_013788_1910_RED-0174.jpg
map-proj-v3_2/ESP_013788_1910_RED-0185.jpg,ok,,JPEG,227.0,227.0,L,1.0,1.0,normal,other,test,esp_013788_1910_red-0185,[],d37a61857cf4b1807734994abd3fa35dd433c998932d7ff8d952f33846bb3b52,fab676a3a1b4d9a7f37a9e754aa05d3aee9b82d032ca938cfc0b73addc898a92,a3638c77719c2437,149.5488753905568,18.333870911286628,2f68b2ccfd23b70b,[],0.0,esp_013788_1910,['test'],1.0,Counter({'test': 1}),test,79792305826d0cfe,True,hirise_clean,0,C:\Users\deves\OneDrive\Desktop\Projects\TCMD-SS\data\raw\hirise_v3_2\map-proj-v3_2\ESP_013788_1910_RED-0185.jpg
map-proj-v3_2/ESP_013788_1910_RED-0195.jpg,ok,,JPEG,227.0,227.0,L,1.0,1.0,normal,other,test,esp_013788_1910_red-0195,[],6ec99aa90379d4ceb7542c706cdcee9b1a6de37418add650b23c557a9ee2a70e,2eb0e06589011e94c27d374de0e0674fd86dd0382307a4556c9c8164ae06b265,d64a896ca349cb6d,122.6444914514157,60.95106369184345,02c537ebc783e4fd,[],0.0,esp_013788_1910,['test'],1.0,Counter({'test': 1}),test,79792305826d0cfe,True,hirise_clean,0,C:\Users\deves\OneDrive\Desktop\Projects\TCMD-SS\data\raw\hirise_v3_2\map-proj-v3_2\ESP_013788_1910_RED-0195.jpg
map-proj-v3_2/ESP_013788_1910_RED-0199.jpg,ok,,JPEG,227.0,227.0,L,1.0,1.0,normal,other,test,esp_013788_1910_red-0199,[],f62c89b57706789e8e7b6eb778a5f6b67e40fc5608496783af89f09e4fdeb271,9320931262cbb131265e5182be6ef3f7edcfa61cf309be6a143440ed237cb29b,f39d8dd46230d8d2,151.31135865240933,18.75507425463145,c73a9f1e0be8ad8d,[],0.0,esp_013788_1910,['test'],1.0,Counter({'test': 1}),test,79792305826d0cfe,True,hirise_clean,0,C:\Users\deves\OneDrive\Desktop\Projects\TCMD-SS\data\raw\hirise_v3_2\map-proj-v3_2\ESP_013788_1910_RED-0199.jpg
map-proj-v3_2/ESP_013788_1910_RED-0201.jpg,ok,,JPEG,227.0,227.0,L,1.0,1.0,normal,other,test,esp_013788_1910_red-0201,[],08c0dd3a4d015c3176770c6e8f2c77fefce2afda3f93f1e0c53815c83c9a747d,8e80244e14c274defb21ebf37c10e72bba7cc1c581281908e26e330015622e36,c0e454b791fa9c8e,151.2479380542995,18.68352537051012,8d91246f7c25a69d,[],0.0,esp_013788_1910,['test'],1.0,Counter({'test': 1}),test,79792305826d0cfe,True,hirise_clean,0,C:\Users\deves\OneDrive\Desktop\Projects\TCMD-SS\data\raw\hirise_v3_2\map-proj-v3_2\ESP_013788_1910_RED-0201.jpg
map-proj-v3_2/ESP_013788_1910_RED-0203.jpg,ok,,JPEG,227.0,227.0,L,1.0,1.0,normal,other,test,esp_013788_1910_red-0203,[],14c50890f767efa16ab4af0e13e000e6aba4bd374476ad44a3c36d74fe802509,1d6a28a79994212be73fba03df01555ccbe428d19d5e6ab719dc5f7aed9861cc,e23ed27944639999,150.72617361097633,16.68335640173519,44943f61ce82d5ca,[],0.0,esp_013788_1910,['test'],1.0,Counter({'test': 1}),test,79792305826d0cfe,True,hirise_clean,0,C:\Users\deves\OneDrive\Desktop\Projects\TCMD-SS\data\raw\hirise_v3_2\map-proj-v3_2\ESP_013788_1910_RED-0203.jpg
map-proj-v3_2/ESP_013788_1910_RED-0217.jpg,ok,,JPEG,227.0,227.0,L,1.0,1.0,normal,other,test,esp_013788_1910_red-0217,[],6b1e33606170988eadb19e5a7861a6bfee2081927d05fe73baf11497422cc551,7d184da4bdfa0661a66d2c8f181c0ed8bd99f9ae685674c59bafc2bb18dd3ef1,f229d2ac6e33394c,151.61136447437366,18.680446851903984,9b278ab4d92b0c9f,[],0.0,esp_013788_1910,['test'],1.0,Counter({'test': 1}),test,79792305826d0cfe,True,hirise_clean,0,C:\Users\deves\OneDrive\Desktop\Projects\TCMD-SS\data\raw\hirise_v3_2\map-proj-v3_2\ESP_013788_1910_RED-0217.jpg
map-proj-v3_2/ESP_013788_1910_RED-0221.jpg,ok,,JPEG,227.0,227.0,L,1.0,1.0,normal,other,test,esp_013788_1910_red-0221,[],cc2277396cc06e1a627fcd1a9a63bce0c2cf04b51278d58b96582855a6f4814d,2421afb5cb124b3bf62fe8aa2ceb8926acfba6fa5ffd1bec915239b6de2597f0,c473998c467399ec,153.93112616196706,16.587574765694928,c0b7a8cb54845a72,[],0.0,esp_013788_1910,['test'],1.0,Counter({'test': 1}),test,79792305826d0cfe,True,hirise_clean,0,C:\Users\deves\OneDrive\Desktop\Projects\TCMD-SS\data\raw\hirise_v3_2\map-proj-v3_2\ESP_013788_1910_RED-0221.jpg
map-proj-v3_2/ESP_013788_1910_RED-0231.jpg,ok,,JPEG,227.0,227.0,L,1.0,1.0,normal,slope streak,test,esp_013788_1910_red-0231,[],94ae7b4b416ce2913bc383f2ab528096265c58fad5825382b579458731c81be8,aee6601b918ae23b580362c6a92422ae1fc3d9711def0b6c856624831bae6242,ec669399cc663293,150.44561314987678,36.88254947688899,0304b8513e67b9d5,[],3.0,esp_013788_1910,['test'],1.0,Counter({'test': 1}),test,79792305826d0cfe,True,hirise_clean,0,C:\Users\deves\OneDrive\Desktop\Projects\TCMD-SS\data\raw\hirise_v3_2\map-proj-v3_2\ESP_013788_1910_RED-0231.jpg
map-proj-v3_2/ESP_013788_1910_RED-0237.jpg,ok,,JPEG,227.0,227.0,L,1.0,1.0,normal,other,test,esp_013788_1910_red-0237,[],327c63ab9dfb4dc866165256bd9a2ca361901c4de571d5aac8392892bc8e90e8,ca5fff57991e7d84bd37bf238452f1443291c3e299f631135932c70b5135882e,8aa01ec3fe2bb94c,150.96541753187526,20.00157981206476,e1a90309754f52a1,[],0.0,esp_013788_1910,['test'],1.0,Counter({'test': 1}),test,79792305826d0cfe,True,hirise_clean,0,C:\Users\deves\OneDrive\Desktop\Projects\TCMD-SS\data\raw\hirise_v3_2\map-proj-v3_2\ESP_013788_1910_RED-0237.jpg
map-proj-v3_2/ESP_013788_1910_RED-0241.jpg,ok,,JPEG,227.0,227.0,L,1.0,1.0,normal,other,test,esp_013788_1910_red-0241,[],b0610caaee399dfdc21e94c4f92c83cd753b04504b54bfb51544a0a7561b2728,cd66c8c1e4843d40fc365eaf7f52975e78cb71392ab8e8b952e4e7772f55163d,bcac9c462155aad7,150.77478701313822,21.367721140761667,96bb8f90c72d331a,[],0.0,esp_013788_1910,['test'],1.0,Counter({'test': 1}),test,79792305826d0cfe,True,hirise_clean,0,C:\Users\deves\OneDrive\Desktop\Projects\TCMD-SS\data\raw\hirise_v3_2\map-proj-v3_2\ESP_013788_1910_RED-0241.jpg
map-proj-v3_2/ESP_013788_1910_RED-0243.jpg,ok,,JPEG,227.0,227.0,L,1.0,1.0,normal,other,test,esp_013788_1910_red-0243,[],65f32cc879e66e593e1b950a16ca84b4d7901b439ac5570af8c4d630c08e9fa6,2aeb5464bf6a62eb6943448d282722512e049786d653ab521aee9a21c228ced5,b5ca0f857ba07a29,153.04232568068466,17.940518053931484,ca94b005525f3521,[],0.0,esp_013788_1910,['test'],1.0,Counter({'test': 1}),test,79792305826d0cfe,True,hirise_clean,0,C:\Users\deves\OneDrive\Desktop\Projects\TCMD-SS\data\raw\hirise_v3_2\map-proj-v3_2\ESP_013788_1910_RED-0243.jpg
map-proj-v3_2/ESP_013788_1910_RED-0250.jpg,ok,,JPEG,227.0,227.0,L,1.0,1.0,normal,other,test,esp_013788_1910_red-0250,[],a3c7b7a4f3edfd1a12d9a4aebf26749feba262a944143c5f9d1fc7e9874a78eb,e5c85891502e915baeacb3bb7042a8f536997e6bd1842e69c6e9754653b8c1cf,b593a398ce43a935,151.1012633662598,17.69978137224245,e78e39cc69da30de,[],0.0,esp_013788_1910,['test'],1.0,Counter({'test': 1}),test,79792305826d0cfe,True,hirise_clean,0,C:\Users\deves\OneDrive\Desktop\Projects\TCMD-SS\data\raw\hirise_v3_2\map-proj-v3_2\ESP_013788_1910_RED-0250.jpg
map-proj-v3_2/ESP_013788_1910_RED-0255.jpg,ok,,JPEG,227.0,227.0,L,1.0,1.0,normal,other,test,esp_013788_1910_red-0255,[],b0c21e85a2966cda7344e6fbf5dc859d6468fe408a315a46e94cdaa14dfdad91,e7066bae232af43c0ee62d5dea544bacb4837e8143545888c2da9256e6db9a81,8fc07c0f44f2fb05,149.44211997127832,20.921247787674474,16a6d77d601ee790,[],0.0,esp_013788_1910,['test'],1.0,Counter({'test': 1}),test,79792305826d0cfe,True,hirise_clean,0,C:\Users\deves\OneDrive\Desktop\Projects\TCMD-SS\data\raw\hirise_v3_2\map-proj-v3_2\ESP_013788_1910_RED-0255.jpg
map-proj-v3_2/ESP_013788_1910_RED-0259.jpg,ok,,JPEG,227.0,227.0,L,1.0,1.0,normal,other,test,esp_013788_1910_red-0259,[],8f529ab7712acf0d163200bf326d9d54a64dd64efdcefe5734822c6f19fbe50b,f04eee5a3e04d204e0b632ca8a9192bd728e07aa9abb879e7b51570e4c4e686d,8ec7f1c46391ccc6,102.47757573405266,72.12122368939532,ac146da673642bf8,[],0.0,esp_013788_1910,['test'],1.0,Counter({'test': 1}),test,79792305826d0cfe,True,hirise_clean,0,C:\Users\deves\OneDrive\Desktop\Projects\TCMD-SS\data\raw\hirise_v3_2\map-proj-v3_2\ESP_013788_1910_RED-0259.jpg
map-proj-v3_2/ESP_013788_1910_RED-0269.jpg,ok,,JPEG,227.0,227.0,L,1.0,1.0,normal,other,test,esp_013788_1910_red-0269,[],093a9d6b74d27dac309049bdf7fcc71086440916d8b944e8f255374cc8693cfc,c99325fdbf241f78dcedbe6b43f04f4248b89059a18f2e96c927aace43347b88,ec209a4ee3b39ac9,153.10462069902383,18.29018071709857,7d0d87413a15b82d,[],0.0,esp_013788_1910,['test'],1.0,Counter({'test': 1}),test,79792305826d0cfe,True,hirise_clean,0,C:\Users\deves\OneDrive\Desktop\Projects\TCMD-SS\data\raw\hirise_v3_2\map-proj-v3_2\ESP_013788_1910_RED-0269.jpg
map-proj-v3_2/ESP_013788_1910_RED-0273.jpg,ok,,JPEG,227.0,227.0,L,1.0,1.0,normal,other,test,esp_013788_1910_red-0273,[],a179b07c83d2837be6336f885a26ee91b516357482f29b60ce5e0cc3ad275989,9da503a7666c217bb8520ae2b1916e7b5876aeb075f73ef4dd9b1212e4d39f48,8fc3f1c9a493296c,110.9865124493004,67.91626164521718,a542ce8da91a05c4,[],0.0,esp_013788_1910,['test'],1.0,Counter({'test': 1}),test,79792305826d0cfe,True,hirise_clean,0,C:\Users\deves\OneDrive\Desktop\Projects\TCMD-SS\data\raw\hirise_v3_2\map-proj-v3_2\ESP_013788_1910_RED-0273.jpg
map-proj-v3_2/ESP_013788_1910_RED-0281.jpg,ok,,JPEG,227.0,227.0,L,1.0,1.0,normal,impact ejecta,test,esp_013788_1910_red-0281,[],fd0328eed261819b6af7d664df878c6547c0bef9cdb829fce75b6cde93f38e12,48cd6134ba0a1c54d84058a6d8dcbbff1bbd7150a8cd1ccc89f6812e400e223a,b6c0c93d265e8b35,146.7935531448311,17.656763461555705,f42df397f5bd4e04,[],5.0,esp_013788_1910,['test'],1.0,Counter({'test': 1}),test,79792305826d0cfe,True,hirise_clean,0,C:\Users\deves\OneDrive\Desktop\Projects\TCMD-SS\data\raw\hirise_v3_2\map-proj-v3_2\ESP_013788_1910_RED-0281.jpg
map-proj-v3_2/ESP_013788_1910_RED-0295.jpg,ok,,JPEG,227.0,227.0,L,1.0,1.0,normal,crater,test,esp_013788_1910_red-0295,[],7c71f3a3b5e49ba2cd18df89d1567d22183dc79101009f23c75d10f5e994f274,01d02eabeeb555c90d84845707965658a8d78c5139b3a74741f99e931a398b08,da698d6c269b8d64,110.02229812338685,67.31923870811221,584f51b451efa0da,[],1.0,esp_013788_1910,['test'],1.0,Counter({'test': 1}),test,79792305826d0cfe,True,hirise_clean,0,C:\Users\deves\OneDrive\Desktop\Projects\TCMD-SS\data\raw\hirise_v3_2\map-proj-v3_2\ESP_013788_1910_RED-0295.jpg
map-proj-v3_2/ESP_013788_1910_RED-0299.jpg,ok,,JPEG,227.0,227.0,L,1.0,1.0,normal,other,test,esp_013788_1910_red-0299,[],4ba8a97ccc9baf09b4388b09b021b7bfc4246975d72e3f7268e26e245027afc1,a383ad3c013fe8e8153a1ef658b0b45c7089d286160854524bfc7ee9d9e21ea7,f33999a85e07b542,152.24186380484775,16.332299925907655,db03b357a8876662,[],0.0,esp_013788_1910,['test'],1.0,Counter({'test': 1}),test,79792305826d0cfe,True,hirise_clean,0,C:\Users\deves\OneDrive\Desktop\Projects\TCMD-SS\data\raw\hirise_v3_2\map-proj-v3_2\ESP_013788_1910_RED-0299.jpg
map-proj-v3_2/ESP_013788_1910_RED-0303.jpg,ok,,JPEG,227.0,227.0,L,1.0,1.0,normal,other,test,esp_013788_1910_red-0303,[],79e063ed769ee53870addc89f47b81edc9e6ea4a7042644ca6f31849ce25ef31,e7902fed3761dd825ae055e7b97a4bbfa028c43ccccc375518ac3939ef7c8f54,cd3192c96d3692d9,153.17411554658543,21.72032131435256,6c41256dd410068d,[],0.0,esp_013788_1910,['test'],1.0,Counter({'test': 1}),test,79792305826d0cfe,True,hirise_clean,0,C:\Users\deves\OneDrive\Desktop\Projects\TCMD-SS\data\raw\hirise_v3_2\map-proj-v3_2\ESP_013788_1910_RED-0303.jpg
map-proj-v3_2/ESP_013788_1910_RED-0318.jpg,ok,,JPEG,227.0,227.0,L,1.0,1.0,normal,other,test,esp_013788_1910_red-0318,[],d9d8317af9f62638276663f1635f024854a96994a153646fbcd5e65d8c741002,df98b6d661fbdae96f49ea5ca18b925bedaca3d75e5a4c8e371a528e76aedf89,e3298c93798cc727,153.71136641502844,15.771043334217527,ba171ef477b0e35f,[],0.0,esp_013788_1910,['test'],1.0,Counter({'test': 1}),test,79792305826d0cfe,True,hirise_clean,0,C:\Users\deves\OneDrive\Desktop\Projects\TCMD-SS\data\raw\hirise_v3_2\map-proj-v3_2\ESP_013788_1910_RED-0318.jpg
map-proj-v3_2/ESP_013788_1910_RED-0320.jpg,ok,,JPEG,227.0,227.0,L,1.0,1.0,normal,other,test,esp_013788_1910_red-0320,[],f8f050cbadb2be61ef32d422ad6be92f4e61d1733c51db589ec697336425c63e,17b3ac7baa62f3f6bcbfb68df6418c63a62421c833fd3fd6ad82fa1d1e87ff1b,c67299cc263799cc,153.51699043257196,17.201438515005318,a167a328121b45b1,[],0.0,esp_013788_1910,['test'],1.0,Counter({'test': 1}),test,79792305826d0cfe,True,hirise_clean,0,C:\Users\deves\OneDrive\Desktop\Projects\TCMD-SS\data\raw\hirise_v3_2\map-proj-v3_2\ESP_013788_1910_RED-0320.jpg
map-proj-v3_2/ESP_015962_1695_RED-0000.jpg,ok,,JPEG,227.0,227.0,L,1.0,1.0,normal,crater,train,esp_015962_1695_red-0000,[],e1db1c30a1d16ddfe14b23db2d69678d0cfdf7f0c9a0d0d783bf513dbc84b0c6,6cb64c39ed74e67d27afc4ce646c0fc9ac1b4b330715e81b2fe59609463f65f4,e38e3cd92366cd18,78.98043819984863,48.299835158915975,9a807d57c4a4814c,[],1.0,esp_015962_1695,['train'],2.0,Counter({'train': 2}),test,62686464a4153db9,True,hirise_clean,0,C:\Users\deves\OneDrive\Desktop\Projects\TCMD-SS\data\raw\hirise_v3_2\map-proj-v3_2\ESP_015962_1695_RED-0000.jpg
map-proj-v3_2/ESP_015962_1695_RED-0009.jpg,ok,,JPEG,227.0,227.0,L,1.0,1.0,normal,crater,train,esp_015962_1695_red-0009,[],c36cef95c9887a5b478740d80a7f137214205ba7961c926abba96054e7f8b370,bbfb9946cf45c258a13b2dd0e956ada1afbe54f47bfa94796dbb073715e1e638,c9860cd9736307de,100.91719226066876,17.17604347772575,8e2684b3a3f0fd2b,[],1.0,esp_015962_1695,['train'],2.0,Counter({'train': 2}),test,62686464a4153db9,True,hirise_clean,0,C:\Users\deves\OneDrive\Desktop\Projects\TCMD-SS\data\raw\hirise_v3_2\map-proj-v3_2\ESP_015962_1695_RED-0009.jpg
map-proj-v3_2/ESP_015962_1695_RED-0010.jpg,ok,,JPEG,227.0,227.0,L,1.0,1.0,normal,crater,train,esp_015962_1695_red-0010,[],a43b42a06bd3bc937465ef6cae8674e1c39b1296483f7df87a661ddd52c78929,01d6b1b3ffb12ee3340680e012d3cb090437c32b551c4ce45b97d088d128b385,8df326cd396c1932,67.40099749655533,54.68132636167367,d917b87a08f3f087,[],1.0,esp_015962_1695,['train'],2.0,Counter({'train': 2}),test,62686464a4153db9,True,hirise_clean,0,C:\Users\deves\OneDrive\Desktop\Projects\TCMD-SS\data\raw\hirise_v3_2\map-proj-v3_2\ESP_015962_1695_RED-0010.jpg
map-proj-v3_2/ESP_015962_1695_RED-0016.jpg,ok,,JPEG,227.0,227.0,L,1.0,1.0,normal,crater,train,esp_015962_1695_red-0016,[],c28dcba767897fc41362ca12672323aae8a91c0400c585a6f658e1c5451b50f3,19b4e600b664d4a14e0414cd7adb31f6a47b335384cf3a65823410771ddcb3fc,c3d936ac5963668c,86.75359506297424,22.974964329466093,487cab3e9a2f379c,[],1.0,esp_015962_1695,['train'],2.0,Counter({'train': 2}),test,62686464a4153db9,True,hirise_clean,0,C:\Users\deves\OneDrive\Desktop\Projects\TCMD-SS\data\raw\hirise_v3_2\map-proj-v3_2\ESP_015962_1695_RED-0016.jpg
map-proj-v3_2/ESP_015962_1695_RED-0017.jpg,ok,,JPEG,227.0,227.0,L,1.0,1.0,normal,crater,train,esp_015962_1695_red-0017,[],f5084d9814613cc2f2862bfd48e2c888630105441e8d5305e279151c1250d9fd,a8b99859138c03e80ae4b9481191f5cc66aede4558ac0a5dcc7baf1809022bdb,d2a34f9c3463a365,94.93675406082012,35.48158486910337,1a877db9753008f2,[],1.0,esp_015962_1695,['train'],2.0,Counter({'train': 2}),test,62686464a4153db9,True,hirise_clean,0,C:\Users\deves\OneDrive\Desktop\Projects\TCMD-SS\data\raw\hirise_v3_2\map-proj-v3_2\ESP_015962_1695_RED-0017.jpg
map-proj-v3_2/ESP_016148_2040_RED-0001.jpg,ok,,JPEG,227.0,227.0,L,1.0,1.0,normal,slope streak,train,esp_016148_2040_red-0001,[],1e1f4951228a4a4f7f6019bcf7029bc8bd9a0c48408a4313d645a2f8752c2325,d9212ae9f1ae81c8577310bd850071865f9f66f14dfc6eee7ff795ba60f68112,f0f0c181a3eedc93,163.2337130547847,19.271713676849977,79d01e0f95e1ac3a,[],3.0,esp_016148_2040,['train'],1.0,Counter({'train': 1}),test,57c68b4a4db96233,True,hirise_clean,0,C:\Users\deves\OneDrive\Desktop\Projects\TCMD-SS\data\raw\hirise_v3_2\map-proj-v3_2\ESP_016148_2040_RED-0001.jpg
map-proj-v3_2/ESP_016148_2040_RED-0007.jpg,ok,,JPEG,227.0,227.0,L,1.0,1.0,normal,other,train,esp_016148_2040_red-0007,[],c42e1dc322d105415c6686f709befd644c7f7d40720f323fe57ec2db63f6219a,381c057545448854cce68d738345d63b02529fe3fa6ab1c32e9251cc3af19f1d,e69316f60ffc0270,92.57125114013468,47.07494565561896,696f8d01bbde3f71,[],0.0,esp_016148_2040,['train'],1.0,Counter({'train': 1}),test,57c68b4a4db96233,True,hirise_clean,0,C:\Users\deves\OneDrive\Desktop\Projects\TCMD-SS\data\raw\hirise_v3_2\map-proj-v3_2\ESP_016148_2040_RED-0007.jpg
map-proj-v3_2/ESP_016148_2040_RED-0009.jpg,ok,,JPEG,227.0,227.0,L,1.0,1.0,normal,other,train,esp_016148_2040_red-0009,[],317ea45d075896d64e003cb603cfc8bd340da56b68835234284ffb498e8f688d,499867f83578953b286c74d3f504a1113ba8a74d447765077f8677f7e4744b78,ecdcb3c298c43693,106.66106464321062,22.52219671596113,f9509eee62905bba,[],0.0,esp_016148_2040,['train'],1.0,Counter({'train': 1}),test,57c68b4a4db96233,True,hirise_clean,0,C:\Users\deves\OneDrive\Desktop\Projects\TCMD-SS\data\raw\hirise_v3_2\map-proj-v3_2\ESP_016148_2040_RED-0009.jpg
map-proj-v3_2/ESP_016148_2040_RED-0010.jpg,ok,,JPEG,227.0,227.0,L,1.0,1.0,normal,other,train,esp_016148_2040_red-0010,[],41ebb2cbb169bbf1b19f1c4e0f32ff2f6bbbf110e732a6ebee121db49433149a,ac54da710b3b5a82fb7de84dd3925415b85ba93c804e56fb3d3fcf6403cc3bd3,80f833e672e66ae1,147.7594752469483,58.850474829269416,c3a97356bbfba000,[],0.0,esp_016148_2040,['train'],1.0,Counter({'train': 1}),test,57c68b4a4db96233,True,hirise_clean,0,C:\Users\deves\OneDrive\Desktop\Projects\TCMD-SS\data\raw\hirise_v3_2\map-proj-v3_2\ESP_016148_2040_RED-0010.jpg
map-proj-v3_2/ESP_016148_2040_RED-0011.jpg,ok,,JPEG,227.0,227.0,L,1.0,1.0,normal,slope streak,train,esp_016148_2040_red-0011,[],5032c98fabca7e848597fc088267c0d7d9c66deabfa367a25c495cc9e875c630,1adca33b20104716521c61a30c4e92eb9713d4c1dbc293c71c8064f4b851f20e,fc689bd6ac5861a2,172.00456053872577,19.452806715546505,afb9b106515918c9,[],3.0,esp_016148_2040,['train'],1.0,Counter({'train': 1}),test,57c68b4a4db96233,True,hirise_clean,0,C:\Users\deves\OneDrive\Desktop\Projects\TCMD-SS\data\raw\hirise_v3_2\map-proj-v3_2\ESP_016148_2040_RED-0011.jpg
map-proj-v3_2/ESP_016148_2040_RED-0012.jpg,ok,,JPEG,227.0,227.0,L,1.0,1.0,normal,other,train,esp_016148_2040_red-0012,[],07d355997279f153970d986e625004daaaa5bccc310bae418ed09a9611574f3c,528d441ce6792a68a6a40b31bccfb55debcec2576ec5178c6b8930d43b4146a3,87e130e7b1c163e3,132.16905043761764,74.00977427545911,8a644d4666643452,[],0.0,esp_016148_2040,['train'],1.0,Counter({'train': 1}),test,57c68b4a4db96233,True,hirise_clean,0,C:\Users\deves\OneDrive\Desktop\Projects\TCMD-SS\data\raw\hirise_v3_2\map-proj-v3_2\ESP_016148_2040_RED-0012.jpg
map-proj-v3_2/ESP_016148_2040_RED-0014.jpg,ok,,JPEG,227.0,227.0,L,1.0,1.0,normal,other,train,esp_016148_2040_red-0014,[],aed93de17eb6bb8e4fe100b0b3f418803a0f73504ef7102627d7e182c33d3cd8,7e6712dba2082f3dce7bd4ccc714399ff4789d27b2660fd2c22a15573b065230,c9033c9dd3714c1f,156.84556269285258,11.93815610841122,f30d13e9522fe0d9,[],0.0,esp_016148_2040,['train'],1.0,Counter({'train': 1}),test,57c68b4a4db96233,True,hirise_clean,0,C:\Users\deves\OneDrive\Desktop\Projects\TCMD-SS\data\raw\hirise_v3_2\map-proj-v3_2\ESP_016148_2040_RED-0014.jpg
map-proj-v3_2/ESP_016148_2040_RED-0016.jpg,ok,,JPEG,227.0,227.0,L,1.0,1.0,normal,other,train,esp_016148_2040_red-0016,[],8f685f4e5494de0a6cc519d2c9a54c2c05d38701c91ea90dde6e90f2e56d06d3,79b89d036525a574d0a41c8ba0fdc632e162a5b7bbe99965ee1c28ed8ffa01c7,e7cc1b620c35c95b,176.57379339789244,18.222352688050886,2cec85a1f4e3a53c,[],0.0,esp_016148_2040,['train'],1.0,Counter({'train': 1}),test,57c68b4a4db96233,True,hirise_clean,0,C:\Users\deves\OneDrive\Desktop\Projects\TCMD-SS\data\raw\hirise_v3_2\map-proj-v3_2\ESP_016148_2040_RED-0016.jpg
map-proj-v3_2/ESP_016148_2040_RED-0017.jpg,ok,,JPEG,227.0,227.0,L,1.0,1.0,normal,crater,train,esp_016148_2040_red-0017,[],835d4ad7cf95bde2b52ac88345a189cb4023b63b4fcfe13b966b551eec482005,64ae64464e1cea7b965fcdec024aef529e17bcf99aa6689a94b48855a05c0e17,b2704d4fb490c3bb,159.45438490946844,18.09843633389224,54b2a6aa4b18eeca,[],1.0,esp_016148_2040,['train'],1.0,Counter({'train': 1}),test,57c68b4a4db96233,True,hirise_clean,0,C:\Users\deves\OneDrive\Desktop\Projects\TCMD-SS\data\raw\hirise_v3_2\map-proj-v3_2\ESP_016148_2040_RED-0017.jpg
map-proj-v3_2/ESP_016148_2040_RED-0019.jpg,ok,,JPEG,227.0,227.0,L,1.0,1.0,normal,other,train,esp_016148_2040_red-0019,[],86aaca8bed9c20a6c60d46ce4a3a59fb4a2414959856fef40c983c0b92ffb72a,aaf218e0c24a4ee5a556c0b8483f663180fbe60c977c95e5a6602b3d977c52ac,8fc3b027e4699bc2,129.4711909798366,80.33812467980235,60b968ee57255ff2,[],0.0,esp_016148_2040,['train'],1.0,Counter({'train': 1}),test,57c68b4a4db96233,True,hirise_clean,0,C:\Users\deves\OneDrive\Desktop\Projects\TCMD-SS\data\raw\hirise_v3_2\map-proj-v3_2\ESP_016148_2040_RED-0019.jpg
map-proj-v3_2/ESP_016148_2040_RED-0021.jpg,ok,,JPEG,227.0,227.0,L,1.0,1.0,normal,slope streak,train,esp_016148_2040_red-0021,[],792382754fd588af7ea1280cf31abb943a33f04d2a3b9f6fb8527133c231dfad,ff47ddea5a47b9336dcb19c490ec3d4b0aa8b946793168601d3036facc6571b7,bd7ec294e0c0f5a4,148.42777853247685,31.526924543595506,db0b25dc958cf2d2,[],3.0,esp_016148_2040,['train'],1.0,Counter({'train': 1}),test,57c68b4a4db96233,True,hirise_clean,0,C:\Users\deves\OneDrive\Desktop\Projects\TCMD-SS\data\raw\hirise_v3_2\map-proj-v3_2\ESP_016148_2040_RED-0021.jpg
map-proj-v3_2/ESP_016148_2040_RED-0022.jpg,ok,,JPEG,227.0,227.0,L,1.0,1.0,normal,other,train,esp_016148_2040_red-0022,[],9b2e4dbef7872c826ba4008bf57b2f0ce5522b26d2661ad6bb46153fea2b6ef8,607f02caad0feb625af6e583c1b4506fc9a4c54a2ca0d1b4dd464fb68be881fd,ca9a17e31cf401f5,136.15663024704534,61.9924270457955,b7e6e52fcf8c69d7,[],0.0,esp_016148_2040,['train'],1.0,Counter({'train': 1}),test,57c68b4a4db96233,True,hirise_clean,0,C:\Users\deves\OneDrive\Desktop\Projects\TCMD-SS\data\raw\hirise_v3_2\map-proj-v3_2\ESP_016148_2040_RED-0022.jpg
map-proj-v3_2/ESP_016148_2040_RED-0023.jpg,ok,,JPEG,227.0,227.0,L,1.0,1.0,normal,other,train,esp_016148_2040_red-0023,[],3316a38a61fd63b272da1bc859d0bf93c3132c39f4ce18741dfe8e786362df68,045a1c3797f8ad0be1efc763f15390ba4aed1cdb6bfef140642dd30c16eb2e28,8ec7b1cc64a6d233,134.1336528944866,91.377964297246,be0abb7d66494c05,[],0.0,esp_016148_2040,['train'],1.0,Counter({'train': 1}),test,57c68b4a4db96233,True,hirise_clean,0,C:\Users\deves\OneDrive\Desktop\Projects\TCMD-SS\data\raw\hirise_v3_2\map-proj-v3_2\ESP_016148_2040_RED-0023.jpg
map-proj-v3_2/ESP_016148_2040_RED-0026.jpg,ok,,JPEG,227.0,227.0,L,1.0,1.0,normal,other,train,esp_016148_2040_red-0026,[],ca037976959bba6afcf8a02dd8e5df2571e7cd75efd75f69a719edf19942548d,0fbbec2b2b96a444049e83e9dece2f706ca48f9c387e83ca9af3b62443dc1c53,9d7ed2a9ed125128,113.22804634283608,25.41675500275707,7061ed2963283edf,[],0.0,esp_016148_2040,['train'],1.0,Counter({'train': 1}),test,57c68b4a4db96233,True,hirise_clean,0,C:\Users\deves\OneDrive\Desktop\Projects\TCMD-SS\data\raw\hirise_v3_2\map-proj-v3_2\ESP_016148_2040_RED-0026.jpg
map-proj-v3_2/ESP_016148_2040_RED-0030.jpg,ok,,JPEG,227.0,227.0,L,1.0,1.0,normal,other,train,esp_016148_2040_red-0030,[],fa9f7b91567374905dde5d193fa1a969570c9c529e2431d4f324c20208959666,e3e619523de56366052a380359bcbf0a7a16199386ed745ae5ea6820746610c2,c66139dc4c3792d9,197.73154922470843,15.546979834418275,e38b30dfbc1367d8,[],0.0,esp_016148_2040,['train'],1.0,Counter({'train': 1}),test,57c68b4a4db96233,True,hirise_clean,0,C:\Users\deves\OneDrive\Desktop\Projects\TCMD-SS\data\raw\hirise_v3_2\map-proj-v3_2\ESP_016148_2040_RED-0030.jpg
map-proj-v3_2/ESP_016148_2040_RED-0033.jpg,ok,,JPEG,227.0,227.0,L,1.0,1.0,normal,other,train,esp_016148_2040_red-0033,[],5248dcdd9135353b2cd06ac9ebcc7deb50763b39c72fd5b8c9703beb9016521a,7aba4979314deeb45472915b495df04b60fe914a470d6b0c9d046b1a585a813e,e0df1036b76c20f9,150.29979234993888,42.04309988353985,826ae00b9409680f,[],0.0,esp_016148_2040,['train'],1.0,Counter({'train': 1}),test,57c68b4a4db96233,True,hirise_clean,0,C:\Users\deves\OneDrive\Desktop\Projects\TCMD-SS\data\raw\hirise_v3_2\map-proj-v3_2\ESP_016148_2040_RED-0033.jpg
map-proj-v3_2/ESP_016148_2040_RED-0036.jpg,ok,,JPEG,227.0,227.0,L,1.0,1.0,normal,other,train,esp_016148_2040_red-0036,[],956d8f8e1fcfb61c01359d09c0136afc23e83e22224b0f5d99227c70c9f98d0a,a59019a4909c0d3549b8621881d57fca67edd44e06e802056a56b5904f4e9cb6,8e7f71084fe3e109,127.2724679306798,15.96176742026347,06b95bba82cc8528,[],0.0,esp_016148_2040,['train'],1.0,Counter({'train': 1}),test,57c68b4a4db96233,True,hirise_clean,0,C:\Users\deves\OneDrive\Desktop\Projects\TCMD-SS\data\raw\hirise_v3_2\map-proj-v3_2\ESP_016148_2040_RED-0036.jpg
map-proj-v3_2/ESP_016148_2040_RED-0038.jpg,ok,,JPEG,227.0,227.0,L,1.0,1.0,normal,other,train,esp_016148_2040_red-0038,[],c8e84ff542dd72ab5c185931dfdfb92bdb240b9b28f7e79b19dcf62c43e809a8,cf419d0822984f1ccf36bfbc74cd56f96e1f616b1d8a327adf69f4b80e32516f,bff9c20ffc10403c,141.9883366647907,35.14764990384742,d269e50dfd617e9f,[],0.0,esp_016148_2040,['train'],1.0,Counter({'train': 1}),test,57c68b4a4db96233,True,hirise_clean,0,C:\Users\deves\OneDrive\Desktop\Projects\TCMD-SS\data\raw\hirise_v3_2\map-proj-v3_2\ESP_016148_2040_RED-0038.jpg
map-proj-v3_2/ESP_016148_2040_RED-0050.jpg,ok,,JPEG,227.0,227.0,L,1.0,1.0,normal,other,train,esp_016148_2040_red-0050,[],ac6285b8d41dc64b4bde0d9c1bf667eca45024778cc9ab5faa46df5745077935,88ca1354080b56a0dcd6884ba2ac5ec0cae738e1b3015ddfa4b5ca45341af139,ce996f020686e5ee,169.07902346251626,19.29119315268752,e0fc6f24f279c599,[],0.0,esp_016148_2040,['train'],1.0,Counter({'train': 1}),test,57c68b4a4db96233,True,hirise_clean,0,C:\Users\deves\OneDrive\Desktop\Projects\TCMD-SS\data\raw\hirise_v3_2\map-proj-v3_2\ESP_016148_2040_RED-0050.jpg
map-proj-v3_2/ESP_016148_2040_RED-0053.jpg,ok,,JPEG,227.0,227.0,L,1.0,1.0,normal,slope streak,train,esp_016148_2040_red-0053,[],276e7ea8102091ecddc1fcd20cf9c36c28ef412ed2cef5d937932b1d31f79c41,0548975da6d8a080c69790f8a0b1c4edd78692ff30e524fab486c6ee30bc07f4,83c08cabea5bd8f2,124.97110365037165,68.05030485049288,f81f3c15562f0918,[],3.0,esp_016148_2040,['train'],1.0,Counter({'train': 1}),test,57c68b4a4db96233,True,hirise_clean,0,C:\Users\deves\OneDrive\Desktop\Projects\TCMD-SS\data\raw\hirise_v3_2\map-proj-v3_2\ESP_016148_2040_RED-0053.jpg
map-proj-v3_2/ESP_016148_2040_RED-0058.jpg,ok,,JPEG,227.0,227.0,L,1.0,1.0,normal,other,train,esp_016148_2040_red-0058,[],fd186fb9c5f193834810e049062008cf180f177c80cd1f6c624862723b876140,c2006512485da81b5e95cefd85cb2eddc7b3869576f7bd448ee6e07039c4239c,e66f89d3de1c4304,156.73436317413496,17.886194926048233,4e572e27b59cc2d2,[],0.0,esp_016148_2040,['train'],1.0,Counter({'train': 1}),test,57c68b4a4db96233,True,hirise_clean,0,C:\Users\deves\OneDrive\Desktop\Projects\TCMD-SS\data\raw\hirise_v3_2\map-proj-v3_2\ESP_016148_2040_RED-0058.jpg
map-proj-v3_2/ESP_016148_2040_RED-0060.jpg,ok,,JPEG,227.0,227.0,L,1.0,1.0,normal,other,train,esp_016148_2040_red-0060,[],96bb9606014a2d971962ee92e6bc77f8f5aff8ef1edca1a0bce05216b31a6f11,556384b22af56bf722547de9317726dc2d1f03a8dd5b543e85ddf1f0b8ddcabe,889772bd87e94d06,155.00411418812706,18.291115539491244,7997e6f43b464c1a,[],0.0,esp_016148_2040,['train'],1.0,Counter({'train': 1}),test,57c68b4a4db96233,True,hirise_clean,0,C:\Users\deves\OneDrive\Desktop\Projects\TCMD-SS\data\raw\hirise_v3_2\map-proj-v3_2\ESP_016148_2040_RED-0060.jpg
map-proj-v3_2/ESP_016148_2040_RED-0065.jpg,ok,,JPEG,227.0,227.0,L,1.0,1.0,normal,other,train,esp_016148_2040_red-0065,[],2a4ed56ee7fa150e0a2ffea48644151a629a975bfb4a8a35b6c19b6aff79b64c,3a441f22147fc351cd9eab713a9a3fe6283ab02fd43d4e1a1c114625dc7b0228,d9e6269b893d42ac,171.47986570668942,13.842631789644797,1600a4b4fd52992f,[],0.0,esp_016148_2040,['train'],1.0,Counter({'train': 1}),test,57c68b4a4db96233,True,hirise_clean,0,C:\Users\deves\OneDrive\Desktop\Projects\TCMD-SS\data\raw\hirise_v3_2\map-proj-v3_2\ESP_016148_2040_RED-0065.jpg
map-proj-v3_2/ESP_016148_2040_RED-0071.jpg,ok,,JPEG,227.0,227.0,L,1.0,1.0,normal,other,train,esp_016148_2040_red-0071,[],65b7ac0a333950382c7e39f97eeb93242a2302a8a3acfdd664e0ed4af2a9b9c2,52bd7b36029a1994eb8e49b501024ac093f63e1b339079bd61cf7a5f3c70f58a,b3638d59cc08ffc0,173.449125735023,29.679970286492445,e7c38bf993f4ab09,[],0.0,esp_016148_2040,['train'],1.0,Counter({'train': 1}),test,57c68b4a4db96233,True,hirise_clean,0,C:\Users\deves\OneDrive\Desktop\Projects\TCMD-SS\data\raw\hirise_v3_2\map-proj-v3_2\ESP_016148_2040_RED-0071.jpg
map-proj-v3_2/ESP_016148_2040_RED-0073.jpg,ok,,JPEG,227.0,227.0,L,1.0,1.0,normal,crater,train,esp_016148_2040_red-0073,[],e9da3489cbade3bd5766f9d21eb5a2419e74c35b694a0a5bff3a08c5d4d05c7f,1aeb8670028c46b413972f1f94e80157a2b8cc08da151c0f0302c21305f4291f,d9863699916766b4,167.23978730423644,19.82086967648167,99649218f7d260fe,[],1.0,esp_016148_2040,['train'],1.0,Counter({'train': 1}),test,57c68b4a4db96233,True,hirise_clean,0,C:\Users\deves\OneDrive\Desktop\Projects\TCMD-SS\data\raw\hirise_v3_2\map-proj-v3_2\ESP_016148_2040_RED-0073.jpg
map-proj-v3_2/ESP_016148_2040_RED-0075.jpg,ok,,JPEG,227.0,227.0,L,1.0,1.0,normal,other,train,esp_016148_2040_red-0075,[],e4697cce26578d20f29d94a2fca2409635f27ae05cd5d7502f0ae73eb92c1557,88c36b0ae799bcfc34bd2e2e68f17bfa7924191dfe778cf469a8c3e4d2a36978,84f0b9f8e2d439a9,135.21001765995848,60.884119724591855,7374e6ea7c8655bf,[],0.0,esp_016148_2040,['train'],1.0,Counter({'train': 1}),test,57c68b4a4db96233,True,hirise_clean,0,C:\Users\deves\OneDrive\Desktop\Projects\TCMD-SS\data\raw\hirise_v3_2\map-proj-v3_2\ESP_016148_2040_RED-0075.jpg
map-proj-v3_2/ESP_016148_2040_RED-0078.jpg,ok,,JPEG,227.0,227.0,L,1.0,1.0,normal,other,train,esp_016148_2040_red-0078,[],f12c7e003aaf938ca140d8a0841e4ff98f2a02a2df3ea61a808ca2b402435429,df43b902eb7e7413e0f11407b0704caf9a320f423e7ee00166fbf7ea44b2dc60,e85d8718b464375d,185.94506006326532,17.636559043346878,1750af16837b2cb1,[],0.0,esp_016148_2040,['train'],1.0,Counter({'train': 1}),test,57c68b4a4db96233,True,hirise_clean,0,C:\Users\deves\OneDrive\Desktop\Projects\TCMD-SS\data\raw\hirise_v3_2\map-proj-v3_2\ESP_016148_2040_RED-0078.jpg
map-proj-v3_2/ESP_016148_2040_RED-0086.jpg,ok,,JPEG,227.0,227.0,L,1.0,1.0,normal,other,train,esp_016148_2040_red-0086,[],a82dd9f143567185997fc38fb61d323ce66d7cdbed214b28b672e131aba4f5d9,f821ee965e9b1968ed6ec8adcedb04ccb49e4d3983f1f3923a2a1469b820b0d4,e4c8938ce71a6e59,168.85107415241902,20.62647702176784,1cf9510c014031aa,[],0.0,esp_016148_2040,['train'],1.0,Counter({'train': 1}),test,57c68b4a4db96233,True,hirise_clean,0,C:\Users\deves\OneDrive\Desktop\Projects\TCMD-SS\data\raw\hirise_v3_2\map-proj-v3_2\ESP_016148_2040_RED-0086.jpg
map-proj-v3_2/ESP_016148_2040_RED-0088.jpg,ok,,JPEG,227.0,227.0,L,1.0,1.0,normal,other,train,esp_016148_2040_red-0088,[],32325af2ca52c7f9d80d7f92b7422ccb358074403080855991d1c9ef351772c4,638a12df1ad1ccb0dfe30f04c5f3d0913a1441135e7ed35380ca0096b9e74a76,e8cd30fb99e68c18,167.6212230006404,25.461452589018485,be305ebf248e2c84,[],0.0,esp_016148_2040,['train'],1.0,Counter({'train': 1}),test,57c68b4a4db96233,True,hirise_clean,0,C:\Users\deves\OneDrive\Desktop\Projects\TCMD-SS\data\raw\hirise_v3_2\map-proj-v3_2\ESP_016148_2040_RED-0088.jpg
map-proj-v3_2/ESP_016148_2040_RED-0090.jpg,ok,,JPEG,227.0,227.0,L,1.0,1.0,normal,other,train,esp_016148_2040_red-0090,[],8a37ecf1711070bbe7e53323fe3d255933351da5fac5915d0ec786b57a9d9557,46bd5760d45aee00327c76f1c999d82ce840c13bdaa9f236fbefe5e7a3afac39,e1a6304f1ecfb1c4,167.895728618836,19.602721732754745,c6f22d6485e1ef26,[],0.0,esp_016148_2040,['train'],1.0,Counter({'train': 1}),test,57c68b4a4db96233,True,hirise_clean,0,C:\Users\deves\OneDrive\Desktop\Projects\TCMD-SS\data\raw\hirise_v3_2\map-proj-v3_2\ESP_016148_2040_RED-0090.jpg
map-proj-v3_2/ESP_016148_2040_RED-0091.jpg,ok,,JPEG,227.0,227.0,L,1.0,1.0,normal,other,train,esp_016148_2040_red-0091,[],21816a546bb347f44d85bbd94bd7112c81b08c5bc1b3d97c5b4b5d6a81ffc76a,fb99de7ec653d4d1040058f0dfbc4f708cdc5bdf85526d755a6dbf361f2130f0,ce35b96ce153a445,174.1857206621514,18.664086565687207,ef4b8c7ed65de580,[],0.0,esp_016148_2040,['train'],1.0,Counter({'train': 1}),test,57c68b4a4db96233,True,hirise_clean,0,C:\Users\deves\OneDrive\Desktop\Projects\TCMD-SS\data\raw\hirise_v3_2\map-proj-v3_2\ESP_016148_2040_RED-0091.jpg
map-proj-v3_2/ESP_016148_2040_RED-0095.jpg,ok,,JPEG,227.0,227.0,L,1.0,1.0,normal,other,train,esp_016148_2040_red-0095,[],695356fac968dee6f827fcee769db346f9a3083a883b183faef72b2003c74041,56f65279dbbd0302d1f7cbc949347d62e1898c42367d209013b485024fb494c6,d8b02fe76d382616,188.10182615614508,14.764352977654616,90c56561719c5d1b,[],0.0,esp_016148_2040,['train'],1.0,Counter({'train': 1}),test,57c68b4a4db96233,True,hirise_clean,0,C:\Users\deves\OneDrive\Desktop\Projects\TCMD-SS\data\raw\hirise_v3_2\map-proj-v3_2\ESP_016148_2040_RED-0095.jpg
map-proj-v3_2/ESP_016148_2040_RED-0097.jpg,ok,,JPEG,227.0,227.0,L,1.0,1.0,normal,crater,train,esp_016148_2040_red-0097,[],641fefb6f28ab6e7d773b30b799867ae35b316ed39262826fad2fcb9432d312f,037dab629d2374cf0fa861d44dd6adfbbd466dc5fe8defbee2291d0b60a02ec0,db93246cd331ec4c,169.07523918570126,15.85183959429013,012b2dde458c91b5,[],1.0,esp_016148_2040,['train'],1.0,Counter({'train': 1}),test,57c68b4a4db96233,True,hirise_clean,0,C:\Users\deves\OneDrive\Desktop\Projects\TCMD-SS\data\raw\hirise_v3_2\map-proj-v3_2\ESP_016148_2040_RED-0097.jpg
map-proj-v3_2/ESP_016148_2040_RED-0100.jpg,ok,,JPEG,227.0,227.0,L,1.0,1.0,normal,other,train,esp_016148_2040_red-0100,[],bc3caf5d25fbb4551e37e1d50f30000ac2d909e9a700b5d74821b517fe86f749,3634139e8e02f7f32048202c7105e6c22f5ed3724129cdd132432603318e6bab,c9cb364c99e1e784,184.56218828232645,20.43796646161291,887441177f329dfb,[],0.0,esp_016148_2040,['train'],1.0,Counter({'train': 1}),test,57c68b4a4db96233,True,hirise_clean,0,C:\Users\deves\OneDrive\Desktop\Projects\TCMD-SS\data\raw\hirise_v3_2\map-proj-v3_2\ESP_016148_2040_RED-0100.jpg
map-proj-v3_2/ESP_016148_2040_RED-0101.jpg,ok,,JPEG,227.0,227.0,L,1.0,1.0,normal,other,train,esp_016148_2040_red-0101,[],c4118cdd9e74aa28ec65cca42e7ea6d43b31707885a71f607664fcc9a1dc3992,2cb77298d0b9ba624dbff41585a8e04fb63f2d30451c8bee806812fe5109127e,c89c33f724ed838a,191.8997069611287,16.859502027752328,9cdb9e1d75acab5e,[],0.0,esp_016148_2040,['train'],1.0,Counter({'train': 1}),test,57c68b4a4db96233,True,hirise_clean,0,C:\Users\deves\OneDrive\Desktop\Projects\TCMD-SS\data\raw\hirise_v3_2\map-proj-v3_2\ESP_016148_2040_RED-0101.jpg
map-proj-v3_2/ESP_016148_2040_RED-0104.jpg,ok,,JPEG,227.0,227.0,L,1.0,1.0,normal,other,train,esp_016148_2040_red-0104,[],6f4bad84d019231a95e63e28eb33c425e216c39da23cc349cbed82714b2235d0,f77bcb83c58d1d938416603a6e19e9c827fdfe5193c4877c2f98fc258dcf2186,98cc46cedac6d3a2,101.18934968658424,88.2874653711287,5480e3fc6c550329,[],0.0,esp_016148_2040,['train'],1.0,Counter({'train': 1}),test,57c68b4a4db96233,True,hirise_clean,0,C:\Users\deves\OneDrive\Desktop\Projects\TCMD-SS\data\raw\hirise_v3_2\map-proj-v3_2\ESP_016148_2040_RED-0104.jpg
map-proj-v3_2/ESP_016148_2040_RED-0112.jpg,ok,,JPEG,227.0,227.0,L,1.0,1.0,normal,other,train,esp_016148_2040_red-0112,[],21d198bda7055c4ff6691e4a21386a4d29dd2e18d86fc458e4773b24b9d90703,6525ecc07526ae9e36dfe470ab3bc68b331488fc2a6035e985aff5f418cdfa8a,d12f9674e812ade2,160.42028760503794,17.341512972618755,5997363609c02b53,[],0.0,esp_016148_2040,['train'],1.0,Counter({'train': 1}),test,57c68b4a4db96233,True,hirise_clean,0,C:\Users\deves\OneDrive\Desktop\Projects\TCMD-SS\data\raw\hirise_v3_2\map-proj-v3_2\ESP_016148_2040_RED-0112.jpg
map-proj-v3_2/ESP_016148_2040_RED-0116.jpg,ok,,JPEG,227.0,227.0,L,1.0,1.0,normal,other,train,esp_016148_2040_red-0116,[],066b8839e806a43580b37c59f3f4f07f8a4df1cba3dc3015ab35fc1a2cb05832,5983ae84e553ca2580b606cccade922974930b372d7273a33a460901b90bd4c6,ec0c33031d191ffe,181.80686603660075,18.976252448141828,31dc8e3e8a3cb4a7,[],0.0,esp_016148_2040,['train'],1.0,Counter({'train': 1}),test,57c68b4a4db96233,True,hirise_clean,0,C:\Users\deves\OneDrive\Desktop\Projects\TCMD-SS\data\raw\hirise_v3_2\map-proj-v3_2\ESP_016148_2040_RED-0116.jpg
map-proj-v3_2/ESP_016148_2040_RED-0118.jpg,ok,,JPEG,227.0,227.0,L,1.0,1.0,normal,other,train,esp_016148_2040_red-0118,[],3ef1fd45554a64891a8d8923ec98d8fabcae90e2263a0f2999b4a92a8d22a357,bf6ec5f773f142bdf0e9550de023d16308baa8ad62a5a12341d9fcff0da376ed,a93c3491ec3a9bc3,196.00122261250945,16.974135324729396,c777bc43e430f498,[],0.0,esp_016148_2040,['train'],1.0,Counter({'train': 1}),test,57c68b4a4db96233,True,hirise_clean,0,C:\Users\deves\OneDrive\Desktop\Projects\TCMD-SS\data\raw\hirise_v3_2\map-proj-v3_2\ESP_016148_2040_RED-0118.jpg
map-proj-v3_2/ESP_016148_2040_RED-0120.jpg,ok,,JPEG,227.0,227.0,L,1.0,1.0,normal,other,train,esp_016148_2040_red-0120,[],b47f734d6d3a410597c27e152f3eff7d6a515b399d4aa39600177ba72132ee98,627269e3d7418316397e5726cad8d0e96419df9208f59228a614828c4e334cdb,a7199a666d98d643,57.2105028236527,12.937902011709234,b93933d0a6c0a6a3,[],0.0,esp_016148_2040,['train'],1.0,Counter({'train': 1}),test,57c68b4a4db96233,True,hirise_clean,0,C:\Users\deves\OneDrive\Desktop\Projects\TCMD-SS\data\raw\hirise_v3_2\map-proj-v3_2\ESP_016148_2040_RED-0120.jpg
map-proj-v3_2/ESP_016148_2040_RED-0124.jpg,ok,,JPEG,227.0,227.0,L,1.0,1.0,normal,other,train,esp_016148_2040_red-0124,[],f11ce73f32dd7e7389f68a8bf6beeca6f63758fcc82ffef33a966759bd0ce61e,402eb9cda1c2ce6e8aa9ed75a1f3da053a5688f2a1ff244fa74646f5b44f9d0d,cd26b1197cd20b9e,195.65083739253623,16.606759716666964,b2d5ba46da83a8ff,[],0.0,esp_016148_2040,['train'],1.0,Counter({'train': 1}),test,57c68b4a4db96233,True,hirise_clean,0,C:\Users\deves\OneDrive\Desktop\Projects\TCMD-SS\data\raw\hirise_v3_2\map-proj-v3_2\ESP_016148_2040_RED-0124.jpg
map-proj-v3_2/ESP_016148_2040_RED-0132.jpg,ok,,JPEG,227.0,227.0,L,1.0,1.0,normal,slope streak,train,esp_016148_2040_red-0132,[],846fe3f3cedcf51402364e35f585ffe175bae08387ed95df519c7384d7a55d2b,e8aeddc7eccc03e27cc19b02fc39b0ba8cc86599eba8bf82e9058e00a603dfa0,8761d8f178e23ce1,129.14465640707175,71.32252133748355,36951c5066843c21,[],3.0,esp_016148_2040,['train'],1.0,Counter({'train': 1}),test,57c68b4a4db96233,True,hirise_clean,0,C:\Users\deves\OneDrive\Desktop\Projects\TCMD-SS\data\raw\hirise_v3_2\map-proj-v3_2\ESP_016148_2040_RED-0132.jpg
map-proj-v3_2/ESP_016148_2040_RED-0133.jpg,ok,,JPEG,227.0,227.0,L,1.0,1.0,normal,slope streak,train,esp_016148_2040_red-0133,[],f4acf2340e942079415400efa1a37c1025b0d6cf6764593985407caeeb5c64b2,2e5debb2c349b51ce43d9ae3132623f6fa2831a399c84026cc728354298864d3,9819475833e7cdb2,184.6020105183489,20.827137222704625,a023cae19c8e0c79,[],3.0,esp_016148_2040,['train'],1.0,Counter({'train': 1}),test,57c68b4a4db96233,True,hirise_clean,0,C:\Users\deves\OneDrive\Desktop\Projects\TCMD-SS\data\raw\hirise_v3_2\map-proj-v3_2\ESP_016148_2040_RED-0133.jpg
map-proj-v3_2/ESP_016148_2040_RED-0136.jpg,ok,,JPEG,227.0,227.0,L,1.0,1.0,normal,slope streak,train,esp_016148_2040_red-0136,[],caa36a42227645e96df391a79a04243d191249d6baaeebbd05fc395dcb963d40,b4be0ab9fd6afc330e18593b8ccdca86b2e23c0a757633968fcddf144dc98a30,920dcaba66ac59b3,176.99510954996217,23.667042763870505,8b79667d6130fd7b,[],3.0,esp_016148_2040,['train'],1.0,Counter({'train': 1}),test,57c68b4a4db96233,True,hirise_clean,0,C:\Users\deves\OneDrive\Desktop\Projects\TCMD-SS\data\raw\hirise_v3_2\map-proj-v3_2\ESP_016148_2040_RED-0136.jpg
map-proj-v3_2/ESP_016148_2040_RED-0143.jpg,ok,,JPEG,227.0,227.0,L,1.0,1.0,normal,other,train,esp_016148_2040_red-0143,[],36b18c55d58b1313fb7339cbba76f825bd7b82ae966b985e1b4893c9b4f91149,b39987633341dc5516b58531ae659c75d9e770c56e928d58da28c304ab4dc432,8ec791c6a69331dc,94.29329115643618,68.50686819115595,3d6621466b09cc23,[],0.0,esp_016148_2040,['train'],1.0,Counter({'train': 1}),test,57c68b4a4db96233,True,hirise_clean,0,C:\Users\deves\OneDrive\Desktop\Projects\TCMD-SS\data\raw\hirise_v3_2\map-proj-v3_2\ESP_016148_2040_RED-0143.jpg
map-proj-v3_2/ESP_016148_2040_RED-0144.jpg,ok,,JPEG,227.0,227.0,L,1.0,1.0,normal,other,train,esp_016148_2040_red-0144,[],993e8c5a8be24ccd15c46443ee00710ad8ff619eeb3bdc33b87f738baa6b4ef5,7eb478866b006c621dd3164bbc83c1c9cb1efb91389e4cdd6c0cc504f8c625cd,e86b1bb234e619d2,177.93529856973743,21.75689814482548,a6a79832e0e97dac,[],0.0,esp_016148_2040,['train'],1.0,Counter({'train': 1}),test,57c68b4a4db96233,True,hirise_clean,0,C:\Users\deves\OneDrive\Desktop\Projects\TCMD-SS\data\raw\hirise_v3_2\map-proj-v3_2\ESP_016148_2040_RED-0144.jpg
map-proj-v3_2/ESP_016148_2040_RED-0145.jpg,ok,,JPEG,227.0,227.0,L,1.0,1.0,normal,other,train,esp_016148_2040_red-0145,[],f01fb486ba57c5ce52c9a902bef33f6671dc1865412c81b88f3cea2c84e55c22,f3b8f3d65d9894d2687200a1a4e4861ac3743233be26229847d35eb1472b66a0,8dd1b273246aa8af,147.80795280327584,20.40024108732711,68ab8bea5ce0f3c1,[],0.0,esp_016148_2040,['train'],1.0,Counter({'train': 1}),test,57c68b4a4db96233,True,hirise_clean,0,C:\Users\deves\OneDrive\Desktop\Projects\TCMD-SS\data\raw\hirise_v3_2\map-proj-v3_2\ESP_016148_2040_RED-0145.jpg
map-proj-v3_2/ESP_016148_2040_RED-0147.jpg,ok,,JPEG,227.0,227.0,L,1.0,1.0,normal,other,train,esp_016148_2040_red-0147,[],fb1bf71eec4b56f77b04d436c7edd9f15c2b283f8c5ffaab8f85eddfa8433730,8081dc590477877141d2f6fc8b995d5c4dd69a0f6b8d52646ff65767afa20981,8d7ab3044c677339,163.03580508063422,17.308437283473978,da2c1fac8a1f52db,[],0.0,esp_016148_2040,['train'],1.0,Counter({'train': 1}),test,57c68b4a4db96233,True,hirise_clean,0,C:\Users\deves\OneDrive\Desktop\Projects\TCMD-SS\data\raw\hirise_v3_2\map-proj-v3_2\ESP_016148_2040_RED-0147.jpg
map-proj-v3_2/ESP_016148_2040_RED-0154.jpg,ok,,JPEG,227.0,227.0,L,1.0,1.0,normal,other,train,esp_016148_2040_red-0154,[],cf676168c859e0ea0fd3798f669adeacf865488cd3dc2e751aa64292ff3851b5,467a62acfaff14299eae8db98d83c24a35c6a323117d99421e31d944c735fbd1,c4326695b97ea81d,159.14510275767043,33.162931243611965,e92737944cf12c98,[],0.0,esp_016148_2040,['train'],1.0,Counter({'train': 1}),test,57c68b4a4db96233,True,hirise_clean,0,C:\Users\deves\OneDrive\Desktop\Projects\TCMD-SS\data\raw\hirise_v3_2\map-proj-v3_2\ESP_016148_2040_RED-0154.jpg
map-proj-v3_2/ESP_016148_2040_RED-0158.jpg,ok,,JPEG,227.0,227.0,L,1.0,1.0,normal,other,train,esp_016148_2040_red-0158,[],91a5b347466975d74679fa8ec7450f19cea57c0bad942fc96fa11216934d538c,788825f29f39129801a8562f7e989999f1574e55990f3168f57b19d780a325c4,f478999cf4b10c8b,140.90781889809622,15.920931654137007,69fcac2566cde3db,[],0.0,esp_016148_2040,['train'],1.0,Counter({'train': 1}),test,57c68b4a4db96233,True,hirise_clean,0,C:\Users\deves\OneDrive\Desktop\Projects\TCMD-SS\data\raw\hirise_v3_2\map-proj-v3_2\ESP_016148_2040_RED-0158.jpg
map-proj-v3_2/ESP_016148_2040_RED-0161.jpg,ok,,JPEG,227.0,227.0,L,1.0,1.0,normal,other,train,esp_016148_2040_red-0161,[],7d6450345b8e07ed988cb54fba551fef914bd1afa4cb90653a6efa16dbf5093c,9536cd0013d42039c60d477ee176194c35db6fd8cb6293fa0dd2439c02172b58,f10f0e1de31e43b8,115.88455044732092,21.49316868573658,df8cb9d642a8baa0,[],0.0,esp_016148_2040,['train'],1.0,Counter({'train': 1}),test,57c68b4a4db96233,True,hirise_clean,0,C:\Users\deves\OneDrive\Desktop\Projects\TCMD-SS\data\raw\hirise_v3_2\map-proj-v3_2\ESP_016148_2040_RED-0161.jpg
map-proj-v3_2/ESP_016148_2040_RED-0164.jpg,ok,,JPEG,227.0,227.0,L,1.0,1.0,normal,other,train,esp_016148_2040_red-0164,[],fdaf35730a5b4c0f873c0ee0c821dbfbbd621a19100a5502ff6f785a33390a23,5d1de394692e78025345b0e690d986c01cbccd91b79c959b22338fb2687c1f77,f9f1b4c1d3921499,167.01022725067438,17.755951098675517,feb6aed3b0879404,[],0.0,esp_016148_2040,['train'],1.0,Counter({'train': 1}),test,57c68b4a4db96233,True,hirise_clean,0,C:\Users\deves\OneDrive\Desktop\Projects\TCMD-SS\data\raw\hirise_v3_2\map-proj-v3_2\ESP_016148_2040_RED-0164.jpg
map-proj-v3_2/ESP_016148_2040_RED-0168.jpg,ok,,JPEG,227.0,227.0,L,1.0,1.0,normal,other,train,esp_016148_2040_red-0168,[],00c02fde0c0440776d41197223eafbeaa812dd11474f79b4b8987e9c5a915506,9712c4c13732d23046a60e6389265818229fab9bbfb90914655ec95e8622ab0c,ee2eb915469a59a4,127.32927089600032,21.741908729744782,a462558f848df486,[],0.0,esp_016148_2040,['train'],1.0,Counter({'train': 1}),test,57c68b4a4db96233,True,hirise_clean,0,C:\Users\deves\OneDrive\Desktop\Projects\TCMD-SS\data\raw\hirise_v3_2\map-proj-v3_2\ESP_016148_2040_RED-0168.jpg
map-proj-v3_2/ESP_016148_2040_RED-0174.jpg,ok,,JPEG,227.0,227.0,L,1.0,1.0,normal,other,train,esp_016148_2040_red-0174,[],5340d51f75b534aa7cf0d5773238fcadcb430a5f3e6940b884124bce0decbcbe,a431ee043c3964986c7d1035e7545dd2fde96630140e02a58a9a9094048c6bb8,83e05af4756c632e,152.6983252149275,72.56423842712688,6e3be3fbc54353b7,[],0.0,esp_016148_2040,['train'],1.0,Counter({'train': 1}),test,57c68b4a4db96233,True,hirise_clean,0,C:\Users\deves\OneDrive\Desktop\Projects\TCMD-SS\data\raw\hirise_v3_2\map-proj-v3_2\ESP_016148_2040_RED-0174.jpg
map-proj-v3_2/ESP_016148_2040_RED-0179.jpg,ok,,JPEG,227.0,227.0,L,1.0,1.0,normal,other,train,esp_016148_2040_red-0179,[],2d962370de493bf785312500e479a77af4a7b25a03db6bba5bcd36cd09e933f1,c8bc23b7bdade7d74899e334edf1c0ddf3f0aecebc3a4ecaf1518e999f1e900e,807c77dcb8d9eb00,144.22212734576647,43.70290189760825,24f9da84651b4163,[],0.0,esp_016148_2040,['train'],1.0,Counter({'train': 1}),test,57c68b4a4db96233,True,hirise_clean,0,C:\Users\deves\OneDrive\Desktop\Projects\TCMD-SS\data\raw\hirise_v3_2\map-proj-v3_2\ESP_016148_2040_RED-0179.jpg
map-proj-v3_2/ESP_016148_2040_RED-0181.jpg,ok,,JPEG,227.0,227.0,L,1.0,1.0,normal,other,train,esp_016148_2040_red-0181,[],7e01b2d83a81d9b4137308570d2769799dd3ef639ea7892543bee44b5c96208d,d3fcdb7c3aeb8efd36873d46ccac9d39416eb611517618ac5e0184039335c9b8,a192deb75814bb45,139.58621358846474,29.049315693561944,767ef255d99087f3,[],0.0,esp_016148_2040,['train'],1.0,Counter({'train': 1}),test,57c68b4a4db96233,True,hirise_clean,0,C:\Users\deves\OneDrive\Desktop\Projects\TCMD-SS\data\raw\hirise_v3_2\map-proj-v3_2\ESP_016148_2040_RED-0181.jpg
map-proj-v3_2/ESP_016148_2040_RED-0182.jpg,ok,,JPEG,227.0,227.0,L,1.0,1.0,normal,other,train,esp_016148_2040_red-0182,[],08b9c14309f476afe6863e195fa4be72a0af692a13fb0f63cd24883df82a1811,b0b15ee5eb7ebfdb02a4afa97e47aff172238caa716b35a8ba96392995b1f800,ce3731cc9b3324e4,141.43074773428555,15.550949769119804,06acdff9f501d52b,[],0.0,esp_016148_2040,['train'],1.0,Counter({'train': 1}),test,57c68b4a4db96233,True,hirise_clean,0,C:\Users\deves\OneDrive\Desktop\Projects\TCMD-SS\data\raw\hirise_v3_2\map-proj-v3_2\ESP_016148_2040_RED-0182.jpg
map-proj-v3_2/ESP_016148_2040_RED-0183.jpg,ok,,JPEG,227.0,227.0,L,1.0,1.0,normal,other,train,esp_016148_2040_red-0183,[],f61b9936d556d7d0eb9f41c88f45d56bbc1be8b47ccd73e5a30b1928b02abe23,aeb25f0e30601976dbcdc80fa541a3b8dfbc64846655393cf538248637bd5e18,8c9637ec5959c686,160.352927477731,19.87186127168115,9c19666cbe9706ed,[],0.0,esp_016148_2040,['train'],1.0,Counter({'train': 1}),test,57c68b4a4db96233,True,hirise_clean,0,C:\Users\deves\OneDrive\Desktop\Projects\TCMD-SS\data\raw\hirise_v3_2\map-proj-v3_2\ESP_016148_2040_RED-0183.jpg
map-proj-v3_2/ESP_016148_2040_RED-0184.jpg,ok,,JPEG,227.0,227.0,L,1.0,1.0,normal,other,train,esp_016148_2040_red-0184,[],1a2f598684f4c7fdbdf65a1a90bd826773b3a416d0053cba3239867d8e003a90,10b2bcea7c74b6fd2c869b1e5af49930a7302db139237b4b863fd79bff7fef67,f2843cc376a81bae,178.0943740418017,18.327455708083413,96130fdf967bb6e8,[],0.0,esp_016148_2040,['train'],1.0,Counter({'train': 1}),test,57c68b4a4db96233,True,hirise_clean,0,C:\Users\deves\OneDrive\Desktop\Projects\TCMD-SS\data\raw\hirise_v3_2\map-proj-v3_2\ESP_016148_2040_RED-0184.jpg
map-proj-v3_2/ESP_016148_2040_RED-0187.jpg,ok,,JPEG,227.0,227.0,L,1.0,1.0,normal,other,train,esp_016148_2040_red-0187,[],96ffeebd40148fe65bef764adff74d770bfe821bcd0fa9d1b1573e2661f71a12,5af0a186dfae1dae29ee3ed46d74b39747143726bcc077687751a85bc9e14452,d2812afa178dd873,182.9479322323352,19.11357204564813,a6d12ad916605d99,[],0.0,esp_016148_2040,['train'],1.0,Counter({'train': 1}),test,57c68b4a4db96233,True,hirise_clean,0,C:\Users\deves\OneDrive\Desktop\Projects\TCMD-SS\data\raw\hirise_v3_2\map-proj-v3_2\ESP_016148_2040_RED-0187.jpg
map-proj-v3_2/ESP_016148_2040_RED-0191.jpg,ok,,JPEG,227.0,227.0,L,1.0,1.0,normal,other,train,esp_016148_2040_red-0191,[],13734dedb1bd7ab47756845433d4af36c10e7737ba771ac80df802ab51ca82aa,e9ec7ee4346587591793c98414a6da328b71f182f030cdaa1c6646fb3dc2178d,89d5d6f2d84a6362,150.0092569232859,16.16038726289647,c31d2173c66e2e5e,[],0.0,esp_016148_2040,['train'],1.0,Counter({'train': 1}),test,57c68b4a4db96233,True,hirise_clean,0,C:\Users\deves\OneDrive\Desktop\Projects\TCMD-SS\data\raw\hirise_v3_2\map-proj-v3_2\ESP_016148_2040_RED-0191.jpg
map-proj-v3_2/ESP_016148_2040_RED-0195.jpg,ok,,JPEG,227.0,227.0,L,1.0,1.0,normal,other,train,esp_016148_2040_red-0195,[],3852604d89cd9b3063a2e98f34f2ce0371f8a137fab5e38cefa12950d4308882,06824e2f3e2d070af10215cfe8b9b1b97306f99e819fdd6c0d3d531be2f4fc0b,b1359c979f073093,126.14911991305868,26.87020146856521,49ac84646ced258c,[],0.0,esp_016148_2040,['train'],1.0,Counter({'train': 1}),test,57c68b4a4db96233,True,hirise_clean,0,C:\Users\deves\OneDrive\Desktop\Projects\TCMD-SS\data\raw\hirise_v3_2\map-proj-v3_2\ESP_016148_2040_RED-0195.jpg
map-proj-v3_2/ESP_016148_2040_RED-0197.jpg,ok,,JPEG,227.0,227.0,L,1.0,1.0,normal,slope streak,train,esp_016148_2040_red-0197,[],ae598bd475147d80c8ef97e013a4fb9bfedda6c2547b41a51b11c8051357f362,572a0058e1c7042a8015077244587197b2029d62d9c43014ee8bf6c70b88cad0,827ec86f373348e4,177.7384385491665,16.249445926011067,f1a7fa0381678a7f,[],3.0,esp_016148_2040,['train'],1.0,Counter({'train': 1}),test,57c68b4a4db96233,True,hirise_clean,0,C:\Users\deves\OneDrive\Desktop\Projects\TCMD-SS\data\raw\hirise_v3_2\map-proj-v3_2\ESP_016148_2040_RED-0197.jpg
map-proj-v3_2/ESP_016148_2040_RED-0200.jpg,ok,,JPEG,227.0,227.0,L,1.0,1.0,normal,slope streak,train,esp_016148_2040_red-0200,[],764d8822eeca72bfeab3959e34295c741603e9c790f5e5c866df00c23de330f3,704aa2497acd23d365abb8683542ffe0af0194e3c28c392da0563c72d4d622e8,e2398d60fe8bd423,168.572823070504,15.69066958243885,8e3ff629609f81c6,[],3.0,esp_016148_2040,['train'],1.0,Counter({'train': 1}),test,57c68b4a4db96233,True,hirise_clean,0,C:\Users\deves\OneDrive\Desktop\Projects\TCMD-SS\data\raw\hirise_v3_2\map-proj-v3_2\ESP_016148_2040_RED-0200.jpg
map-proj-v3_2/ESP_016148_2040_RED-0202.jpg,ok,,JPEG,227.0,227.0,L,1.0,1.0,normal,other,train,esp_016148_2040_red-0202,[],bc5dedd7f6c60711a0aa21ef30cb13733274fcad545f6e87edec0aa650ff1f94,1f9e83db06910a11dbcfaf1b1cd32200c3b579e4dc400943d813b142d6b2dcf4,c573305e23d92c3e,171.0553862873333,20.945810270150904,85dc2e112fada31c,[],0.0,esp_016148_2040,['train'],1.0,Counter({'train': 1}),test,57c68b4a4db96233,True,hirise_clean,0,C:\Users\deves\OneDrive\Desktop\Projects\TCMD-SS\data\raw\hirise_v3_2\map-proj-v3_2\ESP_016148_2040_RED-0202.jpg
map-proj-v3_2/ESP_016148_2040_RED-0208.jpg,ok,,JPEG,227.0,227.0,L,1.0,1.0,normal,other,train,esp_016148_2040_red-0208,[],a94d77cafc00d9ba11e2f55261646fc1ce0261fd3b9a16145b4e77e48d885c02,e6f9a20b2c66858d16c86f33a175a4bd6e619c0be733eca257d8773c039f24bd,98ceb3d9a6d14c86,91.64295833414194,77.7025666093518,547c423cecb726ca,[],0.0,esp_016148_2040,['train'],1.0,Counter({'train': 1}),test,57c68b4a4db96233,True,hirise_clean,0,C:\Users\deves\OneDrive\Desktop\Projects\TCMD-SS\data\raw\hirise_v3_2\map-proj-v3_2\ESP_016148_2040_RED-0208.jpg
map-proj-v3_2/ESP_016148_2040_RED-0216.jpg,ok,,JPEG,227.0,227.0,L,1.0,1.0,normal,slope streak,train,esp_016148_2040_red-0216,[],00ce3c1b4f5aebeb98c3ae2827de5e965cff39557119b42f7494b146e44bdb7f,9085bf1d8145b24c609819482398ea62373da0935d41b2b444b2c0d99efb8d65,803788cd77b359cc,189.13291544567136,14.082335977270874,98f7f72ceea90c31,[],3.0,esp_016148_2040,['train'],1.0,Counter({'train': 1}),test,57c68b4a4db96233,True,hirise_clean,0,C:\Users\deves\OneDrive\Desktop\Projects\TCMD-SS\data\raw\hirise_v3_2\map-proj-v3_2\ESP_016148_2040_RED-0216.jpg
map-proj-v3_2/ESP_016148_2040_RED-0222.jpg,ok,,JPEG,227.0,227.0,L,1.0,1.0,normal,slope streak,train,esp_016148_2040_red-0222,[],5293c0d41031241c4f9b24e2203b7601688b66471cf2d48af14d35cd1d000863,1afbfc5069429bb3a5db3bc8558c78431720992d9eddb84b1dda24f52b6160f0,c4d595e23a8eb0e5,176.22036134991947,28.506570417797317,71a1ec9c98d12c6c,[],3.0,esp_016148_2040,['train'],1.0,Counter({'train': 1}),test,57c68b4a4db96233,True,hirise_clean,0,C:\Users\deves\OneDrive\Desktop\Projects\TCMD-SS\data\raw\hirise_v3_2\map-proj-v3_2\ESP_016148_2040_RED-0222.jpg
map-proj-v3_2/ESP_016148_2040_RED-0226.jpg,ok,,JPEG,227.0,227.0,L,1.0,1.0,normal,other,train,esp_016148_2040_red-0226,[],0c05af9de9842324c34a59a650541ed748376c7b7398c3d249957f82b78568f7,44fe5f98397f9d0ad8ab698d998afb904baaad466450853474bbebaa5e2bf483,feea1b48ce05e4c4,155.17304818645812,38.08156956998092,409680e739cd261b,[],0.0,esp_016148_2040,['train'],1.0,Counter({'train': 1}),test,57c68b4a4db96233,True,hirise_clean,0,C:\Users\deves\OneDrive\Desktop\Projects\TCMD-SS\data\raw\hirise_v3_2\map-proj-v3_2\ESP_016148_2040_RED-0226.jpg
map-proj-v3_2/ESP_016148_2040_RED-0228.jpg,ok,,JPEG,227.0,227.0,L,1.0,1.0,normal,other,train,esp_016148_2040_red-0228,[],9350224b775616a8051281f3153a034b1bd31bfc1e4224df8e21945a85dac60f,a0b9c0ed463d980613fe76a85a79d58b6c77a8d8459d713cfe389d13effb2d26,f47039982ef5193c,158.46857109588774,15.147038417618504,3eca0190183fbd85,[],0.0,esp_016148_2040,['train'],1.0,Counter({'train': 1}),test,57c68b4a4db96233,True,hirise_clean,0,C:\Users\deves\OneDrive\Desktop\Projects\TCMD-SS\data\raw\hirise_v3_2\map-proj-v3_2\ESP_016148_2040_RED-0228.jpg
map-proj-v3_2/ESP_016148_2040_RED-0229.jpg,ok,,JPEG,227.0,227.0,L,1.0,1.0,normal,other,train,esp_016148_2040_red-0229,[],d4bf7bceca25ce8ca2d0c566ae6d44ef366a47be2c9b4848c13bc72b92ba61ee,d9687932af973d0c33155628bbb310a81fd2f66f2d66026246860589666cdfa4,cb25125deec79189,119.12907294921308,75.95432554564235,40b2340bcf110880,[],0.0,esp_016148_2040,['train'],1.0,Counter({'train': 1}),test,57c68b4a4db96233,True,hirise_clean,0,C:\Users\deves\OneDrive\Desktop\Projects\TCMD-SS\data\raw\hirise_v3_2\map-proj-v3_2\ESP_016148_2040_RED-0229.jpg
map-proj-v3_2/ESP_016148_2040_RED-0239.jpg,ok,,JPEG,227.0,227.0,L,1.0,1.0,normal,other,train,esp_016148_2040_red-0239,[],95832ba78591c29551ebea6a8059bb3b1231fd6be74351a68d91f618d8f4177b,9d6d4a05259371be88f471d50d32f52451f02085a3366393b275d17dbb83867a,99b4a90e78ba550f,149.50142638126104,24.692858825445317,1e736daf86643521,[],0.0,esp_016148_2040,['train'],1.0,Counter({'train': 1}),test,57c68b4a4db96233,True,hirise_clean,0,C:\Users\deves\OneDrive\Desktop\Projects\TCMD-SS\data\raw\hirise_v3_2\map-proj-v3_2\ESP_016148_2040_RED-0239.jpg
map-proj-v3_2/ESP_016148_2040_RED-0240.jpg,ok,,JPEG,227.0,227.0,L,1.0,1.0,normal,other,train,esp_016148_2040_red-0240,[],84a0088231b6f7b176fc7707409863955d1a08598d3655fd0b42f6d55ddc3276,6c7a0bbf6aebc43ac6cc5abaaddfdaf2a68abe15fb736cb65c2a9a28abb4db31,d570191f061f1f0f,129.86681286265986,58.370139296186345,e6f08b08cd1a6548,[],0.0,esp_016148_2040,['train'],1.0,Counter({'train': 1}),test,57c68b4a4db96233,True,hirise_clean,0,C:\Users\deves\OneDrive\Desktop\Projects\TCMD-SS\data\raw\hirise_v3_2\map-proj-v3_2\ESP_016148_2040_RED-0240.jpg
map-proj-v3_2/ESP_016148_2040_RED-0242.jpg,ok,,JPEG,227.0,227.0,L,1.0,1.0,normal,other,train,esp_016148_2040_red-0242,[],885445c8b0dc7180297a40bc4c9ac249f584595bf7babd0d5e248e5bce210acf,c61cde202bb55688891943c98e58e21f99f7869ebef43a6045915a67653caf43,aed2c6137e50f704,153.1744260513497,22.635460495772215,d7566bb3e4f10ebd,[],0.0,esp_016148_2040,['train'],1.0,Counter({'train': 1}),test,57c68b4a4db96233,True,hirise_clean,0,C:\Users\deves\OneDrive\Desktop\Projects\TCMD-SS\data\raw\hirise_v3_2\map-proj-v3_2\ESP_016148_2040_RED-0242.jpg
map-proj-v3_2/ESP_016151_1445_RED-0018.jpg,ok,,JPEG,227.0,227.0,L,1.0,1.0,normal,other,train,esp_016151_1445_red-0018,[],884110a70640388c7b4771045337cd8eb4ff1050f16551a992a7023c34242217,66408656252c8579e8da3ae66431d629037ca76c95a16a9ca9d7ed18eae79bdc,dd9d0de61d132589,115.12717110753168,14.256460633424975,fff4a35896676b3c,[],0.0,esp_016151_1445,['train'],1.0,Counter({'train': 1}),test,2a71c1070001392b,True,hirise_clean,0,C:\Users\deves\OneDrive\Desktop\Projects\TCMD-SS\data\raw\hirise_v3_2\map-proj-v3_2\ESP_016151_1445_RED-0018.jpg
map-proj-v3_2/ESP_016151_1445_RED-0021.jpg,ok,,JPEG,227.0,227.0,L,1.0,1.0,normal,other,train,esp_016151_1445_red-0021,[],add3d003a24ddf6fa615244c251379906a5db09cbafcd0929f47b7abc78980f3,cdfe4b16b5c8ffa2113764b99b9e56d1bb48c67ba337e88c69c14901d4a3e9be,869a7be708d0a679,86.85561528459702,43.62918594435338,1aa8224b557b3903,[],0.0,esp_016151_1445,['train'],1.0,Counter({'train': 1}),test,2a71c1070001392b,True,hirise_clean,0,C:\Users\deves\OneDrive\Desktop\Projects\TCMD-SS\data\raw\hirise_v3_2\map-proj-v3_2\ESP_016151_1445_RED-0021.jpg
map-proj-v3_2/ESP_016151_1445_RED-0030.jpg,ok,,JPEG,227.0,227.0,L,1.0,1.0,normal,other,train,esp_016151_1445_red-0030,[],f2411204801dbcf6d8cdf217b796c0bfef901d06eee0a7d604db4ed80e631a51,f7b46b473aab068c78b382f42697d3a04db97f6091a408273406b8b0957601c2,8b0d3366841abfe6,109.21058044984376,14.048011253750568,c65e00692b11572b,[],0.0,esp_016151_1445,['train'],1.0,Counter({'train': 1}),test,2a71c1070001392b,True,hirise_clean,0,C:\Users\deves\OneDrive\Desktop\Projects\TCMD-SS\data\raw\hirise_v3_2\map-proj-v3_2\ESP_016151_1445_RED-0030.jpg
map-proj-v3_2/ESP_016151_1445_RED-0046.jpg,ok,,JPEG,227.0,227.0,L,1.0,1.0,normal,other,train,esp_016151_1445_red-0046,[],77fefba7fe8bb7509c5ce100cc0c3471b3e5e3b5d0f58b7389a6708d0bd4f806,2c656bb22c677b38b869a74942658324816f56dc34653d37e4dcffee3944510e,e799b2665e193264,115.19010654194726,14.084996141623698,e529ae9301b3ede6,[],0.0,esp_016151_1445,['train'],1.0,Counter({'train': 1}),test,2a71c1070001392b,True,hirise_clean,0,C:\Users\deves\OneDrive\Desktop\Projects\TCMD-SS\data\raw\hirise_v3_2\map-proj-v3_2\ESP_016151_1445_RED-0046.jpg
map-proj-v3_2/ESP_016151_1445_RED-0059.jpg,ok,,JPEG,227.0,227.0,L,1.0,1.0,normal,other,train,esp_016151_1445_red-0059,[],dd7d6876805de7764fe64051f83e5be592e6b05add59a8e757ac4a7743db8d54,d157ddb3ed524916c8dc279b5c32fd7b104d517075b1f9bc9360ffbb96efb788,8ec77953869931a3,81.0555415397155,55.88211439549796,1bb3f413c281261b,[],0.0,esp_016151_1445,['train'],1.0,Counter({'train': 1}),test,2a71c1070001392b,True,hirise_clean,0,C:\Users\deves\OneDrive\Desktop\Projects\TCMD-SS\data\raw\hirise_v3_2\map-proj-v3_2\ESP_016151_1445_RED-0059.jpg
map-proj-v3_2/ESP_016151_1445_RED-0065.jpg,ok,,JPEG,227.0,227.0,L,1.0,1.0,normal,other,train,esp_016151_1445_red-0065,[],98b87b1cb9b08d0f21bc71161f9e4dd63141701d1328a437ba06d9b1c8e345c7,b5061bbddd7bc444e745cc3434e8b785abee452b4d34d741bdb80d8e94fbea23,9b10973726409dfb,117.65145840206486,15.565035719649677,6bdc02227d377686,[],0.0,esp_016151_1445,['train'],1.0,Counter({'train': 1}),test,2a71c1070001392b,True,hirise_clean,0,C:\Users\deves\OneDrive\Desktop\Projects\TCMD-SS\data\raw\hirise_v3_2\map-proj-v3_2\ESP_016151_1445_RED-0065.jpg
map-proj-v3_2/ESP_016151_1445_RED-0071.jpg,ok,,JPEG,227.0,227.0,L,1.0,1.0,normal,other,train,esp_016151_1445_red-0071,[],6689dfa8057c61ea8f76bfa7156c75074208f676a9264fb3c90294c656f04956,266653a9a654689ed169238652c5462e7977fddb9a9c8c61ac7ca2efc3af6186,faeae36642895386,119.81909216169537,14.93089620012417,6c0d33bf6e586702,[],0.0,esp_016151_1445,['train'],1.0,Counter({'train': 1}),test,2a71c1070001392b,True,hirise_clean,0,C:\Users\deves\OneDrive\Desktop\Projects\TCMD-SS\data\raw\hirise_v3_2\map-proj-v3_2\ESP_016151_1445_RED-0071.jpg
map-proj-v3_2/ESP_016151_1445_RED-0077.jpg,ok,,JPEG,227.0,227.0,L,1.0,1.0,normal,other,train,esp_016151_1445_red-0077,[],a55edbc15d5a58d2fb9ce4e68dae334c10595cc819a474b96c8f0816f28cee1c,203d356f88f3fccff3fca74f5dcdff4a69a8ce18062565e2f0e81beb8b197fa9,8f2f4b93209bfc30,113.77756214946923,15.627916082860269,737d451abc91dfd0,[],0.0,esp_016151_1445,['train'],1.0,Counter({'train': 1}),test,2a71c1070001392b,True,hirise_clean,0,C:\Users\deves\OneDrive\Desktop\Projects\TCMD-SS\data\raw\hirise_v3_2\map-proj-v3_2\ESP_016151_1445_RED-0077.jpg
map-proj-v3_2/ESP_016151_1445_RED-0080.jpg,ok,,JPEG,227.0,227.0,L,1.0,1.0,normal,other,train,esp_016151_1445_red-0080,[],da4731df38710730efac77b341a0c4d4293eb74a0add1dd146ba788fa0023d47,0370b50f4322c565d3cff8e681bc108c3f3a08b33ed99fb812a25aab73dc930b,a40e5bc057eedc94,116.96625201342933,13.528134659880957,9066d4d74c135e07,[],0.0,esp_016151_1445,['train'],1.0,Counter({'train': 1}),test,2a71c1070001392b,True,hirise_clean,0,C:\Users\deves\OneDrive\Desktop\Projects\TCMD-SS\data\raw\hirise_v3_2\map-proj-v3_2\ESP_016151_1445_RED-0080.jpg
map-proj-v3_2/ESP_016151_1445_RED-0083.jpg,ok,,JPEG,227.0,227.0,L,1.0,1.0,normal,other,train,esp_016151_1445_red-0083,[],1dff37b7d7278b988f1ba4eeb1731bba795e8de2c6cfc03cd8fd52528d7ec3df,20f8afdf5fd737a21a2821f90e05b8c5d0204dd6b46ffbfdf76ba8f2bbee7b40,b02faa4411abff70,117.57982883424869,16.56511844750545,e2f17273db6fc2bb,[],0.0,esp_016151_1445,['train'],1.0,Counter({'train': 1}),test,2a71c1070001392b,True,hirise_clean,0,C:\Users\deves\OneDrive\Desktop\Projects\TCMD-SS\data\raw\hirise_v3_2\map-proj-v3_2\ESP_016151_1445_RED-0083.jpg
map-proj-v3_2/ESP_016151_1445_RED-0087.jpg,ok,,JPEG,227.0,227.0,L,1.0,1.0,normal,other,train,esp_016151_1445_red-0087,[],7169091f9e5410196b41e35f6dae0a36b526c73a1754c708c065793f29427890,1a82bc655b2e884e4d57ad752bd60578a2e25a55240c3c0c913ccbb598030823,90024f638fbcf0f5,115.4723941857983,14.345669372631816,85de4d6d364f5527,[],0.0,esp_016151_1445,['train'],1.0,Counter({'train': 1}),test,2a71c1070001392b,True,hirise_clean,0,C:\Users\deves\OneDrive\Desktop\Projects\TCMD-SS\data\raw\hirise_v3_2\map-proj-v3_2\ESP_016151_1445_RED-0087.jpg
map-proj-v3_2/ESP_016151_1445_RED-0088.jpg,ok,,JPEG,227.0,227.0,L,1.0,1.0,normal,other,train,esp_016151_1445_red-0088,[],69a58721fca420c78ae3c5e7547ab43d8328da317113887f674016f82764b208,69c7efecf1db5bbcc37a9576eb0ead1af32a77a178d1eb9f2e16fdc8393b4234,87e198e3ca962b56,89.47233596615499,48.51563646896912,623d037b8a96e270,[],0.0,esp_016151_1445,['train'],1.0,Counter({'train': 1}),test,2a71c1070001392b,True,hirise_clean,0,C:\Users\deves\OneDrive\Desktop\Projects\TCMD-SS\data\raw\hirise_v3_2\map-proj-v3_2\ESP_016151_1445_RED-0088.jpg
map-proj-v3_2/ESP_016151_1445_RED-0099.jpg,ok,,JPEG,227.0,227.0,L,1.0,1.0,normal,other,train,esp_016151_1445_red-0099,[],2a5f30893564e632d749ca8c972647f8ecf547cd50f93c1d8fb4e67a32180cef,98007f3259a5a9fda922de8fba0aca225fe2bc1150bae4be8d355491117b4cc7,94923a2ceb32e2dd,118.003784276815,15.19579898841872,64b0f346931fed5c,[],0.0,esp_016151_1445,['train'],1.0,Counter({'train': 1}),test,2a71c1070001392b,True,hirise_clean,0,C:\Users\deves\OneDrive\Desktop\Projects\TCMD-SS\data\raw\hirise_v3_2\map-proj-v3_2\ESP_016151_1445_RED-0099.jpg
map-proj-v3_2/ESP_016151_1445_RED-0110.jpg,ok,,JPEG,227.0,227.0,L,1.0,1.0,normal,other,train,esp_016151_1445_red-0110,[],f8af225355990965b9647d615e51570454ef43772da4b5ae1a6d860312ce8cbf,9775eb809c592475937193df24f0496ee1679e0f44bdfb0e8b5df542caa9f87a,8302163f63cfba4d,114.6188359952648,15.019584953962976,0c7c0cf3b96cd56c,[],0.0,esp_016151_1445,['train'],1.0,Counter({'train': 1}),test,2a71c1070001392b,True,hirise_clean,0,C:\Users\deves\OneDrive\Desktop\Projects\TCMD-SS\data\raw\hirise_v3_2\map-proj-v3_2\ESP_016151_1445_RED-0110.jpg
map-proj-v3_2/ESP_016151_1445_RED-0122.jpg,ok,,JPEG,227.0,227.0,L,1.0,1.0,normal,other,train,esp_016151_1445_red-0122,[],205a23a0ee6ffa6fa5826b8305616d4790ed1c5f2033a0d38c975146bb978914,4703c46bfe3be0288a5cead2d771980e4f9d880866978b469cd54ec18da46dcd,b946ee4d1b36c4a8,108.66603271943954,14.059981734002152,f4b782eb1932de9c,[],0.0,esp_016151_1445,['train'],1.0,Counter({'train': 1}),test,2a71c1070001392b,True,hirise_clean,0,C:\Users\deves\OneDrive\Desktop\Projects\TCMD-SS\data\raw\hirise_v3_2\map-proj-v3_2\ESP_016151_1445_RED-0122.jpg
map-proj-v3_2/ESP_016151_1445_RED-0125.jpg,ok,,JPEG,227.0,227.0,L,1.0,1.0,normal,other,train,esp_016151_1445_red-0125,[],a7c20e3bcc1013173941d06e4f06418dc92bd6be21aae71c985dae18898dec54,19fc0da29c0d218fcc6493e6b02999bc25a98bef3fce116b1d1e01e0649e5e46,841033c637ed1f7c,114.57965417531877,14.825432948727125,1906b311f156d191,[],0.0,esp_016151_1445,['train'],1.0,Counter({'train': 1}),test,2a71c1070001392b,True,hirise_clean,0,C:\Users\deves\OneDrive\Desktop\Projects\TCMD-SS\data\raw\hirise_v3_2\map-proj-v3_2\ESP_016151_1445_RED-0125.jpg
map-proj-v3_2/ESP_016151_1445_RED-0127.jpg,ok,,JPEG,227.0,227.0,L,1.0,1.0,normal,other,train,esp_016151_1445_red-0127,[],117a0adb6a403e15160a4ac7fb0a936f5a29b86fb582c9a0c3e6d18fb0181014,126424ec14546fcd0d8345624c270b31b9dc5bc30b717c1f35c1fa4296c34d52,f89075c9d83352f4,109.28517921946865,15.436515777710555,ea889f1f3b64bf98,[],0.0,esp_016151_1445,['train'],1.0,Counter({'train': 1}),test,2a71c1070001392b,True,hirise_clean,0,C:\Users\deves\OneDrive\Desktop\Projects\TCMD-SS\data\raw\hirise_v3_2\map-proj-v3_2\ESP_016151_1445_RED-0127.jpg
map-proj-v3_2/ESP_016151_1445_RED-0128.jpg,ok,,JPEG,227.0,227.0,L,1.0,1.0,normal,other,train,esp_016151_1445_red-0128,[],cf1a768a06a282666e9eb07fe49bf4eef62cf5c7e579faee6f1d242ce1ec03f7,a9ac43b7af112b85d0e848a68b288d6442ce2a04595de14c2b74eb7ad337b979,a622edc9923267cd,116.10151565138078,15.881007760575615,e0f3f7eb8e7ece98,[],0.0,esp_016151_1445,['train'],1.0,Counter({'train': 1}),test,2a71c1070001392b,True,hirise_clean,0,C:\Users\deves\OneDrive\Desktop\Projects\TCMD-SS\data\raw\hirise_v3_2\map-proj-v3_2\ESP_016151_1445_RED-0128.jpg
map-proj-v3_2/ESP_016151_1445_RED-0133.jpg,ok,,JPEG,227.0,227.0,L,1.0,1.0,normal,other,train,esp_016151_1445_red-0133,[],22f7e6e5ea2aee1e87347496f4c51995ba11a330e2398e921b1c97172f93221d,4ddb35e4c472b5de99ed0b28584df74f6d102566cd2e9a647ca27b4424fdb91c,9aaa5bb06367a686,111.94211026800444,15.671395083429,6de617de651fb335,[],0.0,esp_016151_1445,['train'],1.0,Counter({'train': 1}),test,2a71c1070001392b,True,hirise_clean,0,C:\Users\deves\OneDrive\Desktop\Projects\TCMD-SS\data\raw\hirise_v3_2\map-proj-v3_2\ESP_016151_1445_RED-0133.jpg
map-proj-v3_2/ESP_016151_1445_RED-0136.jpg,ok,,JPEG,227.0,227.0,L,1.0,1.0,normal,other,train,esp_016151_1445_red-0136,[],be5c3aed7fd9edc366da55e1d010a1dfe85253864423adfb4724265ae5e958b5,9ee4f788918549cdfe36fb4b2447645a2f324098dda0ecef5355620485f76241,e64d9a1225edd931,112.6277824137864,15.134650139990464,eee257c5f15ac1f3,[],0.0,esp_016151_1445,['train'],1.0,Counter({'train': 1}),test,2a71c1070001392b,True,hirise_clean,0,C:\Users\deves\OneDrive\Desktop\Projects\TCMD-SS\data\raw\hirise_v3_2\map-proj-v3_2\ESP_016151_1445_RED-0136.jpg
map-proj-v3_2/ESP_016151_1445_RED-0147.jpg,ok,,JPEG,227.0,227.0,L,1.0,1.0,normal,other,train,esp_016151_1445_red-0147,[],2ca7fced9c8ad515a0d34cbdb4c2c90336bbcd2c7a3d2acc743cf98a27af32f7,5c71ede347c04fdbb0c9239db82f3e0164d28bbdf895c6655f352b62def51277,ce30bbe6800b1d7b,117.21754740049292,14.894020543900428,4d9c6409c07a00e6,[],0.0,esp_016151_1445,['train'],1.0,Counter({'train': 1}),test,2a71c1070001392b,True,hirise_clean,0,C:\Users\deves\OneDrive\Desktop\Projects\TCMD-SS\data\raw\hirise_v3_2\map-proj-v3_2\ESP_016151_1445_RED-0147.jpg
map-proj-v3_2/ESP_016151_1445_RED-0153.jpg,ok,,JPEG,227.0,227.0,L,1.0,1.0,normal,other,train,esp_016151_1445_red-0153,[],4a2984442fff78245bbce0ab4f4a6a4d676724a2f4e29956a6e88516206f5b45,0d88fb642201da32f2dbf3be3fd69e055000b103fe05c9f0dd5f1e9f269dbec2,fb8b33c6f46081a3,119.38421083273496,14.06181850058635,19fae898e7e5a15e,[],0.0,esp_016151_1445,['train'],1.0,Counter({'train': 1}),test,2a71c1070001392b,True,hirise_clean,0,C:\Users\deves\OneDrive\Desktop\Projects\TCMD-SS\data\raw\hirise_v3_2\map-proj-v3_2\ESP_016151_1445_RED-0153.jpg
map-proj-v3_2/ESP_016151_1445_RED-0154.jpg,ok,,JPEG,227.0,227.0,L,1.0,1.0,normal,other,train,esp_016151_1445_red-0154,[],0dc598f90bcca1e66c1f88324bc511680d8efe2bd55e4e530bfaada11c67f621,d5ae99201d98a31574d67daa32f6ebd46d0586d040f91e36f64062b23cf9f5a6,d6042ef8f0c50ff8,122.7872266102583,13.666771065053377,506a582088d4375b,[],0.0,esp_016151_1445,['train'],1.0,Counter({'train': 1}),test,2a71c1070001392b,True,hirise_clean,0,C:\Users\deves\OneDrive\Desktop\Projects\TCMD-SS\data\raw\hirise_v3_2\map-proj-v3_2\ESP_016151_1445_RED-0154.jpg
map-proj-v3_2/ESP_016151_1445_RED-0156.jpg,ok,,JPEG,227.0,227.0,L,1.0,1.0,normal,other,train,esp_016151_1445_red-0156,[],538370809bf8db88ae9067a761aa2e4cec0ee449d5974704100bcd3e0b083218,862e883e0d20783d1bb52496e5f2a23aaed479bb6b9429dfe28224e2f04982fe,c60e7bd21489db66,118.00442469289138,14.479381436295466,00d24f0fdbdda52d,[],0.0,esp_016151_1445,['train'],1.0,Counter({'train': 1}),test,2a71c1070001392b,True,hirise_clean,0,C:\Users\deves\OneDrive\Desktop\Projects\TCMD-SS\data\raw\hirise_v3_2\map-proj-v3_2\ESP_016151_1445_RED-0156.jpg
map-proj-v3_2/ESP_016151_1445_RED-0157.jpg,ok,,JPEG,227.0,227.0,L,1.0,1.0,normal,other,train,esp_016151_1445_red-0157,[],7392f23069c2c21fa08f9f606c833b2bb90c197a38617bb94428c3268fc0d6dd,51764978854ef7783d4f54d5558b1f013065c95c38e1c6f0038b9dc1bf0102c3,87c51fa04c9ab376,120.92266490713966,14.480838141629508,e77c32c8f6417fdd,[],0.0,esp_016151_1445,['train'],1.0,Counter({'train': 1}),test,2a71c1070001392b,True,hirise_clean,0,C:\Users\deves\OneDrive\Desktop\Projects\TCMD-SS\data\raw\hirise_v3_2\map-proj-v3_2\ESP_016151_1445_RED-0157.jpg
map-proj-v3_2/ESP_016151_1445_RED-0161.jpg,ok,,JPEG,227.0,227.0,L,1.0,1.0,normal,other,train,esp_016151_1445_red-0161,[],f1f50eb5a3bf1056aa3e342201785ec8fd725506ff102dbe9633802ca4b77a22,8834a316b571e444b68df90ba68fb23a0305ea6d02874257d2028c96676ade0b,d5529a02efdc9364,95.7257660734732,34.101873821544565,fff4171555bd8bf5,[],0.0,esp_016151_1445,['train'],1.0,Counter({'train': 1}),test,2a71c1070001392b,True,hirise_clean,0,C:\Users\deves\OneDrive\Desktop\Projects\TCMD-SS\data\raw\hirise_v3_2\map-proj-v3_2\ESP_016151_1445_RED-0161.jpg
map-proj-v3_2/ESP_016151_1445_RED-0168.jpg,ok,,JPEG,227.0,227.0,L,1.0,1.0,normal,other,train,esp_016151_1445_red-0168,[],97d3ebcd3287b16d5324b5d4444bd4b8e7a55e59bb652975b3f27e7e7c17d741,a4cc7af45aaaf953993a0078ad5f14c38833b027915461c73c94a8db05473d77,cdfcda328719f044,116.91443653088552,13.702470033020193,97c0ab92e067a8fe,[],0.0,esp_016151_1445,['train'],1.0,Counter({'train': 1}),test,2a71c1070001392b,True,hirise_clean,0,C:\Users\deves\OneDrive\Desktop\Projects\TCMD-SS\data\raw\hirise_v3_2\map-proj-v3_2\ESP_016151_1445_RED-0168.jpg
map-proj-v3_2/ESP_016151_1445_RED-0169.jpg,ok,,JPEG,227.0,227.0,L,1.0,1.0,normal,other,train,esp_016151_1445_red-0169,[],9d045032bdd3aa41bdcac85908c9cbb76f0349d8ca5e650d4cd3b188c5a9c236,1a52b8bd99a25e9789abab1829a88c7a1198f718d4df966877b50d415837f4c3,c590b3660dfbd42c,114.96095402588834,14.852161050661644,fefcd1feafcdab6e,[],0.0,esp_016151_1445,['train'],1.0,Counter({'train': 1}),test,2a71c1070001392b,True,hirise_clean,0,C:\Users\deves\OneDrive\Desktop\Projects\TCMD-SS\data\raw\hirise_v3_2\map-proj-v3_2\ESP_016151_1445_RED-0169.jpg
map-proj-v3_2/ESP_016151_1445_RED-0173.jpg,ok,,JPEG,227.0,227.0,L,1.0,1.0,normal,crater,train,esp_016151_1445_red-0173,[],a2516e236100388177dda06226c3b328aade3540f3af39ef9e45a27472955933,e06321d71f86ca06cbd626a79c8d97ca89d3eb1e3df3d502eca0018a570dc894,abd80cf3554c8c73,118.0468474063149,14.90769265852238,c419124a19c96c76,[],1.0,esp_016151_1445,['train'],1.0,Counter({'train': 1}),test,2a71c1070001392b,True,hirise_clean,0,C:\Users\deves\OneDrive\Desktop\Projects\TCMD-SS\data\raw\hirise_v3_2\map-proj-v3_2\ESP_016151_1445_RED-0173.jpg
map-proj-v3_2/ESP_016151_1445_RED-0176.jpg,ok,,JPEG,227.0,227.0,L,1.0,1.0,normal,other,train,esp_016151_1445_red-0176,[],81767233363c48afe450d3fd6f6e07fa2d85c503b0dd311594ccef8ff6417b66,1f4f03313f5890343a756a60f9c8c6285bbc2a9b5dda29c84686aa145b2bb0c0,82a458b56c75ccdd,115.92250965475752,14.960956633510111,0c5fbb68a5ed4c89,[],0.0,esp_016151_1445,['train'],1.0,Counter({'train': 1}),test,2a71c1070001392b,True,hirise_clean,0,C:\Users\deves\OneDrive\Desktop\Projects\TCMD-SS\data\raw\hirise_v3_2\map-proj-v3_2\ESP_016151_1445_RED-0176.jpg
map-proj-v3_2/ESP_016151_1445_RED-0180.jpg,ok,,JPEG,227.0,227.0,L,1.0,1.0,normal,other,train,esp_016151_1445_red-0180,[],0097765f85c0d606b6a3392b29af5e562b297b3e0306ab122a0daa5eb5842651,753e4c963fd7cbc993af5b93e88b37b5a653674a1899510d91080eebec5370b8,a6d8977c6479508d,111.48440683886744,11.826658626771811,941a1cad78ce6491,[],0.0,esp_016151_1445,['train'],1.0,Counter({'train': 1}),test,2a71c1070001392b,True,hirise_clean,0,C:\Users\deves\OneDrive\Desktop\Projects\TCMD-SS\data\raw\hirise_v3_2\map-proj-v3_2\ESP_016151_1445_RED-0180.jpg
map-proj-v3_2/ESP_016151_1445_RED-0187.jpg,ok,,JPEG,227.0,227.0,L,1.0,1.0,normal,other,train,esp_016151_1445_red-0187,[],8af47937e5d2b4ecbfc33b8bd08a805655fb9ee237223b3fcdc2e205aaf957e1,c13470f5b578765fffd72b9ae6e0e3aadb7552d4d5e1b781b86376657859b5a4,8cc7b345d9b12356,76.56560383473384,55.01741682003254,dcfc61f8a8a300ae,[],0.0,esp_016151_1445,['train'],1.0,Counter({'train': 1}),test,2a71c1070001392b,True,hirise_clean,0,C:\Users\deves\OneDrive\Desktop\Projects\TCMD-SS\data\raw\hirise_v3_2\map-proj-v3_2\ESP_016151_1445_RED-0187.jpg
map-proj-v3_2/ESP_016151_1445_RED-0202.jpg,ok,,JPEG,227.0,227.0,L,1.0,1.0,normal,crater,train,esp_016151_1445_red-0202,[],2aa276b634d49dd1ef382b9329e5e9621a620043f227387a9dc8af1aeaa9302d,ec2cf8c029642da006ec7f009bb014a5ac6f8d273e7882bab56c761b2c0c7154,b6f68982376cd892,113.67309670282754,17.29989786514603,fd9d9aaab99730a3,[],1.0,esp_016151_1445,['train'],1.0,Counter({'train': 1}),test,2a71c1070001392b,True,hirise_clean,0,C:\Users\deves\OneDrive\Desktop\Projects\TCMD-SS\data\raw\hirise_v3_2\map-proj-v3_2\ESP_016151_1445_RED-0202.jpg
map-proj-v3_2/ESP_016151_1445_RED-0203.jpg,ok,,JPEG,227.0,227.0,L,1.0,1.0,normal,other,train,esp_016151_1445_red-0203,[],b872478c7a737f8ad2e7140e57d0261b296631c26fd5938b945b9266f5e681b4,90c33c98faf6379efa0d0b10d131fc73641266b4aad72a97d1991eb0f2b0b6a5,899fb463cc197326,121.9532108133284,14.827231987927435,51ba006390fcedab,[],0.0,esp_016151_1445,['train'],1.0,Counter({'train': 1}),test,2a71c1070001392b,True,hirise_clean,0,C:\Users\deves\OneDrive\Desktop\Projects\TCMD-SS\data\raw\hirise_v3_2\map-proj-v3_2\ESP_016151_1445_RED-0203.jpg
map-proj-v3_2/ESP_016151_1445_RED-0209.jpg,ok,,JPEG,227.0,227.0,L,1.0,1.0,normal,other,train,esp_016151_1445_red-0209,[],6385d2c7f91497afba8f3414bfb4debd71987ebaf785364db9f7a2d3e09c0735,b8e748e34ec9afaddd625056dff2d5ace6d2dfcbeddd6e58a13aaf8a85d448bc,fcd5102d600dfb66,118.81294028605252,14.970631740009248,5bd947216f7f5657,[],0.0,esp_016151_1445,['train'],1.0,Counter({'train': 1}),test,2a71c1070001392b,True,hirise_clean,0,C:\Users\deves\OneDrive\Desktop\Projects\TCMD-SS\data\raw\hirise_v3_2\map-proj-v3_2\ESP_016151_1445_RED-0209.jpg
map-proj-v3_2/ESP_016151_1445_RED-0213.jpg,ok,,JPEG,227.0,227.0,L,1.0,1.0,normal,other,train,esp_016151_1445_red-0213,[],68634bebd9aac5a35f32bfe50b58ccfb13d88dfc868da0930120ccdd026b13d1,f014b5922f22035f60e8f8eed1247a406c32c27ee0753d35f1370eeef51f5b93,9a870d7932266d9b,123.97286964621864,13.808982667967738,8ca1e5be61ac4632,[],0.0,esp_016151_1445,['train'],1.0,Counter({'train': 1}),test,2a71c1070001392b,True,hirise_clean,0,C:\Users\deves\OneDrive\Desktop\Projects\TCMD-SS\data\raw\hirise_v3_2\map-proj-v3_2\ESP_016151_1445_RED-0213.jpg
map-proj-v3_2/ESP_016151_1445_RED-0218.jpg,ok,,JPEG,227.0,227.0,L,1.0,1.0,normal,other,train,esp_016151_1445_red-0218,[],ef0a9c75d5cbf5e7bf6458e9597e61d837aea007311bbe0cdcb21918217d1a9f,ba30a89def6477a6d372d9edc81a8ac06da094e78b49e01ff1a09893dcda3cf1,f83563c31ef464c1,112.31731646257448,13.836983058018332,34f14cd913097d92,[],0.0,esp_016151_1445,['train'],1.0,Counter({'train': 1}),test,2a71c1070001392b,True,hirise_clean,0,C:\Users\deves\OneDrive\Desktop\Projects\TCMD-SS\data\raw\hirise_v3_2\map-proj-v3_2\ESP_016151_1445_RED-0218.jpg
map-proj-v3_2/ESP_016151_1445_RED-0224.jpg,ok,,JPEG,227.0,227.0,L,1.0,1.0,normal,other,train,esp_016151_1445_red-0224,[],2fc9ff3377b904eee783738931979f157917b7f802b6b88ec489ebb4da5c91ca,6de65bc0b778919eeaa54107c081e25ff6967c2afd27cef4486f5a6a5892375f,9c0e9f899d66c932,108.72780376098896,14.206833434531436,b91775bac4bcb74c,[],0.0,esp_016151_1445,['train'],1.0,Counter({'train': 1}),test,2a71c1070001392b,True,hirise_clean,0,C:\Users\deves\OneDrive\Desktop\Projects\TCMD-SS\data\raw\hirise_v3_2\map-proj-v3_2\ESP_016151_1445_RED-0224.jpg
map-proj-v3_2/ESP_016151_1445_RED-0227.jpg,ok,,JPEG,227.0,227.0,L,1.0,1.0,normal,other,train,esp_016151_1445_red-0227,[],1aa563e586725ddeb26a22f328c831f81d19f86bc696b48ecc49d1db6bba04d0,b184ab69a34988f45322bb92f8cddb3c8ad4317318b6cb3f37d5032f2deafae3,ffef01e4c0336688,123.45607327912438,16.03318161098813,2f24cc9404545c67,[],0.0,esp_016151_1445,['train'],1.0,Counter({'train': 1}),test,2a71c1070001392b,True,hirise_clean,0,C:\Users\deves\OneDrive\Desktop\Projects\TCMD-SS\data\raw\hirise_v3_2\map-proj-v3_2\ESP_016151_1445_RED-0227.jpg
map-proj-v3_2/ESP_016151_1445_RED-0229.jpg,ok,,JPEG,227.0,227.0,L,1.0,1.0,normal,other,train,esp_016151_1445_red-0229,[],9e5906c4149c908e4e5bac3df5274086193f82bc167361d3284ee0df08c0bd8c,5f754ef0f045ea02736ed8fe454ef2cb045ce7dcf85ab7fbe2fe566c898e5b4b,db69800dfd1cf909,77.32866929301946,50.85114280848315,5986dc8ecd99c259,[],0.0,esp_016151_1445,['train'],1.0,Counter({'train': 1}),test,2a71c1070001392b,True,hirise_clean,0,C:\Users\deves\OneDrive\Desktop\Projects\TCMD-SS\data\raw\hirise_v3_2\map-proj-v3_2\ESP_016151_1445_RED-0229.jpg
map-proj-v3_2/ESP_016151_1445_RED-0232.jpg,ok,,JPEG,227.0,227.0,L,1.0,1.0,normal,other,train,esp_016151_1445_red-0232,[],eddba4147a0d12e3d8698f7546531ff9e8f39f7d4d908df69b9d1471cd46bc85,3af23dceba364f6b41952af96b727d4bc245477e9ce6cf32d4902c52255bf839,e0c19647ab58f372,114.05748219449242,14.2533744163109,af6209a5a08d5366,[],0.0,esp_016151_1445,['train'],1.0,Counter({'train': 1}),test,2a71c1070001392b,True,hirise_clean,0,C:\Users\deves\OneDrive\Desktop\Projects\TCMD-SS\data\raw\hirise_v3_2\map-proj-v3_2\ESP_016151_1445_RED-0232.jpg
map-proj-v3_2/ESP_016151_1445_RED-0234.jpg,ok,,JPEG,227.0,227.0,L,1.0,1.0,normal,other,train,esp_016151_1445_red-0234,[],c085785978fe50a899ba70581cc60cd97d5064947fa3aa87a452f03e613cdcb3,34d0a5f875592c0f3be7f902fd4012726417c61e03e7a9234ca3d5bc67b54bc9,e52d3a410de98b3e,119.92681790836228,13.813594952302145,a8eb781a16846d53,[],0.0,esp_016151_1445,['train'],1.0,Counter({'train': 1}),test,2a71c1070001392b,True,hirise_clean,0,C:\Users\deves\OneDrive\Desktop\Projects\TCMD-SS\data\raw\hirise_v3_2\map-proj-v3_2\ESP_016151_1445_RED-0234.jpg
map-proj-v3_2/ESP_016151_1445_RED-0245.jpg,ok,,JPEG,227.0,227.0,L,1.0,1.0,normal,other,train,esp_016151_1445_red-0245,[],31c91d5cd6b946e53034c559dd9fbecb109ea03c736afc03c229700105edc006,6890ac8ce7ea0c5896ca291e59376d3175390bb64ad4834e24ab66f371707213,fc9323762e59822e,109.9890353005104,14.026231655857972,27ce330a8815ce92,[],0.0,esp_016151_1445,['train'],1.0,Counter({'train': 1}),test,2a71c1070001392b,True,hirise_clean,0,C:\Users\deves\OneDrive\Desktop\Projects\TCMD-SS\data\raw\hirise_v3_2\map-proj-v3_2\ESP_016151_1445_RED-0245.jpg
map-proj-v3_2/ESP_016151_1445_RED-0248.jpg,ok,,JPEG,227.0,227.0,L,1.0,1.0,normal,other,train,esp_016151_1445_red-0248,[],16fc2afa30187bd522757568d27dca390ead8d1054f4536863e9e8e3f39e9b10,deeda78a752e538e436fec42fd2ea7a94af42f0640c2a90d9fd15b86663d75a6,a7e6e61536744634,102.99051019814084,13.940736131260936,67f75c356ea1dbb8,[],0.0,esp_016151_1445,['train'],1.0,Counter({'train': 1}),test,2a71c1070001392b,True,hirise_clean,0,C:\Users\deves\OneDrive\Desktop\Projects\TCMD-SS\data\raw\hirise_v3_2\map-proj-v3_2\ESP_016151_1445_RED-0248.jpg
map-proj-v3_2/ESP_016151_1445_RED-0256.jpg,ok,,JPEG,227.0,227.0,L,1.0,1.0,normal,crater,train,esp_016151_1445_red-0256,[],9bd4ee3e3ab7efe6c326145fd398eb9ecc376d57c26a34ee60173eebc9b84578,d31f13c3b171bba39e3b83e477a7b92c38c0e55c10981c1b4cb68224d369bbe4,c30fcc0c6c93376d,124.86227173048188,12.976554066172714,cd3dc84a330630b6,[],1.0,esp_016151_1445,['train'],1.0,Counter({'train': 1}),test,2a71c1070001392b,True,hirise_clean,0,C:\Users\deves\OneDrive\Desktop\Projects\TCMD-SS\data\raw\hirise_v3_2\map-proj-v3_2\ESP_016151_1445_RED-0256.jpg
map-proj-v3_2/ESP_016151_1445_RED-0263.jpg,ok,,JPEG,227.0,227.0,L,1.0,1.0,normal,other,train,esp_016151_1445_red-0263,[],88e4ba49743926c2070e248f5bfa280a468ddc31f7ddf8974ef8d81b9264e38d,08d769940625b092f429731582c382ef4aa3fcc9c5c43c2c381d24ec9f0d6289,ed999c32c313674c,120.3627471909022,14.87566087702065,684e9023b438d80f,[],0.0,esp_016151_1445,['train'],1.0,Counter({'train': 1}),test,2a71c1070001392b,True,hirise_clean,0,C:\Users\deves\OneDrive\Desktop\Projects\TCMD-SS\data\raw\hirise_v3_2\map-proj-v3_2\ESP_016151_1445_RED-0263.jpg
map-proj-v3_2/ESP_016151_1445_RED-0276.jpg,ok,,JPEG,227.0,227.0,L,1.0,1.0,normal,other,train,esp_016151_1445_red-0276,[],107bb8e1674bc97ad9e0e84b6aea952e74547adedf092ddd264382bad4788ef0,499cbf5132de806cc6ad6c8ba1f122233c36b9efdc19f311f180a81b1d93c038,80ff40e6edd1214f,128.34058491334977,22.48080196178709,27a307de1f3438c3,[],0.0,esp_016151_1445,['train'],1.0,Counter({'train': 1}),test,2a71c1070001392b,True,hirise_clean,0,C:\Users\deves\OneDrive\Desktop\Projects\TCMD-SS\data\raw\hirise_v3_2\map-proj-v3_2\ESP_016151_1445_RED-0276.jpg
map-proj-v3_2/ESP_016151_1445_RED-0281.jpg,ok,,JPEG,227.0,227.0,L,1.0,1.0,normal,other,train,esp_016151_1445_red-0281,[],0e6900aba77541d6d970eb4923d47d7e0b91f469cfb9018711aa825433ff2fb1,e9fdc13830b4b8b75c27fbf62773cf9e06b78638d2bb3b0a0d9a82cfad88e04c,893dad71d1a01ef1,122.48095247336452,15.39939883570171,0ce42d0210661cbc,[],0.0,esp_016151_1445,['train'],1.0,Counter({'train': 1}),test,2a71c1070001392b,True,hirise_clean,0,C:\Users\deves\OneDrive\Desktop\Projects\TCMD-SS\data\raw\hirise_v3_2\map-proj-v3_2\ESP_016151_1445_RED-0281.jpg
map-proj-v3_2/ESP_016151_1445_RED-0282.jpg,ok,,JPEG,227.0,227.0,L,1.0,1.0,normal,other,train,esp_016151_1445_red-0282,[],68696b208f190f9ccc9a750bc91742987e83ed813666eb34b9f8b25d0b0e3fef,3fffb7703364b5310a48f188758550ee8b471b0fd6213db9c102e981f3a832f3,f2ecc8122fbcec88,115.3207708280774,14.208578259324383,97801d2da37d8beb,[],0.0,esp_016151_1445,['train'],1.0,Counter({'train': 1}),test,2a71c1070001392b,True,hirise_clean,0,C:\Users\deves\OneDrive\Desktop\Projects\TCMD-SS\data\raw\hirise_v3_2\map-proj-v3_2\ESP_016151_1445_RED-0282.jpg
map-proj-v3_2/ESP_016151_1445_RED-0283.jpg,ok,,JPEG,227.0,227.0,L,1.0,1.0,normal,other,train,esp_016151_1445_red-0283,[],07530f594f145b3c21044185c13e24e610230a07180dea114271bf4d824edb91,61b4830f9662141c0b5e132801b3ad3b90fce097a708596af5c8d05a40208355,ce953972a4893b6a,117.19755865629064,14.546007925860176,34fd34493c0df7f4,[],0.0,esp_016151_1445,['train'],1.0,Counter({'train': 1}),test,2a71c1070001392b,True,hirise_clean,0,C:\Users\deves\OneDrive\Desktop\Projects\TCMD-SS\data\raw\hirise_v3_2\map-proj-v3_2\ESP_016151_1445_RED-0283.jpg
map-proj-v3_2/ESP_016151_1445_RED-0290.jpg,ok,,JPEG,227.0,227.0,L,1.0,1.0,normal,other,train,esp_016151_1445_red-0290,[],208c0a8aa862c7a75826715bf941028b18b29ec9c8bcd2006477988dc8e5a5b6,abbed2754cf73a4d84538f6778b7978356dae69e1a58ff20429fca633d73e30d,a968cb9374406fd9,120.09635350967416,15.945010813623805,15ad1666f745ff1b,[],0.0,esp_016151_1445,['train'],1.0,Counter({'train': 1}),test,2a71c1070001392b,True,hirise_clean,0,C:\Users\deves\OneDrive\Desktop\Projects\TCMD-SS\data\raw\hirise_v3_2\map-proj-v3_2\ESP_016151_1445_RED-0290.jpg
map-proj-v3_2/ESP_016151_1445_RED-0294.jpg,ok,,JPEG,227.0,227.0,L,1.0,1.0,normal,crater,train,esp_016151_1445_red-0294,[],d999969afa2c5f71e2e10f0b1f7a313706b636f865bf3b0f33a35400f766969b,82f80437e68d812fa26f72843d435f7e21eb34e948db6d07fb8f16b1b3206724,d55a7bc231413fd0,99.70994973704128,43.72728785520988,9c13e1f4e12080b7,[],1.0,esp_016151_1445,['train'],1.0,Counter({'train': 1}),test,2a71c1070001392b,True,hirise_clean,0,C:\Users\deves\OneDrive\Desktop\Projects\TCMD-SS\data\raw\hirise_v3_2\map-proj-v3_2\ESP_016151_1445_RED-0294.jpg
map-proj-v3_2/ESP_016151_1445_RED-0306.jpg,ok,,JPEG,227.0,227.0,L,1.0,1.0,normal,other,train,esp_016151_1445_red-0306,[],1f29c7f98463392a74d3903f706569a4428210dd0544171a6136a739abbbcf21,6668434a239f33a9015265449fe4cb16b5e9979333b7b05e305f78ea8969baf2,8ec7b32646c971a5,75.70775679714336,53.95492747103771,bc86c32bd085a1ad,[],0.0,esp_016151_1445,['train'],1.0,Counter({'train': 1}),test,2a71c1070001392b,True,hirise_clean,0,C:\Users\deves\OneDrive\Desktop\Projects\TCMD-SS\data\raw\hirise_v3_2\map-proj-v3_2\ESP_016151_1445_RED-0306.jpg
map-proj-v3_2/ESP_016151_1445_RED-0309.jpg,ok,,JPEG,227.0,227.0,L,1.0,1.0,normal,crater,train,esp_016151_1445_red-0309,[],cd7f92ea5c2059a84a12965e6b0105b4af28c983b337ffbfb3361e7e511c3e61,eab5ed9726d30d906cecec5a11ecc5fc42180ad296252078b9b92727f5b9df4d,d207dc493376cc99,117.91377670826137,14.061248868731084,0243ab4d3d511bc5,[],1.0,esp_016151_1445,['train'],1.0,Counter({'train': 1}),test,2a71c1070001392b,True,hirise_clean,0,C:\Users\deves\OneDrive\Desktop\Projects\TCMD-SS\data\raw\hirise_v3_2\map-proj-v3_2\ESP_016151_1445_RED-0309.jpg
map-proj-v3_2/ESP_016151_1445_RED-0318.jpg,ok,,JPEG,227.0,227.0,L,1.0,1.0,normal,other,train,esp_016151_1445_red-0318,[],4c42409f597f4f8d8d2e7636dcfe3b90410b27b86e1c3337fba2894357520daf,c937bd607332b786296c00a20431fa9740bc320354e8295e12f612daab6ace7c,81e0ccb06e6ddcb9,91.6932989190553,42.30678268376577,b704d735d17f9179,[],0.0,esp_016151_1445,['train'],1.0,Counter({'train': 1}),test,2a71c1070001392b,True,hirise_clean,0,C:\Users\deves\OneDrive\Desktop\Projects\TCMD-SS\data\raw\hirise_v3_2\map-proj-v3_2\ESP_016151_1445_RED-0318.jpg
map-proj-v3_2/ESP_016151_1445_RED-0331.jpg,ok,,JPEG,227.0,227.0,L,1.0,1.0,normal,other,train,esp_016151_1445_red-0331,[],5a80166c0cb5886a8be4097e981d6c22dcc37b34d6c7fd0470b92ce1d8bffe40,7c7a1c3eeeb62ea256d4262b05349971543eb922a18b13a8c4116ac1c4861c84,d65a034eb1c70cf3,98.7398164140581,48.73294466340847,57598cdfff7fd804,[],0.0,esp_016151_1445,['train'],1.0,Counter({'train': 1}),test,2a71c1070001392b,True,hirise_clean,0,C:\Users\deves\OneDrive\Desktop\Projects\TCMD-SS\data\raw\hirise_v3_2\map-proj-v3_2\ESP_016151_1445_RED-0331.jpg
map-proj-v3_2/ESP_016151_1445_RED-0332.jpg,ok,,JPEG,227.0,227.0,L,1.0,1.0,normal,other,train,esp_016151_1445_red-0332,[],ec3d35902e1fef3a893f5e883db0c7ef5c4e27ee929df3d67f652149a739ef89,ff7341b0d58f619082dec0f532e161d2e0053eafce7e7ac3d5b2bb51b5e92cdb,c8131feedcf10199,108.80647790564537,13.829929171935662,d69dfcee13364be7,[],0.0,esp_016151_1445,['train'],1.0,Counter({'train': 1}),test,2a71c1070001392b,True,hirise_clean,0,C:\Users\deves\OneDrive\Desktop\Projects\TCMD-SS\data\raw\hirise_v3_2\map-proj-v3_2\ESP_016151_1445_RED-0332.jpg
map-proj-v3_2/ESP_016151_1445_RED-0340.jpg,ok,,JPEG,227.0,227.0,L,1.0,1.0,normal,other,train,esp_016151_1445_red-0340,[],0080981c0f0c02c29c50ce9ac17b7e6bc5f1d07579385da09f91dfc08ce07c55,f5af4b25643fe43af1340974bae3f56bec5f00b86d634229fcb462cc723b2879,b9724491b7c49537,113.21399600225116,12.97410847254486,631ef135de4a84b4,[],0.0,esp_016151_1445,['train'],1.0,Counter({'train': 1}),test,2a71c1070001392b,True,hirise_clean,0,C:\Users\deves\OneDrive\Desktop\Projects\TCMD-SS\data\raw\hirise_v3_2\map-proj-v3_2\ESP_016151_1445_RED-0340.jpg
map-proj-v3_2/ESP_016151_1445_RED-0344.jpg,ok,,JPEG,227.0,227.0,L,1.0,1.0,normal,other,train,esp_016151_1445_red-0344,[],35be28a70a32d3e5f84334592aaf8ac7ee7322109aaa134d54e8dac0f69ae434,cc3961cbd1509cf83a2ac99e40e9d719abe3ce37542bd9ae9e663461bb2ed87e,db12276a49d2237e,118.92025849521627,14.239384259281206,3437cab1ce6104e9,[],0.0,esp_016151_1445,['train'],1.0,Counter({'train': 1}),test,2a71c1070001392b,True,hirise_clean,0,C:\Users\deves\OneDrive\Desktop\Projects\TCMD-SS\data\raw\hirise_v3_2\map-proj-v3_2\ESP_016151_1445_RED-0344.jpg
map-proj-v3_2/ESP_016151_1445_RED-0348.jpg,ok,,JPEG,227.0,227.0,L,1.0,1.0,normal,other,train,esp_016151_1445_red-0348,[],2fdf7865c4457703d28fffda36020082d009f6adc5a0be3f56d4c033b2ecb330,56d5263449d048659d03692cf95897c7e689a4b7fe82b1b2329195dba546267a,f31af3e2c0871726,118.72269983892564,13.538881025535137,3f64a73a92fc54bf,[],0.0,esp_016151_1445,['train'],1.0,Counter({'train': 1}),test,2a71c1070001392b,True,hirise_clean,0,C:\Users\deves\OneDrive\Desktop\Projects\TCMD-SS\data\raw\hirise_v3_2\map-proj-v3_2\ESP_016151_1445_RED-0348.jpg
map-proj-v3_2/ESP_016151_1445_RED-0357.jpg,ok,,JPEG,227.0,227.0,L,1.0,1.0,normal,other,train,esp_016151_1445_red-0357,[],bd1253d5ff39e50cff6226a15d5b1660f59e128f0f4e63a08a46ab855e11c302,cecd3a810200a564f789a511aa45db214ec22ddf6f25af669863a8dc092365f4,bcb40097bd89b1a7,110.35958392361584,13.76827567268024,86343fcf6c3a8b3b,[],0.0,esp_016151_1445,['train'],1.0,Counter({'train': 1}),test,2a71c1070001392b,True,hirise_clean,0,C:\Users\deves\OneDrive\Desktop\Projects\TCMD-SS\data\raw\hirise_v3_2\map-proj-v3_2\ESP_016151_1445_RED-0357.jpg
map-proj-v3_2/ESP_016151_1445_RED-0365.jpg,ok,,JPEG,227.0,227.0,L,1.0,1.0,normal,other,train,esp_016151_1445_red-0365,[],e13bb8e28a71a3847f2b788be6b760d2489899340a993e3d0d9518bac2b34806,3aa92647b44147a93cd1dc4c7cba1248323f1eae7af32a870c0c8915fd15d5f7,85b66c5b54c6bc89,115.73015195326904,14.893100268816966,9e16a41c963cb16c,[],0.0,esp_016151_1445,['train'],1.0,Counter({'train': 1}),test,2a71c1070001392b,True,hirise_clean,0,C:\Users\deves\OneDrive\Desktop\Projects\TCMD-SS\data\raw\hirise_v3_2\map-proj-v3_2\ESP_016151_1445_RED-0365.jpg
map-proj-v3_2/ESP_016151_1445_RED-0366.jpg,ok,,JPEG,227.0,227.0,L,1.0,1.0,normal,other,train,esp_016151_1445_red-0366,[],85d22fa579242da1671f4bca2c42edea61cb0a83a038cb9062f043936a4bb47e,e769127256da3034bd2ca6fec439b3c1bc9a9e14023655769de639f13ffb4d49,932ecc99224ecd79,117.19559859496594,14.034300336577738,ee2e4770b7c10c88,[],0.0,esp_016151_1445,['train'],1.0,Counter({'train': 1}),test,2a71c1070001392b,True,hirise_clean,0,C:\Users\deves\OneDrive\Desktop\Projects\TCMD-SS\data\raw\hirise_v3_2\map-proj-v3_2\ESP_016151_1445_RED-0366.jpg
map-proj-v3_2/ESP_016151_1445_RED-0370.jpg,ok,,JPEG,227.0,227.0,L,1.0,1.0,normal,other,train,esp_016151_1445_red-0370,[],9b60d2ef78407e5e99a65783d776bd9e2e08f146ee391110bf36b40c3f672cf3,c8e98e46ddf98a43dd50d4d858aefec7f5f9eb6334cc970bdbff61abb237dde3,c2ce266cc999b356,119.2519163965922,13.67880558241182,b3880dacf9fa55cc,[],0.0,esp_016151_1445,['train'],1.0,Counter({'train': 1}),test,2a71c1070001392b,True,hirise_clean,0,C:\Users\deves\OneDrive\Desktop\Projects\TCMD-SS\data\raw\hirise_v3_2\map-proj-v3_2\ESP_016151_1445_RED-0370.jpg
map-proj-v3_2/ESP_016151_1445_RED-0376.jpg,ok,,JPEG,227.0,227.0,L,1.0,1.0,normal,other,train,esp_016151_1445_red-0376,[],144c164445de284626ebc31acc6dc7d34d35e17ad4f93e814037fd1f3c60112f,0cdcbd412744c03ff464aa241b91ce435914684176e4191757bb10cc3a3aa5de,8b067a7265ed8176,122.29069067903512,14.506828489354678,033416f63b2d344b,[],0.0,esp_016151_1445,['train'],1.0,Counter({'train': 1}),test,2a71c1070001392b,True,hirise_clean,0,C:\Users\deves\OneDrive\Desktop\Projects\TCMD-SS\data\raw\hirise_v3_2\map-proj-v3_2\ESP_016151_1445_RED-0376.jpg
map-proj-v3_2/ESP_016151_1445_RED-0377.jpg,ok,,JPEG,227.0,227.0,L,1.0,1.0,normal,other,train,esp_016151_1445_red-0377,[],d40dde0e240e56b88c125ea46e01346872263eecc1a8598a24890d10332c1dae,0fd6c81921b4b7abdf326c99f60e3f5fe127c5f459c3613ecbe9a2eb97c73825,a50bacda517e86a9,118.30994197442216,16.168654548571737,363a33687b75f5f5,[],0.0,esp_016151_1445,['train'],1.0,Counter({'train': 1}),test,2a71c1070001392b,True,hirise_clean,0,C:\Users\deves\OneDrive\Desktop\Projects\TCMD-SS\data\raw\hirise_v3_2\map-proj-v3_2\ESP_016151_1445_RED-0377.jpg
map-proj-v3_2/ESP_016151_1445_RED-0382.jpg,ok,,JPEG,227.0,227.0,L,1.0,1.0,normal,other,train,esp_016151_1445_red-0382,[],a22966de78626a8d5838fb0a0bf9794e3c73a9d97686bf0a80a7769407f0f323,baff91e64fc2da06fe88ba2dffa8b020c15ffb8ec351e2537735d97ee61ca5d9,bb7684bff604e408,112.7053309786722,14.786188409719172,a113a884b901da1d,[],0.0,esp_016151_1445,['train'],1.0,Counter({'train': 1}),test,2a71c1070001392b,True,hirise_clean,0,C:\Users\deves\OneDrive\Desktop\Projects\TCMD-SS\data\raw\hirise_v3_2\map-proj-v3_2\ESP_016151_1445_RED-0382.jpg
map-proj-v3_2/ESP_016151_1445_RED-0388.jpg,ok,,JPEG,227.0,227.0,L,1.0,1.0,normal,other,train,esp_016151_1445_red-0388,[],b864888617dbc417ba5676fbc1fbbfc32c4f9d534143f70883b7708ce1a288a0,f2e6d2e86ca4d9dac917e4f66e35348b9249081068ae8547714894281e6e6424,d9937ea12bf0854c,116.80178152108522,15.303810937408636,e61340ca31f412a3,[],0.0,esp_016151_1445,['train'],1.0,Counter({'train': 1}),test,2a71c1070001392b,True,hirise_clean,0,C:\Users\deves\OneDrive\Desktop\Projects\TCMD-SS\data\raw\hirise_v3_2\map-proj-v3_2\ESP_016151_1445_RED-0388.jpg
map-proj-v3_2/ESP_016151_1445_RED-0389.jpg,ok,,JPEG,227.0,227.0,L,1.0,1.0,normal,other,train,esp_016151_1445_red-0389,[],607bb149ec48ff52f7698448d298dce32234f0a2aad5c5b333afa46439de9ed5,5c6b68c05db11c6d1f15d800d75071fc8eddd74c91120a563ced9e9b3dcd2524,8f91b1266dc973c4,115.8940984688234,13.220572650853224,3d88a02df06bd17c,[],0.0,esp_016151_1445,['train'],1.0,Counter({'train': 1}),test,2a71c1070001392b,True,hirise_clean,0,C:\Users\deves\OneDrive\Desktop\Projects\TCMD-SS\data\raw\hirise_v3_2\map-proj-v3_2\ESP_016151_1445_RED-0389.jpg
map-proj-v3_2/ESP_016151_1445_RED-0390.jpg,ok,,JPEG,227.0,227.0,L,1.0,1.0,normal,crater,train,esp_016151_1445_red-0390,[],4f494dff60a3fd4aaf4e21be5f63c98bb754b65fbaea7000c54856e1fbfb61aa,87c387166803d343854a2c6834eff58a4097fc50831894d779e0f5eec99db188,ac5247ac99b9e386,110.99613809699392,13.65148287043311,703b1f29db5fbe13,[],1.0,esp_016151_1445,['train'],1.0,Counter({'train': 1}),test,2a71c1070001392b,True,hirise_clean,0,C:\Users\deves\OneDrive\Desktop\Projects\TCMD-SS\data\raw\hirise_v3_2\map-proj-v3_2\ESP_016151_1445_RED-0390.jpg
map-proj-v3_2/ESP_016151_1445_RED-0392.jpg,ok,,JPEG,227.0,227.0,L,1.0,1.0,normal,other,train,esp_016151_1445_red-0392,[],430103031705693d100ce4f03b3f636a45dead4467ef5337b71a514752b73c3b,cd36d5f829887bc2816419a482c4ccf399d7adf1248d70ef2a3be0fabeb9107f,e0e9e00fff6089d1,111.47462593879176,14.548705472934971,41f2866d064952e1,[],0.0,esp_016151_1445,['train'],1.0,Counter({'train': 1}),test,2a71c1070001392b,True,hirise_clean,0,C:\Users\deves\OneDrive\Desktop\Projects\TCMD-SS\data\raw\hirise_v3_2\map-proj-v3_2\ESP_016151_1445_RED-0392.jpg
map-proj-v3_2/ESP_016151_1445_RED-0394.jpg,ok,,JPEG,227.0,227.0,L,1.0,1.0,normal,other,train,esp_016151_1445_red-0394,[],d1e77d6a0255ffe5e26049fac9fa8598ca530b4fa6ff4b8bdf0fa7b8eb1b9e45,394d7657148fcab26bbb47b740681cf4b77ace91e0d49b508de13bd6609615ab,d8cb1936cc11a77a,111.39129422267072,13.528458159095576,61ed53db56dd6edf,[],0.0,esp_016151_1445,['train'],1.0,Counter({'train': 1}),test,2a71c1070001392b,True,hirise_clean,0,C:\Users\deves\OneDrive\Desktop\Projects\TCMD-SS\data\raw\hirise_v3_2\map-proj-v3_2\ESP_016151_1445_RED-0394.jpg
map-proj-v3_2/ESP_016151_1445_RED-0398.jpg,ok,,JPEG,227.0,227.0,L,1.0,1.0,normal,other,train,esp_016151_1445_red-0398,[],13ba73eba8cac0726a52ee39a7e797522396ccd8588c803b636134b5975893c8,8117cc97dc964ce0bb82d64e0affbfd92c098521eb20f2b665f25b6a2177c92b,87e154ca51b3aecc,82.73533350152341,48.03917320929422,4b7fe64abab97039,[],0.0,esp_016151_1445,['train'],1.0,Counter({'train': 1}),test,2a71c1070001392b,True,hirise_clean,0,C:\Users\deves\OneDrive\Desktop\Projects\TCMD-SS\data\raw\hirise_v3_2\map-proj-v3_2\ESP_016151_1445_RED-0398.jpg
map-proj-v3_2/ESP_016151_1445_RED-0404.jpg,ok,,JPEG,227.0,227.0,L,1.0,1.0,normal,crater,train,esp_016151_1445_red-0404,[],6038781536f523ef838cf60f7657d3dad66639bf2618b22e46c71661ddfc5d04,fb20367a56cab9300569dc018e54a38de402bcde6f9f9a1df21ce116fa327511,a374ccf8b362cc8c,108.93962622988995,15.154892654055912,eccfa188222dd74f,[],1.0,esp_016151_1445,['train'],1.0,Counter({'train': 1}),test,2a71c1070001392b,True,hirise_clean,0,C:\Users\deves\OneDrive\Desktop\Projects\TCMD-SS\data\raw\hirise_v3_2\map-proj-v3_2\ESP_016151_1445_RED-0404.jpg
map-proj-v3_2/ESP_016151_1445_RED-0408.jpg,ok,,JPEG,227.0,227.0,L,1.0,1.0,normal,other,train,esp_016151_1445_red-0408,[],aee146b0c740f00137c5cb6282ae2767a1dc32ae35bbd3e3469b8a4fae6b4545,041ba9474df9f911542ec19e0b724aee0abbc70cc6352df6633002b623f4f5d6,aa586469cf9c7943,113.73261658483572,12.75244645820734,0ef8d06d138f332e,[],0.0,esp_016151_1445,['train'],1.0,Counter({'train': 1}),test,2a71c1070001392b,True,hirise_clean,0,C:\Users\deves\OneDrive\Desktop\Projects\TCMD-SS\data\raw\hirise_v3_2\map-proj-v3_2\ESP_016151_1445_RED-0408.jpg
map-proj-v3_2/ESP_016151_1445_RED-0415.jpg,ok,,JPEG,227.0,227.0,L,1.0,1.0,normal,other,train,esp_016151_1445_red-0415,[],ff84c43fb78baf4ef571d849d5c2fc21b7cafdd864b943f02dcc8cbd52addca3,ef82bab5f3f10d2764d7727bd470cbe17f687832cf4a43275fbe3fe6c9b31cce,9263e452b979378c,109.78033728580024,14.930318486023088,94ddd712fed82878,[],0.0,esp_016151_1445,['train'],1.0,Counter({'train': 1}),test,2a71c1070001392b,True,hirise_clean,0,C:\Users\deves\OneDrive\Desktop\Projects\TCMD-SS\data\raw\hirise_v3_2\map-proj-v3_2\ESP_016151_1445_RED-0415.jpg
map-proj-v3_2/ESP_016151_1445_RED-0424.jpg,ok,,JPEG,227.0,227.0,L,1.0,1.0,normal,other,train,esp_016151_1445_red-0424,[],a2a3672305f9c54e93e37faa7f4d65f635b6ce29e816ec50f0f8b1d9070cd572,270a8648fbaca2502e1512167e69d8cc3e5bfdf421ccb665c13104a8759364ba,db6dc50b224687ce,77.65900754914708,53.77739973002267,e13b98b3337b3c4f,[],0.0,esp_016151_1445,['train'],1.0,Counter({'train': 1}),test,2a71c1070001392b,True,hirise_clean,0,C:\Users\deves\OneDrive\Desktop\Projects\TCMD-SS\data\raw\hirise_v3_2\map-proj-v3_2\ESP_016151_1445_RED-0424.jpg
map-proj-v3_2/ESP_016151_1445_RED-0426.jpg,ok,,JPEG,227.0,227.0,L,1.0,1.0,normal,other,train,esp_016151_1445_red-0426,[],11843075cc6e7f3ceb385cbc56a45d7e3f2c036caac23985d07eb3a74233d97d,26e07a4c2bdb77f8581d26405cfb0d071977f2497c9795e2fcef1ee0c930c48a,e2922e4e1a654fbc,118.73564400628771,15.425474158542048,13e5923a6ec0fbd8,[],0.0,esp_016151_1445,['train'],1.0,Counter({'train': 1}),test,2a71c1070001392b,True,hirise_clean,0,C:\Users\deves\OneDrive\Desktop\Projects\TCMD-SS\data\raw\hirise_v3_2\map-proj-v3_2\ESP_016151_1445_RED-0426.jpg
map-proj-v3_2/ESP_016151_1445_RED-0427.jpg,ok,,JPEG,227.0,227.0,L,1.0,1.0,normal,other,train,esp_016151_1445_red-0427,[],6b242cec1445553344aed3b88a93de3e5115e243616cac3a3402d9dc356cdccb,adb7e18418049d5ba1d8f46e68b08192e18586a4de65d94fcb16586d1c5e37c0,bbdd4264c81297ad,115.87758349667178,13.972315383371797,49863315a7cffde8,[],0.0,esp_016151_1445,['train'],1.0,Counter({'train': 1}),test,2a71c1070001392b,True,hirise_clean,0,C:\Users\deves\OneDrive\Desktop\Projects\TCMD-SS\data\raw\hirise_v3_2\map-proj-v3_2\ESP_016151_1445_RED-0427.jpg
map-proj-v3_2/ESP_016151_1445_RED-0430.jpg,ok,,JPEG,227.0,227.0,L,1.0,1.0,normal,other,train,esp_016151_1445_red-0430,[],b51481c17169306769858b432ffdd3a83e9d57e74ddd8266655d62a0b91d9b35,a5aa0fdeff74f710567b3d9e840f6764b926bbdaa151461b5b6069fc2e1a0bd9,d6c6bdd08e18732c,116.61846727085718,13.552808175939145,92310dabd13d9ae3,[],0.0,esp_016151_1445,['train'],1.0,Counter({'train': 1}),test,2a71c1070001392b,True,hirise_clean,0,C:\Users\deves\OneDrive\Desktop\Projects\TCMD-SS\data\raw\hirise_v3_2\map-proj-v3_2\ESP_016151_1445_RED-0430.jpg
map-proj-v3_2/ESP_016151_1445_RED-0437.jpg,ok,,JPEG,227.0,227.0,L,1.0,1.0,normal,other,train,esp_016151_1445_red-0437,[],e7b81c0eebdaa48bdbe0f62c804e59794d143ee731dee0742e8e798ffe88c070,efcdedce10c51dddd35ea668e0845360812c51af8507165607d01909d08abe35,84e9dfc620cb9d85,111.82551572900697,17.249317185057667,4fe141551c2148a6,[],0.0,esp_016151_1445,['train'],1.0,Counter({'train': 1}),test,2a71c1070001392b,True,hirise_clean,0,C:\Users\deves\OneDrive\Desktop\Projects\TCMD-SS\data\raw\hirise_v3_2\map-proj-v3_2\ESP_016151_1445_RED-0437.jpg
map-proj-v3_2/ESP_016151_1445_RED-0438.jpg,ok,,JPEG,227.0,227.0,L,1.0,1.0,normal,other,train,esp_016151_1445_red-0438,[],d8377210c7b0029220b02e45207da6e25fce33fdbc8ffa8ce004152739e99e6d,e4847b11a1f312da3bf280999d69eb63e93101dbdcb05fba22def95db836d29a,d45263862df023df,96.01795105668651,43.9246359340072,59b7232253063ed4,[],0.0,esp_016151_1445,['train'],1.0,Counter({'train': 1}),test,2a71c1070001392b,True,hirise_clean,0,C:\Users\deves\OneDrive\Desktop\Projects\TCMD-SS\data\raw\hirise_v3_2\map-proj-v3_2\ESP_016151_1445_RED-0438.jpg
map-proj-v3_2/ESP_016151_1445_RED-0440.jpg,ok,,JPEG,227.0,227.0,L,1.0,1.0,normal,other,train,esp_016151_1445_red-0440,[],44b700381978e807a91b32535817ee1174f60b8be21db230e03c4b685f75b4ba,6bed6aec7edeed0cd1243578e171e9d3b3faa7d9403fb70f7087e26d988edf68,9b0e7002e64bbaee,124.46577655300898,13.808005787596326,0a42a48aac5a4d79,[],0.0,esp_016151_1445,['train'],1.0,Counter({'train': 1}),test,2a71c1070001392b,True,hirise_clean,0,C:\Users\deves\OneDrive\Desktop\Projects\TCMD-SS\data\raw\hirise_v3_2\map-proj-v3_2\ESP_016151_1445_RED-0440.jpg
map-proj-v3_2/ESP_016151_1445_RED-0446.jpg,ok,,JPEG,227.0,227.0,L,1.0,1.0,normal,other,train,esp_016151_1445_red-0446,[],546ff9b8701a0d4932dac95f2b56e6fd878c464a4402f2fe8867fc0e3d8a98d5,1652698221722eb2ce993a336eab171827e86b3d44a6e415fd0b28a75429c97a,d555527439274ed1,111.1773952531584,22.40253760459312,1ad9269fd1287607,[],0.0,esp_016151_1445,['train'],1.0,Counter({'train': 1}),test,2a71c1070001392b,True,hirise_clean,0,C:\Users\deves\OneDrive\Desktop\Projects\TCMD-SS\data\raw\hirise_v3_2\map-proj-v3_2\ESP_016151_1445_RED-0446.jpg
map-proj-v3_2/ESP_016151_1445_RED-0448.jpg,ok,,JPEG,227.0,227.0,L,1.0,1.0,normal,other,train,esp_016151_1445_red-0448,[],4b87d5b7257588d9a9862ef364833544d4cf0d772e57dac8807bb368bb9b3741,165997fbb94add8043632f4c1af3d27d2bfd461a1c4ead5bb45af4bb41159c52,8e68b1b04a7e54fa,111.96227367113664,14.152184238959858,523d833bb8b20e05,[],0.0,esp_016151_1445,['train'],1.0,Counter({'train': 1}),test,2a71c1070001392b,True,hirise_clean,0,C:\Users\deves\OneDrive\Desktop\Projects\TCMD-SS\data\raw\hirise_v3_2\map-proj-v3_2\ESP_016151_1445_RED-0448.jpg
map-proj-v3_2/ESP_016151_1445_RED-0459.jpg,ok,,JPEG,227.0,227.0,L,1.0,1.0,normal,other,train,esp_016151_1445_red-0459,[],916567167f58de3c00032c18fbf5436ddec470a71b569914ec4c7e6571f15d27,5ffc2a49bf380432ef1436d89647b757670415c9f4408f1a518c3001f02e6439,a4193767e5498e59,117.10578509189,16.369733667780146,dc82f14cbb02dd0c,[],0.0,esp_016151_1445,['train'],1.0,Counter({'train': 1}),test,2a71c1070001392b,True,hirise_clean,0,C:\Users\deves\OneDrive\Desktop\Projects\TCMD-SS\data\raw\hirise_v3_2\map-proj-v3_2\ESP_016151_1445_RED-0459.jpg
map-proj-v3_2/ESP_016151_1445_RED-0461.jpg,ok,,JPEG,227.0,227.0,L,1.0,1.0,normal,other,train,esp_016151_1445_red-0461,[],36bc4db31a352229ffd4726e88b5848c8d7674e82ddc2db52090035b6a7a15aa,2c3e805902138a2da54e0b64c6b2dbd8d6396f85091e55b818ea56e946e86008,bc78d21411adfb51,122.30258689281764,16.24614898763615,d1a970cf02037fb7,[],0.0,esp_016151_1445,['train'],1.0,Counter({'train': 1}),test,2a71c1070001392b,True,hirise_clean,0,C:\Users\deves\OneDrive\Desktop\Projects\TCMD-SS\data\raw\hirise_v3_2\map-proj-v3_2\ESP_016151_1445_RED-0461.jpg
map-proj-v3_2/ESP_016151_1445_RED-0464.jpg,ok,,JPEG,227.0,227.0,L,1.0,1.0,normal,other,train,esp_016151_1445_red-0464,[],40660e25fbde9414dab490bfd9ead7cf6368fe40f6e48281081a40a095869fea,e57a22d0420b57a1a604e46d8f8f04141b7f8028541833172ddd4ee9f62285d3,ad412bfe42dd1386,111.3792815696016,14.460371930296535,fbd3aeaae85cdb25,[],0.0,esp_016151_1445,['train'],1.0,Counter({'train': 1}),test,2a71c1070001392b,True,hirise_clean,0,C:\Users\deves\OneDrive\Desktop\Projects\TCMD-SS\data\raw\hirise_v3_2\map-proj-v3_2\ESP_016151_1445_RED-0464.jpg
map-proj-v3_2/ESP_016151_1445_RED-0469.jpg,ok,,JPEG,227.0,227.0,L,1.0,1.0,normal,other,train,esp_016151_1445_red-0469,[],7f5abeac4638c9f2831238719027027b06a8560ca4087cfe25ac6e228dcf998b,99168308c011eace64b4d25fd8608c14d0f38d8506c8ae0fae7260841c6e71a1,d6240df9a34cd993,116.6044557433678,15.182581488878853,cb1cd67eb47db718,[],0.0,esp_016151_1445,['train'],1.0,Counter({'train': 1}),test,2a71c1070001392b,True,hirise_clean,0,C:\Users\deves\OneDrive\Desktop\Projects\TCMD-SS\data\raw\hirise_v3_2\map-proj-v3_2\ESP_016151_1445_RED-0469.jpg
map-proj-v3_2/ESP_016151_1445_RED-0483.jpg,ok,,JPEG,227.0,227.0,L,1.0,1.0,normal,other,train,esp_016151_1445_red-0483,[],b51c66f18c6596bfa441187305e0103716d9687b85dbb59b979ca5225ece99c6,0b24074a64744d8478096dde41f6d245851f43a7513382ef0a4296a9885d2504,9fb16204bc6e4d1d,105.16815773642028,15.258152929684233,fe798fc1c084688a,[],0.0,esp_016151_1445,['train'],1.0,Counter({'train': 1}),test,2a71c1070001392b,True,hirise_clean,0,C:\Users\deves\OneDrive\Desktop\Projects\TCMD-SS\data\raw\hirise_v3_2\map-proj-v3_2\ESP_016151_1445_RED-0483.jpg
map-proj-v3_2/ESP_016151_1445_RED-0490.jpg,ok,,JPEG,227.0,227.0,L,1.0,1.0,normal,other,train,esp_016151_1445_red-0490,[],ded9c6f3077a1ec524fa1daf5bdb589277dd977dcd66a90377ec0a992201a355,05623a3b0c19536416f890c56a0915c6be62250e8edac7ea76fe747056a5878f,873e6503369df033,104.69611286848182,15.378913575896547,9f37e7beb8fbccea,[],0.0,esp_016151_1445,['train'],1.0,Counter({'train': 1}),test,2a71c1070001392b,True,hirise_clean,0,C:\Users\deves\OneDrive\Desktop\Projects\TCMD-SS\data\raw\hirise_v3_2\map-proj-v3_2\ESP_016151_1445_RED-0490.jpg
map-proj-v3_2/ESP_016151_1445_RED-0491.jpg,ok,,JPEG,227.0,227.0,L,1.0,1.0,normal,other,train,esp_016151_1445_red-0491,[],28f6d01d6a9c74c6df6199552e8be55c3270e578d498fabf3ce4347ea3ec44e7,15765df6699be23c906220ff596f701711e213c666f813210fd160c2f9ce7d58,a36701f2e4ace95a,104.27850336703604,16.622005391932316,89bbade901e4c86e,[],0.0,esp_016151_1445,['train'],1.0,Counter({'train': 1}),test,2a71c1070001392b,True,hirise_clean,0,C:\Users\deves\OneDrive\Desktop\Projects\TCMD-SS\data\raw\hirise_v3_2\map-proj-v3_2\ESP_016151_1445_RED-0491.jpg
map-proj-v3_2/ESP_016151_1445_RED-0498.jpg,ok,,JPEG,227.0,227.0,L,1.0,1.0,normal,other,train,esp_016151_1445_red-0498,[],bcbdb4f1a799f7b05e9cf64256fcf475e2a8e7a2f749fffb5f8ce6b19dd08862,35f74b58769119d80998a695be6676417c403e89b4b63e6e82112fbf6f3ae48e,e4495dc58883bbf2,105.90583943022376,14.988799620071026,ee9035e402f59acd,[],0.0,esp_016151_1445,['train'],1.0,Counter({'train': 1}),test,2a71c1070001392b,True,hirise_clean,0,C:\Users\deves\OneDrive\Desktop\Projects\TCMD-SS\data\raw\hirise_v3_2\map-proj-v3_2\ESP_016151_1445_RED-0498.jpg
map-proj-v3_2/ESP_016151_1445_RED-0519.jpg,ok,,JPEG,227.0,227.0,L,1.0,1.0,normal,other,train,esp_016151_1445_red-0519,[],954d9664efb728193c75d004f41e75106adff92786d456132323ba57265f75a5,7e423c763506b659657166b86b52b94ca5bd63d0c286e5259ef45263a28a68e8,d64ae9423dc9d952,88.84026470531157,46.1923933215855,4dceb2c47d5ee272,[],0.0,esp_016151_1445,['train'],1.0,Counter({'train': 1}),test,2a71c1070001392b,True,hirise_clean,0,C:\Users\deves\OneDrive\Desktop\Projects\TCMD-SS\data\raw\hirise_v3_2\map-proj-v3_2\ESP_016151_1445_RED-0519.jpg
map-proj-v3_2/ESP_016151_1445_RED-0526.jpg,ok,,JPEG,227.0,227.0,L,1.0,1.0,normal,other,train,esp_016151_1445_red-0526,[],8f4a2eac2d4f2132f5e7fe39d4c8112c4e75c644431a2d5ca0332719583b3b2c,0b0f073f1aba446589e1b8dcd53e7220ae0066e810a652d00bcdc3b42ef65a92,fc8818d7fa125569,107.94688427875565,14.723613464818008,e943ebb423afcc8f,[],0.0,esp_016151_1445,['train'],1.0,Counter({'train': 1}),test,2a71c1070001392b,True,hirise_clean,0,C:\Users\deves\OneDrive\Desktop\Projects\TCMD-SS\data\raw\hirise_v3_2\map-proj-v3_2\ESP_016151_1445_RED-0526.jpg
map-proj-v3_2/ESP_016151_1445_RED-0531.jpg,ok,,JPEG,227.0,227.0,L,1.0,1.0,normal,other,train,esp_016151_1445_red-0531,[],6acc3eba6098a8d3921437d911a7ec69207a2229fd8d9e90c9a7b8ff51549e41,24ef92f0360a8b888032b02b818e6daca4a5b4d190c2c8a1350c1a58df76328a,d3d497d49034a9b5,102.55066079295156,16.333623174813543,660305ddaca6674f,[],0.0,esp_016151_1445,['train'],1.0,Counter({'train': 1}),test,2a71c1070001392b,True,hirise_clean,0,C:\Users\deves\OneDrive\Desktop\Projects\TCMD-SS\data\raw\hirise_v3_2\map-proj-v3_2\ESP_016151_1445_RED-0531.jpg
map-proj-v3_2/ESP_016151_1445_RED-0533.jpg,ok,,JPEG,227.0,227.0,L,1.0,1.0,normal,other,train,esp_016151_1445_red-0533,[],49b31c332e2b879b4d216aa3b01629983c1aff2f4483a2a1ded20a482c7dac1b,17acdb38e4560023fc92d7178d7b6464e987ae0511b3da7cabff674d46aa4e6d,d24b8932ece46f92,76.73779813309011,46.09344557254001,a95c5757f0edee3f,[],0.0,esp_016151_1445,['train'],1.0,Counter({'train': 1}),test,2a71c1070001392b,True,hirise_clean,0,C:\Users\deves\OneDrive\Desktop\Projects\TCMD-SS\data\raw\hirise_v3_2\map-proj-v3_2\ESP_016151_1445_RED-0533.jpg
map-proj-v3_2/ESP_016151_1445_RED-0539.jpg,ok,,JPEG,227.0,227.0,L,1.0,1.0,normal,other,train,esp_016151_1445_red-0539,[],9239057c38d2d34803363f41975c4a35fe7cd45f119639a0c8fc86e4df0205a7,330715962c42e35e851e6ef6d6324df911a2ad32d9a8f20743750b5de390b972,841e73606cd5c79e,82.51898930699218,46.603835848003946,651da9bd308b8fba,[],0.0,esp_016151_1445,['train'],1.0,Counter({'train': 1}),test,2a71c1070001392b,True,hirise_clean,0,C:\Users\deves\OneDrive\Desktop\Projects\TCMD-SS\data\raw\hirise_v3_2\map-proj-v3_2\ESP_016151_1445_RED-0539.jpg
map-proj-v3_2/ESP_016240_2655_RED-0001.jpg,ok,,JPEG,227.0,227.0,L,1.0,1.0,normal,dark dune,val,esp_016240_2655_red-0001,[],69d5cdd62005859ffce6712737750a6dce505d9bfc3540af2afe5ee0eeb839e7,309f6c8e16fa0018cb44cde60cdf95743c237bd478efefce1848e78ef2c0a2be,adcfe03f00ec2713,65.76060082671893,15.700667201352005,e6288079fdea1958,[],2.0,esp_016240_2655,['val'],2.0,Counter({'val': 2}),test,d3a561a45b85afbd,True,hirise_clean,0,C:\Users\deves\OneDrive\Desktop\Projects\TCMD-SS\data\raw\hirise_v3_2\map-proj-v3_2\ESP_016240_2655_RED-0001.jpg
map-proj-v3_2/ESP_016240_2655_RED-0003.jpg,ok,,JPEG,227.0,227.0,L,1.0,1.0,normal,dark dune,val,esp_016240_2655_red-0003,[],52f5301b75d67898c6422e5f2612a3bd406fa55448ed5c22c4411d0ea35ffa28,b0a071d6c4b81be183517b4decc109fde32e117710abf5fe8dc35e2ea9fbd9d6,b1b5e093d9cc60f8,75.20704845814979,14.057359147201357,8a128869a4df8f56,[],2.0,esp_016240_2655,['val'],2.0,Counter({'val': 2}),test,d3a561a45b85afbd,True,hirise_clean,0,C:\Users\deves\OneDrive\Desktop\Projects\TCMD-SS\data\raw\hirise_v3_2\map-proj-v3_2\ESP_016240_2655_RED-0003.jpg
map-proj-v3_2/ESP_016240_2655_RED-0015.jpg,ok,,JPEG,227.0,227.0,L,1.0,1.0,normal,dark dune,val,esp_016240_2655_red-0015,[],38e49a456869d2f21dbe64fde0a1f393ddf0baf0ea3efbbd547690b2f1e391f1,19a334638120a4954301746adfedd9f565b8c281ccd2ea8c8dda40772de8fcbd,a59a84399fcc0ee3,100.39135244231404,15.687405894347345,f88ccfb5cbddb8b8,[],2.0,esp_016240_2655,['val'],2.0,Counter({'val': 2}),test,d3a561a45b85afbd,True,hirise_clean,0,C:\Users\deves\OneDrive\Desktop\Projects\TCMD-SS\data\raw\hirise_v3_2\map-proj-v3_2\ESP_016240_2655_RED-0015.jpg
map-proj-v3_2/ESP_016240_2655_RED-0019.jpg,ok,,JPEG,227.0,227.0,L,1.0,1.0,normal,spider,val,esp_016240_2655_red-0019,[],bd078eecaa01b7f288e753304116266e905de8b31de6f1f321a65380eb949e39,afd03ed7f9e4922081bae3848276eb3eca46f86d28e21e3adcd1df3d1d275d7a,b00d9d9ac6678dc6,104.1945506413864,14.228213330131132,bc38fb0bf7efa12a,[],7.0,esp_016240_2655,['val'],2.0,Counter({'val': 2}),test,d3a561a45b85afbd,True,hirise_clean,0,C:\Users\deves\OneDrive\Desktop\Projects\TCMD-SS\data\raw\hirise_v3_2\map-proj-v3_2\ESP_016240_2655_RED-0019.jpg
map-proj-v3_2/ESP_016240_2655_RED-0029.jpg,ok,,JPEG,227.0,227.0,L,1.0,1.0,normal,spider,val,esp_016240_2655_red-0029,[],3329b4dba362693be44fabbfdbe0a1dd5d99fd062884b69967b88c902f46cafb,03bd939ed5be3e5eabc8e4162373fb400aed3b9b0eb61e4b755f105312272bb1,8abf9d066a1f107c,105.51617535756564,14.629918651279176,9492ae74de086472,[],7.0,esp_016240_2655,['val'],2.0,Counter({'val': 2}),test,d3a561a45b85afbd,True,hirise_clean,0,C:\Users\deves\OneDrive\Desktop\Projects\TCMD-SS\data\raw\hirise_v3_2\map-proj-v3_2\ESP_016240_2655_RED-0029.jpg
map-proj-v3_2/ESP_016240_2655_RED-0030.jpg,ok,,JPEG,227.0,227.0,L,1.0,1.0,normal,spider,val,esp_016240_2655_red-0030,[],08373d53b8582a61b484b96862461d51b411d3f300bbe6177e4b6d1b1ce83e8c,3c028d32a3f132f01327c305146d3b1057243caa4c1fde4fce3ecd94ddc39392,aceec1e635929b82,103.09483979894816,13.87558454596832,7efed27d84e5e35a,[],7.0,esp_016240_2655,['val'],2.0,Counter({'val': 2}),test,d3a561a45b85afbd,True,hirise_clean,0,C:\Users\deves\OneDrive\Desktop\Projects\TCMD-SS\data\raw\hirise_v3_2\map-proj-v3_2\ESP_016240_2655_RED-0030.jpg
map-proj-v3_2/ESP_016240_2655_RED-0033.jpg,ok,,JPEG,227.0,227.0,L,1.0,1.0,normal,impact ejecta,val,esp_016240_2655_red-0033,[],ecc807f7f9f1ba24fc207d5660349a4fa43c1783b47ec610ef3007b2c1cbc0fa,fe622a22c265e7ed12466a66aa8ee94da8dc86e650f93693d5d4a2bf176446f5,a3f09ecc7703990e,105.67259213258554,13.594653202669209,12b0b80b75b8930d,[],5.0,esp_016240_2655,['val'],2.0,Counter({'val': 2}),test,d3a561a45b85afbd,True,hirise_clean,0,C:\Users\deves\OneDrive\Desktop\Projects\TCMD-SS\data\raw\hirise_v3_2\map-proj-v3_2\ESP_016240_2655_RED-0033.jpg
map-proj-v3_2/ESP_016240_2655_RED-0038.jpg,ok,,JPEG,227.0,227.0,L,1.0,1.0,normal,spider,val,esp_016240_2655_red-0038,[],a2621a64680363014262c3a660d1635e582963be73ddc6103da728ae41079f59,6535d438895909612faab11e976132e73ca47524749ed94a6843dcf4431d2662,a8f6d3190ce7233a,114.02548079722098,12.986964612785274,232c7444d86e1116,[],7.0,esp_016240_2655,['val'],2.0,Counter({'val': 2}),test,d3a561a45b85afbd,True,hirise_clean,0,C:\Users\deves\OneDrive\Desktop\Projects\TCMD-SS\data\raw\hirise_v3_2\map-proj-v3_2\ESP_016240_2655_RED-0038.jpg
map-proj-v3_2/ESP_016530_1465_RED-0004.jpg,ok,,JPEG,227.0,227.0,L,1.0,1.0,normal,other,train,esp_016530_1465_red-0004,[],2c6e9e1e3c7af4f4163581763a1a51f1dbcd48c14fa92bf6356a8fd7b04c5341,f485ce7fa58fd7bd31b2fc4d6e2634b7b422ad46b5613ebb98963ed6d42ec089,ae981a53c7dd2166,131.3565759087116,19.052842695236283,4b07b8dcff355b0a,[],0.0,esp_016530_1465,['train'],1.0,Counter({'train': 1}),test,63943d621040c59b,True,hirise_clean,0,C:\Users\deves\OneDrive\Desktop\Projects\TCMD-SS\data\raw\hirise_v3_2\map-proj-v3_2\ESP_016530_1465_RED-0004.jpg
map-proj-v3_2/ESP_016530_1465_RED-0011.jpg,ok,,JPEG,227.0,227.0,L,1.0,1.0,normal,other,train,esp_016530_1465_red-0011,[],d99d6e75d605eee1349dc91219cfcd078bd25b7901672f18e3d1d1f9f425def2,edacecdb9af76e87636eababb7b14425e94e149099373930793817048364d679,8ea7719c724926cd,97.8986201944536,67.7309470844553,63f45ff751fcfaf6,[],0.0,esp_016530_1465,['train'],1.0,Counter({'train': 1}),test,63943d621040c59b,True,hirise_clean,0,C:\Users\deves\OneDrive\Desktop\Projects\TCMD-SS\data\raw\hirise_v3_2\map-proj-v3_2\ESP_016530_1465_RED-0011.jpg
map-proj-v3_2/ESP_016530_1465_RED-0015.jpg,ok,,JPEG,227.0,227.0,L,1.0,1.0,normal,other,train,esp_016530_1465_red-0015,[],c5fd499fbbc6543ecbb38bcfbb56c41e406e84d4a546fa80a7c6de7d2ead792a,5bb87f80292e8d1c059fa68b47bb21d91400ca8ce50b0860a93a1b145b21c92f,b3a348f9a2449d3b,77.41832754371325,50.22018636122471,d134515d19c14558,[],0.0,esp_016530_1465,['train'],1.0,Counter({'train': 1}),test,63943d621040c59b,True,hirise_clean,0,C:\Users\deves\OneDrive\Desktop\Projects\TCMD-SS\data\raw\hirise_v3_2\map-proj-v3_2\ESP_016530_1465_RED-0015.jpg
map-proj-v3_2/ESP_016530_1465_RED-0016.jpg,ok,,JPEG,227.0,227.0,L,1.0,1.0,normal,other,train,esp_016530_1465_red-0016,[],979cec5afc9cee3060583107223f402cdd2bf884a8a386c3ab077959885c3c49,f63f58734b9163d78078701f92991be04d6d6f41c1ca0926112fd4ebef287382,d09637e18e1ef10b,104.53628054105457,69.71741343524309,c0765521ff2cb7d6,[],0.0,esp_016530_1465,['train'],1.0,Counter({'train': 1}),test,63943d621040c59b,True,hirise_clean,0,C:\Users\deves\OneDrive\Desktop\Projects\TCMD-SS\data\raw\hirise_v3_2\map-proj-v3_2\ESP_016530_1465_RED-0016.jpg
map-proj-v3_2/ESP_016530_1465_RED-0017.jpg,ok,,JPEG,227.0,227.0,L,1.0,1.0,normal,other,train,esp_016530_1465_red-0017,[],c6a8719f2d10959febba393865e2f553476570bcf83710615a5879d48e29a2ef,f3c3cfedd1a3b8cbadf935e381769e4d9feb2f54ef6a76c62fe79bc8dc68966d,a9bff402172d52ac,94.780104407227,22.04902513630558,e71436d96456d923,[],0.0,esp_016530_1465,['train'],1.0,Counter({'train': 1}),test,63943d621040c59b,True,hirise_clean,0,C:\Users\deves\OneDrive\Desktop\Projects\TCMD-SS\data\raw\hirise_v3_2\map-proj-v3_2\ESP_016530_1465_RED-0017.jpg
map-proj-v3_2/ESP_016530_1465_RED-0019.jpg,ok,,JPEG,227.0,227.0,L,1.0,1.0,normal,other,train,esp_016530_1465_red-0019,[],4998902efd2bd0a4fe4b5a8d6d61037bd2147280779524d7b17e8ec096be9d7a,35951ce78ec019ef166c985ad29cc02211680ba9f2ac3cacf17f6a85ca4c6890,cf274bd6ecc28c90,115.45310407731569,20.18813919690936,7a4ebea2a108a406,[],0.0,esp_016530_1465,['train'],1.0,Counter({'train': 1}),test,63943d621040c59b,True,hirise_clean,0,C:\Users\deves\OneDrive\Desktop\Projects\TCMD-SS\data\raw\hirise_v3_2\map-proj-v3_2\ESP_016530_1465_RED-0019.jpg
map-proj-v3_2/ESP_016530_1465_RED-0023.jpg,ok,,JPEG,227.0,227.0,L,1.0,1.0,normal,other,train,esp_016530_1465_red-0023,[],f2f5a371f25a2da45d33c92840b4c657d08a1a40b9fd3929d178832cbb896f09,c84571f3621c9056329dbcfb9e7e300b9178e970fa22d04c0df3aa7331d3db87,bce0469d18f321f5,131.6317607560791,20.19913269139865,a37bf9524bb69111,[],0.0,esp_016530_1465,['train'],1.0,Counter({'train': 1}),test,63943d621040c59b,True,hirise_clean,0,C:\Users\deves\OneDrive\Desktop\Projects\TCMD-SS\data\raw\hirise_v3_2\map-proj-v3_2\ESP_016530_1465_RED-0023.jpg
map-proj-v3_2/ESP_016530_1465_RED-0024.jpg,ok,,JPEG,227.0,227.0,L,1.0,1.0,normal,other,train,esp_016530_1465_red-0024,[],d0ae4c74d9c38552fefd0fc4e392720b9034faa5b874fd558c2afe24e3c2a06a,331f72a0278e2f3398e6b488f85a578db5ce164a11fa1aef83f33d163596886e,8d3766c9133e6698,143.3652118224689,20.869300059368047,279625ddd4ca2f38,[],0.0,esp_016530_1465,['train'],1.0,Counter({'train': 1}),test,63943d621040c59b,True,hirise_clean,0,C:\Users\deves\OneDrive\Desktop\Projects\TCMD-SS\data\raw\hirise_v3_2\map-proj-v3_2\ESP_016530_1465_RED-0024.jpg
map-proj-v3_2/ESP_016530_1465_RED-0025.jpg,ok,,JPEG,227.0,227.0,L,1.0,1.0,normal,other,train,esp_016530_1465_red-0025,[],d9e1eb241c21382f58e195d712ef750e7c33c04305dc5d2be8bb82f75dfede28,a704c0de5ae49a5ae08ab253a5efb7c339d4cccc8fad51d50ae6e55c0e766ce9,87e069d27a7684d9,105.74292146170116,58.07575442443184,6e95730b926cab21,[],0.0,esp_016530_1465,['train'],1.0,Counter({'train': 1}),test,63943d621040c59b,True,hirise_clean,0,C:\Users\deves\OneDrive\Desktop\Projects\TCMD-SS\data\raw\hirise_v3_2\map-proj-v3_2\ESP_016530_1465_RED-0025.jpg
map-proj-v3_2/ESP_016530_1465_RED-0032.jpg,ok,,JPEG,227.0,227.0,L,1.0,1.0,normal,crater,train,esp_016530_1465_red-0032,[],d3fbcb8f56a8f50535041e465c61a9342937b2282795da4d0a5504a9b601107e,5ddb35d4801d75e11ca982caa2599829889bf5d20a55052e1f3673178c3362df,db528639f126ce98,125.32944555493025,15.42813250680802,0dc97749cf043f5a,[],1.0,esp_016530_1465,['train'],1.0,Counter({'train': 1}),test,63943d621040c59b,True,hirise_clean,0,C:\Users\deves\OneDrive\Desktop\Projects\TCMD-SS\data\raw\hirise_v3_2\map-proj-v3_2\ESP_016530_1465_RED-0032.jpg
map-proj-v3_2/ESP_016530_1465_RED-0035.jpg,ok,,JPEG,227.0,227.0,L,1.0,1.0,normal,other,train,esp_016530_1465_red-0035,[],48ec6aed217dc5d4198650caeaf4d458dca4d168498305bf24a68ddf0540ec15,4af629dda6a110b86895a5b4335c91dc26b6e7f0d2d374a2cc7c49133ae58b66,e6cf9933847b6620,124.89444778668324,16.51929215092376,058cb2d8c8000e49,[],0.0,esp_016530_1465,['train'],1.0,Counter({'train': 1}),test,63943d621040c59b,True,hirise_clean,0,C:\Users\deves\OneDrive\Desktop\Projects\TCMD-SS\data\raw\hirise_v3_2\map-proj-v3_2\ESP_016530_1465_RED-0035.jpg
map-proj-v3_2/ESP_016530_1465_RED-0037.jpg,ok,,JPEG,227.0,227.0,L,1.0,1.0,normal,other,train,esp_016530_1465_red-0037,[],3786e7136cf2be69cceae993a7a02f0e6f7f1799d5359fdc226174cd6c61d8a0,3365acce458633d2589dd830831487fdf06ac6103809d2697f446b1dcd088855,c31f792e5a1332cc,149.0371829455258,19.655261509391032,6f0f36972c20e7f1,[],0.0,esp_016530_1465,['train'],1.0,Counter({'train': 1}),test,63943d621040c59b,True,hirise_clean,0,C:\Users\deves\OneDrive\Desktop\Projects\TCMD-SS\data\raw\hirise_v3_2\map-proj-v3_2\ESP_016530_1465_RED-0037.jpg
map-proj-v3_2/ESP_016530_1465_RED-0038.jpg,ok,,JPEG,227.0,227.0,L,1.0,1.0,normal,other,train,esp_016530_1465_red-0038,[],6c51d0d872073c0a39c251c12a65495dc561944f322f2c2ec05fd599ac38b023,da67d7406d9e8767921b6a8be13a4a21a2f5047a32005cff016d9419973b53f2,f069d177663cb0c1,118.41025441984124,18.308284832708495,d311ff754068b0e7,[],0.0,esp_016530_1465,['train'],1.0,Counter({'train': 1}),test,63943d621040c59b,True,hirise_clean,0,C:\Users\deves\OneDrive\Desktop\Projects\TCMD-SS\data\raw\hirise_v3_2\map-proj-v3_2\ESP_016530_1465_RED-0038.jpg
map-proj-v3_2/ESP_016530_1465_RED-0039.jpg,ok,,JPEG,227.0,227.0,L,1.0,1.0,normal,other,train,esp_016530_1465_red-0039,[],d5f95b114fa33513cc25a0d5cb85b2ff68e491961498e2779e9b99091e8ecbc0,3e6a259dd8c21ed4ad71b49d8c4a06ae26de306b8995c27bcaf34ffe15a0620c,87e098f238e7ce38,100.88167827825109,52.78703024476194,71b90a5b75c0a74c,[],0.0,esp_016530_1465,['train'],1.0,Counter({'train': 1}),test,63943d621040c59b,True,hirise_clean,0,C:\Users\deves\OneDrive\Desktop\Projects\TCMD-SS\data\raw\hirise_v3_2\map-proj-v3_2\ESP_016530_1465_RED-0039.jpg
map-proj-v3_2/ESP_016530_1465_RED-0040.jpg,ok,,JPEG,227.0,227.0,L,1.0,1.0,normal,crater,train,esp_016530_1465_red-0040,[],09d28a8480e6bb1a0ba2eddc84190783ead5d02cda4c748b64e08511a6986b37,c3c00c37db472cc0a2b865606a27242838bd6fd686fc4f846042b4b9fc246f5b,b366ce9c1066659b,131.62240680005434,25.660125596475595,c23668b3aff554fc,[],1.0,esp_016530_1465,['train'],1.0,Counter({'train': 1}),test,63943d621040c59b,True,hirise_clean,0,C:\Users\deves\OneDrive\Desktop\Projects\TCMD-SS\data\raw\hirise_v3_2\map-proj-v3_2\ESP_016530_1465_RED-0040.jpg
map-proj-v3_2/ESP_016530_1465_RED-0044.jpg,ok,,JPEG,227.0,227.0,L,1.0,1.0,normal,other,train,esp_016530_1465_red-0044,[],8ee56e344310263e7c19bd94208f2b0e9bdfac482bfbf00a1511797069b33be1,4f5f3dd2d0bf72539edccae0322c1f3275ac97a4284be1dfa33e9e62492126af,e9bb25b4649564c5,150.21552911952492,19.754110700042844,336120117f178091,[],0.0,esp_016530_1465,['train'],1.0,Counter({'train': 1}),test,63943d621040c59b,True,hirise_clean,0,C:\Users\deves\OneDrive\Desktop\Projects\TCMD-SS\data\raw\hirise_v3_2\map-proj-v3_2\ESP_016530_1465_RED-0044.jpg
map-proj-v3_2/ESP_016530_1465_RED-0050.jpg,ok,,JPEG,227.0,227.0,L,1.0,1.0,normal,other,train,esp_016530_1465_red-0050,[],50a5a23ecefd24859f5164ca11d18b08c7ff248d80a7558063369d9420f2492b,d3e8cb81697f84169ee0fbb7bd23792571ad26df500f353822a55028a177092c,9137489ab4f15bb2,140.57396805682237,19.62730445040699,f301c4d10c2173bc,[],0.0,esp_016530_1465,['train'],1.0,Counter({'train': 1}),test,63943d621040c59b,True,hirise_clean,0,C:\Users\deves\OneDrive\Desktop\Projects\TCMD-SS\data\raw\hirise_v3_2\map-proj-v3_2\ESP_016530_1465_RED-0050.jpg
map-proj-v3_2/ESP_016530_1465_RED-0052.jpg,ok,,JPEG,227.0,227.0,L,1.0,1.0,normal,other,train,esp_016530_1465_red-0052,[],2f09248381cf302c928b93472cb4a75351819ffef03e4cd36fbff26e83e28d0f,c0af377814d3b429ecf80a227980179c61f413e2d656b9902bcf3dc720077d22,e05c93678cb1d1ad,136.47070581614236,21.69670207630591,7ff0ddc39d73bac7,[],0.0,esp_016530_1465,['train'],1.0,Counter({'train': 1}),test,63943d621040c59b,True,hirise_clean,0,C:\Users\deves\OneDrive\Desktop\Projects\TCMD-SS\data\raw\hirise_v3_2\map-proj-v3_2\ESP_016530_1465_RED-0052.jpg
map-proj-v3_2/ESP_016530_1465_RED-0057.jpg,ok,,JPEG,227.0,227.0,L,1.0,1.0,normal,other,train,esp_016530_1465_red-0057,[],35b92826dba19973334c5eb17efe71e471f04ede55345055b21be45e1c916164,5fb5d70502603cdcf44baa0e84016053d35b9a71ab03616daad1e67a7ca8f48f,8160ceb1e3f3665a,102.15449552679074,49.469466398460746,10e16e5e5b3c45fd,[],0.0,esp_016530_1465,['train'],1.0,Counter({'train': 1}),test,63943d621040c59b,True,hirise_clean,0,C:\Users\deves\OneDrive\Desktop\Projects\TCMD-SS\data\raw\hirise_v3_2\map-proj-v3_2\ESP_016530_1465_RED-0057.jpg
map-proj-v3_2/ESP_016530_1465_RED-0060.jpg,ok,,JPEG,227.0,227.0,L,1.0,1.0,normal,other,train,esp_016530_1465_red-0060,[],765d13acd32458f0c6eac0e08ba8b391b0acef324c843f06a0716b44dde1ea83,ee557cf5c328e18b2df56f7ad093b61412dd2249f23c1860ded83c7c3d47c784,c9cd366404fe11fc,88.71612101923189,66.28695906991437,6b15e697f1140c44,[],0.0,esp_016530_1465,['train'],1.0,Counter({'train': 1}),test,63943d621040c59b,True,hirise_clean,0,C:\Users\deves\OneDrive\Desktop\Projects\TCMD-SS\data\raw\hirise_v3_2\map-proj-v3_2\ESP_016530_1465_RED-0060.jpg
map-proj-v3_2/ESP_016530_1465_RED-0061.jpg,ok,,JPEG,227.0,227.0,L,1.0,1.0,normal,other,train,esp_016530_1465_red-0061,[],09e8a2e3ef436d14996052b4790a0f592c351843f1075f9583ab2b61707693d6,763f6c196aa5e83cf0461f5d530380c20e613108a53f3b353de28185c5ab6aca,87c170b76c95aa55,90.89419550156222,54.01794612567468,cd7fe8ab6868774f,[],0.0,esp_016530_1465,['train'],1.0,Counter({'train': 1}),test,63943d621040c59b,True,hirise_clean,0,C:\Users\deves\OneDrive\Desktop\Projects\TCMD-SS\data\raw\hirise_v3_2\map-proj-v3_2\ESP_016530_1465_RED-0061.jpg
map-proj-v3_2/ESP_016530_1465_RED-0064.jpg,ok,,JPEG,227.0,227.0,L,1.0,1.0,normal,other,train,esp_016530_1465_red-0064,[],510e7f2ce36c1da956c6d4752429ae76c83cfde3c3a57293b69136ab7d366cd6,3d22f710bd88414322ec1cd54eea9ff20628461d3fb94dbcc02ef67ba4aed3f7,b0c10d39639ef2b3,135.40154087989288,21.583906550504384,92979692d36f7316,[],0.0,esp_016530_1465,['train'],1.0,Counter({'train': 1}),test,63943d621040c59b,True,hirise_clean,0,C:\Users\deves\OneDrive\Desktop\Projects\TCMD-SS\data\raw\hirise_v3_2\map-proj-v3_2\ESP_016530_1465_RED-0064.jpg
map-proj-v3_2/ESP_016530_1465_RED-0077.jpg,ok,,JPEG,227.0,227.0,L,1.0,1.0,normal,other,train,esp_016530_1465_red-0077,[],90976f5967197bfd311870dd430f7a1aca2b92461a3ed355895810e297a822d2,c784b955836a2e5f42fdc0f47a23c482ce016fc9a001b1dc09387dd5c6e74eeb,fe80b1237ed4b485,143.6891265112849,19.913484360892063,8c0dc9114da21711,[],0.0,esp_016530_1465,['train'],1.0,Counter({'train': 1}),test,63943d621040c59b,True,hirise_clean,0,C:\Users\deves\OneDrive\Desktop\Projects\TCMD-SS\data\raw\hirise_v3_2\map-proj-v3_2\ESP_016530_1465_RED-0077.jpg
map-proj-v3_2/ESP_016530_1465_RED-0079.jpg,ok,,JPEG,227.0,227.0,L,1.0,1.0,normal,other,train,esp_016530_1465_red-0079,[],61b84abe9c7cd3bbe27c059d042ec5fdab34acbb1d79b15e397835e8c193896e,53533f5d532b2b552f10cfdbe935d9b54c6e62784b3945422d0187f37668c613,d6d09876e4897be0,135.5110326224068,19.34039913737044,4727497e7a6b2e43,[],0.0,esp_016530_1465,['train'],1.0,Counter({'train': 1}),test,63943d621040c59b,True,hirise_clean,0,C:\Users\deves\OneDrive\Desktop\Projects\TCMD-SS\data\raw\hirise_v3_2\map-proj-v3_2\ESP_016530_1465_RED-0079.jpg
map-proj-v3_2/ESP_016530_1465_RED-0082.jpg,ok,,JPEG,227.0,227.0,L,1.0,1.0,normal,other,train,esp_016530_1465_red-0082,[],84d2a45aecb65048811687495422ee371be9447bd1c77e934cea0a5e1444baee,805f8ad4d707734553a5d250c3c8838be70e239278ea4722f87baa3669567a6d,cdb664b923479c4c,143.12340623726445,32.37971896707742,1d8ecc242d693766,[],0.0,esp_016530_1465,['train'],1.0,Counter({'train': 1}),test,63943d621040c59b,True,hirise_clean,0,C:\Users\deves\OneDrive\Desktop\Projects\TCMD-SS\data\raw\hirise_v3_2\map-proj-v3_2\ESP_016530_1465_RED-0082.jpg
map-proj-v3_2/ESP_016530_1465_RED-0088.jpg,ok,,JPEG,227.0,227.0,L,1.0,1.0,normal,other,train,esp_016530_1465_red-0088,[],522822bfe26b953d2dda02015721effe58b1d565e382a1cc9f81d592fe591c33,6169b4b3f851e773fc8215db71edf760960933729c8412edc6aebbb6d3339e21,a7481fd833273ec8,131.32884395194938,16.11746163656451,4408e14027bad02f,[],0.0,esp_016530_1465,['train'],1.0,Counter({'train': 1}),test,63943d621040c59b,True,hirise_clean,0,C:\Users\deves\OneDrive\Desktop\Projects\TCMD-SS\data\raw\hirise_v3_2\map-proj-v3_2\ESP_016530_1465_RED-0088.jpg
map-proj-v3_2/ESP_016530_1465_RED-0089.jpg,ok,,JPEG,227.0,227.0,L,1.0,1.0,normal,other,train,esp_016530_1465_red-0089,[],ce3e5d0bd91b20e1f7e9c118ed7858b2532333e6b7ee1a5f50312b9e3615f810,ff51e6e68c019e11f262a5187a5097126919d35b83302795d6c2bafb24b7cd0a,935c9cf3e4c891a3,122.4674649226649,20.170894450200475,27d0f0a2c9aed7ec,[],0.0,esp_016530_1465,['train'],1.0,Counter({'train': 1}),test,63943d621040c59b,True,hirise_clean,0,C:\Users\deves\OneDrive\Desktop\Projects\TCMD-SS\data\raw\hirise_v3_2\map-proj-v3_2\ESP_016530_1465_RED-0089.jpg
map-proj-v3_2/ESP_016530_1465_RED-0090.jpg,ok,,JPEG,227.0,227.0,L,1.0,1.0,normal,crater,train,esp_016530_1465_red-0090,[],e0c6fcfbc31888914376ae2b5a5bacfc38584954cfc4bc444b1561bb60dbbd61,e5932109b767bec91a5cdb258552aebbe36b1d9882e5ca0d1fc150a31a75abf0,87e3dc99a39c384c,96.8055657979002,56.03290539064431,175cdcd13664fca0,[],1.0,esp_016530_1465,['train'],1.0,Counter({'train': 1}),test,63943d621040c59b,True,hirise_clean,0,C:\Users\deves\OneDrive\Desktop\Projects\TCMD-SS\data\raw\hirise_v3_2\map-proj-v3_2\ESP_016530_1465_RED-0090.jpg
map-proj-v3_2/ESP_016530_1465_RED-0092.jpg,ok,,JPEG,227.0,227.0,L,1.0,1.0,normal,other,train,esp_016530_1465_red-0092,[],a636fa9fe5429a0fb554ecc20df007d77dafdaf71a984913f9742696def68dad,245b5544aa26435b57e05e5e5d36b7f71f6fab4e012261933b540f6aa49b720d,a69511664ed9b173,132.71462671505367,13.947930067400986,71b395ace0324b21,[],0.0,esp_016530_1465,['train'],1.0,Counter({'train': 1}),test,63943d621040c59b,True,hirise_clean,0,C:\Users\deves\OneDrive\Desktop\Projects\TCMD-SS\data\raw\hirise_v3_2\map-proj-v3_2\ESP_016530_1465_RED-0092.jpg
map-proj-v3_2/ESP_016530_1465_RED-0095.jpg,ok,,JPEG,227.0,227.0,L,1.0,1.0,normal,other,train,esp_016530_1465_red-0095,[],7dcb620044adb41fbcc0f1c10c53571cc49e0bceafc3d78e511539f8376135f6,ba4701d0646b1ce366908fbd6fcc794e1c325eafcc79c0e8d394c7bf324e2cec,b9bb7273c1852073,113.33385084127384,17.09786904755869,d2916381b0140b46,[],0.0,esp_016530_1465,['train'],1.0,Counter({'train': 1}),test,63943d621040c59b,True,hirise_clean,0,C:\Users\deves\OneDrive\Desktop\Projects\TCMD-SS\data\raw\hirise_v3_2\map-proj-v3_2\ESP_016530_1465_RED-0095.jpg
map-proj-v3_2/ESP_016530_1465_RED-0097.jpg,ok,,JPEG,227.0,227.0,L,1.0,1.0,normal,crater,train,esp_016530_1465_red-0097,[],d338215c7965c1ce6c81d02f4065e02a7823f6456672e07c29290e8dd35e573a,5b96f6975643c49837e161a2a89da9d381a01598f0d4f5caad62ff6050322321,dfd5c08127dd24c9,115.15961885540182,14.410165102861404,3e08d82ba2d1964a,[],1.0,esp_016530_1465,['train'],1.0,Counter({'train': 1}),test,63943d621040c59b,True,hirise_clean,0,C:\Users\deves\OneDrive\Desktop\Projects\TCMD-SS\data\raw\hirise_v3_2\map-proj-v3_2\ESP_016530_1465_RED-0097.jpg
map-proj-v3_2/ESP_016530_1465_RED-0107.jpg,ok,,JPEG,227.0,227.0,L,1.0,1.0,normal,other,train,esp_016530_1465_red-0107,[],dc5c3b10fff386a84a665d106831283dd346d59836da492ef926b656f8324e59,28f8da63070036325ffbce96e7253bd05e13656a3d7552143d244c033447949e,a2c818b36e4d63db,129.03566923479983,21.65885023794502,e4dad80e2ac0e696,[],0.0,esp_016530_1465,['train'],1.0,Counter({'train': 1}),test,63943d621040c59b,True,hirise_clean,0,C:\Users\deves\OneDrive\Desktop\Projects\TCMD-SS\data\raw\hirise_v3_2\map-proj-v3_2\ESP_016530_1465_RED-0107.jpg
map-proj-v3_2/ESP_016530_1465_RED-0108.jpg,ok,,JPEG,227.0,227.0,L,1.0,1.0,normal,other,train,esp_016530_1465_red-0108,[],3a8a9cd3a2529a15e7b7cb3b58b3d0a4c862a79ff9d34db8c1dce007ab3f212a,b34b8c9f18d0e69677a8528b4abd4d8ef57c89e64f216eed8182e28f1ca3f823,81e1c39e963ab1e3,92.26445302645112,52.07409464788508,733ad11ede9c64e0,[],0.0,esp_016530_1465,['train'],1.0,Counter({'train': 1}),test,63943d621040c59b,True,hirise_clean,0,C:\Users\deves\OneDrive\Desktop\Projects\TCMD-SS\data\raw\hirise_v3_2\map-proj-v3_2\ESP_016530_1465_RED-0108.jpg
map-proj-v3_2/ESP_016530_1465_RED-0110.jpg,ok,,JPEG,227.0,227.0,L,1.0,1.0,normal,crater,train,esp_016530_1465_red-0110,[],7f46f85ab1de9647389248c1ee2665f2ee4d65df944f7001231ac9bd6fcf9367,221cb58bd1db850405c93b1addbf73df62685ad3c8a29e6564aaf3dde28f24c9,823ad9ca90c9ebd6,116.5936268897126,17.18397716321151,58745ab65b653000,[],1.0,esp_016530_1465,['train'],1.0,Counter({'train': 1}),test,63943d621040c59b,True,hirise_clean,0,C:\Users\deves\OneDrive\Desktop\Projects\TCMD-SS\data\raw\hirise_v3_2\map-proj-v3_2\ESP_016530_1465_RED-0110.jpg
map-proj-v3_2/ESP_016530_1465_RED-0111.jpg,ok,,JPEG,227.0,227.0,L,1.0,1.0,normal,crater,train,esp_016530_1465_red-0111,[],91de12f5039447ce846b0ed8a149214c8f452c246f3ff2709d9c06e0db8c510b,999b44cc76a43142bc29cd3cd6d1ccb93c0871b9c7d8d8bda8dd50b5c4bac5bd,9fa00cd9f3666499,114.81800539502028,20.136682539833515,8e7681d544d6b6e1,[],1.0,esp_016530_1465,['train'],1.0,Counter({'train': 1}),test,63943d621040c59b,True,hirise_clean,0,C:\Users\deves\OneDrive\Desktop\Projects\TCMD-SS\data\raw\hirise_v3_2\map-proj-v3_2\ESP_016530_1465_RED-0111.jpg
map-proj-v3_2/ESP_016530_1465_RED-0113.jpg,ok,,JPEG,227.0,227.0,L,1.0,1.0,normal,other,train,esp_016530_1465_red-0113,[],564b3be52dd65a2aed178d9c7af38fe278df2f75b5d6368ba6160576b5cd7d61,a703c8fc51962a63b4289b0d4ee27e14e04c8093a0f6e0dd5ff28bb198b9b473,ad5f3262c4418f5e,121.30342137437172,15.51449602058426,b1d9e7b6a79191b5,[],0.0,esp_016530_1465,['train'],1.0,Counter({'train': 1}),test,63943d621040c59b,True,hirise_clean,0,C:\Users\deves\OneDrive\Desktop\Projects\TCMD-SS\data\raw\hirise_v3_2\map-proj-v3_2\ESP_016530_1465_RED-0113.jpg
map-proj-v3_2/ESP_016530_1465_RED-0118.jpg,ok,,JPEG,227.0,227.0,L,1.0,1.0,normal,other,train,esp_016530_1465_red-0118,[],2e4ef9c19b25b4243128ee05db477c7d458291063f285459d082fae9d07500b2,383f4d44b7cb7e31f5fc044d7b4b19be8f47745351593de37c5679d635d9209f,ef95bb6282665851,115.33357914960509,15.250162915824104,44d39a0cbfafbcf8,[],0.0,esp_016530_1465,['train'],1.0,Counter({'train': 1}),test,63943d621040c59b,True,hirise_clean,0,C:\Users\deves\OneDrive\Desktop\Projects\TCMD-SS\data\raw\hirise_v3_2\map-proj-v3_2\ESP_016530_1465_RED-0118.jpg
map-proj-v3_2/ESP_016530_1465_RED-0119.jpg,ok,,JPEG,227.0,227.0,L,1.0,1.0,normal,other,train,esp_016530_1465_red-0119,[],54ee14fad6e78c9c033823585427765f3b9ab1d8b21e6bf24ec0c51574a24c77,767aab1bcb762160049c692586c8bfd285bd516fb67143bd0e409b196ec0c22f,84d13326ce1d9b3e,125.32529255370764,13.10788598526524,5a0dc464dacd56d5,[],0.0,esp_016530_1465,['train'],1.0,Counter({'train': 1}),test,63943d621040c59b,True,hirise_clean,0,C:\Users\deves\OneDrive\Desktop\Projects\TCMD-SS\data\raw\hirise_v3_2\map-proj-v3_2\ESP_016530_1465_RED-0119.jpg
map-proj-v3_2/ESP_016530_1465_RED-0122.jpg,ok,,JPEG,227.0,227.0,L,1.0,1.0,normal,other,train,esp_016530_1465_red-0122,[],684e4de9b5eaf22de500930f72de0dfc3963ca6ed39f244909f51982438d213d,8b27585d9e2fb8337a443c414519060a59473e19fb6c54271a904c1d73f2257b,be3e78587070e0f1,102.29655145646142,19.70602583954132,b5a36bd558cbdbbc,[],0.0,esp_016530_1465,['train'],1.0,Counter({'train': 1}),test,63943d621040c59b,True,hirise_clean,0,C:\Users\deves\OneDrive\Desktop\Projects\TCMD-SS\data\raw\hirise_v3_2\map-proj-v3_2\ESP_016530_1465_RED-0122.jpg
map-proj-v3_2/ESP_016530_1465_RED-0123.jpg,ok,,JPEG,227.0,227.0,L,1.0,1.0,normal,other,train,esp_016530_1465_red-0123,[],db2cce5eb57deb0420dd78d058554514def52cf977c4feb3c39299495839dd20,b893c71590b7e14ba23c297406d87be13816f10d65fdf1120c45e046091157d7,abaf9eb86144c893,119.33530633235654,24.464634885731947,f79ff16912bb7aff,[],0.0,esp_016530_1465,['train'],1.0,Counter({'train': 1}),test,63943d621040c59b,True,hirise_clean,0,C:\Users\deves\OneDrive\Desktop\Projects\TCMD-SS\data\raw\hirise_v3_2\map-proj-v3_2\ESP_016530_1465_RED-0123.jpg
map-proj-v3_2/ESP_016530_1465_RED-0128.jpg,ok,,JPEG,227.0,227.0,L,1.0,1.0,normal,other,train,esp_016530_1465_red-0128,[],3b6abf8505a8c8a2f9a779e09d8ae7f1b30112e9928afa85996679b27b64cc7b,b0a8e74bf06beb14eaa3b470d51d75faf84cf71cbedee082c9b2e68f9c45e094,b2f28e9a346d13b4,122.17170913466204,20.28095405817201,28dcc89063f60f5a,[],0.0,esp_016530_1465,['train'],1.0,Counter({'train': 1}),test,63943d621040c59b,True,hirise_clean,0,C:\Users\deves\OneDrive\Desktop\Projects\TCMD-SS\data\raw\hirise_v3_2\map-proj-v3_2\ESP_016530_1465_RED-0128.jpg
map-proj-v3_2/ESP_016530_1465_RED-0131.jpg,ok,,JPEG,227.0,227.0,L,1.0,1.0,normal,other,train,esp_016530_1465_red-0131,[],b3d3ed1b51b3b3a68652631167d41edd7caa770d7481499aae832c809b797c9c,1c10b0b21a924ea58eaa9c1f37efa671dbd40ae4963697e4cccfe3773ddc9e5c,ecd955d244895b0f,127.8486289274001,17.296634877759956,2cb16829a74739aa,[],0.0,esp_016530_1465,['train'],1.0,Counter({'train': 1}),test,63943d621040c59b,True,hirise_clean,0,C:\Users\deves\OneDrive\Desktop\Projects\TCMD-SS\data\raw\hirise_v3_2\map-proj-v3_2\ESP_016530_1465_RED-0131.jpg
map-proj-v3_2/ESP_016530_1465_RED-0133.jpg,ok,,JPEG,227.0,227.0,L,1.0,1.0,normal,other,train,esp_016530_1465_red-0133,[],a96410e6c4b1ad33922a17ba53ba42bc35aa5157b8be8c9a77b609624a35ec2d,d215a4ee8b4e150a6cdca02628fd2946f7dcf8d5c057652eed790e20390670ca,ed84ba66c4cc3933,123.97253973490656,14.718737511777125,682b56944773c07d,[],0.0,esp_016530_1465,['train'],1.0,Counter({'train': 1}),test,63943d621040c59b,True,hirise_clean,0,C:\Users\deves\OneDrive\Desktop\Projects\TCMD-SS\data\raw\hirise_v3_2\map-proj-v3_2\ESP_016530_1465_RED-0133.jpg
map-proj-v3_2/ESP_016530_1465_RED-0137.jpg,ok,,JPEG,227.0,227.0,L,1.0,1.0,normal,other,train,esp_016530_1465_red-0137,[],8a28011bc58e33b682f15fa2be1c9d8143e7cbae7a910ad46fca0eeba6d0290d,9a2c1c96a79d73379977456a63848f60fb0f2516c43fc4e75de32725fd4d4305,b6ecc895431f69b0,133.68371208445728,21.09973375591465,21f624323346561c,[],0.0,esp_016530_1465,['train'],1.0,Counter({'train': 1}),test,63943d621040c59b,True,hirise_clean,0,C:\Users\deves\OneDrive\Desktop\Projects\TCMD-SS\data\raw\hirise_v3_2\map-proj-v3_2\ESP_016530_1465_RED-0137.jpg
map-proj-v3_2/ESP_016530_1465_RED-0138.jpg,ok,,JPEG,227.0,227.0,L,1.0,1.0,normal,other,train,esp_016530_1465_red-0138,[],734889428728df6a7631925834c891a3c41284c423f33b8ca9adf58869332471,2cf3ff35996bb1a748268d0ec816c0cc66195de15dc4991279b2d301cfae14fe,adfe74a346483316,129.85629451376894,19.421176801221883,648b1f21941f8488,[],0.0,esp_016530_1465,['train'],1.0,Counter({'train': 1}),test,63943d621040c59b,True,hirise_clean,0,C:\Users\deves\OneDrive\Desktop\Projects\TCMD-SS\data\raw\hirise_v3_2\map-proj-v3_2\ESP_016530_1465_RED-0138.jpg
map-proj-v3_2/ESP_016530_1465_RED-0139.jpg,ok,,JPEG,227.0,227.0,L,1.0,1.0,normal,other,train,esp_016530_1465_red-0139,[],6cb943934073d03686b1dbbf21fbf7fc151f9e9069b92c60ce3e4aaf62582875,fb63a5237ac3dbd24a7f962e2c04a93ecfe94908d72da3e5c5cb665bdb1ee4b3,87a1387664c9b1e7,95.5854179200062,56.49743759630331,0a27066437ebfffd,[],0.0,esp_016530_1465,['train'],1.0,Counter({'train': 1}),test,63943d621040c59b,True,hirise_clean,0,C:\Users\deves\OneDrive\Desktop\Projects\TCMD-SS\data\raw\hirise_v3_2\map-proj-v3_2\ESP_016530_1465_RED-0139.jpg
map-proj-v3_2/ESP_016530_1465_RED-0141.jpg,ok,,JPEG,227.0,227.0,L,1.0,1.0,normal,other,train,esp_016530_1465_red-0141,[],64eb16a5059defab10eeb69a64fee001dbcc00a48c5a17772c0be877d8371465,03b35da02bf8d50f458db198591a3cf19a946931055c1ae2764a876b156907ce,ccc891277cf18337,124.20780531351278,14.913433649747624,f2cb3e31dfad4b46,[],0.0,esp_016530_1465,['train'],1.0,Counter({'train': 1}),test,63943d621040c59b,True,hirise_clean,0,C:\Users\deves\OneDrive\Desktop\Projects\TCMD-SS\data\raw\hirise_v3_2\map-proj-v3_2\ESP_016530_1465_RED-0141.jpg
map-proj-v3_2/ESP_016530_1465_RED-0142.jpg,ok,,JPEG,227.0,227.0,L,1.0,1.0,normal,other,train,esp_016530_1465_red-0142,[],397ff2962d52307f27bc7bbc0c358fbec34fcbbe24b553db9fcfd474a7de2723,4938a2c24feba6c95c11d12671815ebb4ea947d11ea47569b4da682f743f8e84,e294b56b461d9b26,139.6153622232141,18.528818950433923,fd1ddc503c5ef120,[],0.0,esp_016530_1465,['train'],1.0,Counter({'train': 1}),test,63943d621040c59b,True,hirise_clean,0,C:\Users\deves\OneDrive\Desktop\Projects\TCMD-SS\data\raw\hirise_v3_2\map-proj-v3_2\ESP_016530_1465_RED-0142.jpg
map-proj-v3_2/ESP_016530_1465_RED-0145.jpg,ok,,JPEG,227.0,227.0,L,1.0,1.0,normal,other,train,esp_016530_1465_red-0145,[],d622b753ab60459afe1f4b0e19d8bfe8c9fea2b8ef5af47787f7c1d277f9c7de,a3e5e2209b135f90f24e634616eb6591531abab7844a794b16315b8e79866cae,cab519352c5ed932,145.56463350734538,19.86893781130578,a1295ade66fb17d3,[],0.0,esp_016530_1465,['train'],1.0,Counter({'train': 1}),test,63943d621040c59b,True,hirise_clean,0,C:\Users\deves\OneDrive\Desktop\Projects\TCMD-SS\data\raw\hirise_v3_2\map-proj-v3_2\ESP_016530_1465_RED-0145.jpg
map-proj-v3_2/ESP_016530_1465_RED-0147.jpg,ok,,JPEG,227.0,227.0,L,1.0,1.0,normal,other,train,esp_016530_1465_red-0147,[],3dae17cabd3a88c630313f52369da9e7bf17f92de4c4084b97aea8deaa373121,a96c037212f92f13c0fbf2c0d9a2893628a1e537b63195a8a76051d118e1b6b4,d5d63a36c624295b,139.43183450096063,60.11042818191445,311b256b7c17cede,[],0.0,esp_016530_1465,['train'],1.0,Counter({'train': 1}),test,63943d621040c59b,True,hirise_clean,0,C:\Users\deves\OneDrive\Desktop\Projects\TCMD-SS\data\raw\hirise_v3_2\map-proj-v3_2\ESP_016530_1465_RED-0147.jpg
map-proj-v3_2/ESP_016530_1465_RED-0154.jpg,ok,,JPEG,227.0,227.0,L,1.0,1.0,normal,other,train,esp_016530_1465_red-0154,[],c03d9b55050d31c96fa26664e1db8a051ceafe60a5581f8ca972e127fe7f3009,ae5840e4763f9428cf10973558c28382c12494ddc6c73899b7228ad7229bed30,c6df9d3db8983060,131.11525548720138,16.90993736915964,afd51adde41260c5,[],0.0,esp_016530_1465,['train'],1.0,Counter({'train': 1}),test,63943d621040c59b,True,hirise_clean,0,C:\Users\deves\OneDrive\Desktop\Projects\TCMD-SS\data\raw\hirise_v3_2\map-proj-v3_2\ESP_016530_1465_RED-0154.jpg
map-proj-v3_2/ESP_016530_1465_RED-0157.jpg,ok,,JPEG,227.0,227.0,L,1.0,1.0,normal,other,train,esp_016530_1465_red-0157,[],b539dcba22586909e6f2887096af13cc163eeab8b13731b14f863dab99787912,5a886267d350039cf33e0a52a485ad346a22150d62b2b848922d3b255d0222d7,afa12a5ff0421df0,133.98251470045994,13.672227027051385,01387a2dc9640d2f,[],0.0,esp_016530_1465,['train'],1.0,Counter({'train': 1}),test,63943d621040c59b,True,hirise_clean,0,C:\Users\deves\OneDrive\Desktop\Projects\TCMD-SS\data\raw\hirise_v3_2\map-proj-v3_2\ESP_016530_1465_RED-0157.jpg
map-proj-v3_2/ESP_016530_1465_RED-0159.jpg,ok,,JPEG,227.0,227.0,L,1.0,1.0,normal,other,train,esp_016530_1465_red-0159,[],64734aa073cf7e583a5f9268115dd7340c24679c6dafa6f0dd1f386282db841e,ad02b6f3c0f547e914bceff59b0fc46cafeb9f7af8b37735003b766ed004a511,e4581327ae9db326,138.9792544004347,15.437246518736034,686d6137a63a6b2f,[],0.0,esp_016530_1465,['train'],1.0,Counter({'train': 1}),test,63943d621040c59b,True,hirise_clean,0,C:\Users\deves\OneDrive\Desktop\Projects\TCMD-SS\data\raw\hirise_v3_2\map-proj-v3_2\ESP_016530_1465_RED-0159.jpg
map-proj-v3_2/ESP_016530_1465_RED-0160.jpg,ok,,JPEG,227.0,227.0,L,1.0,1.0,normal,other,train,esp_016530_1465_red-0160,[],5d724653683b1e35853cf714a0f63a24f606f09b86ada14d25e246028e4f5d3e,4263ab4bf6026a17e209178e9d3c540040d9bfa51a65a5134c53e1334e31e832,e7c48c3927acbca8,117.67070969745193,17.272502846428342,ccaa960ba6a486cc,[],0.0,esp_016530_1465,['train'],1.0,Counter({'train': 1}),test,63943d621040c59b,True,hirise_clean,0,C:\Users\deves\OneDrive\Desktop\Projects\TCMD-SS\data\raw\hirise_v3_2\map-proj-v3_2\ESP_016530_1465_RED-0160.jpg
map-proj-v3_2/ESP_016530_1465_RED-0165.jpg,ok,,JPEG,227.0,227.0,L,1.0,1.0,normal,other,train,esp_016530_1465_red-0165,[],518e27bd4e52abec1d4d1d20db29007ceafff32a26a8ed819efb78f13a61b633,b0471ec588ae03444b612c4b8bc6c9e36525200be18aa9b68e404cd7ee028920,8e29da45003f7fb4,130.2414562673446,17.905572233045067,444872587d9d5db6,[],0.0,esp_016530_1465,['train'],1.0,Counter({'train': 1}),test,63943d621040c59b,True,hirise_clean,0,C:\Users\deves\OneDrive\Desktop\Projects\TCMD-SS\data\raw\hirise_v3_2\map-proj-v3_2\ESP_016530_1465_RED-0165.jpg
map-proj-v3_2/ESP_016530_1465_RED-0166.jpg,ok,,JPEG,227.0,227.0,L,1.0,1.0,normal,other,train,esp_016530_1465_red-0166,[],1f72da842371be87829b8e251ceb950e3c2107383df942bb44b25f4ad6bc5c4f,ff89b2446a54a663e3efa16de1d5321adf37cddb84c5c3bff55918be64fe62cb,a479b9b1236ce1a3,124.61074346484504,16.052179352398625,480691e90b23a6e5,[],0.0,esp_016530_1465,['train'],1.0,Counter({'train': 1}),test,63943d621040c59b,True,hirise_clean,0,C:\Users\deves\OneDrive\Desktop\Projects\TCMD-SS\data\raw\hirise_v3_2\map-proj-v3_2\ESP_016530_1465_RED-0166.jpg
map-proj-v3_2/ESP_016530_1465_RED-0171.jpg,ok,,JPEG,227.0,227.0,L,1.0,1.0,normal,other,train,esp_016530_1465_red-0171,[],34900abe02f0f46cfdfb373ea58c22a3ead8fbbcd629c4961ad6f876c9b52171,6476af17fb48ba9145de48af86478ac26b2bfd7ccd11451a704722266adf73ab,8afa9973a6cff000,124.4089735876885,16.531266105195744,133a841db4100923,[],0.0,esp_016530_1465,['train'],1.0,Counter({'train': 1}),test,63943d621040c59b,True,hirise_clean,0,C:\Users\deves\OneDrive\Desktop\Projects\TCMD-SS\data\raw\hirise_v3_2\map-proj-v3_2\ESP_016530_1465_RED-0171.jpg
map-proj-v3_2/ESP_016530_1465_RED-0172.jpg,ok,,JPEG,227.0,227.0,L,1.0,1.0,normal,other,train,esp_016530_1465_red-0172,[],fad3f9b3d06017d55e93baf09bd18a6140cf11dd12639dc37d8a96b8ff1c0586,f4b213c1ee29f871e905fbdbbef34bcd94d958bb8cb40b8886193d2ff72532e5,cd88bf78d9d034e0,131.5232005278581,17.29955583325662,494631029dbe8763,[],0.0,esp_016530_1465,['train'],1.0,Counter({'train': 1}),test,63943d621040c59b,True,hirise_clean,0,C:\Users\deves\OneDrive\Desktop\Projects\TCMD-SS\data\raw\hirise_v3_2\map-proj-v3_2\ESP_016530_1465_RED-0172.jpg
map-proj-v3_2/ESP_016530_1465_RED-0174.jpg,ok,,JPEG,227.0,227.0,L,1.0,1.0,normal,other,train,esp_016530_1465_red-0174,[],9acfc8ccb07eca34380d1732d362e244fdbb48ca56d8e08d6b931693a9088fed,be6a5fece138d1e92dd27f02321bcdc73c46111da75c2d43246cfef69272deab,d2da4ab76d827162,127.05065108967766,19.748227900345423,4801ea5d6de7443d,[],0.0,esp_016530_1465,['train'],1.0,Counter({'train': 1}),test,63943d621040c59b,True,hirise_clean,0,C:\Users\deves\OneDrive\Desktop\Projects\TCMD-SS\data\raw\hirise_v3_2\map-proj-v3_2\ESP_016530_1465_RED-0174.jpg
map-proj-v3_2/ESP_016530_1465_RED-0179.jpg,ok,,JPEG,227.0,227.0,L,1.0,1.0,normal,other,train,esp_016530_1465_red-0179,[],b5f480db4322e666769cabba4b2d1586abfef50b383c5bb10c813df24f972e71,e1ebe2630039f53776c56b018930735063ad55a3d37d7c7cb3a432ac6606c279,efcb90338c99b3c0,121.98453298142792,16.119915303912435,13aa0b18f75f2ca4,[],0.0,esp_016530_1465,['train'],1.0,Counter({'train': 1}),test,63943d621040c59b,True,hirise_clean,0,C:\Users\deves\OneDrive\Desktop\Projects\TCMD-SS\data\raw\hirise_v3_2\map-proj-v3_2\ESP_016530_1465_RED-0179.jpg
map-proj-v3_2/ESP_016530_1465_RED-0180.jpg,ok,,JPEG,227.0,227.0,L,1.0,1.0,normal,other,train,esp_016530_1465_red-0180,[],b0cc81e43450f61e3f6c4172559bb7c3a4f06ad587ab043c9b17a65002f8655e,d174ae38fb3773c7eee8b5d4f4f6d0d5032586d25eaaafe545d9609f655727f0,e70a3d684e1a76ca,129.5907741271905,15.653737113240222,975122faa6b7d44f,[],0.0,esp_016530_1465,['train'],1.0,Counter({'train': 1}),test,63943d621040c59b,True,hirise_clean,0,C:\Users\deves\OneDrive\Desktop\Projects\TCMD-SS\data\raw\hirise_v3_2\map-proj-v3_2\ESP_016530_1465_RED-0180.jpg
map-proj-v3_2/ESP_016530_1465_RED-0183.jpg,ok,,JPEG,227.0,227.0,L,1.0,1.0,normal,other,train,esp_016530_1465_red-0183,[],6013deeb9603ae3cce30ad6bceb3476e04fc2d45e83bdb70dbd2aa0645cf77d2,ff9efd34b37f78d8e3418c7def9416b57a0117ac46ba2f22b4794393dbfba92e,8ab2531be4ae583d,136.64282248830756,13.168488633747993,6c5db457ae0e9ba2,[],0.0,esp_016530_1465,['train'],1.0,Counter({'train': 1}),test,63943d621040c59b,True,hirise_clean,0,C:\Users\deves\OneDrive\Desktop\Projects\TCMD-SS\data\raw\hirise_v3_2\map-proj-v3_2\ESP_016530_1465_RED-0183.jpg
map-proj-v3_2/ESP_016530_1465_RED-0187.jpg,ok,,JPEG,227.0,227.0,L,1.0,1.0,normal,other,train,esp_016530_1465_red-0187,[],86d9775447278850e64d479defc45154e592b67049d5337fc7c1746eba7fab99,a92c905439fb5caf73c9c5bfce8762410990b259501dcd92f133a373c69f2647,c99c3678738c72cc,128.9960798773506,16.251222056395854,9fd13df7f37efe61,[],0.0,esp_016530_1465,['train'],1.0,Counter({'train': 1}),test,63943d621040c59b,True,hirise_clean,0,C:\Users\deves\OneDrive\Desktop\Projects\TCMD-SS\data\raw\hirise_v3_2\map-proj-v3_2\ESP_016530_1465_RED-0187.jpg
map-proj-v3_2/ESP_016530_1465_RED-0189.jpg,ok,,JPEG,227.0,227.0,L,1.0,1.0,normal,other,train,esp_016530_1465_red-0189,[],7a4746990453fe9f4dfa3e601fd2f3fbf6a5603d53ae21df65b7a3c5409660ed,4b39ffe7093760e6e86f4e19c53cb40fb147721f6f6ec1f40b5f139694de77ed,aa545aaa565ebc61,128.76504492615808,26.163389982778696,0227a4f2384ce4aa,[],0.0,esp_016530_1465,['train'],1.0,Counter({'train': 1}),test,63943d621040c59b,True,hirise_clean,0,C:\Users\deves\OneDrive\Desktop\Projects\TCMD-SS\data\raw\hirise_v3_2\map-proj-v3_2\ESP_016530_1465_RED-0189.jpg
map-proj-v3_2/ESP_016530_1465_RED-0194.jpg,ok,,JPEG,227.0,227.0,L,1.0,1.0,normal,other,train,esp_016530_1465_red-0194,[],b5eebaeb184c5e092bc1c73950a67999a5b83528d7616a50ce6446fbb1d775f8,c2e31aac091a6968122eec581f533826fed6bdb0ccd45a40c81ac14ed43360c7,ec0d3b64cd8979c8,115.94637970851365,18.32953670333181,5c866763595ffbcc,[],0.0,esp_016530_1465,['train'],1.0,Counter({'train': 1}),test,63943d621040c59b,True,hirise_clean,0,C:\Users\deves\OneDrive\Desktop\Projects\TCMD-SS\data\raw\hirise_v3_2\map-proj-v3_2\ESP_016530_1465_RED-0194.jpg
map-proj-v3_2/ESP_016530_1465_RED-0202.jpg,ok,,JPEG,227.0,227.0,L,1.0,1.0,normal,other,train,esp_016530_1465_red-0202,[],7f5fb7029e955ba12ca6421edd99294a6233af770e6e92bcd9ed2b808917dbae,1d90aa00d46213be028d0b30708c9e387c7b7957cbd8ff282db11eec49d12ebe,877164ccdb304dd3,89.8822992877797,51.15208612201557,d2eb7ae19057d9e8,[],0.0,esp_016530_1465,['train'],1.0,Counter({'train': 1}),test,63943d621040c59b,True,hirise_clean,0,C:\Users\deves\OneDrive\Desktop\Projects\TCMD-SS\data\raw\hirise_v3_2\map-proj-v3_2\ESP_016530_1465_RED-0202.jpg
map-proj-v3_2/ESP_016530_1465_RED-0205.jpg,ok,,JPEG,227.0,227.0,L,1.0,1.0,normal,other,train,esp_016530_1465_red-0205,[],e942a6dde22319a396b92b9ad1bb7f180ca299fce687dd5fb9e49008f4324eb5,09283e7f60ba9e29a12746ce157a1a2fc7085b0d8d6f51ac69da6e0e02f6cb23,84d9b3664c59b176,156.74129131168857,19.88675762925077,d44cf7a7e30ac56a,[],0.0,esp_016530_1465,['train'],1.0,Counter({'train': 1}),test,63943d621040c59b,True,hirise_clean,0,C:\Users\deves\OneDrive\Desktop\Projects\TCMD-SS\data\raw\hirise_v3_2\map-proj-v3_2\ESP_016530_1465_RED-0205.jpg
map-proj-v3_2/ESP_016530_1465_RED-0210.jpg,ok,,JPEG,227.0,227.0,L,1.0,1.0,normal,other,train,esp_016530_1465_red-0210,[],980633be02ef07c4fb781bb70f86973558b9009a61f2cb6aacc6a8d2d53665fe,5e8ab812ce184797adb80be569174ae54b2cb4779505135658578ba90015bdc3,b3a1ae6466c6ad0e,128.0397834229269,24.809344794335864,b86bd19ff23df836,[],0.0,esp_016530_1465,['train'],1.0,Counter({'train': 1}),test,63943d621040c59b,True,hirise_clean,0,C:\Users\deves\OneDrive\Desktop\Projects\TCMD-SS\data\raw\hirise_v3_2\map-proj-v3_2\ESP_016530_1465_RED-0210.jpg
map-proj-v3_2/ESP_016530_1465_RED-0214.jpg,ok,,JPEG,227.0,227.0,L,1.0,1.0,normal,other,train,esp_016530_1465_red-0214,[],93abb58424b4340fb04187523a1238185b8573f5075e5e7b39173d3ea37ad449,708e0802f68a3f624a87a5b5fda3144b0471be86dd44291410cf7ab1baeb0d3b,e89313656cd9b724,136.6089968755458,25.50930424414983,73bf873d51497944,[],0.0,esp_016530_1465,['train'],1.0,Counter({'train': 1}),test,63943d621040c59b,True,hirise_clean,0,C:\Users\deves\OneDrive\Desktop\Projects\TCMD-SS\data\raw\hirise_v3_2\map-proj-v3_2\ESP_016530_1465_RED-0214.jpg
map-proj-v3_2/ESP_016530_1465_RED-0215.jpg,ok,,JPEG,227.0,227.0,L,1.0,1.0,normal,crater,train,esp_016530_1465_red-0215,[],96135593e59253e1a5b40251dc92c21af540e498384601e40ccb35d4da2a77dd,423524f660d1a33655fa04cbd387911a9fb6453da75d7661f06f6c8717c462a7,b2f6cd199232658d,110.01401152748936,29.49821639674055,ec99447bda4fe415,[],1.0,esp_016530_1465,['train'],1.0,Counter({'train': 1}),test,63943d621040c59b,True,hirise_clean,0,C:\Users\deves\OneDrive\Desktop\Projects\TCMD-SS\data\raw\hirise_v3_2\map-proj-v3_2\ESP_016530_1465_RED-0215.jpg
map-proj-v3_2/ESP_016530_1465_RED-0218.jpg,ok,,JPEG,227.0,227.0,L,1.0,1.0,normal,other,train,esp_016530_1465_red-0218,[],384d269e397b1672ec06954241648c2c66f17007c7ec4be1a63fc1e608a2649c,5e1dbcd94e56d5fd25e270021839846a78b6cdbcfbf976504b7a94d7d9f5e6a3,cdcc923365c99b32,146.55217450367755,20.370536582905213,3adf0cd1a7ec4cc1,[],0.0,esp_016530_1465,['train'],1.0,Counter({'train': 1}),test,63943d621040c59b,True,hirise_clean,0,C:\Users\deves\OneDrive\Desktop\Projects\TCMD-SS\data\raw\hirise_v3_2\map-proj-v3_2\ESP_016530_1465_RED-0218.jpg
map-proj-v3_2/ESP_016530_1465_RED-0229.jpg,ok,,JPEG,227.0,227.0,L,1.0,1.0,normal,other,train,esp_016530_1465_red-0229,[],32437a01151c5d82c7fbbf1850565192b8ab39a3f9b7de25b12f99630f3dae78,4283a83eea03fe16c2fb5b237a82727cb435c4906cb831b3233b14ca2218df1f,c4953575a48da36e,137.7033709173475,18.013818101095506,e16ac4b2b7134ca1,[],0.0,esp_016530_1465,['train'],1.0,Counter({'train': 1}),test,63943d621040c59b,True,hirise_clean,0,C:\Users\deves\OneDrive\Desktop\Projects\TCMD-SS\data\raw\hirise_v3_2\map-proj-v3_2\ESP_016530_1465_RED-0229.jpg
map-proj-v3_2/ESP_016530_1465_RED-0230.jpg,ok,,JPEG,227.0,227.0,L,1.0,1.0,normal,other,train,esp_016530_1465_red-0230,[],f663ded919d90474e635aa73ba31a71901937c79d21852da1cad1d3e2d857754,5829e12743b7bcfdb827dd44667b1986d43ead742d7a7b438ca4c9db9960633c,e6c899278e78b117,131.35370373964176,19.037720750678155,f94aafe152aeed0b,[],0.0,esp_016530_1465,['train'],1.0,Counter({'train': 1}),test,63943d621040c59b,True,hirise_clean,0,C:\Users\deves\OneDrive\Desktop\Projects\TCMD-SS\data\raw\hirise_v3_2\map-proj-v3_2\ESP_016530_1465_RED-0230.jpg
map-proj-v3_2/ESP_016530_1465_RED-0233.jpg,ok,,JPEG,227.0,227.0,L,1.0,1.0,normal,other,train,esp_016530_1465_red-0233,[],6a292a8d25bac9c241812c505122f898ac9fdf35c218abb739db15bb2bd9b314,d3a70b8fc17171fba3e5a46bcfc67d0a1ea3bc9f2de9ac647aff51417d651179,851a96736c9cf364,134.48407692755535,19.26486931189209,3df7cfce4b3c9d13,[],0.0,esp_016530_1465,['train'],1.0,Counter({'train': 1}),test,63943d621040c59b,True,hirise_clean,0,C:\Users\deves\OneDrive\Desktop\Projects\TCMD-SS\data\raw\hirise_v3_2\map-proj-v3_2\ESP_016530_1465_RED-0233.jpg
map-proj-v3_2/ESP_016530_1465_RED-0235.jpg,ok,,JPEG,227.0,227.0,L,1.0,1.0,normal,other,train,esp_016530_1465_red-0235,[],02b71066ff1b9508c93abf311405cdf1cac2ad23d2d1fe4f95962f88f9c13928,77a66e27ca3ff205d5d71fd94d64c9e8e6e5dd3bdf84d700384e16f8f903c607,a0cf99b2e52cd48d,132.0839721321974,28.29654255777446,b0189d419ec465a9,[],0.0,esp_016530_1465,['train'],1.0,Counter({'train': 1}),test,63943d621040c59b,True,hirise_clean,0,C:\Users\deves\OneDrive\Desktop\Projects\TCMD-SS\data\raw\hirise_v3_2\map-proj-v3_2\ESP_016530_1465_RED-0235.jpg
map-proj-v3_2/ESP_016530_1465_RED-0237.jpg,ok,,JPEG,227.0,227.0,L,1.0,1.0,normal,other,train,esp_016530_1465_red-0237,[],dd8479b76ba777afe76ab80afb5b0e5f34c1244f05e195714af5ce21a7ab792a,852927c59212f4527e706e284d0f7e2020d81739b5e2d47e8ea81c5691169759,ec485b938c5923f6,135.72623183061964,15.22521321356914,3efb1785c9fc9ce6,[],0.0,esp_016530_1465,['train'],1.0,Counter({'train': 1}),test,63943d621040c59b,True,hirise_clean,0,C:\Users\deves\OneDrive\Desktop\Projects\TCMD-SS\data\raw\hirise_v3_2\map-proj-v3_2\ESP_016530_1465_RED-0237.jpg
map-proj-v3_2/ESP_016530_1465_RED-0239.jpg,ok,,JPEG,227.0,227.0,L,1.0,1.0,normal,other,train,esp_016530_1465_red-0239,[],34fc94ca1067ed77990d34abda97f3af6a77374241393ca57be621a64ee9583e,e762125b31b03d784b369b9f6676a6831304872f74a67798c0e041544eb0b771,ec8437e2a4b81bea,135.30858351607833,14.77225150654387,c1acd3016f3029a4,[],0.0,esp_016530_1465,['train'],1.0,Counter({'train': 1}),test,63943d621040c59b,True,hirise_clean,0,C:\Users\deves\OneDrive\Desktop\Projects\TCMD-SS\data\raw\hirise_v3_2\map-proj-v3_2\ESP_016530_1465_RED-0239.jpg
map-proj-v3_2/ESP_016530_1465_RED-0240.jpg,ok,,JPEG,227.0,227.0,L,1.0,1.0,normal,other,train,esp_016530_1465_red-0240,[],15affff4870a6ed00aca8edf253b0a1aa3f76cdb8474f8afd88999787d57bea2,069e895917d0aba04f89bed4868dbf9d104445a2be9e97251bc9869312d890fb,9590972f58bb02fc,135.81472568844728,26.315145355534632,4012c66da8e128c9,[],0.0,esp_016530_1465,['train'],1.0,Counter({'train': 1}),test,63943d621040c59b,True,hirise_clean,0,C:\Users\deves\OneDrive\Desktop\Projects\TCMD-SS\data\raw\hirise_v3_2\map-proj-v3_2\ESP_016530_1465_RED-0240.jpg
map-proj-v3_2/ESP_016530_1465_RED-0245.jpg,ok,,JPEG,227.0,227.0,L,1.0,1.0,normal,other,train,esp_016530_1465_red-0245,[],b3c98e8a53de5c35359e84e8d2f2bf1d415c74bee0dad31fa404b0ebdac2bb6b,1b8b42bac93f041358f8a414c48e1e8f3a4276ce6121c2772583145b06e2ae1d,ccb973dcc8d2708c,140.3715189504939,13.527472842932175,fe3a184fe9bb8ae3,[],0.0,esp_016530_1465,['train'],1.0,Counter({'train': 1}),test,63943d621040c59b,True,hirise_clean,0,C:\Users\deves\OneDrive\Desktop\Projects\TCMD-SS\data\raw\hirise_v3_2\map-proj-v3_2\ESP_016530_1465_RED-0245.jpg
map-proj-v3_2/ESP_016530_1465_RED-0248.jpg,ok,,JPEG,227.0,227.0,L,1.0,1.0,normal,other,train,esp_016530_1465_red-0248,[],424fd696cbbd68147e1d7ab8121a1756c5dd742955015df5049b04f8bf648721,76f8d6207a10329795794bf66796cf53008e6f9c2e39d3fb2de25869ee7ac117,e6891bd65cd43554,151.29829804576065,18.44236909174656,abb7eafe06d83b36,[],0.0,esp_016530_1465,['train'],1.0,Counter({'train': 1}),test,63943d621040c59b,True,hirise_clean,0,C:\Users\deves\OneDrive\Desktop\Projects\TCMD-SS\data\raw\hirise_v3_2\map-proj-v3_2\ESP_016530_1465_RED-0248.jpg
map-proj-v3_2/ESP_016530_1465_RED-0249.jpg,ok,,JPEG,227.0,227.0,L,1.0,1.0,normal,other,train,esp_016530_1465_red-0249,[],898b2eaf50e79ecdf1ebbb778ecbd1c1e5411cb45d72233f31bc011ffd400c83,9a4f9fe90224a7d6206e530e433913afa7b62a2f81a8a8d3fd42c7b49a40b788,d2da2d6d931b186c,118.16957441440742,65.93584609602831,51b8939ec6b39364,[],0.0,esp_016530_1465,['train'],1.0,Counter({'train': 1}),test,63943d621040c59b,True,hirise_clean,0,C:\Users\deves\OneDrive\Desktop\Projects\TCMD-SS\data\raw\hirise_v3_2\map-proj-v3_2\ESP_016530_1465_RED-0249.jpg
map-proj-v3_2/ESP_016530_1465_RED-0250.jpg,ok,,JPEG,227.0,227.0,L,1.0,1.0,normal,other,train,esp_016530_1465_red-0250,[],2645f131eadb8a9acd6ced2aa7246050605475ba951fc7b2328fb2a34298c806,40d497519ccaa366d1aa82de560e19fc053bf513ce33d72e22ec4a8220862508,84393235aa7bbd26,149.88555958780492,16.57313345290894,c4512a0257b81b9a,[],0.0,esp_016530_1465,['train'],1.0,Counter({'train': 1}),test,63943d621040c59b,True,hirise_clean,0,C:\Users\deves\OneDrive\Desktop\Projects\TCMD-SS\data\raw\hirise_v3_2\map-proj-v3_2\ESP_016530_1465_RED-0250.jpg
map-proj-v3_2/ESP_016530_1465_RED-0254.jpg,ok,,JPEG,227.0,227.0,L,1.0,1.0,normal,other,train,esp_016530_1465_red-0254,[],4ecf8535f4e2c6c843fd1f2bee1b304a3168430faa13eca72d3ae38062821be9,fb32ee5731da323c15d2f188c343c87a6b41a31f8ffaf77f01fc02e005079f95,a3469c197a2626f7,131.99642919521045,24.883579316685363,d4fc8e4e3ee12ca1,[],0.0,esp_016530_1465,['train'],1.0,Counter({'train': 1}),test,63943d621040c59b,True,hirise_clean,0,C:\Users\deves\OneDrive\Desktop\Projects\TCMD-SS\data\raw\hirise_v3_2\map-proj-v3_2\ESP_016530_1465_RED-0254.jpg
map-proj-v3_2/ESP_016530_1465_RED-0263.jpg,ok,,JPEG,227.0,227.0,L,1.0,1.0,normal,other,train,esp_016530_1465_red-0263,[],5869a6cc90cc335093cb3052b2e80cb73e9a22c1f14f2b5dee55b39d89057672,c23c5c3c4a5278bb2c8434550de9521d3ffd40eb9a4645fa826963840096d3c2,b34b56f4cc996161,141.27254555687088,17.95107016498732,4e61ff1e772e1fbb,[],0.0,esp_016530_1465,['train'],1.0,Counter({'train': 1}),test,63943d621040c59b,True,hirise_clean,0,C:\Users\deves\OneDrive\Desktop\Projects\TCMD-SS\data\raw\hirise_v3_2\map-proj-v3_2\ESP_016530_1465_RED-0263.jpg
map-proj-v3_2/ESP_016530_1465_RED-0266.jpg,ok,,JPEG,227.0,227.0,L,1.0,1.0,normal,other,train,esp_016530_1465_red-0266,[],5638d9fc87ef72690e9ab878027a5d452d4ab3def3e07f87f1367087b5b87e8b,bda48724b0af89abba171d688c39984607bf32ffed1772f15c8fe67155283bcb,e646999833aba66c,129.01282772807545,18.21684421206028,1419ca5bd0dc2f03,[],0.0,esp_016530_1465,['train'],1.0,Counter({'train': 1}),test,63943d621040c59b,True,hirise_clean,0,C:\Users\deves\OneDrive\Desktop\Projects\TCMD-SS\data\raw\hirise_v3_2\map-proj-v3_2\ESP_016530_1465_RED-0266.jpg
map-proj-v3_2/ESP_016530_1465_RED-0270.jpg,ok,,JPEG,227.0,227.0,L,1.0,1.0,normal,other,train,esp_016530_1465_red-0270,[],db0e788596259a7bb93ff78fe92cfdb833323c50ea556fcc62a452ad1fa695d5,14b83debe6032956935f565cd807f093b390294fbcdc9a650edce71da24e4de4,b77c18f362cc1133,129.45203671718838,20.72388088763629,da539d9d4dd83e5b,[],0.0,esp_016530_1465,['train'],1.0,Counter({'train': 1}),test,63943d621040c59b,True,hirise_clean,0,C:\Users\deves\OneDrive\Desktop\Projects\TCMD-SS\data\raw\hirise_v3_2\map-proj-v3_2\ESP_016530_1465_RED-0270.jpg
map-proj-v3_2/ESP_016530_1465_RED-0271.jpg,ok,,JPEG,227.0,227.0,L,1.0,1.0,normal,crater,train,esp_016530_1465_red-0271,[],42e24a809d2c3660cfd19b3fc65322fb65d05d2d9ab16165587803d2c200c21b,76b457d2319fcff8b787512085ebf034592583dcf45b937943a0ce9bf7a230ed,cd9df0e2043f1e1c,147.21508276892624,19.261989097287195,077fdc3c8e0e0e40,[],1.0,esp_016530_1465,['train'],1.0,Counter({'train': 1}),test,63943d621040c59b,True,hirise_clean,0,C:\Users\deves\OneDrive\Desktop\Projects\TCMD-SS\data\raw\hirise_v3_2\map-proj-v3_2\ESP_016530_1465_RED-0271.jpg
map-proj-v3_2/ESP_016530_1465_RED-0272.jpg,ok,,JPEG,227.0,227.0,L,1.0,1.0,normal,other,train,esp_016530_1465_red-0272,[],4cc967a766f740877ef9cfc602ebef6828ed42c7dc04d746bc52979bbbb7cd1c,d7d8f7e16375aa94eb26905fe321861f7ba1a2a4b4d1a90114e3a497cf3361f0,96ecc95226069df9,151.73987463370142,18.438578081511476,9d613373a5d843e5,[],0.0,esp_016530_1465,['train'],1.0,Counter({'train': 1}),test,63943d621040c59b,True,hirise_clean,0,C:\Users\deves\OneDrive\Desktop\Projects\TCMD-SS\data\raw\hirise_v3_2\map-proj-v3_2\ESP_016530_1465_RED-0272.jpg
map-proj-v3_2/ESP_016530_1465_RED-0277.jpg,ok,,JPEG,227.0,227.0,L,1.0,1.0,normal,other,train,esp_016530_1465_red-0277,[],a0d09908de92e09a1d226e668fb091d635914bb48a0a93c653eeb71077df300a,2312cb66d4082c43bc1f6abf811f8f319fe40a50a78d07119ea1bb221bcdca28,f4d7cd993022627c,142.24079644472044,16.426091912601656,6b1b5bba0b5f1c92,[],0.0,esp_016530_1465,['train'],1.0,Counter({'train': 1}),test,63943d621040c59b,True,hirise_clean,0,C:\Users\deves\OneDrive\Desktop\Projects\TCMD-SS\data\raw\hirise_v3_2\map-proj-v3_2\ESP_016530_1465_RED-0277.jpg
map-proj-v3_2/ESP_016530_1465_RED-0278.jpg,ok,,JPEG,227.0,227.0,L,1.0,1.0,normal,other,train,esp_016530_1465_red-0278,[],e84705ddb2a07008f167ac3189bcef1f80fd80d1cecae797b465bb64e0ee513a,f5b70592fe60cbbc658fcbec8afb161083131aaa4b81a2694939e5baffa6a856,84913a278b53edcb,146.02142482873722,22.735975314085003,7da8def93fb449af,[],0.0,esp_016530_1465,['train'],1.0,Counter({'train': 1}),test,63943d621040c59b,True,hirise_clean,0,C:\Users\deves\OneDrive\Desktop\Projects\TCMD-SS\data\raw\hirise_v3_2\map-proj-v3_2\ESP_016530_1465_RED-0278.jpg
map-proj-v3_2/ESP_016530_1465_RED-0280.jpg,ok,,JPEG,227.0,227.0,L,1.0,1.0,normal,other,train,esp_016530_1465_red-0280,[],67d56bd0dd147feb841f14f9a0010aeb3fae893cb5edd55320a9ac225ada2b0d,30a94fdb66d7c3bafa32f4c92d77c8d2ce7a3e0bfc8dba936ad76be400e56352,ecd7b107bc688a68,124.70513691319452,16.08353202900031,9cf1530bcc6845c0,[],0.0,esp_016530_1465,['train'],1.0,Counter({'train': 1}),test,63943d621040c59b,True,hirise_clean,0,C:\Users\deves\OneDrive\Desktop\Projects\TCMD-SS\data\raw\hirise_v3_2\map-proj-v3_2\ESP_016530_1465_RED-0280.jpg
map-proj-v3_2/ESP_016530_1465_RED-0284.jpg,ok,,JPEG,227.0,227.0,L,1.0,1.0,normal,other,train,esp_016530_1465_red-0284,[],83bcc55c478d1a7a67782b81e5aae78bd90bc57c791f83348a1fcb3727546439,ba32975c353e7679befd43fce4e3cd09a1059ecca6dc5864bb95abbbf22c1c74,cd89b336cce9a22c,134.9736459081294,22.91885867079132,d991536ba8e4f8b6,[],0.0,esp_016530_1465,['train'],1.0,Counter({'train': 1}),test,63943d621040c59b,True,hirise_clean,0,C:\Users\deves\OneDrive\Desktop\Projects\TCMD-SS\data\raw\hirise_v3_2\map-proj-v3_2\ESP_016530_1465_RED-0284.jpg
map-proj-v3_2/ESP_016530_1465_RED-0285.jpg,ok,,JPEG,227.0,227.0,L,1.0,1.0,normal,other,train,esp_016530_1465_red-0285,[],0faa7f93d9c46134dfd9520e715d99edc8eee25e360c021a48d9b6166a72f67b,d2c131a7e4aa2858343682f08f11721bbed86794964be490f119ab129ca16bac,a64cd99113a67db2,136.21451997904092,22.373135128907528,18b9a3fbcd6de56a,[],0.0,esp_016530_1465,['train'],1.0,Counter({'train': 1}),test,63943d621040c59b,True,hirise_clean,0,C:\Users\deves\OneDrive\Desktop\Projects\TCMD-SS\data\raw\hirise_v3_2\map-proj-v3_2\ESP_016530_1465_RED-0285.jpg
map-proj-v3_2/ESP_016530_1465_RED-0294.jpg,ok,,JPEG,227.0,227.0,L,1.0,1.0,normal,other,train,esp_016530_1465_red-0294,[],657012310ffcfa3d5160651cba59ad01922da410817a24d10826d44b7b5ff13b,62787f279e6d98a6339cd7c702f27a296ee8ddba3081b3403a538c010d1d38e3,e22999ca0cba75f1,133.75648663859187,16.22398624605618,636f68e54555a742,[],0.0,esp_016530_1465,['train'],1.0,Counter({'train': 1}),test,63943d621040c59b,True,hirise_clean,0,C:\Users\deves\OneDrive\Desktop\Projects\TCMD-SS\data\raw\hirise_v3_2\map-proj-v3_2\ESP_016530_1465_RED-0294.jpg
map-proj-v3_2/ESP_016530_1465_RED-0295.jpg,ok,,JPEG,227.0,227.0,L,1.0,1.0,normal,other,train,esp_016530_1465_red-0295,[],6b7abe40faf3f00e12e9379fd44c77099bce6418d6943a1ce71dbd0309c63abf,20146be106c5bf182a2d517a5b4b626d7ad454f292e46bc881c43528595a5693,8c2ab368ec8e6375,137.88779134079837,15.122316409848558,5cb08c8f290547e1,[],0.0,esp_016530_1465,['train'],1.0,Counter({'train': 1}),test,63943d621040c59b,True,hirise_clean,0,C:\Users\deves\OneDrive\Desktop\Projects\TCMD-SS\data\raw\hirise_v3_2\map-proj-v3_2\ESP_016530_1465_RED-0295.jpg
map-proj-v3_2/ESP_016530_1465_RED-0302.jpg,ok,,JPEG,227.0,227.0,L,1.0,1.0,normal,other,train,esp_016530_1465_red-0302,[],112244b2869f812bb16f033f1ff87243380e2a465720b7f324288e09be22477b,0a2bd978c6cef7cf8d75c86218d930436a9612082ad38d5cdbf81726c4519ea8,cc2d33016c8efb71,130.68549748685206,18.792570062626694,d08be338f328c895,[],0.0,esp_016530_1465,['train'],1.0,Counter({'train': 1}),test,63943d621040c59b,True,hirise_clean,0,C:\Users\deves\OneDrive\Desktop\Projects\TCMD-SS\data\raw\hirise_v3_2\map-proj-v3_2\ESP_016530_1465_RED-0302.jpg
map-proj-v3_2/ESP_016530_1465_RED-0303.jpg,ok,,JPEG,227.0,227.0,L,1.0,1.0,normal,other,train,esp_016530_1465_red-0303,[],6ca705c38b498bef80447e06ed9b87ec9823f1a14166c25bfc532c695b88e531,ede0dcf8c3539e6c634c8b76f4658135cb26cdb96ea7a00165ab67b068aeb7ee,87c07262ccccbf36,103.8538686952978,54.36443661288902,7b09c956dc606146,[],0.0,esp_016530_1465,['train'],1.0,Counter({'train': 1}),test,63943d621040c59b,True,hirise_clean,0,C:\Users\deves\OneDrive\Desktop\Projects\TCMD-SS\data\raw\hirise_v3_2\map-proj-v3_2\ESP_016530_1465_RED-0303.jpg
map-proj-v3_2/ESP_016530_1465_RED-0306.jpg,ok,,JPEG,227.0,227.0,L,1.0,1.0,normal,other,train,esp_016530_1465_red-0306,[],5f38655983fe271f982f271a71c21892991545568a9bbe3ebff6a2fae180eca0,353801b439686a10911f0bea1905f68419bdcf0c5ff2e4f1cfb2d9c06d801bc4,c7ce9d22ecb013b2,126.98542568262532,19.169703648785365,dd68993ca95eff5e,[],0.0,esp_016530_1465,['train'],1.0,Counter({'train': 1}),test,63943d621040c59b,True,hirise_clean,0,C:\Users\deves\OneDrive\Desktop\Projects\TCMD-SS\data\raw\hirise_v3_2\map-proj-v3_2\ESP_016530_1465_RED-0306.jpg
map-proj-v3_2/ESP_016530_1465_RED-0308.jpg,ok,,JPEG,227.0,227.0,L,1.0,1.0,normal,other,train,esp_016530_1465_red-0308,[],8b6e7a8cbcbcf01430da1eb79425a04ebaf1cd48a9b2635a12d7f97f2ee7004d,a84b6041010b94f02cf6b265f59c689176b000b46ae5dceefc75cbffc80f8f17,856ed4ab1253563d,141.9645636437734,19.06956579574206,14739b33dd552738,[],0.0,esp_016530_1465,['train'],1.0,Counter({'train': 1}),test,63943d621040c59b,True,hirise_clean,0,C:\Users\deves\OneDrive\Desktop\Projects\TCMD-SS\data\raw\hirise_v3_2\map-proj-v3_2\ESP_016530_1465_RED-0308.jpg
map-proj-v3_2/ESP_016530_1465_RED-0315.jpg,ok,,JPEG,227.0,227.0,L,1.0,1.0,normal,other,train,esp_016530_1465_red-0315,[],237dfad335a70fb4dafbd9e4061ea197213775a6831dc898fb4657de74e54620,95371444c47f169647fd0fcafc4c48c02df9abbaca53de9490460eb3f50f5dfd,c9d71c6d27c9031b,130.50222204971956,18.5296963732623,93fe9db2eaaadce2,[],0.0,esp_016530_1465,['train'],1.0,Counter({'train': 1}),test,63943d621040c59b,True,hirise_clean,0,C:\Users\deves\OneDrive\Desktop\Projects\TCMD-SS\data\raw\hirise_v3_2\map-proj-v3_2\ESP_016530_1465_RED-0315.jpg
map-proj-v3_2/ESP_016530_1465_RED-0317.jpg,ok,,JPEG,227.0,227.0,L,1.0,1.0,normal,other,train,esp_016530_1465_red-0317,[],34c499196f56d06b4ff13b1f596632b59e4ace10e396081976649dcfcd85246a,abaec5ccc37024800c357801808ceca76c6f80591bd0e123abd816488a92617f,8cd3b2326e995a65,132.07537503153563,15.725615544366155,8769a5dfab88be75,[],0.0,esp_016530_1465,['train'],1.0,Counter({'train': 1}),test,63943d621040c59b,True,hirise_clean,0,C:\Users\deves\OneDrive\Desktop\Projects\TCMD-SS\data\raw\hirise_v3_2\map-proj-v3_2\ESP_016530_1465_RED-0317.jpg
map-proj-v3_2/ESP_016530_1465_RED-0320.jpg,ok,,JPEG,227.0,227.0,L,1.0,1.0,normal,other,train,esp_016530_1465_red-0320,[],cd97e0a67a81c9acb3ec9fd256630f626cc209af1d1d68d1eefe3377b5e59ac0,acf00224b0a4b25d093e42619cec39ee260e27522d3e86882882b345e3705c13,e3fecc19210d387a,136.45824681247453,17.463627692587636,020beaeef5a098f2,[],0.0,esp_016530_1465,['train'],1.0,Counter({'train': 1}),test,63943d621040c59b,True,hirise_clean,0,C:\Users\deves\OneDrive\Desktop\Projects\TCMD-SS\data\raw\hirise_v3_2\map-proj-v3_2\ESP_016530_1465_RED-0320.jpg
map-proj-v3_2/ESP_016530_1465_RED-0324.jpg,ok,,JPEG,227.0,227.0,L,1.0,1.0,normal,other,train,esp_016530_1465_red-0324,[],61f394bc1ef26a65b283cb94ada23c10968dd351c33f73362ed6d3ac9fcbea18,c287cfb179700e8aa2160c1108c92637e5d849c4cc87888e6082385d80f741ed,80ff376a96641f41,141.51013992120943,38.81764924006124,119ef68732703163,[],0.0,esp_016530_1465,['train'],1.0,Counter({'train': 1}),test,63943d621040c59b,True,hirise_clean,0,C:\Users\deves\OneDrive\Desktop\Projects\TCMD-SS\data\raw\hirise_v3_2\map-proj-v3_2\ESP_016530_1465_RED-0324.jpg
map-proj-v3_2/ESP_016530_1465_RED-0325.jpg,ok,,JPEG,227.0,227.0,L,1.0,1.0,normal,other,train,esp_016530_1465_red-0325,[],7c01a869bd7bca7be3c71498abf5c2b02e83793127ca6c6dab50cbcc1d00601d,c9d409f60476d3c7a43fa1fcd7a5392116c53c31d10ff8174d7bd10c6a4b8f71,d64a2d6b969c990b,114.01604921500514,59.54562792473176,27277d46096d5cba,[],0.0,esp_016530_1465,['train'],1.0,Counter({'train': 1}),test,63943d621040c59b,True,hirise_clean,0,C:\Users\deves\OneDrive\Desktop\Projects\TCMD-SS\data\raw\hirise_v3_2\map-proj-v3_2\ESP_016530_1465_RED-0325.jpg
map-proj-v3_2/ESP_016530_1465_RED-0331.jpg,ok,,JPEG,227.0,227.0,L,1.0,1.0,normal,other,train,esp_016530_1465_red-0331,[],03e2dc1916a23d91ce789b834691845eb4a0fc4e96c8c1383202f82f28586027,5db093ca316e58ea1a601003ededaf87638718db78b732b846232fb16c90c5d1,8ee78d2b68d8c685,99.89580624502707,68.92853713557768,1f80f8962c601ef3,[],0.0,esp_016530_1465,['train'],1.0,Counter({'train': 1}),test,63943d621040c59b,True,hirise_clean,0,C:\Users\deves\OneDrive\Desktop\Projects\TCMD-SS\data\raw\hirise_v3_2\map-proj-v3_2\ESP_016530_1465_RED-0331.jpg
map-proj-v3_2/ESP_016530_1465_RED-0335.jpg,ok,,JPEG,227.0,227.0,L,1.0,1.0,normal,other,train,esp_016530_1465_red-0335,[],62b2381f1892a02cd8f78dc1dbdec3973cb7dd23bb4827d3acd0ed524d7d5134,c673ad2e7a832ec266dc4c89944f67ed06f927bc666dfff156234b4bc5249efa,e764da1c2399833e,129.794232374003,23.55427359468716,ae40675ff34b0ddc,[],0.0,esp_016530_1465,['train'],1.0,Counter({'train': 1}),test,63943d621040c59b,True,hirise_clean,0,C:\Users\deves\OneDrive\Desktop\Projects\TCMD-SS\data\raw\hirise_v3_2\map-proj-v3_2\ESP_016530_1465_RED-0335.jpg
map-proj-v3_2/ESP_016530_1465_RED-0337.jpg,ok,,JPEG,227.0,227.0,L,1.0,1.0,normal,other,train,esp_016530_1465_red-0337,[],1aca2005660660ac94dbb3ba719ee232ee1083e42ea4bb57a8b6e470afea8265,a6baae0576b6d4031e3b4fe1b777219ac41c348cdfe9df205da15b2a2f0e1697,ec891b760c7bc70c,141.8981932504027,18.72847269406604,75d28e721758a542,[],0.0,esp_016530_1465,['train'],1.0,Counter({'train': 1}),test,63943d621040c59b,True,hirise_clean,0,C:\Users\deves\OneDrive\Desktop\Projects\TCMD-SS\data\raw\hirise_v3_2\map-proj-v3_2\ESP_016530_1465_RED-0337.jpg
map-proj-v3_2/ESP_016530_1465_RED-0338.jpg,ok,,JPEG,227.0,227.0,L,1.0,1.0,normal,other,train,esp_016530_1465_red-0338,[],13781f23630a0989360c40e2c464fb85d5edeac5dab0f5f95cd067fa5de9c976,b278bc8a38ad46f95845d6fd4785b9e8c1ad0d3991b3f04750796e9e25db0333,cd1826ec09bb7996,150.03646490325835,21.513773439387293,a7c7eb8cd2cc4206,[],0.0,esp_016530_1465,['train'],1.0,Counter({'train': 1}),test,63943d621040c59b,True,hirise_clean,0,C:\Users\deves\OneDrive\Desktop\Projects\TCMD-SS\data\raw\hirise_v3_2\map-proj-v3_2\ESP_016530_1465_RED-0338.jpg
map-proj-v3_2/ESP_016530_1465_RED-0339.jpg,ok,,JPEG,227.0,227.0,L,1.0,1.0,normal,other,train,esp_016530_1465_red-0339,[],1c88c79e4f76cbe4ed6fc00c9e60ba2040dccd0b02cf7b70ca923032a1466e97,55fb7cbff93328511b62c37aebffb18dde1ba22b6932193aafae6a9b9f850178,da3669daf4136681,145.9321741155466,20.26075909604405,fce64753e406877f,[],0.0,esp_016530_1465,['train'],1.0,Counter({'train': 1}),test,63943d621040c59b,True,hirise_clean,0,C:\Users\deves\OneDrive\Desktop\Projects\TCMD-SS\data\raw\hirise_v3_2\map-proj-v3_2\ESP_016530_1465_RED-0339.jpg
map-proj-v3_2/ESP_016530_1465_RED-0340.jpg,ok,,JPEG,227.0,227.0,L,1.0,1.0,normal,other,train,esp_016530_1465_red-0340,[],999b515db9d482a1591eeaae9651459ece15c845b2504ea7e0e49dd27d7aecb0,86b63edbf6f16c4f0265dcc293bcbd4edfe78eda9a2c7ed0be5ac32788166b2f,8099ab76f5a95236,143.54736167983077,14.374146692862976,6436b58b1299bca1,[],0.0,esp_016530_1465,['train'],1.0,Counter({'train': 1}),test,63943d621040c59b,True,hirise_clean,0,C:\Users\deves\OneDrive\Desktop\Projects\TCMD-SS\data\raw\hirise_v3_2\map-proj-v3_2\ESP_016530_1465_RED-0340.jpg
map-proj-v3_2/ESP_016530_1465_RED-0343.jpg,ok,,JPEG,227.0,227.0,L,1.0,1.0,normal,other,train,esp_016530_1465_red-0343,[],f1fa521f8ded5ebe0f8d4e7b94a48cea072bc92d4fda921fd092d2506b8f3364,2bdb16c91243af2a497ebb8a3d7034af1b9283e5517e9558abc659d0863a544c,b2c09d31a3ce9877,136.73234489316695,25.142448676897885,c3cb1ea0f507ba56,[],0.0,esp_016530_1465,['train'],1.0,Counter({'train': 1}),test,63943d621040c59b,True,hirise_clean,0,C:\Users\deves\OneDrive\Desktop\Projects\TCMD-SS\data\raw\hirise_v3_2\map-proj-v3_2\ESP_016530_1465_RED-0343.jpg
map-proj-v3_2/ESP_016530_1465_RED-0346.jpg,ok,,JPEG,227.0,227.0,L,1.0,1.0,normal,other,train,esp_016530_1465_red-0346,[],4077d23f0bc532aa811571a454791fc3733bfcd3913dce0f7da0358a2b91fa81,590eb9fccb1538a7ff620cb222f6acd0a02067e2bca1b6dfaa3619e9189297b8,d54a89314ffc311d,119.49995148363058,54.30698966710453,167b817430930c98,[],0.0,esp_016530_1465,['train'],1.0,Counter({'train': 1}),test,63943d621040c59b,True,hirise_clean,0,C:\Users\deves\OneDrive\Desktop\Projects\TCMD-SS\data\raw\hirise_v3_2\map-proj-v3_2\ESP_016530_1465_RED-0346.jpg
map-proj-v3_2/ESP_016530_1465_RED-0347.jpg,ok,,JPEG,227.0,227.0,L,1.0,1.0,normal,other,train,esp_016530_1465_red-0347,[],8489d73aa05769f18b7107644feee995691d5aa2739a490f13a03ca10f1882ce,5fdaad1fa8634599b076d2127bf86496b964b094be67fd1e201e09572d9cb5dd,c79cb075431bc678,151.0189796037183,19.466742249126632,9cdf600e441dd3eb,[],0.0,esp_016530_1465,['train'],1.0,Counter({'train': 1}),test,63943d621040c59b,True,hirise_clean,0,C:\Users\deves\OneDrive\Desktop\Projects\TCMD-SS\data\raw\hirise_v3_2\map-proj-v3_2\ESP_016530_1465_RED-0347.jpg
map-proj-v3_2/ESP_016530_1465_RED-0350.jpg,ok,,JPEG,227.0,227.0,L,1.0,1.0,normal,other,train,esp_016530_1465_red-0350,[],cda741e310910067b1f695fea665c24a460d34c7f9e2a51d0e3375b1f7ceace7,2211fbf43caa05f1379c8e46822464b801912a562bfc6c06ee43dd3e74d3f9b5,c9acd430c61b31bf,143.2316171476256,18.91804387053747,2d425c31b70c56ec,[],0.0,esp_016530_1465,['train'],1.0,Counter({'train': 1}),test,63943d621040c59b,True,hirise_clean,0,C:\Users\deves\OneDrive\Desktop\Projects\TCMD-SS\data\raw\hirise_v3_2\map-proj-v3_2\ESP_016530_1465_RED-0350.jpg
map-proj-v3_2/ESP_016530_1465_RED-0356.jpg,ok,,JPEG,227.0,227.0,L,1.0,1.0,normal,other,train,esp_016530_1465_red-0356,[],d79298a01b9d3d303f0eaa0109abd7b02a1715c63e560bc36e22459d8320c9ea,16bd594e78ce6b81e1b4ba66767cf4e4b6a786cd242190c3bd49d028a24dd397,80ffb366c81d9964,120.8553824060238,33.12820739381166,b58bc0f66cfe32d3,[],0.0,esp_016530_1465,['train'],1.0,Counter({'train': 1}),test,63943d621040c59b,True,hirise_clean,0,C:\Users\deves\OneDrive\Desktop\Projects\TCMD-SS\data\raw\hirise_v3_2\map-proj-v3_2\ESP_016530_1465_RED-0356.jpg
map-proj-v3_2/ESP_016530_1465_RED-0358.jpg,ok,,JPEG,227.0,227.0,L,1.0,1.0,normal,other,train,esp_016530_1465_red-0358,[],fe9697bfc1ad78e00f24629e83d05234ca457b7876adca2cc02f4788ca275602,1f429f232a8c838b540a3c7d42bce089d4976ce75072fbd2d97ddb7c48baaa1e,808247bd1a6647ff,156.19982922237963,20.43402475068098,6312e9317fe4226f,[],0.0,esp_016530_1465,['train'],1.0,Counter({'train': 1}),test,63943d621040c59b,True,hirise_clean,0,C:\Users\deves\OneDrive\Desktop\Projects\TCMD-SS\data\raw\hirise_v3_2\map-proj-v3_2\ESP_016530_1465_RED-0358.jpg
map-proj-v3_2/ESP_016530_1465_RED-0361.jpg,ok,,JPEG,227.0,227.0,L,1.0,1.0,normal,other,train,esp_016530_1465_red-0361,[],322cfd2747d141a16e05cbf6b078fc8b06239a566f977508071749faad3e7cbd,d95a6cf9235b56d833f4e7a5f4b2505da2c52133882d14f2dc4f691f63fb7bab,a6c3d9b9528638dc,133.5554930233461,20.46725029126852,968fdeaafac2c4d1,[],0.0,esp_016530_1465,['train'],1.0,Counter({'train': 1}),test,63943d621040c59b,True,hirise_clean,0,C:\Users\deves\OneDrive\Desktop\Projects\TCMD-SS\data\raw\hirise_v3_2\map-proj-v3_2\ESP_016530_1465_RED-0361.jpg
map-proj-v3_2/ESP_016530_1465_RED-0363.jpg,ok,,JPEG,227.0,227.0,L,1.0,1.0,normal,other,train,esp_016530_1465_red-0363,[],c2b4f25a21c2a02b92ca17b6b1c62e44bc0986a2f4872f06e5c6d47fadace4f2,f8b03fc15ca387facbe678b7aa2e53db69312593768f0778f98e65ad63b305be,d5d40e7ee8913668,135.7107648120476,50.60050564135768,21fd6259c93db84d,[],0.0,esp_016530_1465,['train'],1.0,Counter({'train': 1}),test,63943d621040c59b,True,hirise_clean,0,C:\Users\deves\OneDrive\Desktop\Projects\TCMD-SS\data\raw\hirise_v3_2\map-proj-v3_2\ESP_016530_1465_RED-0363.jpg
map-proj-v3_2/ESP_016530_1465_RED-0364.jpg,ok,,JPEG,227.0,227.0,L,1.0,1.0,normal,other,train,esp_016530_1465_red-0364,[],db428c88a0ff419d7e49f576358149e66dc18c964ad5c48c89ff09865080f132,ca0e33cc59a255b276da68ec865abc80c215643d4ba056877f3aff265be262f8,c3c993073e362e2e,135.4824079644472,35.27057408654765,9220398b4316ad03,[],0.0,esp_016530_1465,['train'],1.0,Counter({'train': 1}),test,63943d621040c59b,True,hirise_clean,0,C:\Users\deves\OneDrive\Desktop\Projects\TCMD-SS\data\raw\hirise_v3_2\map-proj-v3_2\ESP_016530_1465_RED-0364.jpg
map-proj-v3_2/ESP_016530_1465_RED-0366.jpg,ok,,JPEG,227.0,227.0,L,1.0,1.0,normal,other,train,esp_016530_1465_red-0366,[],44c66c78325d58251e3275a34132d81095cfa814883635d88e92e9c0b5add86c,69c5ad8c5e99c456c0702047457e3357cf208b2f77c21ddca451f03aad069123,80d83ff21eb1b3b0,127.57881969376469,43.58392527359305,c8b3fda64d578ba8,[],0.0,esp_016530_1465,['train'],1.0,Counter({'train': 1}),test,63943d621040c59b,True,hirise_clean,0,C:\Users\deves\OneDrive\Desktop\Projects\TCMD-SS\data\raw\hirise_v3_2\map-proj-v3_2\ESP_016530_1465_RED-0366.jpg
map-proj-v3_2/ESP_016530_1465_RED-0367.jpg,ok,,JPEG,227.0,227.0,L,1.0,1.0,normal,other,train,esp_016530_1465_red-0367,[],9b47fefc2c16bc6db593c5c15d8ed71b45ce0f30cd578953cc3264609e92e670,2a4cd2c5f6900a2ee0c44101b83c87b30c1075a36f2a6ecb4c629a839af2e63f,d62b7ab55aa46254,168.24149508044013,24.853621744756104,a59060162ea679b9,[],0.0,esp_016530_1465,['train'],1.0,Counter({'train': 1}),test,63943d621040c59b,True,hirise_clean,0,C:\Users\deves\OneDrive\Desktop\Projects\TCMD-SS\data\raw\hirise_v3_2\map-proj-v3_2\ESP_016530_1465_RED-0367.jpg
map-proj-v3_2/ESP_016530_1465_RED-0368.jpg,ok,,JPEG,227.0,227.0,L,1.0,1.0,normal,other,train,esp_016530_1465_red-0368,[],b031d1ebc62cf95c5a12ae324a2f6594ec819424e542e00f0133e44b24276bfc,08fc9a7c0d93144a3732d65bae7124d0260cc341712000dda389de4c654cd563,c93e3666f99265a0,174.22624153389353,19.543218867890083,615d1fd1a67aab4b,[],0.0,esp_016530_1465,['train'],1.0,Counter({'train': 1}),test,63943d621040c59b,True,hirise_clean,0,C:\Users\deves\OneDrive\Desktop\Projects\TCMD-SS\data\raw\hirise_v3_2\map-proj-v3_2\ESP_016530_1465_RED-0368.jpg
map-proj-v3_2/ESP_016530_1465_RED-0373.jpg,ok,,JPEG,227.0,227.0,L,1.0,1.0,normal,other,train,esp_016530_1465_red-0373,[],a22b6ec7dd2b3311539448c80c5b44d7d0ee5f015e1972d9c2e9957ab4986f62,4cc4cb3980fa59fa037ea4c459ef336327cdae10dd81d90a3bef36bb0583c336,b90b5669cb8c2d2d,142.60505734634864,21.75014274229937,dad2aa653eef574f,[],0.0,esp_016530_1465,['train'],1.0,Counter({'train': 1}),test,63943d621040c59b,True,hirise_clean,0,C:\Users\deves\OneDrive\Desktop\Projects\TCMD-SS\data\raw\hirise_v3_2\map-proj-v3_2\ESP_016530_1465_RED-0373.jpg
map-proj-v3_2/ESP_016530_1465_RED-0376.jpg,ok,,JPEG,227.0,227.0,L,1.0,1.0,normal,other,train,esp_016530_1465_red-0376,[],de679f1841e172165176b27dd00000a6db051a893cab79fc2f53c4617f4f9db6,5ef388b3d020686692fd7d7d14d738784433c346b26731c2cb3200815f2f8518,ccd23364587bc65c,144.6117720118768,14.413553313032844,cbe4556c37952591,[],0.0,esp_016530_1465,['train'],1.0,Counter({'train': 1}),test,63943d621040c59b,True,hirise_clean,0,C:\Users\deves\OneDrive\Desktop\Projects\TCMD-SS\data\raw\hirise_v3_2\map-proj-v3_2\ESP_016530_1465_RED-0376.jpg
map-proj-v3_2/ESP_016530_1465_RED-0377.jpg,ok,,JPEG,227.0,227.0,L,1.0,1.0,normal,other,train,esp_016530_1465_red-0377,[],842eacedf56c4576224f4400c26c5cd01743ed56dc7b1e83220268b69d29f66a,3fbb206c48d6f3847aac6a72e705fb85122c8cfdb33f623901c9e3781a1f1a76,8cec933b2c99335c,131.6384366085117,16.74244749919123,fa24635cf62c8e28,[],0.0,esp_016530_1465,['train'],1.0,Counter({'train': 1}),test,63943d621040c59b,True,hirise_clean,0,C:\Users\deves\OneDrive\Desktop\Projects\TCMD-SS\data\raw\hirise_v3_2\map-proj-v3_2\ESP_016530_1465_RED-0377.jpg
map-proj-v3_2/ESP_016530_1465_RED-0381.jpg,ok,,JPEG,227.0,227.0,L,1.0,1.0,normal,crater,train,esp_016530_1465_red-0381,[],1ce6248223535cae7b16de81515cda9bbca61fa8bb3a6d65cda4263abfff8d90,825613bb5d5228e3c94c3c9abd1705b1d023fba9163c1d6fda48b21e8a29aaee,ff90180f63764c99,141.7037396417551,16.127095258786657,8fa13c15ac7c22d2,[],1.0,esp_016530_1465,['train'],1.0,Counter({'train': 1}),test,63943d621040c59b,True,hirise_clean,0,C:\Users\deves\OneDrive\Desktop\Projects\TCMD-SS\data\raw\hirise_v3_2\map-proj-v3_2\ESP_016530_1465_RED-0381.jpg
map-proj-v3_2/ESP_016530_1465_RED-0383.jpg,ok,,JPEG,227.0,227.0,L,1.0,1.0,normal,other,train,esp_016530_1465_red-0383,[],cae645ad02db257c3029341a327be6e530cedea94c3103eb62efa38bd65ee113,fadcb9ddaf4ab0956d4dc717d15581651d6e55c5fe9665a546cdd29dcc2daf7f,d66a993968f1868d,110.95390944904813,56.37982281899743,933bd49f201005cd,[],0.0,esp_016530_1465,['train'],1.0,Counter({'train': 1}),test,63943d621040c59b,True,hirise_clean,0,C:\Users\deves\OneDrive\Desktop\Projects\TCMD-SS\data\raw\hirise_v3_2\map-proj-v3_2\ESP_016530_1465_RED-0383.jpg
map-proj-v3_2/ESP_016530_1465_RED-0384.jpg,ok,,JPEG,227.0,227.0,L,1.0,1.0,normal,other,train,esp_016530_1465_red-0384,[],31951584b882a48f7bfddaa56fa24706eaab98dc09ad996defc51d3256416ee2,c7c6fac77e960ac778dbe8abe1874284df42d11d3e326576ce2632f24e84b3a6,ccba39358a997346,134.58623299501252,20.80573650927435,85b265b63cca7f72,[],0.0,esp_016530_1465,['train'],1.0,Counter({'train': 1}),test,63943d621040c59b,True,hirise_clean,0,C:\Users\deves\OneDrive\Desktop\Projects\TCMD-SS\data\raw\hirise_v3_2\map-proj-v3_2\ESP_016530_1465_RED-0384.jpg
map-proj-v3_2/ESP_016530_1465_RED-0385.jpg,ok,,JPEG,227.0,227.0,L,1.0,1.0,normal,other,train,esp_016530_1465_red-0385,[],9ccdb9e8b057955fee9d529a89cfe2a1da649a27f698f1e010d46382e1296e87,ae1be7cd5afab9bed1f682a6a409fde48fc819057e95ec1fd6bb65c1cebe101f,bc7a987b362cc851,134.543053426226,16.537863123365877,4dd5b287001e028a,[],0.0,esp_016530_1465,['train'],1.0,Counter({'train': 1}),test,63943d621040c59b,True,hirise_clean,0,C:\Users\deves\OneDrive\Desktop\Projects\TCMD-SS\data\raw\hirise_v3_2\map-proj-v3_2\ESP_016530_1465_RED-0385.jpg
map-proj-v3_2/ESP_016530_1465_RED-0386.jpg,ok,,JPEG,227.0,227.0,L,1.0,1.0,normal,crater,train,esp_016530_1465_red-0386,[],a4aae7e1bcbefa28ad6e9ff1de85c2ccd92524162ed41f65ef05ae79d2313929,8939aa017968721b2eb0d1216168754d7236d410c0bc4c6fab596a516925b855,844cdbb6659b3266,145.75402200702516,30.786718984107758,ef147b728f474a1b,[],1.0,esp_016530_1465,['train'],1.0,Counter({'train': 1}),test,63943d621040c59b,True,hirise_clean,0,C:\Users\deves\OneDrive\Desktop\Projects\TCMD-SS\data\raw\hirise_v3_2\map-proj-v3_2\ESP_016530_1465_RED-0386.jpg
map-proj-v3_2/ESP_016530_1465_RED-0387.jpg,ok,,JPEG,227.0,227.0,L,1.0,1.0,normal,other,train,esp_016530_1465_red-0387,[],f69aa2653edde20e5be46b2b0218847922ace121b513ccbbc7b026267937edbf,073e62bf77012d4bdaadd9e05f7c33d5a7ad0e8b4d64c4ba4c86b5f1d6e2171b,f5d8b163ced8d300,131.54251004288847,15.869028378233423,2fa97254a17d5ff0,[],0.0,esp_016530_1465,['train'],1.0,Counter({'train': 1}),test,63943d621040c59b,True,hirise_clean,0,C:\Users\deves\OneDrive\Desktop\Projects\TCMD-SS\data\raw\hirise_v3_2\map-proj-v3_2\ESP_016530_1465_RED-0387.jpg
map-proj-v3_2/ESP_016530_1465_RED-0389.jpg,ok,,JPEG,227.0,227.0,L,1.0,1.0,normal,other,train,esp_016530_1465_red-0389,[],2eb08d837531f1df054bb27418ebcb1be349954a500f0e37a42bd5c50c775b7a,f25c64cc8ae201e562e2f6f7b0b129d6029a16779cf4e124d13d6ad30f47e82d,bee8da3266cc1c38,134.96984222476664,17.580902910724042,61f1a8d23dd9fe52,[],0.0,esp_016530_1465,['train'],1.0,Counter({'train': 1}),test,63943d621040c59b,True,hirise_clean,0,C:\Users\deves\OneDrive\Desktop\Projects\TCMD-SS\data\raw\hirise_v3_2\map-proj-v3_2\ESP_016530_1465_RED-0389.jpg
map-proj-v3_2/ESP_016530_1465_RED-0394.jpg,ok,,JPEG,227.0,227.0,L,1.0,1.0,normal,other,train,esp_016530_1465_red-0394,[],fc204a9a4f9c51b6a895bb33df41dd60a15ceb3187d295039b3a18e77fa67161,6a816de215aaae086f9d99d4c090f1f775547884c951e6a6491c82a993798c1b,a6133b36052c1f3f,132.86704574123308,32.805857760607495,90714dca0fa9b235,[],0.0,esp_016530_1465,['train'],1.0,Counter({'train': 1}),test,63943d621040c59b,True,hirise_clean,0,C:\Users\deves\OneDrive\Desktop\Projects\TCMD-SS\data\raw\hirise_v3_2\map-proj-v3_2\ESP_016530_1465_RED-0394.jpg
map-proj-v3_2/ESP_016530_1465_RED-0395.jpg,ok,,JPEG,227.0,227.0,L,1.0,1.0,normal,other,train,esp_016530_1465_red-0395,[],b8a903b3c26020cf089caf913502df991f1a1208596eafde4d8cdd7d0a1e30cc,76a1fe8ca04931ac3e4093acd4e0bcb4fe2cf5bef9632a8cc54e5fdb6dd1c90e,e3122d7bc6d99186,102.97533427778532,63.60949626506811,608052e96bc79f6c,[],0.0,esp_016530_1465,['train'],1.0,Counter({'train': 1}),test,63943d621040c59b,True,hirise_clean,0,C:\Users\deves\OneDrive\Desktop\Projects\TCMD-SS\data\raw\hirise_v3_2\map-proj-v3_2\ESP_016530_1465_RED-0395.jpg
map-proj-v3_2/ESP_016530_1465_RED-0396.jpg,ok,,JPEG,227.0,227.0,L,1.0,1.0,normal,other,train,esp_016530_1465_red-0396,[],6840e4c5f996bd47b2f4024e0800da04e4dec20768cdff2b912b275a89c97044,a35931e94f5d957941f9e1b177339dab89c1b9b3e0dcb6b26590c19500b6abd9,b2475958e686ab39,91.78757592811814,66.94075745143817,2d9c7e797bb1863b,[],0.0,esp_016530_1465,['train'],1.0,Counter({'train': 1}),test,63943d621040c59b,True,hirise_clean,0,C:\Users\deves\OneDrive\Desktop\Projects\TCMD-SS\data\raw\hirise_v3_2\map-proj-v3_2\ESP_016530_1465_RED-0396.jpg
map-proj-v3_2/ESP_016530_1465_RED-0397.jpg,ok,,JPEG,227.0,227.0,L,1.0,1.0,normal,other,train,esp_016530_1465_red-0397,[],961233400d157e2ada55d6a78c5096af211d98bd290c9759b95caef2cf88c728,c3b0260134e49a13d303b694c678cf0eda78cc7411768b02b83697afada35028,b12c1933666ed8d5,116.3966116167595,57.73314121109454,682a5d3251be5651,[],0.0,esp_016530_1465,['train'],1.0,Counter({'train': 1}),test,63943d621040c59b,True,hirise_clean,0,C:\Users\deves\OneDrive\Desktop\Projects\TCMD-SS\data\raw\hirise_v3_2\map-proj-v3_2\ESP_016530_1465_RED-0397.jpg
map-proj-v3_2/ESP_016613_2570_RED-0001.jpg,ok,,JPEG,227.0,227.0,L,1.0,1.0,normal,bright dune,test,esp_016613_2570_red-0001,[],4b00ea91781a79dcc0d8f2344aaa373d46ce996d616b656f79b68cc54613a29d,e97ead7c568d33a25d6a5940df86781c9a0b750496190a5a8f0a8a0173c30de7,8cb17e9ca55ab864,178.93931572512565,46.14105396284443,a570b5c7666f3a2e,[],4.0,esp_016613_2570,['test'],1.0,Counter({'test': 1}),test,22696c5952c42e43,True,hirise_clean,0,C:\Users\deves\OneDrive\Desktop\Projects\TCMD-SS\data\raw\hirise_v3_2\map-proj-v3_2\ESP_016613_2570_RED-0001.jpg
map-proj-v3_2/ESP_016613_2570_RED-0006.jpg,ok,,JPEG,227.0,227.0,L,1.0,1.0,normal,bright dune,test,esp_016613_2570_red-0006,[],5499283579e49fb7e3eaadbc673cc8d20d617bc2c77cd2c93547a3583d27e3a5,ecc0a00a26ded36da0562d458f0c9f9b583bcec3c0128ac091533f0106d21855,d66dc902a3de51b1,202.3857633565565,15.83151540837838,cf13e232901288b9,[],4.0,esp_016613_2570,['test'],1.0,Counter({'test': 1}),test,22696c5952c42e43,True,hirise_clean,0,C:\Users\deves\OneDrive\Desktop\Projects\TCMD-SS\data\raw\hirise_v3_2\map-proj-v3_2\ESP_016613_2570_RED-0006.jpg
map-proj-v3_2/ESP_016613_2570_RED-0008.jpg,ok,,JPEG,227.0,227.0,L,1.0,1.0,normal,bright dune,test,esp_016613_2570_red-0008,[],4fb43ea1607a300e77d31b1ed695e749e91501c866c89e9d84b5e61bab262291,d796f1b82caebf130d3047bc43c739f2f2c7f6ca28869408e7a11bf045c0cbd1,96b95ca852bd51a5,197.38521997321897,36.508520110613,18d4c9c9b47ebdf2,[],4.0,esp_016613_2570,['test'],1.0,Counter({'test': 1}),test,22696c5952c42e43,True,hirise_clean,0,C:\Users\deves\OneDrive\Desktop\Projects\TCMD-SS\data\raw\hirise_v3_2\map-proj-v3_2\ESP_016613_2570_RED-0008.jpg
map-proj-v3_2/ESP_016613_2570_RED-0010.jpg,ok,,JPEG,227.0,227.0,L,1.0,1.0,normal,bright dune,test,esp_016613_2570_red-0010,[],3eac2b48b92921c9981847da91fbd099eab3f16653145763f6f543dd2c56845f,2f16a082f7a37f684e978f5b1b194a2903473f7fdea2ce109afb957b54f2456a,d2ba6a9421d935cd,181.7640163791263,73.61485592679054,0c38657ea5f94e40,[],4.0,esp_016613_2570,['test'],1.0,Counter({'test': 1}),test,22696c5952c42e43,True,hirise_clean,0,C:\Users\deves\OneDrive\Desktop\Projects\TCMD-SS\data\raw\hirise_v3_2\map-proj-v3_2\ESP_016613_2570_RED-0010.jpg
map-proj-v3_2/ESP_016613_2570_RED-0013.jpg,ok,,JPEG,227.0,227.0,L,1.0,1.0,normal,bright dune,test,esp_016613_2570_red-0013,[],00d95512ab75d5db605b43164f2140d21b2ac3a0cc791edb0c34dd3a57bf5f4e,58ec840fa7d5483887f5e11d4cdb6cdebf030b66e152ac5f68fee3531f79691e,e4334c3b632ac63b,198.9198703642609,18.72334910838821,4273e81640ed7dca,[],4.0,esp_016613_2570,['test'],1.0,Counter({'test': 1}),test,22696c5952c42e43,True,hirise_clean,0,C:\Users\deves\OneDrive\Desktop\Projects\TCMD-SS\data\raw\hirise_v3_2\map-proj-v3_2\ESP_016613_2570_RED-0013.jpg
map-proj-v3_2/ESP_016613_2570_RED-0026.jpg,ok,,JPEG,227.0,227.0,L,1.0,1.0,normal,bright dune,test,esp_016613_2570_red-0026,[],55e88f97b239ad0d72c6ab8dd0e1aca98cffe17d9bf97ca5bf922447168def74,245a46fc522e5866820599a51894c622d435d0f6763cf8bac27de27484cfc54a,a2879d7b3395c846,199.1258902753789,16.081821266649282,86c88b9b81d49bd9,[],4.0,esp_016613_2570,['test'],1.0,Counter({'test': 1}),test,22696c5952c42e43,True,hirise_clean,0,C:\Users\deves\OneDrive\Desktop\Projects\TCMD-SS\data\raw\hirise_v3_2\map-proj-v3_2\ESP_016613_2570_RED-0026.jpg
map-proj-v3_2/ESP_016613_2570_RED-0028.jpg,ok,,JPEG,227.0,227.0,L,1.0,1.0,normal,bright dune,test,esp_016613_2570_red-0028,[],fc5fcf4301917a518b5031f30e479ae429fb2400650073921e28b651d4d5e921,07de874fac9ac6b87e8b62963869e95f17d8a9842d8a4a12117cbc00d8198dd0,f72c885177aa2a55,202.91639659221025,13.37458126245875,b2d783ef96bac505,[],4.0,esp_016613_2570,['test'],1.0,Counter({'test': 1}),test,22696c5952c42e43,True,hirise_clean,0,C:\Users\deves\OneDrive\Desktop\Projects\TCMD-SS\data\raw\hirise_v3_2\map-proj-v3_2\ESP_016613_2570_RED-0028.jpg
map-proj-v3_2/ESP_016613_2570_RED-0031.jpg,ok,,JPEG,227.0,227.0,L,1.0,1.0,normal,bright dune,test,esp_016613_2570_red-0031,[],8782242e93d50d42fb80021f1804ef94fbfc5a8f4543974ceda7c97f92a12e72,420c8908940d5bd926cfe40cd61aaf2867941991fb6e59b483906239e142456a,a3d88cd93367cc23,204.40912884007065,26.20963557378007,61e9514b80d40b1e,[],4.0,esp_016613_2570,['test'],1.0,Counter({'test': 1}),test,22696c5952c42e43,True,hirise_clean,0,C:\Users\deves\OneDrive\Desktop\Projects\TCMD-SS\data\raw\hirise_v3_2\map-proj-v3_2\ESP_016613_2570_RED-0031.jpg
map-proj-v3_2/ESP_016613_2570_RED-0032.jpg,ok,,JPEG,227.0,227.0,L,1.0,1.0,normal,bright dune,test,esp_016613_2570_red-0032,[],1bdc43b0c89958ff336bdaf97b692b02c296a03e04d1eff08ffcd83b768e6f44,4ba162c0de6714d9da6d4d902460fc141191d5164c0fc306c5bb168f03dbe8e9,842b3f6c75e0c54e,151.62547303460187,70.50718401421827,da15aa0db98bcb36,[],4.0,esp_016613_2570,['test'],1.0,Counter({'test': 1}),test,22696c5952c42e43,True,hirise_clean,0,C:\Users\deves\OneDrive\Desktop\Projects\TCMD-SS\data\raw\hirise_v3_2\map-proj-v3_2\ESP_016613_2570_RED-0032.jpg
map-proj-v3_2/ESP_016613_2570_RED-0034.jpg,ok,,JPEG,227.0,227.0,L,1.0,1.0,normal,bright dune,test,esp_016613_2570_red-0034,[],691d929689f7437eb7263fbc5b62fe4cffd55d8e6714aeee4bf71b11e8ecf108,75d0945ffc2f1ee44b2115e9132be434be186f83a6a944c96c629810199c868f,f366cc8e712370cc,204.67657047487825,17.22112457381222,c7a1b6424b7e617a,[],4.0,esp_016613_2570,['test'],1.0,Counter({'test': 1}),test,22696c5952c42e43,True,hirise_clean,0,C:\Users\deves\OneDrive\Desktop\Projects\TCMD-SS\data\raw\hirise_v3_2\map-proj-v3_2\ESP_016613_2570_RED-0034.jpg
map-proj-v3_2/ESP_016613_2570_RED-0038.jpg,ok,,JPEG,227.0,227.0,L,1.0,1.0,normal,bright dune,test,esp_016613_2570_red-0038,[],7a44fb26c4398fc78cbfca0445c4627eba6793c12f61f09b20677a4cac17d320,4716e9243a2c8836a66b852f5a77595370e6fbd80a8168f784d55ea0d8319797,860c9c73478eb772,204.4571406392517,20.42017709087154,a508189c9b17dd9d,[],4.0,esp_016613_2570,['test'],1.0,Counter({'test': 1}),test,22696c5952c42e43,True,hirise_clean,0,C:\Users\deves\OneDrive\Desktop\Projects\TCMD-SS\data\raw\hirise_v3_2\map-proj-v3_2\ESP_016613_2570_RED-0038.jpg
map-proj-v3_2/ESP_016613_2570_RED-0039.jpg,ok,,JPEG,227.0,227.0,L,1.0,1.0,normal,bright dune,test,esp_016613_2570_red-0039,[],d338aa3e79b8465977c0b232947a10387bcfbbfabdd61c4f7bc88b57d3e89d18,c52a34c665344c5b0613ed71eaac19fa276c2d1cbb4041cda50e2450e8c39cae,9b0f8f5bb4c83831,202.3891012827728,23.10711246723385,7f55e76f7954dbe6,[],4.0,esp_016613_2570,['test'],1.0,Counter({'test': 1}),test,22696c5952c42e43,True,hirise_clean,0,C:\Users\deves\OneDrive\Desktop\Projects\TCMD-SS\data\raw\hirise_v3_2\map-proj-v3_2\ESP_016613_2570_RED-0039.jpg
map-proj-v3_2/ESP_016613_2570_RED-0042.jpg,ok,,JPEG,227.0,227.0,L,1.0,1.0,normal,bright dune,test,esp_016613_2570_red-0042,[],8d45734f9a8360e1abf71e30146db42a73f8d17496fdb99e577cc2819b348f20,0c23c35ac30756c6bb089037e027aa8fc0254b13621fa4ea4a3841ba24d41ac9,82f60dfc3321a4ed,197.4963418657455,26.072406356078567,668085ee66934b10,[],4.0,esp_016613_2570,['test'],1.0,Counter({'test': 1}),test,22696c5952c42e43,True,hirise_clean,0,C:\Users\deves\OneDrive\Desktop\Projects\TCMD-SS\data\raw\hirise_v3_2\map-proj-v3_2\ESP_016613_2570_RED-0042.jpg
map-proj-v3_2/ESP_016613_2570_RED-0043.jpg,ok,,JPEG,227.0,227.0,L,1.0,1.0,normal,bright dune,test,esp_016613_2570_red-0043,[],e959b6eb0960742528e097380eea135ac508c2f2b301a24f0a7d442d6d2e9ff5,7651c7763d37b26fd81c96e6215788aab59e23ad6d6aa1fff9953bf138f62245,caf44bb26f02ff00,196.78887616681868,29.006453358989084,199603234326a85f,[],4.0,esp_016613_2570,['test'],1.0,Counter({'test': 1}),test,22696c5952c42e43,True,hirise_clean,0,C:\Users\deves\OneDrive\Desktop\Projects\TCMD-SS\data\raw\hirise_v3_2\map-proj-v3_2\ESP_016613_2570_RED-0043.jpg
map-proj-v3_2/ESP_016613_2570_RED-0044.jpg,ok,,JPEG,227.0,227.0,L,1.0,1.0,normal,bright dune,test,esp_016613_2570_red-0044,[],e1fe2a712367799cad5184bcf8ff192005787a8c143d5d918e9a96f7d5e9672a,cd9e80a672c0f1bb526ac884568ab491dd5a7b59c6eea717800f440c698608fc,a8342f6f6e49494b,157.01288594771876,82.5881775359728,0ffab508dd78feb1,[],4.0,esp_016613_2570,['test'],1.0,Counter({'test': 1}),test,22696c5952c42e43,True,hirise_clean,0,C:\Users\deves\OneDrive\Desktop\Projects\TCMD-SS\data\raw\hirise_v3_2\map-proj-v3_2\ESP_016613_2570_RED-0044.jpg
map-proj-v3_2/ESP_016613_2570_RED-0046.jpg,ok,,JPEG,227.0,227.0,L,1.0,1.0,normal,bright dune,test,esp_016613_2570_red-0046,[],a120fc11e0fec3f010b5de87340e614bb43923a44bd049a815b7ef2d80249ba7,e3f0bab4c0eb48da815005411944d7bb1c4c6d2dcc6cd4901837d3e6e8771702,a02a6b6b484e5bdb,145.44153777484524,92.0373715439977,63926ae291e72fc4,[],4.0,esp_016613_2570,['test'],1.0,Counter({'test': 1}),test,22696c5952c42e43,True,hirise_clean,0,C:\Users\deves\OneDrive\Desktop\Projects\TCMD-SS\data\raw\hirise_v3_2\map-proj-v3_2\ESP_016613_2570_RED-0046.jpg
map-proj-v3_2/ESP_016781_2055_RED-0003.jpg,ok,,JPEG,227.0,227.0,L,1.0,1.0,normal,other,train,esp_016781_2055_red-0003,[],0e82e4a3d3e27e21bbd267b9435dbade9aa36c229b6b5939a568ffc61e31b10b,115c25e950b075c7aa94c133c3f0e7e3bf55e658c922602b363767ccdaca0cdc,868a79c0ae7ac43f,81.12709348134061,51.46419894561644,521ef1c84c04cfb9,[],0.0,esp_016781_2055,['train'],1.0,Counter({'train': 1}),test,3b546f3c149bec5e,True,hirise_clean,0,C:\Users\deves\OneDrive\Desktop\Projects\TCMD-SS\data\raw\hirise_v3_2\map-proj-v3_2\ESP_016781_2055_RED-0003.jpg
map-proj-v3_2/ESP_016781_2055_RED-0006.jpg,ok,,JPEG,227.0,227.0,L,1.0,1.0,normal,slope streak,train,esp_016781_2055_red-0006,[],571d3825d47ab0e0b4829c0ae8e2046f312878d9b65d012e58140024920a241f,69973b075e5eb5b1d2a142d6b37a1ee297fb93d859f2a25398e69f72291f1abb,c89933c626e73978,136.25742785615867,60.62745337076066,3299bc85ebbda7e6,[],3.0,esp_016781_2055,['train'],1.0,Counter({'train': 1}),test,3b546f3c149bec5e,True,hirise_clean,0,C:\Users\deves\OneDrive\Desktop\Projects\TCMD-SS\data\raw\hirise_v3_2\map-proj-v3_2\ESP_016781_2055_RED-0006.jpg
map-proj-v3_2/ESP_016781_2055_RED-0007.jpg,ok,,JPEG,227.0,227.0,L,1.0,1.0,normal,slope streak,train,esp_016781_2055_red-0007,[],fbc6995a8477eca9076ab173bd8de4cd658c7033e69a01bdba9a0dbeb5bfcb9a,1d36d2e022978b56b1d7cba7c72f66f09fb8cb2a8a50d86dc3d3f30b74c2a9d3,a24d5b3ba455e552,134.95967319373557,28.05081920670375,8af88498e44133ac,[],3.0,esp_016781_2055,['train'],1.0,Counter({'train': 1}),test,3b546f3c149bec5e,True,hirise_clean,0,C:\Users\deves\OneDrive\Desktop\Projects\TCMD-SS\data\raw\hirise_v3_2\map-proj-v3_2\ESP_016781_2055_RED-0007.jpg
map-proj-v3_2/ESP_016781_2055_RED-0008.jpg,ok,,JPEG,227.0,227.0,L,1.0,1.0,normal,other,train,esp_016781_2055_red-0008,[],b0336674717fc564b751307b5adfaee0efb35c84ce44019a8adef5fceba3f09a,1f68a8320f150095c707153982f1f35474858d3635a6c2a827f276d2e1c5ace7,c7974e1573b40ca3,162.7213413805818,17.580431898169348,da7115cf600f0b8e,[],0.0,esp_016781_2055,['train'],1.0,Counter({'train': 1}),test,3b546f3c149bec5e,True,hirise_clean,0,C:\Users\deves\OneDrive\Desktop\Projects\TCMD-SS\data\raw\hirise_v3_2\map-proj-v3_2\ESP_016781_2055_RED-0008.jpg
map-proj-v3_2/ESP_016781_2055_RED-0010.jpg,ok,,JPEG,227.0,227.0,L,1.0,1.0,normal,slope streak,train,esp_016781_2055_red-0010,[],c7f68bb4c57842810474775e101571aeb252fd2a3cc32ae4dcaa50555448a1d8,6d5aa9fa57822b3500bd9551210d4c21ab4a9b5ef0ebce0260c10c4d92571aee,942f5ac4379ad866,156.65095383182285,23.452271628365512,fe9d06134d1b1371,[],3.0,esp_016781_2055,['train'],1.0,Counter({'train': 1}),test,3b546f3c149bec5e,True,hirise_clean,0,C:\Users\deves\OneDrive\Desktop\Projects\TCMD-SS\data\raw\hirise_v3_2\map-proj-v3_2\ESP_016781_2055_RED-0010.jpg
map-proj-v3_2/ESP_016781_2055_RED-0015.jpg,ok,,JPEG,227.0,227.0,L,1.0,1.0,normal,slope streak,train,esp_016781_2055_red-0015,[],e5e49e09ee709fe162eb4ad03f58333537eaa40243b85d6ed64b2f51fdf50aeb,300eece0cf0faac89b87a7bfe104ca873c6f2f8f6ab9d00a0f32f4437732449d,d5aa55fd4815998a,156.60775485648858,26.382215002430318,48e15911b25b38ff,[],3.0,esp_016781_2055,['train'],1.0,Counter({'train': 1}),test,3b546f3c149bec5e,True,hirise_clean,0,C:\Users\deves\OneDrive\Desktop\Projects\TCMD-SS\data\raw\hirise_v3_2\map-proj-v3_2\ESP_016781_2055_RED-0015.jpg
map-proj-v3_2/ESP_016781_2055_RED-0016.jpg,ok,,JPEG,227.0,227.0,L,1.0,1.0,normal,other,train,esp_016781_2055_red-0016,[],57c8029b75bf92040665359d6f8d479f329fa7cf3e24f7762ac244ef6f46e724,74af12d7acaca84575f1decf24afb5d3f8f6f130e48af9275683e5bcf480e796,d6a57ace6b88611c,167.84410720176987,21.18039167033544,f42bf28905f056e7,[],0.0,esp_016781_2055,['train'],1.0,Counter({'train': 1}),test,3b546f3c149bec5e,True,hirise_clean,0,C:\Users\deves\OneDrive\Desktop\Projects\TCMD-SS\data\raw\hirise_v3_2\map-proj-v3_2\ESP_016781_2055_RED-0016.jpg
map-proj-v3_2/ESP_016781_2055_RED-0023.jpg,ok,,JPEG,227.0,227.0,L,1.0,1.0,normal,slope streak,train,esp_016781_2055_red-0023,[],b7d8c01ff2d998df78bd7a49a40dcbbbe57b41fd13fa8a565ffbc50c2314908b,3f0a211edfc01615de67e52d3dc18044a8184c8587eb191769a1bba44c11bdec,929676c4e3a83579,166.09055095189115,19.054556462305012,91c79791baf6dbb5,[],3.0,esp_016781_2055,['train'],1.0,Counter({'train': 1}),test,3b546f3c149bec5e,True,hirise_clean,0,C:\Users\deves\OneDrive\Desktop\Projects\TCMD-SS\data\raw\hirise_v3_2\map-proj-v3_2\ESP_016781_2055_RED-0023.jpg
map-proj-v3_2/ESP_016781_2055_RED-0024.jpg,ok,,JPEG,227.0,227.0,L,1.0,1.0,normal,slope streak,train,esp_016781_2055_red-0024,[],98cc55982574adc1c597e07ef49af9d49864723268e39c0ff6e99b486fef0de3,3171257c8366d87c61d296650877af7a0c3da92e71a5a6e0ddfdf616591de294,cc591366db22a2f3,164.54466416969086,17.39491419216063,bf7017a946bfd5cd,[],3.0,esp_016781_2055,['train'],1.0,Counter({'train': 1}),test,3b546f3c149bec5e,True,hirise_clean,0,C:\Users\deves\OneDrive\Desktop\Projects\TCMD-SS\data\raw\hirise_v3_2\map-proj-v3_2\ESP_016781_2055_RED-0024.jpg
map-proj-v3_2/ESP_016781_2055_RED-0028.jpg,ok,,JPEG,227.0,227.0,L,1.0,1.0,normal,other,train,esp_016781_2055_red-0028,[],1808d02421aabb6cfd74441b7d6a73c6f7eaaf517a16fcc3ec639b905b83c8f2,4a64457cb8817d17bef7337cdae0d36445e9add5c5cf760629ec3c5ec66d169e,e4c9539279e62cc3,112.83910031244542,55.82474680265168,6851240152d69b23,[],0.0,esp_016781_2055,['train'],1.0,Counter({'train': 1}),test,3b546f3c149bec5e,True,hirise_clean,0,C:\Users\deves\OneDrive\Desktop\Projects\TCMD-SS\data\raw\hirise_v3_2\map-proj-v3_2\ESP_016781_2055_RED-0028.jpg
map-proj-v3_2/ESP_016781_2055_RED-0031.jpg,ok,,JPEG,227.0,227.0,L,1.0,1.0,normal,other,train,esp_016781_2055_red-0031,[],46d0a50d019779076bb26cac39021e4deceb7f2e3474ff79a1db7a4a817c100a,75b5eaf763d2ab7586e72dffbd6d629482e454495fa92a533fa4f43e69f999bb,d6a95a951a2e13bc,143.3111839934794,32.25812282938521,acca134a230776ee,[],0.0,esp_016781_2055,['train'],1.0,Counter({'train': 1}),test,3b546f3c149bec5e,True,hirise_clean,0,C:\Users\deves\OneDrive\Desktop\Projects\TCMD-SS\data\raw\hirise_v3_2\map-proj-v3_2\ESP_016781_2055_RED-0031.jpg
map-proj-v3_2/ESP_016781_2055_RED-0032.jpg,ok,,JPEG,227.0,227.0,L,1.0,1.0,normal,slope streak,train,esp_016781_2055_red-0032,[],8ca0bb848735504d05f1e9ac1202112600780928b2b3e1cee41338ada2d9ad3f,7e26d55505f26624d2a18e04801f993d3f6667bfd0f1393dcdd5576924e35ccd,9a5aa0a439c7b76c,156.45147392730308,19.334723427631417,ba5f4ba1b1269d3d,[],3.0,esp_016781_2055,['train'],1.0,Counter({'train': 1}),test,3b546f3c149bec5e,True,hirise_clean,0,C:\Users\deves\OneDrive\Desktop\Projects\TCMD-SS\data\raw\hirise_v3_2\map-proj-v3_2\ESP_016781_2055_RED-0032.jpg
map-proj-v3_2/ESP_016781_2055_RED-0040.jpg,ok,,JPEG,227.0,227.0,L,1.0,1.0,normal,slope streak,train,esp_016781_2055_red-0040,[],3df966424639fe1c6caddcf32351257b122763ad85e22d8029899fbabfefcad9,c348680086cf760808083f32da22eb7eda4a47722e38569c0c0744a83243f106,b485add08bff0398,169.10966640144386,17.923902007526355,9cc441fbe5e88e98,[],3.0,esp_016781_2055,['train'],1.0,Counter({'train': 1}),test,3b546f3c149bec5e,True,hirise_clean,0,C:\Users\deves\OneDrive\Desktop\Projects\TCMD-SS\data\raw\hirise_v3_2\map-proj-v3_2\ESP_016781_2055_RED-0040.jpg
map-proj-v3_2/ESP_016781_2055_RED-0042.jpg,ok,,JPEG,227.0,227.0,L,1.0,1.0,normal,other,train,esp_016781_2055_red-0042,[],24ded4490e55ca5f5e5b513b44f478dca3a6bde7083e60a893b68503f2228a14,9c5e9cb0ac1d354b9e2f7e21f0b0f7dc6f4a0d33c04b64193afc241208d6eae3,ce8ab96e1d83352a,178.07411360593065,17.885820595003036,a66c29aa02a42a8c,[],0.0,esp_016781_2055,['train'],1.0,Counter({'train': 1}),test,3b546f3c149bec5e,True,hirise_clean,0,C:\Users\deves\OneDrive\Desktop\Projects\TCMD-SS\data\raw\hirise_v3_2\map-proj-v3_2\ESP_016781_2055_RED-0042.jpg
map-proj-v3_2/ESP_016781_2055_RED-0043.jpg,ok,,JPEG,227.0,227.0,L,1.0,1.0,normal,slope streak,train,esp_016781_2055_red-0043,[],f5d8176fb6e90918cd2cf20bb2a904819f29c1684ece1baf176962d0215c23ed,48806e9d6ba2f26ac1adf2800d7fd11973b7908b806178e84896ad9db6067e25,da69c48db943c6cc,102.34039084787209,66.05317039292562,e17ea390679cb952,[],3.0,esp_016781_2055,['train'],1.0,Counter({'train': 1}),test,3b546f3c149bec5e,True,hirise_clean,0,C:\Users\deves\OneDrive\Desktop\Projects\TCMD-SS\data\raw\hirise_v3_2\map-proj-v3_2\ESP_016781_2055_RED-0043.jpg
map-proj-v3_2/ESP_016781_2055_RED-0051.jpg,ok,,JPEG,227.0,227.0,L,1.0,1.0,normal,other,train,esp_016781_2055_red-0051,[],c3d8302fb640955c6593596c64992aeea95fccdf1c06b514b6965bae4fdc1381,81f09d6ba54d4905ef4f793b1f6ab6fbca7e6f4050b6fb60d4f6c966d546cd9e,8cbe7b91332c2ce8,116.48898678414096,38.32370442314532,895e9b7bd5854ef2,[],0.0,esp_016781_2055,['train'],1.0,Counter({'train': 1}),test,3b546f3c149bec5e,True,hirise_clean,0,C:\Users\deves\OneDrive\Desktop\Projects\TCMD-SS\data\raw\hirise_v3_2\map-proj-v3_2\ESP_016781_2055_RED-0051.jpg
map-proj-v3_2/ESP_016781_2055_RED-0052.jpg,ok,,JPEG,227.0,227.0,L,1.0,1.0,normal,slope streak,train,esp_016781_2055_red-0052,[],9539d71cd06ae6bd95bd6996fdaea9eeac1137742913c8b5a61bb111ec7bc26d,94a226a987570ea1fb47aade132c0a6812f46ba74397e78e9ab5afece187736e,a0257a23676f4cce,168.7253197228745,21.49362013261792,1acfb6054a538dfa,[],3.0,esp_016781_2055,['train'],1.0,Counter({'train': 1}),test,3b546f3c149bec5e,True,hirise_clean,0,C:\Users\deves\OneDrive\Desktop\Projects\TCMD-SS\data\raw\hirise_v3_2\map-proj-v3_2\ESP_016781_2055_RED-0052.jpg
map-proj-v3_2/ESP_016781_2055_RED-0055.jpg,ok,,JPEG,227.0,227.0,L,1.0,1.0,normal,slope streak,train,esp_016781_2055_red-0055,[],700523b19bf298aff8f89dee66195ae779fb0050af44fb7c0c8e9de404df0306,455459f45061ededf5195f5d6348579fdab9400adaf9ccb1a60432eb6254ee1d,da492dc861e5cdd8,130.26369617108813,76.97167079313797,508c791a77b86224,[],3.0,esp_016781_2055,['train'],1.0,Counter({'train': 1}),test,3b546f3c149bec5e,True,hirise_clean,0,C:\Users\deves\OneDrive\Desktop\Projects\TCMD-SS\data\raw\hirise_v3_2\map-proj-v3_2\ESP_016781_2055_RED-0055.jpg
map-proj-v3_2/ESP_016781_2055_RED-0059.jpg,ok,,JPEG,227.0,227.0,L,1.0,1.0,normal,slope streak,train,esp_016781_2055_red-0059,[],f1ad93c51616d50af2af530559e308a0ceec439fa21b1fbb1aa3e3c49b66ea1f,da156f8432fb16b142083a568012d27f7414723d1196938ebbb64e6bea857ec4,a50ad4b860cf3de6,169.1699625453628,24.861265179338147,73d5bfcad8f344f6,[],3.0,esp_016781_2055,['train'],1.0,Counter({'train': 1}),test,3b546f3c149bec5e,True,hirise_clean,0,C:\Users\deves\OneDrive\Desktop\Projects\TCMD-SS\data\raw\hirise_v3_2\map-proj-v3_2\ESP_016781_2055_RED-0059.jpg
map-proj-v3_2/ESP_016781_2055_RED-0063.jpg,ok,,JPEG,227.0,227.0,L,1.0,1.0,normal,slope streak,train,esp_016781_2055_red-0063,[],a23c46f38ac05a0045a73d7ff0061f0b26afb3eeb100054c141624911b821f42,e187a6f98a88ce2198e10aba5db153fc0ed4dd6c7bb896b3d1820557fce3ddfd,d26b856b259acd64,128.28692580876788,74.48908940672767,5a82789f4971ec78,[],3.0,esp_016781_2055,['train'],1.0,Counter({'train': 1}),test,3b546f3c149bec5e,True,hirise_clean,0,C:\Users\deves\OneDrive\Desktop\Projects\TCMD-SS\data\raw\hirise_v3_2\map-proj-v3_2\ESP_016781_2055_RED-0063.jpg
map-proj-v3_2/ESP_016781_2055_RED-0065.jpg,ok,,JPEG,227.0,227.0,L,1.0,1.0,normal,slope streak,train,esp_016781_2055_red-0065,[],8f199de195722d1eaebbc71eaa68dda656326c10b808cdfc1db43447ee65ba7c,38f6929e98137740f6beeee0d77344331ff5e549818040a7b1686d4fac6e03bf,e69c376813e6071d,168.18376060082673,24.106529089102853,5c05338039d6c637,[],3.0,esp_016781_2055,['train'],1.0,Counter({'train': 1}),test,3b546f3c149bec5e,True,hirise_clean,0,C:\Users\deves\OneDrive\Desktop\Projects\TCMD-SS\data\raw\hirise_v3_2\map-proj-v3_2\ESP_016781_2055_RED-0065.jpg
map-proj-v3_2/ESP_016781_2055_RED-0066.jpg,ok,,JPEG,227.0,227.0,L,1.0,1.0,normal,slope streak,train,esp_016781_2055_red-0066,[],5d8b1b4cc04b11a40442e8cff1fbbd32fab74ec9e278dbbb1419d6b022197057,0d620901fd827fc6ac8417d9be377f52c776aa2581fde96d11f916e18da35a81,92b56ccc6dd26d82,132.761183023152,40.3820176756326,c4aad58c61c3aafd,[],3.0,esp_016781_2055,['train'],1.0,Counter({'train': 1}),test,3b546f3c149bec5e,True,hirise_clean,0,C:\Users\deves\OneDrive\Desktop\Projects\TCMD-SS\data\raw\hirise_v3_2\map-proj-v3_2\ESP_016781_2055_RED-0066.jpg
map-proj-v3_2/ESP_016781_2055_RED-0069.jpg,ok,,JPEG,227.0,227.0,L,1.0,1.0,normal,slope streak,train,esp_016781_2055_red-0069,[],975fc1b9cfa974ae97e129594444e3d09eb952d004d8c8fef66db1b1db20c2c7,79387722e63e88430b77503315b5740cec8f6b6769a7513325a5a9175ac4f0de,da69650b651bcd68,116.40778978827456,71.45693894894389,7f6e61137be289c5,[],3.0,esp_016781_2055,['train'],1.0,Counter({'train': 1}),test,3b546f3c149bec5e,True,hirise_clean,0,C:\Users\deves\OneDrive\Desktop\Projects\TCMD-SS\data\raw\hirise_v3_2\map-proj-v3_2\ESP_016781_2055_RED-0069.jpg
map-proj-v3_2/ESP_016781_2055_RED-0072.jpg,ok,,JPEG,227.0,227.0,L,1.0,1.0,normal,slope streak,train,esp_016781_2055_red-0072,[],0fde191013d2b770ed4e71706bffa3cd86c631a4b99dbe5d5678f7c0a98638fd,a9c78a33a2d5739c2357787805ed5ff8940d257884667b7d5dd54cc04297c719,84c978f478f478e4,159.2258145898426,29.776612855785253,f1988496e1fed1d4,[],3.0,esp_016781_2055,['train'],1.0,Counter({'train': 1}),test,3b546f3c149bec5e,True,hirise_clean,0,C:\Users\deves\OneDrive\Desktop\Projects\TCMD-SS\data\raw\hirise_v3_2\map-proj-v3_2\ESP_016781_2055_RED-0072.jpg
map-proj-v3_2/ESP_016781_2055_RED-0073.jpg,ok,,JPEG,227.0,227.0,L,1.0,1.0,normal,other,train,esp_016781_2055_red-0073,[],094b34ddd08a6a6a9a09bdb2972563008e2d5644cab0e2b45093a762f898a1a1,419d08934dcf904af4fc86f774875cde5769b2856607f8261c864e9d5646fc68,876038994cf2ebd9,117.92448912262998,61.56813933800428,0ff5a0ebc771624f,[],0.0,esp_016781_2055,['train'],1.0,Counter({'train': 1}),test,3b546f3c149bec5e,True,hirise_clean,0,C:\Users\deves\OneDrive\Desktop\Projects\TCMD-SS\data\raw\hirise_v3_2\map-proj-v3_2\ESP_016781_2055_RED-0073.jpg
map-proj-v3_2/ESP_016781_2055_RED-0074.jpg,ok,,JPEG,227.0,227.0,L,1.0,1.0,normal,other,train,esp_016781_2055_red-0074,[],cea1843361d185892998bc8bbf3faa6fedf64a5652b152777253724b45cf5830,8a168e3fb4e1c49c07df5def45dbd34e1c455fb2ab26188351a1c5f14b7c0d6d,d0383838c813dfef,161.82924178617867,20.579273582027547,d947ba4426c4fe2c,[],0.0,esp_016781_2055,['train'],1.0,Counter({'train': 1}),test,3b546f3c149bec5e,True,hirise_clean,0,C:\Users\deves\OneDrive\Desktop\Projects\TCMD-SS\data\raw\hirise_v3_2\map-proj-v3_2\ESP_016781_2055_RED-0074.jpg
map-proj-v3_2/ESP_016781_2055_RED-0077.jpg,ok,,JPEG,227.0,227.0,L,1.0,1.0,normal,slope streak,train,esp_016781_2055_red-0077,[],1784c7be2af77d56975216e90e18f9771b1edfa4f32db3ff5d6c81c96dad73ef,bfb021a2d4238e0834c0fa8ea4065f3aaddb49227c98d8355bc834ca27be56fa,a592c2f83f1b8ae4,90.91946282675777,22.479138001740782,1a2a37737cd348f5,[],3.0,esp_016781_2055,['train'],1.0,Counter({'train': 1}),test,3b546f3c149bec5e,True,hirise_clean,0,C:\Users\deves\OneDrive\Desktop\Projects\TCMD-SS\data\raw\hirise_v3_2\map-proj-v3_2\ESP_016781_2055_RED-0077.jpg
map-proj-v3_2/ESP_016781_2055_RED-0079.jpg,ok,,JPEG,227.0,227.0,L,1.0,1.0,normal,other,train,esp_016781_2055_red-0079,[],80ec1e6fb0c1a4ce1855dae85e5b527a67471db1d4154a781de1e9b4b213c0f7,b1d9f251bda09dc405cffd4d8e02152d0ab75ece11bc640875f72d758dcd11c3,cbcdb5521de18a0b,173.69539482621437,28.69448750632497,21eb613966fe1f0f,[],0.0,esp_016781_2055,['train'],1.0,Counter({'train': 1}),test,3b546f3c149bec5e,True,hirise_clean,0,C:\Users\deves\OneDrive\Desktop\Projects\TCMD-SS\data\raw\hirise_v3_2\map-proj-v3_2\ESP_016781_2055_RED-0079.jpg
map-proj-v3_2/ESP_016781_2055_RED-0081.jpg,ok,,JPEG,227.0,227.0,L,1.0,1.0,normal,other,train,esp_016781_2055_red-0081,[],017136a38b16970a7ac34ef8ec0cbc93a4ea5648aca313ba7e06d6fdbd33cff7,06a2ad057b9254b32d59ad85f93a78c1414e094e9f20c711b37bbbb96ee99ab5,f88f171f021f2738,152.5245201731064,24.76021561801881,16ea991d76e33aeb,[],0.0,esp_016781_2055,['train'],1.0,Counter({'train': 1}),test,3b546f3c149bec5e,True,hirise_clean,0,C:\Users\deves\OneDrive\Desktop\Projects\TCMD-SS\data\raw\hirise_v3_2\map-proj-v3_2\ESP_016781_2055_RED-0081.jpg
map-proj-v3_2/ESP_016781_2055_RED-0083.jpg,ok,,JPEG,227.0,227.0,L,1.0,1.0,normal,other,train,esp_016781_2055_red-0083,[],a523010ae8b5534cd6ddf350ef962240f6ae7c46597cdf6d88efd6258ea5598f,e010d1dd6546a66e25b4b4f02252156cfa0cda918d1947c8a6fed6e5f0ff26ca,e5d5d1c055d0aaf1,186.062566710008,24.52186816652805,1150212b80c96c49,[],0.0,esp_016781_2055,['train'],1.0,Counter({'train': 1}),test,3b546f3c149bec5e,True,hirise_clean,0,C:\Users\deves\OneDrive\Desktop\Projects\TCMD-SS\data\raw\hirise_v3_2\map-proj-v3_2\ESP_016781_2055_RED-0083.jpg
map-proj-v3_2/ESP_016781_2055_RED-0087.jpg,ok,,JPEG,227.0,227.0,L,1.0,1.0,normal,slope streak,train,esp_016781_2055_red-0087,[],9df118fee49e11e968473640c9ad10821d81cd70d983c1bbcdfbe46892723252,858d55ffd3b05645049845bbc4c747f3c2957a60e28162d284846e71c470c920,ff7f9f8d80222098,61.336936482369154,19.03061577453048,d29259f0769d1ff4,[],3.0,esp_016781_2055,['train'],1.0,Counter({'train': 1}),test,3b546f3c149bec5e,True,hirise_clean,0,C:\Users\deves\OneDrive\Desktop\Projects\TCMD-SS\data\raw\hirise_v3_2\map-proj-v3_2\ESP_016781_2055_RED-0087.jpg
map-proj-v3_2/ESP_016781_2055_RED-0088.jpg,ok,,JPEG,227.0,227.0,L,1.0,1.0,normal,slope streak,train,esp_016781_2055_red-0088,[],18e1b6f104c1867075420a981a655b1fe356aa6be63c0378128ec1f184eb6b5b,d38899ce95b05ea319497bca7525287a075329685243cb7215fbf2e1819a552e,a5ead2959ab39096,186.9657280366396,19.48916974392176,a67f57450487d1e9,[],3.0,esp_016781_2055,['train'],1.0,Counter({'train': 1}),test,3b546f3c149bec5e,True,hirise_clean,0,C:\Users\deves\OneDrive\Desktop\Projects\TCMD-SS\data\raw\hirise_v3_2\map-proj-v3_2\ESP_016781_2055_RED-0088.jpg
map-proj-v3_2/ESP_016781_2055_RED-0090.jpg,ok,,JPEG,227.0,227.0,L,1.0,1.0,normal,other,train,esp_016781_2055_red-0090,[],8466d8f23b093181577be81dc56eff0895b2df941da2cd088d6159b7b75f77a9,7e41cc98f8646b608adcd968b5381528c85ea793e503e48afb729c1799c88df7,8ef0bb00ee9249af,150.68788449222768,14.912701288223552,6386abd6f5d09103,[],0.0,esp_016781_2055,['train'],1.0,Counter({'train': 1}),test,3b546f3c149bec5e,True,hirise_clean,0,C:\Users\deves\OneDrive\Desktop\Projects\TCMD-SS\data\raw\hirise_v3_2\map-proj-v3_2\ESP_016781_2055_RED-0090.jpg
map-proj-v3_2/ESP_016781_2055_RED-0091.jpg,ok,,JPEG,227.0,227.0,L,1.0,1.0,normal,slope streak,train,esp_016781_2055_red-0091,[],0761fe75c4583a7ee4c5a7ce8bbecc943f58bf05e096973a6e9b7f1c473bab02,c6e8c52970cd03e67526328c35f9f2c10b147677cb4c7b7e0832b718acf4aa06,b2e9d73d6224ce18,195.91051640823613,18.81152923480597,032799b9fe538f29,[],3.0,esp_016781_2055,['train'],1.0,Counter({'train': 1}),test,3b546f3c149bec5e,True,hirise_clean,0,C:\Users\deves\OneDrive\Desktop\Projects\TCMD-SS\data\raw\hirise_v3_2\map-proj-v3_2\ESP_016781_2055_RED-0091.jpg
map-proj-v3_2/ESP_016781_2055_RED-0092.jpg,ok,,JPEG,227.0,227.0,L,1.0,1.0,normal,other,train,esp_016781_2055_red-0092,[],a31733356e5100ce4b5356a4dd96c7aba4c39b33dd737faacadb1e31eb13a71d,6b69ee1bcb06eab6025f98fc0f6389f3bfbf09ff3c757b30cae98841b181c024,e2f7138c99e65b04,172.23978730423644,24.982893170228618,81385f8b7e1ea159,[],0.0,esp_016781_2055,['train'],1.0,Counter({'train': 1}),test,3b546f3c149bec5e,True,hirise_clean,0,C:\Users\deves\OneDrive\Desktop\Projects\TCMD-SS\data\raw\hirise_v3_2\map-proj-v3_2\ESP_016781_2055_RED-0092.jpg
map-proj-v3_2/ESP_016781_2055_RED-0093.jpg,ok,,JPEG,227.0,227.0,L,1.0,1.0,normal,slope streak,train,esp_016781_2055_red-0093,[],8da0332933480b333ff3ba416058d21c12cd9f745951029da2242b2392fd65cb,eed1cec85c55d59c0e6579a1cc904aa3b8e53842132e9c305b89a6bfa1a0da29,ee27b3ecb4c84492,64.00576374468746,17.6098715522467,93c73d5b1df00551,[],3.0,esp_016781_2055,['train'],1.0,Counter({'train': 1}),test,3b546f3c149bec5e,True,hirise_clean,0,C:\Users\deves\OneDrive\Desktop\Projects\TCMD-SS\data\raw\hirise_v3_2\map-proj-v3_2\ESP_016781_2055_RED-0093.jpg
map-proj-v3_2/ESP_016781_2055_RED-0098.jpg,ok,,JPEG,227.0,227.0,L,1.0,1.0,normal,slope streak,train,esp_016781_2055_red-0098,[],46fa9c312ed7958b9ae5ebf013743199715595614ca4cd60fe86d0746e0dc883,abd67bdf8e5f0a2bffaf1cac72cd20ed9ef65e0268cf6e1cfe40bdc70d00a148,b5d54174cc832ec7,94.33509286033107,37.24550754025454,9252583c0b774b9b,[],3.0,esp_016781_2055,['train'],1.0,Counter({'train': 1}),test,3b546f3c149bec5e,True,hirise_clean,0,C:\Users\deves\OneDrive\Desktop\Projects\TCMD-SS\data\raw\hirise_v3_2\map-proj-v3_2\ESP_016781_2055_RED-0098.jpg
map-proj-v3_2/ESP_016781_2055_RED-0099.jpg,ok,,JPEG,227.0,227.0,L,1.0,1.0,normal,slope streak,train,esp_016781_2055_red-0099,[],627e378c319a428d7c0a0e840f6a63fbdd22cea54155b05dbc24cc52b11ed8c4,fe2368c680917ff1d214e78f39b71419f08a9b5018a7b237d0c22acc112bd99f,9457da5a6aca9a1a,195.4220341943372,13.63404241396747,946f6d71f4223e4c,[],3.0,esp_016781_2055,['train'],1.0,Counter({'train': 1}),test,3b546f3c149bec5e,True,hirise_clean,0,C:\Users\deves\OneDrive\Desktop\Projects\TCMD-SS\data\raw\hirise_v3_2\map-proj-v3_2\ESP_016781_2055_RED-0099.jpg
map-proj-v3_2/ESP_016781_2055_RED-0103.jpg,ok,,JPEG,227.0,227.0,L,1.0,1.0,normal,other,train,esp_016781_2055_red-0103,[],bd7ef474e2a8bc0f91a83e3c026f3d097020b392ab7c9cc70ad6a5cb5bd67800,c3ac5f11fb17b0ab71eef8cf971dcfe007656cb884a798b6c12b5dd740fecb8a,8e8119472798edfa,117.48432921267636,18.58582925968345,256c383a159898f8,[],0.0,esp_016781_2055,['train'],1.0,Counter({'train': 1}),test,3b546f3c149bec5e,True,hirise_clean,0,C:\Users\deves\OneDrive\Desktop\Projects\TCMD-SS\data\raw\hirise_v3_2\map-proj-v3_2\ESP_016781_2055_RED-0103.jpg
map-proj-v3_2/ESP_016781_2055_RED-0104.jpg,ok,,JPEG,227.0,227.0,L,1.0,1.0,normal,slope streak,train,esp_016781_2055_red-0104,[],095278292a463a9cae76b07a44a2d2798f5230c24b1f896e3d7ad35e40f8f557,cd8411bfbc247116a560cb839f0629b2a48e22827cab458cde06fb2e9f7c5ca8,b1c551703575c765,185.12340623726445,18.016425678885373,f06eeb8d9fc64902,[],3.0,esp_016781_2055,['train'],1.0,Counter({'train': 1}),test,3b546f3c149bec5e,True,hirise_clean,0,C:\Users\deves\OneDrive\Desktop\Projects\TCMD-SS\data\raw\hirise_v3_2\map-proj-v3_2\ESP_016781_2055_RED-0104.jpg
map-proj-v3_2/ESP_016781_2055_RED-0108.jpg,ok,,JPEG,227.0,227.0,L,1.0,1.0,normal,other,train,esp_016781_2055_red-0108,[],0eca103cbabf3dfb8a2799750352523c587da9c90d6d05a27d8f1c4a1370402b,705691ecc011f6890dbb0640bf2c4641c44a9e59c1f5797a2fef0a5cadb50dc0,d51595ad559f50a8,165.03512585146228,21.742995053212034,bd1448cb0320448d,[],0.0,esp_016781_2055,['train'],1.0,Counter({'train': 1}),test,3b546f3c149bec5e,True,hirise_clean,0,C:\Users\deves\OneDrive\Desktop\Projects\TCMD-SS\data\raw\hirise_v3_2\map-proj-v3_2\ESP_016781_2055_RED-0108.jpg
map-proj-v3_2/ESP_016781_2055_RED-0113.jpg,ok,,JPEG,227.0,227.0,L,1.0,1.0,normal,other,train,esp_016781_2055_red-0113,[],48c0ce3788f7ce11c60109dd5fce0c991cca08769c1bdeda9a802827868a596b,d56f82b8622abc5bcc7833772403e43b0a3488dee179b02e4680a1ddc39d9d69,e09d1f8587503eda,180.68955345533584,20.29266011886512,b900dc1c6818daf9,[],0.0,esp_016781_2055,['train'],1.0,Counter({'train': 1}),test,3b546f3c149bec5e,True,hirise_clean,0,C:\Users\deves\OneDrive\Desktop\Projects\TCMD-SS\data\raw\hirise_v3_2\map-proj-v3_2\ESP_016781_2055_RED-0113.jpg
map-proj-v3_2/ESP_016781_2055_RED-0121.jpg,ok,,JPEG,227.0,227.0,L,1.0,1.0,normal,slope streak,train,esp_016781_2055_red-0121,[],f49a9cec6b2909a08aa2bb8ea30f250add4670749facf31617efb819b679f32d,412f0ad75657907a93f21dbc9c3a8e0ba045a9b6f66f929fcf0cb29bccb37c50,95dad2f2e9e1c282,179.3309010460129,17.207895888884053,7f200efe16bd00f2,[],3.0,esp_016781_2055,['train'],1.0,Counter({'train': 1}),test,3b546f3c149bec5e,True,hirise_clean,0,C:\Users\deves\OneDrive\Desktop\Projects\TCMD-SS\data\raw\hirise_v3_2\map-proj-v3_2\ESP_016781_2055_RED-0121.jpg
map-proj-v3_2/ESP_016781_2055_RED-0128.jpg,ok,,JPEG,227.0,227.0,L,1.0,1.0,normal,slope streak,train,esp_016781_2055_red-0128,[],207c1d95a76b226c9ac1e103db21a05aaebab4db6ea24f778cda0c830209f305,aca96ade3aa32f5f04be628bb0375d775b48590d1de75bae22cf7471b598da5d,95d56e96b0c09b78,180.13646684391313,19.52868075191105,3b18c494255e6e76,[],3.0,esp_016781_2055,['train'],1.0,Counter({'train': 1}),test,3b546f3c149bec5e,True,hirise_clean,0,C:\Users\deves\OneDrive\Desktop\Projects\TCMD-SS\data\raw\hirise_v3_2\map-proj-v3_2\ESP_016781_2055_RED-0128.jpg
map-proj-v3_2/ESP_016781_2055_RED-0131.jpg,ok,,JPEG,227.0,227.0,L,1.0,1.0,normal,other,train,esp_016781_2055_red-0131,[],cb75286a538fc144dfbff68dfb397ae22636575ce23d0a55c8d5f0f3972c0db7,87060a13efeaff32c5642c99b4819a3b322df11191725ef051acf9e1d3ab3dd3,bea7cc9026fda980,179.9945273535291,17.6668122219141,821b00c3c37d5a8c,[],0.0,esp_016781_2055,['train'],1.0,Counter({'train': 1}),test,3b546f3c149bec5e,True,hirise_clean,0,C:\Users\deves\OneDrive\Desktop\Projects\TCMD-SS\data\raw\hirise_v3_2\map-proj-v3_2\ESP_016781_2055_RED-0131.jpg
map-proj-v3_2/ESP_016781_2055_RED-0133.jpg,ok,,JPEG,227.0,227.0,L,1.0,1.0,normal,slope streak,train,esp_016781_2055_red-0133,[],10d7a7fe17eb0438fef490ba05c562418557e4c6ff112fbc0191e5cae3804582,187235fe8ad25ee452d3309c3bd98b56badab0fbd35194886181ee5095188b14,cd66196cfe083b64,62.13180927244852,56.23919549915899,c7f5ae0a313af350,[],3.0,esp_016781_2055,['train'],1.0,Counter({'train': 1}),test,3b546f3c149bec5e,True,hirise_clean,0,C:\Users\deves\OneDrive\Desktop\Projects\TCMD-SS\data\raw\hirise_v3_2\map-proj-v3_2\ESP_016781_2055_RED-0133.jpg
map-proj-v3_2/ESP_016781_2055_RED-0135.jpg,ok,,JPEG,227.0,227.0,L,1.0,1.0,normal,other,train,esp_016781_2055_red-0135,[],a6d0f5495e8574fdfd9a54a504fcb62f2a670ce010693130b6ad4e0aed4687fc,848afc6b21875e5139bdc73a28e2daf692151e962c02d28e69567d9d2dfc1ca5,8f00faa9fabd1982,93.64057132876631,21.366855872313817,b7017d87192c44b9,[],0.0,esp_016781_2055,['train'],1.0,Counter({'train': 1}),test,3b546f3c149bec5e,True,hirise_clean,0,C:\Users\deves\OneDrive\Desktop\Projects\TCMD-SS\data\raw\hirise_v3_2\map-proj-v3_2\ESP_016781_2055_RED-0135.jpg
map-proj-v3_2/ESP_016781_2055_RED-0136.jpg,ok,,JPEG,227.0,227.0,L,1.0,1.0,normal,slope streak,train,esp_016781_2055_red-0136,[],28b87317234744ed23730ccd72c9d29e76e1524e471a9624cc7dccda415accd7,424a0bebea67564d68781d7216b4e254a35dcfc2ab8c5260070f2d68d282510d,89e41645313dddc7,177.88491917172854,16.989309664452463,92404fa5197c31de,[],3.0,esp_016781_2055,['train'],1.0,Counter({'train': 1}),test,3b546f3c149bec5e,True,hirise_clean,0,C:\Users\deves\OneDrive\Desktop\Projects\TCMD-SS\data\raw\hirise_v3_2\map-proj-v3_2\ESP_016781_2055_RED-0136.jpg
map-proj-v3_2/ESP_016781_2055_RED-0139.jpg,ok,,JPEG,227.0,227.0,L,1.0,1.0,normal,other,train,esp_016781_2055_red-0139,[],b35443dbb52d78c421cef9ebf052de130f56ab3b38970c49cb492c9fd44f5a12,faecf6a1fb66394b2c02f2702b8fce1240838b2d464a5a5867b4c7cc2f7b8e33,a3338a4ababf5514,162.28913815521358,19.3620193646166,38fb473314be77f2,[],0.0,esp_016781_2055,['train'],1.0,Counter({'train': 1}),test,3b546f3c149bec5e,True,hirise_clean,0,C:\Users\deves\OneDrive\Desktop\Projects\TCMD-SS\data\raw\hirise_v3_2\map-proj-v3_2\ESP_016781_2055_RED-0139.jpg
map-proj-v3_2/ESP_016781_2055_RED-0140.jpg,ok,,JPEG,227.0,227.0,L,1.0,1.0,normal,other,train,esp_016781_2055_red-0140,[],ce073d2636be883b19f0c8014c5b4f2c2e23cbd11cb1736fdf0fe7807d5869c6,1dbb4871bec47d05355f24e173299a771ed74edd0698d8350a439ef1a10d8ef3,a3d3f8f5ae82a0e0,138.11876807234762,17.060782315627844,403705fe93b1f564,[],0.0,esp_016781_2055,['train'],1.0,Counter({'train': 1}),test,3b546f3c149bec5e,True,hirise_clean,0,C:\Users\deves\OneDrive\Desktop\Projects\TCMD-SS\data\raw\hirise_v3_2\map-proj-v3_2\ESP_016781_2055_RED-0140.jpg
map-proj-v3_2/ESP_016781_2055_RED-0141.jpg,ok,,JPEG,227.0,227.0,L,1.0,1.0,normal,other,train,esp_016781_2055_red-0141,[],2b18387016f951b2ac42761a06370e5065e07d7f6f891c8b87b108eb02e17025,e7d0d9bc450d4cc25b16423184481ed4250902100b96417c2fab9273ce1fabcb,a0f1be88657e55a8,146.4894719478352,18.410823507360373,9dc5c5fb01b16f7c,[],0.0,esp_016781_2055,['train'],1.0,Counter({'train': 1}),test,3b546f3c149bec5e,True,hirise_clean,0,C:\Users\deves\OneDrive\Desktop\Projects\TCMD-SS\data\raw\hirise_v3_2\map-proj-v3_2\ESP_016781_2055_RED-0141.jpg
map-proj-v3_2/ESP_016781_2055_RED-0143.jpg,ok,,JPEG,227.0,227.0,L,1.0,1.0,normal,other,train,esp_016781_2055_red-0143,[],7605fdc4a267fe2f4bb7818080ae002cbb45049ca6860fdd339746095ece0699,7b0151e35ef9c9633baeb31097afb355e6e47d48c8c22ffcf871b322211c7058,bf344c7363444cb9,205.8195579188418,17.436465177039725,4a3160f26cb8f90a,[],0.0,esp_016781_2055,['train'],1.0,Counter({'train': 1}),test,3b546f3c149bec5e,True,hirise_clean,0,C:\Users\deves\OneDrive\Desktop\Projects\TCMD-SS\data\raw\hirise_v3_2\map-proj-v3_2\ESP_016781_2055_RED-0143.jpg
map-proj-v3_2/ESP_016781_2055_RED-0146.jpg,ok,,JPEG,227.0,227.0,L,1.0,1.0,normal,slope streak,train,esp_016781_2055_red-0146,[],047aa0b2982a511df8667c945c2510b230cf32199e6d2b85570ee0ac2066802f,d9bc94b1c0b24fc732369c43973f0fde3bf7fa01665f421134212facb241d3e7,a24dc9e3f0f89c07,108.562731665664,18.932032359147712,59bfa3df06bc67af,[],3.0,esp_016781_2055,['train'],1.0,Counter({'train': 1}),test,3b546f3c149bec5e,True,hirise_clean,0,C:\Users\deves\OneDrive\Desktop\Projects\TCMD-SS\data\raw\hirise_v3_2\map-proj-v3_2\ESP_016781_2055_RED-0146.jpg
map-proj-v3_2/ESP_016781_2055_RED-0151.jpg,ok,,JPEG,227.0,227.0,L,1.0,1.0,normal,slope streak,train,esp_016781_2055_red-0151,[],6e1a39c501cc83b45743241f444dbe14171d787a2651973f6826c1b566e13a83,32df2f518445df9e3977fa293bb383c7b00152d3e7f587c1cde62710a81f53bf,bf80985b372c4d99,160.69085369403638,27.391421975731514,f26d3397cea718f8,[],3.0,esp_016781_2055,['train'],1.0,Counter({'train': 1}),test,3b546f3c149bec5e,True,hirise_clean,0,C:\Users\deves\OneDrive\Desktop\Projects\TCMD-SS\data\raw\hirise_v3_2\map-proj-v3_2\ESP_016781_2055_RED-0151.jpg
map-proj-v3_2/ESP_016781_2055_RED-0152.jpg,ok,,JPEG,227.0,227.0,L,1.0,1.0,normal,other,train,esp_016781_2055_red-0152,[],19098ef8b01cbaa6b832b57998de01445fb81f39d2a4f899b9330a79af6521eb,66ebadb0cec4f42d3228f93ba2a179afd956ad6c6d3dd2149592b3d7f96d2065,8557b3bd440e4a3b,208.9454676007685,15.703114351765418,d3b2fbdaeb91cbf6,[],0.0,esp_016781_2055,['train'],1.0,Counter({'train': 1}),test,3b546f3c149bec5e,True,hirise_clean,0,C:\Users\deves\OneDrive\Desktop\Projects\TCMD-SS\data\raw\hirise_v3_2\map-proj-v3_2\ESP_016781_2055_RED-0152.jpg
map-proj-v3_2/ESP_016781_2055_RED-0154.jpg,ok,,JPEG,227.0,227.0,L,1.0,1.0,normal,slope streak,train,esp_016781_2055_red-0154,[],cb5d1f882c33726caaf3ea4703b3d21d78d12c2075320d717b8bb0d40e285109,dd3ddaedfd7b458a84edea706e53748ff67966207b59b5d274744413850114b4,aac21fe01de38e33,187.83077490345244,24.434562489871976,7c27a6824e6560ef,[],3.0,esp_016781_2055,['train'],1.0,Counter({'train': 1}),test,3b546f3c149bec5e,True,hirise_clean,0,C:\Users\deves\OneDrive\Desktop\Projects\TCMD-SS\data\raw\hirise_v3_2\map-proj-v3_2\ESP_016781_2055_RED-0154.jpg
map-proj-v3_2/ESP_016781_2055_RED-0163.jpg,ok,,JPEG,227.0,227.0,L,1.0,1.0,normal,other,train,esp_016781_2055_red-0163,[],546507975dfeb39d90f73b56b32c23024cdd28ff2496cbc648e3dfa59a463ef6,8d1866dab53efe12695f8f932b55d779ef4a191784d8c21b67a7e585c4d55586,a8645ed5ad0a55ab,158.14545207553027,21.352602788512023,fbef2888df8ec007,[],0.0,esp_016781_2055,['train'],1.0,Counter({'train': 1}),test,3b546f3c149bec5e,True,hirise_clean,0,C:\Users\deves\OneDrive\Desktop\Projects\TCMD-SS\data\raw\hirise_v3_2\map-proj-v3_2\ESP_016781_2055_RED-0163.jpg
map-proj-v3_2/ESP_016781_2055_RED-0173.jpg,ok,,JPEG,227.0,227.0,L,1.0,1.0,normal,other,train,esp_016781_2055_red-0173,[],8252814e9b180faf4b4471f122f652796dd28e62e79576ad0fee821496fffbe1,9efa2e6bd4318bd950ad34091351dab96ec40b183261f689c692195e57eea9d9,da6b13d86c873361,88.5376389993984,59.136826941160464,cf622075c6fd6e79,[],0.0,esp_016781_2055,['train'],1.0,Counter({'train': 1}),test,3b546f3c149bec5e,True,hirise_clean,0,C:\Users\deves\OneDrive\Desktop\Projects\TCMD-SS\data\raw\hirise_v3_2\map-proj-v3_2\ESP_016781_2055_RED-0173.jpg
map-proj-v3_2/ESP_016781_2055_RED-0175.jpg,ok,,JPEG,227.0,227.0,L,1.0,1.0,normal,slope streak,train,esp_016781_2055_red-0175,[],03b45f32a81b893dcbf61aa8183e1ac9c158aed50388e6856a89298d4767318e,cff0c3bc5e36d671620295507f6d77e26f0301cf180541ee68ca6ddded336cf4,82b7db2b8a5a9368,172.0504182111044,22.70536677363748,42f12845d0b95ff3,[],3.0,esp_016781_2055,['train'],1.0,Counter({'train': 1}),test,3b546f3c149bec5e,True,hirise_clean,0,C:\Users\deves\OneDrive\Desktop\Projects\TCMD-SS\data\raw\hirise_v3_2\map-proj-v3_2\ESP_016781_2055_RED-0175.jpg
map-proj-v3_2/ESP_016781_2055_RED-0178.jpg,ok,,JPEG,227.0,227.0,L,1.0,1.0,normal,slope streak,train,esp_016781_2055_red-0178,[],f051941fa128ec37b9eac167a4715fb5f135fca6a151b59f5df14382a986d711,739d44893e4cd86b0471f3179f44b35b86a16d2a84a91d72765dd27f11facfe1,aa74dd2d391ac964,99.64868326573388,18.577133311399432,f944d238131157c9,[],3.0,esp_016781_2055,['train'],1.0,Counter({'train': 1}),test,3b546f3c149bec5e,True,hirise_clean,0,C:\Users\deves\OneDrive\Desktop\Projects\TCMD-SS\data\raw\hirise_v3_2\map-proj-v3_2\ESP_016781_2055_RED-0178.jpg
map-proj-v3_2/ESP_016781_2055_RED-0179.jpg,ok,,JPEG,227.0,227.0,L,1.0,1.0,normal,other,train,esp_016781_2055_red-0179,[],0b913c7e527c18f3f7f5457e9e165ae7b893bac72bcd113ae9ce83cb1fb8f2a5,03eac0ef72f66bf8b59d9adff96703f2f85acea820dcceba806e1d4308dec6bb,980ff13fc330a62b,170.9954006481787,39.07011724325148,e1a1c2839655d23b,[],0.0,esp_016781_2055,['train'],1.0,Counter({'train': 1}),test,3b546f3c149bec5e,True,hirise_clean,0,C:\Users\deves\OneDrive\Desktop\Projects\TCMD-SS\data\raw\hirise_v3_2\map-proj-v3_2\ESP_016781_2055_RED-0179.jpg
map-proj-v3_2/ESP_016781_2055_RED-0182.jpg,ok,,JPEG,227.0,227.0,L,1.0,1.0,normal,other,train,esp_016781_2055_red-0182,[],4890119781c4949c529647df0337b8d14bfb941d836f251cda8e00e94a2389b4,d6a14cf512ac4626457576df273ea48890f2528befab7e629000f67b731557ee,a36c5046af6f45aa,153.63694230433347,27.41002790680311,d298b73f2e673b5e,[],0.0,esp_016781_2055,['train'],1.0,Counter({'train': 1}),test,3b546f3c149bec5e,True,hirise_clean,0,C:\Users\deves\OneDrive\Desktop\Projects\TCMD-SS\data\raw\hirise_v3_2\map-proj-v3_2\ESP_016781_2055_RED-0182.jpg
map-proj-v3_2/ESP_016781_2055_RED-0183.jpg,ok,,JPEG,227.0,227.0,L,1.0,1.0,normal,other,train,esp_016781_2055_red-0183,[],686027b44e3fa755a7e3f35e25c2dd8b516fe835a52553969037e731e24fc4ce,dfd691e65a7749abb5b39867346c55b8ddd8e2945aeddf305fb8848fe43e6a64,df04fa0f817dc701,101.7466863319684,35.301916107281855,4c4168a760d3f025,[],0.0,esp_016781_2055,['train'],1.0,Counter({'train': 1}),test,3b546f3c149bec5e,True,hirise_clean,0,C:\Users\deves\OneDrive\Desktop\Projects\TCMD-SS\data\raw\hirise_v3_2\map-proj-v3_2\ESP_016781_2055_RED-0183.jpg
map-proj-v3_2/ESP_016781_2055_RED-0188.jpg,ok,,JPEG,227.0,227.0,L,1.0,1.0,normal,slope streak,train,esp_016781_2055_red-0188,[],4305c616127c75721314e118808daaa16004d9cd773012c7a4280591e3b1093a,b2c4ab0ce98c5eafbcab714b630c717549df95f6b15a94465a851af149a47151,db09ff0077c0fe01,57.13883444274098,44.42025366120362,9e68b62d1f634ef0,[],3.0,esp_016781_2055,['train'],1.0,Counter({'train': 1}),test,3b546f3c149bec5e,True,hirise_clean,0,C:\Users\deves\OneDrive\Desktop\Projects\TCMD-SS\data\raw\hirise_v3_2\map-proj-v3_2\ESP_016781_2055_RED-0188.jpg
map-proj-v3_2/ESP_016781_2055_RED-0189.jpg,ok,,JPEG,227.0,227.0,L,1.0,1.0,normal,other,train,esp_016781_2055_red-0189,[],2a77282f41f0637e893b144f7d86220e715625ed5b6bbf35f1d305a33b3e77ec,e8b35122c9f0c00369539cdcae2bd35d833964049961612e6f078767cc94b5f2,e3781ce323c32f86,175.89246831881076,16.80165421525761,4b20a6bd223f4ef0,[],0.0,esp_016781_2055,['train'],1.0,Counter({'train': 1}),test,3b546f3c149bec5e,True,hirise_clean,0,C:\Users\deves\OneDrive\Desktop\Projects\TCMD-SS\data\raw\hirise_v3_2\map-proj-v3_2\ESP_016781_2055_RED-0189.jpg
map-proj-v3_2/ESP_016781_2055_RED-0192.jpg,ok,,JPEG,227.0,227.0,L,1.0,1.0,normal,other,train,esp_016781_2055_red-0192,[],54812edd0d759a1b57de9f77fb822dedbff3965d1b0852f3f7a578ebbbca631b,19649304beba4dce78cbddf7ab525891de363bd46cc38c354650ac788cc73f24,8b00c407f0bff07f,191.3605542510043,24.92183447306586,59d39e612630b1f2,[],0.0,esp_016781_2055,['train'],1.0,Counter({'train': 1}),test,3b546f3c149bec5e,True,hirise_clean,0,C:\Users\deves\OneDrive\Desktop\Projects\TCMD-SS\data\raw\hirise_v3_2\map-proj-v3_2\ESP_016781_2055_RED-0192.jpg
map-proj-v3_2/ESP_016781_2055_RED-0194.jpg,ok,,JPEG,227.0,227.0,L,1.0,1.0,normal,other,train,esp_016781_2055_red-0194,[],7f1d767de5791f1776cd096b1d14a03fbed4b4c91a65c9c7d7e0ab052b7892a9,5e6166cc21a7d6694d77131d1a7a5fff99b98a91ea47d0cdb277867c166d47cf,80e78445e3e62f6e,114.14473403326282,31.923631002968133,71eb810b17e52c3f,[],0.0,esp_016781_2055,['train'],1.0,Counter({'train': 1}),test,3b546f3c149bec5e,True,hirise_clean,0,C:\Users\deves\OneDrive\Desktop\Projects\TCMD-SS\data\raw\hirise_v3_2\map-proj-v3_2\ESP_016781_2055_RED-0194.jpg
map-proj-v3_2/ESP_016781_2055_RED-0195.jpg,ok,,JPEG,227.0,227.0,L,1.0,1.0,normal,other,train,esp_016781_2055_red-0195,[],98dd8e89ffb9ec5e4d4bbaf3b177d3dcfda27d6861f229d54468a9702289d7be,5201f201330b9746671fca31e0b8b199f99dcde8305eaf8e7d598015ab1944a5,bf1fe90af6aa2240,86.73286886995672,19.16887850354324,a10f2f7386d75cba,[],0.0,esp_016781_2055,['train'],1.0,Counter({'train': 1}),test,3b546f3c149bec5e,True,hirise_clean,0,C:\Users\deves\OneDrive\Desktop\Projects\TCMD-SS\data\raw\hirise_v3_2\map-proj-v3_2\ESP_016781_2055_RED-0195.jpg
map-proj-v3_2/ESP_016781_2055_RED-0201.jpg,ok,,JPEG,227.0,227.0,L,1.0,1.0,normal,slope streak,train,esp_016781_2055_red-0201,[],89c26d80cc037955d0a475bf6ea27b7ed5e99a7d60090e1467ea90ffadb9cc6e,227f091978443fc18e3a6735a85cba8b9e2b110c6f7e9e3b4cf930bc70591b7b,bd1f6278370015be,138.45345339517553,45.667232674996704,d9bf293e518f2469,[],3.0,esp_016781_2055,['train'],1.0,Counter({'train': 1}),test,3b546f3c149bec5e,True,hirise_clean,0,C:\Users\deves\OneDrive\Desktop\Projects\TCMD-SS\data\raw\hirise_v3_2\map-proj-v3_2\ESP_016781_2055_RED-0201.jpg
map-proj-v3_2/ESP_016781_2055_RED-0205.jpg,ok,,JPEG,227.0,227.0,L,1.0,1.0,normal,other,train,esp_016781_2055_red-0205,[],f239459e596016e9ac44e5dec7ed2aeaf75dcc60784d83f1b32159422a8e60e2,7942988a2ddfd23169da3afdbc7ece337e6c5aa8df4e29d3793ef534b18d509a,9b646409db76768a,134.54916648877332,34.03252684930948,4377a66a6a63a33d,[],0.0,esp_016781_2055,['train'],1.0,Counter({'train': 1}),test,3b546f3c149bec5e,True,hirise_clean,0,C:\Users\deves\OneDrive\Desktop\Projects\TCMD-SS\data\raw\hirise_v3_2\map-proj-v3_2\ESP_016781_2055_RED-0205.jpg
map-proj-v3_2/ESP_016781_2055_RED-0211.jpg,ok,,JPEG,227.0,227.0,L,1.0,1.0,normal,other,train,esp_016781_2055_red-0211,[],bcdc8fe89558075318f30b5e745e6055c6136dcfe3d3ecc1ab5e58ee12e73c73,a94674f545935ed6cfeb879822101c83976db569fa7285cf3a53dba84e83bfc7,e48e19e31c7137e8,153.51015932775718,20.84333426482629,8ae0088c8c3c6bbc,[],0.0,esp_016781_2055,['train'],1.0,Counter({'train': 1}),test,3b546f3c149bec5e,True,hirise_clean,0,C:\Users\deves\OneDrive\Desktop\Projects\TCMD-SS\data\raw\hirise_v3_2\map-proj-v3_2\ESP_016781_2055_RED-0211.jpg
map-proj-v3_2/ESP_016781_2055_RED-0213.jpg,ok,,JPEG,227.0,227.0,L,1.0,1.0,normal,other,train,esp_016781_2055_red-0213,[],a48dd86a8992813c417efa352b6cf12846d4c76320ba4eae1bbf31b351e045f2,ca9865a70a095ee1c58151debae039e5a5729d72cf74824612853e1c350d2a08,a5848054b9d5f5fa,186.8604475149916,21.443808804803844,71f6821af4f0cdea,[],0.0,esp_016781_2055,['train'],1.0,Counter({'train': 1}),test,3b546f3c149bec5e,True,hirise_clean,0,C:\Users\deves\OneDrive\Desktop\Projects\TCMD-SS\data\raw\hirise_v3_2\map-proj-v3_2\ESP_016781_2055_RED-0213.jpg
map-proj-v3_2/ESP_016781_2055_RED-0218.jpg,ok,,JPEG,227.0,227.0,L,1.0,1.0,normal,other,train,esp_016781_2055_red-0218,[],7e392c78cc33369d056c124afffa63da71f495aa2e6364df2d4c8187491e486e,bc899aaff05d42080fd828fd6ab0c3b470f15dd13b3b331d1538507748e95e13,c96d324cbb660c79,63.79533854722583,50.295990831403735,9c657f93f9867a22,[],0.0,esp_016781_2055,['train'],1.0,Counter({'train': 1}),test,3b546f3c149bec5e,True,hirise_clean,0,C:\Users\deves\OneDrive\Desktop\Projects\TCMD-SS\data\raw\hirise_v3_2\map-proj-v3_2\ESP_016781_2055_RED-0218.jpg
map-proj-v3_2/ESP_016781_2055_RED-0222.jpg,ok,,JPEG,227.0,227.0,L,1.0,1.0,normal,slope streak,train,esp_016781_2055_red-0222,[],28f5588116568bb8275639ea90238aa8cf8b71422efa43d7adbe4d838840d716,4679f7dd29cc82dcd394408e30bd79fcb0a114b725a68a69450148c5791eb945,bf83d03e23cc8933,198.89336102000811,18.70907684887721,26b1718013afdb23,[],3.0,esp_016781_2055,['train'],1.0,Counter({'train': 1}),test,3b546f3c149bec5e,True,hirise_clean,0,C:\Users\deves\OneDrive\Desktop\Projects\TCMD-SS\data\raw\hirise_v3_2\map-proj-v3_2\ESP_016781_2055_RED-0222.jpg
map-proj-v3_2/ESP_016781_2055_RED-0223.jpg,ok,,JPEG,227.0,227.0,L,1.0,1.0,normal,other,train,esp_016781_2055_red-0223,[],6dd93285d4853d27d90e8649a0e912e676b47696a5e09ad830627af8bf9e03e9,c4ec63883bda6834c745b4e7fa1499ca527acdb7626f940c8c7e96dea12299f0,9c4e85cee5cea341,87.43224203846378,70.47002075277273,9a35b5aadab651d3,[],0.0,esp_016781_2055,['train'],1.0,Counter({'train': 1}),test,3b546f3c149bec5e,True,hirise_clean,0,C:\Users\deves\OneDrive\Desktop\Projects\TCMD-SS\data\raw\hirise_v3_2\map-proj-v3_2\ESP_016781_2055_RED-0223.jpg
map-proj-v3_2/ESP_016781_2055_RED-0225.jpg,ok,,JPEG,227.0,227.0,L,1.0,1.0,normal,slope streak,train,esp_016781_2055_red-0225,[],a88258ac70dc7c98701f6a310cedadd43833e0f6bbcea69d89a282dc1945d32b,1ec4cf32e1a702f143d6fec7be9a62e4017c451714f5989c6a1cc99294f40166,906a8f9a64479a3f,185.8929728890528,19.932087313397176,af790400f3ac2436,[],3.0,esp_016781_2055,['train'],1.0,Counter({'train': 1}),test,3b546f3c149bec5e,True,hirise_clean,0,C:\Users\deves\OneDrive\Desktop\Projects\TCMD-SS\data\raw\hirise_v3_2\map-proj-v3_2\ESP_016781_2055_RED-0225.jpg
map-proj-v3_2/ESP_016781_2055_RED-0229.jpg,ok,,JPEG,227.0,227.0,L,1.0,1.0,normal,slope streak,train,esp_016781_2055_red-0229,[],f996a1f204c123079022a4203cc17b4745f652a228523d848d1aa4979a59f4b6,011c963ce671a482cfc67804e3122cd436543c52f481abf3558d3a1802b7e5cc,85e1d41f70c58f3a,188.29697840051236,18.28983128779771,4b75c329bf699932,[],3.0,esp_016781_2055,['train'],1.0,Counter({'train': 1}),test,3b546f3c149bec5e,True,hirise_clean,0,C:\Users\deves\OneDrive\Desktop\Projects\TCMD-SS\data\raw\hirise_v3_2\map-proj-v3_2\ESP_016781_2055_RED-0229.jpg
map-proj-v3_2/ESP_016781_2055_RED-0232.jpg,ok,,JPEG,227.0,227.0,L,1.0,1.0,normal,other,train,esp_016781_2055_red-0232,[],3867969ae740c689db4d788f2bc4baed944c498234d2c275bc9f59d33a26b2ea,942dc78e7b7a7889d905f32315b4b3d0c60d5db7620b7a3787114bcef51d627b,c9ec26cb246493d7,72.32356537095616,58.566601840829456,d8e0a7cbadeb563a,[],0.0,esp_016781_2055,['train'],1.0,Counter({'train': 1}),test,3b546f3c149bec5e,True,hirise_clean,0,C:\Users\deves\OneDrive\Desktop\Projects\TCMD-SS\data\raw\hirise_v3_2\map-proj-v3_2\ESP_016781_2055_RED-0232.jpg
map-proj-v3_2/ESP_016781_2055_RED-0233.jpg,ok,,JPEG,227.0,227.0,L,1.0,1.0,normal,other,train,esp_016781_2055_red-0233,[],b849a698d25c7d9f592076a681a6958a67e453107c3f299ebf4a763189e44b7c,fe2bbd8d91309919beb5a8e3250930eb846db04f57032c30e2bcfcf1983f4665,da69646df50224fc,87.31155271788701,59.08462181426761,d897bee5401dc99f,[],0.0,esp_016781_2055,['train'],1.0,Counter({'train': 1}),test,3b546f3c149bec5e,True,hirise_clean,0,C:\Users\deves\OneDrive\Desktop\Projects\TCMD-SS\data\raw\hirise_v3_2\map-proj-v3_2\ESP_016781_2055_RED-0233.jpg
map-proj-v3_2/ESP_016781_2055_RED-0234.jpg,ok,,JPEG,227.0,227.0,L,1.0,1.0,normal,slope streak,train,esp_016781_2055_red-0234,[],fadbbc9b767bc39c88b6d38fa1c92ad51c2429abbe7f59e9e55bec217a630a0a,c1bf42b642c0bbf63987a13717313dd962baef0d95021319578730614f415bdd,9425da1a66cb9a37,175.20151759203554,16.71835677412134,32c4b848d2adca49,[],3.0,esp_016781_2055,['train'],1.0,Counter({'train': 1}),test,3b546f3c149bec5e,True,hirise_clean,0,C:\Users\deves\OneDrive\Desktop\Projects\TCMD-SS\data\raw\hirise_v3_2\map-proj-v3_2\ESP_016781_2055_RED-0234.jpg
map-proj-v3_2/ESP_016781_2055_RED-0235.jpg,ok,,JPEG,227.0,227.0,L,1.0,1.0,normal,slope streak,train,esp_016781_2055_red-0235,[],8830a9ac2c765e6c56e55299abd118146f1524f60c61240f07ca0f00bb005044,c341edd977a88bcc89bf5547b818671e4bead6fffeb7fce5d1a842d32e4d96ef,8629c7573492d5c7,178.47373323759436,26.0711614808874,1a4a2b7cd84a2d15,[],3.0,esp_016781_2055,['train'],1.0,Counter({'train': 1}),test,3b546f3c149bec5e,True,hirise_clean,0,C:\Users\deves\OneDrive\Desktop\Projects\TCMD-SS\data\raw\hirise_v3_2\map-proj-v3_2\ESP_016781_2055_RED-0235.jpg
map-proj-v3_2/ESP_016781_2055_RED-0238.jpg,ok,,JPEG,227.0,227.0,L,1.0,1.0,normal,slope streak,train,esp_016781_2055_red-0238,[],dbcf552f57582929e855412d731005703a98e6e0ce6f3cb183af5e847aeefae5,5b30fe1721f496250b446d528e5443319a6b2e3fbee9f248b82c44934c628d54,b5330ae617c3cec1,185.38968347920587,26.779843715287715,0f0b8336d9ed6dea,[],3.0,esp_016781_2055,['train'],1.0,Counter({'train': 1}),test,3b546f3c149bec5e,True,hirise_clean,0,C:\Users\deves\OneDrive\Desktop\Projects\TCMD-SS\data\raw\hirise_v3_2\map-proj-v3_2\ESP_016781_2055_RED-0238.jpg
map-proj-v3_2/ESP_016781_2055_RED-0239.jpg,ok,,JPEG,227.0,227.0,L,1.0,1.0,normal,slope streak,train,esp_016781_2055_red-0239,[],f134c80ae79d5fb1e21ff564397758d05d218ef03df813b306de5a972249dfe7,772cc14333a2565949b27fad36b45e439eb890c28d777c597d00f575af623d76,ac2e31dd0706e1f3,207.3533350152341,19.377214630671027,8c284986ad4c36bb,[],3.0,esp_016781_2055,['train'],1.0,Counter({'train': 1}),test,3b546f3c149bec5e,True,hirise_clean,0,C:\Users\deves\OneDrive\Desktop\Projects\TCMD-SS\data\raw\hirise_v3_2\map-proj-v3_2\ESP_016781_2055_RED-0239.jpg
map-proj-v3_2/ESP_016781_2055_RED-0240.jpg,ok,,JPEG,227.0,227.0,L,1.0,1.0,normal,other,train,esp_016781_2055_red-0240,[],dd3ad5ba9cba2876cf62c07c556f89dd0d9f3601fa2bd47535d7612de9f5a801,9aec043900b0320250f558c03cecdcd1ebcb33a0a90fdad7c9a62271cd8f63c3,8454d65af28aeb4e,138.83764482136272,48.74531009238673,86ada88907be73d3,[],0.0,esp_016781_2055,['train'],1.0,Counter({'train': 1}),test,3b546f3c149bec5e,True,hirise_clean,0,C:\Users\deves\OneDrive\Desktop\Projects\TCMD-SS\data\raw\hirise_v3_2\map-proj-v3_2\ESP_016781_2055_RED-0240.jpg
map-proj-v3_2/ESP_016781_2055_RED-0241.jpg,ok,,JPEG,227.0,227.0,L,1.0,1.0,normal,slope streak,train,esp_016781_2055_red-0241,[],d3640845d83c575678c0e8310cb85ebe9ec6bb6151bd4b5f4af8b6f3c60db946,b55335968143cac4eab0ce6e211fb0494e8c763e6ea6c6b6795b5ffce6f63ed3,9555fe00fe03e41b,101.25228512099984,36.44882815335999,e05cb0affe837136,[],3.0,esp_016781_2055,['train'],1.0,Counter({'train': 1}),test,3b546f3c149bec5e,True,hirise_clean,0,C:\Users\deves\OneDrive\Desktop\Projects\TCMD-SS\data\raw\hirise_v3_2\map-proj-v3_2\ESP_016781_2055_RED-0241.jpg
map-proj-v3_2/ESP_016781_2055_RED-0243.jpg,ok,,JPEG,227.0,227.0,L,1.0,1.0,normal,slope streak,train,esp_016781_2055_red-0243,[],858e86c046e1f3bab9ebea84c9f64fc44dd8bf376891cbe338df5798dfe683b6,d49e87718c981376d59396f3a1a993c870f27f520d3a4e0e4ed14b7f26a07784,956ac86a497c4dcd,175.18438161035533,26.02258657284547,f5baa6ab4423957a,[],3.0,esp_016781_2055,['train'],1.0,Counter({'train': 1}),test,3b546f3c149bec5e,True,hirise_clean,0,C:\Users\deves\OneDrive\Desktop\Projects\TCMD-SS\data\raw\hirise_v3_2\map-proj-v3_2\ESP_016781_2055_RED-0243.jpg
map-proj-v3_2/ESP_016781_2055_RED-0245.jpg,ok,,JPEG,227.0,227.0,L,1.0,1.0,normal,slope streak,train,esp_016781_2055_red-0245,[],4ad2474686046e908cd00a3f3da6d8fe044bd200c88ac62bb01cb2b9ee3426df,2f3980dbbd84ba75de493b4fc149140ac5b74bcb7bd476f8eb9010a49e5d0205,9567c8911feae229,215.04345126045527,20.61596713065308,370d88132b472f5f,[],3.0,esp_016781_2055,['train'],1.0,Counter({'train': 1}),test,3b546f3c149bec5e,True,hirise_clean,0,C:\Users\deves\OneDrive\Desktop\Projects\TCMD-SS\data\raw\hirise_v3_2\map-proj-v3_2\ESP_016781_2055_RED-0245.jpg
map-proj-v3_2/ESP_016781_2055_RED-0246.jpg,ok,,JPEG,227.0,227.0,L,1.0,1.0,normal,slope streak,train,esp_016781_2055_red-0246,[],bb0ff7ea741d13b523da2cadf2530fd092d3b698dabb4d123eb9120ac04dfa0e,33df4c0b6cef47be70ab5bc71b6c1973d6e1c5a901768d72509c225b7a5ff485,a95285a27b1dde07,181.9839313784471,30.85199846140435,ecf407ff77a0f6b5,[],3.0,esp_016781_2055,['train'],1.0,Counter({'train': 1}),test,3b546f3c149bec5e,True,hirise_clean,0,C:\Users\deves\OneDrive\Desktop\Projects\TCMD-SS\data\raw\hirise_v3_2\map-proj-v3_2\ESP_016781_2055_RED-0246.jpg
map-proj-v3_2/ESP_016781_2055_RED-0251.jpg,ok,,JPEG,227.0,227.0,L,1.0,1.0,normal,other,train,esp_016781_2055_red-0251,[],ee43627246fdda7f3c2a6fbcc72e7bd2bf321bec33e1fa8a95d817a94636fffd,e2983aa48762671d3e43dbbff653b53dd219b9b38a11f2400b5fae0abbc79f84,e71398ece72388e4,165.38021308389452,15.234303670678935,4ae6cb5c7d53eb1c,[],0.0,esp_016781_2055,['train'],1.0,Counter({'train': 1}),test,3b546f3c149bec5e,True,hirise_clean,0,C:\Users\deves\OneDrive\Desktop\Projects\TCMD-SS\data\raw\hirise_v3_2\map-proj-v3_2\ESP_016781_2055_RED-0251.jpg
map-proj-v3_2/ESP_016781_2055_RED-0252.jpg,ok,,JPEG,227.0,227.0,L,1.0,1.0,normal,other,train,esp_016781_2055_red-0252,[],576fd2ce95fa49dc8bd2f48f7d4f26a97e24bb2506b8d09e37c8649c4e07fedc,4a9cb799ff056d1de9681bb45bf77434286a821d36f4e218b2d56e8cb087a626,c462bbcd4c865d66,188.27508781462865,23.54498813064189,7fdb2ec70f401d44,[],0.0,esp_016781_2055,['train'],1.0,Counter({'train': 1}),test,3b546f3c149bec5e,True,hirise_clean,0,C:\Users\deves\OneDrive\Desktop\Projects\TCMD-SS\data\raw\hirise_v3_2\map-proj-v3_2\ESP_016781_2055_RED-0252.jpg
map-proj-v3_2/ESP_016781_2055_RED-0258.jpg,ok,,JPEG,227.0,227.0,L,1.0,1.0,normal,slope streak,train,esp_016781_2055_red-0258,[],abd03e138df9605cb91e32621e236629c3269753954b0f76225aa5ba48e761be,e567eef5c0f626601a018a615a606544c044eb899008d78fb4b5a5af2aecf0e4,b87b034646467c7e,128.21514098856954,72.70760613291225,50cb83cf8acab122,[],3.0,esp_016781_2055,['train'],1.0,Counter({'train': 1}),test,3b546f3c149bec5e,True,hirise_clean,0,C:\Users\deves\OneDrive\Desktop\Projects\TCMD-SS\data\raw\hirise_v3_2\map-proj-v3_2\ESP_016781_2055_RED-0258.jpg
map-proj-v3_2/ESP_016781_2055_RED-0259.jpg,ok,,JPEG,227.0,227.0,L,1.0,1.0,normal,slope streak,train,esp_016781_2055_red-0259,[],f7cddb3c34d838721d6bcf34ee6becd408e7c642753dfa615b3f89071e9943bd,40f31a62f65caf0b81127211d24aacfd2432d01f698821ddb4196d37b72bcdc0,807f5fd182ad3a68,99.00520095480216,79.51279903505588,0c4df701a4c11a7e,[],3.0,esp_016781_2055,['train'],1.0,Counter({'train': 1}),test,3b546f3c149bec5e,True,hirise_clean,0,C:\Users\deves\OneDrive\Desktop\Projects\TCMD-SS\data\raw\hirise_v3_2\map-proj-v3_2\ESP_016781_2055_RED-0259.jpg
map-proj-v3_2/ESP_016781_2055_RED-0260.jpg,ok,,JPEG,227.0,227.0,L,1.0,1.0,normal,other,train,esp_016781_2055_red-0260,[],39fd3741b1c6be65809ec5e4732a902662a4e1ccd80dcb67b75d39c20b9387f8,34148557f57d14d6c035f9e6cc3664726d4a1e574297f9be7c1210dc042f76a2,d24bc500877fc07f,85.77401075122746,51.25072935775905,8d8179b709eb0391,[],0.0,esp_016781_2055,['train'],1.0,Counter({'train': 1}),test,3b546f3c149bec5e,True,hirise_clean,0,C:\Users\deves\OneDrive\Desktop\Projects\TCMD-SS\data\raw\hirise_v3_2\map-proj-v3_2\ESP_016781_2055_RED-0260.jpg
map-proj-v3_2/ESP_016781_2055_RED-0263.jpg,ok,,JPEG,227.0,227.0,L,1.0,1.0,normal,other,train,esp_016781_2055_red-0263,[],50a0d6048b75d3f6eec11c31c579e401a961d7c6a41063aca2b2380ab0362fc1,22c6c73a6a9d72f99ab97a93a0d3ceed7809dbaacb5aa2fed459f071e33b76e1,e325121d0f173b3e,174.52898367909333,40.963034206655365,ac8725532087d1be,[],0.0,esp_016781_2055,['train'],1.0,Counter({'train': 1}),test,3b546f3c149bec5e,True,hirise_clean,0,C:\Users\deves\OneDrive\Desktop\Projects\TCMD-SS\data\raw\hirise_v3_2\map-proj-v3_2\ESP_016781_2055_RED-0263.jpg
map-proj-v3_2/ESP_016781_2055_RED-0264.jpg,ok,,JPEG,227.0,227.0,L,1.0,1.0,normal,slope streak,train,esp_016781_2055_red-0264,[],0a3e06e5369264c07ac0266fa45c061ab00eaace70352138c9bc089576ea05c3,956a1b05c74f52a982173e90c58a492217d94802db1be55292ed3641cc1c364a,b77f6840406a6b4f,116.44332317724,68.61213083250655,400ecb90dd7cf58e,[],3.0,esp_016781_2055,['train'],1.0,Counter({'train': 1}),test,3b546f3c149bec5e,True,hirise_clean,0,C:\Users\deves\OneDrive\Desktop\Projects\TCMD-SS\data\raw\hirise_v3_2\map-proj-v3_2\ESP_016781_2055_RED-0264.jpg
map-proj-v3_2/ESP_016781_2055_RED-0265.jpg,ok,,JPEG,227.0,227.0,L,1.0,1.0,normal,other,train,esp_016781_2055_red-0265,[],8495acc67c02e049fd2235872980a906327f839db424816afd77578c5456ca2e,e3d7857b04e6e33db99b1520c04775cfd9c2f03771d8d83c8e2221d0dcd0fc08,9512292e6a696fea,165.67781249393545,72.97110351957285,c5ef89e0c5782c9f,[],0.0,esp_016781_2055,['train'],1.0,Counter({'train': 1}),test,3b546f3c149bec5e,True,hirise_clean,0,C:\Users\deves\OneDrive\Desktop\Projects\TCMD-SS\data\raw\hirise_v3_2\map-proj-v3_2\ESP_016781_2055_RED-0265.jpg
map-proj-v3_2/ESP_016781_2055_RED-0267.jpg,ok,,JPEG,227.0,227.0,L,1.0,1.0,normal,other,train,esp_016781_2055_red-0267,[],0c929675d530de820f8ebb02fee7e0c83b9328e734151d68d01985ed5c0bd516,4cae3aa425bfa53630ad8d2995690be7e1cc9a54c4248d43faf7838796a7b4ac,b5557600151f1f1f,109.4106037377011,36.69282671191222,6b8ab043bffa6ddd,[],0.0,esp_016781_2055,['train'],1.0,Counter({'train': 1}),test,3b546f3c149bec5e,True,hirise_clean,0,C:\Users\deves\OneDrive\Desktop\Projects\TCMD-SS\data\raw\hirise_v3_2\map-proj-v3_2\ESP_016781_2055_RED-0267.jpg
map-proj-v3_2/ESP_017395_1700_RED-0007.jpg,ok,,JPEG,227.0,227.0,L,1.0,1.0,normal,impact ejecta,train,esp_017395_1700_red-0007,[],7dfc497751a6f558f3252a98b48976160b85d7c401e6d0863748105422ca3bb7,e74b85e76d4dd0cf06b93f5e1cde74c840995aef28da414be4baaeeaea513c84,e6b3998c46d8e323,88.45124104872984,16.82672557606031,3f56454eea6cbead,[],5.0,esp_017395_1700,['train'],2.0,Counter({'train': 2}),test,83aa4045df637967,True,hirise_clean,0,C:\Users\deves\OneDrive\Desktop\Projects\TCMD-SS\data\raw\hirise_v3_2\map-proj-v3_2\ESP_017395_1700_RED-0007.jpg
map-proj-v3_2/ESP_017395_1700_RED-0014.jpg,ok,,JPEG,227.0,227.0,L,1.0,1.0,normal,crater,train,esp_017395_1700_red-0014,[],6b14c2a8bed331dbe2c19a944f00e29d2fc6a68c8fc04925f261cb8b86d29c9c,66dbfa8770eea465fe96b9cc1cee03290388e51225cf99e4f0584c89e58bdbeb,e7cbcc84634acc99,96.5201148867628,17.33410451548505,311ca01c55f28e5d,[],1.0,esp_017395_1700,['train'],2.0,Counter({'train': 2}),test,83aa4045df637967,True,hirise_clean,0,C:\Users\deves\OneDrive\Desktop\Projects\TCMD-SS\data\raw\hirise_v3_2\map-proj-v3_2\ESP_017395_1700_RED-0014.jpg
map-proj-v3_2/ESP_017395_1700_RED-0039.jpg,ok,,JPEG,227.0,227.0,L,1.0,1.0,normal,crater,train,esp_017395_1700_red-0039,[],bc05096380a12441ae6100bdd3bbabdc2b7add933c74e6c14131b11b40eec01b,79f64bcf97459c5f084c000af262277c1e54cfb0a65c1952d9c8038909327c30,f2c78d30c39668e3,93.21671291893884,19.97689915796925,89712b49f141c88a,[],1.0,esp_017395_1700,['train'],2.0,Counter({'train': 2}),test,83aa4045df637967,True,hirise_clean,0,C:\Users\deves\OneDrive\Desktop\Projects\TCMD-SS\data\raw\hirise_v3_2\map-proj-v3_2\ESP_017395_1700_RED-0039.jpg
map-proj-v3_2/ESP_017395_1700_RED-0049.jpg,ok,,JPEG,227.0,227.0,L,1.0,1.0,normal,impact ejecta,train,esp_017395_1700_red-0049,[],495917e0ae04399680f2d3299a9b2b0f9b76f2df99ddbe39be0423fee30a4e9d,d02bc6a490fe8152154f122920a2a4a4e92b88c411f54e93167982118d54cf54,9cdc3333cccc6332,115.55454210250538,29.91233446096436,79b30930e794f011,[],5.0,esp_017395_1700,['train'],2.0,Counter({'train': 2}),test,83aa4045df637967,True,hirise_clean,0,C:\Users\deves\OneDrive\Desktop\Projects\TCMD-SS\data\raw\hirise_v3_2\map-proj-v3_2\ESP_017395_1700_RED-0049.jpg
map-proj-v3_2/ESP_017395_1700_RED-0051.jpg,ok,,JPEG,227.0,227.0,L,1.0,1.0,normal,crater,train,esp_017395_1700_red-0051,[],2a98e0b27b898a494804c6e7473ebaaf20587986a177e9934913821626a51891,a862e646d76261ee6e883a5866b67c814ea168be813abcef20009c1bb039759c,b98906ecb972cccc,98.68217896718352,13.962061500544296,d2267b8f8b779092,[],1.0,esp_017395_1700,['train'],2.0,Counter({'train': 2}),test,83aa4045df637967,True,hirise_clean,0,C:\Users\deves\OneDrive\Desktop\Projects\TCMD-SS\data\raw\hirise_v3_2\map-proj-v3_2\ESP_017395_1700_RED-0051.jpg
map-proj-v3_2/ESP_017395_1700_RED-0077.jpg,ok,,JPEG,227.0,227.0,L,1.0,1.0,normal,crater,train,esp_017395_1700_red-0077,[],3411021c57011809faf748fe3a4e6ab2d6e034091c08146a4e649421b9693fee,c68b3294925ce139d936cdee5f365e21ed25197d6ecd9f577c4d01e7a2967cb7,eec6304b8b36cc99,87.11271322944361,17.874276227478443,0c6265615fd37386,[],1.0,esp_017395_1700,['train'],2.0,Counter({'train': 2}),test,83aa4045df637967,True,hirise_clean,0,C:\Users\deves\OneDrive\Desktop\Projects\TCMD-SS\data\raw\hirise_v3_2\map-proj-v3_2\ESP_017395_1700_RED-0077.jpg
map-proj-v3_2/ESP_017395_1700_RED-0098.jpg,ok,,JPEG,227.0,227.0,L,1.0,1.0,normal,impact ejecta,train,esp_017395_1700_red-0098,[],f5e5bb5b60c4f315719ea00aa54ca661b78e7ef909c29aa129967045f54fad64,305c54c5a3f7c03c2291ad5b349f6449e8da9f167933d6203950f2957ca2f3d7,f20e9c2c80f36e1f,90.15664965359312,14.61842584538362,b1b46e2f6ecaa95e,[],5.0,esp_017395_1700,['train'],2.0,Counter({'train': 2}),test,83aa4045df637967,True,hirise_clean,0,C:\Users\deves\OneDrive\Desktop\Projects\TCMD-SS\data\raw\hirise_v3_2\map-proj-v3_2\ESP_017395_1700_RED-0098.jpg
map-proj-v3_2/ESP_018929_1830_RED-0014.jpg,ok,,JPEG,227.0,227.0,L,1.0,1.0,normal,other,test,esp_018929_1830_red-0014,[],dd0f4b2ab95b0ed58f0ea2d0e0c8957c548655916671b413acffdf19604aa649,8d32bf179cd76f65e9b0f8b894404126a4f482fe6644abb0c6ccf7e12550342e,e6ac71a34ed428d6,75.61384851248812,31.488411268311435,1e9968f96ece4744,[],0.0,esp_018929_1830,['test'],1.0,Counter({'test': 1}),test,f3689e1b5d88bada,True,hirise_clean,0,C:\Users\deves\OneDrive\Desktop\Projects\TCMD-SS\data\raw\hirise_v3_2\map-proj-v3_2\ESP_018929_1830_RED-0014.jpg
map-proj-v3_2/ESP_018929_1830_RED-0018.jpg,ok,,JPEG,227.0,227.0,L,1.0,1.0,normal,other,test,esp_018929_1830_red-0018,[],dcd6790934057b4250f56deeb4f6af99adb86ba7ff9b3df540dd59c303d1d288,1d2dbabf2f4e5b1e7f9fbd28ce3fd236023374f91365540044afd5b3ae29f061,e0ed386147cc1d3b,84.68507054280114,17.078560161605896,1461b270b01b77b6,[],0.0,esp_018929_1830,['test'],1.0,Counter({'test': 1}),test,f3689e1b5d88bada,True,hirise_clean,0,C:\Users\deves\OneDrive\Desktop\Projects\TCMD-SS\data\raw\hirise_v3_2\map-proj-v3_2\ESP_018929_1830_RED-0018.jpg
map-proj-v3_2/ESP_018929_1830_RED-0027.jpg,ok,,JPEG,227.0,227.0,L,1.0,1.0,normal,other,test,esp_018929_1830_red-0027,[],27126201d79af663b4076f68055513bbdc14278d3d57ea9c1ae3e3ae9946e77f,4f4db1eb7655f049afb15cea555f9030bef4e7c6c9a31ac9d01062a0cf2a4a82,ef58b267061c39e2,82.46098313571,18.02654680558168,a8df6e077aedfe5d,[],0.0,esp_018929_1830,['test'],1.0,Counter({'test': 1}),test,f3689e1b5d88bada,True,hirise_clean,0,C:\Users\deves\OneDrive\Desktop\Projects\TCMD-SS\data\raw\hirise_v3_2\map-proj-v3_2\ESP_018929_1830_RED-0027.jpg
map-proj-v3_2/ESP_018929_1830_RED-0036.jpg,ok,,JPEG,227.0,227.0,L,1.0,1.0,normal,crater,test,esp_018929_1830_red-0036,[],230d9f911cd6230f8e6391b501ae0a9fb3289ec35311ff25f956262b61003c08,c357ba31be0058365171320e17e84d0f8de0c6ad2a1ef9ff86377a63a935a0c7,b98666fd58c65831,85.1077451532147,23.00536773055124,77fdf9e11d757964,[],1.0,esp_018929_1830,['test'],1.0,Counter({'test': 1}),test,f3689e1b5d88bada,True,hirise_clean,0,C:\Users\deves\OneDrive\Desktop\Projects\TCMD-SS\data\raw\hirise_v3_2\map-proj-v3_2\ESP_018929_1830_RED-0036.jpg
map-proj-v3_2/ESP_018929_1830_RED-0039.jpg,ok,,JPEG,227.0,227.0,L,1.0,1.0,normal,other,test,esp_018929_1830_red-0039,[],160badf0f0033cc87aeecb4fde08f4b5e77a9a5799f0ffa726fcaa534e72d88b,87ad410813faa2e16f2f6f69a67c20ee626aa278d100cb46e265aeb076547641,addabda067a408e5,87.22047778920607,19.3284668840418,f2c7e01aced4469a,[],0.0,esp_018929_1830,['test'],1.0,Counter({'test': 1}),test,f3689e1b5d88bada,True,hirise_clean,0,C:\Users\deves\OneDrive\Desktop\Projects\TCMD-SS\data\raw\hirise_v3_2\map-proj-v3_2\ESP_018929_1830_RED-0039.jpg
map-proj-v3_2/ESP_018929_1830_RED-0048.jpg,ok,,JPEG,227.0,227.0,L,1.0,1.0,normal,other,test,esp_018929_1830_red-0048,[],a184c76e3d7a677e30cfeed0be968f4f6b447eda7df7191737546fc038e92cf9,d580da01ff75f8551b79e432ff2a6d1d86e2056d0ea6c66f5a18ac730e908630,fc6fd085881519b7,80.58039162413398,17.855410413320133,a2dffd223906dca0,[],0.0,esp_018929_1830,['test'],1.0,Counter({'test': 1}),test,f3689e1b5d88bada,True,hirise_clean,0,C:\Users\deves\OneDrive\Desktop\Projects\TCMD-SS\data\raw\hirise_v3_2\map-proj-v3_2\ESP_018929_1830_RED-0048.jpg
map-proj-v3_2/ESP_018929_1830_RED-0053.jpg,ok,,JPEG,227.0,227.0,L,1.0,1.0,normal,other,test,esp_018929_1830_red-0053,[],0382c895405042ceffede57eed6486f8ccd6c4d8a32d00a4cae4c2bdc2effe8b,45ddbef8cf79f50e93daf403eea3d52b39433e0e00a536d6b19bb9a79cea2e84,d45abbdf32664209,77.4648256321683,35.35065786595477,466b51c89ffd7198,[],0.0,esp_018929_1830,['test'],1.0,Counter({'test': 1}),test,f3689e1b5d88bada,True,hirise_clean,0,C:\Users\deves\OneDrive\Desktop\Projects\TCMD-SS\data\raw\hirise_v3_2\map-proj-v3_2\ESP_018929_1830_RED-0053.jpg
map-proj-v3_2/ESP_018929_1830_RED-0057.jpg,ok,,JPEG,227.0,227.0,L,1.0,1.0,normal,other,test,esp_018929_1830_red-0057,[],9fa5d0823a74f6bbd78ff40bb44fdad9a1a34e07782954c3799e0a5471d795ec,1b309c41104f036823d3cedfdaafe2ad6656921ba0557f3fdf45664aaa30246e,9785bda52ee84a52,94.62768538104756,17.315325357277136,1f08946400251256,[],0.0,esp_018929_1830,['test'],1.0,Counter({'test': 1}),test,f3689e1b5d88bada,True,hirise_clean,0,C:\Users\deves\OneDrive\Desktop\Projects\TCMD-SS\data\raw\hirise_v3_2\map-proj-v3_2\ESP_018929_1830_RED-0057.jpg
map-proj-v3_2/ESP_018929_1830_RED-0058.jpg,ok,,JPEG,227.0,227.0,L,1.0,1.0,normal,other,test,esp_018929_1830_red-0058,[],3624413a8ad1d4adb038ae6638bcd839a4e4b0ae5cca3bcdb1faf8258bd687bb,9c5afe5257e07f26c59396316e97e9f3ae8b0467c8b7ef5bb9c2794650c2ad9e,dae41a14ec001fff,85.20190572299094,17.743478098104443,30c3ca0b5b77805e,[],0.0,esp_018929_1830,['test'],1.0,Counter({'test': 1}),test,f3689e1b5d88bada,True,hirise_clean,0,C:\Users\deves\OneDrive\Desktop\Projects\TCMD-SS\data\raw\hirise_v3_2\map-proj-v3_2\ESP_018929_1830_RED-0058.jpg
map-proj-v3_2/ESP_018929_1830_RED-0061.jpg,ok,,JPEG,227.0,227.0,L,1.0,1.0,normal,other,test,esp_018929_1830_red-0061,[],de97e3b0c85dc0d5045d82278a04d945a9c714fee65cd0400bfc192c7b01155f,188f2032cdc5255ff6811df7f2d10df236cb80e60dda36d9cfaa39152ecb0d82,db4d1671651f3660,65.18810766752702,46.95459744231976,9fcee467c112e1e6,[],0.0,esp_018929_1830,['test'],1.0,Counter({'test': 1}),test,f3689e1b5d88bada,True,hirise_clean,0,C:\Users\deves\OneDrive\Desktop\Projects\TCMD-SS\data\raw\hirise_v3_2\map-proj-v3_2\ESP_018929_1830_RED-0061.jpg
map-proj-v3_2/ESP_018929_1830_RED-0062.jpg,ok,,JPEG,227.0,227.0,L,1.0,1.0,normal,other,test,esp_018929_1830_red-0062,[],c7992f42f5a9a646c45956f8402d2c18ab84ff892ff5fc226b56eba544e88b9a,3b4d6ff63210a3225bb1835b8c761e0de3978ff5e53e74bb12429d58970770a2,a46ab9bdee46112a,85.93075743755944,19.78106357332322,9084b567afc11005,[],0.0,esp_018929_1830,['test'],1.0,Counter({'test': 1}),test,f3689e1b5d88bada,True,hirise_clean,0,C:\Users\deves\OneDrive\Desktop\Projects\TCMD-SS\data\raw\hirise_v3_2\map-proj-v3_2\ESP_018929_1830_RED-0062.jpg
map-proj-v3_2/ESP_018929_1830_RED-0064.jpg,ok,,JPEG,227.0,227.0,L,1.0,1.0,normal,other,test,esp_018929_1830_red-0064,[],67da6b13f8580ff0d7b24e3ce8fc9156fafad2cf3eb4b634a3824f862eae5017,607dd5f4db8b92bd9ca066c651bc83607277f2540bb509374db7c2255324d4e9,a103368d0bf664df,83.6031360981195,17.081277323257005,49a066ba99745fca,[],0.0,esp_018929_1830,['test'],1.0,Counter({'test': 1}),test,f3689e1b5d88bada,True,hirise_clean,0,C:\Users\deves\OneDrive\Desktop\Projects\TCMD-SS\data\raw\hirise_v3_2\map-proj-v3_2\ESP_018929_1830_RED-0064.jpg
map-proj-v3_2/ESP_018929_1830_RED-0068.jpg,ok,,JPEG,227.0,227.0,L,1.0,1.0,normal,other,test,esp_018929_1830_red-0068,[],784200a10f0c9644c72730de2206b61a7fe3a3e94fbd44d7b3d06840faadff2a,135b9fcb47481f7864d1b813fa150fc2df864ecf779f281edd4dd159b42f1aa1,e6195c31d4ecb94c,78.60026392904966,15.614051474078208,d599ee91007e3551,[],0.0,esp_018929_1830,['test'],1.0,Counter({'test': 1}),test,f3689e1b5d88bada,True,hirise_clean,0,C:\Users\deves\OneDrive\Desktop\Projects\TCMD-SS\data\raw\hirise_v3_2\map-proj-v3_2\ESP_018929_1830_RED-0068.jpg
map-proj-v3_2/ESP_018929_1830_RED-0074.jpg,ok,,JPEG,227.0,227.0,L,1.0,1.0,normal,other,test,esp_018929_1830_red-0074,[],2f62e1cefc1a8824ad921265004642daab338120108fabed99f0239f1cf2db22,d97cbf2061dde3b7b3d3df233b3a833c14ab9c6aea4a9ace452abc1a8b5a317b,bf7ec041870b15ad,83.77360321372431,18.389267693844875,ba22acd2a5de11f0,[],0.0,esp_018929_1830,['test'],1.0,Counter({'test': 1}),test,f3689e1b5d88bada,True,hirise_clean,0,C:\Users\deves\OneDrive\Desktop\Projects\TCMD-SS\data\raw\hirise_v3_2\map-proj-v3_2\ESP_018929_1830_RED-0074.jpg
map-proj-v3_2/ESP_018929_1830_RED-0080.jpg,ok,,JPEG,227.0,227.0,L,1.0,1.0,normal,other,test,esp_018929_1830_red-0080,[],c16a87842a14378d79b4774315af83bc7c98d7391274aaa8d5738b926281bcee,7464eca37557c507ae5e58b04f624acb6478249aa4cfaa7dc35818d3523b2356,a3141c3146f7ff11,75.13305129150575,14.83065789240057,271f464895955057,[],0.0,esp_018929_1830,['test'],1.0,Counter({'test': 1}),test,f3689e1b5d88bada,True,hirise_clean,0,C:\Users\deves\OneDrive\Desktop\Projects\TCMD-SS\data\raw\hirise_v3_2\map-proj-v3_2\ESP_018929_1830_RED-0080.jpg
map-proj-v3_2/ESP_018929_1830_RED-0082.jpg,ok,,JPEG,227.0,227.0,L,1.0,1.0,normal,other,test,esp_018929_1830_red-0082,[],4dfafef256fd4d143b6c57215b7d270e1e2f8a1553573792209cb5b3a505360e,5d073132b6323904886306e0a115bfaf7157491b2df12f4ccdb7fff3edb1f7ca,c62c2de2e6ec19a6,79.9046168177143,18.529723706280222,b0b324a70936840c,[],0.0,esp_018929_1830,['test'],1.0,Counter({'test': 1}),test,f3689e1b5d88bada,True,hirise_clean,0,C:\Users\deves\OneDrive\Desktop\Projects\TCMD-SS\data\raw\hirise_v3_2\map-proj-v3_2\ESP_018929_1830_RED-0082.jpg
map-proj-v3_2/ESP_018929_1830_RED-0086.jpg,ok,,JPEG,227.0,227.0,L,1.0,1.0,normal,other,test,esp_018929_1830_red-0086,[],43079feae644a845cc790012e0ddf6e84dc4b09395c2c6c41bf250a8e4131a86,4334ec452b5e8a2e0a0240ddf1f02d3e853eeebec3216cb83632f6bda4869c66,aee2982dce9e4c19,80.30105377554386,17.64032917905393,3b0b4461129f10fa,[],0.0,esp_018929_1830,['test'],1.0,Counter({'test': 1}),test,f3689e1b5d88bada,True,hirise_clean,0,C:\Users\deves\OneDrive\Desktop\Projects\TCMD-SS\data\raw\hirise_v3_2\map-proj-v3_2\ESP_018929_1830_RED-0086.jpg
map-proj-v3_2/ESP_018929_1830_RED-0088.jpg,ok,,JPEG,227.0,227.0,L,1.0,1.0,normal,crater,test,esp_018929_1830_red-0088,[],d90fc997972423f95ba44db3ad73a4ce3989e4d6d2e5be1689be5bbf80e379df,727c497b453b77ffb3e19766b2c1d538cfd3e842eaff1c5b42f7752f2ac855c0,a5ca18edd191ccd9,80.9564323002581,17.875471477835557,e0f13081058d3803,[],1.0,esp_018929_1830,['test'],1.0,Counter({'test': 1}),test,f3689e1b5d88bada,True,hirise_clean,0,C:\Users\deves\OneDrive\Desktop\Projects\TCMD-SS\data\raw\hirise_v3_2\map-proj-v3_2\ESP_018929_1830_RED-0088.jpg
map-proj-v3_2/ESP_018929_1830_RED-0089.jpg,ok,,JPEG,227.0,227.0,L,1.0,1.0,normal,other,test,esp_018929_1830_red-0089,[],f5b0560b000380914d207fe3a7070fd021ee690a50ff07ea53f19a2874a14812,acd50bf81a1ffc27ec7d72212882b1db3d7d9d50034cc024615d6f8f5861145f,e670134d49dcf346,79.78303479594015,17.90474987532462,679c82922c55e116,[],0.0,esp_018929_1830,['test'],1.0,Counter({'test': 1}),test,f3689e1b5d88bada,True,hirise_clean,0,C:\Users\deves\OneDrive\Desktop\Projects\TCMD-SS\data\raw\hirise_v3_2\map-proj-v3_2\ESP_018929_1830_RED-0089.jpg
map-proj-v3_2/ESP_018929_1830_RED-0100.jpg,ok,,JPEG,227.0,227.0,L,1.0,1.0,normal,other,test,esp_018929_1830_red-0100,[],db939ef8e765e4e5a0db778a286b3258f00dd291067911601e393d007d8bbb1b,7b80d27d90bf003689a31d87a1fa8fd4a6ba13ae81771a5912ad9f66a175fd33,8c48bd5a94fe306b,95.50282365270044,16.951466199538196,5f8974de7f7eec75,[],0.0,esp_018929_1830,['test'],1.0,Counter({'test': 1}),test,f3689e1b5d88bada,True,hirise_clean,0,C:\Users\deves\OneDrive\Desktop\Projects\TCMD-SS\data\raw\hirise_v3_2\map-proj-v3_2\ESP_018929_1830_RED-0100.jpg
map-proj-v3_2/ESP_018929_1830_RED-0101.jpg,ok,,JPEG,227.0,227.0,L,1.0,1.0,normal,other,test,esp_018929_1830_red-0101,[],191c963f8c86922d0b88c1dab4ad6f02488398ac5a521f3c7baccd9aeab7891c,5bba803d78b955b3bb8b3e72a22d2d9e3672d3361a07e1425886a414f6ee9f19,b9811e5a4a5459f7,82.42876826641309,19.625369600178296,cea8e1e149c2885a,[],0.0,esp_018929_1830,['test'],1.0,Counter({'test': 1}),test,f3689e1b5d88bada,True,hirise_clean,0,C:\Users\deves\OneDrive\Desktop\Projects\TCMD-SS\data\raw\hirise_v3_2\map-proj-v3_2\ESP_018929_1830_RED-0101.jpg
map-proj-v3_2/ESP_018929_1830_RED-0105.jpg,ok,,JPEG,227.0,227.0,L,1.0,1.0,normal,other,test,esp_018929_1830_red-0105,[],7fd84405b480df2a015905b82026d01860eb6942b65134464c4c8b60fb203413,78d187c250ffbf3f94777970c953f4c81d0b9720b329ba53d6e87ac0cbb81a01,cf93f6984382d459,88.55364940130801,14.90128328165732,ffbc9bdac840a8f8,[],0.0,esp_018929_1830,['test'],1.0,Counter({'test': 1}),test,f3689e1b5d88bada,True,hirise_clean,0,C:\Users\deves\OneDrive\Desktop\Projects\TCMD-SS\data\raw\hirise_v3_2\map-proj-v3_2\ESP_018929_1830_RED-0105.jpg
map-proj-v3_2/ESP_018929_1830_RED-0111.jpg,ok,,JPEG,227.0,227.0,L,1.0,1.0,normal,other,test,esp_018929_1830_red-0111,[],47b2791f5a3970db80947b60fc0ea6022d4088c2d5998e3880240e805f37cbe2,c3c2cdb807400bb82689c60b53e9e541546706169e0cc3226a8625ff3e345a75,e4c618c9cc9277e3,80.71245318170351,16.184086996457122,add645cf7aabcd0c,[],0.0,esp_018929_1830,['test'],1.0,Counter({'test': 1}),test,f3689e1b5d88bada,True,hirise_clean,0,C:\Users\deves\OneDrive\Desktop\Projects\TCMD-SS\data\raw\hirise_v3_2\map-proj-v3_2\ESP_018929_1830_RED-0111.jpg
map-proj-v3_2/ESP_018929_1830_RED-0125.jpg,ok,,JPEG,227.0,227.0,L,1.0,1.0,normal,other,test,esp_018929_1830_red-0125,[],92b1446c541c97da8b012ab6dd26aeb78729eeef25b870989e4f8534999ca9c7,b3962604e0a693c9b6eb6b4b313d27c4521f35ae15aa2b59b948e1c70fcf7501,8f3872da93466c55,86.63292514894525,17.19937966708479,5b86b130e3c007f3,[],0.0,esp_018929_1830,['test'],1.0,Counter({'test': 1}),test,f3689e1b5d88bada,True,hirise_clean,0,C:\Users\deves\OneDrive\Desktop\Projects\TCMD-SS\data\raw\hirise_v3_2\map-proj-v3_2\ESP_018929_1830_RED-0125.jpg
map-proj-v3_2/ESP_018929_1830_RED-0128.jpg,ok,,JPEG,227.0,227.0,L,1.0,1.0,normal,other,test,esp_018929_1830_red-0128,[],8f5e46cae92a3679eeb41e719f396ac7a3d65e383f80781f4e8a71011103e1a1,2ef497c48e7d70a5b951d5fd9a1a1c27d3f4ccc58de9b679b59d4315cb5654c0,cc843bef660edc09,90.26596673717712,16.710900781542648,887bb2cfc7e030fe,[],0.0,esp_018929_1830,['test'],1.0,Counter({'test': 1}),test,f3689e1b5d88bada,True,hirise_clean,0,C:\Users\deves\OneDrive\Desktop\Projects\TCMD-SS\data\raw\hirise_v3_2\map-proj-v3_2\ESP_018929_1830_RED-0128.jpg
map-proj-v3_2/ESP_018929_1830_RED-0130.jpg,ok,,JPEG,227.0,227.0,L,1.0,1.0,normal,other,test,esp_018929_1830_red-0130,[],bf628223e90f7b414f23846e049c377d0055905e1eb7bc3615818b230a725519,5cf613b31adda020dab0b837965a40da0b4c01013f703175d943f722eb34ab79,daf4601bf44dfa01,94.0857381280444,17.29149874013158,bd0d9d5530855053,[],0.0,esp_018929_1830,['test'],1.0,Counter({'test': 1}),test,f3689e1b5d88bada,True,hirise_clean,0,C:\Users\deves\OneDrive\Desktop\Projects\TCMD-SS\data\raw\hirise_v3_2\map-proj-v3_2\ESP_018929_1830_RED-0130.jpg
map-proj-v3_2/ESP_018929_1830_RED-0133.jpg,ok,,JPEG,227.0,227.0,L,1.0,1.0,normal,other,test,esp_018929_1830_red-0133,[],601d31cd571e3bdaa7fcf4ce377aa23e38f4a1a472e94e447ecfc80b7d24181f,f73d41ec80f442607fcf6c7547f9843d3f98aca552ad7a67ae90916ee9cc8064,c7693c96269c28e7,96.27842574084497,16.178350627019206,cc31e2c8cd8370ed,[],0.0,esp_018929_1830,['test'],1.0,Counter({'test': 1}),test,f3689e1b5d88bada,True,hirise_clean,0,C:\Users\deves\OneDrive\Desktop\Projects\TCMD-SS\data\raw\hirise_v3_2\map-proj-v3_2\ESP_018929_1830_RED-0133.jpg
map-proj-v3_2/ESP_018929_1830_RED-0134.jpg,ok,,JPEG,227.0,227.0,L,1.0,1.0,normal,other,test,esp_018929_1830_red-0134,[],9b55ca775091505c81d6d084748aaba9015558ab33158a38dcc56679ddb0c70d,97c4acd9e082b9d9b5fc3ea7f09b7e236c834c7050563d67272f457e9a142470,c4acbabe61ac5855,88.82136272778436,16.12459652126084,70742949c056676a,[],0.0,esp_018929_1830,['test'],1.0,Counter({'test': 1}),test,f3689e1b5d88bada,True,hirise_clean,0,C:\Users\deves\OneDrive\Desktop\Projects\TCMD-SS\data\raw\hirise_v3_2\map-proj-v3_2\ESP_018929_1830_RED-0134.jpg
map-proj-v3_2/ESP_018929_1830_RED-0136.jpg,ok,,JPEG,227.0,227.0,L,1.0,1.0,normal,other,test,esp_018929_1830_red-0136,[],923ac975cfd189910de079e654d2dedcb519d9f21f6884ba504c614cd92eb22e,cd37f259120cd146d34fc46bbd847a5607065527d381090f4a86c4eaebc9b38c,c66ebd72e688428d,94.08824157270664,14.63586214018972,ddd4470948230d1d,[],0.0,esp_018929_1830,['test'],1.0,Counter({'test': 1}),test,f3689e1b5d88bada,True,hirise_clean,0,C:\Users\deves\OneDrive\Desktop\Projects\TCMD-SS\data\raw\hirise_v3_2\map-proj-v3_2\ESP_018929_1830_RED-0136.jpg
map-proj-v3_2/ESP_018929_1830_RED-0137.jpg,ok,,JPEG,227.0,227.0,L,1.0,1.0,normal,other,test,esp_018929_1830_red-0137,[],68cf9399d0a7e07261e4f085400c22211979346cb7b3ca9acd55ae36b4f79fe9,b402a6bf9ce2947f560b5fb13006cced5b901120ef5d40e7c9fd986ac4b78d93,ecb01303aecc53af,93.78703254478062,16.88799537323064,8cd742757d288652,[],0.0,esp_018929_1830,['test'],1.0,Counter({'test': 1}),test,f3689e1b5d88bada,True,hirise_clean,0,C:\Users\deves\OneDrive\Desktop\Projects\TCMD-SS\data\raw\hirise_v3_2\map-proj-v3_2\ESP_018929_1830_RED-0137.jpg
map-proj-v3_2/ESP_018929_1830_RED-0139.jpg,ok,,JPEG,227.0,227.0,L,1.0,1.0,normal,other,test,esp_018929_1830_red-0139,[],cfeb260a2cfa807775fe0237ebce1055bd16a75df3b1c633fac05dd4412c277b,a16db14f8caf75debeacaeb47f8a655c1d1a6e4687e3c2d915d77b321c3de236,c50d39b257a95aa6,96.60474684158434,17.106063748495203,f6c3543635804c6a,[],0.0,esp_018929_1830,['test'],1.0,Counter({'test': 1}),test,f3689e1b5d88bada,True,hirise_clean,0,C:\Users\deves\OneDrive\Desktop\Projects\TCMD-SS\data\raw\hirise_v3_2\map-proj-v3_2\ESP_018929_1830_RED-0139.jpg
map-proj-v3_2/ESP_018929_1830_RED-0140.jpg,ok,,JPEG,227.0,227.0,L,1.0,1.0,normal,other,test,esp_018929_1830_red-0140,[],125de0b946722ea57e9ea4a3da9761585e73d97cff0d8b3b7f54f3698651150e,3f77a2acbd513431778fbfc9ba1c1cd95ed3455b1057a821f6cfdb8778729561,949b1be98b46e81b,94.91061344097498,18.041236038088087,c3ef78a79906da11,[],0.0,esp_018929_1830,['test'],1.0,Counter({'test': 1}),test,f3689e1b5d88bada,True,hirise_clean,0,C:\Users\deves\OneDrive\Desktop\Projects\TCMD-SS\data\raw\hirise_v3_2\map-proj-v3_2\ESP_018929_1830_RED-0140.jpg
map-proj-v3_2/ESP_018929_1830_RED-0148.jpg,ok,,JPEG,227.0,227.0,L,1.0,1.0,normal,other,test,esp_018929_1830_red-0148,[],f982a57fddbca0e42685c65145b8a8026382c8d3a83d261a936b0b7a5a5acad9,e7a2c2e2145f0b3acc6d7d2c87bd5080c690210791dc4a7ea3fa272e7b418c34,e6c73e48e6e70509,81.78883735372315,16.168246709467574,0d61119c598e7b2e,[],0.0,esp_018929_1830,['test'],1.0,Counter({'test': 1}),test,f3689e1b5d88bada,True,hirise_clean,0,C:\Users\deves\OneDrive\Desktop\Projects\TCMD-SS\data\raw\hirise_v3_2\map-proj-v3_2\ESP_018929_1830_RED-0148.jpg
map-proj-v3_2/ESP_018929_1830_RED-0150.jpg,ok,,JPEG,227.0,227.0,L,1.0,1.0,normal,other,test,esp_018929_1830_red-0150,[],d19b5881b44d0acb054a56542885accfe37b326dc3908205d331ccf23e26c2f0,2f450b0c0ab24ae710de281bc60451665a1597092e57bf35f005c985998cf29e,e33ce31de6206999,81.65336024374623,16.17374488159744,e1f1701cac066de9,[],0.0,esp_018929_1830,['test'],1.0,Counter({'test': 1}),test,f3689e1b5d88bada,True,hirise_clean,0,C:\Users\deves\OneDrive\Desktop\Projects\TCMD-SS\data\raw\hirise_v3_2\map-proj-v3_2\ESP_018929_1830_RED-0150.jpg
map-proj-v3_2/ESP_018929_1830_RED-0151.jpg,ok,,JPEG,227.0,227.0,L,1.0,1.0,normal,crater,test,esp_018929_1830_red-0151,[],4d9e1fc45c0a79f61b9bc448b46d9233266f9b2525857e10928315663e816ea0,f3d66065e54975db5531cd2a06d797c1dd99d3a247ff0b0160c0c8a0c77c4450,c9ee64499b9624e9,86.62108715480603,20.2005819799082,5480f7dcddad120c,[],1.0,esp_018929_1830,['test'],1.0,Counter({'test': 1}),test,f3689e1b5d88bada,True,hirise_clean,0,C:\Users\deves\OneDrive\Desktop\Projects\TCMD-SS\data\raw\hirise_v3_2\map-proj-v3_2\ESP_018929_1830_RED-0151.jpg
map-proj-v3_2/ESP_018929_1830_RED-0155.jpg,ok,,JPEG,227.0,227.0,L,1.0,1.0,normal,other,test,esp_018929_1830_red-0155,[],db5d2dbd5a8a22a1d34b4b8a46debdf0a0b8d635b76b0cbd611b87d915d510c0,56fa05d63f3cdf17bc0b6f106dac2e749e170f278f5933457e074d84f3dd800a,a91b745574d478c3,90.05631780162626,18.881354600463453,fb7d0f5ee69535c4,[],0.0,esp_018929_1830,['test'],1.0,Counter({'test': 1}),test,f3689e1b5d88bada,True,hirise_clean,0,C:\Users\deves\OneDrive\Desktop\Projects\TCMD-SS\data\raw\hirise_v3_2\map-proj-v3_2\ESP_018929_1830_RED-0155.jpg
map-proj-v3_2/ESP_018929_1830_RED-0159.jpg,ok,,JPEG,227.0,227.0,L,1.0,1.0,normal,other,test,esp_018929_1830_red-0159,[],0609958e56c151eaf2bcfc7b592b3da7fdff3d782cb81533a97d002549dd6333,6dc7dc342e78db63afc42102d8a2d7dcd35163673c747d2cb684d7fa24be856d,a65d31f3d1aa0a6a,85.43728774088378,20.57156445696913,14bad2efdac2da97,[],0.0,esp_018929_1830,['test'],1.0,Counter({'test': 1}),test,f3689e1b5d88bada,True,hirise_clean,0,C:\Users\deves\OneDrive\Desktop\Projects\TCMD-SS\data\raw\hirise_v3_2\map-proj-v3_2\ESP_018929_1830_RED-0159.jpg
map-proj-v3_2/ESP_018929_1830_RED-0160.jpg,ok,,JPEG,227.0,227.0,L,1.0,1.0,normal,other,test,esp_018929_1830_red-0160,[],d188373e5c514a5c3a3141986b647901b442cd45c4e5bc7770c45a086272d221,dee4413784827644818f69ad2845f5c2d7cac93643d0e515fd40cd14d480eb97,d9160441e3e5f8f9,89.09462632692271,21.06082426345405,8e62da0666eff0f5,[],0.0,esp_018929_1830,['test'],1.0,Counter({'test': 1}),test,f3689e1b5d88bada,True,hirise_clean,0,C:\Users\deves\OneDrive\Desktop\Projects\TCMD-SS\data\raw\hirise_v3_2\map-proj-v3_2\ESP_018929_1830_RED-0160.jpg
map-proj-v3_2/ESP_018929_1830_RED-0161.jpg,ok,,JPEG,227.0,227.0,L,1.0,1.0,normal,other,test,esp_018929_1830_red-0161,[],db816c7c0a5927186076ccbde7fa170b92455d2cbfbb3e90b1f40efd17d89538,f4b3de3bee50b6c4a8981ec4575bb8cc68597e81f4993aa6bc3dc575fa305bc3,8ec33177a4a3658d,57.91494110112752,38.17313642042191,c1b40dcf4a55e7b6,[],0.0,esp_018929_1830,['test'],1.0,Counter({'test': 1}),test,f3689e1b5d88bada,True,hirise_clean,0,C:\Users\deves\OneDrive\Desktop\Projects\TCMD-SS\data\raw\hirise_v3_2\map-proj-v3_2\ESP_018929_1830_RED-0161.jpg
map-proj-v3_2/ESP_018929_1830_RED-0162.jpg,ok,,JPEG,227.0,227.0,L,1.0,1.0,normal,other,test,esp_018929_1830_red-0162,[],a646cd46fab41209ef901782869556e0cee846f2b81c0aed64debc6088c8716e,734e637f594af49a60d9e8a0d2a3fb5f9193b3a42186824c58924c265408c6bf,89eea62899a2a6ed,88.87071357876147,23.388636719968435,b233e0ddf3551f7e,[],0.0,esp_018929_1830,['test'],1.0,Counter({'test': 1}),test,f3689e1b5d88bada,True,hirise_clean,0,C:\Users\deves\OneDrive\Desktop\Projects\TCMD-SS\data\raw\hirise_v3_2\map-proj-v3_2\ESP_018929_1830_RED-0162.jpg
map-proj-v3_2/ESP_018929_1830_RED-0165.jpg,ok,,JPEG,227.0,227.0,L,1.0,1.0,normal,other,test,esp_018929_1830_red-0165,[],805b13f71201a07e782a7f3e26d87956de47ae3d366723cdcffa014e9d1b58e4,0c648d734b41908e38d361a8263641af4327f3409a4685cd0a26d343513ffd80,a62ef844aedc414f,78.75138271652855,18.766560135208017,b5a2850c109c4a20,[],0.0,esp_018929_1830,['test'],1.0,Counter({'test': 1}),test,f3689e1b5d88bada,True,hirise_clean,0,C:\Users\deves\OneDrive\Desktop\Projects\TCMD-SS\data\raw\hirise_v3_2\map-proj-v3_2\ESP_018929_1830_RED-0165.jpg
map-proj-v3_2/ESP_018929_1830_RED-0166.jpg,ok,,JPEG,227.0,227.0,L,1.0,1.0,normal,impact ejecta,test,esp_018929_1830_red-0166,[],e98c6184067f4b493d5dec8eabe62bdce3048cacca2e47a885bdbccfdc901c61,e01446d4376fa5042b703bb2a08c4a6111f63e6c3cfcd1de885805f6512a109a,f1b18e4e31308fc7,78.84395194938773,19.919724892761824,12c3f16b40aa6b55,[],5.0,esp_018929_1830,['test'],1.0,Counter({'test': 1}),test,f3689e1b5d88bada,True,hirise_clean,0,C:\Users\deves\OneDrive\Desktop\Projects\TCMD-SS\data\raw\hirise_v3_2\map-proj-v3_2\ESP_018929_1830_RED-0166.jpg
map-proj-v3_2/ESP_018929_1830_RED-0167.jpg,ok,,JPEG,227.0,227.0,L,1.0,1.0,normal,other,test,esp_018929_1830_red-0167,[],49d79495754bc888c52072b63963c91043379c006e7c28d864424ed08c3954c5,0c847e9203a11a8c21884c6df58d12015cb6c4b894b710d8be2478ccf4bc25d1,e63a5bd5aad49902,79.85047254943818,17.577404351176686,100b466fba8d112d,[],0.0,esp_018929_1830,['test'],1.0,Counter({'test': 1}),test,f3689e1b5d88bada,True,hirise_clean,0,C:\Users\deves\OneDrive\Desktop\Projects\TCMD-SS\data\raw\hirise_v3_2\map-proj-v3_2\ESP_018929_1830_RED-0167.jpg
map-proj-v3_2/ESP_018929_1830_RED-0168.jpg,ok,,JPEG,227.0,227.0,L,1.0,1.0,normal,other,test,esp_018929_1830_red-0168,[],ab9c368157b5799c02b8f1c30d1a513a41f43bc385c65ebc147305a9a080a7d7,bdc3dcc9418741fe0addf47b6139422ac0fe8413f7f58d24616da41e5271b94f,af4c507284a9fbd2,77.74707446292379,17.562185845276204,2de07f6b9a8510bb,[],0.0,esp_018929_1830,['test'],1.0,Counter({'test': 1}),test,f3689e1b5d88bada,True,hirise_clean,0,C:\Users\deves\OneDrive\Desktop\Projects\TCMD-SS\data\raw\hirise_v3_2\map-proj-v3_2\ESP_018929_1830_RED-0168.jpg
map-proj-v3_2/ESP_018929_1830_RED-0172.jpg,ok,,JPEG,227.0,227.0,L,1.0,1.0,normal,other,test,esp_018929_1830_red-0172,[],8f594aa100a703715f025dc7f87854204df3f71b1c8c7291880be9cf5b5ac02c,fda506db32d67ab9ce22c5f2b5f141d5a6d48198ed7fc918573d93ecb2319e1c,bc588b7cce13b264,78.37534204040443,17.807372497783785,3e09411f457644cc,[],0.0,esp_018929_1830,['test'],1.0,Counter({'test': 1}),test,f3689e1b5d88bada,True,hirise_clean,0,C:\Users\deves\OneDrive\Desktop\Projects\TCMD-SS\data\raw\hirise_v3_2\map-proj-v3_2\ESP_018929_1830_RED-0172.jpg
map-proj-v3_2/ESP_018929_1830_RED-0175.jpg,ok,,JPEG,227.0,227.0,L,1.0,1.0,normal,other,test,esp_018929_1830_red-0175,[],9dbb253f422ab5526d17bdcaece36c5c3f3f4929dbe0cc6aa02a87cab3abbf2d,3d2130a7b26d41c4c592a5cac34d36012d1f60073a9304c1898c216597654066,eb8c89a466926dda,80.56181955791884,18.698861160974136,2ebfc1f5d2527d60,[],0.0,esp_018929_1830,['test'],1.0,Counter({'test': 1}),test,f3689e1b5d88bada,True,hirise_clean,0,C:\Users\deves\OneDrive\Desktop\Projects\TCMD-SS\data\raw\hirise_v3_2\map-proj-v3_2\ESP_018929_1830_RED-0175.jpg
map-proj-v3_2/ESP_018929_1830_RED-0176.jpg,ok,,JPEG,227.0,227.0,L,1.0,1.0,normal,other,test,esp_018929_1830_red-0176,[],8968e78bdd1836813ba225617c38fc087299384ae6c0ff234228d8664c8556b3,2f78bda5d76cf3425791d25c9cae9594b6573c016fc95c64952655b742796ef0,e30c3c35499c33e7,91.9617885074424,16.244691411663183,3a10a993818464fa,[],0.0,esp_018929_1830,['test'],1.0,Counter({'test': 1}),test,f3689e1b5d88bada,True,hirise_clean,0,C:\Users\deves\OneDrive\Desktop\Projects\TCMD-SS\data\raw\hirise_v3_2\map-proj-v3_2\ESP_018929_1830_RED-0176.jpg
map-proj-v3_2/ESP_018929_1830_RED-0179.jpg,ok,,JPEG,227.0,227.0,L,1.0,1.0,normal,other,test,esp_018929_1830_red-0179,[],cc7a8ab7336dda61a829b12bfcf59e751c4f7fc29cf2fe3105ec0fc6a6e21270,87cea942f35a4be3bccb539285211363fda6331378a256099d23dabe66b6e63c,e686391c13fbee02,84.77630072386424,15.852561344672145,079ae4efc7022638,[],0.0,esp_018929_1830,['test'],1.0,Counter({'test': 1}),test,f3689e1b5d88bada,True,hirise_clean,0,C:\Users\deves\OneDrive\Desktop\Projects\TCMD-SS\data\raw\hirise_v3_2\map-proj-v3_2\ESP_018929_1830_RED-0179.jpg
map-proj-v3_2/ESP_018929_1830_RED-0183.jpg,ok,,JPEG,227.0,227.0,L,1.0,1.0,normal,other,test,esp_018929_1830_red-0183,[],d37d1ca986c00041aa21df66d5699cdf11c00971fc065675678552701e5781ed,73d654c50f0e77d57e089dc9147bd1b1ed416f75cfa100bc13511dfdbd8b7a37,defcb0272764098b,87.61728347144326,16.159909827116312,9969cd7a35cd2006,[],0.0,esp_018929_1830,['test'],1.0,Counter({'test': 1}),test,f3689e1b5d88bada,True,hirise_clean,0,C:\Users\deves\OneDrive\Desktop\Projects\TCMD-SS\data\raw\hirise_v3_2\map-proj-v3_2\ESP_018929_1830_RED-0183.jpg
map-proj-v3_2/ESP_018929_1830_RED-0187.jpg,ok,,JPEG,227.0,227.0,L,1.0,1.0,normal,other,test,esp_018929_1830_red-0187,[],d090a98d2721aa444e95a89d05a88b64dd90d5b3796cec11b84fd5c952a4b47b,90bbfad0aabc3124603bb7ee63d38e4684ad0a3ba74522d85f2fc051b3d90163,c81d3167e69873a6,78.0996720293427,14.098447111581065,b9459790dbf1b067,[],0.0,esp_018929_1830,['test'],1.0,Counter({'test': 1}),test,f3689e1b5d88bada,True,hirise_clean,0,C:\Users\deves\OneDrive\Desktop\Projects\TCMD-SS\data\raw\hirise_v3_2\map-proj-v3_2\ESP_018929_1830_RED-0187.jpg
map-proj-v3_2/ESP_018929_1830_RED-0188.jpg,ok,,JPEG,227.0,227.0,L,1.0,1.0,normal,other,test,esp_018929_1830_red-0188,[],508a7e87ea34b766a68123d8ca17dabde005e4f8c51f2e367958a7a48181cf96,50cb37858ea67cd7aa33f1952276e05de3809ed81fff3556ce9ed7395af8aa31,e99416366d8b13b6,93.50235789555396,17.341269644877325,1451eb822f0587fd,[],0.0,esp_018929_1830,['test'],1.0,Counter({'test': 1}),test,f3689e1b5d88bada,True,hirise_clean,0,C:\Users\deves\OneDrive\Desktop\Projects\TCMD-SS\data\raw\hirise_v3_2\map-proj-v3_2\ESP_018929_1830_RED-0188.jpg
map-proj-v3_2/ESP_018929_1830_RED-0195.jpg,ok,,JPEG,227.0,227.0,L,1.0,1.0,normal,other,test,esp_018929_1830_red-0195,[],24c4b327ce79937b17c24e77ef8d101d2e1589835e5b4bc36dadded4983bd7e3,cd95ba8476159a818c1bd8a0cd7250394941481893237358e237a1d173c21259,a46d9987071cbcce,88.0172136078713,14.369384819140098,15d4362885b8bf16,[],0.0,esp_018929_1830,['test'],1.0,Counter({'test': 1}),test,f3689e1b5d88bada,True,hirise_clean,0,C:\Users\deves\OneDrive\Desktop\Projects\TCMD-SS\data\raw\hirise_v3_2\map-proj-v3_2\ESP_018929_1830_RED-0195.jpg
map-proj-v3_2/ESP_018929_1830_RED-0202.jpg,ok,,JPEG,227.0,227.0,L,1.0,1.0,normal,other,test,esp_018929_1830_red-0202,[],211210a26b58b231f94bcfffcc3ed7bd0740f579b6e115150f8284cb4f80d30c,660088253c44f353a2cd3a3d79c4c82c14ad40b90820a6a9d70323ba0b57fc4a,8e1233266cc9dbb6,87.16600360961789,16.360451804956522,7437fa67ed6fcb12,[],0.0,esp_018929_1830,['test'],1.0,Counter({'test': 1}),test,f3689e1b5d88bada,True,hirise_clean,0,C:\Users\deves\OneDrive\Desktop\Projects\TCMD-SS\data\raw\hirise_v3_2\map-proj-v3_2\ESP_018929_1830_RED-0202.jpg
map-proj-v3_2/ESP_018929_1830_RED-0205.jpg,ok,,JPEG,227.0,227.0,L,1.0,1.0,normal,other,test,esp_018929_1830_red-0205,[],f8dc7bc1929da3de58fb01d8b007cd92b79c73f58b12e30ca5e1690cb53d596c,04bbd67e57f3d476e10e2ab0d3fdbab419c412f888bcb83bbaa5913a981421ab,c9193663e4c81fb6,93.91138970288576,15.453251845295808,bab20fcd37037624,[],0.0,esp_018929_1830,['test'],1.0,Counter({'test': 1}),test,f3689e1b5d88bada,True,hirise_clean,0,C:\Users\deves\OneDrive\Desktop\Projects\TCMD-SS\data\raw\hirise_v3_2\map-proj-v3_2\ESP_018929_1830_RED-0205.jpg
map-proj-v3_2/ESP_018929_1830_RED-0206.jpg,ok,,JPEG,227.0,227.0,L,1.0,1.0,normal,other,test,esp_018929_1830_red-0206,[],8e4e5fd7a66451b2af9b94e8d9eab7ac48262e1fd0f5cc02292bde544e82bca8,014b6cc1adac230f9c29bfb2254b4eed6795a20695b9aa874d927212054f74c7,89de3665491936e5,88.896990044441,19.13619130138641,07cb402260157924,[],0.0,esp_018929_1830,['test'],1.0,Counter({'test': 1}),test,f3689e1b5d88bada,True,hirise_clean,0,C:\Users\deves\OneDrive\Desktop\Projects\TCMD-SS\data\raw\hirise_v3_2\map-proj-v3_2\ESP_018929_1830_RED-0206.jpg
map-proj-v3_2/ESP_018929_1830_RED-0207.jpg,ok,,JPEG,227.0,227.0,L,1.0,1.0,normal,other,test,esp_018929_1830_red-0207,[],a65066f5196508bb920b93829510c37a0fd737ce896668e3fc3918df88d69272,bbafc5b506e9f00076c7c9e27646b98bc0e45a96cbf3b169f92678115364c0de,fc5cb861075c99d2,79.09140483999302,16.296202466066426,74783a6b69a11883,[],0.0,esp_018929_1830,['test'],1.0,Counter({'test': 1}),test,f3689e1b5d88bada,True,hirise_clean,0,C:\Users\deves\OneDrive\Desktop\Projects\TCMD-SS\data\raw\hirise_v3_2\map-proj-v3_2\ESP_018929_1830_RED-0207.jpg
map-proj-v3_2/ESP_018929_1830_RED-0210.jpg,ok,,JPEG,227.0,227.0,L,1.0,1.0,normal,other,test,esp_018929_1830_red-0210,[],10db8d691ed8630b5951fe89db2b78cfcfb45dccce95cafec3f3a41e6b9d4783,117dc8b794d5e238b0a0c58bea1461724cfcb58b37b9802ea052ba8f7eb98fbc,e68019d30f5bd68d,82.29284480583749,16.376653595110497,3fbaaa1a2049d609,[],0.0,esp_018929_1830,['test'],1.0,Counter({'test': 1}),test,f3689e1b5d88bada,True,hirise_clean,0,C:\Users\deves\OneDrive\Desktop\Projects\TCMD-SS\data\raw\hirise_v3_2\map-proj-v3_2\ESP_018929_1830_RED-0210.jpg
map-proj-v3_2/ESP_018929_1830_RED-0211.jpg,ok,,JPEG,227.0,227.0,L,1.0,1.0,normal,other,test,esp_018929_1830_red-0211,[],a9cf9b5fc57304262da8bc45e8b14c1f04038cce7d2070e26daaf177985cefa9,8501eed6609cfd036b6e8fa34fed00f5d8b48b933d91de9840623b43c50f046d,8d3db1b3a2aaaac8,83.48819111568243,16.68172824195924,6e373964f612e08d,[],0.0,esp_018929_1830,['test'],1.0,Counter({'test': 1}),test,f3689e1b5d88bada,True,hirise_clean,0,C:\Users\deves\OneDrive\Desktop\Projects\TCMD-SS\data\raw\hirise_v3_2\map-proj-v3_2\ESP_018929_1830_RED-0211.jpg
map-proj-v3_2/ESP_018929_1830_RED-0216.jpg,ok,,JPEG,227.0,227.0,L,1.0,1.0,normal,other,test,esp_018929_1830_red-0216,[],17c3917e020d506f57ed87eff1c17f0712217631bbcfc11c2faeafa32d4e3d73,f95c3f390733d22dc86309c3e68c1a639dcc5a9f627dff39989313b9aff113bf,87c80dfa13f20bf2,90.57775233363736,16.697924372844046,7b53a2e1f1a2610c,[],0.0,esp_018929_1830,['test'],1.0,Counter({'test': 1}),test,f3689e1b5d88bada,True,hirise_clean,0,C:\Users\deves\OneDrive\Desktop\Projects\TCMD-SS\data\raw\hirise_v3_2\map-proj-v3_2\ESP_018929_1830_RED-0216.jpg
map-proj-v3_2/ESP_018929_1830_RED-0217.jpg,ok,,JPEG,227.0,227.0,L,1.0,1.0,normal,other,test,esp_018929_1830_red-0217,[],83e41acbb4c09cdd3f0975196e30278448e5b21986fc5008bdd73c7f6a691870,02da77220976ecfb63e7a35d4168e395869552f5232827efb3cda5b392a733c7,d64a3ff2686f0849,73.80418793300859,39.54413433065979,a4685f25acde6a37,[],0.0,esp_018929_1830,['test'],1.0,Counter({'test': 1}),test,f3689e1b5d88bada,True,hirise_clean,0,C:\Users\deves\OneDrive\Desktop\Projects\TCMD-SS\data\raw\hirise_v3_2\map-proj-v3_2\ESP_018929_1830_RED-0217.jpg
map-proj-v3_2/ESP_018929_1830_RED-0220.jpg,ok,,JPEG,227.0,227.0,L,1.0,1.0,normal,other,test,esp_018929_1830_red-0220,[],8216fcbcabbd966976739de61f191ecf3e127c52768105f79f1cd43b4c320da1,daebef191a63f6de465c850e8c0cfe1985d0743dd2de0c8ed1e402623864cb22,dc8d33f72ca1a21c,87.89499117002076,16.760251476647397,4bb485f4198daad4,[],0.0,esp_018929_1830,['test'],1.0,Counter({'test': 1}),test,f3689e1b5d88bada,True,hirise_clean,0,C:\Users\deves\OneDrive\Desktop\Projects\TCMD-SS\data\raw\hirise_v3_2\map-proj-v3_2\ESP_018929_1830_RED-0220.jpg
map-proj-v3_2/ESP_018929_1830_RED-0226.jpg,ok,,JPEG,227.0,227.0,L,1.0,1.0,normal,other,test,esp_018929_1830_red-0226,[],9fdbf362dc1b2d84fb83693a5acf27b9ec3998109d84a40c1aa79ad4e22c5d8a,30b4998daa5ee3584d4dca33b4b397f033ddc8f52e34e179c5df11ca61630b2b,861931260d7b3b7b,79.4757903316579,27.57054293324542,6287bef09ce3de63,[],0.0,esp_018929_1830,['test'],1.0,Counter({'test': 1}),test,f3689e1b5d88bada,True,hirise_clean,0,C:\Users\deves\OneDrive\Desktop\Projects\TCMD-SS\data\raw\hirise_v3_2\map-proj-v3_2\ESP_018929_1830_RED-0226.jpg
map-proj-v3_2/ESP_019559_1390_RED-0011.jpg,ok,,JPEG,227.0,227.0,L,1.0,1.0,normal,other,train,esp_019559_1390_red-0011,[],7e507b7f60fb7b8d5e2b72b0c8f441230b57054fc01c404fea2a9ade9e7c9b27,fcab90d8c862635f989d57c9a0750b5ca7c1167cb6b1de94814c104da94fbe5b,f7ac18d3837ad920,91.43571581051448,59.91339517889058,f479f26373039b94,[],0.0,esp_019559_1390,['train'],1.0,Counter({'train': 1}),test,5d6e98f4490839ab,True,hirise_clean,0,C:\Users\deves\OneDrive\Desktop\Projects\TCMD-SS\data\raw\hirise_v3_2\map-proj-v3_2\ESP_019559_1390_RED-0011.jpg
map-proj-v3_2/ESP_019559_1390_RED-0015.jpg,ok,,JPEG,227.0,227.0,L,1.0,1.0,normal,other,train,esp_019559_1390_red-0015,[],130677d711b6dffb08eee3505d418d0c10b56974b47b8aac31aa5e9ecd8d8502,f8922c093affb4d62c4b8ab962cb261c1a7ec95adea65ecb2d0cddd5146311e6,99b9679a78817991,130.7301131401735,37.54444866087,300380f049f7e4c0,[],0.0,esp_019559_1390,['train'],1.0,Counter({'train': 1}),test,5d6e98f4490839ab,True,hirise_clean,0,C:\Users\deves\OneDrive\Desktop\Projects\TCMD-SS\data\raw\hirise_v3_2\map-proj-v3_2\ESP_019559_1390_RED-0015.jpg
map-proj-v3_2/ESP_019559_1390_RED-0016.jpg,ok,,JPEG,227.0,227.0,L,1.0,1.0,normal,other,train,esp_019559_1390_red-0016,[],d9c65528de4d7d53f0c0cedb87d73eb8b650e38258d99bb8c8f3e7d874951ddc,208624c6df111f6cbf2e911928bcaeb601bd9b35279d1ce8912835899e616ec8,f7a44c8b7b807585,122.1082497234567,35.70269914029953,fd6f879aa0ed06d1,[],0.0,esp_019559_1390,['train'],1.0,Counter({'train': 1}),test,5d6e98f4490839ab,True,hirise_clean,0,C:\Users\deves\OneDrive\Desktop\Projects\TCMD-SS\data\raw\hirise_v3_2\map-proj-v3_2\ESP_019559_1390_RED-0016.jpg
map-proj-v3_2/ESP_019559_1390_RED-0021.jpg,ok,,JPEG,227.0,227.0,L,1.0,1.0,normal,other,train,esp_019559_1390_red-0021,[],18b57f18825908bcd02ee12b2bca5be9276f09c4bbb92db3e9724689cf330b67,94343ef673ce8216c3b926c264d6efe7007a43dbf0458f5bbfb68ca37475978b,ce8a70d5ad7c842d,97.7045741233092,58.07224201282494,ead68e0a3a3ce5f2,[],0.0,esp_019559_1390,['train'],1.0,Counter({'train': 1}),test,5d6e98f4490839ab,True,hirise_clean,0,C:\Users\deves\OneDrive\Desktop\Projects\TCMD-SS\data\raw\hirise_v3_2\map-proj-v3_2\ESP_019559_1390_RED-0021.jpg
map-proj-v3_2/ESP_019559_1390_RED-0039.jpg,ok,,JPEG,227.0,227.0,L,1.0,1.0,normal,other,train,esp_019559_1390_red-0039,[],73b1d867dab0fd4905cff76b59dadb1042695354bb45dceb73ff7db7e6d97370,7daad4752db4b5b61d85d77315a7998a1debda35d24b2ad7fe3349b9f8dd2ea5,dc852fde8c79c482,98.20858157542357,65.28999885212266,f559a754c45dd5fe,[],0.0,esp_019559_1390,['train'],1.0,Counter({'train': 1}),test,5d6e98f4490839ab,True,hirise_clean,0,C:\Users\deves\OneDrive\Desktop\Projects\TCMD-SS\data\raw\hirise_v3_2\map-proj-v3_2\ESP_019559_1390_RED-0039.jpg
map-proj-v3_2/ESP_019559_1390_RED-0040.jpg,ok,,JPEG,227.0,227.0,L,1.0,1.0,normal,other,train,esp_019559_1390_red-0040,[],6b3b6800f3887b841aee8ef5c30357023f6370708387f52033fac0350d63a4bf,6e3ebc81be26d230c99a37dab3d90dc4a329a04888cc5275543862915d146b2b,acec1891bd517371,137.62789885307302,16.03615075403111,7e88e4b0bff287d7,[],0.0,esp_019559_1390,['train'],1.0,Counter({'train': 1}),test,5d6e98f4490839ab,True,hirise_clean,0,C:\Users\deves\OneDrive\Desktop\Projects\TCMD-SS\data\raw\hirise_v3_2\map-proj-v3_2\ESP_019559_1390_RED-0040.jpg
map-proj-v3_2/ESP_019559_1390_RED-0041.jpg,ok,,JPEG,227.0,227.0,L,1.0,1.0,normal,other,train,esp_019559_1390_red-0041,[],db602bd43c22336952da0f968ba4ace926bf8332565bb4c84f9e4d218c708ed8,da513c72020a98cba587cf924b6d79fd8233e1d587e717fbaf98db40233de701,cee9137ee5823630,145.54025888334724,17.2801604735181,e8dabd8c73553266,[],0.0,esp_019559_1390,['train'],1.0,Counter({'train': 1}),test,5d6e98f4490839ab,True,hirise_clean,0,C:\Users\deves\OneDrive\Desktop\Projects\TCMD-SS\data\raw\hirise_v3_2\map-proj-v3_2\ESP_019559_1390_RED-0041.jpg
map-proj-v3_2/ESP_019559_1390_RED-0042.jpg,ok,,JPEG,227.0,227.0,L,1.0,1.0,normal,other,train,esp_019559_1390_red-0042,[],fd4d6d68b1a861c0af80bb9fa5de826662a673bdfcf5dcc499b093ebc14f4516,07979a863afc1a1ed5d4bde42b921ce8214f2ad94ac1df3c891f3a431b39084f,a1ebd2166cdd3903,143.72432998893828,16.766570235358714,bded7bbf3f239581,[],0.0,esp_019559_1390,['train'],1.0,Counter({'train': 1}),test,5d6e98f4490839ab,True,hirise_clean,0,C:\Users\deves\OneDrive\Desktop\Projects\TCMD-SS\data\raw\hirise_v3_2\map-proj-v3_2\ESP_019559_1390_RED-0042.jpg
map-proj-v3_2/ESP_019559_1390_RED-0048.jpg,ok,,JPEG,227.0,227.0,L,1.0,1.0,normal,other,train,esp_019559_1390_red-0048,[],9ae27c2fecb8463d7bf3eb8a6b70e5f5091418d1003b1b8070bb39237abf33d0,6b9dee3459944cb0c4595622a5bd155db6cf33b6ef35dcef8452f104f293b5e1,e6e34acb56e086ac,136.55102951735915,16.91294367633018,754d7b30319bfb14,[],0.0,esp_019559_1390,['train'],1.0,Counter({'train': 1}),test,5d6e98f4490839ab,True,hirise_clean,0,C:\Users\deves\OneDrive\Desktop\Projects\TCMD-SS\data\raw\hirise_v3_2\map-proj-v3_2\ESP_019559_1390_RED-0048.jpg
map-proj-v3_2/ESP_019559_1390_RED-0055.jpg,ok,,JPEG,227.0,227.0,L,1.0,1.0,normal,other,train,esp_019559_1390_red-0055,[],6b77a0f2dc0de03251b645ce8d084b060fe58ec0c44a2677eade019993340def,4155b161951948ff7058265dd00224578122c268f83a098d6bca538c5888b723,9f68c08947af2e2e,139.7855382406024,17.13263999508099,ce6f30637091988f,[],0.0,esp_019559_1390,['train'],1.0,Counter({'train': 1}),test,5d6e98f4490839ab,True,hirise_clean,0,C:\Users\deves\OneDrive\Desktop\Projects\TCMD-SS\data\raw\hirise_v3_2\map-proj-v3_2\ESP_019559_1390_RED-0055.jpg
map-proj-v3_2/ESP_019559_1390_RED-0059.jpg,ok,,JPEG,227.0,227.0,L,1.0,1.0,normal,other,train,esp_019559_1390_red-0059,[],5e0143fcd0d89eb4fa6f520f969ef3f377e64a76dbb6438fc9311c4e5c9e1edc,a19858e6544fb1dd570471d20fe3acc6747478a7ce8ad5df3e84c36209367e66,81c012bc39e5afe7,138.90205515340875,16.55570767745251,db65fbe99c5066cc,[],0.0,esp_019559_1390,['train'],1.0,Counter({'train': 1}),test,5d6e98f4490839ab,True,hirise_clean,0,C:\Users\deves\OneDrive\Desktop\Projects\TCMD-SS\data\raw\hirise_v3_2\map-proj-v3_2\ESP_019559_1390_RED-0059.jpg
map-proj-v3_2/ESP_019559_1390_RED-0061.jpg,ok,,JPEG,227.0,227.0,L,1.0,1.0,normal,other,train,esp_019559_1390_red-0061,[],a655fcb0e96d2599a622b9e28eac59e80aaaa0ec80403a578f028feb8db86eea,0ba9011bdfa817a2a7630b2a194762f3e6055ba125b937b7222d835856394392,a5e81934cc9db1e6,144.1506142172369,16.827492710363835,edf7188639642fa2,[],0.0,esp_019559_1390,['train'],1.0,Counter({'train': 1}),test,5d6e98f4490839ab,True,hirise_clean,0,C:\Users\deves\OneDrive\Desktop\Projects\TCMD-SS\data\raw\hirise_v3_2\map-proj-v3_2\ESP_019559_1390_RED-0061.jpg
map-proj-v3_2/ESP_019559_1390_RED-0063.jpg,ok,,JPEG,227.0,227.0,L,1.0,1.0,normal,other,train,esp_019559_1390_red-0063,[],2f5b7f9626d8a0db5014fbce41176d9e0e776acf9ab4686787e5e88643f562de,9eb42f4045c1f42528378cc66c81aef61d37917ee9bfe7f08538dba77458fc8b,e5531e6c91a1bc69,139.62931553106017,15.704080620933691,50a40bb86bceb5ae,[],0.0,esp_019559_1390,['train'],1.0,Counter({'train': 1}),test,5d6e98f4490839ab,True,hirise_clean,0,C:\Users\deves\OneDrive\Desktop\Projects\TCMD-SS\data\raw\hirise_v3_2\map-proj-v3_2\ESP_019559_1390_RED-0063.jpg
map-proj-v3_2/ESP_019559_1390_RED-0067.jpg,ok,,JPEG,227.0,227.0,L,1.0,1.0,normal,other,train,esp_019559_1390_red-0067,[],2ff0711847026670e8ccd23fc4d2ae3782629934ad353555ac6fea9d815b1852,0e161a2ea22a88770242ab0cdf815842f2cd3539c44e36c4e3663ea233e7b7be,adc819b2567e4655,139.23142308214793,16.134986098314883,0520439fe7814764,[],0.0,esp_019559_1390,['train'],1.0,Counter({'train': 1}),test,5d6e98f4490839ab,True,hirise_clean,0,C:\Users\deves\OneDrive\Desktop\Projects\TCMD-SS\data\raw\hirise_v3_2\map-proj-v3_2\ESP_019559_1390_RED-0067.jpg
map-proj-v3_2/ESP_019559_1390_RED-0081.jpg,ok,,JPEG,227.0,227.0,L,1.0,1.0,normal,other,train,esp_019559_1390_red-0081,[],9ad62b4337069b44d9679dfc340fa22ad269c301b8ce51a66c40da2d09a04beb,91ae9d476c94d4a269ab964a7c395007c0276126b1c72e4262fa77990d53890a,bcc193f6c54b648c,146.26732519552098,17.534402463710986,e65d70541c1524ce,[],0.0,esp_019559_1390,['train'],1.0,Counter({'train': 1}),test,5d6e98f4490839ab,True,hirise_clean,0,C:\Users\deves\OneDrive\Desktop\Projects\TCMD-SS\data\raw\hirise_v3_2\map-proj-v3_2\ESP_019559_1390_RED-0081.jpg
map-proj-v3_2/ESP_019559_1390_RED-0087.jpg,ok,,JPEG,227.0,227.0,L,1.0,1.0,normal,other,train,esp_019559_1390_red-0087,[],05f740ff8ac4e6c804de6964f1633e94fb9c0316e7d9a2ce17d6b9bc4495c361,bfa88449f0fffbdb024aa0553e2f91a3d529262e8b1079c5f57a85897e13d4f1,f4edda3843510de2,158.87562343534708,17.04413420026588,51c3d4c01f9395c5,[],0.0,esp_019559_1390,['train'],1.0,Counter({'train': 1}),test,5d6e98f4490839ab,True,hirise_clean,0,C:\Users\deves\OneDrive\Desktop\Projects\TCMD-SS\data\raw\hirise_v3_2\map-proj-v3_2\ESP_019559_1390_RED-0087.jpg
map-proj-v3_2/ESP_019559_1390_RED-0088.jpg,ok,,JPEG,227.0,227.0,L,1.0,1.0,normal,other,train,esp_019559_1390_red-0088,[],64977275cf239468271c84a164e17d39126b9027aefda36bf8aff6bae942d4f9,e441f00b76ff69b100dd7b250a408619a3665da766f5c2a809c39678efa52675,afcb5919c29944cb,139.4368996099284,15.883397262081582,50045ca0bef8b128,[],0.0,esp_019559_1390,['train'],1.0,Counter({'train': 1}),test,5d6e98f4490839ab,True,hirise_clean,0,C:\Users\deves\OneDrive\Desktop\Projects\TCMD-SS\data\raw\hirise_v3_2\map-proj-v3_2\ESP_019559_1390_RED-0088.jpg
map-proj-v3_2/ESP_019559_1390_RED-0091.jpg,ok,,JPEG,227.0,227.0,L,1.0,1.0,normal,other,train,esp_019559_1390_red-0091,[],4bdb468d272f9b42b2cdf5f1568283db45806f830c366a6ae507d295c9ef82ab,fb555a194e67387ebdcd5a54a72377b0e86c73a80ed90e0a1803825d937b4361,a6c133669d7069d6,149.10545518057793,17.291620930645635,a9b7c31d63c11a75,[],0.0,esp_019559_1390,['train'],1.0,Counter({'train': 1}),test,5d6e98f4490839ab,True,hirise_clean,0,C:\Users\deves\OneDrive\Desktop\Projects\TCMD-SS\data\raw\hirise_v3_2\map-proj-v3_2\ESP_019559_1390_RED-0091.jpg
map-proj-v3_2/ESP_019559_1390_RED-0096.jpg,ok,,JPEG,227.0,227.0,L,1.0,1.0,normal,other,train,esp_019559_1390_red-0096,[],e5cc275e01bc946e655cb682effe03b8c24c9f9d590fdddfb1df1bc80ad5d2d6,4ef0b2452de454943fd3287e55a2ce63a273cd950370711683ce4330894b219b,a6f127d84387ad16,150.6123348017621,16.837580701852655,9f8d450682ea0802,[],0.0,esp_019559_1390,['train'],1.0,Counter({'train': 1}),test,5d6e98f4490839ab,True,hirise_clean,0,C:\Users\deves\OneDrive\Desktop\Projects\TCMD-SS\data\raw\hirise_v3_2\map-proj-v3_2\ESP_019559_1390_RED-0096.jpg
map-proj-v3_2/ESP_019559_1390_RED-0100.jpg,ok,,JPEG,227.0,227.0,L,1.0,1.0,normal,other,train,esp_019559_1390_red-0100,[],498ebdda211efebb5b25be9e64bed22addc09bd4a01102687adc3258d4efb747,d72307abd976c24b812111dbce6000e62f62bc589167b4ccd3cdd66d376c2f92,c22459b3e7dc5156,144.3930214054222,15.516050470621074,aec8984a4c942231,[],0.0,esp_019559_1390,['train'],1.0,Counter({'train': 1}),test,5d6e98f4490839ab,True,hirise_clean,0,C:\Users\deves\OneDrive\Desktop\Projects\TCMD-SS\data\raw\hirise_v3_2\map-proj-v3_2\ESP_019559_1390_RED-0100.jpg
map-proj-v3_2/ESP_019559_1390_RED-0102.jpg,ok,,JPEG,227.0,227.0,L,1.0,1.0,normal,other,train,esp_019559_1390_red-0102,[],10c87420f1d9bf7f7bc0906e3ed30d9dbdf5232dbe1e1cab4b77e39d380eead3,78e0911bfc26fb38a824986ab582e641f9553b5abb66fc0e1527416f22a9a424,e4cdd9730e11bc32,142.40963341031264,15.923301886710489,03d401eaef59f6e7,[],0.0,esp_019559_1390,['train'],1.0,Counter({'train': 1}),test,5d6e98f4490839ab,True,hirise_clean,0,C:\Users\deves\OneDrive\Desktop\Projects\TCMD-SS\data\raw\hirise_v3_2\map-proj-v3_2\ESP_019559_1390_RED-0102.jpg
map-proj-v3_2/ESP_019559_1390_RED-0103.jpg,ok,,JPEG,227.0,227.0,L,1.0,1.0,normal,other,train,esp_019559_1390_red-0103,[],4a3293c4ac68e849d9a2afd7eeecfe9136c2c7e84a83e251a8a7083125cc9f9c,c45f3614e296d94b6c062eb1e5cb93e2bc8bd3bb5aa64a0e01aa7ea37dfa1b74,f36055955f543531,155.99033553921092,18.503576195658432,be0551490dba047e,[],0.0,esp_019559_1390,['train'],1.0,Counter({'train': 1}),test,5d6e98f4490839ab,True,hirise_clean,0,C:\Users\deves\OneDrive\Desktop\Projects\TCMD-SS\data\raw\hirise_v3_2\map-proj-v3_2\ESP_019559_1390_RED-0103.jpg
map-proj-v3_2/ESP_019559_1390_RED-0106.jpg,ok,,JPEG,227.0,227.0,L,1.0,1.0,normal,other,train,esp_019559_1390_red-0106,[],b31f7130f84ac435c8b4ef8e6c7958c96af750466653c6c3026dab928a1dd26b,05fc48eec55807a3b9d01902e212bd5db5deb899e64ce07c22ae73c03576eb7f,ad5f70a13e4033f4,152.9715694075181,17.587024977446845,80b074e985073be2,[],0.0,esp_019559_1390,['train'],1.0,Counter({'train': 1}),test,5d6e98f4490839ab,True,hirise_clean,0,C:\Users\deves\OneDrive\Desktop\Projects\TCMD-SS\data\raw\hirise_v3_2\map-proj-v3_2\ESP_019559_1390_RED-0106.jpg
map-proj-v3_2/ESP_019559_1390_RED-0113.jpg,ok,,JPEG,227.0,227.0,L,1.0,1.0,normal,other,train,esp_019559_1390_red-0113,[],4325077a13ea100cffa0acb1286fcccb92512cf67d8d164c4e020dfcb767cdd6,9cab1f59eb89d5a8c6a95351f749dc8f30b671ac19f62b1fc1cb68e1cbbea4be,a359d363d28e262e,149.327194395389,16.539983882287434,e69fa31510bc8443,[],0.0,esp_019559_1390,['train'],1.0,Counter({'train': 1}),test,5d6e98f4490839ab,True,hirise_clean,0,C:\Users\deves\OneDrive\Desktop\Projects\TCMD-SS\data\raw\hirise_v3_2\map-proj-v3_2\ESP_019559_1390_RED-0113.jpg
map-proj-v3_2/ESP_019559_1390_RED-0119.jpg,ok,,JPEG,227.0,227.0,L,1.0,1.0,normal,other,train,esp_019559_1390_red-0119,[],ecc0a772fcbf07672e6dfbeeca32b75b2ea5e9e24885e6e74ffb4c3f2a126cd3,832bad9a3c83b2fd57603cb6943e5642dbb456e61c842eb05479b3d11f67ffae,871d695cdf1ab224,150.70989151739798,17.15500076589315,2aa4b4e99161978f,[],0.0,esp_019559_1390,['train'],1.0,Counter({'train': 1}),test,5d6e98f4490839ab,True,hirise_clean,0,C:\Users\deves\OneDrive\Desktop\Projects\TCMD-SS\data\raw\hirise_v3_2\map-proj-v3_2\ESP_019559_1390_RED-0119.jpg
map-proj-v3_2/ESP_019559_1390_RED-0120.jpg,ok,,JPEG,227.0,227.0,L,1.0,1.0,normal,other,train,esp_019559_1390_red-0120,[],370ecaa5dccb12ecb32d00e0c3730570e17d6502961e1ecde170fccd1dbf5aa7,63c436ab634b8a70328c9541b0b82209a006df2a66c062835b4680cded594f91,8fb3f2b08434b9c6,143.21127908556346,15.55674763541201,8ac06546dd93cc5c,[],0.0,esp_019559_1390,['train'],1.0,Counter({'train': 1}),test,5d6e98f4490839ab,True,hirise_clean,0,C:\Users\deves\OneDrive\Desktop\Projects\TCMD-SS\data\raw\hirise_v3_2\map-proj-v3_2\ESP_019559_1390_RED-0120.jpg
map-proj-v3_2/ESP_019559_1390_RED-0122.jpg,ok,,JPEG,227.0,227.0,L,1.0,1.0,normal,other,train,esp_019559_1390_red-0122,[],dbb0ac10bc4adbf193177a4ec901c33af64f66b3893f806579a8fb366da2e9d1,2b1bf029504e919fe8850d23df401d871cd4b46302f5c2018d7923e677e76126,cea70f742dc9318c,146.70102272506745,17.34091264538865,f5fd327509bc89c0,[],0.0,esp_019559_1390,['train'],1.0,Counter({'train': 1}),test,5d6e98f4490839ab,True,hirise_clean,0,C:\Users\deves\OneDrive\Desktop\Projects\TCMD-SS\data\raw\hirise_v3_2\map-proj-v3_2\ESP_019559_1390_RED-0122.jpg
map-proj-v3_2/ESP_019559_1390_RED-0125.jpg,ok,,JPEG,227.0,227.0,L,1.0,1.0,normal,other,train,esp_019559_1390_red-0125,[],6f8ca809696d33c10c040c6182f15364dfc327826fa72bdba6378f269df696b8,ab8aee2076a9a3bd301d9378e793cba8af1f1b86c30bc26a5b9268b533480bd1,c7c8d015739625f9,149.106289662132,16.86993741544719,790813d9ffc22d55,[],0.0,esp_019559_1390,['train'],1.0,Counter({'train': 1}),test,5d6e98f4490839ab,True,hirise_clean,0,C:\Users\deves\OneDrive\Desktop\Projects\TCMD-SS\data\raw\hirise_v3_2\map-proj-v3_2\ESP_019559_1390_RED-0125.jpg
map-proj-v3_2/ESP_019559_1390_RED-0126.jpg,ok,,JPEG,227.0,227.0,L,1.0,1.0,normal,other,train,esp_019559_1390_red-0126,[],c284217a803b4295aab336ce1179062c68c838dca8fc81ea7ca7a2291cfc036f,eb21a9c60cccf48c7a441400d0d2d367a9bc1223a072bcb344ed2b420efd621e,fa76e425c30cd1d1,147.40680005433833,17.72824099495689,36b06e263396614c,[],0.0,esp_019559_1390,['train'],1.0,Counter({'train': 1}),test,5d6e98f4490839ab,True,hirise_clean,0,C:\Users\deves\OneDrive\Desktop\Projects\TCMD-SS\data\raw\hirise_v3_2\map-proj-v3_2\ESP_019559_1390_RED-0126.jpg
map-proj-v3_2/ESP_019559_1390_RED-0136.jpg,ok,,JPEG,227.0,227.0,L,1.0,1.0,normal,other,train,esp_019559_1390_red-0136,[],cc4b734f9f5fa0f82a870ff88643039727d3663e768f89c86b25a3981577a2f5,32f5a1c89639caa1bb19f4b90412f3713119ca16f47d25677959cf29f147e44f,8cb835b1aed6546c,148.46119660773545,17.45023206524545,4e75b0a81866221e,[],0.0,esp_019559_1390,['train'],1.0,Counter({'train': 1}),test,5d6e98f4490839ab,True,hirise_clean,0,C:\Users\deves\OneDrive\Desktop\Projects\TCMD-SS\data\raw\hirise_v3_2\map-proj-v3_2\ESP_019559_1390_RED-0136.jpg
map-proj-v3_2/ESP_019559_1390_RED-0138.jpg,ok,,JPEG,227.0,227.0,L,1.0,1.0,normal,other,train,esp_019559_1390_red-0138,[],3a8b36b1c1b193a2f136decd883806ad94c8c2ff01e82fbbbcccbb8d305a8337,c80ccc8964de054148d0c2626c06d87a7606028aa44ac6f1935bd6c1052ec998,e9f99194c4d046e7,149.3064487958237,15.733064260041642,36a98fb0c6dcbd10,[],0.0,esp_019559_1390,['train'],1.0,Counter({'train': 1}),test,5d6e98f4490839ab,True,hirise_clean,0,C:\Users\deves\OneDrive\Desktop\Projects\TCMD-SS\data\raw\hirise_v3_2\map-proj-v3_2\ESP_019559_1390_RED-0138.jpg
map-proj-v3_2/ESP_019559_1390_RED-0140.jpg,ok,,JPEG,227.0,227.0,L,1.0,1.0,normal,other,train,esp_019559_1390_red-0140,[],c2ba37882ccafb2837b7dcfbeada541b406577eb9ea9035c4165333931927e5e,9bd57183f9639ab24f63a0030b49fd2c37303f6a406afe18ea1f6e3e5c16114a,ebec98b3e28d2a24,147.9235187952415,15.223773215813132,7346c62794580825,[],0.0,esp_019559_1390,['train'],1.0,Counter({'train': 1}),test,5d6e98f4490839ab,True,hirise_clean,0,C:\Users\deves\OneDrive\Desktop\Projects\TCMD-SS\data\raw\hirise_v3_2\map-proj-v3_2\ESP_019559_1390_RED-0140.jpg
map-proj-v3_2/ESP_019559_1390_RED-0147.jpg,ok,,JPEG,227.0,227.0,L,1.0,1.0,normal,other,train,esp_019559_1390_red-0147,[],68cd00e88dbdc77fb364da423b9ef77e9e3f9134459e8b94dfd849f3e4530391,8b33feb91caad40f91ec8c833510b86a4f3e4c184b4c1d254b49ccd52f78ea90,b6b28929665c39f2,147.28428651827127,17.716370720648595,7e4f3181c9606548,[],0.0,esp_019559_1390,['train'],1.0,Counter({'train': 1}),test,5d6e98f4490839ab,True,hirise_clean,0,C:\Users\deves\OneDrive\Desktop\Projects\TCMD-SS\data\raw\hirise_v3_2\map-proj-v3_2\ESP_019559_1390_RED-0147.jpg
map-proj-v3_2/ESP_019559_1390_RED-0153.jpg,ok,,JPEG,227.0,227.0,L,1.0,1.0,normal,other,train,esp_019559_1390_red-0153,[],1f4ee831d06ec094c37c0dcb68c7d087dd049c73a6f4bf4bd95ed65d28577425,5fcc9b168814a8feeb940f37af0793e547e9e64ac938cc5141ab541f2cbd36a6,8f459436e999be30,147.10386384366086,17.64034203285772,fec953f276c091c8,[],0.0,esp_019559_1390,['train'],1.0,Counter({'train': 1}),test,5d6e98f4490839ab,True,hirise_clean,0,C:\Users\deves\OneDrive\Desktop\Projects\TCMD-SS\data\raw\hirise_v3_2\map-proj-v3_2\ESP_019559_1390_RED-0153.jpg
map-proj-v3_2/ESP_019559_1390_RED-0160.jpg,ok,,JPEG,227.0,227.0,L,1.0,1.0,normal,other,train,esp_019559_1390_red-0160,[],bad85f08b2f8fc736bf99bf69bbacd01727f1eecc44bd0d17b72347b76a2e640,2ab8ecadedbf282456b57f4ccbe336c523997ba8b8c4a3d5bae25641aa975174,eb0e3af5b6c83091,153.5065497098721,15.382005918148623,089525c6a6a3ce2f,[],0.0,esp_019559_1390,['train'],1.0,Counter({'train': 1}),test,5d6e98f4490839ab,True,hirise_clean,0,C:\Users\deves\OneDrive\Desktop\Projects\TCMD-SS\data\raw\hirise_v3_2\map-proj-v3_2\ESP_019559_1390_RED-0160.jpg
map-proj-v3_2/ESP_019559_1390_RED-0161.jpg,ok,,JPEG,227.0,227.0,L,1.0,1.0,normal,other,train,esp_019559_1390_red-0161,[],d2174c065a226c6700fc97f5d0957c79ba4b6d3ac89d0e9bd819715eb498d6d3,981377ae565b374cf51e0639040fc013741f48d5d8fa6c575c7d0d78f96928c7,cfd08d08b2ee6f11,149.8404393642415,16.122745043281306,cfd4a0c2482e00fb,[],0.0,esp_019559_1390,['train'],1.0,Counter({'train': 1}),test,5d6e98f4490839ab,True,hirise_clean,0,C:\Users\deves\OneDrive\Desktop\Projects\TCMD-SS\data\raw\hirise_v3_2\map-proj-v3_2\ESP_019559_1390_RED-0161.jpg
map-proj-v3_2/ESP_019559_1390_RED-0163.jpg,ok,,JPEG,227.0,227.0,L,1.0,1.0,normal,other,train,esp_019559_1390_red-0163,[],d6945c43a7560a67eef2ddc39cb47e6fc720749651d60fd060f6a407362669a9,9d23959d448f396aeaac857fe61eca385b9735b9b3e3564fe47ea54af08e8ab4,a4c6db63468b316d,146.90242387781635,16.098501224786155,1c63b2762c09b6bb,[],0.0,esp_019559_1390,['train'],1.0,Counter({'train': 1}),test,5d6e98f4490839ab,True,hirise_clean,0,C:\Users\deves\OneDrive\Desktop\Projects\TCMD-SS\data\raw\hirise_v3_2\map-proj-v3_2\ESP_019559_1390_RED-0163.jpg
map-proj-v3_2/ESP_019559_1390_RED-0171.jpg,ok,,JPEG,227.0,227.0,L,1.0,1.0,normal,other,train,esp_019559_1390_red-0171,[],66bebf5966e827661a72092e1e9e248d7af25f06e8d49f3ddaa4020fedeec597,8b21927cd2d1b064fff8dc8de3afa20c149dfd3d2105db418480aa90ddb648c1,a4b8433b7d1e0e0f,155.53513555473617,16.020502397285256,3dd9d455530ce98c,[],0.0,esp_019559_1390,['train'],1.0,Counter({'train': 1}),test,5d6e98f4490839ab,True,hirise_clean,0,C:\Users\deves\OneDrive\Desktop\Projects\TCMD-SS\data\raw\hirise_v3_2\map-proj-v3_2\ESP_019559_1390_RED-0171.jpg
map-proj-v3_2/ESP_019559_1390_RED-0175.jpg,ok,,JPEG,227.0,227.0,L,1.0,1.0,normal,other,train,esp_019559_1390_red-0175,[],9294e0686a6bf7662eb41e03979bfef1cf150499dae0a9b3bb14c8c1cec3701f,f06ddda4af6a8cee0392f3a08d9b6cd1871ee3edfc57dde8c9956ef08a55ce63,cea4db4aa44999b3,152.99177162374585,15.200826256746089,ffc269dc624c509d,[],0.0,esp_019559_1390,['train'],1.0,Counter({'train': 1}),test,5d6e98f4490839ab,True,hirise_clean,0,C:\Users\deves\OneDrive\Desktop\Projects\TCMD-SS\data\raw\hirise_v3_2\map-proj-v3_2\ESP_019559_1390_RED-0175.jpg
map-proj-v3_2/ESP_019559_1390_RED-0191.jpg,ok,,JPEG,227.0,227.0,L,1.0,1.0,normal,other,train,esp_019559_1390_red-0191,[],6747310e7889955da1a19b1349135930f2a632b9c59d7860a406c82f2613c1ca,506f7e2446a9cc72b95b18f21676468beae0ea67d57d40c941f7414d5877075a,e46d13b6668ea18d,153.66678957480255,16.835862575016183,8d13f29598193621,[],0.0,esp_019559_1390,['train'],1.0,Counter({'train': 1}),test,5d6e98f4490839ab,True,hirise_clean,0,C:\Users\deves\OneDrive\Desktop\Projects\TCMD-SS\data\raw\hirise_v3_2\map-proj-v3_2\ESP_019559_1390_RED-0191.jpg
map-proj-v3_2/ESP_019559_1390_RED-0199.jpg,ok,,JPEG,227.0,227.0,L,1.0,1.0,normal,other,train,esp_019559_1390_red-0199,[],3b89c08f6694a919ccd6642b2f9e03ee0e55cc4c39195325cb551f63493fe568,4c52e1f89018ef36851c07f2d336be2df69e410364f494e8b85c973d4fe392bd,a66c59c1845d91bf,152.00708338993576,16.135692786576687,5d5be912d15ab126,[],0.0,esp_019559_1390,['train'],1.0,Counter({'train': 1}),test,5d6e98f4490839ab,True,hirise_clean,0,C:\Users\deves\OneDrive\Desktop\Projects\TCMD-SS\data\raw\hirise_v3_2\map-proj-v3_2\ESP_019559_1390_RED-0199.jpg
map-proj-v3_2/ESP_019559_1390_RED-0202.jpg,ok,,JPEG,227.0,227.0,L,1.0,1.0,normal,other,train,esp_019559_1390_red-0202,[],67ee81433be8911d137ca47eb92f18b86e1028b6c1fbeb20254be4412fe4b852,d0384341746434bcf14368b33234695fa94808e3b692159e789ed55fbea57510,e751b1ab850d391e,145.9323681810243,15.353671950094528,14419cbabecd4456,[],0.0,esp_019559_1390,['train'],1.0,Counter({'train': 1}),test,5d6e98f4490839ab,True,hirise_clean,0,C:\Users\deves\OneDrive\Desktop\Projects\TCMD-SS\data\raw\hirise_v3_2\map-proj-v3_2\ESP_019559_1390_RED-0202.jpg
map-proj-v3_2/ESP_019559_1390_RED-0204.jpg,ok,,JPEG,227.0,227.0,L,1.0,1.0,normal,other,train,esp_019559_1390_red-0204,[],33363fa77ad9be61cfaab9f7496c24b7c032e528649b633bfce422b87ee9e734,5ede8f68507dd65131d948114711b479cb9a88aeab48e0d8904b366cc5a06720,e469d917c72ac10f,153.7149760329135,16.17457549636577,937e4b3ff5b969fe,[],0.0,esp_019559_1390,['train'],1.0,Counter({'train': 1}),test,5d6e98f4490839ab,True,hirise_clean,0,C:\Users\deves\OneDrive\Desktop\Projects\TCMD-SS\data\raw\hirise_v3_2\map-proj-v3_2\ESP_019559_1390_RED-0204.jpg
map-proj-v3_2/ESP_019559_1390_RED-0212.jpg,ok,,JPEG,227.0,227.0,L,1.0,1.0,normal,other,train,esp_019559_1390_red-0212,[],0ff6cebaa3ea80461b7591f8de911f37245c79b0268a94e690550988d51353f3,d33d836cf6d61b9530d07306e501d6ac41f90669f8000647c51ed037e71dee29,e46db96094694ed9,145.2414562673446,16.898750649339227,2f50255fb8416e9f,[],0.0,esp_019559_1390,['train'],1.0,Counter({'train': 1}),test,5d6e98f4490839ab,True,hirise_clean,0,C:\Users\deves\OneDrive\Desktop\Projects\TCMD-SS\data\raw\hirise_v3_2\map-proj-v3_2\ESP_019559_1390_RED-0212.jpg
map-proj-v3_2/ESP_019559_1390_RED-0218.jpg,ok,,JPEG,227.0,227.0,L,1.0,1.0,normal,other,train,esp_019559_1390_red-0218,[],0af03c1b8386e13889315db743bb5cd82224ea86167b0647f8c46be26ebcfe99,c3ce7a0a1e591b9bbe8fef5d4fa9596b3a7d380dcef89b71c008ed6878e42832,d55226596b5e5a94,130.12868481825768,50.04142817676753,8a70ccb9f0371455,[],0.0,esp_019559_1390,['train'],1.0,Counter({'train': 1}),test,5d6e98f4490839ab,True,hirise_clean,0,C:\Users\deves\OneDrive\Desktop\Projects\TCMD-SS\data\raw\hirise_v3_2\map-proj-v3_2\ESP_019559_1390_RED-0218.jpg
map-proj-v3_2/ESP_019559_1390_RED-0219.jpg,ok,,JPEG,227.0,227.0,L,1.0,1.0,normal,other,train,esp_019559_1390_red-0219,[],0fd29d0c234dfaee230fb9dcdf932775fbe22bd5379e43bc630d8836c012efff,c6fc7effc3337eeb26282bb581cea394cbf4f2e9fdb1488352933a2c700f875c,80ff02f5e1435579,141.50226086281512,25.75687556584053,4de3d5b9e3f14807,[],0.0,esp_019559_1390,['train'],1.0,Counter({'train': 1}),test,5d6e98f4490839ab,True,hirise_clean,0,C:\Users\deves\OneDrive\Desktop\Projects\TCMD-SS\data\raw\hirise_v3_2\map-proj-v3_2\ESP_019559_1390_RED-0219.jpg
map-proj-v3_2/ESP_019559_1390_RED-0231.jpg,ok,,JPEG,227.0,227.0,L,1.0,1.0,normal,other,train,esp_019559_1390_red-0231,[],1c0df55cdc6396aca9320ccc3b5399b5e12825697be7876bc1736d57fd2dad0e,80bd19e583df76463d37092a15fbd5c5bbc991165614456f49f3bb5d3f483113,9ca04d89736b32f5,151.32717498884122,16.33498184375262,af73a9d233939f30,[],0.0,esp_019559_1390,['train'],1.0,Counter({'train': 1}),test,5d6e98f4490839ab,True,hirise_clean,0,C:\Users\deves\OneDrive\Desktop\Projects\TCMD-SS\data\raw\hirise_v3_2\map-proj-v3_2\ESP_019559_1390_RED-0231.jpg
map-proj-v3_2/ESP_019559_1390_RED-0241.jpg,ok,,JPEG,227.0,227.0,L,1.0,1.0,normal,other,train,esp_019559_1390_red-0241,[],0fb7bee4c5adbc88c87b4a5b2cc3838eee1b4e929509e8276eb8390b53becc9a,c1dd2d759914e97082ae8bfdbe0a28fd7419219381404e9ef2d9e876623e9c75,c449db2675218f3e,148.26489937704983,16.73811611588229,672ebd1be69021a2,[],0.0,esp_019559_1390,['train'],1.0,Counter({'train': 1}),test,5d6e98f4490839ab,True,hirise_clean,0,C:\Users\deves\OneDrive\Desktop\Projects\TCMD-SS\data\raw\hirise_v3_2\map-proj-v3_2\ESP_019559_1390_RED-0241.jpg
map-proj-v3_2/ESP_019559_1390_RED-0248.jpg,ok,,JPEG,227.0,227.0,L,1.0,1.0,normal,other,train,esp_019559_1390_red-0248,[],591a048d53bf291443bdecbc23898702b7feed5090ea886f695dbf12e8c6108c,96b8acba0f7920c938f780a46ecab0a1aa00b174475bfd30cca2d609d5d505cc,f05e98715395943d,144.74169884919172,15.97924701311392,711ae1cd3b29bde8,[],0.0,esp_019559_1390,['train'],1.0,Counter({'train': 1}),test,5d6e98f4490839ab,True,hirise_clean,0,C:\Users\deves\OneDrive\Desktop\Projects\TCMD-SS\data\raw\hirise_v3_2\map-proj-v3_2\ESP_019559_1390_RED-0248.jpg
map-proj-v3_2/ESP_019559_1390_RED-0250.jpg,ok,,JPEG,227.0,227.0,L,1.0,1.0,normal,other,train,esp_019559_1390_red-0250,[],227fa39a18c3fc552739c856ba459852821418fbcd08e7e17585646e3b37ec3b,c59789b50e0d358f706d1cf285789ab6f01c0c268f7f87394979e1eaa9344760,a660c5021efd1f5d,145.2018669098954,16.41829723226884,72c1c83df87b9fd2,[],0.0,esp_019559_1390,['train'],1.0,Counter({'train': 1}),test,5d6e98f4490839ab,True,hirise_clean,0,C:\Users\deves\OneDrive\Desktop\Projects\TCMD-SS\data\raw\hirise_v3_2\map-proj-v3_2\ESP_019559_1390_RED-0250.jpg
map-proj-v3_2/ESP_019559_1390_RED-0270.jpg,ok,,JPEG,227.0,227.0,L,1.0,1.0,normal,other,train,esp_019559_1390_red-0270,[],ddfc351349afb03971e2dd7ef43aea7ee7c879a5c9e51447aaf1a705b11faa26,83e161f82005205b5ccae4738a7ae8f84ccab44d637b1a248ecd8ec44e01d4fe,de2488dc86d999f2,139.47450949950513,16.893250615621483,07ce1bfbde62ac29,[],0.0,esp_019559_1390,['train'],1.0,Counter({'train': 1}),test,5d6e98f4490839ab,True,hirise_clean,0,C:\Users\deves\OneDrive\Desktop\Projects\TCMD-SS\data\raw\hirise_v3_2\map-proj-v3_2\ESP_019559_1390_RED-0270.jpg
map-proj-v3_2/ESP_019559_1390_RED-0271.jpg,ok,,JPEG,227.0,227.0,L,1.0,1.0,normal,other,train,esp_019559_1390_red-0271,[],fbbee574f654c855a42e8e1f757d2bef137ad878bc633aae0ffe322bad2b2dfb,26476cb1dbd30867b5594073a60e3bf2e3ffac24dc1d90e87639d58233fd4a85,80ffd93522cc917a,133.5402976964428,30.817963464320773,b84957f9369eb82b,[],0.0,esp_019559_1390,['train'],1.0,Counter({'train': 1}),test,5d6e98f4490839ab,True,hirise_clean,0,C:\Users\deves\OneDrive\Desktop\Projects\TCMD-SS\data\raw\hirise_v3_2\map-proj-v3_2\ESP_019559_1390_RED-0271.jpg
map-proj-v3_2/ESP_019559_1390_RED-0274.jpg,ok,,JPEG,227.0,227.0,L,1.0,1.0,normal,other,train,esp_019559_1390_red-0274,[],ddd29ebef902f34785d8eff489b2379a4a1072a9b16292c7c4c2b3d6055d80d2,444c0e7fd3c63569b126350846b0bd0429e99e358cdd810c9e64e37a1845c57b,d5555511aa26f734,142.70026586970445,24.098266681858103,075b6be561c9f9d2,[],0.0,esp_019559_1390,['train'],1.0,Counter({'train': 1}),test,5d6e98f4490839ab,True,hirise_clean,0,C:\Users\deves\OneDrive\Desktop\Projects\TCMD-SS\data\raw\hirise_v3_2\map-proj-v3_2\ESP_019559_1390_RED-0274.jpg
map-proj-v3_2/ESP_019559_1390_RED-0299.jpg,ok,,JPEG,227.0,227.0,L,1.0,1.0,normal,other,train,esp_019559_1390_red-0299,[],7911f923aaf42c115be46d6ed55c7df37bd569aaca2d9c2a14f618e94043b858,3a455b7a9702db63f0960f40bb413c307f1ab9b97e9ea754f537f0cf68af0bc3,e4606b93e97a9629,137.73834151642765,16.998913232073154,34e71b5bcc6e0035,[],0.0,esp_019559_1390,['train'],1.0,Counter({'train': 1}),test,5d6e98f4490839ab,True,hirise_clean,0,C:\Users\deves\OneDrive\Desktop\Projects\TCMD-SS\data\raw\hirise_v3_2\map-proj-v3_2\ESP_019559_1390_RED-0299.jpg
map-proj-v3_2/ESP_019559_1390_RED-0302.jpg,ok,,JPEG,227.0,227.0,L,1.0,1.0,normal,other,train,esp_019559_1390_red-0302,[],473012cd4105f88e726d3f2292ad50b7e4b3c04d5104a8750b74bbfd4ec45bb0,b013625dab3bcd16b146efeba047bf4ef003d5cebf3df346281df9bc356e4351,fde50e5a60c4ab43,139.82768926235713,16.144184469107536,7c754ee73b63b6db,[],0.0,esp_019559_1390,['train'],1.0,Counter({'train': 1}),test,5d6e98f4490839ab,True,hirise_clean,0,C:\Users\deves\OneDrive\Desktop\Projects\TCMD-SS\data\raw\hirise_v3_2\map-proj-v3_2\ESP_019559_1390_RED-0302.jpg
map-proj-v3_2/ESP_019559_1390_RED-0318.jpg,ok,,JPEG,227.0,227.0,L,1.0,1.0,normal,other,train,esp_019559_1390_red-0318,[],e4b47481e69c43448ab303382edb7f3756de37e4f344e2bdeffca7db79b87746,71b3b4bf26864c03d5d0f8504b55effc341bba77b515f82884c6a72cec4a88e4,c66bd2068cc933f6,136.41268023831242,16.441759374029267,352d0f18fed9f283,[],0.0,esp_019559_1390,['train'],1.0,Counter({'train': 1}),test,5d6e98f4490839ab,True,hirise_clean,0,C:\Users\deves\OneDrive\Desktop\Projects\TCMD-SS\data\raw\hirise_v3_2\map-proj-v3_2\ESP_019559_1390_RED-0318.jpg
map-proj-v3_2/ESP_019559_1390_RED-0319.jpg,ok,,JPEG,227.0,227.0,L,1.0,1.0,normal,other,train,esp_019559_1390_red-0319,[],44974b7f0093d6ecacfda1c5272c0d461d4804dfd99e7c561a78b0927bea7a51,888eb1694adfe15b42da1563c0899d245fbbefe810d3c52489b69fd97f5cde93,b4e097d3073e603d,141.72143841332064,15.612574410075986,0073b3d26d085f74,[],0.0,esp_019559_1390,['train'],1.0,Counter({'train': 1}),test,5d6e98f4490839ab,True,hirise_clean,0,C:\Users\deves\OneDrive\Desktop\Projects\TCMD-SS\data\raw\hirise_v3_2\map-proj-v3_2\ESP_019559_1390_RED-0319.jpg
map-proj-v3_2/ESP_019559_1390_RED-0326.jpg,ok,,JPEG,227.0,227.0,L,1.0,1.0,normal,other,train,esp_019559_1390_red-0326,[],2cea8fe8d4e957bfb6c33f53820b41d155d9f5af01092c60ffe118bfb2d6d2c6,4debbe233dbdaf41ffa7ab4b875a510bbd62a4906b3ee602a7d046e23c3bd540,960d4a33e64d7f44,142.884880358633,16.315467359395303,02c04314c8c8cba3,[],0.0,esp_019559_1390,['train'],1.0,Counter({'train': 1}),test,5d6e98f4490839ab,True,hirise_clean,0,C:\Users\deves\OneDrive\Desktop\Projects\TCMD-SS\data\raw\hirise_v3_2\map-proj-v3_2\ESP_019559_1390_RED-0326.jpg
map-proj-v3_2/ESP_019559_1390_RED-0332.jpg,ok,,JPEG,227.0,227.0,L,1.0,1.0,normal,other,train,esp_019559_1390_red-0332,[],7a0598ae7ac750f98f0ab7a2eab803931ca5227bc016921e30666d8da9b8cc4c,6bc928aff40591b99518d8ea6554fc5e210925f2cb61c5da6030bf4be0b1b008,f0d5b1698a6f4649,136.61627433095927,16.27635185090726,331d7dc2daf7db41,[],0.0,esp_019559_1390,['train'],1.0,Counter({'train': 1}),test,5d6e98f4490839ab,True,hirise_clean,0,C:\Users\deves\OneDrive\Desktop\Projects\TCMD-SS\data\raw\hirise_v3_2\map-proj-v3_2\ESP_019559_1390_RED-0332.jpg
map-proj-v3_2/ESP_019559_1390_RED-0334.jpg,ok,,JPEG,227.0,227.0,L,1.0,1.0,normal,other,train,esp_019559_1390_red-0334,[],246874a7456d8f614ceeb5532af64a1bd84e25d01b78caaf9459e18d6d71a8ed,4f5676e38594dd30b79d124d2b8bd3f54984f8cc51655b1c2cf0ddc1df6e5616,e26e9c07da1075f1,143.4255467794834,16.78725710792163,6d792cb4063b201d,[],0.0,esp_019559_1390,['train'],1.0,Counter({'train': 1}),test,5d6e98f4490839ab,True,hirise_clean,0,C:\Users\deves\OneDrive\Desktop\Projects\TCMD-SS\data\raw\hirise_v3_2\map-proj-v3_2\ESP_019559_1390_RED-0334.jpg
map-proj-v3_2/ESP_019559_1390_RED-0339.jpg,ok,,JPEG,227.0,227.0,L,1.0,1.0,normal,other,train,esp_019559_1390_red-0339,[],3bfb2f46aabfc96fb519da8b7a84d0183eb1026400a628e3271982c45fe7d45c,56a7529c6052bc954557fba9f74197a5aef2a05e0bd59e4f16b8593b53d0aaeb,e4d159d3c4a23be2,142.57235731335751,15.273631847071044,1acd390848d59651,[],0.0,esp_019559_1390,['train'],1.0,Counter({'train': 1}),test,5d6e98f4490839ab,True,hirise_clean,0,C:\Users\deves\OneDrive\Desktop\Projects\TCMD-SS\data\raw\hirise_v3_2\map-proj-v3_2\ESP_019559_1390_RED-0339.jpg
map-proj-v3_2/ESP_019559_1390_RED-0342.jpg,ok,,JPEG,227.0,227.0,L,1.0,1.0,normal,other,train,esp_019559_1390_red-0342,[],f811132943f162b55c12de98cde425a41cb74d9902d60e0e73017acc9b772288,9f8481b92a093cd72262d8d559730dffbe563297363ff62153125c4e0acd02a7,c1ca1a3065f95bb5,144.92373226726698,16.96866909074081,a9876f84be73bcc4,[],0.0,esp_019559_1390,['train'],1.0,Counter({'train': 1}),test,5d6e98f4490839ab,True,hirise_clean,0,C:\Users\deves\OneDrive\Desktop\Projects\TCMD-SS\data\raw\hirise_v3_2\map-proj-v3_2\ESP_019559_1390_RED-0342.jpg
map-proj-v3_2/ESP_019559_1390_RED-0343.jpg,ok,,JPEG,227.0,227.0,L,1.0,1.0,normal,other,train,esp_019559_1390_red-0343,[],472363d9b2750696a82eaaabfc0f948563b3bb0791e0cb4c04d33d273e00edd5,73162e9082172425921ae334b72a03b234a13c94177d943fd32002dfc61c4720,f06f19310fd2e34c,134.11440159909952,16.70665720639526,36c2e0aac3fd8e7e,[],0.0,esp_019559_1390,['train'],1.0,Counter({'train': 1}),test,5d6e98f4490839ab,True,hirise_clean,0,C:\Users\deves\OneDrive\Desktop\Projects\TCMD-SS\data\raw\hirise_v3_2\map-proj-v3_2\ESP_019559_1390_RED-0343.jpg
map-proj-v3_2/ESP_019559_1390_RED-0345.jpg,ok,,JPEG,227.0,227.0,L,1.0,1.0,normal,other,train,esp_019559_1390_red-0345,[],2d57cd89dc5d5a7cf5c833584eda7e3c2ed7842254be30381ba4f7ecee7509ff,c926a00db2cd6f6f0bb87dbc8773a759168ac8cd91d34fda1dcced6ffe2732c6,ef4a9b72445d4859,135.64396747462595,16.46112580707213,bfcc44c2c426f03f,[],0.0,esp_019559_1390,['train'],1.0,Counter({'train': 1}),test,5d6e98f4490839ab,True,hirise_clean,0,C:\Users\deves\OneDrive\Desktop\Projects\TCMD-SS\data\raw\hirise_v3_2\map-proj-v3_2\ESP_019559_1390_RED-0345.jpg
map-proj-v3_2/ESP_019559_1390_RED-0361.jpg,ok,,JPEG,227.0,227.0,L,1.0,1.0,normal,other,train,esp_019559_1390_red-0361,[],d4d3761661f95b608f37f9546892f5f7db07587ab7fdd2e14e2791577a4b8066,131955f9ada42522c09412d6412c02ce12c73f192446ffb3170d7c00740d35f1,dd547912251f7323,132.30382891187486,17.34342561240369,fe3b4280cd80b656,[],0.0,esp_019559_1390,['train'],1.0,Counter({'train': 1}),test,5d6e98f4490839ab,True,hirise_clean,0,C:\Users\deves\OneDrive\Desktop\Projects\TCMD-SS\data\raw\hirise_v3_2\map-proj-v3_2\ESP_019559_1390_RED-0361.jpg
map-proj-v3_2/ESP_019559_1390_RED-0381.jpg,ok,,JPEG,227.0,227.0,L,1.0,1.0,normal,other,train,esp_019559_1390_red-0381,[],6f827eaee467bdf7d8e6775ed911c50e54a541e407706648c667a8c9a4ed9dcc,36945ad5b0098166391b3ef988e03c220c7c17a586883ab3532e890ac0421866,eef0a166ae0a9af0,134.13423509091967,15.41547641542358,9ab35f6f2469662a,[],0.0,esp_019559_1390,['train'],1.0,Counter({'train': 1}),test,5d6e98f4490839ab,True,hirise_clean,0,C:\Users\deves\OneDrive\Desktop\Projects\TCMD-SS\data\raw\hirise_v3_2\map-proj-v3_2\ESP_019559_1390_RED-0381.jpg
map-proj-v3_2/ESP_019559_1390_RED-0386.jpg,ok,,JPEG,227.0,227.0,L,1.0,1.0,normal,other,train,esp_019559_1390_red-0386,[],620ec7f514490faa070ad8a7106420b636a6bcaf1b4b85e690a69737ad8c33f3,bc2b8b10ae44a905c2b6da04c7ebe460f96a8e5574a0c462cfa585841c457e08,c5dbf18429c159b3,139.45362805410545,16.06219683761208,4fc997b90ee4bdbb,[],0.0,esp_019559_1390,['train'],1.0,Counter({'train': 1}),test,5d6e98f4490839ab,True,hirise_clean,0,C:\Users\deves\OneDrive\Desktop\Projects\TCMD-SS\data\raw\hirise_v3_2\map-proj-v3_2\ESP_019559_1390_RED-0386.jpg
map-proj-v3_2/ESP_019559_1390_RED-0391.jpg,ok,,JPEG,227.0,227.0,L,1.0,1.0,normal,other,train,esp_019559_1390_red-0391,[],93edbaa87d9416bfb2cd4d0985745f0bb7e658ef48d6d4e371cdf4b42377aaf1,708db6a125a78e7278412fdeea5c23edff60a654967a5f2669de1b57af001905,8e13a04396cc7fbc,143.5965572784257,15.508647636463571,2616fc0cf0f21e3c,[],0.0,esp_019559_1390,['train'],1.0,Counter({'train': 1}),test,5d6e98f4490839ab,True,hirise_clean,0,C:\Users\deves\OneDrive\Desktop\Projects\TCMD-SS\data\raw\hirise_v3_2\map-proj-v3_2\ESP_019559_1390_RED-0391.jpg
map-proj-v3_2/ESP_019559_1390_RED-0407.jpg,ok,,JPEG,227.0,227.0,L,1.0,1.0,normal,other,train,esp_019559_1390_red-0407,[],37f61598b4cc321f48326a016f47d00bd511435d526e2e54af74f9d34f86847a,4c7da432f6f519f090fa998a564f6827181ec64e5aaba06db9667e52c4fbc0de,d547adaa54736a50,135.01209027926024,22.034642288109172,49a4bd44752b7242,[],0.0,esp_019559_1390,['train'],1.0,Counter({'train': 1}),test,5d6e98f4490839ab,True,hirise_clean,0,C:\Users\deves\OneDrive\Desktop\Projects\TCMD-SS\data\raw\hirise_v3_2\map-proj-v3_2\ESP_019559_1390_RED-0407.jpg
map-proj-v3_2/ESP_019559_1390_RED-0410.jpg,ok,,JPEG,227.0,227.0,L,1.0,1.0,normal,other,train,esp_019559_1390_red-0410,[],101b94ed3f27dbbe53ece115f19057a34748e1a93d7b919aed07dd1bfd5fcad1,bb93878b33b0ee94e93cbcb44ef8ac60b08fe862de64c55a84486a488ea71206,a4599abc234d59b3,139.51413767004988,16.32146281065982,c2895df2c6cb5b8e,[],0.0,esp_019559_1390,['train'],1.0,Counter({'train': 1}),test,5d6e98f4490839ab,True,hirise_clean,0,C:\Users\deves\OneDrive\Desktop\Projects\TCMD-SS\data\raw\hirise_v3_2\map-proj-v3_2\ESP_019559_1390_RED-0410.jpg
map-proj-v3_2/ESP_019559_1390_RED-0424.jpg,ok,,JPEG,227.0,227.0,L,1.0,1.0,normal,other,train,esp_019559_1390_red-0424,[],602f7f63a7183fe0fb7f2c2d1a40a167f9bb55f9fd4596e02c40e3bddc81514d,ffd2e7832888bbd3b709f4ae48711f7981ce97f275b18129648e3db8f7e7bffa,bc354d592549765c,135.97411166527587,16.04783323810839,09d119c47ac1bad0,[],0.0,esp_019559_1390,['train'],1.0,Counter({'train': 1}),test,5d6e98f4490839ab,True,hirise_clean,0,C:\Users\deves\OneDrive\Desktop\Projects\TCMD-SS\data\raw\hirise_v3_2\map-proj-v3_2\ESP_019559_1390_RED-0424.jpg
map-proj-v3_2/ESP_019559_1390_RED-0425.jpg,ok,,JPEG,227.0,227.0,L,1.0,1.0,normal,other,train,esp_019559_1390_red-0425,[],d8edbaa841d919691e3acb8e72c8a1ae08a6ed76fb3160b317e7db9f8e7ccf42,5180b4d438d47e6d5e03bc16b63d851d9434b0a659713efe7d2ed8227b96028b,d24991036547cff6,98.37966970055696,57.22886110913508,e9ff492974bf7c23,[],0.0,esp_019559_1390,['train'],1.0,Counter({'train': 1}),test,5d6e98f4490839ab,True,hirise_clean,0,C:\Users\deves\OneDrive\Desktop\Projects\TCMD-SS\data\raw\hirise_v3_2\map-proj-v3_2\ESP_019559_1390_RED-0425.jpg
map-proj-v3_2/ESP_019559_1390_RED-0431.jpg,ok,,JPEG,227.0,227.0,L,1.0,1.0,normal,other,train,esp_019559_1390_red-0431,[],3144803a38aacc7e134c2c2bfae49931889b2cd2760a2d66ba1c4622ced81b54,dca519588a3ae75dfd9d205a9bd7820bce9a33771309f16f2fdad5a3b74899a4,d5a40da92a2e3fe2,145.81788895573365,15.383118032484148,eca18e535f0811b3,[],0.0,esp_019559_1390,['train'],1.0,Counter({'train': 1}),test,5d6e98f4490839ab,True,hirise_clean,0,C:\Users\deves\OneDrive\Desktop\Projects\TCMD-SS\data\raw\hirise_v3_2\map-proj-v3_2\ESP_019559_1390_RED-0431.jpg
map-proj-v3_2/ESP_019559_1390_RED-0432.jpg,ok,,JPEG,227.0,227.0,L,1.0,1.0,normal,other,train,esp_019559_1390_red-0432,[],451312f525f621b6fa6296ff68723c06246c052913ef87f9a9f7b968c0dba66c,07346c92277ee9683b0d68b07308f7dca150e23bbb1e4b39cc4cd734d14801ea,dd5df81a07dbd200,132.07871295775195,14.60431472750578,80a19b2eef7cfa82,[],0.0,esp_019559_1390,['train'],1.0,Counter({'train': 1}),test,5d6e98f4490839ab,True,hirise_clean,0,C:\Users\deves\OneDrive\Desktop\Projects\TCMD-SS\data\raw\hirise_v3_2\map-proj-v3_2\ESP_019559_1390_RED-0432.jpg
map-proj-v3_2/ESP_019559_1390_RED-0439.jpg,ok,,JPEG,227.0,227.0,L,1.0,1.0,normal,other,train,esp_019559_1390_red-0439,[],44bb0b3e9179427f4b3bfdf68b9b88726b7df26c7ae09fdd6117b73c71ae70ea,39506fbdd1370d15ce059420c44b6f034e404669a51744f4b6b5696e41764afa,d4bba06027c3e727,128.69566651788313,14.560152764406036,ed8976b2e6a9c07f,[],0.0,esp_019559_1390,['train'],1.0,Counter({'train': 1}),test,5d6e98f4490839ab,True,hirise_clean,0,C:\Users\deves\OneDrive\Desktop\Projects\TCMD-SS\data\raw\hirise_v3_2\map-proj-v3_2\ESP_019559_1390_RED-0439.jpg
map-proj-v3_2/ESP_019559_1390_RED-0453.jpg,ok,,JPEG,227.0,227.0,L,1.0,1.0,normal,other,train,esp_019559_1390_red-0453,[],46fa42c19c0b97e26e0b2892a1046280aef74f4c7ed2a554edf9c9d56d1b7df0,cc78add1c5ab118f3148a07d8734a81b5d87820922260e034d7dd87e42b159f7,dc2de0b7e9c80327,143.42931164975062,16.89619007537302,131ffa263357cce6,[],0.0,esp_019559_1390,['train'],1.0,Counter({'train': 1}),test,5d6e98f4490839ab,True,hirise_clean,0,C:\Users\deves\OneDrive\Desktop\Projects\TCMD-SS\data\raw\hirise_v3_2\map-proj-v3_2\ESP_019559_1390_RED-0453.jpg
map-proj-v3_2/ESP_019559_1390_RED-0462.jpg,ok,,JPEG,227.0,227.0,L,1.0,1.0,normal,other,train,esp_019559_1390_red-0462,[],0b046a54d7f5894e1149f7356048137623e901284c1d498c8a2f344ebf13a950,959c67f70b4c7f4716ef67516bd9b4a3c30cc8d63ec483d0d8b9ec276838b95f,8ec7cf3931e244a9,94.2075530283918,65.73801933623838,e6bb2016654c022b,[],0.0,esp_019559_1390,['train'],1.0,Counter({'train': 1}),test,5d6e98f4490839ab,True,hirise_clean,0,C:\Users\deves\OneDrive\Desktop\Projects\TCMD-SS\data\raw\hirise_v3_2\map-proj-v3_2\ESP_019559_1390_RED-0462.jpg
map-proj-v3_2/ESP_019559_1390_RED-0464.jpg,ok,,JPEG,227.0,227.0,L,1.0,1.0,normal,other,train,esp_019559_1390_red-0464,[],d8a07c4e6130e38787443a330a732f5eedf92b6356b30ac3fabf8e737a61b48f,9da42d1c4a4b98dd2651d60bdf19199ae9cb8bf9f8822f11955957113b93b440,ed2a7231abbe3023,137.08915368045177,15.905287672331063,a0a95b36a69eb210,[],0.0,esp_019559_1390,['train'],1.0,Counter({'train': 1}),test,5d6e98f4490839ab,True,hirise_clean,0,C:\Users\deves\OneDrive\Desktop\Projects\TCMD-SS\data\raw\hirise_v3_2\map-proj-v3_2\ESP_019559_1390_RED-0464.jpg
map-proj-v3_2/ESP_019559_1390_RED-0466.jpg,ok,,JPEG,227.0,227.0,L,1.0,1.0,normal,dark dune,train,esp_019559_1390_red-0466,[],b0afda630b25193a31f08a71581af4f772df5a6c5481507bbeba169e4b2e2aa1,d041857ce7f20c1bdd59fd613da3c0a0625f1dcdf1ce631502934480f64c555b,87c1dc89a2e6c4dd,96.1134700848066,60.14816096965782,296d9ac68b5e085d,[],2.0,esp_019559_1390,['train'],1.0,Counter({'train': 1}),test,5d6e98f4490839ab,True,hirise_clean,0,C:\Users\deves\OneDrive\Desktop\Projects\TCMD-SS\data\raw\hirise_v3_2\map-proj-v3_2\ESP_019559_1390_RED-0466.jpg
map-proj-v3_2/ESP_019559_1390_RED-0473.jpg,ok,,JPEG,227.0,227.0,L,1.0,1.0,normal,other,train,esp_019559_1390_red-0473,[],3c1a7768500330019a5ef26bcd4146449f9c34db2d4173bab942eb3e1f947e6c,e53f07d603ec581ed2eb5503d8c07bbb17438fa94d8cb66a32878afb80496d7e,8603bb7ba52b940f,145.50728715868735,18.76657851621185,b8a3c36012834300,[],0.0,esp_019559_1390,['train'],1.0,Counter({'train': 1}),test,5d6e98f4490839ab,True,hirise_clean,0,C:\Users\deves\OneDrive\Desktop\Projects\TCMD-SS\data\raw\hirise_v3_2\map-proj-v3_2\ESP_019559_1390_RED-0473.jpg
map-proj-v3_2/ESP_019559_1390_RED-0477.jpg,ok,,JPEG,227.0,227.0,L,1.0,1.0,normal,other,train,esp_019559_1390_red-0477,[],b819913897d42bf7544fbf1e5accbb64cfbd3a939e24fb2cf10f172120047593,9d62ebadaf0dde563e50535fde623a10f6726f2841fd8f651192045ba3ab0733,8d5c16a461d0fc7b,150.14211414931398,16.19676257934498,5e34f043ba1363ef,[],0.0,esp_019559_1390,['train'],1.0,Counter({'train': 1}),test,5d6e98f4490839ab,True,hirise_clean,0,C:\Users\deves\OneDrive\Desktop\Projects\TCMD-SS\data\raw\hirise_v3_2\map-proj-v3_2\ESP_019559_1390_RED-0477.jpg
map-proj-v3_2/ESP_019559_1390_RED-0479.jpg,ok,,JPEG,227.0,227.0,L,1.0,1.0,normal,other,train,esp_019559_1390_red-0479,[],0239b3f3d0296bb32ed418c564033256a6a6f100b755584ed074f660a7389b60,c50c454530d8f64ce27d6edea4897a126733cffab9606d297f94af9215699f58,d4060ba1ce252fef,146.62025267325197,18.04737970104879,d9b7dab8e95976b1,[],0.0,esp_019559_1390,['train'],1.0,Counter({'train': 1}),test,5d6e98f4490839ab,True,hirise_clean,0,C:\Users\deves\OneDrive\Desktop\Projects\TCMD-SS\data\raw\hirise_v3_2\map-proj-v3_2\ESP_019559_1390_RED-0479.jpg
map-proj-v3_2/ESP_019559_1390_RED-0512.jpg,ok,,JPEG,227.0,227.0,L,1.0,1.0,normal,dark dune,train,esp_019559_1390_red-0512,[],5c9f4114319cf599d0cb18bfbca6537e790856efea99d93cccfbd6dfc70216c4,3d74cc65ede8e906f41d1da2cc9cf1c59e36a1c7dd6404721c3008ac5d7ebba4,a7b3d84c9b336492,132.00987793281453,30.294731708944585,ed4a487d47440c5a,[],2.0,esp_019559_1390,['train'],1.0,Counter({'train': 1}),test,5d6e98f4490839ab,True,hirise_clean,0,C:\Users\deves\OneDrive\Desktop\Projects\TCMD-SS\data\raw\hirise_v3_2\map-proj-v3_2\ESP_019559_1390_RED-0512.jpg
map-proj-v3_2/ESP_019559_1390_RED-0513.jpg,ok,,JPEG,227.0,227.0,L,1.0,1.0,normal,other,train,esp_019559_1390_red-0513,[],6b2c0ebd6ae38652e9fb80f58820521f3fe51030d144d5067735260d2aefa4e4,99daa1061908fbc965f2ae4e8d29ab4718ed539c73fb6718c88eb00fd8a41419,f4ff11b70492e438,150.07368666187972,17.533245085321997,a33e775f467dfffb,[],0.0,esp_019559_1390,['train'],1.0,Counter({'train': 1}),test,5d6e98f4490839ab,True,hirise_clean,0,C:\Users\deves\OneDrive\Desktop\Projects\TCMD-SS\data\raw\hirise_v3_2\map-proj-v3_2\ESP_019559_1390_RED-0513.jpg
map-proj-v3_2/ESP_019559_1390_RED-0514.jpg,ok,,JPEG,227.0,227.0,L,1.0,1.0,normal,other,train,esp_019559_1390_red-0514,[],9fe1df7f407d25f8ed1854af88987a14f734d980dcddbb944abbecde5c8d92ee,24626c91bbc5ab62c9701dd13443dc538acef6f7bcf463ced35f08d858ac18ae,ac56b4b449953cb3,151.84449533272527,17.520451805357553,c0069e3844319046,[],0.0,esp_019559_1390,['train'],1.0,Counter({'train': 1}),test,5d6e98f4490839ab,True,hirise_clean,0,C:\Users\deves\OneDrive\Desktop\Projects\TCMD-SS\data\raw\hirise_v3_2\map-proj-v3_2\ESP_019559_1390_RED-0514.jpg
map-proj-v3_2/ESP_019559_1390_RED-0515.jpg,ok,,JPEG,227.0,227.0,L,1.0,1.0,normal,other,train,esp_019559_1390_red-0515,[],914e3d115f16567516628d8e2e3368048e83279c33b7d5e812407cb675c14ed0,f01b990899816643a86c275cb04189a5f935a1167e973147f9e82f84db771e1e,a74a0377440cf77c,130.16629470783442,18.660566248809403,1bd61639b398c8b8,[],0.0,esp_019559_1390,['train'],1.0,Counter({'train': 1}),test,5d6e98f4490839ab,True,hirise_clean,0,C:\Users\deves\OneDrive\Desktop\Projects\TCMD-SS\data\raw\hirise_v3_2\map-proj-v3_2\ESP_019559_1390_RED-0515.jpg
map-proj-v3_2/ESP_019559_1390_RED-0517.jpg,ok,,JPEG,227.0,227.0,L,1.0,1.0,normal,other,train,esp_019559_1390_red-0517,[],58b1325ba20017406a64d2859f828f1bb9de24032e994f726781a0441ea70db1,33d6dad9d6310b88a1c6f92f76ba2d6692ca7a93c430682bbfa2f1092638c0ec,857dbaa22e0e1db8,151.32577771740185,17.416530168003472,fd43f12ebd366fa8,[],0.0,esp_019559_1390,['train'],1.0,Counter({'train': 1}),test,5d6e98f4490839ab,True,hirise_clean,0,C:\Users\deves\OneDrive\Desktop\Projects\TCMD-SS\data\raw\hirise_v3_2\map-proj-v3_2\ESP_019559_1390_RED-0517.jpg
map-proj-v3_2/ESP_019559_1390_RED-0519.jpg,ok,,JPEG,227.0,227.0,L,1.0,1.0,normal,other,train,esp_019559_1390_red-0519,[],94e41365a517f7d58de27065edbc065db0179440efbc618eb2589c88eed535de,90fa64ea7a9198807876ec30c2495a7e2cac9d79dc2dab8872c56acdebe6702c,e0491b7f5a9626b1,146.55991771623746,16.003639074392424,85fa4136d1813485,[],0.0,esp_019559_1390,['train'],1.0,Counter({'train': 1}),test,5d6e98f4490839ab,True,hirise_clean,0,C:\Users\deves\OneDrive\Desktop\Projects\TCMD-SS\data\raw\hirise_v3_2\map-proj-v3_2\ESP_019559_1390_RED-0519.jpg
map-proj-v3_2/ESP_019559_1390_RED-0521.jpg,ok,,JPEG,227.0,227.0,L,1.0,1.0,normal,other,train,esp_019559_1390_red-0521,[],34838db28b28b22918ad7dcc230e286a7c2694bf539c2cfff3935b84439a8bef,f73aef5b6ae49c0f8c56ee9fd2ae1e9b7534b9f08d5af78c6c15856a18e7a220,dc726132470ff515,142.32040210366978,16.244680898652526,cf45ca43d9ae108b,[],0.0,esp_019559_1390,['train'],1.0,Counter({'train': 1}),test,5d6e98f4490839ab,True,hirise_clean,0,C:\Users\deves\OneDrive\Desktop\Projects\TCMD-SS\data\raw\hirise_v3_2\map-proj-v3_2\ESP_019559_1390_RED-0521.jpg
map-proj-v3_2/ESP_019559_1390_RED-0526.jpg,ok,,JPEG,227.0,227.0,L,1.0,1.0,normal,other,train,esp_019559_1390_red-0526,[],41f4bb59830af4707b128dcd6240b4ddacc9f059fcb8e6a6d3cdb38f0214b506,6675e4070e65492ff4ba4fb74fcb1d7717ce4fc929bf6ceceaeff0d18a5a72e6,d7e1db148b4d3066,151.92078247200607,17.026698218162053,98577da2b95684f6,[],0.0,esp_019559_1390,['train'],1.0,Counter({'train': 1}),test,5d6e98f4490839ab,True,hirise_clean,0,C:\Users\deves\OneDrive\Desktop\Projects\TCMD-SS\data\raw\hirise_v3_2\map-proj-v3_2\ESP_019559_1390_RED-0526.jpg
map-proj-v3_2/ESP_019559_1390_RED-0530.jpg,ok,,JPEG,227.0,227.0,L,1.0,1.0,normal,other,train,esp_019559_1390_red-0530,[],c1e026e4158178b1063c9f71fcd5e28ac56cc61ea8c5a6b3bf2fa9d6810c2763,b4ebe5534735aa6fdb8c792e33da3d08fb2179428a89ce3cc07b06814f9a7e94,8c3c3872236d6f59,139.68782627258437,18.19285464909132,5c84aca3e21a6d13,[],0.0,esp_019559_1390,['train'],1.0,Counter({'train': 1}),test,5d6e98f4490839ab,True,hirise_clean,0,C:\Users\deves\OneDrive\Desktop\Projects\TCMD-SS\data\raw\hirise_v3_2\map-proj-v3_2\ESP_019559_1390_RED-0530.jpg
map-proj-v3_2/ESP_019559_1390_RED-0531.jpg,ok,,JPEG,227.0,227.0,L,1.0,1.0,normal,other,train,esp_019559_1390_red-0531,[],8c71b15241d2ce1e9bde298c438eea09d19a6ae5b0bebb5d114d989ac4d10975,a6e43425279927a239dd5eb3f94f0f8e8b5cb2552b6be67e3ecb7083d202099e,b22d597266cfb700,154.7766306351763,16.022078526300973,92eef9a5eccdf65c,[],0.0,esp_019559_1390,['train'],1.0,Counter({'train': 1}),test,5d6e98f4490839ab,True,hirise_clean,0,C:\Users\deves\OneDrive\Desktop\Projects\TCMD-SS\data\raw\hirise_v3_2\map-proj-v3_2\ESP_019559_1390_RED-0531.jpg
map-proj-v3_2/ESP_019559_1390_RED-0533.jpg,ok,,JPEG,227.0,227.0,L,1.0,1.0,normal,other,train,esp_019559_1390_red-0533,[],e0280ed61c35014080150b4be78a6c4be26c403ff3cbd98b05f172afffe9d919,eea162b30eee97b091a63a694d55040700dea5571d6457141427a030dfa65f22,af4b987083d32667,135.5266742999088,16.993351721196955,3b457eafb7204051,[],0.0,esp_019559_1390,['train'],1.0,Counter({'train': 1}),test,5d6e98f4490839ab,True,hirise_clean,0,C:\Users\deves\OneDrive\Desktop\Projects\TCMD-SS\data\raw\hirise_v3_2\map-proj-v3_2\ESP_019559_1390_RED-0533.jpg
map-proj-v3_2/ESP_019559_1390_RED-0537.jpg,ok,,JPEG,227.0,227.0,L,1.0,1.0,normal,other,train,esp_019559_1390_red-0537,[],31c1b18408ba33a940ccf2a0e1a73693ff2747ecaeb2c5ec38309ba9e28c28a5,976f55153aa78922a100c0f5251512b8b40a9c408e6713a3881c33a199fbf316,a24c9873f479d346,136.11015156513807,17.053350377594896,494de8c929aae3aa,[],0.0,esp_019559_1390,['train'],1.0,Counter({'train': 1}),test,5d6e98f4490839ab,True,hirise_clean,0,C:\Users\deves\OneDrive\Desktop\Projects\TCMD-SS\data\raw\hirise_v3_2\map-proj-v3_2\ESP_019559_1390_RED-0537.jpg
map-proj-v3_2/ESP_019559_1390_RED-0543.jpg,ok,,JPEG,227.0,227.0,L,1.0,1.0,normal,other,train,esp_019559_1390_red-0543,[],46dd123e620a8d82f0994cbf35fdb893d05579e37ca3e1654d7bae8fb831312c,07e6dd8fab9e6a3110a8c53d933fd2ee5ff9a52a9940d540e89933ff238a413f,d6a5a923f6f858c0,130.22340817791925,18.350232889022625,8de8edf75867fe51,[],0.0,esp_019559_1390,['train'],1.0,Counter({'train': 1}),test,5d6e98f4490839ab,True,hirise_clean,0,C:\Users\deves\OneDrive\Desktop\Projects\TCMD-SS\data\raw\hirise_v3_2\map-proj-v3_2\ESP_019559_1390_RED-0543.jpg
map-proj-v3_2/ESP_019559_1390_RED-0547.jpg,ok,,JPEG,227.0,227.0,L,1.0,1.0,normal,other,train,esp_019559_1390_red-0547,[],fddaa8a5bf9a508ff5ce1e34b3877086ba3413662d55404c1399d98e7d75c28d,b19db7c6086d1f696c109a31482e4e98b97ae1c8c57cb736d19386190b68ff5b,b34f993396d81583,128.97498495992548,19.44627060850872,6e427c1019c1af19,[],0.0,esp_019559_1390,['train'],1.0,Counter({'train': 1}),test,5d6e98f4490839ab,True,hirise_clean,0,C:\Users\deves\OneDrive\Desktop\Projects\TCMD-SS\data\raw\hirise_v3_2\map-proj-v3_2\ESP_019559_1390_RED-0547.jpg
map-proj-v3_2/ESP_019559_1390_RED-0552.jpg,ok,,JPEG,227.0,227.0,L,1.0,1.0,normal,other,train,esp_019559_1390_red-0552,[],2c620a8d7347b342c7da128bb72a9e718996ec2d5e55b6f45145a842770b0b50,54d1e79173b21e4029110f0d0d5b1293f81ed1b9114ec6fd6caacb1d27cfb275,d458a957e48cbd83,129.2815501950358,16.96191723988431,23d33787d59d6a74,[],0.0,esp_019559_1390,['train'],1.0,Counter({'train': 1}),test,5d6e98f4490839ab,True,hirise_clean,0,C:\Users\deves\OneDrive\Desktop\Projects\TCMD-SS\data\raw\hirise_v3_2\map-proj-v3_2\ESP_019559_1390_RED-0552.jpg
map-proj-v3_2/ESP_019559_1390_RED-0576.jpg,ok,,JPEG,227.0,227.0,L,1.0,1.0,normal,dark dune,train,esp_019559_1390_red-0576,[],c578839acab68fc399d8bab96cf8c60b4605267c925c89e923c14bbac91be1ea,de94808f4321797bbe6f7dabffc662d01e56db0b2eaa6494a7719c922f5f93a3,da950ab5ee393682,121.4917425139242,25.9707082509997,c3cd077d684e7268,[],2.0,esp_019559_1390,['train'],1.0,Counter({'train': 1}),test,5d6e98f4490839ab,True,hirise_clean,0,C:\Users\deves\OneDrive\Desktop\Projects\TCMD-SS\data\raw\hirise_v3_2\map-proj-v3_2\ESP_019559_1390_RED-0576.jpg
map-proj-v3_2/ESP_019559_1390_RED-0578.jpg,ok,,JPEG,227.0,227.0,L,1.0,1.0,normal,dark dune,train,esp_019559_1390_red-0578,[],03acbf2161500213b380450518afdf06169664014ce4056854e7664cea9c439a,88caedc5f9887410316e1cd594b45cc04eda96cafe351488b313da96b07ab96a,d20d9d152e5cb9b2,111.7582332278911,39.5443590507672,f0b44264baf189dc,[],2.0,esp_019559_1390,['train'],1.0,Counter({'train': 1}),test,5d6e98f4490839ab,True,hirise_clean,0,C:\Users\deves\OneDrive\Desktop\Projects\TCMD-SS\data\raw\hirise_v3_2\map-proj-v3_2\ESP_019559_1390_RED-0578.jpg
map-proj-v3_2/ESP_019559_1390_RED-0583.jpg,ok,,JPEG,227.0,227.0,L,1.0,1.0,normal,dark dune,train,esp_019559_1390_red-0583,[],97f8c261d505207e902d571874b355fcd93080a4fd3dd4c2f3fffa2242aa651b,608fcddb11535f51502609f6a65f91d6d00355c501ca04d826e00c1ebec209ae,d2a5ad5ab553ac48,113.2453569834462,33.76573472299474,ca55b79684b4ff99,[],2.0,esp_019559_1390,['train'],1.0,Counter({'train': 1}),test,5d6e98f4490839ab,True,hirise_clean,0,C:\Users\deves\OneDrive\Desktop\Projects\TCMD-SS\data\raw\hirise_v3_2\map-proj-v3_2\ESP_019559_1390_RED-0583.jpg
map-proj-v3_2/ESP_019559_1390_RED-0587.jpg,ok,,JPEG,227.0,227.0,L,1.0,1.0,normal,other,train,esp_019559_1390_red-0587,[],2fdda20d98b1eba2c511ccee747f8f9278d8a2922204ca9b294b5d83c1b54362,db8d53f98f35b654cefa2744a90b3fa48f7f3c5e2a8a05b23d45e8f5d91494f9,88079f36ed2f3425,139.62112596790158,15.330633348131606,13daf101219ea2e1,[],0.0,esp_019559_1390,['train'],1.0,Counter({'train': 1}),test,5d6e98f4490839ab,True,hirise_clean,0,C:\Users\deves\OneDrive\Desktop\Projects\TCMD-SS\data\raw\hirise_v3_2\map-proj-v3_2\ESP_019559_1390_RED-0587.jpg
map-proj-v3_2/ESP_019559_1390_RED-0589.jpg,ok,,JPEG,227.0,227.0,L,1.0,1.0,normal,other,train,esp_019559_1390_red-0589,[],85d7232a5cefe2a96af364b5b77f7f5928cdcbfe4f6e03dc5ba8324e5a956e08,da100cbb8275b07536cfa68addb1ef456003b5efae0ad7c4dff5dd10f260c5df,b66744fd861482b7,145.30957325001455,19.13057142827939,bdfd4fdd70bb4ddb,[],0.0,esp_019559_1390,['train'],1.0,Counter({'train': 1}),test,5d6e98f4490839ab,True,hirise_clean,0,C:\Users\deves\OneDrive\Desktop\Projects\TCMD-SS\data\raw\hirise_v3_2\map-proj-v3_2\ESP_019559_1390_RED-0589.jpg
map-proj-v3_2/ESP_019559_1390_RED-0607.jpg,ok,,JPEG,227.0,227.0,L,1.0,1.0,normal,other,train,esp_019559_1390_red-0607,[],0d47d0ca7b76f1e2d71980003c4d22d2b5a299748e3b0c1e97f043c3c5a40f0a,bd5206abab58b79093893264f1e0249dee92b429c40827936ed2bab51477a3fb,84342fba645da1af,149.00504570242,17.272627608498883,1bf1db351d5f3200,[],0.0,esp_019559_1390,['train'],1.0,Counter({'train': 1}),test,5d6e98f4490839ab,True,hirise_clean,0,C:\Users\deves\OneDrive\Desktop\Projects\TCMD-SS\data\raw\hirise_v3_2\map-proj-v3_2\ESP_019559_1390_RED-0607.jpg
map-proj-v3_2/ESP_019559_1390_RED-0608.jpg,ok,,JPEG,227.0,227.0,L,1.0,1.0,normal,dark dune,train,esp_019559_1390_red-0608,[],d45cf71063b0b2dbf7974f527dd6c61e92535f33f2aa4c7b61ab96127d11d9f0,a068be7b72d7ae7df92d33f5da5171fbc6e52e5bb1c59d7c59153c6073f4263d,e94651563d4ba69a,129.99378990471385,22.0556819056933,37cb70a078bffaea,[],2.0,esp_019559_1390,['train'],1.0,Counter({'train': 1}),test,5d6e98f4490839ab,True,hirise_clean,0,C:\Users\deves\OneDrive\Desktop\Projects\TCMD-SS\data\raw\hirise_v3_2\map-proj-v3_2\ESP_019559_1390_RED-0608.jpg
map-proj-v3_2/ESP_019559_1390_RED-0609.jpg,ok,,JPEG,227.0,227.0,L,1.0,1.0,normal,other,train,esp_019559_1390_red-0609,[],80a48713155d8ff4aec12a373dbedcc2f90a6fdcb983be2d620d415669c6cbd4,9c6bcf918f6ae1d023e9011f525824623ef91c8d7adf83b3aa0de099ded1cd0c,d62e291b7041b3b7,141.79349492518776,17.977359656427733,c07bb750e3f222c0,[],0.0,esp_019559_1390,['train'],1.0,Counter({'train': 1}),test,5d6e98f4490839ab,True,hirise_clean,0,C:\Users\deves\OneDrive\Desktop\Projects\TCMD-SS\data\raw\hirise_v3_2\map-proj-v3_2\ESP_019559_1390_RED-0609.jpg
map-proj-v3_2/ESP_019559_1390_RED-0630.jpg,ok,,JPEG,227.0,227.0,L,1.0,1.0,normal,other,train,esp_019559_1390_red-0630,[],22817c8876e1fd9e4587b04465eff2c06a6f994b53face442ee4ef756d452a90,ddb87509c2635f81ee354eefc527c0d5d4f3f4e3c2aa4b04c2e1a2683aa4e025,c5833bb266de6c18,165.2523045275476,18.204845036171,de2279cffede624e,[],0.0,esp_019559_1390,['train'],1.0,Counter({'train': 1}),test,5d6e98f4490839ab,True,hirise_clean,0,C:\Users\deves\OneDrive\Desktop\Projects\TCMD-SS\data\raw\hirise_v3_2\map-proj-v3_2\ESP_019559_1390_RED-0630.jpg
map-proj-v3_2/ESP_019559_1390_RED-0643.jpg,ok,,JPEG,227.0,227.0,L,1.0,1.0,normal,other,train,esp_019559_1390_red-0643,[],74a1e674c002fc332a28ed8feff5da94466219fe6b16ad8713b3ef713c609869,52c3bd73869ed451512adb6e83fdfc33bdfe49b5de24bca89a41408759e6c996,b87375434458f6e8,161.78872091443654,16.840787319410257,fa482392fe2cfa22,[],0.0,esp_019559_1390,['train'],1.0,Counter({'train': 1}),test,5d6e98f4490839ab,True,hirise_clean,0,C:\Users\deves\OneDrive\Desktop\Projects\TCMD-SS\data\raw\hirise_v3_2\map-proj-v3_2\ESP_019559_1390_RED-0643.jpg
map-proj-v3_2/ESP_019559_1390_RED-0645.jpg,ok,,JPEG,227.0,227.0,L,1.0,1.0,normal,dark dune,train,esp_019559_1390_red-0645,[],2ca764c5beaedeb0a422e05c88de6f7d0fe5623bb705bbc45280fde58070ad2a,40e8e124f41fc91406342c6abbe78e3c8704cea74e4b39499260c8cd0f9fff77,a0ff983264c91377,125.09055095189116,35.525767256043295,cffb01bf9b791640,[],2.0,esp_019559_1390,['train'],1.0,Counter({'train': 1}),test,5d6e98f4490839ab,True,hirise_clean,0,C:\Users\deves\OneDrive\Desktop\Projects\TCMD-SS\data\raw\hirise_v3_2\map-proj-v3_2\ESP_019559_1390_RED-0645.jpg
map-proj-v3_2/ESP_019559_1390_RED-0652.jpg,ok,,JPEG,227.0,227.0,L,1.0,1.0,normal,other,train,esp_019559_1390_red-0652,[],a587ecc9ba9410ee623ad3169e2652435216521d0014b1b149e091148ffab7cc,ff4e059e3298dce2c3c78572e0ee12e34ee1c327d239f3a6dd5253c0937229d9,fa0e9db4acc00b57,157.54439247802208,16.39418343095753,e158b538663b8f8d,[],0.0,esp_019559_1390,['train'],1.0,Counter({'train': 1}),test,5d6e98f4490839ab,True,hirise_clean,0,C:\Users\deves\OneDrive\Desktop\Projects\TCMD-SS\data\raw\hirise_v3_2\map-proj-v3_2\ESP_019559_1390_RED-0652.jpg
map-proj-v3_2/ESP_019559_1390_RED-0674.jpg,ok,,JPEG,227.0,227.0,L,1.0,1.0,normal,other,train,esp_019559_1390_red-0674,[],86c69a50d7dad4c6cc407b4d72582a6ab7d543fa4f3e7c8c6d30d30e759fbf7e,efa19c291b33e62d839ee3f207c4eb8475be740f59cf27a8cfe68a488c20ab3c,d24b0d1c6993e74e,122.44147955520192,68.86769414137228,5ea598b78df6a18e,[],0.0,esp_019559_1390,['train'],1.0,Counter({'train': 1}),test,5d6e98f4490839ab,True,hirise_clean,0,C:\Users\deves\OneDrive\Desktop\Projects\TCMD-SS\data\raw\hirise_v3_2\map-proj-v3_2\ESP_019559_1390_RED-0674.jpg
map-proj-v3_2/ESP_019559_1390_RED-0681.jpg,ok,,JPEG,227.0,227.0,L,1.0,1.0,normal,other,train,esp_019559_1390_red-0681,[],5052a9c5cea75359053b8a17601b3981398e39b2a00f3e372f06c99f6c94fc51,4a24097320fc381996982e94845515c754abb99c2ac5dcdf47d6788e58c3829f,99e3676c91a2465d,156.1786178656679,16.73316921772496,636fe6eeffccb2f6,[],0.0,esp_019559_1390,['train'],1.0,Counter({'train': 1}),test,5d6e98f4490839ab,True,hirise_clean,0,C:\Users\deves\OneDrive\Desktop\Projects\TCMD-SS\data\raw\hirise_v3_2\map-proj-v3_2\ESP_019559_1390_RED-0681.jpg
map-proj-v3_2/ESP_019559_1390_RED-0689.jpg,ok,,JPEG,227.0,227.0,L,1.0,1.0,normal,other,train,esp_019559_1390_red-0689,[],ea122c7b577cb559d85a78164d8e17ee57d561a81fd6055fcb50c54e297a6f38,3862bf9f299b1bc2a80f7f9deec99d32a71e37386db9b8c9ec82247945625ab6,8ff8c3e088b3ed50,151.9655727842574,17.271544612355235,a3228e51cf7506fe,[],0.0,esp_019559_1390,['train'],1.0,Counter({'train': 1}),test,5d6e98f4490839ab,True,hirise_clean,0,C:\Users\deves\OneDrive\Desktop\Projects\TCMD-SS\data\raw\hirise_v3_2\map-proj-v3_2\ESP_019559_1390_RED-0689.jpg
map-proj-v3_2/ESP_019559_1390_RED-0695.jpg,ok,,JPEG,227.0,227.0,L,1.0,1.0,normal,other,train,esp_019559_1390_red-0695,[],90ee6cebc28c69376ad8dea86525299e4a6c01434d8f0a056f886e2dff61c009,60dbcf43d6b267e5418caf3c9086e2845cf87058a429b6242d8c68750b159fc0,b3f388c9dcaa6415,155.15401036309652,15.177895965896235,18ecd8c5ef3b8317,[],0.0,esp_019559_1390,['train'],1.0,Counter({'train': 1}),test,5d6e98f4490839ab,True,hirise_clean,0,C:\Users\deves\OneDrive\Desktop\Projects\TCMD-SS\data\raw\hirise_v3_2\map-proj-v3_2\ESP_019559_1390_RED-0695.jpg
map-proj-v3_2/ESP_019559_1390_RED-0698.jpg,ok,,JPEG,227.0,227.0,L,1.0,1.0,normal,dark dune,train,esp_019559_1390_red-0698,[],5af434a15c1b6d464f71f42d855c244425754777d79eb0707f7d98212c093ba7,14c5adce71bb39acef547be1452fcbab0e9958ed2706eee4d8deb2becb11831c,e7b199266c9933c4,137.67536726891657,30.171362530023945,550821f1450d98ec,[],2.0,esp_019559_1390,['train'],1.0,Counter({'train': 1}),test,5d6e98f4490839ab,True,hirise_clean,0,C:\Users\deves\OneDrive\Desktop\Projects\TCMD-SS\data\raw\hirise_v3_2\map-proj-v3_2\ESP_019559_1390_RED-0698.jpg
map-proj-v3_2/ESP_019559_1390_RED-0699.jpg,ok,,JPEG,227.0,227.0,L,1.0,1.0,normal,dark dune,train,esp_019559_1390_red-0699,[],e5533296f55ed0e6afbec1918242181a57264f82e376e8b6d734dcd2d6270427,3ac064eaa0453e2d20672edf506af99e1a959cfe49a7c9ac73b941473da8d29d,d5aaaa55ab4f088b,154.62133943992703,28.57755177052969,24ffd63f58740cf3,[],2.0,esp_019559_1390,['train'],1.0,Counter({'train': 1}),test,5d6e98f4490839ab,True,hirise_clean,0,C:\Users\deves\OneDrive\Desktop\Projects\TCMD-SS\data\raw\hirise_v3_2\map-proj-v3_2\ESP_019559_1390_RED-0699.jpg
map-proj-v3_2/ESP_019559_1390_RED-0701.jpg,ok,,JPEG,227.0,227.0,L,1.0,1.0,normal,dark dune,train,esp_019559_1390_red-0701,[],37752e714bbe671885b900519a294f97345364f0840cd39389af571cbcc28f64,bb19665a0bc39f9766ab260a79d349f91ac94e97824bf59f76f7f3fb41246c7f,e6b6998c6cd91332,153.90405402782898,21.495040104069176,0520285b218a90d2,[],2.0,esp_019559_1390,['train'],1.0,Counter({'train': 1}),test,5d6e98f4490839ab,True,hirise_clean,0,C:\Users\deves\OneDrive\Desktop\Projects\TCMD-SS\data\raw\hirise_v3_2\map-proj-v3_2\ESP_019559_1390_RED-0701.jpg
map-proj-v3_2/ESP_019559_1390_RED-0709.jpg,ok,,JPEG,227.0,227.0,L,1.0,1.0,normal,other,train,esp_019559_1390_red-0709,[],2e09d2985b934048b06c44f35821fd01f435f393392cef968584e3862da8adc3,0e994ab57e8e12b84296229893afdfd90077b370f8531654c17947df2b6bbbe9,e7216b4f9978d2a0,169.19462826757749,16.083109241143358,fef8a8c681b624d7,[],0.0,esp_019559_1390,['train'],1.0,Counter({'train': 1}),test,5d6e98f4490839ab,True,hirise_clean,0,C:\Users\deves\OneDrive\Desktop\Projects\TCMD-SS\data\raw\hirise_v3_2\map-proj-v3_2\ESP_019559_1390_RED-0709.jpg
map-proj-v3_2/ESP_019559_1390_RED-0720.jpg,ok,,JPEG,227.0,227.0,L,1.0,1.0,normal,other,train,esp_019559_1390_red-0720,[],88208fd72ca6d5ad850b40f1bc1587d11bfe242d9614caffa93e34609ec82caa,df0d1463848734005b2ab3cb0824696ac3e3092ce60720095e813f215d5f01bd,d215257acccd3b46,171.25434221506336,14.678119653012208,eb0203abe0b89844,[],0.0,esp_019559_1390,['train'],1.0,Counter({'train': 1}),test,5d6e98f4490839ab,True,hirise_clean,0,C:\Users\deves\OneDrive\Desktop\Projects\TCMD-SS\data\raw\hirise_v3_2\map-proj-v3_2\ESP_019559_1390_RED-0720.jpg
map-proj-v3_2/ESP_019559_1390_RED-0727.jpg,ok,,JPEG,227.0,227.0,L,1.0,1.0,normal,dark dune,train,esp_019559_1390_red-0727,[],3b0fe3df04106ebe126c0be540c4bf756421876825b4d780ec48f6a4b66c6476,7e5145a373883e19ed1ae18cda9d0c781d27047bb0e1ecbdf90f8d006dc69c6a,f7859a3664493396,143.66273360631877,30.106274030185105,e16f9055dd469478,[],2.0,esp_019559_1390,['train'],1.0,Counter({'train': 1}),test,5d6e98f4490839ab,True,hirise_clean,0,C:\Users\deves\OneDrive\Desktop\Projects\TCMD-SS\data\raw\hirise_v3_2\map-proj-v3_2\ESP_019559_1390_RED-0727.jpg
map-proj-v3_2/ESP_019559_1390_RED-0734.jpg,ok,,JPEG,227.0,227.0,L,1.0,1.0,normal,dark dune,train,esp_019559_1390_red-0734,[],fa9af94b057ec8e1b13a4a5d4a4243fa7eed235fa50064e568e6e25574f08f78,3bd1951bff8b5c16229fe28402a0f4ff8cb71bf9c3b6e9174e283da61823ffb1,c96d132dcece6063,95.6098895767432,74.26770743337937,36e3e4232d87cbf1,[],2.0,esp_019559_1390,['train'],1.0,Counter({'train': 1}),test,5d6e98f4490839ab,True,hirise_clean,0,C:\Users\deves\OneDrive\Desktop\Projects\TCMD-SS\data\raw\hirise_v3_2\map-proj-v3_2\ESP_019559_1390_RED-0734.jpg
map-proj-v3_2/ESP_019559_1390_RED-0738.jpg,ok,,JPEG,227.0,227.0,L,1.0,1.0,normal,other,train,esp_019559_1390_red-0738,[],fd54756a0337080caf52ff21b2e51696b0dd5852b2653121487f916e1fd50764,801f55d936b55c8afe539d3e9a4d1d03a7d5bbfcb7282556698b236018e721fc,825df0a14dcd1ae7,157.08533059054125,17.933096548593568,166cf5f7a4662cb7,[],0.0,esp_019559_1390,['train'],1.0,Counter({'train': 1}),test,5d6e98f4490839ab,True,hirise_clean,0,C:\Users\deves\OneDrive\Desktop\Projects\TCMD-SS\data\raw\hirise_v3_2\map-proj-v3_2\ESP_019559_1390_RED-0738.jpg
map-proj-v3_2/ESP_019559_1390_RED-0752.jpg,ok,,JPEG,227.0,227.0,L,1.0,1.0,normal,other,train,esp_019559_1390_red-0752,[],cf156851c8ad811551fc0dfef078b7e0baf328dfb1fdf55b6f90ad98fb5a62d6,bf13adb7bccb5758f9c324743ec016035ec823d1b009b884ea047e35beb943fd,e6d63c29abce0c4a,141.09569368705002,17.31964483234839,c1c8050748e43208,[],0.0,esp_019559_1390,['train'],1.0,Counter({'train': 1}),test,5d6e98f4490839ab,True,hirise_clean,0,C:\Users\deves\OneDrive\Desktop\Projects\TCMD-SS\data\raw\hirise_v3_2\map-proj-v3_2\ESP_019559_1390_RED-0752.jpg
map-proj-v3_2/ESP_019559_1390_RED-0759.jpg,ok,,JPEG,227.0,227.0,L,1.0,1.0,normal,other,train,esp_019559_1390_red-0759,[],f04914507f41babfe664f18cb312cbb541761317b70870cefe75bc9d1932545f,85afdd8b408b7b04b9f2e5409d03bd4bc4dde9dc740430dfcebd0a188182d632,8225990fdfb06dd2,142.90607230879698,16.8085173327072,06aae8659d9c564e,[],0.0,esp_019559_1390,['train'],1.0,Counter({'train': 1}),test,5d6e98f4490839ab,True,hirise_clean,0,C:\Users\deves\OneDrive\Desktop\Projects\TCMD-SS\data\raw\hirise_v3_2\map-proj-v3_2\ESP_019559_1390_RED-0759.jpg
map-proj-v3_2/ESP_019559_1390_RED-0760.jpg,ok,,JPEG,227.0,227.0,L,1.0,1.0,normal,other,train,esp_019559_1390_red-0760,[],b4d0b42aaa9a47c45233ef9a42665e46f2797d830268604fc631d3a6da122fe2,cb7e6afb40ca9e284d16febc48044c22020df524c5ee958d0fcb57db38bf706e,cc60db529cc8d375,151.1898348502785,17.240924895925627,436906646fc27411,[],0.0,esp_019559_1390,['train'],1.0,Counter({'train': 1}),test,5d6e98f4490839ab,True,hirise_clean,0,C:\Users\deves\OneDrive\Desktop\Projects\TCMD-SS\data\raw\hirise_v3_2\map-proj-v3_2\ESP_019559_1390_RED-0760.jpg
map-proj-v3_2/ESP_019559_1390_RED-0767.jpg,ok,,JPEG,227.0,227.0,L,1.0,1.0,normal,other,train,esp_019559_1390_red-0767,[],ac39b717ef61100f4180fed1c69501310c2c1deeb8763dd2adee36af5b79d760,de113894deff7fc90a250fed14a412d1972cd8f7bb183361782d0af3c29bf4ed,d555557313264d1b,152.11401346814415,25.115260768036997,2caeb0614733519c,[],0.0,esp_019559_1390,['train'],1.0,Counter({'train': 1}),test,5d6e98f4490839ab,True,hirise_clean,0,C:\Users\deves\OneDrive\Desktop\Projects\TCMD-SS\data\raw\hirise_v3_2\map-proj-v3_2\ESP_019559_1390_RED-0767.jpg
map-proj-v3_2/ESP_019559_1390_RED-0773.jpg,ok,,JPEG,227.0,227.0,L,1.0,1.0,normal,other,train,esp_019559_1390_red-0773,[],fd8c3679dfe77bdf06a8651eb99cf49e35e052c329bfc44fccdb72a3c0459bc3,29930641c66eec87e094a95341cb40d8cb94f4989cd2b8d50c95ec4ce601319e,8fb1f221efc013a6,151.63278930311088,14.42069232313785,7aff007db90ad784,[],0.0,esp_019559_1390,['train'],1.0,Counter({'train': 1}),test,5d6e98f4490839ab,True,hirise_clean,0,C:\Users\deves\OneDrive\Desktop\Projects\TCMD-SS\data\raw\hirise_v3_2\map-proj-v3_2\ESP_019559_1390_RED-0773.jpg
map-proj-v3_2/ESP_019559_1390_RED-0774.jpg,ok,,JPEG,227.0,227.0,L,1.0,1.0,normal,other,train,esp_019559_1390_red-0774,[],3485a2f6350a5ff0198350da4137b42ebbf0a619372ceb3d67007810b1395c1c,604efa6d03d9401737463e665bcd44ee5c8fb4da0930ab9c3d6afb85cb8f8510,c78a29dd3030e76b,153.32767955908324,16.06374127366137,3889bbf29de7d474,[],0.0,esp_019559_1390,['train'],1.0,Counter({'train': 1}),test,5d6e98f4490839ab,True,hirise_clean,0,C:\Users\deves\OneDrive\Desktop\Projects\TCMD-SS\data\raw\hirise_v3_2\map-proj-v3_2\ESP_019559_1390_RED-0774.jpg
map-proj-v3_2/ESP_019559_1390_RED-0780.jpg,ok,,JPEG,227.0,227.0,L,1.0,1.0,normal,other,train,esp_019559_1390_red-0780,[],765a87b05d29ce9da2b550f7b56d556479175872751e5862abf5b7069ee21ce3,6616218afa400d68b3f4ac60a5c78ff5285b24ba2a215e9d1be44ba15ea6a313,9c650ddeda4959a1,150.63455529895788,17.42145291011189,71a7e8d92ac47868,[],0.0,esp_019559_1390,['train'],1.0,Counter({'train': 1}),test,5d6e98f4490839ab,True,hirise_clean,0,C:\Users\deves\OneDrive\Desktop\Projects\TCMD-SS\data\raw\hirise_v3_2\map-proj-v3_2\ESP_019559_1390_RED-0780.jpg
map-proj-v3_2/ESP_019559_1390_RED-0784.jpg,ok,,JPEG,227.0,227.0,L,1.0,1.0,normal,other,train,esp_019559_1390_red-0784,[],cdfb6fc832d2587487a9f3f170d3fe0bf36c67885f92bb9c239582a6d34a8635,d45bb81568aed62a748905b9673948bc6c9a3a0d015e4fe55e21e515ee23f0c6,e3d2a4e1829bb745,140.0399774884046,15.830180345181995,50173002d4fe5fe2,[],0.0,esp_019559_1390,['train'],1.0,Counter({'train': 1}),test,5d6e98f4490839ab,True,hirise_clean,0,C:\Users\deves\OneDrive\Desktop\Projects\TCMD-SS\data\raw\hirise_v3_2\map-proj-v3_2\ESP_019559_1390_RED-0784.jpg
map-proj-v3_2/ESP_019559_1390_RED-0800.jpg,ok,,JPEG,227.0,227.0,L,1.0,1.0,normal,other,train,esp_019559_1390_red-0800,[],2153b3923ca26108e3cd88746b6a41df17921bc4fbb809227555b9f941e8a34e,7955a81018f49e40427860b56c7525749bef89ee68ca6cd212fb7deb76a3cc38,d5a8d91e95ab0a3c,151.81352248248558,16.85282761062271,7da135cab6c16b9c,[],0.0,esp_019559_1390,['train'],1.0,Counter({'train': 1}),test,5d6e98f4490839ab,True,hirise_clean,0,C:\Users\deves\OneDrive\Desktop\Projects\TCMD-SS\data\raw\hirise_v3_2\map-proj-v3_2\ESP_019559_1390_RED-0800.jpg
map-proj-v3_2/ESP_019559_1390_RED-0804.jpg,ok,,JPEG,227.0,227.0,L,1.0,1.0,normal,dark dune,train,esp_019559_1390_red-0804,[],34b49387effb5db65fc0d19e6a76f8277315441e3edb6f080aa43f493da67ca2,dd0dbd698e7e4c1992b7a7971472b89a14b82720982976f4afd17e9bc7b2608e,d556c87b93599264,135.37444933920705,55.171335527168665,119e4294de9f40c5,[],2.0,esp_019559_1390,['train'],1.0,Counter({'train': 1}),test,5d6e98f4490839ab,True,hirise_clean,0,C:\Users\deves\OneDrive\Desktop\Projects\TCMD-SS\data\raw\hirise_v3_2\map-proj-v3_2\ESP_019559_1390_RED-0804.jpg
map-proj-v3_2/ESP_019559_1390_RED-0812.jpg,ok,,JPEG,227.0,227.0,L,1.0,1.0,normal,other,train,esp_019559_1390_red-0812,[],008200e29090e18e3c2800fa94a34cb322df80ee596dfa3c98c08d690da4088c,3633b334d4e1d5de5f9245b204d53440c9ab4ea1e7d739eb8458e9c89ee170d1,bcb8f0e1e30e093e,154.13619515224437,16.17149966794192,f45c6b6941f59d39,[],0.0,esp_019559_1390,['train'],1.0,Counter({'train': 1}),test,5d6e98f4490839ab,True,hirise_clean,0,C:\Users\deves\OneDrive\Desktop\Projects\TCMD-SS\data\raw\hirise_v3_2\map-proj-v3_2\ESP_019559_1390_RED-0812.jpg
map-proj-v3_2/ESP_019559_1390_RED-0819.jpg,ok,,JPEG,227.0,227.0,L,1.0,1.0,normal,other,train,esp_019559_1390_red-0819,[],32ba5ee8fc972316c7aa23e8eb77b0eb9a7964ca8c75cd7079c55488d68016c3,53f20b8bb4fdb6cf82278a780842292d9c0bffc1e6c5e930e668c8140fdb977b,e3a9396a44dbc25c,169.787420675736,17.415728571116116,183a894f7e8f13d3,[],0.0,esp_019559_1390,['train'],1.0,Counter({'train': 1}),test,5d6e98f4490839ab,True,hirise_clean,0,C:\Users\deves\OneDrive\Desktop\Projects\TCMD-SS\data\raw\hirise_v3_2\map-proj-v3_2\ESP_019559_1390_RED-0819.jpg
map-proj-v3_2/ESP_019559_1390_RED-0824.jpg,ok,,JPEG,227.0,227.0,L,1.0,1.0,normal,other,train,esp_019559_1390_red-0824,[],4ac610e987daf99ac8fef26a66edd85d66b47afd1327420c1c9b5c17fa8c9acf,f1d7de3a5e191fa8ecdcb30b069b2b39df8b24544c4f8160b7568af008255128,a9769646d68cb0a7,153.33612140736284,17.601266527854982,a5cc91d51343008b,[],0.0,esp_019559_1390,['train'],1.0,Counter({'train': 1}),test,5d6e98f4490839ab,True,hirise_clean,0,C:\Users\deves\OneDrive\Desktop\Projects\TCMD-SS\data\raw\hirise_v3_2\map-proj-v3_2\ESP_019559_1390_RED-0824.jpg
map-proj-v3_2/ESP_019559_1390_RED-0829.jpg,ok,,JPEG,227.0,227.0,L,1.0,1.0,normal,other,train,esp_019559_1390_red-0829,[],cb44d2cce7450e5cf29f862d0aee859a804037279bc4be43df6ea79cbf42f474,6fad4819a7a847208aaf63c4c07bf62d14de30b2d1416395f63e59da7da9227f,949d282c7bd3eb82,163.21752799394517,17.427178438476314,6927b22bdf0a2d0c,[],0.0,esp_019559_1390,['train'],1.0,Counter({'train': 1}),test,5d6e98f4490839ab,True,hirise_clean,0,C:\Users\deves\OneDrive\Desktop\Projects\TCMD-SS\data\raw\hirise_v3_2\map-proj-v3_2\ESP_019559_1390_RED-0829.jpg
map-proj-v3_2/ESP_019559_1390_RED-0837.jpg,ok,,JPEG,227.0,227.0,L,1.0,1.0,normal,other,train,esp_019559_1390_red-0837,[],1b4d25e2f122b03fc079b282987587280052df7185acc5abeed145e2bc68ffa9,9bb11eb1ad6e25744efe0b813b0936ebbccc0abdde748cb97d40bd6dfe3af86a,c6c6feeccc88058e,163.2175085873974,17.638974550516966,a1937e1d793ffb35,[],0.0,esp_019559_1390,['train'],1.0,Counter({'train': 1}),test,5d6e98f4490839ab,True,hirise_clean,0,C:\Users\deves\OneDrive\Desktop\Projects\TCMD-SS\data\raw\hirise_v3_2\map-proj-v3_2\ESP_019559_1390_RED-0837.jpg
map-proj-v3_2/ESP_019559_1390_RED-0838.jpg,ok,,JPEG,227.0,227.0,L,1.0,1.0,normal,other,train,esp_019559_1390_red-0838,[],91447698ab368bdbb7479bcab6119b24d28dbb438b9f9dc7f102e42c41e6478e,85b77f2a57f5142841bc1a18ad4f2dfc56a6b193e2d9c372ea8fad42973252e9,a82a83376fcc9a56,149.15385511071435,17.739843738468586,8afbecf059c860aa,[],0.0,esp_019559_1390,['train'],1.0,Counter({'train': 1}),test,5d6e98f4490839ab,True,hirise_clean,0,C:\Users\deves\OneDrive\Desktop\Projects\TCMD-SS\data\raw\hirise_v3_2\map-proj-v3_2\ESP_019559_1390_RED-0838.jpg
map-proj-v3_2/ESP_019559_1390_RED-0841.jpg,ok,,JPEG,227.0,227.0,L,1.0,1.0,normal,other,train,esp_019559_1390_red-0841,[],c4aaa0fa2516510e3cd5fc08b5452f27c6152823dc929fae7465b1960284fa09,6ff038e33bdb3257387a53dd1f91673b6524e926348b6bf829a3325a3e9e2dba,9e5356a605bbe628,158.86388247394672,18.51949541768277,18e963cf13a66af5,[],0.0,esp_019559_1390,['train'],1.0,Counter({'train': 1}),test,5d6e98f4490839ab,True,hirise_clean,0,C:\Users\deves\OneDrive\Desktop\Projects\TCMD-SS\data\raw\hirise_v3_2\map-proj-v3_2\ESP_019559_1390_RED-0841.jpg
map-proj-v3_2/ESP_019559_1390_RED-0851.jpg,ok,,JPEG,227.0,227.0,L,1.0,1.0,normal,other,train,esp_019559_1390_red-0851,[],60cfb8421048a45ccf7f7586168db597bd6bead5f0ac5b5c7a04c7c3d04b9979,a3e84d8e87ccedcfbae9904202da370cab74e9af92868d30053c4881551c5a41,b8776b5a6fd89020,159.5506996060471,18.039839492333098,c8f479e6e212424c,[],0.0,esp_019559_1390,['train'],1.0,Counter({'train': 1}),test,5d6e98f4490839ab,True,hirise_clean,0,C:\Users\deves\OneDrive\Desktop\Projects\TCMD-SS\data\raw\hirise_v3_2\map-proj-v3_2\ESP_019559_1390_RED-0851.jpg
map-proj-v3_2/ESP_019559_1390_RED-0856.jpg,ok,,JPEG,227.0,227.0,L,1.0,1.0,normal,other,train,esp_019559_1390_red-0856,[],3f3373d6dc300470f7c642707efc18af7d1d57f48f90a914c88e20f76533cd1a,83775b0101ddbe5e212ba14d52c349d89a9a90f4b549741699aaf1a36b5737a9,c8f9a7668c8953a6,148.53179762851985,17.250868540447144,2eb176887514f4e5,[],0.0,esp_019559_1390,['train'],1.0,Counter({'train': 1}),test,5d6e98f4490839ab,True,hirise_clean,0,C:\Users\deves\OneDrive\Desktop\Projects\TCMD-SS\data\raw\hirise_v3_2\map-proj-v3_2\ESP_019559_1390_RED-0856.jpg
map-proj-v3_2/ESP_019559_1390_RED-0869.jpg,ok,,JPEG,227.0,227.0,L,1.0,1.0,normal,other,train,esp_019559_1390_red-0869,[],09c059f659288d9911008c96191e0d92442e7fe4d76325ea4a456358d7981ad4,ef7abc42a774c4f38c45dd14ab83f35bd4fb5f8c070d0a57725cb63d00291fed,8a321ebcb23768ce,163.27590288963495,17.478710953035232,e4acfcbe0152ddd2,[],0.0,esp_019559_1390,['train'],1.0,Counter({'train': 1}),test,5d6e98f4490839ab,True,hirise_clean,0,C:\Users\deves\OneDrive\Desktop\Projects\TCMD-SS\data\raw\hirise_v3_2\map-proj-v3_2\ESP_019559_1390_RED-0869.jpg
map-proj-v3_2/ESP_019559_1390_RED-0872.jpg,ok,,JPEG,227.0,227.0,L,1.0,1.0,normal,other,train,esp_019559_1390_red-0872,[],01cf0c519a380a5e042b36e8c533485e4cd90d78d8989afa7944472b950ab7e1,1a599e33fa211be38951c871827e9bd4e86f5de4780cb1ea498dd96b88ae6eff,838ebaf2cd07aca8,154.91699819519107,18.51041248591775,d34eaac16ee7ac3f,[],0.0,esp_019559_1390,['train'],1.0,Counter({'train': 1}),test,5d6e98f4490839ab,True,hirise_clean,0,C:\Users\deves\OneDrive\Desktop\Projects\TCMD-SS\data\raw\hirise_v3_2\map-proj-v3_2\ESP_019559_1390_RED-0872.jpg
map-proj-v3_2/ESP_019559_1390_RED-0881.jpg,ok,,JPEG,227.0,227.0,L,1.0,1.0,normal,other,train,esp_019559_1390_red-0881,[],b90d084543ec25f4bc13f403975f2a7f5daa3a591f3c8ec6dc25785af15021b3,131aada92ae0a3049e5da0fc937fa6ab2e2cac338040c8250fc17d416db6941a,86cad1e7c21f748c,166.93564788759727,16.327842236923555,a161afe352da70ff,[],0.0,esp_019559_1390,['train'],1.0,Counter({'train': 1}),test,5d6e98f4490839ab,True,hirise_clean,0,C:\Users\deves\OneDrive\Desktop\Projects\TCMD-SS\data\raw\hirise_v3_2\map-proj-v3_2\ESP_019559_1390_RED-0881.jpg
map-proj-v3_2/ESP_019559_1390_RED-0883.jpg,ok,,JPEG,227.0,227.0,L,1.0,1.0,normal,other,train,esp_019559_1390_red-0883,[],e8ed5f8ae89b6c855548f96763b7a6ceb8548b75265e56ecdcd07e8e3ad75af8,3c845edb78394764b0ca7f0434be88e93cecfdbfb9cc733b66bd5303b9663af3,8d84f953471cf529,151.4449727338004,16.510361002089315,3278ecf2a38ff0fd,[],0.0,esp_019559_1390,['train'],1.0,Counter({'train': 1}),test,5d6e98f4490839ab,True,hirise_clean,0,C:\Users\deves\OneDrive\Desktop\Projects\TCMD-SS\data\raw\hirise_v3_2\map-proj-v3_2\ESP_019559_1390_RED-0883.jpg
map-proj-v3_2/ESP_019559_1390_RED-0885.jpg,ok,,JPEG,227.0,227.0,L,1.0,1.0,normal,other,train,esp_019559_1390_red-0885,[],cf8a064c475fb8d8968536f9db3cdb452366d5cd8012549404e032a8bbebec82,5a5719ce84dde427098b9c6e428bb93b5cca6ef34f1547427f8f37e02e9c40ca,ce8cf8f8d3d42063,172.588969318248,17.681119507529562,fc7e8f65a538a934,[],0.0,esp_019559_1390,['train'],1.0,Counter({'train': 1}),test,5d6e98f4490839ab,True,hirise_clean,0,C:\Users\deves\OneDrive\Desktop\Projects\TCMD-SS\data\raw\hirise_v3_2\map-proj-v3_2\ESP_019559_1390_RED-0885.jpg
map-proj-v3_2/ESP_019559_1390_RED-0886.jpg,ok,,JPEG,227.0,227.0,L,1.0,1.0,normal,other,train,esp_019559_1390_red-0886,[],fc445e674154899d7f7b8451305a8682d345290964b32b90f2ca98fcc63ef96a,2ace3168542e36c1562a810ad4be1e299f5b7116ab90c3d38e556188b98a9afc,abe8fa62489d685a,160.94438083409344,17.39999473316833,93b6fa8324ff166d,[],0.0,esp_019559_1390,['train'],1.0,Counter({'train': 1}),test,5d6e98f4490839ab,True,hirise_clean,0,C:\Users\deves\OneDrive\Desktop\Projects\TCMD-SS\data\raw\hirise_v3_2\map-proj-v3_2\ESP_019559_1390_RED-0886.jpg
map-proj-v3_2/ESP_019559_1390_RED-0893.jpg,ok,,JPEG,227.0,227.0,L,1.0,1.0,normal,other,train,esp_019559_1390_red-0893,[],88674d7a3d85712cf9c41a927a39b61ea48a1cc6dba47937bcc31ce2e411fb49,d8d68573acf92bc100bf5ed7ea5b3c3a088deb07118a5c4fafe90bc9dc388dbc,8d592af8694b52e5,172.52312290166702,17.523661350231453,a93fc5eb92f6ef7c,[],0.0,esp_019559_1390,['train'],1.0,Counter({'train': 1}),test,5d6e98f4490839ab,True,hirise_clean,0,C:\Users\deves\OneDrive\Desktop\Projects\TCMD-SS\data\raw\hirise_v3_2\map-proj-v3_2\ESP_019559_1390_RED-0893.jpg
map-proj-v3_2/ESP_019559_1390_RED-0901.jpg,ok,,JPEG,227.0,227.0,L,1.0,1.0,normal,other,train,esp_019559_1390_red-0901,[],caa3703a5ad63c249c9d4c361ba264bd6dfcf365a2c87665a023e04b8aa64965,30c66751224b5aa8d467662019fddde23bb75cccf0bc67d47fafa04a9961d26e,afc786b80dd9083b,173.01771817811328,18.226569103673647,8f4a0096b533e62a,[],0.0,esp_019559_1390,['train'],1.0,Counter({'train': 1}),test,5d6e98f4490839ab,True,hirise_clean,0,C:\Users\deves\OneDrive\Desktop\Projects\TCMD-SS\data\raw\hirise_v3_2\map-proj-v3_2\ESP_019559_1390_RED-0901.jpg
map-proj-v3_2/ESP_019559_1390_RED-0902.jpg,ok,,JPEG,227.0,227.0,L,1.0,1.0,normal,other,train,esp_019559_1390_red-0902,[],31b601597e4c36e56ff4b941dd0887ffd99ab9103adcf2db6aa4e2c24e763034,71b658a7240871f7dff1fd32d72f81b268e1efd21511dae701c4fd6431b03ff5,88b277e8c0efce09,169.76867395059094,16.78829055592725,a16b713eb0ca2d99,[],0.0,esp_019559_1390,['train'],1.0,Counter({'train': 1}),test,5d6e98f4490839ab,True,hirise_clean,0,C:\Users\deves\OneDrive\Desktop\Projects\TCMD-SS\data\raw\hirise_v3_2\map-proj-v3_2\ESP_019559_1390_RED-0902.jpg
map-proj-v3_2/ESP_019559_1390_RED-0904.jpg,ok,,JPEG,227.0,227.0,L,1.0,1.0,normal,other,train,esp_019559_1390_red-0904,[],029acde45caf40ef3fdf7fe59bc2ef93d2818b15b1de6796b266fc234e3852fe,d9e60749e394a643ae7a13b731bdf3fe710da26e4df693845072468bbbfd81d9,c5ad3bf605283c9a,175.15501950358052,16.185610568824377,21b041cbb0084fd1,[],0.0,esp_019559_1390,['train'],1.0,Counter({'train': 1}),test,5d6e98f4490839ab,True,hirise_clean,0,C:\Users\deves\OneDrive\Desktop\Projects\TCMD-SS\data\raw\hirise_v3_2\map-proj-v3_2\ESP_019559_1390_RED-0904.jpg
map-proj-v3_2/ESP_019559_1390_RED-0912.jpg,ok,,JPEG,227.0,227.0,L,1.0,1.0,normal,other,train,esp_019559_1390_red-0912,[],685a9ad1a9d92743fc9b7b7f7852f7c790772b9b45ac16e189677f728db7aad5,8c8af855175ba721c5d9f2a5551bfe90fe97b01c4559009de7b15d2cc8535a5f,ac2e36ed9830a5ab,144.53655223272332,16.758895882442292,19882b2bf70c9cf6,[],0.0,esp_019559_1390,['train'],1.0,Counter({'train': 1}),test,5d6e98f4490839ab,True,hirise_clean,0,C:\Users\deves\OneDrive\Desktop\Projects\TCMD-SS\data\raw\hirise_v3_2\map-proj-v3_2\ESP_019559_1390_RED-0912.jpg
map-proj-v3_2/ESP_019559_1390_RED-0918.jpg,ok,,JPEG,227.0,227.0,L,1.0,1.0,normal,other,train,esp_019559_1390_red-0918,[],1a3fca133ba9460e6de57ebb828b826036fc9e010f8ddbd123303930227c2a7c,440b8f0861486a912ce230e3f98fee542b2696cafa5c5d43eac6d1a8bf988415,ace08bc3bb3364ac,157.086863707815,17.041551264015084,752a9f9266b846e4,[],0.0,esp_019559_1390,['train'],1.0,Counter({'train': 1}),test,5d6e98f4490839ab,True,hirise_clean,0,C:\Users\deves\OneDrive\Desktop\Projects\TCMD-SS\data\raw\hirise_v3_2\map-proj-v3_2\ESP_019559_1390_RED-0918.jpg
map-proj-v3_2/ESP_019559_1390_RED-0925.jpg,ok,,JPEG,227.0,227.0,L,1.0,1.0,normal,other,train,esp_019559_1390_red-0925,[],8d7ca8a43aa0c93573f091c85a00629033b83dbad78e8e3d2ee1036d1ed0dd9a,794b89cc94a692e1ffa0ef257ddc17295a5abf932935c8a6b575c65be637f06c,962cc85bf7449595,158.60270915406858,18.09886611377197,a1c9216a8e43b4cd,[],0.0,esp_019559_1390,['train'],1.0,Counter({'train': 1}),test,5d6e98f4490839ab,True,hirise_clean,0,C:\Users\deves\OneDrive\Desktop\Projects\TCMD-SS\data\raw\hirise_v3_2\map-proj-v3_2\ESP_019559_1390_RED-0925.jpg
map-proj-v3_2/ESP_019559_1390_RED-0938.jpg,ok,,JPEG,227.0,227.0,L,1.0,1.0,normal,other,train,esp_019559_1390_red-0938,[],336143bdd58613dfda51e157224a1176ad0d296fcc3683b7f0eb77be107bec01,9f6b2a790f6bb4e8e88379ede6c9350217cc6a598a31d4697e8dd401138f841c,a08eb4cd5b912b5e,156.8300956742805,16.127345673028124,21f5d93b481c86d7,[],0.0,esp_019559_1390,['train'],1.0,Counter({'train': 1}),test,5d6e98f4490839ab,True,hirise_clean,0,C:\Users\deves\OneDrive\Desktop\Projects\TCMD-SS\data\raw\hirise_v3_2\map-proj-v3_2\ESP_019559_1390_RED-0938.jpg
map-proj-v3_2/ESP_019559_1390_RED-0951.jpg,ok,,JPEG,227.0,227.0,L,1.0,1.0,normal,dark dune,train,esp_019559_1390_red-0951,[],e9cddbdf2c860d9a839a662ffde03337c8b411be74fc86dbfb9c40ee3cc17671,a03f0f5868929ed1acfd9bce1a75d44af7e4a6fc299570dd8a8e24d4d35f961d,cbb45b346e593a22,161.1485959362689,19.790836636939872,ec9e958b6f3b340b,[],2.0,esp_019559_1390,['train'],1.0,Counter({'train': 1}),test,5d6e98f4490839ab,True,hirise_clean,0,C:\Users\deves\OneDrive\Desktop\Projects\TCMD-SS\data\raw\hirise_v3_2\map-proj-v3_2\ESP_019559_1390_RED-0951.jpg
map-proj-v3_2/ESP_019559_1390_RED-0953.jpg,ok,,JPEG,227.0,227.0,L,1.0,1.0,normal,other,train,esp_019559_1390_red-0953,[],bbb190e73f9180e2dcdfe6136534a112d81348c74919b118363436059a57b322,64d313031e75685b14890cc6e340c14b3214074fcc112fcc22432a64a2f2415e,cd5eb830cf18313e,177.01628209357838,16.748771999490533,76d6243aa34d6289,[],0.0,esp_019559_1390,['train'],1.0,Counter({'train': 1}),test,5d6e98f4490839ab,True,hirise_clean,0,C:\Users\deves\OneDrive\Desktop\Projects\TCMD-SS\data\raw\hirise_v3_2\map-proj-v3_2\ESP_019559_1390_RED-0953.jpg
map-proj-v3_2/ESP_019559_1390_RED-0964.jpg,ok,,JPEG,227.0,227.0,L,1.0,1.0,normal,other,train,esp_019559_1390_red-0964,[],d06760cb12db3308657d499e23ded97e507a4ef7c2dd3bd72c9967bc4a9e6ef9,4338b2026907ce90770c128599a3fe6257bbe464f5796bb1be21d4b919217eeb,b4fa856b463dd230,156.0847872072037,17.351870177111252,7f6ee3f810a65067,[],0.0,esp_019559_1390,['train'],1.0,Counter({'train': 1}),test,5d6e98f4490839ab,True,hirise_clean,0,C:\Users\deves\OneDrive\Desktop\Projects\TCMD-SS\data\raw\hirise_v3_2\map-proj-v3_2\ESP_019559_1390_RED-0964.jpg
map-proj-v3_2/ESP_019559_1390_RED-0966.jpg,ok,,JPEG,227.0,227.0,L,1.0,1.0,normal,other,train,esp_019559_1390_red-0966,[],99f3c82bced676cee91ca55a9c9ad88cc2ee044d2b72aa4c64301437dcfe4c63,6d7f2dd02d5bfc4a5b3caa4256173f78610689e36840368a75c6bf1b17c5b8ef,8e9715f9f4d47880,181.09282151798016,16.91260917590717,c5919cd218fe7c22,[],0.0,esp_019559_1390,['train'],1.0,Counter({'train': 1}),test,5d6e98f4490839ab,True,hirise_clean,0,C:\Users\deves\OneDrive\Desktop\Projects\TCMD-SS\data\raw\hirise_v3_2\map-proj-v3_2\ESP_019559_1390_RED-0966.jpg
map-proj-v3_2/ESP_019559_1390_RED-0968.jpg,ok,,JPEG,227.0,227.0,L,1.0,1.0,normal,other,train,esp_019559_1390_red-0968,[],bc41f749adc82559249391f8966dd32d47061f4f1556eba2abaf3c711343b660,2c6ba5d13bbd7b21e8fdeaffed2c9165b30327419d4dd43f4b072d0ce4a1102b,c72e1927074fdcb0,180.24621087154807,16.36140150805606,e638ee90be6f5ed6,[],0.0,esp_019559_1390,['train'],1.0,Counter({'train': 1}),test,5d6e98f4490839ab,True,hirise_clean,0,C:\Users\deves\OneDrive\Desktop\Projects\TCMD-SS\data\raw\hirise_v3_2\map-proj-v3_2\ESP_019559_1390_RED-0968.jpg
map-proj-v3_2/ESP_019559_1390_RED-0970.jpg,ok,,JPEG,227.0,227.0,L,1.0,1.0,normal,other,train,esp_019559_1390_red-0970,[],0655f00c24bd9a37d2305d13f7319632f577383a4b70fb9532c38695f75b6fd6,f42d676f09ecb22e93cb4d8fd44b5a2fadd0d3d9d7650823a75383096b3d43df,dd2a7af0a19b9251,183.70212889829028,17.57361043118634,b2e68bb61910c55f,[],0.0,esp_019559_1390,['train'],1.0,Counter({'train': 1}),test,5d6e98f4490839ab,True,hirise_clean,0,C:\Users\deves\OneDrive\Desktop\Projects\TCMD-SS\data\raw\hirise_v3_2\map-proj-v3_2\ESP_019559_1390_RED-0970.jpg
map-proj-v3_2/ESP_019559_1390_RED-0974.jpg,ok,,JPEG,227.0,227.0,L,1.0,1.0,normal,other,train,esp_019559_1390_red-0974,[],aeec012f885a78d0ef1a08a90f94148aed6d762b8baac0a78e83167cad5cec1d,285c4c520d648649c7ca55204e6afc923c2da7d6da1baac7dc1686410c2f8bc3,e9fa8982668e1e5c,181.8925265384541,16.417256224061557,059edeec5c212c14,[],0.0,esp_019559_1390,['train'],1.0,Counter({'train': 1}),test,5d6e98f4490839ab,True,hirise_clean,0,C:\Users\deves\OneDrive\Desktop\Projects\TCMD-SS\data\raw\hirise_v3_2\map-proj-v3_2\ESP_019559_1390_RED-0974.jpg
map-proj-v3_2/ESP_019559_1390_RED-0981.jpg,ok,,JPEG,227.0,227.0,L,1.0,1.0,normal,other,train,esp_019559_1390_red-0981,[],4e2298166ea03e08e0a768854a77d66aabc2cfd8ae04c78ce099b8a25e76b15c,adda6c88985dd3eade12ee8b0442309cdabc935984f661c72a1344e3cb6ebd2a,cd80fac48d90b77c,182.2108327349648,17.1347300430779,c89c5f2544da7b14,[],0.0,esp_019559_1390,['train'],1.0,Counter({'train': 1}),test,5d6e98f4490839ab,True,hirise_clean,0,C:\Users\deves\OneDrive\Desktop\Projects\TCMD-SS\data\raw\hirise_v3_2\map-proj-v3_2\ESP_019559_1390_RED-0981.jpg
map-proj-v3_2/ESP_019559_1390_RED-0984.jpg,ok,,JPEG,227.0,227.0,L,1.0,1.0,normal,other,train,esp_019559_1390_red-0984,[],8605974dfec1909c01ea25140e74d2415a12cfda9a260413bd309f196b3cd994,0d2a67b215fbfae8fbf143feb64f1e8f9008aa7551f447b7c35d49721f679b84,80f873e6e9b1611b,173.1831978109414,15.267589082155254,d20d0fd12d1bece3,[],0.0,esp_019559_1390,['train'],1.0,Counter({'train': 1}),test,5d6e98f4490839ab,True,hirise_clean,0,C:\Users\deves\OneDrive\Desktop\Projects\TCMD-SS\data\raw\hirise_v3_2\map-proj-v3_2\ESP_019559_1390_RED-0984.jpg
map-proj-v3_2/ESP_019559_1390_RED-0987.jpg,ok,,JPEG,227.0,227.0,L,1.0,1.0,normal,other,train,esp_019559_1390_red-0987,[],7578d1bda84cd72a386d81427f7e3dad852b898a7ec3b412bf00f298ce64e3f5,5167d2b4d9062772ac995c36cb6311d019f3a44d917defebbd3a7233721ab4f6,c499b93ce863c4d9,180.13204215102175,16.223985762126134,04c4f6f13d02901d,[],0.0,esp_019559_1390,['train'],1.0,Counter({'train': 1}),test,5d6e98f4490839ab,True,hirise_clean,0,C:\Users\deves\OneDrive\Desktop\Projects\TCMD-SS\data\raw\hirise_v3_2\map-proj-v3_2\ESP_019559_1390_RED-0987.jpg
map-proj-v3_2/ESP_019559_1390_RED-0991.jpg,ok,,JPEG,227.0,227.0,L,1.0,1.0,normal,other,train,esp_019559_1390_red-0991,[],0ac43551167b27212b0623581b46c2305c0b37a20bb8cbb91b5278540ae44700,11767f51ba041f8169d28a28b6e9795a2e46f18fd92335612eff9ce8d09acc67,c4b9ba0971479a3e,181.7483358885288,17.248740135644795,b9c528bb363987f2,[],0.0,esp_019559_1390,['train'],1.0,Counter({'train': 1}),test,5d6e98f4490839ab,True,hirise_clean,0,C:\Users\deves\OneDrive\Desktop\Projects\TCMD-SS\data\raw\hirise_v3_2\map-proj-v3_2\ESP_019559_1390_RED-0991.jpg
map-proj-v3_2/ESP_019559_1390_RED-0994.jpg,ok,,JPEG,227.0,227.0,L,1.0,1.0,normal,other,train,esp_019559_1390_red-0994,[],20f5ad61961530ab7994db8c2785408742dbea6230c4a6ff0d3448dcfb7ae046,7429a1a4fc6e0f9dde787faea22ddbb9722f21c86fdd702146711971649cf5fb,f7255991a04dab3a,181.7665004172408,17.18198827295207,4d2ce0e9e03db259,[],0.0,esp_019559_1390,['train'],1.0,Counter({'train': 1}),test,5d6e98f4490839ab,True,hirise_clean,0,C:\Users\deves\OneDrive\Desktop\Projects\TCMD-SS\data\raw\hirise_v3_2\map-proj-v3_2\ESP_019559_1390_RED-0994.jpg
map-proj-v3_2/ESP_019559_1390_RED-0997.jpg,ok,,JPEG,227.0,227.0,L,1.0,1.0,normal,other,train,esp_019559_1390_red-0997,[],30b2308cd3cd46940cab063bc27ffa610b0514e01fccafbe50c8fd4ce9c3d044,ce5f4d9db11dcb3bbc67fcab7654ac7951f51200fb3ed83cc453feb436ebd429,994fee11038d3735,180.47047293756916,15.653719552671658,c833dfa38c266bd1,[],0.0,esp_019559_1390,['train'],1.0,Counter({'train': 1}),test,5d6e98f4490839ab,True,hirise_clean,0,C:\Users\deves\OneDrive\Desktop\Projects\TCMD-SS\data\raw\hirise_v3_2\map-proj-v3_2\ESP_019559_1390_RED-0997.jpg
map-proj-v3_2/ESP_019559_1390_RED-1001.jpg,ok,,JPEG,227.0,227.0,L,1.0,1.0,normal,other,train,esp_019559_1390_red-1001,[],dfc6ee9029b8e7ac821195910a9f1f7e73642fc5e5e29a6736de265b8e0134d9,c0bbe934db11bad343a64e362b2e818dc29432a29f8eb5b0d294f859e74ca43b,d5a28d228e9cc7b6,180.1678860447515,17.13321633488733,1d0cbfaad29d4837,[],0.0,esp_019559_1390,['train'],1.0,Counter({'train': 1}),test,5d6e98f4490839ab,True,hirise_clean,0,C:\Users\deves\OneDrive\Desktop\Projects\TCMD-SS\data\raw\hirise_v3_2\map-proj-v3_2\ESP_019559_1390_RED-1001.jpg
map-proj-v3_2/ESP_019559_1390_RED-1012.jpg,ok,,JPEG,227.0,227.0,L,1.0,1.0,normal,other,train,esp_019559_1390_red-1012,[],c71319b7889f913124c23cd1b92847ade648b43c9d09c5492c88f8021d92d665,f8b9f625dcec6db9757e4fc000e7a5fbdebaf14e9e4fb2b601b1b9bc38454516,813c19a4a9abbd6b,178.51636942304333,17.983436676292055,c346fb0099704884,[],0.0,esp_019559_1390,['train'],1.0,Counter({'train': 1}),test,5d6e98f4490839ab,True,hirise_clean,0,C:\Users\deves\OneDrive\Desktop\Projects\TCMD-SS\data\raw\hirise_v3_2\map-proj-v3_2\ESP_019559_1390_RED-1012.jpg
map-proj-v3_2/ESP_019559_1390_RED-1015.jpg,ok,,JPEG,227.0,227.0,L,1.0,1.0,normal,other,train,esp_019559_1390_red-1015,[],5791062d56d7b5c6372f400ce3ebcc3101e10e19bf2dc31fb6936e765e823621,06b86375c29423d733aefc0d04be4a0d55369045da3c707acb3e060e3030feba,a719684fd4d78583,130.9617302877991,80.1192481156146,3cc36e9118367373,[],0.0,esp_019559_1390,['train'],1.0,Counter({'train': 1}),test,5d6e98f4490839ab,True,hirise_clean,0,C:\Users\deves\OneDrive\Desktop\Projects\TCMD-SS\data\raw\hirise_v3_2\map-proj-v3_2\ESP_019559_1390_RED-1015.jpg
map-proj-v3_2/ESP_019559_1390_RED-1017.jpg,ok,,JPEG,227.0,227.0,L,1.0,1.0,normal,other,train,esp_019559_1390_red-1017,[],1d6bddf818ac714a663a116994a9d59b646d1c3398f931241078cbf112f48a9a,18aeb7ece4119945d018d12b68a1fee07ebd7e61a60dcbff00ceb82f8cd1a21d,ced47f644454f162,182.84703759048304,17.972236038498068,df33384bca617e94,[],0.0,esp_019559_1390,['train'],1.0,Counter({'train': 1}),test,5d6e98f4490839ab,True,hirise_clean,0,C:\Users\deves\OneDrive\Desktop\Projects\TCMD-SS\data\raw\hirise_v3_2\map-proj-v3_2\ESP_019559_1390_RED-1017.jpg
map-proj-v3_2/ESP_019559_1390_RED-1019.jpg,ok,,JPEG,227.0,227.0,L,1.0,1.0,normal,other,train,esp_019559_1390_red-1019,[],52acfa1c8d6bc41ee7e0f297f472a1ce8785e085a04060a23c53824d5bb8c3a0,df40b22b6cda2c913195a232db242727a64c3199762d3273b671ec4a94179d3c,a806377d78d7c48c,134.6669448271847,76.13116344424135,982c7f464724d348,[],0.0,esp_019559_1390,['train'],1.0,Counter({'train': 1}),test,5d6e98f4490839ab,True,hirise_clean,0,C:\Users\deves\OneDrive\Desktop\Projects\TCMD-SS\data\raw\hirise_v3_2\map-proj-v3_2\ESP_019559_1390_RED-1019.jpg
map-proj-v3_2/ESP_019559_1390_RED-1020.jpg,ok,,JPEG,227.0,227.0,L,1.0,1.0,normal,other,train,esp_019559_1390_red-1020,[],fe01a39b0ab15c7cb58f8679c9e19366b2ffcdf5f831cb17251d325cf30b8c40,11a6cb509504d4cf3b211b58ba3ae513c62ed9c60c6cf8ca7f7d6d19ff794de2,8e091f2f0e0f1b1f,178.09419938287178,27.54314132087415,892edd6b804856a9,[],0.0,esp_019559_1390,['train'],1.0,Counter({'train': 1}),test,5d6e98f4490839ab,True,hirise_clean,0,C:\Users\deves\OneDrive\Desktop\Projects\TCMD-SS\data\raw\hirise_v3_2\map-proj-v3_2\ESP_019559_1390_RED-1020.jpg
map-proj-v3_2/ESP_019559_1390_RED-1023.jpg,ok,,JPEG,227.0,227.0,L,1.0,1.0,normal,other,train,esp_019559_1390_red-1023,[],c721bb04196054cdd6ba2712081f1017bd19440d8554679e8b8d7e83d4d99aff,1306cf1aa1d570d4dfdea933703b009ea3217feb34ff27ac37e348ff9a8fcd46,890238667d7cfbc2,147.82615614508336,67.82981116979984,9803b3b511bb960d,[],0.0,esp_019559_1390,['train'],1.0,Counter({'train': 1}),test,5d6e98f4490839ab,True,hirise_clean,0,C:\Users\deves\OneDrive\Desktop\Projects\TCMD-SS\data\raw\hirise_v3_2\map-proj-v3_2\ESP_019559_1390_RED-1023.jpg
map-proj-v3_2/ESP_019559_1390_RED-1025.jpg,ok,,JPEG,227.0,227.0,L,1.0,1.0,normal,other,train,esp_019559_1390_red-1025,[],36433efc4ca3bf580d7d9d41b221d96374224971e6f55e2348658960847b7459,7aad580e4eede1052280d5ffa6f9993307d527f91a627eb3fd168eb44e1fa2db,ab245a78d7d78c81,131.1696520405985,79.6684035894701,97824f694e873153,[],0.0,esp_019559_1390,['train'],1.0,Counter({'train': 1}),test,5d6e98f4490839ab,True,hirise_clean,0,C:\Users\deves\OneDrive\Desktop\Projects\TCMD-SS\data\raw\hirise_v3_2\map-proj-v3_2\ESP_019559_1390_RED-1025.jpg
map-proj-v3_2/ESP_020133_1720_RED-0005.jpg,ok,,JPEG,227.0,227.0,L,1.0,1.0,normal,other,val,esp_020133_1720_red-0005,[],b558def907d2aa9f10c4bb538d7158194877e76fe33bcbcea3a39bde3aa4045e,f820e7d79c116b230ea76e8b1777aee76c94ecad424fc70866c7680ebe4fa3b4,c9885be22cd9a36e,147.754623610006,70.02038769326592,5497609de494ec78,[],0.0,esp_020133_1720,['val'],1.0,Counter({'val': 1}),test,59ea2b45b332c92d,True,hirise_clean,0,C:\Users\deves\OneDrive\Desktop\Projects\TCMD-SS\data\raw\hirise_v3_2\map-proj-v3_2\ESP_020133_1720_RED-0005.jpg
map-proj-v3_2/ESP_020133_1720_RED-0011.jpg,ok,,JPEG,227.0,227.0,L,1.0,1.0,normal,other,val,esp_020133_1720_red-0011,[],6d22d091965588a0b0aae96f0a442bff9b4b7a73fa9c999dd44861b2d33847d0,b54551817b739327d7d8b0871abb7fc814c76f7f15665caaaf9d85e261ff6b73,fb60c847827fc685,161.76289079935572,13.933670006412273,789e05af597fa9f7,[],0.0,esp_020133_1720,['val'],1.0,Counter({'val': 1}),test,59ea2b45b332c92d,True,hirise_clean,0,C:\Users\deves\OneDrive\Desktop\Projects\TCMD-SS\data\raw\hirise_v3_2\map-proj-v3_2\ESP_020133_1720_RED-0011.jpg
map-proj-v3_2/ESP_020133_1720_RED-0012.jpg,ok,,JPEG,227.0,227.0,L,1.0,1.0,normal,crater,val,esp_020133_1720_red-0012,[],ed7e7f699951689d7e5851dde16a3380a5fe9986e2acb4bd6d81957243ea46c0,49cd9b00ac33a36bd38a83ef6928400ba9af4fbad70d86597e30b61940bf4fe0,f1ae4c985ab742b4,164.222166158862,33.25279634531802,ce4d973b3ee05b6f,[],1.0,esp_020133_1720,['val'],1.0,Counter({'val': 1}),test,59ea2b45b332c92d,True,hirise_clean,0,C:\Users\deves\OneDrive\Desktop\Projects\TCMD-SS\data\raw\hirise_v3_2\map-proj-v3_2\ESP_020133_1720_RED-0012.jpg
map-proj-v3_2/ESP_020133_1720_RED-0018.jpg,ok,,JPEG,227.0,227.0,L,1.0,1.0,normal,other,val,esp_020133_1720_red-0018,[],ddf2fa426f42dbeaf3720b0ca19feca19f5ace48e5edef50d981e7965812f952,0eaf8947d896502b99445f6654ab862a945ddf5c5e0f5a1865c745caf768e69a,e61b1980b764cedc,165.41380581808303,16.15148445219596,a201e059e2052402,[],0.0,esp_020133_1720,['val'],1.0,Counter({'val': 1}),test,59ea2b45b332c92d,True,hirise_clean,0,C:\Users\deves\OneDrive\Desktop\Projects\TCMD-SS\data\raw\hirise_v3_2\map-proj-v3_2\ESP_020133_1720_RED-0018.jpg
map-proj-v3_2/ESP_020133_1720_RED-0022.jpg,ok,,JPEG,227.0,227.0,L,1.0,1.0,normal,other,val,esp_020133_1720_red-0022,[],0392398d14c953f597b15d28c86dba4474963cc337f7bb59f196af71f5e7011f,8905df5f0bb243bb617c753f408cd8e5838e9cfd25f3fe79ecf7ecdf48837244,c7f81b724c863993,164.4439635933164,13.31468515535648,5936c43507846e13,[],0.0,esp_020133_1720,['val'],1.0,Counter({'val': 1}),test,59ea2b45b332c92d,True,hirise_clean,0,C:\Users\deves\OneDrive\Desktop\Projects\TCMD-SS\data\raw\hirise_v3_2\map-proj-v3_2\ESP_020133_1720_RED-0022.jpg
map-proj-v3_2/ESP_020133_1720_RED-0029.jpg,ok,,JPEG,227.0,227.0,L,1.0,1.0,normal,other,val,esp_020133_1720_red-0029,[],b5ce78024912440f5385625d6e48d064b860bdb8f1dd91cba797b821b46c33e7,3cb5c0b37d7db29fca7389aba3eef29f311fd0e07d0328b28b16ed3f20c13bd2,ccb8b3ca9f933444,163.45261891362145,14.91488043882628,0d8037615bb28d52,[],0.0,esp_020133_1720,['val'],1.0,Counter({'val': 1}),test,59ea2b45b332c92d,True,hirise_clean,0,C:\Users\deves\OneDrive\Desktop\Projects\TCMD-SS\data\raw\hirise_v3_2\map-proj-v3_2\ESP_020133_1720_RED-0029.jpg
map-proj-v3_2/ESP_020133_1720_RED-0031.jpg,ok,,JPEG,227.0,227.0,L,1.0,1.0,normal,other,val,esp_020133_1720_red-0031,[],8272e513f0e1e8ffd076c5086757e77535177faa91636e24a3004c0a997ae788,5d89f4b8c5bdefeb1e7fa486936250b10e7d1c89c965ff85220b8fa7378d5c5c,faa961f4843ae887,162.98950105765687,16.173391512811634,c6a9f4cd4ac78eaa,[],0.0,esp_020133_1720,['val'],1.0,Counter({'val': 1}),test,59ea2b45b332c92d,True,hirise_clean,0,C:\Users\deves\OneDrive\Desktop\Projects\TCMD-SS\data\raw\hirise_v3_2\map-proj-v3_2\ESP_020133_1720_RED-0031.jpg
map-proj-v3_2/ESP_020133_1720_RED-0032.jpg,ok,,JPEG,227.0,227.0,L,1.0,1.0,normal,other,val,esp_020133_1720_red-0032,[],10be6a3738fd79982b631d373018612201fdf3cceebfefca84872c790c97b951,a2b246b416f21e30bd469e8e9379d1f3d683edb5df95a7c0ee1d74a319555d5a,d752ac0532f2c6cb,165.29338818917503,15.754644561853972,4c06a2f71e37ca15,[],0.0,esp_020133_1720,['val'],1.0,Counter({'val': 1}),test,59ea2b45b332c92d,True,hirise_clean,0,C:\Users\deves\OneDrive\Desktop\Projects\TCMD-SS\data\raw\hirise_v3_2\map-proj-v3_2\ESP_020133_1720_RED-0032.jpg
map-proj-v3_2/ESP_020133_1720_RED-0033.jpg,ok,,JPEG,227.0,227.0,L,1.0,1.0,normal,other,val,esp_020133_1720_red-0033,[],5519fc3c0c6e33484cacc5a3bf2f941e437ce3f9e3bff5bea3cf34c24340955b,f140430876b8c124a26836723fba640c31a1240de0c92149f125e1182d7c6c45,e733d1cc51cc05cb,162.95643230025811,13.265107351122944,4988db10b8c0bccf,[],0.0,esp_020133_1720,['val'],1.0,Counter({'val': 1}),test,59ea2b45b332c92d,True,hirise_clean,0,C:\Users\deves\OneDrive\Desktop\Projects\TCMD-SS\data\raw\hirise_v3_2\map-proj-v3_2\ESP_020133_1720_RED-0033.jpg
map-proj-v3_2/ESP_020133_1720_RED-0037.jpg,ok,,JPEG,227.0,227.0,L,1.0,1.0,normal,other,val,esp_020133_1720_red-0037,[],0a652106ab826693b7830415118d69c59c744bce5d6650372e8e40ca6004b1fc,82ee2651efdb7660886fb5bdb2703fe5c7d1ac6bab047c65c0dd99bd54a63f97,bfc02e87d1f6401d,164.74944206175164,14.34584054285568,af57ec0b5ecebaac,[],0.0,esp_020133_1720,['val'],1.0,Counter({'val': 1}),test,59ea2b45b332c92d,True,hirise_clean,0,C:\Users\deves\OneDrive\Desktop\Projects\TCMD-SS\data\raw\hirise_v3_2\map-proj-v3_2\ESP_020133_1720_RED-0037.jpg
map-proj-v3_2/ESP_020133_1720_RED-0041.jpg,ok,,JPEG,227.0,227.0,L,1.0,1.0,normal,crater,val,esp_020133_1720_red-0041,[],b1456ee884e81a02b419a7941687d72b612c76f706b5de7bef142e80554c3f8a,a358d36154b001ef5d08eb7deae3b03882010bc6bc73135f8abe4fe8b965857a,f0b147cc9c393366,161.79434881328962,18.657462541980244,6b56a0fb1c645e8b,[],1.0,esp_020133_1720,['val'],1.0,Counter({'val': 1}),test,59ea2b45b332c92d,True,hirise_clean,0,C:\Users\deves\OneDrive\Desktop\Projects\TCMD-SS\data\raw\hirise_v3_2\map-proj-v3_2\ESP_020133_1720_RED-0041.jpg
map-proj-v3_2/ESP_020133_1720_RED-0054.jpg,ok,,JPEG,227.0,227.0,L,1.0,1.0,normal,crater,val,esp_020133_1720_red-0054,[],6db461cc6251bda220506a4c6bc9e83d7db0f2288f602e84e9d59aec911635de,d2bdf21a9dc050f2b9c8dd11d24ff158f3aa2d15368b696cd1a6c6c9ec3c1bce,9e72e1cb870d1e70,156.80304294669023,51.99107074402758,41d3790b0e7b5cfa,[],1.0,esp_020133_1720,['val'],1.0,Counter({'val': 1}),test,59ea2b45b332c92d,True,hirise_clean,0,C:\Users\deves\OneDrive\Desktop\Projects\TCMD-SS\data\raw\hirise_v3_2\map-proj-v3_2\ESP_020133_1720_RED-0054.jpg
map-proj-v3_2/ESP_020133_1720_RED-0062.jpg,ok,,JPEG,227.0,227.0,L,1.0,1.0,normal,other,val,esp_020133_1720_red-0062,[],d001efa44c96a19248790d06be1db1ee3b1c012264aa83ca347542f69b5c4b36,0d97e5c3346381a8260cfa7dd3d30621cf10cc902734a9a6004f42ad2bc0a926,ac4860a5b27d5977,158.9604688621941,12.945203935685594,c5268a1b1a14ebe9,[],0.0,esp_020133_1720,['val'],1.0,Counter({'val': 1}),test,59ea2b45b332c92d,True,hirise_clean,0,C:\Users\deves\OneDrive\Desktop\Projects\TCMD-SS\data\raw\hirise_v3_2\map-proj-v3_2\ESP_020133_1720_RED-0062.jpg
map-proj-v3_2/ESP_020133_1720_RED-0079.jpg,ok,,JPEG,227.0,227.0,L,1.0,1.0,normal,other,val,esp_020133_1720_red-0079,[],67e486c0023cb764ea2e714f21d92ea3062d53a58011a0c59eed829a2cc37922,4df040af12040308e8a7889597dceaf1472b79893e855c4703c4dd8818310be8,ad1706091f1f1e1f,158.39494265365136,27.22190280127422,e923f5a6b7ae631d,[],0.0,esp_020133_1720,['val'],1.0,Counter({'val': 1}),test,59ea2b45b332c92d,True,hirise_clean,0,C:\Users\deves\OneDrive\Desktop\Projects\TCMD-SS\data\raw\hirise_v3_2\map-proj-v3_2\ESP_020133_1720_RED-0079.jpg
map-proj-v3_2/ESP_025831_2260_RED-0046.jpg,ok,,JPEG,227.0,227.0,L,1.0,1.0,normal,other,val,esp_025831_2260_red-0046,[],5ba1e4c7828442f1a8362718452135d4a0a4d02b155d21f50637e815dac26fcd,60d4b86d665aa89c877aa4f7c454857dd29e4148fa675a1b5b8d2d3977dc5ad4,a58b87b2668d5a1b,115.7047099691436,13.958583987319662,864d33c424a1a7ef,[],0.0,esp_025831_2260,['val'],1.0,Counter({'val': 1}),test,927c3ed278148c99,True,hirise_clean,0,C:\Users\deves\OneDrive\Desktop\Projects\TCMD-SS\data\raw\hirise_v3_2\map-proj-v3_2\ESP_025831_2260_RED-0046.jpg
map-proj-v3_2/ESP_025831_2260_RED-0048.jpg,ok,,JPEG,227.0,227.0,L,1.0,1.0,normal,other,val,esp_025831_2260_red-0048,[],4b1329bc51139feda3e1de9c63bf95a15dacef029d40da96d8af446b7d91c037,22578a423fb82b94942df27b5cfaafdd2e47a9677d77e952aa3325f4228fb106,80ffe7c61853171a,62.677230297502376,20.901541883556245,1c394fa0436eae04,[],0.0,esp_025831_2260,['val'],1.0,Counter({'val': 1}),test,927c3ed278148c99,True,hirise_clean,0,C:\Users\deves\OneDrive\Desktop\Projects\TCMD-SS\data\raw\hirise_v3_2\map-proj-v3_2\ESP_025831_2260_RED-0048.jpg
map-proj-v3_2/ESP_025831_2260_RED-0086.jpg,ok,,JPEG,227.0,227.0,L,1.0,1.0,normal,other,val,esp_025831_2260_red-0086,[],cfd179b0ad05fc513741f036db71c0f24ac3cc41c40a9721ed3191a9e71b6806,55883ececa2ca0425134b7e5b8a8724abb4070bd7cf08bdce0a3f46683ceaaa9,da499ef8e5444d98,85.76095014457879,53.87621386242215,7348940c1915d015,[],0.0,esp_025831_2260,['val'],1.0,Counter({'val': 1}),test,927c3ed278148c99,True,hirise_clean,0,C:\Users\deves\OneDrive\Desktop\Projects\TCMD-SS\data\raw\hirise_v3_2\map-proj-v3_2\ESP_025831_2260_RED-0086.jpg
map-proj-v3_2/ESP_025831_2260_RED-0096.jpg,ok,,JPEG,227.0,227.0,L,1.0,1.0,normal,other,val,esp_025831_2260_red-0096,[],4f41a67cb64d4b93b63c6c1b783ca5aa5cda45f4c13832aeb0ce8b03db9127f8,1ec9b4681436ae7dab02c40dc8a76cbeca94a635d37fc1ed4287a7019e0b17dd,8cf2973b668d3294,140.77061460536785,14.01669538488344,9035170d1028cc02,[],0.0,esp_025831_2260,['val'],1.0,Counter({'val': 1}),test,927c3ed278148c99,True,hirise_clean,0,C:\Users\deves\OneDrive\Desktop\Projects\TCMD-SS\data\raw\hirise_v3_2\map-proj-v3_2\ESP_025831_2260_RED-0096.jpg
map-proj-v3_2/ESP_025831_2260_RED-0097.jpg,ok,,JPEG,227.0,227.0,L,1.0,1.0,normal,other,val,esp_025831_2260_red-0097,[],89b9a10e87d7b1703662d8b5517ef895b803d75b16d71f05ead898de94676305,012763fcd0f9f117bca05e000d435d9365dd7704d487660077022d997530eafa,d0ae2f13d42f1d15,137.50165925983427,13.91904447532246,ea2f363593d90f12,[],0.0,esp_025831_2260,['val'],1.0,Counter({'val': 1}),test,927c3ed278148c99,True,hirise_clean,0,C:\Users\deves\OneDrive\Desktop\Projects\TCMD-SS\data\raw\hirise_v3_2\map-proj-v3_2\ESP_025831_2260_RED-0097.jpg
map-proj-v3_2/ESP_025831_2260_RED-0102.jpg,ok,,JPEG,227.0,227.0,L,1.0,1.0,normal,other,val,esp_025831_2260_red-0102,[],d3266cedf32f5f7f9d0341dd07349db543e16fb6bb263a16e7bcc6f5b7780bd3,63e130c64e644ff401d501b011a272eb79120cf22208714a6500c22a8333325a,9f86f834a7591247,142.9310873488715,13.068838836311556,e74f594e51da41cb,[],0.0,esp_025831_2260,['val'],1.0,Counter({'val': 1}),test,927c3ed278148c99,True,hirise_clean,0,C:\Users\deves\OneDrive\Desktop\Projects\TCMD-SS\data\raw\hirise_v3_2\map-proj-v3_2\ESP_025831_2260_RED-0102.jpg
map-proj-v3_2/ESP_025831_2260_RED-0108.jpg,ok,,JPEG,227.0,227.0,L,1.0,1.0,normal,other,val,esp_025831_2260_red-0108,[],f2d1b7cbdface84377eaf5843dc628425c6cd0bca4274379b735ce5e38852c3f,870a1d5d225c0258e9ac544ad92a2ef7e14a99a363eb27d013514992f41236e9,ad6989d3c489839f,121.23369364823692,13.599771700802831,9ed99fead74faa3d,[],0.0,esp_025831_2260,['val'],1.0,Counter({'val': 1}),test,927c3ed278148c99,True,hirise_clean,0,C:\Users\deves\OneDrive\Desktop\Projects\TCMD-SS\data\raw\hirise_v3_2\map-proj-v3_2\ESP_025831_2260_RED-0108.jpg
map-proj-v3_2/ESP_025831_2260_RED-0118.jpg,ok,,JPEG,227.0,227.0,L,1.0,1.0,normal,other,val,esp_025831_2260_red-0118,[],38907fd17e5b03b1b6e29a20792f427074c553a8d8ebdde29404d8faa91f9a4b,81a10cd10edb4500282ca7a1c358614f7f956e0cc6f6bd200de1c3967f57bdd4,a052d0f3f3f444d9,136.700556967921,15.122619513549896,860766959c15ff61,[],0.0,esp_025831_2260,['val'],1.0,Counter({'val': 1}),test,927c3ed278148c99,True,hirise_clean,0,C:\Users\deves\OneDrive\Desktop\Projects\TCMD-SS\data\raw\hirise_v3_2\map-proj-v3_2\ESP_025831_2260_RED-0118.jpg
map-proj-v3_2/ESP_025831_2260_RED-0126.jpg,ok,,JPEG,227.0,227.0,L,1.0,1.0,normal,other,val,esp_025831_2260_red-0126,[],98030a6fe761c8b527bf18280806593ccfc757fa0efc32ca4c168d4b52e9c2fd,bef1325f46c6f77b029b2dc3ec9580183f079c479eb2e2178067bd9647654c1c,d552ca5fa0336e4c,111.41467911273264,41.51568241109264,7d1af992623da987,[],0.0,esp_025831_2260,['val'],1.0,Counter({'val': 1}),test,927c3ed278148c99,True,hirise_clean,0,C:\Users\deves\OneDrive\Desktop\Projects\TCMD-SS\data\raw\hirise_v3_2\map-proj-v3_2\ESP_025831_2260_RED-0126.jpg
map-proj-v3_2/ESP_025831_2260_RED-0130.jpg,ok,,JPEG,227.0,227.0,L,1.0,1.0,normal,other,val,esp_025831_2260_red-0130,[],3a4d27aa8e3c4c0cb1d148049ace57f881d7c184d8bf051c0db70fcc6d419ecc,37bc0aa2c13060f18e2ecd7b4e3476cd6bb88efb5f307f4a77dadb6eeb3a7e8a,f6e6941c4374c59c,129.7710803625143,13.781504207266757,7f6d41773b6f1ef8,[],0.0,esp_025831_2260,['val'],1.0,Counter({'val': 1}),test,927c3ed278148c99,True,hirise_clean,0,C:\Users\deves\OneDrive\Desktop\Projects\TCMD-SS\data\raw\hirise_v3_2\map-proj-v3_2\ESP_025831_2260_RED-0130.jpg
map-proj-v3_2/ESP_025831_2260_RED-0132.jpg,ok,,JPEG,227.0,227.0,L,1.0,1.0,normal,other,val,esp_025831_2260_red-0132,[],289344c658e9769e17acb6d0c92113da1f15f9b4133a19799c750ebd01bc632a,e7363324a878c87a75e3e1cf6098e3c20909ba0f610afd66256c43764350364f,bca36e79a159c318,128.3355780240253,14.170282095199958,4650fa8effdfeaa8,[],0.0,esp_025831_2260,['val'],1.0,Counter({'val': 1}),test,927c3ed278148c99,True,hirise_clean,0,C:\Users\deves\OneDrive\Desktop\Projects\TCMD-SS\data\raw\hirise_v3_2\map-proj-v3_2\ESP_025831_2260_RED-0132.jpg
map-proj-v3_2/ESP_025831_2260_RED-0138.jpg,ok,,JPEG,227.0,227.0,L,1.0,1.0,normal,other,val,esp_025831_2260_red-0138,[],09f2b0af8e75005f0b3996e2a973bb0e9629ee3f10ce5914dcc5f1d927526768,fcc22c831eb2cc1c984b596029241c6e275f1bd4a0e5eaa6af9574f6169cdc37,d95b3d34c0c313ce,97.6279764792641,14.563627675960442,e5834284bb696f63,[],0.0,esp_025831_2260,['val'],1.0,Counter({'val': 1}),test,927c3ed278148c99,True,hirise_clean,0,C:\Users\deves\OneDrive\Desktop\Projects\TCMD-SS\data\raw\hirise_v3_2\map-proj-v3_2\ESP_025831_2260_RED-0138.jpg
map-proj-v3_2/ESP_025831_2260_RED-0139.jpg,ok,,JPEG,227.0,227.0,L,1.0,1.0,normal,other,val,esp_025831_2260_red-0139,[],bcc8d464cac12b200c2c8f1317eed8b11f8bfce0a9ee435da5ecf515fbabfd1d,c35a891a753a08d80f8f534cbc5f3e95dd33c51a5eaf61aa95520f75521e5327,fca22da8faee4812,129.03419433716937,14.89395048008216,a00b36fe70752635,[],0.0,esp_025831_2260,['val'],1.0,Counter({'val': 1}),test,927c3ed278148c99,True,hirise_clean,0,C:\Users\deves\OneDrive\Desktop\Projects\TCMD-SS\data\raw\hirise_v3_2\map-proj-v3_2\ESP_025831_2260_RED-0139.jpg
map-proj-v3_2/ESP_025831_2260_RED-0147.jpg,ok,,JPEG,227.0,227.0,L,1.0,1.0,normal,other,val,esp_025831_2260_red-0147,[],8dbf6cde441fe517fb3de49752d5e8ca256192acf292e7e4689a3aba5444ffb4,e0e5113383e71d6089e9a7d6635ed68dd220051a15b31e5975a2f31dd28fa708,a2649c897636a5db,120.38007723806012,14.897056098803098,b7b9a2cb2a99071d,[],0.0,esp_025831_2260,['val'],1.0,Counter({'val': 1}),test,927c3ed278148c99,True,hirise_clean,0,C:\Users\deves\OneDrive\Desktop\Projects\TCMD-SS\data\raw\hirise_v3_2\map-proj-v3_2\ESP_025831_2260_RED-0147.jpg
map-proj-v3_2/ESP_025831_2260_RED-0151.jpg,ok,,JPEG,227.0,227.0,L,1.0,1.0,normal,other,val,esp_025831_2260_red-0151,[],1e621a0c6a7636a3272ac668893de8e60fb07bc58d2a6428e1c3decd5dab3d4d,851ae5018b6aabf85e7887af38e3ce73a9b26763f8128b68550b7f81aa81b66b,8323b5c1fd94595a,111.32564187156748,17.47817313987981,07a8fb20acf6f25f,[],0.0,esp_025831_2260,['val'],1.0,Counter({'val': 1}),test,927c3ed278148c99,True,hirise_clean,0,C:\Users\deves\OneDrive\Desktop\Projects\TCMD-SS\data\raw\hirise_v3_2\map-proj-v3_2\ESP_025831_2260_RED-0151.jpg
map-proj-v3_2/ESP_025831_2260_RED-0161.jpg,ok,,JPEG,227.0,227.0,L,1.0,1.0,normal,other,val,esp_025831_2260_red-0161,[],e83cc0c1025e5873836e2261f8c49b2b3e5f25ae18f5a54286f775e0401f8989,c5f791829ed7f1a110e186c924f6fe5a61147f38f5ef86ef0c7e2474e26a5c22,8e684e86c497dc9e,128.41747365561142,15.507962812955697,1d2f966dfe3b089a,[],0.0,esp_025831_2260,['val'],1.0,Counter({'val': 1}),test,927c3ed278148c99,True,hirise_clean,0,C:\Users\deves\OneDrive\Desktop\Projects\TCMD-SS\data\raw\hirise_v3_2\map-proj-v3_2\ESP_025831_2260_RED-0161.jpg
map-proj-v3_2/ESP_025831_2260_RED-0162.jpg,ok,,JPEG,227.0,227.0,L,1.0,1.0,normal,other,val,esp_025831_2260_red-0162,[],b857207d36a685344f83a2548975861cbd8fcada46f85491dd869f49134c4a08,323ea97a2957c270d5f447ccb4d413ffb6d272061c32e913a6e109e12b87fa45,d64a6b5ed898cd09,103.5637990257913,51.5482477506125,413a0710ae3682b9,[],0.0,esp_025831_2260,['val'],1.0,Counter({'val': 1}),test,927c3ed278148c99,True,hirise_clean,0,C:\Users\deves\OneDrive\Desktop\Projects\TCMD-SS\data\raw\hirise_v3_2\map-proj-v3_2\ESP_025831_2260_RED-0162.jpg
map-proj-v3_2/ESP_025831_2260_RED-0174.jpg,ok,,JPEG,227.0,227.0,L,1.0,1.0,normal,other,val,esp_025831_2260_red-0174,[],ed5d0d5c271d6a9380b2e36248fab82e33f097173da975c81fd355065d007efd,4375e3b0136169aea3d0c748edcb2539ccffb189f9420ca90bf9bef3a71ce1ae,af562d2b644e52b2,124.06347881775312,16.75374319071438,debaa81d08c607db,[],0.0,esp_025831_2260,['val'],1.0,Counter({'val': 1}),test,927c3ed278148c99,True,hirise_clean,0,C:\Users\deves\OneDrive\Desktop\Projects\TCMD-SS\data\raw\hirise_v3_2\map-proj-v3_2\ESP_025831_2260_RED-0174.jpg
map-proj-v3_2/ESP_025831_2260_RED-0182.jpg,ok,,JPEG,227.0,227.0,L,1.0,1.0,normal,other,val,esp_025831_2260_red-0182,[],425844e11598ba1810704c4d0543c486d9d0e17cf9eb9dff95240a0cd6c710b6,83c24c30039edbc38d36c28e31a04052ad87069404f0ae185eca1844d3a46e89,efc832172c87d730,76.83174523084088,14.036245564490892,97ac6d2f93740151,[],0.0,esp_025831_2260,['val'],1.0,Counter({'val': 1}),test,927c3ed278148c99,True,hirise_clean,0,C:\Users\deves\OneDrive\Desktop\Projects\TCMD-SS\data\raw\hirise_v3_2\map-proj-v3_2\ESP_025831_2260_RED-0182.jpg
map-proj-v3_2/ESP_025831_2260_RED-0203.jpg,ok,,JPEG,227.0,227.0,L,1.0,1.0,normal,other,val,esp_025831_2260_red-0203,[],aca62dde454477c5a8cfb2c5906def170defb6cd39fc03f8a2030b2a0749a24e,ee28c8082af4e2d6dd1b8c0b42a37b561f753911630612d578f64ac8d81e9ab3,d24b6d43669db186,100.91758039162411,53.7927996535828,23d4c9d10568baae,[],0.0,esp_025831_2260,['val'],1.0,Counter({'val': 1}),test,927c3ed278148c99,True,hirise_clean,0,C:\Users\deves\OneDrive\Desktop\Projects\TCMD-SS\data\raw\hirise_v3_2\map-proj-v3_2\ESP_025831_2260_RED-0203.jpg
map-proj-v3_2/ESP_025831_2260_RED-0217.jpg,ok,,JPEG,227.0,227.0,L,1.0,1.0,normal,other,val,esp_025831_2260_red-0217,[],4d65e5d58afa0a732708409c0ea30aaa07fc7e55e29d6ddcdba10e9f741aade8,b71e33eeaf8b4fb2df0820714c10e07a50338efac6c6b89a7ac9c41eb2bae589,d555144c8f2d327b,121.43167924857848,24.75209686287476,b257d01043e82864,[],0.0,esp_025831_2260,['val'],1.0,Counter({'val': 1}),test,927c3ed278148c99,True,hirise_clean,0,C:\Users\deves\OneDrive\Desktop\Projects\TCMD-SS\data\raw\hirise_v3_2\map-proj-v3_2\ESP_025831_2260_RED-0217.jpg
map-proj-v3_2/ESP_025831_2260_RED-0234.jpg,ok,,JPEG,227.0,227.0,L,1.0,1.0,normal,crater,val,esp_025831_2260_red-0234,[],6fb9b6d23d8baada209962c13413e520ce60c377d86717ccbdaeba369d264810,1a75aa57a36df5d3cc30a1b219865c2b63e8e0a0e8c068c9e76238b0ee1a681f,93f6649a9a66cd11,83.11131595800423,15.89826125014038,723e2d19ed6d5c1b,[],1.0,esp_025831_2260,['val'],1.0,Counter({'val': 1}),test,927c3ed278148c99,True,hirise_clean,0,C:\Users\deves\OneDrive\Desktop\Projects\TCMD-SS\data\raw\hirise_v3_2\map-proj-v3_2\ESP_025831_2260_RED-0234.jpg
map-proj-v3_2/ESP_025831_2260_RED-0236.jpg,ok,,JPEG,227.0,227.0,L,1.0,1.0,normal,other,val,esp_025831_2260_red-0236,[],447dae489eeb51f275dfcf9be0afff1071639c14c74cf8e2d7d1fe4b32f18c44,1b33aa2b1626ead59d62edc2a96d59fdb0f2a81ae1ca2850471ea359a399291b,c05319b7a30fd8bc,84.03248656096567,14.19080628605442,279d127c8fd2f092,[],0.0,esp_025831_2260,['val'],1.0,Counter({'val': 1}),test,927c3ed278148c99,True,hirise_clean,0,C:\Users\deves\OneDrive\Desktop\Projects\TCMD-SS\data\raw\hirise_v3_2\map-proj-v3_2\ESP_025831_2260_RED-0236.jpg
map-proj-v3_2/ESP_025831_2260_RED-0240.jpg,ok,,JPEG,227.0,227.0,L,1.0,1.0,normal,other,val,esp_025831_2260_red-0240,[],c30bc68c196d439da3c38cd407c6f824960858ffe88096186497af184a4479c1,073a7d3e9f6ff0e61cb1d23f4298d057b70577aac5ee757f6934177e80ca351c,fec07e39a2850b1d,79.91486347493644,15.423012245399402,7500970b0b5dbf8c,[],0.0,esp_025831_2260,['val'],1.0,Counter({'val': 1}),test,927c3ed278148c99,True,hirise_clean,0,C:\Users\deves\OneDrive\Desktop\Projects\TCMD-SS\data\raw\hirise_v3_2\map-proj-v3_2\ESP_025831_2260_RED-0240.jpg
map-proj-v3_2/ESP_025831_2260_RED-0244.jpg,ok,,JPEG,227.0,227.0,L,1.0,1.0,normal,other,val,esp_025831_2260_red-0244,[],2c016f9704e5f3bd2f04c669068323b8131f47b239090bb73990343aed977b44,7e47033642eaeea669d289a9be4d9f966a10a1cfaa70703dbc01717ea50125dc,ea9c2ac2d5bb550a,76.91187486657998,15.554248767897109,3460061ff10e1cda,[],0.0,esp_025831_2260,['val'],1.0,Counter({'val': 1}),test,927c3ed278148c99,True,hirise_clean,0,C:\Users\deves\OneDrive\Desktop\Projects\TCMD-SS\data\raw\hirise_v3_2\map-proj-v3_2\ESP_025831_2260_RED-0244.jpg
map-proj-v3_2/ESP_025831_2260_RED-0263.jpg,ok,,JPEG,227.0,227.0,L,1.0,1.0,normal,other,val,esp_025831_2260_red-0263,[],3503b61fb8f9e6408b6018c176145b7651d769675eaaae5196045e9e83413d77,21ff5fd8b0f477fd308b7b2201793d59e6f895c29aae1250452b0e7203803838,ec6553654c52f2d1,81.49090803237011,13.72854744717299,beabe328cc0c8c41,[],0.0,esp_025831_2260,['val'],1.0,Counter({'val': 1}),test,927c3ed278148c99,True,hirise_clean,0,C:\Users\deves\OneDrive\Desktop\Projects\TCMD-SS\data\raw\hirise_v3_2\map-proj-v3_2\ESP_025831_2260_RED-0263.jpg
map-proj-v3_2/ESP_025831_2260_RED-0265.jpg,ok,,JPEG,227.0,227.0,L,1.0,1.0,normal,other,val,esp_025831_2260_red-0265,[],d2f4a0f9f75eb56903739a94fbca5fb404030a689a243eef140bd6d41c30bc30,806e55cb48f03b278da037aa36665f2b31c8517bcef1ea5c2cd52dd4b22417e7,ce2fdb1221664c9d,65.45859613033437,15.40236028216838,cd6ff4e6ce409d57,[],0.0,esp_025831_2260,['val'],1.0,Counter({'val': 1}),test,927c3ed278148c99,True,hirise_clean,0,C:\Users\deves\OneDrive\Desktop\Projects\TCMD-SS\data\raw\hirise_v3_2\map-proj-v3_2\ESP_025831_2260_RED-0265.jpg
map-proj-v3_2/ESP_025831_2260_RED-0267.jpg,ok,,JPEG,227.0,227.0,L,1.0,1.0,normal,other,val,esp_025831_2260_red-0267,[],e839944aa2330b7661fdceec13e639b77d4b1a5f7e68eac06b570a5d01dcb425,053aafe94d775df47d7c27b87c23396a83348d950a14ce130217f65b3f275763,e0c51af482fd80bf,58.93475518639989,14.445309854362424,7ca47b6726ff92fb,[],0.0,esp_025831_2260,['val'],1.0,Counter({'val': 1}),test,927c3ed278148c99,True,hirise_clean,0,C:\Users\deves\OneDrive\Desktop\Projects\TCMD-SS\data\raw\hirise_v3_2\map-proj-v3_2\ESP_025831_2260_RED-0267.jpg
map-proj-v3_2/ESP_025831_2260_RED-0269.jpg,ok,,JPEG,227.0,227.0,L,1.0,1.0,normal,other,val,esp_025831_2260_red-0269,[],a5a52ed345f985963e7e734db59da5f62836441a856e222ceca08dddd639741d,4d9ce58a1bcad47fbb62e090b81b56b83584d6fffb4baf4f15268b5a5e2585ed,97252eb1827c63d3,78.55613343942247,13.551787763287065,524d781aa1a6433c,[],0.0,esp_025831_2260,['val'],1.0,Counter({'val': 1}),test,927c3ed278148c99,True,hirise_clean,0,C:\Users\deves\OneDrive\Desktop\Projects\TCMD-SS\data\raw\hirise_v3_2\map-proj-v3_2\ESP_025831_2260_RED-0269.jpg
map-proj-v3_2/ESP_025831_2260_RED-0273.jpg,ok,,JPEG,227.0,227.0,L,1.0,1.0,normal,other,val,esp_025831_2260_red-0273,[],00a2de4ce2efe31dfe9046e7126a82bbb4dd0adc2af1782e17e4da1291bec168,64b2891ef3b96cfdc7de838e46744382b4ac42a4647669aab8429bc78e951200,d6db1ea830e60b1d,84.04958372955035,14.218138152830052,681f6c7de079fc01,[],0.0,esp_025831_2260,['val'],1.0,Counter({'val': 1}),test,927c3ed278148c99,True,hirise_clean,0,C:\Users\deves\OneDrive\Desktop\Projects\TCMD-SS\data\raw\hirise_v3_2\map-proj-v3_2\ESP_025831_2260_RED-0273.jpg
map-proj-v3_2/ESP_025831_2260_RED-0284.jpg,ok,,JPEG,227.0,227.0,L,1.0,1.0,normal,other,val,esp_025831_2260_red-0284,[],94ae114cb71aea4c8f768d5b1815ecf31eed93023c5f4241bf2e1ae05de13377,acdbcda58bd687227cd1029669c2d712c1dbfa6118421b4f5cf5d673701e4c04,c1cee7de181266e8,83.20258495216287,14.758078906333864,f51188b08d37d5cc,[],0.0,esp_025831_2260,['val'],1.0,Counter({'val': 1}),test,927c3ed278148c99,True,hirise_clean,0,C:\Users\deves\OneDrive\Desktop\Projects\TCMD-SS\data\raw\hirise_v3_2\map-proj-v3_2\ESP_025831_2260_RED-0284.jpg
map-proj-v3_2/ESP_025831_2260_RED-0285.jpg,ok,,JPEG,227.0,227.0,L,1.0,1.0,normal,other,val,esp_025831_2260_red-0285,[],0e961faf791ca4600247b9d6eafba023e0c7c94acb66bf4d21ceda8a01ce234d,6ee04ebdb1543281adc37e1f047ce08f22bf1d192b4a29266cfe9758981216d9,d18fb82969a57aa1,61.4194337169361,16.003029426495477,83c7fa21745b369c,[],0.0,esp_025831_2260,['val'],1.0,Counter({'val': 1}),test,927c3ed278148c99,True,hirise_clean,0,C:\Users\deves\OneDrive\Desktop\Projects\TCMD-SS\data\raw\hirise_v3_2\map-proj-v3_2\ESP_025831_2260_RED-0285.jpg
map-proj-v3_2/ESP_025831_2260_RED-0288.jpg,ok,,JPEG,227.0,227.0,L,1.0,1.0,normal,other,val,esp_025831_2260_red-0288,[],40e6a48254f4806dd894d96ae3d0796fc78ddc3c8d3c5e97e1063005fc441e52,b7c9ba8e940b9a61fe795b946c8c26b328f7a7005968e3a4db850d283dce2e47,dd993260cc5e65e2,72.73335403365095,14.499975932128269,0c475b72e9c463bf,[],0.0,esp_025831_2260,['val'],1.0,Counter({'val': 1}),test,927c3ed278148c99,True,hirise_clean,0,C:\Users\deves\OneDrive\Desktop\Projects\TCMD-SS\data\raw\hirise_v3_2\map-proj-v3_2\ESP_025831_2260_RED-0288.jpg
map-proj-v3_2/ESP_025831_2260_RED-0289.jpg,ok,,JPEG,227.0,227.0,L,1.0,1.0,normal,other,val,esp_025831_2260_red-0289,[],de63cb9734344236bb0021da980e61ecf1a09ae02af16c23473c445d692ae836,25d93ba8a5f7d2d824c6c7c3a37a591b75885f83d06df95b06f640f739f8fd2a,bda1499a4cbdb780,68.80686603660075,14.083854032745895,4888484018444d1d,[],0.0,esp_025831_2260,['val'],1.0,Counter({'val': 1}),test,927c3ed278148c99,True,hirise_clean,0,C:\Users\deves\OneDrive\Desktop\Projects\TCMD-SS\data\raw\hirise_v3_2\map-proj-v3_2\ESP_025831_2260_RED-0289.jpg
map-proj-v3_2/ESP_025831_2260_RED-0290.jpg,ok,,JPEG,227.0,227.0,L,1.0,1.0,normal,other,val,esp_025831_2260_red-0290,[],78816db260b0212b86c76e47dedddef09d8cb44f996eb0c0b353e71e23b2a583,33237e20725828a70dec9b5eb30102a88caa57598b8e5fe7d3e123ff61327760,f5d983ba469983a8,86.39583535484873,14.903135882917349,2fb38024a3b872e5,[],0.0,esp_025831_2260,['val'],1.0,Counter({'val': 1}),test,927c3ed278148c99,True,hirise_clean,0,C:\Users\deves\OneDrive\Desktop\Projects\TCMD-SS\data\raw\hirise_v3_2\map-proj-v3_2\ESP_025831_2260_RED-0290.jpg
map-proj-v3_2/ESP_025831_2260_RED-0303.jpg,ok,,JPEG,227.0,227.0,L,1.0,1.0,normal,other,val,esp_025831_2260_red-0303,[],fad53ec6895e70d08a554667737825b78948911aae7f30aa1162e4015932af4d,c9f8cba3ff19d69f2b4dbb77a931c65f0121a2e2b81377d3d51406e31d22ccad,b88acfeac24e58b2,72.21314211414932,15.16538494803806,a8c4d8fcbf4f356e,[],0.0,esp_025831_2260,['val'],1.0,Counter({'val': 1}),test,927c3ed278148c99,True,hirise_clean,0,C:\Users\deves\OneDrive\Desktop\Projects\TCMD-SS\data\raw\hirise_v3_2\map-proj-v3_2\ESP_025831_2260_RED-0303.jpg
map-proj-v3_2/ESP_025831_2260_RED-0307.jpg,ok,,JPEG,227.0,227.0,L,1.0,1.0,normal,other,val,esp_025831_2260_red-0307,[],d340efd9622c95da7f9aa14541dab82e7961ad5c9a2047879e603867d606c39e,20b01753b0816aad1c5f7d401aa4f7506b9f09f3e10f5a1070052b3a0e0564ea,f98ac6157c812fc9,86.60171942013235,14.33714168500562,53cd46304c4b09bd,[],0.0,esp_025831_2260,['val'],1.0,Counter({'val': 1}),test,927c3ed278148c99,True,hirise_clean,0,C:\Users\deves\OneDrive\Desktop\Projects\TCMD-SS\data\raw\hirise_v3_2\map-proj-v3_2\ESP_025831_2260_RED-0307.jpg
map-proj-v3_2/ESP_025831_2260_RED-0310.jpg,ok,,JPEG,227.0,227.0,L,1.0,1.0,normal,other,val,esp_025831_2260_red-0310,[],d28fe09ba9530aea3720a9a2e04942ca12c7de9a6d2e0e88ad305456735b8a84,c85affe1ec32e02bc3332471e753e2c8d95cb5a4539d5680bd748dacfe687dff,cfd161688b87734c,84.54988453104077,16.35799503806422,d473367e40a5faea,[],0.0,esp_025831_2260,['val'],1.0,Counter({'val': 1}),test,927c3ed278148c99,True,hirise_clean,0,C:\Users\deves\OneDrive\Desktop\Projects\TCMD-SS\data\raw\hirise_v3_2\map-proj-v3_2\ESP_025831_2260_RED-0310.jpg
map-proj-v3_2/ESP_025831_2260_RED-0314.jpg,ok,,JPEG,227.0,227.0,L,1.0,1.0,normal,other,val,esp_025831_2260_red-0314,[],a1f0490b5c525e0f55f73a4d4ff4d07bb947c5972b070b6d29007c72a9e0c78d,001d015c602e0e25760fad480eafc46c3edb127a75b7793cf7464afdd32a931a,93ea6c0b47987335,85.35123910807506,15.661358579711516,c3d6c1d3038661ba,[],0.0,esp_025831_2260,['val'],1.0,Counter({'val': 1}),test,927c3ed278148c99,True,hirise_clean,0,C:\Users\deves\OneDrive\Desktop\Projects\TCMD-SS\data\raw\hirise_v3_2\map-proj-v3_2\ESP_025831_2260_RED-0314.jpg
map-proj-v3_2/ESP_025831_2260_RED-0319.jpg,ok,,JPEG,227.0,227.0,L,1.0,1.0,normal,other,val,esp_025831_2260_red-0319,[],076f5c1927848b4f768cb04ff859d5dbf7cd32c506acc58b13d9059ca87d6f40,6e67b78bb861151e3d2271a5e59002c1baad4ec8ff1bb8c26e90ba84ad07eb17,9cc3471993756c9c,88.88517145684955,14.751170594015008,0dd191dbdcb84c64,[],0.0,esp_025831_2260,['val'],1.0,Counter({'val': 1}),test,927c3ed278148c99,True,hirise_clean,0,C:\Users\deves\OneDrive\Desktop\Projects\TCMD-SS\data\raw\hirise_v3_2\map-proj-v3_2\ESP_025831_2260_RED-0319.jpg
map-proj-v3_2/ESP_025831_2260_RED-0340.jpg,ok,,JPEG,227.0,227.0,L,1.0,1.0,normal,other,val,esp_025831_2260_red-0340,[],54265f403ca33426720144a854813311641d153a6451d8e01a8be1b687717038,fede0c79f760161bc8dd564df50df8461d6de7ac47bb8c1a83cd39bd99efa7d9,d2ca21de38c978f2,63.90987599215976,35.27444113471791,8456c5168ad920ca,[],0.0,esp_025831_2260,['val'],1.0,Counter({'val': 1}),test,927c3ed278148c99,True,hirise_clean,0,C:\Users\deves\OneDrive\Desktop\Projects\TCMD-SS\data\raw\hirise_v3_2\map-proj-v3_2\ESP_025831_2260_RED-0340.jpg
map-proj-v3_2/ESP_025831_2260_RED-0343.jpg,ok,,JPEG,227.0,227.0,L,1.0,1.0,normal,other,val,esp_025831_2260_red-0343,[],3a4d262e2b9c3e2002d2eaa969414eed063da9f197d0198c61b4fa86bdfc67ce,5ddd80ed90fbfd042a74952cfb9ce3fdaf12bb1cc486efb0acfe5dc1d10da10a,822f7046dedda2a5,47.84030351840711,32.665177996034906,371006871fda1ff4,[],0.0,esp_025831_2260,['val'],1.0,Counter({'val': 1}),test,927c3ed278148c99,True,hirise_clean,0,C:\Users\deves\OneDrive\Desktop\Projects\TCMD-SS\data\raw\hirise_v3_2\map-proj-v3_2\ESP_025831_2260_RED-0343.jpg
map-proj-v3_2/ESP_026511_2330_RED-0001.jpg,ok,,JPEG,227.0,227.0,L,1.0,1.0,normal,other,train,esp_026511_2330_red-0001,[],03f3209f2df74cc1837717895f581440843ac7a4c7a619c9451b880cd1f12185,863d83a5bd7c20e852d133ef12648a49efd300e5451c9cc0ce2187b9cfab0064,ceeb32a4a858b4ce,22.997438335694465,17.24381557115152,7c97f5293cee05e2,[],0.0,esp_026511_2330,['train'],1.0,Counter({'train': 1}),test,deca81edbe3baa51,True,hirise_clean,0,C:\Users\deves\OneDrive\Desktop\Projects\TCMD-SS\data\raw\hirise_v3_2\map-proj-v3_2\ESP_026511_2330_RED-0001.jpg
map-proj-v3_2/ESP_026511_2330_RED-0005.jpg,ok,,JPEG,227.0,227.0,L,1.0,1.0,normal,other,train,esp_026511_2330_red-0005,[],216913441f9de1e3c04adc2aa91165486c1969b7a1cacd894b233731abc451c5,490fc57f0773bec8a926eafdb63fe158793946f54bf98fbf5385b4b489cb8d34,b5b654f81f47c128,39.59407324031128,27.937509879471904,c64b548569d00e6a,[],0.0,esp_026511_2330,['train'],1.0,Counter({'train': 1}),test,deca81edbe3baa51,True,hirise_clean,0,C:\Users\deves\OneDrive\Desktop\Projects\TCMD-SS\data\raw\hirise_v3_2\map-proj-v3_2\ESP_026511_2330_RED-0005.jpg
map-proj-v3_2/ESP_026511_2330_RED-0007.jpg,ok,,JPEG,227.0,227.0,L,1.0,1.0,normal,other,train,esp_026511_2330_red-0007,[],947863b2e03ee968e5d86d2873e63ef13189dc74ed19909c36930e97e0475227,73e88632be4ecf4cb6f2d139814bc7117a8085ec99bf81cef745a4b7764f4c78,9e937641e9338963,36.70269168817559,15.819203070690552,6e58b3ae956fbf52,[],0.0,esp_026511_2330,['train'],1.0,Counter({'train': 1}),test,deca81edbe3baa51,True,hirise_clean,0,C:\Users\deves\OneDrive\Desktop\Projects\TCMD-SS\data\raw\hirise_v3_2\map-proj-v3_2\ESP_026511_2330_RED-0007.jpg
map-proj-v3_2/ESP_026511_2330_RED-0008.jpg,ok,,JPEG,227.0,227.0,L,1.0,1.0,normal,other,train,esp_026511_2330_red-0008,[],ccb07782fa17e22f4b3716ac9dd065234060bd4ac69d64a2e459fc632836b7ea,e95ebb8cae9340ba5fa28991b369d87344fe2d2e221bc337e49f4499025f9a88,848b7b914dce234f,40.00725804886569,22.428453346648485,26431cfc7730e9d9,[],0.0,esp_026511_2330,['train'],1.0,Counter({'train': 1}),test,deca81edbe3baa51,True,hirise_clean,0,C:\Users\deves\OneDrive\Desktop\Projects\TCMD-SS\data\raw\hirise_v3_2\map-proj-v3_2\ESP_026511_2330_RED-0008.jpg
map-proj-v3_2/ESP_026511_2330_RED-0009.jpg,ok,,JPEG,227.0,227.0,L,1.0,1.0,normal,other,train,esp_026511_2330_red-0009,[],d9ceb13b2d757888cad3a74addf18b4fb55bcbcd803cf42df8c0465c200b21d3,da5f04dab8aa3100a098549f1dbfd58ab84f05d7db7e5e448775a7004a4e10e2,c0de3ef5890ac636,33.33749927225446,24.49591212519897,b67a91054154f6c1,[],0.0,esp_026511_2330,['train'],1.0,Counter({'train': 1}),test,deca81edbe3baa51,True,hirise_clean,0,C:\Users\deves\OneDrive\Desktop\Projects\TCMD-SS\data\raw\hirise_v3_2\map-proj-v3_2\ESP_026511_2330_RED-0009.jpg
map-proj-v3_2/ESP_026511_2330_RED-0011.jpg,ok,,JPEG,227.0,227.0,L,1.0,1.0,normal,other,train,esp_026511_2330_red-0011,[],52fe5f72f2683b41e9b0f1e1e31c54781142e06d3521d572a156571da90e26fb,b2ef864b45b4a6212885643efbce43dd11f0fbeeba9d899b39917883214ade87,f9a90cb03f8f884e,35.12771449086922,19.9637897820389,ba8e825e7a2a9720,[],0.0,esp_026511_2330,['train'],1.0,Counter({'train': 1}),test,deca81edbe3baa51,True,hirise_clean,0,C:\Users\deves\OneDrive\Desktop\Projects\TCMD-SS\data\raw\hirise_v3_2\map-proj-v3_2\ESP_026511_2330_RED-0011.jpg
map-proj-v3_2/ESP_026511_2330_RED-0025.jpg,ok,,JPEG,227.0,227.0,L,1.0,1.0,normal,other,train,esp_026511_2330_red-0025,[],c5007bde8f13374694d0c4a886519bed82ee52ce015c28400e61c61b337d8712,29de60002518063b5f7bfac8d03816357dfa845285364b950a255076e3ab0c4f,e4b11b8763f518d1,50.9513283781948,24.27730319451217,178d69f43b5dae9f,[],0.0,esp_026511_2330,['train'],1.0,Counter({'train': 1}),test,deca81edbe3baa51,True,hirise_clean,0,C:\Users\deves\OneDrive\Desktop\Projects\TCMD-SS\data\raw\hirise_v3_2\map-proj-v3_2\ESP_026511_2330_RED-0025.jpg
map-proj-v3_2/ESP_026511_2330_RED-0026.jpg,ok,,JPEG,227.0,227.0,L,1.0,1.0,normal,other,train,esp_026511_2330_red-0026,[],5f9986b087ecb9b7b02294e1998ee7774dbda6254fe347586ffd047da2f8964f,f2b7b91436dadaa97f7896323b719f21f0598075693a219381a6d8446be502ee,ebb5d2c0d4d15968,52.77589318636108,17.356790186744814,c4ad443c2dba0eb6,[],0.0,esp_026511_2330,['train'],1.0,Counter({'train': 1}),test,deca81edbe3baa51,True,hirise_clean,0,C:\Users\deves\OneDrive\Desktop\Projects\TCMD-SS\data\raw\hirise_v3_2\map-proj-v3_2\ESP_026511_2330_RED-0026.jpg
map-proj-v3_2/ESP_026511_2330_RED-0029.jpg,ok,,JPEG,227.0,227.0,L,1.0,1.0,normal,other,train,esp_026511_2330_red-0029,[],d0b5dc4bcf8877a1eea8c5e2396e48a3c5b052363b5c7896f1e1b9c314f50512,ae9715d899e604e66cb6292bd2db8797d3dedc90a7feb4f3dbf88821cd7a7dfa,d3b564339b8c6433,65.78771177395254,20.91081114928308,656b0225c1a784fd,[],0.0,esp_026511_2330,['train'],1.0,Counter({'train': 1}),test,deca81edbe3baa51,True,hirise_clean,0,C:\Users\deves\OneDrive\Desktop\Projects\TCMD-SS\data\raw\hirise_v3_2\map-proj-v3_2\ESP_026511_2330_RED-0029.jpg
map-proj-v3_2/ESP_026511_2330_RED-0032.jpg,ok,,JPEG,227.0,227.0,L,1.0,1.0,normal,other,train,esp_026511_2330_red-0032,[],0b14c0e20583a1e2d0fba0ce9ff3bcb4a97d624cf643c8f87676e1bf47c3bda5,7ecb4b83e2448788709d5809b53fec9c91f709b1946522f15280f2e2470f4c4b,d24b9d499ccc0ee6,53.796541753187526,33.641016089729895,0ae6f57fd07ac025,[],0.0,esp_026511_2330,['train'],1.0,Counter({'train': 1}),test,deca81edbe3baa51,True,hirise_clean,0,C:\Users\deves\OneDrive\Desktop\Projects\TCMD-SS\data\raw\hirise_v3_2\map-proj-v3_2\ESP_026511_2330_RED-0032.jpg
map-proj-v3_2/ESP_026511_2330_RED-0033.jpg,ok,,JPEG,227.0,227.0,L,1.0,1.0,normal,other,train,esp_026511_2330_red-0033,[],e35dc650e136e46212368d6cbba3f4efc5f3c70030b87c95e39c8b2e526889c0,e202549d44d9729994fbdc8d9c028f611ec620bf3c539ed7d2e9c761626b9eb0,a6b39d39819e46ac,63.50109646994896,16.100755811877395,23daebfadc005e89,[],0.0,esp_026511_2330,['train'],1.0,Counter({'train': 1}),test,deca81edbe3baa51,True,hirise_clean,0,C:\Users\deves\OneDrive\Desktop\Projects\TCMD-SS\data\raw\hirise_v3_2\map-proj-v3_2\ESP_026511_2330_RED-0033.jpg
map-proj-v3_2/ESP_026511_2330_RED-0036.jpg,ok,,JPEG,227.0,227.0,L,1.0,1.0,normal,other,train,esp_026511_2330_red-0036,[],9b09ae084564f1cbc99982dd41abf83ee2b472ab83240276c7d68de74c3bcd5a,f18723a8bc48bbc155e57999a654f480d416ca3aac2b0016e7b39614554a7c6a,c74938bc8966f13a,79.77476760659046,17.626735871350494,c3683ea9d984ec05,[],0.0,esp_026511_2330,['train'],1.0,Counter({'train': 1}),test,deca81edbe3baa51,True,hirise_clean,0,C:\Users\deves\OneDrive\Desktop\Projects\TCMD-SS\data\raw\hirise_v3_2\map-proj-v3_2\ESP_026511_2330_RED-0036.jpg
map-proj-v3_2/ESP_026511_2330_RED-0037.jpg,ok,,JPEG,227.0,227.0,L,1.0,1.0,normal,other,train,esp_026511_2330_red-0037,[],ff4e2471ef4e9550db84ba19c636902bfe147004352e4c89f84e19674c65de7c,1d7bc9fe8ba02f1d591e8b4dbdee226ba05addb05286ed3ee1340df219cd3187,cebb338824c6f16c,66.57658794077122,14.16682965875338,e5cb9d1f30466fc1,[],0.0,esp_026511_2330,['train'],1.0,Counter({'train': 1}),test,deca81edbe3baa51,True,hirise_clean,0,C:\Users\deves\OneDrive\Desktop\Projects\TCMD-SS\data\raw\hirise_v3_2\map-proj-v3_2\ESP_026511_2330_RED-0037.jpg
map-proj-v3_2/ESP_026511_2330_RED-0039.jpg,ok,,JPEG,227.0,227.0,L,1.0,1.0,normal,other,train,esp_026511_2330_red-0039,[],62dd1d07d1caa7ffb67697fd456505c512c482258d4054c5985d907c0d6a0497,3fbeb988e165f34f123d041b4b7243499e8798716174017b42984d0bf521f874,cf8e2451d8c6e33a,62.28024995633527,16.449505501862625,8fa570dff70b185e,[],0.0,esp_026511_2330,['train'],1.0,Counter({'train': 1}),test,deca81edbe3baa51,True,hirise_clean,0,C:\Users\deves\OneDrive\Desktop\Projects\TCMD-SS\data\raw\hirise_v3_2\map-proj-v3_2\ESP_026511_2330_RED-0039.jpg
map-proj-v3_2/ESP_026511_2330_RED-0041.jpg,ok,,JPEG,227.0,227.0,L,1.0,1.0,normal,other,train,esp_026511_2330_red-0041,[],870ea02654ecae6790bb756353c282619b95babd49f2bae3c2bd397289c5f045,63eab14c943af25582d7bd6bdcc5c6ed4af1e610941c912393b685a7d63e51d6,c5cd699aca743b41,79.07789788274563,16.449741103643163,693dbb7d0ad51c8f,[],0.0,esp_026511_2330,['train'],1.0,Counter({'train': 1}),test,deca81edbe3baa51,True,hirise_clean,0,C:\Users\deves\OneDrive\Desktop\Projects\TCMD-SS\data\raw\hirise_v3_2\map-proj-v3_2\ESP_026511_2330_RED-0041.jpg
map-proj-v3_2/ESP_026511_2330_RED-0042.jpg,ok,,JPEG,227.0,227.0,L,1.0,1.0,normal,other,train,esp_026511_2330_red-0042,[],34128589e6a1075a39815884b99230c7d66ac319df44632147d23ebd31a99b7f,629ed717715ac1fa753f2da58977245bbe707cd7b815906de3513649859b0185,8fa330d9cca64b4b,47.37854412078635,29.92001800967952,2f3e9f053556a587,[],0.0,esp_026511_2330,['train'],1.0,Counter({'train': 1}),test,deca81edbe3baa51,True,hirise_clean,0,C:\Users\deves\OneDrive\Desktop\Projects\TCMD-SS\data\raw\hirise_v3_2\map-proj-v3_2\ESP_026511_2330_RED-0042.jpg
map-proj-v3_2/ESP_026511_2330_RED-0048.jpg,ok,,JPEG,227.0,227.0,L,1.0,1.0,normal,other,train,esp_026511_2330_red-0048,[],9b01e10294ec9bd220b140614795dbcd8fd3f2594bb382c7fc2679617d8604fb,cdd7732cd35296a095dfb836c8e9ec1fad1c51cb9d162d6ee2170a8588283537,b2bb991e8c88665b,64.54049176192048,15.80570928616952,c2202388ef826d55,[],0.0,esp_026511_2330,['train'],1.0,Counter({'train': 1}),test,deca81edbe3baa51,True,hirise_clean,0,C:\Users\deves\OneDrive\Desktop\Projects\TCMD-SS\data\raw\hirise_v3_2\map-proj-v3_2\ESP_026511_2330_RED-0048.jpg
map-proj-v3_2/ESP_026511_2330_RED-0051.jpg,ok,,JPEG,227.0,227.0,L,1.0,1.0,normal,other,train,esp_026511_2330_red-0051,[],c245aa4c88723431a0b6e698134d615481538ecdbc32659081f6122b0030a332,9f6b971d222dabde0f48bc55c53bece796a636c1a63c02a2ebd15544d85330e0,c33b3cb4d8c5b305,80.87975703002193,15.528988013942731,017df05803ec5d79,[],0.0,esp_026511_2330,['train'],1.0,Counter({'train': 1}),test,deca81edbe3baa51,True,hirise_clean,0,C:\Users\deves\OneDrive\Desktop\Projects\TCMD-SS\data\raw\hirise_v3_2\map-proj-v3_2\ESP_026511_2330_RED-0051.jpg
map-proj-v3_2/ESP_026511_2330_RED-0052.jpg,ok,,JPEG,227.0,227.0,L,1.0,1.0,normal,other,train,esp_026511_2330_red-0052,[],3229724282dba243dc9165be99dba1efd11424180c187c7f0fedbb19c7340283,b6953cfe60c3015f39c8a8dd2530aa7c937510a5c76436eb9759a1b897604f25,d8de248617f321f4,62.686409594597215,17.13903569403249,90e819e4be6dde24,[],0.0,esp_026511_2330,['train'],1.0,Counter({'train': 1}),test,deca81edbe3baa51,True,hirise_clean,0,C:\Users\deves\OneDrive\Desktop\Projects\TCMD-SS\data\raw\hirise_v3_2\map-proj-v3_2\ESP_026511_2330_RED-0052.jpg
map-proj-v3_2/ESP_026511_2330_RED-0053.jpg,ok,,JPEG,227.0,227.0,L,1.0,1.0,normal,other,train,esp_026511_2330_red-0053,[],c354397c5c5c0f69b4902a351532abec74ff826100958beb3b0aeb4a6f3c4cb5,8f8a8360a40b1d5b1f58fffcdebd59dd75f33eee2f66e9597caf3b194420c9b9,e8d4b692c7e8247a,65.56511867103961,14.912926742996582,67aeb63827f63688,[],0.0,esp_026511_2330,['train'],1.0,Counter({'train': 1}),test,deca81edbe3baa51,True,hirise_clean,0,C:\Users\deves\OneDrive\Desktop\Projects\TCMD-SS\data\raw\hirise_v3_2\map-proj-v3_2\ESP_026511_2330_RED-0053.jpg
map-proj-v3_2/ESP_026511_2330_RED-0055.jpg,ok,,JPEG,227.0,227.0,L,1.0,1.0,normal,other,train,esp_026511_2330_red-0055,[],6018f42c60ea58a4218df9e145974ed5f690d942eeb3287fcf4c683b06e07603,468d4d905bbf1bf61880b70669e116680fcd12bb84823caf9771b0253c4a7f8b,87c17c6cc6b39299,70.66176327893031,41.2404560047147,65ea6b6171307192,[],0.0,esp_026511_2330,['train'],1.0,Counter({'train': 1}),test,deca81edbe3baa51,True,hirise_clean,0,C:\Users\deves\OneDrive\Desktop\Projects\TCMD-SS\data\raw\hirise_v3_2\map-proj-v3_2\ESP_026511_2330_RED-0055.jpg
map-proj-v3_2/ESP_026511_2330_RED-0056.jpg,ok,,JPEG,227.0,227.0,L,1.0,1.0,normal,other,train,esp_026511_2330_red-0056,[],a6fdcbaa4491bac1ccc84e64d74cf74482af7de2f03ca75412f83d7e20662227,3981d36305339c448098d5c59bd332fe4e3361866a51c2644cd6eeb410175f36,a301e29bcda9917d,75.97822585340293,15.878925094947782,89e32291fc5f0e6f,[],0.0,esp_026511_2330,['train'],1.0,Counter({'train': 1}),test,deca81edbe3baa51,True,hirise_clean,0,C:\Users\deves\OneDrive\Desktop\Projects\TCMD-SS\data\raw\hirise_v3_2\map-proj-v3_2\ESP_026511_2330_RED-0056.jpg
map-proj-v3_2/ESP_026511_2330_RED-0067.jpg,ok,,JPEG,227.0,227.0,L,1.0,1.0,normal,other,train,esp_026511_2330_red-0067,[],81d6f0089562e86d5cbf1cc90e58ef973ad078d03374ef38dad6c4b6ddc8b651,bddad66aea0ecd23755b1a2b13df5ba433b7036d04ec876d20f8cb445f4b1576,80709beb36b14fc3,67.5270430243164,30.348165198692985,e3af177183dd92d3,[],0.0,esp_026511_2330,['train'],1.0,Counter({'train': 1}),test,deca81edbe3baa51,True,hirise_clean,0,C:\Users\deves\OneDrive\Desktop\Projects\TCMD-SS\data\raw\hirise_v3_2\map-proj-v3_2\ESP_026511_2330_RED-0067.jpg
map-proj-v3_2/ESP_026511_2330_RED-0068.jpg,ok,,JPEG,227.0,227.0,L,1.0,1.0,normal,other,train,esp_026511_2330_red-0068,[],7586133eca57ee6f01ddbe05dde1b0d277eb6974b263b012a2847d22733218a1,b43adc891a798133f010b0caf1e0b9abcfec28a77e55c713d371f1b6daa91aa0,890433e6fb99e439,69.98880242193717,14.616659456404166,5d74aa844f1317b8,[],0.0,esp_026511_2330,['train'],1.0,Counter({'train': 1}),test,deca81edbe3baa51,True,hirise_clean,0,C:\Users\deves\OneDrive\Desktop\Projects\TCMD-SS\data\raw\hirise_v3_2\map-proj-v3_2\ESP_026511_2330_RED-0068.jpg
map-proj-v3_2/ESP_026511_2330_RED-0074.jpg,ok,,JPEG,227.0,227.0,L,1.0,1.0,normal,other,train,esp_026511_2330_red-0074,[],f070190f71489378ec2065154b09225e0130d6b415061701a06f48fbf71b85d0,4ac0230c1b87ef49362c4b31a105c58a662af4d1bb15820ccfc5fc67ee55e36d,a611dd4c56eaf039,53.355469735488754,16.19551257317622,f054a0eb17722ffe,[],0.0,esp_026511_2330,['train'],1.0,Counter({'train': 1}),test,deca81edbe3baa51,True,hirise_clean,0,C:\Users\deves\OneDrive\Desktop\Projects\TCMD-SS\data\raw\hirise_v3_2\map-proj-v3_2\ESP_026511_2330_RED-0074.jpg
map-proj-v3_2/ESP_026511_2330_RED-0076.jpg,ok,,JPEG,227.0,227.0,L,1.0,1.0,normal,other,train,esp_026511_2330_red-0076,[],9588537e517cfb8c2435b17728c8e3aca1acc8ee4bf13a44b5e4194ca660155b,b370be22412ddfc038b3d031e4ce2fe432b441b2e4ae1eb0ed90efb97117757d,80682f353cefa372,56.153874517262125,24.586472160605105,5dcb1ad8c4e73be0,[],0.0,esp_026511_2330,['train'],1.0,Counter({'train': 1}),test,deca81edbe3baa51,True,hirise_clean,0,C:\Users\deves\OneDrive\Desktop\Projects\TCMD-SS\data\raw\hirise_v3_2\map-proj-v3_2\ESP_026511_2330_RED-0076.jpg
map-proj-v3_2/ESP_026511_2330_RED-0081.jpg,ok,,JPEG,227.0,227.0,L,1.0,1.0,normal,other,train,esp_026511_2330_red-0081,[],57b01c2aa5548790dd289f4bff99718f60a40c495f007db248f184925aaa2d4f,109dbf372ec3241ab945fc91b01029aa64a79e9fe4da3cee090209f109478409,87e06c9153b559e3,47.0958877525277,28.55062008382665,63a596e009dbecfe,[],0.0,esp_026511_2330,['train'],1.0,Counter({'train': 1}),test,deca81edbe3baa51,True,hirise_clean,0,C:\Users\deves\OneDrive\Desktop\Projects\TCMD-SS\data\raw\hirise_v3_2\map-proj-v3_2\ESP_026511_2330_RED-0081.jpg
map-proj-v3_2/ESP_026511_2330_RED-0083.jpg,ok,,JPEG,227.0,227.0,L,1.0,1.0,normal,other,train,esp_026511_2330_red-0083,[],0f302ad3d8d9ad5ec75793211f9d0b549dc9b36c4f935c37399557d5b141b9f3,984895c275904e4ae1beffaaa0946a9308eb4b9cf618172b60d19233544420d4,9a3ba58c4bdba524,53.86813250790817,17.88554119923207,27ad03b68b619dc8,[],0.0,esp_026511_2330,['train'],1.0,Counter({'train': 1}),test,deca81edbe3baa51,True,hirise_clean,0,C:\Users\deves\OneDrive\Desktop\Projects\TCMD-SS\data\raw\hirise_v3_2\map-proj-v3_2\ESP_026511_2330_RED-0083.jpg
map-proj-v3_2/ESP_026511_2330_RED-0084.jpg,ok,,JPEG,227.0,227.0,L,1.0,1.0,normal,other,train,esp_026511_2330_red-0084,[],7e1b1c81d8d1e4d9cdc11c7a1177ae7175166b8e9860e7eb596f9d47ca8ea14a,40ba4c93765436d3fd6390a3baad913a1a939282cc40555f8378a3b5fdef426c,cde768b5831094fc,48.32682567098139,16.09148468556832,67cdcb9b8efb1847,[],0.0,esp_026511_2330,['train'],1.0,Counter({'train': 1}),test,deca81edbe3baa51,True,hirise_clean,0,C:\Users\deves\OneDrive\Desktop\Projects\TCMD-SS\data\raw\hirise_v3_2\map-proj-v3_2\ESP_026511_2330_RED-0084.jpg
map-proj-v3_2/ESP_026511_2330_RED-0085.jpg,ok,,JPEG,227.0,227.0,L,1.0,1.0,normal,other,train,esp_026511_2330_red-0085,[],74484f2dc2e9742008af78dad7007494916b3bad4f0dfa7b70055eef182c0142,c9bd881a44cce989eeb41de5310382014bfe747f6eeac292023146b84fa09ebe,f40ed89f6389a171,55.388441460148655,17.12983965768077,ae0dbabdb7a30bed,[],0.0,esp_026511_2330,['train'],1.0,Counter({'train': 1}),test,deca81edbe3baa51,True,hirise_clean,0,C:\Users\deves\OneDrive\Desktop\Projects\TCMD-SS\data\raw\hirise_v3_2\map-proj-v3_2\ESP_026511_2330_RED-0085.jpg
map-proj-v3_2/ESP_026511_2330_RED-0086.jpg,ok,,JPEG,227.0,227.0,L,1.0,1.0,normal,other,train,esp_026511_2330_red-0086,[],773aebfa12957847a1e9d0cb0bb9563d812e875577c7393dfd9027d024207069,7c2d00ccf68deeeea55ce0da51f512adbf3d4e4cee11204eeea1040f3a71b0c1,caea3a4a2a26abab,62.26891653243804,16.552170753286916,812cb967c61f66e7,[],0.0,esp_026511_2330,['train'],1.0,Counter({'train': 1}),test,deca81edbe3baa51,True,hirise_clean,0,C:\Users\deves\OneDrive\Desktop\Projects\TCMD-SS\data\raw\hirise_v3_2\map-proj-v3_2\ESP_026511_2330_RED-0086.jpg
map-proj-v3_2/ESP_026511_2330_RED-0091.jpg,ok,,JPEG,227.0,227.0,L,1.0,1.0,normal,other,train,esp_026511_2330_red-0091,[],1ac04152736c5bdc5d215970aadf4a23c0f051684001f2a62de2f9f7ffbdc8bd,cc5d8fb47b37631389ef32aeb6e469336e8fb3f86b3f004074307dbf4924f9ad,c578371b0f073715,57.12748161229599,15.159916940060889,c2c23e8f39e912d9,[],0.0,esp_026511_2330,['train'],1.0,Counter({'train': 1}),test,deca81edbe3baa51,True,hirise_clean,0,C:\Users\deves\OneDrive\Desktop\Projects\TCMD-SS\data\raw\hirise_v3_2\map-proj-v3_2\ESP_026511_2330_RED-0091.jpg
map-proj-v3_2/ESP_026511_2330_RED-0092.jpg,ok,,JPEG,227.0,227.0,L,1.0,1.0,normal,other,train,esp_026511_2330_red-0092,[],55a723ba366838762433068e383b16e217520043c5228edb60c9c6a78a9e7d82,50506d59c6058cc652f1452dc5d907bbb26062a8f55f26b814568b9868a41551,8d7631596e6172b1,69.63084864833395,15.262625535105553,a26e89fce47a18c6,[],0.0,esp_026511_2330,['train'],1.0,Counter({'train': 1}),test,deca81edbe3baa51,True,hirise_clean,0,C:\Users\deves\OneDrive\Desktop\Projects\TCMD-SS\data\raw\hirise_v3_2\map-proj-v3_2\ESP_026511_2330_RED-0092.jpg
map-proj-v3_2/ESP_026511_2330_RED-0093.jpg,ok,,JPEG,227.0,227.0,L,1.0,1.0,normal,other,train,esp_026511_2330_red-0093,[],56f2a824858073406a3d310350754c494df23c2efb7e90305283ff57f5412a95,18d7a004ba7f868389059e5d1863b07dcf7c9f584bc841aa3d0abe525bc9017b,f595d0d8135a982f,55.44522501892138,18.901790429836822,28fc4a75d0d1df1e,[],0.0,esp_026511_2330,['train'],1.0,Counter({'train': 1}),test,deca81edbe3baa51,True,hirise_clean,0,C:\Users\deves\OneDrive\Desktop\Projects\TCMD-SS\data\raw\hirise_v3_2\map-proj-v3_2\ESP_026511_2330_RED-0093.jpg
map-proj-v3_2/ESP_026511_2330_RED-0095.jpg,ok,,JPEG,227.0,227.0,L,1.0,1.0,normal,other,train,esp_026511_2330_red-0095,[],3ed2716418c931b9e1b54198fa80cef41fc956f1d778e0741f25819731c789f9,cce6b673de278e90aaf50bea4b0f20b58bc5d9c7c8baddd78bf5b5cce1ebc866,cc92d36e329b8a2b,51.65537852471424,18.660814900921125,707e64471de33707,[],0.0,esp_026511_2330,['train'],1.0,Counter({'train': 1}),test,deca81edbe3baa51,True,hirise_clean,0,C:\Users\deves\OneDrive\Desktop\Projects\TCMD-SS\data\raw\hirise_v3_2\map-proj-v3_2\ESP_026511_2330_RED-0095.jpg
map-proj-v3_2/ESP_026511_2330_RED-0097.jpg,ok,,JPEG,227.0,227.0,L,1.0,1.0,normal,other,train,esp_026511_2330_red-0097,[],c2d8af64a385962ed8a489e846c3784c6e5505bfa7b811a2efc8d9167700e6c8,a3d4e7798e94506c1a6c8a126c1439e3c05ebb4f2daa351f6eefe61aed96269b,a4953c472719d9ab,62.39304081196996,16.352785309739325,7e6931fe404559c6,[],0.0,esp_026511_2330,['train'],1.0,Counter({'train': 1}),test,deca81edbe3baa51,True,hirise_clean,0,C:\Users\deves\OneDrive\Desktop\Projects\TCMD-SS\data\raw\hirise_v3_2\map-proj-v3_2\ESP_026511_2330_RED-0097.jpg
map-proj-v3_2/ESP_026511_2330_RED-0098.jpg,ok,,JPEG,227.0,227.0,L,1.0,1.0,normal,other,train,esp_026511_2330_red-0098,[],aa776d51d000f6f4b495a8741e10ecac9875accbe729b1dbff287ae4e25afcdd,9896b20b62f647db62bad8c7ef9d74fb912be01e1eadfa19c05f99b639582fe0,e44b9b924e6721f8,55.89415668846669,15.244930337624629,32c2f9c02a59d066,[],0.0,esp_026511_2330,['train'],1.0,Counter({'train': 1}),test,deca81edbe3baa51,True,hirise_clean,0,C:\Users\deves\OneDrive\Desktop\Projects\TCMD-SS\data\raw\hirise_v3_2\map-proj-v3_2\ESP_026511_2330_RED-0098.jpg
map-proj-v3_2/ESP_026511_2330_RED-0102.jpg,ok,,JPEG,227.0,227.0,L,1.0,1.0,normal,other,train,esp_026511_2330_red-0102,[],ce07fb0fc6f7596eaf79f1ee749bbac37bc20dbd6e387d1e5db0bef7d720000c,bd902d67b588bf83061f3df4e4ef7c60268f575dd2884ab5f2f290844e9f7ed9,cb499c6624f19bcc,49.8663471055134,35.63556465649223,5973ae206c059c1a,[],0.0,esp_026511_2330,['train'],1.0,Counter({'train': 1}),test,deca81edbe3baa51,True,hirise_clean,0,C:\Users\deves\OneDrive\Desktop\Projects\TCMD-SS\data\raw\hirise_v3_2\map-proj-v3_2\ESP_026511_2330_RED-0102.jpg
map-proj-v3_2/ESP_026511_2330_RED-0103.jpg,ok,,JPEG,227.0,227.0,L,1.0,1.0,normal,other,train,esp_026511_2330_red-0103,[],6f8192bf3b6416741ec21b5ac6d90f5bd07310c5e728604387424142f0287798,f81ec5b56fd3cf5d15ee7f30bb3627d83911358bf7365423cddcc5409cebed44,99966643998c667b,62.62366822565934,21.17591140012991,6d6231c0fccc07e3,[],0.0,esp_026511_2330,['train'],1.0,Counter({'train': 1}),test,deca81edbe3baa51,True,hirise_clean,0,C:\Users\deves\OneDrive\Desktop\Projects\TCMD-SS\data\raw\hirise_v3_2\map-proj-v3_2\ESP_026511_2330_RED-0103.jpg
map-proj-v3_2/ESP_026511_2330_RED-0107.jpg,ok,,JPEG,227.0,227.0,L,1.0,1.0,normal,other,train,esp_026511_2330_red-0107,[],70c81d60d6ea803d0566b864bd5952e64e23bb1d06d8c57fefc42e5078751c63,d5b43ca986c8418079f7d4b22cb527cd5ec45dd6940dc85053b37d088eb237f9,d5562ed29d46a3d0,65.94257602515088,24.044282522579557,1f2ed6c89529f1e6,[],0.0,esp_026511_2330,['train'],1.0,Counter({'train': 1}),test,deca81edbe3baa51,True,hirise_clean,0,C:\Users\deves\OneDrive\Desktop\Projects\TCMD-SS\data\raw\hirise_v3_2\map-proj-v3_2\ESP_026511_2330_RED-0107.jpg
map-proj-v3_2/ESP_026511_2330_RED-0108.jpg,ok,,JPEG,227.0,227.0,L,1.0,1.0,normal,other,train,esp_026511_2330_red-0108,[],548d321f9ac9d5f1eaa940573a36ff1c0d4fcf8bc50920fea4c3c77eab80bacb,d7e9c7806a7e3dbbcb593b98c2733d324f7991d242ea9353b60bc4db4d6c37f1,8fc331ba566692a9,46.13248850162044,30.00725862655237,89f1bada28e6d351,[],0.0,esp_026511_2330,['train'],1.0,Counter({'train': 1}),test,deca81edbe3baa51,True,hirise_clean,0,C:\Users\deves\OneDrive\Desktop\Projects\TCMD-SS\data\raw\hirise_v3_2\map-proj-v3_2\ESP_026511_2330_RED-0108.jpg
map-proj-v3_2/ESP_026511_2330_RED-0109.jpg,ok,,JPEG,227.0,227.0,L,1.0,1.0,normal,other,train,esp_026511_2330_red-0109,[],e9374612ef5b9951d3ff4a97e4c48e8fe4f090b7571fba1bdf461e898fc8a5bb,8cbdc35c3f27c18378710d68a7739e8790891151e117ddd253f8b49b47b86c1a,888d37bb39542b8e,62.02755729783229,16.994850702192736,f883b88c0bf05aae,[],0.0,esp_026511_2330,['train'],1.0,Counter({'train': 1}),test,deca81edbe3baa51,True,hirise_clean,0,C:\Users\deves\OneDrive\Desktop\Projects\TCMD-SS\data\raw\hirise_v3_2\map-proj-v3_2\ESP_026511_2330_RED-0109.jpg
map-proj-v3_2/ESP_026511_2330_RED-0110.jpg,ok,,JPEG,227.0,227.0,L,1.0,1.0,normal,other,train,esp_026511_2330_red-0110,[],ecf677efbda8e4317cf100fbf7fabd5b9071de5c020b028e9c2b9f6b75733919,df9132612a17aed4ddc8640fdaac581de5fea777b1a63fab308ab3d762da3ff8,ec6299d9b631564c,53.33936230084031,17.08655521574155,0294504ae59830c7,[],0.0,esp_026511_2330,['train'],1.0,Counter({'train': 1}),test,deca81edbe3baa51,True,hirise_clean,0,C:\Users\deves\OneDrive\Desktop\Projects\TCMD-SS\data\raw\hirise_v3_2\map-proj-v3_2\ESP_026511_2330_RED-0110.jpg
map-proj-v3_2/ESP_026511_2330_RED-0112.jpg,ok,,JPEG,227.0,227.0,L,1.0,1.0,normal,other,train,esp_026511_2330_red-0112,[],252effacb2e78538e7c4d70a60ba1883db5e412f2d6c6981b798dc4f15e9398b,4d6b29616921ef4a932f29c9205d6f385bc8459e69e38b6ff1c42f1aef56295b,c85332cd86ef7384,62.00397834229269,15.952397813224833,7d6a38f97c6e4d44,[],0.0,esp_026511_2330,['train'],1.0,Counter({'train': 1}),test,deca81edbe3baa51,True,hirise_clean,0,C:\Users\deves\OneDrive\Desktop\Projects\TCMD-SS\data\raw\hirise_v3_2\map-proj-v3_2\ESP_026511_2330_RED-0112.jpg
map-proj-v3_2/ESP_026511_2330_RED-0116.jpg,ok,,JPEG,227.0,227.0,L,1.0,1.0,normal,other,train,esp_026511_2330_red-0116,[],81257bb2842606bb025684615bfde86eabf977e79d43a13b967dfdc7f0f0ae9b,9d7e74e86953b14a686e24d2f9245edca355420cfbecdfb297a786902c9d9945,abd15bc01b991db1,50.68408080886491,17.287134026287205,4437767354a8c92b,[],0.0,esp_026511_2330,['train'],1.0,Counter({'train': 1}),test,deca81edbe3baa51,True,hirise_clean,0,C:\Users\deves\OneDrive\Desktop\Projects\TCMD-SS\data\raw\hirise_v3_2\map-proj-v3_2\ESP_026511_2330_RED-0116.jpg
map-proj-v3_2/ESP_026511_2330_RED-0117.jpg,ok,,JPEG,227.0,227.0,L,1.0,1.0,normal,other,train,esp_026511_2330_red-0117,[],963b4af106e284e97d5501fd103787af22efac32728c0ca2736a11740ad9051a,3d10777ec3f36866e75637a0afe85c1cd82338ee4da4f5fc73bd86fa60d04379,e221cc7e93d4aca5,47.05101981408527,16.21808717290181,47260fffe259d3c9,[],0.0,esp_026511_2330,['train'],1.0,Counter({'train': 1}),test,deca81edbe3baa51,True,hirise_clean,0,C:\Users\deves\OneDrive\Desktop\Projects\TCMD-SS\data\raw\hirise_v3_2\map-proj-v3_2\ESP_026511_2330_RED-0117.jpg
map-proj-v3_2/ESP_026511_2330_RED-0121.jpg,ok,,JPEG,227.0,227.0,L,1.0,1.0,normal,other,train,esp_026511_2330_red-0121,[],4d6a24fe2362d5790f21ab0b029fe338e139d6685265e70d2580c4f42239cd07,5a8f0eb8d2ba8f3db344189e6fc8330ec96fbd6c75c6be89951570a757d23cfc,f31f0d2391925ba9,70.66449960216578,15.348363989275237,e7a44d6ac817a1ce,[],0.0,esp_026511_2330,['train'],1.0,Counter({'train': 1}),test,deca81edbe3baa51,True,hirise_clean,0,C:\Users\deves\OneDrive\Desktop\Projects\TCMD-SS\data\raw\hirise_v3_2\map-proj-v3_2\ESP_026511_2330_RED-0121.jpg
map-proj-v3_2/ESP_026511_2330_RED-0122.jpg,ok,,JPEG,227.0,227.0,L,1.0,1.0,normal,other,train,esp_026511_2330_red-0122,[],303a172f5f0870d318e8b38b0eb8a83d582cfc773df7aa771e1cc4d5cbe6ec08,efeb57a882c82aaeeb76d8f590eeccd3c307d6c30aad44ae06fc50d68eb188ab,b2836cf05e61f04f,64.4280696306934,19.862546370446925,aa516b92e859a16a,[],0.0,esp_026511_2330,['train'],1.0,Counter({'train': 1}),test,deca81edbe3baa51,True,hirise_clean,0,C:\Users\deves\OneDrive\Desktop\Projects\TCMD-SS\data\raw\hirise_v3_2\map-proj-v3_2\ESP_026511_2330_RED-0122.jpg
map-proj-v3_2/ESP_026511_2330_RED-0124.jpg,ok,,JPEG,227.0,227.0,L,1.0,1.0,normal,other,train,esp_026511_2330_red-0124,[],ed01364ca86605f32954a6e0ad11fa92c2694b1ecdb73a01dc842c42dbef0175,a4825da75a96523a7a22ec808c7b7c34445053ab024f98aa121f4f679e60fcc9,ce3cb7d2c6427158,75.55002037687515,16.75830641065478,8eaa50742a093fe7,[],0.0,esp_026511_2330,['train'],1.0,Counter({'train': 1}),test,deca81edbe3baa51,True,hirise_clean,0,C:\Users\deves\OneDrive\Desktop\Projects\TCMD-SS\data\raw\hirise_v3_2\map-proj-v3_2\ESP_026511_2330_RED-0124.jpg
map-proj-v3_2/ESP_026511_2330_RED-0125.jpg,ok,,JPEG,227.0,227.0,L,1.0,1.0,normal,other,train,esp_026511_2330_red-0125,[],9d0454496ad1637cea25a12ffcabc4716a0e9a2e2f7bb67b298c769833ccae42,ae608b6d53b7f97c168d1bf7e9f6427670a1416d8b45989569f89a63a645b040,8fd47a0b2496d96a,72.93710337867996,16.61500635167212,12766e6e06a8d8a6,[],0.0,esp_026511_2330,['train'],1.0,Counter({'train': 1}),test,deca81edbe3baa51,True,hirise_clean,0,C:\Users\deves\OneDrive\Desktop\Projects\TCMD-SS\data\raw\hirise_v3_2\map-proj-v3_2\ESP_026511_2330_RED-0125.jpg
map-proj-v3_2/ESP_026511_2330_RED-0126.jpg,ok,,JPEG,227.0,227.0,L,1.0,1.0,normal,other,train,esp_026511_2330_red-0126,[],c5ca8b9a25fcde50691a80360e12e74c8baf1946ca5e9beed3dd5608c54953e7,ad6e8f78098c486b3430de15a61e8996bf0c41173644dd6b9daf75eaa8f36fd2,be850dc238887b7d,67.35715810514468,18.658944252808386,d19db943179bb132,[],0.0,esp_026511_2330,['train'],1.0,Counter({'train': 1}),test,deca81edbe3baa51,True,hirise_clean,0,C:\Users\deves\OneDrive\Desktop\Projects\TCMD-SS\data\raw\hirise_v3_2\map-proj-v3_2\ESP_026511_2330_RED-0126.jpg
map-proj-v3_2/ESP_026511_2330_RED-0128.jpg,ok,,JPEG,227.0,227.0,L,1.0,1.0,normal,other,train,esp_026511_2330_red-0128,[],28cbba10efaa6604af773acbaf1362f02cbc7a3f43df8b42646cf697e9965c62,8054e13a33709b4eaf92cc16345b733239ab9ce8f45be761a873c830042b6513,8ec033b8ecf680bd,60.43472607657824,18.100446565508857,6e498a6dfc93bf05,[],0.0,esp_026511_2330,['train'],1.0,Counter({'train': 1}),test,deca81edbe3baa51,True,hirise_clean,0,C:\Users\deves\OneDrive\Desktop\Projects\TCMD-SS\data\raw\hirise_v3_2\map-proj-v3_2\ESP_026511_2330_RED-0128.jpg
map-proj-v3_2/ESP_026511_2330_RED-0132.jpg,ok,,JPEG,227.0,227.0,L,1.0,1.0,normal,other,train,esp_026511_2330_red-0132,[],c6d090e337d352474d06786938a6a70c1779b5569afe423bf9d396294b77bc4f,dada7ebacfb91b5e8c72c74fd9890ba263066334a3f501c39e73bdcbda378b9c,93f0a4e69331475b,69.07696636845272,17.409884890412997,87cc0d1ee8bc2ced,[],0.0,esp_026511_2330,['train'],1.0,Counter({'train': 1}),test,deca81edbe3baa51,True,hirise_clean,0,C:\Users\deves\OneDrive\Desktop\Projects\TCMD-SS\data\raw\hirise_v3_2\map-proj-v3_2\ESP_026511_2330_RED-0132.jpg
map-proj-v3_2/ESP_026511_2330_RED-0133.jpg,ok,,JPEG,227.0,227.0,L,1.0,1.0,normal,other,train,esp_026511_2330_red-0133,[],09af094990c47f618f5079b476d1d7dc1ff40238650ea3388e2f1b69cf63abfc,8daf34d7be598b598f4e41353ce2dbfd5c885d364f3ab698ad78f95e4511f644,c8977176338d0c37,64.88522967649286,21.02460521619887,67097cb65dc7773a,[],0.0,esp_026511_2330,['train'],1.0,Counter({'train': 1}),test,deca81edbe3baa51,True,hirise_clean,0,C:\Users\deves\OneDrive\Desktop\Projects\TCMD-SS\data\raw\hirise_v3_2\map-proj-v3_2\ESP_026511_2330_RED-0133.jpg
map-proj-v3_2/ESP_026511_2330_RED-0134.jpg,ok,,JPEG,227.0,227.0,L,1.0,1.0,normal,other,train,esp_026511_2330_red-0134,[],a86bc8394ab5518ea9435108660320b8a15a012e6ef0cdcf3e087fec80b19fde,2abe73e9263b0df0e1a1df9cb547b03213ca69f0e379a0e1e912fc79b30ec255,c984e67d998c6633,71.13569058200237,18.173397474818227,14135e4a9e8e9656,[],0.0,esp_026511_2330,['train'],1.0,Counter({'train': 1}),test,deca81edbe3baa51,True,hirise_clean,0,C:\Users\deves\OneDrive\Desktop\Projects\TCMD-SS\data\raw\hirise_v3_2\map-proj-v3_2\ESP_026511_2330_RED-0134.jpg
map-proj-v3_2/ESP_026511_2330_RED-0142.jpg,ok,,JPEG,227.0,227.0,L,1.0,1.0,normal,other,train,esp_026511_2330_red-0142,[],4abdda28411edf3d32c6e3476ae1f2c6fa5832a535b1690a84686fa4e3c4ded2,dba1d24c4975d9fcc42eaa6703f0694c367d8b3ac35e413e4b6f1d26a290ad1c,d1844c2793fb2cbc,70.7836946185643,15.874488954471971,a8d0b59e22c41452,[],0.0,esp_026511_2330,['train'],1.0,Counter({'train': 1}),test,deca81edbe3baa51,True,hirise_clean,0,C:\Users\deves\OneDrive\Desktop\Projects\TCMD-SS\data\raw\hirise_v3_2\map-proj-v3_2\ESP_026511_2330_RED-0142.jpg
map-proj-v3_2/ESP_026511_2330_RED-0148.jpg,ok,,JPEG,227.0,227.0,L,1.0,1.0,normal,other,train,esp_026511_2330_red-0148,[],7e408f3016c0066e8ebbabea3a43cc21eae4491b3132f6e2442d4f783c661930,93904603f2a4e40c8f8551f09d3059ad553ebbb2822e48a7272962709bc7b1ff,f1385fce65508764,75.58728094859205,15.663665544419809,47759ca3e5af6bbc,[],0.0,esp_026511_2330,['train'],1.0,Counter({'train': 1}),test,deca81edbe3baa51,True,hirise_clean,0,C:\Users\deves\OneDrive\Desktop\Projects\TCMD-SS\data\raw\hirise_v3_2\map-proj-v3_2\ESP_026511_2330_RED-0148.jpg
map-proj-v3_2/ESP_026511_2330_RED-0152.jpg,ok,,JPEG,227.0,227.0,L,1.0,1.0,normal,other,train,esp_026511_2330_red-0152,[],2382e1b7c440ec46c366ada92bdfd025e3070c4874969403a201673300378cc8,b0b3dfec610e930b1559f902db82df2574eb7bcd0340217aceb15222a8a0901f,c82f311d4fc56768,73.95903277765919,16.481331082685383,e660c04dc09df60e,[],0.0,esp_026511_2330,['train'],1.0,Counter({'train': 1}),test,deca81edbe3baa51,True,hirise_clean,0,C:\Users\deves\OneDrive\Desktop\Projects\TCMD-SS\data\raw\hirise_v3_2\map-proj-v3_2\ESP_026511_2330_RED-0152.jpg
map-proj-v3_2/ESP_026511_2330_RED-0153.jpg,ok,,JPEG,227.0,227.0,L,1.0,1.0,normal,other,train,esp_026511_2330_red-0153,[],3363b8cc9ca46d39d39ed8478d56c1809a1a9598f56b9983db3e0c8f964f3050,4fb4573eb599f5db7f127734e40a6d86f7f91e25c73869fd7cfbec517989788a,80f89f176785d1c3,62.94570047934173,27.135283763909975,71013a594eb0f851,[],0.0,esp_026511_2330,['train'],1.0,Counter({'train': 1}),test,deca81edbe3baa51,True,hirise_clean,0,C:\Users\deves\OneDrive\Desktop\Projects\TCMD-SS\data\raw\hirise_v3_2\map-proj-v3_2\ESP_026511_2330_RED-0153.jpg
map-proj-v3_2/ESP_026511_2330_RED-0157.jpg,ok,,JPEG,227.0,227.0,L,1.0,1.0,normal,other,train,esp_026511_2330_red-0157,[],6438b5c1138414ddf27101677b868f20dad3efcf535ad2d093e44c2b8e9c64e4,76541ee138ebdd957138f810c2143637ac9fe354fae953d42c60ad034dc76b21,8761389cb6d9a4c7,56.21036697781832,33.945588339095416,77b843f6ed2acfca,[],0.0,esp_026511_2330,['train'],1.0,Counter({'train': 1}),test,deca81edbe3baa51,True,hirise_clean,0,C:\Users\deves\OneDrive\Desktop\Projects\TCMD-SS\data\raw\hirise_v3_2\map-proj-v3_2\ESP_026511_2330_RED-0157.jpg
map-proj-v3_2/ESP_026511_2330_RED-0159.jpg,ok,,JPEG,227.0,227.0,L,1.0,1.0,normal,other,train,esp_026511_2330_red-0159,[],cdaa4647da621e80f217ed5728bb307ff8d63d310f07389af9a34c65607e446f,208110216e51a7cf3cddfc8d22b0abbc923b15bcc318431ae732656175e7d9c7,c14ab5b287d99c35,67.38978051194474,15.896126621087326,7d2182753f2b1473,[],0.0,esp_026511_2330,['train'],1.0,Counter({'train': 1}),test,deca81edbe3baa51,True,hirise_clean,0,C:\Users\deves\OneDrive\Desktop\Projects\TCMD-SS\data\raw\hirise_v3_2\map-proj-v3_2\ESP_026511_2330_RED-0159.jpg
map-proj-v3_2/ESP_026511_2330_RED-0160.jpg,ok,,JPEG,227.0,227.0,L,1.0,1.0,normal,other,train,esp_026511_2330_red-0160,[],0db0fd529b4b2faec66d985aa039637708ef7081fa56d69b4acc5014a346ed8f,7a9728bad66648453911a8a048b3c01915d5a72ee49f771d2162735f3b73c80a,83b0c2687ee399a7,57.57466669254207,30.84241078154948,890660ac4d7a7ab2,[],0.0,esp_026511_2330,['train'],1.0,Counter({'train': 1}),test,deca81edbe3baa51,True,hirise_clean,0,C:\Users\deves\OneDrive\Desktop\Projects\TCMD-SS\data\raw\hirise_v3_2\map-proj-v3_2\ESP_026511_2330_RED-0160.jpg
map-proj-v3_2/ESP_026511_2330_RED-0161.jpg,ok,,JPEG,227.0,227.0,L,1.0,1.0,normal,other,train,esp_026511_2330_red-0161,[],5513a6ecbaf8be9e1f1cf218083f7224e4f027472547153cc44f3a570065e334,8506a76bda487b47fa6dfabccce064596dda5248404c78b021c4c3f879dc052b,c6d1b9c66279919c,83.7095616060859,20.288816496094032,b2c01b3ec7860ae6,[],0.0,esp_026511_2330,['train'],1.0,Counter({'train': 1}),test,deca81edbe3baa51,True,hirise_clean,0,C:\Users\deves\OneDrive\Desktop\Projects\TCMD-SS\data\raw\hirise_v3_2\map-proj-v3_2\ESP_026511_2330_RED-0161.jpg
map-proj-v3_2/ESP_026511_2330_RED-0171.jpg,ok,,JPEG,227.0,227.0,L,1.0,1.0,normal,other,train,esp_026511_2330_red-0171,[],9f3630bc742b6b55a05de9e48d62c64c1378ce6508eec9bb788fcbf9ea4a9911,d641f8ad0b4c26e155661c0c90112ac381fe89a9da37447534a688c268c258a5,efd54338c02cd9cc,83.98290283141532,18.16460299761238,e68e6147f93af184,[],0.0,esp_026511_2330,['train'],1.0,Counter({'train': 1}),test,deca81edbe3baa51,True,hirise_clean,0,C:\Users\deves\OneDrive\Desktop\Projects\TCMD-SS\data\raw\hirise_v3_2\map-proj-v3_2\ESP_026511_2330_RED-0171.jpg
map-proj-v3_2/ESP_026511_2330_RED-0177.jpg,ok,,JPEG,227.0,227.0,L,1.0,1.0,normal,other,train,esp_026511_2330_red-0177,[],318d1e4a4cf05f0c98047a8861988db21a702a8e1663075e0d54b2cd878f96b8,9f26664fd8e306203684b19548a37ef45dc7724ddd4be72f705da61320ca7b9a,d7e22dcf42707889,106.02315201148868,16.885130620804464,24dda835b68bcd90,[],0.0,esp_026511_2330,['train'],1.0,Counter({'train': 1}),test,deca81edbe3baa51,True,hirise_clean,0,C:\Users\deves\OneDrive\Desktop\Projects\TCMD-SS\data\raw\hirise_v3_2\map-proj-v3_2\ESP_026511_2330_RED-0177.jpg
map-proj-v3_2/ESP_026511_2330_RED-0180.jpg,ok,,JPEG,227.0,227.0,L,1.0,1.0,normal,other,train,esp_026511_2330_red-0180,[],461b4a179f6d23ee0beb826e3fbd700b2d633b58ecc4dfbb2646e3967cbbb0cf,4f83757ee20eb260f4a7c634974df95d004fa4c953ff5ee56cffca48d6e20105,993866d3998e6633,98.17795804304372,20.816354579910744,c2041292199de836,[],0.0,esp_026511_2330,['train'],1.0,Counter({'train': 1}),test,deca81edbe3baa51,True,hirise_clean,0,C:\Users\deves\OneDrive\Desktop\Projects\TCMD-SS\data\raw\hirise_v3_2\map-proj-v3_2\ESP_026511_2330_RED-0180.jpg
map-proj-v3_2/ESP_026511_2330_RED-0185.jpg,ok,,JPEG,227.0,227.0,L,1.0,1.0,normal,other,train,esp_026511_2330_red-0185,[],cb1a7e0b41810f5bd3b67daea360d2422ee1d1a4041dfe6f3f2d30db67443d7b,af9453f7355cd5ec275d3ec01326ab7c121712b552fd7988900d93ecf4933dcd,9f71b53c84c413cd,91.11560480506122,17.486239279838426,02920f124fe4b6a7,[],0.0,esp_026511_2330,['train'],1.0,Counter({'train': 1}),test,deca81edbe3baa51,True,hirise_clean,0,C:\Users\deves\OneDrive\Desktop\Projects\TCMD-SS\data\raw\hirise_v3_2\map-proj-v3_2\ESP_026511_2330_RED-0185.jpg
map-proj-v3_2/ESP_026511_2330_RED-0194.jpg,ok,,JPEG,227.0,227.0,L,1.0,1.0,normal,other,train,esp_026511_2330_red-0194,[],b68babd16c80c4285c8870a5dae9f5b0557129ab5710662dc8e226b7c77d2fc1,5628f497f3e5d0e093381e3519d244837036b72c5845c9c0e4acc12c24d120cc,d66aa1c9ed06869b,72.68369267790953,39.28632027363585,2d479c04c06e81f6,[],0.0,esp_026511_2330,['train'],1.0,Counter({'train': 1}),test,deca81edbe3baa51,True,hirise_clean,0,C:\Users\deves\OneDrive\Desktop\Projects\TCMD-SS\data\raw\hirise_v3_2\map-proj-v3_2\ESP_026511_2330_RED-0194.jpg
map-proj-v3_2/ESP_026511_2330_RED-0197.jpg,ok,,JPEG,227.0,227.0,L,1.0,1.0,normal,other,train,esp_026511_2330_red-0197,[],507251c2ccc34016c1143892c56de0e7a48c04a2cf6243a58d73137ed1972d80,e13097f3351155bef6381a1beb632b7f5b3b9a80aea1c0513dc1b188d321496f,d6ca01968e0de7ce,66.87476954724524,37.614112479026055,1a2625c26470a3f6,[],0.0,esp_026511_2330,['train'],1.0,Counter({'train': 1}),test,deca81edbe3baa51,True,hirise_clean,0,C:\Users\deves\OneDrive\Desktop\Projects\TCMD-SS\data\raw\hirise_v3_2\map-proj-v3_2\ESP_026511_2330_RED-0197.jpg
map-proj-v3_2/ESP_026511_2330_RED-0199.jpg,ok,,JPEG,227.0,227.0,L,1.0,1.0,normal,other,train,esp_026511_2330_red-0199,[],2399de73e98fd955ca9c264bffb88896cf6bd3a021cce598d822d5bb43221261,56ab6025c02a6679ed3098a8aa9715253bf4dbb21de54d24d70e671db0876e4b,9e3564c39be86872,81.07027110947233,17.180204755205303,e1ac69cf9902a83b,[],0.0,esp_026511_2330,['train'],1.0,Counter({'train': 1}),test,deca81edbe3baa51,True,hirise_clean,0,C:\Users\deves\OneDrive\Desktop\Projects\TCMD-SS\data\raw\hirise_v3_2\map-proj-v3_2\ESP_026511_2330_RED-0199.jpg
map-proj-v3_2/ESP_026511_2330_RED-0203.jpg,ok,,JPEG,227.0,227.0,L,1.0,1.0,normal,other,train,esp_026511_2330_red-0203,[],7836413538a6759b32c77f15d6bc4103b6c9468fb1b81b0b06e941645761aa9a,890fc2b378954ed54fdb11365493a93104aa320577a636d3ac2e4a2c4f8c1d33,cbad9dc0e03d49a5,83.95029983116304,15.636606984896336,f1f1a50abc24549f,[],0.0,esp_026511_2330,['train'],1.0,Counter({'train': 1}),test,deca81edbe3baa51,True,hirise_clean,0,C:\Users\deves\OneDrive\Desktop\Projects\TCMD-SS\data\raw\hirise_v3_2\map-proj-v3_2\ESP_026511_2330_RED-0203.jpg
map-proj-v3_2/ESP_026511_2330_RED-0211.jpg,ok,,JPEG,227.0,227.0,L,1.0,1.0,normal,other,train,esp_026511_2330_red-0211,[],66085db61ff322e68ed02aaa2106dc8728020f9b0dfd97267c7fdad467549d66,75475141e99dbe06af5529d161db1a59715db4e79ba283ab7ce4e1768fb4f7fb,d2396d24f692c9a5,93.91971511187874,19.028956946118065,950d6003930c6875,[],0.0,esp_026511_2330,['train'],1.0,Counter({'train': 1}),test,deca81edbe3baa51,True,hirise_clean,0,C:\Users\deves\OneDrive\Desktop\Projects\TCMD-SS\data\raw\hirise_v3_2\map-proj-v3_2\ESP_026511_2330_RED-0211.jpg
map-proj-v3_2/ESP_026511_2330_RED-0224.jpg,ok,,JPEG,227.0,227.0,L,1.0,1.0,normal,other,train,esp_026511_2330_red-0224,[],28454043b9d3a9ec6b86070befb287d4670466924cb935e7116a090f4d9ceb05,dc2c0ba4f275a2bbabe0c618fd4bd793c58f759b1a8db93516a2b3203d57778c,95477199ee661b18,97.6802383124066,17.66086288583151,c3c4dcfa76d9a7b3,[],0.0,esp_026511_2330,['train'],1.0,Counter({'train': 1}),test,deca81edbe3baa51,True,hirise_clean,0,C:\Users\deves\OneDrive\Desktop\Projects\TCMD-SS\data\raw\hirise_v3_2\map-proj-v3_2\ESP_026511_2330_RED-0224.jpg
map-proj-v3_2/ESP_026511_2330_RED-0230.jpg,ok,,JPEG,227.0,227.0,L,1.0,1.0,normal,other,train,esp_026511_2330_red-0230,[],cfcea6af9e66f29874e44048b96a727e1f70f9c6610c33ce48b07dc13259b169,587ac587ed6375c945778b9106aefddf59d841d76528d720735d30bfafe8b39e,e6f72d9892c8c985,80.78553824060238,16.021807185219426,f505ef18cf7d44c2,[],0.0,esp_026511_2330,['train'],1.0,Counter({'train': 1}),test,deca81edbe3baa51,True,hirise_clean,0,C:\Users\deves\OneDrive\Desktop\Projects\TCMD-SS\data\raw\hirise_v3_2\map-proj-v3_2\ESP_026511_2330_RED-0230.jpg
map-proj-v3_2/ESP_026511_2330_RED-0231.jpg,ok,,JPEG,227.0,227.0,L,1.0,1.0,normal,other,train,esp_026511_2330_red-0231,[],38d07b8773ca11318d44714d90ff89b93a92d25096d14dc292a7edbe6fc180d4,e515a8f4bdd6e1b9fcccfc8c9c437c2affa4f46087d0b6cbfb099384e9e0b4ed,d9c06c2fed138574,77.65365134196279,15.954758635257289,39a72b9f3a63c26e,[],0.0,esp_026511_2330,['train'],1.0,Counter({'train': 1}),test,deca81edbe3baa51,True,hirise_clean,0,C:\Users\deves\OneDrive\Desktop\Projects\TCMD-SS\data\raw\hirise_v3_2\map-proj-v3_2\ESP_026511_2330_RED-0231.jpg
map-proj-v3_2/ESP_026511_2330_RED-0235.jpg,ok,,JPEG,227.0,227.0,L,1.0,1.0,normal,other,train,esp_026511_2330_red-0235,[],c820955697ed43ec1e4fd0045e4d927f94becb4498ab661e58e89d43209b7a1d,229bd1665ff9ce00165c97c0e35fea7e0c6d8ac0461f8aeb403192b5455829b7,cb6c37d41c90533b,98.00518154825438,17.429580758093728,a802bab1f9932f6d,[],0.0,esp_026511_2330,['train'],1.0,Counter({'train': 1}),test,deca81edbe3baa51,True,hirise_clean,0,C:\Users\deves\OneDrive\Desktop\Projects\TCMD-SS\data\raw\hirise_v3_2\map-proj-v3_2\ESP_026511_2330_RED-0235.jpg
map-proj-v3_2/ESP_026511_2330_RED-0238.jpg,ok,,JPEG,227.0,227.0,L,1.0,1.0,normal,other,train,esp_026511_2330_red-0238,[],2564056e83c037c26aa0ee9128d25881e9e5760fc25342683694bd22070d8959,104c54d176a8835bb492f4cde8476e2430748565e85fc51a85be2ba06ee849b8,9a49c77b45e070a7,79.57039725203283,15.885344594087693,72d737ef329df963,[],0.0,esp_026511_2330,['train'],1.0,Counter({'train': 1}),test,deca81edbe3baa51,True,hirise_clean,0,C:\Users\deves\OneDrive\Desktop\Projects\TCMD-SS\data\raw\hirise_v3_2\map-proj-v3_2\ESP_026511_2330_RED-0238.jpg
map-proj-v3_2/ESP_026511_2330_RED-0240.jpg,ok,,JPEG,227.0,227.0,L,1.0,1.0,normal,other,train,esp_026511_2330_red-0240,[],2587f7bd1b3774604c3c5d757b77d3f28a624c805328825e2e7fd934411f5c0d,c0c63be644202738e887b3e6ba86f7379c4d044f53a8fc80d4e9d5ddc0cb8397,d24b6966969b4965,61.65720274020455,41.50204969682913,2f1b1c99c6096cda,[],0.0,esp_026511_2330,['train'],1.0,Counter({'train': 1}),test,deca81edbe3baa51,True,hirise_clean,0,C:\Users\deves\OneDrive\Desktop\Projects\TCMD-SS\data\raw\hirise_v3_2\map-proj-v3_2\ESP_026511_2330_RED-0240.jpg
map-proj-v3_2/ESP_026511_2330_RED-0248.jpg,ok,,JPEG,227.0,227.0,L,1.0,1.0,normal,other,train,esp_026511_2330_red-0248,[],5e11a2992fc8d3daf14540b8247eb22703424f9322f497d804de4aa826350716,f1f3ccd3d086ff5058ce1cb209bcd8d19ea6a967db241cc82b78aa63dc84de74,ce61b09e691d1b5c,87.67284441770653,17.05771289241846,707c8a1110ceb7d5,[],0.0,esp_026511_2330,['train'],1.0,Counter({'train': 1}),test,deca81edbe3baa51,True,hirise_clean,0,C:\Users\deves\OneDrive\Desktop\Projects\TCMD-SS\data\raw\hirise_v3_2\map-proj-v3_2\ESP_026511_2330_RED-0248.jpg
map-proj-v3_2/ESP_026511_2330_RED-0249.jpg,ok,,JPEG,227.0,227.0,L,1.0,1.0,normal,crater,train,esp_026511_2330_red-0249,[],10994bdb48fb8ab419b396b32e961e1ac725c628debe644b0ad209fdda6b27b7,6e7375a9873de16e4353f6222ecab13e62d5ba91ff1e23388d6aaf4ecde86a96,ccc63795c963334c,78.23837062624929,15.39262466164311,fe197a7b7e8e85c0,[],1.0,esp_026511_2330,['train'],1.0,Counter({'train': 1}),test,deca81edbe3baa51,True,hirise_clean,0,C:\Users\deves\OneDrive\Desktop\Projects\TCMD-SS\data\raw\hirise_v3_2\map-proj-v3_2\ESP_026511_2330_RED-0249.jpg
map-proj-v3_2/ESP_026511_2330_RED-0250.jpg,ok,,JPEG,227.0,227.0,L,1.0,1.0,normal,other,train,esp_026511_2330_red-0250,[],64faf46d81be85475b96760f6da9516ed54a6d0a77f70764b66ab9e9a2fe4549,f1d71f1d6641d969c6c3821067ce1d15a9ec1b827bae1167676c48c15eeda2e5,80703bacdcf0965f,68.79956917463953,28.98100579446428,e0e054a78431b23f,[],0.0,esp_026511_2330,['train'],1.0,Counter({'train': 1}),test,deca81edbe3baa51,True,hirise_clean,0,C:\Users\deves\OneDrive\Desktop\Projects\TCMD-SS\data\raw\hirise_v3_2\map-proj-v3_2\ESP_026511_2330_RED-0250.jpg
map-proj-v3_2/ESP_026511_2330_RED-0251.jpg,ok,,JPEG,227.0,227.0,L,1.0,1.0,normal,other,train,esp_026511_2330_red-0251,[],d20af4f799aa50f918e178c2fc64baac180a9781ba7cb88bd6fd1f0ebbe30a8a,45996bfcb20e2cea4a9593b437b94f55b7fd4de470bbc78c8361949e6ef5ea4e,85dc3a1d9c4d4727,93.95154185022028,16.492515461097724,703ea1f5f3aaacfd,[],0.0,esp_026511_2330,['train'],1.0,Counter({'train': 1}),test,deca81edbe3baa51,True,hirise_clean,0,C:\Users\deves\OneDrive\Desktop\Projects\TCMD-SS\data\raw\hirise_v3_2\map-proj-v3_2\ESP_026511_2330_RED-0251.jpg
map-proj-v3_2/ESP_026511_2330_RED-0256.jpg,ok,,JPEG,227.0,227.0,L,1.0,1.0,normal,other,train,esp_026511_2330_red-0256,[],7c7d8f31f44344d31c89cb30c2c6e693eb0100efc90e1ea292f9f311672b2d82,6ef21aec89c15664e67b20760bbb05dbd4a9692c7a7dc9f32237d2992051059f,cb2637d3186f70c2,84.85530477983272,15.997841574874831,e7eceb6951b591f8,[],0.0,esp_026511_2330,['train'],1.0,Counter({'train': 1}),test,deca81edbe3baa51,True,hirise_clean,0,C:\Users\deves\OneDrive\Desktop\Projects\TCMD-SS\data\raw\hirise_v3_2\map-proj-v3_2\ESP_026511_2330_RED-0256.jpg
map-proj-v3_2/ESP_026511_2330_RED-0268.jpg,ok,,JPEG,227.0,227.0,L,1.0,1.0,normal,crater,train,esp_026511_2330_red-0268,[],ef77eb120435edd58dab637c34b8210dbc76396cfb1f9b0132af9c91e22cd024,6847e78db9ddc31384d0e1f7b7dd5d5a7fffc0fecb98e93d64268cd95c150122,d55732189c6769d8,65.03727997826466,29.543176961146727,3e7ce291eaacd40d,[],1.0,esp_026511_2330,['train'],1.0,Counter({'train': 1}),test,deca81edbe3baa51,True,hirise_clean,0,C:\Users\deves\OneDrive\Desktop\Projects\TCMD-SS\data\raw\hirise_v3_2\map-proj-v3_2\ESP_026511_2330_RED-0268.jpg
map-proj-v3_2/ESP_028733_1370_RED-0007.jpg,ok,,JPEG,227.0,227.0,L,1.0,1.0,normal,other,train,esp_028733_1370_red-0007,[],f51791c7257d127b40aa7cb80aa1220f1f7348517c98403d16ffe6db2ab35870,51a494d57d01d2b1c5458bf6af7c720539df3a655313a6856a0c736e85569dcc,ff8b01c028db9367,55.569426924644375,30.283058492294884,e862e7b3c5ff34bf,[],0.0,esp_028733_1370,['train'],1.0,Counter({'train': 1}),test,5d6e98f4490839ab,True,hirise_clean,0,C:\Users\deves\OneDrive\Desktop\Projects\TCMD-SS\data\raw\hirise_v3_2\map-proj-v3_2\ESP_028733_1370_RED-0007.jpg
map-proj-v3_2/ESP_028733_1370_RED-0008.jpg,ok,,JPEG,227.0,227.0,L,1.0,1.0,normal,other,train,esp_028733_1370_red-0008,[],2c863280347f8eb48b8d5361576f79eee44375cffca5b73dcc219dc239506a88,855dd2788914b93f1730366b79e5add63e178d990793316b225201d8558bfdc8,86ba718c66691dab,71.07399716664402,15.11910885843876,59901b6a30c6b6a3,[],0.0,esp_028733_1370,['train'],1.0,Counter({'train': 1}),test,5d6e98f4490839ab,True,hirise_clean,0,C:\Users\deves\OneDrive\Desktop\Projects\TCMD-SS\data\raw\hirise_v3_2\map-proj-v3_2\ESP_028733_1370_RED-0008.jpg
map-proj-v3_2/ESP_028733_1370_RED-0011.jpg,ok,,JPEG,227.0,227.0,L,1.0,1.0,normal,other,train,esp_028733_1370_red-0011,[],b03cf44395b335954a0c7c99b45f59da78a4f0d7947fb12c3d13cb8515127787,ff649ee1279ab73e46c3859c0f1d40adf24392797fc52666430080439071ff43,c5b872c730778678,61.96881367773487,33.791352680716265,7cf1ccec8dd9e008,[],0.0,esp_028733_1370,['train'],1.0,Counter({'train': 1}),test,5d6e98f4490839ab,True,hirise_clean,0,C:\Users\deves\OneDrive\Desktop\Projects\TCMD-SS\data\raw\hirise_v3_2\map-proj-v3_2\ESP_028733_1370_RED-0011.jpg
map-proj-v3_2/ESP_028733_1370_RED-0013.jpg,ok,,JPEG,227.0,227.0,L,1.0,1.0,normal,other,train,esp_028733_1370_red-0013,[],aa5c073f6392f6aeda0c79a0d7edadce4f07807edc80879f71c271feb2e8329d,e683fc91f72a006bfeb2e78b75383cb668309aba31e3d73210f046319e3b989d,e4935aa012d53f5b,67.23037512856838,31.77989757297004,0602dc906bdb6933,[],0.0,esp_028733_1370,['train'],1.0,Counter({'train': 1}),test,5d6e98f4490839ab,True,hirise_clean,0,C:\Users\deves\OneDrive\Desktop\Projects\TCMD-SS\data\raw\hirise_v3_2\map-proj-v3_2\ESP_028733_1370_RED-0013.jpg
map-proj-v3_2/ESP_028733_1370_RED-0014.jpg,ok,,JPEG,227.0,227.0,L,1.0,1.0,normal,other,train,esp_028733_1370_red-0014,[],36a5c14bf5a2c98c4be9eef766902469ddeef6df36df135dea1a3d8035749bd7,86844346b6273b34306cc78357d1d2673ff1961953cc7dcab5384ab6eb0d94b6,b4a6f69d89044db5,82.84587319761688,12.678789049611533,3a421bc971e97c35,[],0.0,esp_028733_1370,['train'],1.0,Counter({'train': 1}),test,5d6e98f4490839ab,True,hirise_clean,0,C:\Users\deves\OneDrive\Desktop\Projects\TCMD-SS\data\raw\hirise_v3_2\map-proj-v3_2\ESP_028733_1370_RED-0014.jpg
map-proj-v3_2/ESP_028733_1370_RED-0017.jpg,ok,,JPEG,227.0,227.0,L,1.0,1.0,normal,other,train,esp_028733_1370_red-0017,[],da7415acd3097672ef59f901fa9798d80028f07c9bbefcf91c974422ec51ca31,13be66bc83e2b017ba7ee606f95d89f73a826eefb2f79b9d1690a4244b71456e,b489c6e762cc1dd2,79.76023210231132,17.895230003472353,de55432a98e8ff70,[],0.0,esp_028733_1370,['train'],1.0,Counter({'train': 1}),test,5d6e98f4490839ab,True,hirise_clean,0,C:\Users\deves\OneDrive\Desktop\Projects\TCMD-SS\data\raw\hirise_v3_2\map-proj-v3_2\ESP_028733_1370_RED-0017.jpg
map-proj-v3_2/ESP_028733_1370_RED-0046.jpg,ok,,JPEG,227.0,227.0,L,1.0,1.0,normal,other,train,esp_028733_1370_red-0046,[],7c4cab70715b3cb89142e863d46260b97cc5650a39c89423a8b9d4f5e921c45c,1219c395c0e2c4267ab4fbc0f6f828626149b84bf378b4be818ecb1dd5b970f1,fcf4936428934c9e,80.71447146267151,15.77968650060485,f7aa0197a0be8bf4,[],0.0,esp_028733_1370,['train'],1.0,Counter({'train': 1}),test,5d6e98f4490839ab,True,hirise_clean,0,C:\Users\deves\OneDrive\Desktop\Projects\TCMD-SS\data\raw\hirise_v3_2\map-proj-v3_2\ESP_028733_1370_RED-0046.jpg
map-proj-v3_2/ESP_028733_1370_RED-0053.jpg,ok,,JPEG,227.0,227.0,L,1.0,1.0,normal,other,train,esp_028733_1370_red-0053,[],e1a091c351617c9b21e8dba7eb44c6a8ce23a787f888a7c5833b34f8ada74dc9,d65ef690c8c7626b092e4e45bf47f5da1be3616054560f8e83d9ceb8abe28334,fc861603ff02f1c3,35.15028430592482,14.353992795328091,1744ea1e2cc56bc2,[],0.0,esp_028733_1370,['train'],1.0,Counter({'train': 1}),test,5d6e98f4490839ab,True,hirise_clean,0,C:\Users\deves\OneDrive\Desktop\Projects\TCMD-SS\data\raw\hirise_v3_2\map-proj-v3_2\ESP_028733_1370_RED-0053.jpg
map-proj-v3_2/ESP_028733_1370_RED-0055.jpg,ok,,JPEG,227.0,227.0,L,1.0,1.0,normal,other,train,esp_028733_1370_red-0055,[],afc02698ae058a3c4bef09ba82f9c89fa1632e5bbd283cd95575cdf394ae60d7,95797b5832e1f96d56b316ef6ce09232119cb78b44494ae83f02cbd3db7924df,c3e2f832b97aa48c,84.95540375322634,15.469285479900106,71059a53d7bf6be5,[],0.0,esp_028733_1370,['train'],1.0,Counter({'train': 1}),test,5d6e98f4490839ab,True,hirise_clean,0,C:\Users\deves\OneDrive\Desktop\Projects\TCMD-SS\data\raw\hirise_v3_2\map-proj-v3_2\ESP_028733_1370_RED-0055.jpg
map-proj-v3_2/ESP_028733_1370_RED-0056.jpg,ok,,JPEG,227.0,227.0,L,1.0,1.0,normal,other,train,esp_028733_1370_red-0056,[],fe8fb8e39cab5ba391dc0a1fdad4c94ca7c912baff958b9076f00543be108cdc,e02c48a1a6da5356978260e4dca78b8f1f8e119ffdc4170e7ed2d8f95d592ed7,cc21133736f70dd2,103.75549690465564,13.28328797396214,ba94434b6fb18541,[],0.0,esp_028733_1370,['train'],1.0,Counter({'train': 1}),test,5d6e98f4490839ab,True,hirise_clean,0,C:\Users\deves\OneDrive\Desktop\Projects\TCMD-SS\data\raw\hirise_v3_2\map-proj-v3_2\ESP_028733_1370_RED-0056.jpg
map-proj-v3_2/ESP_028733_1370_RED-0064.jpg,ok,,JPEG,227.0,227.0,L,1.0,1.0,normal,other,train,esp_028733_1370_red-0064,[],e124d4a8fbf21f47b9e9862c65f3009fd301c5a0792a12d91125bc06349eabf0,3063e3a483be9330cbd1846597f5e2162bce08d1f27e9cb4da603ed585525c98,c3fd35d688916295,89.01962001979467,14.942383970280204,30a362eaf9a53e5a,[],0.0,esp_028733_1370,['train'],1.0,Counter({'train': 1}),test,5d6e98f4490839ab,True,hirise_clean,0,C:\Users\deves\OneDrive\Desktop\Projects\TCMD-SS\data\raw\hirise_v3_2\map-proj-v3_2\ESP_028733_1370_RED-0064.jpg
map-proj-v3_2/ESP_028733_1370_RED-0068.jpg,ok,,JPEG,227.0,227.0,L,1.0,1.0,normal,other,train,esp_028733_1370_red-0068,[],a8f3ba2a7449292569c2a820adaee2159aea46fe22a21b043263f20d25040588,0a3ebdbb12d9b78ec3de8590cb273310a967fd674ab2860ff1727924d815fc2b,dcbadb8128f41e07,44.4625550660793,14.275689115910668,0801497b4806e4a6,[],0.0,esp_028733_1370,['train'],1.0,Counter({'train': 1}),test,5d6e98f4490839ab,True,hirise_clean,0,C:\Users\deves\OneDrive\Desktop\Projects\TCMD-SS\data\raw\hirise_v3_2\map-proj-v3_2\ESP_028733_1370_RED-0068.jpg
map-proj-v3_2/ESP_028733_1370_RED-0076.jpg,ok,,JPEG,227.0,227.0,L,1.0,1.0,normal,other,train,esp_028733_1370_red-0076,[],9b9326be7ac705fe353ab599526e9b8b03e7bcef58334a20a15f25f0ee285e04,ff0accb6da0c417a6cf8a72383c7068565a16d5eddd45e36094c3b4d6e96c2a9,f1875ef0972cb023,96.53104077315686,12.831198364295537,afd23c877730c59a,[],0.0,esp_028733_1370,['train'],1.0,Counter({'train': 1}),test,5d6e98f4490839ab,True,hirise_clean,0,C:\Users\deves\OneDrive\Desktop\Projects\TCMD-SS\data\raw\hirise_v3_2\map-proj-v3_2\ESP_028733_1370_RED-0076.jpg
map-proj-v3_2/ESP_028733_1370_RED-0082.jpg,ok,,JPEG,227.0,227.0,L,1.0,1.0,normal,other,train,esp_028733_1370_red-0082,[],f86ea25858be1fbaf2f067dab7b89a74fdd572ee1f078bad2f38b5893450d605,a48d2c59f02c2918781b6970ac501240be640ce8b5eeed6c8ec0473acd8be230,d4a07817c7ca13b7,75.59310291292282,14.414368601410295,89f10a4886d0b93a,[],0.0,esp_028733_1370,['train'],1.0,Counter({'train': 1}),test,5d6e98f4490839ab,True,hirise_clean,0,C:\Users\deves\OneDrive\Desktop\Projects\TCMD-SS\data\raw\hirise_v3_2\map-proj-v3_2\ESP_028733_1370_RED-0082.jpg
map-proj-v3_2/ESP_028733_1370_RED-0097.jpg,ok,,JPEG,227.0,227.0,L,1.0,1.0,normal,other,train,esp_028733_1370_red-0097,[],be39e18eb99db30fc3ec95d28d275c8cdb783a9f8747de3cc0c73a382f3f17e4,ad24f864aa2c37d88913a45bcdcddc27172edba5ceffff8e41805a60b305448e,87723136cc5b6746,75.13559354926352,12.739510476019468,a05b2c6c6fdc3062,[],0.0,esp_028733_1370,['train'],1.0,Counter({'train': 1}),test,5d6e98f4490839ab,True,hirise_clean,0,C:\Users\deves\OneDrive\Desktop\Projects\TCMD-SS\data\raw\hirise_v3_2\map-proj-v3_2\ESP_028733_1370_RED-0097.jpg
map-proj-v3_2/ESP_028733_1370_RED-0102.jpg,ok,,JPEG,227.0,227.0,L,1.0,1.0,normal,other,train,esp_028733_1370_red-0102,[],2d5435ae171423d0cba017a250aa0ca3d5e858ea4ab573597b76f55d0cd011c8,9171f9bf8df2a3626b7547241feabe0ebfe48685c2f5a861498e93b54df91add,87d150a9b196d2d7,57.20712608434086,33.023720197166334,a0a2220081af2ac4,[],0.0,esp_028733_1370,['train'],1.0,Counter({'train': 1}),test,5d6e98f4490839ab,True,hirise_clean,0,C:\Users\deves\OneDrive\Desktop\Projects\TCMD-SS\data\raw\hirise_v3_2\map-proj-v3_2\ESP_028733_1370_RED-0102.jpg
map-proj-v3_2/ESP_028733_1370_RED-0111.jpg,ok,,JPEG,227.0,227.0,L,1.0,1.0,normal,other,train,esp_028733_1370_red-0111,[],27a241a92a79804f5a37ffdf8cf398ce8100fdf3ca9276e327bd23dab3d13e03,1b7464a42ecc4fce05e59a860b004006815119ba070250fb1a71f8d1c6a79995,a9929b6ddd475c01,74.51202235634302,14.15904590835682,97e0f4cdc4820d89,[],0.0,esp_028733_1370,['train'],1.0,Counter({'train': 1}),test,5d6e98f4490839ab,True,hirise_clean,0,C:\Users\deves\OneDrive\Desktop\Projects\TCMD-SS\data\raw\hirise_v3_2\map-proj-v3_2\ESP_028733_1370_RED-0111.jpg
map-proj-v3_2/ESP_028733_1370_RED-0115.jpg,ok,,JPEG,227.0,227.0,L,1.0,1.0,normal,other,train,esp_028733_1370_red-0115,[],6db83a00ea8a3ee03141c2145049d6ef08776d92df2d66074ba63a0ca0073b7f,9b9fbf5d587670f4109c239e58ff94df3e58e6198035cb25564c28440169c5d3,de1d4721c7e83847,55.54417900599663,13.28993460137414,9f5c416def6e3f0a,[],0.0,esp_028733_1370,['train'],1.0,Counter({'train': 1}),test,5d6e98f4490839ab,True,hirise_clean,0,C:\Users\deves\OneDrive\Desktop\Projects\TCMD-SS\data\raw\hirise_v3_2\map-proj-v3_2\ESP_028733_1370_RED-0115.jpg
map-proj-v3_2/ESP_028733_1370_RED-0120.jpg,ok,,JPEG,227.0,227.0,L,1.0,1.0,normal,other,train,esp_028733_1370_red-0120,[],8692b6a2810afd45d48fd42207a5c4319891c1c02c873c739b94479b268bf81b,da25a741cbe692b3ae509e5e5f24d2b4b125ef02dae3cae448d1f4c52a7901e3,b36c69932b89870f,97.50757825690388,12.773137659831676,22a59d454df3361c,[],0.0,esp_028733_1370,['train'],1.0,Counter({'train': 1}),test,5d6e98f4490839ab,True,hirise_clean,0,C:\Users\deves\OneDrive\Desktop\Projects\TCMD-SS\data\raw\hirise_v3_2\map-proj-v3_2\ESP_028733_1370_RED-0120.jpg
map-proj-v3_2/ESP_028733_1370_RED-0122.jpg,ok,,JPEG,227.0,227.0,L,1.0,1.0,normal,other,train,esp_028733_1370_red-0122,[],4ff8bcd6607188b552ce851a3f815bcdddebe935a4c8210812d5277db86d68a7,650ddca95c0326cf8609939812b24bde0cfcee130418422c30f74b74a868313b,f7cb7a20b3672c01,93.92035552795514,11.944846910569852,01d68f346b36c300,[],0.0,esp_028733_1370,['train'],1.0,Counter({'train': 1}),test,5d6e98f4490839ab,True,hirise_clean,0,C:\Users\deves\OneDrive\Desktop\Projects\TCMD-SS\data\raw\hirise_v3_2\map-proj-v3_2\ESP_028733_1370_RED-0122.jpg
map-proj-v3_2/ESP_028733_1370_RED-0130.jpg,ok,,JPEG,227.0,227.0,L,1.0,1.0,normal,other,train,esp_028733_1370_red-0130,[],f09d6f05926f12a6ab508fa83bbec914e966e66d7e88a7abc60fc3c959c851a2,210229ff88b5b315fdbca5710ac1982ef9f2ccde86372472320e392f5a89f0eb,e27da49acb7c401b,97.74796716412118,13.027743293311866,e1bd017c8f9cd93c,[],0.0,esp_028733_1370,['train'],1.0,Counter({'train': 1}),test,5d6e98f4490839ab,True,hirise_clean,0,C:\Users\deves\OneDrive\Desktop\Projects\TCMD-SS\data\raw\hirise_v3_2\map-proj-v3_2\ESP_028733_1370_RED-0130.jpg
map-proj-v3_2/ESP_028733_1370_RED-0135.jpg,ok,,JPEG,227.0,227.0,L,1.0,1.0,normal,other,train,esp_028733_1370_red-0135,[],7d07497698ad67d626e714bea76f46feaf5f3bb6e0e4ee28e41dec98f4546dd9,c2e48e0a0e887129b36ba86869cc1f0e3f70ca0cb5a3a01c7f5aac1ed2df4ca3,ccf87143f7170a85,100.36266956471114,12.744171656817644,264b5bae35c40b62,[],0.0,esp_028733_1370,['train'],1.0,Counter({'train': 1}),test,5d6e98f4490839ab,True,hirise_clean,0,C:\Users\deves\OneDrive\Desktop\Projects\TCMD-SS\data\raw\hirise_v3_2\map-proj-v3_2\ESP_028733_1370_RED-0135.jpg
map-proj-v3_2/ESP_028733_1370_RED-0140.jpg,ok,,JPEG,227.0,227.0,L,1.0,1.0,normal,other,train,esp_028733_1370_red-0140,[],cdbe6859032af407da66ecb72b9d19f19947e9ad67507c49cac91e2ae67ea3b0,e0ad381182bfb024912af19ddb5a0e6373d69a64a3c3adba61cc4f9c5840e574,85a97b84ac0865ff,97.67990840109452,14.34935078332406,c1dadc64e22a7cf7,[],0.0,esp_028733_1370,['train'],1.0,Counter({'train': 1}),test,5d6e98f4490839ab,True,hirise_clean,0,C:\Users\deves\OneDrive\Desktop\Projects\TCMD-SS\data\raw\hirise_v3_2\map-proj-v3_2\ESP_028733_1370_RED-0140.jpg
map-proj-v3_2/ESP_028733_1370_RED-0142.jpg,ok,,JPEG,227.0,227.0,L,1.0,1.0,normal,other,train,esp_028733_1370_red-0142,[],2ab692cee7b14644c9b5ce832f17715c921d9aad3019ca5095e21d184ff125c7,352fbcbeb4366e4b8c238c8afa23401e3eb117c7cce7e0ecbcb45f887fd6c087,d7ef0831fa1284ea,106.3807176541365,12.000021897892786,7f741d7404b7b46b,[],0.0,esp_028733_1370,['train'],1.0,Counter({'train': 1}),test,5d6e98f4490839ab,True,hirise_clean,0,C:\Users\deves\OneDrive\Desktop\Projects\TCMD-SS\data\raw\hirise_v3_2\map-proj-v3_2\ESP_028733_1370_RED-0142.jpg
map-proj-v3_2/ESP_028733_1370_RED-0150.jpg,ok,,JPEG,227.0,227.0,L,1.0,1.0,normal,other,train,esp_028733_1370_red-0150,[],6161ee2ef06c871d2375439a9c35dfdbf40daa5d3940e72f8573d61a1930add0,74843cef264b68fee5d24d1e8773f5c363d63d36ad746510ce42648bd8dc38ba,eff8d9d836a1d080,50.74034039084787,13.79302664286432,350c576427baa852,[],0.0,esp_028733_1370,['train'],1.0,Counter({'train': 1}),test,5d6e98f4490839ab,True,hirise_clean,0,C:\Users\deves\OneDrive\Desktop\Projects\TCMD-SS\data\raw\hirise_v3_2\map-proj-v3_2\ESP_028733_1370_RED-0150.jpg
map-proj-v3_2/ESP_028733_1370_RED-0151.jpg,ok,,JPEG,227.0,227.0,L,1.0,1.0,normal,other,train,esp_028733_1370_red-0151,[],71ee6ea346eefda74596dd47e12d65b54062d0fba54d70b9f23e049e19443280,320718fea0cde6269d96e4adcaf65ca04a3c78ca3472a448859600667b0d7923,87c3b8698a8c7e96,68.05521162840343,40.7863235504977,214af2351f21d6f2,[],0.0,esp_028733_1370,['train'],1.0,Counter({'train': 1}),test,5d6e98f4490839ab,True,hirise_clean,0,C:\Users\deves\OneDrive\Desktop\Projects\TCMD-SS\data\raw\hirise_v3_2\map-proj-v3_2\ESP_028733_1370_RED-0151.jpg
map-proj-v3_2/ESP_028733_1370_RED-0156.jpg,ok,,JPEG,227.0,227.0,L,1.0,1.0,normal,other,train,esp_028733_1370_red-0156,[],eae9062001931906d51cf6fd37d4e06f2543f9fbd1b7573867b7c340d8d08398,35d86db5c878186a30de5a4c541a22ee79115e281a97dbb13ae1df99ceee5fe3,d306383e18c3fad5,99.87608919249357,13.138343767634863,e4f66c92dfff582a,[],0.0,esp_028733_1370,['train'],1.0,Counter({'train': 1}),test,5d6e98f4490839ab,True,hirise_clean,0,C:\Users\deves\OneDrive\Desktop\Projects\TCMD-SS\data\raw\hirise_v3_2\map-proj-v3_2\ESP_028733_1370_RED-0156.jpg
map-proj-v3_2/ESP_028733_1370_RED-0169.jpg,ok,,JPEG,227.0,227.0,L,1.0,1.0,normal,other,train,esp_028733_1370_red-0169,[],cbc42365768a1e5d37d13c06976b98e3a029b15227212f257bfae951520732b1,9a803d12c6a20a9f8e636f6584fdfc0771c9f20e07759b6e18edcc688cffe2e6,e4b55319e5991789,102.76393875293525,11.978825392207431,5503041823ecdc3a,[],0.0,esp_028733_1370,['train'],1.0,Counter({'train': 1}),test,5d6e98f4490839ab,True,hirise_clean,0,C:\Users\deves\OneDrive\Desktop\Projects\TCMD-SS\data\raw\hirise_v3_2\map-proj-v3_2\ESP_028733_1370_RED-0169.jpg
map-proj-v3_2/ESP_028733_1370_RED-0171.jpg,ok,,JPEG,227.0,227.0,L,1.0,1.0,normal,other,train,esp_028733_1370_red-0171,[],1a81193fa578ebcb2aa44daa55ea1c11220924ecbb579be64d6282dd11661d92,6fb3d0fbbf78f55479d0bfd512d4f11360c38a19fff3399eb95e98fd50262b8f,ddcd82db01bb2615,71.5434997768247,12.598785265020313,b61680643a3cc5b1,[],0.0,esp_028733_1370,['train'],1.0,Counter({'train': 1}),test,5d6e98f4490839ab,True,hirise_clean,0,C:\Users\deves\OneDrive\Desktop\Projects\TCMD-SS\data\raw\hirise_v3_2\map-proj-v3_2\ESP_028733_1370_RED-0171.jpg
map-proj-v3_2/ESP_028733_1370_RED-0174.jpg,ok,,JPEG,227.0,227.0,L,1.0,1.0,normal,other,train,esp_028733_1370_red-0174,[],de63af003e7677d64113701ad9b699a8bdc9fae94368f645c746aa2575428ebc,596bfff0ca680d88bc47f0cea59a1b5b2922cb701919c0afbac1200a9955333a,cc57b0acd922bcc9,97.94362397873044,12.103768724132808,27ef87a484fdd14d,[],0.0,esp_028733_1370,['train'],1.0,Counter({'train': 1}),test,5d6e98f4490839ab,True,hirise_clean,0,C:\Users\deves\OneDrive\Desktop\Projects\TCMD-SS\data\raw\hirise_v3_2\map-proj-v3_2\ESP_028733_1370_RED-0174.jpg
map-proj-v3_2/ESP_028733_1370_RED-0177.jpg,ok,,JPEG,227.0,227.0,L,1.0,1.0,normal,other,train,esp_028733_1370_red-0177,[],a35e08fee59a825dad616d26e32b4edfea1dcc765148cc460fc3b1eb12b42de9,fcbf20d5abe7ddda0423006740fd8a7bab16c98476776244764fb775b67adc04,e56ad636c60c9956,94.96054648838518,11.807880728308902,9d98fd046ff9e02b,[],0.0,esp_028733_1370,['train'],1.0,Counter({'train': 1}),test,5d6e98f4490839ab,True,hirise_clean,0,C:\Users\deves\OneDrive\Desktop\Projects\TCMD-SS\data\raw\hirise_v3_2\map-proj-v3_2\ESP_028733_1370_RED-0177.jpg
map-proj-v3_2/ESP_028733_1370_RED-0182.jpg,ok,,JPEG,227.0,227.0,L,1.0,1.0,normal,other,train,esp_028733_1370_red-0182,[],e5259a271dcca43e8f5ca30a675a62685389fbcaa370098f324bc20a28a9cf4e,a8d4b15c5da8a77af7b5f29e1c0678ecd060508541d391287aa73ac9427473fd,e6b34110fd5b0bf0,107.567525082963,13.573619649545757,c3d3605d1c9f0770,[],0.0,esp_028733_1370,['train'],1.0,Counter({'train': 1}),test,5d6e98f4490839ab,True,hirise_clean,0,C:\Users\deves\OneDrive\Desktop\Projects\TCMD-SS\data\raw\hirise_v3_2\map-proj-v3_2\ESP_028733_1370_RED-0182.jpg
map-proj-v3_2/ESP_028733_1370_RED-0184.jpg,ok,,JPEG,227.0,227.0,L,1.0,1.0,normal,other,train,esp_028733_1370_red-0184,[],68b1ebd81a2c4087b50012b05c69c3c6bffaebde771190965386045c054df78f,6a5e5cd4aab73116da26b0e03caa5bad8e3ee7fda0bf2b624e290f463e605ccc,8e9339cf0658eb34,109.99724427021675,13.221544745147176,bad2ae322f2d2ead,[],0.0,esp_028733_1370,['train'],1.0,Counter({'train': 1}),test,5d6e98f4490839ab,True,hirise_clean,0,C:\Users\deves\OneDrive\Desktop\Projects\TCMD-SS\data\raw\hirise_v3_2\map-proj-v3_2\ESP_028733_1370_RED-0184.jpg
map-proj-v3_2/ESP_028733_1370_RED-0186.jpg,ok,,JPEG,227.0,227.0,L,1.0,1.0,normal,other,train,esp_028733_1370_red-0186,[],33e3b29369bddb68c5f19fe8fb9a3ea684b1a391013f3e92864956afcda39d0e,8f8600b1683d56f0237564d5eafc87474922bd1b9a0b3626299abc8363e8282a,d6c8b2673de05c68,59.12468706941722,16.523917193633398,2520786079f3f2f0,[],0.0,esp_028733_1370,['train'],1.0,Counter({'train': 1}),test,5d6e98f4490839ab,True,hirise_clean,0,C:\Users\deves\OneDrive\Desktop\Projects\TCMD-SS\data\raw\hirise_v3_2\map-proj-v3_2\ESP_028733_1370_RED-0186.jpg
map-proj-v3_2/ESP_028733_1370_RED-0188.jpg,ok,,JPEG,227.0,227.0,L,1.0,1.0,normal,other,train,esp_028733_1370_red-0188,[],eed1d374241bf90c7417b3a417fa38d6b080a8a1df5b42470163b629b421232d,2c7ea6deb8634404575a68406d6595bedcdb3a829ec7d5fcb962b366d219d68f,8e972160283fbbad,75.25032505967513,12.91098872811887,e7c1ea5c321e091e,[],0.0,esp_028733_1370,['train'],1.0,Counter({'train': 1}),test,5d6e98f4490839ab,True,hirise_clean,0,C:\Users\deves\OneDrive\Desktop\Projects\TCMD-SS\data\raw\hirise_v3_2\map-proj-v3_2\ESP_028733_1370_RED-0188.jpg
map-proj-v3_2/ESP_028733_1370_RED-0197.jpg,ok,,JPEG,227.0,227.0,L,1.0,1.0,normal,other,train,esp_028733_1370_red-0197,[],04303c353b00d90a1a2519359a0b92db9cc9cc6e0208cd839e125d84ee19aa42,945547a1b5b85290ee8fddb50364872ee156d49b48eafde1b5552e9f0ff77fb8,ec6b7101fcb5b222,111.27305012711288,12.866899679076733,a29792e969bef063,[],0.0,esp_028733_1370,['train'],1.0,Counter({'train': 1}),test,5d6e98f4490839ab,True,hirise_clean,0,C:\Users\deves\OneDrive\Desktop\Projects\TCMD-SS\data\raw\hirise_v3_2\map-proj-v3_2\ESP_028733_1370_RED-0197.jpg
map-proj-v3_2/ESP_028733_1370_RED-0218.jpg,ok,,JPEG,227.0,227.0,L,1.0,1.0,normal,other,train,esp_028733_1370_red-0218,[],b458eae4165a2fed127425f805efa9373780253d4e9a82bab2374bd6db526ae6,2e2d1c3ce5ac79f70f31711ea1b8f8d4575ac0ff18d1cd6013839b2d7bc146cd,8668daacb8fb5e01,97.50363872770671,11.809196113368644,2eb15330a095b000,[],0.0,esp_028733_1370,['train'],1.0,Counter({'train': 1}),test,5d6e98f4490839ab,True,hirise_clean,0,C:\Users\deves\OneDrive\Desktop\Projects\TCMD-SS\data\raw\hirise_v3_2\map-proj-v3_2\ESP_028733_1370_RED-0218.jpg
map-proj-v3_2/ESP_028733_1370_RED-0223.jpg,ok,,JPEG,227.0,227.0,L,1.0,1.0,normal,other,train,esp_028733_1370_red-0223,[],4225d03c411c18ff2ce261bbfc73ff25810095b828ea21efe475cb4b01684476,1ec5e41fe7686e29487f3d5108c6ca20864a1e6c9ef2144290d2f9478c0d3b20,e31c991b82265cdf,107.112849075278,12.154628722085928,e89c330cf1d37945,[],0.0,esp_028733_1370,['train'],1.0,Counter({'train': 1}),test,5d6e98f4490839ab,True,hirise_clean,0,C:\Users\deves\OneDrive\Desktop\Projects\TCMD-SS\data\raw\hirise_v3_2\map-proj-v3_2\ESP_028733_1370_RED-0223.jpg
map-proj-v3_2/ESP_028733_1370_RED-0227.jpg,ok,,JPEG,227.0,227.0,L,1.0,1.0,normal,other,train,esp_028733_1370_red-0227,[],82e44105abb4d7a72645434ab9c7c604c6e1c8e5b0127b874f424bbdc523979b,c5c264573d3403cac4b05d278eb05341b9a8ee36e55aa672facde38e52ee55b9,b5737dc5c4c85e04,97.98926817908362,11.1570476256765,f1566fa4b93fd927,[],0.0,esp_028733_1370,['train'],1.0,Counter({'train': 1}),test,5d6e98f4490839ab,True,hirise_clean,0,C:\Users\deves\OneDrive\Desktop\Projects\TCMD-SS\data\raw\hirise_v3_2\map-proj-v3_2\ESP_028733_1370_RED-0227.jpg
map-proj-v3_2/ESP_028733_1370_RED-0240.jpg,ok,,JPEG,227.0,227.0,L,1.0,1.0,normal,other,train,esp_028733_1370_red-0240,[],8a0e8723c351a21fa239b3725c491cfad35b35f722f581022afe3d2ee0432c20,dc85f8b2e1c071141dc39c7bb1496e24f4567d5016bf85641a3fb9a129ff5a33,ffa609c2d4aa506d,83.14576258029459,15.861446326853118,dd8b8025599ecbeb,[],0.0,esp_028733_1370,['train'],1.0,Counter({'train': 1}),test,5d6e98f4490839ab,True,hirise_clean,0,C:\Users\deves\OneDrive\Desktop\Projects\TCMD-SS\data\raw\hirise_v3_2\map-proj-v3_2\ESP_028733_1370_RED-0240.jpg
map-proj-v3_2/ESP_028733_1370_RED-0241.jpg,ok,,JPEG,227.0,227.0,L,1.0,1.0,normal,other,train,esp_028733_1370_red-0241,[],7a0ca911f50bea3b2d67ae63c933047b5197c477d9758c70e4bdbe0baa4bb7d1,43db926355487634d734c4e8f8df2ffe5cd21780fae3c0bdd3c53e9727c204ce,f68db079cb98111d,73.99351821304508,15.903941448235866,ee5e98847d61afd9,[],0.0,esp_028733_1370,['train'],1.0,Counter({'train': 1}),test,5d6e98f4490839ab,True,hirise_clean,0,C:\Users\deves\OneDrive\Desktop\Projects\TCMD-SS\data\raw\hirise_v3_2\map-proj-v3_2\ESP_028733_1370_RED-0241.jpg
map-proj-v3_2/ESP_028733_1370_RED-0243.jpg,ok,,JPEG,227.0,227.0,L,1.0,1.0,normal,other,train,esp_028733_1370_red-0243,[],83683ab3462b3bad081a9bdd71313d01638ac7d78f6f0d78c11618853f2b5cfb,e9bb54c9a5273df7e9e740121c87b3e91fa6888cd415564f71d1c6aca8aa6642,9a78ddceb8231495,85.10516408236138,14.288559067188416,7738f63b0d65c58d,[],0.0,esp_028733_1370,['train'],1.0,Counter({'train': 1}),test,5d6e98f4490839ab,True,hirise_clean,0,C:\Users\deves\OneDrive\Desktop\Projects\TCMD-SS\data\raw\hirise_v3_2\map-proj-v3_2\ESP_028733_1370_RED-0243.jpg
map-proj-v3_2/ESP_028733_1370_RED-0244.jpg,ok,,JPEG,227.0,227.0,L,1.0,1.0,normal,other,train,esp_028733_1370_red-0244,[],8b34aa7a0c9ee0454e780e6bce11b5ab41bdf3d0bc358b6e8668ab004dfb5d73,3d340b69ea0bff324cf40669622edc65bed2f976463bc451a4eab32f8068e4b6,c6cab85199ea8c3e,87.0537755438685,18.566457541744487,9c3c650e1fa8ad99,[],0.0,esp_028733_1370,['train'],1.0,Counter({'train': 1}),test,5d6e98f4490839ab,True,hirise_clean,0,C:\Users\deves\OneDrive\Desktop\Projects\TCMD-SS\data\raw\hirise_v3_2\map-proj-v3_2\ESP_028733_1370_RED-0244.jpg
map-proj-v3_2/ESP_028733_1370_RED-0256.jpg,ok,,JPEG,227.0,227.0,L,1.0,1.0,normal,other,train,esp_028733_1370_red-0256,[],2c744f808ec228f2ea13306d27fb2b4e24e7a05bca3325331c652ee40458ade4,e62171a8f291b6e3c2c7e75ac970b9ada82e749498c20bff7dd0f266c411d848,fc379a986465c499,89.13021793553145,15.876846477300884,bea545cb5c2b568c,[],0.0,esp_028733_1370,['train'],1.0,Counter({'train': 1}),test,5d6e98f4490839ab,True,hirise_clean,0,C:\Users\deves\OneDrive\Desktop\Projects\TCMD-SS\data\raw\hirise_v3_2\map-proj-v3_2\ESP_028733_1370_RED-0256.jpg
map-proj-v3_2/ESP_028733_1370_RED-0260.jpg,ok,,JPEG,227.0,227.0,L,1.0,1.0,normal,other,train,esp_028733_1370_red-0260,[],4b30bbe553f364105a37511438756d207aa0ccd891492f877d732c9a4f24046d,32c74d02c0ee488e1747f1e8351a36a742f1f6f47500313428deadb1dc73eb5d,a439cf0879311d5f,83.76030972850239,14.78501293381968,4a7c23de87699d12,[],0.0,esp_028733_1370,['train'],1.0,Counter({'train': 1}),test,5d6e98f4490839ab,True,hirise_clean,0,C:\Users\deves\OneDrive\Desktop\Projects\TCMD-SS\data\raw\hirise_v3_2\map-proj-v3_2\ESP_028733_1370_RED-0260.jpg
map-proj-v3_2/ESP_028733_1370_RED-0269.jpg,ok,,JPEG,227.0,227.0,L,1.0,1.0,normal,other,train,esp_028733_1370_red-0269,[],ffbaa55ae2df69f93f5c2b1aeef0889c070939afcf48b01130ee6e73cf522cf4,d36a8361e0b5c84e3214689f39fc6dd162eb3671c856dc6f9b78d2b59d728cfa,83e096c279398fce,64.0451978497545,32.606476052236765,8ad1f1a3687d3d63,[],0.0,esp_028733_1370,['train'],1.0,Counter({'train': 1}),test,5d6e98f4490839ab,True,hirise_clean,0,C:\Users\deves\OneDrive\Desktop\Projects\TCMD-SS\data\raw\hirise_v3_2\map-proj-v3_2\ESP_028733_1370_RED-0269.jpg
map-proj-v3_2/ESP_028733_1370_RED-0274.jpg,ok,,JPEG,227.0,227.0,L,1.0,1.0,normal,other,train,esp_028733_1370_red-0274,[],5f5ec2b64a8e02e983fbd52ebc36825aa320fa92b7f2dca90f37b1c602dababf,6e2591ccde5fa637213344c78ed6b2c4fe8b9d9ac9d3f078db38f50d56f67b59,cb6d34cdc4792239,74.24613324535699,52.84855798194502,f2e81d8831b1f5f3,[],0.0,esp_028733_1370,['train'],1.0,Counter({'train': 1}),test,5d6e98f4490839ab,True,hirise_clean,0,C:\Users\deves\OneDrive\Desktop\Projects\TCMD-SS\data\raw\hirise_v3_2\map-proj-v3_2\ESP_028733_1370_RED-0274.jpg
map-proj-v3_2/ESP_028733_1370_RED-0285.jpg,ok,,JPEG,227.0,227.0,L,1.0,1.0,normal,other,train,esp_028733_1370_red-0285,[],e1d2f9413d564a9f7a8804b7a33753b070d71f86366e1aa14a75903d423090ed,632d4586940adf36d15746a2434ed23239348cb00c6996f4c90567f2e86f1a5e,bcc2d1b960ead21b,89.1531370684469,23.25394254741305,b6af9f7a7d03c611,[],0.0,esp_028733_1370,['train'],1.0,Counter({'train': 1}),test,5d6e98f4490839ab,True,hirise_clean,0,C:\Users\deves\OneDrive\Desktop\Projects\TCMD-SS\data\raw\hirise_v3_2\map-proj-v3_2\ESP_028733_1370_RED-0285.jpg
map-proj-v3_2/ESP_028733_1370_RED-0295.jpg,ok,,JPEG,227.0,227.0,L,1.0,1.0,normal,other,train,esp_028733_1370_red-0295,[],d396c5416c08ee988fde18f6fffd59db2951fad8ed6afbd6b30dbe2b98206f21,39e46a00c3a2738b5002db07a5264048f98e9588c2f2fb34b26ab9d627df9d5b,c48c9f33a8b7344d,93.42506161578916,16.62032213613017,1e26f2bb4bfcad82,[],0.0,esp_028733_1370,['train'],1.0,Counter({'train': 1}),test,5d6e98f4490839ab,True,hirise_clean,0,C:\Users\deves\OneDrive\Desktop\Projects\TCMD-SS\data\raw\hirise_v3_2\map-proj-v3_2\ESP_028733_1370_RED-0295.jpg
map-proj-v3_2/ESP_028733_1370_RED-0297.jpg,ok,,JPEG,227.0,227.0,L,1.0,1.0,normal,other,train,esp_028733_1370_red-0297,[],731d56158b060383e193570809333df15d9c340f9d2c947819c61beb5509ff17,20bf32b21a73d9112e792d885a4a1e3c8d4f5c15a68a9ff2bfe52b7f839fc321,e6c6d99b633049cc,83.33957577286577,15.485767748425744,e7ab9f82671e8c50,[],0.0,esp_028733_1370,['train'],1.0,Counter({'train': 1}),test,5d6e98f4490839ab,True,hirise_clean,0,C:\Users\deves\OneDrive\Desktop\Projects\TCMD-SS\data\raw\hirise_v3_2\map-proj-v3_2\ESP_028733_1370_RED-0297.jpg
map-proj-v3_2/ESP_028733_1370_RED-0303.jpg,ok,,JPEG,227.0,227.0,L,1.0,1.0,normal,other,train,esp_028733_1370_red-0303,[],68891f25a3c38490da945ab261ac32869d5682cf3652973ef37f054abd927283,ea5a5fbf371d3afd2b85cd6f2ca4eb38edb21284114e5848d427452385d6b58f,9f9f79d042c61037,114.39480680781696,14.142072534596524,b7ad8465b72ab0e1,[],0.0,esp_028733_1370,['train'],1.0,Counter({'train': 1}),test,5d6e98f4490839ab,True,hirise_clean,0,C:\Users\deves\OneDrive\Desktop\Projects\TCMD-SS\data\raw\hirise_v3_2\map-proj-v3_2\ESP_028733_1370_RED-0303.jpg
map-proj-v3_2/ESP_028733_1370_RED-0305.jpg,ok,,JPEG,227.0,227.0,L,1.0,1.0,normal,other,train,esp_028733_1370_red-0305,[],f42ac1b3aa229d0f8e72c49d093a9603c2df5446357b0373896b76b8e6a4d029,77b4c24d9877fa72455602175689c0e0e711a1894777ade1eb8f1b8a8bffc375,c7eb30a74a32965c,116.29420326418132,13.53659687792024,5c31400d71ada2e5,[],0.0,esp_028733_1370,['train'],1.0,Counter({'train': 1}),test,5d6e98f4490839ab,True,hirise_clean,0,C:\Users\deves\OneDrive\Desktop\Projects\TCMD-SS\data\raw\hirise_v3_2\map-proj-v3_2\ESP_028733_1370_RED-0305.jpg
map-proj-v3_2/ESP_028733_1370_RED-0312.jpg,ok,,JPEG,227.0,227.0,L,1.0,1.0,normal,other,train,esp_028733_1370_red-0312,[],afa195765ceb7f5d483bcebc4129d3e5a52b13b23afcf348d45e8ea56a3ef809,b806cb7b92efcf3f100827589a4ed67bef4ec6ab18646031b19c3bceeb008411,ba624bb3874c9963,108.56820431213492,12.89064961747471,c0e52fefd40747d2,[],0.0,esp_028733_1370,['train'],1.0,Counter({'train': 1}),test,5d6e98f4490839ab,True,hirise_clean,0,C:\Users\deves\OneDrive\Desktop\Projects\TCMD-SS\data\raw\hirise_v3_2\map-proj-v3_2\ESP_028733_1370_RED-0312.jpg
map-proj-v3_2/ESP_028733_1370_RED-0316.jpg,ok,,JPEG,227.0,227.0,L,1.0,1.0,normal,other,train,esp_028733_1370_red-0316,[],871cfa2871f9d961a00dd97da99e934cf076502f41001381024e16d01dafc2a9,b882b70f03dc96886b8b286b3c7dc5d767df3c062a800d1835e2ffa5274fb26c,989ab97266f99528,124.85996235129733,11.980935298124452,6edafe8673bd4c7a,[],0.0,esp_028733_1370,['train'],1.0,Counter({'train': 1}),test,5d6e98f4490839ab,True,hirise_clean,0,C:\Users\deves\OneDrive\Desktop\Projects\TCMD-SS\data\raw\hirise_v3_2\map-proj-v3_2\ESP_028733_1370_RED-0316.jpg
map-proj-v3_2/ESP_028733_1370_RED-0323.jpg,ok,,JPEG,227.0,227.0,L,1.0,1.0,normal,other,train,esp_028733_1370_red-0323,[],47e8af0ecde00221c1c4ba6c9effd41831841a3eaf934f9ccbe1f30902f359be,265b2272de3dbbc1797451526d07ae203daa2f5d1b39ca1d5b4740e1ebfe89a9,e0987b728ca193de,108.47336451318677,20.515648694288966,0f178a5c73a5c43e,[],0.0,esp_028733_1370,['train'],1.0,Counter({'train': 1}),test,5d6e98f4490839ab,True,hirise_clean,0,C:\Users\deves\OneDrive\Desktop\Projects\TCMD-SS\data\raw\hirise_v3_2\map-proj-v3_2\ESP_028733_1370_RED-0323.jpg
map-proj-v3_2/ESP_028733_1370_RED-0324.jpg,ok,,JPEG,227.0,227.0,L,1.0,1.0,normal,other,train,esp_028733_1370_red-0324,[],a104f459aa3422e69ec7064ab5de82b4ebc499b707c606c30e61d08674493478,9905af0a0f7af1dcbf7069e712b12c3d9b6db6360fb7fa21f50d957e284b236a,cf0e792e0a342afa,111.4009586834598,13.532556945090729,da0e96c9f3f1573d,[],0.0,esp_028733_1370,['train'],1.0,Counter({'train': 1}),test,5d6e98f4490839ab,True,hirise_clean,0,C:\Users\deves\OneDrive\Desktop\Projects\TCMD-SS\data\raw\hirise_v3_2\map-proj-v3_2\ESP_028733_1370_RED-0324.jpg
map-proj-v3_2/ESP_028733_1370_RED-0325.jpg,ok,,JPEG,227.0,227.0,L,1.0,1.0,normal,other,train,esp_028733_1370_red-0325,[],4c78102a362e6920121517fbdaeaa8342f519b347801b59a5f5c3d5c436b1df3,000de52849e18cc5c241e3a427ca334b4467e12367ffcc1ce0af3596bb033557,b187f3e7cd890816,111.55450328940984,12.806458490098706,6ea684bdd2173529,[],0.0,esp_028733_1370,['train'],1.0,Counter({'train': 1}),test,5d6e98f4490839ab,True,hirise_clean,0,C:\Users\deves\OneDrive\Desktop\Projects\TCMD-SS\data\raw\hirise_v3_2\map-proj-v3_2\ESP_028733_1370_RED-0325.jpg
map-proj-v3_2/ESP_028733_1370_RED-0326.jpg,ok,,JPEG,227.0,227.0,L,1.0,1.0,normal,other,train,esp_028733_1370_red-0326,[],b0f98ad47d988575f6b7b1f64aed2547f8b46ff72067fa7f260578d263c3b6b3,403e5906199cb60f113e969679386b9c8359c97a1dfbf3a421db781bf0fe76d4,a16e0b1916e5f933,122.72863824254304,14.01476236610297,9298df323a332538,[],0.0,esp_028733_1370,['train'],1.0,Counter({'train': 1}),test,5d6e98f4490839ab,True,hirise_clean,0,C:\Users\deves\OneDrive\Desktop\Projects\TCMD-SS\data\raw\hirise_v3_2\map-proj-v3_2\ESP_028733_1370_RED-0326.jpg
map-proj-v3_2/ESP_028733_1370_RED-0332.jpg,ok,,JPEG,227.0,227.0,L,1.0,1.0,normal,other,train,esp_028733_1370_red-0332,[],50729358ede20a303fafe9ea1693beb66639e3e938b3dbbaab989492b879cfca,de16af84608a93d7301202f998808ed7a2961bc5ddf768a4b06344a813c16019,b669397a45244dd9,107.5324768576918,14.120578915124684,b2f6b6c1cbd5a77b,[],0.0,esp_028733_1370,['train'],1.0,Counter({'train': 1}),test,5d6e98f4490839ab,True,hirise_clean,0,C:\Users\deves\OneDrive\Desktop\Projects\TCMD-SS\data\raw\hirise_v3_2\map-proj-v3_2\ESP_028733_1370_RED-0332.jpg
map-proj-v3_2/ESP_028733_1370_RED-0337.jpg,ok,,JPEG,227.0,227.0,L,1.0,1.0,normal,other,train,esp_028733_1370_red-0337,[],e5312760030fc5dca08e734dd22685d9335bea51943c15094f6925c81a2c80af,9587488f428911e667a7e5dcc880bf64e166d9214fb4783737ba654d8c437ac7,e04fa54c17c93ae6,119.56775796153622,13.873129874727372,52d0dd95c8a88587,[],0.0,esp_028733_1370,['train'],1.0,Counter({'train': 1}),test,5d6e98f4490839ab,True,hirise_clean,0,C:\Users\deves\OneDrive\Desktop\Projects\TCMD-SS\data\raw\hirise_v3_2\map-proj-v3_2\ESP_028733_1370_RED-0337.jpg
map-proj-v3_2/ESP_028733_1370_RED-0339.jpg,ok,,JPEG,227.0,227.0,L,1.0,1.0,normal,other,train,esp_028733_1370_red-0339,[],f59f8431c4c1665b96fd81f77d66818ee68bea0cd52b6abbc1049a86419551bc,50072b818839fd22e6b3e08ab3af7f19742c54c5c3f038f045d38461f1ea5321,b1572489cb6b26cd,124.41968600205708,12.53759807358583,39c0e8388b55f318,[],0.0,esp_028733_1370,['train'],1.0,Counter({'train': 1}),test,5d6e98f4490839ab,True,hirise_clean,0,C:\Users\deves\OneDrive\Desktop\Projects\TCMD-SS\data\raw\hirise_v3_2\map-proj-v3_2\ESP_028733_1370_RED-0339.jpg
map-proj-v3_2/ESP_028733_1370_RED-0343.jpg,ok,,JPEG,227.0,227.0,L,1.0,1.0,normal,other,train,esp_028733_1370_red-0343,[],c8a7faefdadd7f4a3a6583ba29577228bf4ef4b595703b3e947c629cf60f5113,7a557a3f7cdfd2127b30148378fe63f89f58b83d09fd2d0e7ab7192cc69f9563,8e091983c199ff73,108.2661802092026,15.62602389107805,3f3bf027dad56e25,[],0.0,esp_028733_1370,['train'],1.0,Counter({'train': 1}),test,5d6e98f4490839ab,True,hirise_clean,0,C:\Users\deves\OneDrive\Desktop\Projects\TCMD-SS\data\raw\hirise_v3_2\map-proj-v3_2\ESP_028733_1370_RED-0343.jpg
map-proj-v3_2/ESP_028733_1370_RED-0347.jpg,ok,,JPEG,227.0,227.0,L,1.0,1.0,normal,other,train,esp_028733_1370_red-0347,[],b1c6b139cdfda2afca8b2c3737e0c7ad1172149f3e2f35f9c48213c79e2ae56f,dc27dc7f9000d6638e9d0bb85ab2c17cd22edb6a0bcd60b07209ef02a0232c2a,da69f1d8700639d9,87.02466572221468,53.55818318069768,57861a41fd6f010e,[],0.0,esp_028733_1370,['train'],1.0,Counter({'train': 1}),test,5d6e98f4490839ab,True,hirise_clean,0,C:\Users\deves\OneDrive\Desktop\Projects\TCMD-SS\data\raw\hirise_v3_2\map-proj-v3_2\ESP_028733_1370_RED-0347.jpg
map-proj-v3_2/ESP_028733_1370_RED-0358.jpg,ok,,JPEG,227.0,227.0,L,1.0,1.0,normal,other,train,esp_028733_1370_red-0358,[],9c65872e3bbe85ff34f0993249433ddf9ffc56be45a403ae3671e4c8f2af022a,9788513617a0ddcf128c2b59787abe19025dd541fccb18aa4a3f0f4c1eea6971,d415bd6a268c41f7,124.02315201148868,13.025368252867525,b3eec0659d617c71,[],0.0,esp_028733_1370,['train'],1.0,Counter({'train': 1}),test,5d6e98f4490839ab,True,hirise_clean,0,C:\Users\deves\OneDrive\Desktop\Projects\TCMD-SS\data\raw\hirise_v3_2\map-proj-v3_2\ESP_028733_1370_RED-0358.jpg
map-proj-v3_2/ESP_028733_1370_RED-0362.jpg,ok,,JPEG,227.0,227.0,L,1.0,1.0,normal,other,train,esp_028733_1370_red-0362,[],42446d19fc6aa8af81b9083adaa65d8bb93501c511e418431b2f072e8fa89ad2,67378ba3f2cb6506b71a0c595f7fdd283e04feeebef37348f421325c0baec502,a8c45a6717b63ce8,112.70715519416252,13.326037770246588,6c75a3e538ae5444,[],0.0,esp_028733_1370,['train'],1.0,Counter({'train': 1}),test,5d6e98f4490839ab,True,hirise_clean,0,C:\Users\deves\OneDrive\Desktop\Projects\TCMD-SS\data\raw\hirise_v3_2\map-proj-v3_2\ESP_028733_1370_RED-0362.jpg
map-proj-v3_2/ESP_028733_1370_RED-0371.jpg,ok,,JPEG,227.0,227.0,L,1.0,1.0,normal,other,train,esp_028733_1370_red-0371,[],3a5a1bbf3d1c965bb055302fa47056d6a320839f5e0b59b10639556f27e2acff,b5e53c02a76349d425e32bf7efbef5006c85163c579cf3a7075c06da25028a7f,a18c90accb6e9af6,115.8702672281628,13.99450807329074,f6b4d8958d22fa84,[],0.0,esp_028733_1370,['train'],1.0,Counter({'train': 1}),test,5d6e98f4490839ab,True,hirise_clean,0,C:\Users\deves\OneDrive\Desktop\Projects\TCMD-SS\data\raw\hirise_v3_2\map-proj-v3_2\ESP_028733_1370_RED-0371.jpg
map-proj-v3_2/ESP_028733_1370_RED-0379.jpg,ok,,JPEG,227.0,227.0,L,1.0,1.0,normal,other,train,esp_028733_1370_red-0379,[],186a5af76d5cce7c22103e63b3a179b69610ad1b5cd854e621bba0d5662b9406,bda43ae39e9b21b6f5b759c6372e0c91bc25450c2b7a6d40c3af9a2b68e843ce,d0c7e21c9bf6d405,114.23870053756136,14.769165113345991,75eff860d464ae35,[],0.0,esp_028733_1370,['train'],1.0,Counter({'train': 1}),test,5d6e98f4490839ab,True,hirise_clean,0,C:\Users\deves\OneDrive\Desktop\Projects\TCMD-SS\data\raw\hirise_v3_2\map-proj-v3_2\ESP_028733_1370_RED-0379.jpg
map-proj-v3_2/ESP_028733_1370_RED-0382.jpg,ok,,JPEG,227.0,227.0,L,1.0,1.0,normal,other,train,esp_028733_1370_red-0382,[],3d9f33105f066f34e8e3955f7183f38b95f6c5437f721265076db79c89ef96f1,bdba29b4a3ac51e49ada86c1cb6489ac4e51dae1c880964d1f7a9655ab188b99,a656a84b5664acfa,98.30365425294494,14.433663546169132,64bb5d60724f3f08,[],0.0,esp_028733_1370,['train'],1.0,Counter({'train': 1}),test,5d6e98f4490839ab,True,hirise_clean,0,C:\Users\deves\OneDrive\Desktop\Projects\TCMD-SS\data\raw\hirise_v3_2\map-proj-v3_2\ESP_028733_1370_RED-0382.jpg
map-proj-v3_2/ESP_028733_1370_RED-0389.jpg,ok,,JPEG,227.0,227.0,L,1.0,1.0,normal,other,train,esp_028733_1370_red-0389,[],8450cc04dc531d3688c1faf22d5e5dab48a66e73473a4facaccd7de91b123225,bafab826376249c10f37a26f54d3704ce13511ddc1578013166c1989db3b4d31,8f52b1678c8337ac,102.31178559646024,14.828707415575538,b89ca5b09587769a,[],0.0,esp_028733_1370,['train'],1.0,Counter({'train': 1}),test,5d6e98f4490839ab,True,hirise_clean,0,C:\Users\deves\OneDrive\Desktop\Projects\TCMD-SS\data\raw\hirise_v3_2\map-proj-v3_2\ESP_028733_1370_RED-0389.jpg
map-proj-v3_2/ESP_028733_1370_RED-0393.jpg,ok,,JPEG,227.0,227.0,L,1.0,1.0,normal,other,train,esp_028733_1370_red-0393,[],e64cd9721cf056dd56fc2346af3399db9b41db0ac52f5d4daf6b5c2b61eed490,3041d480b1bb99740aa66582bcae954a57695a664411e3facbd569f9f9d96c5f,87c11bd483bf70c6,104.10815269071784,13.521084931379072,f12bd1f8367d6b73,[],0.0,esp_028733_1370,['train'],1.0,Counter({'train': 1}),test,5d6e98f4490839ab,True,hirise_clean,0,C:\Users\deves\OneDrive\Desktop\Projects\TCMD-SS\data\raw\hirise_v3_2\map-proj-v3_2\ESP_028733_1370_RED-0393.jpg
map-proj-v3_2/ESP_028733_1370_RED-0400.jpg,ok,,JPEG,227.0,227.0,L,1.0,1.0,normal,other,train,esp_028733_1370_red-0400,[],a64ccb88bd305160a227f4ff17f840231558ce2b6e47b59b9939587a8e5a5997,70a42919ec683811c74da8d870738feea13bdf5b88423e136223ac9baed015c0,80e97b1c3c535e55,127.57839274971376,13.711856641808168,1a98545fa90fccb1,[],0.0,esp_028733_1370,['train'],1.0,Counter({'train': 1}),test,5d6e98f4490839ab,True,hirise_clean,0,C:\Users\deves\OneDrive\Desktop\Projects\TCMD-SS\data\raw\hirise_v3_2\map-proj-v3_2\ESP_028733_1370_RED-0400.jpg
map-proj-v3_2/ESP_028733_1370_RED-0403.jpg,ok,,JPEG,227.0,227.0,L,1.0,1.0,normal,other,train,esp_028733_1370_red-0403,[],f3e126f8f9b8143a89fbf7d9064277dd3c758c5c51065f034c1f0721dfd26a1b,3f22dd4c37ac20340112cac7f54b7b173b72155395743ea168b718ca9b1501f8,cedc3236742528f5,126.447864309418,13.82162798137914,413344d603350bc7,[],0.0,esp_028733_1370,['train'],1.0,Counter({'train': 1}),test,5d6e98f4490839ab,True,hirise_clean,0,C:\Users\deves\OneDrive\Desktop\Projects\TCMD-SS\data\raw\hirise_v3_2\map-proj-v3_2\ESP_028733_1370_RED-0403.jpg
map-proj-v3_2/ESP_028733_1370_RED-0417.jpg,ok,,JPEG,227.0,227.0,L,1.0,1.0,normal,other,train,esp_028733_1370_red-0417,[],08f9d22a615cf499704ebb02b3cea902d08c4261d5a78ec4aa4369493170a490,183f2a3f4765303fb3a56e1e3b897b877ed15e664bb0e6a99e901aec48fe6b12,841e73d2d05769e3,100.21374371713016,15.270120392943491,6ac77dacfe84cc8b,[],0.0,esp_028733_1370,['train'],1.0,Counter({'train': 1}),test,5d6e98f4490839ab,True,hirise_clean,0,C:\Users\deves\OneDrive\Desktop\Projects\TCMD-SS\data\raw\hirise_v3_2\map-proj-v3_2\ESP_028733_1370_RED-0417.jpg
map-proj-v3_2/ESP_028733_1370_RED-0424.jpg,ok,,JPEG,227.0,227.0,L,1.0,1.0,normal,other,train,esp_028733_1370_red-0424,[],169269ea74943273271f7cde3543078107f5b2897deedc10be2f37ba2d96cfaa,f6c0bc732615710ceba4f6984d174a37a641ee3d54bd39369c960410137efe1e,befa8ba541b4e026,96.47720700964506,16.04894938648752,c33fe739f78a0626,[],0.0,esp_028733_1370,['train'],1.0,Counter({'train': 1}),test,5d6e98f4490839ab,True,hirise_clean,0,C:\Users\deves\OneDrive\Desktop\Projects\TCMD-SS\data\raw\hirise_v3_2\map-proj-v3_2\ESP_028733_1370_RED-0424.jpg
map-proj-v3_2/ESP_028733_1370_RED-0425.jpg,ok,,JPEG,227.0,227.0,L,1.0,1.0,normal,other,train,esp_028733_1370_red-0425,[],2afba6fa5b95a7f9b4a58c5847572015945218b50847a2be418979ce3e19e65b,1cec88e8d3295e32b0ea931770d13d6920acd8850620749dab8ec937a7e0b56c,f555d53465c99903,127.29849211123832,15.92337527662456,a11c5a3c9a51e12d,[],0.0,esp_028733_1370,['train'],1.0,Counter({'train': 1}),test,5d6e98f4490839ab,True,hirise_clean,0,C:\Users\deves\OneDrive\Desktop\Projects\TCMD-SS\data\raw\hirise_v3_2\map-proj-v3_2\ESP_028733_1370_RED-0425.jpg
map-proj-v3_2/ESP_028733_1370_RED-0429.jpg,ok,,JPEG,227.0,227.0,L,1.0,1.0,normal,other,train,esp_028733_1370_red-0429,[],9ce1b4a508113f03079a21b4be64608b0a267ca802adad8c2ff71575c3c228c5,d822ddd9506d334a3cbac71b815e4a2d40b48bee16ed5215f32c944663973534,ec87b346d454e265,95.35952570397252,15.19569628675545,b6d8cad442d403bc,[],0.0,esp_028733_1370,['train'],1.0,Counter({'train': 1}),test,5d6e98f4490839ab,True,hirise_clean,0,C:\Users\deves\OneDrive\Desktop\Projects\TCMD-SS\data\raw\hirise_v3_2\map-proj-v3_2\ESP_028733_1370_RED-0429.jpg
map-proj-v3_2/ESP_028733_1370_RED-0442.jpg,ok,,JPEG,227.0,227.0,L,1.0,1.0,normal,other,train,esp_028733_1370_red-0442,[],3986986e086a5e67793ef42794cf435e119c10a8f70f4b5187ed3fbc2cad632b,955c74afde1fc15afd97be54fc2baa26d628dd0dacfc7b9f8be9dbc60a6e2c06,cbc9cb8c989187ae,141.15030371247258,13.102056938313376,876fe5d0410a009f,[],0.0,esp_028733_1370,['train'],1.0,Counter({'train': 1}),test,5d6e98f4490839ab,True,hirise_clean,0,C:\Users\deves\OneDrive\Desktop\Projects\TCMD-SS\data\raw\hirise_v3_2\map-proj-v3_2\ESP_028733_1370_RED-0442.jpg
map-proj-v3_2/ESP_028733_1370_RED-0447.jpg,ok,,JPEG,227.0,227.0,L,1.0,1.0,normal,other,train,esp_028733_1370_red-0447,[],c100061c04104b6daddff42f98443eded560c8f1ad38950378c7e4a2188def46,bca19048ac0892aee8b5a33dc7d0bb0433e66146bf3a6e4387229f3443db2d38,96307b522e592b6e,121.0677094451668,15.4917008603667,b087b634f318eb41,[],0.0,esp_028733_1370,['train'],1.0,Counter({'train': 1}),test,5d6e98f4490839ab,True,hirise_clean,0,C:\Users\deves\OneDrive\Desktop\Projects\TCMD-SS\data\raw\hirise_v3_2\map-proj-v3_2\ESP_028733_1370_RED-0447.jpg
map-proj-v3_2/ESP_028733_1370_RED-0462.jpg,ok,,JPEG,227.0,227.0,L,1.0,1.0,normal,other,train,esp_028733_1370_red-0462,[],910bdfef504e97e0e17d8c9623aecada308916e02832d8efaf97fbae8fbd8b4e,6a8e3d62ebbee72687626a8fb017cb9676e207f7abbecd581193985ec46ba870,ae416690e759037f,114.99243144637,14.797493253908542,2b875ff78a08011c,[],0.0,esp_028733_1370,['train'],1.0,Counter({'train': 1}),test,5d6e98f4490839ab,True,hirise_clean,0,C:\Users\deves\OneDrive\Desktop\Projects\TCMD-SS\data\raw\hirise_v3_2\map-proj-v3_2\ESP_028733_1370_RED-0462.jpg
map-proj-v3_2/ESP_028733_1370_RED-0471.jpg,ok,,JPEG,227.0,227.0,L,1.0,1.0,normal,other,train,esp_028733_1370_red-0471,[],6327bb0c3a994401ba546f0419cdb41ba67394f19cab0dfb88bc21f67dd82c0c,3486788c8bebcb0e8d36b069d01c7c5944dbd16e813ca3257db683e3ee88f9ee,ecf4262ed43d0acc,96.7966775990219,15.154690079180394,71897cd1b67336f6,[],0.0,esp_028733_1370,['train'],1.0,Counter({'train': 1}),test,5d6e98f4490839ab,True,hirise_clean,0,C:\Users\deves\OneDrive\Desktop\Projects\TCMD-SS\data\raw\hirise_v3_2\map-proj-v3_2\ESP_028733_1370_RED-0471.jpg
map-proj-v3_2/ESP_028733_1370_RED-0496.jpg,ok,,JPEG,227.0,227.0,L,1.0,1.0,normal,other,train,esp_028733_1370_red-0496,[],a010d6a712acc234d14a73cec5df85a0a02c18fee9f9fe14da4cb7490973bfbb,c3a06519143038bb6c2fead02175d505e76030168e4e0fd94f6124f513325645,a194db64bb0ab157,145.66180209202585,16.194845942094073,113ee14fb6dca154,[],0.0,esp_028733_1370,['train'],1.0,Counter({'train': 1}),test,5d6e98f4490839ab,True,hirise_clean,0,C:\Users\deves\OneDrive\Desktop\Projects\TCMD-SS\data\raw\hirise_v3_2\map-proj-v3_2\ESP_028733_1370_RED-0496.jpg
map-proj-v3_2/ESP_028733_1370_RED-0513.jpg,ok,,JPEG,227.0,227.0,L,1.0,1.0,normal,other,train,esp_028733_1370_red-0513,[],7586bb958e55f5cbe5400a1a018f80d64553e2e4821395e523ac117b06240d55,cee170306d58a6936732fa325a7de68a7e2335f77886d781bd3ac9424a62fe3d,f6b97b06698b5812,156.64730540084224,15.290013478885292,8d38bdf8201d5dc8,[],0.0,esp_028733_1370,['train'],1.0,Counter({'train': 1}),test,5d6e98f4490839ab,True,hirise_clean,0,C:\Users\deves\OneDrive\Desktop\Projects\TCMD-SS\data\raw\hirise_v3_2\map-proj-v3_2\ESP_028733_1370_RED-0513.jpg
map-proj-v3_2/ESP_028733_1370_RED-0520.jpg,ok,,JPEG,227.0,227.0,L,1.0,1.0,normal,other,train,esp_028733_1370_red-0520,[],040a3a5a5fc9316f5e5cd0695f2644fca81c1db7ddd162b1ffbf68ae0d93ebe8,3e5a1ae885ddfd28eac6efbe782ec2358795ac27ee1461421822cb7ab11c4b66,87e138cbb8ca9473,80.66892429505715,45.51797024106902,421753f289b3efbf,[],0.0,esp_028733_1370,['train'],1.0,Counter({'train': 1}),test,5d6e98f4490839ab,True,hirise_clean,0,C:\Users\deves\OneDrive\Desktop\Projects\TCMD-SS\data\raw\hirise_v3_2\map-proj-v3_2\ESP_028733_1370_RED-0520.jpg
map-proj-v3_2/ESP_028733_1370_RED-0543.jpg,ok,,JPEG,227.0,227.0,L,1.0,1.0,normal,other,train,esp_028733_1370_red-0543,[],bdd8699cadb01dec61af395bd66a400a6991f7c57bfda01b44ae7e3cd95af850,0d6bfa787559c3d07026b3c2522faf2773689d91cbf587b170f5a29a83977748,ffc2cee2a20f2e08,154.5312736517301,16.039686809930767,3a478cbcf5979219,[],0.0,esp_028733_1370,['train'],1.0,Counter({'train': 1}),test,5d6e98f4490839ab,True,hirise_clean,0,C:\Users\deves\OneDrive\Desktop\Projects\TCMD-SS\data\raw\hirise_v3_2\map-proj-v3_2\ESP_028733_1370_RED-0543.jpg
map-proj-v3_2/ESP_028733_1370_RED-0554.jpg,ok,,JPEG,227.0,227.0,L,1.0,1.0,normal,other,train,esp_028733_1370_red-0554,[],272cc7dff97f7157f3caa7dc903a86c7e36575655f474a571e20b3153e715548,7b2a074f184c651c910061d6107f338a4cb3d949544dde168710ccf8cb38544f,800a118337cf7fb7,147.73834151642765,18.55297264415581,3d2cbf041167b5e8,[],0.0,esp_028733_1370,['train'],1.0,Counter({'train': 1}),test,5d6e98f4490839ab,True,hirise_clean,0,C:\Users\deves\OneDrive\Desktop\Projects\TCMD-SS\data\raw\hirise_v3_2\map-proj-v3_2\ESP_028733_1370_RED-0554.jpg
map-proj-v3_2/ESP_028733_1370_RED-0555.jpg,ok,,JPEG,227.0,227.0,L,1.0,1.0,normal,other,train,esp_028733_1370_red-0555,[],a49648f7539d442f2861a95c1c83dd70bfb601769564deaa55595358243d72ff,cd8a62f167ee93e3f38a6f0e5b57d296673a5bb619b3571e57825bd63dac9c88,d4be1652ca6a625b,126.05348444565196,14.197904100023656,aff21b1971955487,[],0.0,esp_028733_1370,['train'],1.0,Counter({'train': 1}),test,5d6e98f4490839ab,True,hirise_clean,0,C:\Users\deves\OneDrive\Desktop\Projects\TCMD-SS\data\raw\hirise_v3_2\map-proj-v3_2\ESP_028733_1370_RED-0555.jpg
map-proj-v3_2/ESP_028733_1370_RED-0560.jpg,ok,,JPEG,227.0,227.0,L,1.0,1.0,normal,other,train,esp_028733_1370_red-0560,[],ee9bf85c4fc23e25a6050ebc7ae1d8d4f92edbcdd35594e4fd672a266bdf7515,ac58d419e7d217dacc9df91821ee8c608bbc08967568f4fd5f6ed71cfde56c30,8f27179e5c095276,120.08395272564964,15.934821845119853,d6f94b512af45e58,[],0.0,esp_028733_1370,['train'],1.0,Counter({'train': 1}),test,5d6e98f4490839ab,True,hirise_clean,0,C:\Users\deves\OneDrive\Desktop\Projects\TCMD-SS\data\raw\hirise_v3_2\map-proj-v3_2\ESP_028733_1370_RED-0560.jpg
map-proj-v3_2/ESP_028733_1370_RED-0568.jpg,ok,,JPEG,227.0,227.0,L,1.0,1.0,normal,other,train,esp_028733_1370_red-0568,[],375ca46ce3b436f64b520a76870fed7d9b90ba2fdd8f8d45b16b757c64faea66,ca89dcd5f8b1c0c690680e0cbe6201e320874bf9b8f804c12e9090dc93541a69,807f97d161edd209,103.55017562925732,25.09116778291683,f26b154ae1e62271,[],0.0,esp_028733_1370,['train'],1.0,Counter({'train': 1}),test,5d6e98f4490839ab,True,hirise_clean,0,C:\Users\deves\OneDrive\Desktop\Projects\TCMD-SS\data\raw\hirise_v3_2\map-proj-v3_2\ESP_028733_1370_RED-0568.jpg
map-proj-v3_2/ESP_028733_1370_RED-0572.jpg,ok,,JPEG,227.0,227.0,L,1.0,1.0,normal,other,train,esp_028733_1370_red-0572,[],e525a9bc41df64d283b0940c02535e5098d2daf162389dd0ba875c07cb219375,e8ed3fdc101bb71cc07c741c7514f40c03f8524696ff13305b7574be41cc4824,8ea672f41c3167c9,140.74608472898757,13.901608055412416,3ccd7d9d3890ccce,[],0.0,esp_028733_1370,['train'],1.0,Counter({'train': 1}),test,5d6e98f4490839ab,True,hirise_clean,0,C:\Users\deves\OneDrive\Desktop\Projects\TCMD-SS\data\raw\hirise_v3_2\map-proj-v3_2\ESP_028733_1370_RED-0572.jpg
map-proj-v3_2/ESP_028733_1370_RED-0578.jpg,ok,,JPEG,227.0,227.0,L,1.0,1.0,normal,other,train,esp_028733_1370_red-0578,[],577b9f2d4204117e03cddaed20450955f6bf608465cb817af83bc7b0bf3481d0,569253f7345f2c9823c14a841650ee39d220bf8c778722ac9cea6aa4b3dc9f07,dac964c8c50cfd65,120.42810844378891,78.25644771364693,92c048f7299b7969,[],0.0,esp_028733_1370,['train'],1.0,Counter({'train': 1}),test,5d6e98f4490839ab,True,hirise_clean,0,C:\Users\deves\OneDrive\Desktop\Projects\TCMD-SS\data\raw\hirise_v3_2\map-proj-v3_2\ESP_028733_1370_RED-0578.jpg
map-proj-v3_2/ESP_028733_1370_RED-0579.jpg,ok,,JPEG,227.0,227.0,L,1.0,1.0,normal,other,train,esp_028733_1370_red-0579,[],fe88d34a6d54abe597c97fb27f4c423b6ab7d93f345d1ca79a8992fe952868ed,9ba0eae7bbe1f68f2f3aa87401686ba317330d7a77c922c2e4e2e1c64c937511,d24a6d699718f478,152.05550272661995,79.05024332897476,a14b3a6337e9300d,[],0.0,esp_028733_1370,['train'],1.0,Counter({'train': 1}),test,5d6e98f4490839ab,True,hirise_clean,0,C:\Users\deves\OneDrive\Desktop\Projects\TCMD-SS\data\raw\hirise_v3_2\map-proj-v3_2\ESP_028733_1370_RED-0579.jpg
map-proj-v3_2/ESP_028733_1370_RED-0583.jpg,ok,,JPEG,227.0,227.0,L,1.0,1.0,normal,other,train,esp_028733_1370_red-0583,[],d250553aa28a4990522ecf4e15581201173ede1aad230ed1690509d638e439a6,32238eb9ecfe78c3419baf142c1b84b6f9c2cb875556169e25e9ef9f7a2ccb91,94d46dbaa01a33af,191.55902501504008,16.678550656403793,3c620d1212d13c06,[],0.0,esp_028733_1370,['train'],1.0,Counter({'train': 1}),test,5d6e98f4490839ab,True,hirise_clean,0,C:\Users\deves\OneDrive\Desktop\Projects\TCMD-SS\data\raw\hirise_v3_2\map-proj-v3_2\ESP_028733_1370_RED-0583.jpg
map-proj-v3_2/ESP_028733_1370_RED-0585.jpg,ok,,JPEG,227.0,227.0,L,1.0,1.0,normal,other,train,esp_028733_1370_red-0585,[],d56657adc801ea3d5ca169f1cd9d69dfba67488bc5fc6780da93f36c32f534dd,9ddb8e9c3f3243798995c4de70494f2fda4935f3f345f79b75b2883f7419b08d,82d83cf664d583d5,186.35597430573077,15.810436663641037,513aa5baa5d5ddca,[],0.0,esp_028733_1370,['train'],1.0,Counter({'train': 1}),test,5d6e98f4490839ab,True,hirise_clean,0,C:\Users\deves\OneDrive\Desktop\Projects\TCMD-SS\data\raw\hirise_v3_2\map-proj-v3_2\ESP_028733_1370_RED-0585.jpg
map-proj-v3_2/ESP_028733_1370_RED-0586.jpg,ok,,JPEG,227.0,227.0,L,1.0,1.0,normal,other,train,esp_028733_1370_red-0586,[],cd325bd5193eebf9a01a2a93d22b254b5ae6cc4943a7c95c8d5cbde733402528,5b292aeffd26cfc00e7d8bc815b681d9a4e27ac836d115aec2689e9c8b916bbb,89da41667c097f1d,146.63414776145473,14.436497028685851,17d30e9c30c307c4,[],0.0,esp_028733_1370,['train'],1.0,Counter({'train': 1}),test,5d6e98f4490839ab,True,hirise_clean,0,C:\Users\deves\OneDrive\Desktop\Projects\TCMD-SS\data\raw\hirise_v3_2\map-proj-v3_2\ESP_028733_1370_RED-0586.jpg
map-proj-v3_2/ESP_028733_1370_RED-0587.jpg,ok,,JPEG,227.0,227.0,L,1.0,1.0,normal,other,train,esp_028733_1370_red-0587,[],9d5b5c7c0c8775e1cac02ca6930a0b4b15f78a6231e8966dc83fbd5a032d3f6e,9e4b33cb567627a1ca3c585caf50413d4ae3505585476ebde553e122ba21a884,db6d344b240f7661,134.09905101981408,90.6311203163436,cc9d46a39a38937b,[],0.0,esp_028733_1370,['train'],1.0,Counter({'train': 1}),test,5d6e98f4490839ab,True,hirise_clean,0,C:\Users\deves\OneDrive\Desktop\Projects\TCMD-SS\data\raw\hirise_v3_2\map-proj-v3_2\ESP_028733_1370_RED-0587.jpg
map-proj-v3_2/ESP_028733_1370_RED-0598.jpg,ok,,JPEG,227.0,227.0,L,1.0,1.0,normal,other,train,esp_028733_1370_red-0598,[],403a5e40fc3816ae58347406bbf31087bf436ed67862edef10a0e79907ba8a51,c387e6f7b475771b0951ae6ed03c21a0bb28b860730e2b4fd5c3fe8d508a15af,ae5628b414eaf5d4,141.96805682237186,14.625097799321892,a7e1dfa527ab0bec,[],0.0,esp_028733_1370,['train'],1.0,Counter({'train': 1}),test,5d6e98f4490839ab,True,hirise_clean,0,C:\Users\deves\OneDrive\Desktop\Projects\TCMD-SS\data\raw\hirise_v3_2\map-proj-v3_2\ESP_028733_1370_RED-0598.jpg
map-proj-v3_2/ESP_028733_1370_RED-0603.jpg,ok,,JPEG,227.0,227.0,L,1.0,1.0,normal,other,train,esp_028733_1370_red-0603,[],d14cc6a9f68c9d072fae7943ba139d0d7d2c811c3a98d9c38a3d173126702de1,2fb6943394092c31d52f9e4be6e13aaab7413349f31a7632b5cc656591b1c47d,955555d555551539,190.3956218828233,19.75755791508488,be0551490dba047e,[],0.0,esp_028733_1370,['train'],1.0,Counter({'train': 1}),test,5d6e98f4490839ab,True,hirise_clean,0,C:\Users\deves\OneDrive\Desktop\Projects\TCMD-SS\data\raw\hirise_v3_2\map-proj-v3_2\ESP_028733_1370_RED-0603.jpg
map-proj-v3_2/ESP_028733_1370_RED-0605.jpg,ok,,JPEG,227.0,227.0,L,1.0,1.0,normal,other,train,esp_028733_1370_red-0605,[],b1e3520eb162bf021f30f8765736e98a387a9471c1f76b4966af8970081f3c80,870105ea2b24eb3e399a1ace1641974dc3a07b2d385e74358f3af8c4aac165ea,94d2cbd2e24d0b3e,100.2923984552388,59.40893532320356,775186c4acadd896,[],0.0,esp_028733_1370,['train'],1.0,Counter({'train': 1}),test,5d6e98f4490839ab,True,hirise_clean,0,C:\Users\deves\OneDrive\Desktop\Projects\TCMD-SS\data\raw\hirise_v3_2\map-proj-v3_2\ESP_028733_1370_RED-0605.jpg
map-proj-v3_2/ESP_028733_1370_RED-0618.jpg,ok,,JPEG,227.0,227.0,L,1.0,1.0,normal,other,train,esp_028733_1370_red-0618,[],cd0e03929d6b63207415c94400e2babfb25a3dc06d80a86bfaf69a18e0331d93,01c218886cc866bfe3a793219b3b03732aa835db7d186f696b161b71deeecb05,adb6dc68e20383ad,193.0065400065982,14.695316061709676,5b4c5e0ffdaa271c,[],0.0,esp_028733_1370,['train'],1.0,Counter({'train': 1}),test,5d6e98f4490839ab,True,hirise_clean,0,C:\Users\deves\OneDrive\Desktop\Projects\TCMD-SS\data\raw\hirise_v3_2\map-proj-v3_2\ESP_028733_1370_RED-0618.jpg
map-proj-v3_2/ESP_028733_1370_RED-0619.jpg,ok,,JPEG,227.0,227.0,L,1.0,1.0,normal,other,train,esp_028733_1370_red-0619,[],02ad40ed925e7a8435347403b541a8a7dbaba6d5148040396d4de1ea23833d4b,2595889c8626b3646780213666acc6a5007d70f2173eec95a65d98598d7c0db0,c96d966d36699078,128.1158182770867,91.62868420802096,b2db086ce4776241,[],0.0,esp_028733_1370,['train'],1.0,Counter({'train': 1}),test,5d6e98f4490839ab,True,hirise_clean,0,C:\Users\deves\OneDrive\Desktop\Projects\TCMD-SS\data\raw\hirise_v3_2\map-proj-v3_2\ESP_028733_1370_RED-0619.jpg
map-proj-v3_2/ESP_028733_1370_RED-0626.jpg,ok,,JPEG,227.0,227.0,L,1.0,1.0,normal,other,train,esp_028733_1370_red-0626,[],3d90782495bef9133b150f4ef721d939d02cdb9a410e65f01e8a9d9f546af927,c611856015d17b3133e7fe5d177b81efe8926d5663038d6b47aeb9978fa87038,ad07891a1245c7ff,129.8785150109647,16.329933304484193,e7577c933fbe0b7b,[],0.0,esp_028733_1370,['train'],1.0,Counter({'train': 1}),test,5d6e98f4490839ab,True,hirise_clean,0,C:\Users\deves\OneDrive\Desktop\Projects\TCMD-SS\data\raw\hirise_v3_2\map-proj-v3_2\ESP_028733_1370_RED-0626.jpg
map-proj-v3_2/ESP_028733_1370_RED-0629.jpg,ok,,JPEG,227.0,227.0,L,1.0,1.0,normal,other,train,esp_028733_1370_red-0629,[],9cdddbf8813e17f68b2fd43bb43034e1fa068bcd0edf0084eb7b78da95d1cc0a,b0e9d82508a74e9c661c20a2ebdc54b2447e50455a73cc368ffb853bb5708e09,883e9734bcdd9720,135.39987191678472,15.51551333636728,923401e760022e32,[],0.0,esp_028733_1370,['train'],1.0,Counter({'train': 1}),test,5d6e98f4490839ab,True,hirise_clean,0,C:\Users\deves\OneDrive\Desktop\Projects\TCMD-SS\data\raw\hirise_v3_2\map-proj-v3_2\ESP_028733_1370_RED-0629.jpg
map-proj-v3_2/ESP_028733_1370_RED-0634.jpg,ok,,JPEG,227.0,227.0,L,1.0,1.0,normal,crater,train,esp_028733_1370_red-0634,[],05ec2cdf946e4a2deca87da1e74bfec037d8307d5345a28c26fbbfe66f3ec519,aa6900b6338da5386fef7eb0640d151da319e58f000de49619b5c7b4b546f423,a2e51b7b64c93307,155.127733897417,13.813956161842167,12bebd3b535d9d71,[],1.0,esp_028733_1370,['train'],1.0,Counter({'train': 1}),test,5d6e98f4490839ab,True,hirise_clean,0,C:\Users\deves\OneDrive\Desktop\Projects\TCMD-SS\data\raw\hirise_v3_2\map-proj-v3_2\ESP_028733_1370_RED-0634.jpg
map-proj-v3_2/ESP_028733_1370_RED-0637.jpg,ok,,JPEG,227.0,227.0,L,1.0,1.0,normal,other,train,esp_028733_1370_red-0637,[],b122f23f697c96b739b8ba35f78b652122a87f4188bb77663dec2d2e17477ba2,db6b78a158409208e867114f1551337b49d4b0b5c5eb31b87dcb292734369c2f,96fb4830579fc0b2,164.9884725106251,18.861511748723903,181005267ef636a6,[],0.0,esp_028733_1370,['train'],1.0,Counter({'train': 1}),test,5d6e98f4490839ab,True,hirise_clean,0,C:\Users\deves\OneDrive\Desktop\Projects\TCMD-SS\data\raw\hirise_v3_2\map-proj-v3_2\ESP_028733_1370_RED-0637.jpg
map-proj-v3_2/ESP_028733_1370_RED-0640.jpg,ok,,JPEG,227.0,227.0,L,1.0,1.0,normal,other,train,esp_028733_1370_red-0640,[],6ac6ba9ddadd4f9e04525a601bcb94879f018106e6705722054fd7710d478a80,960a98390119f834858cf9adfd9d92dc52acaf90aa8550c6ba7391dbeac40bf6,9c89016a649b5bfe,188.6395233751868,15.86811973200313,d68052caedc7fc7d,[],0.0,esp_028733_1370,['train'],1.0,Counter({'train': 1}),test,5d6e98f4490839ab,True,hirise_clean,0,C:\Users\deves\OneDrive\Desktop\Projects\TCMD-SS\data\raw\hirise_v3_2\map-proj-v3_2\ESP_028733_1370_RED-0640.jpg
map-proj-v3_2/ESP_028733_1370_RED-0641.jpg,ok,,JPEG,227.0,227.0,L,1.0,1.0,normal,other,train,esp_028733_1370_red-0641,[],aca21a18daf7495cbf2f44a6cf8ccf72e306b250bef0e4c92e3287c5060b8a23,79b5161ace083cf85af7e440e179976d954058724a54430519fe09164d381121,d64a8b6a2a5b287e,168.63319684061403,76.37016272988991,2409fe63c459f3a0,[],0.0,esp_028733_1370,['train'],1.0,Counter({'train': 1}),test,5d6e98f4490839ab,True,hirise_clean,0,C:\Users\deves\OneDrive\Desktop\Projects\TCMD-SS\data\raw\hirise_v3_2\map-proj-v3_2\ESP_028733_1370_RED-0641.jpg
map-proj-v3_2/ESP_028733_1370_RED-0644.jpg,ok,,JPEG,227.0,227.0,L,1.0,1.0,normal,other,train,esp_028733_1370_red-0644,[],c39065b2311ca515c924e5f26f52b77fe01d138d66859c4e28f630c248a7911e,e923e8cc332ec1a9d892e7b3345e8734243abb635e23bdf4d3bc633114e38e07,8ee03fc2d05ade54,200.9842612897592,17.123781647747446,6c6da5ad0d29b525,[],0.0,esp_028733_1370,['train'],1.0,Counter({'train': 1}),test,5d6e98f4490839ab,True,hirise_clean,0,C:\Users\deves\OneDrive\Desktop\Projects\TCMD-SS\data\raw\hirise_v3_2\map-proj-v3_2\ESP_028733_1370_RED-0644.jpg
map-proj-v3_2/ESP_028733_1370_RED-0647.jpg,ok,,JPEG,227.0,227.0,L,1.0,1.0,normal,other,train,esp_028733_1370_red-0647,[],e3f5ccf5cdc6ff640f00598efca9947f3a4a5d40808dff5dfc6203bf3ff7ef48,5bd4b3153cfba5633a8ab69c7cc2bd5a4b43ef45980e6914c7b91c2e65b1edaa,eceb531c80fb122e,147.13621455879215,13.67058158916734,a1d819a9a0de5567,[],0.0,esp_028733_1370,['train'],1.0,Counter({'train': 1}),test,5d6e98f4490839ab,True,hirise_clean,0,C:\Users\deves\OneDrive\Desktop\Projects\TCMD-SS\data\raw\hirise_v3_2\map-proj-v3_2\ESP_028733_1370_RED-0647.jpg
map-proj-v3_2/ESP_028733_1370_RED-0648.jpg,ok,,JPEG,227.0,227.0,L,1.0,1.0,normal,other,train,esp_028733_1370_red-0648,[],075f329c251d81fe911c0fd866e637cd11a8c4529b1ed22504d8c09edc418d5c,a6b7d02e01047b5d03565d70a8f08f23983265edc1274656ebd4ac52c9eae6cf,ca955d67acf12e40,148.34394224611384,14.188446867841872,f1e52aae2d42e2ef,[],0.0,esp_028733_1370,['train'],1.0,Counter({'train': 1}),test,5d6e98f4490839ab,True,hirise_clean,0,C:\Users\deves\OneDrive\Desktop\Projects\TCMD-SS\data\raw\hirise_v3_2\map-proj-v3_2\ESP_028733_1370_RED-0648.jpg
map-proj-v3_2/ESP_028733_1370_RED-0651.jpg,ok,,JPEG,227.0,227.0,L,1.0,1.0,normal,other,train,esp_028733_1370_red-0651,[],4bc66bb767567b8e0d6846fd62734ca9c95294c5bf10182856021eef1618e1dd,d35f789d9ad9b4ace1876ad616d162bc173fbb8c8f0d9621f34a59224ac84032,88d05cb147db7745,143.90061906887385,14.354565943809869,8d77a3553ffa8f9a,[],0.0,esp_028733_1370,['train'],1.0,Counter({'train': 1}),test,5d6e98f4490839ab,True,hirise_clean,0,C:\Users\deves\OneDrive\Desktop\Projects\TCMD-SS\data\raw\hirise_v3_2\map-proj-v3_2\ESP_028733_1370_RED-0651.jpg
map-proj-v3_2/ESP_028733_1370_RED-0658.jpg,ok,,JPEG,227.0,227.0,L,1.0,1.0,normal,other,train,esp_028733_1370_red-0658,[],f9ea78c0bbd72d5408f65f8e2b4d628eb2c405ed91361bb9db4ca0f8e61b1237,7e06d84892b3b4d8c9ecefa880cbab1c7a05641cab380a3d0a8de4aabfb0a26a,d24a2d6a8dcf1963,163.85775000485162,85.44114329480753,5b2264a429102ede,[],0.0,esp_028733_1370,['train'],1.0,Counter({'train': 1}),test,5d6e98f4490839ab,True,hirise_clean,0,C:\Users\deves\OneDrive\Desktop\Projects\TCMD-SS\data\raw\hirise_v3_2\map-proj-v3_2\ESP_028733_1370_RED-0658.jpg
map-proj-v3_2/ESP_028733_1370_RED-0665.jpg,ok,,JPEG,227.0,227.0,L,1.0,1.0,normal,other,train,esp_028733_1370_red-0665,[],4ed2c132dac8e1cc4955e1da72575b2e10b834ce18050e92332621ded82d6f82,dfc721f64a26b2aaf4cc28aaba83d4fab015128889f2fe5f0ab2539b0a1fe5f2,c1405e959fb0afd8,144.49859302528674,14.097289469175784,45b6cd26b3c2f206,[],0.0,esp_028733_1370,['train'],1.0,Counter({'train': 1}),test,5d6e98f4490839ab,True,hirise_clean,0,C:\Users\deves\OneDrive\Desktop\Projects\TCMD-SS\data\raw\hirise_v3_2\map-proj-v3_2\ESP_028733_1370_RED-0665.jpg
map-proj-v3_2/ESP_028733_1370_RED-0666.jpg,ok,,JPEG,227.0,227.0,L,1.0,1.0,normal,other,train,esp_028733_1370_red-0666,[],5021e9e7f3b36c28c9b183844a5107a34486319adf49e53183bf4603d58b4b98,e46341993dfa0bfe6fc24f1331a390fea18b6e67203757f53dd313e7a31a5f0a,e4e13b5a2c8957ac,215.32125599177164,14.327142537838656,7f098476b463a5dc,[],0.0,esp_028733_1370,['train'],1.0,Counter({'train': 1}),test,5d6e98f4490839ab,True,hirise_clean,0,C:\Users\deves\OneDrive\Desktop\Projects\TCMD-SS\data\raw\hirise_v3_2\map-proj-v3_2\ESP_028733_1370_RED-0666.jpg
map-proj-v3_2/ESP_028733_1370_RED-0672.jpg,ok,,JPEG,227.0,227.0,L,1.0,1.0,normal,other,train,esp_028733_1370_red-0672,[],778413bb5433d9a2518ea79b1f2fa148b1f5d1d3f749701f20333b1b0674a70e,2b7d6bd491080df5c5c8cbe6fe3136886b75d59411985b4832420850de0026b3,d55a0b526ad1675c,184.4240524753052,73.99514755218493,c4b4036b1a6b6e73,[],0.0,esp_028733_1370,['train'],1.0,Counter({'train': 1}),test,5d6e98f4490839ab,True,hirise_clean,0,C:\Users\deves\OneDrive\Desktop\Projects\TCMD-SS\data\raw\hirise_v3_2\map-proj-v3_2\ESP_028733_1370_RED-0672.jpg
map-proj-v3_2/ESP_028733_1370_RED-0679.jpg,ok,,JPEG,227.0,227.0,L,1.0,1.0,normal,other,train,esp_028733_1370_red-0679,[],a94687046c51bb0d99116f82af12f23b60ca7e9435a2105668bcee97ed914c0f,2321e7e69ab165e72f3baa96632b249d3dee8d084bb45cd2b9371eb001bfc536,851c728397c879e7,204.67986958799895,16.181877306144408,54e27bf7953f0e89,[],0.0,esp_028733_1370,['train'],1.0,Counter({'train': 1}),test,5d6e98f4490839ab,True,hirise_clean,0,C:\Users\deves\OneDrive\Desktop\Projects\TCMD-SS\data\raw\hirise_v3_2\map-proj-v3_2\ESP_028733_1370_RED-0679.jpg
map-proj-v3_2/ESP_028733_1370_RED-0681.jpg,ok,,JPEG,227.0,227.0,L,1.0,1.0,normal,other,train,esp_028733_1370_red-0681,[],a97664cf95b6c90adae9e2fc6b1cc718c25365ef73d32b105b2472526480937f,40f91adcc0567b21742716107d8503cdd2fc3d2b45219391e6143707cba23c2f,9e3fed81273a4648,146.47142385840982,17.172862912918504,cb47c7e8d887f127,[],0.0,esp_028733_1370,['train'],1.0,Counter({'train': 1}),test,5d6e98f4490839ab,True,hirise_clean,0,C:\Users\deves\OneDrive\Desktop\Projects\TCMD-SS\data\raw\hirise_v3_2\map-proj-v3_2\ESP_028733_1370_RED-0681.jpg
map-proj-v3_2/ESP_028733_1370_RED-0685.jpg,ok,,JPEG,227.0,227.0,L,1.0,1.0,normal,other,train,esp_028733_1370_red-0685,[],64a8d713246d6d1b792ecfeab6bc59ffc5d562f62863de4ec13b42831d4f275e,54c7b25ef975b5fd00db95a3bc6cd72a38fb01d4f5fff983a5ea49614435c86c,ac34f9e22e5b906a,204.7243688020338,12.643739883548776,26ae46b64b87b701,[],0.0,esp_028733_1370,['train'],1.0,Counter({'train': 1}),test,5d6e98f4490839ab,True,hirise_clean,0,C:\Users\deves\OneDrive\Desktop\Projects\TCMD-SS\data\raw\hirise_v3_2\map-proj-v3_2\ESP_028733_1370_RED-0685.jpg
map-proj-v3_2/ESP_028733_1370_RED-0690.jpg,ok,,JPEG,227.0,227.0,L,1.0,1.0,normal,other,train,esp_028733_1370_red-0690,[],d0df3a60bbf7e596f8809bc5a29c15368887368985de4b816982b212eee65119,7766b29050fb3e09cbf45eb3b5556b2d5ddd3c7876de595ce31670b42d2ca8ff,b9d8712c6899cb72,132.56674882105222,14.855455547324167,22961a632992fe16,[],0.0,esp_028733_1370,['train'],1.0,Counter({'train': 1}),test,5d6e98f4490839ab,True,hirise_clean,0,C:\Users\deves\OneDrive\Desktop\Projects\TCMD-SS\data\raw\hirise_v3_2\map-proj-v3_2\ESP_028733_1370_RED-0690.jpg
map-proj-v3_2/ESP_028733_1370_RED-0693.jpg,ok,,JPEG,227.0,227.0,L,1.0,1.0,normal,other,train,esp_028733_1370_red-0693,[],3116aa4f38dc663b415b0c7f472fc9ba04c576ca6d0722b5720c0b9f06c82155,2930e43a161bfbd5cbff41f60bc24cfe15aafe91717d27db09090ecf66a1239f,a56e384d4f131a6e,187.15746472859945,15.102962768647856,1f30eebb6aa7423a,[],0.0,esp_028733_1370,['train'],1.0,Counter({'train': 1}),test,5d6e98f4490839ab,True,hirise_clean,0,C:\Users\deves\OneDrive\Desktop\Projects\TCMD-SS\data\raw\hirise_v3_2\map-proj-v3_2\ESP_028733_1370_RED-0693.jpg
map-proj-v3_2/ESP_028733_1370_RED-0697.jpg,ok,,JPEG,227.0,227.0,L,1.0,1.0,normal,other,train,esp_028733_1370_red-0697,[],854ba085a90183694214da5e033077d770a8389c52f9f283c8dfa52fd9ddc2c7,0dcc1d5cb9431f83c2db368befea83ba9f54afe8bc0cb9532757e1eb35998a01,a813697dc41fa8cb,186.00254225775777,15.12579983420996,233f8b94d945c1c8,[],0.0,esp_028733_1370,['train'],1.0,Counter({'train': 1}),test,5d6e98f4490839ab,True,hirise_clean,0,C:\Users\deves\OneDrive\Desktop\Projects\TCMD-SS\data\raw\hirise_v3_2\map-proj-v3_2\ESP_028733_1370_RED-0697.jpg
map-proj-v3_2/ESP_028733_1370_RED-0703.jpg,ok,,JPEG,227.0,227.0,L,1.0,1.0,normal,other,train,esp_028733_1370_red-0703,[],a2adc1310bc6f917da7f5ab9bd7e97047e6ba69fbd2b04e555baa8b27ec7334e,5ad4b1f72ebd7563f0947aeeccf355c58207688ad53ace65bed2be6e82e5f89b,8ec38cc6397b30ae,94.70713578761476,62.98464021481733,47de7d2ddac89293,[],0.0,esp_028733_1370,['train'],1.0,Counter({'train': 1}),test,5d6e98f4490839ab,True,hirise_clean,0,C:\Users\deves\OneDrive\Desktop\Projects\TCMD-SS\data\raw\hirise_v3_2\map-proj-v3_2\ESP_028733_1370_RED-0703.jpg
map-proj-v3_2/ESP_028733_1370_RED-0705.jpg,ok,,JPEG,227.0,227.0,L,1.0,1.0,normal,other,train,esp_028733_1370_red-0705,[],da026ff7e7539aa2292c357187078c1abd9a990193aa0a4c83d1690cd2874f0c,2b02e958640523017af11c13f308f4eda215e61d899002e6392dace0cde50575,9b4f7b1551830cba,181.41467911273264,15.842635392301432,87ad91ae4da7e182,[],0.0,esp_028733_1370,['train'],1.0,Counter({'train': 1}),test,5d6e98f4490839ab,True,hirise_clean,0,C:\Users\deves\OneDrive\Desktop\Projects\TCMD-SS\data\raw\hirise_v3_2\map-proj-v3_2\ESP_028733_1370_RED-0705.jpg
map-proj-v3_2/ESP_028733_1370_RED-0708.jpg,ok,,JPEG,227.0,227.0,L,1.0,1.0,normal,other,train,esp_028733_1370_red-0708,[],6d0ef004361fb74a59908ed90d72ded8d500fece43e39b3a36cb13880ddd5152,a093f9923c083413f14f36a7f2049ecf5e39a8c9ddea36f850a95f153c0e1022,828f96a52fa96bc2,156.1586291214656,13.830711567363773,0ccf19952aba8d78,[],0.0,esp_028733_1370,['train'],1.0,Counter({'train': 1}),test,5d6e98f4490839ab,True,hirise_clean,0,C:\Users\deves\OneDrive\Desktop\Projects\TCMD-SS\data\raw\hirise_v3_2\map-proj-v3_2\ESP_028733_1370_RED-0708.jpg
map-proj-v3_2/ESP_028733_1370_RED-0709.jpg,ok,,JPEG,227.0,227.0,L,1.0,1.0,normal,other,train,esp_028733_1370_red-0709,[],d50ddf9918642fcd2920bd07bc1ba557d132934712db8bfab7333d76336120d8,9bd7aa63ce0e78896c4e0e5d19b335b36a0056b314a036cb6767c1234aab11ee,a27361d0b655ef44,177.6969473500359,15.376994809550297,bef319a7f7a38ba9,[],0.0,esp_028733_1370,['train'],1.0,Counter({'train': 1}),test,5d6e98f4490839ab,True,hirise_clean,0,C:\Users\deves\OneDrive\Desktop\Projects\TCMD-SS\data\raw\hirise_v3_2\map-proj-v3_2\ESP_028733_1370_RED-0709.jpg
map-proj-v3_2/ESP_028733_1370_RED-0710.jpg,ok,,JPEG,227.0,227.0,L,1.0,1.0,normal,other,train,esp_028733_1370_red-0710,[],919c2258be257f0185dbee0ead754120115a656406dc30f840940ebd271ece2e,1ba12d571e0b84345410b7c5f385952414e360cb7ef89cd310766a63b82fe6ec,9b6959618577150f,173.82305109744027,13.62393940995834,417fb8f9e770f60e,[],0.0,esp_028733_1370,['train'],1.0,Counter({'train': 1}),test,5d6e98f4490839ab,True,hirise_clean,0,C:\Users\deves\OneDrive\Desktop\Projects\TCMD-SS\data\raw\hirise_v3_2\map-proj-v3_2\ESP_028733_1370_RED-0710.jpg
map-proj-v3_2/ESP_028733_1370_RED-0729.jpg,ok,,JPEG,227.0,227.0,L,1.0,1.0,normal,other,train,esp_028733_1370_red-0729,[],62b961a4cccd37e4ea863883f32cc82e3133133b4597e3960c233fd7dcc22910,2e30c663eb2042be5f90688f010029fe810b0ef043729d63e5a1747310eeebd5,95f022f7d02f8993,160.75933940111395,15.056348822061867,3e36dd4ffeec3266,[],0.0,esp_028733_1370,['train'],1.0,Counter({'train': 1}),test,5d6e98f4490839ab,True,hirise_clean,0,C:\Users\deves\OneDrive\Desktop\Projects\TCMD-SS\data\raw\hirise_v3_2\map-proj-v3_2\ESP_028733_1370_RED-0729.jpg
map-proj-v3_2/ESP_028733_1370_RED-0731.jpg,ok,,JPEG,227.0,227.0,L,1.0,1.0,normal,other,train,esp_028733_1370_red-0731,[],c7784bbbba2c39285873cf7180bff514c645b1de0889eeb9684a54aed5aa2582,fe1130836cfbd12189b3f96b6d5f2ae13466af13ae376d010dcf9d20e5c7c023,c4fa569c92f57421,165.51636942304333,12.143117622855671,e388f70a8f3b5a23,[],0.0,esp_028733_1370,['train'],1.0,Counter({'train': 1}),test,5d6e98f4490839ab,True,hirise_clean,0,C:\Users\deves\OneDrive\Desktop\Projects\TCMD-SS\data\raw\hirise_v3_2\map-proj-v3_2\ESP_028733_1370_RED-0731.jpg
map-proj-v3_2/ESP_028733_1370_RED-0733.jpg,ok,,JPEG,227.0,227.0,L,1.0,1.0,normal,other,train,esp_028733_1370_red-0733,[],0da2b2a3160b0f7be267b55866a3a0df081d16916b5dea830a5d7b6130fd0f37,e848933e6008b04893ffe1f28a5a2ba2e28a5c612473628732050aa1e61bb533,9d850afe60c6cf58,170.32443866560578,14.434477176228134,01978b1e2721cb8e,[],0.0,esp_028733_1370,['train'],1.0,Counter({'train': 1}),test,5d6e98f4490839ab,True,hirise_clean,0,C:\Users\deves\OneDrive\Desktop\Projects\TCMD-SS\data\raw\hirise_v3_2\map-proj-v3_2\ESP_028733_1370_RED-0733.jpg
map-proj-v3_2/ESP_028733_1370_RED-0735.jpg,ok,,JPEG,227.0,227.0,L,1.0,1.0,normal,other,train,esp_028733_1370_red-0735,[],073c6882af0e8672153a5ae4503fab8c59cc5e0e523a85e4be51e337757200cf,714f27904bee6bdec3daaa02829b3f5762bdf2bef0c8e65538263c6c6215258c,ada6460a4e5dd9b8,167.35937045159037,15.377395914435857,8b5c7182f63d1cf7,[],0.0,esp_028733_1370,['train'],1.0,Counter({'train': 1}),test,5d6e98f4490839ab,True,hirise_clean,0,C:\Users\deves\OneDrive\Desktop\Projects\TCMD-SS\data\raw\hirise_v3_2\map-proj-v3_2\ESP_028733_1370_RED-0735.jpg
map-proj-v3_2/ESP_028733_1370_RED-0741.jpg,ok,,JPEG,227.0,227.0,L,1.0,1.0,normal,other,train,esp_028733_1370_red-0741,[],ebc9374d4120f96e8a1445c9b0da795a813545a02fba4cf9ad8f58c78805e846,67897e49cc75afa90a7db60c1ab3fe3b4a47e581d9ebc52cb2bb7ef490d14ce6,8577379c86898b4d,170.7531293058278,13.257097596686402,5b976cdd34844374,[],0.0,esp_028733_1370,['train'],1.0,Counter({'train': 1}),test,5d6e98f4490839ab,True,hirise_clean,0,C:\Users\deves\OneDrive\Desktop\Projects\TCMD-SS\data\raw\hirise_v3_2\map-proj-v3_2\ESP_028733_1370_RED-0741.jpg
map-proj-v3_2/ESP_028733_1370_RED-0744.jpg,ok,,JPEG,227.0,227.0,L,1.0,1.0,normal,other,train,esp_028733_1370_red-0744,[],3588fac5501b2f3c3dc0a3fdf1a4b36bc9739449d7bfd790bbdc4df76ac786b1,2e9f57c4db31daeeb520424da0858e20e8566cb8a6c154a29b610d6711b9dda8,bedd91268c1af126,168.1352830444992,13.34021517927124,ba7c3bff9fa07b4c,[],0.0,esp_028733_1370,['train'],1.0,Counter({'train': 1}),test,5d6e98f4490839ab,True,hirise_clean,0,C:\Users\deves\OneDrive\Desktop\Projects\TCMD-SS\data\raw\hirise_v3_2\map-proj-v3_2\ESP_028733_1370_RED-0744.jpg
map-proj-v3_2/ESP_028733_1370_RED-0753.jpg,ok,,JPEG,227.0,227.0,L,1.0,1.0,normal,other,train,esp_028733_1370_red-0753,[],43928d2d542410dbafe5d5905d7931aaad799a7529132b99bfd1ab1ae64d7d47,4090b64998ba6fc3498feccdd00b8f969da44a8ae75b0bdad15f4e1705190be4,ad39b362cc91634b,162.09868229540646,13.65612561957476,ba7433ab56984f00,[],0.0,esp_028733_1370,['train'],1.0,Counter({'train': 1}),test,5d6e98f4490839ab,True,hirise_clean,0,C:\Users\deves\OneDrive\Desktop\Projects\TCMD-SS\data\raw\hirise_v3_2\map-proj-v3_2\ESP_028733_1370_RED-0753.jpg
map-proj-v3_2/ESP_028733_1370_RED-0757.jpg,ok,,JPEG,227.0,227.0,L,1.0,1.0,normal,other,train,esp_028733_1370_red-0757,[],122bcb2bdcee41b29735f3c1464ca86927be420e329577322d079b8bdefe6b05,548919f60f5b9a6fa537b5c7066a04e692689be949af74ffce89208fcd6947b0,87c358b166cc71c7,117.21442294630208,69.96850355039203,6ea4207efa951d7e,[],0.0,esp_028733_1370,['train'],1.0,Counter({'train': 1}),test,5d6e98f4490839ab,True,hirise_clean,0,C:\Users\deves\OneDrive\Desktop\Projects\TCMD-SS\data\raw\hirise_v3_2\map-proj-v3_2\ESP_028733_1370_RED-0757.jpg
map-proj-v3_2/ESP_028733_1370_RED-0762.jpg,ok,,JPEG,227.0,227.0,L,1.0,1.0,normal,other,train,esp_028733_1370_red-0762,[],ec8da8aeaa95ea1ef3ff782d4f14b922f6b553ae766c36d7200bb992a49a0db5,08791810c014f05987e92550adb43b2d1b3f9e2f0feecc1fc7bdee3d7e6118f8,c4ac993645ed7a1c,185.89914417124336,17.04095205923927,ef722c96b2b6931c,[],0.0,esp_028733_1370,['train'],1.0,Counter({'train': 1}),test,5d6e98f4490839ab,True,hirise_clean,0,C:\Users\deves\OneDrive\Desktop\Projects\TCMD-SS\data\raw\hirise_v3_2\map-proj-v3_2\ESP_028733_1370_RED-0762.jpg
map-proj-v3_2/ESP_028733_1370_RED-0763.jpg,ok,,JPEG,227.0,227.0,L,1.0,1.0,normal,other,train,esp_028733_1370_red-0763,[],f517c5c5b15421c7cca71a0d14c1bcfa949ef02d6d73d93e0d7180f2a7f324ae,40ac38e15881f4b7a6a3bbb0f88a51455afc3439ed5c29e74b758b5e7896282f,8fc370a2c4a933e7,127.31128102621824,77.45139236404354,8a86dcd125a15738,[],0.0,esp_028733_1370,['train'],1.0,Counter({'train': 1}),test,5d6e98f4490839ab,True,hirise_clean,0,C:\Users\deves\OneDrive\Desktop\Projects\TCMD-SS\data\raw\hirise_v3_2\map-proj-v3_2\ESP_028733_1370_RED-0763.jpg
map-proj-v3_2/ESP_028733_1370_RED-0771.jpg,ok,,JPEG,227.0,227.0,L,1.0,1.0,normal,other,train,esp_028733_1370_red-0771,[],559ecfe4771c84f7a49de2de01906a819e4d54006716c3b9270253f93a787196,942498611f6e4d1205a61572251109461e609d02fbee7ea75fff3e89a233ec10,c6bb701b646cd54a,190.06730190766365,16.037860194990884,ad29594b70390338,[],0.0,esp_028733_1370,['train'],1.0,Counter({'train': 1}),test,5d6e98f4490839ab,True,hirise_clean,0,C:\Users\deves\OneDrive\Desktop\Projects\TCMD-SS\data\raw\hirise_v3_2\map-proj-v3_2\ESP_028733_1370_RED-0771.jpg
map-proj-v3_2/ESP_028733_1370_RED-0772.jpg,ok,,JPEG,227.0,227.0,L,1.0,1.0,normal,other,train,esp_028733_1370_red-0772,[],083f2b374fe7ed34d37f32d906e5d17581e554e8186bae6c13ec90d5322f3c9c,4e51468f8afe8e0905349c71c1be97af04ad572566f976cd9a2117779ccfc37a,f48b562b74c3b690,183.04643986881172,15.266696275362152,e56024459132ea15,[],0.0,esp_028733_1370,['train'],1.0,Counter({'train': 1}),test,5d6e98f4490839ab,True,hirise_clean,0,C:\Users\deves\OneDrive\Desktop\Projects\TCMD-SS\data\raw\hirise_v3_2\map-proj-v3_2\ESP_028733_1370_RED-0772.jpg
map-proj-v3_2/ESP_028733_1370_RED-0773.jpg,ok,,JPEG,227.0,227.0,L,1.0,1.0,normal,other,train,esp_028733_1370_red-0773,[],a61c9f053ea89bebc3331d3a48ee0e2ec09699022bb21d0c2b79d0bc452fe43c,be9d1b4fcd3dc8926565cb8dcda70f6bf7978cea49f20eaf718be11185f94838,a7c55c6218bbf252,154.65805662830638,20.51374029936763,56c9c38e6a0ef17b,[],0.0,esp_028733_1370,['train'],1.0,Counter({'train': 1}),test,5d6e98f4490839ab,True,hirise_clean,0,C:\Users\deves\OneDrive\Desktop\Projects\TCMD-SS\data\raw\hirise_v3_2\map-proj-v3_2\ESP_028733_1370_RED-0773.jpg
map-proj-v3_2/ESP_028733_1370_RED-0777.jpg,ok,,JPEG,227.0,227.0,L,1.0,1.0,normal,other,train,esp_028733_1370_red-0777,[],19dd8a273a080ed6c4a01720e04704bf6c7de198a26400976f29ffa6ef823b94,cb32f73ea162bab6f2bcf5ca8eb480e76edafcd20572edf11defd0b146774d6e,93fb4128dec82e6a,171.23134545595684,14.429573842271566,3981f36d4ff7bf8b,[],0.0,esp_028733_1370,['train'],1.0,Counter({'train': 1}),test,5d6e98f4490839ab,True,hirise_clean,0,C:\Users\deves\OneDrive\Desktop\Projects\TCMD-SS\data\raw\hirise_v3_2\map-proj-v3_2\ESP_028733_1370_RED-0777.jpg
map-proj-v3_2/ESP_028733_1370_RED-0786.jpg,ok,,JPEG,227.0,227.0,L,1.0,1.0,normal,other,train,esp_028733_1370_red-0786,[],c99a39cc070b4eae36c8aa9e66847de546b430ccb54c8648ab4bbf9befcbd30c,baedcde0a285e4afeb447d282d51ec05ae05f0ae7e179bac1d3fb9cfb496125c,8ec731c2d4a9c9d5,119.0109064798463,81.76678218848475,c48d9832300e4fde,[],0.0,esp_028733_1370,['train'],1.0,Counter({'train': 1}),test,5d6e98f4490839ab,True,hirise_clean,0,C:\Users\deves\OneDrive\Desktop\Projects\TCMD-SS\data\raw\hirise_v3_2\map-proj-v3_2\ESP_028733_1370_RED-0786.jpg
map-proj-v3_2/ESP_028733_1370_RED-0793.jpg,ok,,JPEG,227.0,227.0,L,1.0,1.0,normal,other,train,esp_028733_1370_red-0793,[],d6b9058143f5c92c2a9adb89cb39c4afb1852bfbb54f35a8f1d6b0a8d2c96641,c3c3fbb848c572c12ffba441bd1f2543b6138946271152e1c4ec82d9d16ed3aa,f40d911be7499aa6,171.9856973742941,14.117306604511322,d984cff3efa86363,[],0.0,esp_028733_1370,['train'],1.0,Counter({'train': 1}),test,5d6e98f4490839ab,True,hirise_clean,0,C:\Users\deves\OneDrive\Desktop\Projects\TCMD-SS\data\raw\hirise_v3_2\map-proj-v3_2\ESP_028733_1370_RED-0793.jpg
map-proj-v3_2/ESP_028733_1370_RED-0795.jpg,ok,,JPEG,227.0,227.0,L,1.0,1.0,normal,other,train,esp_028733_1370_red-0795,[],96c7c80890e84546f549aa4816cf16471ee68969ca37ee436ed95a870b16a78c,faeda1793f8325f9ed9db7f842bb2ff59dfce3fe85a7d1b1d3b79f3791f8d25e,d2fd254216287ef4,170.3969221215238,15.1309220790532,d25a239614fba3d3,[],0.0,esp_028733_1370,['train'],1.0,Counter({'train': 1}),test,5d6e98f4490839ab,True,hirise_clean,0,C:\Users\deves\OneDrive\Desktop\Projects\TCMD-SS\data\raw\hirise_v3_2\map-proj-v3_2\ESP_028733_1370_RED-0795.jpg
map-proj-v3_2/ESP_028733_1370_RED-0806.jpg,ok,,JPEG,227.0,227.0,L,1.0,1.0,normal,other,train,esp_028733_1370_red-0806,[],7640c29967fc79563b0e4aa6ae5ff2fc9fc0cd69074f19243fbc1eda7460cdbe,e6969cfa5c80f55fa24cba51ce7eda84c9cd57aa3dd9222651958fb03c68a247,a446c89b37e6accc,177.4930621591725,17.392805670785535,94dabe0e4756c079,[],0.0,esp_028733_1370,['train'],1.0,Counter({'train': 1}),test,5d6e98f4490839ab,True,hirise_clean,0,C:\Users\deves\OneDrive\Desktop\Projects\TCMD-SS\data\raw\hirise_v3_2\map-proj-v3_2\ESP_028733_1370_RED-0806.jpg
map-proj-v3_2/ESP_028733_1370_RED-0809.jpg,ok,,JPEG,227.0,227.0,L,1.0,1.0,normal,other,train,esp_028733_1370_red-0809,[],186f8f6f5f05d9ca3d89d8d503a646b0f995c0a38247e538f94cc7c4c8cd9b04,32fa15910b379ec1ed2e2b412014c56379a027cbdf25063c2e7d187a8c644d6f,f555116d0cd0d736,156.89318636107822,28.40745136155299,5f0e5101c45a11e6,[],0.0,esp_028733_1370,['train'],1.0,Counter({'train': 1}),test,5d6e98f4490839ab,True,hirise_clean,0,C:\Users\deves\OneDrive\Desktop\Projects\TCMD-SS\data\raw\hirise_v3_2\map-proj-v3_2\ESP_028733_1370_RED-0809.jpg
map-proj-v3_2/ESP_028733_1370_RED-0811.jpg,ok,,JPEG,227.0,227.0,L,1.0,1.0,normal,other,train,esp_028733_1370_red-0811,[],cee5a216af1c90c2563e48838495abe7ea86823d3fcb4a3d416eba3c20e49af9,c90a6c1616222e8e33e10516c07c967a64aa21192b82db3d81ce363908b7dea8,d24a69c89c37a76c,103.21003706650625,53.90344620446524,f5dc360ac1494d09,[],0.0,esp_028733_1370,['train'],1.0,Counter({'train': 1}),test,5d6e98f4490839ab,True,hirise_clean,0,C:\Users\deves\OneDrive\Desktop\Projects\TCMD-SS\data\raw\hirise_v3_2\map-proj-v3_2\ESP_028733_1370_RED-0811.jpg
map-proj-v3_2/ESP_028733_1370_RED-0820.jpg,ok,,JPEG,227.0,227.0,L,1.0,1.0,normal,other,train,esp_028733_1370_red-0820,[],3459f84b4be6e77b971c153c243bec1013e72290b3a9b349de669affc2df6b82,c2d1e57a76df508b4c49670c0746800ecf8605a96827dce2bd42196074736b09,e12a8b8bfb2696d0,147.56944633119215,19.87718590933918,745261cb86484990,[],0.0,esp_028733_1370,['train'],1.0,Counter({'train': 1}),test,5d6e98f4490839ab,True,hirise_clean,0,C:\Users\deves\OneDrive\Desktop\Projects\TCMD-SS\data\raw\hirise_v3_2\map-proj-v3_2\ESP_028733_1370_RED-0820.jpg
map-proj-v3_2/ESP_028733_1370_RED-0832.jpg,ok,,JPEG,227.0,227.0,L,1.0,1.0,normal,other,train,esp_028733_1370_red-0832,[],fc22fb0904d06686002a2e5c555ce6e61a5275577bc4698c8f5678c772cad324,c6c69e939db093f96b6d601a83970390dc1287fde0e314d86d29ebdff4925f1b,ddd3b8654cb08e49,172.38681131013604,13.66274122272234,11451a204b0d4d61,[],0.0,esp_028733_1370,['train'],1.0,Counter({'train': 1}),test,5d6e98f4490839ab,True,hirise_clean,0,C:\Users\deves\OneDrive\Desktop\Projects\TCMD-SS\data\raw\hirise_v3_2\map-proj-v3_2\ESP_028733_1370_RED-0832.jpg
map-proj-v3_2/ESP_028733_1370_RED-0833.jpg,ok,,JPEG,227.0,227.0,L,1.0,1.0,normal,other,train,esp_028733_1370_red-0833,[],e52a755f74f41563bb45c8cfae4c43a8ac6c12c2adfde67ef268e66420f8d87c,6cd0d153b2fd7aba7f2d773f6950100496a8c21343d3f027a61ab2c78f934c9b,955555130b55d4ed,122.50635564439442,21.76705439329518,b2a1b2d0e358ef53,[],0.0,esp_028733_1370,['train'],1.0,Counter({'train': 1}),test,5d6e98f4490839ab,True,hirise_clean,0,C:\Users\deves\OneDrive\Desktop\Projects\TCMD-SS\data\raw\hirise_v3_2\map-proj-v3_2\ESP_028733_1370_RED-0833.jpg
map-proj-v3_2/ESP_028733_1370_RED-0834.jpg,ok,,JPEG,227.0,227.0,L,1.0,1.0,normal,other,train,esp_028733_1370_red-0834,[],d9648db8a687529adbd1d5c4ac48e6516b78bafe0731a25e053705eb7f6b8966,86b4f2e56b867d450fa54e5c7e590c719dcbd301cb34724cfe02ef4aed90ebbb,fd1da9094f03c3b4,130.6356226590852,13.8876751204672,c3a4277425e4295a,[],0.0,esp_028733_1370,['train'],1.0,Counter({'train': 1}),test,5d6e98f4490839ab,True,hirise_clean,0,C:\Users\deves\OneDrive\Desktop\Projects\TCMD-SS\data\raw\hirise_v3_2\map-proj-v3_2\ESP_028733_1370_RED-0834.jpg
map-proj-v3_2/ESP_028733_1370_RED-0837.jpg,ok,,JPEG,227.0,227.0,L,1.0,1.0,normal,other,train,esp_028733_1370_red-0837,[],c0ed6490fabf07b51b4432413e23fafbde8482956680f09eacf2bd39e3249c61,35f8657158ba5522e85d73f9870de3b4989e9eb64301f25ab6ace6eb2fb51063,a697987b31a744c5,169.4617205845252,16.94096308238719,21786581a63c819f,[],0.0,esp_028733_1370,['train'],1.0,Counter({'train': 1}),test,5d6e98f4490839ab,True,hirise_clean,0,C:\Users\deves\OneDrive\Desktop\Projects\TCMD-SS\data\raw\hirise_v3_2\map-proj-v3_2\ESP_028733_1370_RED-0837.jpg
map-proj-v3_2/ESP_028733_1370_RED-0846.jpg,ok,,JPEG,227.0,227.0,L,1.0,1.0,normal,other,train,esp_028733_1370_red-0846,[],4caed66213ba7a3cf11ff33fcc590ec1a3e13e84128b060494b8c5ed1fbff3b8,a97bd257d189d52800fe7905aec86f11d0a7e2d13a1533c7ea79df9c349ecc83,ff01d7b444c8e6a8,161.81573482893128,15.98588849300416,57522b14cbaf3283,[],0.0,esp_028733_1370,['train'],1.0,Counter({'train': 1}),test,5d6e98f4490839ab,True,hirise_clean,0,C:\Users\deves\OneDrive\Desktop\Projects\TCMD-SS\data\raw\hirise_v3_2\map-proj-v3_2\ESP_028733_1370_RED-0846.jpg
map-proj-v3_2/ESP_028733_1370_RED-0848.jpg,ok,,JPEG,227.0,227.0,L,1.0,1.0,normal,other,train,esp_028733_1370_red-0848,[],94b9212c5f9c1354e3dcb66c28ac89638fdb23dc1c8c61ddfe3ec04c35cd6257,f920559a86541fada2410ba8f97e5a7fdf40a7b721057903525163ee2300d75c,c7e97892e1ec2887,185.31890779949157,13.461295398066175,b19dcf6adc31b509,[],0.0,esp_028733_1370,['train'],1.0,Counter({'train': 1}),test,5d6e98f4490839ab,True,hirise_clean,0,C:\Users\deves\OneDrive\Desktop\Projects\TCMD-SS\data\raw\hirise_v3_2\map-proj-v3_2\ESP_028733_1370_RED-0848.jpg
map-proj-v3_2/ESP_028733_1370_RED-0857.jpg,ok,,JPEG,227.0,227.0,L,1.0,1.0,normal,other,train,esp_028733_1370_red-0857,[],aa28bcd44a268e75fce5a6dbbe05f66c7bb01ad87dd6e5c669a3cd6a7fd393f6,cd48f9565a4349e009bf96fdd5a88c12f04695e802842718f5366767cbb37cbf,ae36c9116c8b92f5,170.7480836034078,13.38995525352463,eead41d84105ce6c,[],0.0,esp_028733_1370,['train'],1.0,Counter({'train': 1}),test,5d6e98f4490839ab,True,hirise_clean,0,C:\Users\deves\OneDrive\Desktop\Projects\TCMD-SS\data\raw\hirise_v3_2\map-proj-v3_2\ESP_028733_1370_RED-0857.jpg
map-proj-v3_2/ESP_028733_1370_RED-0862.jpg,ok,,JPEG,227.0,227.0,L,1.0,1.0,normal,other,train,esp_028733_1370_red-0862,[],133132b72ee7a550ed32f9beb1b29252527b71945f6889439d742056f06a967d,1caae75c01dbb5536934d6f84eda15a20e28029b689e36bc089bebd24e562598,ac4c33e34599d0b7,178.30800131964526,14.698280440385169,76d932e311930df3,[],0.0,esp_028733_1370,['train'],1.0,Counter({'train': 1}),test,5d6e98f4490839ab,True,hirise_clean,0,C:\Users\deves\OneDrive\Desktop\Projects\TCMD-SS\data\raw\hirise_v3_2\map-proj-v3_2\ESP_028733_1370_RED-0862.jpg
map-proj-v3_2/ESP_028733_1370_RED-0866.jpg,ok,,JPEG,227.0,227.0,L,1.0,1.0,normal,other,train,esp_028733_1370_red-0866,[],2f72d7ef35355d816a7242a1c92f4e57839729dc206c42361262466e7ce1e5e7,cbc6adf9eac970d88564a222fe454104be6dc3f7079a7475bce3b568a4123d3b,9fd80e23d52ce271,153.99734130295562,12.56230461073308,5bcec70d45804636,[],0.0,esp_028733_1370,['train'],1.0,Counter({'train': 1}),test,5d6e98f4490839ab,True,hirise_clean,0,C:\Users\deves\OneDrive\Desktop\Projects\TCMD-SS\data\raw\hirise_v3_2\map-proj-v3_2\ESP_028733_1370_RED-0866.jpg
map-proj-v3_2/ESP_028733_1370_RED-0875.jpg,ok,,JPEG,227.0,227.0,L,1.0,1.0,normal,other,train,esp_028733_1370_red-0875,[],9866596ef8a2629028532509b50d744c6aa395eb814a2a823e1b84c212c40dd4,70577bc81b960383b7981ae20b285b0b056e5215f8037804e2b76495900aae7a,a4b67b8db6237212,155.71216208348696,12.513058085061022,5001623634a68e1e,[],0.0,esp_028733_1370,['train'],1.0,Counter({'train': 1}),test,5d6e98f4490839ab,True,hirise_clean,0,C:\Users\deves\OneDrive\Desktop\Projects\TCMD-SS\data\raw\hirise_v3_2\map-proj-v3_2\ESP_028733_1370_RED-0875.jpg
map-proj-v3_2/ESP_028733_1370_RED-0887.jpg,ok,,JPEG,227.0,227.0,L,1.0,1.0,normal,other,train,esp_028733_1370_red-0887,[],c5c6f6fad047877f75e15dd4dcbb45021678ea71e6d9d5850c2977c90f416a7d,afaa757c961a5bf35da07911c8ba944e8ed7daa7a00b8d7fca8c6bacff888a7b,c6d5825b26d8b8cd,150.24405674474568,16.150797955828267,5b4412fa0ae87637,[],0.0,esp_028733_1370,['train'],1.0,Counter({'train': 1}),test,5d6e98f4490839ab,True,hirise_clean,0,C:\Users\deves\OneDrive\Desktop\Projects\TCMD-SS\data\raw\hirise_v3_2\map-proj-v3_2\ESP_028733_1370_RED-0887.jpg
map-proj-v3_2/ESP_028733_1370_RED-0894.jpg,ok,,JPEG,227.0,227.0,L,1.0,1.0,normal,other,train,esp_028733_1370_red-0894,[],36651098409d9734dce086c7df9c05bc8a9e78f8f0916ac5da2e34e4bb47a81e,bccc0fa3d5c80bc607e9cd7bc5c5cccfdc87986b9153382b46544c6eb71c761b,8687d1aa1aee5c1d,186.879582371092,11.786557295692386,d0abb18dfbdf3e61,[],0.0,esp_028733_1370,['train'],1.0,Counter({'train': 1}),test,5d6e98f4490839ab,True,hirise_clean,0,C:\Users\deves\OneDrive\Desktop\Projects\TCMD-SS\data\raw\hirise_v3_2\map-proj-v3_2\ESP_028733_1370_RED-0894.jpg
map-proj-v3_2/ESP_028733_1370_RED-0897.jpg,ok,,JPEG,227.0,227.0,L,1.0,1.0,normal,other,train,esp_028733_1370_red-0897,[],34e6f80679650677f89442f6ef736e28b715b295844d0ca7bf90bccaeaac4e05,63d716d2c16242b9aee71dd97c7bc38ac0c2b214af48d19b660447bcb0cfd044,bc6952ec497a209f,127.12812202837236,13.048325885197286,7572111b306ee56e,[],0.0,esp_028733_1370,['train'],1.0,Counter({'train': 1}),test,5d6e98f4490839ab,True,hirise_clean,0,C:\Users\deves\OneDrive\Desktop\Projects\TCMD-SS\data\raw\hirise_v3_2\map-proj-v3_2\ESP_028733_1370_RED-0897.jpg
map-proj-v3_2/ESP_028733_1370_RED-0899.jpg,ok,,JPEG,227.0,227.0,L,1.0,1.0,normal,other,train,esp_028733_1370_red-0899,[],9c83e92dff25b5ff63aea35362fa7fdd7c3643cd80cb6aadd247c2189f6b85e9,606b53872a9e3f9d2017bd4652c0e57eafe8c6d64694958c01269c9db85cc51e,c8f21d9b648d7326,156.0751421529624,14.196052193291845,bdc2ebc4b5eaab8b,[],0.0,esp_028733_1370,['train'],1.0,Counter({'train': 1}),test,5d6e98f4490839ab,True,hirise_clean,0,C:\Users\deves\OneDrive\Desktop\Projects\TCMD-SS\data\raw\hirise_v3_2\map-proj-v3_2\ESP_028733_1370_RED-0899.jpg
map-proj-v3_2/ESP_028733_1370_RED-0914.jpg,ok,,JPEG,227.0,227.0,L,1.0,1.0,normal,other,train,esp_028733_1370_red-0914,[],ae9f47de90414671abf936a3aafa86f837edb4d053af67bbf3e8170627ac1167,0dcba4a6c762eb939ecbdd408262c92e8074349edcc7e67a6248ade1946ee372,da6939c2ed44614f,89.82283762541482,54.779744660725335,d83144c9020eedca,[],0.0,esp_028733_1370,['train'],1.0,Counter({'train': 1}),test,5d6e98f4490839ab,True,hirise_clean,0,C:\Users\deves\OneDrive\Desktop\Projects\TCMD-SS\data\raw\hirise_v3_2\map-proj-v3_2\ESP_028733_1370_RED-0914.jpg
map-proj-v3_2/ESP_028733_1370_RED-0928.jpg,ok,,JPEG,227.0,227.0,L,1.0,1.0,normal,other,train,esp_028733_1370_red-0928,[],8a0b3cb26bb67107379070d4f20b878729c93a1dc59272942342854d69a6cb1a,7116ffffccaddcee890c6268fff23f6ee6acd2c81ff5bba4b225c403b384bbf6,ede6f435922214d9,130.26243474548312,12.73397079490498,b4d62e712bb568c9,[],0.0,esp_028733_1370,['train'],1.0,Counter({'train': 1}),test,5d6e98f4490839ab,True,hirise_clean,0,C:\Users\deves\OneDrive\Desktop\Projects\TCMD-SS\data\raw\hirise_v3_2\map-proj-v3_2\ESP_028733_1370_RED-0928.jpg
map-proj-v3_2/ESP_028733_1370_RED-0940.jpg,ok,,JPEG,227.0,227.0,L,1.0,1.0,normal,other,train,esp_028733_1370_red-0940,[],7774dd4a7d387b9940e27d429e7348fda4909d6c08940dba83530552aff6c1f9,9c3da374277bfec5f9856334bb17c810795b2afcabacf60b118856b1890de865,ae80699a7e41f6e4,132.1962584175901,12.71257580912797,c5f5fea5a007eb48,[],0.0,esp_028733_1370,['train'],1.0,Counter({'train': 1}),test,5d6e98f4490839ab,True,hirise_clean,0,C:\Users\deves\OneDrive\Desktop\Projects\TCMD-SS\data\raw\hirise_v3_2\map-proj-v3_2\ESP_028733_1370_RED-0940.jpg
map-proj-v3_2/ESP_028733_1370_RED-0941.jpg,ok,,JPEG,227.0,227.0,L,1.0,1.0,normal,other,train,esp_028733_1370_red-0941,[],1f37f098ea976405d9e1b1669ef48bd65a89ca0ae99b962a9d22672e5cb0af38,2f856fd5ea8bf79ab76da4d922fba7a47a8c5cef65defa4ccaf81e4712a366da,f555955208962fd5,138.7038172679462,26.545071791305936,8f569d175b5a0102,[],0.0,esp_028733_1370,['train'],1.0,Counter({'train': 1}),test,5d6e98f4490839ab,True,hirise_clean,0,C:\Users\deves\OneDrive\Desktop\Projects\TCMD-SS\data\raw\hirise_v3_2\map-proj-v3_2\ESP_028733_1370_RED-0941.jpg
map-proj-v3_2/ESP_028733_1370_RED-0950.jpg,ok,,JPEG,227.0,227.0,L,1.0,1.0,normal,other,train,esp_028733_1370_red-0950,[],7dde78428bd539a10cafc5314a70e8cf008229c79ae32de7ea4d54c2e96f65b8,99cdb79b61eadf7a7ebcb1897184d5b18c622fa32b8f286e2b61f0ec2467fdf1,8564840e6d72bf5b,172.0206097537309,14.103934178555928,3e8c6684b8448009,[],0.0,esp_028733_1370,['train'],1.0,Counter({'train': 1}),test,5d6e98f4490839ab,True,hirise_clean,0,C:\Users\deves\OneDrive\Desktop\Projects\TCMD-SS\data\raw\hirise_v3_2\map-proj-v3_2\ESP_028733_1370_RED-0950.jpg
map-proj-v3_2/ESP_028733_1370_RED-0957.jpg,ok,,JPEG,227.0,227.0,L,1.0,1.0,normal,other,train,esp_028733_1370_red-0957,[],6b9578e3e3ff3a0034c902df23ee3756bc90e885f7a61bcf887a2c26a180d66f,b76f18c8dbbb93e00502be72b0942e5225789ea35d0ca995da50f946f6515082,fb0b6576f441928c,156.44964971181275,17.051476480512935,0a7ec6bb6dfb3985,[],0.0,esp_028733_1370,['train'],1.0,Counter({'train': 1}),test,5d6e98f4490839ab,True,hirise_clean,0,C:\Users\deves\OneDrive\Desktop\Projects\TCMD-SS\data\raw\hirise_v3_2\map-proj-v3_2\ESP_028733_1370_RED-0957.jpg
map-proj-v3_2/ESP_028733_1370_RED-0959.jpg,ok,,JPEG,227.0,227.0,L,1.0,1.0,normal,other,train,esp_028733_1370_red-0959,[],b830ec680acccfbdd95c31e74a1f414d920d77594b853be511bf3826e2bc3fdd,846a3ad4dca6bf9f71c16fcc9b19780d6656a662b009c4562deaf9ac1a57cbcf,c243bb7ce8dd7600,152.76716023986492,14.80505810046375,9fbfe9933c8437a8,[],0.0,esp_028733_1370,['train'],1.0,Counter({'train': 1}),test,5d6e98f4490839ab,True,hirise_clean,0,C:\Users\deves\OneDrive\Desktop\Projects\TCMD-SS\data\raw\hirise_v3_2\map-proj-v3_2\ESP_028733_1370_RED-0959.jpg
map-proj-v3_2/ESP_028733_1370_RED-0960.jpg,ok,,JPEG,227.0,227.0,L,1.0,1.0,normal,other,train,esp_028733_1370_red-0960,[],2bee92ea1b4b98da74442e112845a0d46493b18add7a9277bc1d676fc1f1db93,a6d4aee87907e5bb3b29ab7eacd59e30e8357fdda54c0beb9fead6f9701ae166,ce5d203a9c0ffd12,137.0680005433833,15.746100442141314,d65c672d88105c57,[],0.0,esp_028733_1370,['train'],1.0,Counter({'train': 1}),test,5d6e98f4490839ab,True,hirise_clean,0,C:\Users\deves\OneDrive\Desktop\Projects\TCMD-SS\data\raw\hirise_v3_2\map-proj-v3_2\ESP_028733_1370_RED-0960.jpg
map-proj-v3_2/ESP_028733_1370_RED-0961.jpg,ok,,JPEG,227.0,227.0,L,1.0,1.0,normal,other,train,esp_028733_1370_red-0961,[],68fd38cdba348401ace247108785d72b8f83fd4165241e6d726dcee76240bbb0,da1db5ddd8d4838397f675d6af3b0c67fa9e525941f2e0213335ca503bb25161,d67cad69e430b641,142.72353432047973,14.986163522676671,b4e3237ccccc72da,[],0.0,esp_028733_1370,['train'],1.0,Counter({'train': 1}),test,5d6e98f4490839ab,True,hirise_clean,0,C:\Users\deves\OneDrive\Desktop\Projects\TCMD-SS\data\raw\hirise_v3_2\map-proj-v3_2\ESP_028733_1370_RED-0961.jpg
map-proj-v3_2/ESP_028733_1370_RED-0962.jpg,ok,,JPEG,227.0,227.0,L,1.0,1.0,normal,other,train,esp_028733_1370_red-0962,[],46248d2483c0289f93ba73d07c6372bc4a92b39d6d3d0605168c5a8e02e1d3b5,fe8b15a1168a45bd8d60be260bdb166ee8c32ea1087cad1ce2865abc4af050ff,df758988639f4298,143.6875545809156,15.41911743816754,a465af7837039d0a,[],0.0,esp_028733_1370,['train'],1.0,Counter({'train': 1}),test,5d6e98f4490839ab,True,hirise_clean,0,C:\Users\deves\OneDrive\Desktop\Projects\TCMD-SS\data\raw\hirise_v3_2\map-proj-v3_2\ESP_028733_1370_RED-0962.jpg
map-proj-v3_2/ESP_028733_1370_RED-0963.jpg,ok,,JPEG,227.0,227.0,L,1.0,1.0,normal,other,train,esp_028733_1370_red-0963,[],7bf9d9984f41cdebb9664d7d2ffe527e41ae63899b4b99086f944e3c2b429dff,a65b23770cf9610fd2bf0c15f62c7e75f3202ee6c13532d4867b2d7b0bb4c138,e07e4f30f5e8143c,150.7258825127598,15.632393744358884,e94e8a174a57f2d0,[],0.0,esp_028733_1370,['train'],1.0,Counter({'train': 1}),test,5d6e98f4490839ab,True,hirise_clean,0,C:\Users\deves\OneDrive\Desktop\Projects\TCMD-SS\data\raw\hirise_v3_2\map-proj-v3_2\ESP_028733_1370_RED-0963.jpg
map-proj-v3_2/ESP_028733_1370_RED-0965.jpg,ok,,JPEG,227.0,227.0,L,1.0,1.0,normal,other,train,esp_028733_1370_red-0965,[],86e4fad9b992863f7be35356e0c4bc22dd8b274073513419d8926b28480f06a7,9c9ec235d26d40910679b216ab12333dc37d98c7e46dcd7767c91858bef94946,f40501cecb1f5e95,129.8846862931553,15.00829194111487,6424b5706fbc21e5,[],0.0,esp_028733_1370,['train'],1.0,Counter({'train': 1}),test,5d6e98f4490839ab,True,hirise_clean,0,C:\Users\deves\OneDrive\Desktop\Projects\TCMD-SS\data\raw\hirise_v3_2\map-proj-v3_2\ESP_028733_1370_RED-0965.jpg
map-proj-v3_2/ESP_028733_1370_RED-0967.jpg,ok,,JPEG,227.0,227.0,L,1.0,1.0,normal,other,train,esp_028733_1370_red-0967,[],ee2d723ee8b5eac006871d83782870a40a065c2682247c6ad8ba8b094aa72082,990404549a2a8d7bf0a4174ee452d77ef2c7d5cc8ca998ed6362c42fc0697e70,c920d92fe64c47bc,141.1625880572105,13.149786256727454,740872e0a62488ea,[],0.0,esp_028733_1370,['train'],1.0,Counter({'train': 1}),test,5d6e98f4490839ab,True,hirise_clean,0,C:\Users\deves\OneDrive\Desktop\Projects\TCMD-SS\data\raw\hirise_v3_2\map-proj-v3_2\ESP_028733_1370_RED-0967.jpg
map-proj-v3_2/ESP_028733_1370_RED-0976.jpg,ok,,JPEG,227.0,227.0,L,1.0,1.0,normal,other,train,esp_028733_1370_red-0976,[],43e0fb4f7a8dd2e143d84be1614ddaa1c95cbff3d7cdb7c8da57d972d09c9b6d,39930b2ede476547d9ab9119d075a5c88b696955480e820942cabe3911067190,d326fd487439c493,132.74647285994294,15.927943716956074,a98b9bdab33a40cc,[],0.0,esp_028733_1370,['train'],1.0,Counter({'train': 1}),test,5d6e98f4490839ab,True,hirise_clean,0,C:\Users\deves\OneDrive\Desktop\Projects\TCMD-SS\data\raw\hirise_v3_2\map-proj-v3_2\ESP_028733_1370_RED-0976.jpg
map-proj-v3_2/ESP_028733_1370_RED-0979.jpg,ok,,JPEG,227.0,227.0,L,1.0,1.0,normal,other,train,esp_028733_1370_red-0979,[],ab7bee6d6bba7c052da23db29564f982cb26a5551e437fa03b798e11f3825b00,9b45667fa9cc9de6a492d5661e3bf4473607c897e7d3745d7b7ef46cfe5a4104,f4092a3eaa12f6f2,122.67069029090416,14.604857012255575,ffc7412f328febb8,[],0.0,esp_028733_1370,['train'],1.0,Counter({'train': 1}),test,5d6e98f4490839ab,True,hirise_clean,0,C:\Users\deves\OneDrive\Desktop\Projects\TCMD-SS\data\raw\hirise_v3_2\map-proj-v3_2\ESP_028733_1370_RED-0979.jpg
map-proj-v3_2/ESP_028733_1370_RED-0985.jpg,ok,,JPEG,227.0,227.0,L,1.0,1.0,normal,other,train,esp_028733_1370_red-0985,[],a76a33de4d8025e93da850569901e0bbe211d078bf245513efd7b076a83ffbe3,a58ef88da7d23752e182d710ba9ae08e5fd3048a24cd2ff0e0212b0eebe88d5e,af6d280f43439d59,144.94775757340526,16.241381685624944,9ecc420fad387030,[],0.0,esp_028733_1370,['train'],1.0,Counter({'train': 1}),test,5d6e98f4490839ab,True,hirise_clean,0,C:\Users\deves\OneDrive\Desktop\Projects\TCMD-SS\data\raw\hirise_v3_2\map-proj-v3_2\ESP_028733_1370_RED-0985.jpg
map-proj-v3_2/ESP_028733_1370_RED-0994.jpg,ok,,JPEG,227.0,227.0,L,1.0,1.0,normal,other,train,esp_028733_1370_red-0994,[],90e61df58f2c6e716d478246cd2fadc35491ba426208b84fcf2fd70acb0d024b,75de1ea2c4401f5de2b6e86492e68281b633c325bd054f6395463eed22dcd65d,dfc6809bc30c3ec3,139.62760775485648,13.310544194773106,ae26ce6b84952eee,[],0.0,esp_028733_1370,['train'],1.0,Counter({'train': 1}),test,5d6e98f4490839ab,True,hirise_clean,0,C:\Users\deves\OneDrive\Desktop\Projects\TCMD-SS\data\raw\hirise_v3_2\map-proj-v3_2\ESP_028733_1370_RED-0994.jpg
map-proj-v3_2/ESP_028733_1370_RED-0999.jpg,ok,,JPEG,227.0,227.0,L,1.0,1.0,normal,other,train,esp_028733_1370_red-0999,[],4092dbd65d87aea8ef93c5ceab7eaf11310d2ffeb0a40027d9a9134fce415d17,37be13ef4bde49d474523751e39f8d4254add1bb87565329cec60d00973a9ae9,ff657155515d8250,135.29930718624465,14.752568494634891,19aceaf804584760,[],0.0,esp_028733_1370,['train'],1.0,Counter({'train': 1}),test,5d6e98f4490839ab,True,hirise_clean,0,C:\Users\deves\OneDrive\Desktop\Projects\TCMD-SS\data\raw\hirise_v3_2\map-proj-v3_2\ESP_028733_1370_RED-0999.jpg
map-proj-v3_2/ESP_028733_1370_RED-1010.jpg,ok,,JPEG,227.0,227.0,L,1.0,1.0,normal,other,train,esp_028733_1370_red-1010,[],f13712cd2c7259d4dd5bd62009fbd48963bdaa225c647a91a53e4ba98b2412a3,33e2c8de36b037e9b0e4096c211fdf0d4ab04e99eff699e3106b7c2af9d37393,b214db600ddbc2db,132.28166663432242,12.028262992095982,32785220f28ffeb7,[],0.0,esp_028733_1370,['train'],1.0,Counter({'train': 1}),test,5d6e98f4490839ab,True,hirise_clean,0,C:\Users\deves\OneDrive\Desktop\Projects\TCMD-SS\data\raw\hirise_v3_2\map-proj-v3_2\ESP_028733_1370_RED-1010.jpg
map-proj-v3_2/ESP_028733_1370_RED-1013.jpg,ok,,JPEG,227.0,227.0,L,1.0,1.0,normal,other,train,esp_028733_1370_red-1013,[],cda93e98736a05d837d8cc75713171eaa3453bafa578a0f0ab5f9b2243a56ac9,f7afb79d92bd848d1d67d2dbb3ad024dd2d2b95523d116fc37070298fc927248,c960fe8c85b37e0c,138.16124900541442,13.260362061536147,8fc204139aeaaba3,[],0.0,esp_028733_1370,['train'],1.0,Counter({'train': 1}),test,5d6e98f4490839ab,True,hirise_clean,0,C:\Users\deves\OneDrive\Desktop\Projects\TCMD-SS\data\raw\hirise_v3_2\map-proj-v3_2\ESP_028733_1370_RED-1013.jpg
map-proj-v3_2/ESP_028733_1370_RED-1014.jpg,ok,,JPEG,227.0,227.0,L,1.0,1.0,normal,other,train,esp_028733_1370_red-1014,[],70987285b574bea30a2de64cf6d64e5f59d8f95de28c629eee8e4f49309b6add,b3d623170f1f4412b9e959d148765ea6b56d0f6408ea9166bf75976752d08d62,ff18a174cae9241d,121.4150090240447,14.798389609516452,093e17b335e879ea,[],0.0,esp_028733_1370,['train'],1.0,Counter({'train': 1}),test,5d6e98f4490839ab,True,hirise_clean,0,C:\Users\deves\OneDrive\Desktop\Projects\TCMD-SS\data\raw\hirise_v3_2\map-proj-v3_2\ESP_028733_1370_RED-1014.jpg
map-proj-v3_2/ESP_028733_1370_RED-1016.jpg,ok,,JPEG,227.0,227.0,L,1.0,1.0,normal,other,train,esp_028733_1370_red-1016,[],652bd51e564d90f90252353b0fcb85a5ac98c7e08f4a157dc2ed947a3b1c1f97,62e8cefcd3287e804e2ecdefaa99aeed5ef856b8a18649ed3631109e5389d6a5,d87f935194ca4547,130.81185351937745,15.577530367317742,3e7fcb11c7d6ae3c,[],0.0,esp_028733_1370,['train'],1.0,Counter({'train': 1}),test,5d6e98f4490839ab,True,hirise_clean,0,C:\Users\deves\OneDrive\Desktop\Projects\TCMD-SS\data\raw\hirise_v3_2\map-proj-v3_2\ESP_028733_1370_RED-1016.jpg
map-proj-v3_2/ESP_028733_1370_RED-1031.jpg,ok,,JPEG,227.0,227.0,L,1.0,1.0,normal,other,train,esp_028733_1370_red-1031,[],f22499aa9cd0dec59a7ef32ae7d956f43c032b977bdc6805e822031473abaee1,7924b00c8b38dd9b8c7c33cc59d04991d15ae7b96575fafabf23f0ae58191857,a0ef00ff40fb0b3a,162.47377205068992,16.971339654662,c590ad9f3fd80300,[],0.0,esp_028733_1370,['train'],1.0,Counter({'train': 1}),test,5d6e98f4490839ab,True,hirise_clean,0,C:\Users\deves\OneDrive\Desktop\Projects\TCMD-SS\data\raw\hirise_v3_2\map-proj-v3_2\ESP_028733_1370_RED-1031.jpg
map-proj-v3_2/ESP_028733_1370_RED-1036.jpg,ok,,JPEG,227.0,227.0,L,1.0,1.0,normal,other,train,esp_028733_1370_red-1036,[],14e9f4823f5209043fd867ac495b330ec1d24f29b2626ba5c1de29e1e8826cdb,747e44ae3fac45fb71d58bb6874a66f692b08768f87362c4bc7c6e667c8607e0,8e0cba32df74e126,130.56187777756216,13.045118027933384,63dbb3190c14ae81,[],0.0,esp_028733_1370,['train'],1.0,Counter({'train': 1}),test,5d6e98f4490839ab,True,hirise_clean,0,C:\Users\deves\OneDrive\Desktop\Projects\TCMD-SS\data\raw\hirise_v3_2\map-proj-v3_2\ESP_028733_1370_RED-1036.jpg
map-proj-v3_2/ESP_028733_1370_RED-1052.jpg,ok,,JPEG,227.0,227.0,L,1.0,1.0,normal,other,train,esp_028733_1370_red-1052,[],017be7434321c91fad97a215c6ec60763686f006413c6f121a42c2687604774e,3205c18cd5d0899408afcdf223d99347ee2860722c31d250fac88dba6089a54b,aa9edaec465b9142,91.61528459702303,15.041734847540878,c06382974283dacc,[],0.0,esp_028733_1370,['train'],1.0,Counter({'train': 1}),test,5d6e98f4490839ab,True,hirise_clean,0,C:\Users\deves\OneDrive\Desktop\Projects\TCMD-SS\data\raw\hirise_v3_2\map-proj-v3_2\ESP_028733_1370_RED-1052.jpg
map-proj-v3_2/ESP_028733_1370_RED-1069.jpg,ok,,JPEG,227.0,227.0,L,1.0,1.0,normal,other,train,esp_028733_1370_red-1069,[],8c7140aa11f651b113d92122c3291dc05342ebd7908b702787cd068786b8fef4,7ac6d0d4ca63cb6499479a2ad435f42d133a14ed6c1a6da1cfefe55fb0e7a10e,e92a107f9a54b2c7,105.30906867977257,14.103137237080375,54e2ba9d5a1617e6,[],0.0,esp_028733_1370,['train'],1.0,Counter({'train': 1}),test,5d6e98f4490839ab,True,hirise_clean,0,C:\Users\deves\OneDrive\Desktop\Projects\TCMD-SS\data\raw\hirise_v3_2\map-proj-v3_2\ESP_028733_1370_RED-1069.jpg
map-proj-v3_2/ESP_028733_1370_RED-1078.jpg,ok,,JPEG,227.0,227.0,L,1.0,1.0,normal,other,train,esp_028733_1370_red-1078,[],60ee062c4049fff9a94ee36011ad2df0b742403d319f371a9e664170e22856d0,8c14a5f205b51c065541404e4fd52bff174030b39027b76144dfe685484e0837,cdbc28ab3bd471c0,145.7806866036601,18.41234764961782,b1f8e54d3bba7773,[],0.0,esp_028733_1370,['train'],1.0,Counter({'train': 1}),test,5d6e98f4490839ab,True,hirise_clean,0,C:\Users\deves\OneDrive\Desktop\Projects\TCMD-SS\data\raw\hirise_v3_2\map-proj-v3_2\ESP_028733_1370_RED-1078.jpg
map-proj-v3_2/ESP_028733_1370_RED-1080.jpg,ok,,JPEG,227.0,227.0,L,1.0,1.0,normal,other,train,esp_028733_1370_red-1080,[],66387d005d01218756e7aef959d6cdf0acf33e2f2be05cec83f3b4502cb7fa61,8658fa9ac476d657457f8ab9cae2e34d710f00a99822a92f8907a3655f9a1855,ae2d6338565ed930,98.84930815657202,14.58680239287901,ec9f36d054c4a274,[],0.0,esp_028733_1370,['train'],1.0,Counter({'train': 1}),test,5d6e98f4490839ab,True,hirise_clean,0,C:\Users\deves\OneDrive\Desktop\Projects\TCMD-SS\data\raw\hirise_v3_2\map-proj-v3_2\ESP_028733_1370_RED-1080.jpg
map-proj-v3_2/ESP_028733_1370_RED-1084.jpg,ok,,JPEG,227.0,227.0,L,1.0,1.0,normal,other,train,esp_028733_1370_red-1084,[],23ebb3b87f0394d0ad988fe1090712c75637803bef4c52760e42ce2abad3f148,5ec9b80ef06365f3d1edf09db143f81df704ab8626fb937f1efb4a212ced1d2f,dc9274244afb42db,132.15983232742727,14.48017528734291,90e35b0dbce1f524,[],0.0,esp_028733_1370,['train'],1.0,Counter({'train': 1}),test,5d6e98f4490839ab,True,hirise_clean,0,C:\Users\deves\OneDrive\Desktop\Projects\TCMD-SS\data\raw\hirise_v3_2\map-proj-v3_2\ESP_028733_1370_RED-1084.jpg
map-proj-v3_2/ESP_028733_1370_RED-1091.jpg,ok,,JPEG,227.0,227.0,L,1.0,1.0,normal,other,train,esp_028733_1370_red-1091,[],02cfbea92d0bd61250770f11f26a3aafa2e44c4f2cc1604062bb512664b19847,845f3eef5e0c5653cf99c063bb7349dba5b8985e3761bc95233c1e38e24a91ba,8ec7a1a733a948cd,110.58846474800598,77.50719896067972,34f462b4ecf5230a,[],0.0,esp_028733_1370,['train'],1.0,Counter({'train': 1}),test,5d6e98f4490839ab,True,hirise_clean,0,C:\Users\deves\OneDrive\Desktop\Projects\TCMD-SS\data\raw\hirise_v3_2\map-proj-v3_2\ESP_028733_1370_RED-1091.jpg
map-proj-v3_2/ESP_028733_1370_RED-1093.jpg,ok,,JPEG,227.0,227.0,L,1.0,1.0,normal,other,train,esp_028733_1370_red-1093,[],a16655606cea3ec1ce6e72306b35c4be7d4b6253194ddf947f9ed8ce257a5669,262050d75a3a97b05d2c57630cc99bd2e335ee98acfe274afff9e202c7639ec0,d5cac41c4cd53f68,153.07116381066973,15.150849982824235,a9d848a45aa07458,[],0.0,esp_028733_1370,['train'],1.0,Counter({'train': 1}),test,5d6e98f4490839ab,True,hirise_clean,0,C:\Users\deves\OneDrive\Desktop\Projects\TCMD-SS\data\raw\hirise_v3_2\map-proj-v3_2\ESP_028733_1370_RED-1093.jpg
map-proj-v3_2/ESP_028733_1370_RED-1104.jpg,ok,,JPEG,227.0,227.0,L,1.0,1.0,normal,other,train,esp_028733_1370_red-1104,[],32ddf5de10a878e582e9f0bf12e52accdec4331b8ec6de1d8a1ca19ed65b5277,04cc01f03ba7c1c81bea2b5df876db3b42ac91ea75fcefbd1e2a0ef380be93a5,e1aea1a823672edc,139.41266083176464,14.008713032709345,bc4603494f9a757f,[],0.0,esp_028733_1370,['train'],1.0,Counter({'train': 1}),test,5d6e98f4490839ab,True,hirise_clean,0,C:\Users\deves\OneDrive\Desktop\Projects\TCMD-SS\data\raw\hirise_v3_2\map-proj-v3_2\ESP_028733_1370_RED-1104.jpg
map-proj-v3_2/ESP_028733_1370_RED-1106.jpg,ok,,JPEG,227.0,227.0,L,1.0,1.0,normal,other,train,esp_028733_1370_red-1106,[],724a4a787ed553b47678780c180563b72ba33c9e0d6b6b7f3a5a8a30953bdc3c,982a76be358500663168f867bf22630ecbf04addefdc921a740d9b6a335e12aa,cf77e1844899e649,147.1435502338489,19.269709027899637,722becaafe6353e3,[],0.0,esp_028733_1370,['train'],1.0,Counter({'train': 1}),test,5d6e98f4490839ab,True,hirise_clean,0,C:\Users\deves\OneDrive\Desktop\Projects\TCMD-SS\data\raw\hirise_v3_2\map-proj-v3_2\ESP_028733_1370_RED-1106.jpg
map-proj-v3_2/ESP_028733_1370_RED-1117.jpg,ok,,JPEG,227.0,227.0,L,1.0,1.0,normal,other,train,esp_028733_1370_red-1117,[],10f40500be564e45aebbe7f19d7d5aacced6c4d32b956ef490ed834352ba2496,a64245bf72b9978bf1e3444e6974e134ba2c4c7e0c105030f2e3708bd0ea3e8e,926056bee0e95c7c,143.99613809699392,13.201738588306815,5b01ed7c75833cc1,[],0.0,esp_028733_1370,['train'],1.0,Counter({'train': 1}),test,5d6e98f4490839ab,True,hirise_clean,0,C:\Users\deves\OneDrive\Desktop\Projects\TCMD-SS\data\raw\hirise_v3_2\map-proj-v3_2\ESP_028733_1370_RED-1117.jpg
map-proj-v3_2/ESP_028733_1370_RED-1120.jpg,ok,,JPEG,227.0,227.0,L,1.0,1.0,normal,other,train,esp_028733_1370_red-1120,[],e486db9fd74760b14fe1324793599f6aed8233a1ff498142ac6a3fbe5e983768,1577e57aadcb92c68d88f4d8002694634d35dde8776aeb4c4c8be6112005f3e4,d5d1820bfe7181ce,134.42853538783984,13.984203224755936,ee3017a0d8cc570c,[],0.0,esp_028733_1370,['train'],1.0,Counter({'train': 1}),test,5d6e98f4490839ab,True,hirise_clean,0,C:\Users\deves\OneDrive\Desktop\Projects\TCMD-SS\data\raw\hirise_v3_2\map-proj-v3_2\ESP_028733_1370_RED-1120.jpg
map-proj-v3_2/ESP_028733_1370_RED-1125.jpg,ok,,JPEG,227.0,227.0,L,1.0,1.0,normal,other,train,esp_028733_1370_red-1125,[],f976211a6d1dafa578c69fafcb6ebf4068a44cc52956dbb71305dd3ddef4fe0e,973190f17b2f3b0c1b747be540cc6ac675b4fe7f40156b045e07eac423ac93a3,e4ed49b18663f864,126.33045469541425,13.31335623930952,102aa37a41a4e9cd,[],0.0,esp_028733_1370,['train'],1.0,Counter({'train': 1}),test,5d6e98f4490839ab,True,hirise_clean,0,C:\Users\deves\OneDrive\Desktop\Projects\TCMD-SS\data\raw\hirise_v3_2\map-proj-v3_2\ESP_028733_1370_RED-1125.jpg
map-proj-v3_2/ESP_028733_1370_RED-1137.jpg,ok,,JPEG,227.0,227.0,L,1.0,1.0,normal,other,train,esp_028733_1370_red-1137,[],15949bcd39a2f301ceadccb25800bdf4200376d257b1bed79a55417b08bd692f,b9e2a34824c07c270c4dfe104a479249f4ae5f8d82b94c5dd62c4f237191357e,98d9cb23e75233a1,142.27632983368588,13.66175987802804,b3ca41f2e30053f5,[],0.0,esp_028733_1370,['train'],1.0,Counter({'train': 1}),test,5d6e98f4490839ab,True,hirise_clean,0,C:\Users\deves\OneDrive\Desktop\Projects\TCMD-SS\data\raw\hirise_v3_2\map-proj-v3_2\ESP_028733_1370_RED-1137.jpg
map-proj-v3_2/ESP_028733_1370_RED-1141.jpg,ok,,JPEG,227.0,227.0,L,1.0,1.0,normal,other,train,esp_028733_1370_red-1141,[],6904cc959f6f89470b3dd5abcab79afcccf7d57f0bb7880132b438a744276b6e,d17722098ecfa1f099885d26c47862d8cdb14ff5a56ffee701bef815926c7bcc,c6fc38625107eab3,145.23479982145977,13.653406067124624,9fcfe8df563ac565,[],0.0,esp_028733_1370,['train'],1.0,Counter({'train': 1}),test,5d6e98f4490839ab,True,hirise_clean,0,C:\Users\deves\OneDrive\Desktop\Projects\TCMD-SS\data\raw\hirise_v3_2\map-proj-v3_2\ESP_028733_1370_RED-1141.jpg
map-proj-v3_2/ESP_028733_1370_RED-1142.jpg,ok,,JPEG,227.0,227.0,L,1.0,1.0,normal,other,train,esp_028733_1370_red-1142,[],b39cc479c396d8f56304b5202756ac11f9d397bbd8b4deb68ac015719faaa555,9c5db0eff97ab985951398318d8d84ae7b41360b4206e85b9fbe4eb5ee4f3576,aea8c3d6805ff886,131.7032544780609,14.216387644601854,2deccd8857b85980,[],0.0,esp_028733_1370,['train'],1.0,Counter({'train': 1}),test,5d6e98f4490839ab,True,hirise_clean,0,C:\Users\deves\OneDrive\Desktop\Projects\TCMD-SS\data\raw\hirise_v3_2\map-proj-v3_2\ESP_028733_1370_RED-1142.jpg
map-proj-v3_2/ESP_028733_1370_RED-1154.jpg,ok,,JPEG,227.0,227.0,L,1.0,1.0,normal,other,train,esp_028733_1370_red-1154,[],cce69f5d1ee6b5099b74d51d80865a9e6543c920014d40a5e6ab1c58da6c88da,fa1d7811d9e04f76eb5241f4c0de98babed4bc070512807f0ce74db69f4f12fa,c98996f9df044b0e,153.70438005783151,16.257901177104213,a021b02a4c1fd6e0,[],0.0,esp_028733_1370,['train'],1.0,Counter({'train': 1}),test,5d6e98f4490839ab,True,hirise_clean,0,C:\Users\deves\OneDrive\Desktop\Projects\TCMD-SS\data\raw\hirise_v3_2\map-proj-v3_2\ESP_028733_1370_RED-1154.jpg
map-proj-v3_2/ESP_028733_1370_RED-1156.jpg,ok,,JPEG,227.0,227.0,L,1.0,1.0,normal,other,train,esp_028733_1370_red-1156,[],6700767969eeffe24c0c34f038a7610995cbb1138b03e34534c27191e6313478,8d5d35ab39420b21d09f275885d6c958d71c8c4694618cfe5783d1d26944d751,84bfd0c787b83f04,98.13586524093228,14.2637701197147,6a574aa97672001c,[],0.0,esp_028733_1370,['train'],1.0,Counter({'train': 1}),test,5d6e98f4490839ab,True,hirise_clean,0,C:\Users\deves\OneDrive\Desktop\Projects\TCMD-SS\data\raw\hirise_v3_2\map-proj-v3_2\ESP_028733_1370_RED-1156.jpg
map-proj-v3_2/ESP_028733_1370_RED-1159.jpg,ok,,JPEG,227.0,227.0,L,1.0,1.0,normal,other,train,esp_028733_1370_red-1159,[],c89c9c6cd05d46f8b52fcc43f57e0a8a969857d1a8f253761212629048b0dd5a,782a55049ca2148dd062b529aac3836da71227e0d95ed707bf6ce799bb256a29,a6947ddf08ecc027,143.2683731491005,12.5110874134744,167d365369d15491,[],0.0,esp_028733_1370,['train'],1.0,Counter({'train': 1}),test,5d6e98f4490839ab,True,hirise_clean,0,C:\Users\deves\OneDrive\Desktop\Projects\TCMD-SS\data\raw\hirise_v3_2\map-proj-v3_2\ESP_028733_1370_RED-1159.jpg
map-proj-v3_2/ESP_028733_1370_RED-1163.jpg,ok,,JPEG,227.0,227.0,L,1.0,1.0,normal,other,train,esp_028733_1370_red-1163,[],d6277e9eb3540df1859d9e44a9ea96360381651d92afd7b4a5838b220a6e1fb7,ee35174b8732c9c062e40a0931f4dbca4ae36d45ca0832c7ff1adab354cc293a,cda3b32da0dab446,145.28564497661512,13.253090428250356,be70435b7b687639,[],0.0,esp_028733_1370,['train'],1.0,Counter({'train': 1}),test,5d6e98f4490839ab,True,hirise_clean,0,C:\Users\deves\OneDrive\Desktop\Projects\TCMD-SS\data\raw\hirise_v3_2\map-proj-v3_2\ESP_028733_1370_RED-1163.jpg
map-proj-v3_2/ESP_028733_1370_RED-1170.jpg,ok,,JPEG,227.0,227.0,L,1.0,1.0,normal,other,train,esp_028733_1370_red-1170,[],9cca0eddcc7a8ed71c6acece83b09d2617e6a5ac317eb399171d4670d331fd2e,c0ebfca74a0b0fde6d4300d16c74aba2e3be8f1aa3fd18986df721306c810098,ea6b5571411cb4ad,141.8998816200586,14.087235448814791,8d3064688ab0ac81,[],0.0,esp_028733_1370,['train'],1.0,Counter({'train': 1}),test,5d6e98f4490839ab,True,hirise_clean,0,C:\Users\deves\OneDrive\Desktop\Projects\TCMD-SS\data\raw\hirise_v3_2\map-proj-v3_2\ESP_028733_1370_RED-1170.jpg
map-proj-v3_2/ESP_028733_1370_RED-1171.jpg,ok,,JPEG,227.0,227.0,L,1.0,1.0,normal,other,train,esp_028733_1370_red-1171,[],da73517ca697838661525ff9ed54a57858aa384f67e2dd28363d1e2069ee8769,a290141922338a2222fce4d52c7b6897431bb78409dff4ddc59a73aa83259bec,a590bd77b32a2b22,144.70222593102912,12.81985326559082,a90c41cd5d85fc51,[],0.0,esp_028733_1370,['train'],1.0,Counter({'train': 1}),test,5d6e98f4490839ab,True,hirise_clean,0,C:\Users\deves\OneDrive\Desktop\Projects\TCMD-SS\data\raw\hirise_v3_2\map-proj-v3_2\ESP_028733_1370_RED-1171.jpg
map-proj-v3_2/ESP_028733_1370_RED-1200.jpg,ok,,JPEG,227.0,227.0,L,1.0,1.0,normal,other,train,esp_028733_1370_red-1200,[],acc6b4202d11d1083d71924f65e9e08aa12cdc0e64c042a6bbc2122b9ed5e7a7,baf46a395df048692c27f62f4acb098a673e928f7f5b71e1f06260d9dda24cba,c3e8c49cfa93a24e,145.96337984435948,13.116759061350583,bd3de340d5dc4914,[],0.0,esp_028733_1370,['train'],1.0,Counter({'train': 1}),test,5d6e98f4490839ab,True,hirise_clean,0,C:\Users\deves\OneDrive\Desktop\Projects\TCMD-SS\data\raw\hirise_v3_2\map-proj-v3_2\ESP_028733_1370_RED-1200.jpg
map-proj-v3_2/ESP_028733_1370_RED-1201.jpg,ok,,JPEG,227.0,227.0,L,1.0,1.0,normal,other,train,esp_028733_1370_red-1201,[],442f4ae59ed29d6d77b2adef57d6b17728923c5a3b3fb322222930bd0f7ec489,4bf04db13a7629f4eca2ac395f1891cf4db1a6da1a2c84964f1076e027f30514,d65ac7cacb991870,104.46556308098351,49.327549193401566,27418fe65d86f2c7,[],0.0,esp_028733_1370,['train'],1.0,Counter({'train': 1}),test,5d6e98f4490839ab,True,hirise_clean,0,C:\Users\deves\OneDrive\Desktop\Projects\TCMD-SS\data\raw\hirise_v3_2\map-proj-v3_2\ESP_028733_1370_RED-1201.jpg
map-proj-v3_2/ESP_028733_1370_RED-1212.jpg,ok,,JPEG,227.0,227.0,L,1.0,1.0,normal,other,train,esp_028733_1370_red-1212,[],14e85363002f729841d34467db34bf65928b6d2bc1756188e7fe07c05b167933,1d91968aa4f96589f4ca2e6ab563a32fa7b4fec4dc9ef36513e5ea74af769d40,d70c73fa4c9e014b,133.3625725319723,14.088037579341922,59ffae591a36ee88,[],0.0,esp_028733_1370,['train'],1.0,Counter({'train': 1}),test,5d6e98f4490839ab,True,hirise_clean,0,C:\Users\deves\OneDrive\Desktop\Projects\TCMD-SS\data\raw\hirise_v3_2\map-proj-v3_2\ESP_028733_1370_RED-1212.jpg
map-proj-v3_2/ESP_028733_1370_RED-1213.jpg,ok,,JPEG,227.0,227.0,L,1.0,1.0,normal,other,train,esp_028733_1370_red-1213,[],c0d2aad5698bf81a6508f24519d8e3825368df322c0ee34d27e15fe2b5a46454,db944637f364f80f1007a46a867513cbc068625b416b09c642ac6f8c9a046717,fdfc52266193bc40,117.8918084961866,13.34083044053344,1b09af7e93557bf3,[],0.0,esp_028733_1370,['train'],1.0,Counter({'train': 1}),test,5d6e98f4490839ab,True,hirise_clean,0,C:\Users\deves\OneDrive\Desktop\Projects\TCMD-SS\data\raw\hirise_v3_2\map-proj-v3_2\ESP_028733_1370_RED-1213.jpg
map-proj-v3_2/ESP_028733_1370_RED-1224.jpg,ok,,JPEG,227.0,227.0,L,1.0,1.0,normal,other,train,esp_028733_1370_red-1224,[],c05db27d88b21734d1a1bbe56c86097cd8247865afce158f9e86a842b6c58c3b,19dccc99fdf3e4c1f4b1e6b93349fffe9ebbd0c02b8513434e9d63e99c3abe2e,ed9281ebc0177333,117.020435094801,13.216638363104662,5046d1016b9eae71,[],0.0,esp_028733_1370,['train'],1.0,Counter({'train': 1}),test,5d6e98f4490839ab,True,hirise_clean,0,C:\Users\deves\OneDrive\Desktop\Projects\TCMD-SS\data\raw\hirise_v3_2\map-proj-v3_2\ESP_028733_1370_RED-1224.jpg
map-proj-v3_2/ESP_028733_1370_RED-1233.jpg,ok,,JPEG,227.0,227.0,L,1.0,1.0,normal,other,train,esp_028733_1370_red-1233,[],942885dc238d053fb92b0d925da16b4f706d1a8b55c6ac2967ce1346254eb5ab,7c0a6c4fd6886262b1a3204dce019687c0a73d2147a1e9e3f30b7a5a9b8220ba,8bdedc93e1ad0119,109.13972714393836,14.31991838585848,926cad33b504e0d6,[],0.0,esp_028733_1370,['train'],1.0,Counter({'train': 1}),test,5d6e98f4490839ab,True,hirise_clean,0,C:\Users\deves\OneDrive\Desktop\Projects\TCMD-SS\data\raw\hirise_v3_2\map-proj-v3_2\ESP_028733_1370_RED-1233.jpg
map-proj-v3_2/ESP_028733_1370_RED-1235.jpg,ok,,JPEG,227.0,227.0,L,1.0,1.0,normal,other,train,esp_028733_1370_red-1235,[],9d3bc4fd0550f5663d0b5163476f19e204a43bb3423273983616cd6e72364a82,c7b30c00bbdb23e99f27de74795216851e7a98f7ebc17d4238baa32538bfe656,ff64c8afca916182,138.42061751635,15.011886675632942,dd1080e0da4e5fb5,[],0.0,esp_028733_1370,['train'],1.0,Counter({'train': 1}),test,5d6e98f4490839ab,True,hirise_clean,0,C:\Users\deves\OneDrive\Desktop\Projects\TCMD-SS\data\raw\hirise_v3_2\map-proj-v3_2\ESP_028733_1370_RED-1235.jpg
map-proj-v3_2/ESP_028733_1370_RED-1238.jpg,ok,,JPEG,227.0,227.0,L,1.0,1.0,normal,other,train,esp_028733_1370_red-1238,[],20deb8518fe63113279d0f702bba82f25e99d8a14168c4cac0c0b5035a63b03b,b17526458dfccdd9560e0796d25cf85f8937d40065ce3f1cc3c37a4f54f9da23,eec38972818bfe81,112.23835121970151,14.364478005916451,37e156c055f110c2,[],0.0,esp_028733_1370,['train'],1.0,Counter({'train': 1}),test,5d6e98f4490839ab,True,hirise_clean,0,C:\Users\deves\OneDrive\Desktop\Projects\TCMD-SS\data\raw\hirise_v3_2\map-proj-v3_2\ESP_028733_1370_RED-1238.jpg
map-proj-v3_2/ESP_028733_1370_RED-1243.jpg,ok,,JPEG,227.0,227.0,L,1.0,1.0,normal,other,train,esp_028733_1370_red-1243,[],cd913f028470eedcbc66b055a75e6d738f2ee64c1bd4609ab92de44b4123e0e3,366bd7ee96045d05143fbd9ccedb11f0c2d9c378edf6d494b4087720240b5e5c,84f8dbd289d3e312,153.19507461817616,14.521340104854026,5581c2ea70319e0c,[],0.0,esp_028733_1370,['train'],1.0,Counter({'train': 1}),test,5d6e98f4490839ab,True,hirise_clean,0,C:\Users\deves\OneDrive\Desktop\Projects\TCMD-SS\data\raw\hirise_v3_2\map-proj-v3_2\ESP_028733_1370_RED-1243.jpg
map-proj-v3_2/ESP_028733_1370_RED-1245.jpg,ok,,JPEG,227.0,227.0,L,1.0,1.0,normal,other,train,esp_028733_1370_red-1245,[],21c33aa53c8feec23318dfb393b552cb71cbe9048b4db9a7e87b0b7f6cc4aee5,6308bc07401e2525ada78241acb0cb25b2e8667061bc062fc7f1ad8aa3b52e15,c7d5fae8aaf00891,152.90506316831298,14.734850841450251,c6e7dfb6c2634109,[],0.0,esp_028733_1370,['train'],1.0,Counter({'train': 1}),test,5d6e98f4490839ab,True,hirise_clean,0,C:\Users\deves\OneDrive\Desktop\Projects\TCMD-SS\data\raw\hirise_v3_2\map-proj-v3_2\ESP_028733_1370_RED-1245.jpg
map-proj-v3_2/ESP_028733_1370_RED-1247.jpg,ok,,JPEG,227.0,227.0,L,1.0,1.0,normal,other,train,esp_028733_1370_red-1247,[],d9442cba8192be6cc91e89cd7cbd77648646f6ba0a230174d5e7551fb32e4d78,9fdedd4563d6904d5844d7b6c5aef9dbe5b108db999743dc8c8ec43cd66a7695,fe82f3b94d22b460,123.34004153001224,13.093532098844811,c9a219b3007cc273,[],0.0,esp_028733_1370,['train'],1.0,Counter({'train': 1}),test,5d6e98f4490839ab,True,hirise_clean,0,C:\Users\deves\OneDrive\Desktop\Projects\TCMD-SS\data\raw\hirise_v3_2\map-proj-v3_2\ESP_028733_1370_RED-1247.jpg
map-proj-v3_2/ESP_028733_1370_RED-1267.jpg,ok,,JPEG,227.0,227.0,L,1.0,1.0,normal,other,train,esp_028733_1370_red-1267,[],740dc594cab309ef13bfafc8c7f6a50db76541fea95cf54e5db1e93633f5fbc7,bab4aec45155d147077cd3ae8d6a91df93a61cedc1c46ce37e9677e0f1050011,c3ec13bb8c9ce14a,163.70449649711813,15.263394374380088,45f1d2f516c8da7c,[],0.0,esp_028733_1370,['train'],1.0,Counter({'train': 1}),test,5d6e98f4490839ab,True,hirise_clean,0,C:\Users\deves\OneDrive\Desktop\Projects\TCMD-SS\data\raw\hirise_v3_2\map-proj-v3_2\ESP_028733_1370_RED-1267.jpg
map-proj-v3_2/ESP_028733_1370_RED-1269.jpg,ok,,JPEG,227.0,227.0,L,1.0,1.0,normal,other,train,esp_028733_1370_red-1269,[],0c0c5339c07bcee303302826a5c208d467b7ace76245a0a5ea7fd3939e11d06c,ef6e6245b9eec5171d3cdd7eb43904580d277944c9515e8a92bf261389b4dd38,94bc22a1dba6295f,169.9056841778416,13.71790155004346,01371f7bee816653,[],0.0,esp_028733_1370,['train'],1.0,Counter({'train': 1}),test,5d6e98f4490839ab,True,hirise_clean,0,C:\Users\deves\OneDrive\Desktop\Projects\TCMD-SS\data\raw\hirise_v3_2\map-proj-v3_2\ESP_028733_1370_RED-1269.jpg
map-proj-v3_2/ESP_028733_1370_RED-1279.jpg,ok,,JPEG,227.0,227.0,L,1.0,1.0,normal,other,train,esp_028733_1370_red-1279,[],48c0590313f31efb02e7ec932934590b91cddddf89a78b7a4afe1c7319004067,a758cb81ba3f49e00a296fd7642343d97957fea641779540f33f1c5efb42af10,dab6fc9165861869,132.1487900017466,13.525067220693437,7409aa0b0a4b2fb8,[],0.0,esp_028733_1370,['train'],1.0,Counter({'train': 1}),test,5d6e98f4490839ab,True,hirise_clean,0,C:\Users\deves\OneDrive\Desktop\Projects\TCMD-SS\data\raw\hirise_v3_2\map-proj-v3_2\ESP_028733_1370_RED-1279.jpg
map-proj-v3_2/ESP_028733_1370_RED-1286.jpg,ok,,JPEG,227.0,227.0,L,1.0,1.0,normal,other,train,esp_028733_1370_red-1286,[],a6410d1fcd74932fede81d5cd0e33b62adde3ef3d82b06507f4452ded5605775,15400cc1f2e1a2e2024d7bf2a61bd0a50e1afbfdee1cef81ecf3d7ebec1bfaed,b79c4ae328e3c12b,132.4733257000912,13.895818932846264,0034f2e1f14e9ab6,[],0.0,esp_028733_1370,['train'],1.0,Counter({'train': 1}),test,5d6e98f4490839ab,True,hirise_clean,0,C:\Users\deves\OneDrive\Desktop\Projects\TCMD-SS\data\raw\hirise_v3_2\map-proj-v3_2\ESP_028733_1370_RED-1286.jpg
map-proj-v3_2/ESP_028733_1370_RED-1291.jpg,ok,,JPEG,227.0,227.0,L,1.0,1.0,normal,other,train,esp_028733_1370_red-1291,[],b071c25ee86dedb30c4728a7ced638d9471ff75363f0a7f0c29ba351de2c1753,a8006c90a4af3e53dab82011dc49e176021ba23c6081d517badb3219cde245b7,b7860931d0be8f6c,141.91895825651574,14.877948967424564,b8a74c5f4d2d34f3,[],0.0,esp_028733_1370,['train'],1.0,Counter({'train': 1}),test,5d6e98f4490839ab,True,hirise_clean,0,C:\Users\deves\OneDrive\Desktop\Projects\TCMD-SS\data\raw\hirise_v3_2\map-proj-v3_2\ESP_028733_1370_RED-1291.jpg
map-proj-v3_2/ESP_028733_1370_RED-1303.jpg,ok,,JPEG,227.0,227.0,L,1.0,1.0,normal,other,train,esp_028733_1370_red-1303,[],9ac150784098549abfe6930ed871eb193409c98864aaddcdf6f905b8c4f9fd12,51d7d9f2cd825201fe59e41f1b329075eee592337f1978e470cb874a0faa70d4,dab84d672654b1c6,139.0675153796891,13.62036610230625,76bff0fc726b435d,[],0.0,esp_028733_1370,['train'],1.0,Counter({'train': 1}),test,5d6e98f4490839ab,True,hirise_clean,0,C:\Users\deves\OneDrive\Desktop\Projects\TCMD-SS\data\raw\hirise_v3_2\map-proj-v3_2\ESP_028733_1370_RED-1303.jpg
map-proj-v3_2/ESP_028733_1370_RED-1305.jpg,ok,,JPEG,227.0,227.0,L,1.0,1.0,normal,other,train,esp_028733_1370_red-1305,[],f954c526a543133b570d79ad0ff9f1f2553e7c9083de780b9e5ea007dc93776b,4c275d45d2480bef817c144e1454579d9f5091c110be8369ee0c921283fa85a7,fdf5762e083a222a,142.27054668245066,13.732853501063984,2b7f08ad1540b3dd,[],0.0,esp_028733_1370,['train'],1.0,Counter({'train': 1}),test,5d6e98f4490839ab,True,hirise_clean,0,C:\Users\deves\OneDrive\Desktop\Projects\TCMD-SS\data\raw\hirise_v3_2\map-proj-v3_2\ESP_028733_1370_RED-1305.jpg
map-proj-v3_2/ESP_028733_1370_RED-1311.jpg,ok,,JPEG,227.0,227.0,L,1.0,1.0,normal,other,train,esp_028733_1370_red-1311,[],ba11575befd5a47c3bd2114496ab6aeeac80e35ea1babdaf234dd6f890bb8df8,93af23d164753c51aed3b9e594fa80dc2c75f0e6e72ee8db3e4fd46a250a1834,e37da5c2d200a65f,136.73721593665704,13.558945126225067,7947c5d656043e95,[],0.0,esp_028733_1370,['train'],1.0,Counter({'train': 1}),test,5d6e98f4490839ab,True,hirise_clean,0,C:\Users\deves\OneDrive\Desktop\Projects\TCMD-SS\data\raw\hirise_v3_2\map-proj-v3_2\ESP_028733_1370_RED-1311.jpg
map-proj-v3_2/ESP_028733_1370_RED-1314.jpg,ok,,JPEG,227.0,227.0,L,1.0,1.0,normal,other,train,esp_028733_1370_red-1314,[],fe831b6e62f9671dc9de0e3d36fa48886cc366bc5200f8a8d424c41f868d85e8,32503874f08bcffc14e28c352d3ec5f6190b2075ff6904ec55b60bc2ed657ce3,d65a2ddbb09248f4,108.8099904907916,52.69128331002031,12297326d0e6abd8,[],0.0,esp_028733_1370,['train'],1.0,Counter({'train': 1}),test,5d6e98f4490839ab,True,hirise_clean,0,C:\Users\deves\OneDrive\Desktop\Projects\TCMD-SS\data\raw\hirise_v3_2\map-proj-v3_2\ESP_028733_1370_RED-1314.jpg
map-proj-v3_2/ESP_028733_1370_RED-1318.jpg,ok,,JPEG,227.0,227.0,L,1.0,1.0,normal,other,train,esp_028733_1370_red-1318,[],c0855a3d86f04b01c32dc7dd52b7167609c1d7cfd3f975b8bb9939fd82342825,3d99e0fceed309b72594bb1090f61538633cefdbb4f048fafa39fc269377d9bc,f3a94ca20fabf841,159.52514118263502,11.306087954054412,e369561cd3fbf882,[],0.0,esp_028733_1370,['train'],1.0,Counter({'train': 1}),test,5d6e98f4490839ab,True,hirise_clean,0,C:\Users\deves\OneDrive\Desktop\Projects\TCMD-SS\data\raw\hirise_v3_2\map-proj-v3_2\ESP_028733_1370_RED-1318.jpg
map-proj-v3_2/ESP_028733_1370_RED-1321.jpg,ok,,JPEG,227.0,227.0,L,1.0,1.0,normal,other,train,esp_028733_1370_red-1321,[],658dd476e25fb3cbd0b5ec75b1f85c0dc39f5e0d4a5c37ef7fdaa05eb6ecff52,c51d24f8a7d1dec6c70c3672de1a2773513164cf51b21d80afec1eb2374abd2f,d429cde44bfc1236,139.29748297075434,12.8052944088099,6f783873f87d9d9b,[],0.0,esp_028733_1370,['train'],1.0,Counter({'train': 1}),test,5d6e98f4490839ab,True,hirise_clean,0,C:\Users\deves\OneDrive\Desktop\Projects\TCMD-SS\data\raw\hirise_v3_2\map-proj-v3_2\ESP_028733_1370_RED-1321.jpg
map-proj-v3_2/ESP_028733_1370_RED-1329.jpg,ok,,JPEG,227.0,227.0,L,1.0,1.0,normal,other,train,esp_028733_1370_red-1329,[],fe24ad998872280e11d7afa0d03dcda9d73833e8a5c994cc76f7abbe7523690d,6188827bea12e696a22680bca80ebfd13f709005b5c7d8f7961336845475b170,c90a323e6e7579d0,134.88592831221254,62.68472779871412,6effb31cb1d40fef,[],0.0,esp_028733_1370,['train'],1.0,Counter({'train': 1}),test,5d6e98f4490839ab,True,hirise_clean,0,C:\Users\deves\OneDrive\Desktop\Projects\TCMD-SS\data\raw\hirise_v3_2\map-proj-v3_2\ESP_028733_1370_RED-1329.jpg
map-proj-v3_2/ESP_032158_1615_RED-0014.jpg,ok,,JPEG,227.0,227.0,L,1.0,1.0,normal,other,train,esp_032158_1615_red-0014,[],6e3fbe02ffdba07c137bf00154f53639dfa9260e8d505bb6a51386c9a237401a,39327968683c67b3dac19f79623a2c6ec269f3ecbde2f22a47df07d0eddd9994,bb1a06dd91ce4d51,122.93510450425974,13.74266408069767,4ced79d713124eb9,[],0.0,esp_032158_1615,['train'],1.0,Counter({'train': 1}),test,0eb1e198c372379a,True,hirise_clean,0,C:\Users\deves\OneDrive\Desktop\Projects\TCMD-SS\data\raw\hirise_v3_2\map-proj-v3_2\ESP_032158_1615_RED-0014.jpg
map-proj-v3_2/ESP_032158_1615_RED-0021.jpg,ok,,JPEG,227.0,227.0,L,1.0,1.0,normal,other,train,esp_032158_1615_red-0021,[],17a22d99536fb241d784a810d0040b0ee47c401989167fa730b6b05575735840,403eadcbc8eeb9197b8c97fa06248282fa1e95c845359b151a1d4ce2b4b4d13c,b660598fc8b7722c,111.45762580294593,18.721230187676397,082ab750d28bcbd8,[],0.0,esp_032158_1615,['train'],1.0,Counter({'train': 1}),test,0eb1e198c372379a,True,hirise_clean,0,C:\Users\deves\OneDrive\Desktop\Projects\TCMD-SS\data\raw\hirise_v3_2\map-proj-v3_2\ESP_032158_1615_RED-0021.jpg
map-proj-v3_2/ESP_032158_1615_RED-0023.jpg,ok,,JPEG,227.0,227.0,L,1.0,1.0,normal,other,train,esp_032158_1615_red-0023,[],717275818c3f146afef74b4e0a4df3bd73032f9eac0f683f9a5cbebee551d584,f3d0b1870f133da7681188b606a481b89443e7e6270316758b2df84673601598,87e1d8eb3494c752,90.66401443847154,50.84621460518146,78f4cc80e6d0e5ee,[],0.0,esp_032158_1615,['train'],1.0,Counter({'train': 1}),test,0eb1e198c372379a,True,hirise_clean,0,C:\Users\deves\OneDrive\Desktop\Projects\TCMD-SS\data\raw\hirise_v3_2\map-proj-v3_2\ESP_032158_1615_RED-0023.jpg
map-proj-v3_2/ESP_032158_1615_RED-0028.jpg,ok,,JPEG,227.0,227.0,L,1.0,1.0,normal,other,train,esp_032158_1615_red-0028,[],3a28a8803e527605d6c0d98e22e6d9a087acc6df63ac412e94c4a5d56109e296,b1b48857761d12a84fe94a856584b784dd1450dbc68072d8ce1dd2fe2063122c,ce1eabaff2217021,121.45628675114985,16.130718438826364,ca7503c935fa02f4,[],0.0,esp_032158_1615,['train'],1.0,Counter({'train': 1}),test,0eb1e198c372379a,True,hirise_clean,0,C:\Users\deves\OneDrive\Desktop\Projects\TCMD-SS\data\raw\hirise_v3_2\map-proj-v3_2\ESP_032158_1615_RED-0028.jpg
map-proj-v3_2/ESP_032158_1615_RED-0029.jpg,ok,,JPEG,227.0,227.0,L,1.0,1.0,normal,other,train,esp_032158_1615_red-0029,[],4523d2275f0d15f633fc9b0382c97d9e1777bcf6d4fea41f250e27523cd2db7b,edb6c5d780d3855fb72da508046838173784200533e53546370ca968b9c6d6cc,ac57906b928dc9b6,110.78220031438607,16.689296138639886,02bd1b9f9cba6e32,[],0.0,esp_032158_1615,['train'],1.0,Counter({'train': 1}),test,0eb1e198c372379a,True,hirise_clean,0,C:\Users\deves\OneDrive\Desktop\Projects\TCMD-SS\data\raw\hirise_v3_2\map-proj-v3_2\ESP_032158_1615_RED-0029.jpg
map-proj-v3_2/ESP_032158_1615_RED-0034.jpg,ok,,JPEG,227.0,227.0,L,1.0,1.0,normal,other,train,esp_032158_1615_red-0034,[],54008d11372ff8e01b157fae815154457ec7c06b6171253a6c7a6fdf03eb0d04,07e2f0c87ae8ae812afe770842e803cacdc73719e7ef2ca5ee9ec3d05269e153,db7eea20d8b94449,122.76413281841292,15.095123144006909,e2c93086213c8e69,[],0.0,esp_032158_1615,['train'],1.0,Counter({'train': 1}),test,0eb1e198c372379a,True,hirise_clean,0,C:\Users\deves\OneDrive\Desktop\Projects\TCMD-SS\data\raw\hirise_v3_2\map-proj-v3_2\ESP_032158_1615_RED-0034.jpg
map-proj-v3_2/ESP_032158_1615_RED-0055.jpg,ok,,JPEG,227.0,227.0,L,1.0,1.0,normal,other,train,esp_032158_1615_red-0055,[],25c5baa93955f92232403d4023a82c0410f21f8b02814f8a8cc3216964ebf9ef,ac7ab14684b4e5ee549739fc6f7a78e7ab73963b73d81bd026fedf9ae1044e47,d7b81d9454c2d933,116.06819460886103,15.771759609344755,618d086cce0c5931,[],0.0,esp_032158_1615,['train'],1.0,Counter({'train': 1}),test,0eb1e198c372379a,True,hirise_clean,0,C:\Users\deves\OneDrive\Desktop\Projects\TCMD-SS\data\raw\hirise_v3_2\map-proj-v3_2\ESP_032158_1615_RED-0055.jpg
map-proj-v3_2/ESP_032158_1615_RED-0057.jpg,ok,,JPEG,227.0,227.0,L,1.0,1.0,normal,other,train,esp_032158_1615_red-0057,[],d9c6e5e49111c58c01804e4394139fd938613ae0a3996fe5e22026e4db2851e3,7eae8b63386932af658599911fdaee5fc9d7494989344ca145c63127dc7c4cc1,b99f194866cd6326,131.56247938054298,19.867198236087305,5f985fac34ce2898,[],0.0,esp_032158_1615,['train'],1.0,Counter({'train': 1}),test,0eb1e198c372379a,True,hirise_clean,0,C:\Users\deves\OneDrive\Desktop\Projects\TCMD-SS\data\raw\hirise_v3_2\map-proj-v3_2\ESP_032158_1615_RED-0057.jpg
map-proj-v3_2/ESP_032158_1615_RED-0069.jpg,ok,,JPEG,227.0,227.0,L,1.0,1.0,normal,other,train,esp_032158_1615_red-0069,[],2367070a29e2f665dd60d357bd9a0ed9f657b9bede7b97f39cd7a7ae4b072895,5479466a54ada6b4162505f28b1f581008567471a5e1720d44454466ec28d6a1,c5b2dbce2712328d,120.34972539734906,16.537493398227387,0cc089ad97d35bb8,[],0.0,esp_032158_1615,['train'],1.0,Counter({'train': 1}),test,0eb1e198c372379a,True,hirise_clean,0,C:\Users\deves\OneDrive\Desktop\Projects\TCMD-SS\data\raw\hirise_v3_2\map-proj-v3_2\ESP_032158_1615_RED-0069.jpg
map-proj-v3_2/ESP_032158_1615_RED-0075.jpg,ok,,JPEG,227.0,227.0,L,1.0,1.0,normal,other,train,esp_032158_1615_red-0075,[],0360d78cff744d944b1a0f9418cd16a52933353484dd41ec25af45045cb16952,607b4ae14591db8359f7b3eae1222ade3a60ecab308ecbff4d01c8a4a15b3df1,8ec399d571c968cc,87.15866793456112,58.38918225540673,74b6c9bcd5fafaf5,[],0.0,esp_032158_1615,['train'],1.0,Counter({'train': 1}),test,0eb1e198c372379a,True,hirise_clean,0,C:\Users\deves\OneDrive\Desktop\Projects\TCMD-SS\data\raw\hirise_v3_2\map-proj-v3_2\ESP_032158_1615_RED-0075.jpg
map-proj-v3_2/ESP_032158_1615_RED-0085.jpg,ok,,JPEG,227.0,227.0,L,1.0,1.0,normal,other,train,esp_032158_1615_red-0085,[],734f2084d113ffe98610950be02761cbd9e56ad2509a86cb619fa578cccdfd03,702ad4104cd4e0e5e3da80046f084cd6d5cafc47bd339e3e68a5bd5a12f8f361,87e1c867389a89e7,103.34832812590967,57.83955408320038,7c8556c827f9d5c0,[],0.0,esp_032158_1615,['train'],1.0,Counter({'train': 1}),test,0eb1e198c372379a,True,hirise_clean,0,C:\Users\deves\OneDrive\Desktop\Projects\TCMD-SS\data\raw\hirise_v3_2\map-proj-v3_2\ESP_032158_1615_RED-0085.jpg
map-proj-v3_2/ESP_032158_1615_RED-0095.jpg,ok,,JPEG,227.0,227.0,L,1.0,1.0,normal,other,train,esp_032158_1615_red-0095,[],15da515cdb07c94621c4f8eb154fb6b841fe9451a02e28dd73969c8a56149e9d,77520a63c5f4ba53af84b1a270544c6a1764f831dbbdf4cf8590eec5acac482c,f2bc9c39720698b9,152.29249548797765,16.814381574706193,faaaae4491b5b601,[],0.0,esp_032158_1615,['train'],1.0,Counter({'train': 1}),test,0eb1e198c372379a,True,hirise_clean,0,C:\Users\deves\OneDrive\Desktop\Projects\TCMD-SS\data\raw\hirise_v3_2\map-proj-v3_2\ESP_032158_1615_RED-0095.jpg
map-proj-v3_2/ESP_032158_1615_RED-0098.jpg,ok,,JPEG,227.0,227.0,L,1.0,1.0,normal,other,train,esp_032158_1615_red-0098,[],006a86d6b8419ba08373c8e383f9a13b39451384aaf64ca47a738ac7d240f16f,7b04c0c33079322c589b2d8b9144b24e936f5e4d7634fb5c58e26649485e7080,f1e41671b57063b2,158.00723864231793,18.005627180979015,599b130f6086dcd3,[],0.0,esp_032158_1615,['train'],1.0,Counter({'train': 1}),test,0eb1e198c372379a,True,hirise_clean,0,C:\Users\deves\OneDrive\Desktop\Projects\TCMD-SS\data\raw\hirise_v3_2\map-proj-v3_2\ESP_032158_1615_RED-0098.jpg
map-proj-v3_2/ESP_032158_1615_RED-0101.jpg,ok,,JPEG,227.0,227.0,L,1.0,1.0,normal,other,train,esp_032158_1615_red-0101,[],e0f4ac9a2f62c583cf247f5132ce448c198ce68c4f4a5f91eb1e23e39275de2a,9f30e564f5f886d02957ca6af1b1c361ea9256a92dc2d7738c880bd65eeaf804,f8217a3cb518b1ae,159.7482194492422,17.74242700824873,4a0f66f896e1d5b7,[],0.0,esp_032158_1615,['train'],1.0,Counter({'train': 1}),test,0eb1e198c372379a,True,hirise_clean,0,C:\Users\deves\OneDrive\Desktop\Projects\TCMD-SS\data\raw\hirise_v3_2\map-proj-v3_2\ESP_032158_1615_RED-0101.jpg
map-proj-v3_2/ESP_032158_1615_RED-0105.jpg,ok,,JPEG,227.0,227.0,L,1.0,1.0,normal,other,train,esp_032158_1615_red-0105,[],d39b9c8e3de45344aae617cab1de3768704ebc197c8973cc8272a009b2f2efdb,410bfd9480b06e3e80490c130cc8174e70c9b9919803413685251f6f31838731,841c1b8bf6f0f1f0,165.12363911583768,19.810822629660045,fbcdd1700e15ce1e,[],0.0,esp_032158_1615,['train'],1.0,Counter({'train': 1}),test,0eb1e198c372379a,True,hirise_clean,0,C:\Users\deves\OneDrive\Desktop\Projects\TCMD-SS\data\raw\hirise_v3_2\map-proj-v3_2\ESP_032158_1615_RED-0105.jpg
map-proj-v3_2/ESP_032158_1615_RED-0110.jpg,ok,,JPEG,227.0,227.0,L,1.0,1.0,normal,other,train,esp_032158_1615_red-0110,[],6813e5865299455b5e4521e872773a2240a0deea54170e4b1794fc5363a029cd,18c126611838e1d8607a57ad15cf04eb6bc7797af8cc5ce32167ac9e881b34f5,edeb88e62493e90c,160.16027867802595,16.733960887929204,15854d7c6f169800,[],0.0,esp_032158_1615,['train'],1.0,Counter({'train': 1}),test,0eb1e198c372379a,True,hirise_clean,0,C:\Users\deves\OneDrive\Desktop\Projects\TCMD-SS\data\raw\hirise_v3_2\map-proj-v3_2\ESP_032158_1615_RED-0110.jpg
map-proj-v3_2/ESP_032158_1615_RED-0114.jpg,ok,,JPEG,227.0,227.0,L,1.0,1.0,normal,other,train,esp_032158_1615_red-0114,[],a1791503e7cfb5b840f9383d7a94d7cad8cc98a5aefe238ff5a56c5e97056bf8,ca3b8d7794d1abcd6ca4c43d552d1b2669b74ea50a103764cfd90fc4d8550e12,d7561271778d9911,142.07279396068233,18.087687268030678,a047461fe9dffd28,[],0.0,esp_032158_1615,['train'],1.0,Counter({'train': 1}),test,0eb1e198c372379a,True,hirise_clean,0,C:\Users\deves\OneDrive\Desktop\Projects\TCMD-SS\data\raw\hirise_v3_2\map-proj-v3_2\ESP_032158_1615_RED-0114.jpg
map-proj-v3_2/ESP_032158_1615_RED-0117.jpg,ok,,JPEG,227.0,227.0,L,1.0,1.0,normal,other,train,esp_032158_1615_red-0117,[],02fd7134f5e9ae420d4915d587ced445dcf561bc83ca18402a1dfdf77d868001,33458fdf60adc3bd7522ed09839acd49dff025ddd6e551310a827eaa465839e7,854dff77080956e4,171.85707077567972,17.23597673322633,882f6a6f5cc93344,[],0.0,esp_032158_1615,['train'],1.0,Counter({'train': 1}),test,0eb1e198c372379a,True,hirise_clean,0,C:\Users\deves\OneDrive\Desktop\Projects\TCMD-SS\data\raw\hirise_v3_2\map-proj-v3_2\ESP_032158_1615_RED-0117.jpg
map-proj-v3_2/ESP_032158_1615_RED-0123.jpg,ok,,JPEG,227.0,227.0,L,1.0,1.0,normal,other,train,esp_032158_1615_red-0123,[],f8e9d637d05f09c82a9620f2263ac8b522409abd2f837ea02db3a4d3788f1b89,001846951cdc5cdbaecfa58453d43d5d280734e86c1e6b0b15785f44b50e5e84,ed22822e69cb967a,170.32222631916008,17.802666235009163,4169ee8427fb62c2,[],0.0,esp_032158_1615,['train'],1.0,Counter({'train': 1}),test,0eb1e198c372379a,True,hirise_clean,0,C:\Users\deves\OneDrive\Desktop\Projects\TCMD-SS\data\raw\hirise_v3_2\map-proj-v3_2\ESP_032158_1615_RED-0123.jpg
map-proj-v3_2/ESP_032158_1615_RED-0132.jpg,ok,,JPEG,227.0,227.0,L,1.0,1.0,normal,other,train,esp_032158_1615_red-0132,[],9246a2eef8d7855b25d9d12d390ca9e585d60a19991ab628958c1d3a4824385c,23310177f3799b85236db56ce0b012fc5dd300ac2c95734769fcd57b950e0468,d2699d6326ec89c3,96.39624289235188,56.256522455826186,9818ef08b21463f5,[],0.0,esp_032158_1615,['train'],1.0,Counter({'train': 1}),test,0eb1e198c372379a,True,hirise_clean,0,C:\Users\deves\OneDrive\Desktop\Projects\TCMD-SS\data\raw\hirise_v3_2\map-proj-v3_2\ESP_032158_1615_RED-0132.jpg
map-proj-v3_2/ESP_032158_1615_RED-0145.jpg,ok,,JPEG,227.0,227.0,L,1.0,1.0,normal,other,train,esp_032158_1615_red-0145,[],0ccfd942f30559a7da920eb92555b9c97dccd5eb795cc2ef3c0cc6694698e267,87e3b96cd46889ce1237b3023168a45bfa58b053ff2f5a489f4ad594fbaca27e,e361194f66790bcc,162.53956024762755,16.83429877870388,2064ba8c77a7aeb0,[],0.0,esp_032158_1615,['train'],1.0,Counter({'train': 1}),test,0eb1e198c372379a,True,hirise_clean,0,C:\Users\deves\OneDrive\Desktop\Projects\TCMD-SS\data\raw\hirise_v3_2\map-proj-v3_2\ESP_032158_1615_RED-0145.jpg
map-proj-v3_2/ESP_032158_1615_RED-0147.jpg,ok,,JPEG,227.0,227.0,L,1.0,1.0,normal,other,train,esp_032158_1615_red-0147,[],2f5bc88970c5120e759a92d0165a7b2ac95024b3000dc2491d4487088670cb08,c42a032672bc9d33d8aa36ed52ddc75649ea7f79ff13e5a68f48b97a80213345,a6d126b8e67ae24c,147.34563061576975,20.529362411100152,dfcf2ce2c5f395f4,[],0.0,esp_032158_1615,['train'],1.0,Counter({'train': 1}),test,0eb1e198c372379a,True,hirise_clean,0,C:\Users\deves\OneDrive\Desktop\Projects\TCMD-SS\data\raw\hirise_v3_2\map-proj-v3_2\ESP_032158_1615_RED-0147.jpg
map-proj-v3_2/ESP_032158_1615_RED-0149.jpg,ok,,JPEG,227.0,227.0,L,1.0,1.0,normal,other,train,esp_032158_1615_red-0149,[],b121e17056ec6d59791426aebef80d85de85676719762aee3dc24435c9e90b38,e33740a32a32cf006dd8aeb3eee2ae7e0984228adf85af75c87c4c4b1dced1a7,9278c4f53a1d2a76,166.03660074909274,17.327158260333054,b3e51fb479d4feaf,[],0.0,esp_032158_1615,['train'],1.0,Counter({'train': 1}),test,0eb1e198c372379a,True,hirise_clean,0,C:\Users\deves\OneDrive\Desktop\Projects\TCMD-SS\data\raw\hirise_v3_2\map-proj-v3_2\ESP_032158_1615_RED-0149.jpg
map-proj-v3_2/ESP_032158_1615_RED-0150.jpg,ok,,JPEG,227.0,227.0,L,1.0,1.0,normal,other,train,esp_032158_1615_red-0150,[],2d87d493296136aad63e4662677f99a093ccea2ab4cf57dce5a2f3b3d838f2f6,e751dbf0d7c160c1a7ff1ad60e7635bd8a019df867902c13e9513343a15467dd,ed0316cb7359926c,160.13400221234645,17.827133960566766,3679dc60553f73f2,[],0.0,esp_032158_1615,['train'],1.0,Counter({'train': 1}),test,0eb1e198c372379a,True,hirise_clean,0,C:\Users\deves\OneDrive\Desktop\Projects\TCMD-SS\data\raw\hirise_v3_2\map-proj-v3_2\ESP_032158_1615_RED-0150.jpg
map-proj-v3_2/ESP_032158_1615_RED-0151.jpg,ok,,JPEG,227.0,227.0,L,1.0,1.0,normal,other,train,esp_032158_1615_red-0151,[],7f7cdb62a77bbb8803f36902e34b8fa7ceda46b5b3266640f6947b49cbeac4d5,72e2dac55e2e1346d7301871ebf0561107107b625aced4f2b56b295b0a5a4608,a7601ff132e09f19,155.7741271905141,18.088978001014965,e2a05f6d6fc20fbd,[],0.0,esp_032158_1615,['train'],1.0,Counter({'train': 1}),test,0eb1e198c372379a,True,hirise_clean,0,C:\Users\deves\OneDrive\Desktop\Projects\TCMD-SS\data\raw\hirise_v3_2\map-proj-v3_2\ESP_032158_1615_RED-0151.jpg
map-proj-v3_2/ESP_032158_1615_RED-0154.jpg,ok,,JPEG,227.0,227.0,L,1.0,1.0,normal,other,train,esp_032158_1615_red-0154,[],e4de9a773884839ed4342c2cd17f680cf46f38670c281848a927791d07176f7c,78a4fd0a6bcb426e304244f6dfcdf8b834f22352398c895ad0f21a48a7861b39,d2f8be1b20a370b9,151.69232859166684,15.694125619023458,b9a1a774a21c3b9d,[],0.0,esp_032158_1615,['train'],1.0,Counter({'train': 1}),test,0eb1e198c372379a,True,hirise_clean,0,C:\Users\deves\OneDrive\Desktop\Projects\TCMD-SS\data\raw\hirise_v3_2\map-proj-v3_2\ESP_032158_1615_RED-0154.jpg
map-proj-v3_2/ESP_032158_1615_RED-0159.jpg,ok,,JPEG,227.0,227.0,L,1.0,1.0,normal,other,train,esp_032158_1615_red-0159,[],7ae807dab77b98eadc92728ac429f5268cfd601611a68f376f5e65ddb3903718,4bd6635824911c4f4a9f62b8bceeaa0e3a61b1cb86abdd09e608112b9c8cc797,842d69e64cbd46b6,162.19538512294048,18.312289896051126,af258b474462f2c1,[],0.0,esp_032158_1615,['train'],1.0,Counter({'train': 1}),test,0eb1e198c372379a,True,hirise_clean,0,C:\Users\deves\OneDrive\Desktop\Projects\TCMD-SS\data\raw\hirise_v3_2\map-proj-v3_2\ESP_032158_1615_RED-0159.jpg
map-proj-v3_2/ESP_032158_1615_RED-0161.jpg,ok,,JPEG,227.0,227.0,L,1.0,1.0,normal,other,train,esp_032158_1615_red-0161,[],ec7dcb2f28b7a03b5262d4e77453522c9b669c3f10c4962d95dba00c88351506,53269255143d4109fdd72aaa06be176a9801194264c78cf5e995d681c1de9306,a88592b36cef3392,164.44563255642453,16.43345760867294,f4d154b58a69c9a0,[],0.0,esp_032158_1615,['train'],1.0,Counter({'train': 1}),test,0eb1e198c372379a,True,hirise_clean,0,C:\Users\deves\OneDrive\Desktop\Projects\TCMD-SS\data\raw\hirise_v3_2\map-proj-v3_2\ESP_032158_1615_RED-0161.jpg
map-proj-v3_2/ESP_032158_1615_RED-0162.jpg,ok,,JPEG,227.0,227.0,L,1.0,1.0,normal,other,train,esp_032158_1615_red-0162,[],691d8df079cfb8ac924b2f0f28219fccea06c888ff15dad622b581dd81fdf2c6,f503c69fa89b0004a8bc4fa5197f54bec603474a22e9b7db085a37d2cf9deec2,8ee3d858b8cc7833,92.1813735954511,60.98228272975332,3326b3397ac040c9,[],0.0,esp_032158_1615,['train'],1.0,Counter({'train': 1}),test,0eb1e198c372379a,True,hirise_clean,0,C:\Users\deves\OneDrive\Desktop\Projects\TCMD-SS\data\raw\hirise_v3_2\map-proj-v3_2\ESP_032158_1615_RED-0162.jpg
map-proj-v3_2/ESP_032158_1615_RED-0180.jpg,ok,,JPEG,227.0,227.0,L,1.0,1.0,normal,other,train,esp_032158_1615_red-0180,[],42a29fbf6ff4de35ff55d8fd33678a0e1f84b00d7e5cffd30d83235550b78f3d,9a466f90d1e823f3fa41039adf6a0ff207793ff735f8d026f182c9965355d418,d27d5d7d22328c25,177.72056511867103,17.01871497209582,06ffde91aff56748,[],0.0,esp_032158_1615,['train'],1.0,Counter({'train': 1}),test,0eb1e198c372379a,True,hirise_clean,0,C:\Users\deves\OneDrive\Desktop\Projects\TCMD-SS\data\raw\hirise_v3_2\map-proj-v3_2\ESP_032158_1615_RED-0180.jpg
map-proj-v3_2/ESP_032158_1615_RED-0181.jpg,ok,,JPEG,227.0,227.0,L,1.0,1.0,normal,other,train,esp_032158_1615_red-0181,[],8e9b7c35b525ab9e3a0afc7c70ca07e1b1b2085b870076214ae425c40cf66cd4,f0f0e68f11982693cb754ade0a5cecf793953ae5a47a766b067c5a390eff2710,d932345a174f43d6,171.12078635331562,18.91379114259852,123f2ab5edb0292c,[],0.0,esp_032158_1615,['train'],1.0,Counter({'train': 1}),test,0eb1e198c372379a,True,hirise_clean,0,C:\Users\deves\OneDrive\Desktop\Projects\TCMD-SS\data\raw\hirise_v3_2\map-proj-v3_2\ESP_032158_1615_RED-0181.jpg
map-proj-v3_2/ESP_032158_1615_RED-0182.jpg,ok,,JPEG,227.0,227.0,L,1.0,1.0,normal,crater,train,esp_032158_1615_red-0182,[],2d08ad19c83cf32beec789fd53f1a38e89736b2a5a8f1bab08838d06193fdbb1,aca6d86ef98f0875f0c4ed1bc96b786c37230b665f4fbe52de9fb8b694cec5a9,db4d6c439b6586c1,113.8196937646762,75.19474735372462,5b6d87b0999e2287,[],1.0,esp_032158_1615,['train'],1.0,Counter({'train': 1}),test,0eb1e198c372379a,True,hirise_clean,0,C:\Users\deves\OneDrive\Desktop\Projects\TCMD-SS\data\raw\hirise_v3_2\map-proj-v3_2\ESP_032158_1615_RED-0182.jpg
map-proj-v3_2/ESP_032158_1615_RED-0183.jpg,ok,,JPEG,227.0,227.0,L,1.0,1.0,normal,other,train,esp_032158_1615_red-0183,[],6d8f75df84ffef37b92b4ffc09cb0184db2e20602f7be7c285fc5323f91be71e,485b0424f6e34c7cd19ae6db224f583e1ffbd2b1bb31630ea56921bbe68c409f,b1c8c367cdd3a04e,175.06673911777833,17.55997725021427,d62f921a32925cb0,[],0.0,esp_032158_1615,['train'],1.0,Counter({'train': 1}),test,0eb1e198c372379a,True,hirise_clean,0,C:\Users\deves\OneDrive\Desktop\Projects\TCMD-SS\data\raw\hirise_v3_2\map-proj-v3_2\ESP_032158_1615_RED-0183.jpg
map-proj-v3_2/ESP_032158_1615_RED-0188.jpg,ok,,JPEG,227.0,227.0,L,1.0,1.0,normal,other,train,esp_032158_1615_red-0188,[],7e9dcab485e54a3d663cd59f63c1b728db3fd2d6865079d738a6eebc69094025,05023f1a49c303bc20e52a2cc7cdaf34e29d4048d90a1b50030951c54929f2d3,c35b82f20f66a873,175.9733354033651,17.086487518304505,4299dee64d4bb137,[],0.0,esp_032158_1615,['train'],1.0,Counter({'train': 1}),test,0eb1e198c372379a,True,hirise_clean,0,C:\Users\deves\OneDrive\Desktop\Projects\TCMD-SS\data\raw\hirise_v3_2\map-proj-v3_2\ESP_032158_1615_RED-0188.jpg
map-proj-v3_2/ESP_032158_1615_RED-0193.jpg,ok,,JPEG,227.0,227.0,L,1.0,1.0,normal,other,train,esp_032158_1615_red-0193,[],09fc87311e4842002b8671422a8aa0aca3928fa97a3394fce10e08e6b2168a23,a9ce9cadefb8589d2452f93ce8a3eb36b6b575847710fc11b27c8e1b10cfa5dc,c1b294947177c78d,179.1489840672243,18.66283701793372,23c55585b9c9ae28,[],0.0,esp_032158_1615,['train'],1.0,Counter({'train': 1}),test,0eb1e198c372379a,True,hirise_clean,0,C:\Users\deves\OneDrive\Desktop\Projects\TCMD-SS\data\raw\hirise_v3_2\map-proj-v3_2\ESP_032158_1615_RED-0193.jpg
map-proj-v3_2/ESP_032158_1615_RED-0194.jpg,ok,,JPEG,227.0,227.0,L,1.0,1.0,normal,other,train,esp_032158_1615_red-0194,[],835f7f5f80004055e20e40399a4a873453a581202cd6688bcc56c3e42d6a3a8c,683294f7df1a206e97f5f8c6500375473a04642125b6d450525ce793f2fa83da,a098d7f29859d3c6,165.47555745308466,15.023525875410478,0629935fde76b8b6,[],0.0,esp_032158_1615,['train'],1.0,Counter({'train': 1}),test,0eb1e198c372379a,True,hirise_clean,0,C:\Users\deves\OneDrive\Desktop\Projects\TCMD-SS\data\raw\hirise_v3_2\map-proj-v3_2\ESP_032158_1615_RED-0194.jpg
map-proj-v3_2/ESP_032158_1615_RED-0198.jpg,ok,,JPEG,227.0,227.0,L,1.0,1.0,normal,other,train,esp_032158_1615_red-0198,[],64a9bece4dceaaa044064818c7ab833afbb6f82d09dec06c25f74725fca9cda7,5b2b426bd73a77831b66153a86824733629d5ab244fda629b19840356bf88b31,8fc3d8b153c74a94,115.38968347920589,70.3641147238899,0899197c88d0e121,[],0.0,esp_032158_1615,['train'],1.0,Counter({'train': 1}),test,0eb1e198c372379a,True,hirise_clean,0,C:\Users\deves\OneDrive\Desktop\Projects\TCMD-SS\data\raw\hirise_v3_2\map-proj-v3_2\ESP_032158_1615_RED-0198.jpg
map-proj-v3_2/ESP_032158_1615_RED-0202.jpg,ok,,JPEG,227.0,227.0,L,1.0,1.0,normal,other,train,esp_032158_1615_red-0202,[],8e0e21673a3672eebdd509b0e582a7b771770bd20690af47a9094338fcdcf5a0,2cb62271a040bf4d6ae8ff48875c345032eac57ed5408ddadeed76820a92a9ea,d24a39e269f1964d,143.9738981932504,75.53343658645431,4c5d7f851fd6f7d5,[],0.0,esp_032158_1615,['train'],1.0,Counter({'train': 1}),test,0eb1e198c372379a,True,hirise_clean,0,C:\Users\deves\OneDrive\Desktop\Projects\TCMD-SS\data\raw\hirise_v3_2\map-proj-v3_2\ESP_032158_1615_RED-0202.jpg
map-proj-v3_2/ESP_032158_1615_RED-0216.jpg,ok,,JPEG,227.0,227.0,L,1.0,1.0,normal,other,train,esp_032158_1615_red-0216,[],5e73ed1ee01b2d2ead5f6ef0b053bba7dc17ea6752c82f23d795bd457df8abe6,463016a1b222dd21ade240ed8eabf5564ce4a3b6b9f23aa99e22783a9794c638,e39e48ad63c7c891,187.61427545653905,15.373646103864028,8a59473ec0722ead,[],0.0,esp_032158_1615,['train'],1.0,Counter({'train': 1}),test,0eb1e198c372379a,True,hirise_clean,0,C:\Users\deves\OneDrive\Desktop\Projects\TCMD-SS\data\raw\hirise_v3_2\map-proj-v3_2\ESP_032158_1615_RED-0216.jpg
map-proj-v3_2/ESP_032158_1615_RED-0217.jpg,ok,,JPEG,227.0,227.0,L,1.0,1.0,normal,other,train,esp_032158_1615_red-0217,[],0cf2451ac5205617ea4786a8848004f02ed00a958859076c6664827ef4376db3,5767948cb29fbf1b3de8c6ab06941341f72afe97af7b97c5a11645fc4e72b74d,e4c76e5c620a9b93,185.47462593879172,19.058800772537804,fa182b13ba12aff4,[],0.0,esp_032158_1615,['train'],1.0,Counter({'train': 1}),test,0eb1e198c372379a,True,hirise_clean,0,C:\Users\deves\OneDrive\Desktop\Projects\TCMD-SS\data\raw\hirise_v3_2\map-proj-v3_2\ESP_032158_1615_RED-0217.jpg
map-proj-v3_2/ESP_032158_1615_RED-0222.jpg,ok,,JPEG,227.0,227.0,L,1.0,1.0,normal,other,train,esp_032158_1615_red-0222,[],e3e7d053200bbd17dd40fc65516e5468073debc2301682f533618aa90a74aa68,464a73d7a3945713c634b0fd5e9cdf146750875a17ca623627385ef3d959f660,e4df0e866d53826c,196.1458790195812,13.784241933767673,107b22483260739e,[],0.0,esp_032158_1615,['train'],1.0,Counter({'train': 1}),test,0eb1e198c372379a,True,hirise_clean,0,C:\Users\deves\OneDrive\Desktop\Projects\TCMD-SS\data\raw\hirise_v3_2\map-proj-v3_2\ESP_032158_1615_RED-0222.jpg
map-proj-v3_2/ESP_032158_1615_RED-0227.jpg,ok,,JPEG,227.0,227.0,L,1.0,1.0,normal,other,train,esp_032158_1615_red-0227,[],1d7a3ef65eb7c4cc7082c46f0652d2170e2b3fc7a80efc9be2d1f3d2cfcb14b5,bf4f0f2eb55cb449a0ff299d3a9e336625cce91e476ab8eb251d4778d01fd53f,9c3c98937171a1bb,190.15892021968213,17.34585936771939,484caf62513cfe01,[],0.0,esp_032158_1615,['train'],1.0,Counter({'train': 1}),test,0eb1e198c372379a,True,hirise_clean,0,C:\Users\deves\OneDrive\Desktop\Projects\TCMD-SS\data\raw\hirise_v3_2\map-proj-v3_2\ESP_032158_1615_RED-0227.jpg
map-proj-v3_2/ESP_032158_1615_RED-0230.jpg,ok,,JPEG,227.0,227.0,L,1.0,1.0,normal,other,train,esp_032158_1615_red-0230,[],fa713a90f2b8a52b0f70bc1d7a019f896cab35e48eec83300f1a287db2e7f279,27aa6d4c3dcf98cae17fd6393662b5b556ed8d14d2905aa202ce1543b39b3463,86937fec095831a7,194.95540375322636,14.51028668505911,a98a838b4616e202,[],0.0,esp_032158_1615,['train'],1.0,Counter({'train': 1}),test,0eb1e198c372379a,True,hirise_clean,0,C:\Users\deves\OneDrive\Desktop\Projects\TCMD-SS\data\raw\hirise_v3_2\map-proj-v3_2\ESP_032158_1615_RED-0230.jpg
map-proj-v3_2/ESP_032158_1615_RED-0246.jpg,ok,,JPEG,227.0,227.0,L,1.0,1.0,normal,other,train,esp_032158_1615_red-0246,[],aacc92102bc71daec07cdbe9a519ad7323baf2df2e0dcd9421c53990b08ca641,1f5cb6b11b05e5de8534039dee6a648493ca312691fce15469ef4fac541177fb,d24beddb2003d12f,139.6114032874692,80.94890725857728,5d30caa0c70d63d6,[],0.0,esp_032158_1615,['train'],1.0,Counter({'train': 1}),test,0eb1e198c372379a,True,hirise_clean,0,C:\Users\deves\OneDrive\Desktop\Projects\TCMD-SS\data\raw\hirise_v3_2\map-proj-v3_2\ESP_032158_1615_RED-0246.jpg
map-proj-v3_2/ESP_032158_1615_RED-0255.jpg,ok,,JPEG,227.0,227.0,L,1.0,1.0,normal,other,train,esp_032158_1615_red-0255,[],6bc40539dbb04b27f5b1c6307cb6da9d19360518fe7663f702d7ce2f988f7f55,8f9a270f3645109efbe7a8a568e6103a35ae66eae3892b27d55c8ee2b279e616,d24be1cb9d26650d,144.60932678685788,81.56741833460326,19c9fb1f77623c76,[],0.0,esp_032158_1615,['train'],1.0,Counter({'train': 1}),test,0eb1e198c372379a,True,hirise_clean,0,C:\Users\deves\OneDrive\Desktop\Projects\TCMD-SS\data\raw\hirise_v3_2\map-proj-v3_2\ESP_032158_1615_RED-0255.jpg
map-proj-v3_2/ESP_032158_1615_RED-0258.jpg,ok,,JPEG,227.0,227.0,L,1.0,1.0,normal,other,train,esp_032158_1615_red-0258,[],bb46d23a8712c4eee96fad19063d96ae050a90c76b344ba7b658d08e47809332,2e5ddfc25dfd09ae46907663d402b32ef049c993c58b2e1f198d16ad84bdd0c5,8df00ff03d40b357,187.29243726833437,18.514147739863084,9adeaa0550a5d9c1,[],0.0,esp_032158_1615,['train'],1.0,Counter({'train': 1}),test,0eb1e198c372379a,True,hirise_clean,0,C:\Users\deves\OneDrive\Desktop\Projects\TCMD-SS\data\raw\hirise_v3_2\map-proj-v3_2\ESP_032158_1615_RED-0258.jpg
map-proj-v3_2/ESP_032158_1615_RED-0259.jpg,ok,,JPEG,227.0,227.0,L,1.0,1.0,normal,other,train,esp_032158_1615_red-0259,[],6d5f24f7ef5993520f3186909181c63a46ae87980d9b5f0e5dd3f4026194215b,d4879ea75884b1d19b65e84c9b89e0e20d2d29570833184ee34dec68ee4cebd9,c5f89836f217b20b,198.83397698383436,18.420648178615156,438ff3b771bc0ead,[],0.0,esp_032158_1615,['train'],1.0,Counter({'train': 1}),test,0eb1e198c372379a,True,hirise_clean,0,C:\Users\deves\OneDrive\Desktop\Projects\TCMD-SS\data\raw\hirise_v3_2\map-proj-v3_2\ESP_032158_1615_RED-0259.jpg
map-proj-v3_2/ESP_032158_1615_RED-0277.jpg,ok,,JPEG,227.0,227.0,L,1.0,1.0,normal,other,train,esp_032158_1615_red-0277,[],6f84065acfc725e57c3ac5ae8847533cb6fff15da10eb7a9aafa8e221b226164,a00107c8d0ffc6dc9f0579fbc03aab4fb095d7ff0a0234c874547f775c173959,e07871b7d5ca8465,185.17813270197365,17.977295070098496,c778170665823f33,[],0.0,esp_032158_1615,['train'],1.0,Counter({'train': 1}),test,0eb1e198c372379a,True,hirise_clean,0,C:\Users\deves\OneDrive\Desktop\Projects\TCMD-SS\data\raw\hirise_v3_2\map-proj-v3_2\ESP_032158_1615_RED-0277.jpg
map-proj-v3_2/ESP_032158_1615_RED-0279.jpg,ok,,JPEG,227.0,227.0,L,1.0,1.0,normal,other,train,esp_032158_1615_red-0279,[],07e986a1bf87a43443bf32528c64af6551ba3d4d0054711a02f2f1b4584025c4,69e62e640bc650a05433f3ccfd686f6e34d3252b216cacb1dd929321573790da,b45dcd1926e099e3,185.42325680684664,16.642543748945794,a4a405f407380f97,[],0.0,esp_032158_1615,['train'],1.0,Counter({'train': 1}),test,0eb1e198c372379a,True,hirise_clean,0,C:\Users\deves\OneDrive\Desktop\Projects\TCMD-SS\data\raw\hirise_v3_2\map-proj-v3_2\ESP_032158_1615_RED-0279.jpg
map-proj-v3_2/ESP_032158_1615_RED-0283.jpg,ok,,JPEG,227.0,227.0,L,1.0,1.0,normal,other,train,esp_032158_1615_red-0283,[],bb6c089cef2c3ba9409bcb17172a3a82301569ebe7a38a9fdc56de8888f79e47,afd2e2074ab0609740ed4c5285f60a6ae7b60b55902bb0215541230073fd1f10,a36c940b6e68d973,203.4152224960702,15.66556362677621,2ee25e53135e1172,[],0.0,esp_032158_1615,['train'],1.0,Counter({'train': 1}),test,0eb1e198c372379a,True,hirise_clean,0,C:\Users\deves\OneDrive\Desktop\Projects\TCMD-SS\data\raw\hirise_v3_2\map-proj-v3_2\ESP_032158_1615_RED-0283.jpg
map-proj-v3_2/ESP_032158_1615_RED-0284.jpg,ok,,JPEG,227.0,227.0,L,1.0,1.0,normal,other,train,esp_032158_1615_red-0284,[],1c8ab9d0cfee39bb1dc6d70ea6a8630cfc156efae3492fdcdaf80f3463591b4b,c559a7fcb121a2f2c67b6df525492fe82b5c505fec553209583e38c5e7e57dd8,b51a26dfe6c4c819,181.08251664111472,19.474935955106737,a3389c7a3e639af0,[],0.0,esp_032158_1615,['train'],1.0,Counter({'train': 1}),test,0eb1e198c372379a,True,hirise_clean,0,C:\Users\deves\OneDrive\Desktop\Projects\TCMD-SS\data\raw\hirise_v3_2\map-proj-v3_2\ESP_032158_1615_RED-0284.jpg
map-proj-v3_2/ESP_032158_1615_RED-0292.jpg,ok,,JPEG,227.0,227.0,L,1.0,1.0,normal,other,train,esp_032158_1615_red-0292,[],f80a8a12361db6de8ccf111e5eb3afc2a93a43e12ea5368a5459d3148a7cfe02,107a7b75c98379d0a57d1ccd2446089f51c11636cb1aabd15917baaeffa9b61b,e38898b7349d6b43,202.25162529837567,19.365746706948737,34c84903176d3036,[],0.0,esp_032158_1615,['train'],1.0,Counter({'train': 1}),test,0eb1e198c372379a,True,hirise_clean,0,C:\Users\deves\OneDrive\Desktop\Projects\TCMD-SS\data\raw\hirise_v3_2\map-proj-v3_2\ESP_032158_1615_RED-0292.jpg
map-proj-v3_2/ESP_032158_1615_RED-0294.jpg,ok,,JPEG,227.0,227.0,L,1.0,1.0,normal,other,train,esp_032158_1615_red-0294,[],cba2f45e4e1c57122a525736fddcaf060f45c3f643288bd9f6aa1108f29bd12b,ab7bfab44d56140bad53c9e5688eaa60d9974e66d35d7493c6d55c084e4b34b7,a677f90426f9d0c8,193.97519843195093,18.50356839074927,d530c011dac5f721,[],0.0,esp_032158_1615,['train'],1.0,Counter({'train': 1}),test,0eb1e198c372379a,True,hirise_clean,0,C:\Users\deves\OneDrive\Desktop\Projects\TCMD-SS\data\raw\hirise_v3_2\map-proj-v3_2\ESP_032158_1615_RED-0294.jpg
map-proj-v3_2/ESP_032158_1615_RED-0305.jpg,ok,,JPEG,227.0,227.0,L,1.0,1.0,normal,crater,train,esp_032158_1615_red-0305,[],bb16d3f893ad0f851c0ad8e004d5b9bb2ffb17234b7ff44c54a79e287fc0161a,785628d1922cd586e424d0b7d906b800a7152e715b7d0a1b7cc3289a498b2930,e69099406d2d9b7b,211.38277474820003,13.948291512888597,548e567ce1150e2a,[],1.0,esp_032158_1615,['train'],1.0,Counter({'train': 1}),test,0eb1e198c372379a,True,hirise_clean,0,C:\Users\deves\OneDrive\Desktop\Projects\TCMD-SS\data\raw\hirise_v3_2\map-proj-v3_2\ESP_032158_1615_RED-0305.jpg
map-proj-v3_2/ESP_032158_1615_RED-0310.jpg,ok,,JPEG,227.0,227.0,L,1.0,1.0,normal,other,train,esp_032158_1615_red-0310,[],6f96d650f935987c9edde8ea9694f091962479cdf1001bea053e81cf9350d556,434ac6fd1f94e24301efdfd00b88c134f147b0be2ab7b71e395b4b51978594dd,a8061739666d79d3,181.3002775136331,79.41204512236806,e4a4c078c7da8670,[],0.0,esp_032158_1615,['train'],1.0,Counter({'train': 1}),test,0eb1e198c372379a,True,hirise_clean,0,C:\Users\deves\OneDrive\Desktop\Projects\TCMD-SS\data\raw\hirise_v3_2\map-proj-v3_2\ESP_032158_1615_RED-0310.jpg
map-proj-v3_2/ESP_032158_1615_RED-0311.jpg,ok,,JPEG,227.0,227.0,L,1.0,1.0,normal,other,train,esp_032158_1615_red-0311,[],30850df5c3f366c9ae2b97eefedfa6b7d1830a431451f5ee17f2a96a36a2062a,c33facb3360ba09dc8a06aac23b446ba91e2f95cbb6037c18749f37a98bcdf12,da693d0b190f3719,142.00981971317125,92.36456029091354,b1432219a3033421,[],0.0,esp_032158_1615,['train'],1.0,Counter({'train': 1}),test,0eb1e198c372379a,True,hirise_clean,0,C:\Users\deves\OneDrive\Desktop\Projects\TCMD-SS\data\raw\hirise_v3_2\map-proj-v3_2\ESP_032158_1615_RED-0311.jpg
map-proj-v3_2/ESP_046991_0950_RED-0001.jpg,ok,,JPEG,227.0,227.0,L,1.0,1.0,normal,spider,train,esp_046991_0950_red-0001,[],39e372ef1403c56513c791445d0f3c79f629e242a6fad33e2fb29170d038e068,6ade5e77133eec34cb61707b4f72f8f7acc83cd0c690598c98423e28bf485830,f455dd56268aaaa2,208.1173125812649,18.229203622912685,c127917ed1f81548,[],7.0,esp_046991_0950,['train'],1.0,Counter({'train': 1}),test,8ec03c7f6eb8d88c,True,hirise_clean,0,C:\Users\deves\OneDrive\Desktop\Projects\TCMD-SS\data\raw\hirise_v3_2\map-proj-v3_2\ESP_046991_0950_RED-0001.jpg
map-proj-v3_2/ESP_046991_0950_RED-0002.jpg,ok,,JPEG,227.0,227.0,L,1.0,1.0,normal,spider,train,esp_046991_0950_red-0002,[],05998c33a98ff6d479185cf9e9850e8367dccc031bc99cb531c897e038bb3c78,21d9e741e107043bf240095b1b38639f1613d56a1bb8a15ce8721fe6235125f8,d5b64e932d9a44a9,176.20072192357702,68.4305373152347,ea8209b314a891c0,[],7.0,esp_046991_0950,['train'],1.0,Counter({'train': 1}),test,8ec03c7f6eb8d88c,True,hirise_clean,0,C:\Users\deves\OneDrive\Desktop\Projects\TCMD-SS\data\raw\hirise_v3_2\map-proj-v3_2\ESP_046991_0950_RED-0002.jpg
map-proj-v3_2/ESP_046991_0950_RED-0003.jpg,ok,,JPEG,227.0,227.0,L,1.0,1.0,normal,spider,train,esp_046991_0950_red-0003,[],d4ca20f0ae99f3dc7eeac5b5382b93a3bb4b103f2f965fcb2c47c028012d93ed,74fe25a8b4ed2cb97621d87bbf234479e10552272f3ddbb1b8be37e267eea1ba,fd410e8f7417c21e,196.9529003085641,20.131241213855454,d33a8c8d0e70688b,[],7.0,esp_046991_0950,['train'],1.0,Counter({'train': 1}),test,8ec03c7f6eb8d88c,True,hirise_clean,0,C:\Users\deves\OneDrive\Desktop\Projects\TCMD-SS\data\raw\hirise_v3_2\map-proj-v3_2\ESP_046991_0950_RED-0003.jpg
map-proj-v3_2/ESP_046991_0950_RED-0006.jpg,ok,,JPEG,227.0,227.0,L,1.0,1.0,normal,spider,train,esp_046991_0950_red-0006,[],2a35a76a110612eb5c51a1e4f61aa2474b7fb5a1ff316912ab928e15ba7dc8e7,438d07479c8309eb51e793333032624fdcb991287b200be51a3c531d847732fe,c72a58aa57aa55aa,199.5716780841856,26.02431977441215,c520f100bff0526b,[],7.0,esp_046991_0950,['train'],1.0,Counter({'train': 1}),test,8ec03c7f6eb8d88c,True,hirise_clean,0,C:\Users\deves\OneDrive\Desktop\Projects\TCMD-SS\data\raw\hirise_v3_2\map-proj-v3_2\ESP_046991_0950_RED-0006.jpg
map-proj-v3_2/ESP_046991_0950_RED-0007.jpg,ok,,JPEG,227.0,227.0,L,1.0,1.0,normal,spider,train,esp_046991_0950_red-0007,[],3cb0c8ba312d4797c3abba851b6211e3092c4494ea5fd09234df3daba9b0c5a8,2ce0ce7b02277a2800967a6a5f0db78d9f1d2d08e7a33a59a97b181cd53fb0f4,d75a88a5a58d5a72,195.33080401327408,23.079665179627227,cd6cbbb1bc0859a6,[],7.0,esp_046991_0950,['train'],1.0,Counter({'train': 1}),test,8ec03c7f6eb8d88c,True,hirise_clean,0,C:\Users\deves\OneDrive\Desktop\Projects\TCMD-SS\data\raw\hirise_v3_2\map-proj-v3_2\ESP_046991_0950_RED-0007.jpg
map-proj-v3_2/ESP_046991_0950_RED-0009.jpg,ok,,JPEG,227.0,227.0,L,1.0,1.0,normal,spider,train,esp_046991_0950_red-0009,[],d2d4aff67bdc888f51fcba19beedc0a20744d4332c83070b9cfabe8902dfb8b2,6877b44d63b90e41ee59959379441b437c841efd7d1d4d473e505a5dc4713132,e6609d722799ab62,199.52519940227836,18.145352272401983,f45d07c65dfccda0,[],7.0,esp_046991_0950,['train'],1.0,Counter({'train': 1}),test,8ec03c7f6eb8d88c,True,hirise_clean,0,C:\Users\deves\OneDrive\Desktop\Projects\TCMD-SS\data\raw\hirise_v3_2\map-proj-v3_2\ESP_046991_0950_RED-0009.jpg
map-proj-v3_2/ESP_046991_0950_RED-0013.jpg,ok,,JPEG,227.0,227.0,L,1.0,1.0,normal,spider,train,esp_046991_0950_red-0013,[],a0f3e30753f9be425f9be55b63e7ca57c37a021e0a8b53c86dfd5f80c7bb5a14,a1e05d9b77f546cd3fb2ce5fde8c6c7d32e112e212688189302488c1cb834f44,e6b7d99266889962,195.1873896252596,16.969772866210977,e6ab8ee301171c72,[],7.0,esp_046991_0950,['train'],1.0,Counter({'train': 1}),test,8ec03c7f6eb8d88c,True,hirise_clean,0,C:\Users\deves\OneDrive\Desktop\Projects\TCMD-SS\data\raw\hirise_v3_2\map-proj-v3_2\ESP_046991_0950_RED-0013.jpg
map-proj-v3_2/ESP_046991_0950_RED-0018.jpg,ok,,JPEG,227.0,227.0,L,1.0,1.0,normal,spider,train,esp_046991_0950_red-0018,[],3f6b84c9a90e7a4300c79617472a4b8c4b054f04c37077a84abbe7140a6716aa,3b3d60b46d6912c7fc15324e3475c9a44f6ff7e0dcb19c72a9e420baeee5067e,c4b06b5a34adbac6,155.17852083292902,77.44508036086171,1d04ece79ff5dd09,[],7.0,esp_046991_0950,['train'],1.0,Counter({'train': 1}),test,8ec03c7f6eb8d88c,True,hirise_clean,0,C:\Users\deves\OneDrive\Desktop\Projects\TCMD-SS\data\raw\hirise_v3_2\map-proj-v3_2\ESP_046991_0950_RED-0018.jpg
map-proj-v3_2/ESP_046991_0950_RED-0023.jpg,ok,,JPEG,227.0,227.0,L,1.0,1.0,normal,spider,train,esp_046991_0950_red-0023,[],3f5edcb349fd9aee11ebc73921b985f0b4dab25fd75f5f11528c2fa01ec5715e,4329963705d8d6862f65e9d3619784659e4004699dc4b87efb17cd97c1dd69a1,85030d0e5fbe5db8,180.3533738283297,51.42105888393142,80bb35ed0e7538d7,[],7.0,esp_046991_0950,['train'],1.0,Counter({'train': 1}),test,8ec03c7f6eb8d88c,True,hirise_clean,0,C:\Users\deves\OneDrive\Desktop\Projects\TCMD-SS\data\raw\hirise_v3_2\map-proj-v3_2\ESP_046991_0950_RED-0023.jpg
map-proj-v3_2/ESP_046991_0950_RED-0024.jpg,ok,,JPEG,227.0,227.0,L,1.0,1.0,normal,spider,train,esp_046991_0950_red-0024,[],d541d08a46c186b581e59e3499bd9b068842797cd0fa976043a6b3e03c42e047,c2da207692db4ff8a9788c6146c9085878f19b35c2cbeac7e1678c482f4d9836,b1250cc9246c6dff,182.26026121213297,18.941045226103324,60c50fed8421fe0b,[],7.0,esp_046991_0950,['train'],1.0,Counter({'train': 1}),test,8ec03c7f6eb8d88c,True,hirise_clean,0,C:\Users\deves\OneDrive\Desktop\Projects\TCMD-SS\data\raw\hirise_v3_2\map-proj-v3_2\ESP_046991_0950_RED-0024.jpg
map-proj-v3_2/ESP_046991_0950_RED-0027.jpg,ok,,JPEG,227.0,227.0,L,1.0,1.0,normal,spider,train,esp_046991_0950_red-0027,[],5ef9acae66ef8d35649b057d43d28924eb2ae73549ab368353a9ee227918c77b,17684ac3a9f37b15688cdab3b8e0592f99373522f33a800dd7c407a9427116a3,83173cf06207ee7c,155.03854140386966,78.33315248214258,33dd9247776424e4,[],7.0,esp_046991_0950,['train'],1.0,Counter({'train': 1}),test,8ec03c7f6eb8d88c,True,hirise_clean,0,C:\Users\deves\OneDrive\Desktop\Projects\TCMD-SS\data\raw\hirise_v3_2\map-proj-v3_2\ESP_046991_0950_RED-0027.jpg
map-proj-v3_2/ESP_046991_0950_RED-0029.jpg,ok,,JPEG,227.0,227.0,L,1.0,1.0,normal,spider,train,esp_046991_0950_red-0029,[],c168ba8367703372770234604bb4cb4421e2d89be2845653190678bdfc2bab91,f7fc9554a96b12b413b26454bc933b077501728a4c4bbe71ed316078650de8d9,ee7a87a936b2c0c2,175.83925556482757,26.348973108971265,0875dcfc31227a88,[],7.0,esp_046991_0950,['train'],1.0,Counter({'train': 1}),test,8ec03c7f6eb8d88c,True,hirise_clean,0,C:\Users\deves\OneDrive\Desktop\Projects\TCMD-SS\data\raw\hirise_v3_2\map-proj-v3_2\ESP_046991_0950_RED-0029.jpg
map-proj-v3_2/ESP_046991_0950_RED-0032.jpg,ok,,JPEG,227.0,227.0,L,1.0,1.0,normal,spider,train,esp_046991_0950_red-0032,[],a91f585df892dc1ec2e9e262964ddab2dee9b99421f845a3658361d544bed518,0c42a92cb4ff42cbe1ce0668ca1a9dda8f6a581993870172190f2234ae9c9218,880b1b7ef1712367,140.62919909177356,59.36778352738252,0cae59d6fe09821b,[],7.0,esp_046991_0950,['train'],1.0,Counter({'train': 1}),test,8ec03c7f6eb8d88c,True,hirise_clean,0,C:\Users\deves\OneDrive\Desktop\Projects\TCMD-SS\data\raw\hirise_v3_2\map-proj-v3_2\ESP_046991_0950_RED-0032.jpg
map-proj-v3_2/ESP_049509_1075_RED-0010.jpg,ok,,JPEG,227.0,227.0,L,1.0,1.0,normal,spider,val,esp_049509_1075_red-0010,[],93b41cac56f9b4ef79734d6e3968a0bdb675a23e574d4318e746869ca9f01548,3585c7c1bc78c4111014d2053917e1477ce9730c2d9c74f6ea98232c9237d966,a56dcc1a3393d893,148.5219973218964,13.382837441481897,5aca2fcd0f0b34ee,[],7.0,esp_049509_1075,['val'],1.0,Counter({'val': 1}),test,0a4e9c64c834d807,True,hirise_clean,0,C:\Users\deves\OneDrive\Desktop\Projects\TCMD-SS\data\raw\hirise_v3_2\map-proj-v3_2\ESP_049509_1075_RED-0010.jpg
map-proj-v3_2/ESP_049509_1075_RED-0018.jpg,ok,,JPEG,227.0,227.0,L,1.0,1.0,normal,other,val,esp_049509_1075_red-0018,[],729189827addfb8031adbfc41b66607828756637c8ea8f15934da0ca65bc6983,072c86cdcf258ddb986cb6e305bcbf62738082968e7201c819a848d5299a476d,9d6488a5e68cf972,51.93780201439966,15.21364963046096,9236a36a861c8778,[],0.0,esp_049509_1075,['val'],1.0,Counter({'val': 1}),test,0a4e9c64c834d807,True,hirise_clean,0,C:\Users\deves\OneDrive\Desktop\Projects\TCMD-SS\data\raw\hirise_v3_2\map-proj-v3_2\ESP_049509_1075_RED-0018.jpg
map-proj-v3_2/ESP_049509_1075_RED-0031.jpg,ok,,JPEG,227.0,227.0,L,1.0,1.0,normal,other,val,esp_049509_1075_red-0031,[],cd466e0250619b6fb5fffabb8d125fa5b802b257641df9f4a3a56827ea830499,7fc968fcb148ae2ca2860de24b8e7be90d6c01ff36f50f0cc1b5fe93733ef4ff,e6d21526e9cdd960,59.94907721865357,13.879407025734595,11c653652d58f9fd,[],0.0,esp_049509_1075,['val'],1.0,Counter({'val': 1}),test,0a4e9c64c834d807,True,hirise_clean,0,C:\Users\deves\OneDrive\Desktop\Projects\TCMD-SS\data\raw\hirise_v3_2\map-proj-v3_2\ESP_049509_1075_RED-0031.jpg
map-proj-v3_2/ESP_049509_1075_RED-0035.jpg,ok,,JPEG,227.0,227.0,L,1.0,1.0,normal,other,val,esp_049509_1075_red-0035,[],074aa116f0b7675f0f656c521547f57f6934a8920771714d8c569229ac117267,e9cabfbc57af7b69efc61dfff32b890b59043934b1f816731e9882e754c0a0f9,9cc6739dd7992411,47.098235944807776,30.04652693368725,a4620370a4909e60,[],0.0,esp_049509_1075,['val'],1.0,Counter({'val': 1}),test,0a4e9c64c834d807,True,hirise_clean,0,C:\Users\deves\OneDrive\Desktop\Projects\TCMD-SS\data\raw\hirise_v3_2\map-proj-v3_2\ESP_049509_1075_RED-0035.jpg
map-proj-v3_2/ESP_049509_1075_RED-0059.jpg,ok,,JPEG,227.0,227.0,L,1.0,1.0,normal,other,val,esp_049509_1075_red-0059,[],2da9d503644cfe725fe387204111a95791886053c6ae5be081d14c8e4c536f49,f503d6e88911fde216a8925a87c3fac06743c4edf12d6cd7133f6c4f0034442d,af22dd34eac1238e,45.80768111160705,13.196013087024609,a28a1eee548c73a7,[],0.0,esp_049509_1075,['val'],1.0,Counter({'val': 1}),test,0a4e9c64c834d807,True,hirise_clean,0,C:\Users\deves\OneDrive\Desktop\Projects\TCMD-SS\data\raw\hirise_v3_2\map-proj-v3_2\ESP_049509_1075_RED-0059.jpg
map-proj-v3_2/ESP_049509_1075_RED-0079.jpg,ok,,JPEG,227.0,227.0,L,1.0,1.0,normal,other,val,esp_049509_1075_red-0079,[],a1497b99afb6962c8ad039896e644a655c6a98d2154c95fd37f8f7c336a12b07,9d93df2116b15a69e7d4ea886c33bbcc717cc331f06bb3a6ffe225cff3219d82,e8c227ada13acc5b,55.099827281724856,15.039005279636791,5d7d5efd70f705a9,[],0.0,esp_049509_1075,['val'],1.0,Counter({'val': 1}),test,0a4e9c64c834d807,True,hirise_clean,0,C:\Users\deves\OneDrive\Desktop\Projects\TCMD-SS\data\raw\hirise_v3_2\map-proj-v3_2\ESP_049509_1075_RED-0079.jpg
map-proj-v3_2/ESP_049651_1050_RED-0002.jpg,ok,,JPEG,227.0,227.0,L,1.0,1.0,normal,spider,train,esp_049651_1050_red-0002,[],802ba81908cbf49ce9350a534b17c8a1cc1dceabc1981c2e9b6a2b7b5634efc0,421dfad7aa3019e7ff7f37898c583b3c2ebebbe36345f010c624e0cf90f5918b,d4aa51aa75a9d4a5,152.27101243959711,23.51063075732773,7be89279a5e58a92,[],7.0,esp_049651_1050,['train'],1.0,Counter({'train': 1}),test,3aa2a227e3baa339,True,hirise_clean,0,C:\Users\deves\OneDrive\Desktop\Projects\TCMD-SS\data\raw\hirise_v3_2\map-proj-v3_2\ESP_049651_1050_RED-0002.jpg
map-proj-v3_2/ESP_049651_1050_RED-0006.jpg,ok,,JPEG,227.0,227.0,L,1.0,1.0,normal,spider,train,esp_049651_1050_red-0006,[],b1c21617569f4269641c93ce267367ec393ed240091630b7e1fee364af3d063e,f6532235ae6c227c49d0cc9e33774ab734312359cbc47bfdc95857af836270e0,c49d2b5a378c3b46,129.39500087329466,70.06375088775474,295895f08785629a,[],7.0,esp_049651_1050,['train'],1.0,Counter({'train': 1}),test,3aa2a227e3baa339,True,hirise_clean,0,C:\Users\deves\OneDrive\Desktop\Projects\TCMD-SS\data\raw\hirise_v3_2\map-proj-v3_2\ESP_049651_1050_RED-0006.jpg
map-proj-v3_2/ESP_049651_1050_RED-0030.jpg,ok,,JPEG,227.0,227.0,L,1.0,1.0,normal,spider,train,esp_049651_1050_red-0030,[],0001d033e78f0ea54919e1901291b8ae7a412d34dd6eb0282388395c7f51693f,c68512ed45a050d90924c8496f52ead350f6a1df8ce627b7f6cfe4a01fe106f8,a076de0165fe9b11,166.97729433911002,14.29384301554397,d8a45e8bb61bea16,[],7.0,esp_049651_1050,['train'],1.0,Counter({'train': 1}),test,3aa2a227e3baa339,True,hirise_clean,0,C:\Users\deves\OneDrive\Desktop\Projects\TCMD-SS\data\raw\hirise_v3_2\map-proj-v3_2\ESP_049651_1050_RED-0030.jpg
map-proj-v3_2/ESP_049651_1050_RED-0037.jpg,ok,,JPEG,227.0,227.0,L,1.0,1.0,normal,spider,train,esp_049651_1050_red-0037,[],5c44c013f8dd3910b3a300e01a1357bf9beb99f0d5e73bb9e0b44714b03afeda,10aa79bcf19dc1e681e5b98ae42a1e6974a3fc96d9a6383f0448b483d56705e5,82f31d87f0de5154,143.432979487279,56.65435912736544,61202601a2e16420,[],7.0,esp_049651_1050,['train'],1.0,Counter({'train': 1}),test,3aa2a227e3baa339,True,hirise_clean,0,C:\Users\deves\OneDrive\Desktop\Projects\TCMD-SS\data\raw\hirise_v3_2\map-proj-v3_2\ESP_049651_1050_RED-0037.jpg
map-proj-v3_2/ESP_049651_1050_RED-0043.jpg,ok,,JPEG,227.0,227.0,L,1.0,1.0,normal,spider,train,esp_049651_1050_red-0043,[],d1e73190cc0a172583fcd50103e4ec5c2e5074fd87abb8ec5899103512db9479,421ff7f6935bea95e779b506c843bef2cf8b481b03cc5bb540295748be60510e,a6c19d66669b6266,167.5294494362398,16.241567009154526,7140ff500da98783,[],7.0,esp_049651_1050,['train'],1.0,Counter({'train': 1}),test,3aa2a227e3baa339,True,hirise_clean,0,C:\Users\deves\OneDrive\Desktop\Projects\TCMD-SS\data\raw\hirise_v3_2\map-proj-v3_2\ESP_049651_1050_RED-0043.jpg
map-proj-v3_2/ESP_049651_1050_RED-0062.jpg,ok,,JPEG,227.0,227.0,L,1.0,1.0,normal,spider,train,esp_049651_1050_red-0062,[],92be14842a7e2e9ef43add7145f3b6d3e6fda91912e30fb2a786c39a35b6b83c,cf9c21c9729b02a9568fb3fe0e0ec08d6d0fb0db54f8882f34af2f4a344d6ae9,9473ee40f09ccd87,149.36856915523296,17.13581198004139,934d19a882ba2b97,[],7.0,esp_049651_1050,['train'],1.0,Counter({'train': 1}),test,3aa2a227e3baa339,True,hirise_clean,0,C:\Users\deves\OneDrive\Desktop\Projects\TCMD-SS\data\raw\hirise_v3_2\map-proj-v3_2\ESP_049651_1050_RED-0062.jpg
map-proj-v3_2/ESP_049651_1050_RED-0070.jpg,ok,,JPEG,227.0,227.0,L,1.0,1.0,normal,spider,train,esp_049651_1050_red-0070,[],7e6cd3d22e79ac4535e9e2d6cf1ad535fbfd5916e12b4654ff4de42d15e30d09,7208a42df3d9673c13da4502f05be899874f05606cd39bc000009f36dac3e4cc,a934cb3763a69a38,152.42752624735587,15.582734888143534,3b6db7d58330cc86,[],7.0,esp_049651_1050,['train'],1.0,Counter({'train': 1}),test,3aa2a227e3baa339,True,hirise_clean,0,C:\Users\deves\OneDrive\Desktop\Projects\TCMD-SS\data\raw\hirise_v3_2\map-proj-v3_2\ESP_049651_1050_RED-0070.jpg
map-proj-v3_2/ESP_049651_1050_RED-0073.jpg,ok,,JPEG,227.0,227.0,L,1.0,1.0,normal,spider,train,esp_049651_1050_red-0073,[],d5e5ab748a91d18df1fd1e034147408ace73d338f7bac62343a9a70dd0002932,312c9f5a40aee8f31e8fd8f5dd0f4eea94839dfb9e0a677109d7c7375bd2307e,a05a49526cd9ebae,146.37574957790758,16.505040514100944,56577638cbac791b,[],7.0,esp_049651_1050,['train'],1.0,Counter({'train': 1}),test,3aa2a227e3baa339,True,hirise_clean,0,C:\Users\deves\OneDrive\Desktop\Projects\TCMD-SS\data\raw\hirise_v3_2\map-proj-v3_2\ESP_049651_1050_RED-0073.jpg
map-proj-v3_2/ESP_049651_1050_RED-0086.jpg,ok,,JPEG,227.0,227.0,L,1.0,1.0,normal,spider,train,esp_049651_1050_red-0086,[],ccea6fc1d94fbdeeeccec26a4966b936f3613aa3be8016fe0ad0d6f2dff8ce4e,82d8b3f5aaa226e93c3fc5a29897d7e2590eefc60c2d4e5115ab7c9c9ae29427,c563a3155a397d38,97.86471695550078,64.50523258913485,13b182a31f63d9c6,[],7.0,esp_049651_1050,['train'],1.0,Counter({'train': 1}),test,3aa2a227e3baa339,True,hirise_clean,0,C:\Users\deves\OneDrive\Desktop\Projects\TCMD-SS\data\raw\hirise_v3_2\map-proj-v3_2\ESP_049651_1050_RED-0086.jpg
map-proj-v3_2/ESP_049651_1050_RED-0089.jpg,ok,,JPEG,227.0,227.0,L,1.0,1.0,normal,spider,train,esp_049651_1050_red-0089,[],420ba77cb615927ed41872cc3f505a6de2ff5ce8807687fc9e4f457305b07a25,3b0b4b85baefb2c01724006d13661a8f0ffb996cad4f3a37957e1c6ff4950a76,f9644c9b2326d693,134.10782277940578,19.784271399265016,4046307469d9ff0a,[],7.0,esp_049651_1050,['train'],1.0,Counter({'train': 1}),test,3aa2a227e3baa339,True,hirise_clean,0,C:\Users\deves\OneDrive\Desktop\Projects\TCMD-SS\data\raw\hirise_v3_2\map-proj-v3_2\ESP_049651_1050_RED-0089.jpg
map-proj-v3_2/ESP_049651_1050_RED-0090.jpg,ok,,JPEG,227.0,227.0,L,1.0,1.0,normal,spider,train,esp_049651_1050_red-0090,[],fdd905d555231545ac1deda9d0c32c5f86cc33199b5c53ddd0a7705322ff2d85,c866cde023b6bd997a1d63a63f13694072d3d161bb5cae18ca89fdc2d4128c22,a5322d52a5568f2f,125.67012750101884,23.943888631054584,e668b71c52f4a8f8,[],7.0,esp_049651_1050,['train'],1.0,Counter({'train': 1}),test,3aa2a227e3baa339,True,hirise_clean,0,C:\Users\deves\OneDrive\Desktop\Projects\TCMD-SS\data\raw\hirise_v3_2\map-proj-v3_2\ESP_049651_1050_RED-0090.jpg
map-proj-v3_2/PSP_005714_1875_RED-0001.jpg,ok,,JPEG,227.0,227.0,L,1.0,1.0,normal,other,train,psp_005714_1875_red-0001,[],61e42f9efd4a4aad6dad3fce83fe762d045c2b87fb58e6a24c6671b613347ef8,d700f7250f874e0479c7fd89910f6abea7129bb560a9a0e3c07e267281d8ea60,beab235ccc0373d0,57.587707892642975,48.06719823822121,72e7aef6d02fc82a,[],0.0,psp_005714_1875,['train'],1.0,Counter({'train': 1}),test,0cb3db91c13603eb,True,hirise_clean,0,C:\Users\deves\OneDrive\Desktop\Projects\TCMD-SS\data\raw\hirise_v3_2\map-proj-v3_2\PSP_005714_1875_RED-0001.jpg
map-proj-v3_2/PSP_005714_1875_RED-0006.jpg,ok,,JPEG,227.0,227.0,L,1.0,1.0,normal,other,train,psp_005714_1875_red-0006,[],30b97cc424297c9e9fbe78bd3c0bb095cbafa54e45bc8acc4c255be39e922d31,d8a74a351412342bcd9ccb2e706fdaa394c760c1001f6c111f69b6ce5697ff29,bc3ea4cc2761f894,87.76890682916417,16.915337104665344,809f2893bc988ed9,[],0.0,psp_005714_1875,['train'],1.0,Counter({'train': 1}),test,0cb3db91c13603eb,True,hirise_clean,0,C:\Users\deves\OneDrive\Desktop\Projects\TCMD-SS\data\raw\hirise_v3_2\map-proj-v3_2\PSP_005714_1875_RED-0006.jpg
map-proj-v3_2/PSP_005714_1875_RED-0010.jpg,ok,,JPEG,227.0,227.0,L,1.0,1.0,normal,other,train,psp_005714_1875_red-0010,[],de9be9faa2986421bd4e2efaaf7b5e5f8ba8ef6967098b6795705eedcb07a32d,672921b45eeb73fd9818075a8bfcfd0b02c9987d3577eabd7f09c871ef0433cd,87c17864b8ddc363,108.75144093617186,60.79554812425615,e7033482220e5f60,[],0.0,psp_005714_1875,['train'],1.0,Counter({'train': 1}),test,0cb3db91c13603eb,True,hirise_clean,0,C:\Users\deves\OneDrive\Desktop\Projects\TCMD-SS\data\raw\hirise_v3_2\map-proj-v3_2\PSP_005714_1875_RED-0010.jpg
map-proj-v3_2/PSP_005714_1875_RED-0014.jpg,ok,,JPEG,227.0,227.0,L,1.0,1.0,normal,other,train,psp_005714_1875_red-0014,[],3f2e2efab719403578d984559c0a7c7ab9f5e8111eef09e14b2ad1ea016c40e9,bb52eb2540a91ba7283d200c145ebfb9a94053f82b13013c3bc750aab5300c52,83563f4c635905fc,147.45960527081837,17.424911844905182,26b4379eaa6f8e75,[],0.0,psp_005714_1875,['train'],1.0,Counter({'train': 1}),test,0cb3db91c13603eb,True,hirise_clean,0,C:\Users\deves\OneDrive\Desktop\Projects\TCMD-SS\data\raw\hirise_v3_2\map-proj-v3_2\PSP_005714_1875_RED-0014.jpg
map-proj-v3_2/PSP_005714_1875_RED-0034.jpg,ok,,JPEG,227.0,227.0,L,1.0,1.0,normal,other,train,psp_005714_1875_red-0034,[],f82a20dfa99244303f22dbc911de09a07ea0dad5233f95268afd8691ef2f78f0,1b1595e7695f178513edce9815ebf1b106e35e895e51afd916d7678d47d5d7f8,e43191e3345bd9f0,157.65537852471425,15.237426467751169,235d08fd74bbd1d9,[],0.0,psp_005714_1875,['train'],1.0,Counter({'train': 1}),test,0cb3db91c13603eb,True,hirise_clean,0,C:\Users\deves\OneDrive\Desktop\Projects\TCMD-SS\data\raw\hirise_v3_2\map-proj-v3_2\PSP_005714_1875_RED-0034.jpg
map-proj-v3_2/PSP_005714_1875_RED-0035.jpg,ok,,JPEG,227.0,227.0,L,1.0,1.0,normal,other,train,psp_005714_1875_red-0035,[],4ed43834b23fcac56a30a0398cbcdbbdc67fa10056821b7164b666d0e8df9f2b,f4777085f4cd0b98830a3f956b6c541784eaaa0f8a84061b0e5894e87e607b03,e6a579e1d09e8d12,156.6757165867764,18.3048543940914,98cb9629cb9710a6,[],0.0,psp_005714_1875,['train'],1.0,Counter({'train': 1}),test,0cb3db91c13603eb,True,hirise_clean,0,C:\Users\deves\OneDrive\Desktop\Projects\TCMD-SS\data\raw\hirise_v3_2\map-proj-v3_2\PSP_005714_1875_RED-0035.jpg
map-proj-v3_2/PSP_005714_1875_RED-0037.jpg,ok,,JPEG,227.0,227.0,L,1.0,1.0,normal,other,train,psp_005714_1875_red-0037,[],2e50b3f40df24f6f875c7b3db47c502acd002d6cd8713c56f5ac385bd139b018,151454b04da24335b169b3e7b11619e64b06f7deeca00fb8d48e9f83c709f8b0,e7e2996d2692690d,156.8165304973898,17.424891414150604,4a5767bc69c1fa4b,[],0.0,psp_005714_1875,['train'],1.0,Counter({'train': 1}),test,0cb3db91c13603eb,True,hirise_clean,0,C:\Users\deves\OneDrive\Desktop\Projects\TCMD-SS\data\raw\hirise_v3_2\map-proj-v3_2\PSP_005714_1875_RED-0037.jpg
map-proj-v3_2/PSP_005714_1875_RED-0039.jpg,ok,,JPEG,227.0,227.0,L,1.0,1.0,normal,other,train,psp_005714_1875_red-0039,[],aee4b39f5a1e24073e3d29872e6e2949f09a6584bcc31d14e9a1bbfbe4e68ba7,36176a3d55f68b9748b4817185ec3c7de0dbaffcd57753530744157af3b0aa2e,d96d667986646386,114.50986822954064,81.13945355143943,40ef9eccd76857af,[],0.0,psp_005714_1875,['train'],1.0,Counter({'train': 1}),test,0cb3db91c13603eb,True,hirise_clean,0,C:\Users\deves\OneDrive\Desktop\Projects\TCMD-SS\data\raw\hirise_v3_2\map-proj-v3_2\PSP_005714_1875_RED-0039.jpg
map-proj-v3_2/PSP_005714_1875_RED-0043.jpg,ok,,JPEG,227.0,227.0,L,1.0,1.0,normal,other,train,psp_005714_1875_red-0043,[],5d38c7e69d092ca0a1a879809509010818a42166122bf1769490eb6a9782cb60,ec58ccf2b62efdf1cbe8de0045c485b9d85b9e860deb4cd31611c90ca73019d2,da69948b6d6027ce,131.81204758485512,78.97316744837916,0ed0638c8ae4d3eb,[],0.0,psp_005714_1875,['train'],1.0,Counter({'train': 1}),test,0cb3db91c13603eb,True,hirise_clean,0,C:\Users\deves\OneDrive\Desktop\Projects\TCMD-SS\data\raw\hirise_v3_2\map-proj-v3_2\PSP_005714_1875_RED-0043.jpg
map-proj-v3_2/PSP_005714_1875_RED-0047.jpg,ok,,JPEG,227.0,227.0,L,1.0,1.0,normal,other,train,psp_005714_1875_red-0047,[],2fe81c76c010809a0d00c90e0f7307b6bbd47efac9f7ecb9754716e692969565,a54b02dcb21b169271d834ce809015f9cf43f34ced44e62d1091f21624a55cd9,cfe09aecd026e097,164.541035145258,18.17580545028276,a07fd832027c19ad,[],0.0,psp_005714_1875,['train'],1.0,Counter({'train': 1}),test,0cb3db91c13603eb,True,hirise_clean,0,C:\Users\deves\OneDrive\Desktop\Projects\TCMD-SS\data\raw\hirise_v3_2\map-proj-v3_2\PSP_005714_1875_RED-0047.jpg
map-proj-v3_2/PSP_005714_1875_RED-0048.jpg,ok,,JPEG,227.0,227.0,L,1.0,1.0,normal,other,train,psp_005714_1875_red-0048,[],7d112be2e2d3e5961502aa17c96d4e68513a7f57f11fe6124059255a7c638d40,4598156dc0e586a32e7018817b31b45ae6c1303bb654bded1248d3b43d31a411,e39db584e203abac,168.95998369849988,15.479823613024257,20a90310e836714d,[],0.0,psp_005714_1875,['train'],1.0,Counter({'train': 1}),test,0cb3db91c13603eb,True,hirise_clean,0,C:\Users\deves\OneDrive\Desktop\Projects\TCMD-SS\data\raw\hirise_v3_2\map-proj-v3_2\PSP_005714_1875_RED-0048.jpg
map-proj-v3_2/PSP_005714_1875_RED-0051.jpg,ok,,JPEG,227.0,227.0,L,1.0,1.0,normal,other,train,psp_005714_1875_red-0051,[],cecac279765fee508de813acacf1c45e75969c3f4784aeeeaaf6c595847a9d1e,267c33b39cb06cf3701985c8a6534848877cf99f2b39151baaf2e9e7b3c7d39f,eea49999446c6772,165.25802945913952,15.108330918641764,c8dff7c856807275,[],0.0,psp_005714_1875,['train'],1.0,Counter({'train': 1}),test,0cb3db91c13603eb,True,hirise_clean,0,C:\Users\deves\OneDrive\Desktop\Projects\TCMD-SS\data\raw\hirise_v3_2\map-proj-v3_2\PSP_005714_1875_RED-0051.jpg
map-proj-v3_2/PSP_005714_1875_RED-0052.jpg,ok,,JPEG,227.0,227.0,L,1.0,1.0,normal,other,train,psp_005714_1875_red-0052,[],266e4ef0be88d96ace6cb245c8b527b6236d3c23136eb80a67df04c51fb4e1b1,352ef43f0a9a51d6e14542021ff3a3c456a79150082ce2f1a68141f700a63e9c,80f88fb09acd5b69,159.77131324108754,60.55809854839293,303b630802f230e8,[],0.0,psp_005714_1875,['train'],1.0,Counter({'train': 1}),test,0cb3db91c13603eb,True,hirise_clean,0,C:\Users\deves\OneDrive\Desktop\Projects\TCMD-SS\data\raw\hirise_v3_2\map-proj-v3_2\PSP_005714_1875_RED-0052.jpg
map-proj-v3_2/PSP_005714_1875_RED-0053.jpg,ok,,JPEG,227.0,227.0,L,1.0,1.0,normal,other,train,psp_005714_1875_red-0053,[],610c1e0341122d53fb6ca83a26c74fb19d9d91b11e8998bf34a9028d307f190e,0a298aa1e7340652b996a8b3ac2efa3b5fe64d6e378ed37c10a4a6accd3d2122,d96d26fb66648d02,109.36004968076227,79.25975555912923,2e6edbb6ae211c7c,[],0.0,psp_005714_1875,['train'],1.0,Counter({'train': 1}),test,0cb3db91c13603eb,True,hirise_clean,0,C:\Users\deves\OneDrive\Desktop\Projects\TCMD-SS\data\raw\hirise_v3_2\map-proj-v3_2\PSP_005714_1875_RED-0053.jpg
map-proj-v3_2/PSP_005714_1875_RED-0054.jpg,ok,,JPEG,227.0,227.0,L,1.0,1.0,normal,other,train,psp_005714_1875_red-0054,[],17a44e1c92290831e2665c08f27063c165c900512be19791d03602df0f28b2f6,5f5bdd9a437b3eab58c9e86ca7e2811a91bd103a8012cc00fa32eac09838517f,82ef3887c1f8af41,171.80818568184907,22.15687108843597,fb91dfc54f1b3f2f,[],0.0,psp_005714_1875,['train'],1.0,Counter({'train': 1}),test,0cb3db91c13603eb,True,hirise_clean,0,C:\Users\deves\OneDrive\Desktop\Projects\TCMD-SS\data\raw\hirise_v3_2\map-proj-v3_2\PSP_005714_1875_RED-0054.jpg
map-proj-v3_2/PSP_005714_1875_RED-0056.jpg,ok,,JPEG,227.0,227.0,L,1.0,1.0,normal,other,train,psp_005714_1875_red-0056,[],38155724b0d620b7a1af5ed3d852f914a8e9044f8e715299acc5c04641b1f08e,a6bd9f7bb443b50626d92d38f72a13aeaf29171f6f4411ff6c70e955de5c8cea,cb6d849b0c66279b,114.31393972326264,81.706691729182,b3d3d2ddafcb121e,[],0.0,psp_005714_1875,['train'],1.0,Counter({'train': 1}),test,0cb3db91c13603eb,True,hirise_clean,0,C:\Users\deves\OneDrive\Desktop\Projects\TCMD-SS\data\raw\hirise_v3_2\map-proj-v3_2\PSP_005714_1875_RED-0056.jpg
map-proj-v3_2/PSP_005714_1875_RED-0057.jpg,ok,,JPEG,227.0,227.0,L,1.0,1.0,normal,other,train,psp_005714_1875_red-0057,[],55fd85c31061070bb50a81938637e610694c57d839201cede8cb5bdc94413636,b9c4708932d9a2fb5cdafd044043abdc39467e73a59fbd86794cc76854161c8b,d1f09e877833f085,189.3523646878457,17.067060116574787,b6aa0fb1cec24466,[],0.0,psp_005714_1875,['train'],1.0,Counter({'train': 1}),test,0cb3db91c13603eb,True,hirise_clean,0,C:\Users\deves\OneDrive\Desktop\Projects\TCMD-SS\data\raw\hirise_v3_2\map-proj-v3_2\PSP_005714_1875_RED-0057.jpg
map-proj-v3_2/PSP_005714_1875_RED-0059.jpg,ok,,JPEG,227.0,227.0,L,1.0,1.0,normal,other,train,psp_005714_1875_red-0059,[],08e347359f19fb6ee3022ba38705453c2f6852d00ae63d94f652c5511bfec889,7ed14c273a88cea1ef7c455bbe5d114034a4f9eafe314d50b750eb184d96b088,fd781d807e5ac42a,197.83543247491704,14.983596034235614,3150302b47a9f41e,[],0.0,psp_005714_1875,['train'],1.0,Counter({'train': 1}),test,0cb3db91c13603eb,True,hirise_clean,0,C:\Users\deves\OneDrive\Desktop\Projects\TCMD-SS\data\raw\hirise_v3_2\map-proj-v3_2\PSP_005714_1875_RED-0059.jpg
map-proj-v3_2/PSP_005714_1875_RED-0064.jpg,ok,,JPEG,227.0,227.0,L,1.0,1.0,normal,other,train,psp_005714_1875_red-0064,[],bc8915a93bcf595ff47b841b1b0ce9638164e02b141db76a44687f42ba3ac249,44fd9e6b88485eff01d5695eac512c3c942f2ea25a76ccbb5113c67ab9f60412,8edb1d09e264f9a4,155.65601894079063,14.491398130000483,dafa71623686974a,[],0.0,psp_005714_1875,['train'],1.0,Counter({'train': 1}),test,0cb3db91c13603eb,True,hirise_clean,0,C:\Users\deves\OneDrive\Desktop\Projects\TCMD-SS\data\raw\hirise_v3_2\map-proj-v3_2\PSP_005714_1875_RED-0064.jpg
map-proj-v3_2/PSP_005714_1875_RED-0066.jpg,ok,,JPEG,227.0,227.0,L,1.0,1.0,normal,other,train,psp_005714_1875_red-0066,[],98760060bcf3cadd6ca0a9cf56eef5ccb46536749a8e5b4bd368e465fc4a79e6,c48cd24435e570ca91a1e8d4c03a2b0752217c1eb0270429a58d110b6632aef6,e6e6d8b933c62419,175.32558365192415,13.548835170777023,27190dc3f1dca7be,[],0.0,psp_005714_1875,['train'],1.0,Counter({'train': 1}),test,0cb3db91c13603eb,True,hirise_clean,0,C:\Users\deves\OneDrive\Desktop\Projects\TCMD-SS\data\raw\hirise_v3_2\map-proj-v3_2\PSP_005714_1875_RED-0066.jpg
map-proj-v3_2/PSP_005714_1875_RED-0084.jpg,ok,,JPEG,227.0,227.0,L,1.0,1.0,normal,other,train,psp_005714_1875_red-0084,[],f86a3fc0ed69ad683778ea48b7160e9089b811c409c2c8e2a44e7264a17446e7,c4ac59a2d1ffc1c8285534dc839b5cafde19cf50cf454d211d1174a9ab70149b,a5e35453551533d9,177.32760193289215,17.482512340214747,ac42587bc656494e,[],0.0,psp_005714_1875,['train'],1.0,Counter({'train': 1}),test,0cb3db91c13603eb,True,hirise_clean,0,C:\Users\deves\OneDrive\Desktop\Projects\TCMD-SS\data\raw\hirise_v3_2\map-proj-v3_2\PSP_005714_1875_RED-0084.jpg
map-proj-v3_2/PSP_005714_1875_RED-0088.jpg,ok,,JPEG,227.0,227.0,L,1.0,1.0,normal,other,train,psp_005714_1875_red-0088,[],f65525a3271adc4d8f40696e670c95f63699cac07025c261d4e23f37d9c6b7d2,8f7043f2a26cbf25bfe903fba0bd650602ce72930125f79d8c344643eebcfc65,caf14174e21099ff,160.90622756117915,15.19199060235818,394cc87bbafbad69,[],0.0,psp_005714_1875,['train'],1.0,Counter({'train': 1}),test,0cb3db91c13603eb,True,hirise_clean,0,C:\Users\deves\OneDrive\Desktop\Projects\TCMD-SS\data\raw\hirise_v3_2\map-proj-v3_2\PSP_005714_1875_RED-0088.jpg
map-proj-v3_2/PSP_005714_1875_RED-0090.jpg,ok,,JPEG,227.0,227.0,L,1.0,1.0,normal,other,train,psp_005714_1875_red-0090,[],fcfd5efdb60749acd2eca72432ae396664f5e16194100d920eb037ffcdafedf6,623daad527d836a16e8bce3bd87cf28c4d7c21424fb0db24858c9dde58f2a080,80f0feff02b5924a,149.91105979157368,31.05162550255753,725d8a48d24f160b,[],0.0,psp_005714_1875,['train'],1.0,Counter({'train': 1}),test,0cb3db91c13603eb,True,hirise_clean,0,C:\Users\deves\OneDrive\Desktop\Projects\TCMD-SS\data\raw\hirise_v3_2\map-proj-v3_2\PSP_005714_1875_RED-0090.jpg
map-proj-v3_2/PSP_005714_1875_RED-0098.jpg,ok,,JPEG,227.0,227.0,L,1.0,1.0,normal,other,train,psp_005714_1875_red-0098,[],aed8f6f4683f12348c11b73a0310ec8985a88e9346936d9204e38f9a5232b4a3,993bc0068ad9e4a5c79f97d5412aa1883ae4c23b9bad9c9c5c9f02c268ff7d12,c96d367f020c9b0f,109.24194143103884,80.16267745530062,b314e810b925a902,[],0.0,psp_005714_1875,['train'],1.0,Counter({'train': 1}),test,0cb3db91c13603eb,True,hirise_clean,0,C:\Users\deves\OneDrive\Desktop\Projects\TCMD-SS\data\raw\hirise_v3_2\map-proj-v3_2\PSP_005714_1875_RED-0098.jpg
map-proj-v3_2/PSP_005714_1875_RED-0099.jpg,ok,,JPEG,227.0,227.0,L,1.0,1.0,normal,other,train,psp_005714_1875_red-0099,[],2165cff23468e3eebbdfd03d570e814065ab5e1cf5c9fae68008fb94d9fa70ff,2a1222e9485dc010a7d5077bb069321521ac9d8cf8496c0ab7d96362c0d43207,f7a2dd9844aa3155,170.5207358962914,14.389688367653704,8b98ea3e3225507c,[],0.0,psp_005714_1875,['train'],1.0,Counter({'train': 1}),test,0cb3db91c13603eb,True,hirise_clean,0,C:\Users\deves\OneDrive\Desktop\Projects\TCMD-SS\data\raw\hirise_v3_2\map-proj-v3_2\PSP_005714_1875_RED-0099.jpg
map-proj-v3_2/PSP_005714_1875_RED-0100.jpg,ok,,JPEG,227.0,227.0,L,1.0,1.0,normal,other,train,psp_005714_1875_red-0100,[],0ac7925c05d8882ddebdb177dc1794ef9b401a3ad35c25a7b38db912dd09b204,084ee42317a611060f0f4710f2b35b4c3ae3caa087fb6049a7a47bd6ab3640a1,a54999b3342d63ba,192.71575229482428,13.968346530793433,8f58d32ad3dd8057,[],0.0,psp_005714_1875,['train'],1.0,Counter({'train': 1}),test,0cb3db91c13603eb,True,hirise_clean,0,C:\Users\deves\OneDrive\Desktop\Projects\TCMD-SS\data\raw\hirise_v3_2\map-proj-v3_2\PSP_005714_1875_RED-0100.jpg
map-proj-v3_2/PSP_005714_1875_RED-0102.jpg,ok,,JPEG,227.0,227.0,L,1.0,1.0,normal,other,train,psp_005714_1875_red-0102,[],0ff5164b1a1c617127f6eff0d9903c501d42472831a593e7197e081263879163,8e6c90993e3aa47bd4f6f16f0036eef3e22cef0040572f390e2c26f2b250ea72,e376cc9661726cc1,181.9543557996468,16.36847121233508,8e5d12ac271d0cb4,[],0.0,psp_005714_1875,['train'],1.0,Counter({'train': 1}),test,0cb3db91c13603eb,True,hirise_clean,0,C:\Users\deves\OneDrive\Desktop\Projects\TCMD-SS\data\raw\hirise_v3_2\map-proj-v3_2\PSP_005714_1875_RED-0102.jpg
map-proj-v3_2/PSP_006766_1850_RED-0000.jpg,ok,,JPEG,227.0,227.0,L,1.0,1.0,normal,other,train,psp_006766_1850_red-0000,[],4c339da52819cccabd2129f880b982454ec00683abfd031f8b049bf364aea6b0,98c974218da4f319890ec9d38d94fe56d35203b0684b848b2eeb2f8bc692f5b8,e4991ea663875eb0,86.84059461662365,31.15350561013563,7629bc987050a6b2,[],0.0,psp_006766_1850,['train'],1.0,Counter({'train': 1}),test,ad1e3cd913b8aecb,True,hirise_clean,0,C:\Users\deves\OneDrive\Desktop\Projects\TCMD-SS\data\raw\hirise_v3_2\map-proj-v3_2\PSP_006766_1850_RED-0000.jpg
map-proj-v3_2/PSP_006766_1850_RED-0003.jpg,ok,,JPEG,227.0,227.0,L,1.0,1.0,normal,other,train,psp_006766_1850_red-0003,[],6896d395166005b2449146695004fbb0db623748859c1de5dd777dca30d2a706,2dfd105d61482ed5f0299925fa5f7d2604257feaaee1518201c10ec7307dc847,e69733a64e692946,83.29187447844903,16.819299150718717,dc81c76e38d13b45,[],0.0,psp_006766_1850,['train'],1.0,Counter({'train': 1}),test,ad1e3cd913b8aecb,True,hirise_clean,0,C:\Users\deves\OneDrive\Desktop\Projects\TCMD-SS\data\raw\hirise_v3_2\map-proj-v3_2\PSP_006766_1850_RED-0003.jpg
map-proj-v3_2/PSP_006766_1850_RED-0007.jpg,ok,,JPEG,227.0,227.0,L,1.0,1.0,normal,other,train,psp_006766_1850_red-0007,[],90c551c9f0d8ec087262bf9a6ded3825866b1a79a0ff919eb45f8bda17bfe9db,e5512f3ffb3c06a890368ba74fd395cc4bd281d95e45fcfd55106b187161eb05,a359ea907d1249ed,96.93328028876942,17.76310363306186,a0f1cd0f46888dc3,[],0.0,psp_006766_1850,['train'],1.0,Counter({'train': 1}),test,ad1e3cd913b8aecb,True,hirise_clean,0,C:\Users\deves\OneDrive\Desktop\Projects\TCMD-SS\data\raw\hirise_v3_2\map-proj-v3_2\PSP_006766_1850_RED-0007.jpg
map-proj-v3_2/PSP_006766_1850_RED-0009.jpg,ok,,JPEG,227.0,227.0,L,1.0,1.0,normal,other,train,psp_006766_1850_red-0009,[],02da6bd3d7fb422af3d2e5be3351d6b81661a6db22ac817752e513d3b0eb5571,3d025c1ba2e89e3913cddee06af001b8562fe3f16c087251539232f0c00dfef4,80dd9f729e642cc9,82.79778377224476,28.19522191886186,054bfa08db0e4377,[],0.0,psp_006766_1850,['train'],1.0,Counter({'train': 1}),test,ad1e3cd913b8aecb,True,hirise_clean,0,C:\Users\deves\OneDrive\Desktop\Projects\TCMD-SS\data\raw\hirise_v3_2\map-proj-v3_2\PSP_006766_1850_RED-0009.jpg
map-proj-v3_2/PSP_006766_1850_RED-0012.jpg,ok,,JPEG,227.0,227.0,L,1.0,1.0,normal,other,train,psp_006766_1850_red-0012,[],c1b53aab33067a77895825877423f5aaf0849cf5e6d75cc9a9b452c4529947b5,fc82a3047579c7b621981feb708f2475f1b9fe300ae1f1e387083c4f75b98998,cc33316cd1d2ee89,98.44244988259038,16.01419298179625,dad2f7aacd29d6a9,[],0.0,psp_006766_1850,['train'],1.0,Counter({'train': 1}),test,ad1e3cd913b8aecb,True,hirise_clean,0,C:\Users\deves\OneDrive\Desktop\Projects\TCMD-SS\data\raw\hirise_v3_2\map-proj-v3_2\PSP_006766_1850_RED-0012.jpg
map-proj-v3_2/PSP_006766_1850_RED-0013.jpg,ok,,JPEG,227.0,227.0,L,1.0,1.0,normal,other,train,psp_006766_1850_red-0013,[],f688bdf11b6508e28d9debb3e3a4d4a2275b8aa6884a815d3c786838ce53cec9,0c00f179cc6e660f9191e5e54d1581c8c376188bbad2fa0ea00613be2f99669c,f1ce06f149ce7232,84.42903995808186,19.03646554910134,3bfb478730ad9c3d,[],0.0,psp_006766_1850,['train'],1.0,Counter({'train': 1}),test,ad1e3cd913b8aecb,True,hirise_clean,0,C:\Users\deves\OneDrive\Desktop\Projects\TCMD-SS\data\raw\hirise_v3_2\map-proj-v3_2\PSP_006766_1850_RED-0013.jpg
map-proj-v3_2/PSP_006766_1850_RED-0014.jpg,ok,,JPEG,227.0,227.0,L,1.0,1.0,normal,other,train,psp_006766_1850_red-0014,[],5210010ab2f6af80ce8e4418845aae22834e80b4791a550f051eaef08ccf83de,bee52d4125ff5923f21324ec489d562cb9f37104b94300b14a48a38811564a59,b8e70431f306ccf9,69.06460439752372,17.338466064783393,1aa14374c6a45878,[],0.0,psp_006766_1850,['train'],1.0,Counter({'train': 1}),test,ad1e3cd913b8aecb,True,hirise_clean,0,C:\Users\deves\OneDrive\Desktop\Projects\TCMD-SS\data\raw\hirise_v3_2\map-proj-v3_2\PSP_006766_1850_RED-0014.jpg
map-proj-v3_2/PSP_006766_1850_RED-0018.jpg,ok,,JPEG,227.0,227.0,L,1.0,1.0,normal,other,train,psp_006766_1850_red-0018,[],3a7a113eac38f2a816693aeee2d9809bee9fbfad9805bcbf817dc8092ca56f9a,c51c3c55a68882a4d903955c66da665ca3422706508632e08af57af022102564,c1a7bc9972676384,94.31494886374662,16.563812034091235,41753617c1d14f5e,[],0.0,psp_006766_1850,['train'],1.0,Counter({'train': 1}),test,ad1e3cd913b8aecb,True,hirise_clean,0,C:\Users\deves\OneDrive\Desktop\Projects\TCMD-SS\data\raw\hirise_v3_2\map-proj-v3_2\PSP_006766_1850_RED-0018.jpg
map-proj-v3_2/PSP_006766_1850_RED-0020.jpg,ok,,JPEG,227.0,227.0,L,1.0,1.0,normal,other,train,psp_006766_1850_red-0020,[],27975a8710f0e901a0937cc007233150bf8d3e5587d8dcd56347827473d25080,bcca82b562b6230088b05b85070115aac3ce8d8c972b8c22ff8298e0c4777aec,8bda3665499fb620,95.20607813076133,16.036633197366726,5f943d41e8ddd4a0,[],0.0,psp_006766_1850,['train'],1.0,Counter({'train': 1}),test,ad1e3cd913b8aecb,True,hirise_clean,0,C:\Users\deves\OneDrive\Desktop\Projects\TCMD-SS\data\raw\hirise_v3_2\map-proj-v3_2\PSP_006766_1850_RED-0020.jpg
map-proj-v3_2/PSP_006766_1850_RED-0021.jpg,ok,,JPEG,227.0,227.0,L,1.0,1.0,normal,other,train,psp_006766_1850_red-0021,[],d32dfdc47c1990cf3c9d07071cd475a2b84876b2eac73cd67c8216726cbfc1e1,6efb3d6bc86523f4f720d510bc1975e93000b4e37f39966ab3aa3a1804e0a2f2,d19e34cf4b11346b,94.34751305090336,17.03103874150811,ac975fc520029dab,[],0.0,psp_006766_1850,['train'],1.0,Counter({'train': 1}),test,ad1e3cd913b8aecb,True,hirise_clean,0,C:\Users\deves\OneDrive\Desktop\Projects\TCMD-SS\data\raw\hirise_v3_2\map-proj-v3_2\PSP_006766_1850_RED-0021.jpg
map-proj-v3_2/PSP_006766_1850_RED-0028.jpg,ok,,JPEG,227.0,227.0,L,1.0,1.0,normal,other,train,psp_006766_1850_red-0028,[],5cebbe01a85c9968884ce13363fb354eb95339db525dbde9749ed621b2446a5e,deb3005bef436166ea51fa44321fde661b95019ece0998cbed48e66eaccefc4a,c494396a4617bb6e,92.63808729065188,16.06436437307034,eee33b188b889a73,[],0.0,psp_006766_1850,['train'],1.0,Counter({'train': 1}),test,ad1e3cd913b8aecb,True,hirise_clean,0,C:\Users\deves\OneDrive\Desktop\Projects\TCMD-SS\data\raw\hirise_v3_2\map-proj-v3_2\PSP_006766_1850_RED-0028.jpg
map-proj-v3_2/PSP_006766_1850_RED-0029.jpg,ok,,JPEG,227.0,227.0,L,1.0,1.0,normal,other,train,psp_006766_1850_red-0029,[],a2b7ace7e2940cb12e40e4f64f5395c6098310bbe40a402a483496675cc3e6bb,d3af012faa1f1e0be20418f316c888dda6e5904514ed7f5096beaf5fb4dd56eb,cc853a07e5d99a72,109.28657649090805,20.630845886540683,5599a69de4917093,[],0.0,psp_006766_1850,['train'],1.0,Counter({'train': 1}),test,ad1e3cd913b8aecb,True,hirise_clean,0,C:\Users\deves\OneDrive\Desktop\Projects\TCMD-SS\data\raw\hirise_v3_2\map-proj-v3_2\PSP_006766_1850_RED-0029.jpg
map-proj-v3_2/PSP_006766_1850_RED-0030.jpg,ok,,JPEG,227.0,227.0,L,1.0,1.0,normal,crater,train,psp_006766_1850_red-0030,[],7af13ade7a1fe47baabaa81cadfeb686ea69222f5b4d30f8c315f1df6b15543f,84231392e23ed56d0f0717f2a26fe293714d23a2ead0ef75c02ea8677ef78ef8,c39d3c24738e8cb9,98.65743561877778,20.33278848359311,ceb372959c05773b,[],1.0,psp_006766_1850,['train'],1.0,Counter({'train': 1}),test,ad1e3cd913b8aecb,True,hirise_clean,0,C:\Users\deves\OneDrive\Desktop\Projects\TCMD-SS\data\raw\hirise_v3_2\map-proj-v3_2\PSP_006766_1850_RED-0030.jpg
map-proj-v3_2/PSP_006766_1850_RED-0037.jpg,ok,,JPEG,227.0,227.0,L,1.0,1.0,normal,crater,train,psp_006766_1850_red-0037,[],06aa7d85966895c2f30b6833ff82c1be68b341aae79febbcfa9ff0d7b4b87d2d,2ffa3828849b8703568ee04c2b7857da26d27ae0da409e2fb935b8baa3b777a0,d24b996c65d99706,104.93036930660404,62.140194370711605,42723c2a3a08d9c8,[],1.0,psp_006766_1850,['train'],1.0,Counter({'train': 1}),test,ad1e3cd913b8aecb,True,hirise_clean,0,C:\Users\deves\OneDrive\Desktop\Projects\TCMD-SS\data\raw\hirise_v3_2\map-proj-v3_2\PSP_006766_1850_RED-0037.jpg
map-proj-v3_2/PSP_006766_1850_RED-0039.jpg,ok,,JPEG,227.0,227.0,L,1.0,1.0,normal,crater,train,psp_006766_1850_red-0039,[],05e96fabb0e79590561d0a5b45ad1b2877bfa723be81d6d3e5d256f7985aab09,3c0ea0c7d66297590390ab57da2c1a9a67e584cf6f16ee92d6e167874435baa1,c3103ce3f9cc8c3b,80.74257214384133,17.855084887691802,c44e97a0fd2fa60d,[],1.0,psp_006766_1850,['train'],1.0,Counter({'train': 1}),test,ad1e3cd913b8aecb,True,hirise_clean,0,C:\Users\deves\OneDrive\Desktop\Projects\TCMD-SS\data\raw\hirise_v3_2\map-proj-v3_2\PSP_006766_1850_RED-0039.jpg
map-proj-v3_2/PSP_006766_1850_RED-0045.jpg,ok,,JPEG,227.0,227.0,L,1.0,1.0,normal,crater,train,psp_006766_1850_red-0045,[],121073276a50e2a669787e171c33a1732bca1f5fc2218f7d6b610a18e4d9fc0f,0cd2e08ab629a933bd50ca1688ea632dcd7987f1d8c90762d06c0e3e5e07cbc4,b689993666d9d831,108.40383085252964,15.830966163861865,b45cb010e4001613,[],1.0,psp_006766_1850,['train'],1.0,Counter({'train': 1}),test,ad1e3cd913b8aecb,True,hirise_clean,0,C:\Users\deves\OneDrive\Desktop\Projects\TCMD-SS\data\raw\hirise_v3_2\map-proj-v3_2\PSP_006766_1850_RED-0045.jpg
map-proj-v3_2/PSP_006766_1850_RED-0048.jpg,ok,,JPEG,227.0,227.0,L,1.0,1.0,normal,crater,train,psp_006766_1850_red-0048,[],b32208597e5d70e952f5a4e1f8a54f90742a0b95c172c10f73011b2933a2985b,2d172f0507c7df17597fc28330d28bcbfb6524033055ff1c6f85a69fe2b96c7f,a654393cef588cd2,87.3007820838751,15.315847809803126,29fbc383bec901bf,[],1.0,psp_006766_1850,['train'],1.0,Counter({'train': 1}),test,ad1e3cd913b8aecb,True,hirise_clean,0,C:\Users\deves\OneDrive\Desktop\Projects\TCMD-SS\data\raw\hirise_v3_2\map-proj-v3_2\PSP_006766_1850_RED-0048.jpg
map-proj-v3_2/PSP_006766_1850_RED-0050.jpg,ok,,JPEG,227.0,227.0,L,1.0,1.0,normal,other,train,psp_006766_1850_red-0050,[],86398f281a2f517f2376398654ebeeb248f15762d63fb276e421f5ab095cf707,96d1f88ed356cf87b3580078ca4b63617adcd9ffeeddd1c3479d23e632c5917e,cce333594c2633b9,104.00572493159191,31.63636606636083,bc20904c00d422eb,[],0.0,psp_006766_1850,['train'],1.0,Counter({'train': 1}),test,ad1e3cd913b8aecb,True,hirise_clean,0,C:\Users\deves\OneDrive\Desktop\Projects\TCMD-SS\data\raw\hirise_v3_2\map-proj-v3_2\PSP_006766_1850_RED-0050.jpg
map-proj-v3_2/PSP_006766_1850_RED-0051.jpg,ok,,JPEG,227.0,227.0,L,1.0,1.0,normal,other,train,psp_006766_1850_red-0051,[],80046cdee64928ce6694cb30ad990ceb067a1eaad2b86abd9e28affd195dc324,f60eb6001016db3aee8ae40fed4907ffbca6cd80e72b64021ec052d76b1e587f,cccc333364e4999b,109.1262784063343,26.142500391825457,fbe6015e7f905d2f,[],0.0,psp_006766_1850,['train'],1.0,Counter({'train': 1}),test,ad1e3cd913b8aecb,True,hirise_clean,0,C:\Users\deves\OneDrive\Desktop\Projects\TCMD-SS\data\raw\hirise_v3_2\map-proj-v3_2\PSP_006766_1850_RED-0051.jpg
map-proj-v3_2/PSP_006766_1850_RED-0053.jpg,ok,,JPEG,227.0,227.0,L,1.0,1.0,normal,other,train,psp_006766_1850_red-0053,[],0ccb05e276feb8106b9c808e4a1300f4b0dbecd7225355c729620361214820ab,e2c2626aa4a5be1e283c5b96952461476817c8b52760f4fbd275cec11be97e66,c6b49967669c1933,113.8253022569815,25.892977804363746,50315f70ba351623,[],0.0,psp_006766_1850,['train'],1.0,Counter({'train': 1}),test,ad1e3cd913b8aecb,True,hirise_clean,0,C:\Users\deves\OneDrive\Desktop\Projects\TCMD-SS\data\raw\hirise_v3_2\map-proj-v3_2\PSP_006766_1850_RED-0053.jpg
map-proj-v3_2/PSP_006766_1850_RED-0055.jpg,ok,,JPEG,227.0,227.0,L,1.0,1.0,normal,other,train,psp_006766_1850_red-0055,[],abf96814e69dd3f69bb947ce3d74b014e907f2d2d65ee90656e31a9ac4c2d4eb,fd3745b4215fe8df085c23aaa6449c42925571912ef5240bdecfff8562f84e06,ccb5b3c44c9b3364,114.570552504415,27.312098100304425,aa723db16a3d3774,[],0.0,psp_006766_1850,['train'],1.0,Counter({'train': 1}),test,ad1e3cd913b8aecb,True,hirise_clean,0,C:\Users\deves\OneDrive\Desktop\Projects\TCMD-SS\data\raw\hirise_v3_2\map-proj-v3_2\PSP_006766_1850_RED-0055.jpg
map-proj-v3_2/PSP_006766_1850_RED-0059.jpg,ok,,JPEG,227.0,227.0,L,1.0,1.0,normal,other,train,psp_006766_1850_red-0059,[],66f059d3cdd9c7faa704db88782799d10e01fda57e0b6b8db70b1a0c396c1256,ba4fdb19d64e02dc295112b5567f677f4844df66844df63d5d516c784097d219,d45a8f1768c34b3c,95.68652603388384,45.593727767124285,0b3b798940d84f50,[],0.0,psp_006766_1850,['train'],1.0,Counter({'train': 1}),test,ad1e3cd913b8aecb,True,hirise_clean,0,C:\Users\deves\OneDrive\Desktop\Projects\TCMD-SS\data\raw\hirise_v3_2\map-proj-v3_2\PSP_006766_1850_RED-0059.jpg
map-proj-v3_2/PSP_006766_1850_RED-0068.jpg,ok,,JPEG,227.0,227.0,L,1.0,1.0,normal,other,train,psp_006766_1850_red-0068,[],f5a8b1e78d399101e58189e729e552e8771508b9d575a91ebcda4a404478cf71,71c4c5a638e03aceec941ad4748db3a06a5597a2e19b8f88e9ec92a3dfbc5cf7,c4b333eccc939364,131.37324613324537,14.258972393563852,c18c78a4c01df2cb,[],0.0,psp_006766_1850,['train'],1.0,Counter({'train': 1}),test,ad1e3cd913b8aecb,True,hirise_clean,0,C:\Users\deves\OneDrive\Desktop\Projects\TCMD-SS\data\raw\hirise_v3_2\map-proj-v3_2\PSP_006766_1850_RED-0068.jpg
map-proj-v3_2/PSP_006766_1850_RED-0071.jpg,ok,,JPEG,227.0,227.0,L,1.0,1.0,normal,other,train,psp_006766_1850_red-0071,[],3d8ca70591a9f0e281f07212a361dc12a9cded611fc6b894e860479ecc61f9ec,9c4edf0fc7332ab11a4d1bf84bf0dc78158c696c5331f5df436b6ec7815a817a,ed8b9ab436e94312,112.05620136233964,16.585773347132648,53c5423cb3ac9d9a,[],0.0,psp_006766_1850,['train'],1.0,Counter({'train': 1}),test,ad1e3cd913b8aecb,True,hirise_clean,0,C:\Users\deves\OneDrive\Desktop\Projects\TCMD-SS\data\raw\hirise_v3_2\map-proj-v3_2\PSP_006766_1850_RED-0071.jpg
map-proj-v3_2/PSP_006766_1850_RED-0072.jpg,ok,,JPEG,227.0,227.0,L,1.0,1.0,normal,other,train,psp_006766_1850_red-0072,[],df9097a97ed7ef27effa756affb57d4e131e667ca329d18b40b2a073b0c4b1c1,b31f6275c3c089c3eac57f59012904c1c4f2e13f410921d8b2ed5f3555677888,cc33339ddb4270b4,118.81495856702053,13.04337117177557,1e2d07b5db7b9287,[],0.0,psp_006766_1850,['train'],1.0,Counter({'train': 1}),test,ad1e3cd913b8aecb,True,hirise_clean,0,C:\Users\deves\OneDrive\Desktop\Projects\TCMD-SS\data\raw\hirise_v3_2\map-proj-v3_2\PSP_006766_1850_RED-0072.jpg
map-proj-v3_2/PSP_006766_1850_RED-0073.jpg,ok,,JPEG,227.0,227.0,L,1.0,1.0,normal,other,train,psp_006766_1850_red-0073,[],42f8a33d207c1888d8d80d93328841b979be1c2dcc202f873598b6d9e0421051,a7dcb6eeee0d60929bee636eae135a5c65ed9c0ff8102737638e7d7391913e0d,d550b2ccdef30247,108.46676628694522,37.22151208808677,c6efcda1973cf482,[],0.0,psp_006766_1850,['train'],1.0,Counter({'train': 1}),test,ad1e3cd913b8aecb,True,hirise_clean,0,C:\Users\deves\OneDrive\Desktop\Projects\TCMD-SS\data\raw\hirise_v3_2\map-proj-v3_2\PSP_006766_1850_RED-0073.jpg
map-proj-v3_2/PSP_006766_1850_RED-0083.jpg,ok,,JPEG,227.0,227.0,L,1.0,1.0,normal,other,train,psp_006766_1850_red-0083,[],384ae80c74e1c1edbaa55f0cf07663c5bfff06ea6cf5b7dc16754576261fe580,a556fe8fa73920ed1e2a28ebdd1e15ef612e421e286ea0a67b8967ecca9766ae,a1ccca73de9242ec,141.63424479419356,22.3940172070308,dd43dc5794601c85,[],0.0,psp_006766_1850,['train'],1.0,Counter({'train': 1}),test,ad1e3cd913b8aecb,True,hirise_clean,0,C:\Users\deves\OneDrive\Desktop\Projects\TCMD-SS\data\raw\hirise_v3_2\map-proj-v3_2\PSP_006766_1850_RED-0083.jpg
map-proj-v3_2/PSP_006766_1850_RED-0085.jpg,ok,,JPEG,227.0,227.0,L,1.0,1.0,normal,other,train,psp_006766_1850_red-0085,[],f4058e9a93ab0c881c7c00ea81204e4c9ceddd427b7b774092fcc8a9c19d36f3,db0e1981db6e52a41d572f37042a1a7dbb35ae264036320d9a8828293cb62b91,dacb33626cc91336,100.62896621320031,59.30304933414285,be4e41a88acf9bbf,[],0.0,psp_006766_1850,['train'],1.0,Counter({'train': 1}),test,ad1e3cd913b8aecb,True,hirise_clean,0,C:\Users\deves\OneDrive\Desktop\Projects\TCMD-SS\data\raw\hirise_v3_2\map-proj-v3_2\PSP_006766_1850_RED-0085.jpg
map-proj-v3_2/PSP_006766_1850_RED-0090.jpg,ok,,JPEG,227.0,227.0,L,1.0,1.0,normal,other,train,psp_006766_1850_red-0090,[],35abd6d3071d997164fdba2598680345fcc8ae93c7a084b9a4560f9594c8cb7e,bb62258d371660f017d335623b471258db72acd45dfe6e4da5878db1f3606543,d555466622ced965,148.5160006986357,20.67683223333351,0a46a5e8456d4e70,[],0.0,psp_006766_1850,['train'],1.0,Counter({'train': 1}),test,ad1e3cd913b8aecb,True,hirise_clean,0,C:\Users\deves\OneDrive\Desktop\Projects\TCMD-SS\data\raw\hirise_v3_2\map-proj-v3_2\PSP_006766_1850_RED-0090.jpg
map-proj-v3_2/PSP_006766_1850_RED-0091.jpg,ok,,JPEG,227.0,227.0,L,1.0,1.0,normal,other,train,psp_006766_1850_red-0091,[],65c1450d6bceb8d706e91c49351fb5045e2d3d9dda7870845690fcafd327d4d7,691f676021f6246143e93da01451aeea29daed4f4dfbd9ab9dde8577e7e729d7,8bb7f080c0787eab,131.80092763298336,19.202889213233348,03980c59f4d25c6e,[],0.0,psp_006766_1850,['train'],1.0,Counter({'train': 1}),test,ad1e3cd913b8aecb,True,hirise_clean,0,C:\Users\deves\OneDrive\Desktop\Projects\TCMD-SS\data\raw\hirise_v3_2\map-proj-v3_2\PSP_006766_1850_RED-0091.jpg
map-proj-v3_2/PSP_006766_1850_RED-0093.jpg,ok,,JPEG,227.0,227.0,L,1.0,1.0,normal,other,train,psp_006766_1850_red-0093,[],dbc893b3b2cf5f399d705c8f2d75df74ab0521e739565a3df622a5bd5d06c421,39dd409dc684c3e0e2ed398cb0e1e173d4c73df50e2c17b7f1f9b4c19fdfe11a,e56a3bdb26cd4601,131.8860641580469,22.742258251162102,d97fd21e0b8bb707,[],0.0,psp_006766_1850,['train'],1.0,Counter({'train': 1}),test,ad1e3cd913b8aecb,True,hirise_clean,0,C:\Users\deves\OneDrive\Desktop\Projects\TCMD-SS\data\raw\hirise_v3_2\map-proj-v3_2\PSP_006766_1850_RED-0093.jpg
map-proj-v3_2/PSP_006766_1850_RED-0094.jpg,ok,,JPEG,227.0,227.0,L,1.0,1.0,normal,other,train,psp_006766_1850_red-0094,[],bc8c8201f8aea83b10888e38da2dd131a8ecf97bdfd9212646e44a1f753f79c9,7621207c7a657ef0c0eaf1eb29e55a6d213e277df306680648c45d3063a6a52a,a890e38edcf92566,125.6026897475208,18.99559822153949,88a986f3c6b6aed7,[],0.0,psp_006766_1850,['train'],1.0,Counter({'train': 1}),test,ad1e3cd913b8aecb,True,hirise_clean,0,C:\Users\deves\OneDrive\Desktop\Projects\TCMD-SS\data\raw\hirise_v3_2\map-proj-v3_2\PSP_006766_1850_RED-0094.jpg
map-proj-v3_2/PSP_006766_1850_RED-0101.jpg,ok,,JPEG,227.0,227.0,L,1.0,1.0,normal,other,train,psp_006766_1850_red-0101,[],866b872da1e6fff5bd8b802fec51b9980fe4345604a0c6988011e9e4dc1e97fe,ab7ca80c75ff0c66563c1a06155462ca5313ad1cc7cff5e0d7973fcde29a9963,ca89315266a7bb5a,145.77205068990278,17.415268967982808,3e5859dcc22e00d5,[],0.0,psp_006766_1850,['train'],1.0,Counter({'train': 1}),test,ad1e3cd913b8aecb,True,hirise_clean,0,C:\Users\deves\OneDrive\Desktop\Projects\TCMD-SS\data\raw\hirise_v3_2\map-proj-v3_2\PSP_006766_1850_RED-0101.jpg
map-proj-v3_2/PSP_006766_1850_RED-0102.jpg,ok,,JPEG,227.0,227.0,L,1.0,1.0,normal,other,train,psp_006766_1850_red-0102,[],7a5a6e444af5a0cfae1c372a594b833550193c85fd197cec9b568d43bc595985,1c907f8a6019f3fa98ebcf52daa0c89750fa764828e4a768700534fa4d8ad22d,be58916f97a48991,97.85551825185816,15.35146113028144,6cce87a0f10929ee,[],0.0,psp_006766_1850,['train'],1.0,Counter({'train': 1}),test,ad1e3cd913b8aecb,True,hirise_clean,0,C:\Users\deves\OneDrive\Desktop\Projects\TCMD-SS\data\raw\hirise_v3_2\map-proj-v3_2\PSP_006766_1850_RED-0102.jpg
map-proj-v3_2/PSP_006766_1850_RED-0103.jpg,ok,,JPEG,227.0,227.0,L,1.0,1.0,normal,other,train,psp_006766_1850_red-0103,[],d53bf3af1d9e8d88511c29812fc149f042a071a2a406b1cbee40be5663eee06c,ab38ff7d92023ad710868ff6f8c8cfaf5c83fae2d0122def42af6bc70c9c3757,e723181c7f63f1c0,91.08416619767507,49.51759444072184,fac85a2d3845119e,[],0.0,psp_006766_1850,['train'],1.0,Counter({'train': 1}),test,ad1e3cd913b8aecb,True,hirise_clean,0,C:\Users\deves\OneDrive\Desktop\Projects\TCMD-SS\data\raw\hirise_v3_2\map-proj-v3_2\PSP_006766_1850_RED-0103.jpg
map-proj-v3_2/PSP_009733_2795_RED-0002.jpg,ok,,JPEG,227.0,227.0,L,1.0,1.0,normal,dark dune,test,psp_009733_2795_red-0002,[],9b8b609008b53c2b5bb41b3ea1bb0fefadfdbb1822b389c0178a55ac7eca7594,968e8b0ff90c2c0d481c02f551962b7cfbff1aaba50c02909353d4c0005ec06a,b9c1770dc91f4370,91.47776979953036,21.06509208314488,26233f4e5d6fe0ad,[],2.0,psp_009733_2795,['test'],1.0,Counter({'test': 1}),test,e96fc5eb0b471059,True,hirise_clean,0,C:\Users\deves\OneDrive\Desktop\Projects\TCMD-SS\data\raw\hirise_v3_2\map-proj-v3_2\PSP_009733_2795_RED-0002.jpg
map-proj-v3_2/PSP_009733_2795_RED-0010.jpg,ok,,JPEG,227.0,227.0,L,1.0,1.0,normal,dark dune,test,psp_009733_2795_red-0010,[],1dcc3edfe2f193995ca7198ef285973feaf2f7dba6fab1d7a68f0f3a6c6dffc6,385f186b968f3408833388b2ab2f78c657f197c6f758fcff4ab5aaa2d5935735,80e07cafacb4b7c2,74.90861456655476,38.81941242167522,eac7a7391ea03469,[],2.0,psp_009733_2795,['test'],1.0,Counter({'test': 1}),test,e96fc5eb0b471059,True,hirise_clean,0,C:\Users\deves\OneDrive\Desktop\Projects\TCMD-SS\data\raw\hirise_v3_2\map-proj-v3_2\PSP_009733_2795_RED-0010.jpg
map-proj-v3_2/PSP_010492_1510_RED-0007.jpg,ok,,JPEG,227.0,227.0,L,1.0,1.0,normal,other,train,psp_010492_1510_red-0007,[],1c7d50edcf1bb1449bcf4f73c16918c1964c80b2db55f816d583acb993ef560d,73697bc7da941a68a72929dd53018bb42bac813d2ba1dac42fd198edef1291ed,bfbc60c08060dfb7,56.01734945370568,39.74893517094097,dae4a076a9b3fa43,[],0.0,psp_010492_1510,['train'],1.0,Counter({'train': 1}),test,27d9993b997f73b4,True,hirise_clean,0,C:\Users\deves\OneDrive\Desktop\Projects\TCMD-SS\data\raw\hirise_v3_2\map-proj-v3_2\PSP_010492_1510_RED-0007.jpg
map-proj-v3_2/PSP_010492_1510_RED-0009.jpg,ok,,JPEG,227.0,227.0,L,1.0,1.0,normal,crater,train,psp_010492_1510_red-0009,[],0141fe7185552196cfaece415e2e85a06231885ece6fa81386469e6ee98b6802,a15f901432f432a0fb1dc5e441808230a897ec8ee0da21aff3c7f87711d0973b,8e95b1e58f3c21ca,90.6673717712356,18.03279347404006,92c6e4dfc0ff51bf,[],1.0,psp_010492_1510,['train'],1.0,Counter({'train': 1}),test,27d9993b997f73b4,True,hirise_clean,0,C:\Users\deves\OneDrive\Desktop\Projects\TCMD-SS\data\raw\hirise_v3_2\map-proj-v3_2\PSP_010492_1510_RED-0009.jpg
map-proj-v3_2/PSP_010492_1510_RED-0013.jpg,ok,,JPEG,227.0,227.0,L,1.0,1.0,normal,other,train,psp_010492_1510_red-0013,[],e1a8320d4b31952dc5730f412c78daca8801ca770bcdd432d05eb56a607f3c17,438b82b4104643a4739c4f7d76c724470e6d677256658583e73d83c59190cece,808028ff78d3b6ed,82.84404898212657,21.673713680174465,e6812dc53b37f0c9,[],0.0,psp_010492_1510,['train'],1.0,Counter({'train': 1}),test,27d9993b997f73b4,True,hirise_clean,0,C:\Users\deves\OneDrive\Desktop\Projects\TCMD-SS\data\raw\hirise_v3_2\map-proj-v3_2\PSP_010492_1510_RED-0013.jpg
map-proj-v3_2/PSP_010492_1510_RED-0017.jpg,ok,,JPEG,227.0,227.0,L,1.0,1.0,normal,other,train,psp_010492_1510_red-0017,[],feab3592b6b56f34197499758f953e3e837eb6389e9c98f6bc0a75492e486a6a,c0d78f2a86449e47f4b1077311a300aa3b1527e2c083982fac6d38109d84bcd9,bbba42d8604fb0c7,90.40018242154903,18.62790363019179,0431a8e5b21ecc3d,[],0.0,psp_010492_1510,['train'],1.0,Counter({'train': 1}),test,27d9993b997f73b4,True,hirise_clean,0,C:\Users\deves\OneDrive\Desktop\Projects\TCMD-SS\data\raw\hirise_v3_2\map-proj-v3_2\PSP_010492_1510_RED-0017.jpg
map-proj-v3_2/PSP_010492_1510_RED-0022.jpg,ok,,JPEG,227.0,227.0,L,1.0,1.0,normal,other,train,psp_010492_1510_red-0022,[],a32c8b253617457afe6f1ec4d6c09630c299dbebd2522b05ebcae38b33562b62,0b3cab5bfa655028e4f4791ae6a74adde1c46fc05d6fe9ac2b855a40c907b2ae,8cc6b3c65b5d5065,57.97001688369656,45.09233513626679,970c64aec798b2c8,[],0.0,psp_010492_1510,['train'],1.0,Counter({'train': 1}),test,27d9993b997f73b4,True,hirise_clean,0,C:\Users\deves\OneDrive\Desktop\Projects\TCMD-SS\data\raw\hirise_v3_2\map-proj-v3_2\PSP_010492_1510_RED-0022.jpg
map-proj-v3_2/PSP_010492_1510_RED-0023.jpg,ok,,JPEG,227.0,227.0,L,1.0,1.0,normal,other,train,psp_010492_1510_red-0023,[],c701e3c440e0a3493c14940c0d8a1531aa80cde27ef727ef55a316e36493f551,247218b084bc82ff45892cf310d4f99d05e20807ab3d156983bf7f430b42f85f,9f83739d680a2f49,89.97820644685517,21.62900512271734,2480fd644ee2feb8,[],0.0,psp_010492_1510,['train'],1.0,Counter({'train': 1}),test,27d9993b997f73b4,True,hirise_clean,0,C:\Users\deves\OneDrive\Desktop\Projects\TCMD-SS\data\raw\hirise_v3_2\map-proj-v3_2\PSP_010492_1510_RED-0023.jpg
map-proj-v3_2/PSP_010492_1510_RED-0026.jpg,ok,,JPEG,227.0,227.0,L,1.0,1.0,normal,other,train,psp_010492_1510_red-0026,[],024363ba597fdd403449cca318e754d842aeddee4e89bc8e92ba0d8cd3d9566c,47cc2b629333e1660ee498f682c147c814c96954b462cfb29cc9502e503a069a,8e83a8e25e5555b5,69.44924217430962,47.71312366939152,4a35e52fb1ade2c8,[],0.0,psp_010492_1510,['train'],1.0,Counter({'train': 1}),test,27d9993b997f73b4,True,hirise_clean,0,C:\Users\deves\OneDrive\Desktop\Projects\TCMD-SS\data\raw\hirise_v3_2\map-proj-v3_2\PSP_010492_1510_RED-0026.jpg
map-proj-v3_2/PSP_010492_1510_RED-0055.jpg,ok,,JPEG,227.0,227.0,L,1.0,1.0,normal,other,train,psp_010492_1510_red-0055,[],400cf32f3328b2fcaf95a92b4426d64791df3d1285691406508a9ee88afdd72f,56c9985b745ce478d0583f9182b39d9f903f16de424e44464d35b25162312b00,84a70c70e6cdf9c6,88.30322730889402,17.782745274122867,f2fd7d45ebdeca06,[],0.0,psp_010492_1510,['train'],1.0,Counter({'train': 1}),test,27d9993b997f73b4,True,hirise_clean,0,C:\Users\deves\OneDrive\Desktop\Projects\TCMD-SS\data\raw\hirise_v3_2\map-proj-v3_2\PSP_010492_1510_RED-0055.jpg
map-proj-v3_2/PSP_010492_1510_RED-0064.jpg,ok,,JPEG,227.0,227.0,L,1.0,1.0,normal,other,train,psp_010492_1510_red-0064,[],131e4c6e256771d7d8d874e1c582a5f21875f14ed391fca70b4acd48d141aa97,3afe8e5cc23c281c3efdbf86fc6a70eb375fa4755166214743c4ae8197b2c8aa,8daa72900ff3332b,88.95295852820742,17.43168297714136,55adb8ee37a6f78b,[],0.0,psp_010492_1510,['train'],1.0,Counter({'train': 1}),test,27d9993b997f73b4,True,hirise_clean,0,C:\Users\deves\OneDrive\Desktop\Projects\TCMD-SS\data\raw\hirise_v3_2\map-proj-v3_2\PSP_010492_1510_RED-0064.jpg
map-proj-v3_2/PSP_010492_1510_RED-0067.jpg,ok,,JPEG,227.0,227.0,L,1.0,1.0,normal,other,train,psp_010492_1510_red-0067,[],6fd36a65849554ffa6cdd8b0822c939dc7707c3b9d3760dc71190680e5c08583,b7eecb7eabb822ae9c5255a2c845f545b99a7cbb13f359fdaf861b66b5249bdd,87e03827ccd8336f,71.42663354615847,40.690409479250405,1b216f032f3adc4a,[],0.0,psp_010492_1510,['train'],1.0,Counter({'train': 1}),test,27d9993b997f73b4,True,hirise_clean,0,C:\Users\deves\OneDrive\Desktop\Projects\TCMD-SS\data\raw\hirise_v3_2\map-proj-v3_2\PSP_010492_1510_RED-0067.jpg
map-proj-v3_2/PSP_010492_1510_RED-0074.jpg,ok,,JPEG,227.0,227.0,L,1.0,1.0,normal,other,train,psp_010492_1510_red-0074,[],a5e83d04e504b31b8d8198c1a76658a57c98ac2a579d665a758fd5d144cf46ff,6d0b4e3df054ba85133d9b90e8ca5a67e756b0a1572176e5d84356dc450e17a9,db067c75813b68d1,90.22193328028877,17.512865538583938,be43d837664ce2c6,[],0.0,psp_010492_1510,['train'],1.0,Counter({'train': 1}),test,27d9993b997f73b4,True,hirise_clean,0,C:\Users\deves\OneDrive\Desktop\Projects\TCMD-SS\data\raw\hirise_v3_2\map-proj-v3_2\PSP_010492_1510_RED-0074.jpg
map-proj-v3_2/PSP_010492_1510_RED-0081.jpg,ok,,JPEG,227.0,227.0,L,1.0,1.0,normal,other,train,psp_010492_1510_red-0081,[],a82ea00bf54299f96933e5f59ca7add5eb06795c27f65eeb40df6d83902419b8,05563166b01929862b19f59e2471f04d1508837db76412228bd392f9b5a628fb,8f10623f5386dcd5,86.63080983523841,16.458874069226248,d1a675281ada043a,[],0.0,psp_010492_1510,['train'],1.0,Counter({'train': 1}),test,27d9993b997f73b4,True,hirise_clean,0,C:\Users\deves\OneDrive\Desktop\Projects\TCMD-SS\data\raw\hirise_v3_2\map-proj-v3_2\PSP_010492_1510_RED-0081.jpg
map-proj-v3_2/PSP_010492_1510_RED-0082.jpg,ok,,JPEG,227.0,227.0,L,1.0,1.0,normal,other,train,psp_010492_1510_red-0082,[],014429e6fde3a9a87300ca237d8c3ef52aff175429ce0d726db496758664275d,65aac92c2d6e4ce44c2eb8ff0fda65acfc0e24238cb4ba1c1d942ad787045f36,81874c98038fbefe,95.06757359933242,17.19012089357704,d8fa1208a712054d,[],0.0,psp_010492_1510,['train'],1.0,Counter({'train': 1}),test,27d9993b997f73b4,True,hirise_clean,0,C:\Users\deves\OneDrive\Desktop\Projects\TCMD-SS\data\raw\hirise_v3_2\map-proj-v3_2\PSP_010492_1510_RED-0082.jpg
map-proj-v3_2/PSP_010492_1510_RED-0090.jpg,ok,,JPEG,227.0,227.0,L,1.0,1.0,normal,other,train,psp_010492_1510_red-0090,[],33b3eac0c520147f92823168df8bb3e6bf8c38993e32d1529fba80aa6f05594c,ed6b3ca02e958d92fed5aa9d02850514786c153f738ad5883c85af6e1ffa5e1d,c38b9a6acc993267,83.90475266354868,17.50437772269564,e36d0c567f800f4b,[],0.0,psp_010492_1510,['train'],1.0,Counter({'train': 1}),test,27d9993b997f73b4,True,hirise_clean,0,C:\Users\deves\OneDrive\Desktop\Projects\TCMD-SS\data\raw\hirise_v3_2\map-proj-v3_2\PSP_010492_1510_RED-0090.jpg
map-proj-v3_2/PSP_010492_1510_RED-0097.jpg,ok,,JPEG,227.0,227.0,L,1.0,1.0,normal,other,train,psp_010492_1510_red-0097,[],3db60d3fdc3fa36ac863f2c2293fbf62d2ecf081d3789b490acbd1fca8765938,9da27aad04b1108837c86e6ba863d1a7fe20e789099593e875d806a81ef22ca4,cdd9b3aafa505340,71.52508296299172,16.07115105457691,74df8015cd2a0e3f,[],0.0,psp_010492_1510,['train'],1.0,Counter({'train': 1}),test,27d9993b997f73b4,True,hirise_clean,0,C:\Users\deves\OneDrive\Desktop\Projects\TCMD-SS\data\raw\hirise_v3_2\map-proj-v3_2\PSP_010492_1510_RED-0097.jpg
map-proj-v3_2/PSP_010492_1510_RED-0102.jpg,ok,,JPEG,227.0,227.0,L,1.0,1.0,normal,other,train,psp_010492_1510_red-0102,[],e61c293c7ed069ede8a46251194b021932bc12e9ef471d3de2db73ef7a3e59fa,edb0088e0af194b7fe8a89095e6c591a12f8b5162e4c023615c224bc080d907d,ec4013648cfb70fe,67.07560791010887,16.62514644785151,f18572ac2df7e8a6,[],0.0,psp_010492_1510,['train'],1.0,Counter({'train': 1}),test,27d9993b997f73b4,True,hirise_clean,0,C:\Users\deves\OneDrive\Desktop\Projects\TCMD-SS\data\raw\hirise_v3_2\map-proj-v3_2\PSP_010492_1510_RED-0102.jpg
map-proj-v3_2/PSP_010492_1510_RED-0106.jpg,ok,,JPEG,227.0,227.0,L,1.0,1.0,normal,other,train,psp_010492_1510_red-0106,[],96993daa227d3448f669ab7fbbd1e1d06be735d4c1f5787c0ce32312e7772305,8e71f38c088224d4284900e176f8fd64009cac97454b302b296b4c1014db8607,e4b913f123cc99a3,87.16897281142657,16.44615689608491,a7008f38f7e65095,[],0.0,psp_010492_1510,['train'],1.0,Counter({'train': 1}),test,27d9993b997f73b4,True,hirise_clean,0,C:\Users\deves\OneDrive\Desktop\Projects\TCMD-SS\data\raw\hirise_v3_2\map-proj-v3_2\PSP_010492_1510_RED-0106.jpg
map-proj-v3_2/PSP_010492_1510_RED-0107.jpg,ok,,JPEG,227.0,227.0,L,1.0,1.0,normal,other,train,psp_010492_1510_red-0107,[],31a998eb76f3db454a653e43d7ab31b7fca56fe5b5cb9475570e84ae9fe9543d,36fbcc9d4cd1cf48b0ba1a4a64f21a8dddcd023fcf2d1fbcb000375c1cecdf84,87c3986c2c9b76c6,65.72836655087427,41.28227913292991,7806dec3492dccde,[],0.0,psp_010492_1510,['train'],1.0,Counter({'train': 1}),test,27d9993b997f73b4,True,hirise_clean,0,C:\Users\deves\OneDrive\Desktop\Projects\TCMD-SS\data\raw\hirise_v3_2\map-proj-v3_2\PSP_010492_1510_RED-0107.jpg
map-proj-v3_2/PSP_010492_1510_RED-0111.jpg,ok,,JPEG,227.0,227.0,L,1.0,1.0,normal,other,train,psp_010492_1510_red-0111,[],8633993a7004469314592bde1f9049d610e76a01f8ab8acae3e23d6d72f13792,1e1ef1b3d430e0f23c834418997843b579fb5e474d9855e09e7d710bf36f0c37,ec8c3121eed9f264,86.36971414155136,15.827317517982692,85617c37d8ff6303,[],0.0,psp_010492_1510,['train'],1.0,Counter({'train': 1}),test,27d9993b997f73b4,True,hirise_clean,0,C:\Users\deves\OneDrive\Desktop\Projects\TCMD-SS\data\raw\hirise_v3_2\map-proj-v3_2\PSP_010492_1510_RED-0111.jpg
map-proj-v3_2/PSP_010492_1510_RED-0120.jpg,ok,,JPEG,227.0,227.0,L,1.0,1.0,normal,other,train,psp_010492_1510_red-0120,[],3bae28f7359a8635a4c5fee115dbb441b09ddde5508760891e6663015df84196,93832a7268b003a803bc3253ff2d7892100ede04c1bf4c3ca4cd7e671e84109f,83e05cd1abbe9433,75.39822236022434,41.3225220104669,76991893e40e6687,[],0.0,psp_010492_1510,['train'],1.0,Counter({'train': 1}),test,27d9993b997f73b4,True,hirise_clean,0,C:\Users\deves\OneDrive\Desktop\Projects\TCMD-SS\data\raw\hirise_v3_2\map-proj-v3_2\PSP_010492_1510_RED-0120.jpg
map-proj-v3_2/PSP_010492_1510_RED-0121.jpg,ok,,JPEG,227.0,227.0,L,1.0,1.0,normal,other,train,psp_010492_1510_red-0121,[],0786d9fe665d956d5b0606cf051c3a4fb2ffdab1f7eb3e3ae292fe2ec78198cf,038fba0761d9a29e6e78322f52e01bb2daefc221de3c5c353764284f61fb8658,c8e4b3b3ccc49355,92.61615789167266,17.135635789585344,db9e0d459b38b03d,[],0.0,psp_010492_1510,['train'],1.0,Counter({'train': 1}),test,27d9993b997f73b4,True,hirise_clean,0,C:\Users\deves\OneDrive\Desktop\Projects\TCMD-SS\data\raw\hirise_v3_2\map-proj-v3_2\PSP_010492_1510_RED-0121.jpg
map-proj-v3_2/PSP_010492_1510_RED-0127.jpg,ok,,JPEG,227.0,227.0,L,1.0,1.0,normal,other,train,psp_010492_1510_red-0127,[],1e185c9eea3c869918b54159d8a617f765041ce67c19f921cb313536c09132a3,b48c6997969a45b8f5e2f4b9521940eed24eb38cc93dee130f54abcdef22d357,965ab1a66ce1c953,101.32938733528692,17.07374322102349,3194378db15adba2,[],0.0,psp_010492_1510,['train'],1.0,Counter({'train': 1}),test,27d9993b997f73b4,True,hirise_clean,0,C:\Users\deves\OneDrive\Desktop\Projects\TCMD-SS\data\raw\hirise_v3_2\map-proj-v3_2\PSP_010492_1510_RED-0127.jpg
map-proj-v3_2/PSP_010492_1510_RED-0130.jpg,ok,,JPEG,227.0,227.0,L,1.0,1.0,normal,other,train,psp_010492_1510_red-0130,[],7f878d4133d6ca70323bb3b2225e78cb0df25b466fb5d9c9cf904b43a0b437ac,8c7348056678c7e86f9208236a8d720ff4b34cd60fc7dfdd3d06fb205cfd579f,acd8b1a3c18337bc,100.42729336878264,15.66642949837717,9f2d8ecdb91471e8,[],0.0,psp_010492_1510,['train'],1.0,Counter({'train': 1}),test,27d9993b997f73b4,True,hirise_clean,0,C:\Users\deves\OneDrive\Desktop\Projects\TCMD-SS\data\raw\hirise_v3_2\map-proj-v3_2\PSP_010492_1510_RED-0130.jpg
map-proj-v3_2/PSP_010492_1510_RED-0134.jpg,ok,,JPEG,227.0,227.0,L,1.0,1.0,normal,other,train,psp_010492_1510_red-0134,[],1d897c315cf584f9c089167893525cafdf38d26612aae9fed40a2abbb9ab236f,37d9ca20d42e222599c1005d671f22f330e712750af05d72ae4643c456dadbdb,d48d1327ec6847dc,102.59884725106252,17.262169917672047,1613f05e1d3f90bc,[],0.0,psp_010492_1510,['train'],1.0,Counter({'train': 1}),test,27d9993b997f73b4,True,hirise_clean,0,C:\Users\deves\OneDrive\Desktop\Projects\TCMD-SS\data\raw\hirise_v3_2\map-proj-v3_2\PSP_010492_1510_RED-0134.jpg
map-proj-v3_2/PSP_010492_1510_RED-0135.jpg,ok,,JPEG,227.0,227.0,L,1.0,1.0,normal,other,train,psp_010492_1510_red-0135,[],0597a0ea6cff2c722dcad257fd53aedc404f59fd6c460dedb35aaf058e1d838a,4fa416422febe0d55cb1ccb5625dd5735b0b867118b94e285f92ec53c26c9017,8f8c5311ab66e569,100.53457276485086,16.80091814640486,f8a53b7bdf6a74d3,[],0.0,psp_010492_1510,['train'],1.0,Counter({'train': 1}),test,27d9993b997f73b4,True,hirise_clean,0,C:\Users\deves\OneDrive\Desktop\Projects\TCMD-SS\data\raw\hirise_v3_2\map-proj-v3_2\PSP_010492_1510_RED-0135.jpg
map-proj-v3_2/PSP_010492_1510_RED-0136.jpg,ok,,JPEG,227.0,227.0,L,1.0,1.0,normal,other,train,psp_010492_1510_red-0136,[],f520989d10c760cabfcc4d77359218fb422439bef770b2483da5dc56dcaab388,0ef4cbbce916be893ed296a7127e60ea72ee2bc7e63fd9dbadc084c05289b006,b6789943c68d71b1,103.58275922296184,15.350874547151127,5b85c64dfa2cc77b,[],0.0,psp_010492_1510,['train'],1.0,Counter({'train': 1}),test,27d9993b997f73b4,True,hirise_clean,0,C:\Users\deves\OneDrive\Desktop\Projects\TCMD-SS\data\raw\hirise_v3_2\map-proj-v3_2\PSP_010492_1510_RED-0136.jpg
map-proj-v3_2/PSP_010492_1510_RED-0139.jpg,ok,,JPEG,227.0,227.0,L,1.0,1.0,normal,other,train,psp_010492_1510_red-0139,[],b5ad88174d02592e5f233327422f9822c34fbb3caebfd3573e50894b189b2031,61dc47a9ec7a56b7297adb386164f5f7913f023a12f4b28d6ab43c0e9eb5a86e,8b9b3366ce587306,104.99976712142676,16.104378478391215,0cdfb91b318fc1eb,[],0.0,psp_010492_1510,['train'],1.0,Counter({'train': 1}),test,27d9993b997f73b4,True,hirise_clean,0,C:\Users\deves\OneDrive\Desktop\Projects\TCMD-SS\data\raw\hirise_v3_2\map-proj-v3_2\PSP_010492_1510_RED-0139.jpg
map-proj-v3_2/PSP_010492_1510_RED-0146.jpg,ok,,JPEG,227.0,227.0,L,1.0,1.0,normal,other,train,psp_010492_1510_red-0146,[],583a4dd343042c679eb7932467f4a7a82481a13463850b024cb8440a5e675394,094af2ebe0c7c82b2e8532ca7a53a716156982b0367f78bb4ea1c60a690c70a7,8e7832a66e7d8932,108.03231190203574,15.612514542801373,f52fe68b05fe2b7b,[],0.0,psp_010492_1510,['train'],1.0,Counter({'train': 1}),test,27d9993b997f73b4,True,hirise_clean,0,C:\Users\deves\OneDrive\Desktop\Projects\TCMD-SS\data\raw\hirise_v3_2\map-proj-v3_2\PSP_010492_1510_RED-0146.jpg
map-proj-v3_2/PSP_010492_1510_RED-0160.jpg,ok,,JPEG,227.0,227.0,L,1.0,1.0,normal,other,train,psp_010492_1510_red-0160,[],2f241b970a95b1134ff50214351f214c1f1c651d915964b947296c1aff590951,81da2248b2f03a2b78650e8c1d9c1df045f8e23b070992b12b14a7417516278d,e20dc9a52256d5d7,103.30767140833318,15.858148640105677,e31c031a682a1ceb,[],0.0,psp_010492_1510,['train'],1.0,Counter({'train': 1}),test,27d9993b997f73b4,True,hirise_clean,0,C:\Users\deves\OneDrive\Desktop\Projects\TCMD-SS\data\raw\hirise_v3_2\map-proj-v3_2\PSP_010492_1510_RED-0160.jpg
map-proj-v3_2/PSP_010492_1510_RED-0161.jpg,ok,,JPEG,227.0,227.0,L,1.0,1.0,normal,other,train,psp_010492_1510_red-0161,[],42b0a8e63a3a7b4c79bb8271c7aeba417da0ab1cc1954e190f9556a3c81f8e49,51de87b36f2bb51762cfbcd4167618ffdc805caa436aebdf49e1a7dc67f4eed2,e55453d3a668a4e9,106.13407983853752,18.24615288704404,205e8a57fd4b3a5c,[],0.0,psp_010492_1510,['train'],1.0,Counter({'train': 1}),test,27d9993b997f73b4,True,hirise_clean,0,C:\Users\deves\OneDrive\Desktop\Projects\TCMD-SS\data\raw\hirise_v3_2\map-proj-v3_2\PSP_010492_1510_RED-0161.jpg
map-proj-v3_2/PSP_010492_1510_RED-0162.jpg,ok,,JPEG,227.0,227.0,L,1.0,1.0,normal,other,train,psp_010492_1510_red-0162,[],b04ad4ff341b38f64b7de3446cd6d9ea702ddd6ce76e6ff8de83ca89d0cfe110,84baac99bc83a2486ae92caca0b7f42b7225b0cedb5d3ce81fc7355df6b60f28,ef04033e2c3b307f,102.08465136136932,32.810125753083,addebb4236b742fe,[],0.0,psp_010492_1510,['train'],1.0,Counter({'train': 1}),test,27d9993b997f73b4,True,hirise_clean,0,C:\Users\deves\OneDrive\Desktop\Projects\TCMD-SS\data\raw\hirise_v3_2\map-proj-v3_2\PSP_010492_1510_RED-0162.jpg
map-proj-v3_2/PSP_010492_1510_RED-0168.jpg,ok,,JPEG,227.0,227.0,L,1.0,1.0,normal,other,train,psp_010492_1510_red-0168,[],7842f407dba33b78559cd9216154b9bbba831c087ad65a0890314e83b7a8a0f9,b7a0d4cbd519d2288f60937498b661667f4685338e07830baa0b5f5d2ab73bb5,8c383323466f7cf2,85.58702866347106,39.18680662695945,aae43c8b878a0140,[],0.0,psp_010492_1510,['train'],1.0,Counter({'train': 1}),test,27d9993b997f73b4,True,hirise_clean,0,C:\Users\deves\OneDrive\Desktop\Projects\TCMD-SS\data\raw\hirise_v3_2\map-proj-v3_2\PSP_010492_1510_RED-0168.jpg
